participant,trial,decision,leftStimulus,rightStimulus,rt,accuracy
1,1,-1,16,10,95.608,-1
1,2,-1,16,3,0.831,-1
1,3,-1,10,8,2.524,-1
1,4,1,4,5,1.3219999999999992,1
1,5,1,1,10,0.8109999999999999,1
1,6,-1,6,3,2.213999999999998,1
1,7,-1,11,4,1.9029999999999987,-1
1,8,1,9,10,1.8129999999999988,1
1,9,-1,10,3,1.2120000000000033,-1
1,10,-1,13,11,2.6740000000000066,-1
1,11,1,2,14,1.5519999999999996,1
1,12,-1,15,14,0.931999999999995,-1
1,13,1,3,8,0.830999999999996,1
1,14,-1,11,6,1.0019999999999951,-1
1,15,-1,16,13,1.661999999999999,-1
1,16,-1,11,1,0.7710000000000008,-1
1,17,-1,15,11,1.6229999999999976,-1
1,18,1,9,12,0.9709999999999996,1
1,19,1,2,11,0.8710000000000004,1
1,20,1,3,13,0.6710000000000003,1
1,21,-1,13,8,1.0410000000000004,-1
1,22,1,7,12,1.532,1
1,23,-1,5,7,1.4019999999999992,-1
1,24,-1,15,6,1.1020000000000003,-1
1,25,1,2,15,0.7210000000000001,1
1,26,1,9,8,1.9830000000000003,1
1,27,-1,16,4,0.8820000000000014,-1
1,28,-1,9,3,2.343,-1
1,29,-1,7,1,0.8509999999999991,-1
1,30,1,2,16,0.6310000000000002,1
1,31,1,4,6,2.3939999999999984,-1
1,32,1,5,11,2.222999999999999,1
1,33,1,13,15,2.0529999999999973,1
1,34,1,5,12,2.6340000000000003,1
1,35,1,2,7,0.9720000000000012,1
1,36,-1,1,16,1.881999999999998,1
1,37,1,8,7,1.7820000000000036,-1
1,38,-1,9,2,1.392000000000003,-1
1,39,-1,4,3,1.1119999999999948,1
1,40,-1,15,8,1.202,-1
1,41,1,12,10,1.021,-1
1,42,-1,11,10,2.594000000000001,1
1,43,1,3,1,1.753,1
1,44,1,7,10,1.261999999999999,1
1,45,-1,12,13,1.8219999999999992,-1
1,46,-1,5,9,1.9130000000000005,1
1,47,1,1,9,1.110999999999997,1
1,48,-1,5,3,1.2019999999999982,-1
1,49,-1,7,6,1.6329999999999991,-1
1,50,1,6,8,1.4619999999999962,1
1,51,-1,15,4,2.022999999999996,-1
1,52,1,12,16,0.8310000000000031,-1
1,53,-1,13,4,1.7920000000000016,-1
1,54,1,1,8,1.391999999999996,1
1,55,-1,13,6,0.7610000000000028,-1
1,56,1,13,5,0.7509999999999977,-1
1,57,-1,12,4,1.641999999999996,-1
1,58,1,9,11,2.6229999999999976,1
1,59,1,3,14,1.052,1
1,60,-1,7,4,1.4420000000000002,-1
1,61,-1,15,9,1.4620000000000006,-1
1,62,1,2,8,0.7809999999999988,1
1,63,-1,15,3,1.020999999999999,-1
1,64,-1,16,14,4.075000000000001,1
1,65,1,4,9,1.100999999999999,1
1,66,-1,13,1,1.713000000000001,-1
1,67,-1,15,1,1.1509999999999998,-1
1,68,1,6,12,1.3820000000000014,1
1,69,-1,16,11,2.3640000000000043,-1
1,70,-1,15,5,2.6940000000000026,-1
1,71,-1,12,2,0.8109999999999999,-1
1,72,1,8,14,0.7409999999999997,1
1,73,1,4,10,0.7509999999999977,1
1,74,1,8,12,2.232999999999997,1
1,75,-1,10,15,7.730999999999994,1
1,76,-1,13,2,0.9110000000000014,-1
1,77,1,9,14,0.8410000000000011,1
1,78,-1,14,1,0.5609999999999999,-1
1,79,-1,1,2,2.844000000000001,-1
1,80,1,4,8,0.9210000000000004,1
1,81,1,11,12,2.313,1
1,82,1,4,14,1.1320000000000014,1
1,83,1,6,14,0.5909999999999993,1
1,84,1,7,16,0.7210000000000001,1
1,85,1,13,14,0.782,1
1,86,-1,6,2,1.3520000000000003,-1
1,87,-1,16,9,1.0919999999999987,-1
1,88,1,3,7,1.4720000000000013,1
1,89,-1,10,13,2.584,1
1,90,-1,15,16,1.4220000000000006,-1
1,91,-1,11,8,1.6930000000000014,1
1,92,-1,15,7,1.0619999999999976,-1
1,93,-1,14,7,1.3219999999999956,-1
1,94,-1,4,1,1.612000000000002,1
1,95,-1,11,3,1.0319999999999965,-1
1,96,1,1,5,0.8119999999999976,1
1,97,1,6,9,0.7109999999999985,1
1,98,1,11,14,1.491999999999997,1
1,99,1,12,15,2.533999999999999,1
1,100,1,2,4,1.411999999999999,1
1,101,-1,5,2,0.570999999999998,-1
1,102,1,9,13,0.6809999999999974,1
1,103,-1,14,12,2.774000000000001,1
1,104,1,10,14,2.814,1
1,105,-1,16,6,0.9810000000000008,-1
1,106,-1,14,5,3.154,-1
1,107,1,8,16,1.2509999999999994,1
1,108,1,7,11,2.6130000000000013,1
1,109,1,5,8,2.4130000000000003,1
1,110,-1,10,6,1.7829999999999977,-1
1,111,-1,6,1,1.852999999999998,1
1,112,-1,1,12,0.8109999999999999,1
1,113,-1,13,7,1.2620000000000005,-1
1,114,-1,12,3,0.7310000000000016,-1
1,115,-1,10,2,0.6809999999999974,-1
1,116,1,5,16,0.8610000000000042,1
1,117,-1,10,5,3.625,-1
1,118,-1,7,9,2.7040000000000006,1
1,119,1,2,3,0.9109999999999944,1
2,1,-1,16,10,95.097,-1
2,2,-1,16,3,1.912,-1
2,3,-1,10,8,2.1630000000000003,-1
2,4,-1,5,4,3.975999999999999,-1
2,5,1,1,10,2.963999999999998,1
2,6,-1,3,6,1.9319999999999984,-1
2,7,-1,11,4,2.3739999999999952,-1
2,8,1,9,10,3.074000000000005,1
2,9,-1,10,3,1.5629999999999953,-1
2,10,-1,13,11,4.265999999999998,-1
2,11,1,2,14,1.602000000000004,1
2,12,-1,15,14,5.669000000000004,-1
2,13,-1,3,8,4.395999999999994,1
2,14,-1,11,6,2.143,-1
2,15,1,13,16,2.203000000000001,1
2,16,1,1,11,2.514000000000001,1
2,17,1,11,15,13.37,1
2,18,1,9,12,2.093,1
2,19,-1,11,2,1.2720000000000056,-1
2,20,-1,13,3,1.481999999999999,-1
2,21,-1,13,8,1.5720000000000027,-1
2,22,-1,12,7,3.125,-1
2,23,-1,5,7,4.796999999999997,-1
2,24,-1,15,6,1.392000000000003,-1
2,25,1,2,15,0.9709999999999964,1
2,26,1,8,9,3.636000000000003,-1
2,27,-1,16,4,0.901,-1
2,28,1,3,9,2.994,1
2,29,-1,7,1,1.0120000000000005,-1
2,30,1,16,2,0.3809999999999993,-1
2,31,-1,6,4,2.654,1
2,32,1,5,11,6.870000000000001,1
2,33,1,13,15,2.794000000000004,1
2,34,1,5,12,4.186,1
2,35,1,2,7,1.952999999999996,1
2,36,1,1,16,1.100999999999999,1
2,37,-1,8,7,4.967000000000006,-1
2,38,1,2,9,1.2119999999999962,1
2,39,-1,4,3,2.895000000000003,1
2,40,1,8,15,1.702,1
2,41,-1,12,10,2.023,-1
2,42,-1,11,10,5.178,1
2,43,1,1,3,1.731999999999999,-1
2,44,1,10,7,3.285,-1
2,45,-1,12,13,5.908999999999999,-1
2,46,1,9,5,1.5319999999999965,-1
2,47,-1,9,1,1.6630000000000038,-1
2,48,1,3,5,1.5120000000000005,1
2,49,-1,7,6,3.835000000000001,-1
2,50,-1,8,6,1.2719999999999985,-1
2,51,-1,15,4,0.9709999999999964,-1
2,52,-1,16,12,2.0630000000000024,1
2,53,1,4,13,3.335,1
2,54,-1,8,1,2.934,-1
2,55,-1,13,6,3.014,-1
2,56,1,5,13,0.5010000000000012,1
2,57,-1,12,4,1.4619999999999995,-1
2,58,1,9,11,0.5210000000000008,1
2,59,-1,14,3,2.663999999999998,-1
2,60,1,4,7,5.268000000000001,1
2,61,-1,15,9,4.466000000000001,-1
2,62,-1,8,2,2.3830000000000027,-1
2,63,-1,15,3,2.222999999999999,-1
2,64,1,14,16,2.914000000000001,-1
2,65,-1,9,4,2.8040000000000003,-1
2,66,-1,13,1,2.1930000000000005,-1
2,67,1,1,15,1.7929999999999993,1
2,68,1,6,12,2.183,1
2,69,-1,16,11,3.2349999999999994,-1
2,70,-1,15,5,5.838999999999999,-1
2,71,1,2,12,1.5719999999999992,1
2,72,-1,14,8,1.5719999999999992,-1
2,73,1,4,10,2.964000000000002,1
2,74,1,8,12,2.544000000000004,1
2,75,-1,15,10,3.083999999999996,-1
2,76,1,2,13,1.9429999999999976,1
2,77,1,9,14,4.186,1
2,78,1,1,14,1.5829999999999984,1
2,79,1,2,1,2.544000000000004,1
2,80,1,8,4,4.527000000000001,-1
2,81,1,11,12,7.902,1
2,82,1,4,14,1.833,1
2,83,-1,14,6,3.655000000000001,-1
2,84,-1,16,7,2.053000000000001,-1
2,85,-1,13,14,3.884999999999998,1
2,86,-1,6,2,3.826000000000001,-1
2,87,1,9,16,2.9640000000000057,1
2,88,1,3,7,4.977000000000004,1
2,89,-1,13,10,12.067,-1
2,90,1,15,16,10.305,-1
2,91,-1,8,11,9.053,-1
2,92,-1,15,7,3.4750000000000014,-1
2,93,1,7,14,3.014999999999997,1
2,94,-1,1,4,3.053999999999995,-1
2,95,-1,11,3,3.2349999999999994,-1
2,96,-1,5,1,2.0630000000000024,-1
2,97,1,6,9,3.293999999999997,1
2,98,-1,14,11,5.887999999999998,-1
2,99,-1,15,12,3.014000000000003,-1
2,100,-1,2,4,4.597,1
2,101,1,2,5,1.933,1
2,102,-1,13,9,2.4830000000000005,-1
2,103,1,14,12,14.04,1
2,104,1,14,10,5.9780000000000015,-1
2,105,-1,16,6,5.648000000000003,-1
2,106,-1,14,5,4.3060000000000045,-1
2,107,-1,16,8,1.8429999999999964,-1
2,108,-1,11,7,1.853000000000001,-1
2,109,-1,5,8,1.983000000000004,1
2,110,1,6,10,1.543,1
2,111,-1,6,1,1.572,1
2,112,-1,12,1,1.412,-1
2,113,-1,13,7,3.774999999999999,-1
2,114,1,3,12,1.331999999999999,1
2,115,-1,10,2,2.212999999999999,-1
2,116,-1,16,5,4.506,-1
2,117,-1,10,5,5.858999999999998,-1
2,118,1,7,9,6.760000000000002,1
2,119,1,3,2,1.722999999999999,-1
3,1,1,5,12,312.249,1
3,2,-1,6,3,1.501999999999999,1
3,3,1,2,9,5.838000000000001,1
3,4,-1,5,3,2.4439999999999955,-1
3,5,-1,16,11,3.695999999999998,-1
3,6,-1,13,9,2.784,-1
3,7,-1,12,2,0.971,-1
3,8,1,6,16,0.770999999999999,1
3,9,1,9,10,1.5520000000000014,1
3,10,-1,8,2,0.8109999999999999,-1
3,11,-1,14,6,1.1709999999999994,-1
3,12,-1,5,2,0.7910000000000004,-1
3,13,1,1,4,0.8710000000000022,-1
3,14,1,2,11,1.3619999999999983,1
3,15,1,1,6,3.244999999999997,-1
3,16,1,9,1,2.503999999999998,-1
3,17,1,13,12,2.0630000000000024,1
3,18,1,1,16,2.0230000000000032,1
3,19,1,13,10,2.574000000000005,-1
3,20,1,1,12,1.4620000000000033,1
3,21,1,6,7,3.615000000000002,1
3,22,-1,11,4,4.235999999999997,-1
3,23,1,2,3,2.4830000000000005,1
3,24,-1,5,16,4.997,1
3,25,1,10,5,5.146999999999999,-1
3,26,-1,16,3,1.5719999999999992,-1
3,27,1,8,15,2.3029999999999973,1
3,28,-1,7,1,3.3039999999999985,-1
3,29,1,4,7,2.724,1
3,30,-1,10,7,2.9139999999999944,-1
3,31,1,1,10,1.953000000000003,1
3,32,-1,12,10,6.238999999999997,-1
3,33,1,5,8,6.628999999999998,1
3,34,-1,14,9,3.8359999999999994,-1
3,35,-1,14,8,9.634,-1
3,36,-1,15,5,4.166,-1
3,37,1,11,3,5.416999999999998,-1
3,38,-1,7,9,2.363999999999997,1
3,39,-1,12,7,2.983999999999998,-1
3,40,-1,12,11,3.5450000000000017,-1
3,41,-1,16,4,2.5440000000000005,-1
3,42,-1,15,10,6.830000000000005,-1
3,43,1,3,15,1.8130000000000024,1
3,44,1,7,5,2.673000000000002,1
3,45,-1,15,11,5.036999999999999,-1
3,46,1,2,6,1.672000000000004,1
3,47,1,3,13,2.594000000000001,1
3,48,-1,15,7,1.141,-1
3,49,-1,12,8,3.2040000000000006,-1
3,50,-1,8,6,2.5840000000000005,-1
3,51,-1,10,14,6.309000000000001,1
3,52,1,6,4,1.7830000000000013,1
3,53,1,10,16,1.893000000000001,1
3,54,1,6,12,1.5120000000000005,1
3,55,1,12,16,5.527999999999999,-1
3,56,-1,13,5,5.938000000000002,-1
3,57,-1,6,9,6.318999999999999,1
3,58,1,3,8,2.603000000000001,1
3,59,-1,5,4,1.893000000000001,-1
3,60,-1,16,2,1.362000000000002,-1
3,61,1,2,13,3.594999999999999,1
3,62,1,2,4,1.622,1
3,63,1,2,7,2.4540000000000006,1
3,64,1,14,12,7.25,1
3,65,1,8,13,7.330000000000005,1
3,66,1,9,15,1.9629999999999936,1
3,67,1,3,14,4.957000000000001,1
3,68,-1,11,10,5.227000000000004,1
3,69,-1,15,1,2.052999999999999,-1
3,70,1,14,15,5.798,1
3,71,1,6,10,3.926000000000002,1
3,72,-1,16,7,2.244,-1
3,73,1,7,13,2.593,1
3,74,-1,10,8,6.498999999999999,-1
3,75,-1,13,1,1.972999999999999,-1
3,76,-1,11,7,2.423000000000002,-1
3,77,1,13,15,3.946000000000005,1
3,78,1,4,14,3.024000000000001,1
3,79,1,11,13,14.711999999999996,1
3,80,1,8,16,4.005,1
3,81,1,9,3,5.078000000000001,-1
3,82,1,3,10,2.7940000000000005,1
3,83,-1,1,2,1.622,-1
3,84,-1,14,7,3.8249999999999993,-1
3,85,1,4,15,1.7330000000000003,1
3,86,-1,16,14,6.979999999999997,1
3,87,1,9,12,3.666000000000004,1
3,88,1,3,7,2.994,1
3,89,-1,13,6,6.099000000000001,-1
3,90,1,5,11,2.863999999999999,1
3,91,1,4,13,3.0539999999999985,1
3,92,-1,11,9,6.068999999999999,-1
3,93,-1,9,8,3.855,1
3,94,1,4,12,2.463000000000001,1
3,95,1,3,12,0.8719999999999999,1
3,96,1,12,15,2.512999999999998,1
3,97,1,6,15,0.902000000000001,1
3,98,-1,14,13,5.457999999999998,-1
3,99,1,1,5,0.820999999999998,1
3,100,1,5,14,2.764000000000003,1
3,101,1,1,11,1.3220000000000027,1
3,102,-1,8,7,5.537999999999997,-1
3,103,1,8,11,2.373,-1
3,104,1,4,10,2.8840000000000003,1
3,105,-1,14,11,4.0760000000000005,-1
3,106,-1,9,4,3.546,-1
3,107,1,9,16,4.466000000000001,1
3,108,-1,14,1,0.8410000000000011,-1
3,109,1,1,3,2.914000000000001,-1
3,110,1,2,10,2.6129999999999995,1
3,111,-1,8,4,4.0760000000000005,-1
3,112,1,15,16,15.012,-1
3,113,1,16,13,6.049000000000001,-1
3,114,1,3,4,3.3450000000000006,-1
3,115,-1,5,9,4.347000000000001,1
3,116,-1,8,1,3.1549999999999976,-1
3,117,-1,14,2,2.013000000000005,-1
3,118,1,2,15,1.5719999999999956,1
3,119,1,6,11,1.4320000000000022,1
4,1,-1,12,5,89.638,-1
4,2,1,6,3,4.156000000000006,1
4,3,1,2,9,4.236000000000001,1
4,4,-1,5,3,2.0329999999999995,-1
4,5,1,16,11,5.377999999999998,-1
4,6,-1,13,9,2.6040000000000028,-1
4,7,1,12,2,0.950999999999997,-1
4,8,1,6,16,2.664000000000001,1
4,9,-1,10,9,1.2820000000000036,-1
4,10,1,8,2,2.9840000000000018,-1
4,11,-1,14,6,1.2610000000000028,-1
4,12,1,2,5,5.107999999999997,1
4,13,-1,4,1,3.996000000000002,1
4,14,1,11,2,3.4750000000000014,-1
4,15,-1,6,1,4.235999999999997,1
4,16,-1,9,1,3.716,-1
4,17,1,13,12,8.102,1
4,18,-1,16,1,6.369,-1
4,19,-1,10,13,2.6239999999999988,1
4,20,-1,1,12,4.827000000000002,1
4,21,-1,7,6,2.3840000000000003,-1
4,22,1,11,4,6.5390000000000015,-1
4,23,-1,3,2,1.953000000000003,-1
4,24,1,16,5,1.9320000000000024,-1
4,25,1,5,10,9.203000000000005,1
4,26,-1,16,3,1.2919999999999945,-1
4,27,1,15,8,1.652000000000001,-1
4,28,-1,7,1,1.312,-1
4,29,1,4,7,2.123,1
4,30,1,10,7,4.827000000000001,-1
4,31,1,1,10,2.853999999999999,1
4,32,-1,12,10,7.390000000000001,-1
4,33,-1,5,8,2.564,1
4,34,1,9,14,1.0809999999999995,1
4,35,1,8,14,1.9130000000000005,1
4,36,-1,5,15,2.853999999999996,1
4,37,1,3,11,1.7719999999999985,1
4,38,-1,9,7,1.372,-1
4,39,-1,7,12,1.0420000000000016,1
4,40,-1,11,12,1.110999999999997,1
4,41,-1,4,16,1.0420000000000016,1
4,42,-1,10,15,1.0010000000000048,1
4,43,-1,15,3,0.7609999999999957,-1
4,44,1,7,5,0.9310000000000044,1
4,45,1,11,15,1.481999999999999,1
4,46,-1,6,2,1.1709999999999994,-1
4,47,1,3,13,0.7710000000000008,1
4,48,-1,15,7,0.9919999999999972,-1
4,49,1,8,12,1.0619999999999976,1
4,50,-1,8,6,1.0210000000000008,-1
4,51,-1,14,10,4.086000000000006,-1
4,52,1,6,4,1.121,1
4,53,1,10,16,0.961,1
4,54,1,6,12,0.9420000000000002,1
4,55,-1,16,12,1.4219999999999997,1
4,56,-1,13,5,7.680999999999999,-1
4,57,-1,6,9,3.244,1
4,58,-1,8,3,1.1819999999999986,-1
4,59,1,4,5,0.6709999999999994,1
4,60,1,2,16,1.1509999999999998,1
4,61,1,2,13,0.6009999999999991,1
4,62,1,2,4,0.7910000000000004,1
4,63,1,2,7,0.7510000000000012,1
4,64,1,12,14,2.512999999999998,-1
4,65,1,13,8,3.5050000000000026,-1
4,66,-1,15,9,0.6600000000000037,-1
4,67,1,3,14,0.7010000000000005,1
4,68,1,11,10,1.972999999999999,1
4,69,-1,15,1,0.7209999999999965,-1
4,70,-1,15,14,3.414999999999999,-1
4,71,1,6,10,1.2219999999999942,1
4,72,-1,16,7,0.9720000000000012,-1
4,73,1,7,13,1.071000000000005,1
4,74,-1,10,8,0.830999999999996,-1
4,75,1,1,13,0.8410000000000011,1
4,76,1,7,11,1.5519999999999996,1
4,77,-1,13,15,2.6840000000000046,1
4,78,1,4,14,0.7809999999999997,1
4,79,-1,13,11,2.3440000000000003,-1
4,80,1,8,16,0.6299999999999999,1
4,81,1,3,9,0.690999999999999,1
4,82,1,3,10,0.6609999999999996,1
4,83,-1,1,2,2.394,-1
4,84,1,7,14,1.2509999999999994,1
4,85,-1,15,4,0.8509999999999991,-1
4,86,1,14,16,6.338999999999999,-1
4,87,-1,12,9,0.8719999999999999,-1
4,88,1,3,7,1.032,1
4,89,-1,13,6,1.0109999999999992,-1
4,90,-1,5,11,2.4540000000000006,1
4,91,1,4,13,0.6709999999999994,1
4,92,1,9,11,1.1019999999999968,1
4,93,1,9,8,1.4320000000000022,1
4,94,1,4,12,1.0519999999999996,1
4,95,-1,12,3,0.6499999999999986,-1
4,96,-1,15,12,0.9620000000000032,-1
4,97,-1,15,6,0.6510000000000034,-1
4,98,-1,14,13,1.3019999999999996,-1
4,99,-1,5,1,0.5500000000000043,-1
4,100,1,5,14,1.372,1
4,101,1,1,11,0.6310000000000002,1
4,102,1,8,7,3.305,-1
4,103,-1,11,8,0.6009999999999991,1
4,104,1,4,10,0.5200000000000031,1
4,105,-1,14,11,0.6409999999999982,-1
4,106,-1,9,4,0.9510000000000004,-1
4,107,1,9,16,0.6310000000000002,1
4,108,-1,14,1,0.4709999999999965,-1
4,109,-1,3,1,0.6709999999999994,1
4,110,1,2,10,0.8109999999999999,1
4,111,1,4,8,1.753,1
4,112,1,15,16,0.5300000000000002,-1
4,113,1,13,16,0.7810000000000006,1
4,114,-1,3,4,5.118,-1
4,115,1,9,5,0.9109999999999996,-1
4,116,1,1,8,0.6709999999999994,1
4,117,-1,14,2,0.4699999999999988,-1
4,118,-1,15,2,0.7009999999999987,-1
4,119,1,6,11,0.5309999999999988,1
5,1,-1,12,5,93.684,-1
5,2,1,3,6,6.139000000000003,-1
5,3,1,2,9,7.32,1
5,4,1,5,3,3.125,-1
5,5,-1,16,11,11.807,-1
5,6,1,9,13,1.9019999999999972,1
5,7,-1,12,2,0.7910000000000004,-1
5,8,-1,16,6,1.2820000000000036,-1
5,9,1,9,10,1.2620000000000005,1
5,10,-1,2,8,0.4209999999999994,1
5,11,1,6,14,1.392000000000003,1
5,12,1,2,5,1.0309999999999988,1
5,13,1,1,4,1.0720000000000027,-1
5,14,-1,11,2,1.4320000000000022,-1
5,15,1,1,6,1.0220000000000056,-1
5,16,1,9,1,1.071000000000005,-1
5,17,1,13,12,8.032,1
5,18,-1,16,1,2.914,-1
5,19,1,13,10,1.6129999999999978,-1
5,20,1,1,12,1.3219999999999992,1
5,21,1,6,7,1.4519999999999982,1
5,22,-1,11,4,3.1340000000000003,-1
5,23,1,2,3,1.3120000000000012,1
5,24,1,5,16,3.535,1
5,25,1,5,10,2.083000000000005,1
5,26,-1,16,3,0.6709999999999994,-1
5,27,1,8,15,1.3020000000000067,1
5,28,-1,7,1,0.7210000000000036,-1
5,29,-1,7,4,1.7920000000000016,-1
5,30,-1,10,7,1.762999999999998,-1
5,31,-1,1,10,2.854999999999997,1
5,32,1,12,10,4.206000000000003,-1
5,33,1,8,5,2.7940000000000005,-1
5,34,-1,14,9,3.154,-1
5,35,-1,8,14,2.963999999999998,1
5,36,1,5,15,7.570999999999998,1
5,37,-1,11,3,1.8329999999999984,-1
5,38,1,9,7,2.823999999999998,-1
5,39,-1,12,7,3.4750000000000014,-1
5,40,1,11,12,5.948,1
5,41,-1,16,4,0.9310000000000044,-1
5,42,-1,10,15,8.732,1
5,43,-1,15,3,1.752000000000001,-1
5,44,-1,5,7,1.741999999999999,-1
5,45,1,11,15,3.665000000000001,1
5,46,1,2,6,1.272000000000002,1
5,47,-1,13,3,0.9920000000000008,-1
5,48,-1,15,7,0.9220000000000006,-1
5,49,1,8,12,1.852999999999998,1
5,50,-1,8,6,0.6809999999999974,-1
5,51,-1,14,10,4.006,-1
5,52,-1,4,6,1.873000000000001,-1
5,53,-1,16,10,3.2049999999999983,-1
5,54,1,6,12,1.672000000000004,1
5,55,-1,16,12,1.131999999999998,1
5,56,1,13,5,4.897000000000006,-1
5,57,-1,9,6,0.952,-1
5,58,-1,8,3,1.463,-1
5,59,-1,5,4,5.007,-1
5,60,1,2,16,0.7210000000000001,1
5,61,1,2,13,1.802,1
5,62,-1,4,2,1.032,-1
5,63,-1,7,2,0.8819999999999979,-1
5,64,1,12,14,2.1129999999999995,-1
5,65,1,8,13,1.1709999999999994,1
5,66,1,9,15,1.8519999999999968,1
5,67,-1,14,3,1.2020000000000053,-1
5,68,1,11,10,2.4439999999999955,1
5,69,1,1,15,0.820999999999998,1
5,70,1,14,15,6.028000000000006,1
5,71,-1,10,6,1.172,-1
5,72,1,7,16,1.4430000000000005,1
5,73,1,7,13,1.702,1
5,74,1,8,10,1.1820000000000004,1
5,75,-1,13,1,0.770999999999999,-1
5,76,-1,11,7,2.6340000000000003,-1
5,77,-1,13,15,3.636000000000001,1
5,78,1,4,14,0.9220000000000006,1
5,79,1,13,11,19.318,-1
5,80,-1,16,8,3.904999999999994,-1
5,81,1,3,9,1.2719999999999985,1
5,82,1,3,10,0.8919999999999959,1
5,83,1,2,1,3.574999999999996,1
5,84,-1,14,7,3.634999999999998,-1
5,85,1,4,15,1.4519999999999982,1
5,86,1,14,16,5.327,-1
5,87,-1,12,9,1.4619999999999995,-1
5,88,1,3,7,1.3919999999999997,1
5,89,-1,13,6,0.9609999999999984,-1
5,90,1,11,5,7.050000000000001,-1
5,91,-1,13,4,1.3320000000000007,-1
5,92,1,9,11,1.482999999999997,1
5,93,1,9,8,5.929000000000002,1
5,94,1,4,12,1.0519999999999996,1
5,95,-1,12,3,0.9619999999999962,-1
5,96,-1,15,12,16.733999999999998,-1
5,97,1,6,15,0.9209999999999994,1
5,98,-1,14,13,3.2250000000000014,-1
5,99,1,1,5,1.181000000000001,1
5,100,1,5,14,8.181999999999999,1
5,101,-1,11,1,0.912000000000006,-1
5,102,-1,8,7,5.899000000000001,-1
5,103,1,8,11,1.3120000000000047,-1
5,104,1,4,10,3.7950000000000017,1
5,105,-1,14,11,3.285,-1
5,106,-1,9,4,1.4220000000000006,-1
5,107,1,9,16,1.923,1
5,108,1,1,14,0.8510000000000009,1
5,109,-1,3,1,0.9120000000000008,1
5,110,1,2,10,1.1410000000000018,1
5,111,1,4,8,0.911999999999999,1
5,112,-1,16,15,9.123000000000005,1
5,113,-1,16,13,1.9129999999999967,-1
5,114,1,3,4,3.914999999999999,-1
5,115,-1,5,9,1.8330000000000053,1
5,116,1,1,8,0.6509999999999962,1
5,117,-1,14,2,0.7510000000000048,-1
5,118,1,2,15,0.7109999999999985,1
5,119,1,6,11,0.6409999999999982,1
6,1,1,5,12,16.744,1
6,2,1,3,6,5.036999999999999,-1
6,3,-1,9,2,3.164000000000001,-1
6,4,-1,5,3,3.5450000000000017,-1
6,5,1,11,16,4.657,1
6,6,1,9,13,3.7250000000000014,1
6,7,-1,12,2,3.4549999999999983,-1
6,8,-1,16,6,3.354999999999997,-1
6,9,1,9,10,2.543999999999997,1
6,10,1,2,8,3.5050000000000026,1
6,11,1,6,14,3.395000000000003,1
6,12,-1,5,2,2.3029999999999973,-1
6,13,-1,4,1,3.374,1
6,14,-1,11,2,2.804000000000002,-1
6,15,1,1,6,3.0539999999999985,-1
6,16,1,9,1,2.3629999999999995,-1
6,17,-1,12,13,4.716999999999999,-1
6,18,-1,16,1,2.613999999999997,-1
6,19,-1,10,13,7.580999999999996,1
6,20,1,1,12,4.015000000000001,1
6,21,-1,7,6,3.155000000000001,-1
6,22,-1,11,4,3.4450000000000003,-1
6,23,1,2,3,4.016000000000002,1
6,24,1,5,16,4.146000000000001,1
6,25,1,5,10,5.758000000000003,1
6,26,1,3,16,3.695999999999998,1
6,27,-1,15,8,4.235999999999997,-1
6,28,1,1,7,3.926,1
6,29,1,4,7,3.6149999999999993,1
6,30,-1,10,7,4.526999999999999,-1
6,31,1,1,10,3.015000000000001,1
6,32,1,10,12,3.455000000000002,1
6,33,1,5,8,5.487000000000002,1
6,34,1,9,14,4.557000000000002,1
6,35,1,8,14,7.149999999999999,1
6,36,-1,15,5,3.073999999999998,-1
6,37,1,3,11,1.762999999999998,1
6,38,-1,9,7,4.296,-1
6,39,-1,12,7,3.425,-1
6,40,-1,12,11,10.794999999999998,-1
6,41,-1,16,4,4.056000000000001,-1
6,42,1,10,15,2.4739999999999966,1
6,43,1,3,15,2.514000000000003,1
6,44,1,7,5,4.6669999999999945,1
6,45,1,11,15,4.625999999999998,1
6,46,-1,6,2,2.2040000000000006,-1
6,47,1,3,13,2.294,1
6,48,1,7,15,3.3149999999999995,1
6,49,1,8,12,2.7140000000000004,1
6,50,-1,8,6,2.8240000000000016,-1
6,51,1,10,14,2.853999999999999,1
6,52,-1,4,6,5.356999999999999,-1
6,53,1,10,16,2.282999999999994,1
6,54,1,6,12,2.583999999999996,1
6,55,1,12,16,8.352000000000004,-1
6,56,1,5,13,1.4420000000000002,1
6,57,-1,9,6,3.094000000000001,-1
6,58,-1,8,3,3.295,-1
6,59,-1,5,4,3.705,-1
6,60,1,2,16,1.8919999999999997,1
6,61,1,2,13,1.282,1
6,62,1,2,4,2.4529999999999994,1
6,63,-1,7,2,2.093,-1
6,64,-1,12,14,5.067,-1
6,65,1,8,13,1.583000000000002,1
6,66,1,9,15,2.7630000000000017,1
6,67,-1,14,3,1.2519999999999951,-1
6,68,1,11,10,5.628,1
6,69,-1,15,1,0.8210000000000051,-1
6,70,1,14,15,4.034999999999997,1
6,71,1,6,10,2.974000000000004,1
6,72,-1,16,7,2.553000000000001,-1
6,73,1,7,13,1.6629999999999985,1
6,74,-1,10,8,2.334,-1
6,75,-1,13,1,1.261000000000001,-1
6,76,-1,11,7,1.4320000000000022,-1
6,77,1,13,15,3.846,1
6,78,1,4,14,2.6129999999999995,1
6,79,-1,13,11,2.6340000000000003,-1
6,80,1,8,16,2.7239999999999966,1
6,81,1,3,9,2.3939999999999984,1
6,82,-1,10,3,1.993000000000002,-1
6,83,1,2,1,3.354999999999997,1
6,84,-1,14,7,2.003,-1
6,85,1,4,15,2.293,1
6,86,-1,16,14,2.4930000000000003,1
6,87,1,9,12,1.7420000000000009,1
6,88,-1,7,3,2.664000000000001,-1
6,89,-1,13,6,1.6720000000000006,-1
6,90,-1,11,5,2.654,-1
6,91,-1,13,4,2.4239999999999995,-1
6,92,1,9,11,1.731999999999999,1
6,93,-1,9,8,10.004999999999995,1
6,94,-1,4,12,0.4309999999999974,1
6,95,1,3,12,1.773,1
6,96,-1,15,12,2.323,-1
6,97,-1,15,6,1.452,-1
6,98,-1,13,14,2.302999999999999,1
6,99,-1,5,1,0.9619999999999996,-1
6,100,-1,14,5,4.045999999999999,-1
6,101,-1,11,1,2.062999999999999,-1
6,102,1,7,8,2.943999999999999,1
6,103,-1,8,11,3.3349999999999973,-1
6,104,-1,10,4,1.2819999999999965,-1
6,105,-1,14,11,2.3830000000000027,-1
6,106,-1,9,4,1.7929999999999993,-1
6,107,-1,16,9,1.993000000000002,-1
6,108,-1,14,1,1.5330000000000013,-1
6,109,-1,3,1,1.5519999999999996,1
6,110,1,2,10,3.2349999999999994,1
6,111,-1,4,8,0.5009999999999977,1
6,112,-1,15,16,1.5230000000000032,-1
6,113,-1,13,16,1.913,1
6,114,-1,3,4,3.5460000000000003,-1
6,115,1,9,5,5.377999999999998,-1
6,116,-1,8,1,1.9920000000000009,-1
6,117,1,2,14,2.314,1
6,118,-1,15,2,1.1820000000000022,-1
6,119,-1,11,6,1.883000000000003,-1
7,1,1,12,5,80.856,-1
7,2,-1,3,6,7.119999999999999,-1
7,3,-1,9,2,1.9530000000000007,-1
7,4,-1,5,3,2.2330000000000005,-1
7,5,-1,16,11,1.4520000000000015,-1
7,6,1,9,13,3.3439999999999976,1
7,7,1,2,12,1.6030000000000015,1
7,8,-1,16,6,0.8710000000000022,-1
7,9,-1,10,9,2.1330000000000027,-1
7,10,-1,8,2,2.894000000000005,-1
7,11,-1,14,6,0.7710000000000008,-1
7,12,-1,5,2,6.119,-1
7,13,-1,4,1,0.992,1
7,14,1,2,11,1.8520000000000003,1
7,15,-1,6,1,0.9920000000000008,1
7,16,-1,1,9,2.8550000000000004,1
7,17,1,12,13,4.466000000000001,-1
7,18,1,1,16,1.0009999999999977,1
7,19,-1,10,13,0.7609999999999992,1
7,20,1,1,12,2.5939999999999976,1
7,21,1,6,7,2.4440000000000026,1
7,22,-1,11,4,2.173000000000002,-1
7,23,1,2,3,2.764,1
7,24,1,5,16,3.625,1
7,25,-1,10,5,1.741999999999997,-1
7,26,-1,16,3,2.814,-1
7,27,1,8,15,2.554000000000002,1
7,28,1,1,7,0.9919999999999972,1
7,29,1,4,7,1.6730000000000018,1
7,30,-1,10,7,1.622,-1
7,31,-1,10,1,0.7809999999999988,-1
7,32,1,10,12,2.394000000000005,1
7,33,1,8,5,3.4340000000000046,-1
7,34,-1,14,9,1.903,-1
7,35,-1,14,8,1.1310000000000002,-1
7,36,-1,15,5,2.364,-1
7,37,1,3,11,2.1630000000000003,1
7,38,-1,7,9,1.622,1
7,39,-1,12,7,1.8230000000000004,-1
7,40,1,12,11,1.7230000000000023,-1
7,41,-1,16,4,0.8220000000000027,-1
7,42,1,10,15,2.6430000000000007,1
7,43,1,3,15,1.0919999999999987,1
7,44,-1,5,7,1.392000000000003,-1
7,45,-1,15,11,1.643000000000001,-1
7,46,1,2,6,0.9519999999999982,1
7,47,-1,13,3,0.7109999999999985,-1
7,48,-1,15,7,0.8109999999999999,-1
7,49,-1,12,8,0.8910000000000053,-1
7,50,-1,8,6,2.753999999999998,-1
7,51,1,10,14,2.804000000000002,1
7,52,-1,6,4,1.6929999999999978,1
7,53,1,16,10,2.6939999999999955,-1
7,54,-1,12,6,1.612000000000002,-1
7,55,-1,16,12,0.9609999999999984,1
7,56,-1,5,13,2.283999999999999,1
7,57,1,6,9,1.2710000000000008,1
7,58,-1,8,3,0.8919999999999959,-1
7,59,-1,5,4,2.6739999999999995,-1
7,60,1,2,16,0.7410000000000001,1
7,61,-1,13,2,0.4909999999999996,-1
7,62,-1,4,2,0.7509999999999994,-1
7,63,-1,7,2,0.7109999999999994,-1
7,64,-1,12,14,2.364,-1
7,65,-1,13,8,2.463000000000001,-1
7,66,-1,15,9,0.971,-1
7,67,1,3,14,0.8409999999999993,1
7,68,1,11,10,3.365000000000002,1
7,69,-1,15,1,0.7809999999999988,-1
7,70,-1,15,14,1.272000000000002,-1
7,71,-1,10,6,0.980999999999998,-1
7,72,1,7,16,0.700999999999997,1
7,73,-1,13,7,0.6710000000000029,-1
7,74,-1,10,8,0.8719999999999999,-1
7,75,-1,13,1,0.7110000000000021,-1
7,76,-1,11,7,0.772000000000002,-1
7,77,1,13,15,0.8419999999999987,1
7,78,-1,14,4,0.8109999999999999,-1
7,79,1,11,13,2.433,1
7,80,-1,16,8,0.6409999999999982,-1
7,81,1,3,9,0.7910000000000039,1
7,82,1,3,10,0.8909999999999982,1
7,83,-1,1,2,5.207999999999998,-1
7,84,1,7,14,0.8620000000000019,1
7,85,1,4,15,0.6110000000000042,1
7,86,1,14,16,0.8509999999999991,-1
7,87,-1,12,9,2.153000000000006,-1
7,88,1,3,7,0.892000000000003,1
7,89,1,6,13,0.5899999999999963,1
7,90,-1,11,5,1.0020000000000024,-1
7,91,1,4,13,0.5309999999999988,1
7,92,1,9,11,1.061,1
7,93,-1,9,8,1.593,1
7,94,-1,12,4,0.8609999999999998,-1
7,95,1,3,12,0.6500000000000004,1
7,96,-1,15,12,1.4320000000000004,-1
7,97,-1,15,6,0.8109999999999999,-1
7,98,-1,14,13,0.7210000000000001,-1
7,99,-1,5,1,0.8209999999999997,-1
7,100,-1,14,5,1.882,-1
7,101,-1,11,1,0.8209999999999997,-1
7,102,-1,7,8,2.983999999999998,1
7,103,-1,11,8,1.6329999999999991,1
7,104,-1,10,4,0.9510000000000004,-1
7,105,1,11,14,1.5519999999999996,1
7,106,1,4,9,1.070999999999998,1
7,107,-1,16,9,0.8810000000000002,-1
7,108,-1,14,1,1.933,-1
7,109,1,1,3,0.2999999999999971,-1
7,110,1,2,10,0.7310000000000016,1
7,111,-1,8,4,1.6030000000000015,-1
7,112,1,15,16,1.421999999999997,-1
7,113,-1,16,13,0.9720000000000012,-1
7,114,-1,4,3,2.222999999999999,1
7,115,-1,5,9,0.9010000000000034,1
7,116,1,1,8,0.8320000000000007,1
7,117,1,2,14,0.9510000000000004,1
7,118,-1,2,15,0.3799999999999954,1
7,119,1,6,11,1.8419999999999987,1
8,1,-1,11,6,98.702,-1
8,2,1,2,15,1.983000000000004,1
8,3,-1,14,2,0.7010000000000005,-1
8,4,1,1,8,1.5820000000000007,1
8,5,1,9,5,4.286000000000001,-1
8,6,1,4,3,5.077,1
8,7,-1,16,13,2.4130000000000003,-1
8,8,1,15,16,3.3150000000000013,-1
8,9,1,4,8,1.7520000000000024,1
8,10,1,2,10,0.6110000000000042,1
8,11,-1,3,1,1.421999999999997,1
8,12,-1,14,1,1.6829999999999998,-1
8,13,-1,16,9,1.0020000000000024,-1
8,14,-1,9,4,2.9649999999999963,-1
8,15,-1,11,14,6.008000000000003,1
8,16,1,4,10,1.0009999999999977,1
8,17,-1,8,11,9.003,-1
8,18,1,7,8,2.774,1
8,19,-1,11,1,1.9930000000000003,-1
8,20,1,14,5,3.225,-1
8,21,-1,5,1,0.7509999999999994,-1
8,22,1,13,14,1.4619999999999995,1
8,23,1,6,15,0.6610000000000014,1
8,24,1,12,15,3.305,1
8,25,-1,12,3,0.6009999999999991,-1
8,26,1,4,12,0.7310000000000016,1
8,27,1,9,8,4.265999999999998,1
8,28,-1,11,9,4.486999999999995,-1
8,29,-1,13,4,0.9010000000000034,-1
8,30,-1,11,5,5.106999999999999,-1
8,31,-1,13,6,0.7209999999999965,-1
8,32,1,3,7,3.2949999999999946,1
8,33,-1,12,9,1.391999999999996,-1
8,34,-1,16,14,2.724000000000004,1
8,35,1,4,15,0.7809999999999988,1
8,36,1,7,14,0.7509999999999977,1
8,37,1,2,1,1.0309999999999988,1
8,38,1,3,10,0.6310000000000002,1
8,39,-1,9,3,2.5730000000000004,-1
8,40,-1,16,8,0.9209999999999998,-1
8,41,1,11,13,4.946999999999999,1
8,42,1,4,14,0.8820000000000014,1
8,43,1,13,15,2.744,1
8,44,1,7,11,0.9909999999999995,1
8,45,1,1,13,0.6109999999999989,1
8,46,-1,10,8,0.7310000000000016,-1
8,47,1,7,13,4.395999999999997,1
8,48,-1,16,7,0.6810000000000009,-1
8,49,1,6,10,0.9109999999999978,1
8,50,1,14,15,7.0,1
8,51,1,1,15,1.1709999999999994,1
8,52,-1,10,11,1.481999999999999,-1
8,53,-1,14,3,0.7819999999999965,-1
8,54,-1,15,9,1.0820000000000007,-1
8,55,-1,13,8,0.9320000000000022,-1
8,56,1,14,12,4.277000000000001,1
8,57,1,2,7,0.6310000000000002,1
8,58,-1,4,2,1.5919999999999987,-1
8,59,-1,13,2,0.6209999999999951,-1
8,60,1,2,16,0.6709999999999994,1
8,61,1,4,5,1.1809999999999974,1
8,62,-1,8,3,0.6709999999999994,-1
8,63,1,6,9,1.392000000000003,1
8,64,-1,5,13,5.317,1
8,65,1,12,16,1.112000000000002,-1
8,66,1,6,12,0.8010000000000002,1
8,67,1,10,16,1.632,1
8,68,-1,6,4,1.883,1
8,69,1,14,10,3.5950000000000006,-1
8,70,-1,8,6,1.032,-1
8,71,-1,12,8,1.2720000000000002,-1
8,72,1,7,15,0.6710000000000012,1
8,73,1,3,13,0.7109999999999985,1
8,74,-1,6,2,0.6509999999999998,-1
8,75,1,11,15,1.0219999999999985,1
8,76,-1,5,7,1.481999999999999,-1
8,77,1,3,15,0.5410000000000004,1
8,78,1,10,15,3.585000000000001,1
8,79,-1,16,4,0.6110000000000007,-1
8,80,1,11,12,4.095000000000002,1
8,81,-1,12,7,1.2620000000000005,-1
8,82,1,9,7,3.044000000000004,-1
8,83,1,3,11,0.9909999999999995,1
8,84,1,5,15,0.820999999999998,1
8,85,-1,14,8,0.7810000000000059,-1
8,86,-1,14,9,0.6009999999999991,-1
8,87,1,8,5,1.2020000000000053,-1
8,88,-1,10,12,0.8410000000000011,1
8,89,1,1,10,0.6009999999999991,1
8,90,1,7,10,0.7650000000000006,1
8,91,1,4,7,1.0919999999999987,1
8,92,-1,7,1,0.7510000000000048,-1
8,93,-1,15,8,0.7310000000000016,-1
8,94,1,3,16,0.5910000000000011,1
8,95,1,5,10,1.381999999999998,1
8,96,-1,16,5,0.8609999999999971,-1
8,97,1,2,3,2.814,1
8,98,-1,11,4,0.902,-1
8,99,-1,7,6,1.342,-1
8,100,-1,12,1,0.6600000000000001,-1
8,101,1,13,10,1.372,-1
8,102,1,1,16,0.7609999999999992,1
8,103,1,13,12,4.437000000000001,1
8,104,1,1,9,0.6709999999999994,1
8,105,-1,6,1,2.4029999999999987,1
8,106,-1,11,2,0.7110000000000021,-1
8,107,1,1,4,0.6310000000000002,-1
8,108,-1,5,2,0.6709999999999994,-1
8,109,-1,14,6,0.9609999999999984,-1
8,110,-1,8,2,0.6110000000000007,-1
8,111,-1,10,9,0.9909999999999995,-1
8,112,-1,16,6,0.6409999999999982,-1
8,113,-1,12,2,0.5609999999999999,-1
8,114,-1,13,9,1.3619999999999983,-1
8,115,1,11,16,1.943000000000005,1
8,116,1,3,5,0.8010000000000019,1
8,117,1,2,9,0.5710000000000051,1
8,118,1,3,6,2.533999999999999,-1
8,119,1,5,12,4.737000000000002,1
9,1,1,5,12,85.633,1
9,2,1,6,3,3.4450000000000003,1
9,3,1,2,9,1.402000000000001,1
9,4,1,3,5,1.3320000000000007,1
9,5,-1,16,11,1.7829999999999977,-1
9,6,-1,13,9,1.7929999999999993,-1
9,7,1,2,12,0.8710000000000022,1
9,8,1,6,16,1.1110000000000009,1
9,9,-1,10,9,1.2310000000000016,-1
9,10,-1,8,2,1.110999999999997,-1
9,11,1,6,14,1.6030000000000015,1
9,12,-1,5,2,0.7710000000000008,-1
9,13,1,1,4,0.7510000000000048,-1
9,14,-1,11,2,1.7930000000000064,-1
9,15,1,1,6,1.972999999999999,-1
9,16,-1,9,1,1.6730000000000018,-1
9,17,1,13,12,2.804000000000002,1
9,18,-1,16,1,0.9819999999999992,-1
9,19,-1,13,10,1.231999999999999,-1
9,20,-1,12,1,1.100999999999999,-1
9,21,1,6,7,2.0630000000000024,1
9,22,1,4,11,1.0320000000000036,1
9,23,-1,3,2,0.8910000000000001,-1
9,24,-1,16,5,1.6319999999999997,-1
9,25,-1,5,10,1.5330000000000004,1
9,26,1,3,16,1.4420000000000002,1
9,27,1,8,15,1.1819999999999995,1
9,28,1,1,7,1.3119999999999994,1
9,29,-1,4,7,0.9510000000000004,1
9,30,-1,10,7,1.4830000000000003,-1
9,31,-1,10,1,1.2010000000000003,-1
9,32,1,10,12,0.8710000000000022,1
9,33,1,8,5,1.0120000000000005,-1
9,34,1,9,14,0.6609999999999978,1
9,35,1,8,14,0.7809999999999988,1
9,36,1,5,15,2.322999999999997,1
9,37,1,3,11,0.9209999999999994,1
9,38,-1,7,9,2.4529999999999994,1
9,39,-1,12,7,0.9420000000000002,-1
9,40,1,12,11,1.0009999999999977,-1
9,41,-1,16,4,1.2110000000000056,-1
9,42,1,10,15,0.5509999999999948,1
9,43,1,3,15,0.8509999999999991,1
9,44,-1,5,7,0.6409999999999982,-1
9,45,1,11,15,1.422000000000004,1
9,46,1,2,6,2.212999999999994,1
9,47,1,3,13,0.9919999999999972,1
9,48,1,7,15,2.1129999999999995,1
9,49,-1,12,8,1.141999999999996,-1
9,50,1,6,8,0.9819999999999992,1
9,51,-1,10,14,0.5009999999999977,1
9,52,-1,4,6,0.570999999999998,-1
9,53,1,10,16,0.8610000000000042,1
9,54,1,6,12,0.9110000000000014,1
9,55,-1,16,12,1.0720000000000027,1
9,56,1,13,5,1.5330000000000013,-1
9,57,1,6,9,1.0710000000000002,1
9,58,1,3,8,1.102,1
9,59,-1,5,4,1.0820000000000007,-1
9,60,1,16,2,0.3609999999999997,-1
9,61,-1,13,2,1.152,-1
9,62,-1,4,2,1.190999999999999,-1
9,63,1,2,7,0.9609999999999984,1
9,64,-1,12,14,0.971,-1
9,65,-1,13,8,1.0009999999999994,-1
9,66,1,9,15,0.6509999999999998,1
9,67,-1,14,3,0.6510000000000016,-1
9,68,-1,11,10,1.041999999999998,1
9,69,1,1,15,0.7109999999999985,1
9,70,1,14,15,1.1610000000000014,1
9,71,1,6,10,2.023,1
9,72,-1,16,7,0.5809999999999995,-1
9,73,1,7,13,0.6410000000000018,1
9,74,-1,10,8,1.1210000000000022,-1
9,75,1,1,13,0.5609999999999999,1
9,76,-1,11,7,0.5409999999999968,-1
9,77,1,13,15,0.8409999999999975,1
9,78,-1,4,14,0.8410000000000011,1
9,79,1,13,11,1.181999999999995,-1
9,80,-1,16,8,0.6910000000000025,-1
9,81,1,3,9,2.1330000000000027,1
9,82,1,3,10,0.7610000000000028,1
9,83,1,2,1,1.411999999999999,1
9,84,-1,14,7,0.7810000000000059,-1
9,85,1,4,15,0.820999999999998,1
9,86,1,16,14,0.8509999999999991,1
9,87,-1,12,9,0.6610000000000014,-1
9,88,1,3,7,0.830999999999996,1
9,89,-1,13,6,0.5309999999999988,-1
9,90,1,11,5,0.8819999999999979,-1
9,91,-1,13,4,1.3219999999999956,-1
9,92,1,11,9,0.4209999999999994,-1
9,93,1,9,8,1.0619999999999976,1
9,94,1,4,12,1.142000000000003,1
9,95,1,3,12,2.0730000000000004,1
9,96,1,15,12,0.9909999999999995,-1
9,97,-1,15,6,1.1409999999999982,-1
9,98,-1,14,13,1.061,-1
9,99,-1,5,1,0.8809999999999998,-1
9,100,1,14,5,0.9010000000000002,-1
9,101,-1,1,11,0.9109999999999996,1
9,102,1,7,8,1.532,1
9,103,-1,11,8,0.520999999999999,1
9,104,-1,4,10,0.8710000000000004,1
9,105,-1,11,14,1.6719999999999988,1
9,106,-1,4,9,0.7710000000000008,1
9,107,-1,16,9,1.9830000000000003,-1
9,108,1,1,14,1.1920000000000002,1
9,109,-1,3,1,2.253,1
9,110,1,2,10,0.9510000000000004,1
9,111,1,8,4,1.7129999999999974,-1
9,112,-1,15,16,1.2420000000000044,-1
9,113,-1,16,13,2.382999999999996,-1
9,114,1,3,4,1.402000000000001,-1
9,115,-1,5,9,1.633000000000003,1
9,116,-1,8,1,1.7220000000000013,-1
9,117,-1,14,2,1.2120000000000033,-1
9,118,-1,15,2,1.0009999999999977,-1
9,119,-1,11,6,1.5219999999999985,-1
10,1,1,12,5,69.23,-1
10,2,1,6,3,4.987000000000002,1
10,3,-1,9,2,6.880000000000001,-1
10,4,1,3,5,7.471,1
10,5,1,11,16,6.780000000000001,1
10,6,1,13,9,8.811999999999998,-1
10,7,-1,12,2,2.393,-1
10,8,1,6,16,4.407000000000002,1
10,9,-1,10,9,4.225999999999999,-1
10,10,-1,8,2,2.472999999999999,-1
10,11,1,6,14,2.6340000000000003,1
10,12,1,2,5,3.365000000000002,1
10,13,-1,4,1,4.085999999999999,1
10,14,1,2,11,4.6569999999999965,1
10,15,-1,6,1,2.194,1
10,16,1,1,9,14.500999999999998,1
10,17,-1,12,13,4.015999999999998,-1
10,18,1,1,16,2.1739999999999995,1
10,19,1,13,10,6.378999999999998,-1
10,20,-1,12,1,2.603999999999999,-1
10,21,1,6,7,4.616,1
10,22,1,4,11,3.914999999999999,1
10,23,-1,2,3,4.417000000000002,1
10,24,-1,16,5,5.077999999999999,-1
10,25,-1,5,10,1.9319999999999984,1
10,26,1,3,16,1.2220000000000013,1
10,27,1,8,15,1.0719999999999956,1
10,28,1,1,7,1.993000000000002,1
10,29,-1,4,7,4.0660000000000025,1
10,30,1,7,10,2.173000000000002,1
10,31,1,1,10,1.631999999999998,1
10,32,1,12,10,6.019,-1
10,33,1,8,5,2.434000000000001,-1
10,34,1,9,14,1.7429999999999986,1
10,35,1,8,14,4.485999999999997,1
10,36,1,5,15,1.2710000000000008,1
10,37,1,3,11,1.631999999999998,1
10,38,1,7,9,13.189,1
10,39,1,7,12,1.1509999999999962,1
10,40,1,11,12,3.664999999999999,1
10,41,-1,16,4,3.125,-1
10,42,1,10,15,3.4750000000000014,1
10,43,1,3,15,1.933,1
10,44,1,7,5,3.3549999999999995,1
10,45,1,11,15,1.4320000000000004,1
10,46,1,2,6,1.8629999999999995,1
10,47,-1,13,3,1.6820000000000022,-1
10,48,1,7,15,1.1509999999999998,1
10,49,1,8,12,1.501999999999999,1
10,50,-1,8,6,5.2479999999999976,-1
10,51,1,10,14,4.036000000000001,1
10,52,-1,6,4,2.493000000000002,1
10,53,-1,16,10,3.884999999999998,-1
10,54,1,6,12,1.892000000000003,1
10,55,-1,16,12,3.023999999999994,1
10,56,1,5,13,3.924999999999999,1
10,57,-1,9,6,1.5530000000000008,-1
10,58,1,3,8,1.6519999999999992,1
10,59,-1,5,4,1.1720000000000006,-1
10,60,-1,16,2,1.411999999999999,-1
10,61,-1,13,2,1.0509999999999984,-1
10,62,1,2,4,1.152000000000001,1
10,63,1,2,7,0.9109999999999978,1
10,64,1,12,14,4.074999999999999,-1
10,65,-1,13,8,4.585999999999999,-1
10,66,1,9,15,2.963999999999998,1
10,67,1,3,14,1.142000000000003,1
10,68,-1,11,10,6.219000000000001,1
10,69,1,1,15,2.103000000000001,1
10,70,1,14,15,17.735000000000003,1
10,71,1,6,10,2.0020000000000024,1
10,72,-1,16,7,2.093,-1
10,73,1,7,13,3.4549999999999983,1
10,74,-1,10,8,4.286000000000001,-1
10,75,1,1,13,2.173000000000002,1
10,76,1,7,11,3.375,1
10,77,1,13,15,3.966000000000001,1
10,78,1,4,14,2.0829999999999984,1
10,79,-1,11,13,8.811999999999998,1
10,80,-1,16,8,1.1909999999999998,-1
10,81,-1,9,3,0.952,-1
10,82,1,3,10,1.4220000000000006,1
10,83,-1,1,2,2.4730000000000008,-1
10,84,1,7,14,3.2349999999999994,1
10,85,1,4,15,1.6119999999999983,1
10,86,-1,14,16,0.4600000000000008,-1
10,87,1,9,12,1.8320000000000007,1
10,88,1,3,7,1.6529999999999987,1
10,89,-1,6,13,0.3300000000000054,1
10,90,-1,5,11,2.0420000000000016,1
10,91,-1,13,4,1.2620000000000005,-1
10,92,1,9,11,3.905999999999999,1
10,93,1,8,9,4.927,-1
10,94,1,4,12,5.167000000000001,1
10,95,-1,12,3,1.782,-1
10,96,-1,15,12,1.6329999999999991,-1
10,97,-1,15,6,1.4420000000000002,-1
10,98,1,13,14,1.1110000000000009,1
10,99,1,1,5,2.1330000000000027,1
10,100,1,5,14,5.196999999999999,1
10,101,1,1,11,1.1720000000000006,1
10,102,1,7,8,2.863999999999997,1
10,103,-1,11,8,2.0230000000000032,1
10,104,1,4,10,2.583999999999996,1
10,105,-1,14,11,6.899999999999999,-1
10,106,1,4,9,0.9919999999999972,1
10,107,-1,16,9,1.1210000000000022,-1
10,108,1,1,14,0.9909999999999995,1
10,109,-1,3,1,2.8740000000000023,1
10,110,1,2,10,1.4220000000000002,1
10,111,1,4,8,1.6319999999999997,1
10,112,1,15,16,4.746,-1
10,113,-1,16,13,2.2630000000000017,-1
10,114,-1,4,3,4.176000000000002,1
10,115,-1,5,9,1.8420000000000023,1
10,116,1,1,8,0.8710000000000022,1
10,117,1,2,14,0.7409999999999997,1
10,118,-1,15,2,0.6910000000000025,-1
10,119,1,6,11,0.9919999999999972,1
11,1,1,5,12,224.182,1
11,2,-1,6,3,3.936,1
11,3,1,2,9,4.526000000000003,1
11,4,1,3,5,2.0330000000000013,1
11,5,1,11,16,4.376999999999995,1
11,6,-1,13,9,8.953000000000003,-1
11,7,1,2,12,1.1720000000000002,1
11,8,1,6,16,1.152,1
11,9,-1,10,9,1.1210000000000004,-1
11,10,-1,8,2,1.3419999999999987,-1
11,11,-1,14,6,1.1919999999999984,-1
11,12,1,2,5,1.002000000000001,1
11,13,-1,4,1,0.9310000000000008,1
11,14,-1,11,2,2.584000000000003,-1
11,15,1,1,6,2.2940000000000005,-1
11,16,-1,1,9,1.6720000000000006,1
11,17,1,13,12,2.1930000000000014,1
11,18,-1,16,1,1.392000000000003,-1
11,19,-1,10,13,1.671999999999997,1
11,20,-1,12,1,1.4720000000000013,-1
11,21,1,6,7,1.391999999999996,1
11,22,1,4,11,1.7120000000000033,1
11,23,-1,3,2,2.0120000000000005,-1
11,24,1,5,16,3.334000000000003,1
11,25,1,10,5,2.1739999999999995,-1
11,26,1,3,16,2.3730000000000047,1
11,27,1,8,15,1.4620000000000033,1
11,28,1,1,7,2.584,1
11,29,1,4,7,1.5619999999999994,1
11,30,-1,10,7,1.9920000000000009,-1
11,31,-1,10,1,1.4219999999999988,-1
11,32,1,12,10,2.013,-1
11,33,-1,5,8,1.2920000000000016,1
11,34,-1,14,9,2.7940000000000005,-1
11,35,-1,14,8,1.6829999999999998,-1
11,36,1,5,15,1.152000000000001,1
11,37,-1,11,3,1.4220000000000006,-1
11,38,-1,7,9,2.5440000000000005,1
11,39,1,7,12,1.0720000000000027,1
11,40,1,11,12,1.741999999999997,1
11,41,-1,16,4,1.080999999999996,-1
11,42,-1,15,10,4.145999999999994,-1
11,43,1,3,15,2.0730000000000004,1
11,44,-1,5,7,1.5019999999999951,-1
11,45,-1,15,11,2.814,-1
11,46,-1,6,2,1.8729999999999976,-1
11,47,1,3,13,0.8609999999999971,1
11,48,1,7,15,3.835000000000001,1
11,49,1,8,12,0.952,1
11,50,-1,8,6,1.533,-1
11,51,-1,14,10,1.7519999999999998,-1
11,52,-1,4,6,3.415000000000001,-1
11,53,-1,16,10,2.694000000000001,-1
11,54,-1,12,6,1.2910000000000004,-1
11,55,-1,16,12,1.623000000000001,1
11,56,-1,13,5,2.724,-1
11,57,-1,6,9,3.055,1
11,58,1,3,8,1.661999999999999,1
11,59,-1,5,4,1.873000000000001,-1
11,60,-1,16,2,1.0210000000000008,-1
11,61,-1,13,2,0.6210000000000022,-1
11,62,-1,4,2,1.2819999999999965,-1
11,63,1,2,7,1.152000000000001,1
11,64,1,14,12,6.689999999999998,1
11,65,1,8,13,2.823999999999998,1
11,66,-1,15,9,1.2610000000000028,-1
11,67,1,3,14,0.7809999999999988,1
11,68,-1,10,11,1.110999999999997,-1
11,69,-1,15,1,0.931999999999995,-1
11,70,1,14,15,1.9620000000000035,1
11,71,1,6,10,1.332,1
11,72,1,7,16,0.8109999999999999,1
11,73,-1,13,7,0.9719999999999996,-1
11,74,1,8,10,1.1509999999999998,1
11,75,1,1,13,0.9909999999999995,1
11,76,-1,11,7,1.0809999999999995,-1
11,77,1,13,15,0.8710000000000004,1
11,78,1,4,14,1.0010000000000012,1
11,79,1,13,11,4.126,-1
11,80,1,8,16,0.7809999999999988,1
11,81,-1,9,3,2.2929999999999997,-1
11,82,1,3,10,0.690999999999999,1
11,83,-1,1,2,1.2019999999999982,-1
11,84,-1,14,7,0.7910000000000004,-1
11,85,-1,15,4,1.1320000000000014,-1
11,86,1,14,16,5.167999999999999,-1
11,87,1,9,12,1.772999999999996,1
11,88,1,3,7,0.9309999999999974,1
11,89,1,13,6,1.5620000000000047,-1
11,90,1,5,11,0.8119999999999976,1
11,91,-1,13,4,0.8509999999999991,-1
11,92,1,9,11,0.840999999999994,1
11,93,1,9,8,1.2620000000000005,1
11,94,-1,12,4,0.9309999999999974,-1
11,95,1,3,12,0.9810000000000016,1
11,96,1,15,12,4.286000000000001,-1
11,97,1,6,15,0.8710000000000022,1
11,98,1,13,14,3.515000000000001,1
11,99,1,1,5,1.031,1
11,100,-1,14,5,2.053,-1
11,101,1,1,11,0.7909999999999995,1
11,102,1,7,8,1.4619999999999995,1
11,103,1,8,11,0.8109999999999999,-1
11,104,-1,10,4,3.1149999999999984,-1
11,105,1,11,14,2.2830000000000013,1
11,106,-1,4,9,3.154,1
11,107,-1,16,9,0.782,-1
11,108,-1,14,1,0.7010000000000005,-1
11,109,1,3,1,3.455000000000002,1
11,110,-1,10,2,0.8009999999999984,-1
11,111,1,4,8,0.7710000000000008,1
11,112,-1,15,16,3.6259999999999977,-1
11,113,1,13,16,1.0219999999999985,1
11,114,-1,3,4,0.8710000000000022,-1
11,115,1,9,5,1.4519999999999982,-1
11,116,-1,8,1,0.820999999999998,-1
11,117,1,2,14,0.8410000000000011,1
11,118,-1,15,2,0.6810000000000045,-1
11,119,-1,11,6,0.7310000000000016,-1
12,1,-1,6,11,157.82999999999998,1
12,2,-1,15,2,7.02,-1
12,3,-1,14,2,5.057000000000002,-1
12,4,1,1,8,0.6709999999999994,1
12,5,-1,9,5,4.396000000000001,-1
12,6,1,4,3,3.875,1
12,7,-1,13,16,3.1950000000000003,1
12,8,1,15,16,5.247,-1
12,9,1,4,8,2.2730000000000032,1
12,10,1,2,10,1.7819999999999965,1
12,11,1,1,3,3.656,-1
12,12,-1,1,14,1.4219999999999997,1
12,13,1,9,16,2.353,1
12,14,1,4,9,2.392999999999999,1
12,15,1,11,14,5.117999999999999,1
12,16,1,4,10,3.0440000000000005,1
12,17,1,8,11,2.3830000000000027,-1
12,18,-1,8,7,5.037000000000006,-1
12,19,1,1,11,5.326999999999998,1
12,20,1,5,14,6.208999999999996,1
12,21,-1,5,1,5.388,-1
12,22,1,13,14,0.5310000000000006,1
12,23,-1,15,6,2.6530000000000022,-1
12,24,-1,12,15,3.625000000000004,1
12,25,1,3,12,1.982999999999997,1
12,26,1,4,12,2.522999999999996,1
12,27,1,9,8,2.8740000000000023,1
12,28,-1,11,9,4.0560000000000045,-1
12,29,-1,13,4,6.158999999999999,-1
12,30,1,5,11,5.718,1
12,31,-1,13,6,3.2250000000000014,-1
12,32,-1,7,3,4.266,-1
12,33,1,12,9,1.5620000000000012,-1
12,34,1,16,14,11.616,1
12,35,-1,15,4,2.0429999999999997,-1
12,36,-1,14,7,6.268999999999998,-1
12,37,-1,2,1,2.482999999999997,1
12,38,1,10,3,4.376000000000005,-1
12,39,-1,9,3,6.488999999999999,-1
12,40,1,16,8,2.2830000000000013,-1
12,41,-1,13,11,6.189,-1
12,42,1,4,14,2.344000000000001,1
12,43,1,13,15,9.043,1
12,44,1,11,7,5.868000000000002,-1
12,45,1,13,1,4.8870000000000005,-1
12,46,-1,10,8,3.5249999999999995,-1
12,47,1,7,13,1.4719999999999995,1
12,48,-1,16,7,1.802,-1
12,49,-1,10,6,0.770999999999999,-1
12,50,-1,15,14,8.963,-1
12,51,-1,15,1,2.0630000000000024,-1
12,52,-1,10,11,7.159999999999997,-1
12,53,-1,14,3,1.722999999999999,-1
12,54,-1,15,9,1.741999999999997,-1
12,55,-1,13,8,1.982999999999997,-1
12,56,-1,14,12,1.853000000000001,1
12,57,-1,7,2,2.303999999999995,-1
12,58,1,2,4,7.01,1
12,59,-1,13,2,2.613999999999999,-1
12,60,1,2,16,3.2540000000000013,1
12,61,-1,5,4,3.024000000000001,-1
12,62,-1,8,3,3.8249999999999993,-1
12,63,1,6,9,4.7570000000000014,1
12,64,-1,13,5,3.5860000000000056,-1
12,65,-1,16,12,4.707000000000001,1
12,66,-1,12,6,2.103000000000001,-1
12,67,-1,16,10,2.253,-1
12,68,-1,4,6,3.055,-1
12,69,1,14,10,0.4910000000000001,-1
12,70,1,6,8,3.164,1
12,71,1,8,12,1.7919999999999998,1
12,72,1,7,15,1.6329999999999991,1
12,73,-1,13,3,1.752000000000001,-1
12,74,1,2,6,3.9750000000000014,1
12,75,-1,11,15,5.739000000000001,1
12,76,1,7,5,6.620000000000001,1
12,77,-1,15,3,2.262999999999998,-1
12,78,-1,15,10,1.5720000000000027,-1
12,79,1,4,16,1.491999999999997,1
12,80,-1,11,12,3.324999999999996,1
12,81,-1,12,7,2.3130000000000024,-1
12,82,-1,9,7,5.819000000000003,-1
12,83,1,3,11,2.363,1
12,84,-1,15,5,1.853,-1
12,85,1,8,14,2.123000000000001,1
12,86,-1,14,9,1.673,-1
12,87,1,8,5,4.135999999999999,-1
12,88,1,10,12,3.3349999999999973,1
12,89,-1,10,1,1.8119999999999976,-1
12,90,1,7,10,4.9069999999999965,1
12,91,-1,7,4,7.009999999999998,-1
12,92,-1,7,1,2.0630000000000024,-1
12,93,-1,8,15,3.254000000000005,1
12,94,1,3,16,4.836999999999996,1
12,95,1,5,10,5.788,1
12,96,-1,16,5,6.859,-1
12,97,-1,3,2,3.1050000000000004,-1
12,98,-1,11,4,3.115000000000002,-1
12,99,-1,7,6,3.835000000000001,-1
12,100,-1,12,1,2.673999999999996,-1
12,101,1,10,13,6.279000000000004,1
12,102,-1,16,1,5.918999999999997,-1
12,103,1,12,13,2.6340000000000003,-1
12,104,-1,9,1,1.631999999999998,-1
12,105,-1,6,1,1.4519999999999982,1
12,106,-1,11,2,0.8709999999999951,-1
12,107,1,1,4,5.178,-1
12,108,1,2,5,1.1919999999999993,1
12,109,-1,6,14,2.1430000000000007,1
12,110,-1,8,2,3.875,-1
12,111,1,9,10,3.596,1
12,112,1,6,16,1.7220000000000013,1
12,113,-1,12,2,1.0719999999999992,-1
12,114,-1,13,9,4.236000000000001,-1
12,115,-1,16,11,9.593999999999998,-1
12,116,1,3,5,3.996000000000002,1
12,117,1,2,9,3.2150000000000034,1
12,118,1,6,3,13.549,1
12,119,1,5,12,10.005,1
13,1,1,6,11,105.852,1
13,2,-1,15,2,3.365000000000002,-1
13,3,-1,14,2,2.442999999999998,-1
13,4,-1,8,1,2.1129999999999995,-1
13,5,1,9,5,2.854999999999997,-1
13,6,-1,4,3,4.966999999999999,1
13,7,-1,16,13,10.285000000000004,-1
13,8,1,15,16,5.649000000000001,-1
13,9,-1,8,4,1.231999999999999,-1
13,10,-1,2,10,3.696000000000005,1
13,11,-1,3,1,3.305,1
13,12,-1,14,1,2.253,-1
13,13,1,16,9,2.543999999999997,-1
13,14,1,4,9,4.627,1
13,15,1,11,14,6.369,1
13,16,-1,4,10,6.970000000000001,1
13,17,-1,11,8,2.132999999999999,1
13,18,-1,8,7,2.494,-1
13,19,-1,11,1,3.2849999999999966,-1
13,20,1,5,14,14.571,1
13,21,-1,5,1,7.199999999999999,-1
13,22,-1,14,13,9.494,-1
13,23,-1,15,6,3.115000000000002,-1
13,24,-1,15,12,4.896999999999999,-1
13,25,1,3,12,6.088999999999999,1
13,26,1,4,12,1.813,1
13,27,-1,8,9,3.976,-1
13,28,1,9,11,5.678000000000001,1
13,29,-1,13,4,3.2940000000000005,-1
13,30,1,5,11,13.109000000000002,1
13,31,1,6,13,4.797000000000001,1
13,32,1,3,7,4.335999999999999,1
13,33,1,9,12,2.7040000000000006,1
13,34,1,14,16,1.6029999999999944,-1
13,35,-1,15,4,5.768000000000001,-1
13,36,1,7,14,4.797000000000001,1
13,37,1,1,2,14.661,-1
13,38,1,3,10,5.899000000000001,1
13,39,1,3,9,5.226999999999997,1
13,40,-1,8,16,6.789999999999999,1
13,41,-1,13,11,17.786,-1
13,42,-1,14,4,2.0329999999999977,-1
13,43,1,13,15,0.9909999999999995,1
13,44,-1,11,7,2.463999999999998,-1
13,45,1,1,13,1.131999999999998,1
13,46,1,8,10,1.392000000000003,1
13,47,1,7,13,3.4049999999999976,1
13,48,1,7,16,1.282,1
13,49,1,6,10,1.2409999999999997,1
13,50,1,14,15,4.215999999999994,1
13,51,-1,15,1,0.8210000000000051,-1
13,52,1,11,10,0.5210000000000008,1
13,53,1,3,14,2.173000000000002,1
13,54,-1,15,9,0.6809999999999974,-1
13,55,1,8,13,0.5410000000000039,1
13,56,-1,14,12,0.820999999999998,1
13,57,-1,7,2,2.3030000000000044,-1
13,58,1,2,4,0.7209999999999965,1
13,59,1,2,13,0.8109999999999999,1
13,60,1,2,16,0.9610000000000056,1
13,61,1,4,5,0.9909999999999995,1
13,62,-1,8,3,0.771,-1
13,63,1,6,9,0.48,1
13,64,-1,5,13,0.3409999999999997,1
13,65,-1,16,12,0.9409999999999998,1
13,66,-1,12,6,1.4219999999999997,-1
13,67,1,10,16,0.6809999999999992,1
13,68,-1,6,4,2.253,1
13,69,1,10,14,0.5410000000000004,1
13,70,1,6,8,1.883000000000001,1
13,71,-1,12,8,0.9019999999999976,-1
13,72,1,7,15,1.2219999999999978,1
13,73,1,3,13,2.5730000000000004,1
13,74,1,2,6,1.4720000000000013,1
13,75,-1,15,11,0.9309999999999974,-1
13,76,1,7,5,0.4699999999999988,1
13,77,-1,3,15,0.7409999999999997,1
13,78,1,10,15,3.3249999999999997,1
13,79,1,4,16,2.442999999999998,1
13,80,1,11,12,4.004999999999996,1
13,81,-1,12,7,0.7010000000000005,-1
13,82,1,9,7,0.9710000000000036,-1
13,83,-1,11,3,2.103000000000001,-1
13,84,-1,15,5,1.741999999999997,-1
13,85,-1,14,8,1.041000000000004,-1
13,86,-1,14,9,1.2019999999999982,-1
13,87,1,8,5,0.5109999999999957,-1
13,88,-1,10,12,0.6910000000000025,1
13,89,1,1,10,0.4710000000000036,1
13,90,1,7,10,0.7910000000000039,1
13,91,-1,7,4,0.6200000000000045,-1
13,92,1,7,1,0.3509999999999991,-1
13,93,1,15,8,0.42,-1
13,94,-1,16,3,1.733,-1
13,95,-1,10,5,0.9410000000000004,-1
13,96,1,5,16,0.661,1
13,97,-1,3,2,0.5310000000000006,-1
13,98,-1,11,4,1.6319999999999997,-1
13,99,1,6,7,1.3320000000000007,1
13,100,-1,12,1,0.7210000000000001,-1
13,101,-1,10,13,1.5619999999999994,1
13,102,-1,16,1,1.0320000000000018,-1
13,103,1,13,12,0.8510000000000026,1
13,104,-1,9,1,1.2019999999999982,-1
13,105,-1,6,1,1.3320000000000007,1
13,106,1,11,2,0.509999999999998,-1
13,107,1,4,1,0.4110000000000013,1
13,108,1,2,5,0.7910000000000004,1
13,109,-1,14,6,0.6110000000000007,-1
13,110,1,8,2,0.4510000000000005,-1
13,111,-1,10,9,2.593999999999994,-1
13,112,1,6,16,0.6910000000000025,1
13,113,-1,12,2,0.3700000000000045,-1
13,114,1,9,13,0.3710000000000022,1
13,115,-1,16,11,1.2620000000000005,-1
13,116,1,3,5,0.7409999999999997,1
13,117,1,2,9,1.8329999999999984,1
13,118,-1,6,3,6.730000000000004,1
13,119,1,5,12,2.783999999999999,1
14,1,1,6,11,95.347,1
14,2,-1,15,2,1.661999999999999,-1
14,3,1,2,14,1.632000000000005,1
14,4,-1,8,1,2.453000000000003,-1
14,5,-1,5,9,1.743000000000002,1
14,6,1,4,3,0.4100000000000001,1
14,7,1,13,16,2.142999999999999,1
14,8,-1,15,16,0.4809999999999998,-1
14,9,1,4,8,2.8039999999999985,1
14,10,1,2,10,1.2220000000000013,1
14,11,1,1,3,1.4019999999999977,-1
14,12,-1,14,1,2.293000000000003,-1
14,13,-1,16,9,2.183,-1
14,14,-1,9,4,2.023,-1
14,15,1,11,14,0.4410000000000025,1
14,16,1,4,10,1.0420000000000016,1
14,17,1,8,11,1.2620000000000005,-1
14,18,-1,7,8,0.2700000000000031,1
14,19,1,1,11,0.7910000000000039,1
14,20,-1,5,14,2.103000000000001,1
14,21,1,1,5,0.9810000000000016,1
14,22,-1,13,14,1.6229999999999976,1
14,23,1,6,15,0.9710000000000036,1
14,24,-1,12,15,1.5420000000000016,1
14,25,-1,12,3,1.8429999999999964,-1
14,26,1,4,12,0.8210000000000051,1
14,27,1,9,8,2.1430000000000007,1
14,28,1,9,11,1.2109999999999983,1
14,29,-1,13,4,1.161999999999999,-1
14,30,-1,11,5,2.474,-1
14,31,-1,13,6,1.6319999999999997,-1
14,32,-1,7,3,1.3119999999999994,-1
14,33,1,9,12,1.9929999999999997,1
14,34,1,14,16,1.6419999999999997,-1
14,35,1,4,15,1.502000000000001,1
14,36,1,7,14,2.8640000000000008,1
14,37,1,1,2,1.8829999999999991,-1
14,38,-1,3,10,3.184000000000001,1
14,39,1,3,9,1.6119999999999983,1
14,40,-1,16,8,2.5130000000000017,-1
14,41,1,11,13,3.264999999999997,1
14,42,1,4,14,1.5220000000000056,1
14,43,1,13,15,1.7620000000000005,1
14,44,1,7,11,1.7719999999999985,1
14,45,1,1,13,1.5919999999999987,1
14,46,1,8,10,1.7620000000000005,1
14,47,1,13,7,3.2239999999999966,-1
14,48,1,7,16,1.7920000000000016,1
14,49,1,6,10,1.4420000000000002,1
14,50,1,14,15,6.049,1
14,51,-1,1,15,3.2749999999999986,1
14,52,1,11,10,2.754,1
14,53,1,3,14,2.303,1
14,54,-1,15,9,1.5619999999999994,-1
14,55,1,8,13,2.133000000000001,1
14,56,1,14,12,2.494000000000001,1
14,57,1,2,7,1.532,1
14,58,-1,4,2,1.8519999999999968,-1
14,59,1,2,13,1.4719999999999978,1
14,60,1,2,16,1.3020000000000032,1
14,61,1,5,4,3.616,-1
14,62,-1,8,3,3.084,-1
14,63,-1,9,6,1.4719999999999978,-1
14,64,-1,13,5,3.634999999999998,-1
14,65,-1,16,12,2.8740000000000023,1
14,66,-1,12,6,3.2239999999999966,-1
14,67,1,16,10,3.103999999999999,-1
14,68,1,6,4,5.467999999999996,1
14,69,1,10,14,3.1140000000000043,1
14,70,-1,8,6,2.2730000000000032,-1
14,71,-1,12,8,3.114,-1
14,72,1,7,15,3.114,1
14,73,-1,13,3,2.904000000000001,-1
14,74,1,6,2,3.766,-1
14,75,-1,15,11,3.024000000000001,-1
14,76,1,7,5,2.3130000000000024,1
14,77,-1,15,3,2.062999999999999,-1
14,78,1,15,10,2.3230000000000004,-1
14,79,-1,16,4,3.094999999999999,-1
14,80,1,12,11,3.424999999999997,-1
14,81,-1,12,7,4.195999999999998,-1
14,82,-1,9,7,3.324999999999996,-1
14,83,1,3,11,4.956999999999994,1
14,84,-1,15,5,2.573999999999998,-1
14,85,1,8,14,1.3019999999999996,1
14,86,1,9,14,1.2719999999999985,1
14,87,-1,5,8,1.3419999999999987,1
14,88,-1,10,12,7.361000000000004,1
14,89,1,1,10,1.3619999999999997,1
14,90,1,7,10,1.8630000000000004,1
14,91,-1,7,4,1.0519999999999987,-1
14,92,-1,7,1,0.8509999999999991,-1
14,93,-1,15,8,1.372,-1
14,94,1,3,16,0.8309999999999995,1
14,95,1,5,10,1.2219999999999995,1
14,96,-1,16,5,1.4319999999999986,-1
14,97,1,2,3,0.8109999999999999,1
14,98,-1,11,4,1.041999999999998,-1
14,99,-1,7,6,1.3919999999999997,-1
14,100,-1,12,1,0.8409999999999975,-1
14,101,1,13,10,1.241999999999997,-1
14,102,1,1,16,1.0120000000000005,1
14,103,-1,13,12,1.8829999999999991,1
14,104,1,1,9,1.3919999999999997,1
14,105,-1,6,1,0.690999999999999,1
14,106,1,2,11,2.2830000000000013,1
14,107,-1,4,1,2.173000000000002,1
14,108,-1,5,2,2.203999999999993,-1
14,109,1,14,6,1.2220000000000013,-1
14,110,-1,8,2,1.3219999999999956,-1
14,111,-1,10,9,2.2929999999999997,-1
14,112,1,6,16,0.7710000000000008,1
14,113,1,2,12,1.2120000000000033,1
14,114,1,9,13,1.643000000000001,1
14,115,1,11,16,2.814,1
14,116,1,3,5,1.431999999999995,1
14,117,-1,9,2,1.112000000000002,-1
14,118,-1,3,6,4.015000000000001,-1
14,119,-1,5,12,3.745,1
15,1,-1,6,11,163.986,1
15,2,1,2,15,4.266999999999996,1
15,3,1,2,14,2.434,1
15,4,1,1,8,3.1839999999999997,1
15,5,1,5,9,6.189,1
15,6,1,3,4,2.253,-1
15,7,-1,16,13,2.2140000000000057,-1
15,8,1,15,16,5.849,-1
15,9,-1,8,4,2.5029999999999983,-1
15,10,1,2,10,1.122,1
15,11,-1,1,3,3.0500000000000007,-1
15,12,1,1,14,2.693999999999999,1
15,13,1,9,16,1.4420000000000002,1
15,14,1,4,9,2.6840000000000046,1
15,15,-1,14,11,2.853999999999999,-1
15,16,-1,10,4,2.0529999999999973,-1
15,17,1,8,11,1.943000000000005,-1
15,18,1,8,7,2.914999999999999,-1
15,19,1,1,11,1.3419999999999987,1
15,20,1,5,14,1.893000000000001,1
15,21,1,1,5,1.131999999999998,1
15,22,1,13,14,1.5620000000000047,1
15,23,-1,15,6,0.9209999999999994,-1
15,24,1,12,15,2.2239999999999966,1
15,25,1,3,12,0.9410000000000024,1
15,26,1,4,12,1.5019999999999951,1
15,27,-1,8,9,1.742999999999995,-1
15,28,-1,11,9,2.003,-1
15,29,1,4,13,1.893000000000001,1
15,30,1,5,11,2.0429999999999997,1
15,31,-1,13,6,2.173000000000002,-1
15,32,1,3,7,2.4130000000000003,1
15,33,1,9,12,2.013,1
15,34,-1,16,14,3.2340000000000018,1
15,35,-1,15,4,1.3419999999999987,-1
15,36,-1,14,7,4.547000000000004,-1
15,37,-1,1,2,1.5120000000000005,-1
15,38,-1,10,3,1.741999999999997,-1
15,39,-1,9,3,1.741999999999997,-1
15,40,-1,16,8,1.412000000000006,-1
15,41,1,13,11,2.9649999999999963,-1
15,42,1,4,14,3.1750000000000043,1
15,43,-1,15,13,3.884999999999998,-1
15,44,-1,11,7,5.067,-1
15,45,1,1,13,1.883000000000001,1
15,46,1,10,8,4.436999999999999,-1
15,47,-1,13,7,1.8030000000000008,-1
15,48,-1,16,7,1.503,-1
15,49,-1,10,6,2.352999999999998,-1
15,50,-1,15,14,4.3260000000000005,-1
15,51,-1,15,1,1.0020000000000024,-1
15,52,-1,11,10,1.742999999999995,1
15,53,-1,14,3,0.9420000000000002,-1
15,54,1,9,15,1.0210000000000008,1
15,55,1,8,13,4.236000000000004,1
15,56,-1,12,14,2.394000000000005,-1
15,57,-1,7,2,1.732999999999997,-1
15,58,-1,4,2,1.231999999999999,-1
15,59,1,2,13,0.932,1
15,60,1,2,16,0.8609999999999998,1
15,61,-1,5,4,2.1430000000000007,-1
15,62,1,3,8,2.443,1
15,63,-1,9,6,2.9640000000000004,-1
15,64,1,5,13,3.474999999999998,1
15,65,1,12,16,2.012999999999998,-1
15,66,1,6,12,1.491999999999997,1
15,67,1,10,16,2.414000000000001,1
15,68,-1,4,6,1.362000000000002,-1
15,69,-1,14,10,2.7040000000000006,-1
15,70,1,6,8,1.661999999999999,1
15,71,-1,12,8,2.3830000000000027,-1
15,72,-1,15,7,0.902000000000001,-1
15,73,1,3,13,1.2010000000000003,1
15,74,-1,6,2,1.633000000000003,-1
15,75,-1,15,11,1.993000000000002,-1
15,76,1,5,7,4.3060000000000045,-1
15,77,1,3,15,1.1810000000000045,1
15,78,-1,15,10,1.481999999999999,-1
15,79,1,4,16,1.0820000000000007,1
15,80,-1,12,11,1.962,-1
15,81,1,7,12,1.9530000000000003,1
15,82,1,9,7,1.802,-1
15,83,-1,11,3,0.940999999999999,-1
15,84,1,5,15,1.251999999999999,1
15,85,-1,14,8,0.8820000000000014,-1
15,86,1,9,14,0.8410000000000011,1
15,87,1,5,8,2.0429999999999997,1
15,88,-1,12,10,1.8030000000000008,-1
15,89,-1,10,1,0.971,-1
15,90,-1,10,7,2.062999999999999,-1
15,91,-1,7,4,2.043000000000003,-1
15,92,-1,7,1,0.9009999999999962,-1
15,93,-1,15,8,1.3320000000000007,-1
15,94,1,3,16,0.8810000000000002,1
15,95,-1,10,5,2.083000000000005,-1
15,96,1,5,16,1.661999999999999,1
15,97,1,2,3,1.392000000000003,1
15,98,-1,11,4,1.4620000000000033,-1
15,99,-1,7,6,1.5420000000000016,-1
15,100,1,1,12,1.0009999999999977,1
15,101,1,10,13,1.2220000000000013,1
15,102,-1,16,1,0.7809999999999988,-1
15,103,-1,12,13,2.0530000000000044,-1
15,104,1,1,9,0.8109999999999997,1
15,105,-1,6,1,0.891,1
15,106,-1,11,2,2.333000000000001,-1
15,107,-1,4,1,2.754,1
15,108,-1,5,2,2.003,-1
15,109,1,6,14,1.2010000000000003,1
15,110,-1,8,2,1.5330000000000013,-1
15,111,1,9,10,2.4830000000000005,1
15,112,-1,16,6,1.6529999999999987,-1
15,113,-1,12,2,0.8109999999999999,-1
15,114,1,9,13,0.9319999999999986,1
15,115,1,11,16,1.8429999999999964,1
15,116,1,3,5,1.802,1
15,117,1,2,9,0.7610000000000028,1
15,118,1,3,6,1.753,-1
15,119,1,5,12,2.423000000000002,1
16,1,1,6,11,149.826,1
16,2,-1,15,2,0.9810000000000016,-1
16,3,1,2,14,1.1010000000000062,1
16,4,-1,8,1,1.2719999999999985,-1
16,5,1,9,5,1.2620000000000005,-1
16,6,1,4,3,1.713000000000001,1
16,7,-1,13,16,2.805000000000007,1
16,8,1,15,16,5.658999999999999,-1
16,9,-1,8,4,1.3419999999999996,-1
16,10,1,2,10,1.843,1
16,11,1,1,3,1.491999999999999,-1
16,12,1,14,1,1.311,-1
16,13,1,16,9,1.4529999999999994,-1
16,14,-1,9,4,3.4549999999999983,-1
16,15,-1,14,11,1.8329999999999984,-1
16,16,-1,10,4,1.762999999999998,-1
16,17,-1,8,11,1.902000000000001,-1
16,18,1,7,8,2.394000000000002,1
16,19,1,1,11,1.8620000000000017,1
16,20,-1,5,14,3.014000000000003,1
16,21,1,1,5,1.061,1
16,22,1,13,14,1.5820000000000007,1
16,23,1,6,15,1.5619999999999976,1
16,24,1,12,15,1.6129999999999995,1
16,25,-1,12,3,1.381999999999998,-1
16,26,-1,12,4,1.8029999999999973,-1
16,27,-1,8,9,2.3230000000000004,-1
16,28,-1,11,9,4.035999999999994,-1
16,29,-1,13,4,0.7710000000000008,-1
16,30,-1,5,11,1.0309999999999988,1
16,31,1,6,13,0.9109999999999998,1
16,32,-1,7,3,1.171,-1
16,33,1,9,12,1.152,1
16,34,-1,16,14,2.193,1
16,35,-1,15,4,4.297000000000001,-1
16,36,1,7,14,1.622,1
16,37,1,2,1,1.2919999999999998,1
16,38,1,3,10,2.293000000000001,1
16,39,1,9,3,1.3320000000000007,-1
16,40,1,8,16,2.012999999999998,1
16,41,1,11,13,1.7429999999999986,1
16,42,1,4,14,1.2520000000000024,1
16,43,1,13,15,3.193999999999999,1
16,44,-1,7,11,1.8130000000000024,1
16,45,-1,1,13,1.8119999999999976,1
16,46,-1,10,8,1.1310000000000002,-1
16,47,-1,13,7,1.2010000000000003,-1
16,48,1,7,16,2.564,1
16,49,1,6,10,1.5320000000000036,1
16,50,-1,14,15,3.2239999999999966,1
16,51,1,1,15,0.6910000000000025,1
16,52,-1,10,11,1.732999999999997,-1
16,53,1,3,14,0.9309999999999974,1
16,54,1,15,9,1.5230000000000032,-1
16,55,1,8,13,1.9129999999999967,1
16,56,-1,14,12,1.331000000000003,1
16,57,1,2,7,4.386,1
16,58,-1,2,4,2.824,1
16,59,-1,13,2,1.4619999999999995,-1
16,60,1,2,16,1.362,1
16,61,1,4,5,3.415000000000001,1
16,62,1,3,8,2.0130000000000017,1
16,63,-1,9,6,1.0210000000000008,-1
16,64,1,5,13,1.2409999999999997,1
16,65,-1,12,16,2.603999999999999,-1
16,66,1,12,6,2.2029999999999994,-1
16,67,-1,16,10,2.103000000000001,-1
16,68,1,4,6,1.4520000000000015,-1
16,69,-1,14,10,3.064,-1
16,70,1,6,8,3.055,1
16,71,-1,8,12,1.6829999999999998,1
16,72,-1,7,15,2.1130000000000067,1
16,73,-1,13,3,1.592000000000006,-1
16,74,1,2,6,2.713999999999998,1
16,75,1,11,15,1.702999999999996,1
16,76,1,7,5,1.7519999999999951,1
16,77,1,3,15,2.253,1
16,78,1,10,15,1.5420000000000016,1
16,79,-1,4,16,1.241,1
16,80,-1,11,12,5.648,1
16,81,1,12,7,4.226000000000001,-1
16,82,-1,7,9,1.0109999999999992,1
16,83,1,3,11,2.3230000000000004,1
16,84,1,15,5,1.2420000000000009,-1
16,85,1,8,14,1.3219999999999992,1
16,86,-1,14,9,1.2020000000000015,-1
16,87,-1,5,8,1.2609999999999992,1
16,88,-1,10,12,3.1650000000000027,1
16,89,1,1,10,1.352000000000004,1
16,90,-1,10,7,2.4440000000000026,-1
16,91,-1,4,7,1.3320000000000007,1
16,92,-1,7,1,2.032000000000004,-1
16,93,-1,15,8,1.8429999999999964,-1
16,94,1,3,16,0.9609999999999984,1
16,95,-1,10,5,1.4519999999999982,-1
16,96,-1,16,5,1.6829999999999998,-1
16,97,-1,3,2,1.1709999999999994,-1
16,98,1,4,11,1.0309999999999988,1
16,99,-1,6,7,0.4299999999999997,1
16,100,-1,12,1,1.5219999999999985,-1
16,101,1,10,13,0.8609999999999971,1
16,102,-1,16,1,0.9620000000000032,-1
16,103,1,12,13,1.6929999999999998,-1
16,104,1,1,9,0.951,1
16,105,-1,6,1,0.8109999999999999,1
16,106,-1,11,2,0.7519999999999998,-1
16,107,1,1,4,1.3420000000000003,-1
16,108,1,2,5,1.833,1
16,109,1,6,14,2.263,1
16,110,-1,8,2,0.391,-1
16,111,1,9,10,3.294999999999998,1
16,112,-1,16,6,1.1020000000000003,-1
16,113,1,2,12,1.501999999999999,1
16,114,1,9,13,1.5820000000000007,1
16,115,-1,11,16,1.7220000000000013,1
16,116,-1,3,5,2.6340000000000003,1
16,117,-1,9,2,1.2620000000000005,-1
16,118,1,3,6,4.225999999999999,-1
16,119,1,5,12,1.902000000000001,1
17,1,-1,11,6,107.104,-1
17,2,-1,15,2,6.599,-1
17,3,1,2,14,2.523,1
17,4,-1,8,1,4.337,-1
17,5,-1,5,9,3.0040000000000013,1
17,6,1,4,3,14.671,1
17,7,1,13,16,4.585999999999999,1
17,8,-1,16,15,5.847999999999999,1
17,9,1,4,8,4.727,1
17,10,-1,2,10,3.014,1
17,11,1,1,3,2.884000000000004,-1
17,12,1,14,1,5.088000000000001,-1
17,13,1,16,9,7.131,-1
17,14,-1,4,9,7.951,1
17,15,1,11,14,15.922999999999998,1
17,16,1,4,10,8.392,1
17,17,1,8,11,10.125,-1
17,18,1,7,8,6.059000000000005,1
17,19,1,11,1,2.8640000000000043,-1
17,20,-1,5,14,8.082,1
17,21,-1,1,5,9.864,1
17,22,-1,14,13,8.793,-1
17,23,-1,15,6,3.085000000000001,-1
17,24,-1,15,12,8.242000000000004,-1
17,25,-1,12,3,6.469000000000001,-1
17,26,1,4,12,6.770000000000003,1
17,27,-1,9,8,5.107000000000001,1
17,28,1,11,9,3.655000000000001,-1
17,29,1,4,13,2.603999999999999,1
17,30,1,11,5,8.291999999999998,-1
17,31,1,6,13,6.219000000000001,1
17,32,-1,3,7,6.319000000000003,1
17,33,1,9,12,7.2209999999999965,1
17,34,-1,16,14,5.247,1
17,35,-1,15,4,4.486000000000001,-1
17,36,-1,7,14,5.7479999999999976,1
17,37,1,2,1,5.157,1
17,38,1,3,10,3.465,1
17,39,1,9,3,5.917999999999999,-1
17,40,-1,16,8,2.3029999999999973,-1
17,41,-1,13,11,7.119999999999997,-1
17,42,-1,14,4,2.703000000000003,-1
17,43,-1,15,13,6.630000000000003,-1
17,44,1,11,7,5.798,-1
17,45,1,1,13,2.263,1
17,46,1,8,10,3.415000000000001,1
17,47,-1,7,13,5.959,1
17,48,-1,16,7,7.050000000000001,-1
17,49,-1,10,6,2.253,-1
17,50,1,14,15,9.835,1
17,51,-1,15,1,4.016000000000005,-1
17,52,1,11,10,2.894000000000005,1
17,53,1,3,14,4.036000000000001,1
17,54,-1,15,9,2.3430000000000035,-1
17,55,-1,13,8,8.061,-1
17,56,1,12,14,6.339,-1
17,57,1,2,7,4.395999999999999,1
17,58,1,4,2,2.5740000000000016,-1
17,59,1,2,13,4.855999999999998,1
17,60,-1,16,2,1.5719999999999992,-1
17,61,1,4,5,1.7120000000000033,1
17,62,1,8,3,8.753,-1
17,63,1,6,9,8.352000000000004,1
17,64,-1,5,13,2.6739999999999995,1
17,65,-1,16,12,8.572,1
17,66,1,6,12,3.0440000000000005,1
17,67,-1,16,10,7.780999999999999,-1
17,68,-1,6,4,2.472999999999999,1
17,69,1,10,14,8.431999999999995,1
17,70,1,6,8,2.905000000000001,1
17,71,-1,12,8,3.714999999999996,-1
17,72,1,7,15,2.963999999999998,1
17,73,1,3,13,1.8119999999999976,1
17,74,1,2,6,6.879,1
17,75,-1,15,11,5.007,-1
17,76,1,7,5,2.173000000000002,1
17,77,1,3,15,4.786999999999999,1
17,78,1,10,15,6.529,1
17,79,-1,16,4,2.0730000000000004,-1
17,80,1,11,12,6.359000000000002,1
17,81,1,7,12,5.438000000000002,1
17,82,-1,7,9,7.0,1
17,83,1,3,11,4.155999999999999,1
17,84,1,5,15,5.106999999999999,1
17,85,1,8,14,12.067,1
17,86,-1,14,9,1.741999999999999,-1
17,87,1,8,5,2.5939999999999976,-1
17,88,1,12,10,5.017,-1
17,89,1,1,10,6.049,1
17,90,-1,10,7,4.085999999999999,-1
17,91,1,4,7,6.589999999999996,1
17,92,-1,7,1,1.893000000000001,-1
17,93,1,8,15,7.401000000000003,1
17,94,-1,16,3,2.894,-1
17,95,-1,10,5,6.48,-1
17,96,-1,16,5,6.159000000000001,-1
17,97,-1,3,2,1.6930000000000014,-1
17,98,-1,11,4,2.433,-1
17,99,-1,7,6,6.879999999999999,-1
17,100,1,1,12,1.2719999999999985,1
17,101,-1,10,13,17.866000000000003,1
17,102,-1,16,1,0.9209999999999994,-1
17,103,-1,12,13,8.091000000000001,-1
17,104,1,1,9,1.1509999999999962,1
17,105,-1,6,1,1.6720000000000002,1
17,106,-1,11,2,0.7519999999999998,-1
17,107,1,4,1,2.8840000000000003,1
17,108,1,2,5,3.334999999999999,1
17,109,-1,14,6,0.8209999999999997,-1
17,110,-1,8,2,2.2929999999999997,-1
17,111,1,9,10,1.6630000000000005,1
17,112,-1,16,6,0.8710000000000022,-1
17,113,1,2,12,0.7909999999999968,1
17,114,1,9,13,7.181000000000001,1
17,115,-1,16,11,0.9909999999999995,-1
17,116,1,3,5,1.142000000000003,1
17,117,1,2,9,1.2120000000000033,1
17,118,1,3,6,3.2250000000000014,-1
17,119,-1,5,12,8.603000000000002,1
19,1,-1,11,6,15.923000000000002,-1
19,2,1,2,15,1.0120000000000005,1
19,3,-1,14,2,1.092,-1
19,4,-1,8,1,2.794,-1
19,5,1,9,5,1.7429999999999994,-1
19,6,-1,4,3,9.803999999999998,1
19,7,-1,16,13,3.1050000000000004,-1
19,8,1,16,15,6.649000000000001,1
19,9,-1,8,4,1.3019999999999996,-1
19,10,-1,10,2,0.8420000000000059,-1
19,11,1,3,1,8.813000000000002,1
19,12,1,1,14,0.8410000000000011,1
19,13,1,9,16,0.8210000000000051,1
19,14,-1,9,4,1.132000000000005,-1
19,15,1,11,14,3.4250000000000043,1
19,16,1,4,10,0.6809999999999974,1
19,17,-1,8,11,2.253,-1
19,18,-1,8,7,1.873,-1
19,19,1,1,11,1.4919999999999995,1
19,20,1,5,14,3.645000000000001,1
19,21,1,1,5,1.9930000000000003,1
19,22,1,14,13,2.404,-1
19,23,1,6,15,1.0310000000000024,1
19,24,-1,15,12,1.8629999999999995,-1
19,25,-1,12,3,0.7409999999999997,-1
19,26,1,4,12,1.1110000000000009,1
19,27,1,9,8,6.059000000000001,1
19,28,1,9,11,1.8029999999999973,1
19,29,1,4,13,1.5120000000000005,1
19,30,1,11,5,5.067,-1
19,31,-1,13,6,1.0020000000000024,-1
19,32,1,3,7,1.8119999999999976,1
19,33,1,9,12,1.391999999999996,1
19,34,-1,16,14,7.350999999999999,1
19,35,1,4,15,1.4819999999999998,1
19,36,-1,14,7,1.5620000000000005,-1
19,37,-1,2,1,1.032,1
19,38,1,3,10,0.8510000000000009,1
19,39,-1,9,3,1.1209999999999989,-1
19,40,-1,16,8,2.273,-1
19,41,-1,13,11,17.515,-1
19,42,-1,14,4,0.6810000000000045,-1
19,43,1,13,15,1.5730000000000004,1
19,44,1,7,11,1.6829999999999998,1
19,45,1,1,13,0.6310000000000002,1
19,46,-1,10,8,0.570999999999998,-1
19,47,1,7,13,1.231999999999999,1
19,48,-1,16,7,0.5609999999999999,-1
19,49,-1,10,6,0.6810000000000045,-1
19,50,-1,15,14,4.967000000000006,-1
19,51,1,1,15,0.6109999999999971,1
19,52,-1,10,11,0.9819999999999992,-1
19,53,1,3,14,0.6300000000000026,1
19,54,-1,15,9,1.4519999999999982,-1
19,55,-1,13,8,2.3540000000000063,-1
19,56,1,12,14,1.2919999999999998,-1
19,57,1,2,7,0.9619999999999996,1
19,58,1,4,2,5.969,-1
19,59,-1,13,2,0.6310000000000002,-1
19,60,-1,16,2,1.1019999999999983,-1
19,61,1,4,5,0.7209999999999965,1
19,62,1,3,8,9.344,1
19,63,1,6,9,0.5600000000000023,1
19,64,1,13,5,0.9619999999999996,-1
19,65,1,12,16,5.867999999999999,-1
19,66,1,6,12,0.6810000000000045,1
19,67,-1,16,10,3.0450000000000017,-1
19,68,1,4,6,2.584000000000003,-1
19,69,1,10,14,8.603000000000002,1
19,70,-1,8,6,3.2349999999999994,-1
19,71,-1,12,8,5.597999999999999,-1
19,72,-1,15,7,0.641,-1
19,73,1,3,13,1.8229999999999995,1
19,74,-1,6,2,1.7329999999999988,-1
19,75,1,11,15,4.987,1
19,76,1,7,5,1.372,1
19,77,-1,15,3,0.7810000000000024,-1
19,78,1,10,15,1.022000000000002,1
19,79,-1,16,4,0.9209999999999994,-1
19,80,-1,11,12,10.445,1
19,81,1,7,12,0.8009999999999948,1
19,82,1,7,9,3.5050000000000026,1
19,83,1,3,11,3.064,1
19,84,-1,15,5,1.402000000000001,-1
19,85,-1,14,8,0.7209999999999965,-1
19,86,1,9,14,0.6409999999999982,1
19,87,-1,5,8,0.9520000000000052,1
19,88,1,12,10,1.8220000000000027,-1
19,89,-1,10,1,0.6709999999999994,-1
19,90,1,7,10,0.8909999999999982,1
19,91,1,4,7,2.963999999999998,1
19,92,1,1,7,0.7909999999999968,1
19,93,1,8,15,1.6829999999999998,1
19,94,-1,16,3,0.581,-1
19,95,-1,10,5,2.9040000000000004,-1
19,96,-1,16,5,0.6709999999999994,-1
19,97,-1,3,2,0.5999999999999996,-1
19,98,1,4,11,0.6210000000000004,1
19,99,-1,7,6,2.5730000000000004,-1
19,100,-1,12,1,0.981,-1
19,101,-1,10,13,2.604000000000001,1
19,102,-1,16,1,0.690999999999999,-1
19,103,1,13,12,13.348999999999997,1
19,104,-1,9,1,0.5600000000000023,-1
19,105,1,1,6,0.5510000000000019,-1
19,106,-1,11,2,0.5609999999999999,-1
19,107,1,1,4,0.6310000000000002,-1
19,108,1,2,5,0.9420000000000002,1
19,109,-1,14,6,1.152000000000001,-1
19,110,-1,2,8,1.671999999999997,1
19,111,1,9,10,0.7909999999999968,1
19,112,-1,16,6,0.5409999999999968,-1
19,113,1,2,12,0.6310000000000002,1
19,114,-1,13,9,1.421999999999997,-1
19,115,-1,16,11,0.7010000000000005,-1
19,116,-1,5,3,0.6310000000000002,-1
19,117,1,2,9,1.181999999999995,1
19,118,1,6,3,2.804000000000002,1
19,119,1,12,5,4.987000000000002,-1
20,1,-1,11,6,100.976,-1
20,2,-1,15,2,14.03,-1
20,3,-1,14,2,8.701999999999998,-1
20,4,1,1,8,14.731000000000002,1
20,5,-1,5,9,12.228000000000002,1
20,6,-1,4,3,16.974,1
20,7,1,13,16,32.467,1
20,8,1,15,16,13.279,-1
20,9,-1,4,8,20.35,1
20,10,1,10,2,20.25,-1
20,11,1,1,3,3.815999999999999,-1
20,12,1,1,14,15.663,1
20,13,-1,9,16,19.989000000000004,1
20,14,1,4,9,2.473,1
20,15,1,11,14,8.691999999999998,1
20,16,-1,10,4,19.789,-1
20,17,-1,11,8,11.046,1
20,18,1,8,7,7.0,-1
20,19,-1,1,11,7.550000000000001,1
20,20,1,5,14,0.6010000000000009,1
20,21,1,1,5,6.568999999999999,1
20,22,1,13,14,4.655999999999999,1
20,23,-1,15,6,3.4549999999999983,-1
20,24,1,12,15,15.012,1
20,25,-1,12,3,4.836999999999996,-1
20,26,-1,12,4,4.405999999999999,-1
20,27,1,9,8,13.439,1
20,28,-1,9,11,8.993,1
20,29,-1,13,4,2.6340000000000003,-1
20,30,-1,11,5,8.141999999999996,-1
20,31,1,6,13,5.817999999999998,1
20,32,1,3,7,8.753,1
20,33,1,9,12,7.080000000000005,1
20,34,-1,16,14,8.050999999999998,1
20,35,-1,15,4,4.917,-1
20,36,-1,14,7,3.055,-1
20,37,1,2,1,18.387000000000004,1
20,38,1,3,10,1.8729999999999976,1
20,39,-1,9,3,7.43,-1
20,40,-1,16,8,2.783999999999999,-1
20,41,1,13,11,18.937,-1
20,42,-1,14,4,1.322000000000001,-1
20,43,-1,15,13,7.329999999999998,-1
20,44,-1,11,7,3.785,-1
20,45,1,1,13,2.503999999999998,1
20,46,-1,10,8,3.7849999999999966,-1
20,47,1,7,13,4.777000000000001,1
20,48,-1,16,7,2.0630000000000024,-1
20,49,1,6,10,2.0929999999999964,1
20,50,-1,14,15,0.4110000000000013,1
20,51,1,1,15,0.9609999999999984,1
20,52,-1,10,11,5.457999999999998,-1
20,53,1,3,14,2.0930000000000035,1
20,54,1,9,15,4.0760000000000005,1
20,55,1,8,13,4.486000000000001,1
20,56,1,12,14,6.328999999999999,-1
20,57,-1,7,2,13.830000000000002,-1
20,58,-1,4,2,4.305999999999997,-1
20,59,-1,13,2,4.866999999999997,-1
20,60,1,2,16,2.683999999999997,1
20,61,-1,5,4,3.073999999999998,-1
20,62,1,3,8,11.366,1
20,63,1,6,9,2.8039999999999985,1
20,64,-1,5,13,13.81,1
20,65,1,12,16,1.7420000000000009,-1
20,66,1,6,12,3.5850000000000044,1
20,67,-1,16,10,4.286000000000001,-1
20,68,-1,6,4,7.821000000000005,1
20,69,-1,10,14,6.128,1
20,70,1,6,8,1.1610000000000014,1
20,71,-1,12,8,1.703000000000003,-1
20,72,1,7,15,0.911,1
20,73,-1,13,3,1.0909999999999995,-1
20,74,-1,6,2,1.141,-1
20,75,-1,15,11,1.3819999999999997,-1
20,76,1,7,5,2.163,1
20,77,1,3,15,0.891,1
20,78,1,15,10,18.907000000000004,-1
20,79,1,4,16,0.9719999999999978,1
20,80,1,12,11,3.995999999999999,-1
20,81,1,7,12,4.645999999999994,1
20,82,-1,9,7,4.667000000000002,-1
20,83,1,3,11,2.683999999999997,1
20,84,-1,5,15,4.366999999999997,1
20,85,1,8,14,1.091000000000001,1
20,86,1,9,14,1.070999999999998,1
20,87,1,8,5,0.7510000000000048,-1
20,88,1,12,10,6.149000000000001,-1
20,89,1,1,10,1.011,1
20,90,1,7,10,0.9009999999999998,1
20,91,1,4,7,0.9109999999999996,1
20,92,-1,7,1,0.902000000000001,-1
20,93,1,8,15,1.2620000000000005,1
20,94,-1,16,3,0.8309999999999995,-1
20,95,-1,10,5,1.2620000000000005,-1
20,96,1,5,16,6.789999999999999,1
20,97,1,2,3,0.772000000000002,1
20,98,-1,11,4,1.0620000000000012,-1
20,99,1,6,7,0.8510000000000026,1
20,100,-1,12,1,0.7510000000000012,-1
20,101,1,13,10,5.017,-1
20,102,-1,16,1,0.8619999999999948,-1
20,103,1,13,12,12.888999999999996,1
20,104,1,1,9,1.392000000000003,1
20,105,-1,6,1,0.7510000000000048,1
20,106,1,2,11,6.950000000000003,1
20,107,1,1,4,1.051000000000002,-1
20,108,1,5,2,6.960000000000001,-1
20,109,-1,14,6,1.231,-1
20,110,1,2,8,0.6109999999999989,1
20,111,-1,10,9,1.0409999999999986,-1
20,112,1,6,16,1.0709999999999995,1
20,113,-1,12,2,0.8510000000000009,-1
20,114,1,9,13,2.975,1
20,115,1,11,16,1.5519999999999996,1
20,116,-1,5,3,1.1809999999999974,-1
20,117,1,2,9,0.6910000000000025,1
20,118,-1,6,3,14.311,1
20,119,1,12,5,20.219,-1
21,1,1,11,3,40.699,-1
21,2,-1,6,2,6.087999999999999,-1
21,3,1,11,8,27.95,1
21,4,-1,16,3,11.226,-1
21,5,-1,14,15,13.920000000000002,1
21,6,1,7,15,5.167999999999999,1
21,7,-1,5,1,10.025,-1
21,8,1,1,6,7.981000000000002,-1
21,9,-1,10,9,13.39,-1
21,10,-1,6,9,14.38,1
21,11,-1,4,10,7.329999999999998,1
21,12,1,14,10,10.295000000000002,-1
21,13,1,1,9,4.837,1
21,14,1,5,9,12.748,1
21,15,-1,1,11,11.246000000000002,1
21,16,1,7,11,11.074999999999996,1
21,17,-1,4,13,9.913999999999994,1
21,18,-1,13,9,18.096,-1
21,19,-1,12,8,12.438,-1
21,20,-1,5,11,18.928,1
21,21,-1,10,6,4.947000000000001,-1
21,22,1,5,13,10.886000000000005,1
21,23,-1,11,10,3.695999999999998,1
21,24,1,2,8,7.7209999999999965,1
21,25,-1,8,13,5.167999999999999,1
21,26,1,3,5,2.2529999999999983,1
21,27,1,9,16,9.523999999999996,1
21,28,1,13,16,6.789999999999999,1
21,29,1,14,5,9.924,-1
21,30,1,6,4,4.536999999999999,1
21,31,-1,15,12,7.971,-1
21,32,1,10,5,9.223,-1
21,33,-1,9,7,0.971,-1
21,34,-1,13,7,3.875,-1
21,35,1,9,3,6.550000000000004,-1
21,36,-1,3,8,5.047000000000004,1
21,37,1,8,4,13.69,-1
21,38,-1,8,1,3.676000000000002,-1
21,39,-1,11,2,3.1639999999999944,-1
21,40,-1,15,1,2.474000000000004,-1
21,41,1,7,4,4.988,-1
21,42,1,3,15,4.536999999999999,1
21,43,1,2,13,2.2929999999999997,1
21,44,-1,13,1,2.7940000000000005,-1
21,45,1,12,14,4.126000000000001,-1
21,46,1,1,3,3.4549999999999983,-1
21,47,-1,4,12,4.646000000000001,1
21,48,1,3,10,8.591999999999999,1
21,49,-1,13,3,8.663000000000004,-1
21,50,1,8,5,3.1439999999999984,-1
21,51,1,1,12,2.193,1
21,52,1,8,16,2.604000000000001,1
21,53,1,2,14,4.7769999999999975,1
21,54,1,13,15,6.598999999999997,1
21,55,1,8,15,33.738,1
21,56,1,10,16,19.037,1
21,57,1,9,11,3.635000000000005,1
21,58,1,4,15,1.753,1
21,59,-1,7,3,5.267999999999994,-1
21,60,1,7,5,2.043,1
21,61,-1,16,11,2.514,-1
21,62,-1,10,8,3.335000000000001,-1
21,63,1,8,7,10.075,-1
21,64,-1,4,1,8.552,1
21,65,1,8,14,1.892000000000003,1
21,66,-1,10,7,4.585999999999999,-1
21,67,-1,10,12,10.034,1
21,68,-1,4,2,2.0330000000000013,-1
21,69,-1,8,6,2.2940000000000005,-1
21,70,1,6,11,1.843,1
21,71,1,6,16,3.154,1
21,72,1,6,13,2.3329999999999984,1
21,73,-1,8,9,5.006999999999998,-1
21,74,-1,16,12,7.009999999999998,1
21,75,1,10,1,3.775,-1
21,76,-1,16,15,2.173,1
21,77,1,9,15,3.686,1
21,78,-1,12,13,4.596999999999998,-1
21,79,1,3,12,3.5050000000000026,1
21,80,1,4,14,2.4040000000000035,1
21,81,-1,15,10,3.083999999999996,-1
21,82,-1,12,9,6.859999999999999,-1
21,83,1,7,6,8.362,-1
21,84,-1,14,7,2.2540000000000013,-1
21,85,1,7,12,5.1370000000000005,1
21,86,1,6,15,7.379999999999999,1
21,87,1,2,16,4.125999999999998,1
21,88,1,7,16,4.405999999999999,1
21,89,-1,11,13,7.981999999999999,1
21,90,-1,16,5,2.303,-1
21,91,-1,11,4,11.196000000000002,-1
21,92,-1,9,2,4.867000000000001,-1
21,93,1,14,16,7.259999999999998,-1
21,94,-1,14,3,2.533999999999999,-1
21,95,1,9,4,2.914000000000001,-1
21,96,-1,6,3,2.253,1
21,97,-1,5,4,2.8640000000000043,-1
21,98,-1,11,15,8.242000000000004,1
21,99,-1,2,1,6.84,1
21,100,1,2,15,1.4619999999999995,1
21,101,-1,12,6,8.072000000000003,-1
21,102,-1,14,11,6.118999999999996,-1
21,103,-1,4,3,3.594999999999999,1
21,104,-1,5,12,7.200000000000003,1
21,105,1,10,2,4.485999999999997,-1
21,106,1,2,7,8.162,1
21,107,-1,10,13,6.378999999999998,1
21,108,1,14,13,5.196999999999999,-1
21,109,-1,16,4,7.400999999999996,-1
21,110,-1,11,12,30.634,1
21,111,1,5,15,1.4720000000000013,1
21,112,1,1,7,1.9529999999999996,1
21,113,1,1,14,1.4319999999999986,1
21,114,1,2,3,3.4849999999999994,1
21,115,1,2,12,3.2950000000000017,1
21,116,1,6,14,5.298000000000002,1
21,117,-1,5,2,2.474000000000004,-1
21,118,-1,14,9,2.683,-1
21,119,1,1,16,1.2909999999999968,1
22,1,-1,2,6,134.974,1
22,2,1,11,8,11.125999999999998,1
22,3,-1,16,7,11.105999999999998,-1
22,4,-1,8,9,25.206000000000003,-1
22,5,-1,13,9,30.193,-1
22,6,1,8,16,4.427,1
22,7,-1,15,11,5.216999999999999,-1
22,8,1,7,1,7.650999999999996,-1
22,9,-1,10,13,0.3400000000000007,1
22,10,1,9,14,2.955000000000002,1
22,11,-1,11,6,5.207999999999998,-1
22,12,1,4,15,7.860999999999997,1
22,13,1,2,16,6.450000000000003,1
22,14,-1,5,9,3.2849999999999966,1
22,15,1,7,4,2.9250000000000007,-1
22,16,-1,15,6,19.568,-1
22,17,-1,3,10,8.002000000000002,1
22,18,-1,15,16,28.531,-1
22,19,1,8,1,6.069000000000003,-1
22,20,-1,4,1,4.246000000000002,1
22,21,1,6,1,2.1940000000000026,1
22,22,1,10,12,7.841000000000001,1
22,23,1,14,1,9.483999999999998,-1
22,24,1,8,15,6.899999999999999,1
22,25,-1,3,2,6.009,-1
22,26,1,6,14,8.241999999999997,1
22,27,-1,12,4,9.174,-1
22,28,1,10,1,8.683,-1
22,29,-1,13,3,5.417000000000001,-1
22,30,1,10,14,1.4220000000000006,1
22,31,1,14,5,2.564,-1
22,32,1,8,10,8.662999999999997,1
22,33,-1,9,2,4.976999999999997,-1
22,34,1,13,16,3.7150000000000034,1
22,35,-1,11,2,5.849,-1
22,36,1,6,16,7.520000000000001,1
22,37,1,13,8,5.698,-1
22,38,1,2,7,3.766000000000002,1
22,39,1,6,4,4.515999999999998,1
22,40,-1,4,2,1.2520000000000024,-1
22,41,-1,16,14,26.52800000000001,1
22,42,1,6,9,6.049,1
22,43,-1,10,6,4.0660000000000025,-1
22,44,1,12,13,8.633,-1
22,45,1,6,3,6.088999999999999,1
22,46,1,6,8,4.997,1
22,47,1,4,14,7.009999999999998,1
22,48,-1,5,2,3.0250000000000004,-1
22,49,1,2,10,3.744999999999999,1
22,50,-1,11,1,4.655999999999999,-1
22,51,-1,8,7,6.1590000000000025,-1
22,52,-1,12,6,3.014,-1
22,53,1,5,12,7.34,1
22,54,-1,1,9,10.976,1
22,55,-1,12,1,3.706000000000003,-1
22,56,-1,14,8,4.116,-1
22,57,-1,7,9,4.256,1
22,58,1,11,13,7.951,1
22,59,-1,16,4,4.907,-1
22,60,-1,11,5,6.339000000000002,-1
22,61,1,3,15,3.805,1
22,62,-1,16,9,1.7020000000000053,-1
22,63,-1,13,6,3.515000000000001,-1
22,64,-1,13,7,2.203000000000003,-1
22,65,1,1,13,1.7929999999999993,1
22,66,1,11,14,3.4450000000000003,1
22,67,-1,8,2,3.1850000000000005,-1
22,68,-1,7,6,4.907000000000001,-1
22,69,1,15,10,2.273,-1
22,70,-1,14,7,1.4720000000000013,-1
22,71,1,10,16,0.9209999999999994,1
22,72,1,3,7,4.055999999999997,1
22,73,1,11,16,5.618000000000002,1
22,74,1,2,13,3.634999999999998,1
22,75,-1,11,9,2.003,-1
22,76,-1,10,9,3.4450000000000003,-1
22,77,1,10,4,1.2120000000000033,-1
22,78,1,11,12,13.76,1
22,79,-1,8,5,11.636,-1
22,80,-1,16,5,9.873999999999995,-1
22,81,-1,15,13,7.22,-1
22,82,-1,15,1,6.429,-1
22,83,-1,16,3,5.788,-1
22,84,-1,12,16,4.006,-1
22,85,-1,3,11,5.157999999999998,1
22,86,1,4,8,6.459000000000003,1
22,87,-1,15,14,13.168999999999995,-1
22,88,1,2,15,5.306999999999999,1
22,89,1,9,15,2.2829999999999977,1
22,90,-1,5,3,13.53,-1
22,91,1,11,10,4.787000000000006,1
22,92,1,7,10,12.027,1
22,93,-1,15,12,20.079,-1
22,94,1,2,1,1.3520000000000003,1
22,95,1,9,12,12.398,1
22,96,-1,8,3,17.205,-1
22,97,-1,5,13,19.047000000000004,1
22,98,-1,12,3,5.277999999999999,-1
22,99,-1,12,14,28.891,-1
22,100,1,13,14,14.391000000000002,1
22,101,-1,5,10,8.232,1
22,102,1,4,11,16.924,1
22,103,1,4,13,2.814,1
22,104,1,1,16,7.870999999999999,1
22,105,1,9,4,3.995999999999999,-1
22,106,1,12,2,9.243000000000002,-1
22,107,1,3,14,8.793,1
22,108,-1,4,3,4.5760000000000005,1
22,109,1,5,15,5.979000000000001,1
22,110,1,3,1,3.335000000000001,1
22,111,1,7,12,4.878,1
22,112,1,4,5,7.07,1
22,113,1,5,1,7.881999999999998,-1
22,114,-1,5,7,10.073999999999998,-1
22,115,1,7,15,5.998000000000001,1
22,116,1,2,14,7.300999999999998,1
22,117,-1,7,11,6.0390000000000015,1
22,118,1,8,12,9.343999999999994,1
22,119,1,9,3,3.765000000000001,-1
23,1,1,15,16,144.518,-1
23,2,1,11,4,12.437999999999995,-1
23,3,-1,11,13,8.100999999999999,1
23,4,1,8,5,31.686,-1
23,5,1,3,1,1.972999999999999,1
23,6,-1,5,13,1.7920000000000016,1
23,7,1,13,9,38.636,-1
23,8,1,6,2,1.683,-1
23,9,-1,4,1,0.8309999999999995,1
23,10,-1,10,4,9.814000000000002,-1
23,11,1,1,9,9.113,1
23,12,-1,10,14,18.877,1
23,13,-1,15,12,3.5249999999999986,-1
23,14,-1,7,6,2.473,-1
23,15,-1,3,2,1.3520000000000003,-1
23,16,-1,12,4,1.4620000000000015,-1
23,17,-1,5,9,1.2720000000000002,1
23,18,1,4,8,0.7109999999999985,1
23,19,-1,9,4,0.4100000000000001,-1
23,20,1,4,13,0.8510000000000026,1
23,21,-1,16,2,0.4809999999999981,-1
23,22,1,3,5,0.7209999999999965,1
23,23,1,1,7,1.0919999999999987,1
23,24,-1,14,4,0.5509999999999984,-1
23,25,1,2,12,0.4909999999999996,1
23,26,-1,16,11,0.5199999999999996,-1
23,27,1,12,11,4.4460000000000015,-1
23,28,-1,10,9,2.103000000000001,-1
23,29,-1,3,6,3.4350000000000023,-1
23,30,-1,15,7,1.881999999999998,-1
23,31,1,5,14,2.083000000000005,1
23,32,1,4,15,1.2820000000000036,1
23,33,-1,6,1,0.7320000000000064,1
23,34,-1,6,4,1.713000000000001,1
23,35,1,3,10,0.9209999999999994,1
23,36,1,5,15,2.3029999999999973,1
23,37,-1,14,11,1.342,-1
23,38,-1,3,4,1.822,-1
23,39,1,8,12,0.912,1
23,40,1,8,9,2.1530000000000005,-1
23,41,1,1,14,1.252000000000001,1
23,42,-1,10,11,1.1420000000000012,-1
23,43,1,8,15,1.1320000000000014,1
23,44,1,14,16,1.0809999999999995,-1
23,45,1,9,15,1.4130000000000005,1
23,46,-1,10,12,1.843,1
23,47,1,1,11,0.971,1
23,48,1,6,13,0.9719999999999978,1
23,49,-1,16,5,0.9619999999999996,-1
23,50,1,3,11,0.7909999999999968,1
23,51,-1,14,8,0.6509999999999962,-1
23,52,-1,15,6,0.8410000000000011,-1
23,53,1,5,4,1.4420000000000002,-1
23,54,-1,8,3,0.8509999999999991,-1
23,55,-1,16,12,0.9619999999999962,1
23,56,-1,5,11,1.713000000000001,1
23,57,1,3,12,0.8909999999999982,1
23,58,-1,14,3,0.6109999999999971,-1
23,59,-1,12,9,1.0519999999999996,-1
23,60,-1,10,15,1.032,1
23,61,1,1,16,0.5910000000000002,1
23,62,1,7,11,1.5019999999999998,1
23,63,-1,8,2,0.5600000000000005,-1
23,64,1,2,7,0.690999999999999,1
23,65,-1,13,8,0.7509999999999994,-1
23,66,-1,11,2,0.8410000000000011,-1
23,67,-1,11,6,0.8010000000000002,-1
23,68,-1,14,6,0.5910000000000011,-1
23,69,-1,12,5,1.1610000000000014,-1
23,70,-1,16,4,0.6610000000000014,-1
23,71,-1,16,8,0.820999999999998,-1
23,72,-1,10,1,0.5210000000000008,-1
23,73,-1,13,12,0.6809999999999974,1
23,74,-1,1,2,0.9609999999999984,-1
23,75,-1,15,1,0.5609999999999999,-1
23,76,1,6,12,0.5210000000000008,1
23,77,-1,7,12,0.4110000000000013,1
23,78,-1,11,9,1.2609999999999957,-1
23,79,1,14,15,0.9420000000000002,1
23,80,-1,14,9,0.480000000000004,-1
23,81,-1,9,6,0.7310000000000016,-1
23,82,-1,5,7,0.9720000000000012,-1
23,83,-1,15,13,0.7310000000000016,-1
23,84,1,6,10,0.5,1
23,85,-1,15,2,0.3909999999999982,-1
23,86,-1,7,4,0.5910000000000011,-1
23,87,-1,15,11,0.7010000000000005,-1
23,88,1,5,10,0.519999999999996,1
23,89,-1,8,6,0.331000000000003,-1
23,90,1,9,3,0.5309999999999988,-1
23,91,1,2,10,0.8410000000000011,1
23,92,-1,15,3,0.3909999999999982,-1
23,93,-1,13,2,0.5700000000000001,-1
23,94,-1,13,1,0.5710000000000002,-1
23,95,1,16,9,0.4900000000000002,-1
23,96,-1,16,13,0.4209999999999994,-1
23,97,1,13,10,0.5609999999999999,-1
23,98,1,7,8,1.702,1
23,99,-1,4,2,0.4909999999999996,-1
23,100,1,2,14,0.4809999999999998,1
23,101,-1,16,3,0.4610000000000003,-1
23,102,-1,14,13,0.952,-1
23,103,1,10,16,0.5810000000000013,1
23,104,-1,12,1,0.5010000000000012,-1
23,105,-1,10,8,0.7210000000000001,-1
23,106,-1,11,8,0.4799999999999969,1
23,107,-1,14,12,0.5210000000000008,1
23,108,-1,9,7,0.5609999999999999,-1
23,109,-1,8,1,0.5510000000000019,-1
23,110,-1,10,7,0.9110000000000014,-1
23,111,-1,9,2,0.6009999999999991,-1
23,112,-1,16,6,0.4799999999999969,-1
23,113,1,7,14,0.6210000000000022,1
23,114,-1,16,7,0.4799999999999969,-1
23,115,-1,13,7,0.6610000000000014,-1
23,116,-1,5,2,0.580999999999996,-1
23,117,1,3,13,0.6709999999999994,1
23,118,-1,7,3,0.9209999999999994,-1
23,119,1,1,5,0.8319999999999936,1
24,1,-1,8,14,61.208,1
24,2,1,6,4,6.649999999999999,1
24,3,1,9,4,0.831,-1
24,4,1,2,7,1.973,1
24,5,1,15,14,8.362000000000002,-1
24,6,1,9,15,1.0720000000000027,1
24,7,1,3,9,2.312999999999999,1
24,8,-1,5,9,6.91,1
24,9,1,1,4,0.971,-1
24,10,1,2,14,1.732999999999997,1
24,11,1,2,15,1.1509999999999962,1
24,12,-1,14,6,1.1210000000000022,-1
24,13,-1,10,7,1.2220000000000013,-1
24,14,1,9,7,2.263999999999996,-1
24,15,1,13,15,1.1409999999999982,1
24,16,-1,8,7,1.9029999999999987,-1
24,17,-1,5,1,0.9309999999999974,-1
24,18,-1,13,1,0.7210000000000036,-1
24,19,-1,13,9,1.0820000000000007,-1
24,20,1,9,16,1.633000000000003,1
24,21,1,9,10,0.820999999999998,1
24,22,-1,6,2,1.0309999999999988,-1
24,23,-1,13,2,0.6509999999999962,-1
24,24,1,3,15,0.9309999999999974,1
24,25,1,3,7,1.4620000000000002,1
24,26,-1,8,6,0.7509999999999999,-1
24,27,1,6,10,0.5510000000000002,1
24,28,-1,16,13,0.7610000000000001,-1
24,29,1,11,8,1.652,1
24,30,1,4,3,1.411999999999999,1
24,31,1,10,15,1.4219999999999988,1
24,32,-1,15,1,0.8410000000000011,-1
24,33,1,1,12,0.8209999999999997,1
24,34,1,3,16,0.9819999999999992,1
24,35,1,4,14,0.5710000000000015,1
24,36,-1,14,12,0.6109999999999971,1
24,37,-1,12,7,1.1910000000000025,-1
24,38,1,8,13,1.4920000000000009,1
24,39,-1,5,14,1.0109999999999992,1
24,40,1,3,14,1.0110000000000028,1
24,41,-1,16,2,0.6010000000000026,-1
24,42,1,8,5,1.2620000000000005,-1
24,43,1,1,11,0.7519999999999953,1
24,44,1,1,2,1.743000000000002,-1
24,45,-1,14,11,1.7820000000000036,-1
24,46,-1,14,1,0.5910000000000011,-1
24,47,1,6,12,0.5910000000000011,1
24,48,1,2,8,0.8509999999999991,1
24,49,-1,8,4,0.6809999999999974,-1
24,50,-1,16,8,0.9110000000000014,-1
24,51,-1,13,11,1.7730000000000032,-1
24,52,-1,12,4,0.6209999999999951,-1
24,53,-1,12,13,2.263000000000005,-1
24,54,-1,14,13,1.3519999999999968,-1
24,55,-1,11,6,0.6409999999999982,-1
24,56,1,2,4,0.7310000000000016,1
24,57,1,11,5,1.503,-1
24,58,-1,8,3,0.6509999999999962,-1
24,59,-1,16,12,1.5529999999999973,1
24,60,1,12,15,0.911,1
24,61,-1,10,2,0.621,-1
24,62,1,14,16,2.854,-1
24,63,-1,9,6,1.4320000000000004,-1
24,64,1,6,15,0.9009999999999998,1
24,65,1,8,10,0.911999999999999,1
24,66,1,1,8,0.6310000000000002,1
24,67,1,4,16,0.6009999999999991,1
24,68,-1,10,3,0.921999999999997,-1
24,69,1,2,12,0.6309999999999967,1
24,70,-1,9,2,0.6110000000000007,-1
24,71,1,2,3,0.5710000000000015,1
24,72,1,7,16,1.061,1
24,73,1,7,14,0.6410000000000018,1
24,74,-1,16,1,0.6010000000000026,-1
24,75,1,5,12,0.8009999999999984,1
24,76,1,1,7,0.8109999999999999,1
24,77,-1,12,8,1.4519999999999982,-1
24,78,1,11,12,1.5919999999999987,1
24,79,-1,16,11,0.9209999999999994,-1
24,80,-1,11,2,0.9710000000000036,-1
24,81,-1,10,1,0.5700000000000003,-1
24,82,-1,10,14,1.3019999999999996,1
24,83,1,11,15,0.6910000000000025,1
24,84,1,7,5,0.7809999999999988,1
24,85,1,3,13,0.5510000000000019,1
24,86,-1,15,8,0.8509999999999991,-1
24,87,1,1,9,0.4910000000000067,1
24,88,1,5,13,3.073999999999998,1
24,89,-1,6,1,0.6709999999999994,1
24,90,-1,13,4,1.2719999999999985,-1
24,91,-1,13,6,1.602000000000004,-1
24,92,-1,10,12,1.4420000000000002,1
24,93,1,8,9,1.452,-1
24,94,1,2,5,0.5709999999999997,1
24,95,-1,15,4,0.52,-1
24,96,1,4,11,0.681,1
24,97,-1,3,1,0.9319999999999996,1
24,98,-1,16,6,1.061,-1
24,99,1,7,11,1.1419999999999997,1
24,100,-1,7,6,5.228,-1
24,101,-1,16,5,1.2620000000000005,-1
24,102,-1,16,15,1.7219999999999978,1
24,103,-1,4,7,2.6340000000000003,1
24,104,1,16,10,1.2620000000000005,-1
24,105,1,9,12,1.2120000000000033,1
24,106,1,9,11,0.6410000000000018,1
24,107,-1,5,3,1.3120000000000012,-1
24,108,-1,3,6,1.4119999999999957,-1
24,109,1,4,10,0.3010000000000019,1
24,110,1,10,11,3.634999999999998,-1
24,111,1,3,11,0.9909999999999995,1
24,112,1,9,14,1.6229999999999976,1
24,113,-1,10,5,2.1129999999999995,-1
24,114,1,7,13,2.022999999999996,1
24,115,-1,15,7,1.171999999999997,-1
24,116,1,10,13,1.972999999999999,1
24,117,1,4,5,1.1409999999999982,1
24,118,1,15,5,2.0929999999999964,-1
24,119,-1,12,3,0.7920000000000016,-1
25,1,1,6,15,50.533,1
25,2,-1,12,8,1.762999999999998,-1
25,3,-1,14,4,3.2949999999999946,-1
25,4,1,4,12,1.392000000000003,1
25,5,1,3,10,21.862,1
25,6,-1,10,15,0.4199999999999981,1
25,7,-1,11,2,0.9919999999999972,-1
25,8,-1,14,11,1.5820000000000007,-1
25,9,1,1,16,0.9110000000000014,1
25,10,-1,16,14,1.0010000000000048,1
25,11,-1,8,9,1.1310000000000002,-1
25,12,-1,16,11,1.5230000000000032,-1
25,13,1,1,10,0.8909999999999982,1
25,14,-1,12,7,0.6610000000000014,-1
25,15,-1,15,12,0.7710000000000008,-1
25,16,1,6,16,0.6310000000000002,1
25,17,1,6,14,0.7409999999999997,1
25,18,-1,8,4,0.5910000000000011,-1
25,19,-1,11,5,0.9919999999999972,-1
25,20,-1,5,4,0.6910000000000025,-1
25,21,-1,6,3,1.4420000000000002,1
25,22,-1,13,7,0.6600000000000037,-1
25,23,1,6,13,1.0419999999999945,1
25,24,-1,10,2,0.5100000000000051,-1
25,25,-1,9,1,0.6509999999999962,-1
25,26,-1,5,13,1.5919999999999987,1
25,27,-1,12,9,0.661,-1
25,28,1,8,10,0.681,1
25,29,-1,15,1,0.54,-1
25,30,-1,13,3,0.6109999999999998,-1
25,31,-1,4,3,0.7809999999999997,1
25,32,-1,11,6,1.0510000000000002,-1
25,33,1,4,11,0.641,1
25,34,1,9,11,0.5800000000000001,1
25,35,1,1,7,0.7110000000000003,1
25,36,1,12,14,0.981,-1
25,37,-1,11,3,0.641,-1
25,38,-1,7,9,0.9310000000000008,1
25,39,-1,14,7,0.4709999999999965,-1
25,40,1,9,14,0.5109999999999992,1
25,41,1,6,9,0.6110000000000007,1
25,42,-1,16,2,0.4909999999999996,-1
25,43,1,5,14,0.950999999999997,1
25,44,-1,8,1,0.6509999999999998,-1
25,45,-1,13,9,1.4619999999999995,-1
25,46,-1,15,8,0.7710000000000008,-1
25,47,1,7,11,1.1910000000000025,1
25,48,-1,13,11,1.7929999999999993,-1
25,49,1,4,7,1.381999999999998,1
25,50,-1,15,7,0.7109999999999985,-1
25,51,-1,1,2,2.5330000000000013,-1
25,52,1,1,6,0.8909999999999982,-1
25,53,1,4,16,0.6610000000000014,1
25,54,1,8,13,0.7010000000000005,1
25,55,1,1,12,0.6109999999999971,1
25,56,-1,10,12,0.7609999999999957,1
25,57,-1,5,2,0.5500000000000043,-1
25,58,-1,3,8,2.083000000000005,1
25,59,-1,7,6,0.5109999999999957,-1
25,60,1,7,5,0.6009999999999991,1
25,61,1,5,12,0.7210000000000036,1
25,62,-1,10,11,1.4720000000000013,-1
25,63,-1,8,2,0.5700000000000003,-1
25,64,1,7,10,1.3019999999999996,1
25,65,-1,16,5,0.7809999999999988,-1
25,66,1,7,8,1.330999999999996,1
25,67,1,1,14,0.7109999999999985,1
25,68,-1,10,13,0.6910000000000025,1
25,69,-1,10,9,0.621,-1
25,70,-1,16,13,0.7310000000000001,-1
25,71,-1,3,1,1.3520000000000003,1
25,72,-1,5,15,2.2030000000000003,1
25,73,-1,14,2,0.4699999999999988,-1
25,74,1,4,13,0.5510000000000002,1
25,75,-1,9,2,0.5310000000000006,-1
25,76,1,9,3,0.6109999999999989,-1
25,77,-1,15,13,1.241999999999999,-1
25,78,1,12,16,2.4730000000000008,-1
25,79,-1,9,4,0.8109999999999999,-1
25,80,1,8,5,0.6709999999999994,-1
25,81,-1,16,7,0.6709999999999994,-1
25,82,1,1,11,0.6809999999999974,1
25,83,1,10,16,0.7610000000000028,1
25,84,1,3,5,3.2950000000000017,1
25,85,-1,10,4,0.5910000000000011,-1
25,86,1,8,11,1.2420000000000009,-1
25,87,1,9,15,1.4520000000000015,1
25,88,1,3,15,1.0820000000000043,1
25,89,1,13,14,1.8519999999999968,1
25,90,1,5,10,1.4420000000000002,1
25,91,-1,4,2,0.6709999999999994,-1
25,92,-1,16,8,2.0429999999999997,-1
25,93,-1,1,4,2.6529999999999987,-1
25,94,-1,8,6,0.6509999999999962,-1
25,95,-1,13,12,0.9709999999999964,1
25,96,1,9,16,0.6599999999999966,1
25,97,-1,16,15,0.6310000000000002,1
25,98,1,2,12,0.5910000000000011,1
25,99,-1,15,11,0.5910000000000011,-1
25,100,1,3,7,2.0929999999999964,1
25,101,1,1,13,1.2119999999999962,1
25,102,-1,15,14,0.7610000000000028,-1
25,103,-1,15,2,0.9919999999999972,-1
25,104,-1,3,2,0.8310000000000031,-1
25,105,-1,5,1,0.8209999999999997,-1
25,106,1,8,14,2.2330000000000005,1
25,107,1,4,15,1.9929999999999997,1
25,108,1,6,12,1.552999999999999,1
25,109,1,2,13,1.5120000000000005,1
25,110,-1,12,11,1.0920000000000003,-1
25,111,-1,6,2,1.9930000000000003,-1
25,112,-1,14,10,1.7829999999999997,-1
25,113,-1,5,9,2.0329999999999977,1
25,114,-1,7,2,0.6410000000000018,-1
25,115,1,12,3,1.532,-1
25,116,1,3,14,0.820999999999998,1
25,117,-1,4,6,0.7109999999999985,-1
25,118,-1,16,3,0.5509999999999984,-1
25,119,1,6,10,0.7910000000000004,1
26,1,1,14,15,140.152,1
26,2,1,11,5,9.163,-1
26,3,1,12,16,12.337000000000002,-1
26,4,1,2,6,8.793,1
26,5,-1,11,1,7.271000000000001,-1
26,6,-1,12,4,9.975,-1
26,7,1,10,16,13.168999999999995,1
26,8,1,2,16,8.182,1
26,9,-1,15,1,11.036,-1
26,10,-1,12,2,7.782000000000004,-1
26,11,-1,10,14,16.884,1
26,12,-1,12,1,20.408999999999992,-1
26,13,-1,14,1,14.892,-1
26,14,1,13,10,30.363,-1
26,15,1,2,9,26.188,1
26,16,1,9,11,11.627000000000002,1
26,17,1,11,16,28.361,1
26,18,-1,12,8,32.086,-1
26,19,-1,16,7,28.03100000000001,-1
26,20,-1,10,6,57.813,-1
26,21,-1,14,5,28.961,-1
26,22,-1,11,12,10.656,1
26,23,1,2,4,18.637,1
26,24,-1,16,13,29.242,-1
26,25,-1,10,15,31.896,1
26,26,1,4,13,20.389000000000003,1
26,27,-1,15,2,8.152000000000001,-1
26,28,1,4,10,6.989999999999995,1
26,29,-1,14,9,9.634,-1
26,30,1,6,9,1.0309999999999997,1
26,31,-1,13,12,11.035999999999998,1
26,32,-1,10,8,3.214000000000002,-1
26,33,1,4,11,0.9909999999999995,1
26,34,1,1,4,0.8410000000000011,-1
26,35,1,3,8,9.184000000000005,1
26,36,1,3,1,4.617000000000004,1
26,37,-1,10,9,5.437000000000005,-1
26,38,1,2,10,1.5619999999999976,1
26,39,-1,14,11,5.067,-1
26,40,-1,15,3,1.8230000000000004,-1
26,41,1,4,15,0.921999999999997,1
26,42,-1,13,11,9.082999999999998,-1
26,43,-1,1,2,18.737,-1
26,44,1,2,14,2.3029999999999973,1
26,45,1,3,12,1.5920000000000023,1
26,46,-1,9,7,9.677,-1
26,47,1,6,14,1.743000000000002,1
26,48,-1,6,1,5.679000000000002,1
26,49,1,1,5,3.945,1
26,50,1,6,11,5.287999999999997,1
26,51,-1,9,1,5.068,-1
26,52,1,8,7,12.547999999999998,-1
26,53,1,6,15,2.183,1
26,54,1,1,7,1.833000000000002,1
26,55,1,1,8,1.4319999999999986,1
26,56,-1,7,6,1.372,-1
26,57,-1,5,8,1.881999999999998,1
26,58,-1,14,12,4.176000000000002,1
26,59,1,6,16,3.103999999999999,1
26,60,-1,15,11,2.823999999999998,-1
26,61,-1,15,12,4.155999999999999,-1
26,62,-1,15,13,3.4649999999999963,-1
26,63,-1,5,3,3.105000000000004,-1
26,64,-1,14,4,2.0530000000000044,-1
26,65,-1,16,15,4.156000000000001,1
26,66,-1,16,4,3.635,-1
26,67,1,3,10,2.334,1
26,68,1,8,9,6.560000000000002,-1
26,69,1,2,13,2.274000000000001,1
26,70,-1,5,7,3.0249999999999986,-1
26,71,-1,12,10,3.655999999999999,-1
26,72,1,6,3,8.582,1
26,73,-1,11,10,3.644999999999996,1
26,74,-1,8,4,1.852000000000004,-1
26,75,-1,16,5,3.906000000000006,-1
26,76,-1,15,7,2.4029999999999987,-1
26,77,1,7,12,1.941999999999993,1
26,78,-1,13,3,1.562,-1
26,79,-1,7,2,1.1919999999999995,-1
26,80,1,8,13,2.5940000000000003,1
26,81,-1,14,3,1.150999999999999,-1
26,82,-1,13,5,5.207000000000001,-1
26,83,1,9,13,1.5719999999999992,1
26,84,1,8,14,1.2119999999999995,1
26,85,1,7,13,1.722999999999999,1
26,86,-1,11,8,1.5430000000000028,1
26,87,-1,8,2,2.974999999999998,-1
26,88,1,10,5,6.809999999999999,-1
26,89,1,9,5,1.0919999999999987,-1
26,90,1,4,3,1.4719999999999942,1
26,91,1,9,16,0.9720000000000012,1
26,92,-1,10,7,1.6530000000000058,-1
26,93,1,3,16,2.323999999999998,1
26,94,-1,12,6,3.134999999999998,-1
26,95,1,2,3,0.9320000000000022,1
26,96,-1,11,3,1.722999999999999,-1
26,97,1,7,14,1.891999999999996,1
26,98,-1,15,5,2.533999999999999,-1
26,99,-1,11,7,3.184999999999995,-1
26,100,1,2,5,2.533,1
26,101,1,6,4,2.514,1
26,102,1,9,12,1.5820000000000007,1
26,103,1,8,16,3.375,1
26,104,-1,16,14,2.9239999999999995,1
26,105,-1,14,13,2.3029999999999973,-1
26,106,-1,8,6,1.0409999999999968,-1
26,107,-1,7,3,1.0710000000000015,-1
26,108,1,9,15,1.2620000000000005,1
26,109,-1,13,6,0.9220000000000006,-1
26,110,-1,10,1,0.7510000000000012,-1
26,111,1,3,9,1.0209999999999972,1
26,112,1,4,9,0.7309999999999981,1
26,113,1,4,5,0.7409999999999997,1
26,114,-1,5,12,2.003,1
26,115,1,2,11,1.0120000000000005,1
26,116,-1,15,8,1.0720000000000027,-1
26,117,1,1,16,0.6709999999999994,1
26,118,1,1,13,0.6510000000000034,1
26,119,-1,7,4,0.8519999999999968,-1
27,1,1,2,5,107.965,1
27,2,1,6,15,1.2410000000000032,1
27,3,1,9,13,1.602999999999998,1
27,4,1,5,16,1.802,1
27,5,1,1,13,1.1320000000000014,1
27,6,1,13,12,12.548000000000002,1
27,7,-1,14,13,6.128999999999998,-1
27,8,1,12,10,1.8329999999999984,-1
27,9,-1,3,2,0.9909999999999995,-1
27,10,1,2,15,1.0120000000000005,1
27,11,-1,12,4,4.4169999999999945,-1
27,12,1,3,16,1.2320000000000002,1
27,13,1,9,15,1.893,1
27,14,1,6,16,1.1819999999999986,1
27,15,1,14,15,5.3480000000000025,1
27,16,1,4,13,3.1950000000000003,1
27,17,-1,16,15,2.103000000000001,1
27,18,-1,11,2,1.172000000000004,-1
27,19,1,16,7,0.4510000000000005,-1
27,20,1,2,4,0.8719999999999999,1
27,21,1,8,16,1.382000000000005,1
27,22,-1,11,6,1.2019999999999982,-1
27,23,-1,10,1,0.8610000000000042,-1
27,24,1,9,11,1.933,1
27,25,-1,8,6,1.821999999999996,-1
27,26,-1,11,7,1.0419999999999945,-1
27,27,-1,15,11,4.004999999999996,-1
27,28,-1,15,10,2.093,-1
27,29,1,4,15,1.6130000000000004,1
27,30,-1,16,4,1.4619999999999995,-1
27,31,-1,9,7,4.176,-1
27,32,1,5,14,3.4250000000000007,1
27,33,-1,10,2,1.2019999999999982,-1
27,34,1,10,16,3.975999999999999,1
27,35,-1,5,9,1.643000000000001,1
27,36,1,4,9,1.2609999999999992,1
27,37,-1,3,1,1.102000000000004,1
27,38,-1,1,6,1.6129999999999995,-1
27,39,1,12,16,0.3900000000000005,-1
27,40,-1,10,11,2.0730000000000004,-1
27,41,-1,1,4,1.231999999999999,-1
27,42,1,15,1,1.3019999999999996,-1
27,43,1,1,16,1.2820000000000036,1
27,44,-1,14,2,1.853000000000001,-1
27,45,-1,8,3,1.9029999999999987,-1
27,46,-1,16,11,1.5319999999999965,-1
27,47,-1,14,9,1.631999999999998,-1
27,48,-1,5,3,1.432,-1
27,49,-1,15,3,0.9010000000000008,-1
27,50,-1,16,14,1.252000000000001,1
27,51,1,4,11,1.241999999999999,1
27,52,1,1,5,1.4120000000000008,1
27,53,-1,10,6,1.0519999999999996,-1
27,54,-1,5,4,0.9209999999999994,-1
27,55,1,9,6,0.8410000000000011,-1
27,56,-1,13,2,2.924000000000003,-1
27,57,1,2,16,2.1430000000000007,1
27,58,1,3,13,2.6439999999999984,1
27,59,1,4,7,1.4720000000000013,1
27,60,1,9,16,1.100999999999999,1
27,61,-1,10,4,1.2719999999999985,-1
27,62,-1,16,13,5.277999999999999,-1
27,63,1,5,15,1.733000000000004,1
27,64,1,8,12,1.3019999999999996,1
27,65,1,3,6,2.774000000000001,-1
27,66,1,11,12,3.5249999999999986,1
27,67,-1,5,7,1.733,-1
27,68,1,4,6,1.021,-1
27,69,1,1,8,1.0919999999999996,1
27,70,-1,8,9,1.5329999999999997,-1
27,71,1,7,10,1.7729999999999997,1
27,72,1,2,6,1.612,1
27,73,-1,8,7,7.1910000000000025,-1
27,74,-1,12,9,1.411999999999999,-1
27,75,1,1,9,1.753,1
27,76,1,1,7,1.2520000000000024,1
27,77,-1,14,8,2.262999999999998,-1
27,78,-1,7,6,1.6329999999999956,-1
27,79,1,14,10,3.0249999999999986,-1
27,80,-1,8,4,0.931999999999995,-1
27,81,-1,14,12,4.0660000000000025,1
27,82,-1,11,8,1.893000000000001,1
27,83,-1,12,2,1.0210000000000008,-1
27,84,1,13,6,1.2920000000000016,-1
27,85,1,13,10,3.7150000000000034,-1
27,86,-1,14,6,1.2020000000000002,-1
27,87,1,8,15,1.553,1
27,88,1,11,14,1.502000000000001,1
27,89,1,13,15,2.934,1
27,90,-1,15,7,1.6319999999999997,-1
27,91,-1,5,13,2.823999999999998,1
27,92,-1,7,2,1.1920000000000002,-1
27,93,-1,12,1,1.3520000000000003,-1
27,94,-1,12,7,7.530000000000001,-1
27,95,-1,10,8,1.9730000000000023,-1
27,96,1,5,12,4.476999999999997,1
27,97,-1,7,3,2.1430000000000007,-1
27,98,-1,10,3,1.8620000000000017,-1
27,99,-1,1,2,1.2010000000000003,-1
27,100,-1,10,5,5.126999999999995,-1
27,101,1,1,14,1.6429999999999936,1
27,102,-1,12,3,1.402000000000001,-1
27,103,-1,11,1,1.592000000000006,-1
27,104,1,2,9,1.372,1
27,105,1,4,14,1.432,1
27,106,-1,3,4,1.2919999999999998,-1
27,107,-1,10,9,1.593,-1
27,108,-1,13,11,2.443,-1
27,109,1,2,8,1.032,1
27,110,1,6,12,1.2420000000000009,1
27,111,-1,14,7,6.559000000000001,-1
27,112,-1,11,3,3.596,-1
27,113,-1,13,7,1.791999999999998,-1
27,114,-1,5,8,1.522000000000002,1
27,115,-1,14,3,1.2620000000000005,-1
27,116,1,3,9,2.6439999999999984,1
27,117,-1,5,11,3.605000000000004,1
27,118,-1,13,8,1.8329999999999984,-1
27,119,1,12,15,1.893000000000001,1
28,1,-1,10,7,75.469,-1
28,2,-1,3,2,2.9350000000000023,-1
28,3,1,11,13,1.972999999999999,1
28,4,-1,7,6,0.2510000000000048,-1
28,5,1,2,15,2.732999999999997,1
28,6,-1,5,12,4.315999999999995,1
28,7,1,1,4,1.6030000000000015,-1
28,8,-1,9,2,1.1609999999999998,-1
28,9,1,16,1,2.454,-1
28,10,-1,2,12,3.154,1
28,11,1,6,13,3.3450000000000006,1
28,12,-1,16,14,7.931999999999999,1
28,13,1,7,5,4.786999999999999,1
28,14,1,10,13,2.524000000000001,1
28,15,1,10,15,2.8840000000000003,1
28,16,-1,3,1,0.892000000000003,1
28,17,-1,5,4,3.184999999999995,-1
28,18,-1,3,14,6.549999999999997,1
28,19,1,14,13,4.176000000000002,-1
28,20,1,2,16,9.163,1
28,21,-1,3,4,2.1630000000000003,-1
28,22,1,7,3,3.0740000000000016,-1
28,23,1,4,6,2.6940000000000026,-1
28,24,-1,7,12,3.1739999999999995,1
28,25,-1,6,2,2.564,-1
28,26,-1,12,13,7.5710000000000015,-1
28,27,-1,10,5,4.706000000000003,-1
28,28,-1,1,10,1.8419999999999987,1
28,29,1,4,9,1.953000000000003,1
28,30,-1,1,8,2.1439999999999984,1
28,31,1,6,11,6.058,1
28,32,-1,16,7,5.588000000000001,-1
28,33,-1,5,1,1.6329999999999956,-1
28,34,-1,15,14,2.594,-1
28,35,-1,5,9,3.365,1
28,36,-1,6,8,2.3130000000000006,1
28,37,1,14,6,1.502000000000001,-1
28,38,-1,5,2,3.855,-1
28,39,-1,15,4,2.1439999999999984,-1
28,40,1,12,15,10.024,1
28,41,1,9,15,1.5619999999999976,1
28,42,-1,16,6,1.301999999999996,-1
28,43,-1,13,5,6.278999999999996,-1
28,44,-1,11,9,2.5230000000000032,-1
28,45,-1,12,10,1.952999999999996,-1
28,46,1,5,16,1.6329999999999956,1
28,47,-1,12,4,2.0630000000000024,-1
28,48,1,2,11,0.5510000000000019,1
28,49,1,8,9,7.670999999999999,-1
28,50,1,4,13,2.814,1
28,51,-1,15,1,2.313,-1
28,52,-1,13,7,2.303,-1
28,53,-1,13,8,7.291,-1
28,54,-1,9,7,2.7840000000000025,-1
28,55,1,9,14,3.555,1
28,56,1,9,13,1.4420000000000002,1
28,57,-1,10,8,3.1350000000000016,-1
28,58,1,6,3,2.564000000000004,1
28,59,1,1,11,1.411999999999999,1
28,60,1,5,11,4.176000000000002,1
28,61,1,11,14,1.5019999999999951,1
28,62,-1,4,8,3.695999999999998,1
28,63,1,1,6,1.512999999999998,-1
28,64,1,8,2,5.287999999999997,-1
28,65,-1,5,3,2.103000000000001,-1
28,66,1,4,16,1.241999999999997,1
28,67,1,3,13,2.564,1
28,68,-1,16,13,5.758,-1
28,69,1,2,13,2.123,1
28,70,1,7,14,1.972999999999999,1
28,71,-1,5,8,1.7430000000000003,1
28,72,1,7,8,4.006,1
28,73,1,3,15,1.872,1
28,74,-1,3,8,2.8840000000000003,1
28,75,1,7,11,0.9209999999999994,1
28,76,1,5,14,2.7040000000000006,1
28,77,1,9,10,4.0660000000000025,1
28,78,-1,10,2,1.5929999999999964,-1
28,79,1,1,7,2.4040000000000035,1
28,80,1,6,15,3.6850000000000014,1
28,81,1,9,12,7.100999999999999,1
28,82,1,6,10,1.713000000000001,1
28,83,-1,12,3,4.626999999999995,-1
28,84,1,12,14,2.183,-1
28,85,1,1,13,1.7929999999999993,1
28,86,-1,14,1,2.354000000000001,-1
28,87,-1,15,7,2.214000000000002,-1
28,88,1,2,4,3.224,1
28,89,-1,12,6,5.878999999999998,-1
28,90,1,4,10,5.046999999999997,1
28,91,1,1,12,2.1629999999999967,1
28,92,-1,3,9,6.148000000000003,1
28,93,1,1,9,1.3320000000000007,1
28,94,1,10,14,4.716000000000001,1
28,95,-1,11,4,2.814,-1
28,96,-1,14,4,2.453000000000003,-1
28,97,-1,15,8,3.765000000000001,-1
28,98,-1,16,9,1.943,-1
28,99,-1,12,8,4.936999999999999,-1
28,100,1,13,15,3.625,1
28,101,-1,11,10,8.151000000000002,1
28,102,1,9,6,3.5650000000000013,-1
28,103,1,11,15,7.231000000000002,1
28,104,-1,14,2,2.0120000000000005,-1
28,105,1,2,1,2.012999999999998,1
28,106,-1,15,5,4.487000000000002,-1
28,107,1,10,16,1.5919999999999987,1
28,108,-1,12,11,3.6850000000000014,-1
28,109,1,16,15,3.714999999999996,1
28,110,1,2,7,2.164000000000001,1
28,111,-1,12,16,5.868,-1
28,112,-1,10,3,2.493999999999999,-1
28,113,1,4,7,3.545,1
28,114,1,11,3,6.979999999999999,-1
28,115,1,8,11,3.424999999999997,-1
28,116,-1,16,8,1.7830000000000013,-1
28,117,1,8,14,1.2719999999999985,1
28,118,1,11,16,2.222999999999999,1
28,119,1,3,16,1.282,1
29,1,1,10,2,75.208,-1
29,2,1,2,5,4.306000000000001,1
29,3,1,12,14,3.164999999999996,-1
29,4,-1,10,9,0.6209999999999951,-1
29,5,1,7,12,5.879,1
29,6,-1,2,4,5.428000000000001,1
29,7,-1,9,2,3.125,-1
29,8,-1,7,3,1.9629999999999972,-1
29,9,-1,16,15,3.8760000000000048,1
29,10,-1,15,8,1.853000000000001,-1
29,11,1,11,3,8.081999999999997,-1
29,12,1,14,16,9.304000000000002,-1
29,13,1,6,3,6.569999999999997,1
29,14,-1,9,15,13.489999999999997,1
29,15,-1,16,3,6.138999999999996,-1
29,16,1,1,10,2.683,1
29,17,-1,11,12,6.460000000000001,1
29,18,1,14,15,0.570999999999998,1
29,19,-1,6,4,2.6529999999999987,1
29,20,1,8,12,7.279999999999999,1
29,21,1,5,4,4.957000000000001,-1
29,22,1,1,12,2.683999999999997,1
29,23,-1,15,10,7.259999999999998,-1
29,24,-1,16,8,7.359999999999999,-1
29,25,1,6,12,6.069000000000003,1
29,26,1,7,13,4.225999999999999,1
29,27,-1,14,9,7.550999999999999,-1
29,28,-1,10,6,7.580999999999999,-1
29,29,1,5,13,8.912000000000003,1
29,30,1,11,15,11.967,1
29,31,-1,11,6,8.561999999999998,-1
29,32,1,12,5,3.453999999999993,-1
29,33,1,2,15,6.559999999999999,1
29,34,1,12,10,10.916000000000004,-1
29,35,-1,9,8,4.826999999999998,1
29,36,-1,15,3,3.5650000000000013,-1
29,37,-1,4,1,3.224,1
29,38,-1,13,16,15.235,1
29,39,1,10,14,15.753,1
29,40,-1,10,8,12.097,-1
29,41,1,1,3,1.051000000000002,-1
29,42,-1,10,3,1.1810000000000045,-1
29,43,1,5,1,5.537999999999997,-1
29,44,1,2,12,4.897000000000006,1
29,45,-1,14,1,1.3320000000000007,-1
29,46,1,6,1,3.735999999999997,1
29,47,-1,1,7,6.82,1
29,48,1,8,3,7.531000000000001,-1
29,49,1,7,16,1.843,1
29,50,1,7,4,2.123000000000001,-1
29,51,1,2,14,2.6239999999999952,1
29,52,1,6,14,1.7520000000000024,1
29,53,-1,5,11,1.6820000000000022,1
29,54,1,9,11,5.808,1
29,55,1,10,4,3.7049999999999983,-1
29,56,-1,9,7,5.688,-1
29,57,-1,2,6,1.291999999999999,1
29,58,-1,13,8,3.375,-1
29,59,1,3,14,1.622999999999999,1
29,60,-1,16,9,1.722999999999999,-1
29,61,-1,10,7,8.072,-1
29,62,1,6,8,3.725999999999999,1
29,63,-1,5,7,2.853999999999999,-1
29,64,-1,15,6,1.2920000000000016,-1
29,65,-1,15,12,1.2220000000000013,-1
29,66,-1,13,3,1.0109999999999957,-1
29,67,-1,13,1,0.911999999999999,-1
29,68,-1,14,4,1.693000000000005,-1
29,69,1,8,11,7.280000000000001,-1
29,70,1,8,4,2.804000000000002,-1
29,71,1,2,8,1.3119999999999976,1
29,72,1,13,10,2.4040000000000035,-1
29,73,1,9,1,3.935,-1
29,74,-1,11,1,3.4250000000000007,-1
29,75,-1,8,1,2.0429999999999997,-1
29,76,1,12,13,1.702,-1
29,77,-1,13,11,0.9019999999999976,-1
29,78,-1,14,11,1.3320000000000007,-1
29,79,-1,8,7,6.018999999999998,-1
29,80,-1,9,4,5.187999999999999,-1
29,81,1,4,13,1.473000000000006,1
29,82,-1,16,10,1.2920000000000016,-1
29,83,-1,15,7,1.2920000000000016,-1
29,84,1,8,14,0.6909999999999954,1
29,85,-1,6,9,2.6330000000000027,1
29,86,-1,16,11,6.0589999999999975,-1
29,87,-1,2,3,7.7109999999999985,1
29,88,1,14,5,1.322,-1
29,89,1,6,13,1.362,1
29,90,-1,16,6,1.2119999999999995,-1
29,91,-1,9,3,3.666,-1
29,92,1,5,16,7.030000000000001,1
29,93,1,4,11,5.738000000000003,1
29,94,-1,12,3,6.137999999999998,-1
29,95,-1,14,7,1.622000000000007,-1
29,96,-1,16,1,1.1210000000000022,-1
29,97,1,4,16,0.6910000000000025,1
29,98,-1,15,4,1.2710000000000008,-1
29,99,1,12,16,2.0330000000000013,-1
29,100,-1,5,15,0.7610000000000028,1
29,101,-1,5,8,0.9610000000000056,1
29,102,-1,14,13,6.99,-1
29,103,1,1,2,4.256,-1
29,104,-1,12,4,4.526,-1
29,105,-1,7,2,2.894000000000002,-1
29,106,-1,7,11,5.057000000000002,1
29,107,-1,13,2,3.1739999999999995,-1
29,108,1,15,1,2.9440000000000026,-1
29,109,1,13,15,1.592000000000006,1
29,110,-1,11,2,2.814,-1
29,111,-1,6,7,8.112000000000002,1
29,112,1,11,10,2.6229999999999976,1
29,113,-1,5,10,1.582,1
29,114,1,9,12,5.257,1
29,115,1,4,3,5.478,1
29,116,-1,5,9,3.485000000000001,1
29,117,-1,16,2,4.736999999999998,-1
29,118,1,9,13,4.817,1
29,119,-1,5,3,4.616000000000003,-1
30,1,-1,10,1,142.716,-1
30,2,-1,5,8,2.2829999999999977,1
30,3,1,10,16,10.344,1
30,4,-1,10,6,2.5829999999999984,-1
30,5,1,7,14,0.3610000000000042,1
30,6,1,12,16,1.9230000000000016,-1
30,7,1,13,16,2.6539999999999964,1
30,8,-1,16,5,1.4320000000000022,-1
30,9,1,4,8,2.1330000000000027,1
30,10,1,13,5,2.5929999999999964,-1
30,11,-1,5,1,0.9110000000000014,-1
30,12,1,3,14,1.522,1
30,13,1,12,10,2.664,-1
30,14,1,2,12,1.3120000000000005,1
30,15,1,8,11,0.8810000000000002,-1
30,16,1,5,14,2.0829999999999984,1
30,17,-1,1,6,0.9209999999999994,-1
30,18,-1,1,3,2.5340000000000007,-1
30,19,1,12,14,1.9130000000000005,-1
30,20,-1,16,2,1.9430000000000012,-1
30,21,1,12,15,3.4849999999999994,1
30,22,-1,13,8,1.0920000000000023,-1
30,23,1,2,7,0.7310000000000016,1
30,24,1,3,5,0.940999999999999,1
30,25,-1,5,9,1.443000000000005,1
30,26,1,7,11,2.334000000000003,1
30,27,-1,4,2,0.9209999999999994,-1
30,28,-1,10,5,4.527000000000001,-1
30,29,-1,5,11,5.177,1
30,30,1,13,10,2.022999999999996,-1
30,31,-1,13,6,0.5010000000000048,-1
30,32,-1,9,4,0.2409999999999996,-1
30,33,-1,11,2,0.3510000000000062,-1
30,34,-1,9,1,0.6310000000000002,-1
30,35,1,7,15,0.8119999999999976,1
30,36,1,3,12,0.6709999999999994,1
30,37,-1,12,6,0.701,-1
30,38,-1,8,9,2.524,-1
30,39,1,4,12,0.7510000000000003,1
30,40,1,9,15,0.5310000000000006,1
30,41,-1,5,12,2.222999999999999,1
30,42,-1,15,4,0.5510000000000002,-1
30,43,1,4,16,0.4109999999999996,1
30,44,-1,6,2,0.3699999999999992,-1
30,45,1,4,14,0.4309999999999991,1
30,46,-1,13,12,1.1519999999999992,1
30,47,1,8,10,1.161999999999999,1
30,48,-1,15,8,1.1419999999999997,-1
30,49,1,15,13,0.5410000000000004,-1
30,50,1,8,7,2.253,-1
30,51,-1,10,9,0.7409999999999997,-1
30,52,1,3,8,0.8919999999999995,1
30,53,1,9,11,0.5509999999999984,1
30,54,-1,13,2,0.4909999999999996,-1
30,55,1,11,13,9.844,1
30,56,-1,5,2,0.4799999999999969,-1
30,57,-1,16,3,0.8120000000000047,-1
30,58,-1,8,2,0.4909999999999996,-1
30,59,-1,11,15,1.6820000000000022,1
30,60,-1,13,4,0.5110000000000028,-1
30,61,-1,16,6,0.4609999999999985,-1
30,62,-1,7,6,0.6610000000000014,-1
30,63,1,7,10,0.5009999999999977,1
30,64,1,2,15,0.4410000000000025,1
30,65,1,16,15,1.8230000000000004,1
30,66,1,6,9,0.4909999999999996,1
30,67,1,2,10,0.570999999999998,1
30,68,-1,8,6,0.5210000000000008,-1
30,69,1,7,5,0.6509999999999962,1
30,70,-1,14,9,0.3810000000000002,-1
30,71,-1,9,7,0.7809999999999988,-1
30,72,1,6,14,0.5599999999999952,1
30,73,1,9,3,0.341,-1
30,74,-1,13,1,0.7910000000000004,-1
30,75,-1,14,1,0.3299999999999996,-1
30,76,1,8,1,0.1309999999999993,-1
30,77,-1,14,10,1.1419999999999997,-1
30,78,-1,15,14,0.8209999999999997,-1
30,79,-1,11,12,2.1229999999999998,1
30,80,-1,2,3,0.3710000000000004,1
30,81,1,4,6,1.1420000000000012,-1
30,82,-1,6,3,0.6809999999999992,1
30,83,1,13,3,0.2699999999999996,-1
30,84,1,7,13,0.5910000000000011,1
30,85,-1,14,8,0.6709999999999994,-1
30,86,1,1,4,0.8410000000000011,-1
30,87,1,2,14,0.6110000000000007,1
30,88,-1,11,1,0.5010000000000012,-1
30,89,-1,12,9,1.3320000000000007,-1
30,90,-1,15,5,0.9619999999999996,-1
30,91,-1,11,3,0.1999999999999993,-1
30,92,1,4,10,1.372,1
30,93,-1,9,2,0.5109999999999992,-1
30,94,-1,13,14,0.9920000000000008,1
30,95,-1,12,7,1.392000000000003,-1
30,96,1,1,15,0.4510000000000005,1
30,97,-1,11,10,0.2409999999999996,1
30,98,-1,12,1,1.051000000000002,-1
30,99,-1,7,3,0.9709999999999964,-1
30,100,-1,10,3,1.0820000000000007,-1
30,101,1,3,4,2.173000000000002,-1
30,102,1,8,16,0.921999999999997,1
30,103,-1,12,8,1.402000000000001,-1
30,104,-1,15,6,1.6630000000000038,-1
30,105,1,9,13,0.5110000000000028,1
30,106,-1,11,4,0.5210000000000008,-1
30,107,1,6,11,0.4209999999999994,1
30,108,1,7,16,1.2820000000000036,1
30,109,1,14,16,1.5419999999999945,-1
30,110,-1,10,15,2.003,1
30,111,-1,16,1,0.7310000000000016,-1
30,112,-1,14,11,0.7809999999999988,-1
30,113,1,4,7,0.591,1
30,114,1,2,1,1.342,1
30,115,1,11,16,0.7610000000000006,1
30,116,-1,16,9,0.4799999999999995,-1
30,117,-1,15,3,0.4109999999999996,-1
30,118,1,4,5,1.3020000000000005,1
30,119,-1,7,1,0.4710000000000001,-1
31,1,-1,14,15,104.976,1
31,2,1,11,2,3.2749999999999986,-1
31,3,1,15,12,8.091999999999999,-1
31,4,1,13,11,3.775000000000002,-1
31,5,1,2,10,1.7019999999999982,1
31,6,-1,12,1,2.2929999999999997,-1
31,7,1,12,10,3.434999999999995,-1
31,8,-1,14,1,1.332,-1
31,9,1,2,6,2.8439999999999994,1
31,10,1,2,3,1.5729999999999986,1
31,11,1,8,15,2.0329999999999995,1
31,12,-1,5,4,1.853,-1
31,13,1,15,5,1.5429999999999993,-1
31,14,1,3,16,1.2420000000000009,1
31,15,1,3,10,1.3419999999999987,1
31,16,1,4,14,2.0230000000000032,1
31,17,1,6,14,2.0120000000000005,1
31,18,-1,15,11,2.343999999999994,-1
31,19,-1,14,8,4.987000000000002,-1
31,20,-1,11,3,3.414999999999999,-1
31,21,-1,5,7,2.664000000000001,-1
31,22,1,3,13,1.3019999999999996,1
31,23,-1,3,1,1.3320000000000007,1
31,24,-1,6,3,1.572,1
31,25,-1,12,9,4.266,-1
31,26,-1,5,2,1.9030000000000005,-1
31,27,-1,10,9,4.457000000000001,-1
31,28,-1,12,6,2.343,-1
31,29,-1,6,7,1.6720000000000006,1
31,30,1,8,9,2.083000000000002,-1
31,31,-1,1,4,2.0730000000000004,-1
31,32,-1,16,9,1.703000000000003,-1
31,33,-1,12,2,1.2920000000000016,-1
31,34,-1,15,4,1.4420000000000002,-1
31,35,1,6,15,2.163000000000004,1
31,36,1,15,16,4.576999999999998,-1
31,37,-1,16,8,2.0930000000000035,-1
31,38,-1,9,4,2.233000000000004,-1
31,39,-1,7,14,1.622,1
31,40,-1,8,1,1.070999999999998,-1
31,41,1,1,15,1.0219999999999985,1
31,42,-1,11,12,0.6009999999999991,1
31,43,-1,16,14,2.914000000000001,1
31,44,-1,6,13,3.615,1
31,45,-1,14,11,3.2950000000000017,-1
31,46,1,7,16,1.4220000000000006,1
31,47,1,7,11,5.8580000000000005,1
31,48,1,5,12,4.7570000000000014,1
31,49,-1,16,13,3.213999999999998,-1
31,50,-1,10,14,4.225999999999999,1
31,51,1,2,1,1.6129999999999995,1
31,52,1,11,8,4.0760000000000005,1
31,53,-1,5,3,4.737000000000002,-1
31,54,-1,3,7,1.843,1
31,55,-1,12,14,4.496,-1
31,56,-1,12,4,2.3439999999999994,-1
31,57,1,8,10,4.937000000000001,1
31,58,-1,7,2,2.0130000000000017,-1
31,59,-1,8,4,1.5120000000000005,-1
31,60,-1,11,4,1.491999999999997,-1
31,61,-1,10,7,1.622,-1
31,62,1,13,14,3.8050000000000033,1
31,63,1,2,9,1.1920000000000002,1
31,64,1,2,16,1.2919999999999945,1
31,65,-1,6,4,1.7119999999999962,1
31,66,1,13,7,1.952999999999996,-1
31,67,1,13,15,4.796999999999997,1
31,68,1,3,4,1.6829999999999998,-1
31,69,1,2,8,1.3119999999999976,1
31,70,1,2,14,1.381999999999998,1
31,71,-1,5,8,3.1750000000000043,1
31,72,-1,8,6,1.782999999999994,-1
31,73,1,4,16,1.322,1
31,74,-1,10,13,2.0729999999999995,1
31,75,1,2,4,1.2919999999999998,1
31,76,1,1,9,1.4619999999999995,1
31,77,-1,9,6,2.2430000000000003,-1
31,78,-1,16,6,1.661999999999999,-1
31,79,-1,16,12,3.0450000000000017,1
31,80,1,8,12,2.1629999999999967,1
31,81,-1,10,6,1.8219999999999992,-1
31,82,-1,15,7,6.580000000000002,-1
31,83,1,9,14,3.244,1
31,84,-1,11,9,1.102000000000004,-1
31,85,-1,13,4,3.325000000000003,-1
31,86,1,5,16,2.764000000000003,1
31,87,1,8,13,2.003,1
31,88,1,10,4,2.503,-1
31,89,-1,12,3,4.116,-1
31,90,-1,10,5,3.155,-1
31,91,1,6,11,2.2430000000000003,1
31,92,1,1,11,1.612,1
31,93,-1,11,10,2.1430000000000007,1
31,94,1,5,14,3.255000000000001,1
31,95,1,2,15,1.291999999999998,1
31,96,-1,16,10,3.0440000000000005,-1
31,97,-1,5,1,1.9429999999999976,-1
31,98,1,5,13,2.312999999999999,1
31,99,1,3,9,1.743000000000002,1
31,100,1,7,8,2.754000000000005,1
31,101,-1,6,1,1.2519999999999951,1
31,102,-1,15,9,4.957000000000001,-1
31,103,-1,13,2,1.110999999999997,-1
31,104,1,1,16,1.0919999999999987,1
31,105,-1,16,11,3.5050000000000026,-1
31,106,-1,13,1,1.2109999999999983,-1
31,107,-1,7,1,2.914999999999999,-1
31,108,-1,7,9,1.6929999999999978,1
31,109,-1,12,7,1.923,-1
31,110,-1,15,3,3.655,-1
31,111,-1,11,5,2.394,-1
31,112,-1,14,3,1.572000000000001,-1
31,113,1,3,8,1.061,1
31,114,-1,13,9,1.3019999999999996,-1
31,115,-1,13,12,1.152000000000001,1
31,116,-1,10,1,1.381999999999998,-1
31,117,-1,15,10,1.852999999999998,-1
31,118,-1,7,4,1.190999999999999,-1
31,119,1,9,5,1.3919999999999997,-1
32,1,1,2,11,109.477,1
32,2,-1,5,8,1.5020000000000024,1
32,3,1,5,13,2.3039999999999985,1
32,4,-1,12,9,0.3000000000000042,-1
32,5,1,12,4,4.5760000000000005,-1
32,6,-1,15,3,1.5420000000000016,-1
32,7,-1,4,3,1.6119999999999948,1
32,8,-1,7,3,1.5519999999999996,-1
32,9,1,4,14,0.8910000000000053,1
32,10,1,3,13,1.0210000000000008,1
32,11,1,2,14,1.110999999999997,1
32,12,-1,5,3,0.8310000000000031,-1
32,13,1,3,1,0.4500000000000028,1
32,14,1,2,12,1.4420000000000002,1
32,15,-1,13,7,0.6909999999999998,-1
32,16,1,10,5,0.33,-1
32,17,1,1,15,1.2619999999999996,1
32,18,-1,12,8,0.641,-1
32,19,1,6,13,0.5709999999999997,1
32,20,1,7,8,3.806000000000001,1
32,21,1,1,14,0.690999999999999,1
32,22,-1,16,8,0.6609999999999978,-1
32,23,-1,16,4,2.1630000000000003,-1
32,24,-1,9,3,1.753,-1
32,25,-1,15,12,2.8740000000000023,-1
32,26,-1,15,7,0.8120000000000012,-1
32,27,-1,12,10,0.690999999999999,-1
32,28,-1,8,2,1.6019999999999968,-1
32,29,-1,14,3,0.6009999999999991,-1
32,30,-1,1,2,1.8130000000000024,-1
32,31,1,7,16,0.6709999999999994,1
32,32,-1,16,9,0.7010000000000005,-1
32,33,1,1,13,0.5409999999999968,1
32,34,-1,14,9,0.8509999999999991,-1
32,35,-1,5,7,0.6709999999999994,-1
32,36,1,2,5,0.5110000000000028,1
32,37,-1,16,12,1.411999999999999,1
32,38,1,9,4,1.431999999999995,-1
32,39,-1,6,1,1.2920000000000016,1
32,40,-1,16,1,0.6809999999999974,-1
32,41,-1,10,3,1.4519999999999982,-1
32,42,-1,10,2,0.8210000000000051,-1
32,43,1,7,12,0.6109999999999971,1
32,44,1,5,11,3.425,1
32,45,1,7,4,0.6099999999999994,-1
32,46,1,2,3,1.271,1
32,47,1,10,14,0.5510000000000002,1
32,48,-1,16,2,0.6710000000000012,-1
32,49,1,3,6,1.593,-1
32,50,-1,15,4,0.9219999999999988,-1
32,51,1,2,9,1.032,1
32,52,1,11,16,1.2420000000000009,1
32,53,1,1,11,0.5710000000000015,1
32,54,1,13,16,0.9620000000000032,1
32,55,-1,10,6,0.6400000000000006,-1
32,56,1,10,16,0.4500000000000028,1
32,57,1,8,10,0.9519999999999982,1
32,58,-1,16,15,2.965,1
32,59,-1,9,7,1.272000000000002,-1
32,60,-1,16,14,0.7409999999999997,1
32,61,1,5,15,0.8010000000000019,1
32,62,1,1,7,0.7310000000000016,1
32,63,-1,4,2,0.6810000000000045,-1
32,64,-1,14,12,1.8729999999999976,1
32,65,-1,11,7,0.7819999999999965,-1
32,66,-1,10,1,0.6910000000000025,-1
32,67,1,9,13,0.5010000000000048,1
32,68,-1,16,3,0.5410000000000039,-1
32,69,-1,10,7,2.3840000000000003,-1
32,70,1,9,15,0.490000000000002,1
32,71,-1,15,8,0.4510000000000005,-1
32,72,1,11,4,0.3999999999999986,-1
32,73,1,11,15,0.7220000000000013,1
32,74,1,5,16,1.122,1
32,75,-1,13,2,0.5800000000000054,-1
32,76,1,6,12,0.4209999999999994,1
32,77,1,13,15,0.7810000000000059,1
32,78,1,12,13,0.7910000000000039,-1
32,79,-1,8,3,0.7610000000000028,-1
32,80,-1,11,3,0.5409999999999999,-1
32,81,1,2,15,0.48,1
32,82,-1,4,10,1.6720000000000002,1
32,83,1,12,11,0.7010000000000005,-1
32,84,-1,16,6,0.8010000000000002,-1
32,85,1,1,12,0.4710000000000001,1
32,86,1,13,11,1.2619999999999996,-1
32,87,-1,4,6,0.8309999999999995,-1
32,88,-1,9,6,1.1719999999999988,-1
32,89,-1,6,2,0.7910000000000004,-1
32,90,1,4,13,0.5300000000000011,1
32,91,1,8,13,0.5609999999999999,1
32,92,1,3,12,0.4899999999999984,1
32,93,1,5,12,1.8129999999999988,1
32,94,1,10,13,0.5210000000000008,1
32,95,1,6,8,0.6409999999999982,1
32,96,1,8,14,0.4609999999999985,1
32,97,-1,15,6,0.4699999999999988,-1
32,98,1,6,7,0.8120000000000012,1
32,99,1,8,11,0.629999999999999,-1
32,100,1,1,4,0.5100000000000016,-1
32,101,-1,7,2,1.3919999999999997,-1
32,102,1,1,5,0.4510000000000005,1
32,103,-1,4,8,0.5210000000000008,1
32,104,1,9,5,0.5000000000000036,-1
32,105,-1,11,10,0.6509999999999962,1
32,106,-1,14,7,1.0219999999999985,-1
32,107,1,11,14,0.4810000000000016,1
32,108,-1,10,9,0.6110000000000042,-1
32,109,-1,11,6,0.8520000000000039,-1
32,110,1,15,14,0.4410000000000025,-1
32,111,1,1,9,0.6309999999999931,1
32,112,-1,15,10,0.4209999999999994,-1
32,113,1,13,14,0.7509999999999977,1
32,114,1,4,5,0.4510000000000005,1
32,115,-1,8,1,0.6009999999999991,-1
32,116,1,5,14,0.4000000000000057,1
32,117,-1,11,9,0.3700000000000045,-1
32,118,1,6,14,0.3699999999999974,1
32,119,1,9,8,0.6409999999999982,1
33,1,1,8,16,128.585,1
33,2,-1,15,11,4.697000000000003,-1
33,3,-1,5,2,4.295999999999999,-1
33,4,1,6,16,1.622,1
33,5,1,2,1,5.278000000000002,1
33,6,1,5,14,4.225999999999999,1
33,7,-1,7,3,1.5130000000000052,-1
33,8,-1,15,5,3.084000000000003,-1
33,9,1,4,8,1.5820000000000007,1
33,10,1,4,9,2.0330000000000013,1
33,11,1,8,13,1.5620000000000047,1
33,12,-1,10,13,2.262999999999998,1
33,13,-1,7,1,3.956000000000001,-1
33,14,-1,13,6,2.173,-1
33,15,1,15,16,2.8240000000000016,-1
33,16,-1,11,3,1.6929999999999978,-1
33,17,1,12,7,5.057000000000002,-1
33,18,-1,10,7,1.893000000000001,-1
33,19,1,11,14,3.024000000000001,1
33,20,1,13,11,3.664999999999999,-1
33,21,1,2,8,2.524000000000001,1
33,22,-1,5,8,1.642000000000003,1
33,23,-1,16,5,6.289,-1
33,24,-1,15,8,3.515000000000001,-1
33,25,-1,16,1,2.724000000000002,-1
33,26,1,4,7,4.356000000000002,1
33,27,1,3,9,2.2940000000000005,1
33,28,1,1,12,2.8240000000000016,1
33,29,-1,4,6,2.2829999999999977,-1
33,30,1,2,11,1.8220000000000027,1
33,31,-1,16,9,1.9819999999999995,-1
33,32,-1,16,12,2.763999999999996,1
33,33,-1,14,12,2.3230000000000004,1
33,34,1,1,13,2.554000000000002,1
33,35,1,1,10,2.1529999999999987,1
33,36,-1,15,2,1.7830000000000013,-1
33,37,1,1,14,1.4420000000000002,1
33,38,-1,8,7,1.391999999999996,-1
33,39,-1,10,12,2.093,1
33,40,1,6,8,1.432,1
33,41,-1,7,9,2.1030000000000006,1
33,42,-1,11,7,0.8109999999999999,-1
33,43,1,1,4,0.6310000000000002,-1
33,44,-1,4,11,0.5899999999999999,1
33,45,-1,12,3,0.6809999999999992,-1
33,46,-1,11,8,1.1519999999999992,1
33,47,-1,11,1,0.7810000000000006,-1
33,48,1,2,6,0.9310000000000008,1
33,49,1,4,12,0.7010000000000005,1
33,50,1,9,5,1.1609999999999978,-1
33,51,-1,16,3,0.5809999999999995,-1
33,52,-1,16,2,0.5510000000000019,-1
33,53,1,3,4,0.6110000000000007,-1
33,54,-1,3,6,0.6710000000000029,-1
33,55,-1,16,7,0.971,-1
33,56,1,7,15,0.6409999999999982,1
33,57,1,4,5,0.9909999999999995,1
33,58,-1,15,14,1.001999999999999,-1
33,59,1,2,13,0.6009999999999991,1
33,60,1,2,14,0.5810000000000031,1
33,61,1,1,6,0.6099999999999994,-1
33,62,-1,10,5,0.5810000000000031,-1
33,63,1,13,14,0.580999999999996,1
33,64,-1,5,13,1.622,1
33,65,1,1,3,0.8010000000000019,-1
33,66,1,6,10,0.7509999999999977,1
33,67,1,12,15,1.2420000000000044,1
33,68,-1,10,3,0.8109999999999999,-1
33,69,-1,14,6,1.161999999999999,-1
33,70,-1,5,7,1.4519999999999982,-1
33,71,1,4,15,1.8120000000000047,1
33,72,-1,6,7,3.3349999999999937,1
33,73,1,11,10,1.642000000000003,1
33,74,-1,15,6,0.6409999999999982,-1
33,75,1,2,12,0.6210000000000022,1
33,76,-1,16,11,1.231,-1
33,77,1,9,14,1.842,1
33,78,1,2,3,0.7510000000000003,1
33,79,-1,13,9,1.082,-1
33,80,1,9,12,0.9210000000000012,1
33,81,1,1,15,0.7210000000000001,1
33,82,-1,5,3,0.6009999999999991,-1
33,83,1,13,12,1.6129999999999995,1
33,84,1,2,9,0.8409999999999993,1
33,85,-1,14,8,0.7010000000000005,-1
33,86,-1,14,7,0.7920000000000016,-1
33,87,-1,15,10,2.4440000000000026,-1
33,88,-1,14,4,0.6509999999999998,-1
33,89,-1,13,3,0.6110000000000007,-1
33,90,1,4,13,0.6110000000000007,1
33,91,1,1,8,0.5910000000000011,1
33,92,-1,5,12,0.8819999999999979,1
33,93,-1,15,13,0.7409999999999997,-1
33,94,-1,16,14,1.061,1
33,95,1,9,11,1.2019999999999982,1
33,96,-1,9,6,1.1809999999999974,-1
33,97,-1,5,11,1.162000000000006,1
33,98,1,9,10,0.7109999999999985,1
33,99,1,13,16,0.6809999999999974,1
33,100,1,3,14,0.6709999999999994,1
33,101,-1,16,4,0.5910000000000011,-1
33,102,1,6,11,0.5109999999999957,1
33,103,-1,15,9,0.5110000000000028,-1
33,104,-1,4,2,0.6309999999999931,-1
33,105,-1,9,1,0.590999999999994,-1
33,106,-1,12,6,0.5399999999999991,-1
33,107,1,3,8,0.6109999999999971,1
33,108,1,12,11,3.8760000000000048,-1
33,109,1,8,10,0.8610000000000042,1
33,110,-1,10,2,0.5609999999999999,-1
33,111,1,8,9,0.5110000000000028,-1
33,112,-1,7,2,0.6499999999999986,-1
33,113,1,10,16,1.2719999999999985,1
33,114,1,3,15,0.7910000000000039,1
33,115,1,1,5,0.5109999999999999,1
33,116,-1,12,8,0.6309999999999998,-1
33,117,1,7,13,0.5110000000000001,1
33,118,-1,14,10,0.5010000000000003,-1
33,119,-1,10,4,0.7610000000000001,-1
34,1,-1,15,1,174.371,-1
34,2,1,4,12,3.3350000000000004,1
34,3,1,2,12,2.7330000000000005,1
34,4,1,2,4,2.2540000000000013,1
34,5,1,9,4,2.1629999999999967,-1
34,6,-1,16,8,2.744,-1
34,7,1,2,13,0.9519999999999982,1
34,8,-1,13,9,3.625000000000004,-1
34,9,1,7,10,3.084000000000003,1
34,10,-1,11,8,2.0429999999999997,1
34,11,1,6,10,2.804000000000002,1
34,12,-1,6,7,5.779000000000004,1
34,13,-1,14,6,5.587999999999994,-1
34,14,1,2,6,7.271,1
34,15,1,1,12,1.593,1
34,16,-1,9,1,0.940999999999999,-1
34,17,1,6,15,0.5510000000000002,1
34,18,-1,13,8,1.041999999999998,-1
34,19,1,12,14,1.501999999999999,-1
34,20,1,13,16,2.8240000000000016,1
34,21,1,7,16,2.724,1
34,22,-1,9,2,2.0429999999999997,-1
34,23,1,7,8,0.4809999999999981,1
34,24,-1,13,3,2.012999999999998,-1
34,25,1,8,14,1.2920000000000016,1
34,26,1,3,14,1.5419999999999945,1
34,27,-1,12,11,4.826999999999998,-1
34,28,-1,8,3,3.1840000000000046,-1
34,29,-1,6,8,4.976999999999997,1
34,30,-1,12,5,2.853999999999999,-1
34,31,-1,12,3,1.6920000000000002,-1
34,32,1,9,16,0.911,1
34,33,1,6,9,3.325,1
34,34,-1,7,2,1.1909999999999998,-1
34,35,1,4,14,1.061,1
34,36,1,10,13,3.084,1
34,37,-1,12,13,3.645,-1
34,38,-1,5,3,2.9840000000000018,-1
34,39,1,14,15,5.227,1
34,40,1,14,16,2.1830000000000034,-1
34,41,1,2,3,1.2019999999999982,1
34,42,-1,14,1,1.422000000000004,-1
34,43,-1,11,7,1.291000000000004,-1
34,44,1,3,4,2.0829999999999984,-1
34,45,-1,14,13,1.672000000000004,-1
34,46,1,1,16,0.9609999999999984,1
34,47,-1,14,5,2.003,-1
34,48,-1,5,7,1.661999999999999,-1
34,49,-1,4,1,1.301000000000002,1
34,50,-1,5,4,2.323999999999998,-1
34,51,1,2,1,1.713000000000001,1
34,52,-1,11,3,2.574,-1
34,53,-1,9,3,4.847,-1
34,54,1,2,15,1.1920000000000002,1
34,55,1,10,14,2.2029999999999994,1
34,56,1,10,15,1.8419999999999987,1
34,57,1,4,10,3.634999999999998,1
34,58,1,6,11,0.8919999999999995,1
34,59,-1,7,3,2.6239999999999988,-1
34,60,1,11,16,1.3019999999999996,1
34,61,-1,15,11,1.221,-1
34,62,-1,10,12,2.4830000000000005,1
34,63,1,9,5,2.213999999999998,-1
34,64,1,9,10,1.4320000000000022,1
34,65,-1,15,9,0.8109999999999999,-1
34,66,-1,7,9,2.7040000000000006,1
34,67,1,4,7,1.4720000000000013,1
34,68,1,10,16,3.365000000000002,1
34,69,-1,16,15,1.1510000000000034,1
34,70,-1,11,5,4.036000000000001,-1
34,71,1,1,13,1.0509999999999948,1
34,72,1,2,11,1.421999999999997,1
34,73,-1,15,13,1.462,-1
34,74,-1,5,8,1.282,1
34,75,1,5,10,4.8870000000000005,1
34,76,-1,15,7,1.1820000000000022,-1
34,77,-1,14,2,1.0120000000000005,-1
34,78,-1,8,4,3.555,-1
34,79,1,11,14,4.526,1
34,80,1,3,16,1.2219999999999978,1
34,81,1,5,13,3.054000000000002,1
34,82,-1,6,1,2.343,1
34,83,-1,11,1,1.8730000000000049,-1
34,84,-1,12,8,4.786999999999999,-1
34,85,-1,7,1,2.472999999999999,-1
34,86,-1,12,7,3.084000000000003,-1
34,87,1,5,16,1.2920000000000016,1
34,88,-1,2,8,0.2299999999999968,1
34,89,-1,10,3,1.0820000000000007,-1
34,90,-1,14,9,1.5620000000000047,-1
34,91,-1,12,9,2.764000000000003,-1
34,92,-1,16,2,0.9409999999999998,-1
34,93,1,12,15,2.5340000000000003,1
34,94,-1,4,6,3.155,-1
34,95,-1,11,9,2.5729999999999986,-1
34,96,-1,3,1,2.524000000000001,1
34,97,-1,15,4,1.7429999999999986,-1
34,98,1,11,10,2.584,1
34,99,1,4,16,1.282,1
34,100,-1,13,11,3.3649999999999984,-1
34,101,-1,8,9,5.4780000000000015,-1
34,102,-1,8,1,1.5619999999999976,-1
34,103,1,6,12,1.0210000000000008,1
34,104,-1,3,6,2.3129999999999957,-1
34,105,-1,11,4,1.753,-1
34,106,-1,5,2,1.2920000000000016,-1
34,107,1,12,16,2.442999999999998,-1
34,108,-1,15,5,0.8019999999999996,-1
34,109,1,7,13,1.6130000000000069,1
34,110,1,8,15,1.112000000000002,1
34,111,-1,15,3,1.0320000000000036,-1
34,112,1,6,13,0.9309999999999974,1
34,113,1,4,13,0.7919999999999945,1
34,114,-1,10,2,0.8109999999999999,-1
34,115,-1,10,8,1.392000000000003,-1
34,116,-1,5,1,0.9110000000000014,-1
34,117,1,7,14,0.991,1
34,118,1,1,10,0.981,1
34,119,-1,16,6,1.2320000000000002,-1
35,1,-1,16,14,145.519,1
35,2,1,12,6,1.9920000000000009,-1
35,3,-1,15,7,20.84,-1
35,4,1,3,10,3.535000000000004,1
35,5,-1,3,7,3.4250000000000007,1
35,6,1,1,14,0.7909999999999986,1
35,7,1,4,15,0.8510000000000009,1
35,8,1,6,14,0.7920000000000016,1
35,9,-1,10,8,1.2920000000000016,-1
35,10,-1,8,6,0.8919999999999995,-1
35,11,1,11,13,5.177000000000003,1
35,12,1,10,14,1.5620000000000012,1
35,13,-1,10,4,1.1119999999999983,-1
35,14,1,11,15,1.3419999999999987,1
35,15,1,4,5,0.8509999999999991,1
35,16,-1,5,1,0.7310000000000016,-1
35,17,1,4,9,0.7210000000000036,1
35,18,-1,12,8,1.051000000000002,-1
35,19,-1,3,2,0.6910000000000025,-1
35,20,-1,11,2,0.5110000000000028,-1
35,21,1,3,8,0.9010000000000034,1
35,22,1,11,10,4.356000000000002,1
35,23,-1,14,8,1.081000000000003,-1
35,24,-1,13,2,0.7509999999999977,-1
35,25,-1,16,4,0.6310000000000002,-1
35,26,-1,8,2,0.6310000000000002,-1
35,27,1,9,7,2.504000000000005,-1
35,28,1,3,11,0.9209999999999994,1
35,29,1,3,5,0.9310000000000002,1
35,30,1,4,12,0.7309999999999999,1
35,31,-1,13,1,0.6909999999999994,-1
35,32,-1,3,1,0.6299999999999999,1
35,33,-1,15,6,0.5309999999999988,-1
35,34,1,1,15,0.5109999999999992,1
35,35,1,4,7,0.8310000000000013,1
35,36,1,10,15,1.0109999999999992,1
35,37,1,13,16,1.5219999999999985,1
35,38,1,9,16,0.8410000000000011,1
35,39,-1,16,1,0.6709999999999994,-1
35,40,-1,10,5,2.512999999999998,-1
35,41,1,8,15,1.852999999999998,1
35,42,1,6,10,0.8410000000000011,1
35,43,1,1,9,0.6010000000000026,1
35,44,-1,16,3,0.6710000000000029,-1
35,45,1,8,16,0.6309999999999967,1
35,46,1,7,13,1.091000000000001,1
35,47,1,13,5,3.0450000000000017,-1
35,48,1,9,5,1.2610000000000028,-1
35,49,-1,11,7,0.7110000000000056,-1
35,50,-1,13,9,0.7510000000000048,-1
35,51,-1,12,1,0.6110000000000042,-1
35,52,-1,11,8,0.7710000000000008,1
35,53,1,8,5,0.6909999999999954,-1
35,54,1,12,14,1.392,-1
35,55,1,15,12,2.163000000000001,-1
35,56,-1,16,5,0.7210000000000001,-1
35,57,-1,10,7,0.9210000000000012,-1
35,58,1,3,9,0.8709999999999987,1
35,59,1,9,15,1.3320000000000007,1
35,60,-1,12,5,2.233999999999998,-1
35,61,1,2,7,0.9310000000000008,1
35,62,-1,11,1,0.7510000000000012,-1
35,63,-1,14,4,1.190999999999999,-1
35,64,1,2,15,0.580999999999996,1
35,65,1,1,6,0.7509999999999977,-1
35,66,-1,16,10,0.7910000000000039,-1
35,67,1,9,10,1.622,1
35,68,-1,4,1,0.7610000000000028,1
35,69,-1,16,12,1.0820000000000007,1
35,70,-1,5,2,2.1129999999999995,-1
35,71,1,2,4,1.141,1
35,72,1,2,16,0.7810000000000006,1
35,73,1,3,4,4.006,-1
35,74,-1,13,6,0.9910000000000032,-1
35,75,1,6,9,2.594000000000001,1
35,76,-1,7,1,1.0519999999999996,-1
35,77,-1,12,3,0.7910000000000004,-1
35,78,1,4,13,1.491999999999997,1
35,79,1,3,6,4.146000000000001,-1
35,80,1,9,12,3.004000000000005,1
35,81,1,7,12,1.9429999999999976,1
35,82,-1,16,15,5.738,1
35,83,-1,11,9,1.993000000000002,-1
35,84,-1,15,5,5.427,-1
35,85,1,1,10,1.322,1
35,86,1,4,8,1.6329999999999991,1
35,87,1,6,16,1.9629999999999992,1
35,88,1,2,10,1.372,1
35,89,1,3,13,1.1820000000000004,1
35,90,1,10,13,3.1239999999999988,1
35,91,-1,16,7,1.1910000000000025,-1
35,92,-1,1,2,1.4420000000000002,-1
35,93,-1,8,9,3.2040000000000006,-1
35,94,-1,8,1,1.231999999999999,-1
35,95,1,13,12,5.417999999999999,1
35,96,-1,15,3,2.933999999999997,-1
35,97,1,7,8,2.9350000000000023,1
35,98,-1,16,11,14.601,-1
35,99,-1,7,6,2.6739999999999995,-1
35,100,-1,14,3,2.063,-1
35,101,1,2,14,0.9610000000000004,1
35,102,-1,11,4,1.3320000000000007,-1
35,103,-1,14,9,4.367000000000001,-1
35,104,1,11,14,4.736999999999998,1
35,105,1,2,12,0.7910000000000004,1
35,106,-1,14,5,3.5450000000000017,-1
35,107,-1,9,2,1.4319999999999986,-1
35,108,-1,6,2,2.9840000000000018,-1
35,109,-1,5,7,4.917000000000002,-1
35,110,1,4,6,1.872,-1
35,111,1,7,14,5.597999999999999,1
35,112,-1,13,8,2.1430000000000007,-1
35,113,1,14,15,4.927999999999997,1
35,114,1,11,12,2.963999999999998,1
35,115,-1,15,13,4.166,-1
35,116,-1,10,12,2.574,1
35,117,-1,11,6,1.631999999999998,-1
35,118,-1,11,5,3.5649999999999977,-1
35,119,-1,13,14,3.285000000000004,1
36,1,1,7,5,151.56799999999998,1
36,2,-1,16,12,5.296999999999997,1
36,3,1,12,15,5.849000000000004,1
36,4,1,1,3,2.7840000000000007,-1
36,5,1,2,12,2.382999999999999,1
36,6,1,16,7,3.7250000000000014,-1
36,7,-1,9,5,8.261000000000003,-1
36,8,-1,12,8,10.475,-1
36,9,-1,8,7,5.688000000000002,-1
36,10,1,3,7,7.860999999999997,1
36,11,1,11,12,1.2720000000000002,1
36,12,-1,6,12,1.5919999999999987,1
36,13,-1,13,3,8.552000000000001,-1
36,14,1,1,10,5.528000000000002,1
36,15,-1,9,4,7.570999999999998,-1
36,16,-1,8,3,7.460000000000001,-1
36,17,-1,15,2,35.401,-1
36,18,1,6,8,6.689,1
36,19,1,9,8,11.736999999999997,1
36,20,1,2,6,3.103999999999999,1
36,21,1,16,1,10.494999999999996,-1
36,22,-1,13,1,2.013,-1
36,23,-1,14,6,1.372,-1
36,24,1,4,3,4.236999999999998,1
36,25,-1,8,2,8.442,-1
36,26,-1,12,5,2.3230000000000004,-1
36,27,-1,7,6,1.881999999999998,-1
36,28,-1,5,3,1.241999999999997,-1
36,29,-1,16,10,5.578000000000003,-1
36,30,1,8,11,2.713999999999998,-1
36,31,-1,10,13,3.915999999999997,1
36,32,-1,16,15,5.608000000000004,1
36,33,1,9,7,3.996,-1
36,34,1,6,3,0.7519999999999989,1
36,35,-1,16,9,2.4129999999999985,-1
36,36,-1,4,8,3.915000000000001,1
36,37,-1,15,11,2.483999999999998,-1
36,38,-1,5,11,3.744999999999997,1
36,39,-1,4,6,4.475999999999999,-1
36,40,1,9,14,1.1820000000000022,1
36,41,-1,15,3,0.7809999999999988,-1
36,42,-1,16,2,2.0330000000000013,-1
36,43,-1,7,1,1.3419999999999987,-1
36,44,1,6,10,1.0210000000000008,1
36,45,1,7,13,1.1409999999999982,1
36,46,-1,10,8,2.2730000000000032,-1
36,47,-1,5,4,1.1019999999999968,-1
36,48,1,4,15,0.6310000000000002,1
36,49,1,3,9,1.4920000000000044,1
36,50,1,4,14,0.8119999999999976,1
36,51,-1,9,2,0.7210000000000036,-1
36,52,1,9,15,0.8519999999999968,1
36,53,-1,10,4,2.243000000000002,-1
36,54,-1,4,1,1.491999999999997,1
36,55,1,6,9,1.932,1
36,56,-1,4,7,0.9909999999999995,1
36,57,-1,5,8,0.931,1
36,58,1,6,11,0.9109999999999996,1
36,59,-1,3,2,2.3130000000000006,-1
36,60,1,3,10,0.8109999999999999,1
36,61,1,8,16,0.7309999999999999,1
36,62,-1,13,6,0.3710000000000022,-1
36,63,-1,15,6,1.381999999999998,-1
36,64,-1,15,14,0.9910000000000032,-1
36,65,-1,13,4,0.7609999999999992,-1
36,66,-1,6,1,1.5519999999999996,1
36,67,1,13,14,0.6010000000000026,1
36,68,1,15,10,3.5249999999999986,-1
36,69,1,1,8,0.7520000000000024,1
36,70,-1,9,1,0.7109999999999985,-1
36,71,-1,12,3,2.0230000000000032,-1
36,72,1,10,5,1.3019999999999996,-1
36,73,-1,14,5,2.3930000000000007,-1
36,74,-1,5,1,0.7010000000000005,-1
36,75,-1,13,11,0.8010000000000019,-1
36,76,1,11,10,0.7009999999999934,1
36,77,1,9,13,0.7710000000000008,1
36,78,1,12,13,1.481999999999999,-1
36,79,-1,10,2,2.012999999999998,-1
36,80,-1,12,9,1.0020000000000024,-1
36,81,1,8,15,0.5810000000000031,1
36,82,1,10,12,1.3220000000000027,1
36,83,-1,11,9,2.6439999999999984,-1
36,84,1,11,14,2.053,1
36,85,-1,13,2,0.851,-1
36,86,1,7,14,0.6509999999999998,1
36,87,1,7,10,6.239000000000001,1
36,88,-1,15,1,0.6310000000000002,-1
36,89,-1,13,8,0.8320000000000007,-1
36,90,1,1,2,2.703999999999997,-1
36,91,1,14,16,8.993000000000002,-1
36,92,1,1,12,0.6509999999999998,1
36,93,-1,11,4,1.8130000000000024,-1
36,94,1,2,11,1.481999999999999,1
36,95,-1,15,7,1.0319999999999965,-1
36,96,-1,14,2,0.6709999999999994,-1
36,97,1,4,16,0.8810000000000002,1
36,98,1,3,11,1.953000000000003,1
36,99,1,11,16,2.503999999999998,1
36,100,-1,16,3,18.407,-1
36,101,-1,14,1,3.164999999999999,-1
36,102,-1,7,2,0.6209999999999987,-1
36,103,1,5,15,1.1819999999999986,1
36,104,-1,14,8,0.570999999999998,-1
36,105,1,10,14,1.7929999999999993,1
36,106,-1,11,1,2.193000000000005,-1
36,107,1,2,5,0.6310000000000002,1
36,108,-1,16,6,0.6009999999999991,-1
36,109,-1,10,9,0.8109999999999999,-1
36,110,1,13,15,0.7109999999999985,1
36,111,-1,12,7,1.622,-1
36,112,1,4,12,0.840999999999994,1
36,113,-1,5,16,0.7210000000000036,1
36,114,1,7,11,5.687999999999995,1
36,115,1,12,14,1.2220000000000013,-1
36,116,1,13,16,0.8220000000000027,1
36,117,1,3,14,0.711,1
36,118,-1,4,2,0.6710000000000003,-1
36,119,1,13,5,0.6510000000000002,-1
37,1,1,7,4,115.186,-1
37,2,1,2,12,2.564,1
37,3,-1,8,3,2.753999999999998,-1
37,4,-1,6,4,2.0630000000000024,1
37,5,1,15,5,2.482999999999997,-1
37,6,1,6,14,1.0019999999999951,1
37,7,1,1,9,1.4620000000000033,1
37,8,1,7,15,1.4420000000000002,1
37,9,-1,15,11,1.6820000000000022,-1
37,10,1,9,10,1.202,1
37,11,-1,9,4,0.9409999999999998,-1
37,12,-1,14,9,1.2720000000000002,-1
37,13,-1,11,1,1.0419999999999998,-1
37,14,1,5,16,1.1609999999999996,1
37,15,1,9,12,1.4219999999999988,1
37,16,1,12,14,1.501999999999999,-1
37,17,1,12,16,2.4840000000000018,-1
37,18,1,16,6,1.5420000000000016,-1
37,19,1,3,10,1.2610000000000028,1
37,20,-1,8,4,1.2619999999999931,-1
37,21,-1,5,2,0.8109999999999999,-1
37,22,-1,5,9,1.321000000000005,1
37,23,-1,16,11,1.481999999999999,-1
37,24,1,6,9,0.9909999999999995,1
37,25,1,4,11,1.152,1
37,26,-1,6,3,7.901,1
37,27,1,6,10,2.834,1
37,28,1,14,15,8.713000000000001,1
37,29,1,13,16,2.934000000000001,1
37,30,1,2,14,0.9620000000000032,1
37,31,-1,12,13,2.933999999999997,-1
37,32,-1,11,5,3.174999999999997,-1
37,33,1,7,11,2.202999999999996,1
37,34,-1,14,7,1.0320000000000036,-1
37,35,1,3,9,2.783999999999999,1
37,36,-1,13,4,1.5619999999999976,-1
37,37,-1,13,3,1.3119999999999976,-1
37,38,-1,10,2,1.953000000000003,-1
37,39,1,1,3,2.6129999999999995,-1
37,40,-1,5,8,2.394,1
37,41,-1,16,9,1.622,-1
37,42,-1,15,10,8.232,-1
37,43,1,6,1,1.852999999999998,1
37,44,-1,10,13,4.074999999999999,1
37,45,-1,13,14,4.466000000000001,1
37,46,-1,16,1,0.7709999999999972,-1
37,47,1,8,14,1.4620000000000033,1
37,48,-1,10,4,1.0120000000000005,-1
37,49,1,7,1,1.1909999999999954,-1
37,50,-1,10,8,1.0220000000000056,-1
37,51,1,7,5,5.899000000000001,1
37,52,-1,1,14,3.333999999999996,1
37,53,-1,11,2,0.8509999999999991,-1
37,54,1,3,12,0.6610000000000014,1
37,55,1,6,8,0.5609999999999999,1
37,56,-1,5,13,1.503,1
37,57,-1,14,3,1.1510000000000034,-1
37,58,1,9,13,0.911,1
37,59,-1,5,4,0.661,-1
37,60,1,10,11,0.3200000000000003,-1
37,61,1,1,15,4.185999999999999,1
37,62,1,2,8,1.1110000000000009,1
37,63,-1,15,16,6.719999999999999,-1
37,64,-1,4,2,1.5519999999999996,-1
37,65,1,4,15,2.3130000000000024,1
37,66,-1,13,1,0.7910000000000004,-1
37,67,-1,12,6,4.055999999999997,-1
37,68,1,1,4,1.2320000000000064,-1
37,69,-1,16,4,3.305,-1
37,70,-1,12,5,9.674,-1
37,71,1,4,12,0.7609999999999957,1
37,72,-1,6,2,2.433999999999997,-1
37,73,-1,11,12,4.096000000000004,1
37,74,1,2,1,1.412,1
37,75,1,2,13,1.362,1
37,76,1,8,13,2.6740000000000004,1
37,77,-1,14,11,1.3809999999999985,-1
37,78,1,1,5,0.7909999999999986,1
37,79,1,12,15,1.8119999999999996,1
37,80,-1,12,8,1.5929999999999982,-1
37,81,1,5,10,1.2010000000000003,1
37,82,-1,15,9,0.9719999999999978,-1
37,83,1,1,10,1.0309999999999988,1
37,84,-1,15,6,0.8309999999999995,-1
37,85,1,2,3,1.2520000000000024,1
37,86,-1,10,7,0.9310000000000008,-1
37,87,1,8,15,0.9919999999999972,1
37,88,1,7,13,1.7729999999999997,1
37,89,1,6,13,0.6109999999999971,1
37,90,1,4,14,0.5910000000000011,1
37,91,-1,11,6,0.9209999999999994,-1
37,92,1,10,16,1.2919999999999945,1
37,93,-1,15,3,0.5510000000000019,-1
37,94,1,12,10,1.452999999999996,-1
37,95,-1,8,7,3.113999999999997,-1
37,96,1,9,7,1.1920000000000002,-1
37,97,-1,15,13,3.515000000000001,-1
37,98,-1,11,8,1.3019999999999998,1
37,99,-1,14,10,9.001999999999999,-1
37,100,1,3,5,2.4339999999999997,1
37,101,1,4,3,3.3550000000000004,1
37,102,-1,7,2,0.7310000000000016,-1
37,103,1,1,12,0.6110000000000007,1
37,104,1,7,12,0.8810000000000002,1
37,105,1,6,7,0.6609999999999978,1
37,106,1,1,8,0.5910000000000011,1
37,107,1,2,16,0.5809999999999995,1
37,108,-1,14,5,0.6810000000000009,-1
37,109,-1,16,14,1.3019999999999996,1
37,110,-1,11,13,1.5220000000000056,1
37,111,-1,15,2,0.5999999999999943,-1
37,112,-1,11,9,1.3419999999999987,-1
37,113,1,3,16,0.6310000000000002,1
37,114,1,3,7,0.7209999999999965,1
37,115,1,9,8,1.5620000000000047,1
37,116,-1,7,16,0.2999999999999971,1
37,117,-1,16,8,0.9110000000000014,-1
37,118,1,2,9,0.7310000000000016,1
37,119,1,3,11,0.7609999999999957,1
38,1,-1,15,6,103.339,-1
38,2,1,13,14,4.907,1
38,3,1,8,12,1.9429999999999976,1
38,4,1,12,10,1.7530000000000037,-1
38,5,-1,13,7,3.2050000000000054,-1
38,6,1,1,9,1.5530000000000044,1
38,7,1,3,6,4.215999999999994,-1
38,8,1,9,4,1.2220000000000013,-1
38,9,-1,11,1,0.8509999999999991,-1
38,10,-1,11,5,1.7120000000000002,-1
38,11,1,5,12,1.6419999999999997,1
38,12,1,10,14,5.158,1
38,13,-1,8,7,1.4420000000000002,-1
38,14,-1,16,15,3.3550000000000004,1
38,15,-1,4,1,3.0749999999999997,1
38,16,-1,5,7,4.315999999999995,-1
38,17,-1,10,6,3.2150000000000034,-1
38,18,-1,9,2,2.442999999999998,-1
38,19,-1,8,6,2.0929999999999964,-1
38,20,1,4,10,1.8729999999999976,1
38,21,1,5,9,8.311999999999998,1
38,22,-1,8,2,1.613,-1
38,23,1,6,11,5.258000000000001,1
38,24,1,11,15,3.135,1
38,25,1,8,14,4.245999999999999,1
38,26,-1,15,1,1.7020000000000015,-1
38,27,-1,16,14,4.146000000000001,1
38,28,-1,16,9,2.814,-1
38,29,1,8,9,3.024000000000001,-1
38,30,1,4,11,3.884999999999998,1
38,31,-1,15,4,3.0249999999999986,-1
38,32,-1,6,4,2.8950000000000005,1
38,33,-1,3,1,2.514000000000001,1
38,34,-1,11,3,2.693,-1
38,35,-1,16,5,4.657000000000002,-1
38,36,-1,10,7,5.969000000000001,-1
38,37,1,4,14,3.1140000000000008,1
38,38,-1,12,9,1.892000000000003,-1
38,39,-1,13,5,2.8939999999999984,-1
38,40,1,6,12,1.661999999999999,1
38,41,-1,16,7,0.9209999999999994,-1
38,42,1,2,6,2.823999999999998,1
38,43,-1,5,4,1.881999999999998,-1
38,44,1,4,8,2.7239999999999966,1
38,45,-1,13,3,1.731999999999999,-1
38,46,-1,15,12,1.2119999999999962,-1
38,47,-1,6,7,2.7340000000000018,1
38,48,1,1,8,1.9429999999999976,1
38,49,1,2,13,1.102,1
38,50,1,7,15,0.8110000000000002,1
38,51,1,2,7,2.263,1
38,52,1,5,10,5.558,1
38,53,1,2,10,0.8810000000000002,1
38,54,1,14,15,2.383000000000001,1
38,55,-1,15,2,1.1310000000000002,-1
38,56,-1,15,3,0.8309999999999995,-1
38,57,-1,13,10,1.3619999999999983,-1
38,58,1,5,15,1.5020000000000024,1
38,59,1,4,13,1.4220000000000006,1
38,60,1,6,16,0.7810000000000024,1
38,61,1,9,14,0.9909999999999995,1
38,62,1,10,11,1.3219999999999992,-1
38,63,1,2,4,1.7520000000000024,1
38,64,1,9,13,0.820999999999998,1
38,65,1,10,16,1.3519999999999968,1
38,66,1,3,5,3.7150000000000034,1
38,67,-1,13,8,3.164999999999999,-1
38,68,-1,2,1,5.928999999999995,1
38,69,-1,16,1,1.1410000000000051,-1
38,70,1,6,9,0.8310000000000031,1
38,71,1,1,5,1.0120000000000005,1
38,72,-1,5,8,1.422000000000004,1
38,73,1,1,13,0.7109999999999985,1
38,74,-1,14,1,1.5420000000000016,-1
38,75,-1,10,8,1.2620000000000005,-1
38,76,1,8,15,1.5630000000000002,1
38,77,1,3,4,3.495,-1
38,78,-1,11,8,1.5120000000000005,1
38,79,-1,12,13,4.075999999999999,-1
38,80,1,6,14,1.192000000000002,1
38,81,-1,7,4,2.1729999999999983,-1
38,82,-1,11,2,1.5519999999999996,-1
38,83,-1,15,9,1.372,-1
38,84,-1,12,14,2.483999999999998,-1
38,85,1,16,4,1.2020000000000015,-1
38,86,-1,12,11,1.3219999999999992,-1
38,87,-1,11,14,4.797000000000001,1
38,88,1,9,7,2.1229999999999976,-1
38,89,1,2,5,0.8019999999999996,1
38,90,-1,7,3,5.117000000000004,-1
38,91,1,1,6,1.3319999999999936,-1
38,92,1,11,16,3.555,1
38,93,-1,16,13,2.703999999999993,-1
38,94,1,3,12,0.6910000000000025,1
38,95,1,2,14,0.7010000000000005,1
38,96,-1,10,9,1.381999999999998,-1
38,97,-1,16,3,0.7409999999999999,-1
38,98,-1,8,3,2.063,-1
38,99,1,4,12,0.6109999999999998,1
38,100,-1,9,3,2.2330000000000005,-1
38,101,1,3,10,0.7410000000000014,1
38,102,1,8,16,0.981,1
38,103,1,7,14,2.0730000000000004,1
38,104,-1,14,5,2.013,-1
38,105,-1,2,3,4.296000000000001,1
38,106,-1,16,2,0.6610000000000014,-1
38,107,1,7,12,0.5809999999999995,1
38,108,-1,7,1,0.4609999999999985,-1
38,109,-1,15,10,1.8230000000000004,-1
38,110,-1,10,1,1.0110000000000028,-1
38,111,-1,14,3,1.933,-1
38,112,1,9,11,4.927,1
38,113,1,2,12,0.7309999999999945,1
38,114,1,11,13,6.378999999999998,1
38,115,-1,12,16,1.883000000000003,-1
38,116,1,1,12,2.5529999999999973,1
38,117,-1,15,13,2.0330000000000013,-1
38,118,1,6,13,1.061,1
38,119,-1,11,7,1.911999999999999,-1
39,1,1,2,8,137.40800000000002,1
39,2,-1,16,13,6.248999999999995,-1
39,3,-1,13,12,10.135,1
39,4,1,9,10,4.616999999999997,1
39,5,1,2,6,1.602999999999998,1
39,6,-1,15,6,3.264999999999997,-1
39,7,-1,16,9,1.963000000000001,-1
39,8,-1,12,7,1.7620000000000005,-1
39,9,-1,14,8,2.103000000000001,-1
39,10,1,1,16,0.8120000000000047,1
39,11,1,2,1,1.2320000000000064,1
39,12,1,11,12,7.391000000000005,1
39,13,-1,15,13,3.896000000000001,-1
39,14,-1,12,4,0.9509999999999934,-1
39,15,-1,15,11,1.5719999999999956,-1
39,16,-1,7,4,1.362000000000002,-1
39,17,-1,10,5,2.253,-1
39,18,-1,16,4,0.7809999999999997,-1
39,19,1,8,5,1.3920000000000003,-1
39,20,1,6,16,2.875,1
39,21,1,11,10,1.9430000000000012,1
39,22,1,6,14,3.1239999999999988,1
39,23,-1,11,3,2.894000000000002,-1
39,24,1,7,8,4.987000000000002,1
39,25,-1,16,11,0.6410000000000053,-1
39,26,-1,5,1,0.7510000000000048,-1
39,27,-1,9,3,3.8359999999999994,-1
39,28,1,8,12,3.4250000000000043,1
39,29,1,4,15,2.774000000000001,1
39,30,1,10,16,3.986000000000004,1
39,31,-1,15,14,3.825000000000003,-1
39,32,-1,13,5,3.895,-1
39,33,1,13,10,2.012999999999999,-1
39,34,-1,10,6,1.572000000000001,-1
39,35,-1,15,10,4.247,-1
39,36,1,2,4,1.0920000000000023,1
39,37,1,4,10,1.3220000000000027,1
39,38,1,1,6,1.1119999999999983,-1
39,39,-1,14,13,3.745000000000001,-1
39,40,1,1,10,1.142000000000003,1
39,41,-1,9,2,1.5720000000000027,-1
39,42,1,2,10,1.5120000000000005,1
39,43,-1,8,6,4.295999999999999,-1
39,44,1,4,3,4.657000000000004,1
39,45,-1,14,4,1.0409999999999968,-1
39,46,1,1,3,1.6229999999999976,-1
39,47,-1,13,3,1.602000000000004,-1
39,48,1,11,8,1.652000000000001,1
39,49,-1,14,11,2.483,-1
39,50,1,14,10,2.423,-1
39,51,-1,14,7,1.9719999999999995,-1
39,52,-1,14,3,0.9109999999999996,-1
39,53,1,9,6,3.104000000000001,-1
39,54,1,9,14,0.9510000000000004,1
39,55,-1,11,9,1.5630000000000024,-1
39,56,1,7,5,2.9239999999999995,1
39,57,1,12,10,1.5219999999999985,-1
39,58,-1,3,2,2.344000000000001,-1
39,59,-1,14,1,1.5730000000000004,-1
39,60,-1,8,13,2.794000000000004,1
39,61,-1,11,6,1.402000000000001,-1
39,62,1,2,12,0.6909999999999954,1
39,63,1,15,16,1.4720000000000013,-1
39,64,1,4,11,0.7509999999999977,1
39,65,-1,5,9,0.4600000000000008,1
39,66,1,9,1,1.092,-1
39,67,1,9,15,1.3919999999999997,1
39,68,-1,13,9,1.9930000000000003,-1
39,69,1,4,13,0.7410000000000014,1
39,70,1,2,11,0.6099999999999994,1
39,71,1,2,14,0.9010000000000016,1
39,72,-1,15,1,0.6609999999999996,-1
39,73,1,2,7,0.4909999999999996,1
39,74,-1,12,5,2.604000000000001,-1
39,75,-1,7,9,1.8729999999999976,1
39,76,-1,5,2,0.7910000000000004,-1
39,77,1,3,5,0.7310000000000016,1
39,78,-1,12,3,0.9319999999999986,-1
39,79,-1,12,6,0.9110000000000014,-1
39,80,1,1,13,0.570999999999998,1
39,81,-1,8,1,0.7510000000000012,-1
39,82,-1,15,2,0.7910000000000004,-1
39,83,-1,15,3,1.152000000000001,-1
39,84,-1,16,14,0.5910000000000011,1
39,85,1,2,16,0.6110000000000042,1
39,86,-1,12,9,2.103000000000001,-1
39,87,-1,10,7,0.6910000000000025,-1
39,88,1,7,13,0.7309999999999945,1
39,89,1,9,8,3.014000000000003,1
39,90,-1,15,12,1.151999999999994,-1
39,91,-1,15,5,1.2220000000000013,-1
39,92,1,12,16,0.7010000000000005,-1
39,93,-1,11,7,3.2950000000000017,-1
39,94,1,1,12,1.4730000000000003,1
39,95,-1,15,8,0.7309999999999999,-1
39,96,-1,1,4,3.5249999999999995,-1
39,97,-1,1,11,0.8710000000000004,1
39,98,1,5,14,1.4420000000000002,1
39,99,1,5,11,9.172999999999998,1
39,100,1,6,13,1.0109999999999992,1
39,101,-1,7,1,1.1320000000000014,-1
39,102,-1,7,6,1.6119999999999983,-1
39,103,-1,16,7,0.7810000000000024,-1
39,104,1,7,15,1.161999999999999,1
39,105,1,8,10,0.8510000000000026,1
39,106,1,12,14,2.8740000000000023,-1
39,107,-1,16,3,0.6310000000000002,-1
39,108,-1,6,4,2.1330000000000027,1
39,109,1,3,10,0.7910000000000039,1
39,110,1,8,16,1.191999999999993,1
39,111,-1,9,4,0.9420000000000002,-1
39,112,1,2,13,0.570999999999998,1
39,113,-1,16,5,0.5009999999999977,-1
39,114,1,3,7,0.9709999999999964,1
39,115,-1,5,4,0.4909999999999996,-1
39,116,1,11,13,2.763999999999996,1
39,117,1,4,8,1.0420000000000016,1
39,118,1,3,8,0.5810000000000031,1
39,119,1,3,6,0.6210000000000022,-1
40,1,-1,12,2,89.438,-1
40,2,1,7,10,1.653,1
40,3,1,3,11,1.492,1
40,4,1,6,4,4.516,1
40,5,1,6,9,0.9919999999999992,1
40,6,1,2,11,1.4530000000000012,1
40,7,1,1,3,1.3520000000000003,-1
40,8,-1,15,11,2.1630000000000003,-1
40,9,-1,13,7,3.213999999999998,-1
40,10,1,7,8,1.2409999999999997,1
40,11,1,7,11,1.7119999999999995,1
40,12,1,5,15,0.9819999999999992,1
40,13,1,4,11,0.8810000000000002,1
40,14,-1,15,2,1.3519999999999968,-1
40,15,1,5,13,1.041000000000004,1
40,16,1,1,14,1.321000000000005,1
40,17,-1,14,9,1.152000000000001,-1
40,18,1,10,15,5.027000000000001,1
40,19,-1,7,6,1.422000000000004,-1
40,20,1,16,14,3.4350000000000023,1
40,21,-1,10,8,1.622,-1
40,22,1,8,13,0.7909999999999968,1
40,23,-1,12,7,0.6009999999999991,-1
40,24,-1,10,1,0.5800000000000001,-1
40,25,-1,7,1,0.5110000000000001,-1
40,26,1,9,8,2.3229999999999995,1
40,27,-1,10,4,0.6210000000000004,-1
40,28,1,3,5,0.5810000000000004,1
40,29,1,8,14,0.5410000000000004,1
40,30,1,16,5,0.4809999999999998,-1
40,31,1,9,5,0.9420000000000002,-1
40,32,-1,8,5,0.8610000000000007,-1
40,33,-1,15,13,1.5329999999999997,-1
40,34,-1,16,2,0.5399999999999991,-1
40,35,-1,12,6,0.6109999999999971,-1
40,36,-1,10,2,0.9310000000000008,-1
40,37,1,7,16,0.8910000000000018,1
40,38,-1,5,2,0.5109999999999992,-1
40,39,1,4,16,0.9310000000000008,1
40,40,1,6,11,0.5509999999999984,1
40,41,1,6,3,1.061,1
40,42,1,4,7,0.570999999999998,1
40,43,-1,7,3,1.3919999999999997,-1
40,44,-1,10,6,1.372,-1
40,45,-1,12,9,0.4910000000000032,-1
40,46,-1,13,3,0.6810000000000045,-1
40,47,-1,16,13,0.6409999999999982,-1
40,48,-1,11,16,1.2120000000000033,1
40,49,1,1,8,0.6610000000000014,1
40,50,-1,16,1,0.5210000000000008,-1
40,51,1,7,14,0.7810000000000059,1
40,52,-1,10,13,1.1920000000000002,1
40,53,-1,16,12,0.7610000000000028,1
40,54,-1,2,1,1.3019999999999996,1
40,55,-1,14,5,2.0629999999999957,-1
40,56,-1,8,4,0.9620000000000032,-1
40,57,-1,9,2,1.4720000000000013,-1
40,58,-1,10,12,0.9819999999999992,1
40,59,-1,9,3,1.4720000000000013,-1
40,60,1,9,10,0.641,1
40,61,-1,5,12,0.6110000000000002,1
40,62,-1,15,9,0.6510000000000007,-1
40,63,1,4,12,0.8520000000000003,1
40,64,-1,4,1,0.6709999999999994,1
40,65,1,3,16,2.173,1
40,66,-1,3,2,1.2720000000000002,-1
40,67,1,7,5,1.502000000000001,1
40,68,-1,8,2,1.2119999999999995,-1
40,69,-1,7,2,0.5110000000000028,-1
40,70,1,1,13,0.5399999999999991,1
40,71,-1,15,1,0.4909999999999996,-1
40,72,1,6,1,1.1509999999999998,1
40,73,-1,13,2,0.7710000000000008,-1
40,74,1,14,11,2.2630000000000017,-1
40,75,1,13,14,2.3629999999999995,1
40,76,1,3,15,1.161999999999999,1
40,77,1,4,13,0.6009999999999955,1
40,78,-1,16,6,0.5009999999999977,-1
40,79,1,2,4,0.6099999999999994,1
40,80,1,15,16,0.5810000000000031,-1
40,81,-1,11,9,1.8329999999999984,-1
40,82,1,2,6,0.6109999999999971,1
40,83,1,5,10,3.706000000000003,1
40,84,1,9,16,0.6409999999999982,1
40,85,-1,12,1,0.4710000000000036,-1
40,86,1,2,14,0.4909999999999996,1
40,87,-1,11,1,0.4509999999999934,-1
40,88,-1,13,12,2.613999999999997,1
40,89,1,9,13,1.4420000000000002,1
40,90,-1,5,1,0.4909999999999996,-1
40,91,1,12,15,0.5210000000000008,1
40,92,-1,8,3,1.6729999999999947,-1
40,93,1,6,8,0.681,1
40,94,1,11,10,2.354,1
40,95,1,11,5,2.013,-1
40,96,1,10,16,1.372,1
40,97,1,8,11,0.9309999999999992,-1
40,98,1,6,13,1.5420000000000016,1
40,99,1,6,14,0.520999999999999,1
40,100,-1,15,7,1.171000000000003,-1
40,101,-1,12,8,0.7810000000000024,-1
40,102,-1,4,3,2.4030000000000022,1
40,103,-1,9,1,1.0719999999999992,-1
40,104,-1,11,12,3.1239999999999988,1
40,105,1,4,15,0.8009999999999984,1
40,106,1,9,7,5.758000000000003,-1
40,107,-1,10,14,1.142000000000003,1
40,108,-1,9,4,1.0919999999999987,-1
40,109,-1,16,8,0.9010000000000034,-1
40,110,-1,14,4,0.5910000000000011,-1
40,111,-1,15,8,0.7909999999999968,-1
40,112,1,3,10,0.6910000000000025,1
40,113,1,14,15,3.8359999999999994,1
40,114,-1,15,6,0.8810000000000002,-1
40,115,1,11,13,0.6610000000000014,1
40,116,-1,5,4,0.6509999999999962,-1
40,117,1,3,12,0.4810000000000016,1
40,118,1,3,14,0.6010000000000062,1
40,119,-1,14,12,2.243000000000002,1
