participant,quarter,session,variance,problem,nPositions,choicePosition,cost,value1,value2,value3,value4,value5,value6,value7,value8,value9,value10
296,W2023,1,high,1,10,2,323.0,510.0,323.0,456.0,539.0,590.0,968.0,422.0,636.0,524.0,685.0
296,W2023,1,high,2,10,2,370.0,586.0,370.0,712.0,376.0,286.0,658.0,587.0,500.0,534.0,409.0
296,W2023,1,high,3,10,3,510.0,811.0,335.0,510.0,306.0,220.0,825.0,902.0,820.0,838.0,558.0
296,W2023,1,high,4,10,2,342.0,660.0,342.0,16.0,592.0,382.0,529.0,571.0,597.0,693.0,457.0
296,W2023,1,high,5,10,7,477.0,556.0,972.0,887.0,621.0,616.0,590.0,477.0,135.0,585.0,695.0
296,W2023,1,high,6,10,5,530.0,861.0,570.0,860.0,768.0,530.0,415.0,507.0,656.0,510.0,740.0
296,W2023,1,high,7,10,2,503.0,610.0,503.0,711.0,641.0,539.0,615.0,780.0,798.0,487.0,354.0
296,W2023,1,high,8,10,7,534.0,999.0,232.0,392.0,682.0,601.0,761.0,534.0,768.0,234.0,427.0
296,W2023,1,high,9,10,2,482.0,994.0,482.0,898.0,735.0,846.0,365.0,414.0,533.0,498.0,307.0
296,W2023,1,high,10,10,1,416.0,416.0,362.0,482.0,731.0,338.0,891.0,603.0,510.0,587.0,297.0
296,W2023,1,high,11,10,1,999.0,999.0,502.0,1.0,695.0,522.0,392.0,897.0,625.0,811.0,549.0
296,W2023,1,high,12,10,1,473.0,473.0,621.0,527.0,842.0,371.0,729.0,642.0,327.0,733.0,686.0
296,W2023,1,high,13,10,8,505.0,701.0,776.0,533.0,467.0,665.0,504.0,567.0,505.0,590.0,246.0
296,W2023,1,high,14,10,4,346.0,899.0,792.0,696.0,346.0,800.0,774.0,483.0,235.0,748.0,590.0
296,W2023,1,high,15,10,1,399.0,399.0,683.0,493.0,448.0,756.0,483.0,659.0,505.0,618.0,600.0
296,W2023,1,high,16,10,2,345.0,999.0,345.0,472.0,554.0,696.0,379.0,815.0,509.0,328.0,677.0
296,W2023,1,high,17,10,1,379.0,379.0,303.0,683.0,253.0,934.0,357.0,313.0,554.0,944.0,259.0
296,W2023,1,high,18,10,1,531.0,531.0,453.0,360.0,552.0,755.0,560.0,284.0,528.0,290.0,536.0
296,W2023,1,high,19,10,1,190.0,190.0,716.0,309.0,734.0,518.0,614.0,635.0,380.0,667.0,390.0
296,W2023,1,high,20,10,3,587.0,284.0,521.0,587.0,44.0,723.0,387.0,490.0,626.0,432.0,624.0
30,W2023,1,high,1,10,2,323.0,510.0,323.0,456.0,539.0,590.0,968.0,422.0,636.0,524.0,685.0
30,W2023,1,high,2,10,5,286.0,586.0,370.0,712.0,376.0,286.0,658.0,587.0,500.0,534.0,409.0
30,W2023,1,high,3,10,4,306.0,811.0,335.0,510.0,306.0,220.0,825.0,902.0,820.0,838.0,558.0
30,W2023,1,high,4,10,2,342.0,660.0,342.0,16.0,592.0,382.0,529.0,571.0,597.0,693.0,457.0
30,W2023,1,high,5,10,7,477.0,556.0,972.0,887.0,621.0,616.0,590.0,477.0,135.0,585.0,695.0
30,W2023,1,high,6,10,10,740.0,861.0,570.0,860.0,768.0,530.0,415.0,507.0,656.0,510.0,740.0
30,W2023,1,high,7,10,9,487.0,610.0,503.0,711.0,641.0,539.0,615.0,780.0,798.0,487.0,354.0
30,W2023,1,high,8,10,2,232.0,999.0,232.0,392.0,682.0,601.0,761.0,534.0,768.0,234.0,427.0
30,W2023,1,high,9,10,6,365.0,994.0,482.0,898.0,735.0,846.0,365.0,414.0,533.0,498.0,307.0
30,W2023,1,high,10,10,5,338.0,416.0,362.0,482.0,731.0,338.0,891.0,603.0,510.0,587.0,297.0
30,W2023,1,high,11,10,3,1.0,999.0,502.0,1.0,695.0,522.0,392.0,897.0,625.0,811.0,549.0
30,W2023,1,high,12,10,5,371.0,473.0,621.0,527.0,842.0,371.0,729.0,642.0,327.0,733.0,686.0
30,W2023,1,high,13,10,8,505.0,701.0,776.0,533.0,467.0,665.0,504.0,567.0,505.0,590.0,246.0
30,W2023,1,high,14,10,4,346.0,899.0,792.0,696.0,346.0,800.0,774.0,483.0,235.0,748.0,590.0
30,W2023,1,high,15,10,10,600.0,399.0,683.0,493.0,448.0,756.0,483.0,659.0,505.0,618.0,600.0
30,W2023,1,high,16,10,9,328.0,999.0,345.0,472.0,554.0,696.0,379.0,815.0,509.0,328.0,677.0
30,W2023,1,high,17,10,2,303.0,379.0,303.0,683.0,253.0,934.0,357.0,313.0,554.0,944.0,259.0
30,W2023,1,high,18,10,3,360.0,531.0,453.0,360.0,552.0,755.0,560.0,284.0,528.0,290.0,536.0
30,W2023,1,high,19,10,1,190.0,190.0,716.0,309.0,734.0,518.0,614.0,635.0,380.0,667.0,390.0
30,W2023,1,high,20,10,1,284.0,284.0,521.0,587.0,44.0,723.0,387.0,490.0,626.0,432.0,624.0
392,W2023,1,high,1,10,2,323.0,510.0,323.0,456.0,539.0,590.0,968.0,422.0,636.0,524.0,685.0
392,W2023,1,high,2,10,2,370.0,586.0,370.0,712.0,376.0,286.0,658.0,587.0,500.0,534.0,409.0
392,W2023,1,high,3,10,2,335.0,811.0,335.0,510.0,306.0,220.0,825.0,902.0,820.0,838.0,558.0
392,W2023,1,high,4,10,2,342.0,660.0,342.0,16.0,592.0,382.0,529.0,571.0,597.0,693.0,457.0
392,W2023,1,high,5,10,7,477.0,556.0,972.0,887.0,621.0,616.0,590.0,477.0,135.0,585.0,695.0
392,W2023,1,high,6,10,5,530.0,861.0,570.0,860.0,768.0,530.0,415.0,507.0,656.0,510.0,740.0
392,W2023,1,high,7,10,2,503.0,610.0,503.0,711.0,641.0,539.0,615.0,780.0,798.0,487.0,354.0
392,W2023,1,high,8,10,2,232.0,999.0,232.0,392.0,682.0,601.0,761.0,534.0,768.0,234.0,427.0
392,W2023,1,high,9,10,2,482.0,994.0,482.0,898.0,735.0,846.0,365.0,414.0,533.0,498.0,307.0
392,W2023,1,high,10,10,1,416.0,416.0,362.0,482.0,731.0,338.0,891.0,603.0,510.0,587.0,297.0
392,W2023,1,high,11,10,3,1.0,999.0,502.0,1.0,695.0,522.0,392.0,897.0,625.0,811.0,549.0
392,W2023,1,high,12,10,5,371.0,473.0,621.0,527.0,842.0,371.0,729.0,642.0,327.0,733.0,686.0
392,W2023,1,high,13,10,3,533.0,701.0,776.0,533.0,467.0,665.0,504.0,567.0,505.0,590.0,246.0
392,W2023,1,high,14,10,4,346.0,899.0,792.0,696.0,346.0,800.0,774.0,483.0,235.0,748.0,590.0
392,W2023,1,high,15,10,1,399.0,399.0,683.0,493.0,448.0,756.0,483.0,659.0,505.0,618.0,600.0
392,W2023,1,high,16,10,2,345.0,999.0,345.0,472.0,554.0,696.0,379.0,815.0,509.0,328.0,677.0
392,W2023,1,high,17,10,1,379.0,379.0,303.0,683.0,253.0,934.0,357.0,313.0,554.0,944.0,259.0
392,W2023,1,high,18,10,2,453.0,531.0,453.0,360.0,552.0,755.0,560.0,284.0,528.0,290.0,536.0
392,W2023,1,high,19,10,1,190.0,190.0,716.0,309.0,734.0,518.0,614.0,635.0,380.0,667.0,390.0
392,W2023,1,high,20,10,1,284.0,284.0,521.0,587.0,44.0,723.0,387.0,490.0,626.0,432.0,624.0
66,W2023,1,high,1,10,10,685.0,510.0,323.0,456.0,539.0,590.0,968.0,422.0,636.0,524.0,685.0
66,W2023,1,high,2,10,2,370.0,586.0,370.0,712.0,376.0,286.0,658.0,587.0,500.0,534.0,409.0
66,W2023,1,high,3,10,5,220.0,811.0,335.0,510.0,306.0,220.0,825.0,902.0,820.0,838.0,558.0
66,W2023,1,high,4,10,3,16.0,660.0,342.0,16.0,592.0,382.0,529.0,571.0,597.0,693.0,457.0
66,W2023,1,high,5,10,8,135.0,556.0,972.0,887.0,621.0,616.0,590.0,477.0,135.0,585.0,695.0
66,W2023,1,high,6,10,6,415.0,861.0,570.0,860.0,768.0,530.0,415.0,507.0,656.0,510.0,740.0
66,W2023,1,high,7,10,9,487.0,610.0,503.0,711.0,641.0,539.0,615.0,780.0,798.0,487.0,354.0
66,W2023,1,high,8,10,2,232.0,999.0,232.0,392.0,682.0,601.0,761.0,534.0,768.0,234.0,427.0
66,W2023,1,high,9,10,6,365.0,994.0,482.0,898.0,735.0,846.0,365.0,414.0,533.0,498.0,307.0
66,W2023,1,high,10,10,5,338.0,416.0,362.0,482.0,731.0,338.0,891.0,603.0,510.0,587.0,297.0
66,W2023,1,high,11,10,3,1.0,999.0,502.0,1.0,695.0,522.0,392.0,897.0,625.0,811.0,549.0
66,W2023,1,high,12,10,5,371.0,473.0,621.0,527.0,842.0,371.0,729.0,642.0,327.0,733.0,686.0
66,W2023,1,high,13,10,10,246.0,701.0,776.0,533.0,467.0,665.0,504.0,567.0,505.0,590.0,246.0
66,W2023,1,high,14,10,7,483.0,899.0,792.0,696.0,346.0,800.0,774.0,483.0,235.0,748.0,590.0
66,W2023,1,high,15,10,10,600.0,399.0,683.0,493.0,448.0,756.0,483.0,659.0,505.0,618.0,600.0
66,W2023,1,high,16,10,2,345.0,999.0,345.0,472.0,554.0,696.0,379.0,815.0,509.0,328.0,677.0
66,W2023,1,high,17,10,1,379.0,379.0,303.0,683.0,253.0,934.0,357.0,313.0,554.0,944.0,259.0
66,W2023,1,high,18,10,7,284.0,531.0,453.0,360.0,552.0,755.0,560.0,284.0,528.0,290.0,536.0
66,W2023,1,high,19,10,1,190.0,190.0,716.0,309.0,734.0,518.0,614.0,635.0,380.0,667.0,390.0
66,W2023,1,high,20,10,1,284.0,284.0,521.0,587.0,44.0,723.0,387.0,490.0,626.0,432.0,624.0
553,W2023,1,high,1,10,2,323.0,510.0,323.0,456.0,539.0,590.0,968.0,422.0,636.0,524.0,685.0
553,W2023,1,high,2,10,5,286.0,586.0,370.0,712.0,376.0,286.0,658.0,587.0,500.0,534.0,409.0
553,W2023,1,high,3,10,2,335.0,811.0,335.0,510.0,306.0,220.0,825.0,902.0,820.0,838.0,558.0
553,W2023,1,high,4,10,3,16.0,660.0,342.0,16.0,592.0,382.0,529.0,571.0,597.0,693.0,457.0
553,W2023,1,high,5,10,8,135.0,556.0,972.0,887.0,621.0,616.0,590.0,477.0,135.0,585.0,695.0
553,W2023,1,high,6,10,6,415.0,861.0,570.0,860.0,768.0,530.0,415.0,507.0,656.0,510.0,740.0
553,W2023,1,high,7,10,10,354.0,610.0,503.0,711.0,641.0,539.0,615.0,780.0,798.0,487.0,354.0
553,W2023,1,high,8,10,2,232.0,999.0,232.0,392.0,682.0,601.0,761.0,534.0,768.0,234.0,427.0
553,W2023,1,high,9,10,10,307.0,994.0,482.0,898.0,735.0,846.0,365.0,414.0,533.0,498.0,307.0
553,W2023,1,high,10,10,2,362.0,416.0,362.0,482.0,731.0,338.0,891.0,603.0,510.0,587.0,297.0
553,W2023,1,high,11,10,3,1.0,999.0,502.0,1.0,695.0,522.0,392.0,897.0,625.0,811.0,549.0
553,W2023,1,high,12,10,5,371.0,473.0,621.0,527.0,842.0,371.0,729.0,642.0,327.0,733.0,686.0
553,W2023,1,high,13,10,10,246.0,701.0,776.0,533.0,467.0,665.0,504.0,567.0,505.0,590.0,246.0
553,W2023,1,high,14,10,4,346.0,899.0,792.0,696.0,346.0,800.0,774.0,483.0,235.0,748.0,590.0
553,W2023,1,high,15,10,10,600.0,399.0,683.0,493.0,448.0,756.0,483.0,659.0,505.0,618.0,600.0
553,W2023,1,high,16,10,9,328.0,999.0,345.0,472.0,554.0,696.0,379.0,815.0,509.0,328.0,677.0
553,W2023,1,high,17,10,1,379.0,379.0,303.0,683.0,253.0,934.0,357.0,313.0,554.0,944.0,259.0
553,W2023,1,high,18,10,7,284.0,531.0,453.0,360.0,552.0,755.0,560.0,284.0,528.0,290.0,536.0
553,W2023,1,high,19,10,1,190.0,190.0,716.0,309.0,734.0,518.0,614.0,635.0,380.0,667.0,390.0
553,W2023,1,high,20,10,1,284.0,284.0,521.0,587.0,44.0,723.0,387.0,490.0,626.0,432.0,624.0
139,W2023,1,high,1,10,2,323.0,510.0,323.0,456.0,539.0,590.0,968.0,422.0,636.0,524.0,685.0
139,W2023,1,high,2,10,2,370.0,586.0,370.0,712.0,376.0,286.0,658.0,587.0,500.0,534.0,409.0
139,W2023,1,high,3,10,2,335.0,811.0,335.0,510.0,306.0,220.0,825.0,902.0,820.0,838.0,558.0
139,W2023,1,high,4,10,3,16.0,660.0,342.0,16.0,592.0,382.0,529.0,571.0,597.0,693.0,457.0
139,W2023,1,high,5,10,8,135.0,556.0,972.0,887.0,621.0,616.0,590.0,477.0,135.0,585.0,695.0
139,W2023,1,high,6,10,10,740.0,861.0,570.0,860.0,768.0,530.0,415.0,507.0,656.0,510.0,740.0
139,W2023,1,high,7,10,9,487.0,610.0,503.0,711.0,641.0,539.0,615.0,780.0,798.0,487.0,354.0
139,W2023,1,high,8,10,2,232.0,999.0,232.0,392.0,682.0,601.0,761.0,534.0,768.0,234.0,427.0
139,W2023,1,high,9,10,6,365.0,994.0,482.0,898.0,735.0,846.0,365.0,414.0,533.0,498.0,307.0
139,W2023,1,high,10,10,5,338.0,416.0,362.0,482.0,731.0,338.0,891.0,603.0,510.0,587.0,297.0
139,W2023,1,high,11,10,3,1.0,999.0,502.0,1.0,695.0,522.0,392.0,897.0,625.0,811.0,549.0
139,W2023,1,high,12,10,8,327.0,473.0,621.0,527.0,842.0,371.0,729.0,642.0,327.0,733.0,686.0
139,W2023,1,high,13,10,10,246.0,701.0,776.0,533.0,467.0,665.0,504.0,567.0,505.0,590.0,246.0
139,W2023,1,high,14,10,4,346.0,899.0,792.0,696.0,346.0,800.0,774.0,483.0,235.0,748.0,590.0
139,W2023,1,high,15,10,10,600.0,399.0,683.0,493.0,448.0,756.0,483.0,659.0,505.0,618.0,600.0
139,W2023,1,high,16,10,9,328.0,999.0,345.0,472.0,554.0,696.0,379.0,815.0,509.0,328.0,677.0
139,W2023,1,high,17,10,2,303.0,379.0,303.0,683.0,253.0,934.0,357.0,313.0,554.0,944.0,259.0
139,W2023,1,high,18,10,7,284.0,531.0,453.0,360.0,552.0,755.0,560.0,284.0,528.0,290.0,536.0
139,W2023,1,high,19,10,1,190.0,190.0,716.0,309.0,734.0,518.0,614.0,635.0,380.0,667.0,390.0
139,W2023,1,high,20,10,1,284.0,284.0,521.0,587.0,44.0,723.0,387.0,490.0,626.0,432.0,624.0
218,W2023,1,high,1,10,9,524.0,510.0,323.0,456.0,539.0,590.0,968.0,422.0,636.0,524.0,685.0
218,W2023,1,high,2,10,2,370.0,586.0,370.0,712.0,376.0,286.0,658.0,587.0,500.0,534.0,409.0
218,W2023,1,high,3,10,2,335.0,811.0,335.0,510.0,306.0,220.0,825.0,902.0,820.0,838.0,558.0
218,W2023,1,high,4,10,2,342.0,660.0,342.0,16.0,592.0,382.0,529.0,571.0,597.0,693.0,457.0
218,W2023,1,high,5,10,6,590.0,556.0,972.0,887.0,621.0,616.0,590.0,477.0,135.0,585.0,695.0
218,W2023,1,high,6,10,6,415.0,861.0,570.0,860.0,768.0,530.0,415.0,507.0,656.0,510.0,740.0
218,W2023,1,high,7,10,9,487.0,610.0,503.0,711.0,641.0,539.0,615.0,780.0,798.0,487.0,354.0
218,W2023,1,high,8,10,2,232.0,999.0,232.0,392.0,682.0,601.0,761.0,534.0,768.0,234.0,427.0
218,W2023,1,high,9,10,6,365.0,994.0,482.0,898.0,735.0,846.0,365.0,414.0,533.0,498.0,307.0
218,W2023,1,high,10,10,5,338.0,416.0,362.0,482.0,731.0,338.0,891.0,603.0,510.0,587.0,297.0
218,W2023,1,high,11,10,3,1.0,999.0,502.0,1.0,695.0,522.0,392.0,897.0,625.0,811.0,549.0
218,W2023,1,high,12,10,5,371.0,473.0,621.0,527.0,842.0,371.0,729.0,642.0,327.0,733.0,686.0
218,W2023,1,high,13,10,10,246.0,701.0,776.0,533.0,467.0,665.0,504.0,567.0,505.0,590.0,246.0
218,W2023,1,high,14,10,4,346.0,899.0,792.0,696.0,346.0,800.0,774.0,483.0,235.0,748.0,590.0
218,W2023,1,high,15,10,10,600.0,399.0,683.0,493.0,448.0,756.0,483.0,659.0,505.0,618.0,600.0
218,W2023,1,high,16,10,2,345.0,999.0,345.0,472.0,554.0,696.0,379.0,815.0,509.0,328.0,677.0
218,W2023,1,high,17,10,4,253.0,379.0,303.0,683.0,253.0,934.0,357.0,313.0,554.0,944.0,259.0
218,W2023,1,high,18,10,7,284.0,531.0,453.0,360.0,552.0,755.0,560.0,284.0,528.0,290.0,536.0
218,W2023,1,high,19,10,1,190.0,190.0,716.0,309.0,734.0,518.0,614.0,635.0,380.0,667.0,390.0
218,W2023,1,high,20,10,1,284.0,284.0,521.0,587.0,44.0,723.0,387.0,490.0,626.0,432.0,624.0
346,W2023,1,high,1,10,10,685.0,510.0,323.0,456.0,539.0,590.0,968.0,422.0,636.0,524.0,685.0
346,W2023,1,high,2,10,5,286.0,586.0,370.0,712.0,376.0,286.0,658.0,587.0,500.0,534.0,409.0
346,W2023,1,high,3,10,2,335.0,811.0,335.0,510.0,306.0,220.0,825.0,902.0,820.0,838.0,558.0
346,W2023,1,high,4,10,3,16.0,660.0,342.0,16.0,592.0,382.0,529.0,571.0,597.0,693.0,457.0
346,W2023,1,high,5,10,8,135.0,556.0,972.0,887.0,621.0,616.0,590.0,477.0,135.0,585.0,695.0
346,W2023,1,high,6,10,10,740.0,861.0,570.0,860.0,768.0,530.0,415.0,507.0,656.0,510.0,740.0
346,W2023,1,high,7,10,9,487.0,610.0,503.0,711.0,641.0,539.0,615.0,780.0,798.0,487.0,354.0
346,W2023,1,high,8,10,9,234.0,999.0,232.0,392.0,682.0,601.0,761.0,534.0,768.0,234.0,427.0
346,W2023,1,high,9,10,6,365.0,994.0,482.0,898.0,735.0,846.0,365.0,414.0,533.0,498.0,307.0
346,W2023,1,high,10,10,5,338.0,416.0,362.0,482.0,731.0,338.0,891.0,603.0,510.0,587.0,297.0
346,W2023,1,high,11,10,3,1.0,999.0,502.0,1.0,695.0,522.0,392.0,897.0,625.0,811.0,549.0
346,W2023,1,high,12,10,5,371.0,473.0,621.0,527.0,842.0,371.0,729.0,642.0,327.0,733.0,686.0
346,W2023,1,high,13,10,10,246.0,701.0,776.0,533.0,467.0,665.0,504.0,567.0,505.0,590.0,246.0
346,W2023,1,high,14,10,7,483.0,899.0,792.0,696.0,346.0,800.0,774.0,483.0,235.0,748.0,590.0
346,W2023,1,high,15,10,10,600.0,399.0,683.0,493.0,448.0,756.0,483.0,659.0,505.0,618.0,600.0
346,W2023,1,high,16,10,9,328.0,999.0,345.0,472.0,554.0,696.0,379.0,815.0,509.0,328.0,677.0
346,W2023,1,high,17,10,4,253.0,379.0,303.0,683.0,253.0,934.0,357.0,313.0,554.0,944.0,259.0
346,W2023,1,high,18,10,3,360.0,531.0,453.0,360.0,552.0,755.0,560.0,284.0,528.0,290.0,536.0
346,W2023,1,high,19,10,1,190.0,190.0,716.0,309.0,734.0,518.0,614.0,635.0,380.0,667.0,390.0
346,W2023,1,high,20,10,4,44.0,284.0,521.0,587.0,44.0,723.0,387.0,490.0,626.0,432.0,624.0
183,W2023,1,high,1,10,2,323.0,510.0,323.0,456.0,539.0,590.0,968.0,422.0,636.0,524.0,685.0
183,W2023,1,high,2,10,2,370.0,586.0,370.0,712.0,376.0,286.0,658.0,587.0,500.0,534.0,409.0
183,W2023,1,high,3,10,2,335.0,811.0,335.0,510.0,306.0,220.0,825.0,902.0,820.0,838.0,558.0
183,W2023,1,high,4,10,3,16.0,660.0,342.0,16.0,592.0,382.0,529.0,571.0,597.0,693.0,457.0
183,W2023,1,high,5,10,7,477.0,556.0,972.0,887.0,621.0,616.0,590.0,477.0,135.0,585.0,695.0
183,W2023,1,high,6,10,9,510.0,861.0,570.0,860.0,768.0,530.0,415.0,507.0,656.0,510.0,740.0
183,W2023,1,high,7,10,10,354.0,610.0,503.0,711.0,641.0,539.0,615.0,780.0,798.0,487.0,354.0
183,W2023,1,high,8,10,2,232.0,999.0,232.0,392.0,682.0,601.0,761.0,534.0,768.0,234.0,427.0
183,W2023,1,high,9,10,6,365.0,994.0,482.0,898.0,735.0,846.0,365.0,414.0,533.0,498.0,307.0
183,W2023,1,high,10,10,1,416.0,416.0,362.0,482.0,731.0,338.0,891.0,603.0,510.0,587.0,297.0
183,W2023,1,high,11,10,3,1.0,999.0,502.0,1.0,695.0,522.0,392.0,897.0,625.0,811.0,549.0
183,W2023,1,high,12,10,5,371.0,473.0,621.0,527.0,842.0,371.0,729.0,642.0,327.0,733.0,686.0
183,W2023,1,high,13,10,8,505.0,701.0,776.0,533.0,467.0,665.0,504.0,567.0,505.0,590.0,246.0
183,W2023,1,high,14,10,4,346.0,899.0,792.0,696.0,346.0,800.0,774.0,483.0,235.0,748.0,590.0
183,W2023,1,high,15,10,4,448.0,399.0,683.0,493.0,448.0,756.0,483.0,659.0,505.0,618.0,600.0
183,W2023,1,high,16,10,6,379.0,999.0,345.0,472.0,554.0,696.0,379.0,815.0,509.0,328.0,677.0
183,W2023,1,high,17,10,2,303.0,379.0,303.0,683.0,253.0,934.0,357.0,313.0,554.0,944.0,259.0
183,W2023,1,high,18,10,3,360.0,531.0,453.0,360.0,552.0,755.0,560.0,284.0,528.0,290.0,536.0
183,W2023,1,high,19,10,1,190.0,190.0,716.0,309.0,734.0,518.0,614.0,635.0,380.0,667.0,390.0
183,W2023,1,high,20,10,1,284.0,284.0,521.0,587.0,44.0,723.0,387.0,490.0,626.0,432.0,624.0
404,W2023,1,high,1,10,2,323.0,510.0,323.0,456.0,539.0,590.0,968.0,422.0,636.0,524.0,685.0
404,W2023,1,high,2,10,4,376.0,586.0,370.0,712.0,376.0,286.0,658.0,587.0,500.0,534.0,409.0
404,W2023,1,high,3,10,2,335.0,811.0,335.0,510.0,306.0,220.0,825.0,902.0,820.0,838.0,558.0
404,W2023,1,high,4,10,3,16.0,660.0,342.0,16.0,592.0,382.0,529.0,571.0,597.0,693.0,457.0
404,W2023,1,high,5,10,7,477.0,556.0,972.0,887.0,621.0,616.0,590.0,477.0,135.0,585.0,695.0
404,W2023,1,high,6,10,5,530.0,861.0,570.0,860.0,768.0,530.0,415.0,507.0,656.0,510.0,740.0
404,W2023,1,high,7,10,9,487.0,610.0,503.0,711.0,641.0,539.0,615.0,780.0,798.0,487.0,354.0
404,W2023,1,high,8,10,2,232.0,999.0,232.0,392.0,682.0,601.0,761.0,534.0,768.0,234.0,427.0
404,W2023,1,high,9,10,6,365.0,994.0,482.0,898.0,735.0,846.0,365.0,414.0,533.0,498.0,307.0
404,W2023,1,high,10,10,2,362.0,416.0,362.0,482.0,731.0,338.0,891.0,603.0,510.0,587.0,297.0
404,W2023,1,high,11,10,3,1.0,999.0,502.0,1.0,695.0,522.0,392.0,897.0,625.0,811.0,549.0
404,W2023,1,high,12,10,5,371.0,473.0,621.0,527.0,842.0,371.0,729.0,642.0,327.0,733.0,686.0
404,W2023,1,high,13,10,6,504.0,701.0,776.0,533.0,467.0,665.0,504.0,567.0,505.0,590.0,246.0
404,W2023,1,high,14,10,4,346.0,899.0,792.0,696.0,346.0,800.0,774.0,483.0,235.0,748.0,590.0
404,W2023,1,high,15,10,10,600.0,399.0,683.0,493.0,448.0,756.0,483.0,659.0,505.0,618.0,600.0
404,W2023,1,high,16,10,6,379.0,999.0,345.0,472.0,554.0,696.0,379.0,815.0,509.0,328.0,677.0
404,W2023,1,high,17,10,2,303.0,379.0,303.0,683.0,253.0,934.0,357.0,313.0,554.0,944.0,259.0
404,W2023,1,high,18,10,3,360.0,531.0,453.0,360.0,552.0,755.0,560.0,284.0,528.0,290.0,536.0
404,W2023,1,high,19,10,1,190.0,190.0,716.0,309.0,734.0,518.0,614.0,635.0,380.0,667.0,390.0
404,W2023,1,high,20,10,1,284.0,284.0,521.0,587.0,44.0,723.0,387.0,490.0,626.0,432.0,624.0
365,W2023,1,high,1,10,2,323.0,510.0,323.0,456.0,539.0,590.0,968.0,422.0,636.0,524.0,685.0
365,W2023,1,high,2,10,2,370.0,586.0,370.0,712.0,376.0,286.0,658.0,587.0,500.0,534.0,409.0
365,W2023,1,high,3,10,2,335.0,811.0,335.0,510.0,306.0,220.0,825.0,902.0,820.0,838.0,558.0
365,W2023,1,high,4,10,2,342.0,660.0,342.0,16.0,592.0,382.0,529.0,571.0,597.0,693.0,457.0
365,W2023,1,high,5,10,7,477.0,556.0,972.0,887.0,621.0,616.0,590.0,477.0,135.0,585.0,695.0
365,W2023,1,high,6,10,6,415.0,861.0,570.0,860.0,768.0,530.0,415.0,507.0,656.0,510.0,740.0
365,W2023,1,high,7,10,9,487.0,610.0,503.0,711.0,641.0,539.0,615.0,780.0,798.0,487.0,354.0
365,W2023,1,high,8,10,2,232.0,999.0,232.0,392.0,682.0,601.0,761.0,534.0,768.0,234.0,427.0
365,W2023,1,high,9,10,6,365.0,994.0,482.0,898.0,735.0,846.0,365.0,414.0,533.0,498.0,307.0
365,W2023,1,high,10,10,2,362.0,416.0,362.0,482.0,731.0,338.0,891.0,603.0,510.0,587.0,297.0
365,W2023,1,high,11,10,3,1.0,999.0,502.0,1.0,695.0,522.0,392.0,897.0,625.0,811.0,549.0
365,W2023,1,high,12,10,5,371.0,473.0,621.0,527.0,842.0,371.0,729.0,642.0,327.0,733.0,686.0
365,W2023,1,high,13,10,4,467.0,701.0,776.0,533.0,467.0,665.0,504.0,567.0,505.0,590.0,246.0
365,W2023,1,high,14,10,4,346.0,899.0,792.0,696.0,346.0,800.0,774.0,483.0,235.0,748.0,590.0
365,W2023,1,high,15,10,1,399.0,399.0,683.0,493.0,448.0,756.0,483.0,659.0,505.0,618.0,600.0
365,W2023,1,high,16,10,2,345.0,999.0,345.0,472.0,554.0,696.0,379.0,815.0,509.0,328.0,677.0
365,W2023,1,high,17,10,1,379.0,379.0,303.0,683.0,253.0,934.0,357.0,313.0,554.0,944.0,259.0
365,W2023,1,high,18,10,2,453.0,531.0,453.0,360.0,552.0,755.0,560.0,284.0,528.0,290.0,536.0
365,W2023,1,high,19,10,1,190.0,190.0,716.0,309.0,734.0,518.0,614.0,635.0,380.0,667.0,390.0
365,W2023,1,high,20,10,1,284.0,284.0,521.0,587.0,44.0,723.0,387.0,490.0,626.0,432.0,624.0
437,W2023,1,high,1,10,2,323.0,510.0,323.0,456.0,539.0,590.0,968.0,422.0,636.0,524.0,685.0
437,W2023,1,high,2,10,2,370.0,586.0,370.0,712.0,376.0,286.0,658.0,587.0,500.0,534.0,409.0
437,W2023,1,high,3,10,2,335.0,811.0,335.0,510.0,306.0,220.0,825.0,902.0,820.0,838.0,558.0
437,W2023,1,high,4,10,2,342.0,660.0,342.0,16.0,592.0,382.0,529.0,571.0,597.0,693.0,457.0
437,W2023,1,high,5,10,8,135.0,556.0,972.0,887.0,621.0,616.0,590.0,477.0,135.0,585.0,695.0
437,W2023,1,high,6,10,10,740.0,861.0,570.0,860.0,768.0,530.0,415.0,507.0,656.0,510.0,740.0
437,W2023,1,high,7,10,9,487.0,610.0,503.0,711.0,641.0,539.0,615.0,780.0,798.0,487.0,354.0
437,W2023,1,high,8,10,2,232.0,999.0,232.0,392.0,682.0,601.0,761.0,534.0,768.0,234.0,427.0
437,W2023,1,high,9,10,6,365.0,994.0,482.0,898.0,735.0,846.0,365.0,414.0,533.0,498.0,307.0
437,W2023,1,high,10,10,2,362.0,416.0,362.0,482.0,731.0,338.0,891.0,603.0,510.0,587.0,297.0
437,W2023,1,high,11,10,3,1.0,999.0,502.0,1.0,695.0,522.0,392.0,897.0,625.0,811.0,549.0
437,W2023,1,high,12,10,5,371.0,473.0,621.0,527.0,842.0,371.0,729.0,642.0,327.0,733.0,686.0
437,W2023,1,high,13,10,10,246.0,701.0,776.0,533.0,467.0,665.0,504.0,567.0,505.0,590.0,246.0
437,W2023,1,high,14,10,4,346.0,899.0,792.0,696.0,346.0,800.0,774.0,483.0,235.0,748.0,590.0
437,W2023,1,high,15,10,8,505.0,399.0,683.0,493.0,448.0,756.0,483.0,659.0,505.0,618.0,600.0
437,W2023,1,high,16,10,2,345.0,999.0,345.0,472.0,554.0,696.0,379.0,815.0,509.0,328.0,677.0
437,W2023,1,high,17,10,1,379.0,379.0,303.0,683.0,253.0,934.0,357.0,313.0,554.0,944.0,259.0
437,W2023,1,high,18,10,3,360.0,531.0,453.0,360.0,552.0,755.0,560.0,284.0,528.0,290.0,536.0
437,W2023,1,high,19,10,1,190.0,190.0,716.0,309.0,734.0,518.0,614.0,635.0,380.0,667.0,390.0
437,W2023,1,high,20,10,1,284.0,284.0,521.0,587.0,44.0,723.0,387.0,490.0,626.0,432.0,624.0
388,W2023,1,high,1,10,2,323.0,510.0,323.0,456.0,539.0,590.0,968.0,422.0,636.0,524.0,685.0
388,W2023,1,high,2,10,2,370.0,586.0,370.0,712.0,376.0,286.0,658.0,587.0,500.0,534.0,409.0
388,W2023,1,high,3,10,2,335.0,811.0,335.0,510.0,306.0,220.0,825.0,902.0,820.0,838.0,558.0
388,W2023,1,high,4,10,2,342.0,660.0,342.0,16.0,592.0,382.0,529.0,571.0,597.0,693.0,457.0
388,W2023,1,high,5,10,7,477.0,556.0,972.0,887.0,621.0,616.0,590.0,477.0,135.0,585.0,695.0
388,W2023,1,high,6,10,6,415.0,861.0,570.0,860.0,768.0,530.0,415.0,507.0,656.0,510.0,740.0
388,W2023,1,high,7,10,9,487.0,610.0,503.0,711.0,641.0,539.0,615.0,780.0,798.0,487.0,354.0
388,W2023,1,high,8,10,2,232.0,999.0,232.0,392.0,682.0,601.0,761.0,534.0,768.0,234.0,427.0
388,W2023,1,high,9,10,6,365.0,994.0,482.0,898.0,735.0,846.0,365.0,414.0,533.0,498.0,307.0
388,W2023,1,high,10,10,2,362.0,416.0,362.0,482.0,731.0,338.0,891.0,603.0,510.0,587.0,297.0
388,W2023,1,high,11,10,3,1.0,999.0,502.0,1.0,695.0,522.0,392.0,897.0,625.0,811.0,549.0
388,W2023,1,high,12,10,5,371.0,473.0,621.0,527.0,842.0,371.0,729.0,642.0,327.0,733.0,686.0
388,W2023,1,high,13,10,10,246.0,701.0,776.0,533.0,467.0,665.0,504.0,567.0,505.0,590.0,246.0
388,W2023,1,high,14,10,4,346.0,899.0,792.0,696.0,346.0,800.0,774.0,483.0,235.0,748.0,590.0
388,W2023,1,high,15,10,10,600.0,399.0,683.0,493.0,448.0,756.0,483.0,659.0,505.0,618.0,600.0
388,W2023,1,high,16,10,2,345.0,999.0,345.0,472.0,554.0,696.0,379.0,815.0,509.0,328.0,677.0
388,W2023,1,high,17,10,1,379.0,379.0,303.0,683.0,253.0,934.0,357.0,313.0,554.0,944.0,259.0
388,W2023,1,high,18,10,3,360.0,531.0,453.0,360.0,552.0,755.0,560.0,284.0,528.0,290.0,536.0
388,W2023,1,high,19,10,1,190.0,190.0,716.0,309.0,734.0,518.0,614.0,635.0,380.0,667.0,390.0
388,W2023,1,high,20,10,1,284.0,284.0,521.0,587.0,44.0,723.0,387.0,490.0,626.0,432.0,624.0
68,W2023,1,high,1,10,2,323.0,510.0,323.0,456.0,539.0,590.0,968.0,422.0,636.0,524.0,685.0
68,W2023,1,high,2,10,2,370.0,586.0,370.0,712.0,376.0,286.0,658.0,587.0,500.0,534.0,409.0
68,W2023,1,high,3,10,2,335.0,811.0,335.0,510.0,306.0,220.0,825.0,902.0,820.0,838.0,558.0
68,W2023,1,high,4,10,2,342.0,660.0,342.0,16.0,592.0,382.0,529.0,571.0,597.0,693.0,457.0
68,W2023,1,high,5,10,6,590.0,556.0,972.0,887.0,621.0,616.0,590.0,477.0,135.0,585.0,695.0
68,W2023,1,high,6,10,6,415.0,861.0,570.0,860.0,768.0,530.0,415.0,507.0,656.0,510.0,740.0
68,W2023,1,high,7,10,10,354.0,610.0,503.0,711.0,641.0,539.0,615.0,780.0,798.0,487.0,354.0
68,W2023,1,high,8,10,2,232.0,999.0,232.0,392.0,682.0,601.0,761.0,534.0,768.0,234.0,427.0
68,W2023,1,high,9,10,6,365.0,994.0,482.0,898.0,735.0,846.0,365.0,414.0,533.0,498.0,307.0
68,W2023,1,high,10,10,1,416.0,416.0,362.0,482.0,731.0,338.0,891.0,603.0,510.0,587.0,297.0
68,W2023,1,high,11,10,3,1.0,999.0,502.0,1.0,695.0,522.0,392.0,897.0,625.0,811.0,549.0
68,W2023,1,high,12,10,5,371.0,473.0,621.0,527.0,842.0,371.0,729.0,642.0,327.0,733.0,686.0
68,W2023,1,high,13,10,10,246.0,701.0,776.0,533.0,467.0,665.0,504.0,567.0,505.0,590.0,246.0
68,W2023,1,high,14,10,4,346.0,899.0,792.0,696.0,346.0,800.0,774.0,483.0,235.0,748.0,590.0
68,W2023,1,high,15,10,10,600.0,399.0,683.0,493.0,448.0,756.0,483.0,659.0,505.0,618.0,600.0
68,W2023,1,high,16,10,9,328.0,999.0,345.0,472.0,554.0,696.0,379.0,815.0,509.0,328.0,677.0
68,W2023,1,high,17,10,2,303.0,379.0,303.0,683.0,253.0,934.0,357.0,313.0,554.0,944.0,259.0
68,W2023,1,high,18,10,7,284.0,531.0,453.0,360.0,552.0,755.0,560.0,284.0,528.0,290.0,536.0
68,W2023,1,high,19,10,1,190.0,190.0,716.0,309.0,734.0,518.0,614.0,635.0,380.0,667.0,390.0
68,W2023,1,high,20,10,1,284.0,284.0,521.0,587.0,44.0,723.0,387.0,490.0,626.0,432.0,624.0
72,W2023,1,high,1,10,2,323.0,510.0,323.0,456.0,539.0,590.0,968.0,422.0,636.0,524.0,685.0
72,W2023,1,high,2,10,1,586.0,586.0,370.0,712.0,376.0,286.0,658.0,587.0,500.0,534.0,409.0
72,W2023,1,high,3,10,2,335.0,811.0,335.0,510.0,306.0,220.0,825.0,902.0,820.0,838.0,558.0
72,W2023,1,high,4,10,2,342.0,660.0,342.0,16.0,592.0,382.0,529.0,571.0,597.0,693.0,457.0
72,W2023,1,high,5,10,5,616.0,556.0,972.0,887.0,621.0,616.0,590.0,477.0,135.0,585.0,695.0
72,W2023,1,high,6,10,2,570.0,861.0,570.0,860.0,768.0,530.0,415.0,507.0,656.0,510.0,740.0
72,W2023,1,high,7,10,9,487.0,610.0,503.0,711.0,641.0,539.0,615.0,780.0,798.0,487.0,354.0
72,W2023,1,high,8,10,2,232.0,999.0,232.0,392.0,682.0,601.0,761.0,534.0,768.0,234.0,427.0
72,W2023,1,high,9,10,2,482.0,994.0,482.0,898.0,735.0,846.0,365.0,414.0,533.0,498.0,307.0
72,W2023,1,high,10,10,5,338.0,416.0,362.0,482.0,731.0,338.0,891.0,603.0,510.0,587.0,297.0
72,W2023,1,high,11,10,3,1.0,999.0,502.0,1.0,695.0,522.0,392.0,897.0,625.0,811.0,549.0
72,W2023,1,high,12,10,1,473.0,473.0,621.0,527.0,842.0,371.0,729.0,642.0,327.0,733.0,686.0
72,W2023,1,high,13,10,3,533.0,701.0,776.0,533.0,467.0,665.0,504.0,567.0,505.0,590.0,246.0
72,W2023,1,high,14,10,4,346.0,899.0,792.0,696.0,346.0,800.0,774.0,483.0,235.0,748.0,590.0
72,W2023,1,high,15,10,1,399.0,399.0,683.0,493.0,448.0,756.0,483.0,659.0,505.0,618.0,600.0
72,W2023,1,high,16,10,2,345.0,999.0,345.0,472.0,554.0,696.0,379.0,815.0,509.0,328.0,677.0
72,W2023,1,high,17,10,1,379.0,379.0,303.0,683.0,253.0,934.0,357.0,313.0,554.0,944.0,259.0
72,W2023,1,high,18,10,3,360.0,531.0,453.0,360.0,552.0,755.0,560.0,284.0,528.0,290.0,536.0
72,W2023,1,high,19,10,1,190.0,190.0,716.0,309.0,734.0,518.0,614.0,635.0,380.0,667.0,390.0
72,W2023,1,high,20,10,1,284.0,284.0,521.0,587.0,44.0,723.0,387.0,490.0,626.0,432.0,624.0
306,W2023,1,high,1,10,2,323.0,510.0,323.0,456.0,539.0,590.0,968.0,422.0,636.0,524.0,685.0
306,W2023,1,high,2,10,2,370.0,586.0,370.0,712.0,376.0,286.0,658.0,587.0,500.0,534.0,409.0
306,W2023,1,high,3,10,2,335.0,811.0,335.0,510.0,306.0,220.0,825.0,902.0,820.0,838.0,558.0
306,W2023,1,high,4,10,2,342.0,660.0,342.0,16.0,592.0,382.0,529.0,571.0,597.0,693.0,457.0
306,W2023,1,high,5,10,7,477.0,556.0,972.0,887.0,621.0,616.0,590.0,477.0,135.0,585.0,695.0
306,W2023,1,high,6,10,2,570.0,861.0,570.0,860.0,768.0,530.0,415.0,507.0,656.0,510.0,740.0
306,W2023,1,high,7,10,9,487.0,610.0,503.0,711.0,641.0,539.0,615.0,780.0,798.0,487.0,354.0
306,W2023,1,high,8,10,2,232.0,999.0,232.0,392.0,682.0,601.0,761.0,534.0,768.0,234.0,427.0
306,W2023,1,high,9,10,6,365.0,994.0,482.0,898.0,735.0,846.0,365.0,414.0,533.0,498.0,307.0
306,W2023,1,high,10,10,1,416.0,416.0,362.0,482.0,731.0,338.0,891.0,603.0,510.0,587.0,297.0
306,W2023,1,high,11,10,3,1.0,999.0,502.0,1.0,695.0,522.0,392.0,897.0,625.0,811.0,549.0
306,W2023,1,high,12,10,5,371.0,473.0,621.0,527.0,842.0,371.0,729.0,642.0,327.0,733.0,686.0
306,W2023,1,high,13,10,4,467.0,701.0,776.0,533.0,467.0,665.0,504.0,567.0,505.0,590.0,246.0
306,W2023,1,high,14,10,4,346.0,899.0,792.0,696.0,346.0,800.0,774.0,483.0,235.0,748.0,590.0
306,W2023,1,high,15,10,1,399.0,399.0,683.0,493.0,448.0,756.0,483.0,659.0,505.0,618.0,600.0
306,W2023,1,high,16,10,2,345.0,999.0,345.0,472.0,554.0,696.0,379.0,815.0,509.0,328.0,677.0
306,W2023,1,high,17,10,1,379.0,379.0,303.0,683.0,253.0,934.0,357.0,313.0,554.0,944.0,259.0
306,W2023,1,high,18,10,3,360.0,531.0,453.0,360.0,552.0,755.0,560.0,284.0,528.0,290.0,536.0
306,W2023,1,high,19,10,1,190.0,190.0,716.0,309.0,734.0,518.0,614.0,635.0,380.0,667.0,390.0
306,W2023,1,high,20,10,1,284.0,284.0,521.0,587.0,44.0,723.0,387.0,490.0,626.0,432.0,624.0
230,W2023,1,high,1,10,2,323.0,510.0,323.0,456.0,539.0,590.0,968.0,422.0,636.0,524.0,685.0
230,W2023,1,high,2,10,2,370.0,586.0,370.0,712.0,376.0,286.0,658.0,587.0,500.0,534.0,409.0
230,W2023,1,high,3,10,2,335.0,811.0,335.0,510.0,306.0,220.0,825.0,902.0,820.0,838.0,558.0
230,W2023,1,high,4,10,2,342.0,660.0,342.0,16.0,592.0,382.0,529.0,571.0,597.0,693.0,457.0
230,W2023,1,high,5,10,7,477.0,556.0,972.0,887.0,621.0,616.0,590.0,477.0,135.0,585.0,695.0
230,W2023,1,high,6,10,5,530.0,861.0,570.0,860.0,768.0,530.0,415.0,507.0,656.0,510.0,740.0
230,W2023,1,high,7,10,5,539.0,610.0,503.0,711.0,641.0,539.0,615.0,780.0,798.0,487.0,354.0
230,W2023,1,high,8,10,2,232.0,999.0,232.0,392.0,682.0,601.0,761.0,534.0,768.0,234.0,427.0
230,W2023,1,high,9,10,6,365.0,994.0,482.0,898.0,735.0,846.0,365.0,414.0,533.0,498.0,307.0
230,W2023,1,high,10,10,5,338.0,416.0,362.0,482.0,731.0,338.0,891.0,603.0,510.0,587.0,297.0
230,W2023,1,high,11,10,3,1.0,999.0,502.0,1.0,695.0,522.0,392.0,897.0,625.0,811.0,549.0
230,W2023,1,high,12,10,1,473.0,473.0,621.0,527.0,842.0,371.0,729.0,642.0,327.0,733.0,686.0
230,W2023,1,high,13,10,3,533.0,701.0,776.0,533.0,467.0,665.0,504.0,567.0,505.0,590.0,246.0
230,W2023,1,high,14,10,4,346.0,899.0,792.0,696.0,346.0,800.0,774.0,483.0,235.0,748.0,590.0
230,W2023,1,high,15,10,1,399.0,399.0,683.0,493.0,448.0,756.0,483.0,659.0,505.0,618.0,600.0
230,W2023,1,high,16,10,2,345.0,999.0,345.0,472.0,554.0,696.0,379.0,815.0,509.0,328.0,677.0
230,W2023,1,high,17,10,1,379.0,379.0,303.0,683.0,253.0,934.0,357.0,313.0,554.0,944.0,259.0
230,W2023,1,high,18,10,2,453.0,531.0,453.0,360.0,552.0,755.0,560.0,284.0,528.0,290.0,536.0
230,W2023,1,high,19,10,1,190.0,190.0,716.0,309.0,734.0,518.0,614.0,635.0,380.0,667.0,390.0
230,W2023,1,high,20,10,1,284.0,284.0,521.0,587.0,44.0,723.0,387.0,490.0,626.0,432.0,624.0
415,W2023,1,high,1,10,2,323.0,510.0,323.0,456.0,539.0,590.0,968.0,422.0,636.0,524.0,685.0
415,W2023,1,high,2,10,2,370.0,586.0,370.0,712.0,376.0,286.0,658.0,587.0,500.0,534.0,409.0
415,W2023,1,high,3,10,2,335.0,811.0,335.0,510.0,306.0,220.0,825.0,902.0,820.0,838.0,558.0
415,W2023,1,high,4,10,2,342.0,660.0,342.0,16.0,592.0,382.0,529.0,571.0,597.0,693.0,457.0
415,W2023,1,high,5,10,8,135.0,556.0,972.0,887.0,621.0,616.0,590.0,477.0,135.0,585.0,695.0
415,W2023,1,high,6,10,10,740.0,861.0,570.0,860.0,768.0,530.0,415.0,507.0,656.0,510.0,740.0
415,W2023,1,high,7,10,9,487.0,610.0,503.0,711.0,641.0,539.0,615.0,780.0,798.0,487.0,354.0
415,W2023,1,high,8,10,2,232.0,999.0,232.0,392.0,682.0,601.0,761.0,534.0,768.0,234.0,427.0
415,W2023,1,high,9,10,6,365.0,994.0,482.0,898.0,735.0,846.0,365.0,414.0,533.0,498.0,307.0
415,W2023,1,high,10,10,5,338.0,416.0,362.0,482.0,731.0,338.0,891.0,603.0,510.0,587.0,297.0
415,W2023,1,high,11,10,3,1.0,999.0,502.0,1.0,695.0,522.0,392.0,897.0,625.0,811.0,549.0
415,W2023,1,high,12,10,8,327.0,473.0,621.0,527.0,842.0,371.0,729.0,642.0,327.0,733.0,686.0
415,W2023,1,high,13,10,10,246.0,701.0,776.0,533.0,467.0,665.0,504.0,567.0,505.0,590.0,246.0
415,W2023,1,high,14,10,4,346.0,899.0,792.0,696.0,346.0,800.0,774.0,483.0,235.0,748.0,590.0
415,W2023,1,high,15,10,10,600.0,399.0,683.0,493.0,448.0,756.0,483.0,659.0,505.0,618.0,600.0
415,W2023,1,high,16,10,2,345.0,999.0,345.0,472.0,554.0,696.0,379.0,815.0,509.0,328.0,677.0
415,W2023,1,high,17,10,2,303.0,379.0,303.0,683.0,253.0,934.0,357.0,313.0,554.0,944.0,259.0
415,W2023,1,high,18,10,3,360.0,531.0,453.0,360.0,552.0,755.0,560.0,284.0,528.0,290.0,536.0
415,W2023,1,high,19,10,1,190.0,190.0,716.0,309.0,734.0,518.0,614.0,635.0,380.0,667.0,390.0
415,W2023,1,high,20,10,1,284.0,284.0,521.0,587.0,44.0,723.0,387.0,490.0,626.0,432.0,624.0
247,W2023,1,high,1,10,10,685.0,510.0,323.0,456.0,539.0,590.0,968.0,422.0,636.0,524.0,685.0
247,W2023,1,high,2,10,5,286.0,586.0,370.0,712.0,376.0,286.0,658.0,587.0,500.0,534.0,409.0
247,W2023,1,high,3,10,5,220.0,811.0,335.0,510.0,306.0,220.0,825.0,902.0,820.0,838.0,558.0
247,W2023,1,high,4,10,3,16.0,660.0,342.0,16.0,592.0,382.0,529.0,571.0,597.0,693.0,457.0
247,W2023,1,high,5,10,8,135.0,556.0,972.0,887.0,621.0,616.0,590.0,477.0,135.0,585.0,695.0
247,W2023,1,high,6,10,6,415.0,861.0,570.0,860.0,768.0,530.0,415.0,507.0,656.0,510.0,740.0
247,W2023,1,high,7,10,9,487.0,610.0,503.0,711.0,641.0,539.0,615.0,780.0,798.0,487.0,354.0
247,W2023,1,high,8,10,2,232.0,999.0,232.0,392.0,682.0,601.0,761.0,534.0,768.0,234.0,427.0
247,W2023,1,high,9,10,6,365.0,994.0,482.0,898.0,735.0,846.0,365.0,414.0,533.0,498.0,307.0
247,W2023,1,high,10,10,10,297.0,416.0,362.0,482.0,731.0,338.0,891.0,603.0,510.0,587.0,297.0
247,W2023,1,high,11,10,3,1.0,999.0,502.0,1.0,695.0,522.0,392.0,897.0,625.0,811.0,549.0
247,W2023,1,high,12,10,8,327.0,473.0,621.0,527.0,842.0,371.0,729.0,642.0,327.0,733.0,686.0
247,W2023,1,high,13,10,10,246.0,701.0,776.0,533.0,467.0,665.0,504.0,567.0,505.0,590.0,246.0
247,W2023,1,high,14,10,4,346.0,899.0,792.0,696.0,346.0,800.0,774.0,483.0,235.0,748.0,590.0
247,W2023,1,high,15,10,10,600.0,399.0,683.0,493.0,448.0,756.0,483.0,659.0,505.0,618.0,600.0
247,W2023,1,high,16,10,9,328.0,999.0,345.0,472.0,554.0,696.0,379.0,815.0,509.0,328.0,677.0
247,W2023,1,high,17,10,4,253.0,379.0,303.0,683.0,253.0,934.0,357.0,313.0,554.0,944.0,259.0
247,W2023,1,high,18,10,3,360.0,531.0,453.0,360.0,552.0,755.0,560.0,284.0,528.0,290.0,536.0
247,W2023,1,high,19,10,1,190.0,190.0,716.0,309.0,734.0,518.0,614.0,635.0,380.0,667.0,390.0
247,W2023,1,high,20,10,1,284.0,284.0,521.0,587.0,44.0,723.0,387.0,490.0,626.0,432.0,624.0
474,W2023,1,high,1,10,7,422.0,510.0,323.0,456.0,539.0,590.0,968.0,422.0,636.0,524.0,685.0
474,W2023,1,high,2,10,2,370.0,586.0,370.0,712.0,376.0,286.0,658.0,587.0,500.0,534.0,409.0
474,W2023,1,high,3,10,2,335.0,811.0,335.0,510.0,306.0,220.0,825.0,902.0,820.0,838.0,558.0
474,W2023,1,high,4,10,2,342.0,660.0,342.0,16.0,592.0,382.0,529.0,571.0,597.0,693.0,457.0
474,W2023,1,high,5,10,6,590.0,556.0,972.0,887.0,621.0,616.0,590.0,477.0,135.0,585.0,695.0
474,W2023,1,high,6,10,6,415.0,861.0,570.0,860.0,768.0,530.0,415.0,507.0,656.0,510.0,740.0
474,W2023,1,high,7,10,9,487.0,610.0,503.0,711.0,641.0,539.0,615.0,780.0,798.0,487.0,354.0
474,W2023,1,high,8,10,2,232.0,999.0,232.0,392.0,682.0,601.0,761.0,534.0,768.0,234.0,427.0
474,W2023,1,high,9,10,6,365.0,994.0,482.0,898.0,735.0,846.0,365.0,414.0,533.0,498.0,307.0
474,W2023,1,high,10,10,9,587.0,416.0,362.0,482.0,731.0,338.0,891.0,603.0,510.0,587.0,297.0
474,W2023,1,high,11,10,3,1.0,999.0,502.0,1.0,695.0,522.0,392.0,897.0,625.0,811.0,549.0
474,W2023,1,high,12,10,5,371.0,473.0,621.0,527.0,842.0,371.0,729.0,642.0,327.0,733.0,686.0
474,W2023,1,high,13,10,9,590.0,701.0,776.0,533.0,467.0,665.0,504.0,567.0,505.0,590.0,246.0
474,W2023,1,high,14,10,4,346.0,899.0,792.0,696.0,346.0,800.0,774.0,483.0,235.0,748.0,590.0
474,W2023,1,high,15,10,1,399.0,399.0,683.0,493.0,448.0,756.0,483.0,659.0,505.0,618.0,600.0
474,W2023,1,high,16,10,2,345.0,999.0,345.0,472.0,554.0,696.0,379.0,815.0,509.0,328.0,677.0
474,W2023,1,high,17,10,4,253.0,379.0,303.0,683.0,253.0,934.0,357.0,313.0,554.0,944.0,259.0
474,W2023,1,high,18,10,3,360.0,531.0,453.0,360.0,552.0,755.0,560.0,284.0,528.0,290.0,536.0
474,W2023,1,high,19,10,3,309.0,190.0,716.0,309.0,734.0,518.0,614.0,635.0,380.0,667.0,390.0
474,W2023,1,high,20,10,1,284.0,284.0,521.0,587.0,44.0,723.0,387.0,490.0,626.0,432.0,624.0
232,W2023,1,high,1,10,2,323.0,510.0,323.0,456.0,539.0,590.0,968.0,422.0,636.0,524.0,685.0
232,W2023,1,high,2,10,2,370.0,586.0,370.0,712.0,376.0,286.0,658.0,587.0,500.0,534.0,409.0
232,W2023,1,high,3,10,2,335.0,811.0,335.0,510.0,306.0,220.0,825.0,902.0,820.0,838.0,558.0
232,W2023,1,high,4,10,3,16.0,660.0,342.0,16.0,592.0,382.0,529.0,571.0,597.0,693.0,457.0
232,W2023,1,high,5,10,8,135.0,556.0,972.0,887.0,621.0,616.0,590.0,477.0,135.0,585.0,695.0
232,W2023,1,high,6,10,9,510.0,861.0,570.0,860.0,768.0,530.0,415.0,507.0,656.0,510.0,740.0
232,W2023,1,high,7,10,10,354.0,610.0,503.0,711.0,641.0,539.0,615.0,780.0,798.0,487.0,354.0
232,W2023,1,high,8,10,2,232.0,999.0,232.0,392.0,682.0,601.0,761.0,534.0,768.0,234.0,427.0
232,W2023,1,high,9,10,6,365.0,994.0,482.0,898.0,735.0,846.0,365.0,414.0,533.0,498.0,307.0
232,W2023,1,high,10,10,2,362.0,416.0,362.0,482.0,731.0,338.0,891.0,603.0,510.0,587.0,297.0
232,W2023,1,high,11,10,3,1.0,999.0,502.0,1.0,695.0,522.0,392.0,897.0,625.0,811.0,549.0
232,W2023,1,high,12,10,5,371.0,473.0,621.0,527.0,842.0,371.0,729.0,642.0,327.0,733.0,686.0
232,W2023,1,high,13,10,10,246.0,701.0,776.0,533.0,467.0,665.0,504.0,567.0,505.0,590.0,246.0
232,W2023,1,high,14,10,8,235.0,899.0,792.0,696.0,346.0,800.0,774.0,483.0,235.0,748.0,590.0
232,W2023,1,high,15,10,6,483.0,399.0,683.0,493.0,448.0,756.0,483.0,659.0,505.0,618.0,600.0
232,W2023,1,high,16,10,6,379.0,999.0,345.0,472.0,554.0,696.0,379.0,815.0,509.0,328.0,677.0
232,W2023,1,high,17,10,1,379.0,379.0,303.0,683.0,253.0,934.0,357.0,313.0,554.0,944.0,259.0
232,W2023,1,high,18,10,3,360.0,531.0,453.0,360.0,552.0,755.0,560.0,284.0,528.0,290.0,536.0
232,W2023,1,high,19,10,1,190.0,190.0,716.0,309.0,734.0,518.0,614.0,635.0,380.0,667.0,390.0
232,W2023,1,high,20,10,1,284.0,284.0,521.0,587.0,44.0,723.0,387.0,490.0,626.0,432.0,624.0
108,W2023,1,high,1,10,9,524.0,510.0,323.0,456.0,539.0,590.0,968.0,422.0,636.0,524.0,685.0
108,W2023,1,high,2,10,5,286.0,586.0,370.0,712.0,376.0,286.0,658.0,587.0,500.0,534.0,409.0
108,W2023,1,high,3,10,4,306.0,811.0,335.0,510.0,306.0,220.0,825.0,902.0,820.0,838.0,558.0
108,W2023,1,high,4,10,3,16.0,660.0,342.0,16.0,592.0,382.0,529.0,571.0,597.0,693.0,457.0
108,W2023,1,high,5,10,8,135.0,556.0,972.0,887.0,621.0,616.0,590.0,477.0,135.0,585.0,695.0
108,W2023,1,high,6,10,9,510.0,861.0,570.0,860.0,768.0,530.0,415.0,507.0,656.0,510.0,740.0
108,W2023,1,high,7,10,9,487.0,610.0,503.0,711.0,641.0,539.0,615.0,780.0,798.0,487.0,354.0
108,W2023,1,high,8,10,2,232.0,999.0,232.0,392.0,682.0,601.0,761.0,534.0,768.0,234.0,427.0
108,W2023,1,high,9,10,6,365.0,994.0,482.0,898.0,735.0,846.0,365.0,414.0,533.0,498.0,307.0
108,W2023,1,high,10,10,2,362.0,416.0,362.0,482.0,731.0,338.0,891.0,603.0,510.0,587.0,297.0
108,W2023,1,high,11,10,3,1.0,999.0,502.0,1.0,695.0,522.0,392.0,897.0,625.0,811.0,549.0
108,W2023,1,high,12,10,8,327.0,473.0,621.0,527.0,842.0,371.0,729.0,642.0,327.0,733.0,686.0
108,W2023,1,high,13,10,8,505.0,701.0,776.0,533.0,467.0,665.0,504.0,567.0,505.0,590.0,246.0
108,W2023,1,high,14,10,8,235.0,899.0,792.0,696.0,346.0,800.0,774.0,483.0,235.0,748.0,590.0
108,W2023,1,high,15,10,10,600.0,399.0,683.0,493.0,448.0,756.0,483.0,659.0,505.0,618.0,600.0
108,W2023,1,high,16,10,6,379.0,999.0,345.0,472.0,554.0,696.0,379.0,815.0,509.0,328.0,677.0
108,W2023,1,high,17,10,2,303.0,379.0,303.0,683.0,253.0,934.0,357.0,313.0,554.0,944.0,259.0
108,W2023,1,high,18,10,3,360.0,531.0,453.0,360.0,552.0,755.0,560.0,284.0,528.0,290.0,536.0
108,W2023,1,high,19,10,1,190.0,190.0,716.0,309.0,734.0,518.0,614.0,635.0,380.0,667.0,390.0
108,W2023,1,high,20,10,1,284.0,284.0,521.0,587.0,44.0,723.0,387.0,490.0,626.0,432.0,624.0
574,W2023,1,high,1,10,7,422.0,510.0,323.0,456.0,539.0,590.0,968.0,422.0,636.0,524.0,685.0
574,W2023,1,high,2,10,2,370.0,586.0,370.0,712.0,376.0,286.0,658.0,587.0,500.0,534.0,409.0
574,W2023,1,high,3,10,2,335.0,811.0,335.0,510.0,306.0,220.0,825.0,902.0,820.0,838.0,558.0
574,W2023,1,high,4,10,2,342.0,660.0,342.0,16.0,592.0,382.0,529.0,571.0,597.0,693.0,457.0
574,W2023,1,high,5,10,8,135.0,556.0,972.0,887.0,621.0,616.0,590.0,477.0,135.0,585.0,695.0
574,W2023,1,high,6,10,9,510.0,861.0,570.0,860.0,768.0,530.0,415.0,507.0,656.0,510.0,740.0
574,W2023,1,high,7,10,9,487.0,610.0,503.0,711.0,641.0,539.0,615.0,780.0,798.0,487.0,354.0
574,W2023,1,high,8,10,2,232.0,999.0,232.0,392.0,682.0,601.0,761.0,534.0,768.0,234.0,427.0
574,W2023,1,high,9,10,6,365.0,994.0,482.0,898.0,735.0,846.0,365.0,414.0,533.0,498.0,307.0
574,W2023,1,high,10,10,2,362.0,416.0,362.0,482.0,731.0,338.0,891.0,603.0,510.0,587.0,297.0
574,W2023,1,high,11,10,3,1.0,999.0,502.0,1.0,695.0,522.0,392.0,897.0,625.0,811.0,549.0
574,W2023,1,high,12,10,5,371.0,473.0,621.0,527.0,842.0,371.0,729.0,642.0,327.0,733.0,686.0
574,W2023,1,high,13,10,10,246.0,701.0,776.0,533.0,467.0,665.0,504.0,567.0,505.0,590.0,246.0
574,W2023,1,high,14,10,4,346.0,899.0,792.0,696.0,346.0,800.0,774.0,483.0,235.0,748.0,590.0
574,W2023,1,high,15,10,1,399.0,399.0,683.0,493.0,448.0,756.0,483.0,659.0,505.0,618.0,600.0
574,W2023,1,high,16,10,2,345.0,999.0,345.0,472.0,554.0,696.0,379.0,815.0,509.0,328.0,677.0
574,W2023,1,high,17,10,1,379.0,379.0,303.0,683.0,253.0,934.0,357.0,313.0,554.0,944.0,259.0
574,W2023,1,high,18,10,3,360.0,531.0,453.0,360.0,552.0,755.0,560.0,284.0,528.0,290.0,536.0
574,W2023,1,high,19,10,1,190.0,190.0,716.0,309.0,734.0,518.0,614.0,635.0,380.0,667.0,390.0
574,W2023,1,high,20,10,1,284.0,284.0,521.0,587.0,44.0,723.0,387.0,490.0,626.0,432.0,624.0
280,W2023,1,high,1,10,10,685.0,510.0,323.0,456.0,539.0,590.0,968.0,422.0,636.0,524.0,685.0
280,W2023,1,high,2,10,2,370.0,586.0,370.0,712.0,376.0,286.0,658.0,587.0,500.0,534.0,409.0
280,W2023,1,high,3,10,2,335.0,811.0,335.0,510.0,306.0,220.0,825.0,902.0,820.0,838.0,558.0
280,W2023,1,high,4,10,3,16.0,660.0,342.0,16.0,592.0,382.0,529.0,571.0,597.0,693.0,457.0
280,W2023,1,high,5,10,8,135.0,556.0,972.0,887.0,621.0,616.0,590.0,477.0,135.0,585.0,695.0
280,W2023,1,high,6,10,10,740.0,861.0,570.0,860.0,768.0,530.0,415.0,507.0,656.0,510.0,740.0
280,W2023,1,high,7,10,10,354.0,610.0,503.0,711.0,641.0,539.0,615.0,780.0,798.0,487.0,354.0
280,W2023,1,high,8,10,2,232.0,999.0,232.0,392.0,682.0,601.0,761.0,534.0,768.0,234.0,427.0
280,W2023,1,high,9,10,6,365.0,994.0,482.0,898.0,735.0,846.0,365.0,414.0,533.0,498.0,307.0
280,W2023,1,high,10,10,5,338.0,416.0,362.0,482.0,731.0,338.0,891.0,603.0,510.0,587.0,297.0
280,W2023,1,high,11,10,3,1.0,999.0,502.0,1.0,695.0,522.0,392.0,897.0,625.0,811.0,549.0
280,W2023,1,high,12,10,5,371.0,473.0,621.0,527.0,842.0,371.0,729.0,642.0,327.0,733.0,686.0
280,W2023,1,high,13,10,10,246.0,701.0,776.0,533.0,467.0,665.0,504.0,567.0,505.0,590.0,246.0
280,W2023,1,high,14,10,8,235.0,899.0,792.0,696.0,346.0,800.0,774.0,483.0,235.0,748.0,590.0
280,W2023,1,high,15,10,10,600.0,399.0,683.0,493.0,448.0,756.0,483.0,659.0,505.0,618.0,600.0
280,W2023,1,high,16,10,6,379.0,999.0,345.0,472.0,554.0,696.0,379.0,815.0,509.0,328.0,677.0
280,W2023,1,high,17,10,1,379.0,379.0,303.0,683.0,253.0,934.0,357.0,313.0,554.0,944.0,259.0
280,W2023,1,high,18,10,3,360.0,531.0,453.0,360.0,552.0,755.0,560.0,284.0,528.0,290.0,536.0
280,W2023,1,high,19,10,1,190.0,190.0,716.0,309.0,734.0,518.0,614.0,635.0,380.0,667.0,390.0
280,W2023,1,high,20,10,1,284.0,284.0,521.0,587.0,44.0,723.0,387.0,490.0,626.0,432.0,624.0
542,W2023,1,high,1,10,2,323.0,510.0,323.0,456.0,539.0,590.0,968.0,422.0,636.0,524.0,685.0
542,W2023,1,high,2,10,2,370.0,586.0,370.0,712.0,376.0,286.0,658.0,587.0,500.0,534.0,409.0
542,W2023,1,high,3,10,2,335.0,811.0,335.0,510.0,306.0,220.0,825.0,902.0,820.0,838.0,558.0
542,W2023,1,high,4,10,2,342.0,660.0,342.0,16.0,592.0,382.0,529.0,571.0,597.0,693.0,457.0
542,W2023,1,high,5,10,7,477.0,556.0,972.0,887.0,621.0,616.0,590.0,477.0,135.0,585.0,695.0
542,W2023,1,high,6,10,5,530.0,861.0,570.0,860.0,768.0,530.0,415.0,507.0,656.0,510.0,740.0
542,W2023,1,high,7,10,9,487.0,610.0,503.0,711.0,641.0,539.0,615.0,780.0,798.0,487.0,354.0
542,W2023,1,high,8,10,2,232.0,999.0,232.0,392.0,682.0,601.0,761.0,534.0,768.0,234.0,427.0
542,W2023,1,high,9,10,6,365.0,994.0,482.0,898.0,735.0,846.0,365.0,414.0,533.0,498.0,307.0
542,W2023,1,high,10,10,2,362.0,416.0,362.0,482.0,731.0,338.0,891.0,603.0,510.0,587.0,297.0
542,W2023,1,high,11,10,3,1.0,999.0,502.0,1.0,695.0,522.0,392.0,897.0,625.0,811.0,549.0
542,W2023,1,high,12,10,5,371.0,473.0,621.0,527.0,842.0,371.0,729.0,642.0,327.0,733.0,686.0
542,W2023,1,high,13,10,4,467.0,701.0,776.0,533.0,467.0,665.0,504.0,567.0,505.0,590.0,246.0
542,W2023,1,high,14,10,4,346.0,899.0,792.0,696.0,346.0,800.0,774.0,483.0,235.0,748.0,590.0
542,W2023,1,high,15,10,10,600.0,399.0,683.0,493.0,448.0,756.0,483.0,659.0,505.0,618.0,600.0
542,W2023,1,high,16,10,6,379.0,999.0,345.0,472.0,554.0,696.0,379.0,815.0,509.0,328.0,677.0
542,W2023,1,high,17,10,2,303.0,379.0,303.0,683.0,253.0,934.0,357.0,313.0,554.0,944.0,259.0
542,W2023,1,high,18,10,3,360.0,531.0,453.0,360.0,552.0,755.0,560.0,284.0,528.0,290.0,536.0
542,W2023,1,high,19,10,1,190.0,190.0,716.0,309.0,734.0,518.0,614.0,635.0,380.0,667.0,390.0
542,W2023,1,high,20,10,1,284.0,284.0,521.0,587.0,44.0,723.0,387.0,490.0,626.0,432.0,624.0
332,W2023,1,high,1,10,10,685.0,510.0,323.0,456.0,539.0,590.0,968.0,422.0,636.0,524.0,685.0
332,W2023,1,high,2,10,2,370.0,586.0,370.0,712.0,376.0,286.0,658.0,587.0,500.0,534.0,409.0
332,W2023,1,high,3,10,2,335.0,811.0,335.0,510.0,306.0,220.0,825.0,902.0,820.0,838.0,558.0
332,W2023,1,high,4,10,2,342.0,660.0,342.0,16.0,592.0,382.0,529.0,571.0,597.0,693.0,457.0
332,W2023,1,high,5,10,7,477.0,556.0,972.0,887.0,621.0,616.0,590.0,477.0,135.0,585.0,695.0
332,W2023,1,high,6,10,10,740.0,861.0,570.0,860.0,768.0,530.0,415.0,507.0,656.0,510.0,740.0
332,W2023,1,high,7,10,9,487.0,610.0,503.0,711.0,641.0,539.0,615.0,780.0,798.0,487.0,354.0
332,W2023,1,high,8,10,2,232.0,999.0,232.0,392.0,682.0,601.0,761.0,534.0,768.0,234.0,427.0
332,W2023,1,high,9,10,6,365.0,994.0,482.0,898.0,735.0,846.0,365.0,414.0,533.0,498.0,307.0
332,W2023,1,high,10,10,5,338.0,416.0,362.0,482.0,731.0,338.0,891.0,603.0,510.0,587.0,297.0
332,W2023,1,high,11,10,3,1.0,999.0,502.0,1.0,695.0,522.0,392.0,897.0,625.0,811.0,549.0
332,W2023,1,high,12,10,5,371.0,473.0,621.0,527.0,842.0,371.0,729.0,642.0,327.0,733.0,686.0
332,W2023,1,high,13,10,10,246.0,701.0,776.0,533.0,467.0,665.0,504.0,567.0,505.0,590.0,246.0
332,W2023,1,high,14,10,4,346.0,899.0,792.0,696.0,346.0,800.0,774.0,483.0,235.0,748.0,590.0
332,W2023,1,high,15,10,1,399.0,399.0,683.0,493.0,448.0,756.0,483.0,659.0,505.0,618.0,600.0
332,W2023,1,high,16,10,2,345.0,999.0,345.0,472.0,554.0,696.0,379.0,815.0,509.0,328.0,677.0
332,W2023,1,high,17,10,2,303.0,379.0,303.0,683.0,253.0,934.0,357.0,313.0,554.0,944.0,259.0
332,W2023,1,high,18,10,7,284.0,531.0,453.0,360.0,552.0,755.0,560.0,284.0,528.0,290.0,536.0
332,W2023,1,high,19,10,1,190.0,190.0,716.0,309.0,734.0,518.0,614.0,635.0,380.0,667.0,390.0
332,W2023,1,high,20,10,1,284.0,284.0,521.0,587.0,44.0,723.0,387.0,490.0,626.0,432.0,624.0
575,W2023,1,high,1,10,2,323.0,510.0,323.0,456.0,539.0,590.0,968.0,422.0,636.0,524.0,685.0
575,W2023,1,high,2,10,2,370.0,586.0,370.0,712.0,376.0,286.0,658.0,587.0,500.0,534.0,409.0
575,W2023,1,high,3,10,2,335.0,811.0,335.0,510.0,306.0,220.0,825.0,902.0,820.0,838.0,558.0
575,W2023,1,high,4,10,2,342.0,660.0,342.0,16.0,592.0,382.0,529.0,571.0,597.0,693.0,457.0
575,W2023,1,high,5,10,7,477.0,556.0,972.0,887.0,621.0,616.0,590.0,477.0,135.0,585.0,695.0
575,W2023,1,high,6,10,6,415.0,861.0,570.0,860.0,768.0,530.0,415.0,507.0,656.0,510.0,740.0
575,W2023,1,high,7,10,10,354.0,610.0,503.0,711.0,641.0,539.0,615.0,780.0,798.0,487.0,354.0
575,W2023,1,high,8,10,2,232.0,999.0,232.0,392.0,682.0,601.0,761.0,534.0,768.0,234.0,427.0
575,W2023,1,high,9,10,6,365.0,994.0,482.0,898.0,735.0,846.0,365.0,414.0,533.0,498.0,307.0
575,W2023,1,high,10,10,2,362.0,416.0,362.0,482.0,731.0,338.0,891.0,603.0,510.0,587.0,297.0
575,W2023,1,high,11,10,3,1.0,999.0,502.0,1.0,695.0,522.0,392.0,897.0,625.0,811.0,549.0
575,W2023,1,high,12,10,5,371.0,473.0,621.0,527.0,842.0,371.0,729.0,642.0,327.0,733.0,686.0
575,W2023,1,high,13,10,10,246.0,701.0,776.0,533.0,467.0,665.0,504.0,567.0,505.0,590.0,246.0
575,W2023,1,high,14,10,4,346.0,899.0,792.0,696.0,346.0,800.0,774.0,483.0,235.0,748.0,590.0
575,W2023,1,high,15,10,10,600.0,399.0,683.0,493.0,448.0,756.0,483.0,659.0,505.0,618.0,600.0
575,W2023,1,high,16,10,2,345.0,999.0,345.0,472.0,554.0,696.0,379.0,815.0,509.0,328.0,677.0
575,W2023,1,high,17,10,1,379.0,379.0,303.0,683.0,253.0,934.0,357.0,313.0,554.0,944.0,259.0
575,W2023,1,high,18,10,3,360.0,531.0,453.0,360.0,552.0,755.0,560.0,284.0,528.0,290.0,536.0
575,W2023,1,high,19,10,1,190.0,190.0,716.0,309.0,734.0,518.0,614.0,635.0,380.0,667.0,390.0
575,W2023,1,high,20,10,1,284.0,284.0,521.0,587.0,44.0,723.0,387.0,490.0,626.0,432.0,624.0
451,W2023,1,high,1,10,2,323.0,510.0,323.0,456.0,539.0,590.0,968.0,422.0,636.0,524.0,685.0
451,W2023,1,high,2,10,2,370.0,586.0,370.0,712.0,376.0,286.0,658.0,587.0,500.0,534.0,409.0
451,W2023,1,high,3,10,2,335.0,811.0,335.0,510.0,306.0,220.0,825.0,902.0,820.0,838.0,558.0
451,W2023,1,high,4,10,2,342.0,660.0,342.0,16.0,592.0,382.0,529.0,571.0,597.0,693.0,457.0
451,W2023,1,high,5,10,7,477.0,556.0,972.0,887.0,621.0,616.0,590.0,477.0,135.0,585.0,695.0
451,W2023,1,high,6,10,9,510.0,861.0,570.0,860.0,768.0,530.0,415.0,507.0,656.0,510.0,740.0
451,W2023,1,high,7,10,9,487.0,610.0,503.0,711.0,641.0,539.0,615.0,780.0,798.0,487.0,354.0
451,W2023,1,high,8,10,2,232.0,999.0,232.0,392.0,682.0,601.0,761.0,534.0,768.0,234.0,427.0
451,W2023,1,high,9,10,6,365.0,994.0,482.0,898.0,735.0,846.0,365.0,414.0,533.0,498.0,307.0
451,W2023,1,high,10,10,1,416.0,416.0,362.0,482.0,731.0,338.0,891.0,603.0,510.0,587.0,297.0
451,W2023,1,high,11,10,3,1.0,999.0,502.0,1.0,695.0,522.0,392.0,897.0,625.0,811.0,549.0
451,W2023,1,high,12,10,5,371.0,473.0,621.0,527.0,842.0,371.0,729.0,642.0,327.0,733.0,686.0
451,W2023,1,high,13,10,3,533.0,701.0,776.0,533.0,467.0,665.0,504.0,567.0,505.0,590.0,246.0
451,W2023,1,high,14,10,4,346.0,899.0,792.0,696.0,346.0,800.0,774.0,483.0,235.0,748.0,590.0
451,W2023,1,high,15,10,10,600.0,399.0,683.0,493.0,448.0,756.0,483.0,659.0,505.0,618.0,600.0
451,W2023,1,high,16,10,2,345.0,999.0,345.0,472.0,554.0,696.0,379.0,815.0,509.0,328.0,677.0
451,W2023,1,high,17,10,1,379.0,379.0,303.0,683.0,253.0,934.0,357.0,313.0,554.0,944.0,259.0
451,W2023,1,high,18,10,3,360.0,531.0,453.0,360.0,552.0,755.0,560.0,284.0,528.0,290.0,536.0
451,W2023,1,high,19,10,1,190.0,190.0,716.0,309.0,734.0,518.0,614.0,635.0,380.0,667.0,390.0
451,W2023,1,high,20,10,1,284.0,284.0,521.0,587.0,44.0,723.0,387.0,490.0,626.0,432.0,624.0
258,W2023,1,high,1,10,2,323.0,510.0,323.0,456.0,539.0,590.0,968.0,422.0,636.0,524.0,685.0
258,W2023,1,high,2,10,2,370.0,586.0,370.0,712.0,376.0,286.0,658.0,587.0,500.0,534.0,409.0
258,W2023,1,high,3,10,2,335.0,811.0,335.0,510.0,306.0,220.0,825.0,902.0,820.0,838.0,558.0
258,W2023,1,high,4,10,2,342.0,660.0,342.0,16.0,592.0,382.0,529.0,571.0,597.0,693.0,457.0
258,W2023,1,high,5,10,8,135.0,556.0,972.0,887.0,621.0,616.0,590.0,477.0,135.0,585.0,695.0
258,W2023,1,high,6,10,6,415.0,861.0,570.0,860.0,768.0,530.0,415.0,507.0,656.0,510.0,740.0
258,W2023,1,high,7,10,9,487.0,610.0,503.0,711.0,641.0,539.0,615.0,780.0,798.0,487.0,354.0
258,W2023,1,high,8,10,2,232.0,999.0,232.0,392.0,682.0,601.0,761.0,534.0,768.0,234.0,427.0
258,W2023,1,high,9,10,6,365.0,994.0,482.0,898.0,735.0,846.0,365.0,414.0,533.0,498.0,307.0
258,W2023,1,high,10,10,2,362.0,416.0,362.0,482.0,731.0,338.0,891.0,603.0,510.0,587.0,297.0
258,W2023,1,high,11,10,3,1.0,999.0,502.0,1.0,695.0,522.0,392.0,897.0,625.0,811.0,549.0
258,W2023,1,high,12,10,5,371.0,473.0,621.0,527.0,842.0,371.0,729.0,642.0,327.0,733.0,686.0
258,W2023,1,high,13,10,10,246.0,701.0,776.0,533.0,467.0,665.0,504.0,567.0,505.0,590.0,246.0
258,W2023,1,high,14,10,4,346.0,899.0,792.0,696.0,346.0,800.0,774.0,483.0,235.0,748.0,590.0
258,W2023,1,high,15,10,8,505.0,399.0,683.0,493.0,448.0,756.0,483.0,659.0,505.0,618.0,600.0
258,W2023,1,high,16,10,2,345.0,999.0,345.0,472.0,554.0,696.0,379.0,815.0,509.0,328.0,677.0
258,W2023,1,high,17,10,2,303.0,379.0,303.0,683.0,253.0,934.0,357.0,313.0,554.0,944.0,259.0
258,W2023,1,high,18,10,3,360.0,531.0,453.0,360.0,552.0,755.0,560.0,284.0,528.0,290.0,536.0
258,W2023,1,high,19,10,1,190.0,190.0,716.0,309.0,734.0,518.0,614.0,635.0,380.0,667.0,390.0
258,W2023,1,high,20,10,1,284.0,284.0,521.0,587.0,44.0,723.0,387.0,490.0,626.0,432.0,624.0
534,W2023,1,high,1,10,2,323.0,510.0,323.0,456.0,539.0,590.0,968.0,422.0,636.0,524.0,685.0
534,W2023,1,high,2,10,2,370.0,586.0,370.0,712.0,376.0,286.0,658.0,587.0,500.0,534.0,409.0
534,W2023,1,high,3,10,2,335.0,811.0,335.0,510.0,306.0,220.0,825.0,902.0,820.0,838.0,558.0
534,W2023,1,high,4,10,2,342.0,660.0,342.0,16.0,592.0,382.0,529.0,571.0,597.0,693.0,457.0
534,W2023,1,high,5,10,7,477.0,556.0,972.0,887.0,621.0,616.0,590.0,477.0,135.0,585.0,695.0
534,W2023,1,high,6,10,10,740.0,861.0,570.0,860.0,768.0,530.0,415.0,507.0,656.0,510.0,740.0
534,W2023,1,high,7,10,9,487.0,610.0,503.0,711.0,641.0,539.0,615.0,780.0,798.0,487.0,354.0
534,W2023,1,high,8,10,2,232.0,999.0,232.0,392.0,682.0,601.0,761.0,534.0,768.0,234.0,427.0
534,W2023,1,high,9,10,6,365.0,994.0,482.0,898.0,735.0,846.0,365.0,414.0,533.0,498.0,307.0
534,W2023,1,high,10,10,2,362.0,416.0,362.0,482.0,731.0,338.0,891.0,603.0,510.0,587.0,297.0
534,W2023,1,high,11,10,3,1.0,999.0,502.0,1.0,695.0,522.0,392.0,897.0,625.0,811.0,549.0
534,W2023,1,high,12,10,5,371.0,473.0,621.0,527.0,842.0,371.0,729.0,642.0,327.0,733.0,686.0
534,W2023,1,high,13,10,4,467.0,701.0,776.0,533.0,467.0,665.0,504.0,567.0,505.0,590.0,246.0
534,W2023,1,high,14,10,4,346.0,899.0,792.0,696.0,346.0,800.0,774.0,483.0,235.0,748.0,590.0
534,W2023,1,high,15,10,10,600.0,399.0,683.0,493.0,448.0,756.0,483.0,659.0,505.0,618.0,600.0
534,W2023,1,high,16,10,2,345.0,999.0,345.0,472.0,554.0,696.0,379.0,815.0,509.0,328.0,677.0
534,W2023,1,high,17,10,1,379.0,379.0,303.0,683.0,253.0,934.0,357.0,313.0,554.0,944.0,259.0
534,W2023,1,high,18,10,3,360.0,531.0,453.0,360.0,552.0,755.0,560.0,284.0,528.0,290.0,536.0
534,W2023,1,high,19,10,1,190.0,190.0,716.0,309.0,734.0,518.0,614.0,635.0,380.0,667.0,390.0
534,W2023,1,high,20,10,1,284.0,284.0,521.0,587.0,44.0,723.0,387.0,490.0,626.0,432.0,624.0
430,W2023,1,high,1,10,1,510.0,510.0,323.0,456.0,539.0,590.0,968.0,422.0,636.0,524.0,685.0
430,W2023,1,high,2,10,2,370.0,586.0,370.0,712.0,376.0,286.0,658.0,587.0,500.0,534.0,409.0
430,W2023,1,high,3,10,2,335.0,811.0,335.0,510.0,306.0,220.0,825.0,902.0,820.0,838.0,558.0
430,W2023,1,high,4,10,2,342.0,660.0,342.0,16.0,592.0,382.0,529.0,571.0,597.0,693.0,457.0
430,W2023,1,high,5,10,7,477.0,556.0,972.0,887.0,621.0,616.0,590.0,477.0,135.0,585.0,695.0
430,W2023,1,high,6,10,5,530.0,861.0,570.0,860.0,768.0,530.0,415.0,507.0,656.0,510.0,740.0
430,W2023,1,high,7,10,9,487.0,610.0,503.0,711.0,641.0,539.0,615.0,780.0,798.0,487.0,354.0
430,W2023,1,high,8,10,2,232.0,999.0,232.0,392.0,682.0,601.0,761.0,534.0,768.0,234.0,427.0
430,W2023,1,high,9,10,2,482.0,994.0,482.0,898.0,735.0,846.0,365.0,414.0,533.0,498.0,307.0
430,W2023,1,high,10,10,1,416.0,416.0,362.0,482.0,731.0,338.0,891.0,603.0,510.0,587.0,297.0
430,W2023,1,high,11,10,2,502.0,999.0,502.0,1.0,695.0,522.0,392.0,897.0,625.0,811.0,549.0
430,W2023,1,high,12,10,1,473.0,473.0,621.0,527.0,842.0,371.0,729.0,642.0,327.0,733.0,686.0
430,W2023,1,high,13,10,4,467.0,701.0,776.0,533.0,467.0,665.0,504.0,567.0,505.0,590.0,246.0
430,W2023,1,high,14,10,4,346.0,899.0,792.0,696.0,346.0,800.0,774.0,483.0,235.0,748.0,590.0
430,W2023,1,high,15,10,1,399.0,399.0,683.0,493.0,448.0,756.0,483.0,659.0,505.0,618.0,600.0
430,W2023,1,high,16,10,2,345.0,999.0,345.0,472.0,554.0,696.0,379.0,815.0,509.0,328.0,677.0
430,W2023,1,high,17,10,1,379.0,379.0,303.0,683.0,253.0,934.0,357.0,313.0,554.0,944.0,259.0
430,W2023,1,high,18,10,1,531.0,531.0,453.0,360.0,552.0,755.0,560.0,284.0,528.0,290.0,536.0
430,W2023,1,high,19,10,1,190.0,190.0,716.0,309.0,734.0,518.0,614.0,635.0,380.0,667.0,390.0
430,W2023,1,high,20,10,1,284.0,284.0,521.0,587.0,44.0,723.0,387.0,490.0,626.0,432.0,624.0
249,W2023,1,high,1,10,2,323.0,510.0,323.0,456.0,539.0,590.0,968.0,422.0,636.0,524.0,685.0
249,W2023,1,high,2,10,2,370.0,586.0,370.0,712.0,376.0,286.0,658.0,587.0,500.0,534.0,409.0
249,W2023,1,high,3,10,2,335.0,811.0,335.0,510.0,306.0,220.0,825.0,902.0,820.0,838.0,558.0
249,W2023,1,high,4,10,2,342.0,660.0,342.0,16.0,592.0,382.0,529.0,571.0,597.0,693.0,457.0
249,W2023,1,high,5,10,7,477.0,556.0,972.0,887.0,621.0,616.0,590.0,477.0,135.0,585.0,695.0
249,W2023,1,high,6,10,10,740.0,861.0,570.0,860.0,768.0,530.0,415.0,507.0,656.0,510.0,740.0
249,W2023,1,high,7,10,9,487.0,610.0,503.0,711.0,641.0,539.0,615.0,780.0,798.0,487.0,354.0
249,W2023,1,high,8,10,2,232.0,999.0,232.0,392.0,682.0,601.0,761.0,534.0,768.0,234.0,427.0
249,W2023,1,high,9,10,6,365.0,994.0,482.0,898.0,735.0,846.0,365.0,414.0,533.0,498.0,307.0
249,W2023,1,high,10,10,10,297.0,416.0,362.0,482.0,731.0,338.0,891.0,603.0,510.0,587.0,297.0
249,W2023,1,high,11,10,3,1.0,999.0,502.0,1.0,695.0,522.0,392.0,897.0,625.0,811.0,549.0
249,W2023,1,high,12,10,5,371.0,473.0,621.0,527.0,842.0,371.0,729.0,642.0,327.0,733.0,686.0
249,W2023,1,high,13,10,4,467.0,701.0,776.0,533.0,467.0,665.0,504.0,567.0,505.0,590.0,246.0
249,W2023,1,high,14,10,8,235.0,899.0,792.0,696.0,346.0,800.0,774.0,483.0,235.0,748.0,590.0
249,W2023,1,high,15,10,1,399.0,399.0,683.0,493.0,448.0,756.0,483.0,659.0,505.0,618.0,600.0
249,W2023,1,high,16,10,2,345.0,999.0,345.0,472.0,554.0,696.0,379.0,815.0,509.0,328.0,677.0
249,W2023,1,high,17,10,1,379.0,379.0,303.0,683.0,253.0,934.0,357.0,313.0,554.0,944.0,259.0
249,W2023,1,high,18,10,7,284.0,531.0,453.0,360.0,552.0,755.0,560.0,284.0,528.0,290.0,536.0
249,W2023,1,high,19,10,1,190.0,190.0,716.0,309.0,734.0,518.0,614.0,635.0,380.0,667.0,390.0
249,W2023,1,high,20,10,1,284.0,284.0,521.0,587.0,44.0,723.0,387.0,490.0,626.0,432.0,624.0
268,W2023,1,high,1,10,7,422.0,510.0,323.0,456.0,539.0,590.0,968.0,422.0,636.0,524.0,685.0
268,W2023,1,high,2,10,2,370.0,586.0,370.0,712.0,376.0,286.0,658.0,587.0,500.0,534.0,409.0
268,W2023,1,high,3,10,4,306.0,811.0,335.0,510.0,306.0,220.0,825.0,902.0,820.0,838.0,558.0
268,W2023,1,high,4,10,8,597.0,660.0,342.0,16.0,592.0,382.0,529.0,571.0,597.0,693.0,457.0
268,W2023,1,high,5,10,7,477.0,556.0,972.0,887.0,621.0,616.0,590.0,477.0,135.0,585.0,695.0
268,W2023,1,high,6,10,6,415.0,861.0,570.0,860.0,768.0,530.0,415.0,507.0,656.0,510.0,740.0
268,W2023,1,high,7,10,6,615.0,610.0,503.0,711.0,641.0,539.0,615.0,780.0,798.0,487.0,354.0
268,W2023,1,high,8,10,2,232.0,999.0,232.0,392.0,682.0,601.0,761.0,534.0,768.0,234.0,427.0
268,W2023,1,high,9,10,6,365.0,994.0,482.0,898.0,735.0,846.0,365.0,414.0,533.0,498.0,307.0
268,W2023,1,high,10,10,5,338.0,416.0,362.0,482.0,731.0,338.0,891.0,603.0,510.0,587.0,297.0
268,W2023,1,high,11,10,3,1.0,999.0,502.0,1.0,695.0,522.0,392.0,897.0,625.0,811.0,549.0
268,W2023,1,high,12,10,5,371.0,473.0,621.0,527.0,842.0,371.0,729.0,642.0,327.0,733.0,686.0
268,W2023,1,high,13,10,7,567.0,701.0,776.0,533.0,467.0,665.0,504.0,567.0,505.0,590.0,246.0
268,W2023,1,high,14,10,7,483.0,899.0,792.0,696.0,346.0,800.0,774.0,483.0,235.0,748.0,590.0
268,W2023,1,high,15,10,6,483.0,399.0,683.0,493.0,448.0,756.0,483.0,659.0,505.0,618.0,600.0
268,W2023,1,high,16,10,6,379.0,999.0,345.0,472.0,554.0,696.0,379.0,815.0,509.0,328.0,677.0
268,W2023,1,high,17,10,4,253.0,379.0,303.0,683.0,253.0,934.0,357.0,313.0,554.0,944.0,259.0
268,W2023,1,high,18,10,7,284.0,531.0,453.0,360.0,552.0,755.0,560.0,284.0,528.0,290.0,536.0
268,W2023,1,high,19,10,1,190.0,190.0,716.0,309.0,734.0,518.0,614.0,635.0,380.0,667.0,390.0
268,W2023,1,high,20,10,4,44.0,284.0,521.0,587.0,44.0,723.0,387.0,490.0,626.0,432.0,624.0
490,W2023,1,high,1,10,2,323.0,510.0,323.0,456.0,539.0,590.0,968.0,422.0,636.0,524.0,685.0
490,W2023,1,high,2,10,2,370.0,586.0,370.0,712.0,376.0,286.0,658.0,587.0,500.0,534.0,409.0
490,W2023,1,high,3,10,2,335.0,811.0,335.0,510.0,306.0,220.0,825.0,902.0,820.0,838.0,558.0
490,W2023,1,high,4,10,2,342.0,660.0,342.0,16.0,592.0,382.0,529.0,571.0,597.0,693.0,457.0
490,W2023,1,high,5,10,8,135.0,556.0,972.0,887.0,621.0,616.0,590.0,477.0,135.0,585.0,695.0
490,W2023,1,high,6,10,6,415.0,861.0,570.0,860.0,768.0,530.0,415.0,507.0,656.0,510.0,740.0
490,W2023,1,high,7,10,9,487.0,610.0,503.0,711.0,641.0,539.0,615.0,780.0,798.0,487.0,354.0
490,W2023,1,high,8,10,2,232.0,999.0,232.0,392.0,682.0,601.0,761.0,534.0,768.0,234.0,427.0
490,W2023,1,high,9,10,2,482.0,994.0,482.0,898.0,735.0,846.0,365.0,414.0,533.0,498.0,307.0
490,W2023,1,high,10,10,2,362.0,416.0,362.0,482.0,731.0,338.0,891.0,603.0,510.0,587.0,297.0
490,W2023,1,high,11,10,3,1.0,999.0,502.0,1.0,695.0,522.0,392.0,897.0,625.0,811.0,549.0
490,W2023,1,high,12,10,5,371.0,473.0,621.0,527.0,842.0,371.0,729.0,642.0,327.0,733.0,686.0
490,W2023,1,high,13,10,4,467.0,701.0,776.0,533.0,467.0,665.0,504.0,567.0,505.0,590.0,246.0
490,W2023,1,high,14,10,4,346.0,899.0,792.0,696.0,346.0,800.0,774.0,483.0,235.0,748.0,590.0
490,W2023,1,high,15,10,10,600.0,399.0,683.0,493.0,448.0,756.0,483.0,659.0,505.0,618.0,600.0
490,W2023,1,high,16,10,2,345.0,999.0,345.0,472.0,554.0,696.0,379.0,815.0,509.0,328.0,677.0
490,W2023,1,high,17,10,1,379.0,379.0,303.0,683.0,253.0,934.0,357.0,313.0,554.0,944.0,259.0
490,W2023,1,high,18,10,2,453.0,531.0,453.0,360.0,552.0,755.0,560.0,284.0,528.0,290.0,536.0
490,W2023,1,high,19,10,1,190.0,190.0,716.0,309.0,734.0,518.0,614.0,635.0,380.0,667.0,390.0
490,W2023,1,high,20,10,1,284.0,284.0,521.0,587.0,44.0,723.0,387.0,490.0,626.0,432.0,624.0
62,W2023,1,high,1,10,2,323.0,510.0,323.0,456.0,539.0,590.0,968.0,422.0,636.0,524.0,685.0
62,W2023,1,high,2,10,4,376.0,586.0,370.0,712.0,376.0,286.0,658.0,587.0,500.0,534.0,409.0
62,W2023,1,high,3,10,2,335.0,811.0,335.0,510.0,306.0,220.0,825.0,902.0,820.0,838.0,558.0
62,W2023,1,high,4,10,3,16.0,660.0,342.0,16.0,592.0,382.0,529.0,571.0,597.0,693.0,457.0
62,W2023,1,high,5,10,7,477.0,556.0,972.0,887.0,621.0,616.0,590.0,477.0,135.0,585.0,695.0
62,W2023,1,high,6,10,6,415.0,861.0,570.0,860.0,768.0,530.0,415.0,507.0,656.0,510.0,740.0
62,W2023,1,high,7,10,9,487.0,610.0,503.0,711.0,641.0,539.0,615.0,780.0,798.0,487.0,354.0
62,W2023,1,high,8,10,2,232.0,999.0,232.0,392.0,682.0,601.0,761.0,534.0,768.0,234.0,427.0
62,W2023,1,high,9,10,6,365.0,994.0,482.0,898.0,735.0,846.0,365.0,414.0,533.0,498.0,307.0
62,W2023,1,high,10,10,5,338.0,416.0,362.0,482.0,731.0,338.0,891.0,603.0,510.0,587.0,297.0
62,W2023,1,high,11,10,3,1.0,999.0,502.0,1.0,695.0,522.0,392.0,897.0,625.0,811.0,549.0
62,W2023,1,high,12,10,5,371.0,473.0,621.0,527.0,842.0,371.0,729.0,642.0,327.0,733.0,686.0
62,W2023,1,high,13,10,8,505.0,701.0,776.0,533.0,467.0,665.0,504.0,567.0,505.0,590.0,246.0
62,W2023,1,high,14,10,4,346.0,899.0,792.0,696.0,346.0,800.0,774.0,483.0,235.0,748.0,590.0
62,W2023,1,high,15,10,10,600.0,399.0,683.0,493.0,448.0,756.0,483.0,659.0,505.0,618.0,600.0
62,W2023,1,high,16,10,2,345.0,999.0,345.0,472.0,554.0,696.0,379.0,815.0,509.0,328.0,677.0
62,W2023,1,high,17,10,2,303.0,379.0,303.0,683.0,253.0,934.0,357.0,313.0,554.0,944.0,259.0
62,W2023,1,high,18,10,3,360.0,531.0,453.0,360.0,552.0,755.0,560.0,284.0,528.0,290.0,536.0
62,W2023,1,high,19,10,1,190.0,190.0,716.0,309.0,734.0,518.0,614.0,635.0,380.0,667.0,390.0
62,W2023,1,high,20,10,1,284.0,284.0,521.0,587.0,44.0,723.0,387.0,490.0,626.0,432.0,624.0
343,W2023,1,high,1,10,2,323.0,510.0,323.0,456.0,539.0,590.0,968.0,422.0,636.0,524.0,685.0
343,W2023,1,high,2,10,2,370.0,586.0,370.0,712.0,376.0,286.0,658.0,587.0,500.0,534.0,409.0
343,W2023,1,high,3,10,2,335.0,811.0,335.0,510.0,306.0,220.0,825.0,902.0,820.0,838.0,558.0
343,W2023,1,high,4,10,2,342.0,660.0,342.0,16.0,592.0,382.0,529.0,571.0,597.0,693.0,457.0
343,W2023,1,high,5,10,7,477.0,556.0,972.0,887.0,621.0,616.0,590.0,477.0,135.0,585.0,695.0
343,W2023,1,high,6,10,5,530.0,861.0,570.0,860.0,768.0,530.0,415.0,507.0,656.0,510.0,740.0
343,W2023,1,high,7,10,9,487.0,610.0,503.0,711.0,641.0,539.0,615.0,780.0,798.0,487.0,354.0
343,W2023,1,high,8,10,2,232.0,999.0,232.0,392.0,682.0,601.0,761.0,534.0,768.0,234.0,427.0
343,W2023,1,high,9,10,6,365.0,994.0,482.0,898.0,735.0,846.0,365.0,414.0,533.0,498.0,307.0
343,W2023,1,high,10,10,5,338.0,416.0,362.0,482.0,731.0,338.0,891.0,603.0,510.0,587.0,297.0
343,W2023,1,high,11,10,3,1.0,999.0,502.0,1.0,695.0,522.0,392.0,897.0,625.0,811.0,549.0
343,W2023,1,high,12,10,5,371.0,473.0,621.0,527.0,842.0,371.0,729.0,642.0,327.0,733.0,686.0
343,W2023,1,high,13,10,9,590.0,701.0,776.0,533.0,467.0,665.0,504.0,567.0,505.0,590.0,246.0
343,W2023,1,high,14,10,4,346.0,899.0,792.0,696.0,346.0,800.0,774.0,483.0,235.0,748.0,590.0
343,W2023,1,high,15,10,6,483.0,399.0,683.0,493.0,448.0,756.0,483.0,659.0,505.0,618.0,600.0
343,W2023,1,high,16,10,6,379.0,999.0,345.0,472.0,554.0,696.0,379.0,815.0,509.0,328.0,677.0
343,W2023,1,high,17,10,1,379.0,379.0,303.0,683.0,253.0,934.0,357.0,313.0,554.0,944.0,259.0
343,W2023,1,high,18,10,7,284.0,531.0,453.0,360.0,552.0,755.0,560.0,284.0,528.0,290.0,536.0
343,W2023,1,high,19,10,8,380.0,190.0,716.0,309.0,734.0,518.0,614.0,635.0,380.0,667.0,390.0
343,W2023,1,high,20,10,1,284.0,284.0,521.0,587.0,44.0,723.0,387.0,490.0,626.0,432.0,624.0
195,W2023,1,high,1,10,2,323.0,510.0,323.0,456.0,539.0,590.0,968.0,422.0,636.0,524.0,685.0
195,W2023,1,high,2,10,2,370.0,586.0,370.0,712.0,376.0,286.0,658.0,587.0,500.0,534.0,409.0
195,W2023,1,high,3,10,4,306.0,811.0,335.0,510.0,306.0,220.0,825.0,902.0,820.0,838.0,558.0
195,W2023,1,high,4,10,2,342.0,660.0,342.0,16.0,592.0,382.0,529.0,571.0,597.0,693.0,457.0
195,W2023,1,high,5,10,7,477.0,556.0,972.0,887.0,621.0,616.0,590.0,477.0,135.0,585.0,695.0
195,W2023,1,high,6,10,6,415.0,861.0,570.0,860.0,768.0,530.0,415.0,507.0,656.0,510.0,740.0
195,W2023,1,high,7,10,9,487.0,610.0,503.0,711.0,641.0,539.0,615.0,780.0,798.0,487.0,354.0
195,W2023,1,high,8,10,2,232.0,999.0,232.0,392.0,682.0,601.0,761.0,534.0,768.0,234.0,427.0
195,W2023,1,high,9,10,6,365.0,994.0,482.0,898.0,735.0,846.0,365.0,414.0,533.0,498.0,307.0
195,W2023,1,high,10,10,5,338.0,416.0,362.0,482.0,731.0,338.0,891.0,603.0,510.0,587.0,297.0
195,W2023,1,high,11,10,3,1.0,999.0,502.0,1.0,695.0,522.0,392.0,897.0,625.0,811.0,549.0
195,W2023,1,high,12,10,5,371.0,473.0,621.0,527.0,842.0,371.0,729.0,642.0,327.0,733.0,686.0
195,W2023,1,high,13,10,10,246.0,701.0,776.0,533.0,467.0,665.0,504.0,567.0,505.0,590.0,246.0
195,W2023,1,high,14,10,4,346.0,899.0,792.0,696.0,346.0,800.0,774.0,483.0,235.0,748.0,590.0
195,W2023,1,high,15,10,6,483.0,399.0,683.0,493.0,448.0,756.0,483.0,659.0,505.0,618.0,600.0
195,W2023,1,high,16,10,6,379.0,999.0,345.0,472.0,554.0,696.0,379.0,815.0,509.0,328.0,677.0
195,W2023,1,high,17,10,2,303.0,379.0,303.0,683.0,253.0,934.0,357.0,313.0,554.0,944.0,259.0
195,W2023,1,high,18,10,7,284.0,531.0,453.0,360.0,552.0,755.0,560.0,284.0,528.0,290.0,536.0
195,W2023,1,high,19,10,1,190.0,190.0,716.0,309.0,734.0,518.0,614.0,635.0,380.0,667.0,390.0
195,W2023,1,high,20,10,1,284.0,284.0,521.0,587.0,44.0,723.0,387.0,490.0,626.0,432.0,624.0
443,W2023,1,high,1,10,2,323.0,510.0,323.0,456.0,539.0,590.0,968.0,422.0,636.0,524.0,685.0
443,W2023,1,high,2,10,2,370.0,586.0,370.0,712.0,376.0,286.0,658.0,587.0,500.0,534.0,409.0
443,W2023,1,high,3,10,2,335.0,811.0,335.0,510.0,306.0,220.0,825.0,902.0,820.0,838.0,558.0
443,W2023,1,high,4,10,2,342.0,660.0,342.0,16.0,592.0,382.0,529.0,571.0,597.0,693.0,457.0
443,W2023,1,high,5,10,8,135.0,556.0,972.0,887.0,621.0,616.0,590.0,477.0,135.0,585.0,695.0
443,W2023,1,high,6,10,6,415.0,861.0,570.0,860.0,768.0,530.0,415.0,507.0,656.0,510.0,740.0
443,W2023,1,high,7,10,9,487.0,610.0,503.0,711.0,641.0,539.0,615.0,780.0,798.0,487.0,354.0
443,W2023,1,high,8,10,2,232.0,999.0,232.0,392.0,682.0,601.0,761.0,534.0,768.0,234.0,427.0
443,W2023,1,high,9,10,6,365.0,994.0,482.0,898.0,735.0,846.0,365.0,414.0,533.0,498.0,307.0
443,W2023,1,high,10,10,2,362.0,416.0,362.0,482.0,731.0,338.0,891.0,603.0,510.0,587.0,297.0
443,W2023,1,high,11,10,3,1.0,999.0,502.0,1.0,695.0,522.0,392.0,897.0,625.0,811.0,549.0
443,W2023,1,high,12,10,5,371.0,473.0,621.0,527.0,842.0,371.0,729.0,642.0,327.0,733.0,686.0
443,W2023,1,high,13,10,10,246.0,701.0,776.0,533.0,467.0,665.0,504.0,567.0,505.0,590.0,246.0
443,W2023,1,high,14,10,4,346.0,899.0,792.0,696.0,346.0,800.0,774.0,483.0,235.0,748.0,590.0
443,W2023,1,high,15,10,10,600.0,399.0,683.0,493.0,448.0,756.0,483.0,659.0,505.0,618.0,600.0
443,W2023,1,high,16,10,2,345.0,999.0,345.0,472.0,554.0,696.0,379.0,815.0,509.0,328.0,677.0
443,W2023,1,high,17,10,4,253.0,379.0,303.0,683.0,253.0,934.0,357.0,313.0,554.0,944.0,259.0
443,W2023,1,high,18,10,3,360.0,531.0,453.0,360.0,552.0,755.0,560.0,284.0,528.0,290.0,536.0
443,W2023,1,high,19,10,1,190.0,190.0,716.0,309.0,734.0,518.0,614.0,635.0,380.0,667.0,390.0
443,W2023,1,high,20,10,1,284.0,284.0,521.0,587.0,44.0,723.0,387.0,490.0,626.0,432.0,624.0
546,W2023,1,high,1,10,2,323.0,510.0,323.0,456.0,539.0,590.0,968.0,422.0,636.0,524.0,685.0
546,W2023,1,high,2,10,5,286.0,586.0,370.0,712.0,376.0,286.0,658.0,587.0,500.0,534.0,409.0
546,W2023,1,high,3,10,4,306.0,811.0,335.0,510.0,306.0,220.0,825.0,902.0,820.0,838.0,558.0
546,W2023,1,high,4,10,2,342.0,660.0,342.0,16.0,592.0,382.0,529.0,571.0,597.0,693.0,457.0
546,W2023,1,high,5,10,7,477.0,556.0,972.0,887.0,621.0,616.0,590.0,477.0,135.0,585.0,695.0
546,W2023,1,high,6,10,9,510.0,861.0,570.0,860.0,768.0,530.0,415.0,507.0,656.0,510.0,740.0
546,W2023,1,high,7,10,9,487.0,610.0,503.0,711.0,641.0,539.0,615.0,780.0,798.0,487.0,354.0
546,W2023,1,high,8,10,2,232.0,999.0,232.0,392.0,682.0,601.0,761.0,534.0,768.0,234.0,427.0
546,W2023,1,high,9,10,6,365.0,994.0,482.0,898.0,735.0,846.0,365.0,414.0,533.0,498.0,307.0
546,W2023,1,high,10,10,2,362.0,416.0,362.0,482.0,731.0,338.0,891.0,603.0,510.0,587.0,297.0
546,W2023,1,high,11,10,3,1.0,999.0,502.0,1.0,695.0,522.0,392.0,897.0,625.0,811.0,549.0
546,W2023,1,high,12,10,5,371.0,473.0,621.0,527.0,842.0,371.0,729.0,642.0,327.0,733.0,686.0
546,W2023,1,high,13,10,8,505.0,701.0,776.0,533.0,467.0,665.0,504.0,567.0,505.0,590.0,246.0
546,W2023,1,high,14,10,4,346.0,899.0,792.0,696.0,346.0,800.0,774.0,483.0,235.0,748.0,590.0
546,W2023,1,high,15,10,6,483.0,399.0,683.0,493.0,448.0,756.0,483.0,659.0,505.0,618.0,600.0
546,W2023,1,high,16,10,6,379.0,999.0,345.0,472.0,554.0,696.0,379.0,815.0,509.0,328.0,677.0
546,W2023,1,high,17,10,4,253.0,379.0,303.0,683.0,253.0,934.0,357.0,313.0,554.0,944.0,259.0
546,W2023,1,high,18,10,7,284.0,531.0,453.0,360.0,552.0,755.0,560.0,284.0,528.0,290.0,536.0
546,W2023,1,high,19,10,1,190.0,190.0,716.0,309.0,734.0,518.0,614.0,635.0,380.0,667.0,390.0
546,W2023,1,high,20,10,1,284.0,284.0,521.0,587.0,44.0,723.0,387.0,490.0,626.0,432.0,624.0
576,W2023,1,high,1,10,10,685.0,510.0,323.0,456.0,539.0,590.0,968.0,422.0,636.0,524.0,685.0
576,W2023,1,high,2,10,2,370.0,586.0,370.0,712.0,376.0,286.0,658.0,587.0,500.0,534.0,409.0
576,W2023,1,high,3,10,2,335.0,811.0,335.0,510.0,306.0,220.0,825.0,902.0,820.0,838.0,558.0
576,W2023,1,high,4,10,3,16.0,660.0,342.0,16.0,592.0,382.0,529.0,571.0,597.0,693.0,457.0
576,W2023,1,high,5,10,6,590.0,556.0,972.0,887.0,621.0,616.0,590.0,477.0,135.0,585.0,695.0
576,W2023,1,high,6,10,9,510.0,861.0,570.0,860.0,768.0,530.0,415.0,507.0,656.0,510.0,740.0
576,W2023,1,high,7,10,9,487.0,610.0,503.0,711.0,641.0,539.0,615.0,780.0,798.0,487.0,354.0
576,W2023,1,high,8,10,2,232.0,999.0,232.0,392.0,682.0,601.0,761.0,534.0,768.0,234.0,427.0
576,W2023,1,high,9,10,2,482.0,994.0,482.0,898.0,735.0,846.0,365.0,414.0,533.0,498.0,307.0
576,W2023,1,high,10,10,2,362.0,416.0,362.0,482.0,731.0,338.0,891.0,603.0,510.0,587.0,297.0
576,W2023,1,high,11,10,3,1.0,999.0,502.0,1.0,695.0,522.0,392.0,897.0,625.0,811.0,549.0
576,W2023,1,high,12,10,5,371.0,473.0,621.0,527.0,842.0,371.0,729.0,642.0,327.0,733.0,686.0
576,W2023,1,high,13,10,4,467.0,701.0,776.0,533.0,467.0,665.0,504.0,567.0,505.0,590.0,246.0
576,W2023,1,high,14,10,4,346.0,899.0,792.0,696.0,346.0,800.0,774.0,483.0,235.0,748.0,590.0
576,W2023,1,high,15,10,1,399.0,399.0,683.0,493.0,448.0,756.0,483.0,659.0,505.0,618.0,600.0
576,W2023,1,high,16,10,9,328.0,999.0,345.0,472.0,554.0,696.0,379.0,815.0,509.0,328.0,677.0
576,W2023,1,high,17,10,1,379.0,379.0,303.0,683.0,253.0,934.0,357.0,313.0,554.0,944.0,259.0
576,W2023,1,high,18,10,3,360.0,531.0,453.0,360.0,552.0,755.0,560.0,284.0,528.0,290.0,536.0
576,W2023,1,high,19,10,8,380.0,190.0,716.0,309.0,734.0,518.0,614.0,635.0,380.0,667.0,390.0
576,W2023,1,high,20,10,1,284.0,284.0,521.0,587.0,44.0,723.0,387.0,490.0,626.0,432.0,624.0
550,W2023,1,high,1,10,2,323.0,510.0,323.0,456.0,539.0,590.0,968.0,422.0,636.0,524.0,685.0
550,W2023,1,high,2,10,2,370.0,586.0,370.0,712.0,376.0,286.0,658.0,587.0,500.0,534.0,409.0
550,W2023,1,high,3,10,2,335.0,811.0,335.0,510.0,306.0,220.0,825.0,902.0,820.0,838.0,558.0
550,W2023,1,high,4,10,2,342.0,660.0,342.0,16.0,592.0,382.0,529.0,571.0,597.0,693.0,457.0
550,W2023,1,high,5,10,8,135.0,556.0,972.0,887.0,621.0,616.0,590.0,477.0,135.0,585.0,695.0
550,W2023,1,high,6,10,10,740.0,861.0,570.0,860.0,768.0,530.0,415.0,507.0,656.0,510.0,740.0
550,W2023,1,high,7,10,9,487.0,610.0,503.0,711.0,641.0,539.0,615.0,780.0,798.0,487.0,354.0
550,W2023,1,high,8,10,2,232.0,999.0,232.0,392.0,682.0,601.0,761.0,534.0,768.0,234.0,427.0
550,W2023,1,high,9,10,6,365.0,994.0,482.0,898.0,735.0,846.0,365.0,414.0,533.0,498.0,307.0
550,W2023,1,high,10,10,2,362.0,416.0,362.0,482.0,731.0,338.0,891.0,603.0,510.0,587.0,297.0
550,W2023,1,high,11,10,3,1.0,999.0,502.0,1.0,695.0,522.0,392.0,897.0,625.0,811.0,549.0
550,W2023,1,high,12,10,1,473.0,473.0,621.0,527.0,842.0,371.0,729.0,642.0,327.0,733.0,686.0
550,W2023,1,high,13,10,10,246.0,701.0,776.0,533.0,467.0,665.0,504.0,567.0,505.0,590.0,246.0
550,W2023,1,high,14,10,4,346.0,899.0,792.0,696.0,346.0,800.0,774.0,483.0,235.0,748.0,590.0
550,W2023,1,high,15,10,1,399.0,399.0,683.0,493.0,448.0,756.0,483.0,659.0,505.0,618.0,600.0
550,W2023,1,high,16,10,2,345.0,999.0,345.0,472.0,554.0,696.0,379.0,815.0,509.0,328.0,677.0
550,W2023,1,high,17,10,1,379.0,379.0,303.0,683.0,253.0,934.0,357.0,313.0,554.0,944.0,259.0
550,W2023,1,high,18,10,7,284.0,531.0,453.0,360.0,552.0,755.0,560.0,284.0,528.0,290.0,536.0
550,W2023,1,high,19,10,1,190.0,190.0,716.0,309.0,734.0,518.0,614.0,635.0,380.0,667.0,390.0
550,W2023,1,high,20,10,1,284.0,284.0,521.0,587.0,44.0,723.0,387.0,490.0,626.0,432.0,624.0
386,W2023,1,high,1,10,10,685.0,510.0,323.0,456.0,539.0,590.0,968.0,422.0,636.0,524.0,685.0
386,W2023,1,high,2,10,2,370.0,586.0,370.0,712.0,376.0,286.0,658.0,587.0,500.0,534.0,409.0
386,W2023,1,high,3,10,4,306.0,811.0,335.0,510.0,306.0,220.0,825.0,902.0,820.0,838.0,558.0
386,W2023,1,high,4,10,3,16.0,660.0,342.0,16.0,592.0,382.0,529.0,571.0,597.0,693.0,457.0
386,W2023,1,high,5,10,7,477.0,556.0,972.0,887.0,621.0,616.0,590.0,477.0,135.0,585.0,695.0
386,W2023,1,high,6,10,6,415.0,861.0,570.0,860.0,768.0,530.0,415.0,507.0,656.0,510.0,740.0
386,W2023,1,high,7,10,9,487.0,610.0,503.0,711.0,641.0,539.0,615.0,780.0,798.0,487.0,354.0
386,W2023,1,high,8,10,2,232.0,999.0,232.0,392.0,682.0,601.0,761.0,534.0,768.0,234.0,427.0
386,W2023,1,high,9,10,6,365.0,994.0,482.0,898.0,735.0,846.0,365.0,414.0,533.0,498.0,307.0
386,W2023,1,high,10,10,5,338.0,416.0,362.0,482.0,731.0,338.0,891.0,603.0,510.0,587.0,297.0
386,W2023,1,high,11,10,3,1.0,999.0,502.0,1.0,695.0,522.0,392.0,897.0,625.0,811.0,549.0
386,W2023,1,high,12,10,8,327.0,473.0,621.0,527.0,842.0,371.0,729.0,642.0,327.0,733.0,686.0
386,W2023,1,high,13,10,10,246.0,701.0,776.0,533.0,467.0,665.0,504.0,567.0,505.0,590.0,246.0
386,W2023,1,high,14,10,4,346.0,899.0,792.0,696.0,346.0,800.0,774.0,483.0,235.0,748.0,590.0
386,W2023,1,high,15,10,10,600.0,399.0,683.0,493.0,448.0,756.0,483.0,659.0,505.0,618.0,600.0
386,W2023,1,high,16,10,2,345.0,999.0,345.0,472.0,554.0,696.0,379.0,815.0,509.0,328.0,677.0
386,W2023,1,high,17,10,2,303.0,379.0,303.0,683.0,253.0,934.0,357.0,313.0,554.0,944.0,259.0
386,W2023,1,high,18,10,7,284.0,531.0,453.0,360.0,552.0,755.0,560.0,284.0,528.0,290.0,536.0
386,W2023,1,high,19,10,1,190.0,190.0,716.0,309.0,734.0,518.0,614.0,635.0,380.0,667.0,390.0
386,W2023,1,high,20,10,1,284.0,284.0,521.0,587.0,44.0,723.0,387.0,490.0,626.0,432.0,624.0
284,W2023,1,high,1,10,2,323.0,510.0,323.0,456.0,539.0,590.0,968.0,422.0,636.0,524.0,685.0
284,W2023,1,high,2,10,2,370.0,586.0,370.0,712.0,376.0,286.0,658.0,587.0,500.0,534.0,409.0
284,W2023,1,high,3,10,2,335.0,811.0,335.0,510.0,306.0,220.0,825.0,902.0,820.0,838.0,558.0
284,W2023,1,high,4,10,2,342.0,660.0,342.0,16.0,592.0,382.0,529.0,571.0,597.0,693.0,457.0
284,W2023,1,high,5,10,7,477.0,556.0,972.0,887.0,621.0,616.0,590.0,477.0,135.0,585.0,695.0
284,W2023,1,high,6,10,6,415.0,861.0,570.0,860.0,768.0,530.0,415.0,507.0,656.0,510.0,740.0
284,W2023,1,high,7,10,9,487.0,610.0,503.0,711.0,641.0,539.0,615.0,780.0,798.0,487.0,354.0
284,W2023,1,high,8,10,2,232.0,999.0,232.0,392.0,682.0,601.0,761.0,534.0,768.0,234.0,427.0
284,W2023,1,high,9,10,2,482.0,994.0,482.0,898.0,735.0,846.0,365.0,414.0,533.0,498.0,307.0
284,W2023,1,high,10,10,1,416.0,416.0,362.0,482.0,731.0,338.0,891.0,603.0,510.0,587.0,297.0
284,W2023,1,high,11,10,3,1.0,999.0,502.0,1.0,695.0,522.0,392.0,897.0,625.0,811.0,549.0
284,W2023,1,high,12,10,1,473.0,473.0,621.0,527.0,842.0,371.0,729.0,642.0,327.0,733.0,686.0
284,W2023,1,high,13,10,4,467.0,701.0,776.0,533.0,467.0,665.0,504.0,567.0,505.0,590.0,246.0
284,W2023,1,high,14,10,4,346.0,899.0,792.0,696.0,346.0,800.0,774.0,483.0,235.0,748.0,590.0
284,W2023,1,high,15,10,1,399.0,399.0,683.0,493.0,448.0,756.0,483.0,659.0,505.0,618.0,600.0
284,W2023,1,high,16,10,2,345.0,999.0,345.0,472.0,554.0,696.0,379.0,815.0,509.0,328.0,677.0
284,W2023,1,high,17,10,1,379.0,379.0,303.0,683.0,253.0,934.0,357.0,313.0,554.0,944.0,259.0
284,W2023,1,high,18,10,2,453.0,531.0,453.0,360.0,552.0,755.0,560.0,284.0,528.0,290.0,536.0
284,W2023,1,high,19,10,1,190.0,190.0,716.0,309.0,734.0,518.0,614.0,635.0,380.0,667.0,390.0
284,W2023,1,high,20,10,1,284.0,284.0,521.0,587.0,44.0,723.0,387.0,490.0,626.0,432.0,624.0
265,W2023,1,high,1,10,2,323.0,510.0,323.0,456.0,539.0,590.0,968.0,422.0,636.0,524.0,685.0
265,W2023,1,high,2,10,10,409.0,586.0,370.0,712.0,376.0,286.0,658.0,587.0,500.0,534.0,409.0
265,W2023,1,high,3,10,2,335.0,811.0,335.0,510.0,306.0,220.0,825.0,902.0,820.0,838.0,558.0
265,W2023,1,high,4,10,3,16.0,660.0,342.0,16.0,592.0,382.0,529.0,571.0,597.0,693.0,457.0
265,W2023,1,high,5,10,7,477.0,556.0,972.0,887.0,621.0,616.0,590.0,477.0,135.0,585.0,695.0
265,W2023,1,high,6,10,10,740.0,861.0,570.0,860.0,768.0,530.0,415.0,507.0,656.0,510.0,740.0
265,W2023,1,high,7,10,9,487.0,610.0,503.0,711.0,641.0,539.0,615.0,780.0,798.0,487.0,354.0
265,W2023,1,high,8,10,2,232.0,999.0,232.0,392.0,682.0,601.0,761.0,534.0,768.0,234.0,427.0
265,W2023,1,high,9,10,6,365.0,994.0,482.0,898.0,735.0,846.0,365.0,414.0,533.0,498.0,307.0
265,W2023,1,high,10,10,2,362.0,416.0,362.0,482.0,731.0,338.0,891.0,603.0,510.0,587.0,297.0
265,W2023,1,high,11,10,3,1.0,999.0,502.0,1.0,695.0,522.0,392.0,897.0,625.0,811.0,549.0
265,W2023,1,high,12,10,1,473.0,473.0,621.0,527.0,842.0,371.0,729.0,642.0,327.0,733.0,686.0
265,W2023,1,high,13,10,10,246.0,701.0,776.0,533.0,467.0,665.0,504.0,567.0,505.0,590.0,246.0
265,W2023,1,high,14,10,4,346.0,899.0,792.0,696.0,346.0,800.0,774.0,483.0,235.0,748.0,590.0
265,W2023,1,high,15,10,1,399.0,399.0,683.0,493.0,448.0,756.0,483.0,659.0,505.0,618.0,600.0
265,W2023,1,high,16,10,6,379.0,999.0,345.0,472.0,554.0,696.0,379.0,815.0,509.0,328.0,677.0
265,W2023,1,high,17,10,2,303.0,379.0,303.0,683.0,253.0,934.0,357.0,313.0,554.0,944.0,259.0
265,W2023,1,high,18,10,3,360.0,531.0,453.0,360.0,552.0,755.0,560.0,284.0,528.0,290.0,536.0
265,W2023,1,high,19,10,1,190.0,190.0,716.0,309.0,734.0,518.0,614.0,635.0,380.0,667.0,390.0
265,W2023,1,high,20,10,1,284.0,284.0,521.0,587.0,44.0,723.0,387.0,490.0,626.0,432.0,624.0
88,W2023,1,high,1,10,2,323.0,510.0,323.0,456.0,539.0,590.0,968.0,422.0,636.0,524.0,685.0
88,W2023,1,high,2,10,2,370.0,586.0,370.0,712.0,376.0,286.0,658.0,587.0,500.0,534.0,409.0
88,W2023,1,high,3,10,2,335.0,811.0,335.0,510.0,306.0,220.0,825.0,902.0,820.0,838.0,558.0
88,W2023,1,high,4,10,2,342.0,660.0,342.0,16.0,592.0,382.0,529.0,571.0,597.0,693.0,457.0
88,W2023,1,high,5,10,6,590.0,556.0,972.0,887.0,621.0,616.0,590.0,477.0,135.0,585.0,695.0
88,W2023,1,high,6,10,5,530.0,861.0,570.0,860.0,768.0,530.0,415.0,507.0,656.0,510.0,740.0
88,W2023,1,high,7,10,9,487.0,610.0,503.0,711.0,641.0,539.0,615.0,780.0,798.0,487.0,354.0
88,W2023,1,high,8,10,2,232.0,999.0,232.0,392.0,682.0,601.0,761.0,534.0,768.0,234.0,427.0
88,W2023,1,high,9,10,2,482.0,994.0,482.0,898.0,735.0,846.0,365.0,414.0,533.0,498.0,307.0
88,W2023,1,high,10,10,1,416.0,416.0,362.0,482.0,731.0,338.0,891.0,603.0,510.0,587.0,297.0
88,W2023,1,high,11,10,3,1.0,999.0,502.0,1.0,695.0,522.0,392.0,897.0,625.0,811.0,549.0
88,W2023,1,high,12,10,5,371.0,473.0,621.0,527.0,842.0,371.0,729.0,642.0,327.0,733.0,686.0
88,W2023,1,high,13,10,4,467.0,701.0,776.0,533.0,467.0,665.0,504.0,567.0,505.0,590.0,246.0
88,W2023,1,high,14,10,4,346.0,899.0,792.0,696.0,346.0,800.0,774.0,483.0,235.0,748.0,590.0
88,W2023,1,high,15,10,1,399.0,399.0,683.0,493.0,448.0,756.0,483.0,659.0,505.0,618.0,600.0
88,W2023,1,high,16,10,2,345.0,999.0,345.0,472.0,554.0,696.0,379.0,815.0,509.0,328.0,677.0
88,W2023,1,high,17,10,1,379.0,379.0,303.0,683.0,253.0,934.0,357.0,313.0,554.0,944.0,259.0
88,W2023,1,high,18,10,3,360.0,531.0,453.0,360.0,552.0,755.0,560.0,284.0,528.0,290.0,536.0
88,W2023,1,high,19,10,1,190.0,190.0,716.0,309.0,734.0,518.0,614.0,635.0,380.0,667.0,390.0
88,W2023,1,high,20,10,1,284.0,284.0,521.0,587.0,44.0,723.0,387.0,490.0,626.0,432.0,624.0
327,W2023,1,high,1,10,7,422.0,510.0,323.0,456.0,539.0,590.0,968.0,422.0,636.0,524.0,685.0
327,W2023,1,high,2,10,5,286.0,586.0,370.0,712.0,376.0,286.0,658.0,587.0,500.0,534.0,409.0
327,W2023,1,high,3,10,5,220.0,811.0,335.0,510.0,306.0,220.0,825.0,902.0,820.0,838.0,558.0
327,W2023,1,high,4,10,3,16.0,660.0,342.0,16.0,592.0,382.0,529.0,571.0,597.0,693.0,457.0
327,W2023,1,high,5,10,7,477.0,556.0,972.0,887.0,621.0,616.0,590.0,477.0,135.0,585.0,695.0
327,W2023,1,high,6,10,9,510.0,861.0,570.0,860.0,768.0,530.0,415.0,507.0,656.0,510.0,740.0
327,W2023,1,high,7,10,9,487.0,610.0,503.0,711.0,641.0,539.0,615.0,780.0,798.0,487.0,354.0
327,W2023,1,high,8,10,2,232.0,999.0,232.0,392.0,682.0,601.0,761.0,534.0,768.0,234.0,427.0
327,W2023,1,high,9,10,6,365.0,994.0,482.0,898.0,735.0,846.0,365.0,414.0,533.0,498.0,307.0
327,W2023,1,high,10,10,8,510.0,416.0,362.0,482.0,731.0,338.0,891.0,603.0,510.0,587.0,297.0
327,W2023,1,high,11,10,3,1.0,999.0,502.0,1.0,695.0,522.0,392.0,897.0,625.0,811.0,549.0
327,W2023,1,high,12,10,5,371.0,473.0,621.0,527.0,842.0,371.0,729.0,642.0,327.0,733.0,686.0
327,W2023,1,high,13,10,8,505.0,701.0,776.0,533.0,467.0,665.0,504.0,567.0,505.0,590.0,246.0
327,W2023,1,high,14,10,7,483.0,899.0,792.0,696.0,346.0,800.0,774.0,483.0,235.0,748.0,590.0
327,W2023,1,high,15,10,10,600.0,399.0,683.0,493.0,448.0,756.0,483.0,659.0,505.0,618.0,600.0
327,W2023,1,high,16,10,2,345.0,999.0,345.0,472.0,554.0,696.0,379.0,815.0,509.0,328.0,677.0
327,W2023,1,high,17,10,4,253.0,379.0,303.0,683.0,253.0,934.0,357.0,313.0,554.0,944.0,259.0
327,W2023,1,high,18,10,7,284.0,531.0,453.0,360.0,552.0,755.0,560.0,284.0,528.0,290.0,536.0
327,W2023,1,high,19,10,1,190.0,190.0,716.0,309.0,734.0,518.0,614.0,635.0,380.0,667.0,390.0
327,W2023,1,high,20,10,4,44.0,284.0,521.0,587.0,44.0,723.0,387.0,490.0,626.0,432.0,624.0
7,W2023,1,high,1,10,10,685.0,510.0,323.0,456.0,539.0,590.0,968.0,422.0,636.0,524.0,685.0
7,W2023,1,high,2,10,5,286.0,586.0,370.0,712.0,376.0,286.0,658.0,587.0,500.0,534.0,409.0
7,W2023,1,high,3,10,5,220.0,811.0,335.0,510.0,306.0,220.0,825.0,902.0,820.0,838.0,558.0
7,W2023,1,high,4,10,3,16.0,660.0,342.0,16.0,592.0,382.0,529.0,571.0,597.0,693.0,457.0
7,W2023,1,high,5,10,8,135.0,556.0,972.0,887.0,621.0,616.0,590.0,477.0,135.0,585.0,695.0
7,W2023,1,high,6,10,10,740.0,861.0,570.0,860.0,768.0,530.0,415.0,507.0,656.0,510.0,740.0
7,W2023,1,high,7,10,10,354.0,610.0,503.0,711.0,641.0,539.0,615.0,780.0,798.0,487.0,354.0
7,W2023,1,high,8,10,2,232.0,999.0,232.0,392.0,682.0,601.0,761.0,534.0,768.0,234.0,427.0
7,W2023,1,high,9,10,10,307.0,994.0,482.0,898.0,735.0,846.0,365.0,414.0,533.0,498.0,307.0
7,W2023,1,high,10,10,10,297.0,416.0,362.0,482.0,731.0,338.0,891.0,603.0,510.0,587.0,297.0
7,W2023,1,high,11,10,3,1.0,999.0,502.0,1.0,695.0,522.0,392.0,897.0,625.0,811.0,549.0
7,W2023,1,high,12,10,10,686.0,473.0,621.0,527.0,842.0,371.0,729.0,642.0,327.0,733.0,686.0
7,W2023,1,high,13,10,10,246.0,701.0,776.0,533.0,467.0,665.0,504.0,567.0,505.0,590.0,246.0
7,W2023,1,high,14,10,8,235.0,899.0,792.0,696.0,346.0,800.0,774.0,483.0,235.0,748.0,590.0
7,W2023,1,high,15,10,10,600.0,399.0,683.0,493.0,448.0,756.0,483.0,659.0,505.0,618.0,600.0
7,W2023,1,high,16,10,9,328.0,999.0,345.0,472.0,554.0,696.0,379.0,815.0,509.0,328.0,677.0
7,W2023,1,high,17,10,10,259.0,379.0,303.0,683.0,253.0,934.0,357.0,313.0,554.0,944.0,259.0
7,W2023,1,high,18,10,7,284.0,531.0,453.0,360.0,552.0,755.0,560.0,284.0,528.0,290.0,536.0
7,W2023,1,high,19,10,1,190.0,190.0,716.0,309.0,734.0,518.0,614.0,635.0,380.0,667.0,390.0
7,W2023,1,high,20,10,4,44.0,284.0,521.0,587.0,44.0,723.0,387.0,490.0,626.0,432.0,624.0
77,W2023,1,high,1,10,2,323.0,510.0,323.0,456.0,539.0,590.0,968.0,422.0,636.0,524.0,685.0
77,W2023,1,high,2,10,4,376.0,586.0,370.0,712.0,376.0,286.0,658.0,587.0,500.0,534.0,409.0
77,W2023,1,high,3,10,2,335.0,811.0,335.0,510.0,306.0,220.0,825.0,902.0,820.0,838.0,558.0
77,W2023,1,high,4,10,3,16.0,660.0,342.0,16.0,592.0,382.0,529.0,571.0,597.0,693.0,457.0
77,W2023,1,high,5,10,8,135.0,556.0,972.0,887.0,621.0,616.0,590.0,477.0,135.0,585.0,695.0
77,W2023,1,high,6,10,10,740.0,861.0,570.0,860.0,768.0,530.0,415.0,507.0,656.0,510.0,740.0
77,W2023,1,high,7,10,10,354.0,610.0,503.0,711.0,641.0,539.0,615.0,780.0,798.0,487.0,354.0
77,W2023,1,high,8,10,2,232.0,999.0,232.0,392.0,682.0,601.0,761.0,534.0,768.0,234.0,427.0
77,W2023,1,high,9,10,6,365.0,994.0,482.0,898.0,735.0,846.0,365.0,414.0,533.0,498.0,307.0
77,W2023,1,high,10,10,5,338.0,416.0,362.0,482.0,731.0,338.0,891.0,603.0,510.0,587.0,297.0
77,W2023,1,high,11,10,3,1.0,999.0,502.0,1.0,695.0,522.0,392.0,897.0,625.0,811.0,549.0
77,W2023,1,high,12,10,5,371.0,473.0,621.0,527.0,842.0,371.0,729.0,642.0,327.0,733.0,686.0
77,W2023,1,high,13,10,4,467.0,701.0,776.0,533.0,467.0,665.0,504.0,567.0,505.0,590.0,246.0
77,W2023,1,high,14,10,4,346.0,899.0,792.0,696.0,346.0,800.0,774.0,483.0,235.0,748.0,590.0
77,W2023,1,high,15,10,10,600.0,399.0,683.0,493.0,448.0,756.0,483.0,659.0,505.0,618.0,600.0
77,W2023,1,high,16,10,9,328.0,999.0,345.0,472.0,554.0,696.0,379.0,815.0,509.0,328.0,677.0
77,W2023,1,high,17,10,2,303.0,379.0,303.0,683.0,253.0,934.0,357.0,313.0,554.0,944.0,259.0
77,W2023,1,high,18,10,3,360.0,531.0,453.0,360.0,552.0,755.0,560.0,284.0,528.0,290.0,536.0
77,W2023,1,high,19,10,1,190.0,190.0,716.0,309.0,734.0,518.0,614.0,635.0,380.0,667.0,390.0
77,W2023,1,high,20,10,1,284.0,284.0,521.0,587.0,44.0,723.0,387.0,490.0,626.0,432.0,624.0
25,W2023,1,high,1,10,2,323.0,510.0,323.0,456.0,539.0,590.0,968.0,422.0,636.0,524.0,685.0
25,W2023,1,high,2,10,2,370.0,586.0,370.0,712.0,376.0,286.0,658.0,587.0,500.0,534.0,409.0
25,W2023,1,high,3,10,2,335.0,811.0,335.0,510.0,306.0,220.0,825.0,902.0,820.0,838.0,558.0
25,W2023,1,high,4,10,2,342.0,660.0,342.0,16.0,592.0,382.0,529.0,571.0,597.0,693.0,457.0
25,W2023,1,high,5,10,8,135.0,556.0,972.0,887.0,621.0,616.0,590.0,477.0,135.0,585.0,695.0
25,W2023,1,high,6,10,6,415.0,861.0,570.0,860.0,768.0,530.0,415.0,507.0,656.0,510.0,740.0
25,W2023,1,high,7,10,9,487.0,610.0,503.0,711.0,641.0,539.0,615.0,780.0,798.0,487.0,354.0
25,W2023,1,high,8,10,2,232.0,999.0,232.0,392.0,682.0,601.0,761.0,534.0,768.0,234.0,427.0
25,W2023,1,high,9,10,6,365.0,994.0,482.0,898.0,735.0,846.0,365.0,414.0,533.0,498.0,307.0
25,W2023,1,high,10,10,1,416.0,416.0,362.0,482.0,731.0,338.0,891.0,603.0,510.0,587.0,297.0
25,W2023,1,high,11,10,3,1.0,999.0,502.0,1.0,695.0,522.0,392.0,897.0,625.0,811.0,549.0
25,W2023,1,high,12,10,5,371.0,473.0,621.0,527.0,842.0,371.0,729.0,642.0,327.0,733.0,686.0
25,W2023,1,high,13,10,10,246.0,701.0,776.0,533.0,467.0,665.0,504.0,567.0,505.0,590.0,246.0
25,W2023,1,high,14,10,4,346.0,899.0,792.0,696.0,346.0,800.0,774.0,483.0,235.0,748.0,590.0
25,W2023,1,high,15,10,1,399.0,399.0,683.0,493.0,448.0,756.0,483.0,659.0,505.0,618.0,600.0
25,W2023,1,high,16,10,2,345.0,999.0,345.0,472.0,554.0,696.0,379.0,815.0,509.0,328.0,677.0
25,W2023,1,high,17,10,1,379.0,379.0,303.0,683.0,253.0,934.0,357.0,313.0,554.0,944.0,259.0
25,W2023,1,high,18,10,3,360.0,531.0,453.0,360.0,552.0,755.0,560.0,284.0,528.0,290.0,536.0
25,W2023,1,high,19,10,1,190.0,190.0,716.0,309.0,734.0,518.0,614.0,635.0,380.0,667.0,390.0
25,W2023,1,high,20,10,1,284.0,284.0,521.0,587.0,44.0,723.0,387.0,490.0,626.0,432.0,624.0
21,W2023,1,high,1,10,10,685.0,510.0,323.0,456.0,539.0,590.0,968.0,422.0,636.0,524.0,685.0
21,W2023,1,high,2,10,5,286.0,586.0,370.0,712.0,376.0,286.0,658.0,587.0,500.0,534.0,409.0
21,W2023,1,high,3,10,2,335.0,811.0,335.0,510.0,306.0,220.0,825.0,902.0,820.0,838.0,558.0
21,W2023,1,high,4,10,2,342.0,660.0,342.0,16.0,592.0,382.0,529.0,571.0,597.0,693.0,457.0
21,W2023,1,high,5,10,7,477.0,556.0,972.0,887.0,621.0,616.0,590.0,477.0,135.0,585.0,695.0
21,W2023,1,high,6,10,9,510.0,861.0,570.0,860.0,768.0,530.0,415.0,507.0,656.0,510.0,740.0
21,W2023,1,high,7,10,9,487.0,610.0,503.0,711.0,641.0,539.0,615.0,780.0,798.0,487.0,354.0
21,W2023,1,high,8,10,2,232.0,999.0,232.0,392.0,682.0,601.0,761.0,534.0,768.0,234.0,427.0
21,W2023,1,high,9,10,6,365.0,994.0,482.0,898.0,735.0,846.0,365.0,414.0,533.0,498.0,307.0
21,W2023,1,high,10,10,5,338.0,416.0,362.0,482.0,731.0,338.0,891.0,603.0,510.0,587.0,297.0
21,W2023,1,high,11,10,3,1.0,999.0,502.0,1.0,695.0,522.0,392.0,897.0,625.0,811.0,549.0
21,W2023,1,high,12,10,5,371.0,473.0,621.0,527.0,842.0,371.0,729.0,642.0,327.0,733.0,686.0
21,W2023,1,high,13,10,8,505.0,701.0,776.0,533.0,467.0,665.0,504.0,567.0,505.0,590.0,246.0
21,W2023,1,high,14,10,4,346.0,899.0,792.0,696.0,346.0,800.0,774.0,483.0,235.0,748.0,590.0
21,W2023,1,high,15,10,8,505.0,399.0,683.0,493.0,448.0,756.0,483.0,659.0,505.0,618.0,600.0
21,W2023,1,high,16,10,6,379.0,999.0,345.0,472.0,554.0,696.0,379.0,815.0,509.0,328.0,677.0
21,W2023,1,high,17,10,2,303.0,379.0,303.0,683.0,253.0,934.0,357.0,313.0,554.0,944.0,259.0
21,W2023,1,high,18,10,7,284.0,531.0,453.0,360.0,552.0,755.0,560.0,284.0,528.0,290.0,536.0
21,W2023,1,high,19,10,1,190.0,190.0,716.0,309.0,734.0,518.0,614.0,635.0,380.0,667.0,390.0
21,W2023,1,high,20,10,1,284.0,284.0,521.0,587.0,44.0,723.0,387.0,490.0,626.0,432.0,624.0
380,W2023,1,high,1,10,10,685.0,510.0,323.0,456.0,539.0,590.0,968.0,422.0,636.0,524.0,685.0
380,W2023,1,high,2,10,2,370.0,586.0,370.0,712.0,376.0,286.0,658.0,587.0,500.0,534.0,409.0
380,W2023,1,high,3,10,2,335.0,811.0,335.0,510.0,306.0,220.0,825.0,902.0,820.0,838.0,558.0
380,W2023,1,high,4,10,2,342.0,660.0,342.0,16.0,592.0,382.0,529.0,571.0,597.0,693.0,457.0
380,W2023,1,high,5,10,7,477.0,556.0,972.0,887.0,621.0,616.0,590.0,477.0,135.0,585.0,695.0
380,W2023,1,high,6,10,5,530.0,861.0,570.0,860.0,768.0,530.0,415.0,507.0,656.0,510.0,740.0
380,W2023,1,high,7,10,9,487.0,610.0,503.0,711.0,641.0,539.0,615.0,780.0,798.0,487.0,354.0
380,W2023,1,high,8,10,2,232.0,999.0,232.0,392.0,682.0,601.0,761.0,534.0,768.0,234.0,427.0
380,W2023,1,high,9,10,2,482.0,994.0,482.0,898.0,735.0,846.0,365.0,414.0,533.0,498.0,307.0
380,W2023,1,high,10,10,2,362.0,416.0,362.0,482.0,731.0,338.0,891.0,603.0,510.0,587.0,297.0
380,W2023,1,high,11,10,3,1.0,999.0,502.0,1.0,695.0,522.0,392.0,897.0,625.0,811.0,549.0
380,W2023,1,high,12,10,1,473.0,473.0,621.0,527.0,842.0,371.0,729.0,642.0,327.0,733.0,686.0
380,W2023,1,high,13,10,3,533.0,701.0,776.0,533.0,467.0,665.0,504.0,567.0,505.0,590.0,246.0
380,W2023,1,high,14,10,4,346.0,899.0,792.0,696.0,346.0,800.0,774.0,483.0,235.0,748.0,590.0
380,W2023,1,high,15,10,8,505.0,399.0,683.0,493.0,448.0,756.0,483.0,659.0,505.0,618.0,600.0
380,W2023,1,high,16,10,2,345.0,999.0,345.0,472.0,554.0,696.0,379.0,815.0,509.0,328.0,677.0
380,W2023,1,high,17,10,1,379.0,379.0,303.0,683.0,253.0,934.0,357.0,313.0,554.0,944.0,259.0
380,W2023,1,high,18,10,3,360.0,531.0,453.0,360.0,552.0,755.0,560.0,284.0,528.0,290.0,536.0
380,W2023,1,high,19,10,1,190.0,190.0,716.0,309.0,734.0,518.0,614.0,635.0,380.0,667.0,390.0
380,W2023,1,high,20,10,1,284.0,284.0,521.0,587.0,44.0,723.0,387.0,490.0,626.0,432.0,624.0
402,W2023,1,high,1,10,10,685.0,510.0,323.0,456.0,539.0,590.0,968.0,422.0,636.0,524.0,685.0
402,W2023,1,high,2,10,5,286.0,586.0,370.0,712.0,376.0,286.0,658.0,587.0,500.0,534.0,409.0
402,W2023,1,high,3,10,2,335.0,811.0,335.0,510.0,306.0,220.0,825.0,902.0,820.0,838.0,558.0
402,W2023,1,high,4,10,3,16.0,660.0,342.0,16.0,592.0,382.0,529.0,571.0,597.0,693.0,457.0
402,W2023,1,high,5,10,8,135.0,556.0,972.0,887.0,621.0,616.0,590.0,477.0,135.0,585.0,695.0
402,W2023,1,high,6,10,10,740.0,861.0,570.0,860.0,768.0,530.0,415.0,507.0,656.0,510.0,740.0
402,W2023,1,high,7,10,10,354.0,610.0,503.0,711.0,641.0,539.0,615.0,780.0,798.0,487.0,354.0
402,W2023,1,high,8,10,2,232.0,999.0,232.0,392.0,682.0,601.0,761.0,534.0,768.0,234.0,427.0
402,W2023,1,high,9,10,10,307.0,994.0,482.0,898.0,735.0,846.0,365.0,414.0,533.0,498.0,307.0
402,W2023,1,high,10,10,2,362.0,416.0,362.0,482.0,731.0,338.0,891.0,603.0,510.0,587.0,297.0
402,W2023,1,high,11,10,3,1.0,999.0,502.0,1.0,695.0,522.0,392.0,897.0,625.0,811.0,549.0
402,W2023,1,high,12,10,8,327.0,473.0,621.0,527.0,842.0,371.0,729.0,642.0,327.0,733.0,686.0
402,W2023,1,high,13,10,10,246.0,701.0,776.0,533.0,467.0,665.0,504.0,567.0,505.0,590.0,246.0
402,W2023,1,high,14,10,4,346.0,899.0,792.0,696.0,346.0,800.0,774.0,483.0,235.0,748.0,590.0
402,W2023,1,high,15,10,10,600.0,399.0,683.0,493.0,448.0,756.0,483.0,659.0,505.0,618.0,600.0
402,W2023,1,high,16,10,9,328.0,999.0,345.0,472.0,554.0,696.0,379.0,815.0,509.0,328.0,677.0
402,W2023,1,high,17,10,2,303.0,379.0,303.0,683.0,253.0,934.0,357.0,313.0,554.0,944.0,259.0
402,W2023,1,high,18,10,7,284.0,531.0,453.0,360.0,552.0,755.0,560.0,284.0,528.0,290.0,536.0
402,W2023,1,high,19,10,1,190.0,190.0,716.0,309.0,734.0,518.0,614.0,635.0,380.0,667.0,390.0
402,W2023,1,high,20,10,1,284.0,284.0,521.0,587.0,44.0,723.0,387.0,490.0,626.0,432.0,624.0
544,W2023,1,high,1,10,1,510.0,510.0,323.0,456.0,539.0,590.0,968.0,422.0,636.0,524.0,685.0
544,W2023,1,high,2,10,2,370.0,586.0,370.0,712.0,376.0,286.0,658.0,587.0,500.0,534.0,409.0
544,W2023,1,high,3,10,2,335.0,811.0,335.0,510.0,306.0,220.0,825.0,902.0,820.0,838.0,558.0
544,W2023,1,high,4,10,2,342.0,660.0,342.0,16.0,592.0,382.0,529.0,571.0,597.0,693.0,457.0
544,W2023,1,high,5,10,7,477.0,556.0,972.0,887.0,621.0,616.0,590.0,477.0,135.0,585.0,695.0
544,W2023,1,high,6,10,6,415.0,861.0,570.0,860.0,768.0,530.0,415.0,507.0,656.0,510.0,740.0
544,W2023,1,high,7,10,5,539.0,610.0,503.0,711.0,641.0,539.0,615.0,780.0,798.0,487.0,354.0
544,W2023,1,high,8,10,2,232.0,999.0,232.0,392.0,682.0,601.0,761.0,534.0,768.0,234.0,427.0
544,W2023,1,high,9,10,6,365.0,994.0,482.0,898.0,735.0,846.0,365.0,414.0,533.0,498.0,307.0
544,W2023,1,high,10,10,2,362.0,416.0,362.0,482.0,731.0,338.0,891.0,603.0,510.0,587.0,297.0
544,W2023,1,high,11,10,3,1.0,999.0,502.0,1.0,695.0,522.0,392.0,897.0,625.0,811.0,549.0
544,W2023,1,high,12,10,1,473.0,473.0,621.0,527.0,842.0,371.0,729.0,642.0,327.0,733.0,686.0
544,W2023,1,high,13,10,4,467.0,701.0,776.0,533.0,467.0,665.0,504.0,567.0,505.0,590.0,246.0
544,W2023,1,high,14,10,4,346.0,899.0,792.0,696.0,346.0,800.0,774.0,483.0,235.0,748.0,590.0
544,W2023,1,high,15,10,8,505.0,399.0,683.0,493.0,448.0,756.0,483.0,659.0,505.0,618.0,600.0
544,W2023,1,high,16,10,2,345.0,999.0,345.0,472.0,554.0,696.0,379.0,815.0,509.0,328.0,677.0
544,W2023,1,high,17,10,1,379.0,379.0,303.0,683.0,253.0,934.0,357.0,313.0,554.0,944.0,259.0
544,W2023,1,high,18,10,2,453.0,531.0,453.0,360.0,552.0,755.0,560.0,284.0,528.0,290.0,536.0
544,W2023,1,high,19,10,1,190.0,190.0,716.0,309.0,734.0,518.0,614.0,635.0,380.0,667.0,390.0
544,W2023,1,high,20,10,1,284.0,284.0,521.0,587.0,44.0,723.0,387.0,490.0,626.0,432.0,624.0
428,W2023,1,high,1,10,2,323.0,510.0,323.0,456.0,539.0,590.0,968.0,422.0,636.0,524.0,685.0
428,W2023,1,high,2,10,2,370.0,586.0,370.0,712.0,376.0,286.0,658.0,587.0,500.0,534.0,409.0
428,W2023,1,high,3,10,2,335.0,811.0,335.0,510.0,306.0,220.0,825.0,902.0,820.0,838.0,558.0
428,W2023,1,high,4,10,2,342.0,660.0,342.0,16.0,592.0,382.0,529.0,571.0,597.0,693.0,457.0
428,W2023,1,high,5,10,7,477.0,556.0,972.0,887.0,621.0,616.0,590.0,477.0,135.0,585.0,695.0
428,W2023,1,high,6,10,6,415.0,861.0,570.0,860.0,768.0,530.0,415.0,507.0,656.0,510.0,740.0
428,W2023,1,high,7,10,9,487.0,610.0,503.0,711.0,641.0,539.0,615.0,780.0,798.0,487.0,354.0
428,W2023,1,high,8,10,2,232.0,999.0,232.0,392.0,682.0,601.0,761.0,534.0,768.0,234.0,427.0
428,W2023,1,high,9,10,6,365.0,994.0,482.0,898.0,735.0,846.0,365.0,414.0,533.0,498.0,307.0
428,W2023,1,high,10,10,2,362.0,416.0,362.0,482.0,731.0,338.0,891.0,603.0,510.0,587.0,297.0
428,W2023,1,high,11,10,2,502.0,999.0,502.0,1.0,695.0,522.0,392.0,897.0,625.0,811.0,549.0
428,W2023,1,high,12,10,5,371.0,473.0,621.0,527.0,842.0,371.0,729.0,642.0,327.0,733.0,686.0
428,W2023,1,high,13,10,8,505.0,701.0,776.0,533.0,467.0,665.0,504.0,567.0,505.0,590.0,246.0
428,W2023,1,high,14,10,4,346.0,899.0,792.0,696.0,346.0,800.0,774.0,483.0,235.0,748.0,590.0
428,W2023,1,high,15,10,10,600.0,399.0,683.0,493.0,448.0,756.0,483.0,659.0,505.0,618.0,600.0
428,W2023,1,high,16,10,2,345.0,999.0,345.0,472.0,554.0,696.0,379.0,815.0,509.0,328.0,677.0
428,W2023,1,high,17,10,1,379.0,379.0,303.0,683.0,253.0,934.0,357.0,313.0,554.0,944.0,259.0
428,W2023,1,high,18,10,2,453.0,531.0,453.0,360.0,552.0,755.0,560.0,284.0,528.0,290.0,536.0
428,W2023,1,high,19,10,1,190.0,190.0,716.0,309.0,734.0,518.0,614.0,635.0,380.0,667.0,390.0
428,W2023,1,high,20,10,1,284.0,284.0,521.0,587.0,44.0,723.0,387.0,490.0,626.0,432.0,624.0
337,W2023,1,high,1,10,2,323.0,510.0,323.0,456.0,539.0,590.0,968.0,422.0,636.0,524.0,685.0
337,W2023,1,high,2,10,2,370.0,586.0,370.0,712.0,376.0,286.0,658.0,587.0,500.0,534.0,409.0
337,W2023,1,high,3,10,2,335.0,811.0,335.0,510.0,306.0,220.0,825.0,902.0,820.0,838.0,558.0
337,W2023,1,high,4,10,2,342.0,660.0,342.0,16.0,592.0,382.0,529.0,571.0,597.0,693.0,457.0
337,W2023,1,high,5,10,7,477.0,556.0,972.0,887.0,621.0,616.0,590.0,477.0,135.0,585.0,695.0
337,W2023,1,high,6,10,6,415.0,861.0,570.0,860.0,768.0,530.0,415.0,507.0,656.0,510.0,740.0
337,W2023,1,high,7,10,9,487.0,610.0,503.0,711.0,641.0,539.0,615.0,780.0,798.0,487.0,354.0
337,W2023,1,high,8,10,2,232.0,999.0,232.0,392.0,682.0,601.0,761.0,534.0,768.0,234.0,427.0
337,W2023,1,high,9,10,6,365.0,994.0,482.0,898.0,735.0,846.0,365.0,414.0,533.0,498.0,307.0
337,W2023,1,high,10,10,1,416.0,416.0,362.0,482.0,731.0,338.0,891.0,603.0,510.0,587.0,297.0
337,W2023,1,high,11,10,3,1.0,999.0,502.0,1.0,695.0,522.0,392.0,897.0,625.0,811.0,549.0
337,W2023,1,high,12,10,1,473.0,473.0,621.0,527.0,842.0,371.0,729.0,642.0,327.0,733.0,686.0
337,W2023,1,high,13,10,10,246.0,701.0,776.0,533.0,467.0,665.0,504.0,567.0,505.0,590.0,246.0
337,W2023,1,high,14,10,4,346.0,899.0,792.0,696.0,346.0,800.0,774.0,483.0,235.0,748.0,590.0
337,W2023,1,high,15,10,1,399.0,399.0,683.0,493.0,448.0,756.0,483.0,659.0,505.0,618.0,600.0
337,W2023,1,high,16,10,2,345.0,999.0,345.0,472.0,554.0,696.0,379.0,815.0,509.0,328.0,677.0
337,W2023,1,high,17,10,1,379.0,379.0,303.0,683.0,253.0,934.0,357.0,313.0,554.0,944.0,259.0
337,W2023,1,high,18,10,2,453.0,531.0,453.0,360.0,552.0,755.0,560.0,284.0,528.0,290.0,536.0
337,W2023,1,high,19,10,1,190.0,190.0,716.0,309.0,734.0,518.0,614.0,635.0,380.0,667.0,390.0
337,W2023,1,high,20,10,1,284.0,284.0,521.0,587.0,44.0,723.0,387.0,490.0,626.0,432.0,624.0
307,W2023,1,high,1,10,9,524.0,510.0,323.0,456.0,539.0,590.0,968.0,422.0,636.0,524.0,685.0
307,W2023,1,high,2,10,5,286.0,586.0,370.0,712.0,376.0,286.0,658.0,587.0,500.0,534.0,409.0
307,W2023,1,high,3,10,5,220.0,811.0,335.0,510.0,306.0,220.0,825.0,902.0,820.0,838.0,558.0
307,W2023,1,high,4,10,2,342.0,660.0,342.0,16.0,592.0,382.0,529.0,571.0,597.0,693.0,457.0
307,W2023,1,high,5,10,8,135.0,556.0,972.0,887.0,621.0,616.0,590.0,477.0,135.0,585.0,695.0
307,W2023,1,high,6,10,10,740.0,861.0,570.0,860.0,768.0,530.0,415.0,507.0,656.0,510.0,740.0
307,W2023,1,high,7,10,9,487.0,610.0,503.0,711.0,641.0,539.0,615.0,780.0,798.0,487.0,354.0
307,W2023,1,high,8,10,2,232.0,999.0,232.0,392.0,682.0,601.0,761.0,534.0,768.0,234.0,427.0
307,W2023,1,high,9,10,9,498.0,994.0,482.0,898.0,735.0,846.0,365.0,414.0,533.0,498.0,307.0
307,W2023,1,high,10,10,5,338.0,416.0,362.0,482.0,731.0,338.0,891.0,603.0,510.0,587.0,297.0
307,W2023,1,high,11,10,3,1.0,999.0,502.0,1.0,695.0,522.0,392.0,897.0,625.0,811.0,549.0
307,W2023,1,high,12,10,8,327.0,473.0,621.0,527.0,842.0,371.0,729.0,642.0,327.0,733.0,686.0
307,W2023,1,high,13,10,9,590.0,701.0,776.0,533.0,467.0,665.0,504.0,567.0,505.0,590.0,246.0
307,W2023,1,high,14,10,8,235.0,899.0,792.0,696.0,346.0,800.0,774.0,483.0,235.0,748.0,590.0
307,W2023,1,high,15,10,10,600.0,399.0,683.0,493.0,448.0,756.0,483.0,659.0,505.0,618.0,600.0
307,W2023,1,high,16,10,6,379.0,999.0,345.0,472.0,554.0,696.0,379.0,815.0,509.0,328.0,677.0
307,W2023,1,high,17,10,4,253.0,379.0,303.0,683.0,253.0,934.0,357.0,313.0,554.0,944.0,259.0
307,W2023,1,high,18,10,7,284.0,531.0,453.0,360.0,552.0,755.0,560.0,284.0,528.0,290.0,536.0
307,W2023,1,high,19,10,1,190.0,190.0,716.0,309.0,734.0,518.0,614.0,635.0,380.0,667.0,390.0
307,W2023,1,high,20,10,1,284.0,284.0,521.0,587.0,44.0,723.0,387.0,490.0,626.0,432.0,624.0
5,W2023,1,high,1,10,2,323.0,510.0,323.0,456.0,539.0,590.0,968.0,422.0,636.0,524.0,685.0
5,W2023,1,high,2,10,4,376.0,586.0,370.0,712.0,376.0,286.0,658.0,587.0,500.0,534.0,409.0
5,W2023,1,high,3,10,2,335.0,811.0,335.0,510.0,306.0,220.0,825.0,902.0,820.0,838.0,558.0
5,W2023,1,high,4,10,2,342.0,660.0,342.0,16.0,592.0,382.0,529.0,571.0,597.0,693.0,457.0
5,W2023,1,high,5,10,7,477.0,556.0,972.0,887.0,621.0,616.0,590.0,477.0,135.0,585.0,695.0
5,W2023,1,high,6,10,6,415.0,861.0,570.0,860.0,768.0,530.0,415.0,507.0,656.0,510.0,740.0
5,W2023,1,high,7,10,9,487.0,610.0,503.0,711.0,641.0,539.0,615.0,780.0,798.0,487.0,354.0
5,W2023,1,high,8,10,2,232.0,999.0,232.0,392.0,682.0,601.0,761.0,534.0,768.0,234.0,427.0
5,W2023,1,high,9,10,6,365.0,994.0,482.0,898.0,735.0,846.0,365.0,414.0,533.0,498.0,307.0
5,W2023,1,high,10,10,2,362.0,416.0,362.0,482.0,731.0,338.0,891.0,603.0,510.0,587.0,297.0
5,W2023,1,high,11,10,3,1.0,999.0,502.0,1.0,695.0,522.0,392.0,897.0,625.0,811.0,549.0
5,W2023,1,high,12,10,5,371.0,473.0,621.0,527.0,842.0,371.0,729.0,642.0,327.0,733.0,686.0
5,W2023,1,high,13,10,10,246.0,701.0,776.0,533.0,467.0,665.0,504.0,567.0,505.0,590.0,246.0
5,W2023,1,high,14,10,4,346.0,899.0,792.0,696.0,346.0,800.0,774.0,483.0,235.0,748.0,590.0
5,W2023,1,high,15,10,10,600.0,399.0,683.0,493.0,448.0,756.0,483.0,659.0,505.0,618.0,600.0
5,W2023,1,high,16,10,2,345.0,999.0,345.0,472.0,554.0,696.0,379.0,815.0,509.0,328.0,677.0
5,W2023,1,high,17,10,2,303.0,379.0,303.0,683.0,253.0,934.0,357.0,313.0,554.0,944.0,259.0
5,W2023,1,high,18,10,7,284.0,531.0,453.0,360.0,552.0,755.0,560.0,284.0,528.0,290.0,536.0
5,W2023,1,high,19,10,1,190.0,190.0,716.0,309.0,734.0,518.0,614.0,635.0,380.0,667.0,390.0
5,W2023,1,high,20,10,1,284.0,284.0,521.0,587.0,44.0,723.0,387.0,490.0,626.0,432.0,624.0
190,W2023,1,high,1,10,2,323.0,510.0,323.0,456.0,539.0,590.0,968.0,422.0,636.0,524.0,685.0
190,W2023,1,high,2,10,5,286.0,586.0,370.0,712.0,376.0,286.0,658.0,587.0,500.0,534.0,409.0
190,W2023,1,high,3,10,4,306.0,811.0,335.0,510.0,306.0,220.0,825.0,902.0,820.0,838.0,558.0
190,W2023,1,high,4,10,2,342.0,660.0,342.0,16.0,592.0,382.0,529.0,571.0,597.0,693.0,457.0
190,W2023,1,high,5,10,8,135.0,556.0,972.0,887.0,621.0,616.0,590.0,477.0,135.0,585.0,695.0
190,W2023,1,high,6,10,10,740.0,861.0,570.0,860.0,768.0,530.0,415.0,507.0,656.0,510.0,740.0
190,W2023,1,high,7,10,9,487.0,610.0,503.0,711.0,641.0,539.0,615.0,780.0,798.0,487.0,354.0
190,W2023,1,high,8,10,2,232.0,999.0,232.0,392.0,682.0,601.0,761.0,534.0,768.0,234.0,427.0
190,W2023,1,high,9,10,6,365.0,994.0,482.0,898.0,735.0,846.0,365.0,414.0,533.0,498.0,307.0
190,W2023,1,high,10,10,2,362.0,416.0,362.0,482.0,731.0,338.0,891.0,603.0,510.0,587.0,297.0
190,W2023,1,high,11,10,3,1.0,999.0,502.0,1.0,695.0,522.0,392.0,897.0,625.0,811.0,549.0
190,W2023,1,high,12,10,5,371.0,473.0,621.0,527.0,842.0,371.0,729.0,642.0,327.0,733.0,686.0
190,W2023,1,high,13,10,10,246.0,701.0,776.0,533.0,467.0,665.0,504.0,567.0,505.0,590.0,246.0
190,W2023,1,high,14,10,8,235.0,899.0,792.0,696.0,346.0,800.0,774.0,483.0,235.0,748.0,590.0
190,W2023,1,high,15,10,10,600.0,399.0,683.0,493.0,448.0,756.0,483.0,659.0,505.0,618.0,600.0
190,W2023,1,high,16,10,2,345.0,999.0,345.0,472.0,554.0,696.0,379.0,815.0,509.0,328.0,677.0
190,W2023,1,high,17,10,2,303.0,379.0,303.0,683.0,253.0,934.0,357.0,313.0,554.0,944.0,259.0
190,W2023,1,high,18,10,7,284.0,531.0,453.0,360.0,552.0,755.0,560.0,284.0,528.0,290.0,536.0
190,W2023,1,high,19,10,1,190.0,190.0,716.0,309.0,734.0,518.0,614.0,635.0,380.0,667.0,390.0
190,W2023,1,high,20,10,1,284.0,284.0,521.0,587.0,44.0,723.0,387.0,490.0,626.0,432.0,624.0
242,W2023,1,high,1,10,2,323.0,510.0,323.0,456.0,539.0,590.0,968.0,422.0,636.0,524.0,685.0
242,W2023,1,high,2,10,2,370.0,586.0,370.0,712.0,376.0,286.0,658.0,587.0,500.0,534.0,409.0
242,W2023,1,high,3,10,2,335.0,811.0,335.0,510.0,306.0,220.0,825.0,902.0,820.0,838.0,558.0
242,W2023,1,high,4,10,2,342.0,660.0,342.0,16.0,592.0,382.0,529.0,571.0,597.0,693.0,457.0
242,W2023,1,high,5,10,8,135.0,556.0,972.0,887.0,621.0,616.0,590.0,477.0,135.0,585.0,695.0
242,W2023,1,high,6,10,6,415.0,861.0,570.0,860.0,768.0,530.0,415.0,507.0,656.0,510.0,740.0
242,W2023,1,high,7,10,9,487.0,610.0,503.0,711.0,641.0,539.0,615.0,780.0,798.0,487.0,354.0
242,W2023,1,high,8,10,2,232.0,999.0,232.0,392.0,682.0,601.0,761.0,534.0,768.0,234.0,427.0
242,W2023,1,high,9,10,2,482.0,994.0,482.0,898.0,735.0,846.0,365.0,414.0,533.0,498.0,307.0
242,W2023,1,high,10,10,1,416.0,416.0,362.0,482.0,731.0,338.0,891.0,603.0,510.0,587.0,297.0
242,W2023,1,high,11,10,3,1.0,999.0,502.0,1.0,695.0,522.0,392.0,897.0,625.0,811.0,549.0
242,W2023,1,high,12,10,5,371.0,473.0,621.0,527.0,842.0,371.0,729.0,642.0,327.0,733.0,686.0
242,W2023,1,high,13,10,4,467.0,701.0,776.0,533.0,467.0,665.0,504.0,567.0,505.0,590.0,246.0
242,W2023,1,high,14,10,4,346.0,899.0,792.0,696.0,346.0,800.0,774.0,483.0,235.0,748.0,590.0
242,W2023,1,high,15,10,1,399.0,399.0,683.0,493.0,448.0,756.0,483.0,659.0,505.0,618.0,600.0
242,W2023,1,high,16,10,2,345.0,999.0,345.0,472.0,554.0,696.0,379.0,815.0,509.0,328.0,677.0
242,W2023,1,high,17,10,1,379.0,379.0,303.0,683.0,253.0,934.0,357.0,313.0,554.0,944.0,259.0
242,W2023,1,high,18,10,3,360.0,531.0,453.0,360.0,552.0,755.0,560.0,284.0,528.0,290.0,536.0
242,W2023,1,high,19,10,1,190.0,190.0,716.0,309.0,734.0,518.0,614.0,635.0,380.0,667.0,390.0
242,W2023,1,high,20,10,1,284.0,284.0,521.0,587.0,44.0,723.0,387.0,490.0,626.0,432.0,624.0
459,W2023,1,high,1,10,2,323.0,510.0,323.0,456.0,539.0,590.0,968.0,422.0,636.0,524.0,685.0
459,W2023,1,high,2,10,2,370.0,586.0,370.0,712.0,376.0,286.0,658.0,587.0,500.0,534.0,409.0
459,W2023,1,high,3,10,2,335.0,811.0,335.0,510.0,306.0,220.0,825.0,902.0,820.0,838.0,558.0
459,W2023,1,high,4,10,2,342.0,660.0,342.0,16.0,592.0,382.0,529.0,571.0,597.0,693.0,457.0
459,W2023,1,high,5,10,7,477.0,556.0,972.0,887.0,621.0,616.0,590.0,477.0,135.0,585.0,695.0
459,W2023,1,high,6,10,5,530.0,861.0,570.0,860.0,768.0,530.0,415.0,507.0,656.0,510.0,740.0
459,W2023,1,high,7,10,9,487.0,610.0,503.0,711.0,641.0,539.0,615.0,780.0,798.0,487.0,354.0
459,W2023,1,high,8,10,2,232.0,999.0,232.0,392.0,682.0,601.0,761.0,534.0,768.0,234.0,427.0
459,W2023,1,high,9,10,2,482.0,994.0,482.0,898.0,735.0,846.0,365.0,414.0,533.0,498.0,307.0
459,W2023,1,high,10,10,1,416.0,416.0,362.0,482.0,731.0,338.0,891.0,603.0,510.0,587.0,297.0
459,W2023,1,high,11,10,2,502.0,999.0,502.0,1.0,695.0,522.0,392.0,897.0,625.0,811.0,549.0
459,W2023,1,high,12,10,1,473.0,473.0,621.0,527.0,842.0,371.0,729.0,642.0,327.0,733.0,686.0
459,W2023,1,high,13,10,3,533.0,701.0,776.0,533.0,467.0,665.0,504.0,567.0,505.0,590.0,246.0
459,W2023,1,high,14,10,3,696.0,899.0,792.0,696.0,346.0,800.0,774.0,483.0,235.0,748.0,590.0
459,W2023,1,high,15,10,1,399.0,399.0,683.0,493.0,448.0,756.0,483.0,659.0,505.0,618.0,600.0
459,W2023,1,high,16,10,6,379.0,999.0,345.0,472.0,554.0,696.0,379.0,815.0,509.0,328.0,677.0
459,W2023,1,high,17,10,1,379.0,379.0,303.0,683.0,253.0,934.0,357.0,313.0,554.0,944.0,259.0
459,W2023,1,high,18,10,1,531.0,531.0,453.0,360.0,552.0,755.0,560.0,284.0,528.0,290.0,536.0
459,W2023,1,high,19,10,1,190.0,190.0,716.0,309.0,734.0,518.0,614.0,635.0,380.0,667.0,390.0
459,W2023,1,high,20,10,1,284.0,284.0,521.0,587.0,44.0,723.0,387.0,490.0,626.0,432.0,624.0
43,W2023,1,high,1,10,2,323.0,510.0,323.0,456.0,539.0,590.0,968.0,422.0,636.0,524.0,685.0
43,W2023,1,high,2,10,2,370.0,586.0,370.0,712.0,376.0,286.0,658.0,587.0,500.0,534.0,409.0
43,W2023,1,high,3,10,2,335.0,811.0,335.0,510.0,306.0,220.0,825.0,902.0,820.0,838.0,558.0
43,W2023,1,high,4,10,2,342.0,660.0,342.0,16.0,592.0,382.0,529.0,571.0,597.0,693.0,457.0
43,W2023,1,high,5,10,7,477.0,556.0,972.0,887.0,621.0,616.0,590.0,477.0,135.0,585.0,695.0
43,W2023,1,high,6,10,2,570.0,861.0,570.0,860.0,768.0,530.0,415.0,507.0,656.0,510.0,740.0
43,W2023,1,high,7,10,9,487.0,610.0,503.0,711.0,641.0,539.0,615.0,780.0,798.0,487.0,354.0
43,W2023,1,high,8,10,2,232.0,999.0,232.0,392.0,682.0,601.0,761.0,534.0,768.0,234.0,427.0
43,W2023,1,high,9,10,6,365.0,994.0,482.0,898.0,735.0,846.0,365.0,414.0,533.0,498.0,307.0
43,W2023,1,high,10,10,2,362.0,416.0,362.0,482.0,731.0,338.0,891.0,603.0,510.0,587.0,297.0
43,W2023,1,high,11,10,3,1.0,999.0,502.0,1.0,695.0,522.0,392.0,897.0,625.0,811.0,549.0
43,W2023,1,high,12,10,5,371.0,473.0,621.0,527.0,842.0,371.0,729.0,642.0,327.0,733.0,686.0
43,W2023,1,high,13,10,10,246.0,701.0,776.0,533.0,467.0,665.0,504.0,567.0,505.0,590.0,246.0
43,W2023,1,high,14,10,4,346.0,899.0,792.0,696.0,346.0,800.0,774.0,483.0,235.0,748.0,590.0
43,W2023,1,high,15,10,1,399.0,399.0,683.0,493.0,448.0,756.0,483.0,659.0,505.0,618.0,600.0
43,W2023,1,high,16,10,2,345.0,999.0,345.0,472.0,554.0,696.0,379.0,815.0,509.0,328.0,677.0
43,W2023,1,high,17,10,1,379.0,379.0,303.0,683.0,253.0,934.0,357.0,313.0,554.0,944.0,259.0
43,W2023,1,high,18,10,3,360.0,531.0,453.0,360.0,552.0,755.0,560.0,284.0,528.0,290.0,536.0
43,W2023,1,high,19,10,1,190.0,190.0,716.0,309.0,734.0,518.0,614.0,635.0,380.0,667.0,390.0
43,W2023,1,high,20,10,1,284.0,284.0,521.0,587.0,44.0,723.0,387.0,490.0,626.0,432.0,624.0
301,W2023,1,high,1,10,2,323.0,510.0,323.0,456.0,539.0,590.0,968.0,422.0,636.0,524.0,685.0
301,W2023,1,high,2,10,5,286.0,586.0,370.0,712.0,376.0,286.0,658.0,587.0,500.0,534.0,409.0
301,W2023,1,high,3,10,2,335.0,811.0,335.0,510.0,306.0,220.0,825.0,902.0,820.0,838.0,558.0
301,W2023,1,high,4,10,2,342.0,660.0,342.0,16.0,592.0,382.0,529.0,571.0,597.0,693.0,457.0
301,W2023,1,high,5,10,8,135.0,556.0,972.0,887.0,621.0,616.0,590.0,477.0,135.0,585.0,695.0
301,W2023,1,high,6,10,6,415.0,861.0,570.0,860.0,768.0,530.0,415.0,507.0,656.0,510.0,740.0
301,W2023,1,high,7,10,9,487.0,610.0,503.0,711.0,641.0,539.0,615.0,780.0,798.0,487.0,354.0
301,W2023,1,high,8,10,2,232.0,999.0,232.0,392.0,682.0,601.0,761.0,534.0,768.0,234.0,427.0
301,W2023,1,high,9,10,6,365.0,994.0,482.0,898.0,735.0,846.0,365.0,414.0,533.0,498.0,307.0
301,W2023,1,high,10,10,10,297.0,416.0,362.0,482.0,731.0,338.0,891.0,603.0,510.0,587.0,297.0
301,W2023,1,high,11,10,3,1.0,999.0,502.0,1.0,695.0,522.0,392.0,897.0,625.0,811.0,549.0
301,W2023,1,high,12,10,5,371.0,473.0,621.0,527.0,842.0,371.0,729.0,642.0,327.0,733.0,686.0
301,W2023,1,high,13,10,10,246.0,701.0,776.0,533.0,467.0,665.0,504.0,567.0,505.0,590.0,246.0
301,W2023,1,high,14,10,4,346.0,899.0,792.0,696.0,346.0,800.0,774.0,483.0,235.0,748.0,590.0
301,W2023,1,high,15,10,10,600.0,399.0,683.0,493.0,448.0,756.0,483.0,659.0,505.0,618.0,600.0
301,W2023,1,high,16,10,6,379.0,999.0,345.0,472.0,554.0,696.0,379.0,815.0,509.0,328.0,677.0
301,W2023,1,high,17,10,2,303.0,379.0,303.0,683.0,253.0,934.0,357.0,313.0,554.0,944.0,259.0
301,W2023,1,high,18,10,3,360.0,531.0,453.0,360.0,552.0,755.0,560.0,284.0,528.0,290.0,536.0
301,W2023,1,high,19,10,1,190.0,190.0,716.0,309.0,734.0,518.0,614.0,635.0,380.0,667.0,390.0
301,W2023,1,high,20,10,1,284.0,284.0,521.0,587.0,44.0,723.0,387.0,490.0,626.0,432.0,624.0
272,W2023,1,high,1,10,2,323.0,510.0,323.0,456.0,539.0,590.0,968.0,422.0,636.0,524.0,685.0
272,W2023,1,high,2,10,2,370.0,586.0,370.0,712.0,376.0,286.0,658.0,587.0,500.0,534.0,409.0
272,W2023,1,high,3,10,2,335.0,811.0,335.0,510.0,306.0,220.0,825.0,902.0,820.0,838.0,558.0
272,W2023,1,high,4,10,2,342.0,660.0,342.0,16.0,592.0,382.0,529.0,571.0,597.0,693.0,457.0
272,W2023,1,high,5,10,8,135.0,556.0,972.0,887.0,621.0,616.0,590.0,477.0,135.0,585.0,695.0
272,W2023,1,high,6,10,10,740.0,861.0,570.0,860.0,768.0,530.0,415.0,507.0,656.0,510.0,740.0
272,W2023,1,high,7,10,9,487.0,610.0,503.0,711.0,641.0,539.0,615.0,780.0,798.0,487.0,354.0
272,W2023,1,high,8,10,2,232.0,999.0,232.0,392.0,682.0,601.0,761.0,534.0,768.0,234.0,427.0
272,W2023,1,high,9,10,6,365.0,994.0,482.0,898.0,735.0,846.0,365.0,414.0,533.0,498.0,307.0
272,W2023,1,high,10,10,2,362.0,416.0,362.0,482.0,731.0,338.0,891.0,603.0,510.0,587.0,297.0
272,W2023,1,high,11,10,3,1.0,999.0,502.0,1.0,695.0,522.0,392.0,897.0,625.0,811.0,549.0
272,W2023,1,high,12,10,5,371.0,473.0,621.0,527.0,842.0,371.0,729.0,642.0,327.0,733.0,686.0
272,W2023,1,high,13,10,8,505.0,701.0,776.0,533.0,467.0,665.0,504.0,567.0,505.0,590.0,246.0
272,W2023,1,high,14,10,4,346.0,899.0,792.0,696.0,346.0,800.0,774.0,483.0,235.0,748.0,590.0
272,W2023,1,high,15,10,10,600.0,399.0,683.0,493.0,448.0,756.0,483.0,659.0,505.0,618.0,600.0
272,W2023,1,high,16,10,2,345.0,999.0,345.0,472.0,554.0,696.0,379.0,815.0,509.0,328.0,677.0
272,W2023,1,high,17,10,1,379.0,379.0,303.0,683.0,253.0,934.0,357.0,313.0,554.0,944.0,259.0
272,W2023,1,high,18,10,3,360.0,531.0,453.0,360.0,552.0,755.0,560.0,284.0,528.0,290.0,536.0
272,W2023,1,high,19,10,1,190.0,190.0,716.0,309.0,734.0,518.0,614.0,635.0,380.0,667.0,390.0
272,W2023,1,high,20,10,1,284.0,284.0,521.0,587.0,44.0,723.0,387.0,490.0,626.0,432.0,624.0
525,W2023,1,high,1,10,2,323.0,510.0,323.0,456.0,539.0,590.0,968.0,422.0,636.0,524.0,685.0
525,W2023,1,high,2,10,4,376.0,586.0,370.0,712.0,376.0,286.0,658.0,587.0,500.0,534.0,409.0
525,W2023,1,high,3,10,2,335.0,811.0,335.0,510.0,306.0,220.0,825.0,902.0,820.0,838.0,558.0
525,W2023,1,high,4,10,2,342.0,660.0,342.0,16.0,592.0,382.0,529.0,571.0,597.0,693.0,457.0
525,W2023,1,high,5,10,7,477.0,556.0,972.0,887.0,621.0,616.0,590.0,477.0,135.0,585.0,695.0
525,W2023,1,high,6,10,10,740.0,861.0,570.0,860.0,768.0,530.0,415.0,507.0,656.0,510.0,740.0
525,W2023,1,high,7,10,9,487.0,610.0,503.0,711.0,641.0,539.0,615.0,780.0,798.0,487.0,354.0
525,W2023,1,high,8,10,2,232.0,999.0,232.0,392.0,682.0,601.0,761.0,534.0,768.0,234.0,427.0
525,W2023,1,high,9,10,6,365.0,994.0,482.0,898.0,735.0,846.0,365.0,414.0,533.0,498.0,307.0
525,W2023,1,high,10,10,5,338.0,416.0,362.0,482.0,731.0,338.0,891.0,603.0,510.0,587.0,297.0
525,W2023,1,high,11,10,3,1.0,999.0,502.0,1.0,695.0,522.0,392.0,897.0,625.0,811.0,549.0
525,W2023,1,high,12,10,8,327.0,473.0,621.0,527.0,842.0,371.0,729.0,642.0,327.0,733.0,686.0
525,W2023,1,high,13,10,10,246.0,701.0,776.0,533.0,467.0,665.0,504.0,567.0,505.0,590.0,246.0
525,W2023,1,high,14,10,4,346.0,899.0,792.0,696.0,346.0,800.0,774.0,483.0,235.0,748.0,590.0
525,W2023,1,high,15,10,8,505.0,399.0,683.0,493.0,448.0,756.0,483.0,659.0,505.0,618.0,600.0
525,W2023,1,high,16,10,2,345.0,999.0,345.0,472.0,554.0,696.0,379.0,815.0,509.0,328.0,677.0
525,W2023,1,high,17,10,2,303.0,379.0,303.0,683.0,253.0,934.0,357.0,313.0,554.0,944.0,259.0
525,W2023,1,high,18,10,3,360.0,531.0,453.0,360.0,552.0,755.0,560.0,284.0,528.0,290.0,536.0
525,W2023,1,high,19,10,1,190.0,190.0,716.0,309.0,734.0,518.0,614.0,635.0,380.0,667.0,390.0
525,W2023,1,high,20,10,1,284.0,284.0,521.0,587.0,44.0,723.0,387.0,490.0,626.0,432.0,624.0
74,W2023,1,high,1,10,2,323.0,510.0,323.0,456.0,539.0,590.0,968.0,422.0,636.0,524.0,685.0
74,W2023,1,high,2,10,2,370.0,586.0,370.0,712.0,376.0,286.0,658.0,587.0,500.0,534.0,409.0
74,W2023,1,high,3,10,2,335.0,811.0,335.0,510.0,306.0,220.0,825.0,902.0,820.0,838.0,558.0
74,W2023,1,high,4,10,1,660.0,660.0,342.0,16.0,592.0,382.0,529.0,571.0,597.0,693.0,457.0
74,W2023,1,high,5,10,7,477.0,556.0,972.0,887.0,621.0,616.0,590.0,477.0,135.0,585.0,695.0
74,W2023,1,high,6,10,5,530.0,861.0,570.0,860.0,768.0,530.0,415.0,507.0,656.0,510.0,740.0
74,W2023,1,high,7,10,2,503.0,610.0,503.0,711.0,641.0,539.0,615.0,780.0,798.0,487.0,354.0
74,W2023,1,high,8,10,2,232.0,999.0,232.0,392.0,682.0,601.0,761.0,534.0,768.0,234.0,427.0
74,W2023,1,high,9,10,6,365.0,994.0,482.0,898.0,735.0,846.0,365.0,414.0,533.0,498.0,307.0
74,W2023,1,high,10,10,1,416.0,416.0,362.0,482.0,731.0,338.0,891.0,603.0,510.0,587.0,297.0
74,W2023,1,high,11,10,3,1.0,999.0,502.0,1.0,695.0,522.0,392.0,897.0,625.0,811.0,549.0
74,W2023,1,high,12,10,1,473.0,473.0,621.0,527.0,842.0,371.0,729.0,642.0,327.0,733.0,686.0
74,W2023,1,high,13,10,3,533.0,701.0,776.0,533.0,467.0,665.0,504.0,567.0,505.0,590.0,246.0
74,W2023,1,high,14,10,2,792.0,899.0,792.0,696.0,346.0,800.0,774.0,483.0,235.0,748.0,590.0
74,W2023,1,high,15,10,1,399.0,399.0,683.0,493.0,448.0,756.0,483.0,659.0,505.0,618.0,600.0
74,W2023,1,high,16,10,2,345.0,999.0,345.0,472.0,554.0,696.0,379.0,815.0,509.0,328.0,677.0
74,W2023,1,high,17,10,1,379.0,379.0,303.0,683.0,253.0,934.0,357.0,313.0,554.0,944.0,259.0
74,W2023,1,high,18,10,1,531.0,531.0,453.0,360.0,552.0,755.0,560.0,284.0,528.0,290.0,536.0
74,W2023,1,high,19,10,1,190.0,190.0,716.0,309.0,734.0,518.0,614.0,635.0,380.0,667.0,390.0
74,W2023,1,high,20,10,1,284.0,284.0,521.0,587.0,44.0,723.0,387.0,490.0,626.0,432.0,624.0
255,W2023,1,high,1,10,7,422.0,510.0,323.0,456.0,539.0,590.0,968.0,422.0,636.0,524.0,685.0
255,W2023,1,high,2,10,2,370.0,586.0,370.0,712.0,376.0,286.0,658.0,587.0,500.0,534.0,409.0
255,W2023,1,high,3,10,2,335.0,811.0,335.0,510.0,306.0,220.0,825.0,902.0,820.0,838.0,558.0
255,W2023,1,high,4,10,2,342.0,660.0,342.0,16.0,592.0,382.0,529.0,571.0,597.0,693.0,457.0
255,W2023,1,high,5,10,7,477.0,556.0,972.0,887.0,621.0,616.0,590.0,477.0,135.0,585.0,695.0
255,W2023,1,high,6,10,2,570.0,861.0,570.0,860.0,768.0,530.0,415.0,507.0,656.0,510.0,740.0
255,W2023,1,high,7,10,9,487.0,610.0,503.0,711.0,641.0,539.0,615.0,780.0,798.0,487.0,354.0
255,W2023,1,high,8,10,2,232.0,999.0,232.0,392.0,682.0,601.0,761.0,534.0,768.0,234.0,427.0
255,W2023,1,high,9,10,6,365.0,994.0,482.0,898.0,735.0,846.0,365.0,414.0,533.0,498.0,307.0
255,W2023,1,high,10,10,1,416.0,416.0,362.0,482.0,731.0,338.0,891.0,603.0,510.0,587.0,297.0
255,W2023,1,high,11,10,3,1.0,999.0,502.0,1.0,695.0,522.0,392.0,897.0,625.0,811.0,549.0
255,W2023,1,high,12,10,1,473.0,473.0,621.0,527.0,842.0,371.0,729.0,642.0,327.0,733.0,686.0
255,W2023,1,high,13,10,8,505.0,701.0,776.0,533.0,467.0,665.0,504.0,567.0,505.0,590.0,246.0
255,W2023,1,high,14,10,4,346.0,899.0,792.0,696.0,346.0,800.0,774.0,483.0,235.0,748.0,590.0
255,W2023,1,high,15,10,1,399.0,399.0,683.0,493.0,448.0,756.0,483.0,659.0,505.0,618.0,600.0
255,W2023,1,high,16,10,2,345.0,999.0,345.0,472.0,554.0,696.0,379.0,815.0,509.0,328.0,677.0
255,W2023,1,high,17,10,1,379.0,379.0,303.0,683.0,253.0,934.0,357.0,313.0,554.0,944.0,259.0
255,W2023,1,high,18,10,2,453.0,531.0,453.0,360.0,552.0,755.0,560.0,284.0,528.0,290.0,536.0
255,W2023,1,high,19,10,1,190.0,190.0,716.0,309.0,734.0,518.0,614.0,635.0,380.0,667.0,390.0
255,W2023,1,high,20,10,1,284.0,284.0,521.0,587.0,44.0,723.0,387.0,490.0,626.0,432.0,624.0
508,W2023,1,high,1,10,2,323.0,510.0,323.0,456.0,539.0,590.0,968.0,422.0,636.0,524.0,685.0
508,W2023,1,high,2,10,5,286.0,586.0,370.0,712.0,376.0,286.0,658.0,587.0,500.0,534.0,409.0
508,W2023,1,high,3,10,2,335.0,811.0,335.0,510.0,306.0,220.0,825.0,902.0,820.0,838.0,558.0
508,W2023,1,high,4,10,2,342.0,660.0,342.0,16.0,592.0,382.0,529.0,571.0,597.0,693.0,457.0
508,W2023,1,high,5,10,7,477.0,556.0,972.0,887.0,621.0,616.0,590.0,477.0,135.0,585.0,695.0
508,W2023,1,high,6,10,6,415.0,861.0,570.0,860.0,768.0,530.0,415.0,507.0,656.0,510.0,740.0
508,W2023,1,high,7,10,2,503.0,610.0,503.0,711.0,641.0,539.0,615.0,780.0,798.0,487.0,354.0
508,W2023,1,high,8,10,2,232.0,999.0,232.0,392.0,682.0,601.0,761.0,534.0,768.0,234.0,427.0
508,W2023,1,high,9,10,6,365.0,994.0,482.0,898.0,735.0,846.0,365.0,414.0,533.0,498.0,307.0
508,W2023,1,high,10,10,2,362.0,416.0,362.0,482.0,731.0,338.0,891.0,603.0,510.0,587.0,297.0
508,W2023,1,high,11,10,3,1.0,999.0,502.0,1.0,695.0,522.0,392.0,897.0,625.0,811.0,549.0
508,W2023,1,high,12,10,5,371.0,473.0,621.0,527.0,842.0,371.0,729.0,642.0,327.0,733.0,686.0
508,W2023,1,high,13,10,10,246.0,701.0,776.0,533.0,467.0,665.0,504.0,567.0,505.0,590.0,246.0
508,W2023,1,high,14,10,4,346.0,899.0,792.0,696.0,346.0,800.0,774.0,483.0,235.0,748.0,590.0
508,W2023,1,high,15,10,1,399.0,399.0,683.0,493.0,448.0,756.0,483.0,659.0,505.0,618.0,600.0
508,W2023,1,high,16,10,2,345.0,999.0,345.0,472.0,554.0,696.0,379.0,815.0,509.0,328.0,677.0
508,W2023,1,high,17,10,1,379.0,379.0,303.0,683.0,253.0,934.0,357.0,313.0,554.0,944.0,259.0
508,W2023,1,high,18,10,2,453.0,531.0,453.0,360.0,552.0,755.0,560.0,284.0,528.0,290.0,536.0
508,W2023,1,high,19,10,1,190.0,190.0,716.0,309.0,734.0,518.0,614.0,635.0,380.0,667.0,390.0
508,W2023,1,high,20,10,1,284.0,284.0,521.0,587.0,44.0,723.0,387.0,490.0,626.0,432.0,624.0
483,W2023,1,high,1,10,2,323.0,510.0,323.0,456.0,539.0,590.0,968.0,422.0,636.0,524.0,685.0
483,W2023,1,high,2,10,2,370.0,586.0,370.0,712.0,376.0,286.0,658.0,587.0,500.0,534.0,409.0
483,W2023,1,high,3,10,2,335.0,811.0,335.0,510.0,306.0,220.0,825.0,902.0,820.0,838.0,558.0
483,W2023,1,high,4,10,1,660.0,660.0,342.0,16.0,592.0,382.0,529.0,571.0,597.0,693.0,457.0
483,W2023,1,high,5,10,1,556.0,556.0,972.0,887.0,621.0,616.0,590.0,477.0,135.0,585.0,695.0
483,W2023,1,high,6,10,5,530.0,861.0,570.0,860.0,768.0,530.0,415.0,507.0,656.0,510.0,740.0
483,W2023,1,high,7,10,2,503.0,610.0,503.0,711.0,641.0,539.0,615.0,780.0,798.0,487.0,354.0
483,W2023,1,high,8,10,2,232.0,999.0,232.0,392.0,682.0,601.0,761.0,534.0,768.0,234.0,427.0
483,W2023,1,high,9,10,6,365.0,994.0,482.0,898.0,735.0,846.0,365.0,414.0,533.0,498.0,307.0
483,W2023,1,high,10,10,1,416.0,416.0,362.0,482.0,731.0,338.0,891.0,603.0,510.0,587.0,297.0
483,W2023,1,high,11,10,2,502.0,999.0,502.0,1.0,695.0,522.0,392.0,897.0,625.0,811.0,549.0
483,W2023,1,high,12,10,1,473.0,473.0,621.0,527.0,842.0,371.0,729.0,642.0,327.0,733.0,686.0
483,W2023,1,high,13,10,8,505.0,701.0,776.0,533.0,467.0,665.0,504.0,567.0,505.0,590.0,246.0
483,W2023,1,high,14,10,4,346.0,899.0,792.0,696.0,346.0,800.0,774.0,483.0,235.0,748.0,590.0
483,W2023,1,high,15,10,1,399.0,399.0,683.0,493.0,448.0,756.0,483.0,659.0,505.0,618.0,600.0
483,W2023,1,high,16,10,2,345.0,999.0,345.0,472.0,554.0,696.0,379.0,815.0,509.0,328.0,677.0
483,W2023,1,high,17,10,1,379.0,379.0,303.0,683.0,253.0,934.0,357.0,313.0,554.0,944.0,259.0
483,W2023,1,high,18,10,3,360.0,531.0,453.0,360.0,552.0,755.0,560.0,284.0,528.0,290.0,536.0
483,W2023,1,high,19,10,1,190.0,190.0,716.0,309.0,734.0,518.0,614.0,635.0,380.0,667.0,390.0
483,W2023,1,high,20,10,1,284.0,284.0,521.0,587.0,44.0,723.0,387.0,490.0,626.0,432.0,624.0
531,W2023,1,high,1,10,2,323.0,510.0,323.0,456.0,539.0,590.0,968.0,422.0,636.0,524.0,685.0
531,W2023,1,high,2,10,2,370.0,586.0,370.0,712.0,376.0,286.0,658.0,587.0,500.0,534.0,409.0
531,W2023,1,high,3,10,2,335.0,811.0,335.0,510.0,306.0,220.0,825.0,902.0,820.0,838.0,558.0
531,W2023,1,high,4,10,2,342.0,660.0,342.0,16.0,592.0,382.0,529.0,571.0,597.0,693.0,457.0
531,W2023,1,high,5,10,7,477.0,556.0,972.0,887.0,621.0,616.0,590.0,477.0,135.0,585.0,695.0
531,W2023,1,high,6,10,6,415.0,861.0,570.0,860.0,768.0,530.0,415.0,507.0,656.0,510.0,740.0
531,W2023,1,high,7,10,9,487.0,610.0,503.0,711.0,641.0,539.0,615.0,780.0,798.0,487.0,354.0
531,W2023,1,high,8,10,2,232.0,999.0,232.0,392.0,682.0,601.0,761.0,534.0,768.0,234.0,427.0
531,W2023,1,high,9,10,6,365.0,994.0,482.0,898.0,735.0,846.0,365.0,414.0,533.0,498.0,307.0
531,W2023,1,high,10,10,1,416.0,416.0,362.0,482.0,731.0,338.0,891.0,603.0,510.0,587.0,297.0
531,W2023,1,high,11,10,3,1.0,999.0,502.0,1.0,695.0,522.0,392.0,897.0,625.0,811.0,549.0
531,W2023,1,high,12,10,1,473.0,473.0,621.0,527.0,842.0,371.0,729.0,642.0,327.0,733.0,686.0
531,W2023,1,high,13,10,4,467.0,701.0,776.0,533.0,467.0,665.0,504.0,567.0,505.0,590.0,246.0
531,W2023,1,high,14,10,4,346.0,899.0,792.0,696.0,346.0,800.0,774.0,483.0,235.0,748.0,590.0
531,W2023,1,high,15,10,1,399.0,399.0,683.0,493.0,448.0,756.0,483.0,659.0,505.0,618.0,600.0
531,W2023,1,high,16,10,2,345.0,999.0,345.0,472.0,554.0,696.0,379.0,815.0,509.0,328.0,677.0
531,W2023,1,high,17,10,1,379.0,379.0,303.0,683.0,253.0,934.0,357.0,313.0,554.0,944.0,259.0
531,W2023,1,high,18,10,2,453.0,531.0,453.0,360.0,552.0,755.0,560.0,284.0,528.0,290.0,536.0
531,W2023,1,high,19,10,1,190.0,190.0,716.0,309.0,734.0,518.0,614.0,635.0,380.0,667.0,390.0
531,W2023,1,high,20,10,1,284.0,284.0,521.0,587.0,44.0,723.0,387.0,490.0,626.0,432.0,624.0
524,W2023,1,high,1,10,10,685.0,510.0,323.0,456.0,539.0,590.0,968.0,422.0,636.0,524.0,685.0
524,W2023,1,high,2,10,5,286.0,586.0,370.0,712.0,376.0,286.0,658.0,587.0,500.0,534.0,409.0
524,W2023,1,high,3,10,4,306.0,811.0,335.0,510.0,306.0,220.0,825.0,902.0,820.0,838.0,558.0
524,W2023,1,high,4,10,2,342.0,660.0,342.0,16.0,592.0,382.0,529.0,571.0,597.0,693.0,457.0
524,W2023,1,high,5,10,7,477.0,556.0,972.0,887.0,621.0,616.0,590.0,477.0,135.0,585.0,695.0
524,W2023,1,high,6,10,6,415.0,861.0,570.0,860.0,768.0,530.0,415.0,507.0,656.0,510.0,740.0
524,W2023,1,high,7,10,10,354.0,610.0,503.0,711.0,641.0,539.0,615.0,780.0,798.0,487.0,354.0
524,W2023,1,high,8,10,2,232.0,999.0,232.0,392.0,682.0,601.0,761.0,534.0,768.0,234.0,427.0
524,W2023,1,high,9,10,6,365.0,994.0,482.0,898.0,735.0,846.0,365.0,414.0,533.0,498.0,307.0
524,W2023,1,high,10,10,2,362.0,416.0,362.0,482.0,731.0,338.0,891.0,603.0,510.0,587.0,297.0
524,W2023,1,high,11,10,3,1.0,999.0,502.0,1.0,695.0,522.0,392.0,897.0,625.0,811.0,549.0
524,W2023,1,high,12,10,5,371.0,473.0,621.0,527.0,842.0,371.0,729.0,642.0,327.0,733.0,686.0
524,W2023,1,high,13,10,10,246.0,701.0,776.0,533.0,467.0,665.0,504.0,567.0,505.0,590.0,246.0
524,W2023,1,high,14,10,4,346.0,899.0,792.0,696.0,346.0,800.0,774.0,483.0,235.0,748.0,590.0
524,W2023,1,high,15,10,10,600.0,399.0,683.0,493.0,448.0,756.0,483.0,659.0,505.0,618.0,600.0
524,W2023,1,high,16,10,2,345.0,999.0,345.0,472.0,554.0,696.0,379.0,815.0,509.0,328.0,677.0
524,W2023,1,high,17,10,1,379.0,379.0,303.0,683.0,253.0,934.0,357.0,313.0,554.0,944.0,259.0
524,W2023,1,high,18,10,3,360.0,531.0,453.0,360.0,552.0,755.0,560.0,284.0,528.0,290.0,536.0
524,W2023,1,high,19,10,1,190.0,190.0,716.0,309.0,734.0,518.0,614.0,635.0,380.0,667.0,390.0
524,W2023,1,high,20,10,1,284.0,284.0,521.0,587.0,44.0,723.0,387.0,490.0,626.0,432.0,624.0
549,W2023,1,high,1,10,2,323.0,510.0,323.0,456.0,539.0,590.0,968.0,422.0,636.0,524.0,685.0
549,W2023,1,high,2,10,5,286.0,586.0,370.0,712.0,376.0,286.0,658.0,587.0,500.0,534.0,409.0
549,W2023,1,high,3,10,2,335.0,811.0,335.0,510.0,306.0,220.0,825.0,902.0,820.0,838.0,558.0
549,W2023,1,high,4,10,2,342.0,660.0,342.0,16.0,592.0,382.0,529.0,571.0,597.0,693.0,457.0
549,W2023,1,high,5,10,8,135.0,556.0,972.0,887.0,621.0,616.0,590.0,477.0,135.0,585.0,695.0
549,W2023,1,high,6,10,9,510.0,861.0,570.0,860.0,768.0,530.0,415.0,507.0,656.0,510.0,740.0
549,W2023,1,high,7,10,9,487.0,610.0,503.0,711.0,641.0,539.0,615.0,780.0,798.0,487.0,354.0
549,W2023,1,high,8,10,2,232.0,999.0,232.0,392.0,682.0,601.0,761.0,534.0,768.0,234.0,427.0
549,W2023,1,high,9,10,6,365.0,994.0,482.0,898.0,735.0,846.0,365.0,414.0,533.0,498.0,307.0
549,W2023,1,high,10,10,5,338.0,416.0,362.0,482.0,731.0,338.0,891.0,603.0,510.0,587.0,297.0
549,W2023,1,high,11,10,3,1.0,999.0,502.0,1.0,695.0,522.0,392.0,897.0,625.0,811.0,549.0
549,W2023,1,high,12,10,8,327.0,473.0,621.0,527.0,842.0,371.0,729.0,642.0,327.0,733.0,686.0
549,W2023,1,high,13,10,10,246.0,701.0,776.0,533.0,467.0,665.0,504.0,567.0,505.0,590.0,246.0
549,W2023,1,high,14,10,4,346.0,899.0,792.0,696.0,346.0,800.0,774.0,483.0,235.0,748.0,590.0
549,W2023,1,high,15,10,10,600.0,399.0,683.0,493.0,448.0,756.0,483.0,659.0,505.0,618.0,600.0
549,W2023,1,high,16,10,9,328.0,999.0,345.0,472.0,554.0,696.0,379.0,815.0,509.0,328.0,677.0
549,W2023,1,high,17,10,2,303.0,379.0,303.0,683.0,253.0,934.0,357.0,313.0,554.0,944.0,259.0
549,W2023,1,high,18,10,3,360.0,531.0,453.0,360.0,552.0,755.0,560.0,284.0,528.0,290.0,536.0
549,W2023,1,high,19,10,1,190.0,190.0,716.0,309.0,734.0,518.0,614.0,635.0,380.0,667.0,390.0
549,W2023,1,high,20,10,1,284.0,284.0,521.0,587.0,44.0,723.0,387.0,490.0,626.0,432.0,624.0
367,W2023,1,high,1,10,2,323.0,510.0,323.0,456.0,539.0,590.0,968.0,422.0,636.0,524.0,685.0
367,W2023,1,high,2,10,2,370.0,586.0,370.0,712.0,376.0,286.0,658.0,587.0,500.0,534.0,409.0
367,W2023,1,high,3,10,2,335.0,811.0,335.0,510.0,306.0,220.0,825.0,902.0,820.0,838.0,558.0
367,W2023,1,high,4,10,2,342.0,660.0,342.0,16.0,592.0,382.0,529.0,571.0,597.0,693.0,457.0
367,W2023,1,high,5,10,7,477.0,556.0,972.0,887.0,621.0,616.0,590.0,477.0,135.0,585.0,695.0
367,W2023,1,high,6,10,6,415.0,861.0,570.0,860.0,768.0,530.0,415.0,507.0,656.0,510.0,740.0
367,W2023,1,high,7,10,5,539.0,610.0,503.0,711.0,641.0,539.0,615.0,780.0,798.0,487.0,354.0
367,W2023,1,high,8,10,2,232.0,999.0,232.0,392.0,682.0,601.0,761.0,534.0,768.0,234.0,427.0
367,W2023,1,high,9,10,6,365.0,994.0,482.0,898.0,735.0,846.0,365.0,414.0,533.0,498.0,307.0
367,W2023,1,high,10,10,2,362.0,416.0,362.0,482.0,731.0,338.0,891.0,603.0,510.0,587.0,297.0
367,W2023,1,high,11,10,3,1.0,999.0,502.0,1.0,695.0,522.0,392.0,897.0,625.0,811.0,549.0
367,W2023,1,high,12,10,5,371.0,473.0,621.0,527.0,842.0,371.0,729.0,642.0,327.0,733.0,686.0
367,W2023,1,high,13,10,3,533.0,701.0,776.0,533.0,467.0,665.0,504.0,567.0,505.0,590.0,246.0
367,W2023,1,high,14,10,4,346.0,899.0,792.0,696.0,346.0,800.0,774.0,483.0,235.0,748.0,590.0
367,W2023,1,high,15,10,10,600.0,399.0,683.0,493.0,448.0,756.0,483.0,659.0,505.0,618.0,600.0
367,W2023,1,high,16,10,2,345.0,999.0,345.0,472.0,554.0,696.0,379.0,815.0,509.0,328.0,677.0
367,W2023,1,high,17,10,1,379.0,379.0,303.0,683.0,253.0,934.0,357.0,313.0,554.0,944.0,259.0
367,W2023,1,high,18,10,7,284.0,531.0,453.0,360.0,552.0,755.0,560.0,284.0,528.0,290.0,536.0
367,W2023,1,high,19,10,1,190.0,190.0,716.0,309.0,734.0,518.0,614.0,635.0,380.0,667.0,390.0
367,W2023,1,high,20,10,1,284.0,284.0,521.0,587.0,44.0,723.0,387.0,490.0,626.0,432.0,624.0
199,W2023,1,high,1,10,2,323.0,510.0,323.0,456.0,539.0,590.0,968.0,422.0,636.0,524.0,685.0
199,W2023,1,high,2,10,2,370.0,586.0,370.0,712.0,376.0,286.0,658.0,587.0,500.0,534.0,409.0
199,W2023,1,high,3,10,2,335.0,811.0,335.0,510.0,306.0,220.0,825.0,902.0,820.0,838.0,558.0
199,W2023,1,high,4,10,2,342.0,660.0,342.0,16.0,592.0,382.0,529.0,571.0,597.0,693.0,457.0
199,W2023,1,high,5,10,8,135.0,556.0,972.0,887.0,621.0,616.0,590.0,477.0,135.0,585.0,695.0
199,W2023,1,high,6,10,10,740.0,861.0,570.0,860.0,768.0,530.0,415.0,507.0,656.0,510.0,740.0
199,W2023,1,high,7,10,10,354.0,610.0,503.0,711.0,641.0,539.0,615.0,780.0,798.0,487.0,354.0
199,W2023,1,high,8,10,2,232.0,999.0,232.0,392.0,682.0,601.0,761.0,534.0,768.0,234.0,427.0
199,W2023,1,high,9,10,6,365.0,994.0,482.0,898.0,735.0,846.0,365.0,414.0,533.0,498.0,307.0
199,W2023,1,high,10,10,2,362.0,416.0,362.0,482.0,731.0,338.0,891.0,603.0,510.0,587.0,297.0
199,W2023,1,high,11,10,3,1.0,999.0,502.0,1.0,695.0,522.0,392.0,897.0,625.0,811.0,549.0
199,W2023,1,high,12,10,5,371.0,473.0,621.0,527.0,842.0,371.0,729.0,642.0,327.0,733.0,686.0
199,W2023,1,high,13,10,10,246.0,701.0,776.0,533.0,467.0,665.0,504.0,567.0,505.0,590.0,246.0
199,W2023,1,high,14,10,4,346.0,899.0,792.0,696.0,346.0,800.0,774.0,483.0,235.0,748.0,590.0
199,W2023,1,high,15,10,1,399.0,399.0,683.0,493.0,448.0,756.0,483.0,659.0,505.0,618.0,600.0
199,W2023,1,high,16,10,2,345.0,999.0,345.0,472.0,554.0,696.0,379.0,815.0,509.0,328.0,677.0
199,W2023,1,high,17,10,1,379.0,379.0,303.0,683.0,253.0,934.0,357.0,313.0,554.0,944.0,259.0
199,W2023,1,high,18,10,3,360.0,531.0,453.0,360.0,552.0,755.0,560.0,284.0,528.0,290.0,536.0
199,W2023,1,high,19,10,1,190.0,190.0,716.0,309.0,734.0,518.0,614.0,635.0,380.0,667.0,390.0
199,W2023,1,high,20,10,1,284.0,284.0,521.0,587.0,44.0,723.0,387.0,490.0,626.0,432.0,624.0
419,W2023,1,high,1,10,2,323.0,510.0,323.0,456.0,539.0,590.0,968.0,422.0,636.0,524.0,685.0
419,W2023,1,high,2,10,5,286.0,586.0,370.0,712.0,376.0,286.0,658.0,587.0,500.0,534.0,409.0
419,W2023,1,high,3,10,4,306.0,811.0,335.0,510.0,306.0,220.0,825.0,902.0,820.0,838.0,558.0
419,W2023,1,high,4,10,3,16.0,660.0,342.0,16.0,592.0,382.0,529.0,571.0,597.0,693.0,457.0
419,W2023,1,high,5,10,7,477.0,556.0,972.0,887.0,621.0,616.0,590.0,477.0,135.0,585.0,695.0
419,W2023,1,high,6,10,9,510.0,861.0,570.0,860.0,768.0,530.0,415.0,507.0,656.0,510.0,740.0
419,W2023,1,high,7,10,10,354.0,610.0,503.0,711.0,641.0,539.0,615.0,780.0,798.0,487.0,354.0
419,W2023,1,high,8,10,2,232.0,999.0,232.0,392.0,682.0,601.0,761.0,534.0,768.0,234.0,427.0
419,W2023,1,high,9,10,10,307.0,994.0,482.0,898.0,735.0,846.0,365.0,414.0,533.0,498.0,307.0
419,W2023,1,high,10,10,10,297.0,416.0,362.0,482.0,731.0,338.0,891.0,603.0,510.0,587.0,297.0
419,W2023,1,high,11,10,3,1.0,999.0,502.0,1.0,695.0,522.0,392.0,897.0,625.0,811.0,549.0
419,W2023,1,high,12,10,5,371.0,473.0,621.0,527.0,842.0,371.0,729.0,642.0,327.0,733.0,686.0
419,W2023,1,high,13,10,8,505.0,701.0,776.0,533.0,467.0,665.0,504.0,567.0,505.0,590.0,246.0
419,W2023,1,high,14,10,4,346.0,899.0,792.0,696.0,346.0,800.0,774.0,483.0,235.0,748.0,590.0
419,W2023,1,high,15,10,10,600.0,399.0,683.0,493.0,448.0,756.0,483.0,659.0,505.0,618.0,600.0
419,W2023,1,high,16,10,9,328.0,999.0,345.0,472.0,554.0,696.0,379.0,815.0,509.0,328.0,677.0
419,W2023,1,high,17,10,2,303.0,379.0,303.0,683.0,253.0,934.0,357.0,313.0,554.0,944.0,259.0
419,W2023,1,high,18,10,3,360.0,531.0,453.0,360.0,552.0,755.0,560.0,284.0,528.0,290.0,536.0
419,W2023,1,high,19,10,1,190.0,190.0,716.0,309.0,734.0,518.0,614.0,635.0,380.0,667.0,390.0
419,W2023,1,high,20,10,1,284.0,284.0,521.0,587.0,44.0,723.0,387.0,490.0,626.0,432.0,624.0
543,W2023,1,high,1,10,2,323.0,510.0,323.0,456.0,539.0,590.0,968.0,422.0,636.0,524.0,685.0
543,W2023,1,high,2,10,2,370.0,586.0,370.0,712.0,376.0,286.0,658.0,587.0,500.0,534.0,409.0
543,W2023,1,high,3,10,4,306.0,811.0,335.0,510.0,306.0,220.0,825.0,902.0,820.0,838.0,558.0
543,W2023,1,high,4,10,3,16.0,660.0,342.0,16.0,592.0,382.0,529.0,571.0,597.0,693.0,457.0
543,W2023,1,high,5,10,7,477.0,556.0,972.0,887.0,621.0,616.0,590.0,477.0,135.0,585.0,695.0
543,W2023,1,high,6,10,6,415.0,861.0,570.0,860.0,768.0,530.0,415.0,507.0,656.0,510.0,740.0
543,W2023,1,high,7,10,9,487.0,610.0,503.0,711.0,641.0,539.0,615.0,780.0,798.0,487.0,354.0
543,W2023,1,high,8,10,2,232.0,999.0,232.0,392.0,682.0,601.0,761.0,534.0,768.0,234.0,427.0
543,W2023,1,high,9,10,6,365.0,994.0,482.0,898.0,735.0,846.0,365.0,414.0,533.0,498.0,307.0
543,W2023,1,high,10,10,5,338.0,416.0,362.0,482.0,731.0,338.0,891.0,603.0,510.0,587.0,297.0
543,W2023,1,high,11,10,3,1.0,999.0,502.0,1.0,695.0,522.0,392.0,897.0,625.0,811.0,549.0
543,W2023,1,high,12,10,5,371.0,473.0,621.0,527.0,842.0,371.0,729.0,642.0,327.0,733.0,686.0
543,W2023,1,high,13,10,9,590.0,701.0,776.0,533.0,467.0,665.0,504.0,567.0,505.0,590.0,246.0
543,W2023,1,high,14,10,4,346.0,899.0,792.0,696.0,346.0,800.0,774.0,483.0,235.0,748.0,590.0
543,W2023,1,high,15,10,8,505.0,399.0,683.0,493.0,448.0,756.0,483.0,659.0,505.0,618.0,600.0
543,W2023,1,high,16,10,2,345.0,999.0,345.0,472.0,554.0,696.0,379.0,815.0,509.0,328.0,677.0
543,W2023,1,high,17,10,2,303.0,379.0,303.0,683.0,253.0,934.0,357.0,313.0,554.0,944.0,259.0
543,W2023,1,high,18,10,3,360.0,531.0,453.0,360.0,552.0,755.0,560.0,284.0,528.0,290.0,536.0
543,W2023,1,high,19,10,1,190.0,190.0,716.0,309.0,734.0,518.0,614.0,635.0,380.0,667.0,390.0
543,W2023,1,high,20,10,1,284.0,284.0,521.0,587.0,44.0,723.0,387.0,490.0,626.0,432.0,624.0
517,W2023,1,high,1,10,2,323.0,510.0,323.0,456.0,539.0,590.0,968.0,422.0,636.0,524.0,685.0
517,W2023,1,high,2,10,2,370.0,586.0,370.0,712.0,376.0,286.0,658.0,587.0,500.0,534.0,409.0
517,W2023,1,high,3,10,2,335.0,811.0,335.0,510.0,306.0,220.0,825.0,902.0,820.0,838.0,558.0
517,W2023,1,high,4,10,2,342.0,660.0,342.0,16.0,592.0,382.0,529.0,571.0,597.0,693.0,457.0
517,W2023,1,high,5,10,7,477.0,556.0,972.0,887.0,621.0,616.0,590.0,477.0,135.0,585.0,695.0
517,W2023,1,high,6,10,6,415.0,861.0,570.0,860.0,768.0,530.0,415.0,507.0,656.0,510.0,740.0
517,W2023,1,high,7,10,9,487.0,610.0,503.0,711.0,641.0,539.0,615.0,780.0,798.0,487.0,354.0
517,W2023,1,high,8,10,2,232.0,999.0,232.0,392.0,682.0,601.0,761.0,534.0,768.0,234.0,427.0
517,W2023,1,high,9,10,6,365.0,994.0,482.0,898.0,735.0,846.0,365.0,414.0,533.0,498.0,307.0
517,W2023,1,high,10,10,2,362.0,416.0,362.0,482.0,731.0,338.0,891.0,603.0,510.0,587.0,297.0
517,W2023,1,high,11,10,3,1.0,999.0,502.0,1.0,695.0,522.0,392.0,897.0,625.0,811.0,549.0
517,W2023,1,high,12,10,5,371.0,473.0,621.0,527.0,842.0,371.0,729.0,642.0,327.0,733.0,686.0
517,W2023,1,high,13,10,10,246.0,701.0,776.0,533.0,467.0,665.0,504.0,567.0,505.0,590.0,246.0
517,W2023,1,high,14,10,4,346.0,899.0,792.0,696.0,346.0,800.0,774.0,483.0,235.0,748.0,590.0
517,W2023,1,high,15,10,1,399.0,399.0,683.0,493.0,448.0,756.0,483.0,659.0,505.0,618.0,600.0
517,W2023,1,high,16,10,2,345.0,999.0,345.0,472.0,554.0,696.0,379.0,815.0,509.0,328.0,677.0
517,W2023,1,high,17,10,1,379.0,379.0,303.0,683.0,253.0,934.0,357.0,313.0,554.0,944.0,259.0
517,W2023,1,high,18,10,2,453.0,531.0,453.0,360.0,552.0,755.0,560.0,284.0,528.0,290.0,536.0
517,W2023,1,high,19,10,1,190.0,190.0,716.0,309.0,734.0,518.0,614.0,635.0,380.0,667.0,390.0
517,W2023,1,high,20,10,1,284.0,284.0,521.0,587.0,44.0,723.0,387.0,490.0,626.0,432.0,624.0
117,W2023,1,high,1,10,2,323.0,510.0,323.0,456.0,539.0,590.0,968.0,422.0,636.0,524.0,685.0
117,W2023,1,high,2,10,2,370.0,586.0,370.0,712.0,376.0,286.0,658.0,587.0,500.0,534.0,409.0
117,W2023,1,high,3,10,2,335.0,811.0,335.0,510.0,306.0,220.0,825.0,902.0,820.0,838.0,558.0
117,W2023,1,high,4,10,2,342.0,660.0,342.0,16.0,592.0,382.0,529.0,571.0,597.0,693.0,457.0
117,W2023,1,high,5,10,8,135.0,556.0,972.0,887.0,621.0,616.0,590.0,477.0,135.0,585.0,695.0
117,W2023,1,high,6,10,6,415.0,861.0,570.0,860.0,768.0,530.0,415.0,507.0,656.0,510.0,740.0
117,W2023,1,high,7,10,9,487.0,610.0,503.0,711.0,641.0,539.0,615.0,780.0,798.0,487.0,354.0
117,W2023,1,high,8,10,2,232.0,999.0,232.0,392.0,682.0,601.0,761.0,534.0,768.0,234.0,427.0
117,W2023,1,high,9,10,6,365.0,994.0,482.0,898.0,735.0,846.0,365.0,414.0,533.0,498.0,307.0
117,W2023,1,high,10,10,5,338.0,416.0,362.0,482.0,731.0,338.0,891.0,603.0,510.0,587.0,297.0
117,W2023,1,high,11,10,3,1.0,999.0,502.0,1.0,695.0,522.0,392.0,897.0,625.0,811.0,549.0
117,W2023,1,high,12,10,5,371.0,473.0,621.0,527.0,842.0,371.0,729.0,642.0,327.0,733.0,686.0
117,W2023,1,high,13,10,10,246.0,701.0,776.0,533.0,467.0,665.0,504.0,567.0,505.0,590.0,246.0
117,W2023,1,high,14,10,4,346.0,899.0,792.0,696.0,346.0,800.0,774.0,483.0,235.0,748.0,590.0
117,W2023,1,high,15,10,1,399.0,399.0,683.0,493.0,448.0,756.0,483.0,659.0,505.0,618.0,600.0
117,W2023,1,high,16,10,2,345.0,999.0,345.0,472.0,554.0,696.0,379.0,815.0,509.0,328.0,677.0
117,W2023,1,high,17,10,2,303.0,379.0,303.0,683.0,253.0,934.0,357.0,313.0,554.0,944.0,259.0
117,W2023,1,high,18,10,3,360.0,531.0,453.0,360.0,552.0,755.0,560.0,284.0,528.0,290.0,536.0
117,W2023,1,high,19,10,1,190.0,190.0,716.0,309.0,734.0,518.0,614.0,635.0,380.0,667.0,390.0
117,W2023,1,high,20,10,1,284.0,284.0,521.0,587.0,44.0,723.0,387.0,490.0,626.0,432.0,624.0
83,W2023,1,high,1,10,2,323.0,510.0,323.0,456.0,539.0,590.0,968.0,422.0,636.0,524.0,685.0
83,W2023,1,high,2,10,2,370.0,586.0,370.0,712.0,376.0,286.0,658.0,587.0,500.0,534.0,409.0
83,W2023,1,high,3,10,4,306.0,811.0,335.0,510.0,306.0,220.0,825.0,902.0,820.0,838.0,558.0
83,W2023,1,high,4,10,3,16.0,660.0,342.0,16.0,592.0,382.0,529.0,571.0,597.0,693.0,457.0
83,W2023,1,high,5,10,7,477.0,556.0,972.0,887.0,621.0,616.0,590.0,477.0,135.0,585.0,695.0
83,W2023,1,high,6,10,6,415.0,861.0,570.0,860.0,768.0,530.0,415.0,507.0,656.0,510.0,740.0
83,W2023,1,high,7,10,9,487.0,610.0,503.0,711.0,641.0,539.0,615.0,780.0,798.0,487.0,354.0
83,W2023,1,high,8,10,2,232.0,999.0,232.0,392.0,682.0,601.0,761.0,534.0,768.0,234.0,427.0
83,W2023,1,high,9,10,6,365.0,994.0,482.0,898.0,735.0,846.0,365.0,414.0,533.0,498.0,307.0
83,W2023,1,high,10,10,8,510.0,416.0,362.0,482.0,731.0,338.0,891.0,603.0,510.0,587.0,297.0
83,W2023,1,high,11,10,3,1.0,999.0,502.0,1.0,695.0,522.0,392.0,897.0,625.0,811.0,549.0
83,W2023,1,high,12,10,5,371.0,473.0,621.0,527.0,842.0,371.0,729.0,642.0,327.0,733.0,686.0
83,W2023,1,high,13,10,4,467.0,701.0,776.0,533.0,467.0,665.0,504.0,567.0,505.0,590.0,246.0
83,W2023,1,high,14,10,7,483.0,899.0,792.0,696.0,346.0,800.0,774.0,483.0,235.0,748.0,590.0
83,W2023,1,high,15,10,10,600.0,399.0,683.0,493.0,448.0,756.0,483.0,659.0,505.0,618.0,600.0
83,W2023,1,high,16,10,2,345.0,999.0,345.0,472.0,554.0,696.0,379.0,815.0,509.0,328.0,677.0
83,W2023,1,high,17,10,2,303.0,379.0,303.0,683.0,253.0,934.0,357.0,313.0,554.0,944.0,259.0
83,W2023,1,high,18,10,3,360.0,531.0,453.0,360.0,552.0,755.0,560.0,284.0,528.0,290.0,536.0
83,W2023,1,high,19,10,1,190.0,190.0,716.0,309.0,734.0,518.0,614.0,635.0,380.0,667.0,390.0
83,W2023,1,high,20,10,1,284.0,284.0,521.0,587.0,44.0,723.0,387.0,490.0,626.0,432.0,624.0
263,W2023,1,high,1,10,2,323.0,510.0,323.0,456.0,539.0,590.0,968.0,422.0,636.0,524.0,685.0
263,W2023,1,high,2,10,2,370.0,586.0,370.0,712.0,376.0,286.0,658.0,587.0,500.0,534.0,409.0
263,W2023,1,high,3,10,2,335.0,811.0,335.0,510.0,306.0,220.0,825.0,902.0,820.0,838.0,558.0
263,W2023,1,high,4,10,2,342.0,660.0,342.0,16.0,592.0,382.0,529.0,571.0,597.0,693.0,457.0
263,W2023,1,high,5,10,7,477.0,556.0,972.0,887.0,621.0,616.0,590.0,477.0,135.0,585.0,695.0
263,W2023,1,high,6,10,6,415.0,861.0,570.0,860.0,768.0,530.0,415.0,507.0,656.0,510.0,740.0
263,W2023,1,high,7,10,9,487.0,610.0,503.0,711.0,641.0,539.0,615.0,780.0,798.0,487.0,354.0
263,W2023,1,high,8,10,2,232.0,999.0,232.0,392.0,682.0,601.0,761.0,534.0,768.0,234.0,427.0
263,W2023,1,high,9,10,6,365.0,994.0,482.0,898.0,735.0,846.0,365.0,414.0,533.0,498.0,307.0
263,W2023,1,high,10,10,5,338.0,416.0,362.0,482.0,731.0,338.0,891.0,603.0,510.0,587.0,297.0
263,W2023,1,high,11,10,3,1.0,999.0,502.0,1.0,695.0,522.0,392.0,897.0,625.0,811.0,549.0
263,W2023,1,high,12,10,5,371.0,473.0,621.0,527.0,842.0,371.0,729.0,642.0,327.0,733.0,686.0
263,W2023,1,high,13,10,3,533.0,701.0,776.0,533.0,467.0,665.0,504.0,567.0,505.0,590.0,246.0
263,W2023,1,high,14,10,4,346.0,899.0,792.0,696.0,346.0,800.0,774.0,483.0,235.0,748.0,590.0
263,W2023,1,high,15,10,8,505.0,399.0,683.0,493.0,448.0,756.0,483.0,659.0,505.0,618.0,600.0
263,W2023,1,high,16,10,2,345.0,999.0,345.0,472.0,554.0,696.0,379.0,815.0,509.0,328.0,677.0
263,W2023,1,high,17,10,2,303.0,379.0,303.0,683.0,253.0,934.0,357.0,313.0,554.0,944.0,259.0
263,W2023,1,high,18,10,3,360.0,531.0,453.0,360.0,552.0,755.0,560.0,284.0,528.0,290.0,536.0
263,W2023,1,high,19,10,1,190.0,190.0,716.0,309.0,734.0,518.0,614.0,635.0,380.0,667.0,390.0
263,W2023,1,high,20,10,1,284.0,284.0,521.0,587.0,44.0,723.0,387.0,490.0,626.0,432.0,624.0
207,W2023,1,high,1,10,10,685.0,510.0,323.0,456.0,539.0,590.0,968.0,422.0,636.0,524.0,685.0
207,W2023,1,high,2,10,5,286.0,586.0,370.0,712.0,376.0,286.0,658.0,587.0,500.0,534.0,409.0
207,W2023,1,high,3,10,2,335.0,811.0,335.0,510.0,306.0,220.0,825.0,902.0,820.0,838.0,558.0
207,W2023,1,high,4,10,2,342.0,660.0,342.0,16.0,592.0,382.0,529.0,571.0,597.0,693.0,457.0
207,W2023,1,high,5,10,8,135.0,556.0,972.0,887.0,621.0,616.0,590.0,477.0,135.0,585.0,695.0
207,W2023,1,high,6,10,10,740.0,861.0,570.0,860.0,768.0,530.0,415.0,507.0,656.0,510.0,740.0
207,W2023,1,high,7,10,9,487.0,610.0,503.0,711.0,641.0,539.0,615.0,780.0,798.0,487.0,354.0
207,W2023,1,high,8,10,2,232.0,999.0,232.0,392.0,682.0,601.0,761.0,534.0,768.0,234.0,427.0
207,W2023,1,high,9,10,10,307.0,994.0,482.0,898.0,735.0,846.0,365.0,414.0,533.0,498.0,307.0
207,W2023,1,high,10,10,2,362.0,416.0,362.0,482.0,731.0,338.0,891.0,603.0,510.0,587.0,297.0
207,W2023,1,high,11,10,3,1.0,999.0,502.0,1.0,695.0,522.0,392.0,897.0,625.0,811.0,549.0
207,W2023,1,high,12,10,5,371.0,473.0,621.0,527.0,842.0,371.0,729.0,642.0,327.0,733.0,686.0
207,W2023,1,high,13,10,3,533.0,701.0,776.0,533.0,467.0,665.0,504.0,567.0,505.0,590.0,246.0
207,W2023,1,high,14,10,4,346.0,899.0,792.0,696.0,346.0,800.0,774.0,483.0,235.0,748.0,590.0
207,W2023,1,high,15,10,10,600.0,399.0,683.0,493.0,448.0,756.0,483.0,659.0,505.0,618.0,600.0
207,W2023,1,high,16,10,2,345.0,999.0,345.0,472.0,554.0,696.0,379.0,815.0,509.0,328.0,677.0
207,W2023,1,high,17,10,4,253.0,379.0,303.0,683.0,253.0,934.0,357.0,313.0,554.0,944.0,259.0
207,W2023,1,high,18,10,3,360.0,531.0,453.0,360.0,552.0,755.0,560.0,284.0,528.0,290.0,536.0
207,W2023,1,high,19,10,1,190.0,190.0,716.0,309.0,734.0,518.0,614.0,635.0,380.0,667.0,390.0
207,W2023,1,high,20,10,1,284.0,284.0,521.0,587.0,44.0,723.0,387.0,490.0,626.0,432.0,624.0
50,W2023,1,high,1,10,2,323.0,510.0,323.0,456.0,539.0,590.0,968.0,422.0,636.0,524.0,685.0
50,W2023,1,high,2,10,5,286.0,586.0,370.0,712.0,376.0,286.0,658.0,587.0,500.0,534.0,409.0
50,W2023,1,high,3,10,4,306.0,811.0,335.0,510.0,306.0,220.0,825.0,902.0,820.0,838.0,558.0
50,W2023,1,high,4,10,3,16.0,660.0,342.0,16.0,592.0,382.0,529.0,571.0,597.0,693.0,457.0
50,W2023,1,high,5,10,8,135.0,556.0,972.0,887.0,621.0,616.0,590.0,477.0,135.0,585.0,695.0
50,W2023,1,high,6,10,10,740.0,861.0,570.0,860.0,768.0,530.0,415.0,507.0,656.0,510.0,740.0
50,W2023,1,high,7,10,10,354.0,610.0,503.0,711.0,641.0,539.0,615.0,780.0,798.0,487.0,354.0
50,W2023,1,high,8,10,9,234.0,999.0,232.0,392.0,682.0,601.0,761.0,534.0,768.0,234.0,427.0
50,W2023,1,high,9,10,10,307.0,994.0,482.0,898.0,735.0,846.0,365.0,414.0,533.0,498.0,307.0
50,W2023,1,high,10,10,10,297.0,416.0,362.0,482.0,731.0,338.0,891.0,603.0,510.0,587.0,297.0
50,W2023,1,high,11,10,3,1.0,999.0,502.0,1.0,695.0,522.0,392.0,897.0,625.0,811.0,549.0
50,W2023,1,high,12,10,8,327.0,473.0,621.0,527.0,842.0,371.0,729.0,642.0,327.0,733.0,686.0
50,W2023,1,high,13,10,10,246.0,701.0,776.0,533.0,467.0,665.0,504.0,567.0,505.0,590.0,246.0
50,W2023,1,high,14,10,8,235.0,899.0,792.0,696.0,346.0,800.0,774.0,483.0,235.0,748.0,590.0
50,W2023,1,high,15,10,10,600.0,399.0,683.0,493.0,448.0,756.0,483.0,659.0,505.0,618.0,600.0
50,W2023,1,high,16,10,9,328.0,999.0,345.0,472.0,554.0,696.0,379.0,815.0,509.0,328.0,677.0
50,W2023,1,high,17,10,4,253.0,379.0,303.0,683.0,253.0,934.0,357.0,313.0,554.0,944.0,259.0
50,W2023,1,high,18,10,7,284.0,531.0,453.0,360.0,552.0,755.0,560.0,284.0,528.0,290.0,536.0
50,W2023,1,high,19,10,1,190.0,190.0,716.0,309.0,734.0,518.0,614.0,635.0,380.0,667.0,390.0
50,W2023,1,high,20,10,4,44.0,284.0,521.0,587.0,44.0,723.0,387.0,490.0,626.0,432.0,624.0
295,W2023,1,high,1,10,2,323.0,510.0,323.0,456.0,539.0,590.0,968.0,422.0,636.0,524.0,685.0
295,W2023,1,high,2,10,5,286.0,586.0,370.0,712.0,376.0,286.0,658.0,587.0,500.0,534.0,409.0
295,W2023,1,high,3,10,2,335.0,811.0,335.0,510.0,306.0,220.0,825.0,902.0,820.0,838.0,558.0
295,W2023,1,high,4,10,3,16.0,660.0,342.0,16.0,592.0,382.0,529.0,571.0,597.0,693.0,457.0
295,W2023,1,high,5,10,7,477.0,556.0,972.0,887.0,621.0,616.0,590.0,477.0,135.0,585.0,695.0
295,W2023,1,high,6,10,10,740.0,861.0,570.0,860.0,768.0,530.0,415.0,507.0,656.0,510.0,740.0
295,W2023,1,high,7,10,9,487.0,610.0,503.0,711.0,641.0,539.0,615.0,780.0,798.0,487.0,354.0
295,W2023,1,high,8,10,2,232.0,999.0,232.0,392.0,682.0,601.0,761.0,534.0,768.0,234.0,427.0
295,W2023,1,high,9,10,10,307.0,994.0,482.0,898.0,735.0,846.0,365.0,414.0,533.0,498.0,307.0
295,W2023,1,high,10,10,2,362.0,416.0,362.0,482.0,731.0,338.0,891.0,603.0,510.0,587.0,297.0
295,W2023,1,high,11,10,3,1.0,999.0,502.0,1.0,695.0,522.0,392.0,897.0,625.0,811.0,549.0
295,W2023,1,high,12,10,5,371.0,473.0,621.0,527.0,842.0,371.0,729.0,642.0,327.0,733.0,686.0
295,W2023,1,high,13,10,10,246.0,701.0,776.0,533.0,467.0,665.0,504.0,567.0,505.0,590.0,246.0
295,W2023,1,high,14,10,4,346.0,899.0,792.0,696.0,346.0,800.0,774.0,483.0,235.0,748.0,590.0
295,W2023,1,high,15,10,10,600.0,399.0,683.0,493.0,448.0,756.0,483.0,659.0,505.0,618.0,600.0
295,W2023,1,high,16,10,9,328.0,999.0,345.0,472.0,554.0,696.0,379.0,815.0,509.0,328.0,677.0
295,W2023,1,high,17,10,1,379.0,379.0,303.0,683.0,253.0,934.0,357.0,313.0,554.0,944.0,259.0
295,W2023,1,high,18,10,3,360.0,531.0,453.0,360.0,552.0,755.0,560.0,284.0,528.0,290.0,536.0
295,W2023,1,high,19,10,1,190.0,190.0,716.0,309.0,734.0,518.0,614.0,635.0,380.0,667.0,390.0
295,W2023,1,high,20,10,1,284.0,284.0,521.0,587.0,44.0,723.0,387.0,490.0,626.0,432.0,624.0
251,W2023,1,high,1,10,1,510.0,510.0,323.0,456.0,539.0,590.0,968.0,422.0,636.0,524.0,685.0
251,W2023,1,high,2,10,5,286.0,586.0,370.0,712.0,376.0,286.0,658.0,587.0,500.0,534.0,409.0
251,W2023,1,high,3,10,4,306.0,811.0,335.0,510.0,306.0,220.0,825.0,902.0,820.0,838.0,558.0
251,W2023,1,high,4,10,3,16.0,660.0,342.0,16.0,592.0,382.0,529.0,571.0,597.0,693.0,457.0
251,W2023,1,high,5,10,8,135.0,556.0,972.0,887.0,621.0,616.0,590.0,477.0,135.0,585.0,695.0
251,W2023,1,high,6,10,10,740.0,861.0,570.0,860.0,768.0,530.0,415.0,507.0,656.0,510.0,740.0
251,W2023,1,high,7,10,10,354.0,610.0,503.0,711.0,641.0,539.0,615.0,780.0,798.0,487.0,354.0
251,W2023,1,high,8,10,2,232.0,999.0,232.0,392.0,682.0,601.0,761.0,534.0,768.0,234.0,427.0
251,W2023,1,high,9,10,6,365.0,994.0,482.0,898.0,735.0,846.0,365.0,414.0,533.0,498.0,307.0
251,W2023,1,high,10,10,10,297.0,416.0,362.0,482.0,731.0,338.0,891.0,603.0,510.0,587.0,297.0
251,W2023,1,high,11,10,3,1.0,999.0,502.0,1.0,695.0,522.0,392.0,897.0,625.0,811.0,549.0
251,W2023,1,high,12,10,5,371.0,473.0,621.0,527.0,842.0,371.0,729.0,642.0,327.0,733.0,686.0
251,W2023,1,high,13,10,10,246.0,701.0,776.0,533.0,467.0,665.0,504.0,567.0,505.0,590.0,246.0
251,W2023,1,high,14,10,8,235.0,899.0,792.0,696.0,346.0,800.0,774.0,483.0,235.0,748.0,590.0
251,W2023,1,high,15,10,1,399.0,399.0,683.0,493.0,448.0,756.0,483.0,659.0,505.0,618.0,600.0
251,W2023,1,high,16,10,2,345.0,999.0,345.0,472.0,554.0,696.0,379.0,815.0,509.0,328.0,677.0
251,W2023,1,high,17,10,2,303.0,379.0,303.0,683.0,253.0,934.0,357.0,313.0,554.0,944.0,259.0
251,W2023,1,high,18,10,7,284.0,531.0,453.0,360.0,552.0,755.0,560.0,284.0,528.0,290.0,536.0
251,W2023,1,high,19,10,1,190.0,190.0,716.0,309.0,734.0,518.0,614.0,635.0,380.0,667.0,390.0
251,W2023,1,high,20,10,4,44.0,284.0,521.0,587.0,44.0,723.0,387.0,490.0,626.0,432.0,624.0
58,W2023,1,high,1,10,1,510.0,510.0,323.0,456.0,539.0,590.0,968.0,422.0,636.0,524.0,685.0
58,W2023,1,high,2,10,2,370.0,586.0,370.0,712.0,376.0,286.0,658.0,587.0,500.0,534.0,409.0
58,W2023,1,high,3,10,2,335.0,811.0,335.0,510.0,306.0,220.0,825.0,902.0,820.0,838.0,558.0
58,W2023,1,high,4,10,2,342.0,660.0,342.0,16.0,592.0,382.0,529.0,571.0,597.0,693.0,457.0
58,W2023,1,high,5,10,7,477.0,556.0,972.0,887.0,621.0,616.0,590.0,477.0,135.0,585.0,695.0
58,W2023,1,high,6,10,5,530.0,861.0,570.0,860.0,768.0,530.0,415.0,507.0,656.0,510.0,740.0
58,W2023,1,high,7,10,2,503.0,610.0,503.0,711.0,641.0,539.0,615.0,780.0,798.0,487.0,354.0
58,W2023,1,high,8,10,2,232.0,999.0,232.0,392.0,682.0,601.0,761.0,534.0,768.0,234.0,427.0
58,W2023,1,high,9,10,2,482.0,994.0,482.0,898.0,735.0,846.0,365.0,414.0,533.0,498.0,307.0
58,W2023,1,high,10,10,1,416.0,416.0,362.0,482.0,731.0,338.0,891.0,603.0,510.0,587.0,297.0
58,W2023,1,high,11,10,2,502.0,999.0,502.0,1.0,695.0,522.0,392.0,897.0,625.0,811.0,549.0
58,W2023,1,high,12,10,1,473.0,473.0,621.0,527.0,842.0,371.0,729.0,642.0,327.0,733.0,686.0
58,W2023,1,high,13,10,4,467.0,701.0,776.0,533.0,467.0,665.0,504.0,567.0,505.0,590.0,246.0
58,W2023,1,high,14,10,4,346.0,899.0,792.0,696.0,346.0,800.0,774.0,483.0,235.0,748.0,590.0
58,W2023,1,high,15,10,1,399.0,399.0,683.0,493.0,448.0,756.0,483.0,659.0,505.0,618.0,600.0
58,W2023,1,high,16,10,2,345.0,999.0,345.0,472.0,554.0,696.0,379.0,815.0,509.0,328.0,677.0
58,W2023,1,high,17,10,1,379.0,379.0,303.0,683.0,253.0,934.0,357.0,313.0,554.0,944.0,259.0
58,W2023,1,high,18,10,1,531.0,531.0,453.0,360.0,552.0,755.0,560.0,284.0,528.0,290.0,536.0
58,W2023,1,high,19,10,1,190.0,190.0,716.0,309.0,734.0,518.0,614.0,635.0,380.0,667.0,390.0
58,W2023,1,high,20,10,1,284.0,284.0,521.0,587.0,44.0,723.0,387.0,490.0,626.0,432.0,624.0
31,W2023,1,high,1,10,10,685.0,510.0,323.0,456.0,539.0,590.0,968.0,422.0,636.0,524.0,685.0
31,W2023,1,high,2,10,5,286.0,586.0,370.0,712.0,376.0,286.0,658.0,587.0,500.0,534.0,409.0
31,W2023,1,high,3,10,2,335.0,811.0,335.0,510.0,306.0,220.0,825.0,902.0,820.0,838.0,558.0
31,W2023,1,high,4,10,3,16.0,660.0,342.0,16.0,592.0,382.0,529.0,571.0,597.0,693.0,457.0
31,W2023,1,high,5,10,8,135.0,556.0,972.0,887.0,621.0,616.0,590.0,477.0,135.0,585.0,695.0
31,W2023,1,high,6,10,10,740.0,861.0,570.0,860.0,768.0,530.0,415.0,507.0,656.0,510.0,740.0
31,W2023,1,high,7,10,10,354.0,610.0,503.0,711.0,641.0,539.0,615.0,780.0,798.0,487.0,354.0
31,W2023,1,high,8,10,9,234.0,999.0,232.0,392.0,682.0,601.0,761.0,534.0,768.0,234.0,427.0
31,W2023,1,high,9,10,10,307.0,994.0,482.0,898.0,735.0,846.0,365.0,414.0,533.0,498.0,307.0
31,W2023,1,high,10,10,10,297.0,416.0,362.0,482.0,731.0,338.0,891.0,603.0,510.0,587.0,297.0
31,W2023,1,high,11,10,3,1.0,999.0,502.0,1.0,695.0,522.0,392.0,897.0,625.0,811.0,549.0
31,W2023,1,high,12,10,8,327.0,473.0,621.0,527.0,842.0,371.0,729.0,642.0,327.0,733.0,686.0
31,W2023,1,high,13,10,8,505.0,701.0,776.0,533.0,467.0,665.0,504.0,567.0,505.0,590.0,246.0
31,W2023,1,high,14,10,8,235.0,899.0,792.0,696.0,346.0,800.0,774.0,483.0,235.0,748.0,590.0
31,W2023,1,high,15,10,10,600.0,399.0,683.0,493.0,448.0,756.0,483.0,659.0,505.0,618.0,600.0
31,W2023,1,high,16,10,9,328.0,999.0,345.0,472.0,554.0,696.0,379.0,815.0,509.0,328.0,677.0
31,W2023,1,high,17,10,10,259.0,379.0,303.0,683.0,253.0,934.0,357.0,313.0,554.0,944.0,259.0
31,W2023,1,high,18,10,7,284.0,531.0,453.0,360.0,552.0,755.0,560.0,284.0,528.0,290.0,536.0
31,W2023,1,high,19,10,10,390.0,190.0,716.0,309.0,734.0,518.0,614.0,635.0,380.0,667.0,390.0
31,W2023,1,high,20,10,4,44.0,284.0,521.0,587.0,44.0,723.0,387.0,490.0,626.0,432.0,624.0
87,W2023,1,high,1,10,2,323.0,510.0,323.0,456.0,539.0,590.0,968.0,422.0,636.0,524.0,685.0
87,W2023,1,high,2,10,2,370.0,586.0,370.0,712.0,376.0,286.0,658.0,587.0,500.0,534.0,409.0
87,W2023,1,high,3,10,2,335.0,811.0,335.0,510.0,306.0,220.0,825.0,902.0,820.0,838.0,558.0
87,W2023,1,high,4,10,2,342.0,660.0,342.0,16.0,592.0,382.0,529.0,571.0,597.0,693.0,457.0
87,W2023,1,high,5,10,7,477.0,556.0,972.0,887.0,621.0,616.0,590.0,477.0,135.0,585.0,695.0
87,W2023,1,high,6,10,6,415.0,861.0,570.0,860.0,768.0,530.0,415.0,507.0,656.0,510.0,740.0
87,W2023,1,high,7,10,9,487.0,610.0,503.0,711.0,641.0,539.0,615.0,780.0,798.0,487.0,354.0
87,W2023,1,high,8,10,2,232.0,999.0,232.0,392.0,682.0,601.0,761.0,534.0,768.0,234.0,427.0
87,W2023,1,high,9,10,6,365.0,994.0,482.0,898.0,735.0,846.0,365.0,414.0,533.0,498.0,307.0
87,W2023,1,high,10,10,2,362.0,416.0,362.0,482.0,731.0,338.0,891.0,603.0,510.0,587.0,297.0
87,W2023,1,high,11,10,3,1.0,999.0,502.0,1.0,695.0,522.0,392.0,897.0,625.0,811.0,549.0
87,W2023,1,high,12,10,5,371.0,473.0,621.0,527.0,842.0,371.0,729.0,642.0,327.0,733.0,686.0
87,W2023,1,high,13,10,4,467.0,701.0,776.0,533.0,467.0,665.0,504.0,567.0,505.0,590.0,246.0
87,W2023,1,high,14,10,4,346.0,899.0,792.0,696.0,346.0,800.0,774.0,483.0,235.0,748.0,590.0
87,W2023,1,high,15,10,1,399.0,399.0,683.0,493.0,448.0,756.0,483.0,659.0,505.0,618.0,600.0
87,W2023,1,high,16,10,2,345.0,999.0,345.0,472.0,554.0,696.0,379.0,815.0,509.0,328.0,677.0
87,W2023,1,high,17,10,1,379.0,379.0,303.0,683.0,253.0,934.0,357.0,313.0,554.0,944.0,259.0
87,W2023,1,high,18,10,3,360.0,531.0,453.0,360.0,552.0,755.0,560.0,284.0,528.0,290.0,536.0
87,W2023,1,high,19,10,1,190.0,190.0,716.0,309.0,734.0,518.0,614.0,635.0,380.0,667.0,390.0
87,W2023,1,high,20,10,1,284.0,284.0,521.0,587.0,44.0,723.0,387.0,490.0,626.0,432.0,624.0
118,W2023,1,high,1,10,2,323.0,510.0,323.0,456.0,539.0,590.0,968.0,422.0,636.0,524.0,685.0
118,W2023,1,high,2,10,2,370.0,586.0,370.0,712.0,376.0,286.0,658.0,587.0,500.0,534.0,409.0
118,W2023,1,high,3,10,2,335.0,811.0,335.0,510.0,306.0,220.0,825.0,902.0,820.0,838.0,558.0
118,W2023,1,high,4,10,2,342.0,660.0,342.0,16.0,592.0,382.0,529.0,571.0,597.0,693.0,457.0
118,W2023,1,high,5,10,8,135.0,556.0,972.0,887.0,621.0,616.0,590.0,477.0,135.0,585.0,695.0
118,W2023,1,high,6,10,10,740.0,861.0,570.0,860.0,768.0,530.0,415.0,507.0,656.0,510.0,740.0
118,W2023,1,high,7,10,9,487.0,610.0,503.0,711.0,641.0,539.0,615.0,780.0,798.0,487.0,354.0
118,W2023,1,high,8,10,2,232.0,999.0,232.0,392.0,682.0,601.0,761.0,534.0,768.0,234.0,427.0
118,W2023,1,high,9,10,9,498.0,994.0,482.0,898.0,735.0,846.0,365.0,414.0,533.0,498.0,307.0
118,W2023,1,high,10,10,5,338.0,416.0,362.0,482.0,731.0,338.0,891.0,603.0,510.0,587.0,297.0
118,W2023,1,high,11,10,3,1.0,999.0,502.0,1.0,695.0,522.0,392.0,897.0,625.0,811.0,549.0
118,W2023,1,high,12,10,8,327.0,473.0,621.0,527.0,842.0,371.0,729.0,642.0,327.0,733.0,686.0
118,W2023,1,high,13,10,10,246.0,701.0,776.0,533.0,467.0,665.0,504.0,567.0,505.0,590.0,246.0
118,W2023,1,high,14,10,4,346.0,899.0,792.0,696.0,346.0,800.0,774.0,483.0,235.0,748.0,590.0
118,W2023,1,high,15,10,1,399.0,399.0,683.0,493.0,448.0,756.0,483.0,659.0,505.0,618.0,600.0
118,W2023,1,high,16,10,9,328.0,999.0,345.0,472.0,554.0,696.0,379.0,815.0,509.0,328.0,677.0
118,W2023,1,high,17,10,4,253.0,379.0,303.0,683.0,253.0,934.0,357.0,313.0,554.0,944.0,259.0
118,W2023,1,high,18,10,7,284.0,531.0,453.0,360.0,552.0,755.0,560.0,284.0,528.0,290.0,536.0
118,W2023,1,high,19,10,1,190.0,190.0,716.0,309.0,734.0,518.0,614.0,635.0,380.0,667.0,390.0
118,W2023,1,high,20,10,1,284.0,284.0,521.0,587.0,44.0,723.0,387.0,490.0,626.0,432.0,624.0
102,W2023,1,high,1,10,10,685.0,510.0,323.0,456.0,539.0,590.0,968.0,422.0,636.0,524.0,685.0
102,W2023,1,high,2,10,10,409.0,586.0,370.0,712.0,376.0,286.0,658.0,587.0,500.0,534.0,409.0
102,W2023,1,high,3,10,10,558.0,811.0,335.0,510.0,306.0,220.0,825.0,902.0,820.0,838.0,558.0
102,W2023,1,high,4,10,3,16.0,660.0,342.0,16.0,592.0,382.0,529.0,571.0,597.0,693.0,457.0
102,W2023,1,high,5,10,8,135.0,556.0,972.0,887.0,621.0,616.0,590.0,477.0,135.0,585.0,695.0
102,W2023,1,high,6,10,10,740.0,861.0,570.0,860.0,768.0,530.0,415.0,507.0,656.0,510.0,740.0
102,W2023,1,high,7,10,10,354.0,610.0,503.0,711.0,641.0,539.0,615.0,780.0,798.0,487.0,354.0
102,W2023,1,high,8,10,9,234.0,999.0,232.0,392.0,682.0,601.0,761.0,534.0,768.0,234.0,427.0
102,W2023,1,high,9,10,6,365.0,994.0,482.0,898.0,735.0,846.0,365.0,414.0,533.0,498.0,307.0
102,W2023,1,high,10,10,10,297.0,416.0,362.0,482.0,731.0,338.0,891.0,603.0,510.0,587.0,297.0
102,W2023,1,high,11,10,3,1.0,999.0,502.0,1.0,695.0,522.0,392.0,897.0,625.0,811.0,549.0
102,W2023,1,high,12,10,8,327.0,473.0,621.0,527.0,842.0,371.0,729.0,642.0,327.0,733.0,686.0
102,W2023,1,high,13,10,10,246.0,701.0,776.0,533.0,467.0,665.0,504.0,567.0,505.0,590.0,246.0
102,W2023,1,high,14,10,8,235.0,899.0,792.0,696.0,346.0,800.0,774.0,483.0,235.0,748.0,590.0
102,W2023,1,high,15,10,10,600.0,399.0,683.0,493.0,448.0,756.0,483.0,659.0,505.0,618.0,600.0
102,W2023,1,high,16,10,9,328.0,999.0,345.0,472.0,554.0,696.0,379.0,815.0,509.0,328.0,677.0
102,W2023,1,high,17,10,10,259.0,379.0,303.0,683.0,253.0,934.0,357.0,313.0,554.0,944.0,259.0
102,W2023,1,high,18,10,7,284.0,531.0,453.0,360.0,552.0,755.0,560.0,284.0,528.0,290.0,536.0
102,W2023,1,high,19,10,10,390.0,190.0,716.0,309.0,734.0,518.0,614.0,635.0,380.0,667.0,390.0
102,W2023,1,high,20,10,4,44.0,284.0,521.0,587.0,44.0,723.0,387.0,490.0,626.0,432.0,624.0
248,W2023,1,high,1,10,2,323.0,510.0,323.0,456.0,539.0,590.0,968.0,422.0,636.0,524.0,685.0
248,W2023,1,high,2,10,4,376.0,586.0,370.0,712.0,376.0,286.0,658.0,587.0,500.0,534.0,409.0
248,W2023,1,high,3,10,4,306.0,811.0,335.0,510.0,306.0,220.0,825.0,902.0,820.0,838.0,558.0
248,W2023,1,high,4,10,2,342.0,660.0,342.0,16.0,592.0,382.0,529.0,571.0,597.0,693.0,457.0
248,W2023,1,high,5,10,8,135.0,556.0,972.0,887.0,621.0,616.0,590.0,477.0,135.0,585.0,695.0
248,W2023,1,high,6,10,9,510.0,861.0,570.0,860.0,768.0,530.0,415.0,507.0,656.0,510.0,740.0
248,W2023,1,high,7,10,9,487.0,610.0,503.0,711.0,641.0,539.0,615.0,780.0,798.0,487.0,354.0
248,W2023,1,high,8,10,2,232.0,999.0,232.0,392.0,682.0,601.0,761.0,534.0,768.0,234.0,427.0
248,W2023,1,high,9,10,6,365.0,994.0,482.0,898.0,735.0,846.0,365.0,414.0,533.0,498.0,307.0
248,W2023,1,high,10,10,10,297.0,416.0,362.0,482.0,731.0,338.0,891.0,603.0,510.0,587.0,297.0
248,W2023,1,high,11,10,3,1.0,999.0,502.0,1.0,695.0,522.0,392.0,897.0,625.0,811.0,549.0
248,W2023,1,high,12,10,5,371.0,473.0,621.0,527.0,842.0,371.0,729.0,642.0,327.0,733.0,686.0
248,W2023,1,high,13,10,10,246.0,701.0,776.0,533.0,467.0,665.0,504.0,567.0,505.0,590.0,246.0
248,W2023,1,high,14,10,8,235.0,899.0,792.0,696.0,346.0,800.0,774.0,483.0,235.0,748.0,590.0
248,W2023,1,high,15,10,10,600.0,399.0,683.0,493.0,448.0,756.0,483.0,659.0,505.0,618.0,600.0
248,W2023,1,high,16,10,6,379.0,999.0,345.0,472.0,554.0,696.0,379.0,815.0,509.0,328.0,677.0
248,W2023,1,high,17,10,4,253.0,379.0,303.0,683.0,253.0,934.0,357.0,313.0,554.0,944.0,259.0
248,W2023,1,high,18,10,7,284.0,531.0,453.0,360.0,552.0,755.0,560.0,284.0,528.0,290.0,536.0
248,W2023,1,high,19,10,1,190.0,190.0,716.0,309.0,734.0,518.0,614.0,635.0,380.0,667.0,390.0
248,W2023,1,high,20,10,1,284.0,284.0,521.0,587.0,44.0,723.0,387.0,490.0,626.0,432.0,624.0
109,W2023,1,high,1,10,2,323.0,510.0,323.0,456.0,539.0,590.0,968.0,422.0,636.0,524.0,685.0
109,W2023,1,high,2,10,2,370.0,586.0,370.0,712.0,376.0,286.0,658.0,587.0,500.0,534.0,409.0
109,W2023,1,high,3,10,2,335.0,811.0,335.0,510.0,306.0,220.0,825.0,902.0,820.0,838.0,558.0
109,W2023,1,high,4,10,2,342.0,660.0,342.0,16.0,592.0,382.0,529.0,571.0,597.0,693.0,457.0
109,W2023,1,high,5,10,8,135.0,556.0,972.0,887.0,621.0,616.0,590.0,477.0,135.0,585.0,695.0
109,W2023,1,high,6,10,6,415.0,861.0,570.0,860.0,768.0,530.0,415.0,507.0,656.0,510.0,740.0
109,W2023,1,high,7,10,9,487.0,610.0,503.0,711.0,641.0,539.0,615.0,780.0,798.0,487.0,354.0
109,W2023,1,high,8,10,2,232.0,999.0,232.0,392.0,682.0,601.0,761.0,534.0,768.0,234.0,427.0
109,W2023,1,high,9,10,6,365.0,994.0,482.0,898.0,735.0,846.0,365.0,414.0,533.0,498.0,307.0
109,W2023,1,high,10,10,2,362.0,416.0,362.0,482.0,731.0,338.0,891.0,603.0,510.0,587.0,297.0
109,W2023,1,high,11,10,3,1.0,999.0,502.0,1.0,695.0,522.0,392.0,897.0,625.0,811.0,549.0
109,W2023,1,high,12,10,5,371.0,473.0,621.0,527.0,842.0,371.0,729.0,642.0,327.0,733.0,686.0
109,W2023,1,high,13,10,8,505.0,701.0,776.0,533.0,467.0,665.0,504.0,567.0,505.0,590.0,246.0
109,W2023,1,high,14,10,4,346.0,899.0,792.0,696.0,346.0,800.0,774.0,483.0,235.0,748.0,590.0
109,W2023,1,high,15,10,10,600.0,399.0,683.0,493.0,448.0,756.0,483.0,659.0,505.0,618.0,600.0
109,W2023,1,high,16,10,2,345.0,999.0,345.0,472.0,554.0,696.0,379.0,815.0,509.0,328.0,677.0
109,W2023,1,high,17,10,1,379.0,379.0,303.0,683.0,253.0,934.0,357.0,313.0,554.0,944.0,259.0
109,W2023,1,high,18,10,3,360.0,531.0,453.0,360.0,552.0,755.0,560.0,284.0,528.0,290.0,536.0
109,W2023,1,high,19,10,1,190.0,190.0,716.0,309.0,734.0,518.0,614.0,635.0,380.0,667.0,390.0
109,W2023,1,high,20,10,1,284.0,284.0,521.0,587.0,44.0,723.0,387.0,490.0,626.0,432.0,624.0
305,W2023,1,high,1,10,2,323.0,510.0,323.0,456.0,539.0,590.0,968.0,422.0,636.0,524.0,685.0
305,W2023,1,high,2,10,2,370.0,586.0,370.0,712.0,376.0,286.0,658.0,587.0,500.0,534.0,409.0
305,W2023,1,high,3,10,2,335.0,811.0,335.0,510.0,306.0,220.0,825.0,902.0,820.0,838.0,558.0
305,W2023,1,high,4,10,2,342.0,660.0,342.0,16.0,592.0,382.0,529.0,571.0,597.0,693.0,457.0
305,W2023,1,high,5,10,7,477.0,556.0,972.0,887.0,621.0,616.0,590.0,477.0,135.0,585.0,695.0
305,W2023,1,high,6,10,6,415.0,861.0,570.0,860.0,768.0,530.0,415.0,507.0,656.0,510.0,740.0
305,W2023,1,high,7,10,9,487.0,610.0,503.0,711.0,641.0,539.0,615.0,780.0,798.0,487.0,354.0
305,W2023,1,high,8,10,2,232.0,999.0,232.0,392.0,682.0,601.0,761.0,534.0,768.0,234.0,427.0
305,W2023,1,high,9,10,6,365.0,994.0,482.0,898.0,735.0,846.0,365.0,414.0,533.0,498.0,307.0
305,W2023,1,high,10,10,1,416.0,416.0,362.0,482.0,731.0,338.0,891.0,603.0,510.0,587.0,297.0
305,W2023,1,high,11,10,3,1.0,999.0,502.0,1.0,695.0,522.0,392.0,897.0,625.0,811.0,549.0
305,W2023,1,high,12,10,1,473.0,473.0,621.0,527.0,842.0,371.0,729.0,642.0,327.0,733.0,686.0
305,W2023,1,high,13,10,4,467.0,701.0,776.0,533.0,467.0,665.0,504.0,567.0,505.0,590.0,246.0
305,W2023,1,high,14,10,4,346.0,899.0,792.0,696.0,346.0,800.0,774.0,483.0,235.0,748.0,590.0
305,W2023,1,high,15,10,1,399.0,399.0,683.0,493.0,448.0,756.0,483.0,659.0,505.0,618.0,600.0
305,W2023,1,high,16,10,2,345.0,999.0,345.0,472.0,554.0,696.0,379.0,815.0,509.0,328.0,677.0
305,W2023,1,high,17,10,1,379.0,379.0,303.0,683.0,253.0,934.0,357.0,313.0,554.0,944.0,259.0
305,W2023,1,high,18,10,2,453.0,531.0,453.0,360.0,552.0,755.0,560.0,284.0,528.0,290.0,536.0
305,W2023,1,high,19,10,1,190.0,190.0,716.0,309.0,734.0,518.0,614.0,635.0,380.0,667.0,390.0
305,W2023,1,high,20,10,1,284.0,284.0,521.0,587.0,44.0,723.0,387.0,490.0,626.0,432.0,624.0
548,W2023,1,high,1,10,2,323.0,510.0,323.0,456.0,539.0,590.0,968.0,422.0,636.0,524.0,685.0
548,W2023,1,high,2,10,5,286.0,586.0,370.0,712.0,376.0,286.0,658.0,587.0,500.0,534.0,409.0
548,W2023,1,high,3,10,4,306.0,811.0,335.0,510.0,306.0,220.0,825.0,902.0,820.0,838.0,558.0
548,W2023,1,high,4,10,2,342.0,660.0,342.0,16.0,592.0,382.0,529.0,571.0,597.0,693.0,457.0
548,W2023,1,high,5,10,7,477.0,556.0,972.0,887.0,621.0,616.0,590.0,477.0,135.0,585.0,695.0
548,W2023,1,high,6,10,6,415.0,861.0,570.0,860.0,768.0,530.0,415.0,507.0,656.0,510.0,740.0
548,W2023,1,high,7,10,9,487.0,610.0,503.0,711.0,641.0,539.0,615.0,780.0,798.0,487.0,354.0
548,W2023,1,high,8,10,2,232.0,999.0,232.0,392.0,682.0,601.0,761.0,534.0,768.0,234.0,427.0
548,W2023,1,high,9,10,6,365.0,994.0,482.0,898.0,735.0,846.0,365.0,414.0,533.0,498.0,307.0
548,W2023,1,high,10,10,2,362.0,416.0,362.0,482.0,731.0,338.0,891.0,603.0,510.0,587.0,297.0
548,W2023,1,high,11,10,3,1.0,999.0,502.0,1.0,695.0,522.0,392.0,897.0,625.0,811.0,549.0
548,W2023,1,high,12,10,5,371.0,473.0,621.0,527.0,842.0,371.0,729.0,642.0,327.0,733.0,686.0
548,W2023,1,high,13,10,10,246.0,701.0,776.0,533.0,467.0,665.0,504.0,567.0,505.0,590.0,246.0
548,W2023,1,high,14,10,4,346.0,899.0,792.0,696.0,346.0,800.0,774.0,483.0,235.0,748.0,590.0
548,W2023,1,high,15,10,10,600.0,399.0,683.0,493.0,448.0,756.0,483.0,659.0,505.0,618.0,600.0
548,W2023,1,high,16,10,2,345.0,999.0,345.0,472.0,554.0,696.0,379.0,815.0,509.0,328.0,677.0
548,W2023,1,high,17,10,2,303.0,379.0,303.0,683.0,253.0,934.0,357.0,313.0,554.0,944.0,259.0
548,W2023,1,high,18,10,3,360.0,531.0,453.0,360.0,552.0,755.0,560.0,284.0,528.0,290.0,536.0
548,W2023,1,high,19,10,1,190.0,190.0,716.0,309.0,734.0,518.0,614.0,635.0,380.0,667.0,390.0
548,W2023,1,high,20,10,1,284.0,284.0,521.0,587.0,44.0,723.0,387.0,490.0,626.0,432.0,624.0
326,W2023,1,high,1,10,2,323.0,510.0,323.0,456.0,539.0,590.0,968.0,422.0,636.0,524.0,685.0
326,W2023,1,high,2,10,5,286.0,586.0,370.0,712.0,376.0,286.0,658.0,587.0,500.0,534.0,409.0
326,W2023,1,high,3,10,4,306.0,811.0,335.0,510.0,306.0,220.0,825.0,902.0,820.0,838.0,558.0
326,W2023,1,high,4,10,3,16.0,660.0,342.0,16.0,592.0,382.0,529.0,571.0,597.0,693.0,457.0
326,W2023,1,high,5,10,7,477.0,556.0,972.0,887.0,621.0,616.0,590.0,477.0,135.0,585.0,695.0
326,W2023,1,high,6,10,6,415.0,861.0,570.0,860.0,768.0,530.0,415.0,507.0,656.0,510.0,740.0
326,W2023,1,high,7,10,9,487.0,610.0,503.0,711.0,641.0,539.0,615.0,780.0,798.0,487.0,354.0
326,W2023,1,high,8,10,2,232.0,999.0,232.0,392.0,682.0,601.0,761.0,534.0,768.0,234.0,427.0
326,W2023,1,high,9,10,9,498.0,994.0,482.0,898.0,735.0,846.0,365.0,414.0,533.0,498.0,307.0
326,W2023,1,high,10,10,10,297.0,416.0,362.0,482.0,731.0,338.0,891.0,603.0,510.0,587.0,297.0
326,W2023,1,high,11,10,3,1.0,999.0,502.0,1.0,695.0,522.0,392.0,897.0,625.0,811.0,549.0
326,W2023,1,high,12,10,5,371.0,473.0,621.0,527.0,842.0,371.0,729.0,642.0,327.0,733.0,686.0
326,W2023,1,high,13,10,8,505.0,701.0,776.0,533.0,467.0,665.0,504.0,567.0,505.0,590.0,246.0
326,W2023,1,high,14,10,7,483.0,899.0,792.0,696.0,346.0,800.0,774.0,483.0,235.0,748.0,590.0
326,W2023,1,high,15,10,10,600.0,399.0,683.0,493.0,448.0,756.0,483.0,659.0,505.0,618.0,600.0
326,W2023,1,high,16,10,6,379.0,999.0,345.0,472.0,554.0,696.0,379.0,815.0,509.0,328.0,677.0
326,W2023,1,high,17,10,2,303.0,379.0,303.0,683.0,253.0,934.0,357.0,313.0,554.0,944.0,259.0
326,W2023,1,high,18,10,3,360.0,531.0,453.0,360.0,552.0,755.0,560.0,284.0,528.0,290.0,536.0
326,W2023,1,high,19,10,1,190.0,190.0,716.0,309.0,734.0,518.0,614.0,635.0,380.0,667.0,390.0
326,W2023,1,high,20,10,4,44.0,284.0,521.0,587.0,44.0,723.0,387.0,490.0,626.0,432.0,624.0
484,W2023,1,high,1,10,2,323.0,510.0,323.0,456.0,539.0,590.0,968.0,422.0,636.0,524.0,685.0
484,W2023,1,high,2,10,2,370.0,586.0,370.0,712.0,376.0,286.0,658.0,587.0,500.0,534.0,409.0
484,W2023,1,high,3,10,2,335.0,811.0,335.0,510.0,306.0,220.0,825.0,902.0,820.0,838.0,558.0
484,W2023,1,high,4,10,3,16.0,660.0,342.0,16.0,592.0,382.0,529.0,571.0,597.0,693.0,457.0
484,W2023,1,high,5,10,7,477.0,556.0,972.0,887.0,621.0,616.0,590.0,477.0,135.0,585.0,695.0
484,W2023,1,high,6,10,6,415.0,861.0,570.0,860.0,768.0,530.0,415.0,507.0,656.0,510.0,740.0
484,W2023,1,high,7,10,9,487.0,610.0,503.0,711.0,641.0,539.0,615.0,780.0,798.0,487.0,354.0
484,W2023,1,high,8,10,2,232.0,999.0,232.0,392.0,682.0,601.0,761.0,534.0,768.0,234.0,427.0
484,W2023,1,high,9,10,6,365.0,994.0,482.0,898.0,735.0,846.0,365.0,414.0,533.0,498.0,307.0
484,W2023,1,high,10,10,2,362.0,416.0,362.0,482.0,731.0,338.0,891.0,603.0,510.0,587.0,297.0
484,W2023,1,high,11,10,3,1.0,999.0,502.0,1.0,695.0,522.0,392.0,897.0,625.0,811.0,549.0
484,W2023,1,high,12,10,1,473.0,473.0,621.0,527.0,842.0,371.0,729.0,642.0,327.0,733.0,686.0
484,W2023,1,high,13,10,4,467.0,701.0,776.0,533.0,467.0,665.0,504.0,567.0,505.0,590.0,246.0
484,W2023,1,high,14,10,4,346.0,899.0,792.0,696.0,346.0,800.0,774.0,483.0,235.0,748.0,590.0
484,W2023,1,high,15,10,10,600.0,399.0,683.0,493.0,448.0,756.0,483.0,659.0,505.0,618.0,600.0
484,W2023,1,high,16,10,2,345.0,999.0,345.0,472.0,554.0,696.0,379.0,815.0,509.0,328.0,677.0
484,W2023,1,high,17,10,1,379.0,379.0,303.0,683.0,253.0,934.0,357.0,313.0,554.0,944.0,259.0
484,W2023,1,high,18,10,3,360.0,531.0,453.0,360.0,552.0,755.0,560.0,284.0,528.0,290.0,536.0
484,W2023,1,high,19,10,1,190.0,190.0,716.0,309.0,734.0,518.0,614.0,635.0,380.0,667.0,390.0
484,W2023,1,high,20,10,1,284.0,284.0,521.0,587.0,44.0,723.0,387.0,490.0,626.0,432.0,624.0
106,W2023,1,high,1,10,10,685.0,510.0,323.0,456.0,539.0,590.0,968.0,422.0,636.0,524.0,685.0
106,W2023,1,high,2,10,2,370.0,586.0,370.0,712.0,376.0,286.0,658.0,587.0,500.0,534.0,409.0
106,W2023,1,high,3,10,2,335.0,811.0,335.0,510.0,306.0,220.0,825.0,902.0,820.0,838.0,558.0
106,W2023,1,high,4,10,3,16.0,660.0,342.0,16.0,592.0,382.0,529.0,571.0,597.0,693.0,457.0
106,W2023,1,high,5,10,1,556.0,556.0,972.0,887.0,621.0,616.0,590.0,477.0,135.0,585.0,695.0
106,W2023,1,high,6,10,10,740.0,861.0,570.0,860.0,768.0,530.0,415.0,507.0,656.0,510.0,740.0
106,W2023,1,high,7,10,9,487.0,610.0,503.0,711.0,641.0,539.0,615.0,780.0,798.0,487.0,354.0
106,W2023,1,high,8,10,2,232.0,999.0,232.0,392.0,682.0,601.0,761.0,534.0,768.0,234.0,427.0
106,W2023,1,high,9,10,6,365.0,994.0,482.0,898.0,735.0,846.0,365.0,414.0,533.0,498.0,307.0
106,W2023,1,high,10,10,2,362.0,416.0,362.0,482.0,731.0,338.0,891.0,603.0,510.0,587.0,297.0
106,W2023,1,high,11,10,3,1.0,999.0,502.0,1.0,695.0,522.0,392.0,897.0,625.0,811.0,549.0
106,W2023,1,high,12,10,5,371.0,473.0,621.0,527.0,842.0,371.0,729.0,642.0,327.0,733.0,686.0
106,W2023,1,high,13,10,10,246.0,701.0,776.0,533.0,467.0,665.0,504.0,567.0,505.0,590.0,246.0
106,W2023,1,high,14,10,4,346.0,899.0,792.0,696.0,346.0,800.0,774.0,483.0,235.0,748.0,590.0
106,W2023,1,high,15,10,10,600.0,399.0,683.0,493.0,448.0,756.0,483.0,659.0,505.0,618.0,600.0
106,W2023,1,high,16,10,2,345.0,999.0,345.0,472.0,554.0,696.0,379.0,815.0,509.0,328.0,677.0
106,W2023,1,high,17,10,1,379.0,379.0,303.0,683.0,253.0,934.0,357.0,313.0,554.0,944.0,259.0
106,W2023,1,high,18,10,3,360.0,531.0,453.0,360.0,552.0,755.0,560.0,284.0,528.0,290.0,536.0
106,W2023,1,high,19,10,1,190.0,190.0,716.0,309.0,734.0,518.0,614.0,635.0,380.0,667.0,390.0
106,W2023,1,high,20,10,1,284.0,284.0,521.0,587.0,44.0,723.0,387.0,490.0,626.0,432.0,624.0
14,W2023,1,high,1,10,2,323.0,510.0,323.0,456.0,539.0,590.0,968.0,422.0,636.0,524.0,685.0
14,W2023,1,high,2,10,2,370.0,586.0,370.0,712.0,376.0,286.0,658.0,587.0,500.0,534.0,409.0
14,W2023,1,high,3,10,2,335.0,811.0,335.0,510.0,306.0,220.0,825.0,902.0,820.0,838.0,558.0
14,W2023,1,high,4,10,2,342.0,660.0,342.0,16.0,592.0,382.0,529.0,571.0,597.0,693.0,457.0
14,W2023,1,high,5,10,5,616.0,556.0,972.0,887.0,621.0,616.0,590.0,477.0,135.0,585.0,695.0
14,W2023,1,high,6,10,9,510.0,861.0,570.0,860.0,768.0,530.0,415.0,507.0,656.0,510.0,740.0
14,W2023,1,high,7,10,9,487.0,610.0,503.0,711.0,641.0,539.0,615.0,780.0,798.0,487.0,354.0
14,W2023,1,high,8,10,2,232.0,999.0,232.0,392.0,682.0,601.0,761.0,534.0,768.0,234.0,427.0
14,W2023,1,high,9,10,2,482.0,994.0,482.0,898.0,735.0,846.0,365.0,414.0,533.0,498.0,307.0
14,W2023,1,high,10,10,1,416.0,416.0,362.0,482.0,731.0,338.0,891.0,603.0,510.0,587.0,297.0
14,W2023,1,high,11,10,3,1.0,999.0,502.0,1.0,695.0,522.0,392.0,897.0,625.0,811.0,549.0
14,W2023,1,high,12,10,1,473.0,473.0,621.0,527.0,842.0,371.0,729.0,642.0,327.0,733.0,686.0
14,W2023,1,high,13,10,10,246.0,701.0,776.0,533.0,467.0,665.0,504.0,567.0,505.0,590.0,246.0
14,W2023,1,high,14,10,4,346.0,899.0,792.0,696.0,346.0,800.0,774.0,483.0,235.0,748.0,590.0
14,W2023,1,high,15,10,10,600.0,399.0,683.0,493.0,448.0,756.0,483.0,659.0,505.0,618.0,600.0
14,W2023,1,high,16,10,2,345.0,999.0,345.0,472.0,554.0,696.0,379.0,815.0,509.0,328.0,677.0
14,W2023,1,high,17,10,1,379.0,379.0,303.0,683.0,253.0,934.0,357.0,313.0,554.0,944.0,259.0
14,W2023,1,high,18,10,3,360.0,531.0,453.0,360.0,552.0,755.0,560.0,284.0,528.0,290.0,536.0
14,W2023,1,high,19,10,1,190.0,190.0,716.0,309.0,734.0,518.0,614.0,635.0,380.0,667.0,390.0
14,W2023,1,high,20,10,1,284.0,284.0,521.0,587.0,44.0,723.0,387.0,490.0,626.0,432.0,624.0
114,W2023,1,high,1,10,2,323.0,510.0,323.0,456.0,539.0,590.0,968.0,422.0,636.0,524.0,685.0
114,W2023,1,high,2,10,2,370.0,586.0,370.0,712.0,376.0,286.0,658.0,587.0,500.0,534.0,409.0
114,W2023,1,high,3,10,2,335.0,811.0,335.0,510.0,306.0,220.0,825.0,902.0,820.0,838.0,558.0
114,W2023,1,high,4,10,2,342.0,660.0,342.0,16.0,592.0,382.0,529.0,571.0,597.0,693.0,457.0
114,W2023,1,high,5,10,1,556.0,556.0,972.0,887.0,621.0,616.0,590.0,477.0,135.0,585.0,695.0
114,W2023,1,high,6,10,9,510.0,861.0,570.0,860.0,768.0,530.0,415.0,507.0,656.0,510.0,740.0
114,W2023,1,high,7,10,9,487.0,610.0,503.0,711.0,641.0,539.0,615.0,780.0,798.0,487.0,354.0
114,W2023,1,high,8,10,2,232.0,999.0,232.0,392.0,682.0,601.0,761.0,534.0,768.0,234.0,427.0
114,W2023,1,high,9,10,6,365.0,994.0,482.0,898.0,735.0,846.0,365.0,414.0,533.0,498.0,307.0
114,W2023,1,high,10,10,1,416.0,416.0,362.0,482.0,731.0,338.0,891.0,603.0,510.0,587.0,297.0
114,W2023,1,high,11,10,3,1.0,999.0,502.0,1.0,695.0,522.0,392.0,897.0,625.0,811.0,549.0
114,W2023,1,high,12,10,1,473.0,473.0,621.0,527.0,842.0,371.0,729.0,642.0,327.0,733.0,686.0
114,W2023,1,high,13,10,1,701.0,701.0,776.0,533.0,467.0,665.0,504.0,567.0,505.0,590.0,246.0
114,W2023,1,high,14,10,8,235.0,899.0,792.0,696.0,346.0,800.0,774.0,483.0,235.0,748.0,590.0
114,W2023,1,high,15,10,4,448.0,399.0,683.0,493.0,448.0,756.0,483.0,659.0,505.0,618.0,600.0
114,W2023,1,high,16,10,2,345.0,999.0,345.0,472.0,554.0,696.0,379.0,815.0,509.0,328.0,677.0
114,W2023,1,high,17,10,1,379.0,379.0,303.0,683.0,253.0,934.0,357.0,313.0,554.0,944.0,259.0
114,W2023,1,high,18,10,3,360.0,531.0,453.0,360.0,552.0,755.0,560.0,284.0,528.0,290.0,536.0
114,W2023,1,high,19,10,1,190.0,190.0,716.0,309.0,734.0,518.0,614.0,635.0,380.0,667.0,390.0
114,W2023,1,high,20,10,1,284.0,284.0,521.0,587.0,44.0,723.0,387.0,490.0,626.0,432.0,624.0
53,W2023,1,high,1,10,1,510.0,510.0,323.0,456.0,539.0,590.0,968.0,422.0,636.0,524.0,685.0
53,W2023,1,high,2,10,2,370.0,586.0,370.0,712.0,376.0,286.0,658.0,587.0,500.0,534.0,409.0
53,W2023,1,high,3,10,2,335.0,811.0,335.0,510.0,306.0,220.0,825.0,902.0,820.0,838.0,558.0
53,W2023,1,high,4,10,1,660.0,660.0,342.0,16.0,592.0,382.0,529.0,571.0,597.0,693.0,457.0
53,W2023,1,high,5,10,1,556.0,556.0,972.0,887.0,621.0,616.0,590.0,477.0,135.0,585.0,695.0
53,W2023,1,high,6,10,2,570.0,861.0,570.0,860.0,768.0,530.0,415.0,507.0,656.0,510.0,740.0
53,W2023,1,high,7,10,2,503.0,610.0,503.0,711.0,641.0,539.0,615.0,780.0,798.0,487.0,354.0
53,W2023,1,high,8,10,2,232.0,999.0,232.0,392.0,682.0,601.0,761.0,534.0,768.0,234.0,427.0
53,W2023,1,high,9,10,2,482.0,994.0,482.0,898.0,735.0,846.0,365.0,414.0,533.0,498.0,307.0
53,W2023,1,high,10,10,1,416.0,416.0,362.0,482.0,731.0,338.0,891.0,603.0,510.0,587.0,297.0
53,W2023,1,high,11,10,2,502.0,999.0,502.0,1.0,695.0,522.0,392.0,897.0,625.0,811.0,549.0
53,W2023,1,high,12,10,1,473.0,473.0,621.0,527.0,842.0,371.0,729.0,642.0,327.0,733.0,686.0
53,W2023,1,high,13,10,3,533.0,701.0,776.0,533.0,467.0,665.0,504.0,567.0,505.0,590.0,246.0
53,W2023,1,high,14,10,4,346.0,899.0,792.0,696.0,346.0,800.0,774.0,483.0,235.0,748.0,590.0
53,W2023,1,high,15,10,1,399.0,399.0,683.0,493.0,448.0,756.0,483.0,659.0,505.0,618.0,600.0
53,W2023,1,high,16,10,2,345.0,999.0,345.0,472.0,554.0,696.0,379.0,815.0,509.0,328.0,677.0
53,W2023,1,high,17,10,1,379.0,379.0,303.0,683.0,253.0,934.0,357.0,313.0,554.0,944.0,259.0
53,W2023,1,high,18,10,1,531.0,531.0,453.0,360.0,552.0,755.0,560.0,284.0,528.0,290.0,536.0
53,W2023,1,high,19,10,1,190.0,190.0,716.0,309.0,734.0,518.0,614.0,635.0,380.0,667.0,390.0
53,W2023,1,high,20,10,1,284.0,284.0,521.0,587.0,44.0,723.0,387.0,490.0,626.0,432.0,624.0
298,W2023,1,high,1,10,2,323.0,510.0,323.0,456.0,539.0,590.0,968.0,422.0,636.0,524.0,685.0
298,W2023,1,high,2,10,2,370.0,586.0,370.0,712.0,376.0,286.0,658.0,587.0,500.0,534.0,409.0
298,W2023,1,high,3,10,2,335.0,811.0,335.0,510.0,306.0,220.0,825.0,902.0,820.0,838.0,558.0
298,W2023,1,high,4,10,2,342.0,660.0,342.0,16.0,592.0,382.0,529.0,571.0,597.0,693.0,457.0
298,W2023,1,high,5,10,8,135.0,556.0,972.0,887.0,621.0,616.0,590.0,477.0,135.0,585.0,695.0
298,W2023,1,high,6,10,10,740.0,861.0,570.0,860.0,768.0,530.0,415.0,507.0,656.0,510.0,740.0
298,W2023,1,high,7,10,9,487.0,610.0,503.0,711.0,641.0,539.0,615.0,780.0,798.0,487.0,354.0
298,W2023,1,high,8,10,2,232.0,999.0,232.0,392.0,682.0,601.0,761.0,534.0,768.0,234.0,427.0
298,W2023,1,high,9,10,2,482.0,994.0,482.0,898.0,735.0,846.0,365.0,414.0,533.0,498.0,307.0
298,W2023,1,high,10,10,2,362.0,416.0,362.0,482.0,731.0,338.0,891.0,603.0,510.0,587.0,297.0
298,W2023,1,high,11,10,3,1.0,999.0,502.0,1.0,695.0,522.0,392.0,897.0,625.0,811.0,549.0
298,W2023,1,high,12,10,1,473.0,473.0,621.0,527.0,842.0,371.0,729.0,642.0,327.0,733.0,686.0
298,W2023,1,high,13,10,4,467.0,701.0,776.0,533.0,467.0,665.0,504.0,567.0,505.0,590.0,246.0
298,W2023,1,high,14,10,4,346.0,899.0,792.0,696.0,346.0,800.0,774.0,483.0,235.0,748.0,590.0
298,W2023,1,high,15,10,1,399.0,399.0,683.0,493.0,448.0,756.0,483.0,659.0,505.0,618.0,600.0
298,W2023,1,high,16,10,2,345.0,999.0,345.0,472.0,554.0,696.0,379.0,815.0,509.0,328.0,677.0
298,W2023,1,high,17,10,1,379.0,379.0,303.0,683.0,253.0,934.0,357.0,313.0,554.0,944.0,259.0
298,W2023,1,high,18,10,1,531.0,531.0,453.0,360.0,552.0,755.0,560.0,284.0,528.0,290.0,536.0
298,W2023,1,high,19,10,1,190.0,190.0,716.0,309.0,734.0,518.0,614.0,635.0,380.0,667.0,390.0
298,W2023,1,high,20,10,1,284.0,284.0,521.0,587.0,44.0,723.0,387.0,490.0,626.0,432.0,624.0
104,W2023,1,high,1,10,2,323.0,510.0,323.0,456.0,539.0,590.0,968.0,422.0,636.0,524.0,685.0
104,W2023,1,high,2,10,1,586.0,586.0,370.0,712.0,376.0,286.0,658.0,587.0,500.0,534.0,409.0
104,W2023,1,high,3,10,2,335.0,811.0,335.0,510.0,306.0,220.0,825.0,902.0,820.0,838.0,558.0
104,W2023,1,high,4,10,2,342.0,660.0,342.0,16.0,592.0,382.0,529.0,571.0,597.0,693.0,457.0
104,W2023,1,high,5,10,7,477.0,556.0,972.0,887.0,621.0,616.0,590.0,477.0,135.0,585.0,695.0
104,W2023,1,high,6,10,7,507.0,861.0,570.0,860.0,768.0,530.0,415.0,507.0,656.0,510.0,740.0
104,W2023,1,high,7,10,9,487.0,610.0,503.0,711.0,641.0,539.0,615.0,780.0,798.0,487.0,354.0
104,W2023,1,high,8,10,2,232.0,999.0,232.0,392.0,682.0,601.0,761.0,534.0,768.0,234.0,427.0
104,W2023,1,high,9,10,6,365.0,994.0,482.0,898.0,735.0,846.0,365.0,414.0,533.0,498.0,307.0
104,W2023,1,high,10,10,2,362.0,416.0,362.0,482.0,731.0,338.0,891.0,603.0,510.0,587.0,297.0
104,W2023,1,high,11,10,3,1.0,999.0,502.0,1.0,695.0,522.0,392.0,897.0,625.0,811.0,549.0
104,W2023,1,high,12,10,1,473.0,473.0,621.0,527.0,842.0,371.0,729.0,642.0,327.0,733.0,686.0
104,W2023,1,high,13,10,4,467.0,701.0,776.0,533.0,467.0,665.0,504.0,567.0,505.0,590.0,246.0
104,W2023,1,high,14,10,4,346.0,899.0,792.0,696.0,346.0,800.0,774.0,483.0,235.0,748.0,590.0
104,W2023,1,high,15,10,1,399.0,399.0,683.0,493.0,448.0,756.0,483.0,659.0,505.0,618.0,600.0
104,W2023,1,high,16,10,2,345.0,999.0,345.0,472.0,554.0,696.0,379.0,815.0,509.0,328.0,677.0
104,W2023,1,high,17,10,1,379.0,379.0,303.0,683.0,253.0,934.0,357.0,313.0,554.0,944.0,259.0
104,W2023,1,high,18,10,1,531.0,531.0,453.0,360.0,552.0,755.0,560.0,284.0,528.0,290.0,536.0
104,W2023,1,high,19,10,1,190.0,190.0,716.0,309.0,734.0,518.0,614.0,635.0,380.0,667.0,390.0
104,W2023,1,high,20,10,1,284.0,284.0,521.0,587.0,44.0,723.0,387.0,490.0,626.0,432.0,624.0
285,W2023,1,high,1,10,2,323.0,510.0,323.0,456.0,539.0,590.0,968.0,422.0,636.0,524.0,685.0
285,W2023,1,high,2,10,5,286.0,586.0,370.0,712.0,376.0,286.0,658.0,587.0,500.0,534.0,409.0
285,W2023,1,high,3,10,2,335.0,811.0,335.0,510.0,306.0,220.0,825.0,902.0,820.0,838.0,558.0
285,W2023,1,high,4,10,2,342.0,660.0,342.0,16.0,592.0,382.0,529.0,571.0,597.0,693.0,457.0
285,W2023,1,high,5,10,8,135.0,556.0,972.0,887.0,621.0,616.0,590.0,477.0,135.0,585.0,695.0
285,W2023,1,high,6,10,10,740.0,861.0,570.0,860.0,768.0,530.0,415.0,507.0,656.0,510.0,740.0
285,W2023,1,high,7,10,9,487.0,610.0,503.0,711.0,641.0,539.0,615.0,780.0,798.0,487.0,354.0
285,W2023,1,high,8,10,2,232.0,999.0,232.0,392.0,682.0,601.0,761.0,534.0,768.0,234.0,427.0
285,W2023,1,high,9,10,2,482.0,994.0,482.0,898.0,735.0,846.0,365.0,414.0,533.0,498.0,307.0
285,W2023,1,high,10,10,2,362.0,416.0,362.0,482.0,731.0,338.0,891.0,603.0,510.0,587.0,297.0
285,W2023,1,high,11,10,3,1.0,999.0,502.0,1.0,695.0,522.0,392.0,897.0,625.0,811.0,549.0
285,W2023,1,high,12,10,8,327.0,473.0,621.0,527.0,842.0,371.0,729.0,642.0,327.0,733.0,686.0
285,W2023,1,high,13,10,10,246.0,701.0,776.0,533.0,467.0,665.0,504.0,567.0,505.0,590.0,246.0
285,W2023,1,high,14,10,4,346.0,899.0,792.0,696.0,346.0,800.0,774.0,483.0,235.0,748.0,590.0
285,W2023,1,high,15,10,1,399.0,399.0,683.0,493.0,448.0,756.0,483.0,659.0,505.0,618.0,600.0
285,W2023,1,high,16,10,6,379.0,999.0,345.0,472.0,554.0,696.0,379.0,815.0,509.0,328.0,677.0
285,W2023,1,high,17,10,1,379.0,379.0,303.0,683.0,253.0,934.0,357.0,313.0,554.0,944.0,259.0
285,W2023,1,high,18,10,3,360.0,531.0,453.0,360.0,552.0,755.0,560.0,284.0,528.0,290.0,536.0
285,W2023,1,high,19,10,1,190.0,190.0,716.0,309.0,734.0,518.0,614.0,635.0,380.0,667.0,390.0
285,W2023,1,high,20,10,1,284.0,284.0,521.0,587.0,44.0,723.0,387.0,490.0,626.0,432.0,624.0
450,W2023,1,high,1,10,2,323.0,510.0,323.0,456.0,539.0,590.0,968.0,422.0,636.0,524.0,685.0
450,W2023,1,high,2,10,2,370.0,586.0,370.0,712.0,376.0,286.0,658.0,587.0,500.0,534.0,409.0
450,W2023,1,high,3,10,2,335.0,811.0,335.0,510.0,306.0,220.0,825.0,902.0,820.0,838.0,558.0
450,W2023,1,high,4,10,2,342.0,660.0,342.0,16.0,592.0,382.0,529.0,571.0,597.0,693.0,457.0
450,W2023,1,high,5,10,8,135.0,556.0,972.0,887.0,621.0,616.0,590.0,477.0,135.0,585.0,695.0
450,W2023,1,high,6,10,6,415.0,861.0,570.0,860.0,768.0,530.0,415.0,507.0,656.0,510.0,740.0
450,W2023,1,high,7,10,9,487.0,610.0,503.0,711.0,641.0,539.0,615.0,780.0,798.0,487.0,354.0
450,W2023,1,high,8,10,2,232.0,999.0,232.0,392.0,682.0,601.0,761.0,534.0,768.0,234.0,427.0
450,W2023,1,high,9,10,2,482.0,994.0,482.0,898.0,735.0,846.0,365.0,414.0,533.0,498.0,307.0
450,W2023,1,high,10,10,1,416.0,416.0,362.0,482.0,731.0,338.0,891.0,603.0,510.0,587.0,297.0
450,W2023,1,high,11,10,2,502.0,999.0,502.0,1.0,695.0,522.0,392.0,897.0,625.0,811.0,549.0
450,W2023,1,high,12,10,1,473.0,473.0,621.0,527.0,842.0,371.0,729.0,642.0,327.0,733.0,686.0
450,W2023,1,high,13,10,3,533.0,701.0,776.0,533.0,467.0,665.0,504.0,567.0,505.0,590.0,246.0
450,W2023,1,high,14,10,4,346.0,899.0,792.0,696.0,346.0,800.0,774.0,483.0,235.0,748.0,590.0
450,W2023,1,high,15,10,1,399.0,399.0,683.0,493.0,448.0,756.0,483.0,659.0,505.0,618.0,600.0
450,W2023,1,high,16,10,2,345.0,999.0,345.0,472.0,554.0,696.0,379.0,815.0,509.0,328.0,677.0
450,W2023,1,high,17,10,1,379.0,379.0,303.0,683.0,253.0,934.0,357.0,313.0,554.0,944.0,259.0
450,W2023,1,high,18,10,2,453.0,531.0,453.0,360.0,552.0,755.0,560.0,284.0,528.0,290.0,536.0
450,W2023,1,high,19,10,1,190.0,190.0,716.0,309.0,734.0,518.0,614.0,635.0,380.0,667.0,390.0
450,W2023,1,high,20,10,1,284.0,284.0,521.0,587.0,44.0,723.0,387.0,490.0,626.0,432.0,624.0
345,W2023,1,high,1,10,2,323.0,510.0,323.0,456.0,539.0,590.0,968.0,422.0,636.0,524.0,685.0
345,W2023,1,high,2,10,2,370.0,586.0,370.0,712.0,376.0,286.0,658.0,587.0,500.0,534.0,409.0
345,W2023,1,high,3,10,2,335.0,811.0,335.0,510.0,306.0,220.0,825.0,902.0,820.0,838.0,558.0
345,W2023,1,high,4,10,2,342.0,660.0,342.0,16.0,592.0,382.0,529.0,571.0,597.0,693.0,457.0
345,W2023,1,high,5,10,7,477.0,556.0,972.0,887.0,621.0,616.0,590.0,477.0,135.0,585.0,695.0
345,W2023,1,high,6,10,10,740.0,861.0,570.0,860.0,768.0,530.0,415.0,507.0,656.0,510.0,740.0
345,W2023,1,high,7,10,9,487.0,610.0,503.0,711.0,641.0,539.0,615.0,780.0,798.0,487.0,354.0
345,W2023,1,high,8,10,2,232.0,999.0,232.0,392.0,682.0,601.0,761.0,534.0,768.0,234.0,427.0
345,W2023,1,high,9,10,2,482.0,994.0,482.0,898.0,735.0,846.0,365.0,414.0,533.0,498.0,307.0
345,W2023,1,high,10,10,1,416.0,416.0,362.0,482.0,731.0,338.0,891.0,603.0,510.0,587.0,297.0
345,W2023,1,high,11,10,3,1.0,999.0,502.0,1.0,695.0,522.0,392.0,897.0,625.0,811.0,549.0
345,W2023,1,high,12,10,1,473.0,473.0,621.0,527.0,842.0,371.0,729.0,642.0,327.0,733.0,686.0
345,W2023,1,high,13,10,4,467.0,701.0,776.0,533.0,467.0,665.0,504.0,567.0,505.0,590.0,246.0
345,W2023,1,high,14,10,4,346.0,899.0,792.0,696.0,346.0,800.0,774.0,483.0,235.0,748.0,590.0
345,W2023,1,high,15,10,1,399.0,399.0,683.0,493.0,448.0,756.0,483.0,659.0,505.0,618.0,600.0
345,W2023,1,high,16,10,2,345.0,999.0,345.0,472.0,554.0,696.0,379.0,815.0,509.0,328.0,677.0
345,W2023,1,high,17,10,1,379.0,379.0,303.0,683.0,253.0,934.0,357.0,313.0,554.0,944.0,259.0
345,W2023,1,high,18,10,2,453.0,531.0,453.0,360.0,552.0,755.0,560.0,284.0,528.0,290.0,536.0
345,W2023,1,high,19,10,1,190.0,190.0,716.0,309.0,734.0,518.0,614.0,635.0,380.0,667.0,390.0
345,W2023,1,high,20,10,1,284.0,284.0,521.0,587.0,44.0,723.0,387.0,490.0,626.0,432.0,624.0
501,W2023,1,high,1,10,7,422.0,510.0,323.0,456.0,539.0,590.0,968.0,422.0,636.0,524.0,685.0
501,W2023,1,high,2,10,2,370.0,586.0,370.0,712.0,376.0,286.0,658.0,587.0,500.0,534.0,409.0
501,W2023,1,high,3,10,2,335.0,811.0,335.0,510.0,306.0,220.0,825.0,902.0,820.0,838.0,558.0
501,W2023,1,high,4,10,2,342.0,660.0,342.0,16.0,592.0,382.0,529.0,571.0,597.0,693.0,457.0
501,W2023,1,high,5,10,8,135.0,556.0,972.0,887.0,621.0,616.0,590.0,477.0,135.0,585.0,695.0
501,W2023,1,high,6,10,9,510.0,861.0,570.0,860.0,768.0,530.0,415.0,507.0,656.0,510.0,740.0
501,W2023,1,high,7,10,9,487.0,610.0,503.0,711.0,641.0,539.0,615.0,780.0,798.0,487.0,354.0
501,W2023,1,high,8,10,2,232.0,999.0,232.0,392.0,682.0,601.0,761.0,534.0,768.0,234.0,427.0
501,W2023,1,high,9,10,6,365.0,994.0,482.0,898.0,735.0,846.0,365.0,414.0,533.0,498.0,307.0
501,W2023,1,high,10,10,2,362.0,416.0,362.0,482.0,731.0,338.0,891.0,603.0,510.0,587.0,297.0
501,W2023,1,high,11,10,3,1.0,999.0,502.0,1.0,695.0,522.0,392.0,897.0,625.0,811.0,549.0
501,W2023,1,high,12,10,5,371.0,473.0,621.0,527.0,842.0,371.0,729.0,642.0,327.0,733.0,686.0
501,W2023,1,high,13,10,8,505.0,701.0,776.0,533.0,467.0,665.0,504.0,567.0,505.0,590.0,246.0
501,W2023,1,high,14,10,4,346.0,899.0,792.0,696.0,346.0,800.0,774.0,483.0,235.0,748.0,590.0
501,W2023,1,high,15,10,10,600.0,399.0,683.0,493.0,448.0,756.0,483.0,659.0,505.0,618.0,600.0
501,W2023,1,high,16,10,2,345.0,999.0,345.0,472.0,554.0,696.0,379.0,815.0,509.0,328.0,677.0
501,W2023,1,high,17,10,4,253.0,379.0,303.0,683.0,253.0,934.0,357.0,313.0,554.0,944.0,259.0
501,W2023,1,high,18,10,3,360.0,531.0,453.0,360.0,552.0,755.0,560.0,284.0,528.0,290.0,536.0
501,W2023,1,high,19,10,1,190.0,190.0,716.0,309.0,734.0,518.0,614.0,635.0,380.0,667.0,390.0
501,W2023,1,high,20,10,1,284.0,284.0,521.0,587.0,44.0,723.0,387.0,490.0,626.0,432.0,624.0
359,W2023,1,high,1,10,2,323.0,510.0,323.0,456.0,539.0,590.0,968.0,422.0,636.0,524.0,685.0
359,W2023,1,high,2,10,5,286.0,586.0,370.0,712.0,376.0,286.0,658.0,587.0,500.0,534.0,409.0
359,W2023,1,high,3,10,4,306.0,811.0,335.0,510.0,306.0,220.0,825.0,902.0,820.0,838.0,558.0
359,W2023,1,high,4,10,3,16.0,660.0,342.0,16.0,592.0,382.0,529.0,571.0,597.0,693.0,457.0
359,W2023,1,high,5,10,8,135.0,556.0,972.0,887.0,621.0,616.0,590.0,477.0,135.0,585.0,695.0
359,W2023,1,high,6,10,10,740.0,861.0,570.0,860.0,768.0,530.0,415.0,507.0,656.0,510.0,740.0
359,W2023,1,high,7,10,10,354.0,610.0,503.0,711.0,641.0,539.0,615.0,780.0,798.0,487.0,354.0
359,W2023,1,high,8,10,2,232.0,999.0,232.0,392.0,682.0,601.0,761.0,534.0,768.0,234.0,427.0
359,W2023,1,high,9,10,10,307.0,994.0,482.0,898.0,735.0,846.0,365.0,414.0,533.0,498.0,307.0
359,W2023,1,high,10,10,5,338.0,416.0,362.0,482.0,731.0,338.0,891.0,603.0,510.0,587.0,297.0
359,W2023,1,high,11,10,3,1.0,999.0,502.0,1.0,695.0,522.0,392.0,897.0,625.0,811.0,549.0
359,W2023,1,high,12,10,8,327.0,473.0,621.0,527.0,842.0,371.0,729.0,642.0,327.0,733.0,686.0
359,W2023,1,high,13,10,10,246.0,701.0,776.0,533.0,467.0,665.0,504.0,567.0,505.0,590.0,246.0
359,W2023,1,high,14,10,8,235.0,899.0,792.0,696.0,346.0,800.0,774.0,483.0,235.0,748.0,590.0
359,W2023,1,high,15,10,1,399.0,399.0,683.0,493.0,448.0,756.0,483.0,659.0,505.0,618.0,600.0
359,W2023,1,high,16,10,9,328.0,999.0,345.0,472.0,554.0,696.0,379.0,815.0,509.0,328.0,677.0
359,W2023,1,high,17,10,2,303.0,379.0,303.0,683.0,253.0,934.0,357.0,313.0,554.0,944.0,259.0
359,W2023,1,high,18,10,7,284.0,531.0,453.0,360.0,552.0,755.0,560.0,284.0,528.0,290.0,536.0
359,W2023,1,high,19,10,1,190.0,190.0,716.0,309.0,734.0,518.0,614.0,635.0,380.0,667.0,390.0
359,W2023,1,high,20,10,1,284.0,284.0,521.0,587.0,44.0,723.0,387.0,490.0,626.0,432.0,624.0
510,W2023,1,high,1,10,2,323.0,510.0,323.0,456.0,539.0,590.0,968.0,422.0,636.0,524.0,685.0
510,W2023,1,high,2,10,2,370.0,586.0,370.0,712.0,376.0,286.0,658.0,587.0,500.0,534.0,409.0
510,W2023,1,high,3,10,2,335.0,811.0,335.0,510.0,306.0,220.0,825.0,902.0,820.0,838.0,558.0
510,W2023,1,high,4,10,3,16.0,660.0,342.0,16.0,592.0,382.0,529.0,571.0,597.0,693.0,457.0
510,W2023,1,high,5,10,8,135.0,556.0,972.0,887.0,621.0,616.0,590.0,477.0,135.0,585.0,695.0
510,W2023,1,high,6,10,9,510.0,861.0,570.0,860.0,768.0,530.0,415.0,507.0,656.0,510.0,740.0
510,W2023,1,high,7,10,9,487.0,610.0,503.0,711.0,641.0,539.0,615.0,780.0,798.0,487.0,354.0
510,W2023,1,high,8,10,2,232.0,999.0,232.0,392.0,682.0,601.0,761.0,534.0,768.0,234.0,427.0
510,W2023,1,high,9,10,6,365.0,994.0,482.0,898.0,735.0,846.0,365.0,414.0,533.0,498.0,307.0
510,W2023,1,high,10,10,2,362.0,416.0,362.0,482.0,731.0,338.0,891.0,603.0,510.0,587.0,297.0
510,W2023,1,high,11,10,3,1.0,999.0,502.0,1.0,695.0,522.0,392.0,897.0,625.0,811.0,549.0
510,W2023,1,high,12,10,8,327.0,473.0,621.0,527.0,842.0,371.0,729.0,642.0,327.0,733.0,686.0
510,W2023,1,high,13,10,8,505.0,701.0,776.0,533.0,467.0,665.0,504.0,567.0,505.0,590.0,246.0
510,W2023,1,high,14,10,4,346.0,899.0,792.0,696.0,346.0,800.0,774.0,483.0,235.0,748.0,590.0
510,W2023,1,high,15,10,10,600.0,399.0,683.0,493.0,448.0,756.0,483.0,659.0,505.0,618.0,600.0
510,W2023,1,high,16,10,6,379.0,999.0,345.0,472.0,554.0,696.0,379.0,815.0,509.0,328.0,677.0
510,W2023,1,high,17,10,1,379.0,379.0,303.0,683.0,253.0,934.0,357.0,313.0,554.0,944.0,259.0
510,W2023,1,high,18,10,3,360.0,531.0,453.0,360.0,552.0,755.0,560.0,284.0,528.0,290.0,536.0
510,W2023,1,high,19,10,1,190.0,190.0,716.0,309.0,734.0,518.0,614.0,635.0,380.0,667.0,390.0
510,W2023,1,high,20,10,1,284.0,284.0,521.0,587.0,44.0,723.0,387.0,490.0,626.0,432.0,624.0
523,W2023,1,high,1,10,2,323.0,510.0,323.0,456.0,539.0,590.0,968.0,422.0,636.0,524.0,685.0
523,W2023,1,high,2,10,2,370.0,586.0,370.0,712.0,376.0,286.0,658.0,587.0,500.0,534.0,409.0
523,W2023,1,high,3,10,4,306.0,811.0,335.0,510.0,306.0,220.0,825.0,902.0,820.0,838.0,558.0
523,W2023,1,high,4,10,2,342.0,660.0,342.0,16.0,592.0,382.0,529.0,571.0,597.0,693.0,457.0
523,W2023,1,high,5,10,7,477.0,556.0,972.0,887.0,621.0,616.0,590.0,477.0,135.0,585.0,695.0
523,W2023,1,high,6,10,10,740.0,861.0,570.0,860.0,768.0,530.0,415.0,507.0,656.0,510.0,740.0
523,W2023,1,high,7,10,9,487.0,610.0,503.0,711.0,641.0,539.0,615.0,780.0,798.0,487.0,354.0
523,W2023,1,high,8,10,2,232.0,999.0,232.0,392.0,682.0,601.0,761.0,534.0,768.0,234.0,427.0
523,W2023,1,high,9,10,6,365.0,994.0,482.0,898.0,735.0,846.0,365.0,414.0,533.0,498.0,307.0
523,W2023,1,high,10,10,5,338.0,416.0,362.0,482.0,731.0,338.0,891.0,603.0,510.0,587.0,297.0
523,W2023,1,high,11,10,2,502.0,999.0,502.0,1.0,695.0,522.0,392.0,897.0,625.0,811.0,549.0
523,W2023,1,high,12,10,5,371.0,473.0,621.0,527.0,842.0,371.0,729.0,642.0,327.0,733.0,686.0
523,W2023,1,high,13,10,8,505.0,701.0,776.0,533.0,467.0,665.0,504.0,567.0,505.0,590.0,246.0
523,W2023,1,high,14,10,4,346.0,899.0,792.0,696.0,346.0,800.0,774.0,483.0,235.0,748.0,590.0
523,W2023,1,high,15,10,1,399.0,399.0,683.0,493.0,448.0,756.0,483.0,659.0,505.0,618.0,600.0
523,W2023,1,high,16,10,2,345.0,999.0,345.0,472.0,554.0,696.0,379.0,815.0,509.0,328.0,677.0
523,W2023,1,high,17,10,10,259.0,379.0,303.0,683.0,253.0,934.0,357.0,313.0,554.0,944.0,259.0
523,W2023,1,high,18,10,3,360.0,531.0,453.0,360.0,552.0,755.0,560.0,284.0,528.0,290.0,536.0
523,W2023,1,high,19,10,1,190.0,190.0,716.0,309.0,734.0,518.0,614.0,635.0,380.0,667.0,390.0
523,W2023,1,high,20,10,1,284.0,284.0,521.0,587.0,44.0,723.0,387.0,490.0,626.0,432.0,624.0
175,W2023,1,low,1,10,10,523.0,522.0,540.0,488.0,455.0,491.0,578.0,490.0,529.0,622.0,523.0
175,W2023,1,low,2,10,9,514.0,547.0,522.0,608.0,588.0,492.0,626.0,653.0,619.0,514.0,457.0
175,W2023,1,low,3,10,2,458.0,556.0,458.0,581.0,712.0,387.0,585.0,557.0,570.0,586.0,475.0
175,W2023,1,low,4,10,8,476.0,569.0,589.0,469.0,561.0,494.0,570.0,630.0,476.0,669.0,601.0
175,W2023,1,low,5,10,9,469.0,555.0,599.0,568.0,598.0,560.0,533.0,552.0,546.0,469.0,627.0
175,W2023,1,low,6,10,10,561.0,549.0,542.0,560.0,550.0,611.0,606.0,558.0,586.0,556.0,561.0
175,W2023,1,low,7,10,10,606.0,496.0,575.0,545.0,600.0,589.0,522.0,533.0,559.0,593.0,606.0
175,W2023,1,low,8,10,9,541.0,566.0,594.0,601.0,499.0,572.0,477.0,574.0,503.0,541.0,559.0
175,W2023,1,low,9,10,7,454.0,517.0,638.0,533.0,542.0,496.0,491.0,454.0,557.0,556.0,562.0
175,W2023,1,low,10,10,1,440.0,440.0,591.0,438.0,597.0,517.0,512.0,534.0,642.0,550.0,659.0
175,W2023,1,low,11,10,7,472.0,573.0,584.0,593.0,652.0,531.0,596.0,472.0,553.0,468.0,557.0
175,W2023,1,low,12,10,8,464.0,589.0,523.0,526.0,570.0,515.0,558.0,550.0,464.0,503.0,573.0
175,W2023,1,low,13,10,10,534.0,570.0,533.0,562.0,493.0,610.0,521.0,489.0,569.0,607.0,534.0
175,W2023,1,low,14,10,2,468.0,494.0,468.0,564.0,525.0,484.0,667.0,542.0,521.0,618.0,596.0
175,W2023,1,low,15,10,7,457.0,636.0,561.0,538.0,601.0,515.0,516.0,457.0,555.0,512.0,599.0
175,W2023,1,low,16,10,6,485.0,579.0,571.0,612.0,538.0,542.0,485.0,552.0,567.0,524.0,545.0
175,W2023,1,low,17,10,1,476.0,476.0,609.0,511.0,604.0,490.0,561.0,529.0,558.0,525.0,553.0
175,W2023,1,low,18,10,9,458.0,522.0,616.0,496.0,640.0,608.0,587.0,545.0,611.0,458.0,552.0
175,W2023,1,low,19,10,7,494.0,566.0,511.0,533.0,515.0,570.0,502.0,494.0,574.0,516.0,492.0
175,W2023,1,low,20,10,9,499.0,533.0,603.0,563.0,534.0,550.0,567.0,546.0,527.0,499.0,517.0
217,W2023,1,low,1,10,4,455.0,522.0,540.0,488.0,455.0,491.0,578.0,490.0,529.0,622.0,523.0
217,W2023,1,low,2,10,5,492.0,547.0,522.0,608.0,588.0,492.0,626.0,653.0,619.0,514.0,457.0
217,W2023,1,low,3,10,2,458.0,556.0,458.0,581.0,712.0,387.0,585.0,557.0,570.0,586.0,475.0
217,W2023,1,low,4,10,3,469.0,569.0,589.0,469.0,561.0,494.0,570.0,630.0,476.0,669.0,601.0
217,W2023,1,low,5,10,9,469.0,555.0,599.0,568.0,598.0,560.0,533.0,552.0,546.0,469.0,627.0
217,W2023,1,low,6,10,10,561.0,549.0,542.0,560.0,550.0,611.0,606.0,558.0,586.0,556.0,561.0
217,W2023,1,low,7,10,1,496.0,496.0,575.0,545.0,600.0,589.0,522.0,533.0,559.0,593.0,606.0
217,W2023,1,low,8,10,6,477.0,566.0,594.0,601.0,499.0,572.0,477.0,574.0,503.0,541.0,559.0
217,W2023,1,low,9,10,5,496.0,517.0,638.0,533.0,542.0,496.0,491.0,454.0,557.0,556.0,562.0
217,W2023,1,low,10,10,1,440.0,440.0,591.0,438.0,597.0,517.0,512.0,534.0,642.0,550.0,659.0
217,W2023,1,low,11,10,7,472.0,573.0,584.0,593.0,652.0,531.0,596.0,472.0,553.0,468.0,557.0
217,W2023,1,low,12,10,8,464.0,589.0,523.0,526.0,570.0,515.0,558.0,550.0,464.0,503.0,573.0
217,W2023,1,low,13,10,7,489.0,570.0,533.0,562.0,493.0,610.0,521.0,489.0,569.0,607.0,534.0
217,W2023,1,low,14,10,1,494.0,494.0,468.0,564.0,525.0,484.0,667.0,542.0,521.0,618.0,596.0
217,W2023,1,low,15,10,7,457.0,636.0,561.0,538.0,601.0,515.0,516.0,457.0,555.0,512.0,599.0
217,W2023,1,low,16,10,6,485.0,579.0,571.0,612.0,538.0,542.0,485.0,552.0,567.0,524.0,545.0
217,W2023,1,low,17,10,5,490.0,476.0,609.0,511.0,604.0,490.0,561.0,529.0,558.0,525.0,553.0
217,W2023,1,low,18,10,3,496.0,522.0,616.0,496.0,640.0,608.0,587.0,545.0,611.0,458.0,552.0
217,W2023,1,low,19,10,6,502.0,566.0,511.0,533.0,515.0,570.0,502.0,494.0,574.0,516.0,492.0
217,W2023,1,low,20,10,9,499.0,533.0,603.0,563.0,534.0,550.0,567.0,546.0,527.0,499.0,517.0
577,W2023,1,low,1,10,1,522.0,522.0,540.0,488.0,455.0,491.0,578.0,490.0,529.0,622.0,523.0
577,W2023,1,low,2,10,1,547.0,547.0,522.0,608.0,588.0,492.0,626.0,653.0,619.0,514.0,457.0
577,W2023,1,low,3,10,1,556.0,556.0,458.0,581.0,712.0,387.0,585.0,557.0,570.0,586.0,475.0
577,W2023,1,low,4,10,3,469.0,569.0,589.0,469.0,561.0,494.0,570.0,630.0,476.0,669.0,601.0
577,W2023,1,low,5,10,1,555.0,555.0,599.0,568.0,598.0,560.0,533.0,552.0,546.0,469.0,627.0
577,W2023,1,low,6,10,1,549.0,549.0,542.0,560.0,550.0,611.0,606.0,558.0,586.0,556.0,561.0
577,W2023,1,low,7,10,1,496.0,496.0,575.0,545.0,600.0,589.0,522.0,533.0,559.0,593.0,606.0
577,W2023,1,low,8,10,1,566.0,566.0,594.0,601.0,499.0,572.0,477.0,574.0,503.0,541.0,559.0
577,W2023,1,low,9,10,1,517.0,517.0,638.0,533.0,542.0,496.0,491.0,454.0,557.0,556.0,562.0
577,W2023,1,low,10,10,1,440.0,440.0,591.0,438.0,597.0,517.0,512.0,534.0,642.0,550.0,659.0
577,W2023,1,low,11,10,1,573.0,573.0,584.0,593.0,652.0,531.0,596.0,472.0,553.0,468.0,557.0
577,W2023,1,low,12,10,1,589.0,589.0,523.0,526.0,570.0,515.0,558.0,550.0,464.0,503.0,573.0
577,W2023,1,low,13,10,1,570.0,570.0,533.0,562.0,493.0,610.0,521.0,489.0,569.0,607.0,534.0
577,W2023,1,low,14,10,1,494.0,494.0,468.0,564.0,525.0,484.0,667.0,542.0,521.0,618.0,596.0
577,W2023,1,low,15,10,2,561.0,636.0,561.0,538.0,601.0,515.0,516.0,457.0,555.0,512.0,599.0
577,W2023,1,low,16,10,1,579.0,579.0,571.0,612.0,538.0,542.0,485.0,552.0,567.0,524.0,545.0
577,W2023,1,low,17,10,1,476.0,476.0,609.0,511.0,604.0,490.0,561.0,529.0,558.0,525.0,553.0
577,W2023,1,low,18,10,1,522.0,522.0,616.0,496.0,640.0,608.0,587.0,545.0,611.0,458.0,552.0
577,W2023,1,low,19,10,1,566.0,566.0,511.0,533.0,515.0,570.0,502.0,494.0,574.0,516.0,492.0
577,W2023,1,low,20,10,1,533.0,533.0,603.0,563.0,534.0,550.0,567.0,546.0,527.0,499.0,517.0
299,W2023,1,low,1,10,3,488.0,522.0,540.0,488.0,455.0,491.0,578.0,490.0,529.0,622.0,523.0
299,W2023,1,low,2,10,10,457.0,547.0,522.0,608.0,588.0,492.0,626.0,653.0,619.0,514.0,457.0
299,W2023,1,low,3,10,2,458.0,556.0,458.0,581.0,712.0,387.0,585.0,557.0,570.0,586.0,475.0
299,W2023,1,low,4,10,3,469.0,569.0,589.0,469.0,561.0,494.0,570.0,630.0,476.0,669.0,601.0
299,W2023,1,low,5,10,9,469.0,555.0,599.0,568.0,598.0,560.0,533.0,552.0,546.0,469.0,627.0
299,W2023,1,low,6,10,10,561.0,549.0,542.0,560.0,550.0,611.0,606.0,558.0,586.0,556.0,561.0
299,W2023,1,low,7,10,1,496.0,496.0,575.0,545.0,600.0,589.0,522.0,533.0,559.0,593.0,606.0
299,W2023,1,low,8,10,6,477.0,566.0,594.0,601.0,499.0,572.0,477.0,574.0,503.0,541.0,559.0
299,W2023,1,low,9,10,6,491.0,517.0,638.0,533.0,542.0,496.0,491.0,454.0,557.0,556.0,562.0
299,W2023,1,low,10,10,1,440.0,440.0,591.0,438.0,597.0,517.0,512.0,534.0,642.0,550.0,659.0
299,W2023,1,low,11,10,7,472.0,573.0,584.0,593.0,652.0,531.0,596.0,472.0,553.0,468.0,557.0
299,W2023,1,low,12,10,8,464.0,589.0,523.0,526.0,570.0,515.0,558.0,550.0,464.0,503.0,573.0
299,W2023,1,low,13,10,4,493.0,570.0,533.0,562.0,493.0,610.0,521.0,489.0,569.0,607.0,534.0
299,W2023,1,low,14,10,2,468.0,494.0,468.0,564.0,525.0,484.0,667.0,542.0,521.0,618.0,596.0
299,W2023,1,low,15,10,7,457.0,636.0,561.0,538.0,601.0,515.0,516.0,457.0,555.0,512.0,599.0
299,W2023,1,low,16,10,6,485.0,579.0,571.0,612.0,538.0,542.0,485.0,552.0,567.0,524.0,545.0
299,W2023,1,low,17,10,1,476.0,476.0,609.0,511.0,604.0,490.0,561.0,529.0,558.0,525.0,553.0
299,W2023,1,low,18,10,9,458.0,522.0,616.0,496.0,640.0,608.0,587.0,545.0,611.0,458.0,552.0
299,W2023,1,low,19,10,10,492.0,566.0,511.0,533.0,515.0,570.0,502.0,494.0,574.0,516.0,492.0
299,W2023,1,low,20,10,9,499.0,533.0,603.0,563.0,534.0,550.0,567.0,546.0,527.0,499.0,517.0
368,W2023,1,low,1,10,10,523.0,522.0,540.0,488.0,455.0,491.0,578.0,490.0,529.0,622.0,523.0
368,W2023,1,low,2,10,5,492.0,547.0,522.0,608.0,588.0,492.0,626.0,653.0,619.0,514.0,457.0
368,W2023,1,low,3,10,2,458.0,556.0,458.0,581.0,712.0,387.0,585.0,557.0,570.0,586.0,475.0
368,W2023,1,low,4,10,3,469.0,569.0,589.0,469.0,561.0,494.0,570.0,630.0,476.0,669.0,601.0
368,W2023,1,low,5,10,9,469.0,555.0,599.0,568.0,598.0,560.0,533.0,552.0,546.0,469.0,627.0
368,W2023,1,low,6,10,10,561.0,549.0,542.0,560.0,550.0,611.0,606.0,558.0,586.0,556.0,561.0
368,W2023,1,low,7,10,10,606.0,496.0,575.0,545.0,600.0,589.0,522.0,533.0,559.0,593.0,606.0
368,W2023,1,low,8,10,6,477.0,566.0,594.0,601.0,499.0,572.0,477.0,574.0,503.0,541.0,559.0
368,W2023,1,low,9,10,7,454.0,517.0,638.0,533.0,542.0,496.0,491.0,454.0,557.0,556.0,562.0
368,W2023,1,low,10,10,3,438.0,440.0,591.0,438.0,597.0,517.0,512.0,534.0,642.0,550.0,659.0
368,W2023,1,low,11,10,7,472.0,573.0,584.0,593.0,652.0,531.0,596.0,472.0,553.0,468.0,557.0
368,W2023,1,low,12,10,8,464.0,589.0,523.0,526.0,570.0,515.0,558.0,550.0,464.0,503.0,573.0
368,W2023,1,low,13,10,10,534.0,570.0,533.0,562.0,493.0,610.0,521.0,489.0,569.0,607.0,534.0
368,W2023,1,low,14,10,10,596.0,494.0,468.0,564.0,525.0,484.0,667.0,542.0,521.0,618.0,596.0
368,W2023,1,low,15,10,7,457.0,636.0,561.0,538.0,601.0,515.0,516.0,457.0,555.0,512.0,599.0
368,W2023,1,low,16,10,10,545.0,579.0,571.0,612.0,538.0,542.0,485.0,552.0,567.0,524.0,545.0
368,W2023,1,low,17,10,1,476.0,476.0,609.0,511.0,604.0,490.0,561.0,529.0,558.0,525.0,553.0
368,W2023,1,low,18,10,9,458.0,522.0,616.0,496.0,640.0,608.0,587.0,545.0,611.0,458.0,552.0
368,W2023,1,low,19,10,7,494.0,566.0,511.0,533.0,515.0,570.0,502.0,494.0,574.0,516.0,492.0
368,W2023,1,low,20,10,8,527.0,533.0,603.0,563.0,534.0,550.0,567.0,546.0,527.0,499.0,517.0
519,W2023,1,low,1,10,3,488.0,522.0,540.0,488.0,455.0,491.0,578.0,490.0,529.0,622.0,523.0
519,W2023,1,low,2,10,5,492.0,547.0,522.0,608.0,588.0,492.0,626.0,653.0,619.0,514.0,457.0
519,W2023,1,low,3,10,2,458.0,556.0,458.0,581.0,712.0,387.0,585.0,557.0,570.0,586.0,475.0
519,W2023,1,low,4,10,3,469.0,569.0,589.0,469.0,561.0,494.0,570.0,630.0,476.0,669.0,601.0
519,W2023,1,low,5,10,6,533.0,555.0,599.0,568.0,598.0,560.0,533.0,552.0,546.0,469.0,627.0
519,W2023,1,low,6,10,10,561.0,549.0,542.0,560.0,550.0,611.0,606.0,558.0,586.0,556.0,561.0
519,W2023,1,low,7,10,10,606.0,496.0,575.0,545.0,600.0,589.0,522.0,533.0,559.0,593.0,606.0
519,W2023,1,low,8,10,4,499.0,566.0,594.0,601.0,499.0,572.0,477.0,574.0,503.0,541.0,559.0
519,W2023,1,low,9,10,5,496.0,517.0,638.0,533.0,542.0,496.0,491.0,454.0,557.0,556.0,562.0
519,W2023,1,low,10,10,1,440.0,440.0,591.0,438.0,597.0,517.0,512.0,534.0,642.0,550.0,659.0
519,W2023,1,low,11,10,7,472.0,573.0,584.0,593.0,652.0,531.0,596.0,472.0,553.0,468.0,557.0
519,W2023,1,low,12,10,8,464.0,589.0,523.0,526.0,570.0,515.0,558.0,550.0,464.0,503.0,573.0
519,W2023,1,low,13,10,4,493.0,570.0,533.0,562.0,493.0,610.0,521.0,489.0,569.0,607.0,534.0
519,W2023,1,low,14,10,10,596.0,494.0,468.0,564.0,525.0,484.0,667.0,542.0,521.0,618.0,596.0
519,W2023,1,low,15,10,5,515.0,636.0,561.0,538.0,601.0,515.0,516.0,457.0,555.0,512.0,599.0
519,W2023,1,low,16,10,4,538.0,579.0,571.0,612.0,538.0,542.0,485.0,552.0,567.0,524.0,545.0
519,W2023,1,low,17,10,1,476.0,476.0,609.0,511.0,604.0,490.0,561.0,529.0,558.0,525.0,553.0
519,W2023,1,low,18,10,3,496.0,522.0,616.0,496.0,640.0,608.0,587.0,545.0,611.0,458.0,552.0
519,W2023,1,low,19,10,6,502.0,566.0,511.0,533.0,515.0,570.0,502.0,494.0,574.0,516.0,492.0
519,W2023,1,low,20,10,8,527.0,533.0,603.0,563.0,534.0,550.0,567.0,546.0,527.0,499.0,517.0
38,W2023,1,low,1,10,1,522.0,522.0,540.0,488.0,455.0,491.0,578.0,490.0,529.0,622.0,523.0
38,W2023,1,low,2,10,1,547.0,547.0,522.0,608.0,588.0,492.0,626.0,653.0,619.0,514.0,457.0
38,W2023,1,low,3,10,2,458.0,556.0,458.0,581.0,712.0,387.0,585.0,557.0,570.0,586.0,475.0
38,W2023,1,low,4,10,3,469.0,569.0,589.0,469.0,561.0,494.0,570.0,630.0,476.0,669.0,601.0
38,W2023,1,low,5,10,6,533.0,555.0,599.0,568.0,598.0,560.0,533.0,552.0,546.0,469.0,627.0
38,W2023,1,low,6,10,2,542.0,549.0,542.0,560.0,550.0,611.0,606.0,558.0,586.0,556.0,561.0
38,W2023,1,low,7,10,1,496.0,496.0,575.0,545.0,600.0,589.0,522.0,533.0,559.0,593.0,606.0
38,W2023,1,low,8,10,4,499.0,566.0,594.0,601.0,499.0,572.0,477.0,574.0,503.0,541.0,559.0
38,W2023,1,low,9,10,1,517.0,517.0,638.0,533.0,542.0,496.0,491.0,454.0,557.0,556.0,562.0
38,W2023,1,low,10,10,1,440.0,440.0,591.0,438.0,597.0,517.0,512.0,534.0,642.0,550.0,659.0
38,W2023,1,low,11,10,5,531.0,573.0,584.0,593.0,652.0,531.0,596.0,472.0,553.0,468.0,557.0
38,W2023,1,low,12,10,2,523.0,589.0,523.0,526.0,570.0,515.0,558.0,550.0,464.0,503.0,573.0
38,W2023,1,low,13,10,2,533.0,570.0,533.0,562.0,493.0,610.0,521.0,489.0,569.0,607.0,534.0
38,W2023,1,low,14,10,1,494.0,494.0,468.0,564.0,525.0,484.0,667.0,542.0,521.0,618.0,596.0
38,W2023,1,low,15,10,3,538.0,636.0,561.0,538.0,601.0,515.0,516.0,457.0,555.0,512.0,599.0
38,W2023,1,low,16,10,4,538.0,579.0,571.0,612.0,538.0,542.0,485.0,552.0,567.0,524.0,545.0
38,W2023,1,low,17,10,1,476.0,476.0,609.0,511.0,604.0,490.0,561.0,529.0,558.0,525.0,553.0
38,W2023,1,low,18,10,1,522.0,522.0,616.0,496.0,640.0,608.0,587.0,545.0,611.0,458.0,552.0
38,W2023,1,low,19,10,2,511.0,566.0,511.0,533.0,515.0,570.0,502.0,494.0,574.0,516.0,492.0
38,W2023,1,low,20,10,1,533.0,533.0,603.0,563.0,534.0,550.0,567.0,546.0,527.0,499.0,517.0
172,W2023,1,low,1,10,3,488.0,522.0,540.0,488.0,455.0,491.0,578.0,490.0,529.0,622.0,523.0
172,W2023,1,low,2,10,9,514.0,547.0,522.0,608.0,588.0,492.0,626.0,653.0,619.0,514.0,457.0
172,W2023,1,low,3,10,2,458.0,556.0,458.0,581.0,712.0,387.0,585.0,557.0,570.0,586.0,475.0
172,W2023,1,low,4,10,3,469.0,569.0,589.0,469.0,561.0,494.0,570.0,630.0,476.0,669.0,601.0
172,W2023,1,low,5,10,9,469.0,555.0,599.0,568.0,598.0,560.0,533.0,552.0,546.0,469.0,627.0
172,W2023,1,low,6,10,10,561.0,549.0,542.0,560.0,550.0,611.0,606.0,558.0,586.0,556.0,561.0
172,W2023,1,low,7,10,10,606.0,496.0,575.0,545.0,600.0,589.0,522.0,533.0,559.0,593.0,606.0
172,W2023,1,low,8,10,6,477.0,566.0,594.0,601.0,499.0,572.0,477.0,574.0,503.0,541.0,559.0
172,W2023,1,low,9,10,7,454.0,517.0,638.0,533.0,542.0,496.0,491.0,454.0,557.0,556.0,562.0
172,W2023,1,low,10,10,1,440.0,440.0,591.0,438.0,597.0,517.0,512.0,534.0,642.0,550.0,659.0
172,W2023,1,low,11,10,9,468.0,573.0,584.0,593.0,652.0,531.0,596.0,472.0,553.0,468.0,557.0
172,W2023,1,low,12,10,8,464.0,589.0,523.0,526.0,570.0,515.0,558.0,550.0,464.0,503.0,573.0
172,W2023,1,low,13,10,10,534.0,570.0,533.0,562.0,493.0,610.0,521.0,489.0,569.0,607.0,534.0
172,W2023,1,low,14,10,10,596.0,494.0,468.0,564.0,525.0,484.0,667.0,542.0,521.0,618.0,596.0
172,W2023,1,low,15,10,7,457.0,636.0,561.0,538.0,601.0,515.0,516.0,457.0,555.0,512.0,599.0
172,W2023,1,low,16,10,6,485.0,579.0,571.0,612.0,538.0,542.0,485.0,552.0,567.0,524.0,545.0
172,W2023,1,low,17,10,1,476.0,476.0,609.0,511.0,604.0,490.0,561.0,529.0,558.0,525.0,553.0
172,W2023,1,low,18,10,9,458.0,522.0,616.0,496.0,640.0,608.0,587.0,545.0,611.0,458.0,552.0
172,W2023,1,low,19,10,10,492.0,566.0,511.0,533.0,515.0,570.0,502.0,494.0,574.0,516.0,492.0
172,W2023,1,low,20,10,9,499.0,533.0,603.0,563.0,534.0,550.0,567.0,546.0,527.0,499.0,517.0
177,W2023,1,low,1,10,1,522.0,522.0,540.0,488.0,455.0,491.0,578.0,490.0,529.0,622.0,523.0
177,W2023,1,low,2,10,5,492.0,547.0,522.0,608.0,588.0,492.0,626.0,653.0,619.0,514.0,457.0
177,W2023,1,low,3,10,2,458.0,556.0,458.0,581.0,712.0,387.0,585.0,557.0,570.0,586.0,475.0
177,W2023,1,low,4,10,3,469.0,569.0,589.0,469.0,561.0,494.0,570.0,630.0,476.0,669.0,601.0
177,W2023,1,low,5,10,9,469.0,555.0,599.0,568.0,598.0,560.0,533.0,552.0,546.0,469.0,627.0
177,W2023,1,low,6,10,10,561.0,549.0,542.0,560.0,550.0,611.0,606.0,558.0,586.0,556.0,561.0
177,W2023,1,low,7,10,1,496.0,496.0,575.0,545.0,600.0,589.0,522.0,533.0,559.0,593.0,606.0
177,W2023,1,low,8,10,4,499.0,566.0,594.0,601.0,499.0,572.0,477.0,574.0,503.0,541.0,559.0
177,W2023,1,low,9,10,5,496.0,517.0,638.0,533.0,542.0,496.0,491.0,454.0,557.0,556.0,562.0
177,W2023,1,low,10,10,1,440.0,440.0,591.0,438.0,597.0,517.0,512.0,534.0,642.0,550.0,659.0
177,W2023,1,low,11,10,5,531.0,573.0,584.0,593.0,652.0,531.0,596.0,472.0,553.0,468.0,557.0
177,W2023,1,low,12,10,2,523.0,589.0,523.0,526.0,570.0,515.0,558.0,550.0,464.0,503.0,573.0
177,W2023,1,low,13,10,4,493.0,570.0,533.0,562.0,493.0,610.0,521.0,489.0,569.0,607.0,534.0
177,W2023,1,low,14,10,1,494.0,494.0,468.0,564.0,525.0,484.0,667.0,542.0,521.0,618.0,596.0
177,W2023,1,low,15,10,7,457.0,636.0,561.0,538.0,601.0,515.0,516.0,457.0,555.0,512.0,599.0
177,W2023,1,low,16,10,6,485.0,579.0,571.0,612.0,538.0,542.0,485.0,552.0,567.0,524.0,545.0
177,W2023,1,low,17,10,1,476.0,476.0,609.0,511.0,604.0,490.0,561.0,529.0,558.0,525.0,553.0
177,W2023,1,low,18,10,1,522.0,522.0,616.0,496.0,640.0,608.0,587.0,545.0,611.0,458.0,552.0
177,W2023,1,low,19,10,6,502.0,566.0,511.0,533.0,515.0,570.0,502.0,494.0,574.0,516.0,492.0
177,W2023,1,low,20,10,1,533.0,533.0,603.0,563.0,534.0,550.0,567.0,546.0,527.0,499.0,517.0
555,W2023,1,low,1,10,3,488.0,522.0,540.0,488.0,455.0,491.0,578.0,490.0,529.0,622.0,523.0
555,W2023,1,low,2,10,5,492.0,547.0,522.0,608.0,588.0,492.0,626.0,653.0,619.0,514.0,457.0
555,W2023,1,low,3,10,2,458.0,556.0,458.0,581.0,712.0,387.0,585.0,557.0,570.0,586.0,475.0
555,W2023,1,low,4,10,3,469.0,569.0,589.0,469.0,561.0,494.0,570.0,630.0,476.0,669.0,601.0
555,W2023,1,low,5,10,9,469.0,555.0,599.0,568.0,598.0,560.0,533.0,552.0,546.0,469.0,627.0
555,W2023,1,low,6,10,1,549.0,549.0,542.0,560.0,550.0,611.0,606.0,558.0,586.0,556.0,561.0
555,W2023,1,low,7,10,1,496.0,496.0,575.0,545.0,600.0,589.0,522.0,533.0,559.0,593.0,606.0
555,W2023,1,low,8,10,6,477.0,566.0,594.0,601.0,499.0,572.0,477.0,574.0,503.0,541.0,559.0
555,W2023,1,low,9,10,5,496.0,517.0,638.0,533.0,542.0,496.0,491.0,454.0,557.0,556.0,562.0
555,W2023,1,low,10,10,1,440.0,440.0,591.0,438.0,597.0,517.0,512.0,534.0,642.0,550.0,659.0
555,W2023,1,low,11,10,7,472.0,573.0,584.0,593.0,652.0,531.0,596.0,472.0,553.0,468.0,557.0
555,W2023,1,low,12,10,5,515.0,589.0,523.0,526.0,570.0,515.0,558.0,550.0,464.0,503.0,573.0
555,W2023,1,low,13,10,4,493.0,570.0,533.0,562.0,493.0,610.0,521.0,489.0,569.0,607.0,534.0
555,W2023,1,low,14,10,1,494.0,494.0,468.0,564.0,525.0,484.0,667.0,542.0,521.0,618.0,596.0
555,W2023,1,low,15,10,7,457.0,636.0,561.0,538.0,601.0,515.0,516.0,457.0,555.0,512.0,599.0
555,W2023,1,low,16,10,4,538.0,579.0,571.0,612.0,538.0,542.0,485.0,552.0,567.0,524.0,545.0
555,W2023,1,low,17,10,1,476.0,476.0,609.0,511.0,604.0,490.0,561.0,529.0,558.0,525.0,553.0
555,W2023,1,low,18,10,3,496.0,522.0,616.0,496.0,640.0,608.0,587.0,545.0,611.0,458.0,552.0
555,W2023,1,low,19,10,4,515.0,566.0,511.0,533.0,515.0,570.0,502.0,494.0,574.0,516.0,492.0
555,W2023,1,low,20,10,8,527.0,533.0,603.0,563.0,534.0,550.0,567.0,546.0,527.0,499.0,517.0
215,W2023,1,low,1,10,4,455.0,522.0,540.0,488.0,455.0,491.0,578.0,490.0,529.0,622.0,523.0
215,W2023,1,low,2,10,5,492.0,547.0,522.0,608.0,588.0,492.0,626.0,653.0,619.0,514.0,457.0
215,W2023,1,low,3,10,2,458.0,556.0,458.0,581.0,712.0,387.0,585.0,557.0,570.0,586.0,475.0
215,W2023,1,low,4,10,3,469.0,569.0,589.0,469.0,561.0,494.0,570.0,630.0,476.0,669.0,601.0
215,W2023,1,low,5,10,9,469.0,555.0,599.0,568.0,598.0,560.0,533.0,552.0,546.0,469.0,627.0
215,W2023,1,low,6,10,10,561.0,549.0,542.0,560.0,550.0,611.0,606.0,558.0,586.0,556.0,561.0
215,W2023,1,low,7,10,1,496.0,496.0,575.0,545.0,600.0,589.0,522.0,533.0,559.0,593.0,606.0
215,W2023,1,low,8,10,4,499.0,566.0,594.0,601.0,499.0,572.0,477.0,574.0,503.0,541.0,559.0
215,W2023,1,low,9,10,5,496.0,517.0,638.0,533.0,542.0,496.0,491.0,454.0,557.0,556.0,562.0
215,W2023,1,low,10,10,1,440.0,440.0,591.0,438.0,597.0,517.0,512.0,534.0,642.0,550.0,659.0
215,W2023,1,low,11,10,7,472.0,573.0,584.0,593.0,652.0,531.0,596.0,472.0,553.0,468.0,557.0
215,W2023,1,low,12,10,8,464.0,589.0,523.0,526.0,570.0,515.0,558.0,550.0,464.0,503.0,573.0
215,W2023,1,low,13,10,7,489.0,570.0,533.0,562.0,493.0,610.0,521.0,489.0,569.0,607.0,534.0
215,W2023,1,low,14,10,1,494.0,494.0,468.0,564.0,525.0,484.0,667.0,542.0,521.0,618.0,596.0
215,W2023,1,low,15,10,7,457.0,636.0,561.0,538.0,601.0,515.0,516.0,457.0,555.0,512.0,599.0
215,W2023,1,low,16,10,6,485.0,579.0,571.0,612.0,538.0,542.0,485.0,552.0,567.0,524.0,545.0
215,W2023,1,low,17,10,10,553.0,476.0,609.0,511.0,604.0,490.0,561.0,529.0,558.0,525.0,553.0
215,W2023,1,low,18,10,3,496.0,522.0,616.0,496.0,640.0,608.0,587.0,545.0,611.0,458.0,552.0
215,W2023,1,low,19,10,7,494.0,566.0,511.0,533.0,515.0,570.0,502.0,494.0,574.0,516.0,492.0
215,W2023,1,low,20,10,9,499.0,533.0,603.0,563.0,534.0,550.0,567.0,546.0,527.0,499.0,517.0
532,W2023,1,low,1,10,3,488.0,522.0,540.0,488.0,455.0,491.0,578.0,490.0,529.0,622.0,523.0
532,W2023,1,low,2,10,5,492.0,547.0,522.0,608.0,588.0,492.0,626.0,653.0,619.0,514.0,457.0
532,W2023,1,low,3,10,2,458.0,556.0,458.0,581.0,712.0,387.0,585.0,557.0,570.0,586.0,475.0
532,W2023,1,low,4,10,3,469.0,569.0,589.0,469.0,561.0,494.0,570.0,630.0,476.0,669.0,601.0
532,W2023,1,low,5,10,8,546.0,555.0,599.0,568.0,598.0,560.0,533.0,552.0,546.0,469.0,627.0
532,W2023,1,low,6,10,7,558.0,549.0,542.0,560.0,550.0,611.0,606.0,558.0,586.0,556.0,561.0
532,W2023,1,low,7,10,10,606.0,496.0,575.0,545.0,600.0,589.0,522.0,533.0,559.0,593.0,606.0
532,W2023,1,low,8,10,4,499.0,566.0,594.0,601.0,499.0,572.0,477.0,574.0,503.0,541.0,559.0
532,W2023,1,low,9,10,5,496.0,517.0,638.0,533.0,542.0,496.0,491.0,454.0,557.0,556.0,562.0
532,W2023,1,low,10,10,1,440.0,440.0,591.0,438.0,597.0,517.0,512.0,534.0,642.0,550.0,659.0
532,W2023,1,low,11,10,7,472.0,573.0,584.0,593.0,652.0,531.0,596.0,472.0,553.0,468.0,557.0
532,W2023,1,low,12,10,5,515.0,589.0,523.0,526.0,570.0,515.0,558.0,550.0,464.0,503.0,573.0
532,W2023,1,low,13,10,4,493.0,570.0,533.0,562.0,493.0,610.0,521.0,489.0,569.0,607.0,534.0
532,W2023,1,low,14,10,10,596.0,494.0,468.0,564.0,525.0,484.0,667.0,542.0,521.0,618.0,596.0
532,W2023,1,low,15,10,5,515.0,636.0,561.0,538.0,601.0,515.0,516.0,457.0,555.0,512.0,599.0
532,W2023,1,low,16,10,6,485.0,579.0,571.0,612.0,538.0,542.0,485.0,552.0,567.0,524.0,545.0
532,W2023,1,low,17,10,5,490.0,476.0,609.0,511.0,604.0,490.0,561.0,529.0,558.0,525.0,553.0
532,W2023,1,low,18,10,9,458.0,522.0,616.0,496.0,640.0,608.0,587.0,545.0,611.0,458.0,552.0
532,W2023,1,low,19,10,7,494.0,566.0,511.0,533.0,515.0,570.0,502.0,494.0,574.0,516.0,492.0
532,W2023,1,low,20,10,9,499.0,533.0,603.0,563.0,534.0,550.0,567.0,546.0,527.0,499.0,517.0
324,W2023,1,low,1,10,3,488.0,522.0,540.0,488.0,455.0,491.0,578.0,490.0,529.0,622.0,523.0
324,W2023,1,low,2,10,9,514.0,547.0,522.0,608.0,588.0,492.0,626.0,653.0,619.0,514.0,457.0
324,W2023,1,low,3,10,2,458.0,556.0,458.0,581.0,712.0,387.0,585.0,557.0,570.0,586.0,475.0
324,W2023,1,low,4,10,3,469.0,569.0,589.0,469.0,561.0,494.0,570.0,630.0,476.0,669.0,601.0
324,W2023,1,low,5,10,9,469.0,555.0,599.0,568.0,598.0,560.0,533.0,552.0,546.0,469.0,627.0
324,W2023,1,low,6,10,9,556.0,549.0,542.0,560.0,550.0,611.0,606.0,558.0,586.0,556.0,561.0
324,W2023,1,low,7,10,10,606.0,496.0,575.0,545.0,600.0,589.0,522.0,533.0,559.0,593.0,606.0
324,W2023,1,low,8,10,6,477.0,566.0,594.0,601.0,499.0,572.0,477.0,574.0,503.0,541.0,559.0
324,W2023,1,low,9,10,5,496.0,517.0,638.0,533.0,542.0,496.0,491.0,454.0,557.0,556.0,562.0
324,W2023,1,low,10,10,1,440.0,440.0,591.0,438.0,597.0,517.0,512.0,534.0,642.0,550.0,659.0
324,W2023,1,low,11,10,7,472.0,573.0,584.0,593.0,652.0,531.0,596.0,472.0,553.0,468.0,557.0
324,W2023,1,low,12,10,8,464.0,589.0,523.0,526.0,570.0,515.0,558.0,550.0,464.0,503.0,573.0
324,W2023,1,low,13,10,7,489.0,570.0,533.0,562.0,493.0,610.0,521.0,489.0,569.0,607.0,534.0
324,W2023,1,low,14,10,10,596.0,494.0,468.0,564.0,525.0,484.0,667.0,542.0,521.0,618.0,596.0
324,W2023,1,low,15,10,7,457.0,636.0,561.0,538.0,601.0,515.0,516.0,457.0,555.0,512.0,599.0
324,W2023,1,low,16,10,6,485.0,579.0,571.0,612.0,538.0,542.0,485.0,552.0,567.0,524.0,545.0
324,W2023,1,low,17,10,1,476.0,476.0,609.0,511.0,604.0,490.0,561.0,529.0,558.0,525.0,553.0
324,W2023,1,low,18,10,9,458.0,522.0,616.0,496.0,640.0,608.0,587.0,545.0,611.0,458.0,552.0
324,W2023,1,low,19,10,7,494.0,566.0,511.0,533.0,515.0,570.0,502.0,494.0,574.0,516.0,492.0
324,W2023,1,low,20,10,9,499.0,533.0,603.0,563.0,534.0,550.0,567.0,546.0,527.0,499.0,517.0
133,W2023,1,low,1,10,3,488.0,522.0,540.0,488.0,455.0,491.0,578.0,490.0,529.0,622.0,523.0
133,W2023,1,low,2,10,5,492.0,547.0,522.0,608.0,588.0,492.0,626.0,653.0,619.0,514.0,457.0
133,W2023,1,low,3,10,2,458.0,556.0,458.0,581.0,712.0,387.0,585.0,557.0,570.0,586.0,475.0
133,W2023,1,low,4,10,3,469.0,569.0,589.0,469.0,561.0,494.0,570.0,630.0,476.0,669.0,601.0
133,W2023,1,low,5,10,9,469.0,555.0,599.0,568.0,598.0,560.0,533.0,552.0,546.0,469.0,627.0
133,W2023,1,low,6,10,9,556.0,549.0,542.0,560.0,550.0,611.0,606.0,558.0,586.0,556.0,561.0
133,W2023,1,low,7,10,1,496.0,496.0,575.0,545.0,600.0,589.0,522.0,533.0,559.0,593.0,606.0
133,W2023,1,low,8,10,6,477.0,566.0,594.0,601.0,499.0,572.0,477.0,574.0,503.0,541.0,559.0
133,W2023,1,low,9,10,5,496.0,517.0,638.0,533.0,542.0,496.0,491.0,454.0,557.0,556.0,562.0
133,W2023,1,low,10,10,1,440.0,440.0,591.0,438.0,597.0,517.0,512.0,534.0,642.0,550.0,659.0
133,W2023,1,low,11,10,7,472.0,573.0,584.0,593.0,652.0,531.0,596.0,472.0,553.0,468.0,557.0
133,W2023,1,low,12,10,5,515.0,589.0,523.0,526.0,570.0,515.0,558.0,550.0,464.0,503.0,573.0
133,W2023,1,low,13,10,4,493.0,570.0,533.0,562.0,493.0,610.0,521.0,489.0,569.0,607.0,534.0
133,W2023,1,low,14,10,1,494.0,494.0,468.0,564.0,525.0,484.0,667.0,542.0,521.0,618.0,596.0
133,W2023,1,low,15,10,7,457.0,636.0,561.0,538.0,601.0,515.0,516.0,457.0,555.0,512.0,599.0
133,W2023,1,low,16,10,6,485.0,579.0,571.0,612.0,538.0,542.0,485.0,552.0,567.0,524.0,545.0
133,W2023,1,low,17,10,9,525.0,476.0,609.0,511.0,604.0,490.0,561.0,529.0,558.0,525.0,553.0
133,W2023,1,low,18,10,9,458.0,522.0,616.0,496.0,640.0,608.0,587.0,545.0,611.0,458.0,552.0
133,W2023,1,low,19,10,7,494.0,566.0,511.0,533.0,515.0,570.0,502.0,494.0,574.0,516.0,492.0
133,W2023,1,low,20,10,9,499.0,533.0,603.0,563.0,534.0,550.0,567.0,546.0,527.0,499.0,517.0
393,W2023,1,low,1,10,3,488.0,522.0,540.0,488.0,455.0,491.0,578.0,490.0,529.0,622.0,523.0
393,W2023,1,low,2,10,5,492.0,547.0,522.0,608.0,588.0,492.0,626.0,653.0,619.0,514.0,457.0
393,W2023,1,low,3,10,2,458.0,556.0,458.0,581.0,712.0,387.0,585.0,557.0,570.0,586.0,475.0
393,W2023,1,low,4,10,5,494.0,569.0,589.0,469.0,561.0,494.0,570.0,630.0,476.0,669.0,601.0
393,W2023,1,low,5,10,9,469.0,555.0,599.0,568.0,598.0,560.0,533.0,552.0,546.0,469.0,627.0
393,W2023,1,low,6,10,9,556.0,549.0,542.0,560.0,550.0,611.0,606.0,558.0,586.0,556.0,561.0
393,W2023,1,low,7,10,10,606.0,496.0,575.0,545.0,600.0,589.0,522.0,533.0,559.0,593.0,606.0
393,W2023,1,low,8,10,10,559.0,566.0,594.0,601.0,499.0,572.0,477.0,574.0,503.0,541.0,559.0
393,W2023,1,low,9,10,5,496.0,517.0,638.0,533.0,542.0,496.0,491.0,454.0,557.0,556.0,562.0
393,W2023,1,low,10,10,1,440.0,440.0,591.0,438.0,597.0,517.0,512.0,534.0,642.0,550.0,659.0
393,W2023,1,low,11,10,7,472.0,573.0,584.0,593.0,652.0,531.0,596.0,472.0,553.0,468.0,557.0
393,W2023,1,low,12,10,5,515.0,589.0,523.0,526.0,570.0,515.0,558.0,550.0,464.0,503.0,573.0
393,W2023,1,low,13,10,4,493.0,570.0,533.0,562.0,493.0,610.0,521.0,489.0,569.0,607.0,534.0
393,W2023,1,low,14,10,1,494.0,494.0,468.0,564.0,525.0,484.0,667.0,542.0,521.0,618.0,596.0
393,W2023,1,low,15,10,7,457.0,636.0,561.0,538.0,601.0,515.0,516.0,457.0,555.0,512.0,599.0
393,W2023,1,low,16,10,5,542.0,579.0,571.0,612.0,538.0,542.0,485.0,552.0,567.0,524.0,545.0
393,W2023,1,low,17,10,1,476.0,476.0,609.0,511.0,604.0,490.0,561.0,529.0,558.0,525.0,553.0
393,W2023,1,low,18,10,9,458.0,522.0,616.0,496.0,640.0,608.0,587.0,545.0,611.0,458.0,552.0
393,W2023,1,low,19,10,6,502.0,566.0,511.0,533.0,515.0,570.0,502.0,494.0,574.0,516.0,492.0
393,W2023,1,low,20,10,8,527.0,533.0,603.0,563.0,534.0,550.0,567.0,546.0,527.0,499.0,517.0
364,W2023,1,low,1,10,3,488.0,522.0,540.0,488.0,455.0,491.0,578.0,490.0,529.0,622.0,523.0
364,W2023,1,low,2,10,5,492.0,547.0,522.0,608.0,588.0,492.0,626.0,653.0,619.0,514.0,457.0
364,W2023,1,low,3,10,2,458.0,556.0,458.0,581.0,712.0,387.0,585.0,557.0,570.0,586.0,475.0
364,W2023,1,low,4,10,3,469.0,569.0,589.0,469.0,561.0,494.0,570.0,630.0,476.0,669.0,601.0
364,W2023,1,low,5,10,9,469.0,555.0,599.0,568.0,598.0,560.0,533.0,552.0,546.0,469.0,627.0
364,W2023,1,low,6,10,10,561.0,549.0,542.0,560.0,550.0,611.0,606.0,558.0,586.0,556.0,561.0
364,W2023,1,low,7,10,10,606.0,496.0,575.0,545.0,600.0,589.0,522.0,533.0,559.0,593.0,606.0
364,W2023,1,low,8,10,4,499.0,566.0,594.0,601.0,499.0,572.0,477.0,574.0,503.0,541.0,559.0
364,W2023,1,low,9,10,5,496.0,517.0,638.0,533.0,542.0,496.0,491.0,454.0,557.0,556.0,562.0
364,W2023,1,low,10,10,1,440.0,440.0,591.0,438.0,597.0,517.0,512.0,534.0,642.0,550.0,659.0
364,W2023,1,low,11,10,7,472.0,573.0,584.0,593.0,652.0,531.0,596.0,472.0,553.0,468.0,557.0
364,W2023,1,low,12,10,8,464.0,589.0,523.0,526.0,570.0,515.0,558.0,550.0,464.0,503.0,573.0
364,W2023,1,low,13,10,4,493.0,570.0,533.0,562.0,493.0,610.0,521.0,489.0,569.0,607.0,534.0
364,W2023,1,low,14,10,1,494.0,494.0,468.0,564.0,525.0,484.0,667.0,542.0,521.0,618.0,596.0
364,W2023,1,low,15,10,7,457.0,636.0,561.0,538.0,601.0,515.0,516.0,457.0,555.0,512.0,599.0
364,W2023,1,low,16,10,6,485.0,579.0,571.0,612.0,538.0,542.0,485.0,552.0,567.0,524.0,545.0
364,W2023,1,low,17,10,5,490.0,476.0,609.0,511.0,604.0,490.0,561.0,529.0,558.0,525.0,553.0
364,W2023,1,low,18,10,3,496.0,522.0,616.0,496.0,640.0,608.0,587.0,545.0,611.0,458.0,552.0
364,W2023,1,low,19,10,7,494.0,566.0,511.0,533.0,515.0,570.0,502.0,494.0,574.0,516.0,492.0
364,W2023,1,low,20,10,9,499.0,533.0,603.0,563.0,534.0,550.0,567.0,546.0,527.0,499.0,517.0
422,W2023,1,low,1,10,3,488.0,522.0,540.0,488.0,455.0,491.0,578.0,490.0,529.0,622.0,523.0
422,W2023,1,low,2,10,5,492.0,547.0,522.0,608.0,588.0,492.0,626.0,653.0,619.0,514.0,457.0
422,W2023,1,low,3,10,2,458.0,556.0,458.0,581.0,712.0,387.0,585.0,557.0,570.0,586.0,475.0
422,W2023,1,low,4,10,3,469.0,569.0,589.0,469.0,561.0,494.0,570.0,630.0,476.0,669.0,601.0
422,W2023,1,low,5,10,9,469.0,555.0,599.0,568.0,598.0,560.0,533.0,552.0,546.0,469.0,627.0
422,W2023,1,low,6,10,10,561.0,549.0,542.0,560.0,550.0,611.0,606.0,558.0,586.0,556.0,561.0
422,W2023,1,low,7,10,10,606.0,496.0,575.0,545.0,600.0,589.0,522.0,533.0,559.0,593.0,606.0
422,W2023,1,low,8,10,4,499.0,566.0,594.0,601.0,499.0,572.0,477.0,574.0,503.0,541.0,559.0
422,W2023,1,low,9,10,5,496.0,517.0,638.0,533.0,542.0,496.0,491.0,454.0,557.0,556.0,562.0
422,W2023,1,low,10,10,1,440.0,440.0,591.0,438.0,597.0,517.0,512.0,534.0,642.0,550.0,659.0
422,W2023,1,low,11,10,7,472.0,573.0,584.0,593.0,652.0,531.0,596.0,472.0,553.0,468.0,557.0
422,W2023,1,low,12,10,8,464.0,589.0,523.0,526.0,570.0,515.0,558.0,550.0,464.0,503.0,573.0
422,W2023,1,low,13,10,4,493.0,570.0,533.0,562.0,493.0,610.0,521.0,489.0,569.0,607.0,534.0
422,W2023,1,low,14,10,1,494.0,494.0,468.0,564.0,525.0,484.0,667.0,542.0,521.0,618.0,596.0
422,W2023,1,low,15,10,7,457.0,636.0,561.0,538.0,601.0,515.0,516.0,457.0,555.0,512.0,599.0
422,W2023,1,low,16,10,6,485.0,579.0,571.0,612.0,538.0,542.0,485.0,552.0,567.0,524.0,545.0
422,W2023,1,low,17,10,1,476.0,476.0,609.0,511.0,604.0,490.0,561.0,529.0,558.0,525.0,553.0
422,W2023,1,low,18,10,3,496.0,522.0,616.0,496.0,640.0,608.0,587.0,545.0,611.0,458.0,552.0
422,W2023,1,low,19,10,6,502.0,566.0,511.0,533.0,515.0,570.0,502.0,494.0,574.0,516.0,492.0
422,W2023,1,low,20,10,9,499.0,533.0,603.0,563.0,534.0,550.0,567.0,546.0,527.0,499.0,517.0
353,W2023,1,low,1,10,3,488.0,522.0,540.0,488.0,455.0,491.0,578.0,490.0,529.0,622.0,523.0
353,W2023,1,low,2,10,5,492.0,547.0,522.0,608.0,588.0,492.0,626.0,653.0,619.0,514.0,457.0
353,W2023,1,low,3,10,2,458.0,556.0,458.0,581.0,712.0,387.0,585.0,557.0,570.0,586.0,475.0
353,W2023,1,low,4,10,3,469.0,569.0,589.0,469.0,561.0,494.0,570.0,630.0,476.0,669.0,601.0
353,W2023,1,low,5,10,9,469.0,555.0,599.0,568.0,598.0,560.0,533.0,552.0,546.0,469.0,627.0
353,W2023,1,low,6,10,10,561.0,549.0,542.0,560.0,550.0,611.0,606.0,558.0,586.0,556.0,561.0
353,W2023,1,low,7,10,10,606.0,496.0,575.0,545.0,600.0,589.0,522.0,533.0,559.0,593.0,606.0
353,W2023,1,low,8,10,4,499.0,566.0,594.0,601.0,499.0,572.0,477.0,574.0,503.0,541.0,559.0
353,W2023,1,low,9,10,5,496.0,517.0,638.0,533.0,542.0,496.0,491.0,454.0,557.0,556.0,562.0
353,W2023,1,low,10,10,1,440.0,440.0,591.0,438.0,597.0,517.0,512.0,534.0,642.0,550.0,659.0
353,W2023,1,low,11,10,7,472.0,573.0,584.0,593.0,652.0,531.0,596.0,472.0,553.0,468.0,557.0
353,W2023,1,low,12,10,8,464.0,589.0,523.0,526.0,570.0,515.0,558.0,550.0,464.0,503.0,573.0
353,W2023,1,low,13,10,4,493.0,570.0,533.0,562.0,493.0,610.0,521.0,489.0,569.0,607.0,534.0
353,W2023,1,low,14,10,2,468.0,494.0,468.0,564.0,525.0,484.0,667.0,542.0,521.0,618.0,596.0
353,W2023,1,low,15,10,7,457.0,636.0,561.0,538.0,601.0,515.0,516.0,457.0,555.0,512.0,599.0
353,W2023,1,low,16,10,6,485.0,579.0,571.0,612.0,538.0,542.0,485.0,552.0,567.0,524.0,545.0
353,W2023,1,low,17,10,1,476.0,476.0,609.0,511.0,604.0,490.0,561.0,529.0,558.0,525.0,553.0
353,W2023,1,low,18,10,9,458.0,522.0,616.0,496.0,640.0,608.0,587.0,545.0,611.0,458.0,552.0
353,W2023,1,low,19,10,7,494.0,566.0,511.0,533.0,515.0,570.0,502.0,494.0,574.0,516.0,492.0
353,W2023,1,low,20,10,9,499.0,533.0,603.0,563.0,534.0,550.0,567.0,546.0,527.0,499.0,517.0
502,W2023,1,low,1,10,9,622.0,522.0,540.0,488.0,455.0,491.0,578.0,490.0,529.0,622.0,523.0
502,W2023,1,low,2,10,6,626.0,547.0,522.0,608.0,588.0,492.0,626.0,653.0,619.0,514.0,457.0
502,W2023,1,low,3,10,4,712.0,556.0,458.0,581.0,712.0,387.0,585.0,557.0,570.0,586.0,475.0
502,W2023,1,low,4,10,6,570.0,569.0,589.0,469.0,561.0,494.0,570.0,630.0,476.0,669.0,601.0
502,W2023,1,low,5,10,2,599.0,555.0,599.0,568.0,598.0,560.0,533.0,552.0,546.0,469.0,627.0
502,W2023,1,low,6,10,5,611.0,549.0,542.0,560.0,550.0,611.0,606.0,558.0,586.0,556.0,561.0
502,W2023,1,low,7,10,9,593.0,496.0,575.0,545.0,600.0,589.0,522.0,533.0,559.0,593.0,606.0
502,W2023,1,low,8,10,3,601.0,566.0,594.0,601.0,499.0,572.0,477.0,574.0,503.0,541.0,559.0
502,W2023,1,low,9,10,2,638.0,517.0,638.0,533.0,542.0,496.0,491.0,454.0,557.0,556.0,562.0
502,W2023,1,low,10,10,8,642.0,440.0,591.0,438.0,597.0,517.0,512.0,534.0,642.0,550.0,659.0
502,W2023,1,low,11,10,3,593.0,573.0,584.0,593.0,652.0,531.0,596.0,472.0,553.0,468.0,557.0
502,W2023,1,low,12,10,10,573.0,589.0,523.0,526.0,570.0,515.0,558.0,550.0,464.0,503.0,573.0
502,W2023,1,low,13,10,5,610.0,570.0,533.0,562.0,493.0,610.0,521.0,489.0,569.0,607.0,534.0
502,W2023,1,low,14,10,6,667.0,494.0,468.0,564.0,525.0,484.0,667.0,542.0,521.0,618.0,596.0
502,W2023,1,low,15,10,1,636.0,636.0,561.0,538.0,601.0,515.0,516.0,457.0,555.0,512.0,599.0
502,W2023,1,low,16,10,3,612.0,579.0,571.0,612.0,538.0,542.0,485.0,552.0,567.0,524.0,545.0
502,W2023,1,low,17,10,10,553.0,476.0,609.0,511.0,604.0,490.0,561.0,529.0,558.0,525.0,553.0
502,W2023,1,low,18,10,2,616.0,522.0,616.0,496.0,640.0,608.0,587.0,545.0,611.0,458.0,552.0
502,W2023,1,low,19,10,10,492.0,566.0,511.0,533.0,515.0,570.0,502.0,494.0,574.0,516.0,492.0
502,W2023,1,low,20,10,10,517.0,533.0,603.0,563.0,534.0,550.0,567.0,546.0,527.0,499.0,517.0
278,W2023,1,low,1,10,4,455.0,522.0,540.0,488.0,455.0,491.0,578.0,490.0,529.0,622.0,523.0
278,W2023,1,low,2,10,9,514.0,547.0,522.0,608.0,588.0,492.0,626.0,653.0,619.0,514.0,457.0
278,W2023,1,low,3,10,5,387.0,556.0,458.0,581.0,712.0,387.0,585.0,557.0,570.0,586.0,475.0
278,W2023,1,low,4,10,3,469.0,569.0,589.0,469.0,561.0,494.0,570.0,630.0,476.0,669.0,601.0
278,W2023,1,low,5,10,6,533.0,555.0,599.0,568.0,598.0,560.0,533.0,552.0,546.0,469.0,627.0
278,W2023,1,low,6,10,10,561.0,549.0,542.0,560.0,550.0,611.0,606.0,558.0,586.0,556.0,561.0
278,W2023,1,low,7,10,10,606.0,496.0,575.0,545.0,600.0,589.0,522.0,533.0,559.0,593.0,606.0
278,W2023,1,low,8,10,6,477.0,566.0,594.0,601.0,499.0,572.0,477.0,574.0,503.0,541.0,559.0
278,W2023,1,low,9,10,6,491.0,517.0,638.0,533.0,542.0,496.0,491.0,454.0,557.0,556.0,562.0
278,W2023,1,low,10,10,1,440.0,440.0,591.0,438.0,597.0,517.0,512.0,534.0,642.0,550.0,659.0
278,W2023,1,low,11,10,5,531.0,573.0,584.0,593.0,652.0,531.0,596.0,472.0,553.0,468.0,557.0
278,W2023,1,low,12,10,10,573.0,589.0,523.0,526.0,570.0,515.0,558.0,550.0,464.0,503.0,573.0
278,W2023,1,low,13,10,7,489.0,570.0,533.0,562.0,493.0,610.0,521.0,489.0,569.0,607.0,534.0
278,W2023,1,low,14,10,5,484.0,494.0,468.0,564.0,525.0,484.0,667.0,542.0,521.0,618.0,596.0
278,W2023,1,low,15,10,7,457.0,636.0,561.0,538.0,601.0,515.0,516.0,457.0,555.0,512.0,599.0
278,W2023,1,low,16,10,6,485.0,579.0,571.0,612.0,538.0,542.0,485.0,552.0,567.0,524.0,545.0
278,W2023,1,low,17,10,1,476.0,476.0,609.0,511.0,604.0,490.0,561.0,529.0,558.0,525.0,553.0
278,W2023,1,low,18,10,3,496.0,522.0,616.0,496.0,640.0,608.0,587.0,545.0,611.0,458.0,552.0
278,W2023,1,low,19,10,6,502.0,566.0,511.0,533.0,515.0,570.0,502.0,494.0,574.0,516.0,492.0
278,W2023,1,low,20,10,8,527.0,533.0,603.0,563.0,534.0,550.0,567.0,546.0,527.0,499.0,517.0
452,W2023,1,low,1,10,3,488.0,522.0,540.0,488.0,455.0,491.0,578.0,490.0,529.0,622.0,523.0
452,W2023,1,low,2,10,5,492.0,547.0,522.0,608.0,588.0,492.0,626.0,653.0,619.0,514.0,457.0
452,W2023,1,low,3,10,2,458.0,556.0,458.0,581.0,712.0,387.0,585.0,557.0,570.0,586.0,475.0
452,W2023,1,low,4,10,3,469.0,569.0,589.0,469.0,561.0,494.0,570.0,630.0,476.0,669.0,601.0
452,W2023,1,low,5,10,9,469.0,555.0,599.0,568.0,598.0,560.0,533.0,552.0,546.0,469.0,627.0
452,W2023,1,low,6,10,10,561.0,549.0,542.0,560.0,550.0,611.0,606.0,558.0,586.0,556.0,561.0
452,W2023,1,low,7,10,10,606.0,496.0,575.0,545.0,600.0,589.0,522.0,533.0,559.0,593.0,606.0
452,W2023,1,low,8,10,6,477.0,566.0,594.0,601.0,499.0,572.0,477.0,574.0,503.0,541.0,559.0
452,W2023,1,low,9,10,5,496.0,517.0,638.0,533.0,542.0,496.0,491.0,454.0,557.0,556.0,562.0
452,W2023,1,low,10,10,1,440.0,440.0,591.0,438.0,597.0,517.0,512.0,534.0,642.0,550.0,659.0
452,W2023,1,low,11,10,7,472.0,573.0,584.0,593.0,652.0,531.0,596.0,472.0,553.0,468.0,557.0
452,W2023,1,low,12,10,8,464.0,589.0,523.0,526.0,570.0,515.0,558.0,550.0,464.0,503.0,573.0
452,W2023,1,low,13,10,7,489.0,570.0,533.0,562.0,493.0,610.0,521.0,489.0,569.0,607.0,534.0
452,W2023,1,low,14,10,2,468.0,494.0,468.0,564.0,525.0,484.0,667.0,542.0,521.0,618.0,596.0
452,W2023,1,low,15,10,7,457.0,636.0,561.0,538.0,601.0,515.0,516.0,457.0,555.0,512.0,599.0
452,W2023,1,low,16,10,6,485.0,579.0,571.0,612.0,538.0,542.0,485.0,552.0,567.0,524.0,545.0
452,W2023,1,low,17,10,1,476.0,476.0,609.0,511.0,604.0,490.0,561.0,529.0,558.0,525.0,553.0
452,W2023,1,low,18,10,9,458.0,522.0,616.0,496.0,640.0,608.0,587.0,545.0,611.0,458.0,552.0
452,W2023,1,low,19,10,7,494.0,566.0,511.0,533.0,515.0,570.0,502.0,494.0,574.0,516.0,492.0
452,W2023,1,low,20,10,8,527.0,533.0,603.0,563.0,534.0,550.0,567.0,546.0,527.0,499.0,517.0
391,W2023,1,low,1,10,4,455.0,522.0,540.0,488.0,455.0,491.0,578.0,490.0,529.0,622.0,523.0
391,W2023,1,low,2,10,10,457.0,547.0,522.0,608.0,588.0,492.0,626.0,653.0,619.0,514.0,457.0
391,W2023,1,low,3,10,2,458.0,556.0,458.0,581.0,712.0,387.0,585.0,557.0,570.0,586.0,475.0
391,W2023,1,low,4,10,3,469.0,569.0,589.0,469.0,561.0,494.0,570.0,630.0,476.0,669.0,601.0
391,W2023,1,low,5,10,9,469.0,555.0,599.0,568.0,598.0,560.0,533.0,552.0,546.0,469.0,627.0
391,W2023,1,low,6,10,10,561.0,549.0,542.0,560.0,550.0,611.0,606.0,558.0,586.0,556.0,561.0
391,W2023,1,low,7,10,10,606.0,496.0,575.0,545.0,600.0,589.0,522.0,533.0,559.0,593.0,606.0
391,W2023,1,low,8,10,6,477.0,566.0,594.0,601.0,499.0,572.0,477.0,574.0,503.0,541.0,559.0
391,W2023,1,low,9,10,5,496.0,517.0,638.0,533.0,542.0,496.0,491.0,454.0,557.0,556.0,562.0
391,W2023,1,low,10,10,1,440.0,440.0,591.0,438.0,597.0,517.0,512.0,534.0,642.0,550.0,659.0
391,W2023,1,low,11,10,7,472.0,573.0,584.0,593.0,652.0,531.0,596.0,472.0,553.0,468.0,557.0
391,W2023,1,low,12,10,8,464.0,589.0,523.0,526.0,570.0,515.0,558.0,550.0,464.0,503.0,573.0
391,W2023,1,low,13,10,7,489.0,570.0,533.0,562.0,493.0,610.0,521.0,489.0,569.0,607.0,534.0
391,W2023,1,low,14,10,2,468.0,494.0,468.0,564.0,525.0,484.0,667.0,542.0,521.0,618.0,596.0
391,W2023,1,low,15,10,7,457.0,636.0,561.0,538.0,601.0,515.0,516.0,457.0,555.0,512.0,599.0
391,W2023,1,low,16,10,6,485.0,579.0,571.0,612.0,538.0,542.0,485.0,552.0,567.0,524.0,545.0
391,W2023,1,low,17,10,10,553.0,476.0,609.0,511.0,604.0,490.0,561.0,529.0,558.0,525.0,553.0
391,W2023,1,low,18,10,9,458.0,522.0,616.0,496.0,640.0,608.0,587.0,545.0,611.0,458.0,552.0
391,W2023,1,low,19,10,10,492.0,566.0,511.0,533.0,515.0,570.0,502.0,494.0,574.0,516.0,492.0
391,W2023,1,low,20,10,9,499.0,533.0,603.0,563.0,534.0,550.0,567.0,546.0,527.0,499.0,517.0
56,W2023,1,low,1,10,3,488.0,522.0,540.0,488.0,455.0,491.0,578.0,490.0,529.0,622.0,523.0
56,W2023,1,low,2,10,5,492.0,547.0,522.0,608.0,588.0,492.0,626.0,653.0,619.0,514.0,457.0
56,W2023,1,low,3,10,2,458.0,556.0,458.0,581.0,712.0,387.0,585.0,557.0,570.0,586.0,475.0
56,W2023,1,low,4,10,3,469.0,569.0,589.0,469.0,561.0,494.0,570.0,630.0,476.0,669.0,601.0
56,W2023,1,low,5,10,9,469.0,555.0,599.0,568.0,598.0,560.0,533.0,552.0,546.0,469.0,627.0
56,W2023,1,low,6,10,9,556.0,549.0,542.0,560.0,550.0,611.0,606.0,558.0,586.0,556.0,561.0
56,W2023,1,low,7,10,10,606.0,496.0,575.0,545.0,600.0,589.0,522.0,533.0,559.0,593.0,606.0
56,W2023,1,low,8,10,4,499.0,566.0,594.0,601.0,499.0,572.0,477.0,574.0,503.0,541.0,559.0
56,W2023,1,low,9,10,5,496.0,517.0,638.0,533.0,542.0,496.0,491.0,454.0,557.0,556.0,562.0
56,W2023,1,low,10,10,1,440.0,440.0,591.0,438.0,597.0,517.0,512.0,534.0,642.0,550.0,659.0
56,W2023,1,low,11,10,7,472.0,573.0,584.0,593.0,652.0,531.0,596.0,472.0,553.0,468.0,557.0
56,W2023,1,low,12,10,8,464.0,589.0,523.0,526.0,570.0,515.0,558.0,550.0,464.0,503.0,573.0
56,W2023,1,low,13,10,7,489.0,570.0,533.0,562.0,493.0,610.0,521.0,489.0,569.0,607.0,534.0
56,W2023,1,low,14,10,1,494.0,494.0,468.0,564.0,525.0,484.0,667.0,542.0,521.0,618.0,596.0
56,W2023,1,low,15,10,5,515.0,636.0,561.0,538.0,601.0,515.0,516.0,457.0,555.0,512.0,599.0
56,W2023,1,low,16,10,6,485.0,579.0,571.0,612.0,538.0,542.0,485.0,552.0,567.0,524.0,545.0
56,W2023,1,low,17,10,1,476.0,476.0,609.0,511.0,604.0,490.0,561.0,529.0,558.0,525.0,553.0
56,W2023,1,low,18,10,3,496.0,522.0,616.0,496.0,640.0,608.0,587.0,545.0,611.0,458.0,552.0
56,W2023,1,low,19,10,6,502.0,566.0,511.0,533.0,515.0,570.0,502.0,494.0,574.0,516.0,492.0
56,W2023,1,low,20,10,8,527.0,533.0,603.0,563.0,534.0,550.0,567.0,546.0,527.0,499.0,517.0
558,W2023,1,low,1,10,3,488.0,522.0,540.0,488.0,455.0,491.0,578.0,490.0,529.0,622.0,523.0
558,W2023,1,low,2,10,5,492.0,547.0,522.0,608.0,588.0,492.0,626.0,653.0,619.0,514.0,457.0
558,W2023,1,low,3,10,5,387.0,556.0,458.0,581.0,712.0,387.0,585.0,557.0,570.0,586.0,475.0
558,W2023,1,low,4,10,3,469.0,569.0,589.0,469.0,561.0,494.0,570.0,630.0,476.0,669.0,601.0
558,W2023,1,low,5,10,9,469.0,555.0,599.0,568.0,598.0,560.0,533.0,552.0,546.0,469.0,627.0
558,W2023,1,low,6,10,9,556.0,549.0,542.0,560.0,550.0,611.0,606.0,558.0,586.0,556.0,561.0
558,W2023,1,low,7,10,10,606.0,496.0,575.0,545.0,600.0,589.0,522.0,533.0,559.0,593.0,606.0
558,W2023,1,low,8,10,6,477.0,566.0,594.0,601.0,499.0,572.0,477.0,574.0,503.0,541.0,559.0
558,W2023,1,low,9,10,5,496.0,517.0,638.0,533.0,542.0,496.0,491.0,454.0,557.0,556.0,562.0
558,W2023,1,low,10,10,1,440.0,440.0,591.0,438.0,597.0,517.0,512.0,534.0,642.0,550.0,659.0
558,W2023,1,low,11,10,7,472.0,573.0,584.0,593.0,652.0,531.0,596.0,472.0,553.0,468.0,557.0
558,W2023,1,low,12,10,5,515.0,589.0,523.0,526.0,570.0,515.0,558.0,550.0,464.0,503.0,573.0
558,W2023,1,low,13,10,7,489.0,570.0,533.0,562.0,493.0,610.0,521.0,489.0,569.0,607.0,534.0
558,W2023,1,low,14,10,1,494.0,494.0,468.0,564.0,525.0,484.0,667.0,542.0,521.0,618.0,596.0
558,W2023,1,low,15,10,7,457.0,636.0,561.0,538.0,601.0,515.0,516.0,457.0,555.0,512.0,599.0
558,W2023,1,low,16,10,10,545.0,579.0,571.0,612.0,538.0,542.0,485.0,552.0,567.0,524.0,545.0
558,W2023,1,low,17,10,10,553.0,476.0,609.0,511.0,604.0,490.0,561.0,529.0,558.0,525.0,553.0
558,W2023,1,low,18,10,3,496.0,522.0,616.0,496.0,640.0,608.0,587.0,545.0,611.0,458.0,552.0
558,W2023,1,low,19,10,7,494.0,566.0,511.0,533.0,515.0,570.0,502.0,494.0,574.0,516.0,492.0
558,W2023,1,low,20,10,9,499.0,533.0,603.0,563.0,534.0,550.0,567.0,546.0,527.0,499.0,517.0
547,W2023,1,low,1,10,3,488.0,522.0,540.0,488.0,455.0,491.0,578.0,490.0,529.0,622.0,523.0
547,W2023,1,low,2,10,5,492.0,547.0,522.0,608.0,588.0,492.0,626.0,653.0,619.0,514.0,457.0
547,W2023,1,low,3,10,2,458.0,556.0,458.0,581.0,712.0,387.0,585.0,557.0,570.0,586.0,475.0
547,W2023,1,low,4,10,3,469.0,569.0,589.0,469.0,561.0,494.0,570.0,630.0,476.0,669.0,601.0
547,W2023,1,low,5,10,9,469.0,555.0,599.0,568.0,598.0,560.0,533.0,552.0,546.0,469.0,627.0
547,W2023,1,low,6,10,10,561.0,549.0,542.0,560.0,550.0,611.0,606.0,558.0,586.0,556.0,561.0
547,W2023,1,low,7,10,1,496.0,496.0,575.0,545.0,600.0,589.0,522.0,533.0,559.0,593.0,606.0
547,W2023,1,low,8,10,6,477.0,566.0,594.0,601.0,499.0,572.0,477.0,574.0,503.0,541.0,559.0
547,W2023,1,low,9,10,5,496.0,517.0,638.0,533.0,542.0,496.0,491.0,454.0,557.0,556.0,562.0
547,W2023,1,low,10,10,1,440.0,440.0,591.0,438.0,597.0,517.0,512.0,534.0,642.0,550.0,659.0
547,W2023,1,low,11,10,7,472.0,573.0,584.0,593.0,652.0,531.0,596.0,472.0,553.0,468.0,557.0
547,W2023,1,low,12,10,8,464.0,589.0,523.0,526.0,570.0,515.0,558.0,550.0,464.0,503.0,573.0
547,W2023,1,low,13,10,4,493.0,570.0,533.0,562.0,493.0,610.0,521.0,489.0,569.0,607.0,534.0
547,W2023,1,low,14,10,2,468.0,494.0,468.0,564.0,525.0,484.0,667.0,542.0,521.0,618.0,596.0
547,W2023,1,low,15,10,5,515.0,636.0,561.0,538.0,601.0,515.0,516.0,457.0,555.0,512.0,599.0
547,W2023,1,low,16,10,6,485.0,579.0,571.0,612.0,538.0,542.0,485.0,552.0,567.0,524.0,545.0
547,W2023,1,low,17,10,1,476.0,476.0,609.0,511.0,604.0,490.0,561.0,529.0,558.0,525.0,553.0
547,W2023,1,low,18,10,9,458.0,522.0,616.0,496.0,640.0,608.0,587.0,545.0,611.0,458.0,552.0
547,W2023,1,low,19,10,6,502.0,566.0,511.0,533.0,515.0,570.0,502.0,494.0,574.0,516.0,492.0
547,W2023,1,low,20,10,8,527.0,533.0,603.0,563.0,534.0,550.0,567.0,546.0,527.0,499.0,517.0
71,W2023,1,low,1,10,3,488.0,522.0,540.0,488.0,455.0,491.0,578.0,490.0,529.0,622.0,523.0
71,W2023,1,low,2,10,2,522.0,547.0,522.0,608.0,588.0,492.0,626.0,653.0,619.0,514.0,457.0
71,W2023,1,low,3,10,2,458.0,556.0,458.0,581.0,712.0,387.0,585.0,557.0,570.0,586.0,475.0
71,W2023,1,low,4,10,3,469.0,569.0,589.0,469.0,561.0,494.0,570.0,630.0,476.0,669.0,601.0
71,W2023,1,low,5,10,6,533.0,555.0,599.0,568.0,598.0,560.0,533.0,552.0,546.0,469.0,627.0
71,W2023,1,low,6,10,10,561.0,549.0,542.0,560.0,550.0,611.0,606.0,558.0,586.0,556.0,561.0
71,W2023,1,low,7,10,10,606.0,496.0,575.0,545.0,600.0,589.0,522.0,533.0,559.0,593.0,606.0
71,W2023,1,low,8,10,6,477.0,566.0,594.0,601.0,499.0,572.0,477.0,574.0,503.0,541.0,559.0
71,W2023,1,low,9,10,1,517.0,517.0,638.0,533.0,542.0,496.0,491.0,454.0,557.0,556.0,562.0
71,W2023,1,low,10,10,1,440.0,440.0,591.0,438.0,597.0,517.0,512.0,534.0,642.0,550.0,659.0
71,W2023,1,low,11,10,5,531.0,573.0,584.0,593.0,652.0,531.0,596.0,472.0,553.0,468.0,557.0
71,W2023,1,low,12,10,5,515.0,589.0,523.0,526.0,570.0,515.0,558.0,550.0,464.0,503.0,573.0
71,W2023,1,low,13,10,2,533.0,570.0,533.0,562.0,493.0,610.0,521.0,489.0,569.0,607.0,534.0
71,W2023,1,low,14,10,1,494.0,494.0,468.0,564.0,525.0,484.0,667.0,542.0,521.0,618.0,596.0
71,W2023,1,low,15,10,5,515.0,636.0,561.0,538.0,601.0,515.0,516.0,457.0,555.0,512.0,599.0
71,W2023,1,low,16,10,6,485.0,579.0,571.0,612.0,538.0,542.0,485.0,552.0,567.0,524.0,545.0
71,W2023,1,low,17,10,1,476.0,476.0,609.0,511.0,604.0,490.0,561.0,529.0,558.0,525.0,553.0
71,W2023,1,low,18,10,1,522.0,522.0,616.0,496.0,640.0,608.0,587.0,545.0,611.0,458.0,552.0
71,W2023,1,low,19,10,2,511.0,566.0,511.0,533.0,515.0,570.0,502.0,494.0,574.0,516.0,492.0
71,W2023,1,low,20,10,4,534.0,533.0,603.0,563.0,534.0,550.0,567.0,546.0,527.0,499.0,517.0
196,W2023,1,low,1,10,10,523.0,522.0,540.0,488.0,455.0,491.0,578.0,490.0,529.0,622.0,523.0
196,W2023,1,low,2,10,10,457.0,547.0,522.0,608.0,588.0,492.0,626.0,653.0,619.0,514.0,457.0
196,W2023,1,low,3,10,5,387.0,556.0,458.0,581.0,712.0,387.0,585.0,557.0,570.0,586.0,475.0
196,W2023,1,low,4,10,8,476.0,569.0,589.0,469.0,561.0,494.0,570.0,630.0,476.0,669.0,601.0
196,W2023,1,low,5,10,8,546.0,555.0,599.0,568.0,598.0,560.0,533.0,552.0,546.0,469.0,627.0
196,W2023,1,low,6,10,9,556.0,549.0,542.0,560.0,550.0,611.0,606.0,558.0,586.0,556.0,561.0
196,W2023,1,low,7,10,10,606.0,496.0,575.0,545.0,600.0,589.0,522.0,533.0,559.0,593.0,606.0
196,W2023,1,low,8,10,4,499.0,566.0,594.0,601.0,499.0,572.0,477.0,574.0,503.0,541.0,559.0
196,W2023,1,low,9,10,5,496.0,517.0,638.0,533.0,542.0,496.0,491.0,454.0,557.0,556.0,562.0
196,W2023,1,low,10,10,3,438.0,440.0,591.0,438.0,597.0,517.0,512.0,534.0,642.0,550.0,659.0
196,W2023,1,low,11,10,7,472.0,573.0,584.0,593.0,652.0,531.0,596.0,472.0,553.0,468.0,557.0
196,W2023,1,low,12,10,7,550.0,589.0,523.0,526.0,570.0,515.0,558.0,550.0,464.0,503.0,573.0
196,W2023,1,low,13,10,7,489.0,570.0,533.0,562.0,493.0,610.0,521.0,489.0,569.0,607.0,534.0
196,W2023,1,low,14,10,4,525.0,494.0,468.0,564.0,525.0,484.0,667.0,542.0,521.0,618.0,596.0
196,W2023,1,low,15,10,6,516.0,636.0,561.0,538.0,601.0,515.0,516.0,457.0,555.0,512.0,599.0
196,W2023,1,low,16,10,6,485.0,579.0,571.0,612.0,538.0,542.0,485.0,552.0,567.0,524.0,545.0
196,W2023,1,low,17,10,5,490.0,476.0,609.0,511.0,604.0,490.0,561.0,529.0,558.0,525.0,553.0
196,W2023,1,low,18,10,9,458.0,522.0,616.0,496.0,640.0,608.0,587.0,545.0,611.0,458.0,552.0
196,W2023,1,low,19,10,7,494.0,566.0,511.0,533.0,515.0,570.0,502.0,494.0,574.0,516.0,492.0
196,W2023,1,low,20,10,5,550.0,533.0,603.0,563.0,534.0,550.0,567.0,546.0,527.0,499.0,517.0
61,W2023,1,low,1,10,1,522.0,522.0,540.0,488.0,455.0,491.0,578.0,490.0,529.0,622.0,523.0
61,W2023,1,low,2,10,1,547.0,547.0,522.0,608.0,588.0,492.0,626.0,653.0,619.0,514.0,457.0
61,W2023,1,low,3,10,2,458.0,556.0,458.0,581.0,712.0,387.0,585.0,557.0,570.0,586.0,475.0
61,W2023,1,low,4,10,3,469.0,569.0,589.0,469.0,561.0,494.0,570.0,630.0,476.0,669.0,601.0
61,W2023,1,low,5,10,1,555.0,555.0,599.0,568.0,598.0,560.0,533.0,552.0,546.0,469.0,627.0
61,W2023,1,low,6,10,1,549.0,549.0,542.0,560.0,550.0,611.0,606.0,558.0,586.0,556.0,561.0
61,W2023,1,low,7,10,1,496.0,496.0,575.0,545.0,600.0,589.0,522.0,533.0,559.0,593.0,606.0
61,W2023,1,low,8,10,4,499.0,566.0,594.0,601.0,499.0,572.0,477.0,574.0,503.0,541.0,559.0
61,W2023,1,low,9,10,1,517.0,517.0,638.0,533.0,542.0,496.0,491.0,454.0,557.0,556.0,562.0
61,W2023,1,low,10,10,1,440.0,440.0,591.0,438.0,597.0,517.0,512.0,534.0,642.0,550.0,659.0
61,W2023,1,low,11,10,5,531.0,573.0,584.0,593.0,652.0,531.0,596.0,472.0,553.0,468.0,557.0
61,W2023,1,low,12,10,2,523.0,589.0,523.0,526.0,570.0,515.0,558.0,550.0,464.0,503.0,573.0
61,W2023,1,low,13,10,1,570.0,570.0,533.0,562.0,493.0,610.0,521.0,489.0,569.0,607.0,534.0
61,W2023,1,low,14,10,1,494.0,494.0,468.0,564.0,525.0,484.0,667.0,542.0,521.0,618.0,596.0
61,W2023,1,low,15,10,3,538.0,636.0,561.0,538.0,601.0,515.0,516.0,457.0,555.0,512.0,599.0
61,W2023,1,low,16,10,2,571.0,579.0,571.0,612.0,538.0,542.0,485.0,552.0,567.0,524.0,545.0
61,W2023,1,low,17,10,1,476.0,476.0,609.0,511.0,604.0,490.0,561.0,529.0,558.0,525.0,553.0
61,W2023,1,low,18,10,1,522.0,522.0,616.0,496.0,640.0,608.0,587.0,545.0,611.0,458.0,552.0
61,W2023,1,low,19,10,1,566.0,566.0,511.0,533.0,515.0,570.0,502.0,494.0,574.0,516.0,492.0
61,W2023,1,low,20,10,1,533.0,533.0,603.0,563.0,534.0,550.0,567.0,546.0,527.0,499.0,517.0
578,W2023,1,low,1,10,4,455.0,522.0,540.0,488.0,455.0,491.0,578.0,490.0,529.0,622.0,523.0
578,W2023,1,low,2,10,5,492.0,547.0,522.0,608.0,588.0,492.0,626.0,653.0,619.0,514.0,457.0
578,W2023,1,low,3,10,2,458.0,556.0,458.0,581.0,712.0,387.0,585.0,557.0,570.0,586.0,475.0
578,W2023,1,low,4,10,3,469.0,569.0,589.0,469.0,561.0,494.0,570.0,630.0,476.0,669.0,601.0
578,W2023,1,low,5,10,6,533.0,555.0,599.0,568.0,598.0,560.0,533.0,552.0,546.0,469.0,627.0
578,W2023,1,low,6,10,10,561.0,549.0,542.0,560.0,550.0,611.0,606.0,558.0,586.0,556.0,561.0
578,W2023,1,low,7,10,10,606.0,496.0,575.0,545.0,600.0,589.0,522.0,533.0,559.0,593.0,606.0
578,W2023,1,low,8,10,4,499.0,566.0,594.0,601.0,499.0,572.0,477.0,574.0,503.0,541.0,559.0
578,W2023,1,low,9,10,5,496.0,517.0,638.0,533.0,542.0,496.0,491.0,454.0,557.0,556.0,562.0
578,W2023,1,low,10,10,1,440.0,440.0,591.0,438.0,597.0,517.0,512.0,534.0,642.0,550.0,659.0
578,W2023,1,low,11,10,7,472.0,573.0,584.0,593.0,652.0,531.0,596.0,472.0,553.0,468.0,557.0
578,W2023,1,low,12,10,5,515.0,589.0,523.0,526.0,570.0,515.0,558.0,550.0,464.0,503.0,573.0
578,W2023,1,low,13,10,4,493.0,570.0,533.0,562.0,493.0,610.0,521.0,489.0,569.0,607.0,534.0
578,W2023,1,low,14,10,1,494.0,494.0,468.0,564.0,525.0,484.0,667.0,542.0,521.0,618.0,596.0
578,W2023,1,low,15,10,7,457.0,636.0,561.0,538.0,601.0,515.0,516.0,457.0,555.0,512.0,599.0
578,W2023,1,low,16,10,6,485.0,579.0,571.0,612.0,538.0,542.0,485.0,552.0,567.0,524.0,545.0
578,W2023,1,low,17,10,10,553.0,476.0,609.0,511.0,604.0,490.0,561.0,529.0,558.0,525.0,553.0
578,W2023,1,low,18,10,3,496.0,522.0,616.0,496.0,640.0,608.0,587.0,545.0,611.0,458.0,552.0
578,W2023,1,low,19,10,6,502.0,566.0,511.0,533.0,515.0,570.0,502.0,494.0,574.0,516.0,492.0
578,W2023,1,low,20,10,8,527.0,533.0,603.0,563.0,534.0,550.0,567.0,546.0,527.0,499.0,517.0
318,W2023,1,low,1,10,3,488.0,522.0,540.0,488.0,455.0,491.0,578.0,490.0,529.0,622.0,523.0
318,W2023,1,low,2,10,5,492.0,547.0,522.0,608.0,588.0,492.0,626.0,653.0,619.0,514.0,457.0
318,W2023,1,low,3,10,2,458.0,556.0,458.0,581.0,712.0,387.0,585.0,557.0,570.0,586.0,475.0
318,W2023,1,low,4,10,3,469.0,569.0,589.0,469.0,561.0,494.0,570.0,630.0,476.0,669.0,601.0
318,W2023,1,low,5,10,9,469.0,555.0,599.0,568.0,598.0,560.0,533.0,552.0,546.0,469.0,627.0
318,W2023,1,low,6,10,10,561.0,549.0,542.0,560.0,550.0,611.0,606.0,558.0,586.0,556.0,561.0
318,W2023,1,low,7,10,1,496.0,496.0,575.0,545.0,600.0,589.0,522.0,533.0,559.0,593.0,606.0
318,W2023,1,low,8,10,4,499.0,566.0,594.0,601.0,499.0,572.0,477.0,574.0,503.0,541.0,559.0
318,W2023,1,low,9,10,5,496.0,517.0,638.0,533.0,542.0,496.0,491.0,454.0,557.0,556.0,562.0
318,W2023,1,low,10,10,1,440.0,440.0,591.0,438.0,597.0,517.0,512.0,534.0,642.0,550.0,659.0
318,W2023,1,low,11,10,7,472.0,573.0,584.0,593.0,652.0,531.0,596.0,472.0,553.0,468.0,557.0
318,W2023,1,low,12,10,8,464.0,589.0,523.0,526.0,570.0,515.0,558.0,550.0,464.0,503.0,573.0
318,W2023,1,low,13,10,4,493.0,570.0,533.0,562.0,493.0,610.0,521.0,489.0,569.0,607.0,534.0
318,W2023,1,low,14,10,1,494.0,494.0,468.0,564.0,525.0,484.0,667.0,542.0,521.0,618.0,596.0
318,W2023,1,low,15,10,7,457.0,636.0,561.0,538.0,601.0,515.0,516.0,457.0,555.0,512.0,599.0
318,W2023,1,low,16,10,6,485.0,579.0,571.0,612.0,538.0,542.0,485.0,552.0,567.0,524.0,545.0
318,W2023,1,low,17,10,1,476.0,476.0,609.0,511.0,604.0,490.0,561.0,529.0,558.0,525.0,553.0
318,W2023,1,low,18,10,3,496.0,522.0,616.0,496.0,640.0,608.0,587.0,545.0,611.0,458.0,552.0
318,W2023,1,low,19,10,7,494.0,566.0,511.0,533.0,515.0,570.0,502.0,494.0,574.0,516.0,492.0
318,W2023,1,low,20,10,9,499.0,533.0,603.0,563.0,534.0,550.0,567.0,546.0,527.0,499.0,517.0
206,W2023,1,low,1,10,1,522.0,522.0,540.0,488.0,455.0,491.0,578.0,490.0,529.0,622.0,523.0
206,W2023,1,low,2,10,1,547.0,547.0,522.0,608.0,588.0,492.0,626.0,653.0,619.0,514.0,457.0
206,W2023,1,low,3,10,1,556.0,556.0,458.0,581.0,712.0,387.0,585.0,557.0,570.0,586.0,475.0
206,W2023,1,low,4,10,1,569.0,569.0,589.0,469.0,561.0,494.0,570.0,630.0,476.0,669.0,601.0
206,W2023,1,low,5,10,1,555.0,555.0,599.0,568.0,598.0,560.0,533.0,552.0,546.0,469.0,627.0
206,W2023,1,low,6,10,1,549.0,549.0,542.0,560.0,550.0,611.0,606.0,558.0,586.0,556.0,561.0
206,W2023,1,low,7,10,1,496.0,496.0,575.0,545.0,600.0,589.0,522.0,533.0,559.0,593.0,606.0
206,W2023,1,low,8,10,1,566.0,566.0,594.0,601.0,499.0,572.0,477.0,574.0,503.0,541.0,559.0
206,W2023,1,low,9,10,1,517.0,517.0,638.0,533.0,542.0,496.0,491.0,454.0,557.0,556.0,562.0
206,W2023,1,low,10,10,1,440.0,440.0,591.0,438.0,597.0,517.0,512.0,534.0,642.0,550.0,659.0
206,W2023,1,low,11,10,1,573.0,573.0,584.0,593.0,652.0,531.0,596.0,472.0,553.0,468.0,557.0
206,W2023,1,low,12,10,1,589.0,589.0,523.0,526.0,570.0,515.0,558.0,550.0,464.0,503.0,573.0
206,W2023,1,low,13,10,1,570.0,570.0,533.0,562.0,493.0,610.0,521.0,489.0,569.0,607.0,534.0
206,W2023,1,low,14,10,1,494.0,494.0,468.0,564.0,525.0,484.0,667.0,542.0,521.0,618.0,596.0
206,W2023,1,low,15,10,1,636.0,636.0,561.0,538.0,601.0,515.0,516.0,457.0,555.0,512.0,599.0
206,W2023,1,low,16,10,1,579.0,579.0,571.0,612.0,538.0,542.0,485.0,552.0,567.0,524.0,545.0
206,W2023,1,low,17,10,1,476.0,476.0,609.0,511.0,604.0,490.0,561.0,529.0,558.0,525.0,553.0
206,W2023,1,low,18,10,1,522.0,522.0,616.0,496.0,640.0,608.0,587.0,545.0,611.0,458.0,552.0
206,W2023,1,low,19,10,1,566.0,566.0,511.0,533.0,515.0,570.0,502.0,494.0,574.0,516.0,492.0
206,W2023,1,low,20,10,1,533.0,533.0,603.0,563.0,534.0,550.0,567.0,546.0,527.0,499.0,517.0
214,W2023,1,low,1,10,3,488.0,522.0,540.0,488.0,455.0,491.0,578.0,490.0,529.0,622.0,523.0
214,W2023,1,low,2,10,9,514.0,547.0,522.0,608.0,588.0,492.0,626.0,653.0,619.0,514.0,457.0
214,W2023,1,low,3,10,2,458.0,556.0,458.0,581.0,712.0,387.0,585.0,557.0,570.0,586.0,475.0
214,W2023,1,low,4,10,3,469.0,569.0,589.0,469.0,561.0,494.0,570.0,630.0,476.0,669.0,601.0
214,W2023,1,low,5,10,9,469.0,555.0,599.0,568.0,598.0,560.0,533.0,552.0,546.0,469.0,627.0
214,W2023,1,low,6,10,10,561.0,549.0,542.0,560.0,550.0,611.0,606.0,558.0,586.0,556.0,561.0
214,W2023,1,low,7,10,10,606.0,496.0,575.0,545.0,600.0,589.0,522.0,533.0,559.0,593.0,606.0
214,W2023,1,low,8,10,4,499.0,566.0,594.0,601.0,499.0,572.0,477.0,574.0,503.0,541.0,559.0
214,W2023,1,low,9,10,5,496.0,517.0,638.0,533.0,542.0,496.0,491.0,454.0,557.0,556.0,562.0
214,W2023,1,low,10,10,1,440.0,440.0,591.0,438.0,597.0,517.0,512.0,534.0,642.0,550.0,659.0
214,W2023,1,low,11,10,7,472.0,573.0,584.0,593.0,652.0,531.0,596.0,472.0,553.0,468.0,557.0
214,W2023,1,low,12,10,8,464.0,589.0,523.0,526.0,570.0,515.0,558.0,550.0,464.0,503.0,573.0
214,W2023,1,low,13,10,10,534.0,570.0,533.0,562.0,493.0,610.0,521.0,489.0,569.0,607.0,534.0
214,W2023,1,low,14,10,2,468.0,494.0,468.0,564.0,525.0,484.0,667.0,542.0,521.0,618.0,596.0
214,W2023,1,low,15,10,7,457.0,636.0,561.0,538.0,601.0,515.0,516.0,457.0,555.0,512.0,599.0
214,W2023,1,low,16,10,6,485.0,579.0,571.0,612.0,538.0,542.0,485.0,552.0,567.0,524.0,545.0
214,W2023,1,low,17,10,1,476.0,476.0,609.0,511.0,604.0,490.0,561.0,529.0,558.0,525.0,553.0
214,W2023,1,low,18,10,7,545.0,522.0,616.0,496.0,640.0,608.0,587.0,545.0,611.0,458.0,552.0
214,W2023,1,low,19,10,7,494.0,566.0,511.0,533.0,515.0,570.0,502.0,494.0,574.0,516.0,492.0
214,W2023,1,low,20,10,9,499.0,533.0,603.0,563.0,534.0,550.0,567.0,546.0,527.0,499.0,517.0
489,W2023,1,low,1,10,3,488.0,522.0,540.0,488.0,455.0,491.0,578.0,490.0,529.0,622.0,523.0
489,W2023,1,low,2,10,9,514.0,547.0,522.0,608.0,588.0,492.0,626.0,653.0,619.0,514.0,457.0
489,W2023,1,low,3,10,2,458.0,556.0,458.0,581.0,712.0,387.0,585.0,557.0,570.0,586.0,475.0
489,W2023,1,low,4,10,3,469.0,569.0,589.0,469.0,561.0,494.0,570.0,630.0,476.0,669.0,601.0
489,W2023,1,low,5,10,9,469.0,555.0,599.0,568.0,598.0,560.0,533.0,552.0,546.0,469.0,627.0
489,W2023,1,low,6,10,10,561.0,549.0,542.0,560.0,550.0,611.0,606.0,558.0,586.0,556.0,561.0
489,W2023,1,low,7,10,1,496.0,496.0,575.0,545.0,600.0,589.0,522.0,533.0,559.0,593.0,606.0
489,W2023,1,low,8,10,6,477.0,566.0,594.0,601.0,499.0,572.0,477.0,574.0,503.0,541.0,559.0
489,W2023,1,low,9,10,6,491.0,517.0,638.0,533.0,542.0,496.0,491.0,454.0,557.0,556.0,562.0
489,W2023,1,low,10,10,1,440.0,440.0,591.0,438.0,597.0,517.0,512.0,534.0,642.0,550.0,659.0
489,W2023,1,low,11,10,7,472.0,573.0,584.0,593.0,652.0,531.0,596.0,472.0,553.0,468.0,557.0
489,W2023,1,low,12,10,8,464.0,589.0,523.0,526.0,570.0,515.0,558.0,550.0,464.0,503.0,573.0
489,W2023,1,low,13,10,4,493.0,570.0,533.0,562.0,493.0,610.0,521.0,489.0,569.0,607.0,534.0
489,W2023,1,low,14,10,1,494.0,494.0,468.0,564.0,525.0,484.0,667.0,542.0,521.0,618.0,596.0
489,W2023,1,low,15,10,7,457.0,636.0,561.0,538.0,601.0,515.0,516.0,457.0,555.0,512.0,599.0
489,W2023,1,low,16,10,10,545.0,579.0,571.0,612.0,538.0,542.0,485.0,552.0,567.0,524.0,545.0
489,W2023,1,low,17,10,1,476.0,476.0,609.0,511.0,604.0,490.0,561.0,529.0,558.0,525.0,553.0
489,W2023,1,low,18,10,3,496.0,522.0,616.0,496.0,640.0,608.0,587.0,545.0,611.0,458.0,552.0
489,W2023,1,low,19,10,6,502.0,566.0,511.0,533.0,515.0,570.0,502.0,494.0,574.0,516.0,492.0
489,W2023,1,low,20,10,9,499.0,533.0,603.0,563.0,534.0,550.0,567.0,546.0,527.0,499.0,517.0
228,W2023,1,low,1,10,4,455.0,522.0,540.0,488.0,455.0,491.0,578.0,490.0,529.0,622.0,523.0
228,W2023,1,low,2,10,5,492.0,547.0,522.0,608.0,588.0,492.0,626.0,653.0,619.0,514.0,457.0
228,W2023,1,low,3,10,2,458.0,556.0,458.0,581.0,712.0,387.0,585.0,557.0,570.0,586.0,475.0
228,W2023,1,low,4,10,3,469.0,569.0,589.0,469.0,561.0,494.0,570.0,630.0,476.0,669.0,601.0
228,W2023,1,low,5,10,9,469.0,555.0,599.0,568.0,598.0,560.0,533.0,552.0,546.0,469.0,627.0
228,W2023,1,low,6,10,10,561.0,549.0,542.0,560.0,550.0,611.0,606.0,558.0,586.0,556.0,561.0
228,W2023,1,low,7,10,10,606.0,496.0,575.0,545.0,600.0,589.0,522.0,533.0,559.0,593.0,606.0
228,W2023,1,low,8,10,6,477.0,566.0,594.0,601.0,499.0,572.0,477.0,574.0,503.0,541.0,559.0
228,W2023,1,low,9,10,7,454.0,517.0,638.0,533.0,542.0,496.0,491.0,454.0,557.0,556.0,562.0
228,W2023,1,low,10,10,1,440.0,440.0,591.0,438.0,597.0,517.0,512.0,534.0,642.0,550.0,659.0
228,W2023,1,low,11,10,7,472.0,573.0,584.0,593.0,652.0,531.0,596.0,472.0,553.0,468.0,557.0
228,W2023,1,low,12,10,8,464.0,589.0,523.0,526.0,570.0,515.0,558.0,550.0,464.0,503.0,573.0
228,W2023,1,low,13,10,10,534.0,570.0,533.0,562.0,493.0,610.0,521.0,489.0,569.0,607.0,534.0
228,W2023,1,low,14,10,10,596.0,494.0,468.0,564.0,525.0,484.0,667.0,542.0,521.0,618.0,596.0
228,W2023,1,low,15,10,7,457.0,636.0,561.0,538.0,601.0,515.0,516.0,457.0,555.0,512.0,599.0
228,W2023,1,low,16,10,10,545.0,579.0,571.0,612.0,538.0,542.0,485.0,552.0,567.0,524.0,545.0
228,W2023,1,low,17,10,10,553.0,476.0,609.0,511.0,604.0,490.0,561.0,529.0,558.0,525.0,553.0
228,W2023,1,low,18,10,9,458.0,522.0,616.0,496.0,640.0,608.0,587.0,545.0,611.0,458.0,552.0
228,W2023,1,low,19,10,7,494.0,566.0,511.0,533.0,515.0,570.0,502.0,494.0,574.0,516.0,492.0
228,W2023,1,low,20,10,9,499.0,533.0,603.0,563.0,534.0,550.0,567.0,546.0,527.0,499.0,517.0
145,W2023,1,low,1,10,4,455.0,522.0,540.0,488.0,455.0,491.0,578.0,490.0,529.0,622.0,523.0
145,W2023,1,low,2,10,5,492.0,547.0,522.0,608.0,588.0,492.0,626.0,653.0,619.0,514.0,457.0
145,W2023,1,low,3,10,2,458.0,556.0,458.0,581.0,712.0,387.0,585.0,557.0,570.0,586.0,475.0
145,W2023,1,low,4,10,3,469.0,569.0,589.0,469.0,561.0,494.0,570.0,630.0,476.0,669.0,601.0
145,W2023,1,low,5,10,8,546.0,555.0,599.0,568.0,598.0,560.0,533.0,552.0,546.0,469.0,627.0
145,W2023,1,low,6,10,10,561.0,549.0,542.0,560.0,550.0,611.0,606.0,558.0,586.0,556.0,561.0
145,W2023,1,low,7,10,10,606.0,496.0,575.0,545.0,600.0,589.0,522.0,533.0,559.0,593.0,606.0
145,W2023,1,low,8,10,4,499.0,566.0,594.0,601.0,499.0,572.0,477.0,574.0,503.0,541.0,559.0
145,W2023,1,low,9,10,5,496.0,517.0,638.0,533.0,542.0,496.0,491.0,454.0,557.0,556.0,562.0
145,W2023,1,low,10,10,3,438.0,440.0,591.0,438.0,597.0,517.0,512.0,534.0,642.0,550.0,659.0
145,W2023,1,low,11,10,7,472.0,573.0,584.0,593.0,652.0,531.0,596.0,472.0,553.0,468.0,557.0
145,W2023,1,low,12,10,8,464.0,589.0,523.0,526.0,570.0,515.0,558.0,550.0,464.0,503.0,573.0
145,W2023,1,low,13,10,7,489.0,570.0,533.0,562.0,493.0,610.0,521.0,489.0,569.0,607.0,534.0
145,W2023,1,low,14,10,5,484.0,494.0,468.0,564.0,525.0,484.0,667.0,542.0,521.0,618.0,596.0
145,W2023,1,low,15,10,7,457.0,636.0,561.0,538.0,601.0,515.0,516.0,457.0,555.0,512.0,599.0
145,W2023,1,low,16,10,6,485.0,579.0,571.0,612.0,538.0,542.0,485.0,552.0,567.0,524.0,545.0
145,W2023,1,low,17,10,10,553.0,476.0,609.0,511.0,604.0,490.0,561.0,529.0,558.0,525.0,553.0
145,W2023,1,low,18,10,9,458.0,522.0,616.0,496.0,640.0,608.0,587.0,545.0,611.0,458.0,552.0
145,W2023,1,low,19,10,7,494.0,566.0,511.0,533.0,515.0,570.0,502.0,494.0,574.0,516.0,492.0
145,W2023,1,low,20,10,8,527.0,533.0,603.0,563.0,534.0,550.0,567.0,546.0,527.0,499.0,517.0
540,W2023,1,low,1,10,4,455.0,522.0,540.0,488.0,455.0,491.0,578.0,490.0,529.0,622.0,523.0
540,W2023,1,low,2,10,9,514.0,547.0,522.0,608.0,588.0,492.0,626.0,653.0,619.0,514.0,457.0
540,W2023,1,low,3,10,2,458.0,556.0,458.0,581.0,712.0,387.0,585.0,557.0,570.0,586.0,475.0
540,W2023,1,low,4,10,3,469.0,569.0,589.0,469.0,561.0,494.0,570.0,630.0,476.0,669.0,601.0
540,W2023,1,low,5,10,9,469.0,555.0,599.0,568.0,598.0,560.0,533.0,552.0,546.0,469.0,627.0
540,W2023,1,low,6,10,10,561.0,549.0,542.0,560.0,550.0,611.0,606.0,558.0,586.0,556.0,561.0
540,W2023,1,low,7,10,10,606.0,496.0,575.0,545.0,600.0,589.0,522.0,533.0,559.0,593.0,606.0
540,W2023,1,low,8,10,4,499.0,566.0,594.0,601.0,499.0,572.0,477.0,574.0,503.0,541.0,559.0
540,W2023,1,low,9,10,5,496.0,517.0,638.0,533.0,542.0,496.0,491.0,454.0,557.0,556.0,562.0
540,W2023,1,low,10,10,1,440.0,440.0,591.0,438.0,597.0,517.0,512.0,534.0,642.0,550.0,659.0
540,W2023,1,low,11,10,7,472.0,573.0,584.0,593.0,652.0,531.0,596.0,472.0,553.0,468.0,557.0
540,W2023,1,low,12,10,5,515.0,589.0,523.0,526.0,570.0,515.0,558.0,550.0,464.0,503.0,573.0
540,W2023,1,low,13,10,4,493.0,570.0,533.0,562.0,493.0,610.0,521.0,489.0,569.0,607.0,534.0
540,W2023,1,low,14,10,2,468.0,494.0,468.0,564.0,525.0,484.0,667.0,542.0,521.0,618.0,596.0
540,W2023,1,low,15,10,5,515.0,636.0,561.0,538.0,601.0,515.0,516.0,457.0,555.0,512.0,599.0
540,W2023,1,low,16,10,6,485.0,579.0,571.0,612.0,538.0,542.0,485.0,552.0,567.0,524.0,545.0
540,W2023,1,low,17,10,1,476.0,476.0,609.0,511.0,604.0,490.0,561.0,529.0,558.0,525.0,553.0
540,W2023,1,low,18,10,9,458.0,522.0,616.0,496.0,640.0,608.0,587.0,545.0,611.0,458.0,552.0
540,W2023,1,low,19,10,6,502.0,566.0,511.0,533.0,515.0,570.0,502.0,494.0,574.0,516.0,492.0
540,W2023,1,low,20,10,7,546.0,533.0,603.0,563.0,534.0,550.0,567.0,546.0,527.0,499.0,517.0
467,W2023,1,low,1,10,3,488.0,522.0,540.0,488.0,455.0,491.0,578.0,490.0,529.0,622.0,523.0
467,W2023,1,low,2,10,10,457.0,547.0,522.0,608.0,588.0,492.0,626.0,653.0,619.0,514.0,457.0
467,W2023,1,low,3,10,2,458.0,556.0,458.0,581.0,712.0,387.0,585.0,557.0,570.0,586.0,475.0
467,W2023,1,low,4,10,3,469.0,569.0,589.0,469.0,561.0,494.0,570.0,630.0,476.0,669.0,601.0
467,W2023,1,low,5,10,9,469.0,555.0,599.0,568.0,598.0,560.0,533.0,552.0,546.0,469.0,627.0
467,W2023,1,low,6,10,9,556.0,549.0,542.0,560.0,550.0,611.0,606.0,558.0,586.0,556.0,561.0
467,W2023,1,low,7,10,1,496.0,496.0,575.0,545.0,600.0,589.0,522.0,533.0,559.0,593.0,606.0
467,W2023,1,low,8,10,4,499.0,566.0,594.0,601.0,499.0,572.0,477.0,574.0,503.0,541.0,559.0
467,W2023,1,low,9,10,5,496.0,517.0,638.0,533.0,542.0,496.0,491.0,454.0,557.0,556.0,562.0
467,W2023,1,low,10,10,1,440.0,440.0,591.0,438.0,597.0,517.0,512.0,534.0,642.0,550.0,659.0
467,W2023,1,low,11,10,7,472.0,573.0,584.0,593.0,652.0,531.0,596.0,472.0,553.0,468.0,557.0
467,W2023,1,low,12,10,8,464.0,589.0,523.0,526.0,570.0,515.0,558.0,550.0,464.0,503.0,573.0
467,W2023,1,low,13,10,7,489.0,570.0,533.0,562.0,493.0,610.0,521.0,489.0,569.0,607.0,534.0
467,W2023,1,low,14,10,2,468.0,494.0,468.0,564.0,525.0,484.0,667.0,542.0,521.0,618.0,596.0
467,W2023,1,low,15,10,7,457.0,636.0,561.0,538.0,601.0,515.0,516.0,457.0,555.0,512.0,599.0
467,W2023,1,low,16,10,6,485.0,579.0,571.0,612.0,538.0,542.0,485.0,552.0,567.0,524.0,545.0
467,W2023,1,low,17,10,5,490.0,476.0,609.0,511.0,604.0,490.0,561.0,529.0,558.0,525.0,553.0
467,W2023,1,low,18,10,9,458.0,522.0,616.0,496.0,640.0,608.0,587.0,545.0,611.0,458.0,552.0
467,W2023,1,low,19,10,10,492.0,566.0,511.0,533.0,515.0,570.0,502.0,494.0,574.0,516.0,492.0
467,W2023,1,low,20,10,9,499.0,533.0,603.0,563.0,534.0,550.0,567.0,546.0,527.0,499.0,517.0
506,W2023,1,low,1,10,3,488.0,522.0,540.0,488.0,455.0,491.0,578.0,490.0,529.0,622.0,523.0
506,W2023,1,low,2,10,5,492.0,547.0,522.0,608.0,588.0,492.0,626.0,653.0,619.0,514.0,457.0
506,W2023,1,low,3,10,2,458.0,556.0,458.0,581.0,712.0,387.0,585.0,557.0,570.0,586.0,475.0
506,W2023,1,low,4,10,3,469.0,569.0,589.0,469.0,561.0,494.0,570.0,630.0,476.0,669.0,601.0
506,W2023,1,low,5,10,9,469.0,555.0,599.0,568.0,598.0,560.0,533.0,552.0,546.0,469.0,627.0
506,W2023,1,low,6,10,10,561.0,549.0,542.0,560.0,550.0,611.0,606.0,558.0,586.0,556.0,561.0
506,W2023,1,low,7,10,10,606.0,496.0,575.0,545.0,600.0,589.0,522.0,533.0,559.0,593.0,606.0
506,W2023,1,low,8,10,6,477.0,566.0,594.0,601.0,499.0,572.0,477.0,574.0,503.0,541.0,559.0
506,W2023,1,low,9,10,5,496.0,517.0,638.0,533.0,542.0,496.0,491.0,454.0,557.0,556.0,562.0
506,W2023,1,low,10,10,1,440.0,440.0,591.0,438.0,597.0,517.0,512.0,534.0,642.0,550.0,659.0
506,W2023,1,low,11,10,7,472.0,573.0,584.0,593.0,652.0,531.0,596.0,472.0,553.0,468.0,557.0
506,W2023,1,low,12,10,5,515.0,589.0,523.0,526.0,570.0,515.0,558.0,550.0,464.0,503.0,573.0
506,W2023,1,low,13,10,4,493.0,570.0,533.0,562.0,493.0,610.0,521.0,489.0,569.0,607.0,534.0
506,W2023,1,low,14,10,2,468.0,494.0,468.0,564.0,525.0,484.0,667.0,542.0,521.0,618.0,596.0
506,W2023,1,low,15,10,7,457.0,636.0,561.0,538.0,601.0,515.0,516.0,457.0,555.0,512.0,599.0
506,W2023,1,low,16,10,10,545.0,579.0,571.0,612.0,538.0,542.0,485.0,552.0,567.0,524.0,545.0
506,W2023,1,low,17,10,1,476.0,476.0,609.0,511.0,604.0,490.0,561.0,529.0,558.0,525.0,553.0
506,W2023,1,low,18,10,9,458.0,522.0,616.0,496.0,640.0,608.0,587.0,545.0,611.0,458.0,552.0
506,W2023,1,low,19,10,7,494.0,566.0,511.0,533.0,515.0,570.0,502.0,494.0,574.0,516.0,492.0
506,W2023,1,low,20,10,8,527.0,533.0,603.0,563.0,534.0,550.0,567.0,546.0,527.0,499.0,517.0
503,W2023,1,low,1,10,3,488.0,522.0,540.0,488.0,455.0,491.0,578.0,490.0,529.0,622.0,523.0
503,W2023,1,low,2,10,10,457.0,547.0,522.0,608.0,588.0,492.0,626.0,653.0,619.0,514.0,457.0
503,W2023,1,low,3,10,2,458.0,556.0,458.0,581.0,712.0,387.0,585.0,557.0,570.0,586.0,475.0
503,W2023,1,low,4,10,8,476.0,569.0,589.0,469.0,561.0,494.0,570.0,630.0,476.0,669.0,601.0
503,W2023,1,low,5,10,9,469.0,555.0,599.0,568.0,598.0,560.0,533.0,552.0,546.0,469.0,627.0
503,W2023,1,low,6,10,10,561.0,549.0,542.0,560.0,550.0,611.0,606.0,558.0,586.0,556.0,561.0
503,W2023,1,low,7,10,10,606.0,496.0,575.0,545.0,600.0,589.0,522.0,533.0,559.0,593.0,606.0
503,W2023,1,low,8,10,6,477.0,566.0,594.0,601.0,499.0,572.0,477.0,574.0,503.0,541.0,559.0
503,W2023,1,low,9,10,7,454.0,517.0,638.0,533.0,542.0,496.0,491.0,454.0,557.0,556.0,562.0
503,W2023,1,low,10,10,1,440.0,440.0,591.0,438.0,597.0,517.0,512.0,534.0,642.0,550.0,659.0
503,W2023,1,low,11,10,7,472.0,573.0,584.0,593.0,652.0,531.0,596.0,472.0,553.0,468.0,557.0
503,W2023,1,low,12,10,8,464.0,589.0,523.0,526.0,570.0,515.0,558.0,550.0,464.0,503.0,573.0
503,W2023,1,low,13,10,7,489.0,570.0,533.0,562.0,493.0,610.0,521.0,489.0,569.0,607.0,534.0
503,W2023,1,low,14,10,2,468.0,494.0,468.0,564.0,525.0,484.0,667.0,542.0,521.0,618.0,596.0
503,W2023,1,low,15,10,7,457.0,636.0,561.0,538.0,601.0,515.0,516.0,457.0,555.0,512.0,599.0
503,W2023,1,low,16,10,10,545.0,579.0,571.0,612.0,538.0,542.0,485.0,552.0,567.0,524.0,545.0
503,W2023,1,low,17,10,9,525.0,476.0,609.0,511.0,604.0,490.0,561.0,529.0,558.0,525.0,553.0
503,W2023,1,low,18,10,9,458.0,522.0,616.0,496.0,640.0,608.0,587.0,545.0,611.0,458.0,552.0
503,W2023,1,low,19,10,10,492.0,566.0,511.0,533.0,515.0,570.0,502.0,494.0,574.0,516.0,492.0
503,W2023,1,low,20,10,9,499.0,533.0,603.0,563.0,534.0,550.0,567.0,546.0,527.0,499.0,517.0
254,W2023,1,low,1,10,3,488.0,522.0,540.0,488.0,455.0,491.0,578.0,490.0,529.0,622.0,523.0
254,W2023,1,low,2,10,5,492.0,547.0,522.0,608.0,588.0,492.0,626.0,653.0,619.0,514.0,457.0
254,W2023,1,low,3,10,2,458.0,556.0,458.0,581.0,712.0,387.0,585.0,557.0,570.0,586.0,475.0
254,W2023,1,low,4,10,3,469.0,569.0,589.0,469.0,561.0,494.0,570.0,630.0,476.0,669.0,601.0
254,W2023,1,low,5,10,8,546.0,555.0,599.0,568.0,598.0,560.0,533.0,552.0,546.0,469.0,627.0
254,W2023,1,low,6,10,10,561.0,549.0,542.0,560.0,550.0,611.0,606.0,558.0,586.0,556.0,561.0
254,W2023,1,low,7,10,1,496.0,496.0,575.0,545.0,600.0,589.0,522.0,533.0,559.0,593.0,606.0
254,W2023,1,low,8,10,4,499.0,566.0,594.0,601.0,499.0,572.0,477.0,574.0,503.0,541.0,559.0
254,W2023,1,low,9,10,7,454.0,517.0,638.0,533.0,542.0,496.0,491.0,454.0,557.0,556.0,562.0
254,W2023,1,low,10,10,1,440.0,440.0,591.0,438.0,597.0,517.0,512.0,534.0,642.0,550.0,659.0
254,W2023,1,low,11,10,7,472.0,573.0,584.0,593.0,652.0,531.0,596.0,472.0,553.0,468.0,557.0
254,W2023,1,low,12,10,8,464.0,589.0,523.0,526.0,570.0,515.0,558.0,550.0,464.0,503.0,573.0
254,W2023,1,low,13,10,7,489.0,570.0,533.0,562.0,493.0,610.0,521.0,489.0,569.0,607.0,534.0
254,W2023,1,low,14,10,1,494.0,494.0,468.0,564.0,525.0,484.0,667.0,542.0,521.0,618.0,596.0
254,W2023,1,low,15,10,7,457.0,636.0,561.0,538.0,601.0,515.0,516.0,457.0,555.0,512.0,599.0
254,W2023,1,low,16,10,4,538.0,579.0,571.0,612.0,538.0,542.0,485.0,552.0,567.0,524.0,545.0
254,W2023,1,low,17,10,1,476.0,476.0,609.0,511.0,604.0,490.0,561.0,529.0,558.0,525.0,553.0
254,W2023,1,low,18,10,9,458.0,522.0,616.0,496.0,640.0,608.0,587.0,545.0,611.0,458.0,552.0
254,W2023,1,low,19,10,6,502.0,566.0,511.0,533.0,515.0,570.0,502.0,494.0,574.0,516.0,492.0
254,W2023,1,low,20,10,9,499.0,533.0,603.0,563.0,534.0,550.0,567.0,546.0,527.0,499.0,517.0
238,W2023,1,low,1,10,3,488.0,522.0,540.0,488.0,455.0,491.0,578.0,490.0,529.0,622.0,523.0
238,W2023,1,low,2,10,5,492.0,547.0,522.0,608.0,588.0,492.0,626.0,653.0,619.0,514.0,457.0
238,W2023,1,low,3,10,2,458.0,556.0,458.0,581.0,712.0,387.0,585.0,557.0,570.0,586.0,475.0
238,W2023,1,low,4,10,3,469.0,569.0,589.0,469.0,561.0,494.0,570.0,630.0,476.0,669.0,601.0
238,W2023,1,low,5,10,9,469.0,555.0,599.0,568.0,598.0,560.0,533.0,552.0,546.0,469.0,627.0
238,W2023,1,low,6,10,10,561.0,549.0,542.0,560.0,550.0,611.0,606.0,558.0,586.0,556.0,561.0
238,W2023,1,low,7,10,10,606.0,496.0,575.0,545.0,600.0,589.0,522.0,533.0,559.0,593.0,606.0
238,W2023,1,low,8,10,4,499.0,566.0,594.0,601.0,499.0,572.0,477.0,574.0,503.0,541.0,559.0
238,W2023,1,low,9,10,5,496.0,517.0,638.0,533.0,542.0,496.0,491.0,454.0,557.0,556.0,562.0
238,W2023,1,low,10,10,1,440.0,440.0,591.0,438.0,597.0,517.0,512.0,534.0,642.0,550.0,659.0
238,W2023,1,low,11,10,7,472.0,573.0,584.0,593.0,652.0,531.0,596.0,472.0,553.0,468.0,557.0
238,W2023,1,low,12,10,8,464.0,589.0,523.0,526.0,570.0,515.0,558.0,550.0,464.0,503.0,573.0
238,W2023,1,low,13,10,4,493.0,570.0,533.0,562.0,493.0,610.0,521.0,489.0,569.0,607.0,534.0
238,W2023,1,low,14,10,2,468.0,494.0,468.0,564.0,525.0,484.0,667.0,542.0,521.0,618.0,596.0
238,W2023,1,low,15,10,5,515.0,636.0,561.0,538.0,601.0,515.0,516.0,457.0,555.0,512.0,599.0
238,W2023,1,low,16,10,6,485.0,579.0,571.0,612.0,538.0,542.0,485.0,552.0,567.0,524.0,545.0
238,W2023,1,low,17,10,1,476.0,476.0,609.0,511.0,604.0,490.0,561.0,529.0,558.0,525.0,553.0
238,W2023,1,low,18,10,9,458.0,522.0,616.0,496.0,640.0,608.0,587.0,545.0,611.0,458.0,552.0
238,W2023,1,low,19,10,6,502.0,566.0,511.0,533.0,515.0,570.0,502.0,494.0,574.0,516.0,492.0
238,W2023,1,low,20,10,8,527.0,533.0,603.0,563.0,534.0,550.0,567.0,546.0,527.0,499.0,517.0
32,W2023,1,low,1,10,4,455.0,522.0,540.0,488.0,455.0,491.0,578.0,490.0,529.0,622.0,523.0
32,W2023,1,low,2,10,10,457.0,547.0,522.0,608.0,588.0,492.0,626.0,653.0,619.0,514.0,457.0
32,W2023,1,low,3,10,5,387.0,556.0,458.0,581.0,712.0,387.0,585.0,557.0,570.0,586.0,475.0
32,W2023,1,low,4,10,8,476.0,569.0,589.0,469.0,561.0,494.0,570.0,630.0,476.0,669.0,601.0
32,W2023,1,low,5,10,9,469.0,555.0,599.0,568.0,598.0,560.0,533.0,552.0,546.0,469.0,627.0
32,W2023,1,low,6,10,10,561.0,549.0,542.0,560.0,550.0,611.0,606.0,558.0,586.0,556.0,561.0
32,W2023,1,low,7,10,10,606.0,496.0,575.0,545.0,600.0,589.0,522.0,533.0,559.0,593.0,606.0
32,W2023,1,low,8,10,6,477.0,566.0,594.0,601.0,499.0,572.0,477.0,574.0,503.0,541.0,559.0
32,W2023,1,low,9,10,10,562.0,517.0,638.0,533.0,542.0,496.0,491.0,454.0,557.0,556.0,562.0
32,W2023,1,low,10,10,3,438.0,440.0,591.0,438.0,597.0,517.0,512.0,534.0,642.0,550.0,659.0
32,W2023,1,low,11,10,7,472.0,573.0,584.0,593.0,652.0,531.0,596.0,472.0,553.0,468.0,557.0
32,W2023,1,low,12,10,8,464.0,589.0,523.0,526.0,570.0,515.0,558.0,550.0,464.0,503.0,573.0
32,W2023,1,low,13,10,7,489.0,570.0,533.0,562.0,493.0,610.0,521.0,489.0,569.0,607.0,534.0
32,W2023,1,low,14,10,2,468.0,494.0,468.0,564.0,525.0,484.0,667.0,542.0,521.0,618.0,596.0
32,W2023,1,low,15,10,7,457.0,636.0,561.0,538.0,601.0,515.0,516.0,457.0,555.0,512.0,599.0
32,W2023,1,low,16,10,6,485.0,579.0,571.0,612.0,538.0,542.0,485.0,552.0,567.0,524.0,545.0
32,W2023,1,low,17,10,1,476.0,476.0,609.0,511.0,604.0,490.0,561.0,529.0,558.0,525.0,553.0
32,W2023,1,low,18,10,9,458.0,522.0,616.0,496.0,640.0,608.0,587.0,545.0,611.0,458.0,552.0
32,W2023,1,low,19,10,7,494.0,566.0,511.0,533.0,515.0,570.0,502.0,494.0,574.0,516.0,492.0
32,W2023,1,low,20,10,9,499.0,533.0,603.0,563.0,534.0,550.0,567.0,546.0,527.0,499.0,517.0
287,W2023,1,low,1,10,3,488.0,522.0,540.0,488.0,455.0,491.0,578.0,490.0,529.0,622.0,523.0
287,W2023,1,low,2,10,5,492.0,547.0,522.0,608.0,588.0,492.0,626.0,653.0,619.0,514.0,457.0
287,W2023,1,low,3,10,2,458.0,556.0,458.0,581.0,712.0,387.0,585.0,557.0,570.0,586.0,475.0
287,W2023,1,low,4,10,3,469.0,569.0,589.0,469.0,561.0,494.0,570.0,630.0,476.0,669.0,601.0
287,W2023,1,low,5,10,9,469.0,555.0,599.0,568.0,598.0,560.0,533.0,552.0,546.0,469.0,627.0
287,W2023,1,low,6,10,10,561.0,549.0,542.0,560.0,550.0,611.0,606.0,558.0,586.0,556.0,561.0
287,W2023,1,low,7,10,1,496.0,496.0,575.0,545.0,600.0,589.0,522.0,533.0,559.0,593.0,606.0
287,W2023,1,low,8,10,6,477.0,566.0,594.0,601.0,499.0,572.0,477.0,574.0,503.0,541.0,559.0
287,W2023,1,low,9,10,5,496.0,517.0,638.0,533.0,542.0,496.0,491.0,454.0,557.0,556.0,562.0
287,W2023,1,low,10,10,1,440.0,440.0,591.0,438.0,597.0,517.0,512.0,534.0,642.0,550.0,659.0
287,W2023,1,low,11,10,7,472.0,573.0,584.0,593.0,652.0,531.0,596.0,472.0,553.0,468.0,557.0
287,W2023,1,low,12,10,8,464.0,589.0,523.0,526.0,570.0,515.0,558.0,550.0,464.0,503.0,573.0
287,W2023,1,low,13,10,4,493.0,570.0,533.0,562.0,493.0,610.0,521.0,489.0,569.0,607.0,534.0
287,W2023,1,low,14,10,1,494.0,494.0,468.0,564.0,525.0,484.0,667.0,542.0,521.0,618.0,596.0
287,W2023,1,low,15,10,7,457.0,636.0,561.0,538.0,601.0,515.0,516.0,457.0,555.0,512.0,599.0
287,W2023,1,low,16,10,6,485.0,579.0,571.0,612.0,538.0,542.0,485.0,552.0,567.0,524.0,545.0
287,W2023,1,low,17,10,1,476.0,476.0,609.0,511.0,604.0,490.0,561.0,529.0,558.0,525.0,553.0
287,W2023,1,low,18,10,9,458.0,522.0,616.0,496.0,640.0,608.0,587.0,545.0,611.0,458.0,552.0
287,W2023,1,low,19,10,7,494.0,566.0,511.0,533.0,515.0,570.0,502.0,494.0,574.0,516.0,492.0
287,W2023,1,low,20,10,9,499.0,533.0,603.0,563.0,534.0,550.0,567.0,546.0,527.0,499.0,517.0
274,W2023,1,low,1,10,3,488.0,522.0,540.0,488.0,455.0,491.0,578.0,490.0,529.0,622.0,523.0
274,W2023,1,low,2,10,9,514.0,547.0,522.0,608.0,588.0,492.0,626.0,653.0,619.0,514.0,457.0
274,W2023,1,low,3,10,2,458.0,556.0,458.0,581.0,712.0,387.0,585.0,557.0,570.0,586.0,475.0
274,W2023,1,low,4,10,3,469.0,569.0,589.0,469.0,561.0,494.0,570.0,630.0,476.0,669.0,601.0
274,W2023,1,low,5,10,9,469.0,555.0,599.0,568.0,598.0,560.0,533.0,552.0,546.0,469.0,627.0
274,W2023,1,low,6,10,9,556.0,549.0,542.0,560.0,550.0,611.0,606.0,558.0,586.0,556.0,561.0
274,W2023,1,low,7,10,10,606.0,496.0,575.0,545.0,600.0,589.0,522.0,533.0,559.0,593.0,606.0
274,W2023,1,low,8,10,6,477.0,566.0,594.0,601.0,499.0,572.0,477.0,574.0,503.0,541.0,559.0
274,W2023,1,low,9,10,5,496.0,517.0,638.0,533.0,542.0,496.0,491.0,454.0,557.0,556.0,562.0
274,W2023,1,low,10,10,1,440.0,440.0,591.0,438.0,597.0,517.0,512.0,534.0,642.0,550.0,659.0
274,W2023,1,low,11,10,7,472.0,573.0,584.0,593.0,652.0,531.0,596.0,472.0,553.0,468.0,557.0
274,W2023,1,low,12,10,5,515.0,589.0,523.0,526.0,570.0,515.0,558.0,550.0,464.0,503.0,573.0
274,W2023,1,low,13,10,4,493.0,570.0,533.0,562.0,493.0,610.0,521.0,489.0,569.0,607.0,534.0
274,W2023,1,low,14,10,1,494.0,494.0,468.0,564.0,525.0,484.0,667.0,542.0,521.0,618.0,596.0
274,W2023,1,low,15,10,5,515.0,636.0,561.0,538.0,601.0,515.0,516.0,457.0,555.0,512.0,599.0
274,W2023,1,low,16,10,4,538.0,579.0,571.0,612.0,538.0,542.0,485.0,552.0,567.0,524.0,545.0
274,W2023,1,low,17,10,1,476.0,476.0,609.0,511.0,604.0,490.0,561.0,529.0,558.0,525.0,553.0
274,W2023,1,low,18,10,1,522.0,522.0,616.0,496.0,640.0,608.0,587.0,545.0,611.0,458.0,552.0
274,W2023,1,low,19,10,2,511.0,566.0,511.0,533.0,515.0,570.0,502.0,494.0,574.0,516.0,492.0
274,W2023,1,low,20,10,8,527.0,533.0,603.0,563.0,534.0,550.0,567.0,546.0,527.0,499.0,517.0
507,W2023,1,low,1,10,1,522.0,522.0,540.0,488.0,455.0,491.0,578.0,490.0,529.0,622.0,523.0
507,W2023,1,low,2,10,5,492.0,547.0,522.0,608.0,588.0,492.0,626.0,653.0,619.0,514.0,457.0
507,W2023,1,low,3,10,2,458.0,556.0,458.0,581.0,712.0,387.0,585.0,557.0,570.0,586.0,475.0
507,W2023,1,low,4,10,3,469.0,569.0,589.0,469.0,561.0,494.0,570.0,630.0,476.0,669.0,601.0
507,W2023,1,low,5,10,9,469.0,555.0,599.0,568.0,598.0,560.0,533.0,552.0,546.0,469.0,627.0
507,W2023,1,low,6,10,10,561.0,549.0,542.0,560.0,550.0,611.0,606.0,558.0,586.0,556.0,561.0
507,W2023,1,low,7,10,1,496.0,496.0,575.0,545.0,600.0,589.0,522.0,533.0,559.0,593.0,606.0
507,W2023,1,low,8,10,4,499.0,566.0,594.0,601.0,499.0,572.0,477.0,574.0,503.0,541.0,559.0
507,W2023,1,low,9,10,1,517.0,517.0,638.0,533.0,542.0,496.0,491.0,454.0,557.0,556.0,562.0
507,W2023,1,low,10,10,1,440.0,440.0,591.0,438.0,597.0,517.0,512.0,534.0,642.0,550.0,659.0
507,W2023,1,low,11,10,7,472.0,573.0,584.0,593.0,652.0,531.0,596.0,472.0,553.0,468.0,557.0
507,W2023,1,low,12,10,5,515.0,589.0,523.0,526.0,570.0,515.0,558.0,550.0,464.0,503.0,573.0
507,W2023,1,low,13,10,4,493.0,570.0,533.0,562.0,493.0,610.0,521.0,489.0,569.0,607.0,534.0
507,W2023,1,low,14,10,1,494.0,494.0,468.0,564.0,525.0,484.0,667.0,542.0,521.0,618.0,596.0
507,W2023,1,low,15,10,5,515.0,636.0,561.0,538.0,601.0,515.0,516.0,457.0,555.0,512.0,599.0
507,W2023,1,low,16,10,6,485.0,579.0,571.0,612.0,538.0,542.0,485.0,552.0,567.0,524.0,545.0
507,W2023,1,low,17,10,1,476.0,476.0,609.0,511.0,604.0,490.0,561.0,529.0,558.0,525.0,553.0
507,W2023,1,low,18,10,3,496.0,522.0,616.0,496.0,640.0,608.0,587.0,545.0,611.0,458.0,552.0
507,W2023,1,low,19,10,1,566.0,566.0,511.0,533.0,515.0,570.0,502.0,494.0,574.0,516.0,492.0
507,W2023,1,low,20,10,8,527.0,533.0,603.0,563.0,534.0,550.0,567.0,546.0,527.0,499.0,517.0
275,W2023,1,low,1,10,3,488.0,522.0,540.0,488.0,455.0,491.0,578.0,490.0,529.0,622.0,523.0
275,W2023,1,low,2,10,5,492.0,547.0,522.0,608.0,588.0,492.0,626.0,653.0,619.0,514.0,457.0
275,W2023,1,low,3,10,2,458.0,556.0,458.0,581.0,712.0,387.0,585.0,557.0,570.0,586.0,475.0
275,W2023,1,low,4,10,3,469.0,569.0,589.0,469.0,561.0,494.0,570.0,630.0,476.0,669.0,601.0
275,W2023,1,low,5,10,9,469.0,555.0,599.0,568.0,598.0,560.0,533.0,552.0,546.0,469.0,627.0
275,W2023,1,low,6,10,10,561.0,549.0,542.0,560.0,550.0,611.0,606.0,558.0,586.0,556.0,561.0
275,W2023,1,low,7,10,10,606.0,496.0,575.0,545.0,600.0,589.0,522.0,533.0,559.0,593.0,606.0
275,W2023,1,low,8,10,6,477.0,566.0,594.0,601.0,499.0,572.0,477.0,574.0,503.0,541.0,559.0
275,W2023,1,low,9,10,5,496.0,517.0,638.0,533.0,542.0,496.0,491.0,454.0,557.0,556.0,562.0
275,W2023,1,low,10,10,1,440.0,440.0,591.0,438.0,597.0,517.0,512.0,534.0,642.0,550.0,659.0
275,W2023,1,low,11,10,7,472.0,573.0,584.0,593.0,652.0,531.0,596.0,472.0,553.0,468.0,557.0
275,W2023,1,low,12,10,8,464.0,589.0,523.0,526.0,570.0,515.0,558.0,550.0,464.0,503.0,573.0
275,W2023,1,low,13,10,7,489.0,570.0,533.0,562.0,493.0,610.0,521.0,489.0,569.0,607.0,534.0
275,W2023,1,low,14,10,1,494.0,494.0,468.0,564.0,525.0,484.0,667.0,542.0,521.0,618.0,596.0
275,W2023,1,low,15,10,7,457.0,636.0,561.0,538.0,601.0,515.0,516.0,457.0,555.0,512.0,599.0
275,W2023,1,low,16,10,6,485.0,579.0,571.0,612.0,538.0,542.0,485.0,552.0,567.0,524.0,545.0
275,W2023,1,low,17,10,1,476.0,476.0,609.0,511.0,604.0,490.0,561.0,529.0,558.0,525.0,553.0
275,W2023,1,low,18,10,3,496.0,522.0,616.0,496.0,640.0,608.0,587.0,545.0,611.0,458.0,552.0
275,W2023,1,low,19,10,6,502.0,566.0,511.0,533.0,515.0,570.0,502.0,494.0,574.0,516.0,492.0
275,W2023,1,low,20,10,9,499.0,533.0,603.0,563.0,534.0,550.0,567.0,546.0,527.0,499.0,517.0
491,W2023,1,low,1,10,3,488.0,522.0,540.0,488.0,455.0,491.0,578.0,490.0,529.0,622.0,523.0
491,W2023,1,low,2,10,5,492.0,547.0,522.0,608.0,588.0,492.0,626.0,653.0,619.0,514.0,457.0
491,W2023,1,low,3,10,2,458.0,556.0,458.0,581.0,712.0,387.0,585.0,557.0,570.0,586.0,475.0
491,W2023,1,low,4,10,3,469.0,569.0,589.0,469.0,561.0,494.0,570.0,630.0,476.0,669.0,601.0
491,W2023,1,low,5,10,9,469.0,555.0,599.0,568.0,598.0,560.0,533.0,552.0,546.0,469.0,627.0
491,W2023,1,low,6,10,10,561.0,549.0,542.0,560.0,550.0,611.0,606.0,558.0,586.0,556.0,561.0
491,W2023,1,low,7,10,1,496.0,496.0,575.0,545.0,600.0,589.0,522.0,533.0,559.0,593.0,606.0
491,W2023,1,low,8,10,4,499.0,566.0,594.0,601.0,499.0,572.0,477.0,574.0,503.0,541.0,559.0
491,W2023,1,low,9,10,10,562.0,517.0,638.0,533.0,542.0,496.0,491.0,454.0,557.0,556.0,562.0
491,W2023,1,low,10,10,1,440.0,440.0,591.0,438.0,597.0,517.0,512.0,534.0,642.0,550.0,659.0
491,W2023,1,low,11,10,5,531.0,573.0,584.0,593.0,652.0,531.0,596.0,472.0,553.0,468.0,557.0
491,W2023,1,low,12,10,8,464.0,589.0,523.0,526.0,570.0,515.0,558.0,550.0,464.0,503.0,573.0
491,W2023,1,low,13,10,4,493.0,570.0,533.0,562.0,493.0,610.0,521.0,489.0,569.0,607.0,534.0
491,W2023,1,low,14,10,1,494.0,494.0,468.0,564.0,525.0,484.0,667.0,542.0,521.0,618.0,596.0
491,W2023,1,low,15,10,7,457.0,636.0,561.0,538.0,601.0,515.0,516.0,457.0,555.0,512.0,599.0
491,W2023,1,low,16,10,6,485.0,579.0,571.0,612.0,538.0,542.0,485.0,552.0,567.0,524.0,545.0
491,W2023,1,low,17,10,1,476.0,476.0,609.0,511.0,604.0,490.0,561.0,529.0,558.0,525.0,553.0
491,W2023,1,low,18,10,3,496.0,522.0,616.0,496.0,640.0,608.0,587.0,545.0,611.0,458.0,552.0
491,W2023,1,low,19,10,6,502.0,566.0,511.0,533.0,515.0,570.0,502.0,494.0,574.0,516.0,492.0
491,W2023,1,low,20,10,9,499.0,533.0,603.0,563.0,534.0,550.0,567.0,546.0,527.0,499.0,517.0
438,W2023,1,low,1,10,3,488.0,522.0,540.0,488.0,455.0,491.0,578.0,490.0,529.0,622.0,523.0
438,W2023,1,low,2,10,5,492.0,547.0,522.0,608.0,588.0,492.0,626.0,653.0,619.0,514.0,457.0
438,W2023,1,low,3,10,5,387.0,556.0,458.0,581.0,712.0,387.0,585.0,557.0,570.0,586.0,475.0
438,W2023,1,low,4,10,8,476.0,569.0,589.0,469.0,561.0,494.0,570.0,630.0,476.0,669.0,601.0
438,W2023,1,low,5,10,9,469.0,555.0,599.0,568.0,598.0,560.0,533.0,552.0,546.0,469.0,627.0
438,W2023,1,low,6,10,10,561.0,549.0,542.0,560.0,550.0,611.0,606.0,558.0,586.0,556.0,561.0
438,W2023,1,low,7,10,10,606.0,496.0,575.0,545.0,600.0,589.0,522.0,533.0,559.0,593.0,606.0
438,W2023,1,low,8,10,6,477.0,566.0,594.0,601.0,499.0,572.0,477.0,574.0,503.0,541.0,559.0
438,W2023,1,low,9,10,5,496.0,517.0,638.0,533.0,542.0,496.0,491.0,454.0,557.0,556.0,562.0
438,W2023,1,low,10,10,1,440.0,440.0,591.0,438.0,597.0,517.0,512.0,534.0,642.0,550.0,659.0
438,W2023,1,low,11,10,5,531.0,573.0,584.0,593.0,652.0,531.0,596.0,472.0,553.0,468.0,557.0
438,W2023,1,low,12,10,8,464.0,589.0,523.0,526.0,570.0,515.0,558.0,550.0,464.0,503.0,573.0
438,W2023,1,low,13,10,10,534.0,570.0,533.0,562.0,493.0,610.0,521.0,489.0,569.0,607.0,534.0
438,W2023,1,low,14,10,2,468.0,494.0,468.0,564.0,525.0,484.0,667.0,542.0,521.0,618.0,596.0
438,W2023,1,low,15,10,7,457.0,636.0,561.0,538.0,601.0,515.0,516.0,457.0,555.0,512.0,599.0
438,W2023,1,low,16,10,6,485.0,579.0,571.0,612.0,538.0,542.0,485.0,552.0,567.0,524.0,545.0
438,W2023,1,low,17,10,1,476.0,476.0,609.0,511.0,604.0,490.0,561.0,529.0,558.0,525.0,553.0
438,W2023,1,low,18,10,9,458.0,522.0,616.0,496.0,640.0,608.0,587.0,545.0,611.0,458.0,552.0
438,W2023,1,low,19,10,7,494.0,566.0,511.0,533.0,515.0,570.0,502.0,494.0,574.0,516.0,492.0
438,W2023,1,low,20,10,9,499.0,533.0,603.0,563.0,534.0,550.0,567.0,546.0,527.0,499.0,517.0
551,W2023,1,low,1,10,3,488.0,522.0,540.0,488.0,455.0,491.0,578.0,490.0,529.0,622.0,523.0
551,W2023,1,low,2,10,5,492.0,547.0,522.0,608.0,588.0,492.0,626.0,653.0,619.0,514.0,457.0
551,W2023,1,low,3,10,2,458.0,556.0,458.0,581.0,712.0,387.0,585.0,557.0,570.0,586.0,475.0
551,W2023,1,low,4,10,10,601.0,569.0,589.0,469.0,561.0,494.0,570.0,630.0,476.0,669.0,601.0
551,W2023,1,low,5,10,8,546.0,555.0,599.0,568.0,598.0,560.0,533.0,552.0,546.0,469.0,627.0
551,W2023,1,low,6,10,10,561.0,549.0,542.0,560.0,550.0,611.0,606.0,558.0,586.0,556.0,561.0
551,W2023,1,low,7,10,1,496.0,496.0,575.0,545.0,600.0,589.0,522.0,533.0,559.0,593.0,606.0
551,W2023,1,low,8,10,4,499.0,566.0,594.0,601.0,499.0,572.0,477.0,574.0,503.0,541.0,559.0
551,W2023,1,low,9,10,5,496.0,517.0,638.0,533.0,542.0,496.0,491.0,454.0,557.0,556.0,562.0
551,W2023,1,low,10,10,1,440.0,440.0,591.0,438.0,597.0,517.0,512.0,534.0,642.0,550.0,659.0
551,W2023,1,low,11,10,5,531.0,573.0,584.0,593.0,652.0,531.0,596.0,472.0,553.0,468.0,557.0
551,W2023,1,low,12,10,8,464.0,589.0,523.0,526.0,570.0,515.0,558.0,550.0,464.0,503.0,573.0
551,W2023,1,low,13,10,4,493.0,570.0,533.0,562.0,493.0,610.0,521.0,489.0,569.0,607.0,534.0
551,W2023,1,low,14,10,1,494.0,494.0,468.0,564.0,525.0,484.0,667.0,542.0,521.0,618.0,596.0
551,W2023,1,low,15,10,5,515.0,636.0,561.0,538.0,601.0,515.0,516.0,457.0,555.0,512.0,599.0
551,W2023,1,low,16,10,6,485.0,579.0,571.0,612.0,538.0,542.0,485.0,552.0,567.0,524.0,545.0
551,W2023,1,low,17,10,1,476.0,476.0,609.0,511.0,604.0,490.0,561.0,529.0,558.0,525.0,553.0
551,W2023,1,low,18,10,3,496.0,522.0,616.0,496.0,640.0,608.0,587.0,545.0,611.0,458.0,552.0
551,W2023,1,low,19,10,6,502.0,566.0,511.0,533.0,515.0,570.0,502.0,494.0,574.0,516.0,492.0
551,W2023,1,low,20,10,4,534.0,533.0,603.0,563.0,534.0,550.0,567.0,546.0,527.0,499.0,517.0
479,W2023,1,low,1,10,3,488.0,522.0,540.0,488.0,455.0,491.0,578.0,490.0,529.0,622.0,523.0
479,W2023,1,low,2,10,5,492.0,547.0,522.0,608.0,588.0,492.0,626.0,653.0,619.0,514.0,457.0
479,W2023,1,low,3,10,5,387.0,556.0,458.0,581.0,712.0,387.0,585.0,557.0,570.0,586.0,475.0
479,W2023,1,low,4,10,3,469.0,569.0,589.0,469.0,561.0,494.0,570.0,630.0,476.0,669.0,601.0
479,W2023,1,low,5,10,9,469.0,555.0,599.0,568.0,598.0,560.0,533.0,552.0,546.0,469.0,627.0
479,W2023,1,low,6,10,10,561.0,549.0,542.0,560.0,550.0,611.0,606.0,558.0,586.0,556.0,561.0
479,W2023,1,low,7,10,10,606.0,496.0,575.0,545.0,600.0,589.0,522.0,533.0,559.0,593.0,606.0
479,W2023,1,low,8,10,10,559.0,566.0,594.0,601.0,499.0,572.0,477.0,574.0,503.0,541.0,559.0
479,W2023,1,low,9,10,7,454.0,517.0,638.0,533.0,542.0,496.0,491.0,454.0,557.0,556.0,562.0
479,W2023,1,low,10,10,1,440.0,440.0,591.0,438.0,597.0,517.0,512.0,534.0,642.0,550.0,659.0
479,W2023,1,low,11,10,7,472.0,573.0,584.0,593.0,652.0,531.0,596.0,472.0,553.0,468.0,557.0
479,W2023,1,low,12,10,8,464.0,589.0,523.0,526.0,570.0,515.0,558.0,550.0,464.0,503.0,573.0
479,W2023,1,low,13,10,10,534.0,570.0,533.0,562.0,493.0,610.0,521.0,489.0,569.0,607.0,534.0
479,W2023,1,low,14,10,10,596.0,494.0,468.0,564.0,525.0,484.0,667.0,542.0,521.0,618.0,596.0
479,W2023,1,low,15,10,7,457.0,636.0,561.0,538.0,601.0,515.0,516.0,457.0,555.0,512.0,599.0
479,W2023,1,low,16,10,6,485.0,579.0,571.0,612.0,538.0,542.0,485.0,552.0,567.0,524.0,545.0
479,W2023,1,low,17,10,1,476.0,476.0,609.0,511.0,604.0,490.0,561.0,529.0,558.0,525.0,553.0
479,W2023,1,low,18,10,3,496.0,522.0,616.0,496.0,640.0,608.0,587.0,545.0,611.0,458.0,552.0
479,W2023,1,low,19,10,7,494.0,566.0,511.0,533.0,515.0,570.0,502.0,494.0,574.0,516.0,492.0
479,W2023,1,low,20,10,9,499.0,533.0,603.0,563.0,534.0,550.0,567.0,546.0,527.0,499.0,517.0
40,W2023,1,low,1,10,3,488.0,522.0,540.0,488.0,455.0,491.0,578.0,490.0,529.0,622.0,523.0
40,W2023,1,low,2,10,5,492.0,547.0,522.0,608.0,588.0,492.0,626.0,653.0,619.0,514.0,457.0
40,W2023,1,low,3,10,2,458.0,556.0,458.0,581.0,712.0,387.0,585.0,557.0,570.0,586.0,475.0
40,W2023,1,low,4,10,3,469.0,569.0,589.0,469.0,561.0,494.0,570.0,630.0,476.0,669.0,601.0
40,W2023,1,low,5,10,6,533.0,555.0,599.0,568.0,598.0,560.0,533.0,552.0,546.0,469.0,627.0
40,W2023,1,low,6,10,10,561.0,549.0,542.0,560.0,550.0,611.0,606.0,558.0,586.0,556.0,561.0
40,W2023,1,low,7,10,6,522.0,496.0,575.0,545.0,600.0,589.0,522.0,533.0,559.0,593.0,606.0
40,W2023,1,low,8,10,8,503.0,566.0,594.0,601.0,499.0,572.0,477.0,574.0,503.0,541.0,559.0
40,W2023,1,low,9,10,5,496.0,517.0,638.0,533.0,542.0,496.0,491.0,454.0,557.0,556.0,562.0
40,W2023,1,low,10,10,1,440.0,440.0,591.0,438.0,597.0,517.0,512.0,534.0,642.0,550.0,659.0
40,W2023,1,low,11,10,5,531.0,573.0,584.0,593.0,652.0,531.0,596.0,472.0,553.0,468.0,557.0
40,W2023,1,low,12,10,8,464.0,589.0,523.0,526.0,570.0,515.0,558.0,550.0,464.0,503.0,573.0
40,W2023,1,low,13,10,2,533.0,570.0,533.0,562.0,493.0,610.0,521.0,489.0,569.0,607.0,534.0
40,W2023,1,low,14,10,2,468.0,494.0,468.0,564.0,525.0,484.0,667.0,542.0,521.0,618.0,596.0
40,W2023,1,low,15,10,3,538.0,636.0,561.0,538.0,601.0,515.0,516.0,457.0,555.0,512.0,599.0
40,W2023,1,low,16,10,6,485.0,579.0,571.0,612.0,538.0,542.0,485.0,552.0,567.0,524.0,545.0
40,W2023,1,low,17,10,7,529.0,476.0,609.0,511.0,604.0,490.0,561.0,529.0,558.0,525.0,553.0
40,W2023,1,low,18,10,3,496.0,522.0,616.0,496.0,640.0,608.0,587.0,545.0,611.0,458.0,552.0
40,W2023,1,low,19,10,2,511.0,566.0,511.0,533.0,515.0,570.0,502.0,494.0,574.0,516.0,492.0
40,W2023,1,low,20,10,7,546.0,533.0,603.0,563.0,534.0,550.0,567.0,546.0,527.0,499.0,517.0
579,W2023,1,low,1,10,3,488.0,522.0,540.0,488.0,455.0,491.0,578.0,490.0,529.0,622.0,523.0
579,W2023,1,low,2,10,5,492.0,547.0,522.0,608.0,588.0,492.0,626.0,653.0,619.0,514.0,457.0
579,W2023,1,low,3,10,2,458.0,556.0,458.0,581.0,712.0,387.0,585.0,557.0,570.0,586.0,475.0
579,W2023,1,low,4,10,3,469.0,569.0,589.0,469.0,561.0,494.0,570.0,630.0,476.0,669.0,601.0
579,W2023,1,low,5,10,9,469.0,555.0,599.0,568.0,598.0,560.0,533.0,552.0,546.0,469.0,627.0
579,W2023,1,low,6,10,9,556.0,549.0,542.0,560.0,550.0,611.0,606.0,558.0,586.0,556.0,561.0
579,W2023,1,low,7,10,10,606.0,496.0,575.0,545.0,600.0,589.0,522.0,533.0,559.0,593.0,606.0
579,W2023,1,low,8,10,4,499.0,566.0,594.0,601.0,499.0,572.0,477.0,574.0,503.0,541.0,559.0
579,W2023,1,low,9,10,5,496.0,517.0,638.0,533.0,542.0,496.0,491.0,454.0,557.0,556.0,562.0
579,W2023,1,low,10,10,1,440.0,440.0,591.0,438.0,597.0,517.0,512.0,534.0,642.0,550.0,659.0
579,W2023,1,low,11,10,7,472.0,573.0,584.0,593.0,652.0,531.0,596.0,472.0,553.0,468.0,557.0
579,W2023,1,low,12,10,8,464.0,589.0,523.0,526.0,570.0,515.0,558.0,550.0,464.0,503.0,573.0
579,W2023,1,low,13,10,7,489.0,570.0,533.0,562.0,493.0,610.0,521.0,489.0,569.0,607.0,534.0
579,W2023,1,low,14,10,10,596.0,494.0,468.0,564.0,525.0,484.0,667.0,542.0,521.0,618.0,596.0
579,W2023,1,low,15,10,5,515.0,636.0,561.0,538.0,601.0,515.0,516.0,457.0,555.0,512.0,599.0
579,W2023,1,low,16,10,6,485.0,579.0,571.0,612.0,538.0,542.0,485.0,552.0,567.0,524.0,545.0
579,W2023,1,low,17,10,5,490.0,476.0,609.0,511.0,604.0,490.0,561.0,529.0,558.0,525.0,553.0
579,W2023,1,low,18,10,3,496.0,522.0,616.0,496.0,640.0,608.0,587.0,545.0,611.0,458.0,552.0
579,W2023,1,low,19,10,7,494.0,566.0,511.0,533.0,515.0,570.0,502.0,494.0,574.0,516.0,492.0
579,W2023,1,low,20,10,9,499.0,533.0,603.0,563.0,534.0,550.0,567.0,546.0,527.0,499.0,517.0
454,W2023,1,low,1,10,3,488.0,522.0,540.0,488.0,455.0,491.0,578.0,490.0,529.0,622.0,523.0
454,W2023,1,low,2,10,5,492.0,547.0,522.0,608.0,588.0,492.0,626.0,653.0,619.0,514.0,457.0
454,W2023,1,low,3,10,1,556.0,556.0,458.0,581.0,712.0,387.0,585.0,557.0,570.0,586.0,475.0
454,W2023,1,low,4,10,3,469.0,569.0,589.0,469.0,561.0,494.0,570.0,630.0,476.0,669.0,601.0
454,W2023,1,low,5,10,6,533.0,555.0,599.0,568.0,598.0,560.0,533.0,552.0,546.0,469.0,627.0
454,W2023,1,low,6,10,9,556.0,549.0,542.0,560.0,550.0,611.0,606.0,558.0,586.0,556.0,561.0
454,W2023,1,low,7,10,1,496.0,496.0,575.0,545.0,600.0,589.0,522.0,533.0,559.0,593.0,606.0
454,W2023,1,low,8,10,4,499.0,566.0,594.0,601.0,499.0,572.0,477.0,574.0,503.0,541.0,559.0
454,W2023,1,low,9,10,5,496.0,517.0,638.0,533.0,542.0,496.0,491.0,454.0,557.0,556.0,562.0
454,W2023,1,low,10,10,1,440.0,440.0,591.0,438.0,597.0,517.0,512.0,534.0,642.0,550.0,659.0
454,W2023,1,low,11,10,7,472.0,573.0,584.0,593.0,652.0,531.0,596.0,472.0,553.0,468.0,557.0
454,W2023,1,low,12,10,8,464.0,589.0,523.0,526.0,570.0,515.0,558.0,550.0,464.0,503.0,573.0
454,W2023,1,low,13,10,4,493.0,570.0,533.0,562.0,493.0,610.0,521.0,489.0,569.0,607.0,534.0
454,W2023,1,low,14,10,1,494.0,494.0,468.0,564.0,525.0,484.0,667.0,542.0,521.0,618.0,596.0
454,W2023,1,low,15,10,5,515.0,636.0,561.0,538.0,601.0,515.0,516.0,457.0,555.0,512.0,599.0
454,W2023,1,low,16,10,6,485.0,579.0,571.0,612.0,538.0,542.0,485.0,552.0,567.0,524.0,545.0
454,W2023,1,low,17,10,1,476.0,476.0,609.0,511.0,604.0,490.0,561.0,529.0,558.0,525.0,553.0
454,W2023,1,low,18,10,3,496.0,522.0,616.0,496.0,640.0,608.0,587.0,545.0,611.0,458.0,552.0
454,W2023,1,low,19,10,6,502.0,566.0,511.0,533.0,515.0,570.0,502.0,494.0,574.0,516.0,492.0
454,W2023,1,low,20,10,7,546.0,533.0,603.0,563.0,534.0,550.0,567.0,546.0,527.0,499.0,517.0
33,W2023,1,low,1,10,4,455.0,522.0,540.0,488.0,455.0,491.0,578.0,490.0,529.0,622.0,523.0
33,W2023,1,low,2,10,5,492.0,547.0,522.0,608.0,588.0,492.0,626.0,653.0,619.0,514.0,457.0
33,W2023,1,low,3,10,2,458.0,556.0,458.0,581.0,712.0,387.0,585.0,557.0,570.0,586.0,475.0
33,W2023,1,low,4,10,3,469.0,569.0,589.0,469.0,561.0,494.0,570.0,630.0,476.0,669.0,601.0
33,W2023,1,low,5,10,9,469.0,555.0,599.0,568.0,598.0,560.0,533.0,552.0,546.0,469.0,627.0
33,W2023,1,low,6,10,10,561.0,549.0,542.0,560.0,550.0,611.0,606.0,558.0,586.0,556.0,561.0
33,W2023,1,low,7,10,10,606.0,496.0,575.0,545.0,600.0,589.0,522.0,533.0,559.0,593.0,606.0
33,W2023,1,low,8,10,4,499.0,566.0,594.0,601.0,499.0,572.0,477.0,574.0,503.0,541.0,559.0
33,W2023,1,low,9,10,5,496.0,517.0,638.0,533.0,542.0,496.0,491.0,454.0,557.0,556.0,562.0
33,W2023,1,low,10,10,1,440.0,440.0,591.0,438.0,597.0,517.0,512.0,534.0,642.0,550.0,659.0
33,W2023,1,low,11,10,7,472.0,573.0,584.0,593.0,652.0,531.0,596.0,472.0,553.0,468.0,557.0
33,W2023,1,low,12,10,8,464.0,589.0,523.0,526.0,570.0,515.0,558.0,550.0,464.0,503.0,573.0
33,W2023,1,low,13,10,7,489.0,570.0,533.0,562.0,493.0,610.0,521.0,489.0,569.0,607.0,534.0
33,W2023,1,low,14,10,2,468.0,494.0,468.0,564.0,525.0,484.0,667.0,542.0,521.0,618.0,596.0
33,W2023,1,low,15,10,7,457.0,636.0,561.0,538.0,601.0,515.0,516.0,457.0,555.0,512.0,599.0
33,W2023,1,low,16,10,6,485.0,579.0,571.0,612.0,538.0,542.0,485.0,552.0,567.0,524.0,545.0
33,W2023,1,low,17,10,1,476.0,476.0,609.0,511.0,604.0,490.0,561.0,529.0,558.0,525.0,553.0
33,W2023,1,low,18,10,9,458.0,522.0,616.0,496.0,640.0,608.0,587.0,545.0,611.0,458.0,552.0
33,W2023,1,low,19,10,6,502.0,566.0,511.0,533.0,515.0,570.0,502.0,494.0,574.0,516.0,492.0
33,W2023,1,low,20,10,10,517.0,533.0,603.0,563.0,534.0,550.0,567.0,546.0,527.0,499.0,517.0
226,W2023,1,low,1,10,3,488.0,522.0,540.0,488.0,455.0,491.0,578.0,490.0,529.0,622.0,523.0
226,W2023,1,low,2,10,5,492.0,547.0,522.0,608.0,588.0,492.0,626.0,653.0,619.0,514.0,457.0
226,W2023,1,low,3,10,5,387.0,556.0,458.0,581.0,712.0,387.0,585.0,557.0,570.0,586.0,475.0
226,W2023,1,low,4,10,3,469.0,569.0,589.0,469.0,561.0,494.0,570.0,630.0,476.0,669.0,601.0
226,W2023,1,low,5,10,5,560.0,555.0,599.0,568.0,598.0,560.0,533.0,552.0,546.0,469.0,627.0
226,W2023,1,low,6,10,10,561.0,549.0,542.0,560.0,550.0,611.0,606.0,558.0,586.0,556.0,561.0
226,W2023,1,low,7,10,9,593.0,496.0,575.0,545.0,600.0,589.0,522.0,533.0,559.0,593.0,606.0
226,W2023,1,low,8,10,4,499.0,566.0,594.0,601.0,499.0,572.0,477.0,574.0,503.0,541.0,559.0
226,W2023,1,low,9,10,1,517.0,517.0,638.0,533.0,542.0,496.0,491.0,454.0,557.0,556.0,562.0
226,W2023,1,low,10,10,1,440.0,440.0,591.0,438.0,597.0,517.0,512.0,534.0,642.0,550.0,659.0
226,W2023,1,low,11,10,7,472.0,573.0,584.0,593.0,652.0,531.0,596.0,472.0,553.0,468.0,557.0
226,W2023,1,low,12,10,5,515.0,589.0,523.0,526.0,570.0,515.0,558.0,550.0,464.0,503.0,573.0
226,W2023,1,low,13,10,10,534.0,570.0,533.0,562.0,493.0,610.0,521.0,489.0,569.0,607.0,534.0
226,W2023,1,low,14,10,2,468.0,494.0,468.0,564.0,525.0,484.0,667.0,542.0,521.0,618.0,596.0
226,W2023,1,low,15,10,5,515.0,636.0,561.0,538.0,601.0,515.0,516.0,457.0,555.0,512.0,599.0
226,W2023,1,low,16,10,6,485.0,579.0,571.0,612.0,538.0,542.0,485.0,552.0,567.0,524.0,545.0
226,W2023,1,low,17,10,1,476.0,476.0,609.0,511.0,604.0,490.0,561.0,529.0,558.0,525.0,553.0
226,W2023,1,low,18,10,3,496.0,522.0,616.0,496.0,640.0,608.0,587.0,545.0,611.0,458.0,552.0
226,W2023,1,low,19,10,6,502.0,566.0,511.0,533.0,515.0,570.0,502.0,494.0,574.0,516.0,492.0
226,W2023,1,low,20,10,8,527.0,533.0,603.0,563.0,534.0,550.0,567.0,546.0,527.0,499.0,517.0
340,W2023,1,low,1,10,4,455.0,522.0,540.0,488.0,455.0,491.0,578.0,490.0,529.0,622.0,523.0
340,W2023,1,low,2,10,10,457.0,547.0,522.0,608.0,588.0,492.0,626.0,653.0,619.0,514.0,457.0
340,W2023,1,low,3,10,2,458.0,556.0,458.0,581.0,712.0,387.0,585.0,557.0,570.0,586.0,475.0
340,W2023,1,low,4,10,3,469.0,569.0,589.0,469.0,561.0,494.0,570.0,630.0,476.0,669.0,601.0
340,W2023,1,low,5,10,9,469.0,555.0,599.0,568.0,598.0,560.0,533.0,552.0,546.0,469.0,627.0
340,W2023,1,low,6,10,10,561.0,549.0,542.0,560.0,550.0,611.0,606.0,558.0,586.0,556.0,561.0
340,W2023,1,low,7,10,10,606.0,496.0,575.0,545.0,600.0,589.0,522.0,533.0,559.0,593.0,606.0
340,W2023,1,low,8,10,6,477.0,566.0,594.0,601.0,499.0,572.0,477.0,574.0,503.0,541.0,559.0
340,W2023,1,low,9,10,5,496.0,517.0,638.0,533.0,542.0,496.0,491.0,454.0,557.0,556.0,562.0
340,W2023,1,low,10,10,1,440.0,440.0,591.0,438.0,597.0,517.0,512.0,534.0,642.0,550.0,659.0
340,W2023,1,low,11,10,7,472.0,573.0,584.0,593.0,652.0,531.0,596.0,472.0,553.0,468.0,557.0
340,W2023,1,low,12,10,8,464.0,589.0,523.0,526.0,570.0,515.0,558.0,550.0,464.0,503.0,573.0
340,W2023,1,low,13,10,10,534.0,570.0,533.0,562.0,493.0,610.0,521.0,489.0,569.0,607.0,534.0
340,W2023,1,low,14,10,2,468.0,494.0,468.0,564.0,525.0,484.0,667.0,542.0,521.0,618.0,596.0
340,W2023,1,low,15,10,7,457.0,636.0,561.0,538.0,601.0,515.0,516.0,457.0,555.0,512.0,599.0
340,W2023,1,low,16,10,6,485.0,579.0,571.0,612.0,538.0,542.0,485.0,552.0,567.0,524.0,545.0
340,W2023,1,low,17,10,10,553.0,476.0,609.0,511.0,604.0,490.0,561.0,529.0,558.0,525.0,553.0
340,W2023,1,low,18,10,9,458.0,522.0,616.0,496.0,640.0,608.0,587.0,545.0,611.0,458.0,552.0
340,W2023,1,low,19,10,7,494.0,566.0,511.0,533.0,515.0,570.0,502.0,494.0,574.0,516.0,492.0
340,W2023,1,low,20,10,9,499.0,533.0,603.0,563.0,534.0,550.0,567.0,546.0,527.0,499.0,517.0
29,W2023,1,low,1,10,4,455.0,522.0,540.0,488.0,455.0,491.0,578.0,490.0,529.0,622.0,523.0
29,W2023,1,low,2,10,9,514.0,547.0,522.0,608.0,588.0,492.0,626.0,653.0,619.0,514.0,457.0
29,W2023,1,low,3,10,5,387.0,556.0,458.0,581.0,712.0,387.0,585.0,557.0,570.0,586.0,475.0
29,W2023,1,low,4,10,8,476.0,569.0,589.0,469.0,561.0,494.0,570.0,630.0,476.0,669.0,601.0
29,W2023,1,low,5,10,9,469.0,555.0,599.0,568.0,598.0,560.0,533.0,552.0,546.0,469.0,627.0
29,W2023,1,low,6,10,10,561.0,549.0,542.0,560.0,550.0,611.0,606.0,558.0,586.0,556.0,561.0
29,W2023,1,low,7,10,10,606.0,496.0,575.0,545.0,600.0,589.0,522.0,533.0,559.0,593.0,606.0
29,W2023,1,low,8,10,6,477.0,566.0,594.0,601.0,499.0,572.0,477.0,574.0,503.0,541.0,559.0
29,W2023,1,low,9,10,6,491.0,517.0,638.0,533.0,542.0,496.0,491.0,454.0,557.0,556.0,562.0
29,W2023,1,low,10,10,10,659.0,440.0,591.0,438.0,597.0,517.0,512.0,534.0,642.0,550.0,659.0
29,W2023,1,low,11,10,7,472.0,573.0,584.0,593.0,652.0,531.0,596.0,472.0,553.0,468.0,557.0
29,W2023,1,low,12,10,8,464.0,589.0,523.0,526.0,570.0,515.0,558.0,550.0,464.0,503.0,573.0
29,W2023,1,low,13,10,7,489.0,570.0,533.0,562.0,493.0,610.0,521.0,489.0,569.0,607.0,534.0
29,W2023,1,low,14,10,2,468.0,494.0,468.0,564.0,525.0,484.0,667.0,542.0,521.0,618.0,596.0
29,W2023,1,low,15,10,7,457.0,636.0,561.0,538.0,601.0,515.0,516.0,457.0,555.0,512.0,599.0
29,W2023,1,low,16,10,6,485.0,579.0,571.0,612.0,538.0,542.0,485.0,552.0,567.0,524.0,545.0
29,W2023,1,low,17,10,9,525.0,476.0,609.0,511.0,604.0,490.0,561.0,529.0,558.0,525.0,553.0
29,W2023,1,low,18,10,9,458.0,522.0,616.0,496.0,640.0,608.0,587.0,545.0,611.0,458.0,552.0
29,W2023,1,low,19,10,10,492.0,566.0,511.0,533.0,515.0,570.0,502.0,494.0,574.0,516.0,492.0
29,W2023,1,low,20,10,9,499.0,533.0,603.0,563.0,534.0,550.0,567.0,546.0,527.0,499.0,517.0
408,W2023,1,low,1,10,4,455.0,522.0,540.0,488.0,455.0,491.0,578.0,490.0,529.0,622.0,523.0
408,W2023,1,low,2,10,10,457.0,547.0,522.0,608.0,588.0,492.0,626.0,653.0,619.0,514.0,457.0
408,W2023,1,low,3,10,2,458.0,556.0,458.0,581.0,712.0,387.0,585.0,557.0,570.0,586.0,475.0
408,W2023,1,low,4,10,3,469.0,569.0,589.0,469.0,561.0,494.0,570.0,630.0,476.0,669.0,601.0
408,W2023,1,low,5,10,9,469.0,555.0,599.0,568.0,598.0,560.0,533.0,552.0,546.0,469.0,627.0
408,W2023,1,low,6,10,10,561.0,549.0,542.0,560.0,550.0,611.0,606.0,558.0,586.0,556.0,561.0
408,W2023,1,low,7,10,10,606.0,496.0,575.0,545.0,600.0,589.0,522.0,533.0,559.0,593.0,606.0
408,W2023,1,low,8,10,4,499.0,566.0,594.0,601.0,499.0,572.0,477.0,574.0,503.0,541.0,559.0
408,W2023,1,low,9,10,5,496.0,517.0,638.0,533.0,542.0,496.0,491.0,454.0,557.0,556.0,562.0
408,W2023,1,low,10,10,1,440.0,440.0,591.0,438.0,597.0,517.0,512.0,534.0,642.0,550.0,659.0
408,W2023,1,low,11,10,7,472.0,573.0,584.0,593.0,652.0,531.0,596.0,472.0,553.0,468.0,557.0
408,W2023,1,low,12,10,8,464.0,589.0,523.0,526.0,570.0,515.0,558.0,550.0,464.0,503.0,573.0
408,W2023,1,low,13,10,7,489.0,570.0,533.0,562.0,493.0,610.0,521.0,489.0,569.0,607.0,534.0
408,W2023,1,low,14,10,1,494.0,494.0,468.0,564.0,525.0,484.0,667.0,542.0,521.0,618.0,596.0
408,W2023,1,low,15,10,7,457.0,636.0,561.0,538.0,601.0,515.0,516.0,457.0,555.0,512.0,599.0
408,W2023,1,low,16,10,6,485.0,579.0,571.0,612.0,538.0,542.0,485.0,552.0,567.0,524.0,545.0
408,W2023,1,low,17,10,1,476.0,476.0,609.0,511.0,604.0,490.0,561.0,529.0,558.0,525.0,553.0
408,W2023,1,low,18,10,9,458.0,522.0,616.0,496.0,640.0,608.0,587.0,545.0,611.0,458.0,552.0
408,W2023,1,low,19,10,10,492.0,566.0,511.0,533.0,515.0,570.0,502.0,494.0,574.0,516.0,492.0
408,W2023,1,low,20,10,8,527.0,533.0,603.0,563.0,534.0,550.0,567.0,546.0,527.0,499.0,517.0
435,W2023,1,low,1,10,4,455.0,522.0,540.0,488.0,455.0,491.0,578.0,490.0,529.0,622.0,523.0
435,W2023,1,low,2,10,5,492.0,547.0,522.0,608.0,588.0,492.0,626.0,653.0,619.0,514.0,457.0
435,W2023,1,low,3,10,5,387.0,556.0,458.0,581.0,712.0,387.0,585.0,557.0,570.0,586.0,475.0
435,W2023,1,low,4,10,5,494.0,569.0,589.0,469.0,561.0,494.0,570.0,630.0,476.0,669.0,601.0
435,W2023,1,low,5,10,9,469.0,555.0,599.0,568.0,598.0,560.0,533.0,552.0,546.0,469.0,627.0
435,W2023,1,low,6,10,10,561.0,549.0,542.0,560.0,550.0,611.0,606.0,558.0,586.0,556.0,561.0
435,W2023,1,low,7,10,10,606.0,496.0,575.0,545.0,600.0,589.0,522.0,533.0,559.0,593.0,606.0
435,W2023,1,low,8,10,4,499.0,566.0,594.0,601.0,499.0,572.0,477.0,574.0,503.0,541.0,559.0
435,W2023,1,low,9,10,5,496.0,517.0,638.0,533.0,542.0,496.0,491.0,454.0,557.0,556.0,562.0
435,W2023,1,low,10,10,3,438.0,440.0,591.0,438.0,597.0,517.0,512.0,534.0,642.0,550.0,659.0
435,W2023,1,low,11,10,5,531.0,573.0,584.0,593.0,652.0,531.0,596.0,472.0,553.0,468.0,557.0
435,W2023,1,low,12,10,7,550.0,589.0,523.0,526.0,570.0,515.0,558.0,550.0,464.0,503.0,573.0
435,W2023,1,low,13,10,4,493.0,570.0,533.0,562.0,493.0,610.0,521.0,489.0,569.0,607.0,534.0
435,W2023,1,low,14,10,5,484.0,494.0,468.0,564.0,525.0,484.0,667.0,542.0,521.0,618.0,596.0
435,W2023,1,low,15,10,7,457.0,636.0,561.0,538.0,601.0,515.0,516.0,457.0,555.0,512.0,599.0
435,W2023,1,low,16,10,6,485.0,579.0,571.0,612.0,538.0,542.0,485.0,552.0,567.0,524.0,545.0
435,W2023,1,low,17,10,5,490.0,476.0,609.0,511.0,604.0,490.0,561.0,529.0,558.0,525.0,553.0
435,W2023,1,low,18,10,9,458.0,522.0,616.0,496.0,640.0,608.0,587.0,545.0,611.0,458.0,552.0
435,W2023,1,low,19,10,6,502.0,566.0,511.0,533.0,515.0,570.0,502.0,494.0,574.0,516.0,492.0
435,W2023,1,low,20,10,8,527.0,533.0,603.0,563.0,534.0,550.0,567.0,546.0,527.0,499.0,517.0
411,W2023,1,low,1,10,3,488.0,522.0,540.0,488.0,455.0,491.0,578.0,490.0,529.0,622.0,523.0
411,W2023,1,low,2,10,5,492.0,547.0,522.0,608.0,588.0,492.0,626.0,653.0,619.0,514.0,457.0
411,W2023,1,low,3,10,2,458.0,556.0,458.0,581.0,712.0,387.0,585.0,557.0,570.0,586.0,475.0
411,W2023,1,low,4,10,3,469.0,569.0,589.0,469.0,561.0,494.0,570.0,630.0,476.0,669.0,601.0
411,W2023,1,low,5,10,8,546.0,555.0,599.0,568.0,598.0,560.0,533.0,552.0,546.0,469.0,627.0
411,W2023,1,low,6,10,10,561.0,549.0,542.0,560.0,550.0,611.0,606.0,558.0,586.0,556.0,561.0
411,W2023,1,low,7,10,10,606.0,496.0,575.0,545.0,600.0,589.0,522.0,533.0,559.0,593.0,606.0
411,W2023,1,low,8,10,4,499.0,566.0,594.0,601.0,499.0,572.0,477.0,574.0,503.0,541.0,559.0
411,W2023,1,low,9,10,5,496.0,517.0,638.0,533.0,542.0,496.0,491.0,454.0,557.0,556.0,562.0
411,W2023,1,low,10,10,1,440.0,440.0,591.0,438.0,597.0,517.0,512.0,534.0,642.0,550.0,659.0
411,W2023,1,low,11,10,7,472.0,573.0,584.0,593.0,652.0,531.0,596.0,472.0,553.0,468.0,557.0
411,W2023,1,low,12,10,8,464.0,589.0,523.0,526.0,570.0,515.0,558.0,550.0,464.0,503.0,573.0
411,W2023,1,low,13,10,4,493.0,570.0,533.0,562.0,493.0,610.0,521.0,489.0,569.0,607.0,534.0
411,W2023,1,low,14,10,1,494.0,494.0,468.0,564.0,525.0,484.0,667.0,542.0,521.0,618.0,596.0
411,W2023,1,low,15,10,5,515.0,636.0,561.0,538.0,601.0,515.0,516.0,457.0,555.0,512.0,599.0
411,W2023,1,low,16,10,6,485.0,579.0,571.0,612.0,538.0,542.0,485.0,552.0,567.0,524.0,545.0
411,W2023,1,low,17,10,1,476.0,476.0,609.0,511.0,604.0,490.0,561.0,529.0,558.0,525.0,553.0
411,W2023,1,low,18,10,3,496.0,522.0,616.0,496.0,640.0,608.0,587.0,545.0,611.0,458.0,552.0
411,W2023,1,low,19,10,6,502.0,566.0,511.0,533.0,515.0,570.0,502.0,494.0,574.0,516.0,492.0
411,W2023,1,low,20,10,8,527.0,533.0,603.0,563.0,534.0,550.0,567.0,546.0,527.0,499.0,517.0
78,W2023,1,low,1,10,3,488.0,522.0,540.0,488.0,455.0,491.0,578.0,490.0,529.0,622.0,523.0
78,W2023,1,low,2,10,9,514.0,547.0,522.0,608.0,588.0,492.0,626.0,653.0,619.0,514.0,457.0
78,W2023,1,low,3,10,2,458.0,556.0,458.0,581.0,712.0,387.0,585.0,557.0,570.0,586.0,475.0
78,W2023,1,low,4,10,3,469.0,569.0,589.0,469.0,561.0,494.0,570.0,630.0,476.0,669.0,601.0
78,W2023,1,low,5,10,9,469.0,555.0,599.0,568.0,598.0,560.0,533.0,552.0,546.0,469.0,627.0
78,W2023,1,low,6,10,10,561.0,549.0,542.0,560.0,550.0,611.0,606.0,558.0,586.0,556.0,561.0
78,W2023,1,low,7,10,1,496.0,496.0,575.0,545.0,600.0,589.0,522.0,533.0,559.0,593.0,606.0
78,W2023,1,low,8,10,4,499.0,566.0,594.0,601.0,499.0,572.0,477.0,574.0,503.0,541.0,559.0
78,W2023,1,low,9,10,5,496.0,517.0,638.0,533.0,542.0,496.0,491.0,454.0,557.0,556.0,562.0
78,W2023,1,low,10,10,1,440.0,440.0,591.0,438.0,597.0,517.0,512.0,534.0,642.0,550.0,659.0
78,W2023,1,low,11,10,5,531.0,573.0,584.0,593.0,652.0,531.0,596.0,472.0,553.0,468.0,557.0
78,W2023,1,low,12,10,1,589.0,589.0,523.0,526.0,570.0,515.0,558.0,550.0,464.0,503.0,573.0
78,W2023,1,low,13,10,7,489.0,570.0,533.0,562.0,493.0,610.0,521.0,489.0,569.0,607.0,534.0
78,W2023,1,low,14,10,2,468.0,494.0,468.0,564.0,525.0,484.0,667.0,542.0,521.0,618.0,596.0
78,W2023,1,low,15,10,7,457.0,636.0,561.0,538.0,601.0,515.0,516.0,457.0,555.0,512.0,599.0
78,W2023,1,low,16,10,6,485.0,579.0,571.0,612.0,538.0,542.0,485.0,552.0,567.0,524.0,545.0
78,W2023,1,low,17,10,1,476.0,476.0,609.0,511.0,604.0,490.0,561.0,529.0,558.0,525.0,553.0
78,W2023,1,low,18,10,1,522.0,522.0,616.0,496.0,640.0,608.0,587.0,545.0,611.0,458.0,552.0
78,W2023,1,low,19,10,7,494.0,566.0,511.0,533.0,515.0,570.0,502.0,494.0,574.0,516.0,492.0
78,W2023,1,low,20,10,9,499.0,533.0,603.0,563.0,534.0,550.0,567.0,546.0,527.0,499.0,517.0
498,W2023,1,low,1,10,4,455.0,522.0,540.0,488.0,455.0,491.0,578.0,490.0,529.0,622.0,523.0
498,W2023,1,low,2,10,10,457.0,547.0,522.0,608.0,588.0,492.0,626.0,653.0,619.0,514.0,457.0
498,W2023,1,low,3,10,5,387.0,556.0,458.0,581.0,712.0,387.0,585.0,557.0,570.0,586.0,475.0
498,W2023,1,low,4,10,8,476.0,569.0,589.0,469.0,561.0,494.0,570.0,630.0,476.0,669.0,601.0
498,W2023,1,low,5,10,9,469.0,555.0,599.0,568.0,598.0,560.0,533.0,552.0,546.0,469.0,627.0
498,W2023,1,low,6,10,10,561.0,549.0,542.0,560.0,550.0,611.0,606.0,558.0,586.0,556.0,561.0
498,W2023,1,low,7,10,10,606.0,496.0,575.0,545.0,600.0,589.0,522.0,533.0,559.0,593.0,606.0
498,W2023,1,low,8,10,6,477.0,566.0,594.0,601.0,499.0,572.0,477.0,574.0,503.0,541.0,559.0
498,W2023,1,low,9,10,5,496.0,517.0,638.0,533.0,542.0,496.0,491.0,454.0,557.0,556.0,562.0
498,W2023,1,low,10,10,3,438.0,440.0,591.0,438.0,597.0,517.0,512.0,534.0,642.0,550.0,659.0
498,W2023,1,low,11,10,7,472.0,573.0,584.0,593.0,652.0,531.0,596.0,472.0,553.0,468.0,557.0
498,W2023,1,low,12,10,8,464.0,589.0,523.0,526.0,570.0,515.0,558.0,550.0,464.0,503.0,573.0
498,W2023,1,low,13,10,7,489.0,570.0,533.0,562.0,493.0,610.0,521.0,489.0,569.0,607.0,534.0
498,W2023,1,low,14,10,2,468.0,494.0,468.0,564.0,525.0,484.0,667.0,542.0,521.0,618.0,596.0
498,W2023,1,low,15,10,7,457.0,636.0,561.0,538.0,601.0,515.0,516.0,457.0,555.0,512.0,599.0
498,W2023,1,low,16,10,10,545.0,579.0,571.0,612.0,538.0,542.0,485.0,552.0,567.0,524.0,545.0
498,W2023,1,low,17,10,5,490.0,476.0,609.0,511.0,604.0,490.0,561.0,529.0,558.0,525.0,553.0
498,W2023,1,low,18,10,9,458.0,522.0,616.0,496.0,640.0,608.0,587.0,545.0,611.0,458.0,552.0
498,W2023,1,low,19,10,7,494.0,566.0,511.0,533.0,515.0,570.0,502.0,494.0,574.0,516.0,492.0
498,W2023,1,low,20,10,9,499.0,533.0,603.0,563.0,534.0,550.0,567.0,546.0,527.0,499.0,517.0
92,W2023,1,low,1,10,3,488.0,522.0,540.0,488.0,455.0,491.0,578.0,490.0,529.0,622.0,523.0
92,W2023,1,low,2,10,5,492.0,547.0,522.0,608.0,588.0,492.0,626.0,653.0,619.0,514.0,457.0
92,W2023,1,low,3,10,2,458.0,556.0,458.0,581.0,712.0,387.0,585.0,557.0,570.0,586.0,475.0
92,W2023,1,low,4,10,3,469.0,569.0,589.0,469.0,561.0,494.0,570.0,630.0,476.0,669.0,601.0
92,W2023,1,low,5,10,6,533.0,555.0,599.0,568.0,598.0,560.0,533.0,552.0,546.0,469.0,627.0
92,W2023,1,low,6,10,10,561.0,549.0,542.0,560.0,550.0,611.0,606.0,558.0,586.0,556.0,561.0
92,W2023,1,low,7,10,10,606.0,496.0,575.0,545.0,600.0,589.0,522.0,533.0,559.0,593.0,606.0
92,W2023,1,low,8,10,4,499.0,566.0,594.0,601.0,499.0,572.0,477.0,574.0,503.0,541.0,559.0
92,W2023,1,low,9,10,5,496.0,517.0,638.0,533.0,542.0,496.0,491.0,454.0,557.0,556.0,562.0
92,W2023,1,low,10,10,1,440.0,440.0,591.0,438.0,597.0,517.0,512.0,534.0,642.0,550.0,659.0
92,W2023,1,low,11,10,7,472.0,573.0,584.0,593.0,652.0,531.0,596.0,472.0,553.0,468.0,557.0
92,W2023,1,low,12,10,8,464.0,589.0,523.0,526.0,570.0,515.0,558.0,550.0,464.0,503.0,573.0
92,W2023,1,low,13,10,4,493.0,570.0,533.0,562.0,493.0,610.0,521.0,489.0,569.0,607.0,534.0
92,W2023,1,low,14,10,1,494.0,494.0,468.0,564.0,525.0,484.0,667.0,542.0,521.0,618.0,596.0
92,W2023,1,low,15,10,7,457.0,636.0,561.0,538.0,601.0,515.0,516.0,457.0,555.0,512.0,599.0
92,W2023,1,low,16,10,6,485.0,579.0,571.0,612.0,538.0,542.0,485.0,552.0,567.0,524.0,545.0
92,W2023,1,low,17,10,1,476.0,476.0,609.0,511.0,604.0,490.0,561.0,529.0,558.0,525.0,553.0
92,W2023,1,low,18,10,9,458.0,522.0,616.0,496.0,640.0,608.0,587.0,545.0,611.0,458.0,552.0
92,W2023,1,low,19,10,6,502.0,566.0,511.0,533.0,515.0,570.0,502.0,494.0,574.0,516.0,492.0
92,W2023,1,low,20,10,8,527.0,533.0,603.0,563.0,534.0,550.0,567.0,546.0,527.0,499.0,517.0
221,W2023,1,low,1,10,3,488.0,522.0,540.0,488.0,455.0,491.0,578.0,490.0,529.0,622.0,523.0
221,W2023,1,low,2,10,9,514.0,547.0,522.0,608.0,588.0,492.0,626.0,653.0,619.0,514.0,457.0
221,W2023,1,low,3,10,2,458.0,556.0,458.0,581.0,712.0,387.0,585.0,557.0,570.0,586.0,475.0
221,W2023,1,low,4,10,3,469.0,569.0,589.0,469.0,561.0,494.0,570.0,630.0,476.0,669.0,601.0
221,W2023,1,low,5,10,9,469.0,555.0,599.0,568.0,598.0,560.0,533.0,552.0,546.0,469.0,627.0
221,W2023,1,low,6,10,9,556.0,549.0,542.0,560.0,550.0,611.0,606.0,558.0,586.0,556.0,561.0
221,W2023,1,low,7,10,6,522.0,496.0,575.0,545.0,600.0,589.0,522.0,533.0,559.0,593.0,606.0
221,W2023,1,low,8,10,4,499.0,566.0,594.0,601.0,499.0,572.0,477.0,574.0,503.0,541.0,559.0
221,W2023,1,low,9,10,5,496.0,517.0,638.0,533.0,542.0,496.0,491.0,454.0,557.0,556.0,562.0
221,W2023,1,low,10,10,1,440.0,440.0,591.0,438.0,597.0,517.0,512.0,534.0,642.0,550.0,659.0
221,W2023,1,low,11,10,4,652.0,573.0,584.0,593.0,652.0,531.0,596.0,472.0,553.0,468.0,557.0
221,W2023,1,low,12,10,8,464.0,589.0,523.0,526.0,570.0,515.0,558.0,550.0,464.0,503.0,573.0
221,W2023,1,low,13,10,7,489.0,570.0,533.0,562.0,493.0,610.0,521.0,489.0,569.0,607.0,534.0
221,W2023,1,low,14,10,2,468.0,494.0,468.0,564.0,525.0,484.0,667.0,542.0,521.0,618.0,596.0
221,W2023,1,low,15,10,7,457.0,636.0,561.0,538.0,601.0,515.0,516.0,457.0,555.0,512.0,599.0
221,W2023,1,low,16,10,6,485.0,579.0,571.0,612.0,538.0,542.0,485.0,552.0,567.0,524.0,545.0
221,W2023,1,low,17,10,1,476.0,476.0,609.0,511.0,604.0,490.0,561.0,529.0,558.0,525.0,553.0
221,W2023,1,low,18,10,3,496.0,522.0,616.0,496.0,640.0,608.0,587.0,545.0,611.0,458.0,552.0
221,W2023,1,low,19,10,6,502.0,566.0,511.0,533.0,515.0,570.0,502.0,494.0,574.0,516.0,492.0
221,W2023,1,low,20,10,9,499.0,533.0,603.0,563.0,534.0,550.0,567.0,546.0,527.0,499.0,517.0
79,W2023,1,low,1,10,3,488.0,522.0,540.0,488.0,455.0,491.0,578.0,490.0,529.0,622.0,523.0
79,W2023,1,low,2,10,5,492.0,547.0,522.0,608.0,588.0,492.0,626.0,653.0,619.0,514.0,457.0
79,W2023,1,low,3,10,2,458.0,556.0,458.0,581.0,712.0,387.0,585.0,557.0,570.0,586.0,475.0
79,W2023,1,low,4,10,3,469.0,569.0,589.0,469.0,561.0,494.0,570.0,630.0,476.0,669.0,601.0
79,W2023,1,low,5,10,9,469.0,555.0,599.0,568.0,598.0,560.0,533.0,552.0,546.0,469.0,627.0
79,W2023,1,low,6,10,9,556.0,549.0,542.0,560.0,550.0,611.0,606.0,558.0,586.0,556.0,561.0
79,W2023,1,low,7,10,10,606.0,496.0,575.0,545.0,600.0,589.0,522.0,533.0,559.0,593.0,606.0
79,W2023,1,low,8,10,4,499.0,566.0,594.0,601.0,499.0,572.0,477.0,574.0,503.0,541.0,559.0
79,W2023,1,low,9,10,5,496.0,517.0,638.0,533.0,542.0,496.0,491.0,454.0,557.0,556.0,562.0
79,W2023,1,low,10,10,1,440.0,440.0,591.0,438.0,597.0,517.0,512.0,534.0,642.0,550.0,659.0
79,W2023,1,low,11,10,7,472.0,573.0,584.0,593.0,652.0,531.0,596.0,472.0,553.0,468.0,557.0
79,W2023,1,low,12,10,8,464.0,589.0,523.0,526.0,570.0,515.0,558.0,550.0,464.0,503.0,573.0
79,W2023,1,low,13,10,4,493.0,570.0,533.0,562.0,493.0,610.0,521.0,489.0,569.0,607.0,534.0
79,W2023,1,low,14,10,1,494.0,494.0,468.0,564.0,525.0,484.0,667.0,542.0,521.0,618.0,596.0
79,W2023,1,low,15,10,7,457.0,636.0,561.0,538.0,601.0,515.0,516.0,457.0,555.0,512.0,599.0
79,W2023,1,low,16,10,6,485.0,579.0,571.0,612.0,538.0,542.0,485.0,552.0,567.0,524.0,545.0
79,W2023,1,low,17,10,1,476.0,476.0,609.0,511.0,604.0,490.0,561.0,529.0,558.0,525.0,553.0
79,W2023,1,low,18,10,3,496.0,522.0,616.0,496.0,640.0,608.0,587.0,545.0,611.0,458.0,552.0
79,W2023,1,low,19,10,2,511.0,566.0,511.0,533.0,515.0,570.0,502.0,494.0,574.0,516.0,492.0
79,W2023,1,low,20,10,9,499.0,533.0,603.0,563.0,534.0,550.0,567.0,546.0,527.0,499.0,517.0
63,W2023,1,low,1,10,4,455.0,522.0,540.0,488.0,455.0,491.0,578.0,490.0,529.0,622.0,523.0
63,W2023,1,low,2,10,5,492.0,547.0,522.0,608.0,588.0,492.0,626.0,653.0,619.0,514.0,457.0
63,W2023,1,low,3,10,5,387.0,556.0,458.0,581.0,712.0,387.0,585.0,557.0,570.0,586.0,475.0
63,W2023,1,low,4,10,3,469.0,569.0,589.0,469.0,561.0,494.0,570.0,630.0,476.0,669.0,601.0
63,W2023,1,low,5,10,9,469.0,555.0,599.0,568.0,598.0,560.0,533.0,552.0,546.0,469.0,627.0
63,W2023,1,low,6,10,10,561.0,549.0,542.0,560.0,550.0,611.0,606.0,558.0,586.0,556.0,561.0
63,W2023,1,low,7,10,10,606.0,496.0,575.0,545.0,600.0,589.0,522.0,533.0,559.0,593.0,606.0
63,W2023,1,low,8,10,6,477.0,566.0,594.0,601.0,499.0,572.0,477.0,574.0,503.0,541.0,559.0
63,W2023,1,low,9,10,5,496.0,517.0,638.0,533.0,542.0,496.0,491.0,454.0,557.0,556.0,562.0
63,W2023,1,low,10,10,1,440.0,440.0,591.0,438.0,597.0,517.0,512.0,534.0,642.0,550.0,659.0
63,W2023,1,low,11,10,5,531.0,573.0,584.0,593.0,652.0,531.0,596.0,472.0,553.0,468.0,557.0
63,W2023,1,low,12,10,8,464.0,589.0,523.0,526.0,570.0,515.0,558.0,550.0,464.0,503.0,573.0
63,W2023,1,low,13,10,4,493.0,570.0,533.0,562.0,493.0,610.0,521.0,489.0,569.0,607.0,534.0
63,W2023,1,low,14,10,10,596.0,494.0,468.0,564.0,525.0,484.0,667.0,542.0,521.0,618.0,596.0
63,W2023,1,low,15,10,7,457.0,636.0,561.0,538.0,601.0,515.0,516.0,457.0,555.0,512.0,599.0
63,W2023,1,low,16,10,6,485.0,579.0,571.0,612.0,538.0,542.0,485.0,552.0,567.0,524.0,545.0
63,W2023,1,low,17,10,10,553.0,476.0,609.0,511.0,604.0,490.0,561.0,529.0,558.0,525.0,553.0
63,W2023,1,low,18,10,1,522.0,522.0,616.0,496.0,640.0,608.0,587.0,545.0,611.0,458.0,552.0
63,W2023,1,low,19,10,6,502.0,566.0,511.0,533.0,515.0,570.0,502.0,494.0,574.0,516.0,492.0
63,W2023,1,low,20,10,9,499.0,533.0,603.0,563.0,534.0,550.0,567.0,546.0,527.0,499.0,517.0
48,W2023,1,low,1,10,3,488.0,522.0,540.0,488.0,455.0,491.0,578.0,490.0,529.0,622.0,523.0
48,W2023,1,low,2,10,9,514.0,547.0,522.0,608.0,588.0,492.0,626.0,653.0,619.0,514.0,457.0
48,W2023,1,low,3,10,2,458.0,556.0,458.0,581.0,712.0,387.0,585.0,557.0,570.0,586.0,475.0
48,W2023,1,low,4,10,3,469.0,569.0,589.0,469.0,561.0,494.0,570.0,630.0,476.0,669.0,601.0
48,W2023,1,low,5,10,9,469.0,555.0,599.0,568.0,598.0,560.0,533.0,552.0,546.0,469.0,627.0
48,W2023,1,low,6,10,10,561.0,549.0,542.0,560.0,550.0,611.0,606.0,558.0,586.0,556.0,561.0
48,W2023,1,low,7,10,1,496.0,496.0,575.0,545.0,600.0,589.0,522.0,533.0,559.0,593.0,606.0
48,W2023,1,low,8,10,4,499.0,566.0,594.0,601.0,499.0,572.0,477.0,574.0,503.0,541.0,559.0
48,W2023,1,low,9,10,5,496.0,517.0,638.0,533.0,542.0,496.0,491.0,454.0,557.0,556.0,562.0
48,W2023,1,low,10,10,1,440.0,440.0,591.0,438.0,597.0,517.0,512.0,534.0,642.0,550.0,659.0
48,W2023,1,low,11,10,7,472.0,573.0,584.0,593.0,652.0,531.0,596.0,472.0,553.0,468.0,557.0
48,W2023,1,low,12,10,8,464.0,589.0,523.0,526.0,570.0,515.0,558.0,550.0,464.0,503.0,573.0
48,W2023,1,low,13,10,4,493.0,570.0,533.0,562.0,493.0,610.0,521.0,489.0,569.0,607.0,534.0
48,W2023,1,low,14,10,2,468.0,494.0,468.0,564.0,525.0,484.0,667.0,542.0,521.0,618.0,596.0
48,W2023,1,low,15,10,5,515.0,636.0,561.0,538.0,601.0,515.0,516.0,457.0,555.0,512.0,599.0
48,W2023,1,low,16,10,6,485.0,579.0,571.0,612.0,538.0,542.0,485.0,552.0,567.0,524.0,545.0
48,W2023,1,low,17,10,1,476.0,476.0,609.0,511.0,604.0,490.0,561.0,529.0,558.0,525.0,553.0
48,W2023,1,low,18,10,3,496.0,522.0,616.0,496.0,640.0,608.0,587.0,545.0,611.0,458.0,552.0
48,W2023,1,low,19,10,7,494.0,566.0,511.0,533.0,515.0,570.0,502.0,494.0,574.0,516.0,492.0
48,W2023,1,low,20,10,9,499.0,533.0,603.0,563.0,534.0,550.0,567.0,546.0,527.0,499.0,517.0
401,W2023,1,low,1,10,3,488.0,522.0,540.0,488.0,455.0,491.0,578.0,490.0,529.0,622.0,523.0
401,W2023,1,low,2,10,5,492.0,547.0,522.0,608.0,588.0,492.0,626.0,653.0,619.0,514.0,457.0
401,W2023,1,low,3,10,2,458.0,556.0,458.0,581.0,712.0,387.0,585.0,557.0,570.0,586.0,475.0
401,W2023,1,low,4,10,3,469.0,569.0,589.0,469.0,561.0,494.0,570.0,630.0,476.0,669.0,601.0
401,W2023,1,low,5,10,9,469.0,555.0,599.0,568.0,598.0,560.0,533.0,552.0,546.0,469.0,627.0
401,W2023,1,low,6,10,10,561.0,549.0,542.0,560.0,550.0,611.0,606.0,558.0,586.0,556.0,561.0
401,W2023,1,low,7,10,10,606.0,496.0,575.0,545.0,600.0,589.0,522.0,533.0,559.0,593.0,606.0
401,W2023,1,low,8,10,6,477.0,566.0,594.0,601.0,499.0,572.0,477.0,574.0,503.0,541.0,559.0
401,W2023,1,low,9,10,5,496.0,517.0,638.0,533.0,542.0,496.0,491.0,454.0,557.0,556.0,562.0
401,W2023,1,low,10,10,1,440.0,440.0,591.0,438.0,597.0,517.0,512.0,534.0,642.0,550.0,659.0
401,W2023,1,low,11,10,7,472.0,573.0,584.0,593.0,652.0,531.0,596.0,472.0,553.0,468.0,557.0
401,W2023,1,low,12,10,8,464.0,589.0,523.0,526.0,570.0,515.0,558.0,550.0,464.0,503.0,573.0
401,W2023,1,low,13,10,4,493.0,570.0,533.0,562.0,493.0,610.0,521.0,489.0,569.0,607.0,534.0
401,W2023,1,low,14,10,1,494.0,494.0,468.0,564.0,525.0,484.0,667.0,542.0,521.0,618.0,596.0
401,W2023,1,low,15,10,7,457.0,636.0,561.0,538.0,601.0,515.0,516.0,457.0,555.0,512.0,599.0
401,W2023,1,low,16,10,6,485.0,579.0,571.0,612.0,538.0,542.0,485.0,552.0,567.0,524.0,545.0
401,W2023,1,low,17,10,1,476.0,476.0,609.0,511.0,604.0,490.0,561.0,529.0,558.0,525.0,553.0
401,W2023,1,low,18,10,3,496.0,522.0,616.0,496.0,640.0,608.0,587.0,545.0,611.0,458.0,552.0
401,W2023,1,low,19,10,6,502.0,566.0,511.0,533.0,515.0,570.0,502.0,494.0,574.0,516.0,492.0
401,W2023,1,low,20,10,9,499.0,533.0,603.0,563.0,534.0,550.0,567.0,546.0,527.0,499.0,517.0
101,W2023,1,low,1,10,1,522.0,522.0,540.0,488.0,455.0,491.0,578.0,490.0,529.0,622.0,523.0
101,W2023,1,low,2,10,2,522.0,547.0,522.0,608.0,588.0,492.0,626.0,653.0,619.0,514.0,457.0
101,W2023,1,low,3,10,2,458.0,556.0,458.0,581.0,712.0,387.0,585.0,557.0,570.0,586.0,475.0
101,W2023,1,low,4,10,3,469.0,569.0,589.0,469.0,561.0,494.0,570.0,630.0,476.0,669.0,601.0
101,W2023,1,low,5,10,1,555.0,555.0,599.0,568.0,598.0,560.0,533.0,552.0,546.0,469.0,627.0
101,W2023,1,low,6,10,9,556.0,549.0,542.0,560.0,550.0,611.0,606.0,558.0,586.0,556.0,561.0
101,W2023,1,low,7,10,1,496.0,496.0,575.0,545.0,600.0,589.0,522.0,533.0,559.0,593.0,606.0
101,W2023,1,low,8,10,4,499.0,566.0,594.0,601.0,499.0,572.0,477.0,574.0,503.0,541.0,559.0
101,W2023,1,low,9,10,1,517.0,517.0,638.0,533.0,542.0,496.0,491.0,454.0,557.0,556.0,562.0
101,W2023,1,low,10,10,1,440.0,440.0,591.0,438.0,597.0,517.0,512.0,534.0,642.0,550.0,659.0
101,W2023,1,low,11,10,5,531.0,573.0,584.0,593.0,652.0,531.0,596.0,472.0,553.0,468.0,557.0
101,W2023,1,low,12,10,2,523.0,589.0,523.0,526.0,570.0,515.0,558.0,550.0,464.0,503.0,573.0
101,W2023,1,low,13,10,2,533.0,570.0,533.0,562.0,493.0,610.0,521.0,489.0,569.0,607.0,534.0
101,W2023,1,low,14,10,3,564.0,494.0,468.0,564.0,525.0,484.0,667.0,542.0,521.0,618.0,596.0
101,W2023,1,low,15,10,3,538.0,636.0,561.0,538.0,601.0,515.0,516.0,457.0,555.0,512.0,599.0
101,W2023,1,low,16,10,4,538.0,579.0,571.0,612.0,538.0,542.0,485.0,552.0,567.0,524.0,545.0
101,W2023,1,low,17,10,3,511.0,476.0,609.0,511.0,604.0,490.0,561.0,529.0,558.0,525.0,553.0
101,W2023,1,low,18,10,1,522.0,522.0,616.0,496.0,640.0,608.0,587.0,545.0,611.0,458.0,552.0
101,W2023,1,low,19,10,2,511.0,566.0,511.0,533.0,515.0,570.0,502.0,494.0,574.0,516.0,492.0
101,W2023,1,low,20,10,1,533.0,533.0,603.0,563.0,534.0,550.0,567.0,546.0,527.0,499.0,517.0
323,W2023,1,low,1,10,1,522.0,522.0,540.0,488.0,455.0,491.0,578.0,490.0,529.0,622.0,523.0
323,W2023,1,low,2,10,2,522.0,547.0,522.0,608.0,588.0,492.0,626.0,653.0,619.0,514.0,457.0
323,W2023,1,low,3,10,2,458.0,556.0,458.0,581.0,712.0,387.0,585.0,557.0,570.0,586.0,475.0
323,W2023,1,low,4,10,3,469.0,569.0,589.0,469.0,561.0,494.0,570.0,630.0,476.0,669.0,601.0
323,W2023,1,low,5,10,6,533.0,555.0,599.0,568.0,598.0,560.0,533.0,552.0,546.0,469.0,627.0
323,W2023,1,low,6,10,1,549.0,549.0,542.0,560.0,550.0,611.0,606.0,558.0,586.0,556.0,561.0
323,W2023,1,low,7,10,1,496.0,496.0,575.0,545.0,600.0,589.0,522.0,533.0,559.0,593.0,606.0
323,W2023,1,low,8,10,4,499.0,566.0,594.0,601.0,499.0,572.0,477.0,574.0,503.0,541.0,559.0
323,W2023,1,low,9,10,1,517.0,517.0,638.0,533.0,542.0,496.0,491.0,454.0,557.0,556.0,562.0
323,W2023,1,low,10,10,1,440.0,440.0,591.0,438.0,597.0,517.0,512.0,534.0,642.0,550.0,659.0
323,W2023,1,low,11,10,5,531.0,573.0,584.0,593.0,652.0,531.0,596.0,472.0,553.0,468.0,557.0
323,W2023,1,low,12,10,2,523.0,589.0,523.0,526.0,570.0,515.0,558.0,550.0,464.0,503.0,573.0
323,W2023,1,low,13,10,2,533.0,570.0,533.0,562.0,493.0,610.0,521.0,489.0,569.0,607.0,534.0
323,W2023,1,low,14,10,1,494.0,494.0,468.0,564.0,525.0,484.0,667.0,542.0,521.0,618.0,596.0
323,W2023,1,low,15,10,3,538.0,636.0,561.0,538.0,601.0,515.0,516.0,457.0,555.0,512.0,599.0
323,W2023,1,low,16,10,2,571.0,579.0,571.0,612.0,538.0,542.0,485.0,552.0,567.0,524.0,545.0
323,W2023,1,low,17,10,1,476.0,476.0,609.0,511.0,604.0,490.0,561.0,529.0,558.0,525.0,553.0
323,W2023,1,low,18,10,1,522.0,522.0,616.0,496.0,640.0,608.0,587.0,545.0,611.0,458.0,552.0
323,W2023,1,low,19,10,2,511.0,566.0,511.0,533.0,515.0,570.0,502.0,494.0,574.0,516.0,492.0
323,W2023,1,low,20,10,1,533.0,533.0,603.0,563.0,534.0,550.0,567.0,546.0,527.0,499.0,517.0
516,W2023,1,low,1,10,3,488.0,522.0,540.0,488.0,455.0,491.0,578.0,490.0,529.0,622.0,523.0
516,W2023,1,low,2,10,10,457.0,547.0,522.0,608.0,588.0,492.0,626.0,653.0,619.0,514.0,457.0
516,W2023,1,low,3,10,2,458.0,556.0,458.0,581.0,712.0,387.0,585.0,557.0,570.0,586.0,475.0
516,W2023,1,low,4,10,8,476.0,569.0,589.0,469.0,561.0,494.0,570.0,630.0,476.0,669.0,601.0
516,W2023,1,low,5,10,6,533.0,555.0,599.0,568.0,598.0,560.0,533.0,552.0,546.0,469.0,627.0
516,W2023,1,low,6,10,10,561.0,549.0,542.0,560.0,550.0,611.0,606.0,558.0,586.0,556.0,561.0
516,W2023,1,low,7,10,10,606.0,496.0,575.0,545.0,600.0,589.0,522.0,533.0,559.0,593.0,606.0
516,W2023,1,low,8,10,6,477.0,566.0,594.0,601.0,499.0,572.0,477.0,574.0,503.0,541.0,559.0
516,W2023,1,low,9,10,10,562.0,517.0,638.0,533.0,542.0,496.0,491.0,454.0,557.0,556.0,562.0
516,W2023,1,low,10,10,1,440.0,440.0,591.0,438.0,597.0,517.0,512.0,534.0,642.0,550.0,659.0
516,W2023,1,low,11,10,7,472.0,573.0,584.0,593.0,652.0,531.0,596.0,472.0,553.0,468.0,557.0
516,W2023,1,low,12,10,8,464.0,589.0,523.0,526.0,570.0,515.0,558.0,550.0,464.0,503.0,573.0
516,W2023,1,low,13,10,10,534.0,570.0,533.0,562.0,493.0,610.0,521.0,489.0,569.0,607.0,534.0
516,W2023,1,low,14,10,1,494.0,494.0,468.0,564.0,525.0,484.0,667.0,542.0,521.0,618.0,596.0
516,W2023,1,low,15,10,7,457.0,636.0,561.0,538.0,601.0,515.0,516.0,457.0,555.0,512.0,599.0
516,W2023,1,low,16,10,6,485.0,579.0,571.0,612.0,538.0,542.0,485.0,552.0,567.0,524.0,545.0
516,W2023,1,low,17,10,5,490.0,476.0,609.0,511.0,604.0,490.0,561.0,529.0,558.0,525.0,553.0
516,W2023,1,low,18,10,9,458.0,522.0,616.0,496.0,640.0,608.0,587.0,545.0,611.0,458.0,552.0
516,W2023,1,low,19,10,7,494.0,566.0,511.0,533.0,515.0,570.0,502.0,494.0,574.0,516.0,492.0
516,W2023,1,low,20,10,9,499.0,533.0,603.0,563.0,534.0,550.0,567.0,546.0,527.0,499.0,517.0
309,W2023,1,low,1,10,4,455.0,522.0,540.0,488.0,455.0,491.0,578.0,490.0,529.0,622.0,523.0
309,W2023,1,low,2,10,5,492.0,547.0,522.0,608.0,588.0,492.0,626.0,653.0,619.0,514.0,457.0
309,W2023,1,low,3,10,2,458.0,556.0,458.0,581.0,712.0,387.0,585.0,557.0,570.0,586.0,475.0
309,W2023,1,low,4,10,8,476.0,569.0,589.0,469.0,561.0,494.0,570.0,630.0,476.0,669.0,601.0
309,W2023,1,low,5,10,9,469.0,555.0,599.0,568.0,598.0,560.0,533.0,552.0,546.0,469.0,627.0
309,W2023,1,low,6,10,10,561.0,549.0,542.0,560.0,550.0,611.0,606.0,558.0,586.0,556.0,561.0
309,W2023,1,low,7,10,10,606.0,496.0,575.0,545.0,600.0,589.0,522.0,533.0,559.0,593.0,606.0
309,W2023,1,low,8,10,6,477.0,566.0,594.0,601.0,499.0,572.0,477.0,574.0,503.0,541.0,559.0
309,W2023,1,low,9,10,7,454.0,517.0,638.0,533.0,542.0,496.0,491.0,454.0,557.0,556.0,562.0
309,W2023,1,low,10,10,1,440.0,440.0,591.0,438.0,597.0,517.0,512.0,534.0,642.0,550.0,659.0
309,W2023,1,low,11,10,7,472.0,573.0,584.0,593.0,652.0,531.0,596.0,472.0,553.0,468.0,557.0
309,W2023,1,low,12,10,8,464.0,589.0,523.0,526.0,570.0,515.0,558.0,550.0,464.0,503.0,573.0
309,W2023,1,low,13,10,10,534.0,570.0,533.0,562.0,493.0,610.0,521.0,489.0,569.0,607.0,534.0
309,W2023,1,low,14,10,2,468.0,494.0,468.0,564.0,525.0,484.0,667.0,542.0,521.0,618.0,596.0
309,W2023,1,low,15,10,7,457.0,636.0,561.0,538.0,601.0,515.0,516.0,457.0,555.0,512.0,599.0
309,W2023,1,low,16,10,6,485.0,579.0,571.0,612.0,538.0,542.0,485.0,552.0,567.0,524.0,545.0
309,W2023,1,low,17,10,1,476.0,476.0,609.0,511.0,604.0,490.0,561.0,529.0,558.0,525.0,553.0
309,W2023,1,low,18,10,9,458.0,522.0,616.0,496.0,640.0,608.0,587.0,545.0,611.0,458.0,552.0
309,W2023,1,low,19,10,7,494.0,566.0,511.0,533.0,515.0,570.0,502.0,494.0,574.0,516.0,492.0
309,W2023,1,low,20,10,9,499.0,533.0,603.0,563.0,534.0,550.0,567.0,546.0,527.0,499.0,517.0
481,W2023,1,low,1,10,1,522.0,522.0,540.0,488.0,455.0,491.0,578.0,490.0,529.0,622.0,523.0
481,W2023,1,low,2,10,5,492.0,547.0,522.0,608.0,588.0,492.0,626.0,653.0,619.0,514.0,457.0
481,W2023,1,low,3,10,2,458.0,556.0,458.0,581.0,712.0,387.0,585.0,557.0,570.0,586.0,475.0
481,W2023,1,low,4,10,3,469.0,569.0,589.0,469.0,561.0,494.0,570.0,630.0,476.0,669.0,601.0
481,W2023,1,low,5,10,9,469.0,555.0,599.0,568.0,598.0,560.0,533.0,552.0,546.0,469.0,627.0
481,W2023,1,low,6,10,10,561.0,549.0,542.0,560.0,550.0,611.0,606.0,558.0,586.0,556.0,561.0
481,W2023,1,low,7,10,1,496.0,496.0,575.0,545.0,600.0,589.0,522.0,533.0,559.0,593.0,606.0
481,W2023,1,low,8,10,6,477.0,566.0,594.0,601.0,499.0,572.0,477.0,574.0,503.0,541.0,559.0
481,W2023,1,low,9,10,7,454.0,517.0,638.0,533.0,542.0,496.0,491.0,454.0,557.0,556.0,562.0
481,W2023,1,low,10,10,1,440.0,440.0,591.0,438.0,597.0,517.0,512.0,534.0,642.0,550.0,659.0
481,W2023,1,low,11,10,7,472.0,573.0,584.0,593.0,652.0,531.0,596.0,472.0,553.0,468.0,557.0
481,W2023,1,low,12,10,8,464.0,589.0,523.0,526.0,570.0,515.0,558.0,550.0,464.0,503.0,573.0
481,W2023,1,low,13,10,4,493.0,570.0,533.0,562.0,493.0,610.0,521.0,489.0,569.0,607.0,534.0
481,W2023,1,low,14,10,1,494.0,494.0,468.0,564.0,525.0,484.0,667.0,542.0,521.0,618.0,596.0
481,W2023,1,low,15,10,7,457.0,636.0,561.0,538.0,601.0,515.0,516.0,457.0,555.0,512.0,599.0
481,W2023,1,low,16,10,6,485.0,579.0,571.0,612.0,538.0,542.0,485.0,552.0,567.0,524.0,545.0
481,W2023,1,low,17,10,1,476.0,476.0,609.0,511.0,604.0,490.0,561.0,529.0,558.0,525.0,553.0
481,W2023,1,low,18,10,3,496.0,522.0,616.0,496.0,640.0,608.0,587.0,545.0,611.0,458.0,552.0
481,W2023,1,low,19,10,7,494.0,566.0,511.0,533.0,515.0,570.0,502.0,494.0,574.0,516.0,492.0
481,W2023,1,low,20,10,9,499.0,533.0,603.0,563.0,534.0,550.0,567.0,546.0,527.0,499.0,517.0
341,W2023,1,low,1,10,3,488.0,522.0,540.0,488.0,455.0,491.0,578.0,490.0,529.0,622.0,523.0
341,W2023,1,low,2,10,10,457.0,547.0,522.0,608.0,588.0,492.0,626.0,653.0,619.0,514.0,457.0
341,W2023,1,low,3,10,2,458.0,556.0,458.0,581.0,712.0,387.0,585.0,557.0,570.0,586.0,475.0
341,W2023,1,low,4,10,8,476.0,569.0,589.0,469.0,561.0,494.0,570.0,630.0,476.0,669.0,601.0
341,W2023,1,low,5,10,9,469.0,555.0,599.0,568.0,598.0,560.0,533.0,552.0,546.0,469.0,627.0
341,W2023,1,low,6,10,10,561.0,549.0,542.0,560.0,550.0,611.0,606.0,558.0,586.0,556.0,561.0
341,W2023,1,low,7,10,10,606.0,496.0,575.0,545.0,600.0,589.0,522.0,533.0,559.0,593.0,606.0
341,W2023,1,low,8,10,6,477.0,566.0,594.0,601.0,499.0,572.0,477.0,574.0,503.0,541.0,559.0
341,W2023,1,low,9,10,5,496.0,517.0,638.0,533.0,542.0,496.0,491.0,454.0,557.0,556.0,562.0
341,W2023,1,low,10,10,1,440.0,440.0,591.0,438.0,597.0,517.0,512.0,534.0,642.0,550.0,659.0
341,W2023,1,low,11,10,7,472.0,573.0,584.0,593.0,652.0,531.0,596.0,472.0,553.0,468.0,557.0
341,W2023,1,low,12,10,8,464.0,589.0,523.0,526.0,570.0,515.0,558.0,550.0,464.0,503.0,573.0
341,W2023,1,low,13,10,4,493.0,570.0,533.0,562.0,493.0,610.0,521.0,489.0,569.0,607.0,534.0
341,W2023,1,low,14,10,2,468.0,494.0,468.0,564.0,525.0,484.0,667.0,542.0,521.0,618.0,596.0
341,W2023,1,low,15,10,5,515.0,636.0,561.0,538.0,601.0,515.0,516.0,457.0,555.0,512.0,599.0
341,W2023,1,low,16,10,6,485.0,579.0,571.0,612.0,538.0,542.0,485.0,552.0,567.0,524.0,545.0
341,W2023,1,low,17,10,1,476.0,476.0,609.0,511.0,604.0,490.0,561.0,529.0,558.0,525.0,553.0
341,W2023,1,low,18,10,3,496.0,522.0,616.0,496.0,640.0,608.0,587.0,545.0,611.0,458.0,552.0
341,W2023,1,low,19,10,10,492.0,566.0,511.0,533.0,515.0,570.0,502.0,494.0,574.0,516.0,492.0
341,W2023,1,low,20,10,9,499.0,533.0,603.0,563.0,534.0,550.0,567.0,546.0,527.0,499.0,517.0
472,W2023,1,low,1,10,3,488.0,522.0,540.0,488.0,455.0,491.0,578.0,490.0,529.0,622.0,523.0
472,W2023,1,low,2,10,10,457.0,547.0,522.0,608.0,588.0,492.0,626.0,653.0,619.0,514.0,457.0
472,W2023,1,low,3,10,5,387.0,556.0,458.0,581.0,712.0,387.0,585.0,557.0,570.0,586.0,475.0
472,W2023,1,low,4,10,3,469.0,569.0,589.0,469.0,561.0,494.0,570.0,630.0,476.0,669.0,601.0
472,W2023,1,low,5,10,9,469.0,555.0,599.0,568.0,598.0,560.0,533.0,552.0,546.0,469.0,627.0
472,W2023,1,low,6,10,10,561.0,549.0,542.0,560.0,550.0,611.0,606.0,558.0,586.0,556.0,561.0
472,W2023,1,low,7,10,10,606.0,496.0,575.0,545.0,600.0,589.0,522.0,533.0,559.0,593.0,606.0
472,W2023,1,low,8,10,6,477.0,566.0,594.0,601.0,499.0,572.0,477.0,574.0,503.0,541.0,559.0
472,W2023,1,low,9,10,5,496.0,517.0,638.0,533.0,542.0,496.0,491.0,454.0,557.0,556.0,562.0
472,W2023,1,low,10,10,10,659.0,440.0,591.0,438.0,597.0,517.0,512.0,534.0,642.0,550.0,659.0
472,W2023,1,low,11,10,7,472.0,573.0,584.0,593.0,652.0,531.0,596.0,472.0,553.0,468.0,557.0
472,W2023,1,low,12,10,8,464.0,589.0,523.0,526.0,570.0,515.0,558.0,550.0,464.0,503.0,573.0
472,W2023,1,low,13,10,4,493.0,570.0,533.0,562.0,493.0,610.0,521.0,489.0,569.0,607.0,534.0
472,W2023,1,low,14,10,2,468.0,494.0,468.0,564.0,525.0,484.0,667.0,542.0,521.0,618.0,596.0
472,W2023,1,low,15,10,7,457.0,636.0,561.0,538.0,601.0,515.0,516.0,457.0,555.0,512.0,599.0
472,W2023,1,low,16,10,6,485.0,579.0,571.0,612.0,538.0,542.0,485.0,552.0,567.0,524.0,545.0
472,W2023,1,low,17,10,1,476.0,476.0,609.0,511.0,604.0,490.0,561.0,529.0,558.0,525.0,553.0
472,W2023,1,low,18,10,9,458.0,522.0,616.0,496.0,640.0,608.0,587.0,545.0,611.0,458.0,552.0
472,W2023,1,low,19,10,10,492.0,566.0,511.0,533.0,515.0,570.0,502.0,494.0,574.0,516.0,492.0
472,W2023,1,low,20,10,9,499.0,533.0,603.0,563.0,534.0,550.0,567.0,546.0,527.0,499.0,517.0
57,W2023,1,low,1,10,1,522.0,522.0,540.0,488.0,455.0,491.0,578.0,490.0,529.0,622.0,523.0
57,W2023,1,low,2,10,2,522.0,547.0,522.0,608.0,588.0,492.0,626.0,653.0,619.0,514.0,457.0
57,W2023,1,low,3,10,2,458.0,556.0,458.0,581.0,712.0,387.0,585.0,557.0,570.0,586.0,475.0
57,W2023,1,low,4,10,3,469.0,569.0,589.0,469.0,561.0,494.0,570.0,630.0,476.0,669.0,601.0
57,W2023,1,low,5,10,5,560.0,555.0,599.0,568.0,598.0,560.0,533.0,552.0,546.0,469.0,627.0
57,W2023,1,low,6,10,7,558.0,549.0,542.0,560.0,550.0,611.0,606.0,558.0,586.0,556.0,561.0
57,W2023,1,low,7,10,1,496.0,496.0,575.0,545.0,600.0,589.0,522.0,533.0,559.0,593.0,606.0
57,W2023,1,low,8,10,4,499.0,566.0,594.0,601.0,499.0,572.0,477.0,574.0,503.0,541.0,559.0
57,W2023,1,low,9,10,1,517.0,517.0,638.0,533.0,542.0,496.0,491.0,454.0,557.0,556.0,562.0
57,W2023,1,low,10,10,1,440.0,440.0,591.0,438.0,597.0,517.0,512.0,534.0,642.0,550.0,659.0
57,W2023,1,low,11,10,7,472.0,573.0,584.0,593.0,652.0,531.0,596.0,472.0,553.0,468.0,557.0
57,W2023,1,low,12,10,5,515.0,589.0,523.0,526.0,570.0,515.0,558.0,550.0,464.0,503.0,573.0
57,W2023,1,low,13,10,4,493.0,570.0,533.0,562.0,493.0,610.0,521.0,489.0,569.0,607.0,534.0
57,W2023,1,low,14,10,1,494.0,494.0,468.0,564.0,525.0,484.0,667.0,542.0,521.0,618.0,596.0
57,W2023,1,low,15,10,7,457.0,636.0,561.0,538.0,601.0,515.0,516.0,457.0,555.0,512.0,599.0
57,W2023,1,low,16,10,6,485.0,579.0,571.0,612.0,538.0,542.0,485.0,552.0,567.0,524.0,545.0
57,W2023,1,low,17,10,1,476.0,476.0,609.0,511.0,604.0,490.0,561.0,529.0,558.0,525.0,553.0
57,W2023,1,low,18,10,3,496.0,522.0,616.0,496.0,640.0,608.0,587.0,545.0,611.0,458.0,552.0
57,W2023,1,low,19,10,2,511.0,566.0,511.0,533.0,515.0,570.0,502.0,494.0,574.0,516.0,492.0
57,W2023,1,low,20,10,1,533.0,533.0,603.0,563.0,534.0,550.0,567.0,546.0,527.0,499.0,517.0
495,W2023,1,low,1,10,3,488.0,522.0,540.0,488.0,455.0,491.0,578.0,490.0,529.0,622.0,523.0
495,W2023,1,low,2,10,5,492.0,547.0,522.0,608.0,588.0,492.0,626.0,653.0,619.0,514.0,457.0
495,W2023,1,low,3,10,2,458.0,556.0,458.0,581.0,712.0,387.0,585.0,557.0,570.0,586.0,475.0
495,W2023,1,low,4,10,3,469.0,569.0,589.0,469.0,561.0,494.0,570.0,630.0,476.0,669.0,601.0
495,W2023,1,low,5,10,9,469.0,555.0,599.0,568.0,598.0,560.0,533.0,552.0,546.0,469.0,627.0
495,W2023,1,low,6,10,10,561.0,549.0,542.0,560.0,550.0,611.0,606.0,558.0,586.0,556.0,561.0
495,W2023,1,low,7,10,10,606.0,496.0,575.0,545.0,600.0,589.0,522.0,533.0,559.0,593.0,606.0
495,W2023,1,low,8,10,4,499.0,566.0,594.0,601.0,499.0,572.0,477.0,574.0,503.0,541.0,559.0
495,W2023,1,low,9,10,5,496.0,517.0,638.0,533.0,542.0,496.0,491.0,454.0,557.0,556.0,562.0
495,W2023,1,low,10,10,1,440.0,440.0,591.0,438.0,597.0,517.0,512.0,534.0,642.0,550.0,659.0
495,W2023,1,low,11,10,7,472.0,573.0,584.0,593.0,652.0,531.0,596.0,472.0,553.0,468.0,557.0
495,W2023,1,low,12,10,5,515.0,589.0,523.0,526.0,570.0,515.0,558.0,550.0,464.0,503.0,573.0
495,W2023,1,low,13,10,4,493.0,570.0,533.0,562.0,493.0,610.0,521.0,489.0,569.0,607.0,534.0
495,W2023,1,low,14,10,2,468.0,494.0,468.0,564.0,525.0,484.0,667.0,542.0,521.0,618.0,596.0
495,W2023,1,low,15,10,7,457.0,636.0,561.0,538.0,601.0,515.0,516.0,457.0,555.0,512.0,599.0
495,W2023,1,low,16,10,10,545.0,579.0,571.0,612.0,538.0,542.0,485.0,552.0,567.0,524.0,545.0
495,W2023,1,low,17,10,5,490.0,476.0,609.0,511.0,604.0,490.0,561.0,529.0,558.0,525.0,553.0
495,W2023,1,low,18,10,1,522.0,522.0,616.0,496.0,640.0,608.0,587.0,545.0,611.0,458.0,552.0
495,W2023,1,low,19,10,4,515.0,566.0,511.0,533.0,515.0,570.0,502.0,494.0,574.0,516.0,492.0
495,W2023,1,low,20,10,8,527.0,533.0,603.0,563.0,534.0,550.0,567.0,546.0,527.0,499.0,517.0
511,W2023,1,low,1,10,3,488.0,522.0,540.0,488.0,455.0,491.0,578.0,490.0,529.0,622.0,523.0
511,W2023,1,low,2,10,5,492.0,547.0,522.0,608.0,588.0,492.0,626.0,653.0,619.0,514.0,457.0
511,W2023,1,low,3,10,2,458.0,556.0,458.0,581.0,712.0,387.0,585.0,557.0,570.0,586.0,475.0
511,W2023,1,low,4,10,3,469.0,569.0,589.0,469.0,561.0,494.0,570.0,630.0,476.0,669.0,601.0
511,W2023,1,low,5,10,1,555.0,555.0,599.0,568.0,598.0,560.0,533.0,552.0,546.0,469.0,627.0
511,W2023,1,low,6,10,10,561.0,549.0,542.0,560.0,550.0,611.0,606.0,558.0,586.0,556.0,561.0
511,W2023,1,low,7,10,1,496.0,496.0,575.0,545.0,600.0,589.0,522.0,533.0,559.0,593.0,606.0
511,W2023,1,low,8,10,2,594.0,566.0,594.0,601.0,499.0,572.0,477.0,574.0,503.0,541.0,559.0
511,W2023,1,low,9,10,5,496.0,517.0,638.0,533.0,542.0,496.0,491.0,454.0,557.0,556.0,562.0
511,W2023,1,low,10,10,1,440.0,440.0,591.0,438.0,597.0,517.0,512.0,534.0,642.0,550.0,659.0
511,W2023,1,low,11,10,7,472.0,573.0,584.0,593.0,652.0,531.0,596.0,472.0,553.0,468.0,557.0
511,W2023,1,low,12,10,3,526.0,589.0,523.0,526.0,570.0,515.0,558.0,550.0,464.0,503.0,573.0
511,W2023,1,low,13,10,4,493.0,570.0,533.0,562.0,493.0,610.0,521.0,489.0,569.0,607.0,534.0
511,W2023,1,low,14,10,1,494.0,494.0,468.0,564.0,525.0,484.0,667.0,542.0,521.0,618.0,596.0
511,W2023,1,low,15,10,5,515.0,636.0,561.0,538.0,601.0,515.0,516.0,457.0,555.0,512.0,599.0
511,W2023,1,low,16,10,6,485.0,579.0,571.0,612.0,538.0,542.0,485.0,552.0,567.0,524.0,545.0
511,W2023,1,low,17,10,1,476.0,476.0,609.0,511.0,604.0,490.0,561.0,529.0,558.0,525.0,553.0
511,W2023,1,low,18,10,3,496.0,522.0,616.0,496.0,640.0,608.0,587.0,545.0,611.0,458.0,552.0
511,W2023,1,low,19,10,6,502.0,566.0,511.0,533.0,515.0,570.0,502.0,494.0,574.0,516.0,492.0
511,W2023,1,low,20,10,8,527.0,533.0,603.0,563.0,534.0,550.0,567.0,546.0,527.0,499.0,517.0
203,W2023,1,low,1,10,3,488.0,522.0,540.0,488.0,455.0,491.0,578.0,490.0,529.0,622.0,523.0
203,W2023,1,low,2,10,9,514.0,547.0,522.0,608.0,588.0,492.0,626.0,653.0,619.0,514.0,457.0
203,W2023,1,low,3,10,2,458.0,556.0,458.0,581.0,712.0,387.0,585.0,557.0,570.0,586.0,475.0
203,W2023,1,low,4,10,3,469.0,569.0,589.0,469.0,561.0,494.0,570.0,630.0,476.0,669.0,601.0
203,W2023,1,low,5,10,9,469.0,555.0,599.0,568.0,598.0,560.0,533.0,552.0,546.0,469.0,627.0
203,W2023,1,low,6,10,9,556.0,549.0,542.0,560.0,550.0,611.0,606.0,558.0,586.0,556.0,561.0
203,W2023,1,low,7,10,1,496.0,496.0,575.0,545.0,600.0,589.0,522.0,533.0,559.0,593.0,606.0
203,W2023,1,low,8,10,4,499.0,566.0,594.0,601.0,499.0,572.0,477.0,574.0,503.0,541.0,559.0
203,W2023,1,low,9,10,5,496.0,517.0,638.0,533.0,542.0,496.0,491.0,454.0,557.0,556.0,562.0
203,W2023,1,low,10,10,1,440.0,440.0,591.0,438.0,597.0,517.0,512.0,534.0,642.0,550.0,659.0
203,W2023,1,low,11,10,5,531.0,573.0,584.0,593.0,652.0,531.0,596.0,472.0,553.0,468.0,557.0
203,W2023,1,low,12,10,8,464.0,589.0,523.0,526.0,570.0,515.0,558.0,550.0,464.0,503.0,573.0
203,W2023,1,low,13,10,4,493.0,570.0,533.0,562.0,493.0,610.0,521.0,489.0,569.0,607.0,534.0
203,W2023,1,low,14,10,1,494.0,494.0,468.0,564.0,525.0,484.0,667.0,542.0,521.0,618.0,596.0
203,W2023,1,low,15,10,5,515.0,636.0,561.0,538.0,601.0,515.0,516.0,457.0,555.0,512.0,599.0
203,W2023,1,low,16,10,6,485.0,579.0,571.0,612.0,538.0,542.0,485.0,552.0,567.0,524.0,545.0
203,W2023,1,low,17,10,1,476.0,476.0,609.0,511.0,604.0,490.0,561.0,529.0,558.0,525.0,553.0
203,W2023,1,low,18,10,3,496.0,522.0,616.0,496.0,640.0,608.0,587.0,545.0,611.0,458.0,552.0
203,W2023,1,low,19,10,6,502.0,566.0,511.0,533.0,515.0,570.0,502.0,494.0,574.0,516.0,492.0
203,W2023,1,low,20,10,7,546.0,533.0,603.0,563.0,534.0,550.0,567.0,546.0,527.0,499.0,517.0
366,W2023,1,low,1,10,3,488.0,522.0,540.0,488.0,455.0,491.0,578.0,490.0,529.0,622.0,523.0
366,W2023,1,low,2,10,2,522.0,547.0,522.0,608.0,588.0,492.0,626.0,653.0,619.0,514.0,457.0
366,W2023,1,low,3,10,2,458.0,556.0,458.0,581.0,712.0,387.0,585.0,557.0,570.0,586.0,475.0
366,W2023,1,low,4,10,3,469.0,569.0,589.0,469.0,561.0,494.0,570.0,630.0,476.0,669.0,601.0
366,W2023,1,low,5,10,6,533.0,555.0,599.0,568.0,598.0,560.0,533.0,552.0,546.0,469.0,627.0
366,W2023,1,low,6,10,1,549.0,549.0,542.0,560.0,550.0,611.0,606.0,558.0,586.0,556.0,561.0
366,W2023,1,low,7,10,1,496.0,496.0,575.0,545.0,600.0,589.0,522.0,533.0,559.0,593.0,606.0
366,W2023,1,low,8,10,4,499.0,566.0,594.0,601.0,499.0,572.0,477.0,574.0,503.0,541.0,559.0
366,W2023,1,low,9,10,1,517.0,517.0,638.0,533.0,542.0,496.0,491.0,454.0,557.0,556.0,562.0
366,W2023,1,low,10,10,1,440.0,440.0,591.0,438.0,597.0,517.0,512.0,534.0,642.0,550.0,659.0
366,W2023,1,low,11,10,5,531.0,573.0,584.0,593.0,652.0,531.0,596.0,472.0,553.0,468.0,557.0
366,W2023,1,low,12,10,2,523.0,589.0,523.0,526.0,570.0,515.0,558.0,550.0,464.0,503.0,573.0
366,W2023,1,low,13,10,2,533.0,570.0,533.0,562.0,493.0,610.0,521.0,489.0,569.0,607.0,534.0
366,W2023,1,low,14,10,5,484.0,494.0,468.0,564.0,525.0,484.0,667.0,542.0,521.0,618.0,596.0
366,W2023,1,low,15,10,3,538.0,636.0,561.0,538.0,601.0,515.0,516.0,457.0,555.0,512.0,599.0
366,W2023,1,low,16,10,4,538.0,579.0,571.0,612.0,538.0,542.0,485.0,552.0,567.0,524.0,545.0
366,W2023,1,low,17,10,1,476.0,476.0,609.0,511.0,604.0,490.0,561.0,529.0,558.0,525.0,553.0
366,W2023,1,low,18,10,7,545.0,522.0,616.0,496.0,640.0,608.0,587.0,545.0,611.0,458.0,552.0
366,W2023,1,low,19,10,2,511.0,566.0,511.0,533.0,515.0,570.0,502.0,494.0,574.0,516.0,492.0
366,W2023,1,low,20,10,4,534.0,533.0,603.0,563.0,534.0,550.0,567.0,546.0,527.0,499.0,517.0
530,W2023,1,low,1,10,4,455.0,522.0,540.0,488.0,455.0,491.0,578.0,490.0,529.0,622.0,523.0
530,W2023,1,low,2,10,9,514.0,547.0,522.0,608.0,588.0,492.0,626.0,653.0,619.0,514.0,457.0
530,W2023,1,low,3,10,2,458.0,556.0,458.0,581.0,712.0,387.0,585.0,557.0,570.0,586.0,475.0
530,W2023,1,low,4,10,3,469.0,569.0,589.0,469.0,561.0,494.0,570.0,630.0,476.0,669.0,601.0
530,W2023,1,low,5,10,9,469.0,555.0,599.0,568.0,598.0,560.0,533.0,552.0,546.0,469.0,627.0
530,W2023,1,low,6,10,10,561.0,549.0,542.0,560.0,550.0,611.0,606.0,558.0,586.0,556.0,561.0
530,W2023,1,low,7,10,10,606.0,496.0,575.0,545.0,600.0,589.0,522.0,533.0,559.0,593.0,606.0
530,W2023,1,low,8,10,6,477.0,566.0,594.0,601.0,499.0,572.0,477.0,574.0,503.0,541.0,559.0
530,W2023,1,low,9,10,7,454.0,517.0,638.0,533.0,542.0,496.0,491.0,454.0,557.0,556.0,562.0
530,W2023,1,low,10,10,1,440.0,440.0,591.0,438.0,597.0,517.0,512.0,534.0,642.0,550.0,659.0
530,W2023,1,low,11,10,7,472.0,573.0,584.0,593.0,652.0,531.0,596.0,472.0,553.0,468.0,557.0
530,W2023,1,low,12,10,8,464.0,589.0,523.0,526.0,570.0,515.0,558.0,550.0,464.0,503.0,573.0
530,W2023,1,low,13,10,7,489.0,570.0,533.0,562.0,493.0,610.0,521.0,489.0,569.0,607.0,534.0
530,W2023,1,low,14,10,2,468.0,494.0,468.0,564.0,525.0,484.0,667.0,542.0,521.0,618.0,596.0
530,W2023,1,low,15,10,7,457.0,636.0,561.0,538.0,601.0,515.0,516.0,457.0,555.0,512.0,599.0
530,W2023,1,low,16,10,6,485.0,579.0,571.0,612.0,538.0,542.0,485.0,552.0,567.0,524.0,545.0
530,W2023,1,low,17,10,9,525.0,476.0,609.0,511.0,604.0,490.0,561.0,529.0,558.0,525.0,553.0
530,W2023,1,low,18,10,9,458.0,522.0,616.0,496.0,640.0,608.0,587.0,545.0,611.0,458.0,552.0
530,W2023,1,low,19,10,7,494.0,566.0,511.0,533.0,515.0,570.0,502.0,494.0,574.0,516.0,492.0
530,W2023,1,low,20,10,9,499.0,533.0,603.0,563.0,534.0,550.0,567.0,546.0,527.0,499.0,517.0
561,W2023,1,low,1,10,3,488.0,522.0,540.0,488.0,455.0,491.0,578.0,490.0,529.0,622.0,523.0
561,W2023,1,low,2,10,2,522.0,547.0,522.0,608.0,588.0,492.0,626.0,653.0,619.0,514.0,457.0
561,W2023,1,low,3,10,2,458.0,556.0,458.0,581.0,712.0,387.0,585.0,557.0,570.0,586.0,475.0
561,W2023,1,low,4,10,8,476.0,569.0,589.0,469.0,561.0,494.0,570.0,630.0,476.0,669.0,601.0
561,W2023,1,low,5,10,1,555.0,555.0,599.0,568.0,598.0,560.0,533.0,552.0,546.0,469.0,627.0
561,W2023,1,low,6,10,10,561.0,549.0,542.0,560.0,550.0,611.0,606.0,558.0,586.0,556.0,561.0
561,W2023,1,low,7,10,1,496.0,496.0,575.0,545.0,600.0,589.0,522.0,533.0,559.0,593.0,606.0
561,W2023,1,low,8,10,6,477.0,566.0,594.0,601.0,499.0,572.0,477.0,574.0,503.0,541.0,559.0
561,W2023,1,low,9,10,10,562.0,517.0,638.0,533.0,542.0,496.0,491.0,454.0,557.0,556.0,562.0
561,W2023,1,low,10,10,1,440.0,440.0,591.0,438.0,597.0,517.0,512.0,534.0,642.0,550.0,659.0
561,W2023,1,low,11,10,7,472.0,573.0,584.0,593.0,652.0,531.0,596.0,472.0,553.0,468.0,557.0
561,W2023,1,low,12,10,8,464.0,589.0,523.0,526.0,570.0,515.0,558.0,550.0,464.0,503.0,573.0
561,W2023,1,low,13,10,4,493.0,570.0,533.0,562.0,493.0,610.0,521.0,489.0,569.0,607.0,534.0
561,W2023,1,low,14,10,1,494.0,494.0,468.0,564.0,525.0,484.0,667.0,542.0,521.0,618.0,596.0
561,W2023,1,low,15,10,7,457.0,636.0,561.0,538.0,601.0,515.0,516.0,457.0,555.0,512.0,599.0
561,W2023,1,low,16,10,6,485.0,579.0,571.0,612.0,538.0,542.0,485.0,552.0,567.0,524.0,545.0
561,W2023,1,low,17,10,9,525.0,476.0,609.0,511.0,604.0,490.0,561.0,529.0,558.0,525.0,553.0
561,W2023,1,low,18,10,9,458.0,522.0,616.0,496.0,640.0,608.0,587.0,545.0,611.0,458.0,552.0
561,W2023,1,low,19,10,6,502.0,566.0,511.0,533.0,515.0,570.0,502.0,494.0,574.0,516.0,492.0
561,W2023,1,low,20,10,9,499.0,533.0,603.0,563.0,534.0,550.0,567.0,546.0,527.0,499.0,517.0
142,W2023,1,low,1,10,3,488.0,522.0,540.0,488.0,455.0,491.0,578.0,490.0,529.0,622.0,523.0
142,W2023,1,low,2,10,5,492.0,547.0,522.0,608.0,588.0,492.0,626.0,653.0,619.0,514.0,457.0
142,W2023,1,low,3,10,2,458.0,556.0,458.0,581.0,712.0,387.0,585.0,557.0,570.0,586.0,475.0
142,W2023,1,low,4,10,3,469.0,569.0,589.0,469.0,561.0,494.0,570.0,630.0,476.0,669.0,601.0
142,W2023,1,low,5,10,6,533.0,555.0,599.0,568.0,598.0,560.0,533.0,552.0,546.0,469.0,627.0
142,W2023,1,low,6,10,9,556.0,549.0,542.0,560.0,550.0,611.0,606.0,558.0,586.0,556.0,561.0
142,W2023,1,low,7,10,1,496.0,496.0,575.0,545.0,600.0,589.0,522.0,533.0,559.0,593.0,606.0
142,W2023,1,low,8,10,4,499.0,566.0,594.0,601.0,499.0,572.0,477.0,574.0,503.0,541.0,559.0
142,W2023,1,low,9,10,5,496.0,517.0,638.0,533.0,542.0,496.0,491.0,454.0,557.0,556.0,562.0
142,W2023,1,low,10,10,1,440.0,440.0,591.0,438.0,597.0,517.0,512.0,534.0,642.0,550.0,659.0
142,W2023,1,low,11,10,7,472.0,573.0,584.0,593.0,652.0,531.0,596.0,472.0,553.0,468.0,557.0
142,W2023,1,low,12,10,5,515.0,589.0,523.0,526.0,570.0,515.0,558.0,550.0,464.0,503.0,573.0
142,W2023,1,low,13,10,4,493.0,570.0,533.0,562.0,493.0,610.0,521.0,489.0,569.0,607.0,534.0
142,W2023,1,low,14,10,1,494.0,494.0,468.0,564.0,525.0,484.0,667.0,542.0,521.0,618.0,596.0
142,W2023,1,low,15,10,7,457.0,636.0,561.0,538.0,601.0,515.0,516.0,457.0,555.0,512.0,599.0
142,W2023,1,low,16,10,6,485.0,579.0,571.0,612.0,538.0,542.0,485.0,552.0,567.0,524.0,545.0
142,W2023,1,low,17,10,1,476.0,476.0,609.0,511.0,604.0,490.0,561.0,529.0,558.0,525.0,553.0
142,W2023,1,low,18,10,3,496.0,522.0,616.0,496.0,640.0,608.0,587.0,545.0,611.0,458.0,552.0
142,W2023,1,low,19,10,6,502.0,566.0,511.0,533.0,515.0,570.0,502.0,494.0,574.0,516.0,492.0
142,W2023,1,low,20,10,8,527.0,533.0,603.0,563.0,534.0,550.0,567.0,546.0,527.0,499.0,517.0
90,W2023,1,low,1,10,3,488.0,522.0,540.0,488.0,455.0,491.0,578.0,490.0,529.0,622.0,523.0
90,W2023,1,low,2,10,5,492.0,547.0,522.0,608.0,588.0,492.0,626.0,653.0,619.0,514.0,457.0
90,W2023,1,low,3,10,2,458.0,556.0,458.0,581.0,712.0,387.0,585.0,557.0,570.0,586.0,475.0
90,W2023,1,low,4,10,5,494.0,569.0,589.0,469.0,561.0,494.0,570.0,630.0,476.0,669.0,601.0
90,W2023,1,low,5,10,1,555.0,555.0,599.0,568.0,598.0,560.0,533.0,552.0,546.0,469.0,627.0
90,W2023,1,low,6,10,10,561.0,549.0,542.0,560.0,550.0,611.0,606.0,558.0,586.0,556.0,561.0
90,W2023,1,low,7,10,9,593.0,496.0,575.0,545.0,600.0,589.0,522.0,533.0,559.0,593.0,606.0
90,W2023,1,low,8,10,4,499.0,566.0,594.0,601.0,499.0,572.0,477.0,574.0,503.0,541.0,559.0
90,W2023,1,low,9,10,5,496.0,517.0,638.0,533.0,542.0,496.0,491.0,454.0,557.0,556.0,562.0
90,W2023,1,low,10,10,1,440.0,440.0,591.0,438.0,597.0,517.0,512.0,534.0,642.0,550.0,659.0
90,W2023,1,low,11,10,5,531.0,573.0,584.0,593.0,652.0,531.0,596.0,472.0,553.0,468.0,557.0
90,W2023,1,low,12,10,8,464.0,589.0,523.0,526.0,570.0,515.0,558.0,550.0,464.0,503.0,573.0
90,W2023,1,low,13,10,1,570.0,570.0,533.0,562.0,493.0,610.0,521.0,489.0,569.0,607.0,534.0
90,W2023,1,low,14,10,1,494.0,494.0,468.0,564.0,525.0,484.0,667.0,542.0,521.0,618.0,596.0
90,W2023,1,low,15,10,5,515.0,636.0,561.0,538.0,601.0,515.0,516.0,457.0,555.0,512.0,599.0
90,W2023,1,low,16,10,6,485.0,579.0,571.0,612.0,538.0,542.0,485.0,552.0,567.0,524.0,545.0
90,W2023,1,low,17,10,1,476.0,476.0,609.0,511.0,604.0,490.0,561.0,529.0,558.0,525.0,553.0
90,W2023,1,low,18,10,3,496.0,522.0,616.0,496.0,640.0,608.0,587.0,545.0,611.0,458.0,552.0
90,W2023,1,low,19,10,6,502.0,566.0,511.0,533.0,515.0,570.0,502.0,494.0,574.0,516.0,492.0
90,W2023,1,low,20,10,8,527.0,533.0,603.0,563.0,534.0,550.0,567.0,546.0,527.0,499.0,517.0
322,W2023,1,low,1,10,3,488.0,522.0,540.0,488.0,455.0,491.0,578.0,490.0,529.0,622.0,523.0
322,W2023,1,low,2,10,5,492.0,547.0,522.0,608.0,588.0,492.0,626.0,653.0,619.0,514.0,457.0
322,W2023,1,low,3,10,2,458.0,556.0,458.0,581.0,712.0,387.0,585.0,557.0,570.0,586.0,475.0
322,W2023,1,low,4,10,3,469.0,569.0,589.0,469.0,561.0,494.0,570.0,630.0,476.0,669.0,601.0
322,W2023,1,low,5,10,9,469.0,555.0,599.0,568.0,598.0,560.0,533.0,552.0,546.0,469.0,627.0
322,W2023,1,low,6,10,9,556.0,549.0,542.0,560.0,550.0,611.0,606.0,558.0,586.0,556.0,561.0
322,W2023,1,low,7,10,10,606.0,496.0,575.0,545.0,600.0,589.0,522.0,533.0,559.0,593.0,606.0
322,W2023,1,low,8,10,4,499.0,566.0,594.0,601.0,499.0,572.0,477.0,574.0,503.0,541.0,559.0
322,W2023,1,low,9,10,5,496.0,517.0,638.0,533.0,542.0,496.0,491.0,454.0,557.0,556.0,562.0
322,W2023,1,low,10,10,1,440.0,440.0,591.0,438.0,597.0,517.0,512.0,534.0,642.0,550.0,659.0
322,W2023,1,low,11,10,7,472.0,573.0,584.0,593.0,652.0,531.0,596.0,472.0,553.0,468.0,557.0
322,W2023,1,low,12,10,2,523.0,589.0,523.0,526.0,570.0,515.0,558.0,550.0,464.0,503.0,573.0
322,W2023,1,low,13,10,4,493.0,570.0,533.0,562.0,493.0,610.0,521.0,489.0,569.0,607.0,534.0
322,W2023,1,low,14,10,2,468.0,494.0,468.0,564.0,525.0,484.0,667.0,542.0,521.0,618.0,596.0
322,W2023,1,low,15,10,5,515.0,636.0,561.0,538.0,601.0,515.0,516.0,457.0,555.0,512.0,599.0
322,W2023,1,low,16,10,6,485.0,579.0,571.0,612.0,538.0,542.0,485.0,552.0,567.0,524.0,545.0
322,W2023,1,low,17,10,1,476.0,476.0,609.0,511.0,604.0,490.0,561.0,529.0,558.0,525.0,553.0
322,W2023,1,low,18,10,3,496.0,522.0,616.0,496.0,640.0,608.0,587.0,545.0,611.0,458.0,552.0
322,W2023,1,low,19,10,7,494.0,566.0,511.0,533.0,515.0,570.0,502.0,494.0,574.0,516.0,492.0
322,W2023,1,low,20,10,9,499.0,533.0,603.0,563.0,534.0,550.0,567.0,546.0,527.0,499.0,517.0
212,W2023,1,low,1,10,7,490.0,522.0,540.0,488.0,455.0,491.0,578.0,490.0,529.0,622.0,523.0
212,W2023,1,low,2,10,5,492.0,547.0,522.0,608.0,588.0,492.0,626.0,653.0,619.0,514.0,457.0
212,W2023,1,low,3,10,2,458.0,556.0,458.0,581.0,712.0,387.0,585.0,557.0,570.0,586.0,475.0
212,W2023,1,low,4,10,3,469.0,569.0,589.0,469.0,561.0,494.0,570.0,630.0,476.0,669.0,601.0
212,W2023,1,low,5,10,9,469.0,555.0,599.0,568.0,598.0,560.0,533.0,552.0,546.0,469.0,627.0
212,W2023,1,low,6,10,10,561.0,549.0,542.0,560.0,550.0,611.0,606.0,558.0,586.0,556.0,561.0
212,W2023,1,low,7,10,10,606.0,496.0,575.0,545.0,600.0,589.0,522.0,533.0,559.0,593.0,606.0
212,W2023,1,low,8,10,6,477.0,566.0,594.0,601.0,499.0,572.0,477.0,574.0,503.0,541.0,559.0
212,W2023,1,low,9,10,6,491.0,517.0,638.0,533.0,542.0,496.0,491.0,454.0,557.0,556.0,562.0
212,W2023,1,low,10,10,1,440.0,440.0,591.0,438.0,597.0,517.0,512.0,534.0,642.0,550.0,659.0
212,W2023,1,low,11,10,7,472.0,573.0,584.0,593.0,652.0,531.0,596.0,472.0,553.0,468.0,557.0
212,W2023,1,low,12,10,8,464.0,589.0,523.0,526.0,570.0,515.0,558.0,550.0,464.0,503.0,573.0
212,W2023,1,low,13,10,7,489.0,570.0,533.0,562.0,493.0,610.0,521.0,489.0,569.0,607.0,534.0
212,W2023,1,low,14,10,5,484.0,494.0,468.0,564.0,525.0,484.0,667.0,542.0,521.0,618.0,596.0
212,W2023,1,low,15,10,7,457.0,636.0,561.0,538.0,601.0,515.0,516.0,457.0,555.0,512.0,599.0
212,W2023,1,low,16,10,6,485.0,579.0,571.0,612.0,538.0,542.0,485.0,552.0,567.0,524.0,545.0
212,W2023,1,low,17,10,10,553.0,476.0,609.0,511.0,604.0,490.0,561.0,529.0,558.0,525.0,553.0
212,W2023,1,low,18,10,9,458.0,522.0,616.0,496.0,640.0,608.0,587.0,545.0,611.0,458.0,552.0
212,W2023,1,low,19,10,7,494.0,566.0,511.0,533.0,515.0,570.0,502.0,494.0,574.0,516.0,492.0
212,W2023,1,low,20,10,9,499.0,533.0,603.0,563.0,534.0,550.0,567.0,546.0,527.0,499.0,517.0
93,W2023,1,low,1,10,3,488.0,522.0,540.0,488.0,455.0,491.0,578.0,490.0,529.0,622.0,523.0
93,W2023,1,low,2,10,5,492.0,547.0,522.0,608.0,588.0,492.0,626.0,653.0,619.0,514.0,457.0
93,W2023,1,low,3,10,2,458.0,556.0,458.0,581.0,712.0,387.0,585.0,557.0,570.0,586.0,475.0
93,W2023,1,low,4,10,3,469.0,569.0,589.0,469.0,561.0,494.0,570.0,630.0,476.0,669.0,601.0
93,W2023,1,low,5,10,9,469.0,555.0,599.0,568.0,598.0,560.0,533.0,552.0,546.0,469.0,627.0
93,W2023,1,low,6,10,9,556.0,549.0,542.0,560.0,550.0,611.0,606.0,558.0,586.0,556.0,561.0
93,W2023,1,low,7,10,10,606.0,496.0,575.0,545.0,600.0,589.0,522.0,533.0,559.0,593.0,606.0
93,W2023,1,low,8,10,6,477.0,566.0,594.0,601.0,499.0,572.0,477.0,574.0,503.0,541.0,559.0
93,W2023,1,low,9,10,5,496.0,517.0,638.0,533.0,542.0,496.0,491.0,454.0,557.0,556.0,562.0
93,W2023,1,low,10,10,1,440.0,440.0,591.0,438.0,597.0,517.0,512.0,534.0,642.0,550.0,659.0
93,W2023,1,low,11,10,7,472.0,573.0,584.0,593.0,652.0,531.0,596.0,472.0,553.0,468.0,557.0
93,W2023,1,low,12,10,5,515.0,589.0,523.0,526.0,570.0,515.0,558.0,550.0,464.0,503.0,573.0
93,W2023,1,low,13,10,4,493.0,570.0,533.0,562.0,493.0,610.0,521.0,489.0,569.0,607.0,534.0
93,W2023,1,low,14,10,2,468.0,494.0,468.0,564.0,525.0,484.0,667.0,542.0,521.0,618.0,596.0
93,W2023,1,low,15,10,5,515.0,636.0,561.0,538.0,601.0,515.0,516.0,457.0,555.0,512.0,599.0
93,W2023,1,low,16,10,6,485.0,579.0,571.0,612.0,538.0,542.0,485.0,552.0,567.0,524.0,545.0
93,W2023,1,low,17,10,1,476.0,476.0,609.0,511.0,604.0,490.0,561.0,529.0,558.0,525.0,553.0
93,W2023,1,low,18,10,3,496.0,522.0,616.0,496.0,640.0,608.0,587.0,545.0,611.0,458.0,552.0
93,W2023,1,low,19,10,7,494.0,566.0,511.0,533.0,515.0,570.0,502.0,494.0,574.0,516.0,492.0
93,W2023,1,low,20,10,8,527.0,533.0,603.0,563.0,534.0,550.0,567.0,546.0,527.0,499.0,517.0
179,W2023,1,low,1,10,4,455.0,522.0,540.0,488.0,455.0,491.0,578.0,490.0,529.0,622.0,523.0
179,W2023,1,low,2,10,10,457.0,547.0,522.0,608.0,588.0,492.0,626.0,653.0,619.0,514.0,457.0
179,W2023,1,low,3,10,2,458.0,556.0,458.0,581.0,712.0,387.0,585.0,557.0,570.0,586.0,475.0
179,W2023,1,low,4,10,3,469.0,569.0,589.0,469.0,561.0,494.0,570.0,630.0,476.0,669.0,601.0
179,W2023,1,low,5,10,9,469.0,555.0,599.0,568.0,598.0,560.0,533.0,552.0,546.0,469.0,627.0
179,W2023,1,low,6,10,10,561.0,549.0,542.0,560.0,550.0,611.0,606.0,558.0,586.0,556.0,561.0
179,W2023,1,low,7,10,1,496.0,496.0,575.0,545.0,600.0,589.0,522.0,533.0,559.0,593.0,606.0
179,W2023,1,low,8,10,6,477.0,566.0,594.0,601.0,499.0,572.0,477.0,574.0,503.0,541.0,559.0
179,W2023,1,low,9,10,7,454.0,517.0,638.0,533.0,542.0,496.0,491.0,454.0,557.0,556.0,562.0
179,W2023,1,low,10,10,1,440.0,440.0,591.0,438.0,597.0,517.0,512.0,534.0,642.0,550.0,659.0
179,W2023,1,low,11,10,7,472.0,573.0,584.0,593.0,652.0,531.0,596.0,472.0,553.0,468.0,557.0
179,W2023,1,low,12,10,8,464.0,589.0,523.0,526.0,570.0,515.0,558.0,550.0,464.0,503.0,573.0
179,W2023,1,low,13,10,7,489.0,570.0,533.0,562.0,493.0,610.0,521.0,489.0,569.0,607.0,534.0
179,W2023,1,low,14,10,1,494.0,494.0,468.0,564.0,525.0,484.0,667.0,542.0,521.0,618.0,596.0
179,W2023,1,low,15,10,5,515.0,636.0,561.0,538.0,601.0,515.0,516.0,457.0,555.0,512.0,599.0
179,W2023,1,low,16,10,6,485.0,579.0,571.0,612.0,538.0,542.0,485.0,552.0,567.0,524.0,545.0
179,W2023,1,low,17,10,1,476.0,476.0,609.0,511.0,604.0,490.0,561.0,529.0,558.0,525.0,553.0
179,W2023,1,low,18,10,9,458.0,522.0,616.0,496.0,640.0,608.0,587.0,545.0,611.0,458.0,552.0
179,W2023,1,low,19,10,2,511.0,566.0,511.0,533.0,515.0,570.0,502.0,494.0,574.0,516.0,492.0
179,W2023,1,low,20,10,9,499.0,533.0,603.0,563.0,534.0,550.0,567.0,546.0,527.0,499.0,517.0
201,W2023,1,low,1,10,10,523.0,522.0,540.0,488.0,455.0,491.0,578.0,490.0,529.0,622.0,523.0
201,W2023,1,low,2,10,5,492.0,547.0,522.0,608.0,588.0,492.0,626.0,653.0,619.0,514.0,457.0
201,W2023,1,low,3,10,5,387.0,556.0,458.0,581.0,712.0,387.0,585.0,557.0,570.0,586.0,475.0
201,W2023,1,low,4,10,3,469.0,569.0,589.0,469.0,561.0,494.0,570.0,630.0,476.0,669.0,601.0
201,W2023,1,low,5,10,6,533.0,555.0,599.0,568.0,598.0,560.0,533.0,552.0,546.0,469.0,627.0
201,W2023,1,low,6,10,7,558.0,549.0,542.0,560.0,550.0,611.0,606.0,558.0,586.0,556.0,561.0
201,W2023,1,low,7,10,10,606.0,496.0,575.0,545.0,600.0,589.0,522.0,533.0,559.0,593.0,606.0
201,W2023,1,low,8,10,4,499.0,566.0,594.0,601.0,499.0,572.0,477.0,574.0,503.0,541.0,559.0
201,W2023,1,low,9,10,5,496.0,517.0,638.0,533.0,542.0,496.0,491.0,454.0,557.0,556.0,562.0
201,W2023,1,low,10,10,1,440.0,440.0,591.0,438.0,597.0,517.0,512.0,534.0,642.0,550.0,659.0
201,W2023,1,low,11,10,5,531.0,573.0,584.0,593.0,652.0,531.0,596.0,472.0,553.0,468.0,557.0
201,W2023,1,low,12,10,5,515.0,589.0,523.0,526.0,570.0,515.0,558.0,550.0,464.0,503.0,573.0
201,W2023,1,low,13,10,7,489.0,570.0,533.0,562.0,493.0,610.0,521.0,489.0,569.0,607.0,534.0
201,W2023,1,low,14,10,10,596.0,494.0,468.0,564.0,525.0,484.0,667.0,542.0,521.0,618.0,596.0
201,W2023,1,low,15,10,5,515.0,636.0,561.0,538.0,601.0,515.0,516.0,457.0,555.0,512.0,599.0
201,W2023,1,low,16,10,9,524.0,579.0,571.0,612.0,538.0,542.0,485.0,552.0,567.0,524.0,545.0
201,W2023,1,low,17,10,5,490.0,476.0,609.0,511.0,604.0,490.0,561.0,529.0,558.0,525.0,553.0
201,W2023,1,low,18,10,3,496.0,522.0,616.0,496.0,640.0,608.0,587.0,545.0,611.0,458.0,552.0
201,W2023,1,low,19,10,6,502.0,566.0,511.0,533.0,515.0,570.0,502.0,494.0,574.0,516.0,492.0
201,W2023,1,low,20,10,8,527.0,533.0,603.0,563.0,534.0,550.0,567.0,546.0,527.0,499.0,517.0
