condition,stimulusSet,trial,participant,product,estimate,truth
individual,1.0,1,1,Wild strawberry preserve,20.0,7.0
individual,1.0,2,1,Crest deep clean dental floss,5.0,8.0
individual,1.0,3,1,Coated key lock,8.0,9.0
individual,1.0,4,1,Cock-a-doodle timer,10.0,10.0
individual,1.0,5,1,Texas Instruments scientific calculator,15.0,11.0
individual,1.0,6,1,Flexible digital thermometer,9.0,11.0
individual,1.0,7,1,Dayquil and Nyquil cough syrup,15.0,12.0
individual,1.0,8,1,Produce saver tupperware set,15.0,13.0
individual,1.0,9,1,Travel neck pillow,20.0,13.0
individual,1.0,10,1,Fresh water lily soap,7.0,14.0
individual,1.0,11,1,Bobbi Brown eyelash curler,9.0,15.0
individual,1.0,12,1,Brown floating wall frame,25.0,15.0
individual,1.0,13,1,Calvin Klein legwarmers,15.0,18.0
individual,1.0,14,1,Potted artificial phalaenopsis,12.0,18.0
individual,1.0,15,1,Metallic electric can opener,35.0,19.0
individual,1.0,16,1,Apple dock USB connector,10.0,19.0
individual,1.0,17,1,Peacock feather pen,12.0,20.0
individual,1.0,18,1,Getz/Gilberto bossa nova compilation CD,25.0,22.0
individual,1.0,19,1,2-slice toaster,18.0,23.0
individual,1.0,20,1,Dylan's candy bar gift box,19.0,24.0
individual,1.0,21,1,Juggling set,10.0,24.0
individual,1.0,22,1,Sony S2 stereo headphones,15.0,25.0
individual,1.0,23,1,G Saké,10.0,25.0
individual,1.0,24,1,Smith & Hawken rubber doormat,26.0,25.0
individual,1.0,25,1,Cow bell,30.0,25.0
individual,1.0,26,1,The North Face men's flip flops,27.0,28.0
individual,1.0,27,1,Frederic Fekkai 7oz hair glossing cream,27.0,28.0
individual,1.0,28,1,Tibetan finger cymbal,9.0,28.0
individual,1.0,29,1,Clinique powder brush,40.0,30.0
individual,1.0,30,1,Professional burst-resistant exercise ball,20.0,30.0
individual,1.0,31,1,Sony computer speakers,45.0,31.0
individual,1.0,32,1,Chicago Cubs vintage t-shirt,20.0,32.0
individual,1.0,33,1,Impulse helmet,12.0,34.0
individual,1.0,34,1,Halo 3 for Xbox 360,42.0,35.0
individual,1.0,35,1,Mrs. Fields cookie basket,19.0,35.0
individual,1.0,36,1,Crystal votive candle holder,40.0,35.0
individual,1.0,37,1,Scrabble board game,25.0,35.0
individual,1.0,38,1,Godiva signature chocolate truffle assortment,49.0,36.0
individual,1.0,39,1,Colorblock dress,19.0,38.0
individual,1.0,40,1,Cheese tray knife set,35.0,38.0
individual,1.0,41,1,Oster flip waffle maker,12.0,40.0
individual,1.0,42,1,Sony 8gb USB drive,15.0,40.0
individual,1.0,43,1,Panasonic cordless phone system,35.0,40.0
individual,1.0,44,1,Wireless mobile mouse,26.0,40.0
individual,1.0,45,1,Animal print glass vase,24.0,40.0
individual,1.0,46,1,Eddie Bauer sleeping bag,32.0,40.0
individual,1.0,47,1,Floral stone ring,5.0,42.0
individual,1.0,48,1,Floral bath towels,25.0,42.0
individual,1.0,49,1,Tarnished sheer scarf,45.0,44.0
individual,1.0,50,1,Candlestick lamp,45.0,45.0
individual,1.0,1,2,Wild strawberry preserve,3.0,7.0
individual,1.0,2,2,Crest deep clean dental floss,15.0,8.0
individual,1.0,3,2,Coated key lock,15.0,9.0
individual,1.0,4,2,Cock-a-doodle timer,10.0,10.0
individual,1.0,5,2,Texas Instruments scientific calculator,15.0,11.0
individual,1.0,6,2,Flexible digital thermometer,5.0,11.0
individual,1.0,7,2,Dayquil and Nyquil cough syrup,15.0,12.0
individual,1.0,8,2,Produce saver tupperware set,15.0,13.0
individual,1.0,9,2,Travel neck pillow,10.0,13.0
individual,1.0,10,2,Fresh water lily soap,15.0,14.0
individual,1.0,11,2,Bobbi Brown eyelash curler,8.0,15.0
individual,1.0,12,2,Brown floating wall frame,20.0,15.0
individual,1.0,13,2,Calvin Klein legwarmers,10.0,18.0
individual,1.0,14,2,Potted artificial phalaenopsis,25.0,18.0
individual,1.0,15,2,Metallic electric can opener,10.0,19.0
individual,1.0,16,2,Apple dock USB connector,25.0,19.0
individual,1.0,17,2,Peacock feather pen,10.0,20.0
individual,1.0,18,2,Getz/Gilberto bossa nova compilation CD,25.0,22.0
individual,1.0,19,2,2-slice toaster,30.0,23.0
individual,1.0,20,2,Dylan's candy bar gift box,12.0,24.0
individual,1.0,21,2,Juggling set,15.0,24.0
individual,1.0,22,2,Sony S2 stereo headphones,25.0,25.0
individual,1.0,23,2,G Saké,30.0,25.0
individual,1.0,24,2,Smith & Hawken rubber doormat,30.0,25.0
individual,1.0,25,2,Cow bell,25.0,25.0
individual,1.0,26,2,The North Face men's flip flops,32.0,28.0
individual,1.0,27,2,Frederic Fekkai 7oz hair glossing cream,15.0,28.0
individual,1.0,28,2,Tibetan finger cymbal,5.0,28.0
individual,1.0,29,2,Clinique powder brush,45.0,30.0
individual,1.0,30,2,Professional burst-resistant exercise ball,20.0,30.0
individual,1.0,31,2,Sony computer speakers,40.0,31.0
individual,1.0,32,2,Chicago Cubs vintage t-shirt,20.0,32.0
individual,1.0,33,2,Impulse helmet,10.0,34.0
individual,1.0,34,2,Halo 3 for Xbox 360,40.0,35.0
individual,1.0,35,2,Mrs. Fields cookie basket,20.0,35.0
individual,1.0,36,2,Crystal votive candle holder,20.0,35.0
individual,1.0,37,2,Scrabble board game,25.0,35.0
individual,1.0,38,2,Godiva signature chocolate truffle assortment,40.0,36.0
individual,1.0,39,2,Colorblock dress,40.0,38.0
individual,1.0,40,2,Cheese tray knife set,30.0,38.0
individual,1.0,41,2,Oster flip waffle maker,15.0,40.0
individual,1.0,42,2,Sony 8gb USB drive,45.0,40.0
individual,1.0,43,2,Panasonic cordless phone system,25.0,40.0
individual,1.0,44,2,Wireless mobile mouse,25.0,40.0
individual,1.0,45,2,Animal print glass vase,19.0,40.0
individual,1.0,46,2,Eddie Bauer sleeping bag,35.0,40.0
individual,1.0,47,2,Floral stone ring,20.0,42.0
individual,1.0,48,2,Floral bath towels,20.0,42.0
individual,1.0,49,2,Tarnished sheer scarf,30.0,44.0
individual,1.0,50,2,Candlestick lamp,40.0,45.0
individual,1.0,1,3,Wild strawberry preserve,14.0,7.0
individual,1.0,2,3,Crest deep clean dental floss,11.0,8.0
individual,1.0,3,3,Coated key lock,8.0,9.0
individual,1.0,4,3,Cock-a-doodle timer,4.0,10.0
individual,1.0,5,3,Texas Instruments scientific calculator,4.0,11.0
individual,1.0,6,3,Flexible digital thermometer,9.0,11.0
individual,1.0,7,3,Dayquil and Nyquil cough syrup,18.0,12.0
individual,1.0,8,3,Produce saver tupperware set,12.0,13.0
individual,1.0,9,3,Travel neck pillow,9.0,13.0
individual,1.0,10,3,Fresh water lily soap,12.0,14.0
individual,1.0,11,3,Bobbi Brown eyelash curler,8.0,15.0
individual,1.0,12,3,Brown floating wall frame,8.0,15.0
individual,1.0,13,3,Calvin Klein legwarmers,7.0,18.0
individual,1.0,14,3,Potted artificial phalaenopsis,18.0,18.0
individual,1.0,15,3,Metallic electric can opener,32.0,19.0
individual,1.0,16,3,Apple dock USB connector,18.0,19.0
individual,1.0,17,3,Peacock feather pen,8.0,20.0
individual,1.0,18,3,Getz/Gilberto bossa nova compilation CD,18.0,22.0
individual,1.0,19,3,2-slice toaster,35.0,23.0
individual,1.0,20,3,Dylan's candy bar gift box,20.0,24.0
individual,1.0,21,3,Juggling set,10.0,24.0
individual,1.0,22,3,Sony S2 stereo headphones,18.0,25.0
individual,1.0,23,3,G Saké,16.0,25.0
individual,1.0,24,3,Smith & Hawken rubber doormat,35.0,25.0
individual,1.0,25,3,Cow bell,27.0,25.0
individual,1.0,26,3,The North Face men's flip flops,25.0,28.0
individual,1.0,27,3,Frederic Fekkai 7oz hair glossing cream,20.0,28.0
individual,1.0,28,3,Tibetan finger cymbal,12.0,28.0
individual,1.0,29,3,Clinique powder brush,40.0,30.0
individual,1.0,30,3,Professional burst-resistant exercise ball,12.0,30.0
individual,1.0,31,3,Sony computer speakers,32.0,31.0
individual,1.0,32,3,Chicago Cubs vintage t-shirt,21.0,32.0
individual,1.0,33,3,Impulse helmet,20.0,34.0
individual,1.0,34,3,Halo 3 for Xbox 360,34.0,35.0
individual,1.0,35,3,Mrs. Fields cookie basket,13.0,35.0
individual,1.0,36,3,Crystal votive candle holder,21.0,35.0
individual,1.0,37,3,Scrabble board game,13.0,35.0
individual,1.0,38,3,Godiva signature chocolate truffle assortment,38.0,36.0
individual,1.0,39,3,Colorblock dress,18.0,38.0
individual,1.0,40,3,Cheese tray knife set,41.0,38.0
individual,1.0,41,3,Oster flip waffle maker,22.0,40.0
individual,1.0,42,3,Sony 8gb USB drive,11.0,40.0
individual,1.0,43,3,Panasonic cordless phone system,30.0,40.0
individual,1.0,44,3,Wireless mobile mouse,12.0,40.0
individual,1.0,45,3,Animal print glass vase,15.0,40.0
individual,1.0,46,3,Eddie Bauer sleeping bag,38.0,40.0
individual,1.0,47,3,Floral stone ring,13.0,42.0
individual,1.0,48,3,Floral bath towels,34.0,42.0
individual,1.0,49,3,Tarnished sheer scarf,43.0,44.0
individual,1.0,50,3,Candlestick lamp,20.0,45.0
individual,1.0,1,4,Wild strawberry preserve,10.0,7.0
individual,1.0,2,4,Crest deep clean dental floss,18.0,8.0
individual,1.0,3,4,Coated key lock,18.0,9.0
individual,1.0,4,4,Cock-a-doodle timer,16.0,10.0
individual,1.0,5,4,Texas Instruments scientific calculator,12.0,11.0
individual,1.0,6,4,Flexible digital thermometer,13.0,11.0
individual,1.0,7,4,Dayquil and Nyquil cough syrup,16.0,12.0
individual,1.0,8,4,Produce saver tupperware set,16.0,13.0
individual,1.0,9,4,Travel neck pillow,8.0,13.0
individual,1.0,10,4,Fresh water lily soap,15.0,14.0
individual,1.0,11,4,Bobbi Brown eyelash curler,24.0,15.0
individual,1.0,12,4,Brown floating wall frame,25.0,15.0
individual,1.0,13,4,Calvin Klein legwarmers,7.0,18.0
individual,1.0,14,4,Potted artificial phalaenopsis,17.0,18.0
individual,1.0,15,4,Metallic electric can opener,12.0,19.0
individual,1.0,16,4,Apple dock USB connector,13.0,19.0
individual,1.0,17,4,Peacock feather pen,14.0,20.0
individual,1.0,18,4,Getz/Gilberto bossa nova compilation CD,35.0,22.0
individual,1.0,19,4,2-slice toaster,35.0,23.0
individual,1.0,20,4,Dylan's candy bar gift box,28.0,24.0
individual,1.0,21,4,Juggling set,16.0,24.0
individual,1.0,22,4,Sony S2 stereo headphones,24.0,25.0
individual,1.0,23,4,G Saké,27.0,25.0
individual,1.0,24,4,Smith & Hawken rubber doormat,25.0,25.0
individual,1.0,25,4,Cow bell,34.0,25.0
individual,1.0,26,4,The North Face men's flip flops,25.0,28.0
individual,1.0,27,4,Frederic Fekkai 7oz hair glossing cream,28.0,28.0
individual,1.0,28,4,Tibetan finger cymbal,16.0,28.0
individual,1.0,29,4,Clinique powder brush,30.0,30.0
individual,1.0,30,4,Professional burst-resistant exercise ball,20.0,30.0
individual,1.0,31,4,Sony computer speakers,10.0,31.0
individual,1.0,32,4,Chicago Cubs vintage t-shirt,38.0,32.0
individual,1.0,33,4,Impulse helmet,12.0,34.0
individual,1.0,34,4,Halo 3 for Xbox 360,48.0,35.0
individual,1.0,35,4,Mrs. Fields cookie basket,40.0,35.0
individual,1.0,36,4,Crystal votive candle holder,16.0,35.0
individual,1.0,37,4,Scrabble board game,10.0,35.0
individual,1.0,38,4,Godiva signature chocolate truffle assortment,40.0,36.0
individual,1.0,39,4,Colorblock dress,48.0,38.0
individual,1.0,40,4,Cheese tray knife set,38.0,38.0
individual,1.0,41,4,Oster flip waffle maker,35.0,40.0
individual,1.0,42,4,Sony 8gb USB drive,45.0,40.0
individual,1.0,43,4,Panasonic cordless phone system,32.0,40.0
individual,1.0,44,4,Wireless mobile mouse,35.0,40.0
individual,1.0,45,4,Animal print glass vase,22.0,40.0
individual,1.0,46,4,Eddie Bauer sleeping bag,50.0,40.0
individual,1.0,47,4,Floral stone ring,6.0,42.0
individual,1.0,48,4,Floral bath towels,45.0,42.0
individual,1.0,49,4,Tarnished sheer scarf,24.0,44.0
individual,1.0,50,4,Candlestick lamp,35.0,45.0
individual,1.0,1,5,Wild strawberry preserve,5.0,7.0
individual,1.0,2,5,Crest deep clean dental floss,8.0,8.0
individual,1.0,3,5,Coated key lock,12.0,9.0
individual,1.0,4,5,Cock-a-doodle timer,3.0,10.0
individual,1.0,5,5,Texas Instruments scientific calculator,20.0,11.0
individual,1.0,6,5,Flexible digital thermometer,15.0,11.0
individual,1.0,7,5,Dayquil and Nyquil cough syrup,8.0,12.0
individual,1.0,8,5,Produce saver tupperware set,22.0,13.0
individual,1.0,9,5,Travel neck pillow,12.0,13.0
individual,1.0,10,5,Fresh water lily soap,12.0,14.0
individual,1.0,11,5,Bobbi Brown eyelash curler,7.0,15.0
individual,1.0,12,5,Brown floating wall frame,25.0,15.0
individual,1.0,13,5,Calvin Klein legwarmers,7.0,18.0
individual,1.0,14,5,Potted artificial phalaenopsis,17.0,18.0
individual,1.0,15,5,Metallic electric can opener,12.0,19.0
individual,1.0,16,5,Apple dock USB connector,17.0,19.0
individual,1.0,17,5,Peacock feather pen,10.0,20.0
individual,1.0,18,5,Getz/Gilberto bossa nova compilation CD,18.0,22.0
individual,1.0,19,5,2-slice toaster,18.0,23.0
individual,1.0,20,5,Dylan's candy bar gift box,20.0,24.0
individual,1.0,21,5,Juggling set,15.0,24.0
individual,1.0,22,5,Sony S2 stereo headphones,20.0,25.0
individual,1.0,23,5,G Saké,17.0,25.0
individual,1.0,24,5,Smith & Hawken rubber doormat,20.0,25.0
individual,1.0,25,5,Cow bell,27.0,25.0
individual,1.0,26,5,The North Face men's flip flops,14.0,28.0
individual,1.0,27,5,Frederic Fekkai 7oz hair glossing cream,7.0,28.0
individual,1.0,28,5,Tibetan finger cymbal,7.0,28.0
individual,1.0,29,5,Clinique powder brush,22.0,30.0
individual,1.0,30,5,Professional burst-resistant exercise ball,12.0,30.0
individual,1.0,31,5,Sony computer speakers,35.0,31.0
individual,1.0,32,5,Chicago Cubs vintage t-shirt,15.0,32.0
individual,1.0,33,5,Impulse helmet,15.0,34.0
individual,1.0,34,5,Halo 3 for Xbox 360,47.0,35.0
individual,1.0,35,5,Mrs. Fields cookie basket,12.0,35.0
individual,1.0,36,5,Crystal votive candle holder,12.0,35.0
individual,1.0,37,5,Scrabble board game,35.0,35.0
individual,1.0,38,5,Godiva signature chocolate truffle assortment,32.0,36.0
individual,1.0,39,5,Colorblock dress,25.0,38.0
individual,1.0,40,5,Cheese tray knife set,22.0,38.0
individual,1.0,41,5,Oster flip waffle maker,12.0,40.0
individual,1.0,42,5,Sony 8gb USB drive,10.0,40.0
individual,1.0,43,5,Panasonic cordless phone system,50.0,40.0
individual,1.0,44,5,Wireless mobile mouse,30.0,40.0
individual,1.0,45,5,Animal print glass vase,35.0,40.0
individual,1.0,46,5,Eddie Bauer sleeping bag,40.0,40.0
individual,1.0,47,5,Floral stone ring,40.0,42.0
individual,1.0,48,5,Floral bath towels,22.0,42.0
individual,1.0,49,5,Tarnished sheer scarf,45.0,44.0
individual,1.0,50,5,Candlestick lamp,40.0,45.0
individual,1.0,1,6,Wild strawberry preserve,8.0,7.0
individual,1.0,2,6,Crest deep clean dental floss,8.0,8.0
individual,1.0,3,6,Coated key lock,8.0,9.0
individual,1.0,4,6,Cock-a-doodle timer,8.0,10.0
individual,1.0,5,6,Texas Instruments scientific calculator,12.0,11.0
individual,1.0,6,6,Flexible digital thermometer,11.0,11.0
individual,1.0,7,6,Dayquil and Nyquil cough syrup,23.0,12.0
individual,1.0,8,6,Produce saver tupperware set,8.0,13.0
individual,1.0,9,6,Travel neck pillow,18.0,13.0
individual,1.0,10,6,Fresh water lily soap,9.0,14.0
individual,1.0,11,6,Bobbi Brown eyelash curler,14.0,15.0
individual,1.0,12,6,Brown floating wall frame,15.0,15.0
individual,1.0,13,6,Calvin Klein legwarmers,15.0,18.0
individual,1.0,14,6,Potted artificial phalaenopsis,16.0,18.0
individual,1.0,15,6,Metallic electric can opener,18.0,19.0
individual,1.0,16,6,Apple dock USB connector,20.0,19.0
individual,1.0,17,6,Peacock feather pen,16.0,20.0
individual,1.0,18,6,Getz/Gilberto bossa nova compilation CD,24.0,22.0
individual,1.0,19,6,2-slice toaster,25.0,23.0
individual,1.0,20,6,Dylan's candy bar gift box,18.0,24.0
individual,1.0,21,6,Juggling set,18.0,24.0
individual,1.0,22,6,Sony S2 stereo headphones,25.0,25.0
individual,1.0,23,6,G Saké,14.0,25.0
individual,1.0,24,6,Smith & Hawken rubber doormat,35.0,25.0
individual,1.0,25,6,Cow bell,35.0,25.0
individual,1.0,26,6,The North Face men's flip flops,28.0,28.0
individual,1.0,27,6,Frederic Fekkai 7oz hair glossing cream,28.0,28.0
individual,1.0,28,6,Tibetan finger cymbal,8.0,28.0
individual,1.0,29,6,Clinique powder brush,35.0,30.0
individual,1.0,30,6,Professional burst-resistant exercise ball,28.0,30.0
individual,1.0,31,6,Sony computer speakers,35.0,31.0
individual,1.0,32,6,Chicago Cubs vintage t-shirt,35.0,32.0
individual,1.0,33,6,Impulse helmet,15.0,34.0
individual,1.0,34,6,Halo 3 for Xbox 360,35.0,35.0
individual,1.0,35,6,Mrs. Fields cookie basket,24.0,35.0
individual,1.0,36,6,Crystal votive candle holder,35.0,35.0
individual,1.0,37,6,Scrabble board game,25.0,35.0
individual,1.0,38,6,Godiva signature chocolate truffle assortment,35.0,36.0
individual,1.0,39,6,Colorblock dress,25.0,38.0
individual,1.0,40,6,Cheese tray knife set,35.0,38.0
individual,1.0,41,6,Oster flip waffle maker,22.0,40.0
individual,1.0,42,6,Sony 8gb USB drive,40.0,40.0
individual,1.0,43,6,Panasonic cordless phone system,25.0,40.0
individual,1.0,44,6,Wireless mobile mouse,45.0,40.0
individual,1.0,45,6,Animal print glass vase,25.0,40.0
individual,1.0,46,6,Eddie Bauer sleeping bag,35.0,40.0
individual,1.0,47,6,Floral stone ring,30.0,42.0
individual,1.0,48,6,Floral bath towels,40.0,42.0
individual,1.0,49,6,Tarnished sheer scarf,25.0,44.0
individual,1.0,50,6,Candlestick lamp,48.0,45.0
individual,1.0,1,7,Wild strawberry preserve,15.0,7.0
individual,1.0,2,7,Crest deep clean dental floss,7.0,8.0
individual,1.0,3,7,Coated key lock,15.0,9.0
individual,1.0,4,7,Cock-a-doodle timer,8.0,10.0
individual,1.0,5,7,Texas Instruments scientific calculator,20.0,11.0
individual,1.0,6,7,Flexible digital thermometer,10.0,11.0
individual,1.0,7,7,Dayquil and Nyquil cough syrup,12.0,12.0
individual,1.0,8,7,Produce saver tupperware set,25.0,13.0
individual,1.0,9,7,Travel neck pillow,10.0,13.0
individual,1.0,10,7,Fresh water lily soap,15.0,14.0
individual,1.0,11,7,Bobbi Brown eyelash curler,9.0,15.0
individual,1.0,12,7,Brown floating wall frame,15.0,15.0
individual,1.0,13,7,Calvin Klein legwarmers,15.0,18.0
individual,1.0,14,7,Potted artificial phalaenopsis,20.0,18.0
individual,1.0,15,7,Metallic electric can opener,10.0,19.0
individual,1.0,16,7,Apple dock USB connector,10.0,19.0
individual,1.0,17,7,Peacock feather pen,13.0,20.0
individual,1.0,18,7,Getz/Gilberto bossa nova compilation CD,20.0,22.0
individual,1.0,19,7,2-slice toaster,30.0,23.0
individual,1.0,20,7,Dylan's candy bar gift box,30.0,24.0
individual,1.0,21,7,Juggling set,15.0,24.0
individual,1.0,22,7,Sony S2 stereo headphones,10.0,25.0
individual,1.0,23,7,G Saké,35.0,25.0
individual,1.0,24,7,Smith & Hawken rubber doormat,25.0,25.0
individual,1.0,25,7,Cow bell,29.0,25.0
individual,1.0,26,7,The North Face men's flip flops,20.0,28.0
individual,1.0,27,7,Frederic Fekkai 7oz hair glossing cream,20.0,28.0
individual,1.0,28,7,Tibetan finger cymbal,12.0,28.0
individual,1.0,29,7,Clinique powder brush,30.0,30.0
individual,1.0,30,7,Professional burst-resistant exercise ball,18.0,30.0
individual,1.0,31,7,Sony computer speakers,45.0,31.0
individual,1.0,32,7,Chicago Cubs vintage t-shirt,15.0,32.0
individual,1.0,33,7,Impulse helmet,15.0,34.0
individual,1.0,34,7,Halo 3 for Xbox 360,50.0,35.0
individual,1.0,35,7,Mrs. Fields cookie basket,15.0,35.0
individual,1.0,36,7,Crystal votive candle holder,30.0,35.0
individual,1.0,37,7,Scrabble board game,13.0,35.0
individual,1.0,38,7,Godiva signature chocolate truffle assortment,35.0,36.0
individual,1.0,39,7,Colorblock dress,12.0,38.0
individual,1.0,40,7,Cheese tray knife set,45.0,38.0
individual,1.0,41,7,Oster flip waffle maker,20.0,40.0
individual,1.0,42,7,Sony 8gb USB drive,7.0,40.0
individual,1.0,43,7,Panasonic cordless phone system,35.0,40.0
individual,1.0,44,7,Wireless mobile mouse,35.0,40.0
individual,1.0,45,7,Animal print glass vase,25.0,40.0
individual,1.0,46,7,Eddie Bauer sleeping bag,50.0,40.0
individual,1.0,47,7,Floral stone ring,25.0,42.0
individual,1.0,48,7,Floral bath towels,39.0,42.0
individual,1.0,49,7,Tarnished sheer scarf,30.0,44.0
individual,1.0,50,7,Candlestick lamp,25.0,45.0
individual,1.0,1,8,Wild strawberry preserve,13.0,7.0
individual,1.0,2,8,Crest deep clean dental floss,13.0,8.0
individual,1.0,3,8,Coated key lock,14.0,9.0
individual,1.0,4,8,Cock-a-doodle timer,9.0,10.0
individual,1.0,5,8,Texas Instruments scientific calculator,21.0,11.0
individual,1.0,6,8,Flexible digital thermometer,15.0,11.0
individual,1.0,7,8,Dayquil and Nyquil cough syrup,11.0,12.0
individual,1.0,8,8,Produce saver tupperware set,26.0,13.0
individual,1.0,9,8,Travel neck pillow,36.0,13.0
individual,1.0,10,8,Fresh water lily soap,16.0,14.0
individual,1.0,11,8,Bobbi Brown eyelash curler,13.0,15.0
individual,1.0,12,8,Brown floating wall frame,14.0,15.0
individual,1.0,13,8,Calvin Klein legwarmers,11.0,18.0
individual,1.0,14,8,Potted artificial phalaenopsis,23.0,18.0
individual,1.0,15,8,Metallic electric can opener,16.0,19.0
individual,1.0,16,8,Apple dock USB connector,10.0,19.0
individual,1.0,17,8,Peacock feather pen,20.0,20.0
individual,1.0,18,8,Getz/Gilberto bossa nova compilation CD,17.0,22.0
individual,1.0,19,8,2-slice toaster,27.0,23.0
individual,1.0,20,8,Dylan's candy bar gift box,22.0,24.0
individual,1.0,21,8,Juggling set,20.0,24.0
individual,1.0,22,8,Sony S2 stereo headphones,30.0,25.0
individual,1.0,23,8,G Saké,16.0,25.0
individual,1.0,24,8,Smith & Hawken rubber doormat,21.0,25.0
individual,1.0,25,8,Cow bell,37.0,25.0
individual,1.0,26,8,The North Face men's flip flops,17.0,28.0
individual,1.0,27,8,Frederic Fekkai 7oz hair glossing cream,12.0,28.0
individual,1.0,28,8,Tibetan finger cymbal,25.0,28.0
individual,1.0,29,8,Clinique powder brush,35.0,30.0
individual,1.0,30,8,Professional burst-resistant exercise ball,19.0,30.0
individual,1.0,31,8,Sony computer speakers,45.0,31.0
individual,1.0,32,8,Chicago Cubs vintage t-shirt,22.0,32.0
individual,1.0,33,8,Impulse helmet,10.0,34.0
individual,1.0,34,8,Halo 3 for Xbox 360,48.0,35.0
individual,1.0,35,8,Mrs. Fields cookie basket,26.0,35.0
individual,1.0,36,8,Crystal votive candle holder,17.0,35.0
individual,1.0,37,8,Scrabble board game,28.0,35.0
individual,1.0,38,8,Godiva signature chocolate truffle assortment,45.0,36.0
individual,1.0,39,8,Colorblock dress,42.0,38.0
individual,1.0,40,8,Cheese tray knife set,32.0,38.0
individual,1.0,41,8,Oster flip waffle maker,31.0,40.0
individual,1.0,42,8,Sony 8gb USB drive,17.0,40.0
individual,1.0,43,8,Panasonic cordless phone system,40.0,40.0
individual,1.0,44,8,Wireless mobile mouse,45.0,40.0
individual,1.0,45,8,Animal print glass vase,30.0,40.0
individual,1.0,46,8,Eddie Bauer sleeping bag,36.0,40.0
individual,1.0,47,8,Floral stone ring,18.0,42.0
individual,1.0,48,8,Floral bath towels,50.0,42.0
individual,1.0,49,8,Tarnished sheer scarf,30.0,44.0
individual,1.0,50,8,Candlestick lamp,46.0,45.0
individual,1.0,1,9,Wild strawberry preserve,15.0,7.0
individual,1.0,2,9,Crest deep clean dental floss,15.0,8.0
individual,1.0,3,9,Coated key lock,20.0,9.0
individual,1.0,4,9,Cock-a-doodle timer,12.0,10.0
individual,1.0,5,9,Texas Instruments scientific calculator,30.0,11.0
individual,1.0,6,9,Flexible digital thermometer,3.0,11.0
individual,1.0,7,9,Dayquil and Nyquil cough syrup,12.0,12.0
individual,1.0,8,9,Produce saver tupperware set,18.0,13.0
individual,1.0,9,9,Travel neck pillow,35.0,13.0
individual,1.0,10,9,Fresh water lily soap,13.0,14.0
individual,1.0,11,9,Bobbi Brown eyelash curler,15.0,15.0
individual,1.0,12,9,Brown floating wall frame,18.0,15.0
individual,1.0,13,9,Calvin Klein legwarmers,8.0,18.0
individual,1.0,14,9,Potted artificial phalaenopsis,25.0,18.0
individual,1.0,15,9,Metallic electric can opener,40.0,19.0
individual,1.0,16,9,Apple dock USB connector,15.0,19.0
individual,1.0,17,9,Peacock feather pen,8.0,20.0
individual,1.0,18,9,Getz/Gilberto bossa nova compilation CD,31.0,22.0
individual,1.0,19,9,2-slice toaster,38.0,23.0
individual,1.0,20,9,Dylan's candy bar gift box,24.0,24.0
individual,1.0,21,9,Juggling set,20.0,24.0
individual,1.0,22,9,Sony S2 stereo headphones,18.0,25.0
individual,1.0,23,9,G Saké,20.0,25.0
individual,1.0,24,9,Smith & Hawken rubber doormat,25.0,25.0
individual,1.0,25,9,Cow bell,25.0,25.0
individual,1.0,26,9,The North Face men's flip flops,15.0,28.0
individual,1.0,27,9,Frederic Fekkai 7oz hair glossing cream,25.0,28.0
individual,1.0,28,9,Tibetan finger cymbal,15.0,28.0
individual,1.0,29,9,Clinique powder brush,35.0,30.0
individual,1.0,30,9,Professional burst-resistant exercise ball,10.0,30.0
individual,1.0,31,9,Sony computer speakers,24.0,31.0
individual,1.0,32,9,Chicago Cubs vintage t-shirt,10.0,32.0
individual,1.0,33,9,Impulse helmet,20.0,34.0
individual,1.0,34,9,Halo 3 for Xbox 360,40.0,35.0
individual,1.0,35,9,Mrs. Fields cookie basket,26.0,35.0
individual,1.0,36,9,Crystal votive candle holder,30.0,35.0
individual,1.0,37,9,Scrabble board game,20.0,35.0
individual,1.0,38,9,Godiva signature chocolate truffle assortment,35.0,36.0
individual,1.0,39,9,Colorblock dress,20.0,38.0
individual,1.0,40,9,Cheese tray knife set,25.0,38.0
individual,1.0,41,9,Oster flip waffle maker,28.0,40.0
individual,1.0,42,9,Sony 8gb USB drive,28.0,40.0
individual,1.0,43,9,Panasonic cordless phone system,30.0,40.0
individual,1.0,44,9,Wireless mobile mouse,50.0,40.0
individual,1.0,45,9,Animal print glass vase,29.0,40.0
individual,1.0,46,9,Eddie Bauer sleeping bag,30.0,40.0
individual,1.0,47,9,Floral stone ring,20.0,42.0
individual,1.0,48,9,Floral bath towels,30.0,42.0
individual,1.0,49,9,Tarnished sheer scarf,34.0,44.0
individual,1.0,50,9,Candlestick lamp,45.0,45.0
individual,1.0,1,10,Wild strawberry preserve,10.0,7.0
individual,1.0,2,10,Crest deep clean dental floss,32.0,8.0
individual,1.0,3,10,Coated key lock,10.0,9.0
individual,1.0,4,10,Cock-a-doodle timer,5.0,10.0
individual,1.0,5,10,Texas Instruments scientific calculator,15.0,11.0
individual,1.0,6,10,Flexible digital thermometer,10.0,11.0
individual,1.0,7,10,Dayquil and Nyquil cough syrup,12.0,12.0
individual,1.0,8,10,Produce saver tupperware set,12.0,13.0
individual,1.0,9,10,Travel neck pillow,32.0,13.0
individual,1.0,10,10,Fresh water lily soap,25.0,14.0
individual,1.0,11,10,Bobbi Brown eyelash curler,20.0,15.0
individual,1.0,12,10,Brown floating wall frame,12.0,15.0
individual,1.0,13,10,Calvin Klein legwarmers,2.0,18.0
individual,1.0,14,10,Potted artificial phalaenopsis,26.0,18.0
individual,1.0,15,10,Metallic electric can opener,20.0,19.0
individual,1.0,16,10,Apple dock USB connector,20.0,19.0
individual,1.0,17,10,Peacock feather pen,21.0,20.0
individual,1.0,18,10,Getz/Gilberto bossa nova compilation CD,36.0,22.0
individual,1.0,19,10,2-slice toaster,45.0,23.0
individual,1.0,20,10,Dylan's candy bar gift box,26.0,24.0
individual,1.0,21,10,Juggling set,26.0,24.0
individual,1.0,22,10,Sony S2 stereo headphones,45.0,25.0
individual,1.0,23,10,G Saké,12.0,25.0
individual,1.0,24,10,Smith & Hawken rubber doormat,23.0,25.0
individual,1.0,25,10,Cow bell,24.0,25.0
individual,1.0,26,10,The North Face men's flip flops,25.0,28.0
individual,1.0,27,10,Frederic Fekkai 7oz hair glossing cream,10.0,28.0
individual,1.0,28,10,Tibetan finger cymbal,15.0,28.0
individual,1.0,29,10,Clinique powder brush,25.0,30.0
individual,1.0,30,10,Professional burst-resistant exercise ball,25.0,30.0
individual,1.0,31,10,Sony computer speakers,23.0,31.0
individual,1.0,32,10,Chicago Cubs vintage t-shirt,25.0,32.0
individual,1.0,33,10,Impulse helmet,5.0,34.0
individual,1.0,34,10,Halo 3 for Xbox 360,50.0,35.0
individual,1.0,35,10,Mrs. Fields cookie basket,46.0,35.0
individual,1.0,36,10,Crystal votive candle holder,12.0,35.0
individual,1.0,37,10,Scrabble board game,10.0,35.0
individual,1.0,38,10,Godiva signature chocolate truffle assortment,40.0,36.0
individual,1.0,39,10,Colorblock dress,15.0,38.0
individual,1.0,40,10,Cheese tray knife set,35.0,38.0
individual,1.0,41,10,Oster flip waffle maker,21.0,40.0
individual,1.0,42,10,Sony 8gb USB drive,12.0,40.0
individual,1.0,43,10,Panasonic cordless phone system,40.0,40.0
individual,1.0,44,10,Wireless mobile mouse,20.0,40.0
individual,1.0,45,10,Animal print glass vase,20.0,40.0
individual,1.0,46,10,Eddie Bauer sleeping bag,50.0,40.0
individual,1.0,47,10,Floral stone ring,14.0,42.0
individual,1.0,48,10,Floral bath towels,10.0,42.0
individual,1.0,49,10,Tarnished sheer scarf,20.0,44.0
individual,1.0,50,10,Candlestick lamp,40.0,45.0
individual,1.0,1,11,Wild strawberry preserve,12.0,7.0
individual,1.0,2,11,Crest deep clean dental floss,12.0,8.0
individual,1.0,3,11,Coated key lock,18.0,9.0
individual,1.0,4,11,Cock-a-doodle timer,12.0,10.0
individual,1.0,5,11,Texas Instruments scientific calculator,15.0,11.0
individual,1.0,6,11,Flexible digital thermometer,10.0,11.0
individual,1.0,7,11,Dayquil and Nyquil cough syrup,15.0,12.0
individual,1.0,8,11,Produce saver tupperware set,15.0,13.0
individual,1.0,9,11,Travel neck pillow,25.0,13.0
individual,1.0,10,11,Fresh water lily soap,6.0,14.0
individual,1.0,11,11,Bobbi Brown eyelash curler,8.0,15.0
individual,1.0,12,11,Brown floating wall frame,20.0,15.0
individual,1.0,13,11,Calvin Klein legwarmers,10.0,18.0
individual,1.0,14,11,Potted artificial phalaenopsis,10.0,18.0
individual,1.0,15,11,Metallic electric can opener,35.0,19.0
individual,1.0,16,11,Apple dock USB connector,15.0,19.0
individual,1.0,17,11,Peacock feather pen,7.0,20.0
individual,1.0,18,11,Getz/Gilberto bossa nova compilation CD,22.0,22.0
individual,1.0,19,11,2-slice toaster,15.0,23.0
individual,1.0,20,11,Dylan's candy bar gift box,8.0,24.0
individual,1.0,21,11,Juggling set,20.0,24.0
individual,1.0,22,11,Sony S2 stereo headphones,20.0,25.0
individual,1.0,23,11,G Saké,30.0,25.0
individual,1.0,24,11,Smith & Hawken rubber doormat,22.0,25.0
individual,1.0,25,11,Cow bell,30.0,25.0
individual,1.0,26,11,The North Face men's flip flops,22.0,28.0
individual,1.0,27,11,Frederic Fekkai 7oz hair glossing cream,42.0,28.0
individual,1.0,28,11,Tibetan finger cymbal,12.0,28.0
individual,1.0,29,11,Clinique powder brush,30.0,30.0
individual,1.0,30,11,Professional burst-resistant exercise ball,22.0,30.0
individual,1.0,31,11,Sony computer speakers,35.0,31.0
individual,1.0,32,11,Chicago Cubs vintage t-shirt,12.0,32.0
individual,1.0,33,11,Impulse helmet,10.0,34.0
individual,1.0,34,11,Halo 3 for Xbox 360,28.0,35.0
individual,1.0,35,11,Mrs. Fields cookie basket,20.0,35.0
individual,1.0,36,11,Crystal votive candle holder,45.0,35.0
individual,1.0,37,11,Scrabble board game,22.0,35.0
individual,1.0,38,11,Godiva signature chocolate truffle assortment,35.0,36.0
individual,1.0,39,11,Colorblock dress,28.0,38.0
individual,1.0,40,11,Cheese tray knife set,25.0,38.0
individual,1.0,41,11,Oster flip waffle maker,25.0,40.0
individual,1.0,42,11,Sony 8gb USB drive,22.0,40.0
individual,1.0,43,11,Panasonic cordless phone system,40.0,40.0
individual,1.0,44,11,Wireless mobile mouse,45.0,40.0
individual,1.0,45,11,Animal print glass vase,15.0,40.0
individual,1.0,46,11,Eddie Bauer sleeping bag,40.0,40.0
individual,1.0,47,11,Floral stone ring,10.0,42.0
individual,1.0,48,11,Floral bath towels,20.0,42.0
individual,1.0,49,11,Tarnished sheer scarf,35.0,44.0
individual,1.0,50,11,Candlestick lamp,45.0,45.0
primed_individual,1.0,1,1,Wild strawberry preserve,20.0,7.0
primed_individual,1.0,2,1,Crest deep clean dental floss,3.0,8.0
primed_individual,1.0,3,1,Coated key lock,10.0,9.0
primed_individual,1.0,4,1,Cock-a-doodle timer,5.0,10.0
primed_individual,1.0,5,1,Texas Instruments scientific calculator,20.0,11.0
primed_individual,1.0,6,1,Flexible digital thermometer,10.0,11.0
primed_individual,1.0,7,1,Dayquil and Nyquil cough syrup,16.0,12.0
primed_individual,1.0,8,1,Produce saver tupperware set,20.0,13.0
primed_individual,1.0,9,1,Travel neck pillow,10.0,13.0
primed_individual,1.0,10,1,Fresh water lily soap,5.0,14.0
primed_individual,1.0,11,1,Bobbi Brown eyelash curler,10.0,15.0
primed_individual,1.0,12,1,Brown floating wall frame,17.0,15.0
primed_individual,1.0,13,1,Calvin Klein legwarmers,30.0,18.0
primed_individual,1.0,14,1,Potted artificial phalaenopsis,5.0,18.0
primed_individual,1.0,15,1,Metallic electric can opener,20.0,19.0
primed_individual,1.0,16,1,Apple dock USB connector,15.0,19.0
primed_individual,1.0,17,1,Peacock feather pen,25.0,20.0
primed_individual,1.0,18,1,Getz/Gilberto bossa nova compilation CD,20.0,22.0
primed_individual,1.0,19,1,2-slice toaster,40.0,23.0
primed_individual,1.0,20,1,Dylan's candy bar gift box,10.0,24.0
primed_individual,1.0,21,1,Juggling set,10.0,24.0
primed_individual,1.0,22,1,Sony S2 stereo headphones,15.0,25.0
primed_individual,1.0,23,1,G Saké,15.0,25.0
primed_individual,1.0,24,1,Smith & Hawken rubber doormat,15.0,25.0
primed_individual,1.0,25,1,Cow bell,10.0,25.0
primed_individual,1.0,26,1,The North Face men's flip flops,37.0,28.0
primed_individual,1.0,27,1,Frederic Fekkai 7oz hair glossing cream,40.0,28.0
primed_individual,1.0,28,1,Tibetan finger cymbal,40.0,28.0
primed_individual,1.0,29,1,Clinique powder brush,17.0,30.0
primed_individual,1.0,30,1,Professional burst-resistant exercise ball,15.0,30.0
primed_individual,1.0,31,1,Sony computer speakers,50.0,31.0
primed_individual,1.0,32,1,Chicago Cubs vintage t-shirt,10.0,32.0
primed_individual,1.0,33,1,Impulse helmet,30.0,34.0
primed_individual,1.0,34,1,Halo 3 for Xbox 360,45.0,35.0
primed_individual,1.0,35,1,Mrs. Fields cookie basket,15.0,35.0
primed_individual,1.0,36,1,Crystal votive candle holder,10.0,35.0
primed_individual,1.0,37,1,Scrabble board game,15.0,35.0
primed_individual,1.0,38,1,Godiva signature chocolate truffle assortment,40.0,36.0
primed_individual,1.0,39,1,Colorblock dress,25.0,38.0
primed_individual,1.0,40,1,Cheese tray knife set,50.0,38.0
primed_individual,1.0,41,1,Oster flip waffle maker,30.0,40.0
primed_individual,1.0,42,1,Sony 8gb USB drive,25.0,40.0
primed_individual,1.0,43,1,Panasonic cordless phone system,25.0,40.0
primed_individual,1.0,44,1,Wireless mobile mouse,30.0,40.0
primed_individual,1.0,45,1,Animal print glass vase,20.0,40.0
primed_individual,1.0,46,1,Eddie Bauer sleeping bag,30.0,40.0
primed_individual,1.0,47,1,Floral stone ring,15.0,42.0
primed_individual,1.0,48,1,Floral bath towels,20.0,42.0
primed_individual,1.0,49,1,Tarnished sheer scarf,30.0,44.0
primed_individual,1.0,50,1,Candlestick lamp,22.0,45.0
primed_individual,1.0,1,2,Wild strawberry preserve,9.0,7.0
primed_individual,1.0,2,2,Crest deep clean dental floss,4.0,8.0
primed_individual,1.0,3,2,Coated key lock,25.0,9.0
primed_individual,1.0,4,2,Cock-a-doodle timer,8.0,10.0
primed_individual,1.0,5,2,Texas Instruments scientific calculator,40.0,11.0
primed_individual,1.0,6,2,Flexible digital thermometer,18.0,11.0
primed_individual,1.0,7,2,Dayquil and Nyquil cough syrup,14.0,12.0
primed_individual,1.0,8,2,Produce saver tupperware set,19.0,13.0
primed_individual,1.0,9,2,Travel neck pillow,20.0,13.0
primed_individual,1.0,10,2,Fresh water lily soap,12.0,14.0
primed_individual,1.0,11,2,Bobbi Brown eyelash curler,30.0,15.0
primed_individual,1.0,12,2,Brown floating wall frame,20.0,15.0
primed_individual,1.0,13,2,Calvin Klein legwarmers,22.0,18.0
primed_individual,1.0,14,2,Potted artificial phalaenopsis,15.0,18.0
primed_individual,1.0,15,2,Metallic electric can opener,11.0,19.0
primed_individual,1.0,16,2,Apple dock USB connector,15.0,19.0
primed_individual,1.0,17,2,Peacock feather pen,12.0,20.0
primed_individual,1.0,18,2,Getz/Gilberto bossa nova compilation CD,18.0,22.0
primed_individual,1.0,19,2,2-slice toaster,30.0,23.0
primed_individual,1.0,20,2,Dylan's candy bar gift box,28.0,24.0
primed_individual,1.0,21,2,Juggling set,20.0,24.0
primed_individual,1.0,22,2,Sony S2 stereo headphones,25.0,25.0
primed_individual,1.0,23,2,G Saké,35.0,25.0
primed_individual,1.0,24,2,Smith & Hawken rubber doormat,20.0,25.0
primed_individual,1.0,25,2,Cow bell,12.0,25.0
primed_individual,1.0,26,2,The North Face men's flip flops,45.0,28.0
primed_individual,1.0,27,2,Frederic Fekkai 7oz hair glossing cream,18.0,28.0
primed_individual,1.0,28,2,Tibetan finger cymbal,37.0,28.0
primed_individual,1.0,29,2,Clinique powder brush,25.0,30.0
primed_individual,1.0,30,2,Professional burst-resistant exercise ball,20.0,30.0
primed_individual,1.0,31,2,Sony computer speakers,50.0,31.0
primed_individual,1.0,32,2,Chicago Cubs vintage t-shirt,24.0,32.0
primed_individual,1.0,33,2,Impulse helmet,23.0,34.0
primed_individual,1.0,34,2,Halo 3 for Xbox 360,45.0,35.0
primed_individual,1.0,35,2,Mrs. Fields cookie basket,27.0,35.0
primed_individual,1.0,36,2,Crystal votive candle holder,7.0,35.0
primed_individual,1.0,37,2,Scrabble board game,20.0,35.0
primed_individual,1.0,38,2,Godiva signature chocolate truffle assortment,25.0,36.0
primed_individual,1.0,39,2,Colorblock dress,40.0,38.0
primed_individual,1.0,40,2,Cheese tray knife set,37.0,38.0
primed_individual,1.0,41,2,Oster flip waffle maker,45.0,40.0
primed_individual,1.0,42,2,Sony 8gb USB drive,10.0,40.0
primed_individual,1.0,43,2,Panasonic cordless phone system,30.0,40.0
primed_individual,1.0,44,2,Wireless mobile mouse,25.0,40.0
primed_individual,1.0,45,2,Animal print glass vase,14.0,40.0
primed_individual,1.0,46,2,Eddie Bauer sleeping bag,45.0,40.0
primed_individual,1.0,47,2,Floral stone ring,35.0,42.0
primed_individual,1.0,48,2,Floral bath towels,20.0,42.0
primed_individual,1.0,49,2,Tarnished sheer scarf,23.0,44.0
primed_individual,1.0,50,2,Candlestick lamp,45.0,45.0
primed_individual,1.0,1,3,Wild strawberry preserve,12.0,7.0
primed_individual,1.0,2,3,Crest deep clean dental floss,4.0,8.0
primed_individual,1.0,3,3,Coated key lock,9.0,9.0
primed_individual,1.0,4,3,Cock-a-doodle timer,6.0,10.0
primed_individual,1.0,5,3,Texas Instruments scientific calculator,14.0,11.0
primed_individual,1.0,6,3,Flexible digital thermometer,20.0,11.0
primed_individual,1.0,7,3,Dayquil and Nyquil cough syrup,10.0,12.0
primed_individual,1.0,8,3,Produce saver tupperware set,20.0,13.0
primed_individual,1.0,9,3,Travel neck pillow,12.0,13.0
primed_individual,1.0,10,3,Fresh water lily soap,10.0,14.0
primed_individual,1.0,11,3,Bobbi Brown eyelash curler,12.0,15.0
primed_individual,1.0,12,3,Brown floating wall frame,23.0,15.0
primed_individual,1.0,13,3,Calvin Klein legwarmers,10.0,18.0
primed_individual,1.0,14,3,Potted artificial phalaenopsis,8.0,18.0
primed_individual,1.0,15,3,Metallic electric can opener,35.0,19.0
primed_individual,1.0,16,3,Apple dock USB connector,8.0,19.0
primed_individual,1.0,17,3,Peacock feather pen,12.0,20.0
primed_individual,1.0,18,3,Getz/Gilberto bossa nova compilation CD,12.0,22.0
primed_individual,1.0,19,3,2-slice toaster,36.0,23.0
primed_individual,1.0,20,3,Dylan's candy bar gift box,7.0,24.0
primed_individual,1.0,21,3,Juggling set,13.0,24.0
primed_individual,1.0,22,3,Sony S2 stereo headphones,15.0,25.0
primed_individual,1.0,23,3,G Saké,20.0,25.0
primed_individual,1.0,24,3,Smith & Hawken rubber doormat,23.0,25.0
primed_individual,1.0,25,3,Cow bell,5.0,25.0
primed_individual,1.0,26,3,The North Face men's flip flops,12.0,28.0
primed_individual,1.0,27,3,Frederic Fekkai 7oz hair glossing cream,20.0,28.0
primed_individual,1.0,28,3,Tibetan finger cymbal,35.0,28.0
primed_individual,1.0,29,3,Clinique powder brush,10.0,30.0
primed_individual,1.0,30,3,Professional burst-resistant exercise ball,18.0,30.0
primed_individual,1.0,31,3,Sony computer speakers,40.0,31.0
primed_individual,1.0,32,3,Chicago Cubs vintage t-shirt,20.0,32.0
primed_individual,1.0,33,3,Impulse helmet,15.0,34.0
primed_individual,1.0,34,3,Halo 3 for Xbox 360,40.0,35.0
primed_individual,1.0,35,3,Mrs. Fields cookie basket,13.0,35.0
primed_individual,1.0,36,3,Crystal votive candle holder,7.0,35.0
primed_individual,1.0,37,3,Scrabble board game,40.0,35.0
primed_individual,1.0,38,3,Godiva signature chocolate truffle assortment,10.0,36.0
primed_individual,1.0,39,3,Colorblock dress,35.0,38.0
primed_individual,1.0,40,3,Cheese tray knife set,25.0,38.0
primed_individual,1.0,41,3,Oster flip waffle maker,42.0,40.0
primed_individual,1.0,42,3,Sony 8gb USB drive,12.0,40.0
primed_individual,1.0,43,3,Panasonic cordless phone system,25.0,40.0
primed_individual,1.0,44,3,Wireless mobile mouse,24.0,40.0
primed_individual,1.0,45,3,Animal print glass vase,40.0,40.0
primed_individual,1.0,46,3,Eddie Bauer sleeping bag,48.0,40.0
primed_individual,1.0,47,3,Floral stone ring,48.0,42.0
primed_individual,1.0,48,3,Floral bath towels,10.0,42.0
primed_individual,1.0,49,3,Tarnished sheer scarf,18.0,44.0
primed_individual,1.0,50,3,Candlestick lamp,48.0,45.0
primed_individual,1.0,1,4,Wild strawberry preserve,16.0,7.0
primed_individual,1.0,2,4,Crest deep clean dental floss,8.0,8.0
primed_individual,1.0,3,4,Coated key lock,18.0,9.0
primed_individual,1.0,4,4,Cock-a-doodle timer,12.0,10.0
primed_individual,1.0,5,4,Texas Instruments scientific calculator,28.0,11.0
primed_individual,1.0,6,4,Flexible digital thermometer,15.0,11.0
primed_individual,1.0,7,4,Dayquil and Nyquil cough syrup,12.0,12.0
primed_individual,1.0,8,4,Produce saver tupperware set,15.0,13.0
primed_individual,1.0,9,4,Travel neck pillow,15.0,13.0
primed_individual,1.0,10,4,Fresh water lily soap,14.0,14.0
primed_individual,1.0,11,4,Bobbi Brown eyelash curler,17.0,15.0
primed_individual,1.0,12,4,Brown floating wall frame,22.0,15.0
primed_individual,1.0,13,4,Calvin Klein legwarmers,20.0,18.0
primed_individual,1.0,14,4,Potted artificial phalaenopsis,20.0,18.0
primed_individual,1.0,15,4,Metallic electric can opener,37.0,19.0
primed_individual,1.0,16,4,Apple dock USB connector,25.0,19.0
primed_individual,1.0,17,4,Peacock feather pen,27.0,20.0
primed_individual,1.0,18,4,Getz/Gilberto bossa nova compilation CD,22.0,22.0
primed_individual,1.0,19,4,2-slice toaster,37.0,23.0
primed_individual,1.0,20,4,Dylan's candy bar gift box,10.0,24.0
primed_individual,1.0,21,4,Juggling set,12.0,24.0
primed_individual,1.0,22,4,Sony S2 stereo headphones,25.0,25.0
primed_individual,1.0,23,4,G Saké,37.0,25.0
primed_individual,1.0,24,4,Smith & Hawken rubber doormat,15.0,25.0
primed_individual,1.0,25,4,Cow bell,24.0,25.0
primed_individual,1.0,26,4,The North Face men's flip flops,38.0,28.0
primed_individual,1.0,27,4,Frederic Fekkai 7oz hair glossing cream,28.0,28.0
primed_individual,1.0,28,4,Tibetan finger cymbal,35.0,28.0
primed_individual,1.0,29,4,Clinique powder brush,10.0,30.0
primed_individual,1.0,30,4,Professional burst-resistant exercise ball,24.0,30.0
primed_individual,1.0,31,4,Sony computer speakers,38.0,31.0
primed_individual,1.0,32,4,Chicago Cubs vintage t-shirt,20.0,32.0
primed_individual,1.0,33,4,Impulse helmet,22.0,34.0
primed_individual,1.0,34,4,Halo 3 for Xbox 360,38.0,35.0
primed_individual,1.0,35,4,Mrs. Fields cookie basket,18.0,35.0
primed_individual,1.0,36,4,Crystal votive candle holder,12.0,35.0
primed_individual,1.0,37,4,Scrabble board game,20.0,35.0
primed_individual,1.0,38,4,Godiva signature chocolate truffle assortment,35.0,36.0
primed_individual,1.0,39,4,Colorblock dress,28.0,38.0
primed_individual,1.0,40,4,Cheese tray knife set,48.0,38.0
primed_individual,1.0,41,4,Oster flip waffle maker,38.0,40.0
primed_individual,1.0,42,4,Sony 8gb USB drive,18.0,40.0
primed_individual,1.0,43,4,Panasonic cordless phone system,35.0,40.0
primed_individual,1.0,44,4,Wireless mobile mouse,33.0,40.0
primed_individual,1.0,45,4,Animal print glass vase,28.0,40.0
primed_individual,1.0,46,4,Eddie Bauer sleeping bag,28.0,40.0
primed_individual,1.0,47,4,Floral stone ring,45.0,42.0
primed_individual,1.0,48,4,Floral bath towels,18.0,42.0
primed_individual,1.0,49,4,Tarnished sheer scarf,24.0,44.0
primed_individual,1.0,50,4,Candlestick lamp,38.0,45.0
primed_individual,1.0,1,5,Wild strawberry preserve,12.0,7.0
primed_individual,1.0,2,5,Crest deep clean dental floss,5.0,8.0
primed_individual,1.0,3,5,Coated key lock,20.0,9.0
primed_individual,1.0,4,5,Cock-a-doodle timer,11.0,10.0
primed_individual,1.0,5,5,Texas Instruments scientific calculator,13.0,11.0
primed_individual,1.0,6,5,Flexible digital thermometer,10.0,11.0
primed_individual,1.0,7,5,Dayquil and Nyquil cough syrup,15.0,12.0
primed_individual,1.0,8,5,Produce saver tupperware set,25.0,13.0
primed_individual,1.0,9,5,Travel neck pillow,12.0,13.0
primed_individual,1.0,10,5,Fresh water lily soap,8.0,14.0
primed_individual,1.0,11,5,Bobbi Brown eyelash curler,22.0,15.0
primed_individual,1.0,12,5,Brown floating wall frame,27.0,15.0
primed_individual,1.0,13,5,Calvin Klein legwarmers,14.0,18.0
primed_individual,1.0,14,5,Potted artificial phalaenopsis,18.0,18.0
primed_individual,1.0,15,5,Metallic electric can opener,20.0,19.0
primed_individual,1.0,16,5,Apple dock USB connector,30.0,19.0
primed_individual,1.0,17,5,Peacock feather pen,12.0,20.0
primed_individual,1.0,18,5,Getz/Gilberto bossa nova compilation CD,12.0,22.0
primed_individual,1.0,19,5,2-slice toaster,22.0,23.0
primed_individual,1.0,20,5,Dylan's candy bar gift box,14.0,24.0
primed_individual,1.0,21,5,Juggling set,8.0,24.0
primed_individual,1.0,22,5,Sony S2 stereo headphones,30.0,25.0
primed_individual,1.0,23,5,G Saké,20.0,25.0
primed_individual,1.0,24,5,Smith & Hawken rubber doormat,17.0,25.0
primed_individual,1.0,25,5,Cow bell,12.0,25.0
primed_individual,1.0,26,5,The North Face men's flip flops,20.0,28.0
primed_individual,1.0,27,5,Frederic Fekkai 7oz hair glossing cream,17.0,28.0
primed_individual,1.0,28,5,Tibetan finger cymbal,37.0,28.0
primed_individual,1.0,29,5,Clinique powder brush,20.0,30.0
primed_individual,1.0,30,5,Professional burst-resistant exercise ball,30.0,30.0
primed_individual,1.0,31,5,Sony computer speakers,38.0,31.0
primed_individual,1.0,32,5,Chicago Cubs vintage t-shirt,20.0,32.0
primed_individual,1.0,33,5,Impulse helmet,30.0,34.0
primed_individual,1.0,34,5,Halo 3 for Xbox 360,40.0,35.0
primed_individual,1.0,35,5,Mrs. Fields cookie basket,35.0,35.0
primed_individual,1.0,36,5,Crystal votive candle holder,8.0,35.0
primed_individual,1.0,37,5,Scrabble board game,22.0,35.0
primed_individual,1.0,38,5,Godiva signature chocolate truffle assortment,15.0,36.0
primed_individual,1.0,39,5,Colorblock dress,22.0,38.0
primed_individual,1.0,40,5,Cheese tray knife set,18.0,38.0
primed_individual,1.0,41,5,Oster flip waffle maker,30.0,40.0
primed_individual,1.0,42,5,Sony 8gb USB drive,15.0,40.0
primed_individual,1.0,43,5,Panasonic cordless phone system,35.0,40.0
primed_individual,1.0,44,5,Wireless mobile mouse,45.0,40.0
primed_individual,1.0,45,5,Animal print glass vase,35.0,40.0
primed_individual,1.0,46,5,Eddie Bauer sleeping bag,50.0,40.0
primed_individual,1.0,47,5,Floral stone ring,47.0,42.0
primed_individual,1.0,48,5,Floral bath towels,18.0,42.0
primed_individual,1.0,49,5,Tarnished sheer scarf,25.0,44.0
primed_individual,1.0,50,5,Candlestick lamp,32.0,45.0
primed_individual,1.0,1,6,Wild strawberry preserve,10.0,7.0
primed_individual,1.0,2,6,Crest deep clean dental floss,3.0,8.0
primed_individual,1.0,3,6,Coated key lock,20.0,9.0
primed_individual,1.0,4,6,Cock-a-doodle timer,10.0,10.0
primed_individual,1.0,5,6,Texas Instruments scientific calculator,45.0,11.0
primed_individual,1.0,6,6,Flexible digital thermometer,15.0,11.0
primed_individual,1.0,7,6,Dayquil and Nyquil cough syrup,10.0,12.0
primed_individual,1.0,8,6,Produce saver tupperware set,30.0,13.0
primed_individual,1.0,9,6,Travel neck pillow,10.0,13.0
primed_individual,1.0,10,6,Fresh water lily soap,10.0,14.0
primed_individual,1.0,11,6,Bobbi Brown eyelash curler,15.0,15.0
primed_individual,1.0,12,6,Brown floating wall frame,25.0,15.0
primed_individual,1.0,13,6,Calvin Klein legwarmers,30.0,18.0
primed_individual,1.0,14,6,Potted artificial phalaenopsis,10.0,18.0
primed_individual,1.0,15,6,Metallic electric can opener,30.0,19.0
primed_individual,1.0,16,6,Apple dock USB connector,35.0,19.0
primed_individual,1.0,17,6,Peacock feather pen,20.0,20.0
primed_individual,1.0,18,6,Getz/Gilberto bossa nova compilation CD,18.0,22.0
primed_individual,1.0,19,6,2-slice toaster,35.0,23.0
primed_individual,1.0,20,6,Dylan's candy bar gift box,20.0,24.0
primed_individual,1.0,21,6,Juggling set,15.0,24.0
primed_individual,1.0,22,6,Sony S2 stereo headphones,15.0,25.0
primed_individual,1.0,23,6,G Saké,20.0,25.0
primed_individual,1.0,24,6,Smith & Hawken rubber doormat,15.0,25.0
primed_individual,1.0,25,6,Cow bell,15.0,25.0
primed_individual,1.0,26,6,The North Face men's flip flops,25.0,28.0
primed_individual,1.0,27,6,Frederic Fekkai 7oz hair glossing cream,20.0,28.0
primed_individual,1.0,28,6,Tibetan finger cymbal,40.0,28.0
primed_individual,1.0,29,6,Clinique powder brush,18.0,30.0
primed_individual,1.0,30,6,Professional burst-resistant exercise ball,18.0,30.0
primed_individual,1.0,31,6,Sony computer speakers,40.0,31.0
primed_individual,1.0,32,6,Chicago Cubs vintage t-shirt,20.0,32.0
primed_individual,1.0,33,6,Impulse helmet,20.0,34.0
primed_individual,1.0,34,6,Halo 3 for Xbox 360,45.0,35.0
primed_individual,1.0,35,6,Mrs. Fields cookie basket,10.0,35.0
primed_individual,1.0,36,6,Crystal votive candle holder,10.0,35.0
primed_individual,1.0,37,6,Scrabble board game,25.0,35.0
primed_individual,1.0,38,6,Godiva signature chocolate truffle assortment,25.0,36.0
primed_individual,1.0,39,6,Colorblock dress,20.0,38.0
primed_individual,1.0,40,6,Cheese tray knife set,30.0,38.0
primed_individual,1.0,41,6,Oster flip waffle maker,40.0,40.0
primed_individual,1.0,42,6,Sony 8gb USB drive,28.0,40.0
primed_individual,1.0,43,6,Panasonic cordless phone system,30.0,40.0
primed_individual,1.0,44,6,Wireless mobile mouse,18.0,40.0
primed_individual,1.0,45,6,Animal print glass vase,25.0,40.0
primed_individual,1.0,46,6,Eddie Bauer sleeping bag,30.0,40.0
primed_individual,1.0,47,6,Floral stone ring,50.0,42.0
primed_individual,1.0,48,6,Floral bath towels,25.0,42.0
primed_individual,1.0,49,6,Tarnished sheer scarf,20.0,44.0
primed_individual,1.0,50,6,Candlestick lamp,45.0,45.0
primed_individual,1.0,1,7,Wild strawberry preserve,12.0,7.0
primed_individual,1.0,2,7,Crest deep clean dental floss,7.0,8.0
primed_individual,1.0,3,7,Coated key lock,12.0,9.0
primed_individual,1.0,4,7,Cock-a-doodle timer,12.0,10.0
primed_individual,1.0,5,7,Texas Instruments scientific calculator,22.0,11.0
primed_individual,1.0,6,7,Flexible digital thermometer,15.0,11.0
primed_individual,1.0,7,7,Dayquil and Nyquil cough syrup,9.0,12.0
primed_individual,1.0,8,7,Produce saver tupperware set,15.0,13.0
primed_individual,1.0,9,7,Travel neck pillow,7.0,13.0
primed_individual,1.0,10,7,Fresh water lily soap,7.0,14.0
primed_individual,1.0,11,7,Bobbi Brown eyelash curler,10.0,15.0
primed_individual,1.0,12,7,Brown floating wall frame,22.0,15.0
primed_individual,1.0,13,7,Calvin Klein legwarmers,12.0,18.0
primed_individual,1.0,14,7,Potted artificial phalaenopsis,20.0,18.0
primed_individual,1.0,15,7,Metallic electric can opener,20.0,19.0
primed_individual,1.0,16,7,Apple dock USB connector,40.0,19.0
primed_individual,1.0,17,7,Peacock feather pen,30.0,20.0
primed_individual,1.0,18,7,Getz/Gilberto bossa nova compilation CD,12.0,22.0
primed_individual,1.0,19,7,2-slice toaster,37.0,23.0
primed_individual,1.0,20,7,Dylan's candy bar gift box,15.0,24.0
primed_individual,1.0,21,7,Juggling set,10.0,24.0
primed_individual,1.0,22,7,Sony S2 stereo headphones,17.0,25.0
primed_individual,1.0,23,7,G Saké,20.0,25.0
primed_individual,1.0,24,7,Smith & Hawken rubber doormat,10.0,25.0
primed_individual,1.0,25,7,Cow bell,15.0,25.0
primed_individual,1.0,26,7,The North Face men's flip flops,40.0,28.0
primed_individual,1.0,27,7,Frederic Fekkai 7oz hair glossing cream,22.0,28.0
primed_individual,1.0,28,7,Tibetan finger cymbal,40.0,28.0
primed_individual,1.0,29,7,Clinique powder brush,20.0,30.0
primed_individual,1.0,30,7,Professional burst-resistant exercise ball,20.0,30.0
primed_individual,1.0,31,7,Sony computer speakers,45.0,31.0
primed_individual,1.0,32,7,Chicago Cubs vintage t-shirt,15.0,32.0
primed_individual,1.0,33,7,Impulse helmet,25.0,34.0
primed_individual,1.0,34,7,Halo 3 for Xbox 360,50.0,35.0
primed_individual,1.0,35,7,Mrs. Fields cookie basket,15.0,35.0
primed_individual,1.0,36,7,Crystal votive candle holder,15.0,35.0
primed_individual,1.0,37,7,Scrabble board game,25.0,35.0
primed_individual,1.0,38,7,Godiva signature chocolate truffle assortment,30.0,36.0
primed_individual,1.0,39,7,Colorblock dress,30.0,38.0
primed_individual,1.0,40,7,Cheese tray knife set,40.0,38.0
primed_individual,1.0,41,7,Oster flip waffle maker,30.0,40.0
primed_individual,1.0,42,7,Sony 8gb USB drive,25.0,40.0
primed_individual,1.0,43,7,Panasonic cordless phone system,45.0,40.0
primed_individual,1.0,44,7,Wireless mobile mouse,30.0,40.0
primed_individual,1.0,45,7,Animal print glass vase,45.0,40.0
primed_individual,1.0,46,7,Eddie Bauer sleeping bag,35.0,40.0
primed_individual,1.0,47,7,Floral stone ring,45.0,42.0
primed_individual,1.0,48,7,Floral bath towels,20.0,42.0
primed_individual,1.0,49,7,Tarnished sheer scarf,20.0,44.0
primed_individual,1.0,50,7,Candlestick lamp,42.0,45.0
primed_individual,1.0,1,8,Wild strawberry preserve,20.0,7.0
primed_individual,1.0,2,8,Crest deep clean dental floss,5.0,8.0
primed_individual,1.0,3,8,Coated key lock,20.0,9.0
primed_individual,1.0,4,8,Cock-a-doodle timer,10.0,10.0
primed_individual,1.0,5,8,Texas Instruments scientific calculator,25.0,11.0
primed_individual,1.0,6,8,Flexible digital thermometer,20.0,11.0
primed_individual,1.0,7,8,Dayquil and Nyquil cough syrup,20.0,12.0
primed_individual,1.0,8,8,Produce saver tupperware set,25.0,13.0
primed_individual,1.0,9,8,Travel neck pillow,10.0,13.0
primed_individual,1.0,10,8,Fresh water lily soap,10.0,14.0
primed_individual,1.0,11,8,Bobbi Brown eyelash curler,15.0,15.0
primed_individual,1.0,12,8,Brown floating wall frame,20.0,15.0
primed_individual,1.0,13,8,Calvin Klein legwarmers,20.0,18.0
primed_individual,1.0,14,8,Potted artificial phalaenopsis,20.0,18.0
primed_individual,1.0,15,8,Metallic electric can opener,20.0,19.0
primed_individual,1.0,16,8,Apple dock USB connector,10.0,19.0
primed_individual,1.0,17,8,Peacock feather pen,15.0,20.0
primed_individual,1.0,18,8,Getz/Gilberto bossa nova compilation CD,20.0,22.0
primed_individual,1.0,19,8,2-slice toaster,30.0,23.0
primed_individual,1.0,20,8,Dylan's candy bar gift box,15.0,24.0
primed_individual,1.0,21,8,Juggling set,10.0,24.0
primed_individual,1.0,22,8,Sony S2 stereo headphones,25.0,25.0
primed_individual,1.0,23,8,G Saké,20.0,25.0
primed_individual,1.0,24,8,Smith & Hawken rubber doormat,15.0,25.0
primed_individual,1.0,25,8,Cow bell,15.0,25.0
primed_individual,1.0,26,8,The North Face men's flip flops,25.0,28.0
primed_individual,1.0,27,8,Frederic Fekkai 7oz hair glossing cream,25.0,28.0
primed_individual,1.0,28,8,Tibetan finger cymbal,25.0,28.0
primed_individual,1.0,29,8,Clinique powder brush,20.0,30.0
primed_individual,1.0,30,8,Professional burst-resistant exercise ball,20.0,30.0
primed_individual,1.0,31,8,Sony computer speakers,40.0,31.0
primed_individual,1.0,32,8,Chicago Cubs vintage t-shirt,20.0,32.0
primed_individual,1.0,33,8,Impulse helmet,20.0,34.0
primed_individual,1.0,34,8,Halo 3 for Xbox 360,45.0,35.0
primed_individual,1.0,35,8,Mrs. Fields cookie basket,20.0,35.0
primed_individual,1.0,36,8,Crystal votive candle holder,10.0,35.0
primed_individual,1.0,37,8,Scrabble board game,25.0,35.0
primed_individual,1.0,38,8,Godiva signature chocolate truffle assortment,25.0,36.0
primed_individual,1.0,39,8,Colorblock dress,20.0,38.0
primed_individual,1.0,40,8,Cheese tray knife set,20.0,38.0
primed_individual,1.0,41,8,Oster flip waffle maker,46.0,40.0
primed_individual,1.0,42,8,Sony 8gb USB drive,15.0,40.0
primed_individual,1.0,43,8,Panasonic cordless phone system,30.0,40.0
primed_individual,1.0,44,8,Wireless mobile mouse,15.0,40.0
primed_individual,1.0,45,8,Animal print glass vase,40.0,40.0
primed_individual,1.0,46,8,Eddie Bauer sleeping bag,20.0,40.0
primed_individual,1.0,47,8,Floral stone ring,40.0,42.0
primed_individual,1.0,48,8,Floral bath towels,15.0,42.0
primed_individual,1.0,49,8,Tarnished sheer scarf,21.0,44.0
primed_individual,1.0,50,8,Candlestick lamp,4.0,45.0
primed_individual,1.0,1,9,Wild strawberry preserve,4.0,7.0
primed_individual,1.0,2,9,Crest deep clean dental floss,8.0,8.0
primed_individual,1.0,3,9,Coated key lock,12.0,9.0
primed_individual,1.0,4,9,Cock-a-doodle timer,8.0,10.0
primed_individual,1.0,5,9,Texas Instruments scientific calculator,35.0,11.0
primed_individual,1.0,6,9,Flexible digital thermometer,10.0,11.0
primed_individual,1.0,7,9,Dayquil and Nyquil cough syrup,15.0,12.0
primed_individual,1.0,8,9,Produce saver tupperware set,22.0,13.0
primed_individual,1.0,9,9,Travel neck pillow,15.0,13.0
primed_individual,1.0,10,9,Fresh water lily soap,10.0,14.0
primed_individual,1.0,11,9,Bobbi Brown eyelash curler,18.0,15.0
primed_individual,1.0,12,9,Brown floating wall frame,28.0,15.0
primed_individual,1.0,13,9,Calvin Klein legwarmers,40.0,18.0
primed_individual,1.0,14,9,Potted artificial phalaenopsis,25.0,18.0
primed_individual,1.0,15,9,Metallic electric can opener,30.0,19.0
primed_individual,1.0,16,9,Apple dock USB connector,25.0,19.0
primed_individual,1.0,17,9,Peacock feather pen,11.0,20.0
primed_individual,1.0,18,9,Getz/Gilberto bossa nova compilation CD,20.0,22.0
primed_individual,1.0,19,9,2-slice toaster,15.0,23.0
primed_individual,1.0,20,9,Dylan's candy bar gift box,15.0,24.0
primed_individual,1.0,21,9,Juggling set,15.0,24.0
primed_individual,1.0,22,9,Sony S2 stereo headphones,20.0,25.0
primed_individual,1.0,23,9,G Saké,25.0,25.0
primed_individual,1.0,24,9,Smith & Hawken rubber doormat,40.0,25.0
primed_individual,1.0,25,9,Cow bell,10.0,25.0
primed_individual,1.0,26,9,The North Face men's flip flops,40.0,28.0
primed_individual,1.0,27,9,Frederic Fekkai 7oz hair glossing cream,22.0,28.0
primed_individual,1.0,28,9,Tibetan finger cymbal,38.0,28.0
primed_individual,1.0,29,9,Clinique powder brush,19.0,30.0
primed_individual,1.0,30,9,Professional burst-resistant exercise ball,29.0,30.0
primed_individual,1.0,31,9,Sony computer speakers,28.0,31.0
primed_individual,1.0,32,9,Chicago Cubs vintage t-shirt,18.0,32.0
primed_individual,1.0,33,9,Impulse helmet,22.0,34.0
primed_individual,1.0,34,9,Halo 3 for Xbox 360,45.0,35.0
primed_individual,1.0,35,9,Mrs. Fields cookie basket,20.0,35.0
primed_individual,1.0,36,9,Crystal votive candle holder,10.0,35.0
primed_individual,1.0,37,9,Scrabble board game,32.0,35.0
primed_individual,1.0,38,9,Godiva signature chocolate truffle assortment,35.0,36.0
primed_individual,1.0,39,9,Colorblock dress,45.0,38.0
primed_individual,1.0,40,9,Cheese tray knife set,28.0,38.0
primed_individual,1.0,41,9,Oster flip waffle maker,35.0,40.0
primed_individual,1.0,42,9,Sony 8gb USB drive,12.0,40.0
primed_individual,1.0,43,9,Panasonic cordless phone system,38.0,40.0
primed_individual,1.0,44,9,Wireless mobile mouse,35.0,40.0
primed_individual,1.0,45,9,Animal print glass vase,32.0,40.0
primed_individual,1.0,46,9,Eddie Bauer sleeping bag,30.0,40.0
primed_individual,1.0,47,9,Floral stone ring,30.0,42.0
primed_individual,1.0,48,9,Floral bath towels,22.0,42.0
primed_individual,1.0,49,9,Tarnished sheer scarf,28.0,44.0
primed_individual,1.0,50,9,Candlestick lamp,49.0,45.0
primed_individual,1.0,1,10,Wild strawberry preserve,20.0,7.0
primed_individual,1.0,2,10,Crest deep clean dental floss,5.0,8.0
primed_individual,1.0,3,10,Coated key lock,26.0,9.0
primed_individual,1.0,4,10,Cock-a-doodle timer,10.0,10.0
primed_individual,1.0,5,10,Texas Instruments scientific calculator,34.0,11.0
primed_individual,1.0,6,10,Flexible digital thermometer,16.0,11.0
primed_individual,1.0,7,10,Dayquil and Nyquil cough syrup,28.0,12.0
primed_individual,1.0,8,10,Produce saver tupperware set,29.0,13.0
primed_individual,1.0,9,10,Travel neck pillow,21.0,13.0
primed_individual,1.0,10,10,Fresh water lily soap,16.0,14.0
primed_individual,1.0,11,10,Bobbi Brown eyelash curler,18.0,15.0
primed_individual,1.0,12,10,Brown floating wall frame,16.0,15.0
primed_individual,1.0,13,10,Calvin Klein legwarmers,37.0,18.0
primed_individual,1.0,14,10,Potted artificial phalaenopsis,20.0,18.0
primed_individual,1.0,15,10,Metallic electric can opener,25.0,19.0
primed_individual,1.0,16,10,Apple dock USB connector,25.0,19.0
primed_individual,1.0,17,10,Peacock feather pen,25.0,20.0
primed_individual,1.0,18,10,Getz/Gilberto bossa nova compilation CD,36.0,22.0
primed_individual,1.0,19,10,2-slice toaster,35.0,23.0
primed_individual,1.0,20,10,Dylan's candy bar gift box,15.0,24.0
primed_individual,1.0,21,10,Juggling set,10.0,24.0
primed_individual,1.0,22,10,Sony S2 stereo headphones,26.0,25.0
primed_individual,1.0,23,10,G Saké,22.0,25.0
primed_individual,1.0,24,10,Smith & Hawken rubber doormat,29.0,25.0
primed_individual,1.0,25,10,Cow bell,22.0,25.0
primed_individual,1.0,26,10,The North Face men's flip flops,35.0,28.0
primed_individual,1.0,27,10,Frederic Fekkai 7oz hair glossing cream,32.0,28.0
primed_individual,1.0,28,10,Tibetan finger cymbal,40.0,28.0
primed_individual,1.0,29,10,Clinique powder brush,24.0,30.0
primed_individual,1.0,30,10,Professional burst-resistant exercise ball,27.0,30.0
primed_individual,1.0,31,10,Sony computer speakers,35.0,31.0
primed_individual,1.0,32,10,Chicago Cubs vintage t-shirt,25.0,32.0
primed_individual,1.0,33,10,Impulse helmet,26.0,34.0
primed_individual,1.0,34,10,Halo 3 for Xbox 360,47.0,35.0
primed_individual,1.0,35,10,Mrs. Fields cookie basket,26.0,35.0
primed_individual,1.0,36,10,Crystal votive candle holder,16.0,35.0
primed_individual,1.0,37,10,Scrabble board game,19.0,35.0
primed_individual,1.0,38,10,Godiva signature chocolate truffle assortment,34.0,36.0
primed_individual,1.0,39,10,Colorblock dress,34.0,38.0
primed_individual,1.0,40,10,Cheese tray knife set,38.0,38.0
primed_individual,1.0,41,10,Oster flip waffle maker,42.0,40.0
primed_individual,1.0,42,10,Sony 8gb USB drive,39.0,40.0
primed_individual,1.0,43,10,Panasonic cordless phone system,39.0,40.0
primed_individual,1.0,44,10,Wireless mobile mouse,28.0,40.0
primed_individual,1.0,45,10,Animal print glass vase,26.0,40.0
primed_individual,1.0,46,10,Eddie Bauer sleeping bag,43.0,40.0
primed_individual,1.0,47,10,Floral stone ring,45.0,42.0
primed_individual,1.0,48,10,Floral bath towels,16.0,42.0
primed_individual,1.0,49,10,Tarnished sheer scarf,35.0,44.0
primed_individual,1.0,50,10,Candlestick lamp,27.0,45.0
primed_individual,1.0,1,11,Wild strawberry preserve,10.0,7.0
primed_individual,1.0,2,11,Crest deep clean dental floss,7.0,8.0
primed_individual,1.0,3,11,Coated key lock,12.0,9.0
primed_individual,1.0,4,11,Cock-a-doodle timer,10.0,10.0
primed_individual,1.0,5,11,Texas Instruments scientific calculator,40.0,11.0
primed_individual,1.0,6,11,Flexible digital thermometer,15.0,11.0
primed_individual,1.0,7,11,Dayquil and Nyquil cough syrup,15.0,12.0
primed_individual,1.0,8,11,Produce saver tupperware set,25.0,13.0
primed_individual,1.0,9,11,Travel neck pillow,30.0,13.0
primed_individual,1.0,10,11,Fresh water lily soap,15.0,14.0
primed_individual,1.0,11,11,Bobbi Brown eyelash curler,25.0,15.0
primed_individual,1.0,12,11,Brown floating wall frame,20.0,15.0
primed_individual,1.0,13,11,Calvin Klein legwarmers,40.0,18.0
primed_individual,1.0,14,11,Potted artificial phalaenopsis,25.0,18.0
primed_individual,1.0,15,11,Metallic electric can opener,20.0,19.0
primed_individual,1.0,16,11,Apple dock USB connector,28.0,19.0
primed_individual,1.0,17,11,Peacock feather pen,40.0,20.0
primed_individual,1.0,18,11,Getz/Gilberto bossa nova compilation CD,20.0,22.0
primed_individual,1.0,19,11,2-slice toaster,45.0,23.0
primed_individual,1.0,20,11,Dylan's candy bar gift box,10.0,24.0
primed_individual,1.0,21,11,Juggling set,10.0,24.0
primed_individual,1.0,22,11,Sony S2 stereo headphones,20.0,25.0
primed_individual,1.0,23,11,G Saké,45.0,25.0
primed_individual,1.0,24,11,Smith & Hawken rubber doormat,12.0,25.0
primed_individual,1.0,25,11,Cow bell,15.0,25.0
primed_individual,1.0,26,11,The North Face men's flip flops,35.0,28.0
primed_individual,1.0,27,11,Frederic Fekkai 7oz hair glossing cream,30.0,28.0
primed_individual,1.0,28,11,Tibetan finger cymbal,44.0,28.0
primed_individual,1.0,29,11,Clinique powder brush,10.0,30.0
primed_individual,1.0,30,11,Professional burst-resistant exercise ball,15.0,30.0
primed_individual,1.0,31,11,Sony computer speakers,45.0,31.0
primed_individual,1.0,32,11,Chicago Cubs vintage t-shirt,25.0,32.0
primed_individual,1.0,33,11,Impulse helmet,30.0,34.0
primed_individual,1.0,34,11,Halo 3 for Xbox 360,25.0,35.0
primed_individual,1.0,35,11,Mrs. Fields cookie basket,20.0,35.0
primed_individual,1.0,36,11,Crystal votive candle holder,20.0,35.0
primed_individual,1.0,37,11,Scrabble board game,15.0,35.0
primed_individual,1.0,38,11,Godiva signature chocolate truffle assortment,50.0,36.0
primed_individual,1.0,39,11,Colorblock dress,30.0,38.0
primed_individual,1.0,40,11,Cheese tray knife set,35.0,38.0
primed_individual,1.0,41,11,Oster flip waffle maker,30.0,40.0
primed_individual,1.0,42,11,Sony 8gb USB drive,30.0,40.0
primed_individual,1.0,43,11,Panasonic cordless phone system,30.0,40.0
primed_individual,1.0,44,11,Wireless mobile mouse,10.0,40.0
primed_individual,1.0,45,11,Animal print glass vase,30.0,40.0
primed_individual,1.0,46,11,Eddie Bauer sleeping bag,30.0,40.0
primed_individual,1.0,47,11,Floral stone ring,43.0,42.0
primed_individual,1.0,48,11,Floral bath towels,15.0,42.0
primed_individual,1.0,49,11,Tarnished sheer scarf,15.0,44.0
primed_individual,1.0,50,11,Candlestick lamp,35.0,45.0
primed_individual,1.0,1,12,Wild strawberry preserve,8.0,7.0
primed_individual,1.0,2,12,Crest deep clean dental floss,9.0,8.0
primed_individual,1.0,3,12,Coated key lock,14.0,9.0
primed_individual,1.0,4,12,Cock-a-doodle timer,12.0,10.0
primed_individual,1.0,5,12,Texas Instruments scientific calculator,38.0,11.0
primed_individual,1.0,6,12,Flexible digital thermometer,14.0,11.0
primed_individual,1.0,7,12,Dayquil and Nyquil cough syrup,13.0,12.0
primed_individual,1.0,8,12,Produce saver tupperware set,18.0,13.0
primed_individual,1.0,9,12,Travel neck pillow,14.0,13.0
primed_individual,1.0,10,12,Fresh water lily soap,18.0,14.0
primed_individual,1.0,11,12,Bobbi Brown eyelash curler,12.0,15.0
primed_individual,1.0,12,12,Brown floating wall frame,21.0,15.0
primed_individual,1.0,13,12,Calvin Klein legwarmers,23.0,18.0
primed_individual,1.0,14,12,Potted artificial phalaenopsis,32.0,18.0
primed_individual,1.0,15,12,Metallic electric can opener,25.0,19.0
primed_individual,1.0,16,12,Apple dock USB connector,23.0,19.0
primed_individual,1.0,17,12,Peacock feather pen,8.0,20.0
primed_individual,1.0,18,12,Getz/Gilberto bossa nova compilation CD,21.0,22.0
primed_individual,1.0,19,12,2-slice toaster,45.0,23.0
primed_individual,1.0,20,12,Dylan's candy bar gift box,23.0,24.0
primed_individual,1.0,21,12,Juggling set,26.0,24.0
primed_individual,1.0,22,12,Sony S2 stereo headphones,48.0,25.0
primed_individual,1.0,23,12,G Saké,46.0,25.0
primed_individual,1.0,24,12,Smith & Hawken rubber doormat,27.0,25.0
primed_individual,1.0,25,12,Cow bell,16.0,25.0
primed_individual,1.0,26,12,The North Face men's flip flops,48.0,28.0
primed_individual,1.0,27,12,Frederic Fekkai 7oz hair glossing cream,16.0,28.0
primed_individual,1.0,28,12,Tibetan finger cymbal,13.0,28.0
primed_individual,1.0,29,12,Clinique powder brush,12.0,30.0
primed_individual,1.0,30,12,Professional burst-resistant exercise ball,21.0,30.0
primed_individual,1.0,31,12,Sony computer speakers,23.0,31.0
primed_individual,1.0,32,12,Chicago Cubs vintage t-shirt,32.0,32.0
primed_individual,1.0,33,12,Impulse helmet,42.0,34.0
primed_individual,1.0,34,12,Halo 3 for Xbox 360,13.0,35.0
primed_individual,1.0,35,12,Mrs. Fields cookie basket,15.0,35.0
primed_individual,1.0,36,12,Crystal votive candle holder,19.0,35.0
primed_individual,1.0,37,12,Scrabble board game,18.0,35.0
primed_individual,1.0,38,12,Godiva signature chocolate truffle assortment,48.0,36.0
primed_individual,1.0,39,12,Colorblock dress,28.0,38.0
primed_individual,1.0,40,12,Cheese tray knife set,35.0,38.0
primed_individual,1.0,41,12,Oster flip waffle maker,29.0,40.0
primed_individual,1.0,42,12,Sony 8gb USB drive,17.0,40.0
primed_individual,1.0,43,12,Panasonic cordless phone system,46.0,40.0
primed_individual,1.0,44,12,Wireless mobile mouse,42.0,40.0
primed_individual,1.0,45,12,Animal print glass vase,23.0,40.0
primed_individual,1.0,46,12,Eddie Bauer sleeping bag,28.0,40.0
primed_individual,1.0,47,12,Floral stone ring,17.0,42.0
primed_individual,1.0,48,12,Floral bath towels,23.0,42.0
primed_individual,1.0,49,12,Tarnished sheer scarf,29.0,44.0
primed_individual,1.0,50,12,Candlestick lamp,45.0,45.0
individual,2.0,1,1,Flower pencil,10.0,5.0
individual,2.0,2,1,Oat & honey pancake mix,5.0,8.0
individual,2.0,3,1,Pressed flowers mug,15.0,8.0
individual,2.0,4,1,Twiggy chopsticks,10.0,10.0
individual,2.0,5,1,Tea Forté tea sampler,15.0,10.0
individual,2.0,6,1,Energizer batteries,20.0,11.0
individual,2.0,7,1,Body brush,15.0,12.0
individual,2.0,8,1,Canine pajamas,35.0,13.0
individual,2.0,9,1,Nature Made calcium vitamin tablets,5.0,13.0
individual,2.0,10,1,Four-orange chocolate sauce,6.0,14.0
individual,2.0,11,1,L'Oréal hair color dye,15.0,14.0
individual,2.0,12,1,Wood serving tray,20.0,15.0
individual,2.0,13,1,Star Trek UNO game,15.0,15.0
individual,2.0,14,1,Lab Series skincare for men power wash,20.0,18.0
individual,2.0,15,1,Gold floral journal,25.0,18.0
individual,2.0,16,1,Heavy duty flashlight,20.0,19.0
individual,2.0,17,1,Tide concetrated liquid detergent 64-loads,15.0,20.0
individual,2.0,18,1,Nike sleeveless t-shirt,25.0,22.0
individual,2.0,19,1,Br'ita water purifying pitcher,30.0,23.0
individual,2.0,20,1,Starbucks stainless steel tumbler,15.0,23.0
individual,2.0,21,1,Honey pot,20.0,24.0
individual,2.0,22,1,Ice shaver,15.0,25.0
individual,2.0,23,1,French spice stack,15.0,25.0
individual,2.0,24,1,Conair ceramic ionic hairdryer,20.0,25.0
individual,2.0,25,1,Curly-cues fruit bowl,15.0,25.0
individual,2.0,26,1,Feather print racerback tunic,40.0,28.0
individual,2.0,27,1,Brown motif sunglasses,20.0,28.0
individual,2.0,28,1,Kiehl's scented candle,45.0,28.0
individual,2.0,29,1,Converse one star oxfords,15.0,30.0
individual,2.0,30,1,Spalding premier basketball,20.0,30.0
individual,2.0,31,1,Speed blender,50.0,31.0
individual,2.0,32,1,Turtle xylophone,25.0,31.0
individual,2.0,33,1,Crabtree & Evelyn seven seas bath salts,15.0,34.0
individual,2.0,34,1,Mr. Coffee steam espresso machine,50.0,35.0
individual,2.0,35,1,Extra virgin olive oil,20.0,35.0
individual,2.0,36,1,Kate Spade crystal goblet,5.0,35.0
individual,2.0,37,1,Mesh wastebasket,25.0,35.0
individual,2.0,38,1,31'' panther skateboard,30.0,35.0
individual,2.0,39,1,Marc Jacobs 'Miss Marc' earrings,35.0,38.0
individual,2.0,40,1,Food & wine cookbook,30.0,38.0
individual,2.0,41,1,Spruce goose pitcher,35.0,38.0
individual,2.0,42,1,Swiss Army pocket knife,25.0,40.0
individual,2.0,43,1,Motorola bluetooth headset,35.0,40.0
individual,2.0,44,1,McAfee virus scan,25.0,40.0
individual,2.0,45,1,Honey willow hamper with liner,45.0,40.0
individual,2.0,46,1,Mini trampoline,25.0,40.0
individual,2.0,47,1,Nicorette fresh mint gum,50.0,41.0
individual,2.0,48,1,Roxy fringed faux suede bag,20.0,42.0
individual,2.0,49,1,Gevalia connoisseur's coffee basket,25.0,43.0
individual,2.0,50,1,Rainbow wide strap thong,50.0,45.0
individual,2.0,1,2,Flower pencil,15.0,5.0
individual,2.0,2,2,Oat & honey pancake mix,2.0,8.0
individual,2.0,3,2,Pressed flowers mug,20.0,8.0
individual,2.0,4,2,Twiggy chopsticks,15.0,10.0
individual,2.0,5,2,Tea Forté tea sampler,36.0,10.0
individual,2.0,6,2,Energizer batteries,20.0,11.0
individual,2.0,7,2,Body brush,18.0,12.0
individual,2.0,8,2,Canine pajamas,10.0,13.0
individual,2.0,9,2,Nature Made calcium vitamin tablets,15.0,13.0
individual,2.0,10,2,Four-orange chocolate sauce,20.0,14.0
individual,2.0,11,2,L'Oréal hair color dye,35.0,14.0
individual,2.0,12,2,Wood serving tray,18.0,15.0
individual,2.0,13,2,Star Trek UNO game,20.0,15.0
individual,2.0,14,2,Lab Series skincare for men power wash,10.0,18.0
individual,2.0,15,2,Gold floral journal,40.0,18.0
individual,2.0,16,2,Heavy duty flashlight,50.0,19.0
individual,2.0,17,2,Tide concetrated liquid detergent 64-loads,35.0,20.0
individual,2.0,18,2,Nike sleeveless t-shirt,18.0,22.0
individual,2.0,19,2,Br'ita water purifying pitcher,35.0,23.0
individual,2.0,20,2,Starbucks stainless steel tumbler,20.0,23.0
individual,2.0,21,2,Honey pot,15.0,24.0
individual,2.0,22,2,Ice shaver,20.0,25.0
individual,2.0,23,2,French spice stack,35.0,25.0
individual,2.0,24,2,Conair ceramic ionic hairdryer,20.0,25.0
individual,2.0,25,2,Curly-cues fruit bowl,15.0,25.0
individual,2.0,26,2,Feather print racerback tunic,35.0,28.0
individual,2.0,27,2,Brown motif sunglasses,35.0,28.0
individual,2.0,28,2,Kiehl's scented candle,40.0,28.0
individual,2.0,29,2,Converse one star oxfords,35.0,30.0
individual,2.0,30,2,Spalding premier basketball,15.0,30.0
individual,2.0,31,2,Speed blender,45.0,31.0
individual,2.0,32,2,Turtle xylophone,25.0,31.0
individual,2.0,33,2,Crabtree & Evelyn seven seas bath salts,20.0,34.0
individual,2.0,34,2,Mr. Coffee steam espresso machine,50.0,35.0
individual,2.0,35,2,Extra virgin olive oil,30.0,35.0
individual,2.0,36,2,Kate Spade crystal goblet,5.0,35.0
individual,2.0,37,2,Mesh wastebasket,18.0,35.0
individual,2.0,38,2,31'' panther skateboard,20.0,35.0
individual,2.0,39,2,Marc Jacobs 'Miss Marc' earrings,35.0,38.0
individual,2.0,40,2,Food & wine cookbook,45.0,38.0
individual,2.0,41,2,Spruce goose pitcher,45.0,38.0
individual,2.0,42,2,Swiss Army pocket knife,15.0,40.0
individual,2.0,43,2,Motorola bluetooth headset,30.0,40.0
individual,2.0,44,2,McAfee virus scan,45.0,40.0
individual,2.0,45,2,Honey willow hamper with liner,35.0,40.0
individual,2.0,46,2,Mini trampoline,40.0,40.0
individual,2.0,47,2,Nicorette fresh mint gum,50.0,41.0
individual,2.0,48,2,Roxy fringed faux suede bag,25.0,42.0
individual,2.0,49,2,Gevalia connoisseur's coffee basket,25.0,43.0
individual,2.0,50,2,Rainbow wide strap thong,40.0,45.0
individual,2.0,1,3,Flower pencil,17.0,5.0
individual,2.0,2,3,Oat & honey pancake mix,5.0,8.0
individual,2.0,3,3,Pressed flowers mug,10.0,8.0
individual,2.0,4,3,Twiggy chopsticks,15.0,10.0
individual,2.0,5,3,Tea Forté tea sampler,45.0,10.0
individual,2.0,6,3,Energizer batteries,24.0,11.0
individual,2.0,7,3,Body brush,14.0,12.0
individual,2.0,8,3,Canine pajamas,19.0,13.0
individual,2.0,9,3,Nature Made calcium vitamin tablets,28.0,13.0
individual,2.0,10,3,Four-orange chocolate sauce,8.0,14.0
individual,2.0,11,3,L'Oréal hair color dye,20.0,14.0
individual,2.0,12,3,Wood serving tray,23.0,15.0
individual,2.0,13,3,Star Trek UNO game,23.0,15.0
individual,2.0,14,3,Lab Series skincare for men power wash,20.0,18.0
individual,2.0,15,3,Gold floral journal,26.0,18.0
individual,2.0,16,3,Heavy duty flashlight,39.0,19.0
individual,2.0,17,3,Tide concetrated liquid detergent 64-loads,14.0,20.0
individual,2.0,18,3,Nike sleeveless t-shirt,15.0,22.0
individual,2.0,19,3,Br'ita water purifying pitcher,37.0,23.0
individual,2.0,20,3,Starbucks stainless steel tumbler,15.0,23.0
individual,2.0,21,3,Honey pot,9.0,24.0
individual,2.0,22,3,Ice shaver,30.0,25.0
individual,2.0,23,3,French spice stack,29.0,25.0
individual,2.0,24,3,Conair ceramic ionic hairdryer,17.0,25.0
individual,2.0,25,3,Curly-cues fruit bowl,9.0,25.0
individual,2.0,26,3,Feather print racerback tunic,40.0,28.0
individual,2.0,27,3,Brown motif sunglasses,30.0,28.0
individual,2.0,28,3,Kiehl's scented candle,38.0,28.0
individual,2.0,29,3,Converse one star oxfords,10.0,30.0
individual,2.0,30,3,Spalding premier basketball,10.0,30.0
individual,2.0,31,3,Speed blender,40.0,31.0
individual,2.0,32,3,Turtle xylophone,12.0,31.0
individual,2.0,33,3,Crabtree & Evelyn seven seas bath salts,25.0,34.0
individual,2.0,34,3,Mr. Coffee steam espresso machine,46.0,35.0
individual,2.0,35,3,Extra virgin olive oil,30.0,35.0
individual,2.0,36,3,Kate Spade crystal goblet,25.0,35.0
individual,2.0,37,3,Mesh wastebasket,30.0,35.0
individual,2.0,38,3,31'' panther skateboard,28.0,35.0
individual,2.0,39,3,Marc Jacobs 'Miss Marc' earrings,32.0,38.0
individual,2.0,40,3,Food & wine cookbook,35.0,38.0
individual,2.0,41,3,Spruce goose pitcher,22.0,38.0
individual,2.0,42,3,Swiss Army pocket knife,29.0,40.0
individual,2.0,43,3,Motorola bluetooth headset,40.0,40.0
individual,2.0,44,3,McAfee virus scan,35.0,40.0
individual,2.0,45,3,Honey willow hamper with liner,20.0,40.0
individual,2.0,46,3,Mini trampoline,30.0,40.0
individual,2.0,47,3,Nicorette fresh mint gum,7.0,41.0
individual,2.0,48,3,Roxy fringed faux suede bag,18.0,42.0
individual,2.0,49,3,Gevalia connoisseur's coffee basket,19.0,43.0
individual,2.0,50,3,Rainbow wide strap thong,38.0,45.0
individual,2.0,1,4,Flower pencil,12.0,5.0
individual,2.0,2,4,Oat & honey pancake mix,5.0,8.0
individual,2.0,3,4,Pressed flowers mug,16.0,8.0
individual,2.0,4,4,Twiggy chopsticks,20.0,10.0
individual,2.0,5,4,Tea Forté tea sampler,48.0,10.0
individual,2.0,6,4,Energizer batteries,12.0,11.0
individual,2.0,7,4,Body brush,8.0,12.0
individual,2.0,8,4,Canine pajamas,10.0,13.0
individual,2.0,9,4,Nature Made calcium vitamin tablets,18.0,13.0
individual,2.0,10,4,Four-orange chocolate sauce,12.0,14.0
individual,2.0,11,4,L'Oréal hair color dye,6.0,14.0
individual,2.0,12,4,Wood serving tray,25.0,15.0
individual,2.0,13,4,Star Trek UNO game,14.0,15.0
individual,2.0,14,4,Lab Series skincare for men power wash,10.0,18.0
individual,2.0,15,4,Gold floral journal,30.0,18.0
individual,2.0,16,4,Heavy duty flashlight,20.0,19.0
individual,2.0,17,4,Tide concetrated liquid detergent 64-loads,5.0,20.0
individual,2.0,18,4,Nike sleeveless t-shirt,20.0,22.0
individual,2.0,19,4,Br'ita water purifying pitcher,25.0,23.0
individual,2.0,20,4,Starbucks stainless steel tumbler,15.0,23.0
individual,2.0,21,4,Honey pot,15.0,24.0
individual,2.0,22,4,Ice shaver,20.0,25.0
individual,2.0,23,4,French spice stack,30.0,25.0
individual,2.0,24,4,Conair ceramic ionic hairdryer,10.0,25.0
individual,2.0,25,4,Curly-cues fruit bowl,10.0,25.0
individual,2.0,26,4,Feather print racerback tunic,40.0,28.0
individual,2.0,27,4,Brown motif sunglasses,20.0,28.0
individual,2.0,28,4,Kiehl's scented candle,30.0,28.0
individual,2.0,29,4,Converse one star oxfords,20.0,30.0
individual,2.0,30,4,Spalding premier basketball,15.0,30.0
individual,2.0,31,4,Speed blender,40.0,31.0
individual,2.0,32,4,Turtle xylophone,8.0,31.0
individual,2.0,33,4,Crabtree & Evelyn seven seas bath salts,12.0,34.0
individual,2.0,34,4,Mr. Coffee steam espresso machine,30.0,35.0
individual,2.0,35,4,Extra virgin olive oil,14.0,35.0
individual,2.0,36,4,Kate Spade crystal goblet,8.0,35.0
individual,2.0,37,4,Mesh wastebasket,17.0,35.0
individual,2.0,38,4,31'' panther skateboard,30.0,35.0
individual,2.0,39,4,Marc Jacobs 'Miss Marc' earrings,20.0,38.0
individual,2.0,40,4,Food & wine cookbook,30.0,38.0
individual,2.0,41,4,Spruce goose pitcher,20.0,38.0
individual,2.0,42,4,Swiss Army pocket knife,18.0,40.0
individual,2.0,43,4,Motorola bluetooth headset,25.0,40.0
individual,2.0,44,4,McAfee virus scan,30.0,40.0
individual,2.0,45,4,Honey willow hamper with liner,22.0,40.0
individual,2.0,46,4,Mini trampoline,20.0,40.0
individual,2.0,47,4,Nicorette fresh mint gum,45.0,41.0
individual,2.0,48,4,Roxy fringed faux suede bag,20.0,42.0
individual,2.0,49,4,Gevalia connoisseur's coffee basket,20.0,43.0
individual,2.0,50,4,Rainbow wide strap thong,21.0,45.0
individual,2.0,1,5,Flower pencil,14.0,5.0
individual,2.0,2,5,Oat & honey pancake mix,7.0,8.0
individual,2.0,3,5,Pressed flowers mug,15.0,8.0
individual,2.0,4,5,Twiggy chopsticks,25.0,10.0
individual,2.0,5,5,Tea Forté tea sampler,48.0,10.0
individual,2.0,6,5,Energizer batteries,25.0,11.0
individual,2.0,7,5,Body brush,15.0,12.0
individual,2.0,8,5,Canine pajamas,28.0,13.0
individual,2.0,9,5,Nature Made calcium vitamin tablets,20.0,13.0
individual,2.0,10,5,Four-orange chocolate sauce,18.0,14.0
individual,2.0,11,5,L'Oréal hair color dye,12.0,14.0
individual,2.0,12,5,Wood serving tray,17.0,15.0
individual,2.0,13,5,Star Trek UNO game,35.0,15.0
individual,2.0,14,5,Lab Series skincare for men power wash,14.0,18.0
individual,2.0,15,5,Gold floral journal,25.0,18.0
individual,2.0,16,5,Heavy duty flashlight,15.0,19.0
individual,2.0,17,5,Tide concetrated liquid detergent 64-loads,20.0,20.0
individual,2.0,18,5,Nike sleeveless t-shirt,20.0,22.0
individual,2.0,19,5,Br'ita water purifying pitcher,30.0,23.0
individual,2.0,20,5,Starbucks stainless steel tumbler,14.0,23.0
individual,2.0,21,5,Honey pot,20.0,24.0
individual,2.0,22,5,Ice shaver,45.0,25.0
individual,2.0,23,5,French spice stack,25.0,25.0
individual,2.0,24,5,Conair ceramic ionic hairdryer,27.0,25.0
individual,2.0,25,5,Curly-cues fruit bowl,20.0,25.0
individual,2.0,26,5,Feather print racerback tunic,35.0,28.0
individual,2.0,27,5,Brown motif sunglasses,35.0,28.0
individual,2.0,28,5,Kiehl's scented candle,40.0,28.0
individual,2.0,29,5,Converse one star oxfords,35.0,30.0
individual,2.0,30,5,Spalding premier basketball,30.0,30.0
individual,2.0,31,5,Speed blender,35.0,31.0
individual,2.0,32,5,Turtle xylophone,22.0,31.0
individual,2.0,33,5,Crabtree & Evelyn seven seas bath salts,30.0,34.0
individual,2.0,34,5,Mr. Coffee steam espresso machine,45.0,35.0
individual,2.0,35,5,Extra virgin olive oil,30.0,35.0
individual,2.0,36,5,Kate Spade crystal goblet,15.0,35.0
individual,2.0,37,5,Mesh wastebasket,10.0,35.0
individual,2.0,38,5,31'' panther skateboard,35.0,35.0
individual,2.0,39,5,Marc Jacobs 'Miss Marc' earrings,45.0,38.0
individual,2.0,40,5,Food & wine cookbook,45.0,38.0
individual,2.0,41,5,Spruce goose pitcher,35.0,38.0
individual,2.0,42,5,Swiss Army pocket knife,25.0,40.0
individual,2.0,43,5,Motorola bluetooth headset,32.0,40.0
individual,2.0,44,5,McAfee virus scan,12.0,40.0
individual,2.0,45,5,Honey willow hamper with liner,35.0,40.0
individual,2.0,46,5,Mini trampoline,25.0,40.0
individual,2.0,47,5,Nicorette fresh mint gum,25.0,41.0
individual,2.0,48,5,Roxy fringed faux suede bag,24.0,42.0
individual,2.0,49,5,Gevalia connoisseur's coffee basket,43.0,43.0
individual,2.0,50,5,Rainbow wide strap thong,35.0,45.0
individual,2.0,1,6,Flower pencil,5.0,5.0
individual,2.0,2,6,Oat & honey pancake mix,7.0,8.0
individual,2.0,3,6,Pressed flowers mug,9.0,8.0
individual,2.0,4,6,Twiggy chopsticks,12.0,10.0
individual,2.0,5,6,Tea Forté tea sampler,27.0,10.0
individual,2.0,6,6,Energizer batteries,14.0,11.0
individual,2.0,7,6,Body brush,30.0,12.0
individual,2.0,8,6,Canine pajamas,25.0,13.0
individual,2.0,9,6,Nature Made calcium vitamin tablets,9.0,13.0
individual,2.0,10,6,Four-orange chocolate sauce,4.0,14.0
individual,2.0,11,6,L'Oréal hair color dye,5.0,14.0
individual,2.0,12,6,Wood serving tray,20.0,15.0
individual,2.0,13,6,Star Trek UNO game,29.0,15.0
individual,2.0,14,6,Lab Series skincare for men power wash,24.0,18.0
individual,2.0,15,6,Gold floral journal,39.0,18.0
individual,2.0,16,6,Heavy duty flashlight,19.0,19.0
individual,2.0,17,6,Tide concetrated liquid detergent 64-loads,12.0,20.0
individual,2.0,18,6,Nike sleeveless t-shirt,15.0,22.0
individual,2.0,19,6,Br'ita water purifying pitcher,24.0,23.0
individual,2.0,20,6,Starbucks stainless steel tumbler,17.0,23.0
individual,2.0,21,6,Honey pot,6.0,24.0
individual,2.0,22,6,Ice shaver,14.0,25.0
individual,2.0,23,6,French spice stack,33.0,25.0
individual,2.0,24,6,Conair ceramic ionic hairdryer,31.0,25.0
individual,2.0,25,6,Curly-cues fruit bowl,10.0,25.0
individual,2.0,26,6,Feather print racerback tunic,37.0,28.0
individual,2.0,27,6,Brown motif sunglasses,8.0,28.0
individual,2.0,28,6,Kiehl's scented candle,40.0,28.0
individual,2.0,29,6,Converse one star oxfords,14.0,30.0
individual,2.0,30,6,Spalding premier basketball,19.0,30.0
individual,2.0,31,6,Speed blender,35.0,31.0
individual,2.0,32,6,Turtle xylophone,20.0,31.0
individual,2.0,33,6,Crabtree & Evelyn seven seas bath salts,25.0,34.0
individual,2.0,34,6,Mr. Coffee steam espresso machine,27.0,35.0
individual,2.0,35,6,Extra virgin olive oil,20.0,35.0
individual,2.0,36,6,Kate Spade crystal goblet,17.0,35.0
individual,2.0,37,6,Mesh wastebasket,16.0,35.0
individual,2.0,38,6,31'' panther skateboard,19.0,35.0
individual,2.0,39,6,Marc Jacobs 'Miss Marc' earrings,27.0,38.0
individual,2.0,40,6,Food & wine cookbook,33.0,38.0
individual,2.0,41,6,Spruce goose pitcher,16.0,38.0
individual,2.0,42,6,Swiss Army pocket knife,12.0,40.0
individual,2.0,43,6,Motorola bluetooth headset,38.0,40.0
individual,2.0,44,6,McAfee virus scan,17.0,40.0
individual,2.0,45,6,Honey willow hamper with liner,30.0,40.0
individual,2.0,46,6,Mini trampoline,23.0,40.0
individual,2.0,47,6,Nicorette fresh mint gum,30.0,41.0
individual,2.0,48,6,Roxy fringed faux suede bag,20.0,42.0
individual,2.0,49,6,Gevalia connoisseur's coffee basket,23.0,43.0
individual,2.0,50,6,Rainbow wide strap thong,27.0,45.0
individual,2.0,1,7,Flower pencil,5.0,5.0
individual,2.0,2,7,Oat & honey pancake mix,20.0,8.0
individual,2.0,3,7,Pressed flowers mug,20.0,8.0
individual,2.0,4,7,Twiggy chopsticks,10.0,10.0
individual,2.0,5,7,Tea Forté tea sampler,12.0,10.0
individual,2.0,6,7,Energizer batteries,12.0,11.0
individual,2.0,7,7,Body brush,5.0,12.0
individual,2.0,8,7,Canine pajamas,15.0,13.0
individual,2.0,9,7,Nature Made calcium vitamin tablets,12.0,13.0
individual,2.0,10,7,Four-orange chocolate sauce,15.0,14.0
individual,2.0,11,7,L'Oréal hair color dye,10.0,14.0
individual,2.0,12,7,Wood serving tray,30.0,15.0
individual,2.0,13,7,Star Trek UNO game,12.0,15.0
individual,2.0,14,7,Lab Series skincare for men power wash,50.0,18.0
individual,2.0,15,7,Gold floral journal,20.0,18.0
individual,2.0,16,7,Heavy duty flashlight,20.0,19.0
individual,2.0,17,7,Tide concetrated liquid detergent 64-loads,20.0,20.0
individual,2.0,18,7,Nike sleeveless t-shirt,12.0,22.0
individual,2.0,19,7,Br'ita water purifying pitcher,25.0,23.0
individual,2.0,20,7,Starbucks stainless steel tumbler,18.0,23.0
individual,2.0,21,7,Honey pot,12.0,24.0
individual,2.0,22,7,Ice shaver,15.0,25.0
individual,2.0,23,7,French spice stack,20.0,25.0
individual,2.0,24,7,Conair ceramic ionic hairdryer,15.0,25.0
individual,2.0,25,7,Curly-cues fruit bowl,20.0,25.0
individual,2.0,26,7,Feather print racerback tunic,25.0,28.0
individual,2.0,27,7,Brown motif sunglasses,15.0,28.0
individual,2.0,28,7,Kiehl's scented candle,10.0,28.0
individual,2.0,29,7,Converse one star oxfords,12.0,30.0
individual,2.0,30,7,Spalding premier basketball,20.0,30.0
individual,2.0,31,7,Speed blender,30.0,31.0
individual,2.0,32,7,Turtle xylophone,18.0,31.0
individual,2.0,33,7,Crabtree & Evelyn seven seas bath salts,25.0,34.0
individual,2.0,34,7,Mr. Coffee steam espresso machine,35.0,35.0
individual,2.0,35,7,Extra virgin olive oil,25.0,35.0
individual,2.0,36,7,Kate Spade crystal goblet,35.0,35.0
individual,2.0,37,7,Mesh wastebasket,15.0,35.0
individual,2.0,38,7,31'' panther skateboard,25.0,35.0
individual,2.0,39,7,Marc Jacobs 'Miss Marc' earrings,20.0,38.0
individual,2.0,40,7,Food & wine cookbook,20.0,38.0
individual,2.0,41,7,Spruce goose pitcher,13.0,38.0
individual,2.0,42,7,Swiss Army pocket knife,20.0,40.0
individual,2.0,43,7,Motorola bluetooth headset,25.0,40.0
individual,2.0,44,7,McAfee virus scan,20.0,40.0
individual,2.0,45,7,Honey willow hamper with liner,20.0,40.0
individual,2.0,46,7,Mini trampoline,20.0,40.0
individual,2.0,47,7,Nicorette fresh mint gum,25.0,41.0
individual,2.0,48,7,Roxy fringed faux suede bag,20.0,42.0
individual,2.0,49,7,Gevalia connoisseur's coffee basket,25.0,43.0
individual,2.0,50,7,Rainbow wide strap thong,20.0,45.0
individual,2.0,1,8,Flower pencil,5.0,5.0
individual,2.0,2,8,Oat & honey pancake mix,2.0,8.0
individual,2.0,3,8,Pressed flowers mug,20.0,8.0
individual,2.0,4,8,Twiggy chopsticks,15.0,10.0
individual,2.0,5,8,Tea Forté tea sampler,15.0,10.0
individual,2.0,6,8,Energizer batteries,10.0,11.0
individual,2.0,7,8,Body brush,8.0,12.0
individual,2.0,8,8,Canine pajamas,15.0,13.0
individual,2.0,9,8,Nature Made calcium vitamin tablets,20.0,13.0
individual,2.0,10,8,Four-orange chocolate sauce,15.0,14.0
individual,2.0,11,8,L'Oréal hair color dye,10.0,14.0
individual,2.0,12,8,Wood serving tray,25.0,15.0
individual,2.0,13,8,Star Trek UNO game,18.0,15.0
individual,2.0,14,8,Lab Series skincare for men power wash,30.0,18.0
individual,2.0,15,8,Gold floral journal,45.0,18.0
individual,2.0,16,8,Heavy duty flashlight,2.0,19.0
individual,2.0,17,8,Tide concetrated liquid detergent 64-loads,20.0,20.0
individual,2.0,18,8,Nike sleeveless t-shirt,22.0,22.0
individual,2.0,19,8,Br'ita water purifying pitcher,15.0,23.0
individual,2.0,20,8,Starbucks stainless steel tumbler,5.0,23.0
individual,2.0,21,8,Honey pot,15.0,24.0
individual,2.0,22,8,Ice shaver,20.0,25.0
individual,2.0,23,8,French spice stack,35.0,25.0
individual,2.0,24,8,Conair ceramic ionic hairdryer,30.0,25.0
individual,2.0,25,8,Curly-cues fruit bowl,15.0,25.0
individual,2.0,26,8,Feather print racerback tunic,15.0,28.0
individual,2.0,27,8,Brown motif sunglasses,15.0,28.0
individual,2.0,28,8,Kiehl's scented candle,30.0,28.0
individual,2.0,29,8,Converse one star oxfords,15.0,30.0
individual,2.0,30,8,Spalding premier basketball,15.0,30.0
individual,2.0,31,8,Speed blender,20.0,31.0
individual,2.0,32,8,Turtle xylophone,25.0,31.0
individual,2.0,33,8,Crabtree & Evelyn seven seas bath salts,20.0,34.0
individual,2.0,34,8,Mr. Coffee steam espresso machine,50.0,35.0
individual,2.0,35,8,Extra virgin olive oil,10.0,35.0
individual,2.0,36,8,Kate Spade crystal goblet,22.0,35.0
individual,2.0,37,8,Mesh wastebasket,20.0,35.0
individual,2.0,38,8,31'' panther skateboard,20.0,35.0
individual,2.0,39,8,Marc Jacobs 'Miss Marc' earrings,35.0,38.0
individual,2.0,40,8,Food & wine cookbook,45.0,38.0
individual,2.0,41,8,Spruce goose pitcher,25.0,38.0
individual,2.0,42,8,Swiss Army pocket knife,30.0,40.0
individual,2.0,43,8,Motorola bluetooth headset,15.0,40.0
individual,2.0,44,8,McAfee virus scan,20.0,40.0
individual,2.0,45,8,Honey willow hamper with liner,50.0,40.0
individual,2.0,46,8,Mini trampoline,40.0,40.0
individual,2.0,47,8,Nicorette fresh mint gum,45.0,41.0
individual,2.0,48,8,Roxy fringed faux suede bag,10.0,42.0
individual,2.0,49,8,Gevalia connoisseur's coffee basket,20.0,43.0
individual,2.0,50,8,Rainbow wide strap thong,40.0,45.0
individual,2.0,1,9,Flower pencil,9.0,5.0
individual,2.0,2,9,Oat & honey pancake mix,6.0,8.0
individual,2.0,3,9,Pressed flowers mug,20.0,8.0
individual,2.0,4,9,Twiggy chopsticks,8.0,10.0
individual,2.0,5,9,Tea Forté tea sampler,39.0,10.0
individual,2.0,6,9,Energizer batteries,47.0,11.0
individual,2.0,7,9,Body brush,14.0,12.0
individual,2.0,8,9,Canine pajamas,25.0,13.0
individual,2.0,9,9,Nature Made calcium vitamin tablets,12.0,13.0
individual,2.0,10,9,Four-orange chocolate sauce,14.0,14.0
individual,2.0,11,9,L'Oréal hair color dye,13.0,14.0
individual,2.0,12,9,Wood serving tray,15.0,15.0
individual,2.0,13,9,Star Trek UNO game,17.0,15.0
individual,2.0,14,9,Lab Series skincare for men power wash,18.0,18.0
individual,2.0,15,9,Gold floral journal,36.0,18.0
individual,2.0,16,9,Heavy duty flashlight,19.0,19.0
individual,2.0,17,9,Tide concetrated liquid detergent 64-loads,30.0,20.0
individual,2.0,18,9,Nike sleeveless t-shirt,16.0,22.0
individual,2.0,19,9,Br'ita water purifying pitcher,25.0,23.0
individual,2.0,20,9,Starbucks stainless steel tumbler,13.0,23.0
individual,2.0,21,9,Honey pot,10.0,24.0
individual,2.0,22,9,Ice shaver,30.0,25.0
individual,2.0,23,9,French spice stack,35.0,25.0
individual,2.0,24,9,Conair ceramic ionic hairdryer,19.0,25.0
individual,2.0,25,9,Curly-cues fruit bowl,2.0,25.0
individual,2.0,26,9,Feather print racerback tunic,17.0,28.0
individual,2.0,27,9,Brown motif sunglasses,16.0,28.0
individual,2.0,28,9,Kiehl's scented candle,45.0,28.0
individual,2.0,29,9,Converse one star oxfords,8.0,30.0
individual,2.0,30,9,Spalding premier basketball,19.0,30.0
individual,2.0,31,9,Speed blender,25.0,31.0
individual,2.0,32,9,Turtle xylophone,16.0,31.0
individual,2.0,33,9,Crabtree & Evelyn seven seas bath salts,13.0,34.0
individual,2.0,34,9,Mr. Coffee steam espresso machine,39.0,35.0
individual,2.0,35,9,Extra virgin olive oil,24.0,35.0
individual,2.0,36,9,Kate Spade crystal goblet,12.0,35.0
individual,2.0,37,9,Mesh wastebasket,20.0,35.0
individual,2.0,38,9,31'' panther skateboard,26.0,35.0
individual,2.0,39,9,Marc Jacobs 'Miss Marc' earrings,23.0,38.0
individual,2.0,40,9,Food & wine cookbook,26.0,38.0
individual,2.0,41,9,Spruce goose pitcher,30.0,38.0
individual,2.0,42,9,Swiss Army pocket knife,15.0,40.0
individual,2.0,43,9,Motorola bluetooth headset,25.0,40.0
individual,2.0,44,9,McAfee virus scan,32.0,40.0
individual,2.0,45,9,Honey willow hamper with liner,10.0,40.0
individual,2.0,46,9,Mini trampoline,45.0,40.0
individual,2.0,47,9,Nicorette fresh mint gum,45.0,41.0
individual,2.0,48,9,Roxy fringed faux suede bag,13.0,42.0
individual,2.0,49,9,Gevalia connoisseur's coffee basket,23.0,43.0
individual,2.0,50,9,Rainbow wide strap thong,36.0,45.0
individual,2.0,1,10,Flower pencil,6.0,5.0
individual,2.0,2,10,Oat & honey pancake mix,4.0,8.0
individual,2.0,3,10,Pressed flowers mug,18.0,8.0
individual,2.0,4,10,Twiggy chopsticks,19.0,10.0
individual,2.0,5,10,Tea Forté tea sampler,12.0,10.0
individual,2.0,6,10,Energizer batteries,25.0,11.0
individual,2.0,7,10,Body brush,10.0,12.0
individual,2.0,8,10,Canine pajamas,34.0,13.0
individual,2.0,9,10,Nature Made calcium vitamin tablets,14.0,13.0
individual,2.0,10,10,Four-orange chocolate sauce,7.0,14.0
individual,2.0,11,10,L'Oréal hair color dye,12.0,14.0
individual,2.0,12,10,Wood serving tray,29.0,15.0
individual,2.0,13,10,Star Trek UNO game,9.0,15.0
individual,2.0,14,10,Lab Series skincare for men power wash,27.0,18.0
individual,2.0,15,10,Gold floral journal,50.0,18.0
individual,2.0,16,10,Heavy duty flashlight,10.0,19.0
individual,2.0,17,10,Tide concetrated liquid detergent 64-loads,24.0,20.0
individual,2.0,18,10,Nike sleeveless t-shirt,16.0,22.0
individual,2.0,19,10,Br'ita water purifying pitcher,25.0,23.0
individual,2.0,20,10,Starbucks stainless steel tumbler,20.0,23.0
individual,2.0,21,10,Honey pot,15.0,24.0
individual,2.0,22,10,Ice shaver,8.0,25.0
individual,2.0,23,10,French spice stack,30.0,25.0
individual,2.0,24,10,Conair ceramic ionic hairdryer,25.0,25.0
individual,2.0,25,10,Curly-cues fruit bowl,20.0,25.0
individual,2.0,26,10,Feather print racerback tunic,45.0,28.0
individual,2.0,27,10,Brown motif sunglasses,27.0,28.0
individual,2.0,28,10,Kiehl's scented candle,14.0,28.0
individual,2.0,29,10,Converse one star oxfords,7.0,30.0
individual,2.0,30,10,Spalding premier basketball,23.0,30.0
individual,2.0,31,10,Speed blender,28.0,31.0
individual,2.0,32,10,Turtle xylophone,15.0,31.0
individual,2.0,33,10,Crabtree & Evelyn seven seas bath salts,19.0,34.0
individual,2.0,34,10,Mr. Coffee steam espresso machine,45.0,35.0
individual,2.0,35,10,Extra virgin olive oil,20.0,35.0
individual,2.0,36,10,Kate Spade crystal goblet,24.0,35.0
individual,2.0,37,10,Mesh wastebasket,28.0,35.0
individual,2.0,38,10,31'' panther skateboard,30.0,35.0
individual,2.0,39,10,Marc Jacobs 'Miss Marc' earrings,40.0,38.0
individual,2.0,40,10,Food & wine cookbook,50.0,38.0
individual,2.0,41,10,Spruce goose pitcher,50.0,38.0
individual,2.0,42,10,Swiss Army pocket knife,25.0,40.0
individual,2.0,43,10,Motorola bluetooth headset,42.0,40.0
individual,2.0,44,10,McAfee virus scan,25.0,40.0
individual,2.0,45,10,Honey willow hamper with liner,20.0,40.0
individual,2.0,46,10,Mini trampoline,45.0,40.0
individual,2.0,47,10,Nicorette fresh mint gum,18.0,41.0
individual,2.0,48,10,Roxy fringed faux suede bag,40.0,42.0
individual,2.0,49,10,Gevalia connoisseur's coffee basket,23.0,43.0
individual,2.0,50,10,Rainbow wide strap thong,38.0,45.0
individual,2.0,1,11,Flower pencil,8.0,5.0
individual,2.0,2,11,Oat & honey pancake mix,7.0,8.0
individual,2.0,3,11,Pressed flowers mug,15.0,8.0
individual,2.0,4,11,Twiggy chopsticks,9.0,10.0
individual,2.0,5,11,Tea Forté tea sampler,25.0,10.0
individual,2.0,6,11,Energizer batteries,45.0,11.0
individual,2.0,7,11,Body brush,12.0,12.0
individual,2.0,8,11,Canine pajamas,15.0,13.0
individual,2.0,9,11,Nature Made calcium vitamin tablets,8.0,13.0
individual,2.0,10,11,Four-orange chocolate sauce,25.0,14.0
individual,2.0,11,11,L'Oréal hair color dye,25.0,14.0
individual,2.0,12,11,Wood serving tray,20.0,15.0
individual,2.0,13,11,Star Trek UNO game,12.0,15.0
individual,2.0,14,11,Lab Series skincare for men power wash,25.0,18.0
individual,2.0,15,11,Gold floral journal,25.0,18.0
individual,2.0,16,11,Heavy duty flashlight,25.0,19.0
individual,2.0,17,11,Tide concetrated liquid detergent 64-loads,25.0,20.0
individual,2.0,18,11,Nike sleeveless t-shirt,10.0,22.0
individual,2.0,19,11,Br'ita water purifying pitcher,25.0,23.0
individual,2.0,20,11,Starbucks stainless steel tumbler,9.0,23.0
individual,2.0,21,11,Honey pot,8.0,24.0
individual,2.0,22,11,Ice shaver,20.0,25.0
individual,2.0,23,11,French spice stack,30.0,25.0
individual,2.0,24,11,Conair ceramic ionic hairdryer,20.0,25.0
individual,2.0,25,11,Curly-cues fruit bowl,20.0,25.0
individual,2.0,26,11,Feather print racerback tunic,25.0,28.0
individual,2.0,27,11,Brown motif sunglasses,20.0,28.0
individual,2.0,28,11,Kiehl's scented candle,18.0,28.0
individual,2.0,29,11,Converse one star oxfords,30.0,30.0
individual,2.0,30,11,Spalding premier basketball,20.0,30.0
individual,2.0,31,11,Speed blender,45.0,31.0
individual,2.0,32,11,Turtle xylophone,30.0,31.0
individual,2.0,33,11,Crabtree & Evelyn seven seas bath salts,10.0,34.0
individual,2.0,34,11,Mr. Coffee steam espresso machine,45.0,35.0
individual,2.0,35,11,Extra virgin olive oil,25.0,35.0
individual,2.0,36,11,Kate Spade crystal goblet,30.0,35.0
individual,2.0,37,11,Mesh wastebasket,25.0,35.0
individual,2.0,38,11,31'' panther skateboard,50.0,35.0
individual,2.0,39,11,Marc Jacobs 'Miss Marc' earrings,30.0,38.0
individual,2.0,40,11,Food & wine cookbook,35.0,38.0
individual,2.0,41,11,Spruce goose pitcher,45.0,38.0
individual,2.0,42,11,Swiss Army pocket knife,15.0,40.0
individual,2.0,43,11,Motorola bluetooth headset,35.0,40.0
individual,2.0,44,11,McAfee virus scan,40.0,40.0
individual,2.0,45,11,Honey willow hamper with liner,25.0,40.0
individual,2.0,46,11,Mini trampoline,35.0,40.0
individual,2.0,47,11,Nicorette fresh mint gum,35.0,41.0
individual,2.0,48,11,Roxy fringed faux suede bag,45.0,42.0
individual,2.0,49,11,Gevalia connoisseur's coffee basket,15.0,43.0
individual,2.0,50,11,Rainbow wide strap thong,25.0,45.0
primed_individual,2.0,1,1,Flower pencil,5.0,5.0
primed_individual,2.0,2,1,Oat & honey pancake mix,20.0,8.0
primed_individual,2.0,3,1,Pressed flowers mug,15.0,8.0
primed_individual,2.0,4,1,Twiggy chopsticks,5.0,10.0
primed_individual,2.0,5,1,Tea Forté tea sampler,20.0,10.0
primed_individual,2.0,6,1,Energizer batteries,13.0,11.0
primed_individual,2.0,7,1,Body brush,12.0,12.0
primed_individual,2.0,8,1,Canine pajamas,15.0,13.0
primed_individual,2.0,9,1,Nature Made calcium vitamin tablets,15.0,13.0
primed_individual,2.0,10,1,Four-orange chocolate sauce,20.0,14.0
primed_individual,2.0,11,1,L'Oréal hair color dye,15.0,14.0
primed_individual,2.0,12,1,Wood serving tray,20.0,15.0
primed_individual,2.0,13,1,Star Trek UNO game,12.0,15.0
primed_individual,2.0,14,1,Lab Series skincare for men power wash,35.0,18.0
primed_individual,2.0,15,1,Gold floral journal,42.0,18.0
primed_individual,2.0,16,1,Heavy duty flashlight,29.0,19.0
primed_individual,2.0,17,1,Tide concetrated liquid detergent 64-loads,17.0,20.0
primed_individual,2.0,18,1,Nike sleeveless t-shirt,30.0,22.0
primed_individual,2.0,19,1,Br'ita water purifying pitcher,27.0,23.0
primed_individual,2.0,20,1,Starbucks stainless steel tumbler,25.0,23.0
primed_individual,2.0,21,1,Honey pot,20.0,24.0
primed_individual,2.0,22,1,Ice shaver,39.0,25.0
primed_individual,2.0,23,1,French spice stack,20.0,25.0
primed_individual,2.0,24,1,Conair ceramic ionic hairdryer,22.0,25.0
primed_individual,2.0,25,1,Curly-cues fruit bowl,25.0,25.0
primed_individual,2.0,26,1,Feather print racerback tunic,35.0,28.0
primed_individual,2.0,27,1,Brown motif sunglasses,22.0,28.0
primed_individual,2.0,28,1,Kiehl's scented candle,5.0,28.0
primed_individual,2.0,29,1,Converse one star oxfords,38.0,30.0
primed_individual,2.0,30,1,Spalding premier basketball,30.0,30.0
primed_individual,2.0,31,1,Speed blender,42.0,31.0
primed_individual,2.0,32,1,Turtle xylophone,18.0,31.0
primed_individual,2.0,33,1,Crabtree & Evelyn seven seas bath salts,20.0,34.0
primed_individual,2.0,34,1,Mr. Coffee steam espresso machine,50.0,35.0
primed_individual,2.0,35,1,Extra virgin olive oil,15.0,35.0
primed_individual,2.0,36,1,Kate Spade crystal goblet,37.0,35.0
primed_individual,2.0,37,1,Mesh wastebasket,18.0,35.0
primed_individual,2.0,38,1,31'' panther skateboard,45.0,35.0
primed_individual,2.0,39,1,Marc Jacobs 'Miss Marc' earrings,50.0,38.0
primed_individual,2.0,40,1,Food & wine cookbook,28.0,38.0
primed_individual,2.0,41,1,Spruce goose pitcher,10.0,38.0
primed_individual,2.0,42,1,Swiss Army pocket knife,40.0,40.0
primed_individual,2.0,43,1,Motorola bluetooth headset,40.0,40.0
primed_individual,2.0,44,1,McAfee virus scan,45.0,40.0
primed_individual,2.0,45,1,Honey willow hamper with liner,34.0,40.0
primed_individual,2.0,46,1,Mini trampoline,45.0,40.0
primed_individual,2.0,47,1,Nicorette fresh mint gum,35.0,41.0
primed_individual,2.0,48,1,Roxy fringed faux suede bag,20.0,42.0
primed_individual,2.0,49,1,Gevalia connoisseur's coffee basket,34.0,43.0
primed_individual,2.0,50,1,Rainbow wide strap thong,43.0,45.0
primed_individual,2.0,1,2,Flower pencil,5.0,5.0
primed_individual,2.0,2,2,Oat & honey pancake mix,18.0,8.0
primed_individual,2.0,3,2,Pressed flowers mug,13.0,8.0
primed_individual,2.0,4,2,Twiggy chopsticks,8.0,10.0
primed_individual,2.0,5,2,Tea Forté tea sampler,18.0,10.0
primed_individual,2.0,6,2,Energizer batteries,3.0,11.0
primed_individual,2.0,7,2,Body brush,13.0,12.0
primed_individual,2.0,8,2,Canine pajamas,20.0,13.0
primed_individual,2.0,9,2,Nature Made calcium vitamin tablets,18.0,13.0
primed_individual,2.0,10,2,Four-orange chocolate sauce,18.0,14.0
primed_individual,2.0,11,2,L'Oréal hair color dye,12.0,14.0
primed_individual,2.0,12,2,Wood serving tray,15.0,15.0
primed_individual,2.0,13,2,Star Trek UNO game,12.0,15.0
primed_individual,2.0,14,2,Lab Series skincare for men power wash,30.0,18.0
primed_individual,2.0,15,2,Gold floral journal,45.0,18.0
primed_individual,2.0,16,2,Heavy duty flashlight,20.0,19.0
primed_individual,2.0,17,2,Tide concetrated liquid detergent 64-loads,15.0,20.0
primed_individual,2.0,18,2,Nike sleeveless t-shirt,20.0,22.0
primed_individual,2.0,19,2,Br'ita water purifying pitcher,35.0,23.0
primed_individual,2.0,20,2,Starbucks stainless steel tumbler,25.0,23.0
primed_individual,2.0,21,2,Honey pot,12.0,24.0
primed_individual,2.0,22,2,Ice shaver,12.0,25.0
primed_individual,2.0,23,2,French spice stack,35.0,25.0
primed_individual,2.0,24,2,Conair ceramic ionic hairdryer,35.0,25.0
primed_individual,2.0,25,2,Curly-cues fruit bowl,35.0,25.0
primed_individual,2.0,26,2,Feather print racerback tunic,30.0,28.0
primed_individual,2.0,27,2,Brown motif sunglasses,35.0,28.0
primed_individual,2.0,28,2,Kiehl's scented candle,8.0,28.0
primed_individual,2.0,29,2,Converse one star oxfords,50.0,30.0
primed_individual,2.0,30,2,Spalding premier basketball,18.0,30.0
primed_individual,2.0,31,2,Speed blender,35.0,31.0
primed_individual,2.0,32,2,Turtle xylophone,15.0,31.0
primed_individual,2.0,33,2,Crabtree & Evelyn seven seas bath salts,20.0,34.0
primed_individual,2.0,34,2,Mr. Coffee steam espresso machine,45.0,35.0
primed_individual,2.0,35,2,Extra virgin olive oil,22.0,35.0
primed_individual,2.0,36,2,Kate Spade crystal goblet,35.0,35.0
primed_individual,2.0,37,2,Mesh wastebasket,20.0,35.0
primed_individual,2.0,38,2,31'' panther skateboard,38.0,35.0
primed_individual,2.0,39,2,Marc Jacobs 'Miss Marc' earrings,20.0,38.0
primed_individual,2.0,40,2,Food & wine cookbook,40.0,38.0
primed_individual,2.0,41,2,Spruce goose pitcher,20.0,38.0
primed_individual,2.0,42,2,Swiss Army pocket knife,25.0,40.0
primed_individual,2.0,43,2,Motorola bluetooth headset,20.0,40.0
primed_individual,2.0,44,2,McAfee virus scan,30.0,40.0
primed_individual,2.0,45,2,Honey willow hamper with liner,15.0,40.0
primed_individual,2.0,46,2,Mini trampoline,40.0,40.0
primed_individual,2.0,47,2,Nicorette fresh mint gum,6.0,41.0
primed_individual,2.0,48,2,Roxy fringed faux suede bag,18.0,42.0
primed_individual,2.0,49,2,Gevalia connoisseur's coffee basket,40.0,43.0
primed_individual,2.0,50,2,Rainbow wide strap thong,25.0,45.0
primed_individual,2.0,1,3,Flower pencil,5.0,5.0
primed_individual,2.0,2,3,Oat & honey pancake mix,10.0,8.0
primed_individual,2.0,3,3,Pressed flowers mug,12.0,8.0
primed_individual,2.0,4,3,Twiggy chopsticks,8.0,10.0
primed_individual,2.0,5,3,Tea Forté tea sampler,13.0,10.0
primed_individual,2.0,6,3,Energizer batteries,6.0,11.0
primed_individual,2.0,7,3,Body brush,25.0,12.0
primed_individual,2.0,8,3,Canine pajamas,20.0,13.0
primed_individual,2.0,9,3,Nature Made calcium vitamin tablets,12.0,13.0
primed_individual,2.0,10,3,Four-orange chocolate sauce,9.0,14.0
primed_individual,2.0,11,3,L'Oréal hair color dye,10.0,14.0
primed_individual,2.0,12,3,Wood serving tray,35.0,15.0
primed_individual,2.0,13,3,Star Trek UNO game,10.0,15.0
primed_individual,2.0,14,3,Lab Series skincare for men power wash,15.0,18.0
primed_individual,2.0,15,3,Gold floral journal,12.0,18.0
primed_individual,2.0,16,3,Heavy duty flashlight,15.0,19.0
primed_individual,2.0,17,3,Tide concetrated liquid detergent 64-loads,14.0,20.0
primed_individual,2.0,18,3,Nike sleeveless t-shirt,15.0,22.0
primed_individual,2.0,19,3,Br'ita water purifying pitcher,25.0,23.0
primed_individual,2.0,20,3,Starbucks stainless steel tumbler,18.0,23.0
primed_individual,2.0,21,3,Honey pot,10.0,24.0
primed_individual,2.0,22,3,Ice shaver,25.0,25.0
primed_individual,2.0,23,3,French spice stack,30.0,25.0
primed_individual,2.0,24,3,Conair ceramic ionic hairdryer,20.0,25.0
primed_individual,2.0,25,3,Curly-cues fruit bowl,30.0,25.0
primed_individual,2.0,26,3,Feather print racerback tunic,20.0,28.0
primed_individual,2.0,27,3,Brown motif sunglasses,25.0,28.0
primed_individual,2.0,28,3,Kiehl's scented candle,8.0,28.0
primed_individual,2.0,29,3,Converse one star oxfords,40.0,30.0
primed_individual,2.0,30,3,Spalding premier basketball,30.0,30.0
primed_individual,2.0,31,3,Speed blender,40.0,31.0
primed_individual,2.0,32,3,Turtle xylophone,18.0,31.0
primed_individual,2.0,33,3,Crabtree & Evelyn seven seas bath salts,25.0,34.0
primed_individual,2.0,34,3,Mr. Coffee steam espresso machine,36.0,35.0
primed_individual,2.0,35,3,Extra virgin olive oil,15.0,35.0
primed_individual,2.0,36,3,Kate Spade crystal goblet,35.0,35.0
primed_individual,2.0,37,3,Mesh wastebasket,25.0,35.0
primed_individual,2.0,38,3,31'' panther skateboard,39.0,35.0
primed_individual,2.0,39,3,Marc Jacobs 'Miss Marc' earrings,40.0,38.0
primed_individual,2.0,40,3,Food & wine cookbook,28.0,38.0
primed_individual,2.0,41,3,Spruce goose pitcher,10.0,38.0
primed_individual,2.0,42,3,Swiss Army pocket knife,15.0,40.0
primed_individual,2.0,43,3,Motorola bluetooth headset,35.0,40.0
primed_individual,2.0,44,3,McAfee virus scan,40.0,40.0
primed_individual,2.0,45,3,Honey willow hamper with liner,15.0,40.0
primed_individual,2.0,46,3,Mini trampoline,40.0,40.0
primed_individual,2.0,47,3,Nicorette fresh mint gum,35.0,41.0
primed_individual,2.0,48,3,Roxy fringed faux suede bag,12.0,42.0
primed_individual,2.0,49,3,Gevalia connoisseur's coffee basket,35.0,43.0
primed_individual,2.0,50,3,Rainbow wide strap thong,45.0,45.0
primed_individual,2.0,1,4,Flower pencil,13.0,5.0
primed_individual,2.0,2,4,Oat & honey pancake mix,10.0,8.0
primed_individual,2.0,3,4,Pressed flowers mug,10.0,8.0
primed_individual,2.0,4,4,Twiggy chopsticks,12.0,10.0
primed_individual,2.0,5,4,Tea Forté tea sampler,10.0,10.0
primed_individual,2.0,6,4,Energizer batteries,4.0,11.0
primed_individual,2.0,7,4,Body brush,18.0,12.0
primed_individual,2.0,8,4,Canine pajamas,25.0,13.0
primed_individual,2.0,9,4,Nature Made calcium vitamin tablets,15.0,13.0
primed_individual,2.0,10,4,Four-orange chocolate sauce,20.0,14.0
primed_individual,2.0,11,4,L'Oréal hair color dye,10.0,14.0
primed_individual,2.0,12,4,Wood serving tray,20.0,15.0
primed_individual,2.0,13,4,Star Trek UNO game,12.0,15.0
primed_individual,2.0,14,4,Lab Series skincare for men power wash,29.0,18.0
primed_individual,2.0,15,4,Gold floral journal,30.0,18.0
primed_individual,2.0,16,4,Heavy duty flashlight,20.0,19.0
primed_individual,2.0,17,4,Tide concetrated liquid detergent 64-loads,10.0,20.0
primed_individual,2.0,18,4,Nike sleeveless t-shirt,25.0,22.0
primed_individual,2.0,19,4,Br'ita water purifying pitcher,43.0,23.0
primed_individual,2.0,20,4,Starbucks stainless steel tumbler,10.0,23.0
primed_individual,2.0,21,4,Honey pot,18.0,24.0
primed_individual,2.0,22,4,Ice shaver,25.0,25.0
primed_individual,2.0,23,4,French spice stack,28.0,25.0
primed_individual,2.0,24,4,Conair ceramic ionic hairdryer,30.0,25.0
primed_individual,2.0,25,4,Curly-cues fruit bowl,22.0,25.0
primed_individual,2.0,26,4,Feather print racerback tunic,19.0,28.0
primed_individual,2.0,27,4,Brown motif sunglasses,10.0,28.0
primed_individual,2.0,28,4,Kiehl's scented candle,10.0,28.0
primed_individual,2.0,29,4,Converse one star oxfords,35.0,30.0
primed_individual,2.0,30,4,Spalding premier basketball,17.0,30.0
primed_individual,2.0,31,4,Speed blender,50.0,31.0
primed_individual,2.0,32,4,Turtle xylophone,20.0,31.0
primed_individual,2.0,33,4,Crabtree & Evelyn seven seas bath salts,36.0,34.0
primed_individual,2.0,34,4,Mr. Coffee steam espresso machine,50.0,35.0
primed_individual,2.0,35,4,Extra virgin olive oil,15.0,35.0
primed_individual,2.0,36,4,Kate Spade crystal goblet,22.0,35.0
primed_individual,2.0,37,4,Mesh wastebasket,50.0,35.0
primed_individual,2.0,38,4,31'' panther skateboard,40.0,35.0
primed_individual,2.0,39,4,Marc Jacobs 'Miss Marc' earrings,40.0,38.0
primed_individual,2.0,40,4,Food & wine cookbook,25.0,38.0
primed_individual,2.0,41,4,Spruce goose pitcher,18.0,38.0
primed_individual,2.0,42,4,Swiss Army pocket knife,50.0,40.0
primed_individual,2.0,43,4,Motorola bluetooth headset,43.0,40.0
primed_individual,2.0,44,4,McAfee virus scan,40.0,40.0
primed_individual,2.0,45,4,Honey willow hamper with liner,20.0,40.0
primed_individual,2.0,46,4,Mini trampoline,45.0,40.0
primed_individual,2.0,47,4,Nicorette fresh mint gum,18.0,41.0
primed_individual,2.0,48,4,Roxy fringed faux suede bag,22.0,42.0
primed_individual,2.0,49,4,Gevalia connoisseur's coffee basket,32.0,43.0
primed_individual,2.0,50,4,Rainbow wide strap thong,40.0,45.0
primed_individual,2.0,1,5,Flower pencil,15.0,5.0
primed_individual,2.0,2,5,Oat & honey pancake mix,20.0,8.0
primed_individual,2.0,3,5,Pressed flowers mug,20.0,8.0
primed_individual,2.0,4,5,Twiggy chopsticks,15.0,10.0
primed_individual,2.0,5,5,Tea Forté tea sampler,15.0,10.0
primed_individual,2.0,6,5,Energizer batteries,10.0,11.0
primed_individual,2.0,7,5,Body brush,15.0,12.0
primed_individual,2.0,8,5,Canine pajamas,13.0,13.0
primed_individual,2.0,9,5,Nature Made calcium vitamin tablets,18.0,13.0
primed_individual,2.0,10,5,Four-orange chocolate sauce,20.0,14.0
primed_individual,2.0,11,5,L'Oréal hair color dye,10.0,14.0
primed_individual,2.0,12,5,Wood serving tray,15.0,15.0
primed_individual,2.0,13,5,Star Trek UNO game,20.0,15.0
primed_individual,2.0,14,5,Lab Series skincare for men power wash,30.0,18.0
primed_individual,2.0,15,5,Gold floral journal,25.0,18.0
primed_individual,2.0,16,5,Heavy duty flashlight,30.0,19.0
primed_individual,2.0,17,5,Tide concetrated liquid detergent 64-loads,14.0,20.0
primed_individual,2.0,18,5,Nike sleeveless t-shirt,20.0,22.0
primed_individual,2.0,19,5,Br'ita water purifying pitcher,32.0,23.0
primed_individual,2.0,20,5,Starbucks stainless steel tumbler,20.0,23.0
primed_individual,2.0,21,5,Honey pot,15.0,24.0
primed_individual,2.0,22,5,Ice shaver,30.0,25.0
primed_individual,2.0,23,5,French spice stack,35.0,25.0
primed_individual,2.0,24,5,Conair ceramic ionic hairdryer,25.0,25.0
primed_individual,2.0,25,5,Curly-cues fruit bowl,35.0,25.0
primed_individual,2.0,26,5,Feather print racerback tunic,25.0,28.0
primed_individual,2.0,27,5,Brown motif sunglasses,30.0,28.0
primed_individual,2.0,28,5,Kiehl's scented candle,15.0,28.0
primed_individual,2.0,29,5,Converse one star oxfords,35.0,30.0
primed_individual,2.0,30,5,Spalding premier basketball,25.0,30.0
primed_individual,2.0,31,5,Speed blender,35.0,31.0
primed_individual,2.0,32,5,Turtle xylophone,19.0,31.0
primed_individual,2.0,33,5,Crabtree & Evelyn seven seas bath salts,20.0,34.0
primed_individual,2.0,34,5,Mr. Coffee steam espresso machine,40.0,35.0
primed_individual,2.0,35,5,Extra virgin olive oil,25.0,35.0
primed_individual,2.0,36,5,Kate Spade crystal goblet,45.0,35.0
primed_individual,2.0,37,5,Mesh wastebasket,20.0,35.0
primed_individual,2.0,38,5,31'' panther skateboard,45.0,35.0
primed_individual,2.0,39,5,Marc Jacobs 'Miss Marc' earrings,20.0,38.0
primed_individual,2.0,40,5,Food & wine cookbook,30.0,38.0
primed_individual,2.0,41,5,Spruce goose pitcher,20.0,38.0
primed_individual,2.0,42,5,Swiss Army pocket knife,12.0,40.0
primed_individual,2.0,43,5,Motorola bluetooth headset,20.0,40.0
primed_individual,2.0,44,5,McAfee virus scan,30.0,40.0
primed_individual,2.0,45,5,Honey willow hamper with liner,25.0,40.0
primed_individual,2.0,46,5,Mini trampoline,30.0,40.0
primed_individual,2.0,47,5,Nicorette fresh mint gum,30.0,41.0
primed_individual,2.0,48,5,Roxy fringed faux suede bag,30.0,42.0
primed_individual,2.0,49,5,Gevalia connoisseur's coffee basket,28.0,43.0
primed_individual,2.0,50,5,Rainbow wide strap thong,35.0,45.0
primed_individual,2.0,1,6,Flower pencil,18.0,5.0
primed_individual,2.0,2,6,Oat & honey pancake mix,20.0,8.0
primed_individual,2.0,3,6,Pressed flowers mug,11.0,8.0
primed_individual,2.0,4,6,Twiggy chopsticks,9.0,10.0
primed_individual,2.0,5,6,Tea Forté tea sampler,11.0,10.0
primed_individual,2.0,6,6,Energizer batteries,8.0,11.0
primed_individual,2.0,7,6,Body brush,11.0,12.0
primed_individual,2.0,8,6,Canine pajamas,15.0,13.0
primed_individual,2.0,9,6,Nature Made calcium vitamin tablets,10.0,13.0
primed_individual,2.0,10,6,Four-orange chocolate sauce,7.0,14.0
primed_individual,2.0,11,6,L'Oréal hair color dye,20.0,14.0
primed_individual,2.0,12,6,Wood serving tray,16.0,15.0
primed_individual,2.0,13,6,Star Trek UNO game,2.0,15.0
primed_individual,2.0,14,6,Lab Series skincare for men power wash,25.0,18.0
primed_individual,2.0,15,6,Gold floral journal,28.0,18.0
primed_individual,2.0,16,6,Heavy duty flashlight,7.0,19.0
primed_individual,2.0,17,6,Tide concetrated liquid detergent 64-loads,10.0,20.0
primed_individual,2.0,18,6,Nike sleeveless t-shirt,5.0,22.0
primed_individual,2.0,19,6,Br'ita water purifying pitcher,32.0,23.0
primed_individual,2.0,20,6,Starbucks stainless steel tumbler,15.0,23.0
primed_individual,2.0,21,6,Honey pot,11.0,24.0
primed_individual,2.0,22,6,Ice shaver,18.0,25.0
primed_individual,2.0,23,6,French spice stack,17.0,25.0
primed_individual,2.0,24,6,Conair ceramic ionic hairdryer,25.0,25.0
primed_individual,2.0,25,6,Curly-cues fruit bowl,28.0,25.0
primed_individual,2.0,26,6,Feather print racerback tunic,1.0,28.0
primed_individual,2.0,27,6,Brown motif sunglasses,12.0,28.0
primed_individual,2.0,28,6,Kiehl's scented candle,7.0,28.0
primed_individual,2.0,29,6,Converse one star oxfords,38.0,30.0
primed_individual,2.0,30,6,Spalding premier basketball,11.0,30.0
primed_individual,2.0,31,6,Speed blender,32.0,31.0
primed_individual,2.0,32,6,Turtle xylophone,14.0,31.0
primed_individual,2.0,33,6,Crabtree & Evelyn seven seas bath salts,8.0,34.0
primed_individual,2.0,34,6,Mr. Coffee steam espresso machine,45.0,35.0
primed_individual,2.0,35,6,Extra virgin olive oil,5.0,35.0
primed_individual,2.0,36,6,Kate Spade crystal goblet,10.0,35.0
primed_individual,2.0,37,6,Mesh wastebasket,20.0,35.0
primed_individual,2.0,38,6,31'' panther skateboard,40.0,35.0
primed_individual,2.0,39,6,Marc Jacobs 'Miss Marc' earrings,12.0,38.0
primed_individual,2.0,40,6,Food & wine cookbook,25.0,38.0
primed_individual,2.0,41,6,Spruce goose pitcher,11.0,38.0
primed_individual,2.0,42,6,Swiss Army pocket knife,38.0,40.0
primed_individual,2.0,43,6,Motorola bluetooth headset,30.0,40.0
primed_individual,2.0,44,6,McAfee virus scan,38.0,40.0
primed_individual,2.0,45,6,Honey willow hamper with liner,20.0,40.0
primed_individual,2.0,46,6,Mini trampoline,30.0,40.0
primed_individual,2.0,47,6,Nicorette fresh mint gum,1.0,41.0
primed_individual,2.0,48,6,Roxy fringed faux suede bag,15.0,42.0
primed_individual,2.0,49,6,Gevalia connoisseur's coffee basket,30.0,43.0
primed_individual,2.0,50,6,Rainbow wide strap thong,35.0,45.0
primed_individual,2.0,1,7,Flower pencil,10.0,5.0
primed_individual,2.0,2,7,Oat & honey pancake mix,12.0,8.0
primed_individual,2.0,3,7,Pressed flowers mug,10.0,8.0
primed_individual,2.0,4,7,Twiggy chopsticks,9.0,10.0
primed_individual,2.0,5,7,Tea Forté tea sampler,12.0,10.0
primed_individual,2.0,6,7,Energizer batteries,10.0,11.0
primed_individual,2.0,7,7,Body brush,18.0,12.0
primed_individual,2.0,8,7,Canine pajamas,20.0,13.0
primed_individual,2.0,9,7,Nature Made calcium vitamin tablets,25.0,13.0
primed_individual,2.0,10,7,Four-orange chocolate sauce,10.0,14.0
primed_individual,2.0,11,7,L'Oréal hair color dye,12.0,14.0
primed_individual,2.0,12,7,Wood serving tray,28.0,15.0
primed_individual,2.0,13,7,Star Trek UNO game,12.0,15.0
primed_individual,2.0,14,7,Lab Series skincare for men power wash,14.0,18.0
primed_individual,2.0,15,7,Gold floral journal,30.0,18.0
primed_individual,2.0,16,7,Heavy duty flashlight,25.0,19.0
primed_individual,2.0,17,7,Tide concetrated liquid detergent 64-loads,14.0,20.0
primed_individual,2.0,18,7,Nike sleeveless t-shirt,22.0,22.0
primed_individual,2.0,19,7,Br'ita water purifying pitcher,24.0,23.0
primed_individual,2.0,20,7,Starbucks stainless steel tumbler,15.0,23.0
primed_individual,2.0,21,7,Honey pot,15.0,24.0
primed_individual,2.0,22,7,Ice shaver,20.0,25.0
primed_individual,2.0,23,7,French spice stack,20.0,25.0
primed_individual,2.0,24,7,Conair ceramic ionic hairdryer,32.0,25.0
primed_individual,2.0,25,7,Curly-cues fruit bowl,25.0,25.0
primed_individual,2.0,26,7,Feather print racerback tunic,25.0,28.0
primed_individual,2.0,27,7,Brown motif sunglasses,25.0,28.0
primed_individual,2.0,28,7,Kiehl's scented candle,7.0,28.0
primed_individual,2.0,29,7,Converse one star oxfords,30.0,30.0
primed_individual,2.0,30,7,Spalding premier basketball,15.0,30.0
primed_individual,2.0,31,7,Speed blender,40.0,31.0
primed_individual,2.0,32,7,Turtle xylophone,25.0,31.0
primed_individual,2.0,33,7,Crabtree & Evelyn seven seas bath salts,15.0,34.0
primed_individual,2.0,34,7,Mr. Coffee steam espresso machine,45.0,35.0
primed_individual,2.0,35,7,Extra virgin olive oil,15.0,35.0
primed_individual,2.0,36,7,Kate Spade crystal goblet,25.0,35.0
primed_individual,2.0,37,7,Mesh wastebasket,25.0,35.0
primed_individual,2.0,38,7,31'' panther skateboard,38.0,35.0
primed_individual,2.0,39,7,Marc Jacobs 'Miss Marc' earrings,20.0,38.0
primed_individual,2.0,40,7,Food & wine cookbook,40.0,38.0
primed_individual,2.0,41,7,Spruce goose pitcher,15.0,38.0
primed_individual,2.0,42,7,Swiss Army pocket knife,20.0,40.0
primed_individual,2.0,43,7,Motorola bluetooth headset,35.0,40.0
primed_individual,2.0,44,7,McAfee virus scan,30.0,40.0
primed_individual,2.0,45,7,Honey willow hamper with liner,20.0,40.0
primed_individual,2.0,46,7,Mini trampoline,36.0,40.0
primed_individual,2.0,47,7,Nicorette fresh mint gum,20.0,41.0
primed_individual,2.0,48,7,Roxy fringed faux suede bag,30.0,42.0
primed_individual,2.0,49,7,Gevalia connoisseur's coffee basket,30.0,43.0
primed_individual,2.0,50,7,Rainbow wide strap thong,42.0,45.0
primed_individual,2.0,1,8,Flower pencil,6.0,5.0
primed_individual,2.0,2,8,Oat & honey pancake mix,20.0,8.0
primed_individual,2.0,3,8,Pressed flowers mug,11.0,8.0
primed_individual,2.0,4,8,Twiggy chopsticks,11.0,10.0
primed_individual,2.0,5,8,Tea Forté tea sampler,25.0,10.0
primed_individual,2.0,6,8,Energizer batteries,12.0,11.0
primed_individual,2.0,7,8,Body brush,6.0,12.0
primed_individual,2.0,8,8,Canine pajamas,10.0,13.0
primed_individual,2.0,9,8,Nature Made calcium vitamin tablets,19.0,13.0
primed_individual,2.0,10,8,Four-orange chocolate sauce,9.0,14.0
primed_individual,2.0,11,8,L'Oréal hair color dye,13.0,14.0
primed_individual,2.0,12,8,Wood serving tray,29.0,15.0
primed_individual,2.0,13,8,Star Trek UNO game,19.0,15.0
primed_individual,2.0,14,8,Lab Series skincare for men power wash,9.0,18.0
primed_individual,2.0,15,8,Gold floral journal,17.0,18.0
primed_individual,2.0,16,8,Heavy duty flashlight,45.0,19.0
primed_individual,2.0,17,8,Tide concetrated liquid detergent 64-loads,13.0,20.0
primed_individual,2.0,18,8,Nike sleeveless t-shirt,25.0,22.0
primed_individual,2.0,19,8,Br'ita water purifying pitcher,20.0,23.0
primed_individual,2.0,20,8,Starbucks stainless steel tumbler,32.0,23.0
primed_individual,2.0,21,8,Honey pot,18.0,24.0
primed_individual,2.0,22,8,Ice shaver,30.0,25.0
primed_individual,2.0,23,8,French spice stack,14.0,25.0
primed_individual,2.0,24,8,Conair ceramic ionic hairdryer,40.0,25.0
primed_individual,2.0,25,8,Curly-cues fruit bowl,41.0,25.0
primed_individual,2.0,26,8,Feather print racerback tunic,21.0,28.0
primed_individual,2.0,27,8,Brown motif sunglasses,23.0,28.0
primed_individual,2.0,28,8,Kiehl's scented candle,10.0,28.0
primed_individual,2.0,29,8,Converse one star oxfords,35.0,30.0
primed_individual,2.0,30,8,Spalding premier basketball,20.0,30.0
primed_individual,2.0,31,8,Speed blender,39.0,31.0
primed_individual,2.0,32,8,Turtle xylophone,15.0,31.0
primed_individual,2.0,33,8,Crabtree & Evelyn seven seas bath salts,14.0,34.0
primed_individual,2.0,34,8,Mr. Coffee steam espresso machine,39.0,35.0
primed_individual,2.0,35,8,Extra virgin olive oil,31.0,35.0
primed_individual,2.0,36,8,Kate Spade crystal goblet,14.0,35.0
primed_individual,2.0,37,8,Mesh wastebasket,31.0,35.0
primed_individual,2.0,38,8,31'' panther skateboard,39.0,35.0
primed_individual,2.0,39,8,Marc Jacobs 'Miss Marc' earrings,40.0,38.0
primed_individual,2.0,40,8,Food & wine cookbook,29.0,38.0
primed_individual,2.0,41,8,Spruce goose pitcher,34.0,38.0
primed_individual,2.0,42,8,Swiss Army pocket knife,21.0,40.0
primed_individual,2.0,43,8,Motorola bluetooth headset,19.0,40.0
primed_individual,2.0,44,8,McAfee virus scan,25.0,40.0
primed_individual,2.0,45,8,Honey willow hamper with liner,26.0,40.0
primed_individual,2.0,46,8,Mini trampoline,30.0,40.0
primed_individual,2.0,47,8,Nicorette fresh mint gum,4.0,41.0
primed_individual,2.0,48,8,Roxy fringed faux suede bag,18.0,42.0
primed_individual,2.0,49,8,Gevalia connoisseur's coffee basket,20.0,43.0
primed_individual,2.0,50,8,Rainbow wide strap thong,30.0,45.0
primed_individual,2.0,1,9,Flower pencil,16.0,5.0
primed_individual,2.0,2,9,Oat & honey pancake mix,10.0,8.0
primed_individual,2.0,3,9,Pressed flowers mug,10.0,8.0
primed_individual,2.0,4,9,Twiggy chopsticks,15.0,10.0
primed_individual,2.0,5,9,Tea Forté tea sampler,9.0,10.0
primed_individual,2.0,6,9,Energizer batteries,8.0,11.0
primed_individual,2.0,7,9,Body brush,15.0,12.0
primed_individual,2.0,8,9,Canine pajamas,18.0,13.0
primed_individual,2.0,9,9,Nature Made calcium vitamin tablets,20.0,13.0
primed_individual,2.0,10,9,Four-orange chocolate sauce,17.0,14.0
primed_individual,2.0,11,9,L'Oréal hair color dye,12.0,14.0
primed_individual,2.0,12,9,Wood serving tray,20.0,15.0
primed_individual,2.0,13,9,Star Trek UNO game,10.0,15.0
primed_individual,2.0,14,9,Lab Series skincare for men power wash,18.0,18.0
primed_individual,2.0,15,9,Gold floral journal,25.0,18.0
primed_individual,2.0,16,9,Heavy duty flashlight,45.0,19.0
primed_individual,2.0,17,9,Tide concetrated liquid detergent 64-loads,10.0,20.0
primed_individual,2.0,18,9,Nike sleeveless t-shirt,35.0,22.0
primed_individual,2.0,19,9,Br'ita water purifying pitcher,20.0,23.0
primed_individual,2.0,20,9,Starbucks stainless steel tumbler,17.0,23.0
primed_individual,2.0,21,9,Honey pot,23.0,24.0
primed_individual,2.0,22,9,Ice shaver,35.0,25.0
primed_individual,2.0,23,9,French spice stack,20.0,25.0
primed_individual,2.0,24,9,Conair ceramic ionic hairdryer,29.0,25.0
primed_individual,2.0,25,9,Curly-cues fruit bowl,25.0,25.0
primed_individual,2.0,26,9,Feather print racerback tunic,20.0,28.0
primed_individual,2.0,27,9,Brown motif sunglasses,20.0,28.0
primed_individual,2.0,28,9,Kiehl's scented candle,10.0,28.0
primed_individual,2.0,29,9,Converse one star oxfords,35.0,30.0
primed_individual,2.0,30,9,Spalding premier basketball,30.0,30.0
primed_individual,2.0,31,9,Speed blender,40.0,31.0
primed_individual,2.0,32,9,Turtle xylophone,18.0,31.0
primed_individual,2.0,33,9,Crabtree & Evelyn seven seas bath salts,10.0,34.0
primed_individual,2.0,34,9,Mr. Coffee steam espresso machine,45.0,35.0
primed_individual,2.0,35,9,Extra virgin olive oil,18.0,35.0
primed_individual,2.0,36,9,Kate Spade crystal goblet,40.0,35.0
primed_individual,2.0,37,9,Mesh wastebasket,20.0,35.0
primed_individual,2.0,38,9,31'' panther skateboard,35.0,35.0
primed_individual,2.0,39,9,Marc Jacobs 'Miss Marc' earrings,35.0,38.0
primed_individual,2.0,40,9,Food & wine cookbook,28.0,38.0
primed_individual,2.0,41,9,Spruce goose pitcher,30.0,38.0
primed_individual,2.0,42,9,Swiss Army pocket knife,40.0,40.0
primed_individual,2.0,43,9,Motorola bluetooth headset,35.0,40.0
primed_individual,2.0,44,9,McAfee virus scan,40.0,40.0
primed_individual,2.0,45,9,Honey willow hamper with liner,25.0,40.0
primed_individual,2.0,46,9,Mini trampoline,45.0,40.0
primed_individual,2.0,47,9,Nicorette fresh mint gum,19.0,41.0
primed_individual,2.0,48,9,Roxy fringed faux suede bag,29.0,42.0
primed_individual,2.0,49,9,Gevalia connoisseur's coffee basket,40.0,43.0
primed_individual,2.0,50,9,Rainbow wide strap thong,45.0,45.0
primed_individual,2.0,1,10,Flower pencil,12.0,5.0
primed_individual,2.0,2,10,Oat & honey pancake mix,15.0,8.0
primed_individual,2.0,3,10,Pressed flowers mug,12.0,8.0
primed_individual,2.0,4,10,Twiggy chopsticks,12.0,10.0
primed_individual,2.0,5,10,Tea Forté tea sampler,15.0,10.0
primed_individual,2.0,6,10,Energizer batteries,20.0,11.0
primed_individual,2.0,7,10,Body brush,15.0,12.0
primed_individual,2.0,8,10,Canine pajamas,25.0,13.0
primed_individual,2.0,9,10,Nature Made calcium vitamin tablets,40.0,13.0
primed_individual,2.0,10,10,Four-orange chocolate sauce,18.0,14.0
primed_individual,2.0,11,10,L'Oréal hair color dye,25.0,14.0
primed_individual,2.0,12,10,Wood serving tray,22.0,15.0
primed_individual,2.0,13,10,Star Trek UNO game,6.0,15.0
primed_individual,2.0,14,10,Lab Series skincare for men power wash,25.0,18.0
primed_individual,2.0,15,10,Gold floral journal,40.0,18.0
primed_individual,2.0,16,10,Heavy duty flashlight,25.0,19.0
primed_individual,2.0,17,10,Tide concetrated liquid detergent 64-loads,18.0,20.0
primed_individual,2.0,18,10,Nike sleeveless t-shirt,25.0,22.0
primed_individual,2.0,19,10,Br'ita water purifying pitcher,32.0,23.0
primed_individual,2.0,20,10,Starbucks stainless steel tumbler,22.0,23.0
primed_individual,2.0,21,10,Honey pot,12.0,24.0
primed_individual,2.0,22,10,Ice shaver,30.0,25.0
primed_individual,2.0,23,10,French spice stack,25.0,25.0
primed_individual,2.0,24,10,Conair ceramic ionic hairdryer,40.0,25.0
primed_individual,2.0,25,10,Curly-cues fruit bowl,35.0,25.0
primed_individual,2.0,26,10,Feather print racerback tunic,25.0,28.0
primed_individual,2.0,27,10,Brown motif sunglasses,43.0,28.0
primed_individual,2.0,28,10,Kiehl's scented candle,15.0,28.0
primed_individual,2.0,29,10,Converse one star oxfords,45.0,30.0
primed_individual,2.0,30,10,Spalding premier basketball,25.0,30.0
primed_individual,2.0,31,10,Speed blender,50.0,31.0
primed_individual,2.0,32,10,Turtle xylophone,10.0,31.0
primed_individual,2.0,33,10,Crabtree & Evelyn seven seas bath salts,18.0,34.0
primed_individual,2.0,34,10,Mr. Coffee steam espresso machine,50.0,35.0
primed_individual,2.0,35,10,Extra virgin olive oil,18.0,35.0
primed_individual,2.0,36,10,Kate Spade crystal goblet,33.0,35.0
primed_individual,2.0,37,10,Mesh wastebasket,20.0,35.0
primed_individual,2.0,38,10,31'' panther skateboard,46.0,35.0
primed_individual,2.0,39,10,Marc Jacobs 'Miss Marc' earrings,50.0,38.0
primed_individual,2.0,40,10,Food & wine cookbook,45.0,38.0
primed_individual,2.0,41,10,Spruce goose pitcher,15.0,38.0
primed_individual,2.0,42,10,Swiss Army pocket knife,12.0,40.0
primed_individual,2.0,43,10,Motorola bluetooth headset,35.0,40.0
primed_individual,2.0,44,10,McAfee virus scan,40.0,40.0
primed_individual,2.0,45,10,Honey willow hamper with liner,25.0,40.0
primed_individual,2.0,46,10,Mini trampoline,40.0,40.0
primed_individual,2.0,47,10,Nicorette fresh mint gum,17.0,41.0
primed_individual,2.0,48,10,Roxy fringed faux suede bag,40.0,42.0
primed_individual,2.0,49,10,Gevalia connoisseur's coffee basket,45.0,43.0
primed_individual,2.0,50,10,Rainbow wide strap thong,22.0,45.0
primed_individual,2.0,1,11,Flower pencil,20.0,5.0
primed_individual,2.0,2,11,Oat & honey pancake mix,25.0,8.0
primed_individual,2.0,3,11,Pressed flowers mug,10.0,8.0
primed_individual,2.0,4,11,Twiggy chopsticks,37.0,10.0
primed_individual,2.0,5,11,Tea Forté tea sampler,25.0,10.0
primed_individual,2.0,6,11,Energizer batteries,10.0,11.0
primed_individual,2.0,7,11,Body brush,25.0,12.0
primed_individual,2.0,8,11,Canine pajamas,34.0,13.0
primed_individual,2.0,9,11,Nature Made calcium vitamin tablets,35.0,13.0
primed_individual,2.0,10,11,Four-orange chocolate sauce,47.0,14.0
primed_individual,2.0,11,11,L'Oréal hair color dye,26.0,14.0
primed_individual,2.0,12,11,Wood serving tray,37.0,15.0
primed_individual,2.0,13,11,Star Trek UNO game,45.0,15.0
primed_individual,2.0,14,11,Lab Series skincare for men power wash,13.0,18.0
primed_individual,2.0,15,11,Gold floral journal,28.0,18.0
primed_individual,2.0,16,11,Heavy duty flashlight,23.0,19.0
primed_individual,2.0,17,11,Tide concetrated liquid detergent 64-loads,10.0,20.0
primed_individual,2.0,18,11,Nike sleeveless t-shirt,10.0,22.0
primed_individual,2.0,19,11,Br'ita water purifying pitcher,37.0,23.0
primed_individual,2.0,20,11,Starbucks stainless steel tumbler,14.0,23.0
primed_individual,2.0,21,11,Honey pot,24.0,24.0
primed_individual,2.0,22,11,Ice shaver,38.0,25.0
primed_individual,2.0,23,11,French spice stack,20.0,25.0
primed_individual,2.0,24,11,Conair ceramic ionic hairdryer,30.0,25.0
primed_individual,2.0,25,11,Curly-cues fruit bowl,24.0,25.0
primed_individual,2.0,26,11,Feather print racerback tunic,20.0,28.0
primed_individual,2.0,27,11,Brown motif sunglasses,37.0,28.0
primed_individual,2.0,28,11,Kiehl's scented candle,32.0,28.0
primed_individual,2.0,29,11,Converse one star oxfords,27.0,30.0
primed_individual,2.0,30,11,Spalding premier basketball,10.0,30.0
primed_individual,2.0,31,11,Speed blender,35.0,31.0
primed_individual,2.0,32,11,Turtle xylophone,20.0,31.0
primed_individual,2.0,33,11,Crabtree & Evelyn seven seas bath salts,36.0,34.0
primed_individual,2.0,34,11,Mr. Coffee steam espresso machine,35.0,35.0
primed_individual,2.0,35,11,Extra virgin olive oil,18.0,35.0
primed_individual,2.0,36,11,Kate Spade crystal goblet,19.0,35.0
primed_individual,2.0,37,11,Mesh wastebasket,30.0,35.0
primed_individual,2.0,38,11,31'' panther skateboard,45.0,35.0
primed_individual,2.0,39,11,Marc Jacobs 'Miss Marc' earrings,45.0,38.0
primed_individual,2.0,40,11,Food & wine cookbook,24.0,38.0
primed_individual,2.0,41,11,Spruce goose pitcher,13.0,38.0
primed_individual,2.0,42,11,Swiss Army pocket knife,26.0,40.0
primed_individual,2.0,43,11,Motorola bluetooth headset,29.0,40.0
primed_individual,2.0,44,11,McAfee virus scan,45.0,40.0
primed_individual,2.0,45,11,Honey willow hamper with liner,15.0,40.0
primed_individual,2.0,46,11,Mini trampoline,36.0,40.0
primed_individual,2.0,47,11,Nicorette fresh mint gum,10.0,41.0
primed_individual,2.0,48,11,Roxy fringed faux suede bag,35.0,42.0
primed_individual,2.0,49,11,Gevalia connoisseur's coffee basket,45.0,43.0
primed_individual,2.0,50,11,Rainbow wide strap thong,30.0,45.0
primed_individual,2.0,1,12,Flower pencil,5.0,5.0
primed_individual,2.0,2,12,Oat & honey pancake mix,10.0,8.0
primed_individual,2.0,3,12,Pressed flowers mug,10.0,8.0
primed_individual,2.0,4,12,Twiggy chopsticks,5.0,10.0
primed_individual,2.0,5,12,Tea Forté tea sampler,15.0,10.0
primed_individual,2.0,6,12,Energizer batteries,10.0,11.0
primed_individual,2.0,7,12,Body brush,10.0,12.0
primed_individual,2.0,8,12,Canine pajamas,15.0,13.0
primed_individual,2.0,9,12,Nature Made calcium vitamin tablets,20.0,13.0
primed_individual,2.0,10,12,Four-orange chocolate sauce,10.0,14.0
primed_individual,2.0,11,12,L'Oréal hair color dye,15.0,14.0
primed_individual,2.0,12,12,Wood serving tray,10.0,15.0
primed_individual,2.0,13,12,Star Trek UNO game,10.0,15.0
primed_individual,2.0,14,12,Lab Series skincare for men power wash,20.0,18.0
primed_individual,2.0,15,12,Gold floral journal,20.0,18.0
primed_individual,2.0,16,12,Heavy duty flashlight,21.0,19.0
primed_individual,2.0,17,12,Tide concetrated liquid detergent 64-loads,13.0,20.0
primed_individual,2.0,18,12,Nike sleeveless t-shirt,30.0,22.0
primed_individual,2.0,19,12,Br'ita water purifying pitcher,30.0,23.0
primed_individual,2.0,20,12,Starbucks stainless steel tumbler,21.0,23.0
primed_individual,2.0,21,12,Honey pot,20.0,24.0
primed_individual,2.0,22,12,Ice shaver,15.0,25.0
primed_individual,2.0,23,12,French spice stack,18.0,25.0
primed_individual,2.0,24,12,Conair ceramic ionic hairdryer,25.0,25.0
primed_individual,2.0,25,12,Curly-cues fruit bowl,15.0,25.0
primed_individual,2.0,26,12,Feather print racerback tunic,20.0,28.0
primed_individual,2.0,27,12,Brown motif sunglasses,15.0,28.0
primed_individual,2.0,28,12,Kiehl's scented candle,9.0,28.0
primed_individual,2.0,29,12,Converse one star oxfords,20.0,30.0
primed_individual,2.0,30,12,Spalding premier basketball,20.0,30.0
primed_individual,2.0,31,12,Speed blender,30.0,31.0
primed_individual,2.0,32,12,Turtle xylophone,20.0,31.0
primed_individual,2.0,33,12,Crabtree & Evelyn seven seas bath salts,17.0,34.0
primed_individual,2.0,34,12,Mr. Coffee steam espresso machine,45.0,35.0
primed_individual,2.0,35,12,Extra virgin olive oil,15.0,35.0
primed_individual,2.0,36,12,Kate Spade crystal goblet,25.0,35.0
primed_individual,2.0,37,12,Mesh wastebasket,20.0,35.0
primed_individual,2.0,38,12,31'' panther skateboard,40.0,35.0
primed_individual,2.0,39,12,Marc Jacobs 'Miss Marc' earrings,40.0,38.0
primed_individual,2.0,40,12,Food & wine cookbook,25.0,38.0
primed_individual,2.0,41,12,Spruce goose pitcher,15.0,38.0
primed_individual,2.0,42,12,Swiss Army pocket knife,10.0,40.0
primed_individual,2.0,43,12,Motorola bluetooth headset,40.0,40.0
primed_individual,2.0,44,12,McAfee virus scan,35.0,40.0
primed_individual,2.0,45,12,Honey willow hamper with liner,30.0,40.0
primed_individual,2.0,46,12,Mini trampoline,30.0,40.0
primed_individual,2.0,47,12,Nicorette fresh mint gum,25.0,41.0
primed_individual,2.0,48,12,Roxy fringed faux suede bag,40.0,42.0
primed_individual,2.0,49,12,Gevalia connoisseur's coffee basket,40.0,43.0
primed_individual,2.0,50,12,Rainbow wide strap thong,45.0,45.0
primed_individual,2.0,1,13,Flower pencil,4.0,5.0
primed_individual,2.0,2,13,Oat & honey pancake mix,6.0,8.0
primed_individual,2.0,3,13,Pressed flowers mug,9.0,8.0
primed_individual,2.0,4,13,Twiggy chopsticks,5.0,10.0
primed_individual,2.0,5,13,Tea Forté tea sampler,18.0,10.0
primed_individual,2.0,6,13,Energizer batteries,20.0,11.0
primed_individual,2.0,7,13,Body brush,11.0,12.0
primed_individual,2.0,8,13,Canine pajamas,9.0,13.0
primed_individual,2.0,9,13,Nature Made calcium vitamin tablets,16.0,13.0
primed_individual,2.0,10,13,Four-orange chocolate sauce,18.0,14.0
primed_individual,2.0,11,13,L'Oréal hair color dye,10.0,14.0
primed_individual,2.0,12,13,Wood serving tray,20.0,15.0
primed_individual,2.0,13,13,Star Trek UNO game,10.0,15.0
primed_individual,2.0,14,13,Lab Series skincare for men power wash,7.0,18.0
primed_individual,2.0,15,13,Gold floral journal,15.0,18.0
primed_individual,2.0,16,13,Heavy duty flashlight,8.0,19.0
primed_individual,2.0,17,13,Tide concetrated liquid detergent 64-loads,12.0,20.0
primed_individual,2.0,18,13,Nike sleeveless t-shirt,20.0,22.0
primed_individual,2.0,19,13,Br'ita water purifying pitcher,20.0,23.0
primed_individual,2.0,20,13,Starbucks stainless steel tumbler,19.0,23.0
primed_individual,2.0,21,13,Honey pot,10.0,24.0
primed_individual,2.0,22,13,Ice shaver,21.0,25.0
primed_individual,2.0,23,13,French spice stack,15.0,25.0
primed_individual,2.0,24,13,Conair ceramic ionic hairdryer,18.0,25.0
primed_individual,2.0,25,13,Curly-cues fruit bowl,40.0,25.0
primed_individual,2.0,26,13,Feather print racerback tunic,25.0,28.0
primed_individual,2.0,27,13,Brown motif sunglasses,28.0,28.0
primed_individual,2.0,28,13,Kiehl's scented candle,8.0,28.0
primed_individual,2.0,29,13,Converse one star oxfords,30.0,30.0
primed_individual,2.0,30,13,Spalding premier basketball,10.0,30.0
primed_individual,2.0,31,13,Speed blender,50.0,31.0
primed_individual,2.0,32,13,Turtle xylophone,16.0,31.0
primed_individual,2.0,33,13,Crabtree & Evelyn seven seas bath salts,15.0,34.0
primed_individual,2.0,34,13,Mr. Coffee steam espresso machine,40.0,35.0
primed_individual,2.0,35,13,Extra virgin olive oil,10.0,35.0
primed_individual,2.0,36,13,Kate Spade crystal goblet,18.0,35.0
primed_individual,2.0,37,13,Mesh wastebasket,27.0,35.0
primed_individual,2.0,38,13,31'' panther skateboard,30.0,35.0
primed_individual,2.0,39,13,Marc Jacobs 'Miss Marc' earrings,25.0,38.0
primed_individual,2.0,40,13,Food & wine cookbook,24.0,38.0
primed_individual,2.0,41,13,Spruce goose pitcher,18.0,38.0
primed_individual,2.0,42,13,Swiss Army pocket knife,15.0,40.0
primed_individual,2.0,43,13,Motorola bluetooth headset,30.0,40.0
primed_individual,2.0,44,13,McAfee virus scan,40.0,40.0
primed_individual,2.0,45,13,Honey willow hamper with liner,30.0,40.0
primed_individual,2.0,46,13,Mini trampoline,36.0,40.0
primed_individual,2.0,47,13,Nicorette fresh mint gum,35.0,41.0
primed_individual,2.0,48,13,Roxy fringed faux suede bag,28.0,42.0
primed_individual,2.0,49,13,Gevalia connoisseur's coffee basket,45.0,43.0
primed_individual,2.0,50,13,Rainbow wide strap thong,42.0,45.0
cooperative_individual,,1,1,Crabtree & Evelyn seven seas bath salts,16.0,34.0
cooperative_individual,,2,1,Pressed flowers mug,35.0,8.0
cooperative_individual,,3,1,L'Oréal hair color dye,7.0,14.0
cooperative_individual,,4,1,Extra virgin olive oil,11.0,35.0
cooperative_individual,,5,1,Spruce goose pitcher,20.0,38.0
cooperative_individual,,6,1,Mesh wastebasket,25.0,35.0
cooperative_individual,,7,1,Mr. Coffee steam espresso machine,40.0,35.0
cooperative_individual,,8,1,Motorola bluetooth headset,19.0,40.0
cooperative_individual,,9,1,Turtle xylophone,8.0,31.0
cooperative_individual,,10,1,Br'ita water purifying pitcher,20.0,23.0
cooperative_individual,,11,1,Nature Made calcium vitamin tablets,5.0,13.0
cooperative_individual,,12,1,Tea Forté tea sampler,11.0,10.0
cooperative_individual,,13,1,Gold floral journal,35.0,18.0
cooperative_individual,,14,1,Starbucks stainless steel tumbler,18.0,23.0
cooperative_individual,,15,1,Conair ceramic ionic hairdryer,35.0,25.0
cooperative_individual,,16,1,Canine pajamas,15.0,13.0
cooperative_individual,,17,1,Lab Series skincare for men power wash,18.0,18.0
cooperative_individual,,18,1,Honey willow hamper with liner,9.0,40.0
cooperative_individual,,19,1,Tide concetrated liquid detergent 64-loads,20.0,20.0
cooperative_individual,,20,1,French spice stack,21.0,25.0
cooperative_individual,,21,1,Swiss Army pocket knife,23.0,40.0
cooperative_individual,,22,1,Kate Spade crystal goblet,25.0,35.0
cooperative_individual,,23,1,Ice shaver,37.0,25.0
cooperative_individual,,24,1,Body brush,20.0,12.0
cooperative_individual,,25,1,Rainbow wide strap thong,19.0,45.0
cooperative_individual,,26,1,Converse one star oxfords,29.0,30.0
cooperative_individual,,27,1,Roxy fringed faux suede bag,38.0,42.0
cooperative_individual,,28,1,Nike sleeveless t-shirt,40.0,22.0
cooperative_individual,,29,1,Heavy duty flashlight,13.0,19.0
cooperative_individual,,30,1,Nicorette fresh mint gum,19.0,41.0
cooperative_individual,,31,1,Food & wine cookbook,35.0,38.0
cooperative_individual,,32,1,Marc Jacobs 'Miss Marc' earrings,32.0,38.0
cooperative_individual,,33,1,Twiggy chopsticks,22.0,10.0
cooperative_individual,,34,1,Brown motif sunglasses,28.0,28.0
cooperative_individual,,35,1,Nike sleeveless t-shirt,12.0,22.0
cooperative_individual,,36,1,Wood serving tray,9.0,15.0
cooperative_individual,,37,1,Four-orange chocolate sauce,15.0,14.0
cooperative_individual,,38,1,Mini trampoline,48.0,40.0
cooperative_individual,,39,1,Star Trek UNO game,11.0,15.0
cooperative_individual,,40,1,Feather print racerback tunic,19.0,28.0
cooperative_individual,,41,1,McAfee virus scan,32.0,40.0
cooperative_individual,,42,1,Energizer batteries,18.0,11.0
cooperative_individual,,43,1,31'' panther skateboard,30.0,35.0
cooperative_individual,,44,1,Flower pencil,9.0,5.0
cooperative_individual,,45,1,Spalding premier basketball,19.0,30.0
cooperative_individual,,46,1,Honey pot,25.0,24.0
cooperative_individual,,47,1,Gevalia connoisseur's coffee basket,38.0,43.0
cooperative_individual,,48,1,Speed blender,39.0,31.0
cooperative_individual,,49,1,Kiehl's scented candle,15.0,28.0
cooperative_individual,,50,1,Curly-cues fruit bowl,27.0,25.0
cooperative_individual,,1,2,Crabtree & Evelyn seven seas bath salts,25.0,34.0
cooperative_individual,,2,2,Pressed flowers mug,25.0,8.0
cooperative_individual,,3,2,L'Oréal hair color dye,12.0,14.0
cooperative_individual,,4,2,Extra virgin olive oil,15.0,35.0
cooperative_individual,,5,2,Spruce goose pitcher,20.0,38.0
cooperative_individual,,6,2,Mesh wastebasket,28.0,35.0
cooperative_individual,,7,2,Mr. Coffee steam espresso machine,45.0,35.0
cooperative_individual,,8,2,Motorola bluetooth headset,28.0,40.0
cooperative_individual,,9,2,Turtle xylophone,15.0,31.0
cooperative_individual,,10,2,Br'ita water purifying pitcher,30.0,23.0
cooperative_individual,,11,2,Nature Made calcium vitamin tablets,11.0,13.0
cooperative_individual,,12,2,Tea Forté tea sampler,12.0,10.0
cooperative_individual,,13,2,Gold floral journal,30.0,18.0
cooperative_individual,,14,2,Starbucks stainless steel tumbler,23.0,23.0
cooperative_individual,,15,2,Conair ceramic ionic hairdryer,19.0,25.0
cooperative_individual,,16,2,Canine pajamas,21.0,13.0
cooperative_individual,,17,2,Lab Series skincare for men power wash,13.0,18.0
cooperative_individual,,18,2,Honey willow hamper with liner,20.0,40.0
cooperative_individual,,19,2,Tide concetrated liquid detergent 64-loads,16.0,20.0
cooperative_individual,,20,2,French spice stack,17.0,25.0
cooperative_individual,,21,2,Swiss Army pocket knife,30.0,40.0
cooperative_individual,,22,2,Kate Spade crystal goblet,18.0,35.0
cooperative_individual,,23,2,Ice shaver,27.0,25.0
cooperative_individual,,24,2,Body brush,15.0,12.0
cooperative_individual,,25,2,Rainbow wide strap thong,40.0,45.0
cooperative_individual,,26,2,Converse one star oxfords,45.0,30.0
cooperative_individual,,27,2,Roxy fringed faux suede bag,40.0,42.0
cooperative_individual,,28,2,Nike sleeveless t-shirt,45.0,22.0
cooperative_individual,,29,2,Heavy duty flashlight,21.0,19.0
cooperative_individual,,30,2,Nicorette fresh mint gum,15.0,41.0
cooperative_individual,,31,2,Food & wine cookbook,42.0,38.0
cooperative_individual,,32,2,Marc Jacobs 'Miss Marc' earrings,43.0,38.0
cooperative_individual,,33,2,Twiggy chopsticks,20.0,10.0
cooperative_individual,,34,2,Brown motif sunglasses,9.0,28.0
cooperative_individual,,35,2,Nike sleeveless t-shirt,23.0,22.0
cooperative_individual,,36,2,Wood serving tray,7.0,15.0
cooperative_individual,,37,2,Four-orange chocolate sauce,17.0,14.0
cooperative_individual,,38,2,Mini trampoline,39.0,40.0
cooperative_individual,,39,2,Star Trek UNO game,10.0,15.0
cooperative_individual,,40,2,Feather print racerback tunic,17.0,28.0
cooperative_individual,,41,2,McAfee virus scan,38.0,40.0
cooperative_individual,,42,2,Energizer batteries,20.0,11.0
cooperative_individual,,43,2,31'' panther skateboard,39.0,35.0
cooperative_individual,,44,2,Flower pencil,11.0,5.0
cooperative_individual,,45,2,Spalding premier basketball,13.0,30.0
cooperative_individual,,46,2,Honey pot,14.0,24.0
cooperative_individual,,47,2,Gevalia connoisseur's coffee basket,40.0,43.0
cooperative_individual,,48,2,Speed blender,40.0,31.0
cooperative_individual,,49,2,Kiehl's scented candle,13.0,28.0
cooperative_individual,,50,2,Curly-cues fruit bowl,27.0,25.0
cooperative_individual,,1,3,Crabtree & Evelyn seven seas bath salts,15.0,34.0
cooperative_individual,,2,3,Pressed flowers mug,22.0,8.0
cooperative_individual,,3,3,L'Oréal hair color dye,10.0,14.0
cooperative_individual,,4,3,Extra virgin olive oil,15.0,35.0
cooperative_individual,,5,3,Spruce goose pitcher,13.0,38.0
cooperative_individual,,6,3,Mesh wastebasket,30.0,35.0
cooperative_individual,,7,3,Mr. Coffee steam espresso machine,48.0,35.0
cooperative_individual,,8,3,Motorola bluetooth headset,25.0,40.0
cooperative_individual,,9,3,Turtle xylophone,13.0,31.0
cooperative_individual,,10,3,Br'ita water purifying pitcher,18.0,23.0
cooperative_individual,,11,3,Nature Made calcium vitamin tablets,14.0,13.0
cooperative_individual,,12,3,Tea Forté tea sampler,15.0,10.0
cooperative_individual,,13,3,Gold floral journal,28.0,18.0
cooperative_individual,,14,3,Starbucks stainless steel tumbler,30.0,23.0
cooperative_individual,,15,3,Conair ceramic ionic hairdryer,27.0,25.0
cooperative_individual,,16,3,Canine pajamas,17.0,13.0
cooperative_individual,,17,3,Lab Series skincare for men power wash,15.0,18.0
cooperative_individual,,18,3,Honey willow hamper with liner,21.0,40.0
cooperative_individual,,19,3,Tide concetrated liquid detergent 64-loads,10.0,20.0
cooperative_individual,,20,3,French spice stack,20.0,25.0
cooperative_individual,,21,3,Swiss Army pocket knife,27.0,40.0
cooperative_individual,,22,3,Kate Spade crystal goblet,35.0,35.0
cooperative_individual,,23,3,Ice shaver,35.0,25.0
cooperative_individual,,24,3,Body brush,13.0,12.0
cooperative_individual,,25,3,Rainbow wide strap thong,40.0,45.0
cooperative_individual,,26,3,Converse one star oxfords,45.0,30.0
cooperative_individual,,27,3,Roxy fringed faux suede bag,29.0,42.0
cooperative_individual,,28,3,Nike sleeveless t-shirt,38.0,22.0
cooperative_individual,,29,3,Heavy duty flashlight,20.0,19.0
cooperative_individual,,30,3,Nicorette fresh mint gum,32.0,41.0
cooperative_individual,,31,3,Food & wine cookbook,38.0,38.0
cooperative_individual,,32,3,Marc Jacobs 'Miss Marc' earrings,45.0,38.0
cooperative_individual,,33,3,Twiggy chopsticks,18.0,10.0
cooperative_individual,,34,3,Brown motif sunglasses,13.0,28.0
cooperative_individual,,35,3,Nike sleeveless t-shirt,20.0,22.0
cooperative_individual,,36,3,Wood serving tray,9.0,15.0
cooperative_individual,,37,3,Four-orange chocolate sauce,16.0,14.0
cooperative_individual,,38,3,Mini trampoline,35.0,40.0
cooperative_individual,,39,3,Star Trek UNO game,11.0,15.0
cooperative_individual,,40,3,Feather print racerback tunic,13.0,28.0
cooperative_individual,,41,3,McAfee virus scan,40.0,40.0
cooperative_individual,,42,3,Energizer batteries,19.0,11.0
cooperative_individual,,43,3,31'' panther skateboard,32.0,35.0
cooperative_individual,,44,3,Flower pencil,10.0,5.0
cooperative_individual,,45,3,Spalding premier basketball,20.0,30.0
cooperative_individual,,46,3,Honey pot,13.0,24.0
cooperative_individual,,47,3,Gevalia connoisseur's coffee basket,40.0,43.0
cooperative_individual,,48,3,Speed blender,42.0,31.0
cooperative_individual,,49,3,Kiehl's scented candle,17.0,28.0
cooperative_individual,,50,3,Curly-cues fruit bowl,30.0,25.0
cooperative_individual,,1,1,Scrabble board game,26.0,35.0
cooperative_individual,,2,1,Wild strawberry preserve,8.0,7.0
cooperative_individual,,3,1,Metallic electric can opener,10.0,19.0
cooperative_individual,,4,1,Getz/Gilberto bossa nova compilation CD,30.0,22.0
cooperative_individual,,5,1,Mrs. Fields cookie basket,25.0,35.0
cooperative_individual,,6,1,2-slice toaster,30.0,23.0
cooperative_individual,,7,1,The North Face men's flip flops,20.0,28.0
cooperative_individual,,8,1,Travel neck pillow,15.0,13.0
cooperative_individual,,9,1,Coated key lock,8.0,9.0
cooperative_individual,,10,1,Sony computer speakers,50.0,31.0
cooperative_individual,,11,1,Tarnished sheer scarf,12.0,44.0
cooperative_individual,,12,1,Wireless mobile mouse,30.0,40.0
cooperative_individual,,13,1,Juggling set,20.0,24.0
cooperative_individual,,14,1,Potted artificial phalaenopsis,21.0,18.0
cooperative_individual,,15,1,Panasonic cordless phone system,20.0,40.0
cooperative_individual,,16,1,Bobbi Brown eyelash curler,12.0,15.0
cooperative_individual,,17,1,Peacock feather pen,8.0,20.0
cooperative_individual,,18,1,Dylan's candy bar gift box,20.0,24.0
cooperative_individual,,19,1,Crystal votive candle holder,10.0,35.0
cooperative_individual,,20,1,Impulse helmet,17.0,34.0
cooperative_individual,,21,1,Colorblock dress,25.0,38.0
cooperative_individual,,22,1,Cock-a-doodle timer,19.0,10.0
cooperative_individual,,23,1,Chicago Cubs vintage t-shirt,10.0,32.0
cooperative_individual,,24,1,Floral stone ring,40.0,42.0
cooperative_individual,,25,1,Eddie Bauer sleeping bag,42.0,40.0
cooperative_individual,,26,1,Fresh water lily soap,12.0,14.0
cooperative_individual,,27,1,Professional burst-resistant exercise ball,20.0,30.0
cooperative_individual,,28,1,Animal print glass vase,40.0,40.0
cooperative_individual,,29,1,Crest deep clean dental floss,5.0,8.0
cooperative_individual,,30,1,Dayquil and Nyquil cough syrup,15.0,12.0
cooperative_individual,,31,1,Calvin Klein legwarmers,46.0,18.0
cooperative_individual,,32,1,Apple dock USB connector,25.0,19.0
cooperative_individual,,33,1,Sony S2 stereo headphones,39.0,25.0
cooperative_individual,,34,1,Cheese tray knife set,30.0,38.0
cooperative_individual,,35,1,Produce saver tupperware set,20.0,13.0
cooperative_individual,,36,1,Halo 3 for Xbox 360,35.0,35.0
cooperative_individual,,37,1,Texas Instruments scientific calculator,35.0,11.0
cooperative_individual,,38,1,Frederic Fekkai 7oz hair glossing cream,15.0,28.0
cooperative_individual,,39,1,Sony 8gb USB drive,20.0,40.0
cooperative_individual,,40,1,Tibetan finger cymbal,17.0,28.0
cooperative_individual,,41,1,Cow bell,20.0,25.0
cooperative_individual,,42,1,Godiva signature chocolate truffle assortment,30.0,36.0
cooperative_individual,,43,1,Oster flip waffle maker,27.0,40.0
cooperative_individual,,44,1,Flexible digital thermometer,20.0,11.0
cooperative_individual,,45,1,G Saké,20.0,25.0
cooperative_individual,,46,1,Smith & Hawken rubber doormat,15.0,25.0
cooperative_individual,,47,1,Candlestick lamp,32.0,45.0
cooperative_individual,,48,1,Floral bath towels,25.0,42.0
cooperative_individual,,49,1,Brown floating wall frame,40.0,15.0
cooperative_individual,,50,1,Clinique powder brush,42.0,30.0
cooperative_individual,,1,2,Scrabble board game,20.0,35.0
cooperative_individual,,2,2,Wild strawberry preserve,6.0,7.0
cooperative_individual,,3,2,Metallic electric can opener,42.0,19.0
cooperative_individual,,4,2,Getz/Gilberto bossa nova compilation CD,25.0,22.0
cooperative_individual,,5,2,Mrs. Fields cookie basket,15.0,35.0
cooperative_individual,,6,2,2-slice toaster,21.0,23.0
cooperative_individual,,7,2,The North Face men's flip flops,21.0,28.0
cooperative_individual,,8,2,Travel neck pillow,15.0,13.0
cooperative_individual,,9,2,Coated key lock,15.0,9.0
cooperative_individual,,10,2,Sony computer speakers,37.0,31.0
cooperative_individual,,11,2,Tarnished sheer scarf,15.0,44.0
cooperative_individual,,12,2,Wireless mobile mouse,40.0,40.0
cooperative_individual,,13,2,Juggling set,14.0,24.0
cooperative_individual,,14,2,Potted artificial phalaenopsis,25.0,18.0
cooperative_individual,,15,2,Panasonic cordless phone system,15.0,40.0
cooperative_individual,,16,2,Bobbi Brown eyelash curler,17.0,15.0
cooperative_individual,,17,2,Peacock feather pen,10.0,20.0
cooperative_individual,,18,2,Dylan's candy bar gift box,20.0,24.0
cooperative_individual,,19,2,Crystal votive candle holder,40.0,35.0
cooperative_individual,,20,2,Impulse helmet,20.0,34.0
cooperative_individual,,21,2,Colorblock dress,30.0,38.0
cooperative_individual,,22,2,Cock-a-doodle timer,15.0,10.0
cooperative_individual,,23,2,Chicago Cubs vintage t-shirt,15.0,32.0
cooperative_individual,,24,2,Floral stone ring,19.0,42.0
cooperative_individual,,25,2,Eddie Bauer sleeping bag,50.0,40.0
cooperative_individual,,26,2,Fresh water lily soap,8.0,14.0
cooperative_individual,,27,2,Professional burst-resistant exercise ball,14.0,30.0
cooperative_individual,,28,2,Animal print glass vase,40.0,40.0
cooperative_individual,,29,2,Crest deep clean dental floss,8.0,8.0
cooperative_individual,,30,2,Dayquil and Nyquil cough syrup,11.0,12.0
cooperative_individual,,31,2,Calvin Klein legwarmers,35.0,18.0
cooperative_individual,,32,2,Apple dock USB connector,21.0,19.0
cooperative_individual,,33,2,Sony S2 stereo headphones,40.0,25.0
cooperative_individual,,34,2,Cheese tray knife set,40.0,38.0
cooperative_individual,,35,2,Produce saver tupperware set,15.0,13.0
cooperative_individual,,36,2,Halo 3 for Xbox 360,37.0,35.0
cooperative_individual,,37,2,Texas Instruments scientific calculator,20.0,11.0
cooperative_individual,,38,2,Frederic Fekkai 7oz hair glossing cream,10.0,28.0
cooperative_individual,,39,2,Sony 8gb USB drive,23.0,40.0
cooperative_individual,,40,2,Tibetan finger cymbal,20.0,28.0
cooperative_individual,,41,2,Cow bell,10.0,25.0
cooperative_individual,,42,2,Godiva signature chocolate truffle assortment,36.0,36.0
cooperative_individual,,43,2,Oster flip waffle maker,35.0,40.0
cooperative_individual,,44,2,Flexible digital thermometer,15.0,11.0
cooperative_individual,,45,2,G Saké,26.0,25.0
cooperative_individual,,46,2,Smith & Hawken rubber doormat,23.0,25.0
cooperative_individual,,47,2,Candlestick lamp,35.0,45.0
cooperative_individual,,48,2,Floral bath towels,15.0,42.0
cooperative_individual,,49,2,Brown floating wall frame,24.0,15.0
cooperative_individual,,50,2,Clinique powder brush,25.0,30.0
cooperative_individual,,1,3,Scrabble board game,25.0,35.0
cooperative_individual,,2,3,Wild strawberry preserve,7.0,7.0
cooperative_individual,,3,3,Metallic electric can opener,30.0,19.0
cooperative_individual,,4,3,Getz/Gilberto bossa nova compilation CD,25.0,22.0
cooperative_individual,,5,3,Mrs. Fields cookie basket,17.0,35.0
cooperative_individual,,6,3,2-slice toaster,32.0,23.0
cooperative_individual,,7,3,The North Face men's flip flops,30.0,28.0
cooperative_individual,,8,3,Travel neck pillow,20.0,13.0
cooperative_individual,,9,3,Coated key lock,6.0,9.0
cooperative_individual,,10,3,Sony computer speakers,50.0,31.0
cooperative_individual,,11,3,Tarnished sheer scarf,13.0,44.0
cooperative_individual,,12,3,Wireless mobile mouse,27.0,40.0
cooperative_individual,,13,3,Juggling set,18.0,24.0
cooperative_individual,,14,3,Potted artificial phalaenopsis,20.0,18.0
cooperative_individual,,15,3,Panasonic cordless phone system,32.0,40.0
cooperative_individual,,16,3,Bobbi Brown eyelash curler,14.0,15.0
cooperative_individual,,17,3,Peacock feather pen,7.0,20.0
cooperative_individual,,18,3,Dylan's candy bar gift box,24.0,24.0
cooperative_individual,,19,3,Crystal votive candle holder,13.0,35.0
cooperative_individual,,20,3,Impulse helmet,15.0,34.0
cooperative_individual,,21,3,Colorblock dress,44.0,38.0
cooperative_individual,,22,3,Cock-a-doodle timer,20.0,10.0
cooperative_individual,,23,3,Chicago Cubs vintage t-shirt,13.0,32.0
cooperative_individual,,24,3,Floral stone ring,30.0,42.0
cooperative_individual,,25,3,Eddie Bauer sleeping bag,50.0,40.0
cooperative_individual,,26,3,Fresh water lily soap,10.0,14.0
cooperative_individual,,27,3,Professional burst-resistant exercise ball,18.0,30.0
cooperative_individual,,28,3,Animal print glass vase,30.0,40.0
cooperative_individual,,29,3,Crest deep clean dental floss,3.0,8.0
cooperative_individual,,30,3,Dayquil and Nyquil cough syrup,10.0,12.0
cooperative_individual,,31,3,Calvin Klein legwarmers,50.0,18.0
cooperative_individual,,32,3,Apple dock USB connector,20.0,19.0
cooperative_individual,,33,3,Sony S2 stereo headphones,30.0,25.0
cooperative_individual,,34,3,Cheese tray knife set,26.0,38.0
cooperative_individual,,35,3,Produce saver tupperware set,23.0,13.0
cooperative_individual,,36,3,Halo 3 for Xbox 360,30.0,35.0
cooperative_individual,,37,3,Texas Instruments scientific calculator,25.0,11.0
cooperative_individual,,38,3,Frederic Fekkai 7oz hair glossing cream,11.0,28.0
cooperative_individual,,39,3,Sony 8gb USB drive,20.0,40.0
cooperative_individual,,40,3,Tibetan finger cymbal,30.0,28.0
cooperative_individual,,41,3,Cow bell,7.0,25.0
cooperative_individual,,42,3,Godiva signature chocolate truffle assortment,45.0,36.0
cooperative_individual,,43,3,Oster flip waffle maker,40.0,40.0
cooperative_individual,,44,3,Flexible digital thermometer,17.0,11.0
cooperative_individual,,45,3,G Saké,25.0,25.0
cooperative_individual,,46,3,Smith & Hawken rubber doormat,25.0,25.0
cooperative_individual,,47,3,Candlestick lamp,35.0,45.0
cooperative_individual,,48,3,Floral bath towels,30.0,42.0
cooperative_individual,,49,3,Brown floating wall frame,30.0,15.0
cooperative_individual,,50,3,Clinique powder brush,30.0,30.0
cooperative_individual,,1,1,Br'ita water purifying pitcher,35.0,23.0
cooperative_individual,,2,1,Spalding premier basketball,20.0,30.0
cooperative_individual,,3,1,Turtle xylophone,14.0,31.0
cooperative_individual,,4,1,Ice shaver,35.0,25.0
cooperative_individual,,5,1,Gold floral journal,40.0,18.0
cooperative_individual,,6,1,Feather print racerback tunic,20.0,28.0
cooperative_individual,,7,1,Roxy fringed faux suede bag,30.0,42.0
cooperative_individual,,8,1,Canine pajamas,15.0,13.0
cooperative_individual,,9,1,31'' panther skateboard,37.0,35.0
cooperative_individual,,10,1,McAfee virus scan,25.0,40.0
cooperative_individual,,11,1,Flower pencil,25.0,5.0
cooperative_individual,,12,1,Honey pot,8.0,24.0
cooperative_individual,,13,1,Converse one star oxfords,28.0,30.0
cooperative_individual,,14,1,Speed blender,30.0,31.0
cooperative_individual,,15,1,Kate Spade crystal goblet,12.0,35.0
cooperative_individual,,16,1,Nature Made calcium vitamin tablets,29.0,13.0
cooperative_individual,,17,1,Wood serving tray,13.0,15.0
cooperative_individual,,18,1,Energizer batteries,6.0,11.0
cooperative_individual,,19,1,Rainbow wide strap thong,40.0,45.0
cooperative_individual,,20,1,Spruce goose pitcher,20.0,38.0
cooperative_individual,,21,1,Mini trampoline,40.0,40.0
cooperative_individual,,22,1,Mr. Coffee steam espresso machine,50.0,35.0
cooperative_individual,,23,1,Marc Jacobs 'Miss Marc' earrings,50.0,38.0
cooperative_individual,,24,1,Kiehl's scented candle,33.0,28.0
cooperative_individual,,25,1,Tea Forté tea sampler,15.0,10.0
cooperative_individual,,26,1,Four-orange chocolate sauce,8.0,14.0
cooperative_individual,,27,1,Motorola bluetooth headset,25.0,40.0
cooperative_individual,,28,1,Nicorette fresh mint gum,35.0,41.0
cooperative_individual,,29,1,Tide concetrated liquid detergent 64-loads,15.0,20.0
cooperative_individual,,30,1,Conair ceramic ionic hairdryer,22.0,25.0
cooperative_individual,,31,1,Body brush,10.0,12.0
cooperative_individual,,32,1,Mesh wastebasket,12.0,35.0
cooperative_individual,,33,1,Lab Series skincare for men power wash,8.0,18.0
cooperative_individual,,34,1,Starbucks stainless steel tumbler,12.0,23.0
cooperative_individual,,35,1,Pressed flowers mug,10.0,8.0
cooperative_individual,,36,1,Swiss Army pocket knife,8.0,40.0
cooperative_individual,,37,1,Heavy duty flashlight,25.0,19.0
cooperative_individual,,38,1,Crabtree & Evelyn seven seas bath salts,20.0,34.0
cooperative_individual,,39,1,Food & wine cookbook,20.0,38.0
cooperative_individual,,40,1,Twiggy chopsticks,10.0,10.0
cooperative_individual,,41,1,French spice stack,30.0,25.0
cooperative_individual,,42,1,Gevalia connoisseur's coffee basket,28.0,43.0
cooperative_individual,,43,1,Oat & honey pancake mix,12.0,8.0
cooperative_individual,,44,1,Brown motif sunglasses,5.0,28.0
cooperative_individual,,45,1,Nike sleeveless t-shirt,12.0,22.0
cooperative_individual,,46,1,Extra virgin olive oil,10.0,35.0
cooperative_individual,,47,1,Honey willow hamper with liner,15.0,40.0
cooperative_individual,,48,1,Curly-cues fruit bowl,38.0,25.0
cooperative_individual,,49,1,Star Trek UNO game,7.0,15.0
cooperative_individual,,50,1,L'Oréal hair color dye,14.0,14.0
cooperative_individual,,1,2,Br'ita water purifying pitcher,40.0,23.0
cooperative_individual,,2,2,Spalding premier basketball,27.0,30.0
cooperative_individual,,3,2,Turtle xylophone,18.0,31.0
cooperative_individual,,4,2,Ice shaver,35.0,25.0
cooperative_individual,,5,2,Gold floral journal,37.0,18.0
cooperative_individual,,6,2,Feather print racerback tunic,20.0,28.0
cooperative_individual,,7,2,Roxy fringed faux suede bag,30.0,42.0
cooperative_individual,,8,2,Canine pajamas,10.0,13.0
cooperative_individual,,9,2,31'' panther skateboard,30.0,35.0
cooperative_individual,,10,2,McAfee virus scan,40.0,40.0
cooperative_individual,,11,2,Flower pencil,10.0,5.0
cooperative_individual,,12,2,Honey pot,12.0,24.0
cooperative_individual,,13,2,Converse one star oxfords,39.0,30.0
cooperative_individual,,14,2,Speed blender,25.0,31.0
cooperative_individual,,15,2,Kate Spade crystal goblet,8.0,35.0
cooperative_individual,,16,2,Nature Made calcium vitamin tablets,30.0,13.0
cooperative_individual,,17,2,Wood serving tray,15.0,15.0
cooperative_individual,,18,2,Energizer batteries,6.0,11.0
cooperative_individual,,19,2,Rainbow wide strap thong,50.0,45.0
cooperative_individual,,20,2,Spruce goose pitcher,27.0,38.0
cooperative_individual,,21,2,Mini trampoline,35.0,40.0
cooperative_individual,,22,2,Mr. Coffee steam espresso machine,50.0,35.0
cooperative_individual,,23,2,Marc Jacobs 'Miss Marc' earrings,40.0,38.0
cooperative_individual,,24,2,Kiehl's scented candle,30.0,28.0
cooperative_individual,,25,2,Tea Forté tea sampler,18.0,10.0
cooperative_individual,,26,2,Four-orange chocolate sauce,8.0,14.0
cooperative_individual,,27,2,Motorola bluetooth headset,24.0,40.0
cooperative_individual,,28,2,Nicorette fresh mint gum,20.0,41.0
cooperative_individual,,29,2,Tide concetrated liquid detergent 64-loads,22.0,20.0
cooperative_individual,,30,2,Conair ceramic ionic hairdryer,18.0,25.0
cooperative_individual,,31,2,Body brush,15.0,12.0
cooperative_individual,,32,2,Mesh wastebasket,15.0,35.0
cooperative_individual,,33,2,Lab Series skincare for men power wash,12.0,18.0
cooperative_individual,,34,2,Starbucks stainless steel tumbler,15.0,23.0
cooperative_individual,,35,2,Pressed flowers mug,12.0,8.0
cooperative_individual,,36,2,Swiss Army pocket knife,8.0,40.0
cooperative_individual,,37,2,Heavy duty flashlight,40.0,19.0
cooperative_individual,,38,2,Crabtree & Evelyn seven seas bath salts,15.0,34.0
cooperative_individual,,39,2,Food & wine cookbook,25.0,38.0
cooperative_individual,,40,2,Twiggy chopsticks,2.0,10.0
cooperative_individual,,41,2,French spice stack,25.0,25.0
cooperative_individual,,42,2,Gevalia connoisseur's coffee basket,28.0,43.0
cooperative_individual,,43,2,Oat & honey pancake mix,25.0,8.0
cooperative_individual,,44,2,Brown motif sunglasses,7.0,28.0
cooperative_individual,,45,2,Nike sleeveless t-shirt,15.0,22.0
cooperative_individual,,46,2,Extra virgin olive oil,15.0,35.0
cooperative_individual,,47,2,Honey willow hamper with liner,12.0,40.0
cooperative_individual,,48,2,Curly-cues fruit bowl,40.0,25.0
cooperative_individual,,49,2,Star Trek UNO game,7.0,15.0
cooperative_individual,,50,2,L'Oréal hair color dye,20.0,14.0
cooperative_individual,,1,3,Br'ita water purifying pitcher,30.0,23.0
cooperative_individual,,2,3,Spalding premier basketball,22.0,30.0
cooperative_individual,,3,3,Turtle xylophone,20.0,31.0
cooperative_individual,,4,3,Ice shaver,25.0,25.0
cooperative_individual,,5,3,Gold floral journal,25.0,18.0
cooperative_individual,,6,3,Feather print racerback tunic,18.0,28.0
cooperative_individual,,7,3,Roxy fringed faux suede bag,30.0,42.0
cooperative_individual,,8,3,Canine pajamas,20.0,13.0
cooperative_individual,,9,3,31'' panther skateboard,50.0,35.0
cooperative_individual,,10,3,McAfee virus scan,40.0,40.0
cooperative_individual,,11,3,Flower pencil,18.0,5.0
cooperative_individual,,12,3,Honey pot,12.0,24.0
cooperative_individual,,13,3,Converse one star oxfords,30.0,30.0
cooperative_individual,,14,3,Speed blender,34.0,31.0
cooperative_individual,,15,3,Kate Spade crystal goblet,20.0,35.0
cooperative_individual,,16,3,Nature Made calcium vitamin tablets,10.0,13.0
cooperative_individual,,17,3,Wood serving tray,15.0,15.0
cooperative_individual,,18,3,Energizer batteries,8.0,11.0
cooperative_individual,,19,3,Rainbow wide strap thong,45.0,45.0
cooperative_individual,,20,3,Spruce goose pitcher,20.0,38.0
cooperative_individual,,21,3,Mini trampoline,40.0,40.0
cooperative_individual,,22,3,Mr. Coffee steam espresso machine,50.0,35.0
cooperative_individual,,23,3,Marc Jacobs 'Miss Marc' earrings,45.0,38.0
cooperative_individual,,24,3,Kiehl's scented candle,30.0,28.0
cooperative_individual,,25,3,Tea Forté tea sampler,10.0,10.0
cooperative_individual,,26,3,Four-orange chocolate sauce,8.0,14.0
cooperative_individual,,27,3,Motorola bluetooth headset,25.0,40.0
cooperative_individual,,28,3,Nicorette fresh mint gum,25.0,41.0
cooperative_individual,,29,3,Tide concetrated liquid detergent 64-loads,20.0,20.0
cooperative_individual,,30,3,Conair ceramic ionic hairdryer,20.0,25.0
cooperative_individual,,31,3,Body brush,8.0,12.0
cooperative_individual,,32,3,Mesh wastebasket,18.0,35.0
cooperative_individual,,33,3,Lab Series skincare for men power wash,12.0,18.0
cooperative_individual,,34,3,Starbucks stainless steel tumbler,15.0,23.0
cooperative_individual,,35,3,Pressed flowers mug,12.0,8.0
cooperative_individual,,36,3,Swiss Army pocket knife,15.0,40.0
cooperative_individual,,37,3,Heavy duty flashlight,30.0,19.0
cooperative_individual,,38,3,Crabtree & Evelyn seven seas bath salts,30.0,34.0
cooperative_individual,,39,3,Food & wine cookbook,40.0,38.0
cooperative_individual,,40,3,Twiggy chopsticks,8.0,10.0
cooperative_individual,,41,3,French spice stack,28.0,25.0
cooperative_individual,,42,3,Gevalia connoisseur's coffee basket,28.0,43.0
cooperative_individual,,43,3,Oat & honey pancake mix,25.0,8.0
cooperative_individual,,44,3,Brown motif sunglasses,7.0,28.0
cooperative_individual,,45,3,Nike sleeveless t-shirt,15.0,22.0
cooperative_individual,,46,3,Extra virgin olive oil,12.0,35.0
cooperative_individual,,47,3,Honey willow hamper with liner,30.0,40.0
cooperative_individual,,48,3,Curly-cues fruit bowl,38.0,25.0
cooperative_individual,,49,3,Star Trek UNO game,7.0,15.0
cooperative_individual,,50,3,L'Oréal hair color dye,9.0,14.0
cooperative_individual,,1,1,Juggling set,4.0,24.0
cooperative_individual,,2,1,Frederic Fekkai 7oz hair glossing cream,45.0,28.0
cooperative_individual,,3,1,Getz/Gilberto bossa nova compilation CD,30.0,22.0
cooperative_individual,,4,1,Tarnished sheer scarf,12.0,44.0
cooperative_individual,,5,1,Cock-a-doodle timer,6.0,10.0
cooperative_individual,,6,1,Flexible digital thermometer,15.0,11.0
cooperative_individual,,7,1,Coated key lock,4.0,9.0
cooperative_individual,,8,1,2-slice toaster,30.0,23.0
cooperative_individual,,9,1,Metallic electric can opener,18.0,19.0
cooperative_individual,,10,1,Clinique powder brush,20.0,30.0
cooperative_individual,,11,1,Smith & Hawken rubber doormat,35.0,25.0
cooperative_individual,,12,1,Candlestick lamp,12.0,45.0
cooperative_individual,,13,1,Mrs. Fields cookie basket,25.0,35.0
cooperative_individual,,14,1,Produce saver tupperware set,40.0,13.0
cooperative_individual,,15,1,Crystal votive candle holder,8.0,35.0
cooperative_individual,,16,1,Dylan's candy bar gift box,10.0,24.0
cooperative_individual,,17,1,Oster flip waffle maker,25.0,40.0
cooperative_individual,,18,1,Sony 8gb USB drive,45.0,40.0
cooperative_individual,,19,1,Apple dock USB connector,32.0,19.0
cooperative_individual,,20,1,Floral bath towels,35.0,42.0
cooperative_individual,,21,1,Tibetan finger cymbal,38.0,28.0
cooperative_individual,,22,1,Halo 3 for Xbox 360,22.0,35.0
cooperative_individual,,23,1,Wild strawberry preserve,8.0,7.0
cooperative_individual,,24,1,Dayquil and Nyquil cough syrup,5.0,12.0
cooperative_individual,,25,1,G Saké,9.0,25.0
cooperative_individual,,26,1,Potted artificial phalaenopsis,12.0,18.0
cooperative_individual,,27,1,Bobbi Brown eyelash curler,24.0,15.0
cooperative_individual,,28,1,Peacock feather pen,20.0,20.0
cooperative_individual,,29,1,Chicago Cubs vintage t-shirt,11.0,32.0
cooperative_individual,,30,1,Sony computer speakers,40.0,31.0
cooperative_individual,,31,1,Cheese tray knife set,30.0,38.0
cooperative_individual,,32,1,Cow bell,11.0,25.0
cooperative_individual,,33,1,Calvin Klein legwarmers,28.0,18.0
cooperative_individual,,34,1,Animal print glass vase,40.0,40.0
cooperative_individual,,35,1,Impulse helmet,23.0,34.0
cooperative_individual,,36,1,Sony S2 stereo headphones,13.0,25.0
cooperative_individual,,37,1,Godiva signature chocolate truffle assortment,26.0,36.0
cooperative_individual,,38,1,Panasonic cordless phone system,30.0,40.0
cooperative_individual,,39,1,Brown floating wall frame,22.0,15.0
cooperative_individual,,40,1,Floral stone ring,36.0,42.0
cooperative_individual,,41,1,Wireless mobile mouse,22.0,40.0
cooperative_individual,,42,1,Texas Instruments scientific calculator,45.0,11.0
cooperative_individual,,43,1,Eddie Bauer sleeping bag,40.0,40.0
cooperative_individual,,44,1,The North Face men's flip flops,22.0,28.0
cooperative_individual,,45,1,Professional burst-resistant exercise ball,20.0,30.0
cooperative_individual,,46,1,Fresh water lily soap,12.0,14.0
cooperative_individual,,47,1,Travel neck pillow,12.0,13.0
cooperative_individual,,48,1,Colorblock dress,14.0,38.0
cooperative_individual,,49,1,Crest deep clean dental floss,6.0,8.0
cooperative_individual,,50,1,Scrabble board game,40.0,35.0
cooperative_individual,,1,2,Juggling set,5.0,24.0
cooperative_individual,,2,2,Frederic Fekkai 7oz hair glossing cream,30.0,28.0
cooperative_individual,,3,2,Getz/Gilberto bossa nova compilation CD,15.0,22.0
cooperative_individual,,4,2,Tarnished sheer scarf,15.0,44.0
cooperative_individual,,5,2,Cock-a-doodle timer,10.0,10.0
cooperative_individual,,6,2,Flexible digital thermometer,28.0,11.0
cooperative_individual,,7,2,Coated key lock,5.0,9.0
cooperative_individual,,8,2,2-slice toaster,24.0,23.0
cooperative_individual,,9,2,Metallic electric can opener,12.0,19.0
cooperative_individual,,10,2,Clinique powder brush,22.0,30.0
cooperative_individual,,11,2,Smith & Hawken rubber doormat,40.0,25.0
cooperative_individual,,12,2,Candlestick lamp,20.0,45.0
cooperative_individual,,13,2,Mrs. Fields cookie basket,30.0,35.0
cooperative_individual,,14,2,Produce saver tupperware set,30.0,13.0
cooperative_individual,,15,2,Crystal votive candle holder,10.0,35.0
cooperative_individual,,16,2,Dylan's candy bar gift box,10.0,24.0
cooperative_individual,,17,2,Oster flip waffle maker,27.0,40.0
cooperative_individual,,18,2,Sony 8gb USB drive,40.0,40.0
cooperative_individual,,19,2,Apple dock USB connector,20.0,19.0
cooperative_individual,,20,2,Floral bath towels,32.0,42.0
cooperative_individual,,21,2,Tibetan finger cymbal,30.0,28.0
cooperative_individual,,22,2,Halo 3 for Xbox 360,30.0,35.0
cooperative_individual,,23,2,Wild strawberry preserve,8.0,7.0
cooperative_individual,,24,2,Dayquil and Nyquil cough syrup,13.0,12.0
cooperative_individual,,25,2,G Saké,35.0,25.0
cooperative_individual,,26,2,Potted artificial phalaenopsis,15.0,18.0
cooperative_individual,,27,2,Bobbi Brown eyelash curler,22.0,15.0
cooperative_individual,,28,2,Peacock feather pen,9.0,20.0
cooperative_individual,,29,2,Chicago Cubs vintage t-shirt,12.0,32.0
cooperative_individual,,30,2,Sony computer speakers,42.0,31.0
cooperative_individual,,31,2,Cheese tray knife set,30.0,38.0
cooperative_individual,,32,2,Cow bell,17.0,25.0
cooperative_individual,,33,2,Calvin Klein legwarmers,18.0,18.0
cooperative_individual,,34,2,Animal print glass vase,32.0,40.0
cooperative_individual,,35,2,Impulse helmet,18.0,34.0
cooperative_individual,,36,2,Sony S2 stereo headphones,18.0,25.0
cooperative_individual,,37,2,Godiva signature chocolate truffle assortment,32.0,36.0
cooperative_individual,,38,2,Panasonic cordless phone system,35.0,40.0
cooperative_individual,,39,2,Brown floating wall frame,20.0,15.0
cooperative_individual,,40,2,Floral stone ring,35.0,42.0
cooperative_individual,,41,2,Wireless mobile mouse,30.0,40.0
cooperative_individual,,42,2,Texas Instruments scientific calculator,45.0,11.0
cooperative_individual,,43,2,Eddie Bauer sleeping bag,40.0,40.0
cooperative_individual,,44,2,The North Face men's flip flops,35.0,28.0
cooperative_individual,,45,2,Professional burst-resistant exercise ball,22.0,30.0
cooperative_individual,,46,2,Fresh water lily soap,8.0,14.0
cooperative_individual,,47,2,Travel neck pillow,10.0,13.0
cooperative_individual,,48,2,Colorblock dress,21.0,38.0
cooperative_individual,,49,2,Crest deep clean dental floss,6.0,8.0
cooperative_individual,,50,2,Scrabble board game,35.0,35.0
cooperative_individual,,1,3,Juggling set,6.0,24.0
cooperative_individual,,2,3,Frederic Fekkai 7oz hair glossing cream,24.0,28.0
cooperative_individual,,3,3,Getz/Gilberto bossa nova compilation CD,15.0,22.0
cooperative_individual,,4,3,Tarnished sheer scarf,11.0,44.0
cooperative_individual,,5,3,Cock-a-doodle timer,8.0,10.0
cooperative_individual,,6,3,Flexible digital thermometer,12.0,11.0
cooperative_individual,,7,3,Coated key lock,3.0,9.0
cooperative_individual,,8,3,2-slice toaster,25.0,23.0
cooperative_individual,,9,3,Metallic electric can opener,20.0,19.0
cooperative_individual,,10,3,Clinique powder brush,21.0,30.0
cooperative_individual,,11,3,Smith & Hawken rubber doormat,30.0,25.0
cooperative_individual,,12,3,Candlestick lamp,18.0,45.0
cooperative_individual,,13,3,Mrs. Fields cookie basket,24.0,35.0
cooperative_individual,,14,3,Produce saver tupperware set,15.0,13.0
cooperative_individual,,15,3,Crystal votive candle holder,4.0,35.0
cooperative_individual,,16,3,Dylan's candy bar gift box,8.0,24.0
cooperative_individual,,17,3,Oster flip waffle maker,30.0,40.0
cooperative_individual,,18,3,Sony 8gb USB drive,30.0,40.0
cooperative_individual,,19,3,Apple dock USB connector,25.0,19.0
cooperative_individual,,20,3,Floral bath towels,30.0,42.0
cooperative_individual,,21,3,Tibetan finger cymbal,30.0,28.0
cooperative_individual,,22,3,Halo 3 for Xbox 360,18.0,35.0
cooperative_individual,,23,3,Wild strawberry preserve,8.0,7.0
cooperative_individual,,24,3,Dayquil and Nyquil cough syrup,17.0,12.0
cooperative_individual,,25,3,G Saké,13.0,25.0
cooperative_individual,,26,3,Potted artificial phalaenopsis,15.0,18.0
cooperative_individual,,27,3,Bobbi Brown eyelash curler,30.0,15.0
cooperative_individual,,28,3,Peacock feather pen,12.0,20.0
cooperative_individual,,29,3,Chicago Cubs vintage t-shirt,14.0,32.0
cooperative_individual,,30,3,Sony computer speakers,35.0,31.0
cooperative_individual,,31,3,Cheese tray knife set,30.0,38.0
cooperative_individual,,32,3,Cow bell,10.0,25.0
cooperative_individual,,33,3,Calvin Klein legwarmers,19.0,18.0
cooperative_individual,,34,3,Animal print glass vase,35.0,40.0
cooperative_individual,,35,3,Impulse helmet,18.0,34.0
cooperative_individual,,36,3,Sony S2 stereo headphones,15.0,25.0
cooperative_individual,,37,3,Godiva signature chocolate truffle assortment,28.0,36.0
cooperative_individual,,38,3,Panasonic cordless phone system,38.0,40.0
cooperative_individual,,39,3,Brown floating wall frame,18.0,15.0
cooperative_individual,,40,3,Floral stone ring,28.0,42.0
cooperative_individual,,41,3,Wireless mobile mouse,30.0,40.0
cooperative_individual,,42,3,Texas Instruments scientific calculator,18.0,11.0
cooperative_individual,,43,3,Eddie Bauer sleeping bag,40.0,40.0
cooperative_individual,,44,3,The North Face men's flip flops,30.0,28.0
cooperative_individual,,45,3,Professional burst-resistant exercise ball,20.0,30.0
cooperative_individual,,46,3,Fresh water lily soap,6.0,14.0
cooperative_individual,,47,3,Travel neck pillow,10.0,13.0
cooperative_individual,,48,3,Colorblock dress,25.0,38.0
cooperative_individual,,49,3,Crest deep clean dental floss,6.0,8.0
cooperative_individual,,50,3,Scrabble board game,24.0,35.0
cooperative_individual,,1,1,Swiss Army pocket knife,25.0,40.0
cooperative_individual,,2,1,Feather print racerback tunic,20.0,28.0
cooperative_individual,,3,1,Curly-cues fruit bowl,40.0,25.0
cooperative_individual,,4,1,Br'ita water purifying pitcher,30.0,23.0
cooperative_individual,,5,1,Body brush,10.0,12.0
cooperative_individual,,6,1,Food & wine cookbook,25.0,38.0
cooperative_individual,,7,1,Rainbow wide strap thong,40.0,45.0
cooperative_individual,,8,1,Starbucks stainless steel tumbler,40.0,23.0
cooperative_individual,,9,1,Conair ceramic ionic hairdryer,30.0,25.0
cooperative_individual,,10,1,Gevalia connoisseur's coffee basket,33.0,43.0
cooperative_individual,,11,1,31'' panther skateboard,35.0,35.0
cooperative_individual,,12,1,Converse one star oxfords,45.0,30.0
cooperative_individual,,13,1,Canine pajamas,20.0,13.0
cooperative_individual,,14,1,Crabtree & Evelyn seven seas bath salts,20.0,34.0
cooperative_individual,,15,1,Four-orange chocolate sauce,25.0,14.0
cooperative_individual,,16,1,Gold floral journal,26.0,18.0
cooperative_individual,,17,1,Pressed flowers mug,10.0,8.0
cooperative_individual,,18,1,Energizer batteries,10.0,11.0
cooperative_individual,,19,1,Spalding premier basketball,20.0,30.0
cooperative_individual,,20,1,Nature Made calcium vitamin tablets,20.0,13.0
cooperative_individual,,21,1,Mini trampoline,50.0,40.0
cooperative_individual,,22,1,Roxy fringed faux suede bag,23.0,42.0
cooperative_individual,,23,1,Speed blender,30.0,31.0
cooperative_individual,,24,1,Brown motif sunglasses,12.0,28.0
cooperative_individual,,25,1,Spruce goose pitcher,15.0,38.0
cooperative_individual,,26,1,McAfee virus scan,45.0,40.0
cooperative_individual,,27,1,Nike sleeveless t-shirt,30.0,22.0
cooperative_individual,,28,1,Mr. Coffee steam espresso machine,40.0,35.0
cooperative_individual,,29,1,Kate Spade crystal goblet,15.0,35.0
cooperative_individual,,30,1,Tea Forté tea sampler,20.0,10.0
cooperative_individual,,31,1,Tide concetrated liquid detergent 64-loads,10.0,20.0
cooperative_individual,,32,1,Nicorette fresh mint gum,45.0,41.0
cooperative_individual,,33,1,Extra virgin olive oil,15.0,35.0
cooperative_individual,,34,1,Motorola bluetooth headset,40.0,40.0
cooperative_individual,,35,1,L'Oréal hair color dye,20.0,14.0
cooperative_individual,,36,1,Kiehl's scented candle,10.0,28.0
cooperative_individual,,37,1,Flower pencil,20.0,5.0
cooperative_individual,,38,1,Twiggy chopsticks,5.0,10.0
cooperative_individual,,39,1,Honey willow hamper with liner,25.0,40.0
cooperative_individual,,40,1,Wood serving tray,12.0,15.0
cooperative_individual,,41,1,Honey pot,15.0,24.0
cooperative_individual,,42,1,Marc Jacobs 'Miss Marc' earrings,35.0,38.0
cooperative_individual,,43,1,Lab Series skincare for men power wash,10.0,18.0
cooperative_individual,,44,1,Heavy duty flashlight,30.0,19.0
cooperative_individual,,45,1,Mesh wastebasket,15.0,35.0
cooperative_individual,,46,1,Star Trek UNO game,10.0,15.0
cooperative_individual,,47,1,Oat & honey pancake mix,15.0,8.0
cooperative_individual,,48,1,Turtle xylophone,10.0,31.0
cooperative_individual,,49,1,French spice stack,20.0,25.0
cooperative_individual,,50,1,Ice shaver,20.0,25.0
cooperative_individual,,1,2,Swiss Army pocket knife,20.0,40.0
cooperative_individual,,2,2,Feather print racerback tunic,20.0,28.0
cooperative_individual,,3,2,Curly-cues fruit bowl,30.0,25.0
cooperative_individual,,4,2,Br'ita water purifying pitcher,25.0,23.0
cooperative_individual,,5,2,Body brush,20.0,12.0
cooperative_individual,,6,2,Food & wine cookbook,30.0,38.0
cooperative_individual,,7,2,Rainbow wide strap thong,35.0,45.0
cooperative_individual,,8,2,Starbucks stainless steel tumbler,20.0,23.0
cooperative_individual,,9,2,Conair ceramic ionic hairdryer,30.0,25.0
cooperative_individual,,10,2,Gevalia connoisseur's coffee basket,28.0,43.0
cooperative_individual,,11,2,31'' panther skateboard,35.0,35.0
cooperative_individual,,12,2,Converse one star oxfords,25.0,30.0
cooperative_individual,,13,2,Canine pajamas,20.0,13.0
cooperative_individual,,14,2,Crabtree & Evelyn seven seas bath salts,12.0,34.0
cooperative_individual,,15,2,Four-orange chocolate sauce,18.0,14.0
cooperative_individual,,16,2,Gold floral journal,35.0,18.0
cooperative_individual,,17,2,Pressed flowers mug,12.0,8.0
cooperative_individual,,18,2,Energizer batteries,10.0,11.0
cooperative_individual,,19,2,Spalding premier basketball,30.0,30.0
cooperative_individual,,20,2,Nature Made calcium vitamin tablets,20.0,13.0
cooperative_individual,,21,2,Mini trampoline,40.0,40.0
cooperative_individual,,22,2,Roxy fringed faux suede bag,25.0,42.0
cooperative_individual,,23,2,Speed blender,35.0,31.0
cooperative_individual,,24,2,Brown motif sunglasses,15.0,28.0
cooperative_individual,,25,2,Spruce goose pitcher,20.0,38.0
cooperative_individual,,26,2,McAfee virus scan,40.0,40.0
cooperative_individual,,27,2,Nike sleeveless t-shirt,40.0,22.0
cooperative_individual,,28,2,Mr. Coffee steam espresso machine,40.0,35.0
cooperative_individual,,29,2,Kate Spade crystal goblet,45.0,35.0
cooperative_individual,,30,2,Tea Forté tea sampler,20.0,10.0
cooperative_individual,,31,2,Tide concetrated liquid detergent 64-loads,10.0,20.0
cooperative_individual,,32,2,Nicorette fresh mint gum,20.0,41.0
cooperative_individual,,33,2,Extra virgin olive oil,18.0,35.0
cooperative_individual,,34,2,Motorola bluetooth headset,35.0,40.0
cooperative_individual,,35,2,L'Oréal hair color dye,10.0,14.0
cooperative_individual,,36,2,Kiehl's scented candle,13.0,28.0
cooperative_individual,,37,2,Flower pencil,10.0,5.0
cooperative_individual,,38,2,Twiggy chopsticks,10.0,10.0
cooperative_individual,,39,2,Honey willow hamper with liner,18.0,40.0
cooperative_individual,,40,2,Wood serving tray,15.0,15.0
cooperative_individual,,41,2,Honey pot,15.0,24.0
cooperative_individual,,42,2,Marc Jacobs 'Miss Marc' earrings,40.0,38.0
cooperative_individual,,43,2,Lab Series skincare for men power wash,12.0,18.0
cooperative_individual,,44,2,Heavy duty flashlight,25.0,19.0
cooperative_individual,,45,2,Mesh wastebasket,18.0,35.0
cooperative_individual,,46,2,Star Trek UNO game,10.0,15.0
cooperative_individual,,47,2,Oat & honey pancake mix,15.0,8.0
cooperative_individual,,48,2,Turtle xylophone,15.0,31.0
cooperative_individual,,49,2,French spice stack,20.0,25.0
cooperative_individual,,50,2,Ice shaver,25.0,25.0
cooperative_individual,,1,3,Swiss Army pocket knife,30.0,40.0
cooperative_individual,,2,3,Feather print racerback tunic,20.0,28.0
cooperative_individual,,3,3,Curly-cues fruit bowl,35.0,25.0
cooperative_individual,,4,3,Br'ita water purifying pitcher,30.0,23.0
cooperative_individual,,5,3,Body brush,15.0,12.0
cooperative_individual,,6,3,Food & wine cookbook,25.0,38.0
cooperative_individual,,7,3,Rainbow wide strap thong,30.0,45.0
cooperative_individual,,8,3,Starbucks stainless steel tumbler,25.0,23.0
cooperative_individual,,9,3,Conair ceramic ionic hairdryer,35.0,25.0
cooperative_individual,,10,3,Gevalia connoisseur's coffee basket,35.0,43.0
cooperative_individual,,11,3,31'' panther skateboard,40.0,35.0
cooperative_individual,,12,3,Converse one star oxfords,40.0,30.0
cooperative_individual,,13,3,Canine pajamas,20.0,13.0
cooperative_individual,,14,3,Crabtree & Evelyn seven seas bath salts,17.0,34.0
cooperative_individual,,15,3,Four-orange chocolate sauce,23.0,14.0
cooperative_individual,,16,3,Gold floral journal,20.0,18.0
cooperative_individual,,17,3,Pressed flowers mug,12.0,8.0
cooperative_individual,,18,3,Energizer batteries,10.0,11.0
cooperative_individual,,19,3,Spalding premier basketball,25.0,30.0
cooperative_individual,,20,3,Nature Made calcium vitamin tablets,15.0,13.0
cooperative_individual,,21,3,Mini trampoline,45.0,40.0
cooperative_individual,,22,3,Roxy fringed faux suede bag,25.0,42.0
cooperative_individual,,23,3,Speed blender,35.0,31.0
cooperative_individual,,24,3,Brown motif sunglasses,20.0,28.0
cooperative_individual,,25,3,Spruce goose pitcher,20.0,38.0
cooperative_individual,,26,3,McAfee virus scan,45.0,40.0
cooperative_individual,,27,3,Nike sleeveless t-shirt,30.0,22.0
cooperative_individual,,28,3,Mr. Coffee steam espresso machine,40.0,35.0
cooperative_individual,,29,3,Kate Spade crystal goblet,35.0,35.0
cooperative_individual,,30,3,Tea Forté tea sampler,23.0,10.0
cooperative_individual,,31,3,Tide concetrated liquid detergent 64-loads,10.0,20.0
cooperative_individual,,32,3,Nicorette fresh mint gum,30.0,41.0
cooperative_individual,,33,3,Extra virgin olive oil,20.0,35.0
cooperative_individual,,34,3,Motorola bluetooth headset,35.0,40.0
cooperative_individual,,35,3,L'Oréal hair color dye,10.0,14.0
cooperative_individual,,36,3,Kiehl's scented candle,15.0,28.0
cooperative_individual,,37,3,Flower pencil,25.0,5.0
cooperative_individual,,38,3,Twiggy chopsticks,7.0,10.0
cooperative_individual,,39,3,Honey willow hamper with liner,25.0,40.0
cooperative_individual,,40,3,Wood serving tray,20.0,15.0
cooperative_individual,,41,3,Honey pot,10.0,24.0
cooperative_individual,,42,3,Marc Jacobs 'Miss Marc' earrings,10.0,38.0
cooperative_individual,,43,3,Lab Series skincare for men power wash,10.0,18.0
cooperative_individual,,44,3,Heavy duty flashlight,18.0,19.0
cooperative_individual,,45,3,Mesh wastebasket,20.0,35.0
cooperative_individual,,46,3,Star Trek UNO game,10.0,15.0
cooperative_individual,,47,3,Oat & honey pancake mix,12.0,8.0
cooperative_individual,,48,3,Turtle xylophone,12.0,31.0
cooperative_individual,,49,3,French spice stack,20.0,25.0
cooperative_individual,,50,3,Ice shaver,25.0,25.0
competitive_individual,,1,1,,20.0,35.0
competitive_individual,,2,1,,4.0,11.0
competitive_individual,,3,1,,10.0,13.0
competitive_individual,,4,1,,12.0,23.0
competitive_individual,,5,1,,5.0,15.0
competitive_individual,,6,1,,15.0,28.0
competitive_individual,,7,1,,20.0,8.0
competitive_individual,,8,1,,30.0,43.0
competitive_individual,,9,1,,10.0,14.0
competitive_individual,,10,1,,25.0,38.0
competitive_individual,,11,1,,15.0,35.0
competitive_individual,,12,1,,8.0,10.0
competitive_individual,,13,1,,6.0,20.0
competitive_individual,,14,1,,40.0,30.0
competitive_individual,,15,1,,15.0,25.0
competitive_individual,,16,1,,10.0,10.0
competitive_individual,,17,1,,30.0,28.0
competitive_individual,,18,1,,50.0,40.0
competitive_individual,,19,1,,15.0,19.0
competitive_individual,,20,1,,50.0,41.0
competitive_individual,,21,1,,30.0,40.0
competitive_individual,,22,1,,40.0,25.0
competitive_individual,,23,1,,25.0,40.0
competitive_individual,,24,1,,10.0,18.0
competitive_individual,,25,1,,45.0,38.0
competitive_individual,,26,1,,38.0,35.0
competitive_individual,,27,1,,20.0,34.0
competitive_individual,,28,1,,20.0,25.0
competitive_individual,,29,1,,25.0,25.0
competitive_individual,,30,1,,25.0,15.0
competitive_individual,,31,1,,30.0,23.0
competitive_individual,,32,1,,15.0,24.0
competitive_individual,,33,1,,5.0,5.0
competitive_individual,,34,1,,25.0,30.0
competitive_individual,,35,1,,10.0,28.0
competitive_individual,,36,1,,25.0,35.0
competitive_individual,,37,1,,6.0,31.0
competitive_individual,,38,1,,10.0,13.0
competitive_individual,,39,1,,15.0,40.0
competitive_individual,,40,1,,20.0,35.0
competitive_individual,,41,1,,15.0,38.0
competitive_individual,,42,1,,20.0,8.0
competitive_individual,,43,1,,30.0,45.0
competitive_individual,,44,1,,15.0,14.0
competitive_individual,,45,1,,35.0,22.0
competitive_individual,,46,1,,8.0,12.0
competitive_individual,,47,1,,30.0,42.0
competitive_individual,,48,1,,21.0,18.0
competitive_individual,,49,1,,10.0,40.0
competitive_individual,,1,2,,30.0,35.0
competitive_individual,,2,2,,5.0,11.0
competitive_individual,,3,2,,8.0,13.0
competitive_individual,,4,2,,20.0,23.0
competitive_individual,,5,2,,10.0,15.0
competitive_individual,,6,2,,35.0,28.0
competitive_individual,,7,2,,10.0,8.0
competitive_individual,,8,2,,25.0,43.0
competitive_individual,,9,2,,15.0,14.0
competitive_individual,,10,2,,26.0,38.0
competitive_individual,,11,2,,20.0,35.0
competitive_individual,,12,2,,9.0,10.0
competitive_individual,,13,2,,8.0,20.0
competitive_individual,,14,2,,30.0,30.0
competitive_individual,,15,2,,17.0,25.0
competitive_individual,,16,2,,12.0,10.0
competitive_individual,,17,2,,25.0,28.0
competitive_individual,,18,2,,25.0,40.0
competitive_individual,,19,2,,20.0,19.0
competitive_individual,,20,2,,20.0,41.0
competitive_individual,,21,2,,50.0,40.0
competitive_individual,,22,2,,30.0,25.0
competitive_individual,,23,2,,15.0,40.0
competitive_individual,,24,2,,4.0,18.0
competitive_individual,,25,2,,30.0,38.0
competitive_individual,,26,2,,40.0,35.0
competitive_individual,,27,2,,5.0,34.0
competitive_individual,,28,2,,30.0,25.0
competitive_individual,,29,2,,20.0,25.0
competitive_individual,,30,2,,10.0,15.0
competitive_individual,,31,2,,25.0,23.0
competitive_individual,,32,2,,10.0,24.0
competitive_individual,,33,2,,10.0,5.0
competitive_individual,,34,2,,30.0,30.0
competitive_individual,,35,2,,5.0,28.0
competitive_individual,,36,2,,26.0,35.0
competitive_individual,,37,2,,10.0,31.0
competitive_individual,,38,2,,20.0,13.0
competitive_individual,,39,2,,25.0,40.0
competitive_individual,,40,2,,25.0,35.0
competitive_individual,,41,2,,20.0,38.0
competitive_individual,,42,2,,21.0,8.0
competitive_individual,,43,2,,40.0,45.0
competitive_individual,,44,2,,10.0,14.0
competitive_individual,,45,2,,15.0,22.0
competitive_individual,,46,2,,10.0,12.0
competitive_individual,,47,2,,20.0,42.0
competitive_individual,,48,2,,10.0,18.0
competitive_individual,,49,2,,20.0,40.0
competitive_individual,,1,3,,40.0,35.0
competitive_individual,,2,3,,1.0,11.0
competitive_individual,,3,3,,11.0,13.0
competitive_individual,,4,3,,15.0,23.0
competitive_individual,,5,3,,1.0,15.0
competitive_individual,,6,3,,20.0,28.0
competitive_individual,,7,3,,15.0,8.0
competitive_individual,,8,3,,20.0,43.0
competitive_individual,,9,3,,2.0,14.0
competitive_individual,,10,3,,10.0,38.0
competitive_individual,,11,3,,21.0,35.0
competitive_individual,,12,3,,10.0,10.0
competitive_individual,,13,3,,10.0,20.0
competitive_individual,,14,3,,20.0,30.0
competitive_individual,,15,3,,10.0,25.0
competitive_individual,,16,3,,1.0,10.0
competitive_individual,,17,3,,31.0,28.0
competitive_individual,,18,3,,40.0,40.0
competitive_individual,,19,3,,8.0,19.0
competitive_individual,,20,3,,30.0,41.0
competitive_individual,,21,3,,45.0,40.0
competitive_individual,,22,3,,35.0,25.0
competitive_individual,,23,3,,26.0,40.0
competitive_individual,,24,3,,11.0,18.0
competitive_individual,,25,3,,25.0,38.0
competitive_individual,,26,3,,20.0,35.0
competitive_individual,,27,3,,15.0,34.0
competitive_individual,,28,3,,35.0,25.0
competitive_individual,,29,3,,30.0,25.0
competitive_individual,,30,3,,15.0,15.0
competitive_individual,,31,3,,20.0,23.0
competitive_individual,,32,3,,16.0,24.0
competitive_individual,,33,3,,3.0,5.0
competitive_individual,,34,3,,31.0,30.0
competitive_individual,,35,3,,11.0,28.0
competitive_individual,,36,3,,1.0,35.0
competitive_individual,,37,3,,11.0,31.0
competitive_individual,,38,3,,11.0,13.0
competitive_individual,,39,3,,30.0,40.0
competitive_individual,,40,3,,26.0,35.0
competitive_individual,,41,3,,5.0,38.0
competitive_individual,,42,3,,15.0,8.0
competitive_individual,,43,3,,35.0,45.0
competitive_individual,,44,3,,5.0,14.0
competitive_individual,,45,3,,30.0,22.0
competitive_individual,,46,3,,11.0,12.0
competitive_individual,,47,3,,31.0,42.0
competitive_individual,,48,3,,15.0,18.0
competitive_individual,,49,3,,11.0,40.0
competitive_individual,,1,1,,10.0,24.0
competitive_individual,,2,1,,6.0,35.0
competitive_individual,,3,1,,45.0,42.0
competitive_individual,,4,1,,25.0,28.0
competitive_individual,,5,1,,16.0,44.0
competitive_individual,,6,1,,46.0,25.0
competitive_individual,,7,1,,35.0,18.0
competitive_individual,,8,1,,30.0,13.0
competitive_individual,,9,1,,6.0,8.0
competitive_individual,,10,1,,35.0,45.0
competitive_individual,,11,1,,25.0,13.0
competitive_individual,,12,1,,9.0,15.0
competitive_individual,,13,1,,19.0,40.0
competitive_individual,,14,1,,12.0,30.0
competitive_individual,,15,1,,8.0,12.0
competitive_individual,,16,1,,15.0,20.0
competitive_individual,,17,1,,20.0,19.0
competitive_individual,,18,1,,40.0,40.0
competitive_individual,,19,1,,12.0,28.0
competitive_individual,,20,1,,40.0,40.0
competitive_individual,,21,1,,40.0,35.0
competitive_individual,,22,1,,30.0,36.0
competitive_individual,,23,1,,12.0,11.0
competitive_individual,,24,1,,25.0,42.0
competitive_individual,,25,1,,35.0,38.0
competitive_individual,,26,1,,15.0,10.0
competitive_individual,,27,1,,15.0,22.0
competitive_individual,,28,1,,18.0,30.0
competitive_individual,,29,1,,25.0,18.0
competitive_individual,,30,1,,35.0,40.0
competitive_individual,,31,1,,28.0,25.0
competitive_individual,,32,1,,24.0,19.0
competitive_individual,,33,1,,9.0,15.0
competitive_individual,,34,1,,15.0,35.0
competitive_individual,,35,1,,50.0,40.0
competitive_individual,,36,1,,15.0,32.0
competitive_individual,,37,1,,38.0,31.0
competitive_individual,,38,1,,10.0,11.0
competitive_individual,,39,1,,9.0,25.0
competitive_individual,,40,1,,32.0,25.0
competitive_individual,,41,1,,20.0,23.0
competitive_individual,,42,1,,16.0,34.0
competitive_individual,,43,1,,18.0,9.0
competitive_individual,,44,1,,35.0,40.0
competitive_individual,,45,1,,30.0,28.0
competitive_individual,,46,1,,25.0,35.0
competitive_individual,,47,1,,10.0,24.0
competitive_individual,,48,1,,5.0,14.0
competitive_individual,,49,1,,30.0,38.0
competitive_individual,,50,1,,12.0,7.0
competitive_individual,,1,2,,20.0,24.0
competitive_individual,,2,2,,10.0,35.0
competitive_individual,,3,2,,47.0,42.0
competitive_individual,,4,2,,15.0,28.0
competitive_individual,,5,2,,18.0,44.0
competitive_individual,,6,2,,35.0,25.0
competitive_individual,,7,2,,25.0,18.0
competitive_individual,,8,2,,25.0,13.0
competitive_individual,,9,2,,4.0,8.0
competitive_individual,,10,2,,47.0,45.0
competitive_individual,,11,2,,20.0,13.0
competitive_individual,,12,2,,6.0,15.0
competitive_individual,,13,2,,30.0,40.0
competitive_individual,,14,2,,18.0,30.0
competitive_individual,,15,2,,10.0,12.0
competitive_individual,,16,2,,18.0,20.0
competitive_individual,,17,2,,25.0,19.0
competitive_individual,,18,2,,14.0,40.0
competitive_individual,,19,2,,25.0,28.0
competitive_individual,,20,2,,45.0,40.0
competitive_individual,,21,2,,35.0,35.0
competitive_individual,,22,2,,38.0,36.0
competitive_individual,,23,2,,10.0,11.0
competitive_individual,,24,2,,30.0,42.0
competitive_individual,,25,2,,38.0,38.0
competitive_individual,,26,2,,16.0,10.0
competitive_individual,,27,2,,20.0,22.0
competitive_individual,,28,2,,35.0,30.0
competitive_individual,,29,2,,15.0,18.0
competitive_individual,,30,2,,20.0,40.0
competitive_individual,,31,2,,41.0,25.0
competitive_individual,,32,2,,24.0,19.0
competitive_individual,,33,2,,35.0,15.0
competitive_individual,,34,2,,15.0,35.0
competitive_individual,,35,2,,20.0,40.0
competitive_individual,,36,2,,41.0,32.0
competitive_individual,,37,2,,24.0,31.0
competitive_individual,,38,2,,35.0,11.0
competitive_individual,,39,2,,8.0,25.0
competitive_individual,,40,2,,30.0,25.0
competitive_individual,,41,2,,40.0,23.0
competitive_individual,,42,2,,22.0,34.0
competitive_individual,,43,2,,15.0,9.0
competitive_individual,,44,2,,20.0,40.0
competitive_individual,,45,2,,20.0,28.0
competitive_individual,,46,2,,20.0,35.0
competitive_individual,,47,2,,11.0,24.0
competitive_individual,,48,2,,9.0,14.0
competitive_individual,,49,2,,32.0,38.0
competitive_individual,,50,2,,10.0,7.0
competitive_individual,,1,3,,15.0,24.0
competitive_individual,,2,3,,15.0,35.0
competitive_individual,,3,3,,35.0,42.0
competitive_individual,,4,3,,30.0,28.0
competitive_individual,,5,3,,27.0,44.0
competitive_individual,,6,3,,36.0,25.0
competitive_individual,,7,3,,20.0,18.0
competitive_individual,,8,3,,15.0,13.0
competitive_individual,,9,3,,5.0,8.0
competitive_individual,,10,3,,40.0,45.0
competitive_individual,,11,3,,15.0,13.0
competitive_individual,,12,3,,18.0,15.0
competitive_individual,,13,3,,20.0,40.0
competitive_individual,,14,3,,24.0,30.0
competitive_individual,,15,3,,12.0,12.0
competitive_individual,,16,3,,17.0,20.0
competitive_individual,,17,3,,19.0,19.0
competitive_individual,,18,3,,20.0,40.0
competitive_individual,,19,3,,30.0,28.0
competitive_individual,,20,3,,42.0,40.0
competitive_individual,,21,3,,36.0,35.0
competitive_individual,,22,3,,35.0,36.0
competitive_individual,,23,3,,11.0,11.0
competitive_individual,,24,3,,18.0,42.0
competitive_individual,,25,3,,40.0,38.0
competitive_individual,,26,3,,18.0,10.0
competitive_individual,,27,3,,12.0,22.0
competitive_individual,,28,3,,17.0,30.0
competitive_individual,,29,3,,22.0,18.0
competitive_individual,,30,3,,40.0,40.0
competitive_individual,,31,3,,26.0,25.0
competitive_individual,,32,3,,30.0,19.0
competitive_individual,,33,3,,14.0,15.0
competitive_individual,,34,3,,22.0,35.0
competitive_individual,,35,3,,20.0,40.0
competitive_individual,,36,3,,18.0,32.0
competitive_individual,,37,3,,42.0,31.0
competitive_individual,,38,3,,9.0,11.0
competitive_individual,,39,3,,25.0,25.0
competitive_individual,,40,3,,25.0,25.0
competitive_individual,,41,3,,28.0,23.0
competitive_individual,,42,3,,20.0,34.0
competitive_individual,,43,3,,15.0,9.0
competitive_individual,,44,3,,40.0,40.0
competitive_individual,,45,3,,35.0,28.0
competitive_individual,,46,3,,28.0,35.0
competitive_individual,,47,3,,12.0,24.0
competitive_individual,,48,3,,10.0,14.0
competitive_individual,,49,3,,22.0,38.0
competitive_individual,,50,3,,8.0,7.0
competitive_individual,,1,1,,10.0,34.0
competitive_individual,,2,1,,15.0,18.0
competitive_individual,,3,1,,15.0,28.0
competitive_individual,,4,1,,14.0,31.0
competitive_individual,,5,1,,10.0,10.0
competitive_individual,,6,1,,30.0,23.0
competitive_individual,,7,1,,6.0,15.0
competitive_individual,,8,1,,25.0,31.0
competitive_individual,,9,1,,20.0,40.0
competitive_individual,,10,1,,18.0,38.0
competitive_individual,,11,1,,7.0,14.0
competitive_individual,,12,1,,5.0,19.0
competitive_individual,,13,1,,9.0,28.0
competitive_individual,,14,1,,15.0,13.0
competitive_individual,,15,1,,8.0,12.0
competitive_individual,,16,1,,12.0,15.0
competitive_individual,,17,1,,35.0,40.0
competitive_individual,,18,1,,10.0,8.0
competitive_individual,,19,1,,14.0,25.0
competitive_individual,,20,1,,35.0,25.0
competitive_individual,,21,1,,12.0,30.0
competitive_individual,,22,1,,30.0,24.0
competitive_individual,,23,1,,15.0,25.0
competitive_individual,,24,1,,11.0,35.0
competitive_individual,,25,1,,45.0,38.0
competitive_individual,,26,1,,40.0,45.0
competitive_individual,,27,1,,22.0,18.0
competitive_individual,,28,1,,18.0,8.0
competitive_individual,,29,1,,25.0,30.0
competitive_individual,,30,1,,12.0,20.0
competitive_individual,,31,1,,15.0,38.0
competitive_individual,,32,1,,10.0,5.0
competitive_individual,,33,1,,11.0,23.0
competitive_individual,,34,1,,30.0,35.0
competitive_individual,,35,1,,15.0,25.0
competitive_individual,,36,1,,45.0,35.0
competitive_individual,,37,1,,45.0,35.0
competitive_individual,,38,1,,30.0,40.0
competitive_individual,,39,1,,20.0,40.0
competitive_individual,,40,1,,29.0,22.0
competitive_individual,,41,1,,6.0,11.0
competitive_individual,,42,1,,9.0,41.0
competitive_individual,,43,1,,22.0,10.0
competitive_individual,,44,1,,15.0,28.0
competitive_individual,,45,1,,7.0,14.0
competitive_individual,,46,1,,15.0,40.0
competitive_individual,,47,1,,15.0,35.0
competitive_individual,,48,1,,25.0,43.0
competitive_individual,,49,1,,20.0,13.0
competitive_individual,,50,1,,25.0,42.0
competitive_individual,,1,2,,7.0,34.0
competitive_individual,,2,2,,12.0,18.0
competitive_individual,,3,2,,25.0,28.0
competitive_individual,,4,2,,22.0,31.0
competitive_individual,,5,2,,12.0,10.0
competitive_individual,,6,2,,36.0,23.0
competitive_individual,,7,2,,10.0,15.0
competitive_individual,,8,2,,35.0,31.0
competitive_individual,,9,2,,10.0,40.0
competitive_individual,,10,2,,25.0,38.0
competitive_individual,,11,2,,10.0,14.0
competitive_individual,,12,2,,12.0,19.0
competitive_individual,,13,2,,20.0,28.0
competitive_individual,,14,2,,16.0,13.0
competitive_individual,,15,2,,9.0,12.0
competitive_individual,,16,2,,28.0,15.0
competitive_individual,,17,2,,25.0,40.0
competitive_individual,,18,2,,15.0,8.0
competitive_individual,,19,2,,20.0,25.0
competitive_individual,,20,2,,30.0,25.0
competitive_individual,,21,2,,10.0,30.0
competitive_individual,,22,2,,20.0,24.0
competitive_individual,,23,2,,30.0,25.0
competitive_individual,,24,2,,15.0,35.0
competitive_individual,,25,2,,30.0,38.0
competitive_individual,,26,2,,42.0,45.0
competitive_individual,,27,2,,30.0,18.0
competitive_individual,,28,2,,8.0,8.0
competitive_individual,,29,2,,30.0,30.0
competitive_individual,,30,2,,8.0,20.0
competitive_individual,,31,2,,16.0,38.0
competitive_individual,,32,2,,12.0,5.0
competitive_individual,,33,2,,15.0,23.0
competitive_individual,,34,2,,40.0,35.0
competitive_individual,,35,2,,23.0,25.0
competitive_individual,,36,2,,40.0,35.0
competitive_individual,,37,2,,30.0,35.0
competitive_individual,,38,2,,25.0,40.0
competitive_individual,,39,2,,15.0,40.0
competitive_individual,,40,2,,20.0,22.0
competitive_individual,,41,2,,7.0,11.0
competitive_individual,,42,2,,10.0,41.0
competitive_individual,,43,2,,15.0,10.0
competitive_individual,,44,2,,20.0,28.0
competitive_individual,,45,2,,6.0,14.0
competitive_individual,,46,2,,12.0,40.0
competitive_individual,,47,2,,9.0,35.0
competitive_individual,,48,2,,35.0,43.0
competitive_individual,,49,2,,15.0,13.0
competitive_individual,,50,2,,24.0,42.0
competitive_individual,,1,3,,8.0,34.0
competitive_individual,,2,3,,11.0,18.0
competitive_individual,,3,3,,35.0,28.0
competitive_individual,,4,3,,15.0,31.0
competitive_individual,,5,3,,13.0,10.0
competitive_individual,,6,3,,40.0,23.0
competitive_individual,,7,3,,8.0,15.0
competitive_individual,,8,3,,26.0,31.0
competitive_individual,,9,3,,15.0,40.0
competitive_individual,,10,3,,20.0,38.0
competitive_individual,,11,3,,8.0,14.0
competitive_individual,,12,3,,7.0,19.0
competitive_individual,,13,3,,12.0,28.0
competitive_individual,,14,3,,17.0,13.0
competitive_individual,,15,3,,10.0,12.0
competitive_individual,,16,3,,15.0,15.0
competitive_individual,,17,3,,40.0,40.0
competitive_individual,,18,3,,9.0,8.0
competitive_individual,,19,3,,25.0,25.0
competitive_individual,,20,3,,29.0,25.0
competitive_individual,,21,3,,15.0,30.0
competitive_individual,,22,3,,15.0,24.0
competitive_individual,,23,3,,29.0,25.0
competitive_individual,,24,3,,16.0,35.0
competitive_individual,,25,3,,29.0,38.0
competitive_individual,,26,3,,48.0,45.0
competitive_individual,,27,3,,31.0,18.0
competitive_individual,,28,3,,9.0,8.0
competitive_individual,,29,3,,29.0,30.0
competitive_individual,,30,3,,9.0,20.0
competitive_individual,,31,3,,17.0,38.0
competitive_individual,,32,3,,9.0,5.0
competitive_individual,,33,3,,12.0,23.0
competitive_individual,,34,3,,29.0,35.0
competitive_individual,,35,3,,20.0,25.0
competitive_individual,,36,3,,41.0,35.0
competitive_individual,,37,3,,20.0,35.0
competitive_individual,,38,3,,35.0,40.0
competitive_individual,,39,3,,21.0,40.0
competitive_individual,,40,3,,19.0,22.0
competitive_individual,,41,3,,12.0,11.0
competitive_individual,,42,3,,11.0,41.0
competitive_individual,,43,3,,9.0,10.0
competitive_individual,,44,3,,17.0,28.0
competitive_individual,,45,3,,8.0,14.0
competitive_individual,,46,3,,16.0,40.0
competitive_individual,,47,3,,16.0,35.0
competitive_individual,,48,3,,26.0,43.0
competitive_individual,,49,3,,16.0,13.0
competitive_individual,,50,3,,26.0,42.0
competitive_individual,,1,1,,32.0,40.0
competitive_individual,,2,1,,12.0,28.0
competitive_individual,,3,1,,30.0,44.0
competitive_individual,,4,1,,50.0,11.0
competitive_individual,,5,1,,35.0,40.0
competitive_individual,,6,1,,25.0,25.0
competitive_individual,,7,1,,30.0,18.0
competitive_individual,,8,1,,40.0,40.0
competitive_individual,,9,1,,25.0,18.0
competitive_individual,,10,1,,40.0,25.0
competitive_individual,,11,1,,10.0,24.0
competitive_individual,,12,1,,50.0,38.0
competitive_individual,,13,1,,20.0,13.0
competitive_individual,,14,1,,4.0,8.0
competitive_individual,,15,1,,20.0,13.0
competitive_individual,,16,1,,40.0,40.0
competitive_individual,,17,1,,25.0,40.0
competitive_individual,,18,1,,10.0,9.0
competitive_individual,,19,1,,20.0,23.0
competitive_individual,,20,1,,10.0,25.0
competitive_individual,,21,1,,10.0,24.0
competitive_individual,,22,1,,22.0,28.0
competitive_individual,,23,1,,7.0,15.0
competitive_individual,,24,1,,30.0,35.0
competitive_individual,,25,1,,18.0,35.0
competitive_individual,,26,1,,8.0,10.0
competitive_individual,,27,1,,30.0,35.0
competitive_individual,,28,1,,20.0,22.0
competitive_individual,,29,1,,20.0,40.0
competitive_individual,,30,1,,13.0,12.0
competitive_individual,,31,1,,15.0,25.0
competitive_individual,,32,1,,30.0,30.0
competitive_individual,,33,1,,22.0,19.0
competitive_individual,,34,1,,23.0,36.0
competitive_individual,,35,1,,35.0,28.0
competitive_individual,,36,1,,20.0,42.0
competitive_individual,,37,1,,20.0,19.0
competitive_individual,,38,1,,30.0,31.0
competitive_individual,,39,1,,20.0,34.0
competitive_individual,,40,1,,7.0,14.0
competitive_individual,,41,1,,30.0,35.0
competitive_individual,,42,1,,20.0,38.0
competitive_individual,,43,1,,6.0,30.0
competitive_individual,,44,1,,35.0,42.0
competitive_individual,,45,1,,40.0,45.0
competitive_individual,,46,1,,10.0,7.0
competitive_individual,,47,1,,25.0,15.0
competitive_individual,,48,1,,25.0,32.0
competitive_individual,,49,1,,13.0,11.0
competitive_individual,,50,1,,6.0,20.0
competitive_individual,,1,2,,40.0,40.0
competitive_individual,,2,2,,20.0,28.0
competitive_individual,,3,2,,40.0,44.0
competitive_individual,,4,2,,45.0,11.0
competitive_individual,,5,2,,20.0,40.0
competitive_individual,,6,2,,20.0,25.0
competitive_individual,,7,2,,20.0,18.0
competitive_individual,,8,2,,30.0,40.0
competitive_individual,,9,2,,18.0,18.0
competitive_individual,,10,2,,30.0,25.0
competitive_individual,,11,2,,20.0,24.0
competitive_individual,,12,2,,48.0,38.0
competitive_individual,,13,2,,15.0,13.0
competitive_individual,,14,2,,1.0,8.0
competitive_individual,,15,2,,18.0,13.0
competitive_individual,,16,2,,30.0,40.0
competitive_individual,,17,2,,20.0,40.0
competitive_individual,,18,2,,8.0,9.0
competitive_individual,,19,2,,22.0,23.0
competitive_individual,,20,2,,24.0,25.0
competitive_individual,,21,2,,14.0,24.0
competitive_individual,,22,2,,24.0,28.0
competitive_individual,,23,2,,6.0,15.0
competitive_individual,,24,2,,15.0,35.0
competitive_individual,,25,2,,20.0,35.0
competitive_individual,,26,2,,15.0,10.0
competitive_individual,,27,2,,1.0,35.0
competitive_individual,,28,2,,15.0,22.0
competitive_individual,,29,2,,25.0,40.0
competitive_individual,,30,2,,11.0,12.0
competitive_individual,,31,2,,10.0,25.0
competitive_individual,,32,2,,20.0,30.0
competitive_individual,,33,2,,18.0,19.0
competitive_individual,,34,2,,18.0,36.0
competitive_individual,,35,2,,1.0,28.0
competitive_individual,,36,2,,15.0,42.0
competitive_individual,,37,2,,22.0,19.0
competitive_individual,,38,2,,40.0,31.0
competitive_individual,,39,2,,18.0,34.0
competitive_individual,,40,2,,10.0,14.0
competitive_individual,,41,2,,25.0,35.0
competitive_individual,,42,2,,35.0,38.0
competitive_individual,,43,2,,8.0,30.0
competitive_individual,,44,2,,20.0,42.0
competitive_individual,,45,2,,45.0,45.0
competitive_individual,,46,2,,13.0,7.0
competitive_individual,,47,2,,30.0,15.0
competitive_individual,,48,2,,20.0,32.0
competitive_individual,,49,2,,10.0,11.0
competitive_individual,,50,2,,10.0,20.0
competitive_individual,,1,3,,30.0,40.0
competitive_individual,,2,3,,15.0,28.0
competitive_individual,,3,3,,25.0,44.0
competitive_individual,,4,3,,30.0,11.0
competitive_individual,,5,3,,25.0,40.0
competitive_individual,,6,3,,18.0,25.0
competitive_individual,,7,3,,1.0,18.0
competitive_individual,,8,3,,45.0,40.0
competitive_individual,,9,3,,20.0,18.0
competitive_individual,,10,3,,1.0,25.0
competitive_individual,,11,3,,8.0,24.0
competitive_individual,,12,3,,40.0,38.0
competitive_individual,,13,3,,10.0,13.0
competitive_individual,,14,3,,2.0,8.0
competitive_individual,,15,3,,15.0,13.0
competitive_individual,,16,3,,1.0,40.0
competitive_individual,,17,3,,15.0,40.0
competitive_individual,,18,3,,12.0,9.0
competitive_individual,,19,3,,15.0,23.0
competitive_individual,,20,3,,12.0,25.0
competitive_individual,,21,3,,15.0,24.0
competitive_individual,,22,3,,30.0,28.0
competitive_individual,,23,3,,8.0,15.0
competitive_individual,,24,3,,40.0,35.0
competitive_individual,,25,3,,1.0,35.0
competitive_individual,,26,3,,10.0,10.0
competitive_individual,,27,3,,15.0,35.0
competitive_individual,,28,3,,25.0,22.0
competitive_individual,,29,3,,22.0,40.0
competitive_individual,,30,3,,15.0,12.0
competitive_individual,,31,3,,20.0,25.0
competitive_individual,,32,3,,28.0,30.0
competitive_individual,,33,3,,25.0,19.0
competitive_individual,,34,3,,25.0,36.0
competitive_individual,,35,3,,28.0,28.0
competitive_individual,,36,3,,21.0,42.0
competitive_individual,,37,3,,30.0,19.0
competitive_individual,,38,3,,45.0,31.0
competitive_individual,,39,3,,23.0,34.0
competitive_individual,,40,3,,13.0,14.0
competitive_individual,,41,3,,17.0,35.0
competitive_individual,,42,3,,30.0,38.0
competitive_individual,,43,3,,20.0,30.0
competitive_individual,,44,3,,40.0,42.0
competitive_individual,,45,3,,43.0,45.0
competitive_individual,,46,3,,9.0,7.0
competitive_individual,,47,3,,28.0,15.0
competitive_individual,,48,3,,18.0,32.0
competitive_individual,,49,3,,1.0,11.0
competitive_individual,,50,3,,2.0,20.0
competitive_individual,,1,1,,25.0,19.0
competitive_individual,,2,1,,10.0,24.0
competitive_individual,,3,1,,29.0,23.0
competitive_individual,,4,1,,10.0,18.0
competitive_individual,,5,1,,25.0,45.0
competitive_individual,,6,1,,10.0,31.0
competitive_individual,,7,1,,35.0,25.0
competitive_individual,,8,1,,40.0,30.0
competitive_individual,,9,1,,20.0,10.0
competitive_individual,,10,1,,30.0,22.0
competitive_individual,,11,1,,40.0,35.0
competitive_individual,,12,1,,12.0,23.0
competitive_individual,,13,1,,4.0,11.0
competitive_individual,,14,1,,30.0,40.0
competitive_individual,,15,1,,30.0,40.0
competitive_individual,,16,1,,10.0,5.0
competitive_individual,,17,1,,17.0,38.0
competitive_individual,,18,1,,30.0,25.0
competitive_individual,,19,1,,15.0,28.0
competitive_individual,,20,1,,21.0,25.0
competitive_individual,,21,1,,40.0,40.0
competitive_individual,,22,1,,20.0,15.0
competitive_individual,,23,1,,10.0,30.0
competitive_individual,,24,1,,10.0,28.0
competitive_individual,,25,1,,35.0,31.0
competitive_individual,,26,1,,45.0,40.0
competitive_individual,,27,1,,18.0,14.0
competitive_individual,,28,1,,15.0,18.0
competitive_individual,,29,1,,7.0,8.0
competitive_individual,,30,1,,7.0,34.0
competitive_individual,,31,1,,20.0,13.0
competitive_individual,,32,1,,10.0,14.0
competitive_individual,,33,1,,30.0,35.0
competitive_individual,,34,1,,20.0,40.0
competitive_individual,,35,1,,10.0,10.0
competitive_individual,,36,1,,25.0,35.0
competitive_individual,,37,1,,10.0,8.0
competitive_individual,,38,1,,20.0,12.0
competitive_individual,,39,1,,15.0,38.0
competitive_individual,,40,1,,8.0,28.0
competitive_individual,,41,1,,41.0,38.0
competitive_individual,,42,1,,35.0,25.0
competitive_individual,,43,1,,35.0,41.0
competitive_individual,,44,1,,18.0,35.0
competitive_individual,,45,1,,30.0,35.0
competitive_individual,,46,1,,12.0,20.0
competitive_individual,,47,1,,25.0,42.0
competitive_individual,,48,1,,5.0,15.0
competitive_individual,,49,1,,30.0,43.0
competitive_individual,,50,1,,15.0,13.0
competitive_individual,,1,2,,27.0,19.0
competitive_individual,,2,2,,7.0,24.0
competitive_individual,,3,2,,25.0,23.0
competitive_individual,,4,2,,15.0,18.0
competitive_individual,,5,2,,35.0,45.0
competitive_individual,,6,2,,13.0,31.0
competitive_individual,,7,2,,20.0,25.0
competitive_individual,,8,2,,1.0,30.0
competitive_individual,,9,2,,21.0,10.0
competitive_individual,,10,2,,20.0,22.0
competitive_individual,,11,2,,41.0,35.0
competitive_individual,,12,2,,11.0,23.0
competitive_individual,,13,2,,3.0,11.0
competitive_individual,,14,2,,35.0,40.0
competitive_individual,,15,2,,10.0,40.0
competitive_individual,,16,2,,5.0,5.0
competitive_individual,,17,2,,18.0,38.0
competitive_individual,,18,2,,35.0,25.0
competitive_individual,,19,2,,16.0,28.0
competitive_individual,,20,2,,22.0,25.0
competitive_individual,,21,2,,30.0,40.0
competitive_individual,,22,2,,17.0,15.0
competitive_individual,,23,2,,20.0,30.0
competitive_individual,,24,2,,11.0,28.0
competitive_individual,,25,2,,38.0,31.0
competitive_individual,,26,2,,50.0,40.0
competitive_individual,,27,2,,10.0,14.0
competitive_individual,,28,2,,17.0,18.0
competitive_individual,,29,2,,8.0,8.0
competitive_individual,,30,2,,10.0,34.0
competitive_individual,,31,2,,16.0,13.0
competitive_individual,,32,2,,11.0,14.0
competitive_individual,,33,2,,25.0,35.0
competitive_individual,,34,2,,21.0,40.0
competitive_individual,,35,2,,1.0,10.0
competitive_individual,,36,2,,17.0,35.0
competitive_individual,,37,2,,11.0,8.0
competitive_individual,,38,2,,25.0,12.0
competitive_individual,,39,2,,25.0,38.0
competitive_individual,,40,2,,15.0,28.0
competitive_individual,,41,2,,30.0,38.0
competitive_individual,,42,2,,20.0,25.0
competitive_individual,,43,2,,1.0,41.0
competitive_individual,,44,2,,20.0,35.0
competitive_individual,,45,2,,40.0,35.0
competitive_individual,,46,2,,13.0,20.0
competitive_individual,,47,2,,35.0,42.0
competitive_individual,,48,2,,10.0,15.0
competitive_individual,,49,2,,31.0,43.0
competitive_individual,,50,2,,16.0,13.0
competitive_individual,,1,3,,5.0,19.0
competitive_individual,,2,3,,8.0,24.0
competitive_individual,,3,3,,15.0,23.0
competitive_individual,,4,3,,16.0,18.0
competitive_individual,,5,3,,40.0,45.0
competitive_individual,,6,3,,12.0,31.0
competitive_individual,,7,3,,36.0,25.0
competitive_individual,,8,3,,15.0,30.0
competitive_individual,,9,3,,23.0,10.0
competitive_individual,,10,3,,21.0,22.0
competitive_individual,,11,3,,35.0,35.0
competitive_individual,,12,3,,15.0,23.0
competitive_individual,,13,3,,5.0,11.0
competitive_individual,,14,3,,40.0,40.0
competitive_individual,,15,3,,29.0,40.0
competitive_individual,,16,3,,11.0,5.0
competitive_individual,,17,3,,19.0,38.0
competitive_individual,,18,3,,29.0,25.0
competitive_individual,,19,3,,17.0,28.0
competitive_individual,,20,3,,25.0,25.0
competitive_individual,,21,3,,35.0,40.0
competitive_individual,,22,3,,1.0,15.0
competitive_individual,,23,3,,15.0,30.0
competitive_individual,,24,3,,12.0,28.0
competitive_individual,,25,3,,1.0,31.0
competitive_individual,,26,3,,44.0,40.0
competitive_individual,,27,3,,20.0,14.0
competitive_individual,,28,3,,1.0,18.0
competitive_individual,,29,3,,5.0,8.0
competitive_individual,,30,3,,12.0,34.0
competitive_individual,,31,3,,1.0,13.0
competitive_individual,,32,3,,31.0,14.0
competitive_individual,,33,3,,10.0,35.0
competitive_individual,,34,3,,5.0,40.0
competitive_individual,,35,3,,18.0,10.0
competitive_individual,,36,3,,12.0,35.0
competitive_individual,,37,3,,21.0,8.0
competitive_individual,,38,3,,26.0,12.0
competitive_individual,,39,3,,10.0,38.0
competitive_individual,,40,3,,20.0,28.0
competitive_individual,,41,3,,21.0,38.0
competitive_individual,,42,3,,10.0,25.0
competitive_individual,,43,3,,15.0,41.0
competitive_individual,,44,3,,41.0,35.0
competitive_individual,,45,3,,10.0,35.0
competitive_individual,,46,3,,26.0,20.0
competitive_individual,,47,3,,11.0,42.0
competitive_individual,,48,3,,20.0,15.0
competitive_individual,,49,3,,17.0,43.0
competitive_individual,,50,3,,17.0,13.0
