participant,quarter,condition,question,questionLabel,truth,anchor,highOrLow,estimate,session
568,W2023,anchor1,1,Irvine population,309031,1000000,1,15000.0,1
568,W2023,anchor1,2,Harry Potter release,1997,1980,2,2000.0,1
568,W2023,anchor1,3,Airplane capacity,853,5000,1,350.0,1
568,W2023,anchor1,4,George Bush Age,94,70,2,90.0,1
568,W2023,anchor1,5,Redwood height,853,1000,2,30.0,1
568,W2023,anchor1,6,Domino's Sales,1500000,1000,2,100000.0,1
568,W2023,anchor1,7,Venti latte,4.15,8.5,1,6.0,1
568,W2023,anchor1,8,Lord of the Rings pages,1178,100,2,800.0,1
568,W2023,anchor1,9,Celtic titles,17,40,1,8.0,1
568,W2023,anchor1,10,Moon distance,50000,100,2,300000.0,1
84,W2023,anchor1,1,Irvine population,309031,1000000,1,15000.0,1
84,W2023,anchor1,2,Harry Potter release,1997,1980,2,2001.0,1
84,W2023,anchor1,3,Airplane capacity,853,5000,1,300.0,1
84,W2023,anchor1,4,George Bush Age,94,70,2,80.0,1
84,W2023,anchor1,5,Redwood height,853,1000,1,500.0,1
84,W2023,anchor1,6,Domino's Sales,1500000,1000,2,5000000.0,1
84,W2023,anchor1,7,Venti latte,4.15,8.5,1,5.95,1
84,W2023,anchor1,8,Lord of the Rings pages,1178,100,2,3000.0,1
84,W2023,anchor1,9,Celtic titles,17,40,2,3.0,1
84,W2023,anchor1,10,Moon distance,50000,100,1,1500000.0,1
554,W2023,anchor1,1,Irvine population,309031,1000000,1,100000.0,1
554,W2023,anchor1,2,Harry Potter release,1997,1980,2,2009.0,1
554,W2023,anchor1,3,Airplane capacity,853,5000,2,70.0,1
554,W2023,anchor1,4,George Bush Age,94,70,2,89.0,1
554,W2023,anchor1,5,Redwood height,853,1000,2,78.0,1
554,W2023,anchor1,6,Domino's Sales,1500000,1000,1,100000000.0,1
554,W2023,anchor1,7,Venti latte,4.15,8.5,1,3.5,1
554,W2023,anchor1,8,Lord of the Rings pages,1178,100,1,6780.0,1
554,W2023,anchor1,9,Celtic titles,17,40,1,6.0,1
554,W2023,anchor1,10,Moon distance,50000,100,1,1280000.0,1
267,W2023,anchor1,1,Irvine population,309031,1000000,1,30000.0,1
267,W2023,anchor1,2,Harry Potter release,1997,1980,2,2008.0,1
267,W2023,anchor1,3,Airplane capacity,853,5000,1,400.0,1
267,W2023,anchor1,4,George Bush Age,94,70,2,86.0,1
267,W2023,anchor1,5,Redwood height,853,1000,1,300.0,1
267,W2023,anchor1,6,Domino's Sales,1500000,1000,2,8000000.0,1
267,W2023,anchor1,7,Venti latte,4.15,8.5,1,6.25,1
267,W2023,anchor1,8,Lord of the Rings pages,1178,100,2,3500.0,1
267,W2023,anchor1,9,Celtic titles,17,40,2,4.0,1
267,W2023,anchor1,10,Moon distance,50000,100,1,200000.0,1
258,W2023,anchor1,1,Irvine population,309031,1000000,2,5000.0,1
258,W2023,anchor1,2,Harry Potter release,1997,1980,2,2008.0,1
258,W2023,anchor1,3,Airplane capacity,853,5000,1,300.0,1
258,W2023,anchor1,4,George Bush Age,94,70,2,98.0,1
258,W2023,anchor1,5,Redwood height,853,1000,1,350.0,1
258,W2023,anchor1,6,Domino's Sales,1500000,1000,1,100000000.0,1
258,W2023,anchor1,7,Venti latte,4.15,8.5,1,7.5,1
258,W2023,anchor1,8,Lord of the Rings pages,1178,100,2,3000.0,1
258,W2023,anchor1,9,Celtic titles,17,40,1,8.0,1
258,W2023,anchor1,10,Moon distance,50000,100,2,300000.0,1
30,W2023,anchor1,1,Irvine population,309031,1000000,1,30000.0,1
30,W2023,anchor1,2,Harry Potter release,1997,1980,2,1994.0,1
30,W2023,anchor1,3,Airplane capacity,853,5000,1,150.0,1
30,W2023,anchor1,4,George Bush Age,94,70,2,93.0,1
30,W2023,anchor1,5,Redwood height,853,1000,1,700.0,1
30,W2023,anchor1,6,Domino's Sales,1500000,1000,1,50000000.0,1
30,W2023,anchor1,7,Venti latte,4.15,8.5,1,4.5,1
30,W2023,anchor1,8,Lord of the Rings pages,1178,100,2,3000.0,1
30,W2023,anchor1,9,Celtic titles,17,40,2,3.0,1
30,W2023,anchor1,10,Moon distance,50000,100,1,150000000.0,1
392,W2023,anchor1,1,Irvine population,309031,1000000,1,30000.0,1
392,W2023,anchor1,2,Harry Potter release,1997,1980,2,2007.0,1
392,W2023,anchor1,3,Airplane capacity,853,5000,1,140.0,1
392,W2023,anchor1,4,George Bush Age,94,70,2,87.0,1
392,W2023,anchor1,5,Redwood height,853,1000,1,120.0,1
392,W2023,anchor1,6,Domino's Sales,1500000,1000,1,15000000.0,1
392,W2023,anchor1,7,Venti latte,4.15,8.5,1,3.19,1
392,W2023,anchor1,8,Lord of the Rings pages,1178,100,2,460.0,1
392,W2023,anchor1,9,Celtic titles,17,40,2,3.0,1
392,W2023,anchor1,10,Moon distance,50000,100,1,10000000.0,1
553,W2023,anchor1,1,Irvine population,309031,1000000,1,22000.0,1
553,W2023,anchor1,2,Harry Potter release,1997,1980,2,1997.0,1
553,W2023,anchor1,3,Airplane capacity,853,5000,1,500.0,1
553,W2023,anchor1,4,George Bush Age,94,70,2,77.0,1
553,W2023,anchor1,5,Redwood height,853,1000,1,10000.0,1
553,W2023,anchor1,6,Domino's Sales,1500000,1000,2,2000000.0,1
553,W2023,anchor1,7,Venti latte,4.15,8.5,1,5.0,1
553,W2023,anchor1,8,Lord of the Rings pages,1178,100,1,8000.0,1
553,W2023,anchor1,9,Celtic titles,17,40,2,2.0,1
553,W2023,anchor1,10,Moon distance,50000,100,1,22000000.0,1
66,W2023,anchor1,1,Irvine population,309031,1000000,1,49000.0,1
66,W2023,anchor1,2,Harry Potter release,1997,1980,2,2004.0,1
66,W2023,anchor1,3,Airplane capacity,853,5000,1,350.0,1
66,W2023,anchor1,4,George Bush Age,94,70,2,76.0,1
66,W2023,anchor1,5,Redwood height,853,1000,1,600.0,1
66,W2023,anchor1,6,Domino's Sales,1500000,1000,2,1000000.0,1
66,W2023,anchor1,7,Venti latte,4.15,8.5,1,5.5,1
66,W2023,anchor1,8,Lord of the Rings pages,1178,100,2,3500.0,1
66,W2023,anchor1,9,Celtic titles,17,40,2,3.0,1
66,W2023,anchor1,10,Moon distance,50000,100,2,500000.0,1
490,W2023,anchor1,1,Irvine population,309031,1000000,2,8500.0,1
490,W2023,anchor1,2,Harry Potter release,1997,1980,2,1998.0,1
490,W2023,anchor1,3,Airplane capacity,853,5000,1,150.0,1
490,W2023,anchor1,4,George Bush Age,94,70,2,97.0,1
490,W2023,anchor1,5,Redwood height,853,1000,1,150.0,1
490,W2023,anchor1,6,Domino's Sales,1500000,1000,2,5000000.0,1
490,W2023,anchor1,7,Venti latte,4.15,8.5,1,4.3,1
490,W2023,anchor1,8,Lord of the Rings pages,1178,100,2,3000.0,1
490,W2023,anchor1,9,Celtic titles,17,40,2,3.0,1
490,W2023,anchor1,10,Moon distance,50000,100,2,10000.0,1
183,W2023,anchor1,1,Irvine population,309031,1000000,1,18000.0,1
183,W2023,anchor1,2,Harry Potter release,1997,1980,2,2006.0,1
183,W2023,anchor1,3,Airplane capacity,853,5000,1,200.0,1
183,W2023,anchor1,4,George Bush Age,94,70,2,88.0,1
183,W2023,anchor1,5,Redwood height,853,1000,1,120.0,1
183,W2023,anchor1,6,Domino's Sales,1500000,1000,2,5000.0,1
183,W2023,anchor1,7,Venti latte,4.15,8.5,1,3.0,1
183,W2023,anchor1,8,Lord of the Rings pages,1178,100,2,1200.0,1
183,W2023,anchor1,9,Celtic titles,17,40,2,3.0,1
183,W2023,anchor1,10,Moon distance,50000,100,2,500000.0,1
139,W2023,anchor1,1,Irvine population,309031,1000000,1,200000.0,1
139,W2023,anchor1,2,Harry Potter release,1997,1980,2,2000.0,1
139,W2023,anchor1,3,Airplane capacity,853,5000,1,250.0,1
139,W2023,anchor1,4,George Bush Age,94,70,2,92.0,1
139,W2023,anchor1,5,Redwood height,853,1000,1,300.0,1
139,W2023,anchor1,6,Domino's Sales,1500000,1000,2,1000000.0,1
139,W2023,anchor1,7,Venti latte,4.15,8.5,1,5.0,1
139,W2023,anchor1,8,Lord of the Rings pages,1178,100,2,4000.0,1
139,W2023,anchor1,9,Celtic titles,17,40,1,16.0,1
139,W2023,anchor1,10,Moon distance,50000,100,2,300000.0,1
218,W2023,anchor1,1,Irvine population,309031,1000000,1,200000.0,1
218,W2023,anchor1,2,Harry Potter release,1997,1980,2,1997.0,1
218,W2023,anchor1,3,Airplane capacity,853,5000,2,75.0,1
218,W2023,anchor1,4,George Bush Age,94,70,2,96.0,1
218,W2023,anchor1,5,Redwood height,853,1000,1,500.0,1
218,W2023,anchor1,6,Domino's Sales,1500000,1000,2,500000.0,1
218,W2023,anchor1,7,Venti latte,4.15,8.5,1,5.5,1
218,W2023,anchor1,8,Lord of the Rings pages,1178,100,2,700.0,1
218,W2023,anchor1,9,Celtic titles,17,40,1,17.0,1
218,W2023,anchor1,10,Moon distance,50000,100,2,800000.0,1
306,W2023,anchor1,1,Irvine population,309031,1000000,1,320000.0,1
306,W2023,anchor1,2,Harry Potter release,1997,1980,2,2003.0,1
306,W2023,anchor1,3,Airplane capacity,853,5000,1,300.0,1
306,W2023,anchor1,4,George Bush Age,94,70,2,95.0,1
306,W2023,anchor1,5,Redwood height,853,1000,1,405.0,1
306,W2023,anchor1,6,Domino's Sales,1500000,1000,2,5000000.0,1
306,W2023,anchor1,7,Venti latte,4.15,8.5,1,6.5,1
306,W2023,anchor1,8,Lord of the Rings pages,1178,100,2,2500.0,1
306,W2023,anchor1,9,Celtic titles,17,40,1,16.0,1
306,W2023,anchor1,10,Moon distance,50000,100,2,250000.0,1
346,W2023,anchor1,1,Irvine population,309031,1000000,2,6000.0,1
346,W2023,anchor1,2,Harry Potter release,1997,1980,2,1970.0,1
346,W2023,anchor1,3,Airplane capacity,853,5000,1,300.0,1
346,W2023,anchor1,4,George Bush Age,94,70,2,70.0,1
346,W2023,anchor1,5,Redwood height,853,1000,1,500.0,1
346,W2023,anchor1,6,Domino's Sales,1500000,1000,2,8000000.0,1
346,W2023,anchor1,7,Venti latte,4.15,8.5,1,4.75,1
346,W2023,anchor1,8,Lord of the Rings pages,1178,100,2,1000.0,1
346,W2023,anchor1,9,Celtic titles,17,40,2,3.0,1
346,W2023,anchor1,10,Moon distance,50000,100,1,3000000.0,1
404,W2023,anchor1,1,Irvine population,309031,1000000,1,30000.0,1
404,W2023,anchor1,2,Harry Potter release,1997,1980,2,1998.0,1
404,W2023,anchor1,3,Airplane capacity,853,5000,1,500.0,1
404,W2023,anchor1,4,George Bush Age,94,70,2,98.0,1
404,W2023,anchor1,5,Redwood height,853,1000,1,145.0,1
404,W2023,anchor1,6,Domino's Sales,1500000,1000,2,200000.0,1
404,W2023,anchor1,7,Venti latte,4.15,8.5,1,4.0,1
404,W2023,anchor1,8,Lord of the Rings pages,1178,100,2,2000.0,1
404,W2023,anchor1,9,Celtic titles,17,40,2,2.0,1
404,W2023,anchor1,10,Moon distance,50000,100,2,85000.0,1
437,W2023,anchor1,1,Irvine population,309031,1000000,1,200000.0,1
437,W2023,anchor1,2,Harry Potter release,1997,1980,2,2007.0,1
437,W2023,anchor1,3,Airplane capacity,853,5000,1,175.0,1
437,W2023,anchor1,4,George Bush Age,94,70,2,83.0,1
437,W2023,anchor1,5,Redwood height,853,1000,1,200.0,1
437,W2023,anchor1,6,Domino's Sales,1500000,1000,2,5000000.0,1
437,W2023,anchor1,7,Venti latte,4.15,8.5,1,5.0,1
437,W2023,anchor1,8,Lord of the Rings pages,1178,100,2,1000.0,1
437,W2023,anchor1,9,Celtic titles,17,40,2,4.0,1
437,W2023,anchor1,10,Moon distance,50000,100,2,550000.0,1
365,W2023,anchor1,1,Irvine population,309031,1000000,1,80000.0,1
365,W2023,anchor1,2,Harry Potter release,1997,1980,2,1997.0,1
365,W2023,anchor1,3,Airplane capacity,853,5000,1,400.0,1
365,W2023,anchor1,4,George Bush Age,94,70,2,56.0,1
365,W2023,anchor1,5,Redwood height,853,1000,1,240.0,1
365,W2023,anchor1,6,Domino's Sales,1500000,1000,2,100000.0,1
365,W2023,anchor1,7,Venti latte,4.15,8.5,1,7.55,1
365,W2023,anchor1,8,Lord of the Rings pages,1178,100,2,480.0,1
365,W2023,anchor1,9,Celtic titles,17,40,1,11.0,1
365,W2023,anchor1,10,Moon distance,50000,100,1,5000000.0,1
388,W2023,anchor1,1,Irvine population,309031,1000000,1,15000.0,1
388,W2023,anchor1,2,Harry Potter release,1997,1980,2,1999.0,1
388,W2023,anchor1,3,Airplane capacity,853,5000,1,200.0,1
388,W2023,anchor1,4,George Bush Age,94,70,2,84.0,1
388,W2023,anchor1,5,Redwood height,853,1000,1,500.0,1
388,W2023,anchor1,6,Domino's Sales,1500000,1000,1,15000000.0,1
388,W2023,anchor1,7,Venti latte,4.15,8.5,1,5.25,1
388,W2023,anchor1,8,Lord of the Rings pages,1178,100,1,5200.0,1
388,W2023,anchor1,9,Celtic titles,17,40,2,3.0,1
388,W2023,anchor1,10,Moon distance,50000,100,2,85000.0,1
68,W2023,anchor1,1,Irvine population,309031,1000000,1,300000.0,1
68,W2023,anchor1,2,Harry Potter release,1997,1980,2,2000.0,1
68,W2023,anchor1,3,Airplane capacity,853,5000,1,150.0,1
68,W2023,anchor1,4,George Bush Age,94,70,2,90.0,1
68,W2023,anchor1,5,Redwood height,853,1000,1,300.0,1
68,W2023,anchor1,6,Domino's Sales,1500000,1000,2,5000000.0,1
68,W2023,anchor1,7,Venti latte,4.15,8.5,1,6.0,1
68,W2023,anchor1,8,Lord of the Rings pages,1178,100,2,1000.0,1
68,W2023,anchor1,9,Celtic titles,17,40,1,10.0,1
68,W2023,anchor1,10,Moon distance,50000,100,2,200000.0,1
443,W2023,anchor1,1,Irvine population,309031,1000000,1,20000.0,1
443,W2023,anchor1,2,Harry Potter release,1997,1980,2,2008.0,1
443,W2023,anchor1,3,Airplane capacity,853,5000,1,50000.0,1
443,W2023,anchor1,4,George Bush Age,94,70,2,97.0,1
443,W2023,anchor1,5,Redwood height,853,1000,1,102.0,1
443,W2023,anchor1,6,Domino's Sales,1500000,1000,2,1000000.0,1
443,W2023,anchor1,7,Venti latte,4.15,8.5,1,6.5,1
443,W2023,anchor1,8,Lord of the Rings pages,1178,100,1,10000.0,1
443,W2023,anchor1,9,Celtic titles,17,40,2,2.0,1
443,W2023,anchor1,10,Moon distance,50000,100,1,1200000.0,1
232,W2023,anchor1,1,Irvine population,309031,1000000,1,15000.0,1
232,W2023,anchor1,2,Harry Potter release,1997,1980,2,2008.0,1
232,W2023,anchor1,3,Airplane capacity,853,5000,1,150.0,1
232,W2023,anchor1,4,George Bush Age,94,70,2,47.0,1
232,W2023,anchor1,5,Redwood height,853,1000,1,150.0,1
232,W2023,anchor1,6,Domino's Sales,1500000,1000,1,15000000.0,1
232,W2023,anchor1,7,Venti latte,4.15,8.5,1,5.95,1
232,W2023,anchor1,8,Lord of the Rings pages,1178,100,2,3500.0,1
232,W2023,anchor1,9,Celtic titles,17,40,2,3.0,1
232,W2023,anchor1,10,Moon distance,50000,100,1,1500000.0,1
72,W2023,anchor1,1,Irvine population,309031,1000000,1,60000.0,1
72,W2023,anchor1,2,Harry Potter release,1997,1980,1,2012.0,1
72,W2023,anchor1,3,Airplane capacity,853,5000,1,200.0,1
72,W2023,anchor1,4,George Bush Age,94,70,2,80.0,1
72,W2023,anchor1,5,Redwood height,853,1000,2,80.0,1
72,W2023,anchor1,6,Domino's Sales,1500000,1000,1,50000.0,1
72,W2023,anchor1,7,Venti latte,4.15,8.5,1,6.75,1
72,W2023,anchor1,8,Lord of the Rings pages,1178,100,2,1000.0,1
72,W2023,anchor1,9,Celtic titles,17,40,2,3.0,1
72,W2023,anchor1,10,Moon distance,50000,100,1,1500000.0,1
195,W2023,anchor1,1,Irvine population,309031,1000000,1,400000.0,1
195,W2023,anchor1,2,Harry Potter release,1997,1980,2,1994.0,1
195,W2023,anchor1,3,Airplane capacity,853,5000,1,300.0,1
195,W2023,anchor1,4,George Bush Age,94,70,2,89.0,1
195,W2023,anchor1,5,Redwood height,853,1000,1,200.0,1
195,W2023,anchor1,6,Domino's Sales,1500000,1000,2,1000000.0,1
195,W2023,anchor1,7,Venti latte,4.15,8.5,1,5.95,1
195,W2023,anchor1,8,Lord of the Rings pages,1178,100,2,4000.0,1
195,W2023,anchor1,9,Celtic titles,17,40,2,3.0,1
195,W2023,anchor1,10,Moon distance,50000,100,2,800000.0,1
230,W2023,anchor1,1,Irvine population,309031,1000000,1,150000.0,1
230,W2023,anchor1,2,Harry Potter release,1997,1980,2,2004.0,1
230,W2023,anchor1,3,Airplane capacity,853,5000,1,200.0,1
230,W2023,anchor1,4,George Bush Age,94,70,2,52.0,1
230,W2023,anchor1,5,Redwood height,853,1000,1,1450.0,1
230,W2023,anchor1,6,Domino's Sales,1500000,1000,2,300.0,1
230,W2023,anchor1,7,Venti latte,4.15,8.5,1,5.95,1
230,W2023,anchor1,8,Lord of the Rings pages,1178,100,2,2000.0,1
230,W2023,anchor1,9,Celtic titles,17,40,2,3.0,1
230,W2023,anchor1,10,Moon distance,50000,100,1,80000000.0,1
247,W2023,anchor1,1,Irvine population,309031,1000000,1,128000.0,1
247,W2023,anchor1,2,Harry Potter release,1997,1980,1,2011.0,1
247,W2023,anchor1,3,Airplane capacity,853,5000,1,1000.0,1
247,W2023,anchor1,4,George Bush Age,94,70,2,93.0,1
247,W2023,anchor1,5,Redwood height,853,1000,1,10000.0,1
247,W2023,anchor1,6,Domino's Sales,1500000,1000,1,100000000.0,1
247,W2023,anchor1,7,Venti latte,4.15,8.5,1,6.25,1
247,W2023,anchor1,8,Lord of the Rings pages,1178,100,2,379.0,1
247,W2023,anchor1,9,Celtic titles,17,40,2,4.0,1
247,W2023,anchor1,10,Moon distance,50000,100,2,10000.0,1
415,W2023,anchor1,1,Irvine population,309031,1000000,2,5000.0,1
415,W2023,anchor1,2,Harry Potter release,1997,1980,2,2005.0,1
415,W2023,anchor1,3,Airplane capacity,853,5000,1,200.0,1
415,W2023,anchor1,4,George Bush Age,94,70,2,92.0,1
415,W2023,anchor1,5,Redwood height,853,1000,1,500.0,1
415,W2023,anchor1,6,Domino's Sales,1500000,1000,2,1000000.0,1
415,W2023,anchor1,7,Venti latte,4.15,8.5,1,5.35,1
415,W2023,anchor1,8,Lord of the Rings pages,1178,100,2,1200.0,1
415,W2023,anchor1,9,Celtic titles,17,40,2,2.0,1
415,W2023,anchor1,10,Moon distance,50000,100,1,1000000000.0,1
474,W2023,anchor1,1,Irvine population,309031,1000000,1,500000.0,1
474,W2023,anchor1,2,Harry Potter release,1997,1980,2,2007.0,1
474,W2023,anchor1,3,Airplane capacity,853,5000,1,400.0,1
474,W2023,anchor1,4,George Bush Age,94,70,2,91.0,1
474,W2023,anchor1,5,Redwood height,853,1000,1,150.0,1
474,W2023,anchor1,6,Domino's Sales,1500000,1000,2,1500000.0,1
474,W2023,anchor1,7,Venti latte,4.15,8.5,1,7.5,1
474,W2023,anchor1,8,Lord of the Rings pages,1178,100,2,1000.0,1
474,W2023,anchor1,9,Celtic titles,17,40,2,3.0,1
474,W2023,anchor1,10,Moon distance,50000,100,1,10000000.0,1
550,W2023,anchor1,1,Irvine population,309031,1000000,1,20000.0,1
550,W2023,anchor1,2,Harry Potter release,1997,1980,2,2000.0,1
550,W2023,anchor1,3,Airplane capacity,853,5000,1,300.0,1
550,W2023,anchor1,4,George Bush Age,94,70,2,67.0,1
550,W2023,anchor1,5,Redwood height,853,1000,1,20000.0,1
550,W2023,anchor1,6,Domino's Sales,1500000,1000,2,2426342.0,1
550,W2023,anchor1,7,Venti latte,4.15,8.5,1,3.0,1
550,W2023,anchor1,8,Lord of the Rings pages,1178,100,1,6000.0,1
550,W2023,anchor1,9,Celtic titles,17,40,1,6.0,1
550,W2023,anchor1,10,Moon distance,50000,100,2,800000.0,1
296,W2023,anchor1,1,Irvine population,309031,1000000,1,25000.0,1
296,W2023,anchor1,2,Harry Potter release,1997,1980,2,2005.0,1
296,W2023,anchor1,3,Airplane capacity,853,5000,1,130.0,1
296,W2023,anchor1,4,George Bush Age,94,70,2,89.0,1
296,W2023,anchor1,5,Redwood height,853,1000,1,400.0,1
296,W2023,anchor1,6,Domino's Sales,1500000,1000,1,15000000.0,1
296,W2023,anchor1,7,Venti latte,4.15,8.5,1,6.0,1
296,W2023,anchor1,8,Lord of the Rings pages,1178,100,1,10000.0,1
296,W2023,anchor1,9,Celtic titles,17,40,2,3.0,1
296,W2023,anchor1,10,Moon distance,50000,100,2,800000.0,1
109,W2023,anchor1,1,Irvine population,309031,1000000,1,100000.0,1
109,W2023,anchor1,2,Harry Potter release,1997,1980,1,2000.0,1
109,W2023,anchor1,3,Airplane capacity,853,5000,1,500.0,1
109,W2023,anchor1,4,George Bush Age,94,70,2,85.0,1
109,W2023,anchor1,5,Redwood height,853,1000,1,400.0,1
109,W2023,anchor1,6,Domino's Sales,1500000,1000,2,1000000.0,1
109,W2023,anchor1,7,Venti latte,4.15,8.5,1,6.0,1
109,W2023,anchor1,8,Lord of the Rings pages,1178,100,2,1000.0,1
109,W2023,anchor1,9,Celtic titles,17,40,1,12.0,1
109,W2023,anchor1,10,Moon distance,50000,100,2,300000.0,1
465,W2023,anchor1,1,Irvine population,309031,1000000,1,1000000.0,1
465,W2023,anchor1,2,Harry Potter release,1997,1980,2,1999.0,1
465,W2023,anchor1,3,Airplane capacity,853,5000,1,200.0,1
465,W2023,anchor1,4,George Bush Age,94,70,2,95.0,1
465,W2023,anchor1,5,Redwood height,853,1000,1,200.0,1
465,W2023,anchor1,6,Domino's Sales,1500000,1000,2,1000000.0,1
465,W2023,anchor1,7,Venti latte,4.15,8.5,1,3.0,1
465,W2023,anchor1,8,Lord of the Rings pages,1178,100,1,10000.0,1
465,W2023,anchor1,9,Celtic titles,17,40,2,2.0,1
465,W2023,anchor1,10,Moon distance,50000,100,1,2000000.0,1
21,W2023,anchor1,1,Irvine population,309031,1000000,1,87000.0,1
21,W2023,anchor1,2,Harry Potter release,1997,1980,2,2004.0,1
21,W2023,anchor1,3,Airplane capacity,853,5000,1,250.0,1
21,W2023,anchor1,4,George Bush Age,94,70,2,86.0,1
21,W2023,anchor1,5,Redwood height,853,1000,1,431.0,1
21,W2023,anchor1,6,Domino's Sales,1500000,1000,2,50000.0,1
21,W2023,anchor1,7,Venti latte,4.15,8.5,1,5.85,1
21,W2023,anchor1,8,Lord of the Rings pages,1178,100,2,1000.0,1
21,W2023,anchor1,9,Celtic titles,17,40,2,3.0,1
21,W2023,anchor1,10,Moon distance,50000,100,1,500000000.0,1
108,W2023,anchor1,1,Irvine population,309031,1000000,1,60000.0,1
108,W2023,anchor1,2,Harry Potter release,1997,1980,2,2005.0,1
108,W2023,anchor1,3,Airplane capacity,853,5000,1,120.0,1
108,W2023,anchor1,4,George Bush Age,94,70,2,97.0,1
108,W2023,anchor1,5,Redwood height,853,1000,1,125.0,1
108,W2023,anchor1,6,Domino's Sales,1500000,1000,2,8000000.0,1
108,W2023,anchor1,7,Venti latte,4.15,8.5,1,5.45,1
108,W2023,anchor1,8,Lord of the Rings pages,1178,100,2,1000.0,1
108,W2023,anchor1,9,Celtic titles,17,40,2,4.0,1
108,W2023,anchor1,10,Moon distance,50000,100,1,1100000.0,1
280,W2023,anchor1,1,Irvine population,309031,1000000,1,200000.0,1
280,W2023,anchor1,2,Harry Potter release,1997,1980,2,2004.0,1
280,W2023,anchor1,3,Airplane capacity,853,5000,1,1500.0,1
280,W2023,anchor1,4,George Bush Age,94,70,2,96.0,1
280,W2023,anchor1,5,Redwood height,853,1000,1,250.0,1
280,W2023,anchor1,6,Domino's Sales,1500000,1000,1,100000.0,1
280,W2023,anchor1,7,Venti latte,4.15,8.5,1,4.5,1
280,W2023,anchor1,8,Lord of the Rings pages,1178,100,2,3500.0,1
280,W2023,anchor1,9,Celtic titles,17,40,2,3.0,1
280,W2023,anchor1,10,Moon distance,50000,100,2,150000.0,1
284,W2023,anchor1,1,Irvine population,309031,1000000,1,15000.0,1
284,W2023,anchor1,2,Harry Potter release,1997,1980,2,2004.0,1
284,W2023,anchor1,3,Airplane capacity,853,5000,1,300.0,1
284,W2023,anchor1,4,George Bush Age,94,70,2,70.0,1
284,W2023,anchor1,5,Redwood height,853,1000,1,300.0,1
284,W2023,anchor1,6,Domino's Sales,1500000,1000,2,100000.0,1
284,W2023,anchor1,7,Venti latte,4.15,8.5,1,6.5,1
284,W2023,anchor1,8,Lord of the Rings pages,1178,100,2,500.0,1
284,W2023,anchor1,9,Celtic titles,17,40,2,2.0,1
284,W2023,anchor1,10,Moon distance,50000,100,2,100000.0,1
542,W2023,anchor1,1,Irvine population,309031,1000000,1,20000.0,1
542,W2023,anchor1,2,Harry Potter release,1997,1980,2,1987.0,1
542,W2023,anchor1,3,Airplane capacity,853,5000,1,500.0,1
542,W2023,anchor1,4,George Bush Age,94,70,2,86.0,1
542,W2023,anchor1,5,Redwood height,853,1000,1,300.0,1
542,W2023,anchor1,6,Domino's Sales,1500000,1000,2,8000000.0,1
542,W2023,anchor1,7,Venti latte,4.15,8.5,1,4.0,1
542,W2023,anchor1,8,Lord of the Rings pages,1178,100,2,4000.0,1
542,W2023,anchor1,9,Celtic titles,17,40,2,2.0,1
542,W2023,anchor1,10,Moon distance,50000,100,1,2000000.0,1
332,W2023,anchor1,1,Irvine population,309031,1000000,1,15000.0,1
332,W2023,anchor1,2,Harry Potter release,1997,1980,2,2006.0,1
332,W2023,anchor1,3,Airplane capacity,853,5000,1,200.0,1
332,W2023,anchor1,4,George Bush Age,94,70,2,76.0,1
332,W2023,anchor1,5,Redwood height,853,1000,1,1200.0,1
332,W2023,anchor1,6,Domino's Sales,1500000,1000,2,100000.0,1
332,W2023,anchor1,7,Venti latte,4.15,8.5,1,6.87,1
332,W2023,anchor1,8,Lord of the Rings pages,1178,100,1,9000.0,1
332,W2023,anchor1,9,Celtic titles,17,40,1,7.0,1
332,W2023,anchor1,10,Moon distance,50000,100,1,12000000.0,1
451,W2023,anchor1,1,Irvine population,309031,1000000,1,300000.0,1
451,W2023,anchor1,2,Harry Potter release,1997,1980,2,2001.0,1
451,W2023,anchor1,3,Airplane capacity,853,5000,1,300.0,1
451,W2023,anchor1,4,George Bush Age,94,70,2,92.0,1
451,W2023,anchor1,5,Redwood height,853,1000,1,120.0,1
451,W2023,anchor1,6,Domino's Sales,1500000,1000,2,200000.0,1
451,W2023,anchor1,7,Venti latte,4.15,8.5,1,5.0,1
451,W2023,anchor1,8,Lord of the Rings pages,1178,100,2,1100.0,1
451,W2023,anchor1,9,Celtic titles,17,40,1,15.0,1
451,W2023,anchor1,10,Moon distance,50000,100,2,240000.0,1
430,W2023,anchor1,1,Irvine population,309031,1000000,1,30000.0,1
430,W2023,anchor1,2,Harry Potter release,1997,1980,2,1991.0,1
430,W2023,anchor1,3,Airplane capacity,853,5000,1,200.0,1
430,W2023,anchor1,4,George Bush Age,94,70,2,80.0,1
430,W2023,anchor1,5,Redwood height,853,1000,1,500.0,1
430,W2023,anchor1,6,Domino's Sales,1500000,1000,2,5000000.0,1
430,W2023,anchor1,7,Venti latte,4.15,8.5,1,6.75,1
430,W2023,anchor1,8,Lord of the Rings pages,1178,100,1,6000.0,1
430,W2023,anchor1,9,Celtic titles,17,40,2,3.0,1
430,W2023,anchor1,10,Moon distance,50000,100,1,5000000.0,1
534,W2023,anchor1,1,Irvine population,309031,1000000,1,170000.0,1
534,W2023,anchor1,2,Harry Potter release,1997,1980,2,1992.0,1
534,W2023,anchor1,3,Airplane capacity,853,5000,1,130.0,1
534,W2023,anchor1,4,George Bush Age,94,70,2,83.0,1
534,W2023,anchor1,5,Redwood height,853,1000,1,238.0,1
534,W2023,anchor1,6,Domino's Sales,1500000,1000,2,5000000.0,1
534,W2023,anchor1,7,Venti latte,4.15,8.5,1,6.0,1
534,W2023,anchor1,8,Lord of the Rings pages,1178,100,1,5500.0,1
534,W2023,anchor1,9,Celtic titles,17,40,1,7.0,1
534,W2023,anchor1,10,Moon distance,50000,100,2,5000.0,1
249,W2023,anchor1,1,Irvine population,309031,1000000,1,30000.0,1
249,W2023,anchor1,2,Harry Potter release,1997,1980,2,2000.0,1
249,W2023,anchor1,3,Airplane capacity,853,5000,1,200.0,1
249,W2023,anchor1,4,George Bush Age,94,70,2,98.0,1
249,W2023,anchor1,5,Redwood height,853,1000,1,500.0,1
249,W2023,anchor1,6,Domino's Sales,1500000,1000,2,5000000.0,1
249,W2023,anchor1,7,Venti latte,4.15,8.5,1,7.95,1
249,W2023,anchor1,8,Lord of the Rings pages,1178,100,1,8000.0,1
249,W2023,anchor1,9,Celtic titles,17,40,2,3.0,1
249,W2023,anchor1,10,Moon distance,50000,100,1,3000000.0,1
525,W2023,anchor1,1,Irvine population,309031,1000000,1,15000.0,1
525,W2023,anchor1,2,Harry Potter release,1997,1980,2,2007.0,1
525,W2023,anchor1,3,Airplane capacity,853,5000,1,250.0,1
525,W2023,anchor1,4,George Bush Age,94,70,2,97.0,1
525,W2023,anchor1,5,Redwood height,853,1000,1,115.0,1
525,W2023,anchor1,6,Domino's Sales,1500000,1000,2,500000.0,1
525,W2023,anchor1,7,Venti latte,4.15,8.5,1,5.5,1
525,W2023,anchor1,8,Lord of the Rings pages,1178,100,1,7000.0,1
525,W2023,anchor1,9,Celtic titles,17,40,2,4.0,1
525,W2023,anchor1,10,Moon distance,50000,100,1,3000000.0,1
268,W2023,anchor1,1,Irvine population,309031,1000000,1,15000.0,1
268,W2023,anchor1,2,Harry Potter release,1997,1980,2,2004.0,1
268,W2023,anchor1,3,Airplane capacity,853,5000,1,150.0,1
268,W2023,anchor1,4,George Bush Age,94,70,2,89.0,1
268,W2023,anchor1,5,Redwood height,853,1000,1,200.0,1
268,W2023,anchor1,6,Domino's Sales,1500000,1000,2,5000000.0,1
268,W2023,anchor1,7,Venti latte,4.15,8.5,1,6.0,1
268,W2023,anchor1,8,Lord of the Rings pages,1178,100,1,7000.0,1
268,W2023,anchor1,9,Celtic titles,17,40,2,3.0,1
268,W2023,anchor1,10,Moon distance,50000,100,1,1000000000.0,1
77,W2023,anchor1,1,Irvine population,309031,1000000,1,120000.0,1
77,W2023,anchor1,2,Harry Potter release,1997,1980,2,2008.0,1
77,W2023,anchor1,3,Airplane capacity,853,5000,1,168.0,1
77,W2023,anchor1,4,George Bush Age,94,70,2,82.0,1
77,W2023,anchor1,5,Redwood height,853,1000,1,250.0,1
77,W2023,anchor1,6,Domino's Sales,1500000,1000,2,2000000.0,1
77,W2023,anchor1,7,Venti latte,4.15,8.5,1,4.45,1
77,W2023,anchor1,8,Lord of the Rings pages,1178,100,2,1300.0,1
77,W2023,anchor1,9,Celtic titles,17,40,1,9.0,1
77,W2023,anchor1,10,Moon distance,50000,100,2,200000.0,1
62,W2023,anchor1,1,Irvine population,309031,1000000,1,600000.0,1
62,W2023,anchor1,2,Harry Potter release,1997,1980,2,2008.0,1
62,W2023,anchor1,3,Airplane capacity,853,5000,1,300.0,1
62,W2023,anchor1,4,George Bush Age,94,70,2,98.0,1
62,W2023,anchor1,5,Redwood height,853,1000,1,298.0,1
62,W2023,anchor1,6,Domino's Sales,1500000,1000,2,5000000.0,1
62,W2023,anchor1,7,Venti latte,4.15,8.5,1,3.5,1
62,W2023,anchor1,8,Lord of the Rings pages,1178,100,2,3000.0,1
62,W2023,anchor1,9,Celtic titles,17,40,2,2.0,1
62,W2023,anchor1,10,Moon distance,50000,100,2,750000.0,1
343,W2023,anchor1,1,Irvine population,309031,1000000,1,100000.0,1
343,W2023,anchor1,2,Harry Potter release,1997,1980,2,2008.0,1
343,W2023,anchor1,3,Airplane capacity,853,5000,1,1500.0,1
343,W2023,anchor1,4,George Bush Age,94,70,2,98.0,1
343,W2023,anchor1,5,Redwood height,853,1000,1,350.0,1
343,W2023,anchor1,6,Domino's Sales,1500000,1000,1,15000000.0,1
343,W2023,anchor1,7,Venti latte,4.15,8.5,1,7.5,1
343,W2023,anchor1,8,Lord of the Rings pages,1178,100,2,2000.0,1
343,W2023,anchor1,9,Celtic titles,17,40,2,3.0,1
343,W2023,anchor1,10,Moon distance,50000,100,2,800000.0,1
5,W2023,anchor1,1,Irvine population,309031,1000000,1,20000.0,1
5,W2023,anchor1,2,Harry Potter release,1997,1980,2,2005.0,1
5,W2023,anchor1,3,Airplane capacity,853,5000,1,150.0,1
5,W2023,anchor1,4,George Bush Age,94,70,2,90.0,1
5,W2023,anchor1,5,Redwood height,853,1000,2,80.0,1
5,W2023,anchor1,6,Domino's Sales,1500000,1000,1,50000000.0,1
5,W2023,anchor1,7,Venti latte,4.15,8.5,1,4.5,1
5,W2023,anchor1,8,Lord of the Rings pages,1178,100,2,3000.0,1
5,W2023,anchor1,9,Celtic titles,17,40,1,7.0,1
5,W2023,anchor1,10,Moon distance,50000,100,1,3000000.0,1
386,W2023,anchor1,1,Irvine population,309031,1000000,1,30000.0,1
386,W2023,anchor1,2,Harry Potter release,1997,1980,2,2005.0,1
386,W2023,anchor1,3,Airplane capacity,853,5000,1,130.0,1
386,W2023,anchor1,4,George Bush Age,94,70,2,80.0,1
386,W2023,anchor1,5,Redwood height,853,1000,1,200.0,1
386,W2023,anchor1,6,Domino's Sales,1500000,1000,2,5000000.0,1
386,W2023,anchor1,7,Venti latte,4.15,8.5,1,3.75,1
386,W2023,anchor1,8,Lord of the Rings pages,1178,100,2,4000.0,1
386,W2023,anchor1,9,Celtic titles,17,40,2,3.0,1
386,W2023,anchor1,10,Moon distance,50000,100,1,1000000000.0,1
546,W2023,anchor1,1,Irvine population,309031,1000000,1,200000.0,1
546,W2023,anchor1,2,Harry Potter release,1997,1980,2,1997.0,1
546,W2023,anchor1,3,Airplane capacity,853,5000,1,300.0,1
546,W2023,anchor1,4,George Bush Age,94,70,2,84.0,1
546,W2023,anchor1,5,Redwood height,853,1000,1,120.0,1
546,W2023,anchor1,6,Domino's Sales,1500000,1000,2,500000.0,1
546,W2023,anchor1,7,Venti latte,4.15,8.5,1,7.0,1
546,W2023,anchor1,8,Lord of the Rings pages,1178,100,2,2000.0,1
546,W2023,anchor1,9,Celtic titles,17,40,2,2.0,1
546,W2023,anchor1,10,Moon distance,50000,100,1,10000000.0,1
87,W2023,anchor1,1,Irvine population,309031,1000000,1,25000.0,1
87,W2023,anchor1,2,Harry Potter release,1997,1980,1,2012.0,1
87,W2023,anchor1,3,Airplane capacity,853,5000,1,250.0,1
87,W2023,anchor1,4,George Bush Age,94,70,2,80.0,1
87,W2023,anchor1,5,Redwood height,853,1000,1,300.0,1
87,W2023,anchor1,6,Domino's Sales,1500000,1000,1,12000000.0,1
87,W2023,anchor1,7,Venti latte,4.15,8.5,1,5.65,1
87,W2023,anchor1,8,Lord of the Rings pages,1178,100,1,7000.0,1
87,W2023,anchor1,9,Celtic titles,17,40,2,4.0,1
87,W2023,anchor1,10,Moon distance,50000,100,1,1200000.0,1
88,W2023,anchor1,1,Irvine population,309031,1000000,1,50000.0,1
88,W2023,anchor1,2,Harry Potter release,1997,1980,2,2009.0,1
88,W2023,anchor1,3,Airplane capacity,853,5000,1,300.0,1
88,W2023,anchor1,4,George Bush Age,94,70,2,89.0,1
88,W2023,anchor1,5,Redwood height,853,1000,1,500.0,1
88,W2023,anchor1,6,Domino's Sales,1500000,1000,2,1000000.0,1
88,W2023,anchor1,7,Venti latte,4.15,8.5,1,7.2,1
88,W2023,anchor1,8,Lord of the Rings pages,1178,100,2,500.0,1
88,W2023,anchor1,9,Celtic titles,17,40,2,0.0,1
88,W2023,anchor1,10,Moon distance,50000,100,1,3000000.0,1
265,W2023,anchor1,1,Irvine population,309031,1000000,1,250000.0,1
265,W2023,anchor1,2,Harry Potter release,1997,1980,2,2006.0,1
265,W2023,anchor1,3,Airplane capacity,853,5000,1,300.0,1
265,W2023,anchor1,4,George Bush Age,94,70,2,82.0,1
265,W2023,anchor1,5,Redwood height,853,1000,1,150.0,1
265,W2023,anchor1,6,Domino's Sales,1500000,1000,2,500000.0,1
265,W2023,anchor1,7,Venti latte,4.15,8.5,1,5.6,1
265,W2023,anchor1,8,Lord of the Rings pages,1178,100,2,1250.0,1
265,W2023,anchor1,9,Celtic titles,17,40,1,9.0,1
265,W2023,anchor1,10,Moon distance,50000,100,1,1000000000.0,1
327,W2023,anchor1,1,Irvine population,309031,1000000,2,8000.0,1
327,W2023,anchor1,2,Harry Potter release,1997,1980,2,2008.0,1
327,W2023,anchor1,3,Airplane capacity,853,5000,1,200.0,1
327,W2023,anchor1,4,George Bush Age,94,70,2,90.0,1
327,W2023,anchor1,5,Redwood height,853,1000,1,200.0,1
327,W2023,anchor1,6,Domino's Sales,1500000,1000,2,1000000.0,1
327,W2023,anchor1,7,Venti latte,4.15,8.5,1,6.0,1
327,W2023,anchor1,8,Lord of the Rings pages,1178,100,2,1000.0,1
327,W2023,anchor1,9,Celtic titles,17,40,2,3.0,1
327,W2023,anchor1,10,Moon distance,50000,100,2,800000.0,1
7,W2023,anchor1,1,Irvine population,309031,1000000,1,50000.0,1
7,W2023,anchor1,2,Harry Potter release,1997,1980,2,2008.0,1
7,W2023,anchor1,3,Airplane capacity,853,5000,1,300.0,1
7,W2023,anchor1,4,George Bush Age,94,70,2,98.0,1
7,W2023,anchor1,5,Redwood height,853,1000,1,150.0,1
7,W2023,anchor1,6,Domino's Sales,1500000,1000,2,7000000.0,1
7,W2023,anchor1,7,Venti latte,4.15,8.5,1,7.5,1
7,W2023,anchor1,8,Lord of the Rings pages,1178,100,1,7000.0,1
7,W2023,anchor1,9,Celtic titles,17,40,2,3.0,1
7,W2023,anchor1,10,Moon distance,50000,100,1,10000000.0,1
25,W2023,anchor1,1,Irvine population,309031,1000000,1,200000.0,1
25,W2023,anchor1,2,Harry Potter release,1997,1980,2,2008.0,1
25,W2023,anchor1,3,Airplane capacity,853,5000,1,700.0,1
25,W2023,anchor1,4,George Bush Age,94,70,2,80.0,1
25,W2023,anchor1,5,Redwood height,853,1000,2,50.0,1
25,W2023,anchor1,6,Domino's Sales,1500000,1000,2,1000000.0,1
25,W2023,anchor1,7,Venti latte,4.15,8.5,1,6.0,1
25,W2023,anchor1,8,Lord of the Rings pages,1178,100,2,500.0,1
25,W2023,anchor1,9,Celtic titles,17,40,2,3.0,1
25,W2023,anchor1,10,Moon distance,50000,100,2,200000.0,1
380,W2023,anchor1,1,Irvine population,309031,1000000,1,30000.0,1
380,W2023,anchor1,2,Harry Potter release,1997,1980,2,1998.0,1
380,W2023,anchor1,3,Airplane capacity,853,5000,1,300.0,1
380,W2023,anchor1,4,George Bush Age,94,70,2,90.0,1
380,W2023,anchor1,5,Redwood height,853,1000,2,50.0,1
380,W2023,anchor1,6,Domino's Sales,1500000,1000,1,20000000.0,1
380,W2023,anchor1,7,Venti latte,4.15,8.5,1,3.0,1
380,W2023,anchor1,8,Lord of the Rings pages,1178,100,2,4000.0,1
380,W2023,anchor1,9,Celtic titles,17,40,1,6.0,1
380,W2023,anchor1,10,Moon distance,50000,100,1,2000000.0,1
402,W2023,anchor1,1,Irvine population,309031,1000000,1,100000.0,1
402,W2023,anchor1,2,Harry Potter release,1997,1980,2,2005.0,1
402,W2023,anchor1,3,Airplane capacity,853,5000,1,300.0,1
402,W2023,anchor1,4,George Bush Age,94,70,2,92.0,1
402,W2023,anchor1,5,Redwood height,853,1000,1,112.0,1
402,W2023,anchor1,6,Domino's Sales,1500000,1000,2,5000000.0,1
402,W2023,anchor1,7,Venti latte,4.15,8.5,2,1.2,1
402,W2023,anchor1,8,Lord of the Rings pages,1178,100,2,4400.0,1
402,W2023,anchor1,9,Celtic titles,17,40,2,3.0,1
402,W2023,anchor1,10,Moon distance,50000,100,1,100000000000.0,1
242,W2023,anchor1,1,Irvine population,309031,1000000,1,400000.0,1
242,W2023,anchor1,2,Harry Potter release,1997,1980,2,2001.0,1
242,W2023,anchor1,3,Airplane capacity,853,5000,1,300.0,1
242,W2023,anchor1,4,George Bush Age,94,70,2,95.0,1
242,W2023,anchor1,5,Redwood height,853,1000,1,1000.0,1
242,W2023,anchor1,6,Domino's Sales,1500000,1000,2,500000.0,1
242,W2023,anchor1,7,Venti latte,4.15,8.5,1,7.0,1
242,W2023,anchor1,8,Lord of the Rings pages,1178,100,1,7000.0,1
242,W2023,anchor1,9,Celtic titles,17,40,1,23.0,1
242,W2023,anchor1,10,Moon distance,50000,100,1,2000000.0,1
544,W2023,anchor1,1,Irvine population,309031,1000000,1,50000.0,1
544,W2023,anchor1,2,Harry Potter release,1997,1980,2,1998.0,1
544,W2023,anchor1,3,Airplane capacity,853,5000,1,1000.0,1
544,W2023,anchor1,4,George Bush Age,94,70,2,70.0,1
544,W2023,anchor1,5,Redwood height,853,1000,1,110.0,1
544,W2023,anchor1,6,Domino's Sales,1500000,1000,2,5000000.0,1
544,W2023,anchor1,7,Venti latte,4.15,8.5,1,7.0,1
544,W2023,anchor1,8,Lord of the Rings pages,1178,100,1,10000.0,1
544,W2023,anchor1,9,Celtic titles,17,40,2,3.0,1
544,W2023,anchor1,10,Moon distance,50000,100,1,1500000.0,1
255,W2023,anchor1,1,Irvine population,309031,1000000,1,15000.0,1
255,W2023,anchor1,2,Harry Potter release,1997,1980,2,2005.0,1
255,W2023,anchor1,3,Airplane capacity,853,5000,1,150.0,1
255,W2023,anchor1,4,George Bush Age,94,70,2,90.0,1
255,W2023,anchor1,5,Redwood height,853,1000,1,300.0,1
255,W2023,anchor1,6,Domino's Sales,1500000,1000,2,500000.0,1
255,W2023,anchor1,7,Venti latte,4.15,8.5,1,6.0,1
255,W2023,anchor1,8,Lord of the Rings pages,1178,100,2,3500.0,1
255,W2023,anchor1,9,Celtic titles,17,40,2,3.0,1
255,W2023,anchor1,10,Moon distance,50000,100,2,300000.0,1
428,W2023,anchor1,1,Irvine population,309031,1000000,1,100000.0,1
428,W2023,anchor1,2,Harry Potter release,1997,1980,2,1997.0,1
428,W2023,anchor1,3,Airplane capacity,853,5000,1,200.0,1
428,W2023,anchor1,4,George Bush Age,94,70,2,97.0,1
428,W2023,anchor1,5,Redwood height,853,1000,2,50.0,1
428,W2023,anchor1,6,Domino's Sales,1500000,1000,2,9000000.0,1
428,W2023,anchor1,7,Venti latte,4.15,8.5,1,6.5,1
428,W2023,anchor1,8,Lord of the Rings pages,1178,100,2,500.0,1
428,W2023,anchor1,9,Celtic titles,17,40,2,3.0,1
428,W2023,anchor1,10,Moon distance,50000,100,2,700000.0,1
337,W2023,anchor1,1,Irvine population,309031,1000000,1,15000.0,1
337,W2023,anchor1,2,Harry Potter release,1997,1980,2,1997.0,1
337,W2023,anchor1,3,Airplane capacity,853,5000,1,250.0,1
337,W2023,anchor1,4,George Bush Age,94,70,2,70.0,1
337,W2023,anchor1,5,Redwood height,853,1000,1,240.0,1
337,W2023,anchor1,6,Domino's Sales,1500000,1000,1,15000000.0,1
337,W2023,anchor1,7,Venti latte,4.15,8.5,1,4.0,1
337,W2023,anchor1,8,Lord of the Rings pages,1178,100,1,55000.0,1
337,W2023,anchor1,9,Celtic titles,17,40,2,4.0,1
337,W2023,anchor1,10,Moon distance,50000,100,1,1500000.0,1
307,W2023,anchor1,1,Irvine population,309031,1000000,1,350000.0,1
307,W2023,anchor1,2,Harry Potter release,1997,1980,2,2002.0,1
307,W2023,anchor1,3,Airplane capacity,853,5000,1,200.0,1
307,W2023,anchor1,4,George Bush Age,94,70,2,98.0,1
307,W2023,anchor1,5,Redwood height,853,1000,1,500.0,1
307,W2023,anchor1,6,Domino's Sales,1500000,1000,2,600000.0,1
307,W2023,anchor1,7,Venti latte,4.15,8.5,1,6.5,1
307,W2023,anchor1,8,Lord of the Rings pages,1178,100,2,2300.0,1
307,W2023,anchor1,9,Celtic titles,17,40,2,4.0,1
307,W2023,anchor1,10,Moon distance,50000,100,1,3000000.0,1
190,W2023,anchor1,1,Irvine population,309031,1000000,1,30000.0,1
190,W2023,anchor1,2,Harry Potter release,1997,1980,2,2001.0,1
190,W2023,anchor1,3,Airplane capacity,853,5000,1,250.0,1
190,W2023,anchor1,4,George Bush Age,94,70,2,91.0,1
190,W2023,anchor1,5,Redwood height,853,1000,1,225.0,1
190,W2023,anchor1,6,Domino's Sales,1500000,1000,2,850000.0,1
190,W2023,anchor1,7,Venti latte,4.15,8.5,1,5.75,1
190,W2023,anchor1,8,Lord of the Rings pages,1178,100,2,3000.0,1
190,W2023,anchor1,9,Celtic titles,17,40,1,7.0,1
190,W2023,anchor1,10,Moon distance,50000,100,1,2000000.0,1
510,W2023,anchor1,1,Irvine population,309031,1000000,1,50000.0,1
510,W2023,anchor1,2,Harry Potter release,1997,1980,2,2000.0,1
510,W2023,anchor1,3,Airplane capacity,853,5000,1,200.0,1
510,W2023,anchor1,4,George Bush Age,94,70,2,80.0,1
510,W2023,anchor1,5,Redwood height,853,1000,1,200.0,1
510,W2023,anchor1,6,Domino's Sales,1500000,1000,2,5000000.0,1
510,W2023,anchor1,7,Venti latte,4.15,8.5,1,6.5,1
510,W2023,anchor1,8,Lord of the Rings pages,1178,100,2,1000.0,1
510,W2023,anchor1,9,Celtic titles,17,40,1,10.0,1
510,W2023,anchor1,10,Moon distance,50000,100,2,500000.0,1
543,W2023,anchor1,1,Irvine population,309031,1000000,1,68000.0,1
543,W2023,anchor1,2,Harry Potter release,1997,1980,2,1996.0,1
543,W2023,anchor1,3,Airplane capacity,853,5000,1,550.0,1
543,W2023,anchor1,4,George Bush Age,94,70,2,89.0,1
543,W2023,anchor1,5,Redwood height,853,1000,1,170.0,1
543,W2023,anchor1,6,Domino's Sales,1500000,1000,2,1200000.0,1
543,W2023,anchor1,7,Venti latte,4.15,8.5,1,5.5,1
543,W2023,anchor1,8,Lord of the Rings pages,1178,100,1,7500.0,1
543,W2023,anchor1,9,Celtic titles,17,40,1,7.0,1
543,W2023,anchor1,10,Moon distance,50000,100,2,800000.0,1
263,W2023,anchor1,1,Irvine population,309031,1000000,1,90000.0,1
263,W2023,anchor1,2,Harry Potter release,1997,1980,2,2007.0,1
263,W2023,anchor1,3,Airplane capacity,853,5000,1,120.0,1
263,W2023,anchor1,4,George Bush Age,94,70,2,97.0,1
263,W2023,anchor1,5,Redwood height,853,1000,1,250.0,1
263,W2023,anchor1,6,Domino's Sales,1500000,1000,2,900000.0,1
263,W2023,anchor1,7,Venti latte,4.15,8.5,1,7.5,1
263,W2023,anchor1,8,Lord of the Rings pages,1178,100,2,3000.0,1
263,W2023,anchor1,9,Celtic titles,17,40,2,2.0,1
263,W2023,anchor1,10,Moon distance,50000,100,1,2000000.0,1
43,W2023,anchor1,1,Irvine population,309031,1000000,1,300000.0,1
43,W2023,anchor1,2,Harry Potter release,1997,1980,2,1997.0,1
43,W2023,anchor1,3,Airplane capacity,853,5000,1,150.0,1
43,W2023,anchor1,4,George Bush Age,94,70,2,94.0,1
43,W2023,anchor1,5,Redwood height,853,1000,1,105.0,1
43,W2023,anchor1,6,Domino's Sales,1500000,1000,2,1000000.0,1
43,W2023,anchor1,7,Venti latte,4.15,8.5,1,2.2,1
43,W2023,anchor1,8,Lord of the Rings pages,1178,100,2,3000.0,1
43,W2023,anchor1,9,Celtic titles,17,40,2,4.0,1
43,W2023,anchor1,10,Moon distance,50000,100,2,500000.0,1
50,W2023,anchor1,1,Irvine population,309031,1000000,1,34778.0,1
50,W2023,anchor1,2,Harry Potter release,1997,1980,2,2006.0,1
50,W2023,anchor1,3,Airplane capacity,853,5000,1,110.0,1
50,W2023,anchor1,4,George Bush Age,94,70,2,91.0,1
50,W2023,anchor1,5,Redwood height,853,1000,1,397.0,1
50,W2023,anchor1,6,Domino's Sales,1500000,1000,2,750538.0,1
50,W2023,anchor1,7,Venti latte,4.15,8.5,1,5.75,1
50,W2023,anchor1,8,Lord of the Rings pages,1178,100,2,2698.0,1
50,W2023,anchor1,9,Celtic titles,17,40,1,6.0,1
50,W2023,anchor1,10,Moon distance,50000,100,1,72074887.0,1
459,W2023,anchor1,1,Irvine population,309031,1000000,1,200000.0,1
459,W2023,anchor1,2,Harry Potter release,1997,1980,2,2007.0,1
459,W2023,anchor1,3,Airplane capacity,853,5000,1,200.0,1
459,W2023,anchor1,4,George Bush Age,94,70,2,86.0,1
459,W2023,anchor1,5,Redwood height,853,1000,2,60.0,1
459,W2023,anchor1,6,Domino's Sales,1500000,1000,2,100000.0,1
459,W2023,anchor1,7,Venti latte,4.15,8.5,1,5.0,1
459,W2023,anchor1,8,Lord of the Rings pages,1178,100,2,3000.0,1
459,W2023,anchor1,9,Celtic titles,17,40,2,2.0,1
459,W2023,anchor1,10,Moon distance,50000,100,2,300000.0,1
301,W2023,anchor1,1,Irvine population,309031,1000000,1,50000.0,1
301,W2023,anchor1,2,Harry Potter release,1997,1980,2,1999.0,1
301,W2023,anchor1,3,Airplane capacity,853,5000,1,200.0,1
301,W2023,anchor1,4,George Bush Age,94,70,2,70.0,1
301,W2023,anchor1,5,Redwood height,853,1000,1,1500.0,1
301,W2023,anchor1,6,Domino's Sales,1500000,1000,2,10000.0,1
301,W2023,anchor1,7,Venti latte,4.15,8.5,1,5.0,1
301,W2023,anchor1,8,Lord of the Rings pages,1178,100,2,1000.0,1
301,W2023,anchor1,9,Celtic titles,17,40,1,7.0,1
301,W2023,anchor1,10,Moon distance,50000,100,2,30000.0,1
272,W2023,anchor1,1,Irvine population,309031,1000000,1,50000.0,1
272,W2023,anchor1,2,Harry Potter release,1997,1980,2,2007.0,1
272,W2023,anchor1,3,Airplane capacity,853,5000,1,300.0,1
272,W2023,anchor1,4,George Bush Age,94,70,2,97.0,1
272,W2023,anchor1,5,Redwood height,853,1000,1,300.0,1
272,W2023,anchor1,6,Domino's Sales,1500000,1000,1,50000000.0,1
272,W2023,anchor1,7,Venti latte,4.15,8.5,1,7.6,1
272,W2023,anchor1,8,Lord of the Rings pages,1178,100,2,2500.0,1
272,W2023,anchor1,9,Celtic titles,17,40,2,2.0,1
272,W2023,anchor1,10,Moon distance,50000,100,2,239000.0,1
517,W2023,anchor1,1,Irvine population,309031,1000000,1,100000.0,1
517,W2023,anchor1,2,Harry Potter release,1997,1980,2,2000.0,1
517,W2023,anchor1,3,Airplane capacity,853,5000,1,150.0,1
517,W2023,anchor1,4,George Bush Age,94,70,2,88.0,1
517,W2023,anchor1,5,Redwood height,853,1000,1,150.0,1
517,W2023,anchor1,6,Domino's Sales,1500000,1000,2,1000000.0,1
517,W2023,anchor1,7,Venti latte,4.15,8.5,1,5.5,1
517,W2023,anchor1,8,Lord of the Rings pages,1178,100,2,3000.0,1
517,W2023,anchor1,9,Celtic titles,17,40,1,14.0,1
517,W2023,anchor1,10,Moon distance,50000,100,1,2000000.0,1
450,W2023,anchor1,1,Irvine population,309031,1000000,1,69000.0,1
450,W2023,anchor1,2,Harry Potter release,1997,1980,2,2003.0,1
450,W2023,anchor1,3,Airplane capacity,853,5000,1,200.0,1
450,W2023,anchor1,4,George Bush Age,94,70,1,105.0,1
450,W2023,anchor1,5,Redwood height,853,1000,2,100.0,1
450,W2023,anchor1,6,Domino's Sales,1500000,1000,2,1000000.0,1
450,W2023,anchor1,7,Venti latte,4.15,8.5,1,1.75,1
450,W2023,anchor1,8,Lord of the Rings pages,1178,100,2,1000.0,1
450,W2023,anchor1,9,Celtic titles,17,40,2,2.0,1
450,W2023,anchor1,10,Moon distance,50000,100,1,1500000.0,1
83,W2023,anchor1,1,Irvine population,309031,1000000,1,100000.0,1
83,W2023,anchor1,2,Harry Potter release,1997,1980,2,2005.0,1
83,W2023,anchor1,3,Airplane capacity,853,5000,1,200.0,1
83,W2023,anchor1,4,George Bush Age,94,70,2,90.0,1
83,W2023,anchor1,5,Redwood height,853,1000,1,200.0,1
83,W2023,anchor1,6,Domino's Sales,1500000,1000,2,1000000.0,1
83,W2023,anchor1,7,Venti latte,4.15,8.5,1,5.5,1
83,W2023,anchor1,8,Lord of the Rings pages,1178,100,2,500.0,1
83,W2023,anchor1,9,Celtic titles,17,40,1,10.0,1
83,W2023,anchor1,10,Moon distance,50000,100,1,1000000000.0,1
31,W2023,anchor1,1,Irvine population,309031,1000000,2,7000.0,1
31,W2023,anchor1,2,Harry Potter release,1997,1980,2,2008.0,1
31,W2023,anchor1,3,Airplane capacity,853,5000,1,150.0,1
31,W2023,anchor1,4,George Bush Age,94,70,2,89.0,1
31,W2023,anchor1,5,Redwood height,853,1000,1,150.0,1
31,W2023,anchor1,6,Domino's Sales,1500000,1000,2,2500000.0,1
31,W2023,anchor1,7,Venti latte,4.15,8.5,1,7.5,1
31,W2023,anchor1,8,Lord of the Rings pages,1178,100,2,2100.0,1
31,W2023,anchor1,9,Celtic titles,17,40,1,6.0,1
31,W2023,anchor1,10,Moon distance,50000,100,2,350.0,1
508,W2023,anchor1,1,Irvine population,309031,1000000,1,50000.0,1
508,W2023,anchor1,2,Harry Potter release,1997,1980,2,1990.0,1
508,W2023,anchor1,3,Airplane capacity,853,5000,1,800.0,1
508,W2023,anchor1,4,George Bush Age,94,70,2,90.0,1
508,W2023,anchor1,5,Redwood height,853,1000,1,340.0,1
508,W2023,anchor1,6,Domino's Sales,1500000,1000,1,100000000.0,1
508,W2023,anchor1,7,Venti latte,4.15,8.5,2,1.0,1
508,W2023,anchor1,8,Lord of the Rings pages,1178,100,1,6000.0,1
508,W2023,anchor1,9,Celtic titles,17,40,1,6.0,1
508,W2023,anchor1,10,Moon distance,50000,100,1,100000000.0,1
483,W2023,anchor1,1,Irvine population,309031,1000000,1,50000.0,1
483,W2023,anchor1,2,Harry Potter release,1997,1980,2,2000.0,1
483,W2023,anchor1,3,Airplane capacity,853,5000,1,150.0,1
483,W2023,anchor1,4,George Bush Age,94,70,2,98.0,1
483,W2023,anchor1,5,Redwood height,853,1000,1,250.0,1
483,W2023,anchor1,6,Domino's Sales,1500000,1000,1,15000000.0,1
483,W2023,anchor1,7,Venti latte,4.15,8.5,1,7.0,1
483,W2023,anchor1,8,Lord of the Rings pages,1178,100,2,3000.0,1
483,W2023,anchor1,9,Celtic titles,17,40,2,3.0,1
483,W2023,anchor1,10,Moon distance,50000,100,2,400000.0,1
524,W2023,anchor1,1,Irvine population,309031,1000000,1,15000.0,1
524,W2023,anchor1,2,Harry Potter release,1997,1980,2,2009.0,1
524,W2023,anchor1,3,Airplane capacity,853,5000,1,200.0,1
524,W2023,anchor1,4,George Bush Age,94,70,2,75.0,1
524,W2023,anchor1,5,Redwood height,853,1000,2,60.0,1
524,W2023,anchor1,6,Domino's Sales,1500000,1000,1,11000000.0,1
524,W2023,anchor1,7,Venti latte,4.15,8.5,1,4.5,1
524,W2023,anchor1,8,Lord of the Rings pages,1178,100,2,1000.0,1
524,W2023,anchor1,9,Celtic titles,17,40,2,4.0,1
524,W2023,anchor1,10,Moon distance,50000,100,1,2000000.0,1
531,W2023,anchor1,1,Irvine population,309031,1000000,1,46000.0,1
531,W2023,anchor1,2,Harry Potter release,1997,1980,2,2008.0,1
531,W2023,anchor1,3,Airplane capacity,853,5000,1,400.0,1
531,W2023,anchor1,4,George Bush Age,94,70,2,92.0,1
531,W2023,anchor1,5,Redwood height,853,1000,1,400.0,1
531,W2023,anchor1,6,Domino's Sales,1500000,1000,2,1000000.0,1
531,W2023,anchor1,7,Venti latte,4.15,8.5,1,4.45,1
531,W2023,anchor1,8,Lord of the Rings pages,1178,100,1,5500.0,1
531,W2023,anchor1,9,Celtic titles,17,40,1,6.0,1
531,W2023,anchor1,10,Moon distance,50000,100,2,500000.0,1
549,W2023,anchor1,1,Irvine population,309031,1000000,1,25000.0,1
549,W2023,anchor1,2,Harry Potter release,1997,1980,2,2004.0,1
549,W2023,anchor1,3,Airplane capacity,853,5000,1,500.0,1
549,W2023,anchor1,4,George Bush Age,94,70,2,94.0,1
549,W2023,anchor1,5,Redwood height,853,1000,1,300.0,1
549,W2023,anchor1,6,Domino's Sales,1500000,1000,2,5000000.0,1
549,W2023,anchor1,7,Venti latte,4.15,8.5,1,7.0,1
549,W2023,anchor1,8,Lord of the Rings pages,1178,100,2,4000.0,1
549,W2023,anchor1,9,Celtic titles,17,40,1,8.0,1
549,W2023,anchor1,10,Moon distance,50000,100,2,500000.0,1
367,W2023,anchor1,1,Irvine population,309031,1000000,1,100000.0,1
367,W2023,anchor1,2,Harry Potter release,1997,1980,2,2001.0,1
367,W2023,anchor1,3,Airplane capacity,853,5000,1,300.0,1
367,W2023,anchor1,4,George Bush Age,94,70,2,87.0,1
367,W2023,anchor1,5,Redwood height,853,1000,1,200.0,1
367,W2023,anchor1,6,Domino's Sales,1500000,1000,2,500000.0,1
367,W2023,anchor1,7,Venti latte,4.15,8.5,1,5.5,1
367,W2023,anchor1,8,Lord of the Rings pages,1178,100,1,7000.0,1
367,W2023,anchor1,9,Celtic titles,17,40,1,8.0,1
367,W2023,anchor1,10,Moon distance,50000,100,1,10000000.0,1
102,W2023,anchor1,1,Irvine population,309031,1000000,2,7600.0,1
102,W2023,anchor1,2,Harry Potter release,1997,1980,2,1995.0,1
102,W2023,anchor1,3,Airplane capacity,853,5000,1,405.0,1
102,W2023,anchor1,4,George Bush Age,94,70,2,91.0,1
102,W2023,anchor1,5,Redwood height,853,1000,1,340.0,1
102,W2023,anchor1,6,Domino's Sales,1500000,1000,2,4000000.0,1
102,W2023,anchor1,7,Venti latte,4.15,8.5,1,2.75,1
102,W2023,anchor1,8,Lord of the Rings pages,1178,100,2,3500.0,1
102,W2023,anchor1,9,Celtic titles,17,40,1,15.0,1
102,W2023,anchor1,10,Moon distance,50000,100,1,50000000.0,1
419,W2023,anchor1,1,Irvine population,309031,1000000,1,300000.0,1
419,W2023,anchor1,2,Harry Potter release,1997,1980,2,1998.0,1
419,W2023,anchor1,3,Airplane capacity,853,5000,1,525.0,1
419,W2023,anchor1,4,George Bush Age,94,70,2,84.0,1
419,W2023,anchor1,5,Redwood height,853,1000,1,375.0,1
419,W2023,anchor1,6,Domino's Sales,1500000,1000,2,5000000.0,1
419,W2023,anchor1,7,Venti latte,4.15,8.5,1,4.25,1
419,W2023,anchor1,8,Lord of the Rings pages,1178,100,2,3500.0,1
419,W2023,anchor1,9,Celtic titles,17,40,1,10.0,1
419,W2023,anchor1,10,Moon distance,50000,100,2,432567.0,1
117,W2023,anchor1,1,Irvine population,309031,1000000,1,50000.0,1
117,W2023,anchor1,2,Harry Potter release,1997,1980,2,1997.0,1
117,W2023,anchor1,3,Airplane capacity,853,5000,1,120.0,1
117,W2023,anchor1,4,George Bush Age,94,70,2,90.0,1
117,W2023,anchor1,5,Redwood height,853,1000,1,150.0,1
117,W2023,anchor1,6,Domino's Sales,1500000,1000,2,100000.0,1
117,W2023,anchor1,7,Venti latte,4.15,8.5,1,4.0,1
117,W2023,anchor1,8,Lord of the Rings pages,1178,100,2,3000.0,1
117,W2023,anchor1,9,Celtic titles,17,40,1,9.0,1
117,W2023,anchor1,10,Moon distance,50000,100,2,500000.0,1
207,W2023,anchor1,1,Irvine population,309031,1000000,1,30000.0,1
207,W2023,anchor1,2,Harry Potter release,1997,1980,2,2006.0,1
207,W2023,anchor1,3,Airplane capacity,853,5000,1,200.0,1
207,W2023,anchor1,4,George Bush Age,94,70,2,47.0,1
207,W2023,anchor1,5,Redwood height,853,1000,1,120.0,1
207,W2023,anchor1,6,Domino's Sales,1500000,1000,2,90000.0,1
207,W2023,anchor1,7,Venti latte,4.15,8.5,1,6.0,1
207,W2023,anchor1,8,Lord of the Rings pages,1178,100,2,3000.0,1
207,W2023,anchor1,9,Celtic titles,17,40,1,7.0,1
207,W2023,anchor1,10,Moon distance,50000,100,1,5000000.0,1
14,W2023,anchor1,1,Irvine population,309031,1000000,1,20000.0,1
14,W2023,anchor1,2,Harry Potter release,1997,1980,2,1995.0,1
14,W2023,anchor1,3,Airplane capacity,853,5000,1,500.0,1
14,W2023,anchor1,4,George Bush Age,94,70,2,81.0,1
14,W2023,anchor1,5,Redwood height,853,1000,1,120.0,1
14,W2023,anchor1,6,Domino's Sales,1500000,1000,1,100000000.0,1
14,W2023,anchor1,7,Venti latte,4.15,8.5,1,7.0,1
14,W2023,anchor1,8,Lord of the Rings pages,1178,100,2,3000.0,1
14,W2023,anchor1,9,Celtic titles,17,40,1,7.0,1
14,W2023,anchor1,10,Moon distance,50000,100,1,3000000.0,1
106,W2023,anchor1,1,Irvine population,309031,1000000,1,250000.0,1
106,W2023,anchor1,2,Harry Potter release,1997,1980,2,2006.0,1
106,W2023,anchor1,3,Airplane capacity,853,5000,1,250.0,1
106,W2023,anchor1,4,George Bush Age,94,70,2,86.0,1
106,W2023,anchor1,5,Redwood height,853,1000,1,250.0,1
106,W2023,anchor1,6,Domino's Sales,1500000,1000,1,20000000.0,1
106,W2023,anchor1,7,Venti latte,4.15,8.5,2,0.9,1
106,W2023,anchor1,8,Lord of the Rings pages,1178,100,2,3000.0,1
106,W2023,anchor1,9,Celtic titles,17,40,1,15.0,1
106,W2023,anchor1,10,Moon distance,50000,100,1,1800000.0,1
295,W2023,anchor1,1,Irvine population,309031,1000000,1,30000.0,1
295,W2023,anchor1,2,Harry Potter release,1997,1980,2,1996.0,1
295,W2023,anchor1,3,Airplane capacity,853,5000,1,200.0,1
295,W2023,anchor1,4,George Bush Age,94,70,2,89.0,1
295,W2023,anchor1,5,Redwood height,853,1000,1,300.0,1
295,W2023,anchor1,6,Domino's Sales,1500000,1000,2,200000000.0,1
295,W2023,anchor1,7,Venti latte,4.15,8.5,1,4.3,1
295,W2023,anchor1,8,Lord of the Rings pages,1178,100,2,3000.0,1
295,W2023,anchor1,9,Celtic titles,17,40,2,3.0,1
295,W2023,anchor1,10,Moon distance,50000,100,1,21000000.0,1
58,W2023,anchor1,1,Irvine population,309031,1000000,1,50000.0,1
58,W2023,anchor1,2,Harry Potter release,1997,1980,2,2005.0,1
58,W2023,anchor1,3,Airplane capacity,853,5000,1,250.0,1
58,W2023,anchor1,4,George Bush Age,94,70,2,80.0,1
58,W2023,anchor1,5,Redwood height,853,1000,1,150.0,1
58,W2023,anchor1,6,Domino's Sales,1500000,1000,2,1000000.0,1
58,W2023,anchor1,7,Venti latte,4.15,8.5,1,5.0,1
58,W2023,anchor1,8,Lord of the Rings pages,1178,100,2,1000.0,1
58,W2023,anchor1,9,Celtic titles,17,40,2,3.0,1
58,W2023,anchor1,10,Moon distance,50000,100,1,1000000000.0,1
251,W2023,anchor1,1,Irvine population,309031,1000000,1,40000.0,1
251,W2023,anchor1,2,Harry Potter release,1997,1980,2,1998.0,1
251,W2023,anchor1,3,Airplane capacity,853,5000,2,50.0,1
251,W2023,anchor1,4,George Bush Age,94,70,2,92.0,1
251,W2023,anchor1,5,Redwood height,853,1000,1,130.0,1
251,W2023,anchor1,6,Domino's Sales,1500000,1000,2,8000000.0,1
251,W2023,anchor1,7,Venti latte,4.15,8.5,1,4.0,1
251,W2023,anchor1,8,Lord of the Rings pages,1178,100,1,8000.0,1
251,W2023,anchor1,9,Celtic titles,17,40,1,8.0,1
251,W2023,anchor1,10,Moon distance,50000,100,1,3000000.0,1
118,W2023,anchor1,1,Irvine population,309031,1000000,1,50000.0,1
118,W2023,anchor1,2,Harry Potter release,1997,1980,2,2008.0,1
118,W2023,anchor1,3,Airplane capacity,853,5000,1,1000.0,1
118,W2023,anchor1,4,George Bush Age,94,70,2,90.0,1
118,W2023,anchor1,5,Redwood height,853,1000,1,300.0,1
118,W2023,anchor1,6,Domino's Sales,1500000,1000,2,10000.0,1
118,W2023,anchor1,7,Venti latte,4.15,8.5,1,5.0,1
118,W2023,anchor1,8,Lord of the Rings pages,1178,100,2,1000.0,1
118,W2023,anchor1,9,Celtic titles,17,40,1,7.0,1
118,W2023,anchor1,10,Moon distance,50000,100,1,6000000.0,1
248,W2023,anchor1,1,Irvine population,309031,1000000,1,15000.0,1
248,W2023,anchor1,2,Harry Potter release,1997,1980,2,2002.0,1
248,W2023,anchor1,3,Airplane capacity,853,5000,2,50.0,1
248,W2023,anchor1,4,George Bush Age,94,70,2,95.0,1
248,W2023,anchor1,5,Redwood height,853,1000,1,200.0,1
248,W2023,anchor1,6,Domino's Sales,1500000,1000,2,1000000.0,1
248,W2023,anchor1,7,Venti latte,4.15,8.5,1,5.5,1
248,W2023,anchor1,8,Lord of the Rings pages,1178,100,2,1000.0,1
248,W2023,anchor1,9,Celtic titles,17,40,2,1.0,1
248,W2023,anchor1,10,Moon distance,50000,100,1,500000.0,1
298,W2023,anchor1,1,Irvine population,309031,1000000,1,300000.0,1
298,W2023,anchor1,2,Harry Potter release,1997,1980,2,2002.0,1
298,W2023,anchor1,3,Airplane capacity,853,5000,1,400.0,1
298,W2023,anchor1,4,George Bush Age,94,70,2,80.0,1
298,W2023,anchor1,5,Redwood height,853,1000,1,200.0,1
298,W2023,anchor1,6,Domino's Sales,1500000,1000,2,3000000.0,1
298,W2023,anchor1,7,Venti latte,4.15,8.5,1,6.5,1
298,W2023,anchor1,8,Lord of the Rings pages,1178,100,2,500.0,1
298,W2023,anchor1,9,Celtic titles,17,40,2,3.0,1
298,W2023,anchor1,10,Moon distance,50000,100,1,2000000.0,1
501,W2023,anchor1,1,Irvine population,309031,1000000,1,100000.0,1
501,W2023,anchor1,2,Harry Potter release,1997,1980,2,2007.0,1
501,W2023,anchor1,3,Airplane capacity,853,5000,2,70.0,1
501,W2023,anchor1,4,George Bush Age,94,70,2,95.0,1
501,W2023,anchor1,5,Redwood height,853,1000,1,105.0,1
501,W2023,anchor1,6,Domino's Sales,1500000,1000,2,500000.0,1
501,W2023,anchor1,7,Venti latte,4.15,8.5,1,6.0,1
501,W2023,anchor1,8,Lord of the Rings pages,1178,100,2,4000.0,1
501,W2023,anchor1,9,Celtic titles,17,40,2,3.0,1
501,W2023,anchor1,10,Moon distance,50000,100,2,900000.0,1
548,W2023,anchor1,1,Irvine population,309031,1000000,1,100000.0,1
548,W2023,anchor1,2,Harry Potter release,1997,1980,2,1990.0,1
548,W2023,anchor1,3,Airplane capacity,853,5000,1,250.0,1
548,W2023,anchor1,4,George Bush Age,94,70,2,86.0,1
548,W2023,anchor1,5,Redwood height,853,1000,1,250.0,1
548,W2023,anchor1,6,Domino's Sales,1500000,1000,2,700000.0,1
548,W2023,anchor1,7,Venti latte,4.15,8.5,1,5.45,1
548,W2023,anchor1,8,Lord of the Rings pages,1178,100,1,10000.0,1
548,W2023,anchor1,9,Celtic titles,17,40,1,15.0,1
548,W2023,anchor1,10,Moon distance,50000,100,2,160000.0,1
326,W2023,anchor1,1,Irvine population,309031,1000000,1,30000.0,1
326,W2023,anchor1,2,Harry Potter release,1997,1980,2,2008.0,1
326,W2023,anchor1,3,Airplane capacity,853,5000,1,128.0,1
326,W2023,anchor1,4,George Bush Age,94,70,2,89.0,1
326,W2023,anchor1,5,Redwood height,853,1000,1,250.0,1
326,W2023,anchor1,6,Domino's Sales,1500000,1000,1,20000000.0,1
326,W2023,anchor1,7,Venti latte,4.15,8.5,1,3.75,1
326,W2023,anchor1,8,Lord of the Rings pages,1178,100,1,15000.0,1
326,W2023,anchor1,9,Celtic titles,17,40,2,1.0,1
326,W2023,anchor1,10,Moon distance,50000,100,2,45000.0,1
484,W2023,anchor1,1,Irvine population,309031,1000000,1,30000.0,1
484,W2023,anchor1,2,Harry Potter release,1997,1980,2,1997.0,1
484,W2023,anchor1,3,Airplane capacity,853,5000,1,120.0,1
484,W2023,anchor1,4,George Bush Age,94,70,2,80.0,1
484,W2023,anchor1,5,Redwood height,853,1000,1,180.0,1
484,W2023,anchor1,6,Domino's Sales,1500000,1000,1,10500000.0,1
484,W2023,anchor1,7,Venti latte,4.15,8.5,1,8.0,1
484,W2023,anchor1,8,Lord of the Rings pages,1178,100,2,2000.0,1
484,W2023,anchor1,9,Celtic titles,17,40,2,4.0,1
484,W2023,anchor1,10,Moon distance,50000,100,1,1800000.0,1
114,W2023,anchor1,1,Irvine population,309031,1000000,2,8000.0,1
114,W2023,anchor1,2,Harry Potter release,1997,1980,2,2001.0,1
114,W2023,anchor1,3,Airplane capacity,853,5000,1,200.0,1
114,W2023,anchor1,4,George Bush Age,94,70,2,86.0,1
114,W2023,anchor1,5,Redwood height,853,1000,1,110.0,1
114,W2023,anchor1,6,Domino's Sales,1500000,1000,2,2000000.0,1
114,W2023,anchor1,7,Venti latte,4.15,8.5,1,5.75,1
114,W2023,anchor1,8,Lord of the Rings pages,1178,100,2,2000.0,1
114,W2023,anchor1,9,Celtic titles,17,40,2,2.0,1
114,W2023,anchor1,10,Moon distance,50000,100,1,300000000.0,1
345,W2023,anchor1,1,Irvine population,309031,1000000,1,200000.0,1
345,W2023,anchor1,2,Harry Potter release,1997,1980,2,1997.0,1
345,W2023,anchor1,3,Airplane capacity,853,5000,1,400.0,1
345,W2023,anchor1,4,George Bush Age,94,70,2,90.0,1
345,W2023,anchor1,5,Redwood height,853,1000,1,300.0,1
345,W2023,anchor1,6,Domino's Sales,1500000,1000,2,1000000.0,1
345,W2023,anchor1,7,Venti latte,4.15,8.5,1,7.0,1
345,W2023,anchor1,8,Lord of the Rings pages,1178,100,2,1000.0,1
345,W2023,anchor1,9,Celtic titles,17,40,2,2.0,1
345,W2023,anchor1,10,Moon distance,50000,100,2,200000.0,1
73,W2023,anchor1,1,Irvine population,309031,1000000,1,40000.0,1
73,W2023,anchor1,2,Harry Potter release,1997,1980,2,2005.0,1
73,W2023,anchor1,3,Airplane capacity,853,5000,1,300.0,1
73,W2023,anchor1,4,George Bush Age,94,70,2,89.0,1
73,W2023,anchor1,5,Redwood height,853,1000,1,200.0,1
73,W2023,anchor1,6,Domino's Sales,1500000,1000,2,8000000.0,1
73,W2023,anchor1,7,Venti latte,4.15,8.5,1,5.5,1
73,W2023,anchor1,8,Lord of the Rings pages,1178,100,2,4000.0,1
73,W2023,anchor1,9,Celtic titles,17,40,2,4.0,1
73,W2023,anchor1,10,Moon distance,50000,100,1,100000000000.0,1
205,W2023,anchor1,1,Irvine population,309031,1000000,1,150000.0,1
205,W2023,anchor1,2,Harry Potter release,1997,1980,2,2001.0,1
205,W2023,anchor1,3,Airplane capacity,853,5000,1,300.0,1
205,W2023,anchor1,4,George Bush Age,94,70,2,89.0,1
205,W2023,anchor1,5,Redwood height,853,1000,1,800.0,1
205,W2023,anchor1,6,Domino's Sales,1500000,1000,2,80000.0,1
205,W2023,anchor1,7,Venti latte,4.15,8.5,1,5.0,1
205,W2023,anchor1,8,Lord of the Rings pages,1178,100,2,4500.0,1
205,W2023,anchor1,9,Celtic titles,17,40,1,6.0,1
205,W2023,anchor1,10,Moon distance,50000,100,2,200000.0,1
53,W2023,anchor1,1,Irvine population,309031,1000000,1,30000.0,1
53,W2023,anchor1,2,Harry Potter release,1997,1980,2,2003.0,1
53,W2023,anchor1,3,Airplane capacity,853,5000,1,500.0,1
53,W2023,anchor1,4,George Bush Age,94,70,2,97.0,1
53,W2023,anchor1,5,Redwood height,853,1000,1,350.0,1
53,W2023,anchor1,6,Domino's Sales,1500000,1000,2,5000000.0,1
53,W2023,anchor1,7,Venti latte,4.15,8.5,1,6.5,1
53,W2023,anchor1,8,Lord of the Rings pages,1178,100,2,800.0,1
53,W2023,anchor1,9,Celtic titles,17,40,2,2.0,1
53,W2023,anchor1,10,Moon distance,50000,100,1,1000000000000.0,1
305,W2023,anchor1,1,Irvine population,309031,1000000,1,50000.0,1
305,W2023,anchor1,2,Harry Potter release,1997,1980,2,2008.0,1
305,W2023,anchor1,3,Airplane capacity,853,5000,1,300.0,1
305,W2023,anchor1,4,George Bush Age,94,70,2,97.0,1
305,W2023,anchor1,5,Redwood height,853,1000,1,150.0,1
305,W2023,anchor1,6,Domino's Sales,1500000,1000,2,8276375.0,1
305,W2023,anchor1,7,Venti latte,4.15,8.5,1,8.0,1
305,W2023,anchor1,8,Lord of the Rings pages,1178,100,2,2000.0,1
305,W2023,anchor1,9,Celtic titles,17,40,2,4.0,1
305,W2023,anchor1,10,Moon distance,50000,100,2,800000.0,1
285,W2023,anchor1,1,Irvine population,309031,1000000,1,20000.0,1
285,W2023,anchor1,2,Harry Potter release,1997,1980,2,1998.0,1
285,W2023,anchor1,3,Airplane capacity,853,5000,1,500.0,1
285,W2023,anchor1,4,George Bush Age,94,70,2,80.0,1
285,W2023,anchor1,5,Redwood height,853,1000,1,250.0,1
285,W2023,anchor1,6,Domino's Sales,1500000,1000,2,1000000.0,1
285,W2023,anchor1,7,Venti latte,4.15,8.5,1,5.0,1
285,W2023,anchor1,8,Lord of the Rings pages,1178,100,2,1500.0,1
285,W2023,anchor1,9,Celtic titles,17,40,1,2.0,1
285,W2023,anchor1,10,Moon distance,50000,100,2,500000.0,1
199,W2023,anchor1,1,Irvine population,309031,1000000,1,90000.0,1
199,W2023,anchor1,2,Harry Potter release,1997,1980,2,2009.0,1
199,W2023,anchor1,3,Airplane capacity,853,5000,1,200.0,1
199,W2023,anchor1,4,George Bush Age,94,70,2,85.0,1
199,W2023,anchor1,5,Redwood height,853,1000,1,6000.0,1
199,W2023,anchor1,6,Domino's Sales,1500000,1000,2,50000.0,1
199,W2023,anchor1,7,Venti latte,4.15,8.5,1,6.5,1
199,W2023,anchor1,8,Lord of the Rings pages,1178,100,2,350.0,1
199,W2023,anchor1,9,Celtic titles,17,40,2,3.0,1
199,W2023,anchor1,10,Moon distance,50000,100,1,98000000.0,1
104,W2023,anchor1,1,Irvine population,309031,1000000,1,20000.0,1
104,W2023,anchor1,2,Harry Potter release,1997,1980,2,2000.0,1
104,W2023,anchor1,3,Airplane capacity,853,5000,1,200.0,1
104,W2023,anchor1,4,George Bush Age,94,70,2,85.0,1
104,W2023,anchor1,5,Redwood height,853,1000,2,50.0,1
104,W2023,anchor1,6,Domino's Sales,1500000,1000,2,10000.0,1
104,W2023,anchor1,7,Venti latte,4.15,8.5,1,6.7,1
104,W2023,anchor1,8,Lord of the Rings pages,1178,100,2,4000.0,1
104,W2023,anchor1,9,Celtic titles,17,40,2,1.0,1
104,W2023,anchor1,10,Moon distance,50000,100,2,500000.0,1
359,W2023,anchor1,1,Irvine population,309031,1000000,1,40000.0,1
359,W2023,anchor1,2,Harry Potter release,1997,1980,2,2001.0,1
359,W2023,anchor1,3,Airplane capacity,853,5000,1,240.0,1
359,W2023,anchor1,4,George Bush Age,94,70,2,91.0,1
359,W2023,anchor1,5,Redwood height,853,1000,1,160.0,1
359,W2023,anchor1,6,Domino's Sales,1500000,1000,2,6800000.0,1
359,W2023,anchor1,7,Venti latte,4.15,8.5,1,8.0,1
359,W2023,anchor1,8,Lord of the Rings pages,1178,100,2,4500.0,1
359,W2023,anchor1,9,Celtic titles,17,40,1,13.0,1
359,W2023,anchor1,10,Moon distance,50000,100,1,10000000.0,1
523,W2023,anchor1,1,Irvine population,309031,1000000,1,18000.0,1
523,W2023,anchor1,2,Harry Potter release,1997,1980,2,2004.0,1
523,W2023,anchor1,3,Airplane capacity,853,5000,1,150.0,1
523,W2023,anchor1,4,George Bush Age,94,70,2,89.0,1
523,W2023,anchor1,5,Redwood height,853,1000,1,225.0,1
523,W2023,anchor1,6,Domino's Sales,1500000,1000,2,5000000.0,1
523,W2023,anchor1,7,Venti latte,4.15,8.5,1,5.78,1
523,W2023,anchor1,8,Lord of the Rings pages,1178,100,1,7500.0,1
523,W2023,anchor1,9,Celtic titles,17,40,1,10.0,1
523,W2023,anchor1,10,Moon distance,50000,100,1,1750000.0,1
348,W2023,anchor2,1,Irvine population,309031,10000,2,300000.0,1
348,W2023,anchor2,2,Harry Potter release,1997,2010,1,1990.0,1
348,W2023,anchor2,3,Airplane capacity,853,100,2,500.0,1
348,W2023,anchor2,4,George Bush Age,94,100,1,72.0,1
348,W2023,anchor2,5,Redwood height,853,100,1,1230.0,1
348,W2023,anchor2,6,Domino's Sales,1500000,10000000,1,5000.0,1
348,W2023,anchor2,7,Venti latte,4.15,1.5,2,6.0,1
348,W2023,anchor2,8,Lord of the Rings pages,1178,5000,1,450.0,1
348,W2023,anchor2,9,Celtic titles,17,5,2,30.0,1
348,W2023,anchor2,10,Moon distance,50000,1000000,1,560.0,1
175,W2023,anchor2,1,Irvine population,309031,10000,1,2000000.0,1
175,W2023,anchor2,2,Harry Potter release,1997,2010,2,1978.0,1
175,W2023,anchor2,3,Airplane capacity,853,100,2,500.0,1
175,W2023,anchor2,4,George Bush Age,94,100,1,74.0,1
175,W2023,anchor2,5,Redwood height,853,100,2,328.0,1
175,W2023,anchor2,6,Domino's Sales,1500000,10000000,1,6000.0,1
175,W2023,anchor2,7,Venti latte,4.15,1.5,1,10.0,1
175,W2023,anchor2,8,Lord of the Rings pages,1178,5000,1,300.0,1
175,W2023,anchor2,9,Celtic titles,17,5,1,50.0,1
175,W2023,anchor2,10,Moon distance,50000,1000000,1,10000000000.0,1
486,W2023,anchor2,1,Irvine population,309031,10000,2,60000.0,1
486,W2023,anchor2,2,Harry Potter release,1997,2010,1,1990.0,1
486,W2023,anchor2,3,Airplane capacity,853,100,2,4000.0,1
486,W2023,anchor2,4,George Bush Age,94,100,1,85.0,1
486,W2023,anchor2,5,Redwood height,853,100,2,400.0,1
486,W2023,anchor2,6,Domino's Sales,1500000,10000000,1,10000.0,1
486,W2023,anchor2,7,Venti latte,4.15,1.5,2,7.5,1
486,W2023,anchor2,8,Lord of the Rings pages,1178,5000,1,2000.0,1
486,W2023,anchor2,9,Celtic titles,17,5,2,39.0,1
486,W2023,anchor2,10,Moon distance,50000,1000000,1,500000.0,1
217,W2023,anchor2,1,Irvine population,309031,10000,2,500000.0,1
217,W2023,anchor2,2,Harry Potter release,1997,2010,1,2000.0,1
217,W2023,anchor2,3,Airplane capacity,853,100,2,300.0,1
217,W2023,anchor2,4,George Bush Age,94,100,1,80.0,1
217,W2023,anchor2,5,Redwood height,853,100,1,1500.0,1
217,W2023,anchor2,6,Domino's Sales,1500000,10000000,1,5000.0,1
217,W2023,anchor2,7,Venti latte,4.15,1.5,2,7.0,1
217,W2023,anchor2,8,Lord of the Rings pages,1178,5000,1,600.0,1
217,W2023,anchor2,9,Celtic titles,17,5,2,30.0,1
217,W2023,anchor2,10,Moon distance,50000,1000000,1,10000.0,1
422,W2023,anchor2,1,Irvine population,309031,10000,2,750000.0,1
422,W2023,anchor2,2,Harry Potter release,1997,2010,1,1995.0,1
422,W2023,anchor2,3,Airplane capacity,853,100,1,9000.0,1
422,W2023,anchor2,4,George Bush Age,94,100,1,75.0,1
422,W2023,anchor2,5,Redwood height,853,100,1,2789.0,1
422,W2023,anchor2,6,Domino's Sales,1500000,10000000,1,85000.0,1
422,W2023,anchor2,7,Venti latte,4.15,1.5,2,6.5,1
422,W2023,anchor2,8,Lord of the Rings pages,1178,5000,1,420.0,1
422,W2023,anchor2,9,Celtic titles,17,5,2,27.0,1
422,W2023,anchor2,10,Moon distance,50000,1000000,1,200000.0,1
299,W2023,anchor2,1,Irvine population,309031,10000,2,600000.0,1
299,W2023,anchor2,2,Harry Potter release,1997,2010,1,1994.0,1
299,W2023,anchor2,3,Airplane capacity,853,100,2,1000.0,1
299,W2023,anchor2,4,George Bush Age,94,100,1,73.0,1
299,W2023,anchor2,5,Redwood height,853,100,2,450.0,1
299,W2023,anchor2,6,Domino's Sales,1500000,10000000,1,10000.0,1
299,W2023,anchor2,7,Venti latte,4.15,1.5,2,5.75,1
299,W2023,anchor2,8,Lord of the Rings pages,1178,5000,1,932.0,1
299,W2023,anchor2,9,Celtic titles,17,5,2,25.0,1
299,W2023,anchor2,10,Moon distance,50000,1000000,1,1000000.0,1
368,W2023,anchor2,1,Irvine population,309031,10000,2,500000.0,1
368,W2023,anchor2,2,Harry Potter release,1997,2010,1,1995.0,1
368,W2023,anchor2,3,Airplane capacity,853,100,2,1000.0,1
368,W2023,anchor2,4,George Bush Age,94,100,2,65.0,1
368,W2023,anchor2,5,Redwood height,853,100,2,700.0,1
368,W2023,anchor2,6,Domino's Sales,1500000,10000000,1,10000.0,1
368,W2023,anchor2,7,Venti latte,4.15,1.5,2,6.5,1
368,W2023,anchor2,8,Lord of the Rings pages,1178,5000,1,200.0,1
368,W2023,anchor2,9,Celtic titles,17,5,2,20.0,1
368,W2023,anchor2,10,Moon distance,50000,1000000,1,200.0,1
519,W2023,anchor2,1,Irvine population,309031,10000,2,899999.0,1
519,W2023,anchor2,2,Harry Potter release,1997,2010,1,1989.0,1
519,W2023,anchor2,3,Airplane capacity,853,100,2,3000.0,1
519,W2023,anchor2,4,George Bush Age,94,100,2,59.0,1
519,W2023,anchor2,5,Redwood height,853,100,1,1200.0,1
519,W2023,anchor2,6,Domino's Sales,1500000,10000000,1,2000.0,1
519,W2023,anchor2,7,Venti latte,4.15,1.5,2,7.5,1
519,W2023,anchor2,8,Lord of the Rings pages,1178,5000,1,370.0,1
519,W2023,anchor2,9,Celtic titles,17,5,2,25.0,1
519,W2023,anchor2,10,Moon distance,50000,1000000,1,200.0,1
38,W2023,anchor2,1,Irvine population,309031,10000,2,563000.0,1
38,W2023,anchor2,2,Harry Potter release,1997,2010,1,1990.0,1
38,W2023,anchor2,3,Airplane capacity,853,100,1,8000.0,1
38,W2023,anchor2,4,George Bush Age,94,100,1,80.0,1
38,W2023,anchor2,5,Redwood height,853,100,1,5000.0,1
38,W2023,anchor2,6,Domino's Sales,1500000,10000000,1,2000.0,1
38,W2023,anchor2,7,Venti latte,4.15,1.5,2,7.5,1
38,W2023,anchor2,8,Lord of the Rings pages,1178,5000,1,150.0,1
38,W2023,anchor2,9,Celtic titles,17,5,1,50.0,1
38,W2023,anchor2,10,Moon distance,50000,1000000,1,200.0,1
364,W2023,anchor2,1,Irvine population,309031,10000,2,50000.0,1
364,W2023,anchor2,2,Harry Potter release,1997,2010,1,1996.0,1
364,W2023,anchor2,3,Airplane capacity,853,100,2,1000.0,1
364,W2023,anchor2,4,George Bush Age,94,100,1,78.0,1
364,W2023,anchor2,5,Redwood height,853,100,1,1500.0,1
364,W2023,anchor2,6,Domino's Sales,1500000,10000000,1,4000.0,1
364,W2023,anchor2,7,Venti latte,4.15,1.5,2,7.0,1
364,W2023,anchor2,8,Lord of the Rings pages,1178,5000,1,250.0,1
364,W2023,anchor2,9,Celtic titles,17,5,2,25.0,1
364,W2023,anchor2,10,Moon distance,50000,1000000,1,300.0,1
177,W2023,anchor2,1,Irvine population,309031,10000,1,1200000.0,1
177,W2023,anchor2,2,Harry Potter release,1997,2010,1,1990.0,1
177,W2023,anchor2,3,Airplane capacity,853,100,2,850.0,1
177,W2023,anchor2,4,George Bush Age,94,100,2,60.0,1
177,W2023,anchor2,5,Redwood height,853,100,2,950.0,1
177,W2023,anchor2,6,Domino's Sales,1500000,10000000,1,2000.0,1
177,W2023,anchor2,7,Venti latte,4.15,1.5,2,6.5,1
177,W2023,anchor2,8,Lord of the Rings pages,1178,5000,1,700.0,1
177,W2023,anchor2,9,Celtic titles,17,5,2,14.0,1
177,W2023,anchor2,10,Moon distance,50000,1000000,1,110.0,1
172,W2023,anchor2,1,Irvine population,309031,10000,2,250000.0,1
172,W2023,anchor2,2,Harry Potter release,1997,2010,1,2000.0,1
172,W2023,anchor2,3,Airplane capacity,853,100,2,500.0,1
172,W2023,anchor2,4,George Bush Age,94,100,1,85.0,1
172,W2023,anchor2,5,Redwood height,853,100,2,500.0,1
172,W2023,anchor2,6,Domino's Sales,1500000,10000000,1,5000.0,1
172,W2023,anchor2,7,Venti latte,4.15,1.5,2,6.0,1
172,W2023,anchor2,8,Lord of the Rings pages,1178,5000,1,500.0,1
172,W2023,anchor2,9,Celtic titles,17,5,2,25.0,1
172,W2023,anchor2,10,Moon distance,50000,1000000,1,300000.0,1
324,W2023,anchor2,1,Irvine population,309031,10000,1,15000000.0,1
324,W2023,anchor2,2,Harry Potter release,1997,2010,2,1973.0,1
324,W2023,anchor2,3,Airplane capacity,853,100,2,1500.0,1
324,W2023,anchor2,4,George Bush Age,94,100,1,79.0,1
324,W2023,anchor2,5,Redwood height,853,100,1,1500.0,1
324,W2023,anchor2,6,Domino's Sales,1500000,10000000,1,2000.0,1
324,W2023,anchor2,7,Venti latte,4.15,1.5,2,6.2,1
324,W2023,anchor2,8,Lord of the Rings pages,1178,5000,1,139.0,1
324,W2023,anchor2,9,Celtic titles,17,5,2,29.0,1
324,W2023,anchor2,10,Moon distance,50000,1000000,1,10000.0,1
555,W2023,anchor2,1,Irvine population,309031,10000,1,1200000.0,1
555,W2023,anchor2,2,Harry Potter release,1997,2010,1,1999.0,1
555,W2023,anchor2,3,Airplane capacity,853,100,2,1000.0,1
555,W2023,anchor2,4,George Bush Age,94,100,1,84.0,1
555,W2023,anchor2,5,Redwood height,853,100,1,500.0,1
555,W2023,anchor2,6,Domino's Sales,1500000,10000000,1,1000000.0,1
555,W2023,anchor2,7,Venti latte,4.15,1.5,2,4.5,1
555,W2023,anchor2,8,Lord of the Rings pages,1178,5000,1,500.0,1
555,W2023,anchor2,9,Celtic titles,17,5,2,15.0,1
555,W2023,anchor2,10,Moon distance,50000,1000000,1,50000.0,1
215,W2023,anchor2,1,Irvine population,309031,10000,2,800000.0,1
215,W2023,anchor2,2,Harry Potter release,1997,2010,1,1987.0,1
215,W2023,anchor2,3,Airplane capacity,853,100,2,3000.0,1
215,W2023,anchor2,4,George Bush Age,94,100,1,75.0,1
215,W2023,anchor2,5,Redwood height,853,100,2,400.0,1
215,W2023,anchor2,6,Domino's Sales,1500000,10000000,1,4000.0,1
215,W2023,anchor2,7,Venti latte,4.15,1.5,1,9.0,1
215,W2023,anchor2,8,Lord of the Rings pages,1178,5000,1,365.0,1
215,W2023,anchor2,9,Celtic titles,17,5,2,25.0,1
215,W2023,anchor2,10,Moon distance,50000,1000000,1,300.0,1
532,W2023,anchor2,1,Irvine population,309031,10000,2,200000.0,1
532,W2023,anchor2,2,Harry Potter release,1997,2010,1,1990.0,1
532,W2023,anchor2,3,Airplane capacity,853,100,1,5500.0,1
532,W2023,anchor2,4,George Bush Age,94,100,2,67.0,1
532,W2023,anchor2,5,Redwood height,853,100,1,1200.0,1
532,W2023,anchor2,6,Domino's Sales,1500000,10000000,1,5000.0,1
532,W2023,anchor2,7,Venti latte,4.15,1.5,2,7.0,1
532,W2023,anchor2,8,Lord of the Rings pages,1178,5000,1,150.0,1
532,W2023,anchor2,9,Celtic titles,17,5,2,35.0,1
532,W2023,anchor2,10,Moon distance,50000,1000000,1,200.0,1
547,W2023,anchor2,1,Irvine population,309031,10000,2,500000.0,1
547,W2023,anchor2,2,Harry Potter release,1997,2010,1,2000.0,1
547,W2023,anchor2,3,Airplane capacity,853,100,2,400.0,1
547,W2023,anchor2,4,George Bush Age,94,100,1,73.0,1
547,W2023,anchor2,5,Redwood height,853,100,2,500.0,1
547,W2023,anchor2,6,Domino's Sales,1500000,10000000,1,15000.0,1
547,W2023,anchor2,7,Venti latte,4.15,1.5,2,7.5,1
547,W2023,anchor2,8,Lord of the Rings pages,1178,5000,1,250.0,1
547,W2023,anchor2,9,Celtic titles,17,5,2,5.0,1
547,W2023,anchor2,10,Moon distance,50000,1000000,1,2000000.0,1
278,W2023,anchor2,1,Irvine population,309031,10000,2,8000.0,1
278,W2023,anchor2,2,Harry Potter release,1997,2010,1,1990.0,1
278,W2023,anchor2,3,Airplane capacity,853,100,2,3000.0,1
278,W2023,anchor2,4,George Bush Age,94,100,1,75.0,1
278,W2023,anchor2,5,Redwood height,853,100,1,2000.0,1
278,W2023,anchor2,6,Domino's Sales,1500000,10000000,2,900.0,1
278,W2023,anchor2,7,Venti latte,4.15,1.5,2,7.5,1
278,W2023,anchor2,8,Lord of the Rings pages,1178,5000,1,300.0,1
278,W2023,anchor2,9,Celtic titles,17,5,2,20.0,1
278,W2023,anchor2,10,Moon distance,50000,1000000,1,10000.0,1
393,W2023,anchor2,1,Irvine population,309031,10000,2,90000.0,1
393,W2023,anchor2,2,Harry Potter release,1997,2010,1,1987.0,1
393,W2023,anchor2,3,Airplane capacity,853,100,2,3000.0,1
393,W2023,anchor2,4,George Bush Age,94,100,1,77.0,1
393,W2023,anchor2,5,Redwood height,853,100,1,3000.0,1
393,W2023,anchor2,6,Domino's Sales,1500000,10000000,1,350000.0,1
393,W2023,anchor2,7,Venti latte,4.15,1.5,2,6.99,1
393,W2023,anchor2,8,Lord of the Rings pages,1178,5000,1,2000.0,1
393,W2023,anchor2,9,Celtic titles,17,5,2,25.0,1
393,W2023,anchor2,10,Moon distance,50000,1000000,1,10000.0,1
133,W2023,anchor2,1,Irvine population,309031,10000,2,500000.0,1
133,W2023,anchor2,2,Harry Potter release,1997,2010,1,1999.0,1
133,W2023,anchor2,3,Airplane capacity,853,100,2,1000.0,1
133,W2023,anchor2,4,George Bush Age,94,100,1,80.0,1
133,W2023,anchor2,5,Redwood height,853,100,1,4000.0,1
133,W2023,anchor2,6,Domino's Sales,1500000,10000000,1,3000.0,1
133,W2023,anchor2,7,Venti latte,4.15,1.5,2,4.0,1
133,W2023,anchor2,8,Lord of the Rings pages,1178,5000,1,400.0,1
133,W2023,anchor2,9,Celtic titles,17,5,2,5.0,1
133,W2023,anchor2,10,Moon distance,50000,1000000,1,400.0,1
503,W2023,anchor2,1,Irvine population,309031,10000,1,10000000.0,1
503,W2023,anchor2,2,Harry Potter release,1997,2010,1,1993.0,1
503,W2023,anchor2,3,Airplane capacity,853,100,2,500.0,1
503,W2023,anchor2,4,George Bush Age,94,100,1,85.0,1
503,W2023,anchor2,5,Redwood height,853,100,1,5000.0,1
503,W2023,anchor2,6,Domino's Sales,1500000,10000000,1,5000000.0,1
503,W2023,anchor2,7,Venti latte,4.15,1.5,2,6.5,1
503,W2023,anchor2,8,Lord of the Rings pages,1178,5000,1,569.0,1
503,W2023,anchor2,9,Celtic titles,17,5,2,8.0,1
503,W2023,anchor2,10,Moon distance,50000,1000000,1,1e+17,1
353,W2023,anchor2,1,Irvine population,309031,10000,2,300000.0,1
353,W2023,anchor2,2,Harry Potter release,1997,2010,1,1990.0,1
353,W2023,anchor2,3,Airplane capacity,853,100,2,500.0,1
353,W2023,anchor2,4,George Bush Age,94,100,2,60.0,1
353,W2023,anchor2,5,Redwood height,853,100,1,3000.0,1
353,W2023,anchor2,6,Domino's Sales,1500000,10000000,1,3000.0,1
353,W2023,anchor2,7,Venti latte,4.15,1.5,1,9.0,1
353,W2023,anchor2,8,Lord of the Rings pages,1178,5000,1,400.0,1
353,W2023,anchor2,9,Celtic titles,17,5,2,10.0,1
353,W2023,anchor2,10,Moon distance,50000,1000000,2,70.0,1
502,W2023,anchor2,1,Irvine population,309031,10000,2,500000.0,1
502,W2023,anchor2,2,Harry Potter release,1997,2010,1,1986.0,1
502,W2023,anchor2,3,Airplane capacity,853,100,2,2368.0,1
502,W2023,anchor2,4,George Bush Age,94,100,1,85.0,1
502,W2023,anchor2,5,Redwood height,853,100,2,638.0,1
502,W2023,anchor2,6,Domino's Sales,1500000,10000000,1,5200.0,1
502,W2023,anchor2,7,Venti latte,4.15,1.5,2,6.0,1
502,W2023,anchor2,8,Lord of the Rings pages,1178,5000,1,500.0,1
502,W2023,anchor2,9,Celtic titles,17,5,2,22.0,1
502,W2023,anchor2,10,Moon distance,50000,1000000,1,1000.0,1
452,W2023,anchor2,1,Irvine population,309031,10000,2,65000.0,1
452,W2023,anchor2,2,Harry Potter release,1997,2010,1,2002.0,1
452,W2023,anchor2,3,Airplane capacity,853,100,2,350.0,1
452,W2023,anchor2,4,George Bush Age,94,100,1,76.0,1
452,W2023,anchor2,5,Redwood height,853,100,2,900.0,1
452,W2023,anchor2,6,Domino's Sales,1500000,10000000,1,7500.0,1
452,W2023,anchor2,7,Venti latte,4.15,1.5,1,11.0,1
452,W2023,anchor2,8,Lord of the Rings pages,1178,5000,1,400.0,1
452,W2023,anchor2,9,Celtic titles,17,5,2,25.0,1
452,W2023,anchor2,10,Moon distance,50000,1000000,1,50000.0,1
391,W2023,anchor2,1,Irvine population,309031,10000,2,600000.0,1
391,W2023,anchor2,2,Harry Potter release,1997,2010,1,2004.0,1
391,W2023,anchor2,3,Airplane capacity,853,100,2,600.0,1
391,W2023,anchor2,4,George Bush Age,94,100,1,98.0,1
391,W2023,anchor2,5,Redwood height,853,100,2,990.0,1
391,W2023,anchor2,6,Domino's Sales,1500000,10000000,1,1000000.0,1
391,W2023,anchor2,7,Venti latte,4.15,1.5,2,6.65,1
391,W2023,anchor2,8,Lord of the Rings pages,1178,5000,1,479.0,1
391,W2023,anchor2,9,Celtic titles,17,5,2,28.0,1
391,W2023,anchor2,10,Moon distance,50000,1000000,1,100000000.0,1
56,W2023,anchor2,1,Irvine population,309031,10000,2,780000.0,1
56,W2023,anchor2,2,Harry Potter release,1997,2010,1,1992.0,1
56,W2023,anchor2,3,Airplane capacity,853,100,2,500.0,1
56,W2023,anchor2,4,George Bush Age,94,100,2,65.0,1
56,W2023,anchor2,5,Redwood height,853,100,2,700.0,1
56,W2023,anchor2,6,Domino's Sales,1500000,10000000,1,30000.0,1
56,W2023,anchor2,7,Venti latte,4.15,1.5,2,7.18,1
56,W2023,anchor2,8,Lord of the Rings pages,1178,5000,1,195.0,1
56,W2023,anchor2,9,Celtic titles,17,5,2,37.0,1
56,W2023,anchor2,10,Moon distance,50000,1000000,1,1000.0,1
558,W2023,anchor2,1,Irvine population,309031,10000,2,700000.0,1
558,W2023,anchor2,2,Harry Potter release,1997,2010,1,1995.0,1
558,W2023,anchor2,3,Airplane capacity,853,100,2,680.0,1
558,W2023,anchor2,4,George Bush Age,94,100,1,85.0,1
558,W2023,anchor2,5,Redwood height,853,100,1,2500.0,1
558,W2023,anchor2,6,Domino's Sales,1500000,10000000,1,25000.0,1
558,W2023,anchor2,7,Venti latte,4.15,1.5,2,5.8,1
558,W2023,anchor2,8,Lord of the Rings pages,1178,5000,1,400.0,1
558,W2023,anchor2,9,Celtic titles,17,5,2,28.0,1
558,W2023,anchor2,10,Moon distance,50000,1000000,1,1000.0,1
238,W2023,anchor2,1,Irvine population,309031,10000,2,800000.0,1
238,W2023,anchor2,2,Harry Potter release,1997,2010,1,1985.0,1
238,W2023,anchor2,3,Airplane capacity,853,100,2,300.0,1
238,W2023,anchor2,4,George Bush Age,94,100,2,68.0,1
238,W2023,anchor2,5,Redwood height,853,100,2,400.0,1
238,W2023,anchor2,6,Domino's Sales,1500000,10000000,1,50000.0,1
238,W2023,anchor2,7,Venti latte,4.15,1.5,2,7.95,1
238,W2023,anchor2,8,Lord of the Rings pages,1178,5000,1,260.0,1
238,W2023,anchor2,9,Celtic titles,17,5,2,10.0,1
238,W2023,anchor2,10,Moon distance,50000,1000000,1,1000.0,1
71,W2023,anchor2,1,Irvine population,309031,10000,1,2000000.0,1
71,W2023,anchor2,2,Harry Potter release,1997,2010,1,1990.0,1
71,W2023,anchor2,3,Airplane capacity,853,100,2,40.0,1
71,W2023,anchor2,4,George Bush Age,94,100,1,90.0,1
71,W2023,anchor2,5,Redwood height,853,100,2,800.0,1
71,W2023,anchor2,6,Domino's Sales,1500000,10000000,1,10000.0,1
71,W2023,anchor2,7,Venti latte,4.15,1.5,2,5.0,1
71,W2023,anchor2,8,Lord of the Rings pages,1178,5000,1,600.0,1
71,W2023,anchor2,9,Celtic titles,17,5,2,10.0,1
71,W2023,anchor2,10,Moon distance,50000,1000000,1,1000.0,1
196,W2023,anchor2,1,Irvine population,309031,10000,1,1234567.0,1
196,W2023,anchor2,2,Harry Potter release,1997,2010,1,1990.0,1
196,W2023,anchor2,3,Airplane capacity,853,100,2,2345.0,1
196,W2023,anchor2,4,George Bush Age,94,100,1,78.0,1
196,W2023,anchor2,5,Redwood height,853,100,1,1111.0,1
196,W2023,anchor2,6,Domino's Sales,1500000,10000000,1,9876.0,1
196,W2023,anchor2,7,Venti latte,4.15,1.5,1,9.0,1
196,W2023,anchor2,8,Lord of the Rings pages,1178,5000,1,3210.0,1
196,W2023,anchor2,9,Celtic titles,17,5,2,23.0,1
196,W2023,anchor2,10,Moon distance,50000,1000000,1,1234.0,1
467,W2023,anchor2,1,Irvine population,309031,10000,2,800000.0,1
467,W2023,anchor2,2,Harry Potter release,1997,2010,1,1990.0,1
467,W2023,anchor2,3,Airplane capacity,853,100,1,7000.0,1
467,W2023,anchor2,4,George Bush Age,94,100,2,67.0,1
467,W2023,anchor2,5,Redwood height,853,100,1,5000.0,1
467,W2023,anchor2,6,Domino's Sales,1500000,10000000,1,10000.0,1
467,W2023,anchor2,7,Venti latte,4.15,1.5,1,9.5,1
467,W2023,anchor2,8,Lord of the Rings pages,1178,5000,2,200.0,1
467,W2023,anchor2,9,Celtic titles,17,5,1,76.0,1
467,W2023,anchor2,10,Moon distance,50000,1000000,1,200000.0,1
511,W2023,anchor2,1,Irvine population,309031,10000,2,90000.0,1
511,W2023,anchor2,2,Harry Potter release,1997,2010,1,1994.0,1
511,W2023,anchor2,3,Airplane capacity,853,100,2,300.0,1
511,W2023,anchor2,4,George Bush Age,94,100,1,76.0,1
511,W2023,anchor2,5,Redwood height,853,100,2,250.0,1
511,W2023,anchor2,6,Domino's Sales,1500000,10000000,1,3000.0,1
511,W2023,anchor2,7,Venti latte,4.15,1.5,2,7.5,1
511,W2023,anchor2,8,Lord of the Rings pages,1178,5000,1,500.0,1
511,W2023,anchor2,9,Celtic titles,17,5,2,25.0,1
511,W2023,anchor2,10,Moon distance,50000,1000000,2,85.0,1
61,W2023,anchor2,1,Irvine population,309031,10000,2,10000.0,1
61,W2023,anchor2,2,Harry Potter release,1997,2010,1,1991.0,1
61,W2023,anchor2,3,Airplane capacity,853,100,2,700.0,1
61,W2023,anchor2,4,George Bush Age,94,100,1,74.0,1
61,W2023,anchor2,5,Redwood height,853,100,1,3000.0,1
61,W2023,anchor2,6,Domino's Sales,1500000,10000000,2,700.0,1
61,W2023,anchor2,7,Venti latte,4.15,1.5,1,9.0,1
61,W2023,anchor2,8,Lord of the Rings pages,1178,5000,1,700.0,1
61,W2023,anchor2,9,Celtic titles,17,5,2,3.0,1
61,W2023,anchor2,10,Moon distance,50000,1000000,1,1000.0,1
40,W2023,anchor2,1,Irvine population,309031,10000,2,400000.0,1
40,W2023,anchor2,2,Harry Potter release,1997,2010,1,2003.0,1
40,W2023,anchor2,3,Airplane capacity,853,100,2,600.0,1
40,W2023,anchor2,4,George Bush Age,94,100,1,80.0,1
40,W2023,anchor2,5,Redwood height,853,100,2,350.0,1
40,W2023,anchor2,6,Domino's Sales,1500000,10000000,1,10000.0,1
40,W2023,anchor2,7,Venti latte,4.15,1.5,2,8.0,1
40,W2023,anchor2,8,Lord of the Rings pages,1178,5000,1,400.0,1
40,W2023,anchor2,9,Celtic titles,17,5,2,35.0,1
40,W2023,anchor2,10,Moon distance,50000,1000000,1,100000.0,1
318,W2023,anchor2,1,Irvine population,309031,10000,1,1500000.0,1
318,W2023,anchor2,2,Harry Potter release,1997,2010,1,1990.0,1
318,W2023,anchor2,3,Airplane capacity,853,100,2,2000.0,1
318,W2023,anchor2,4,George Bush Age,94,100,1,75.0,1
318,W2023,anchor2,5,Redwood height,853,100,2,400.0,1
318,W2023,anchor2,6,Domino's Sales,1500000,10000000,2,500.0,1
318,W2023,anchor2,7,Venti latte,4.15,1.5,2,5.75,1
318,W2023,anchor2,8,Lord of the Rings pages,1178,5000,1,800.0,1
318,W2023,anchor2,9,Celtic titles,17,5,2,10.0,1
318,W2023,anchor2,10,Moon distance,50000,1000000,1,5000.0,1
214,W2023,anchor2,1,Irvine population,309031,10000,2,450000.0,1
214,W2023,anchor2,2,Harry Potter release,1997,2010,1,1985.0,1
214,W2023,anchor2,3,Airplane capacity,853,100,2,2500.0,1
214,W2023,anchor2,4,George Bush Age,94,100,1,82.0,1
214,W2023,anchor2,5,Redwood height,853,100,1,5000.0,1
214,W2023,anchor2,6,Domino's Sales,1500000,10000000,1,10000.0,1
214,W2023,anchor2,7,Venti latte,4.15,1.5,2,7.5,1
214,W2023,anchor2,8,Lord of the Rings pages,1178,5000,1,540.0,1
214,W2023,anchor2,9,Celtic titles,17,5,2,5.0,1
214,W2023,anchor2,10,Moon distance,50000,1000000,1,250.0,1
506,W2023,anchor2,1,Irvine population,309031,10000,2,500000.0,1
506,W2023,anchor2,2,Harry Potter release,1997,2010,1,2000.0,1
506,W2023,anchor2,3,Airplane capacity,853,100,2,1500.0,1
506,W2023,anchor2,4,George Bush Age,94,100,1,80.0,1
506,W2023,anchor2,5,Redwood height,853,100,2,300.0,1
506,W2023,anchor2,6,Domino's Sales,1500000,10000000,1,1000000.0,1
506,W2023,anchor2,7,Venti latte,4.15,1.5,2,7.5,1
506,W2023,anchor2,8,Lord of the Rings pages,1178,5000,1,1000.0,1
506,W2023,anchor2,9,Celtic titles,17,5,2,10.0,1
506,W2023,anchor2,10,Moon distance,50000,1000000,1,10000.0,1
206,W2023,anchor2,1,Irvine population,309031,10000,2,300000.0,1
206,W2023,anchor2,2,Harry Potter release,1997,2010,1,2002.0,1
206,W2023,anchor2,3,Airplane capacity,853,100,2,3500.0,1
206,W2023,anchor2,4,George Bush Age,94,100,1,83.0,1
206,W2023,anchor2,5,Redwood height,853,100,2,400.0,1
206,W2023,anchor2,6,Domino's Sales,1500000,10000000,1,100000.0,1
206,W2023,anchor2,7,Venti latte,4.15,1.5,2,6.0,1
206,W2023,anchor2,8,Lord of the Rings pages,1178,5000,1,250.0,1
206,W2023,anchor2,9,Celtic titles,17,5,2,19.0,1
206,W2023,anchor2,10,Moon distance,50000,1000000,1,10000.0,1
145,W2023,anchor2,1,Irvine population,309031,10000,2,750000.0,1
145,W2023,anchor2,2,Harry Potter release,1997,2010,1,2004.0,1
145,W2023,anchor2,3,Airplane capacity,853,100,2,2000.0,1
145,W2023,anchor2,4,George Bush Age,94,100,1,73.0,1
145,W2023,anchor2,5,Redwood height,853,100,2,900.0,1
145,W2023,anchor2,6,Domino's Sales,1500000,10000000,1,5000.0,1
145,W2023,anchor2,7,Venti latte,4.15,1.5,2,6.0,1
145,W2023,anchor2,8,Lord of the Rings pages,1178,5000,1,450.0,1
145,W2023,anchor2,9,Celtic titles,17,5,2,7.0,1
145,W2023,anchor2,10,Moon distance,50000,1000000,1,100000.0,1
489,W2023,anchor2,1,Irvine population,309031,10000,2,800000.0,1
489,W2023,anchor2,2,Harry Potter release,1997,2010,1,1997.0,1
489,W2023,anchor2,3,Airplane capacity,853,100,2,3000.0,1
489,W2023,anchor2,4,George Bush Age,94,100,1,90.0,1
489,W2023,anchor2,5,Redwood height,853,100,2,690.0,1
489,W2023,anchor2,6,Domino's Sales,1500000,10000000,1,1200.0,1
489,W2023,anchor2,7,Venti latte,4.15,1.5,2,6.5,1
489,W2023,anchor2,8,Lord of the Rings pages,1178,5000,1,155.0,1
489,W2023,anchor2,9,Celtic titles,17,5,1,48.0,1
489,W2023,anchor2,10,Moon distance,50000,1000000,2,80.0,1
540,W2023,anchor2,1,Irvine population,309031,10000,2,250000.0,1
540,W2023,anchor2,2,Harry Potter release,1997,2010,1,1985.0,1
540,W2023,anchor2,3,Airplane capacity,853,100,2,2500.0,1
540,W2023,anchor2,4,George Bush Age,94,100,1,80.0,1
540,W2023,anchor2,5,Redwood height,853,100,1,3500.0,1
540,W2023,anchor2,6,Domino's Sales,1500000,10000000,1,3000.0,1
540,W2023,anchor2,7,Venti latte,4.15,1.5,2,6.65,1
540,W2023,anchor2,8,Lord of the Rings pages,1178,5000,1,400.0,1
540,W2023,anchor2,9,Celtic titles,17,5,2,27.0,1
540,W2023,anchor2,10,Moon distance,50000,1000000,1,175000.0,1
254,W2023,anchor2,1,Irvine population,309031,10000,2,30000.0,1
254,W2023,anchor2,2,Harry Potter release,1997,2010,1,1990.0,1
254,W2023,anchor2,3,Airplane capacity,853,100,2,1000.0,1
254,W2023,anchor2,4,George Bush Age,94,100,1,88.0,1
254,W2023,anchor2,5,Redwood height,853,100,1,3500.0,1
254,W2023,anchor2,6,Domino's Sales,1500000,10000000,1,10000.0,1
254,W2023,anchor2,7,Venti latte,4.15,1.5,2,5.75,1
254,W2023,anchor2,8,Lord of the Rings pages,1178,5000,1,355.0,1
254,W2023,anchor2,9,Celtic titles,17,5,2,10.0,1
254,W2023,anchor2,10,Moon distance,50000,1000000,1,1000.0,1
228,W2023,anchor2,1,Irvine population,309031,10000,1,1200000.0,1
228,W2023,anchor2,2,Harry Potter release,1997,2010,1,1997.0,1
228,W2023,anchor2,3,Airplane capacity,853,100,2,800.0,1
228,W2023,anchor2,4,George Bush Age,94,100,1,74.0,1
228,W2023,anchor2,5,Redwood height,853,100,1,5000.0,1
228,W2023,anchor2,6,Domino's Sales,1500000,10000000,1,20000.0,1
228,W2023,anchor2,7,Venti latte,4.15,1.5,2,5.0,1
228,W2023,anchor2,8,Lord of the Rings pages,1178,5000,1,800.0,1
228,W2023,anchor2,9,Celtic titles,17,5,2,30.0,1
228,W2023,anchor2,10,Moon distance,50000,1000000,1,2000.0,1
491,W2023,anchor2,1,Irvine population,309031,10000,2,309031.0,1
491,W2023,anchor2,2,Harry Potter release,1997,2010,1,1997.0,1
491,W2023,anchor2,3,Airplane capacity,853,100,2,600.0,1
491,W2023,anchor2,4,George Bush Age,94,100,1,94.0,1
491,W2023,anchor2,5,Redwood height,853,100,2,380.0,1
491,W2023,anchor2,6,Domino's Sales,1500000,10000000,1,1500000.0,1
491,W2023,anchor2,7,Venti latte,4.15,1.5,2,4.5,1
491,W2023,anchor2,8,Lord of the Rings pages,1178,5000,1,500.0,1
491,W2023,anchor2,9,Celtic titles,17,5,2,15.0,1
491,W2023,anchor2,10,Moon distance,50000,1000000,1,23800.0,1
32,W2023,anchor2,1,Irvine population,309031,10000,2,10000.0,1
32,W2023,anchor2,2,Harry Potter release,1997,2010,1,1990.0,1
32,W2023,anchor2,3,Airplane capacity,853,100,2,4000.0,1
32,W2023,anchor2,4,George Bush Age,94,100,1,86.0,1
32,W2023,anchor2,5,Redwood height,853,100,2,600.0,1
32,W2023,anchor2,6,Domino's Sales,1500000,10000000,1,10000.0,1
32,W2023,anchor2,7,Venti latte,4.15,1.5,2,5.95,1
32,W2023,anchor2,8,Lord of the Rings pages,1178,5000,1,267.0,1
32,W2023,anchor2,9,Celtic titles,17,5,2,33.0,1
32,W2023,anchor2,10,Moon distance,50000,1000000,1,100000.0,1
274,W2023,anchor2,1,Irvine population,309031,10000,1,1500000.0,1
274,W2023,anchor2,2,Harry Potter release,1997,2010,1,1993.0,1
274,W2023,anchor2,3,Airplane capacity,853,100,1,7000.0,1
274,W2023,anchor2,4,George Bush Age,94,100,1,82.0,1
274,W2023,anchor2,5,Redwood height,853,100,2,350.0,1
274,W2023,anchor2,6,Domino's Sales,1500000,10000000,1,50000.0,1
274,W2023,anchor2,7,Venti latte,4.15,1.5,2,5.45,1
274,W2023,anchor2,8,Lord of the Rings pages,1178,5000,1,350.0,1
274,W2023,anchor2,9,Celtic titles,17,5,2,35.0,1
274,W2023,anchor2,10,Moon distance,50000,1000000,1,200000.0,1
507,W2023,anchor2,1,Irvine population,309031,10000,2,50000.0,1
507,W2023,anchor2,2,Harry Potter release,1997,2010,1,1990.0,1
507,W2023,anchor2,3,Airplane capacity,853,100,2,5000.0,1
507,W2023,anchor2,4,George Bush Age,94,100,1,80.0,1
507,W2023,anchor2,5,Redwood height,853,100,1,1500.0,1
507,W2023,anchor2,6,Domino's Sales,1500000,10000000,1,4000.0,1
507,W2023,anchor2,7,Venti latte,4.15,1.5,2,6.5,1
507,W2023,anchor2,8,Lord of the Rings pages,1178,5000,1,300.0,1
507,W2023,anchor2,9,Celtic titles,17,5,2,25.0,1
507,W2023,anchor2,10,Moon distance,50000,1000000,1,500.0,1
287,W2023,anchor2,1,Irvine population,309031,10000,1,1500000.0,1
287,W2023,anchor2,2,Harry Potter release,1997,2010,1,2000.0,1
287,W2023,anchor2,3,Airplane capacity,853,100,1,5000.0,1
287,W2023,anchor2,4,George Bush Age,94,100,1,80.0,1
287,W2023,anchor2,5,Redwood height,853,100,1,1200.0,1
287,W2023,anchor2,6,Domino's Sales,1500000,10000000,1,2500.0,1
287,W2023,anchor2,7,Venti latte,4.15,1.5,2,5.75,1
287,W2023,anchor2,8,Lord of the Rings pages,1178,5000,2,80.0,1
287,W2023,anchor2,9,Celtic titles,17,5,2,28.0,1
287,W2023,anchor2,10,Moon distance,50000,1000000,1,300.0,1
275,W2023,anchor2,1,Irvine population,309031,10000,1,1500000.0,1
275,W2023,anchor2,2,Harry Potter release,1997,2010,1,1982.0,1
275,W2023,anchor2,3,Airplane capacity,853,100,2,3000.0,1
275,W2023,anchor2,4,George Bush Age,94,100,1,79.0,1
275,W2023,anchor2,5,Redwood height,853,100,1,2000.0,1
275,W2023,anchor2,6,Domino's Sales,1500000,10000000,1,100000.0,1
275,W2023,anchor2,7,Venti latte,4.15,1.5,2,7.65,1
275,W2023,anchor2,8,Lord of the Rings pages,1178,5000,1,300.0,1
275,W2023,anchor2,9,Celtic titles,17,5,1,44.0,1
275,W2023,anchor2,10,Moon distance,50000,1000000,1,30000000.0,1
438,W2023,anchor2,1,Irvine population,309031,10000,2,100000.0,1
438,W2023,anchor2,2,Harry Potter release,1997,2010,1,1996.0,1
438,W2023,anchor2,3,Airplane capacity,853,100,2,500.0,1
438,W2023,anchor2,4,George Bush Age,94,100,1,86.0,1
438,W2023,anchor2,5,Redwood height,853,100,1,1500.0,1
438,W2023,anchor2,6,Domino's Sales,1500000,10000000,1,10000.0,1
438,W2023,anchor2,7,Venti latte,4.15,1.5,2,5.25,1
438,W2023,anchor2,8,Lord of the Rings pages,1178,5000,1,300.0,1
438,W2023,anchor2,9,Celtic titles,17,5,2,25.0,1
438,W2023,anchor2,10,Moon distance,50000,1000000,1,100000.0,1
551,W2023,anchor2,1,Irvine population,309031,10000,2,500000.0,1
551,W2023,anchor2,2,Harry Potter release,1997,2010,1,1997.0,1
551,W2023,anchor2,3,Airplane capacity,853,100,2,600.0,1
551,W2023,anchor2,4,George Bush Age,94,100,1,74.0,1
551,W2023,anchor2,5,Redwood height,853,100,2,300.0,1
551,W2023,anchor2,6,Domino's Sales,1500000,10000000,1,900000.0,1
551,W2023,anchor2,7,Venti latte,4.15,1.5,2,6.0,1
551,W2023,anchor2,8,Lord of the Rings pages,1178,5000,1,360.0,1
551,W2023,anchor2,9,Celtic titles,17,5,2,14.0,1
551,W2023,anchor2,10,Moon distance,50000,1000000,1,180000.0,1
48,W2023,anchor2,1,Irvine population,309031,10000,2,7000000.0,1
48,W2023,anchor2,2,Harry Potter release,1997,2010,2,1977.0,1
48,W2023,anchor2,3,Airplane capacity,853,100,2,1500.0,1
48,W2023,anchor2,4,George Bush Age,94,100,1,73.0,1
48,W2023,anchor2,5,Redwood height,853,100,1,1200.0,1
48,W2023,anchor2,6,Domino's Sales,1500000,10000000,2,700.0,1
48,W2023,anchor2,7,Venti latte,4.15,1.5,1,9.0,1
48,W2023,anchor2,8,Lord of the Rings pages,1178,5000,1,500.0,1
48,W2023,anchor2,9,Celtic titles,17,5,2,25.0,1
48,W2023,anchor2,10,Moon distance,50000,1000000,1,100000.0,1
479,W2023,anchor2,1,Irvine population,309031,10000,2,550000.0,1
479,W2023,anchor2,2,Harry Potter release,1997,2010,2,1970.0,1
479,W2023,anchor2,3,Airplane capacity,853,100,2,1000.0,1
479,W2023,anchor2,4,George Bush Age,94,100,1,85.0,1
479,W2023,anchor2,5,Redwood height,853,100,1,2500.0,1
479,W2023,anchor2,6,Domino's Sales,1500000,10000000,1,4500.0,1
479,W2023,anchor2,7,Venti latte,4.15,1.5,2,5.25,1
479,W2023,anchor2,8,Lord of the Rings pages,1178,5000,1,157.0,1
479,W2023,anchor2,9,Celtic titles,17,5,2,20.0,1
479,W2023,anchor2,10,Moon distance,50000,1000000,1,1000000.0,1
340,W2023,anchor2,1,Irvine population,309031,10000,1,2000000.0,1
340,W2023,anchor2,2,Harry Potter release,1997,2010,1,1994.0,1
340,W2023,anchor2,3,Airplane capacity,853,100,2,580.0,1
340,W2023,anchor2,4,George Bush Age,94,100,1,82.0,1
340,W2023,anchor2,5,Redwood height,853,100,1,2000.0,1
340,W2023,anchor2,6,Domino's Sales,1500000,10000000,1,4000.0,1
340,W2023,anchor2,7,Venti latte,4.15,1.5,2,6.0,1
340,W2023,anchor2,8,Lord of the Rings pages,1178,5000,1,230.0,1
340,W2023,anchor2,9,Celtic titles,17,5,2,17.0,1
340,W2023,anchor2,10,Moon distance,50000,1000000,1,1300.0,1
435,W2023,anchor2,1,Irvine population,309031,10000,2,400000.0,1
435,W2023,anchor2,2,Harry Potter release,1997,2010,1,1992.0,1
435,W2023,anchor2,3,Airplane capacity,853,100,2,1000.0,1
435,W2023,anchor2,4,George Bush Age,94,100,1,77.0,1
435,W2023,anchor2,5,Redwood height,853,100,2,850.0,1
435,W2023,anchor2,6,Domino's Sales,1500000,10000000,1,10000.0,1
435,W2023,anchor2,7,Venti latte,4.15,1.5,2,7.0,1
435,W2023,anchor2,8,Lord of the Rings pages,1178,5000,1,350.0,1
435,W2023,anchor2,9,Celtic titles,17,5,2,17.0,1
435,W2023,anchor2,10,Moon distance,50000,1000000,1,10000000.0,1
454,W2023,anchor2,1,Irvine population,309031,10000,2,500000.0,1
454,W2023,anchor2,2,Harry Potter release,1997,2010,1,1989.0,1
454,W2023,anchor2,3,Airplane capacity,853,100,2,200.0,1
454,W2023,anchor2,4,George Bush Age,94,100,1,80.0,1
454,W2023,anchor2,5,Redwood height,853,100,1,5000.0,1
454,W2023,anchor2,6,Domino's Sales,1500000,10000000,1,1500.0,1
454,W2023,anchor2,7,Venti latte,4.15,1.5,1,9.0,1
454,W2023,anchor2,8,Lord of the Rings pages,1178,5000,1,300.0,1
454,W2023,anchor2,9,Celtic titles,17,5,2,3.0,1
454,W2023,anchor2,10,Moon distance,50000,1000000,1,10000000.0,1
101,W2023,anchor2,1,Irvine population,309031,10000,2,2300.0,1
101,W2023,anchor2,2,Harry Potter release,1997,2010,1,2010.0,1
101,W2023,anchor2,3,Airplane capacity,853,100,1,5500.0,1
101,W2023,anchor2,4,George Bush Age,94,100,1,90.0,1
101,W2023,anchor2,5,Redwood height,853,100,1,400.0,1
101,W2023,anchor2,6,Domino's Sales,1500000,10000000,1,1100.0,1
101,W2023,anchor2,7,Venti latte,4.15,1.5,2,6.0,1
101,W2023,anchor2,8,Lord of the Rings pages,1178,5000,1,200.0,1
101,W2023,anchor2,9,Celtic titles,17,5,2,5.0,1
101,W2023,anchor2,10,Moon distance,50000,1000000,1,1000.0,1
33,W2023,anchor2,1,Irvine population,309031,10000,1,1500000.0,1
33,W2023,anchor2,2,Harry Potter release,1997,2010,1,2004.0,1
33,W2023,anchor2,3,Airplane capacity,853,100,2,600.0,1
33,W2023,anchor2,4,George Bush Age,94,100,1,82.0,1
33,W2023,anchor2,5,Redwood height,853,100,1,1200.0,1
33,W2023,anchor2,6,Domino's Sales,1500000,10000000,1,20000.0,1
33,W2023,anchor2,7,Venti latte,4.15,1.5,2,6.0,1
33,W2023,anchor2,8,Lord of the Rings pages,1178,5000,1,300.0,1
33,W2023,anchor2,9,Celtic titles,17,5,2,3.0,1
33,W2023,anchor2,10,Moon distance,50000,1000000,2,60.0,1
226,W2023,anchor2,1,Irvine population,309031,10000,2,30000.0,1
226,W2023,anchor2,2,Harry Potter release,1997,2010,1,2002.0,1
226,W2023,anchor2,3,Airplane capacity,853,100,2,1000.0,1
226,W2023,anchor2,4,George Bush Age,94,100,1,73.0,1
226,W2023,anchor2,5,Redwood height,853,100,1,1400.0,1
226,W2023,anchor2,6,Domino's Sales,1500000,10000000,1,5000.0,1
226,W2023,anchor2,7,Venti latte,4.15,1.5,2,6.5,1
226,W2023,anchor2,8,Lord of the Rings pages,1178,5000,1,200.0,1
226,W2023,anchor2,9,Celtic titles,17,5,2,4.0,1
226,W2023,anchor2,10,Moon distance,50000,1000000,1,10000000.0,1
29,W2023,anchor2,1,Irvine population,309031,10000,1,1500000.0,1
29,W2023,anchor2,2,Harry Potter release,1997,2010,1,1985.0,1
29,W2023,anchor2,3,Airplane capacity,853,100,2,800.0,1
29,W2023,anchor2,4,George Bush Age,94,100,1,76.0,1
29,W2023,anchor2,5,Redwood height,853,100,1,1600.0,1
29,W2023,anchor2,6,Domino's Sales,1500000,10000000,1,3500.0,1
29,W2023,anchor2,7,Venti latte,4.15,1.5,2,8.0,1
29,W2023,anchor2,8,Lord of the Rings pages,1178,5000,1,865.0,1
29,W2023,anchor2,9,Celtic titles,17,5,2,10.0,1
29,W2023,anchor2,10,Moon distance,50000,1000000,1,100000000.0,1
201,W2023,anchor2,1,Irvine population,309031,10000,2,450000.0,1
201,W2023,anchor2,2,Harry Potter release,1997,2010,1,1982.0,1
201,W2023,anchor2,3,Airplane capacity,853,100,2,4500.0,1
201,W2023,anchor2,4,George Bush Age,94,100,1,73.0,1
201,W2023,anchor2,5,Redwood height,853,100,1,3100.0,1
201,W2023,anchor2,6,Domino's Sales,1500000,10000000,1,300000.0,1
201,W2023,anchor2,7,Venti latte,4.15,1.5,2,7.0,1
201,W2023,anchor2,8,Lord of the Rings pages,1178,5000,1,431.0,1
201,W2023,anchor2,9,Celtic titles,17,5,2,13.0,1
201,W2023,anchor2,10,Moon distance,50000,1000000,1,100000000.0,1
408,W2023,anchor2,1,Irvine population,309031,10000,2,999999.0,1
408,W2023,anchor2,2,Harry Potter release,1997,2010,2,1978.0,1
408,W2023,anchor2,3,Airplane capacity,853,100,2,2000.0,1
408,W2023,anchor2,4,George Bush Age,94,100,2,67.0,1
408,W2023,anchor2,5,Redwood height,853,100,2,200.0,1
408,W2023,anchor2,6,Domino's Sales,1500000,10000000,1,1200.0,1
408,W2023,anchor2,7,Venti latte,4.15,1.5,2,7.0,1
408,W2023,anchor2,8,Lord of the Rings pages,1178,5000,1,250.0,1
408,W2023,anchor2,9,Celtic titles,17,5,1,43.0,1
408,W2023,anchor2,10,Moon distance,50000,1000000,1,100000.0,1
78,W2023,anchor2,1,Irvine population,309031,10000,2,300000.0,1
78,W2023,anchor2,2,Harry Potter release,1997,2010,1,1990.0,1
78,W2023,anchor2,3,Airplane capacity,853,100,2,1000.0,1
78,W2023,anchor2,4,George Bush Age,94,100,1,90.0,1
78,W2023,anchor2,5,Redwood height,853,100,1,1024.0,1
78,W2023,anchor2,6,Domino's Sales,1500000,10000000,1,10000.0,1
78,W2023,anchor2,7,Venti latte,4.15,1.5,2,7.5,1
78,W2023,anchor2,8,Lord of the Rings pages,1178,5000,1,500.0,1
78,W2023,anchor2,9,Celtic titles,17,5,2,28.0,1
78,W2023,anchor2,10,Moon distance,50000,1000000,1,5000.0,1
411,W2023,anchor2,1,Irvine population,309031,10000,2,300000.0,1
411,W2023,anchor2,2,Harry Potter release,1997,2010,1,1983.0,1
411,W2023,anchor2,3,Airplane capacity,853,100,2,300.0,1
411,W2023,anchor2,4,George Bush Age,94,100,1,73.0,1
411,W2023,anchor2,5,Redwood height,853,100,1,1300.0,1
411,W2023,anchor2,6,Domino's Sales,1500000,10000000,1,2000000.0,1
411,W2023,anchor2,7,Venti latte,4.15,1.5,2,5.5,1
411,W2023,anchor2,8,Lord of the Rings pages,1178,5000,1,3000.0,1
411,W2023,anchor2,9,Celtic titles,17,5,2,3.0,1
411,W2023,anchor2,10,Moon distance,50000,1000000,1,200000.0,1
498,W2023,anchor2,1,Irvine population,309031,10000,2,500000.0,1
498,W2023,anchor2,2,Harry Potter release,1997,2010,1,1995.0,1
498,W2023,anchor2,3,Airplane capacity,853,100,2,4000.0,1
498,W2023,anchor2,4,George Bush Age,94,100,2,69.0,1
498,W2023,anchor2,5,Redwood height,853,100,1,1200.0,1
498,W2023,anchor2,6,Domino's Sales,1500000,10000000,1,10000.0,1
498,W2023,anchor2,7,Venti latte,4.15,1.5,2,5.6,1
498,W2023,anchor2,8,Lord of the Rings pages,1178,5000,1,400.0,1
498,W2023,anchor2,9,Celtic titles,17,5,1,43.0,1
498,W2023,anchor2,10,Moon distance,50000,1000000,2,90.0,1
92,W2023,anchor2,1,Irvine population,309031,10000,1,1200000.0,1
92,W2023,anchor2,2,Harry Potter release,1997,2010,1,1993.0,1
92,W2023,anchor2,3,Airplane capacity,853,100,2,800.0,1
92,W2023,anchor2,4,George Bush Age,94,100,1,80.0,1
92,W2023,anchor2,5,Redwood height,853,100,1,2000.0,1
92,W2023,anchor2,6,Domino's Sales,1500000,10000000,1,1000000.0,1
92,W2023,anchor2,7,Venti latte,4.15,1.5,2,8.0,1
92,W2023,anchor2,8,Lord of the Rings pages,1178,5000,1,800.0,1
92,W2023,anchor2,9,Celtic titles,17,5,2,15.0,1
92,W2023,anchor2,10,Moon distance,50000,1000000,1,1000.0,1
221,W2023,anchor2,1,Irvine population,309031,10000,2,7000.0,1
221,W2023,anchor2,2,Harry Potter release,1997,2010,1,1897.0,1
221,W2023,anchor2,3,Airplane capacity,853,100,2,300.0,1
221,W2023,anchor2,4,George Bush Age,94,100,1,89.0,1
221,W2023,anchor2,5,Redwood height,853,100,1,2500.0,1
221,W2023,anchor2,6,Domino's Sales,1500000,10000000,2,350.0,1
221,W2023,anchor2,7,Venti latte,4.15,1.5,2,7.0,1
221,W2023,anchor2,8,Lord of the Rings pages,1178,5000,1,300.0,1
221,W2023,anchor2,9,Celtic titles,17,5,2,22.0,1
221,W2023,anchor2,10,Moon distance,50000,1000000,1,2000.0,1
63,W2023,anchor2,1,Irvine population,309031,10000,2,500000.0,1
63,W2023,anchor2,2,Harry Potter release,1997,2010,1,1990.0,1
63,W2023,anchor2,3,Airplane capacity,853,100,2,2000.0,1
63,W2023,anchor2,4,George Bush Age,94,100,1,80.0,1
63,W2023,anchor2,5,Redwood height,853,100,1,2000.0,1
63,W2023,anchor2,6,Domino's Sales,1500000,10000000,1,2000.0,1
63,W2023,anchor2,7,Venti latte,4.15,1.5,2,7.49,1
63,W2023,anchor2,8,Lord of the Rings pages,1178,5000,1,500.0,1
63,W2023,anchor2,9,Celtic titles,17,5,2,20.0,1
63,W2023,anchor2,10,Moon distance,50000,1000000,1,8000000.0,1
79,W2023,anchor2,1,Irvine population,309031,10000,2,500000.0,1
79,W2023,anchor2,2,Harry Potter release,1997,2010,1,2006.0,1
79,W2023,anchor2,3,Airplane capacity,853,100,2,1000.0,1
79,W2023,anchor2,4,George Bush Age,94,100,1,75.0,1
79,W2023,anchor2,5,Redwood height,853,100,1,1200.0,1
79,W2023,anchor2,6,Domino's Sales,1500000,10000000,1,1500.0,1
79,W2023,anchor2,7,Venti latte,4.15,1.5,2,7.0,1
79,W2023,anchor2,8,Lord of the Rings pages,1178,5000,1,300.0,1
79,W2023,anchor2,9,Celtic titles,17,5,2,13.0,1
79,W2023,anchor2,10,Moon distance,50000,1000000,1,10000.0,1
401,W2023,anchor2,1,Irvine population,309031,10000,2,800000.0,1
401,W2023,anchor2,2,Harry Potter release,1997,2010,2,1960.0,1
401,W2023,anchor2,3,Airplane capacity,853,100,1,5001.0,1
401,W2023,anchor2,4,George Bush Age,94,100,1,90.0,1
401,W2023,anchor2,5,Redwood height,853,100,2,850.0,1
401,W2023,anchor2,6,Domino's Sales,1500000,10000000,1,10000000.0,1
401,W2023,anchor2,7,Venti latte,4.15,1.5,2,7.5,1
401,W2023,anchor2,8,Lord of the Rings pages,1178,5000,1,500.0,1
401,W2023,anchor2,9,Celtic titles,17,5,2,30.0,1
401,W2023,anchor2,10,Moon distance,50000,1000000,1,10000000.0,1
323,W2023,anchor2,1,Irvine population,309031,10000,2,300000.0,1
323,W2023,anchor2,2,Harry Potter release,1997,2010,1,1997.0,1
323,W2023,anchor2,3,Airplane capacity,853,100,2,800.0,1
323,W2023,anchor2,4,George Bush Age,94,100,1,94.0,1
323,W2023,anchor2,5,Redwood height,853,100,2,400.0,1
323,W2023,anchor2,6,Domino's Sales,1500000,10000000,1,15000000.0,1
323,W2023,anchor2,7,Venti latte,4.15,1.5,2,4.45,1
323,W2023,anchor2,8,Lord of the Rings pages,1178,5000,1,280.0,1
323,W2023,anchor2,9,Celtic titles,17,5,2,20.0,1
323,W2023,anchor2,10,Moon distance,50000,1000000,1,240000.0,1
516,W2023,anchor2,1,Irvine population,309031,10000,2,30000.0,1
516,W2023,anchor2,2,Harry Potter release,1997,2010,1,1990.0,1
516,W2023,anchor2,3,Airplane capacity,853,100,2,2000.0,1
516,W2023,anchor2,4,George Bush Age,94,100,1,75.0,1
516,W2023,anchor2,5,Redwood height,853,100,2,500.0,1
516,W2023,anchor2,6,Domino's Sales,1500000,10000000,1,6000.0,1
516,W2023,anchor2,7,Venti latte,4.15,1.5,2,6.5,1
516,W2023,anchor2,8,Lord of the Rings pages,1178,5000,1,500.0,1
516,W2023,anchor2,9,Celtic titles,17,5,2,10.0,1
516,W2023,anchor2,10,Moon distance,50000,1000000,1,10000.0,1
366,W2023,anchor2,1,Irvine population,309031,10000,2,50000.0,1
366,W2023,anchor2,2,Harry Potter release,1997,2010,1,1990.0,1
366,W2023,anchor2,3,Airplane capacity,853,100,2,500.0,1
366,W2023,anchor2,4,George Bush Age,94,100,1,80.0,1
366,W2023,anchor2,5,Redwood height,853,100,1,5000.0,1
366,W2023,anchor2,6,Domino's Sales,1500000,10000000,1,10000.0,1
366,W2023,anchor2,7,Venti latte,4.15,1.5,2,7.0,1
366,W2023,anchor2,8,Lord of the Rings pages,1178,5000,1,300.0,1
366,W2023,anchor2,9,Celtic titles,17,5,2,20.0,1
366,W2023,anchor2,10,Moon distance,50000,1000000,1,10000.0,1
309,W2023,anchor2,1,Irvine population,309031,10000,2,500000.0,1
309,W2023,anchor2,2,Harry Potter release,1997,2010,1,1990.0,1
309,W2023,anchor2,3,Airplane capacity,853,100,1,5500.0,1
309,W2023,anchor2,4,George Bush Age,94,100,1,80.0,1
309,W2023,anchor2,5,Redwood height,853,100,1,1100.0,1
309,W2023,anchor2,6,Domino's Sales,1500000,10000000,1,2000.0,1
309,W2023,anchor2,7,Venti latte,4.15,1.5,2,7.0,1
309,W2023,anchor2,8,Lord of the Rings pages,1178,5000,1,1200.0,1
309,W2023,anchor2,9,Celtic titles,17,5,1,44.0,1
309,W2023,anchor2,10,Moon distance,50000,1000000,1,200000.0,1
142,W2023,anchor2,1,Irvine population,309031,10000,2,20000.0,1
142,W2023,anchor2,2,Harry Potter release,1997,2010,1,1996.0,1
142,W2023,anchor2,3,Airplane capacity,853,100,2,100.0,1
142,W2023,anchor2,4,George Bush Age,94,100,1,81.0,1
142,W2023,anchor2,5,Redwood height,853,100,2,300.0,1
142,W2023,anchor2,6,Domino's Sales,1500000,10000000,1,8000.0,1
142,W2023,anchor2,7,Venti latte,4.15,1.5,2,5.0,1
142,W2023,anchor2,8,Lord of the Rings pages,1178,5000,1,300.0,1
142,W2023,anchor2,9,Celtic titles,17,5,2,13.0,1
142,W2023,anchor2,10,Moon distance,50000,1000000,1,1000.0,1
481,W2023,anchor2,1,Irvine population,309031,10000,2,86000.0,1
481,W2023,anchor2,2,Harry Potter release,1997,2010,2,1972.0,1
481,W2023,anchor2,3,Airplane capacity,853,100,2,3000.0,1
481,W2023,anchor2,4,George Bush Age,94,100,2,60.0,1
481,W2023,anchor2,5,Redwood height,853,100,1,1277.0,1
481,W2023,anchor2,6,Domino's Sales,1500000,10000000,1,700000.0,1
481,W2023,anchor2,7,Venti latte,4.15,1.5,1,9.0,1
481,W2023,anchor2,8,Lord of the Rings pages,1178,5000,1,526.0,1
481,W2023,anchor2,9,Celtic titles,17,5,2,23.0,1
481,W2023,anchor2,10,Moon distance,50000,1000000,1,300000.0,1
569,W2023,anchor2,1,Irvine population,309031,10000,2,600000.0,1
569,W2023,anchor2,2,Harry Potter release,1997,2010,1,1990.0,1
569,W2023,anchor2,3,Airplane capacity,853,100,2,400.0,1
569,W2023,anchor2,4,George Bush Age,94,100,2,50.0,1
569,W2023,anchor2,5,Redwood height,853,100,1,1500.0,1
569,W2023,anchor2,6,Domino's Sales,1500000,10000000,1,2000.0,1
569,W2023,anchor2,7,Venti latte,4.15,1.5,2,6.5,1
569,W2023,anchor2,8,Lord of the Rings pages,1178,5000,1,150.0,1
569,W2023,anchor2,9,Celtic titles,17,5,1,50.0,1
569,W2023,anchor2,10,Moon distance,50000,1000000,1,500.0,1
495,W2023,anchor2,1,Irvine population,309031,10000,2,600000.0,1
495,W2023,anchor2,2,Harry Potter release,1997,2010,1,1991.0,1
495,W2023,anchor2,3,Airplane capacity,853,100,2,2000.0,1
495,W2023,anchor2,4,George Bush Age,94,100,1,86.0,1
495,W2023,anchor2,5,Redwood height,853,100,1,1300.0,1
495,W2023,anchor2,6,Domino's Sales,1500000,10000000,1,9000.0,1
495,W2023,anchor2,7,Venti latte,4.15,1.5,2,6.25,1
495,W2023,anchor2,8,Lord of the Rings pages,1178,5000,1,127.0,1
495,W2023,anchor2,9,Celtic titles,17,5,2,28.0,1
495,W2023,anchor2,10,Moon distance,50000,1000000,1,6000000.0,1
472,W2023,anchor2,1,Irvine population,309031,10000,1,3000000.0,1
472,W2023,anchor2,2,Harry Potter release,1997,2010,1,1995.0,1
472,W2023,anchor2,3,Airplane capacity,853,100,1,7000.0,1
472,W2023,anchor2,4,George Bush Age,94,100,1,80.0,1
472,W2023,anchor2,5,Redwood height,853,100,1,5000.0,1
472,W2023,anchor2,6,Domino's Sales,1500000,10000000,1,60000.0,1
472,W2023,anchor2,7,Venti latte,4.15,1.5,2,8.0,1
472,W2023,anchor2,8,Lord of the Rings pages,1178,5000,1,1000.0,1
472,W2023,anchor2,9,Celtic titles,17,5,2,12.0,1
472,W2023,anchor2,10,Moon distance,50000,1000000,1,500.0,1
57,W2023,anchor2,1,Irvine population,309031,10000,2,750000.0,1
57,W2023,anchor2,2,Harry Potter release,1997,2010,1,1990.0,1
57,W2023,anchor2,3,Airplane capacity,853,100,2,350.0,1
57,W2023,anchor2,4,George Bush Age,94,100,2,50.0,1
57,W2023,anchor2,5,Redwood height,853,100,1,1500.0,1
57,W2023,anchor2,6,Domino's Sales,1500000,10000000,1,9000.0,1
57,W2023,anchor2,7,Venti latte,4.15,1.5,2,8.0,1
57,W2023,anchor2,8,Lord of the Rings pages,1178,5000,1,500.0,1
57,W2023,anchor2,9,Celtic titles,17,5,2,8.0,1
57,W2023,anchor2,10,Moon distance,50000,1000000,1,1000.0,1
203,W2023,anchor2,1,Irvine population,309031,10000,1,1050000.0,1
203,W2023,anchor2,2,Harry Potter release,1997,2010,1,1988.0,1
203,W2023,anchor2,3,Airplane capacity,853,100,2,300.0,1
203,W2023,anchor2,4,George Bush Age,94,100,1,83.0,1
203,W2023,anchor2,5,Redwood height,853,100,2,750.0,1
203,W2023,anchor2,6,Domino's Sales,1500000,10000000,2,800.0,1
203,W2023,anchor2,7,Venti latte,4.15,1.5,2,7.5,1
203,W2023,anchor2,8,Lord of the Rings pages,1178,5000,1,120.0,1
203,W2023,anchor2,9,Celtic titles,17,5,2,15.0,1
203,W2023,anchor2,10,Moon distance,50000,1000000,1,5820.0,1
530,W2023,anchor2,1,Irvine population,309031,10000,2,200000.0,1
530,W2023,anchor2,2,Harry Potter release,1997,2010,1,1990.0,1
530,W2023,anchor2,3,Airplane capacity,853,100,2,300.0,1
530,W2023,anchor2,4,George Bush Age,94,100,1,85.0,1
530,W2023,anchor2,5,Redwood height,853,100,2,400.0,1
530,W2023,anchor2,6,Domino's Sales,1500000,10000000,1,100000.0,1
530,W2023,anchor2,7,Venti latte,4.15,1.5,1,9.0,1
530,W2023,anchor2,8,Lord of the Rings pages,1178,5000,1,500.0,1
530,W2023,anchor2,9,Celtic titles,17,5,2,30.0,1
530,W2023,anchor2,10,Moon distance,50000,1000000,1,10000.0,1
561,W2023,anchor2,1,Irvine population,309031,10000,2,400000.0,1
561,W2023,anchor2,2,Harry Potter release,1997,2010,1,2002.0,1
561,W2023,anchor2,3,Airplane capacity,853,100,2,120.0,1
561,W2023,anchor2,4,George Bush Age,94,100,2,66.0,1
561,W2023,anchor2,5,Redwood height,853,100,2,75.0,1
561,W2023,anchor2,6,Domino's Sales,1500000,10000000,2,500.0,1
561,W2023,anchor2,7,Venti latte,4.15,1.5,2,8.0,1
561,W2023,anchor2,8,Lord of the Rings pages,1178,5000,1,500.0,1
561,W2023,anchor2,9,Celtic titles,17,5,2,15.0,1
561,W2023,anchor2,10,Moon distance,50000,1000000,1,4500.0,1
90,W2023,anchor2,1,Irvine population,309031,10000,2,400000.0,1
90,W2023,anchor2,2,Harry Potter release,1997,2010,2,1975.0,1
90,W2023,anchor2,3,Airplane capacity,853,100,2,4000.0,1
90,W2023,anchor2,4,George Bush Age,94,100,2,50.0,1
90,W2023,anchor2,5,Redwood height,853,100,1,3500.0,1
90,W2023,anchor2,6,Domino's Sales,1500000,10000000,1,15000.0,1
90,W2023,anchor2,7,Venti latte,4.15,1.5,2,6.75,1
90,W2023,anchor2,8,Lord of the Rings pages,1178,5000,1,350.0,1
90,W2023,anchor2,9,Celtic titles,17,5,2,32.0,1
90,W2023,anchor2,10,Moon distance,50000,1000000,1,25000.0,1
322,W2023,anchor2,1,Irvine population,309031,10000,2,100000.0,1
322,W2023,anchor2,2,Harry Potter release,1997,2010,1,1990.0,1
322,W2023,anchor2,3,Airplane capacity,853,100,2,1000.0,1
322,W2023,anchor2,4,George Bush Age,94,100,1,72.0,1
322,W2023,anchor2,5,Redwood height,853,100,2,800.0,1
322,W2023,anchor2,6,Domino's Sales,1500000,10000000,2,500.0,1
322,W2023,anchor2,7,Venti latte,4.15,1.5,2,6.5,1
322,W2023,anchor2,8,Lord of the Rings pages,1178,5000,1,650.0,1
322,W2023,anchor2,9,Celtic titles,17,5,2,20.0,1
322,W2023,anchor2,10,Moon distance,50000,1000000,1,100000.0,1
212,W2023,anchor2,1,Irvine population,309031,10000,2,550000.0,1
212,W2023,anchor2,2,Harry Potter release,1997,2010,1,1994.0,1
212,W2023,anchor2,3,Airplane capacity,853,100,1,8000.0,1
212,W2023,anchor2,4,George Bush Age,94,100,1,86.0,1
212,W2023,anchor2,5,Redwood height,853,100,1,1348.0,1
212,W2023,anchor2,6,Domino's Sales,1500000,10000000,1,30000.0,1
212,W2023,anchor2,7,Venti latte,4.15,1.5,2,8.0,1
212,W2023,anchor2,8,Lord of the Rings pages,1178,5000,1,465.0,1
212,W2023,anchor2,9,Celtic titles,17,5,2,28.0,1
212,W2023,anchor2,10,Moon distance,50000,1000000,1,998.0,1
93,W2023,anchor2,1,Irvine population,309031,10000,1,1200000.0,1
93,W2023,anchor2,2,Harry Potter release,1997,2010,1,1999.0,1
93,W2023,anchor2,3,Airplane capacity,853,100,2,1000.0,1
93,W2023,anchor2,4,George Bush Age,94,100,1,84.0,1
93,W2023,anchor2,5,Redwood height,853,100,2,200.0,1
93,W2023,anchor2,6,Domino's Sales,1500000,10000000,1,10000.0,1
93,W2023,anchor2,7,Venti latte,4.15,1.5,2,7.5,1
93,W2023,anchor2,8,Lord of the Rings pages,1178,5000,1,200.0,1
93,W2023,anchor2,9,Celtic titles,17,5,2,17.0,1
93,W2023,anchor2,10,Moon distance,50000,1000000,1,200.0,1
179,W2023,anchor2,1,Irvine population,309031,10000,1,2000000.0,1
179,W2023,anchor2,2,Harry Potter release,1997,2010,1,2002.0,1
179,W2023,anchor2,3,Airplane capacity,853,100,2,200.0,1
179,W2023,anchor2,4,George Bush Age,94,100,1,75.0,1
179,W2023,anchor2,5,Redwood height,853,100,1,1500.0,1
179,W2023,anchor2,6,Domino's Sales,1500000,10000000,1,5000.0,1
179,W2023,anchor2,7,Venti latte,4.15,1.5,2,8.0,1
179,W2023,anchor2,8,Lord of the Rings pages,1178,5000,1,1000.0,1
179,W2023,anchor2,9,Celtic titles,17,5,2,20.0,1
179,W2023,anchor2,10,Moon distance,50000,1000000,1,100000.0,1
458,W2024,anchor1,1,Thriller,1983,1970,2,1983.0,1
458,W2024,anchor1,2,Internet,1983,1990,2,1983.0,1
458,W2024,anchor1,3,Disneyland,1955,1920,2,1955.0,1
458,W2024,anchor1,4,Great Depression,1929,1950,2,1929.0,1
458,W2024,anchor1,5,iPhone,2007,1990,2,2007.0,1
458,W2024,anchor1,6,Firefox,2004,2010,2,2002.0,1
458,W2024,anchor1,7,Youtube,2005,1990,2,2005.0,1
458,W2024,anchor1,8,McDonald's,1955,1980,2,1933.0,1
458,W2024,anchor1,9,Revolutionary War,1775,1730,2,1775.0,1
458,W2024,anchor1,10,Reagan,1981,2000,2,1981.0,1
458,W2024,anchor1,11,Pixar,1995,1990,2,1995.0,1
518,W2024,anchor1,1,Thriller,1983,1970,2,1990.0,1
518,W2024,anchor1,2,Internet,1983,1990,2,1993.0,1
518,W2024,anchor1,3,Disneyland,1955,1920,2,1940.0,1
518,W2024,anchor1,4,Great Depression,1929,1950,1,1920.0,1
518,W2024,anchor1,5,iPhone,2007,1990,2,2007.0,1
518,W2024,anchor1,6,Firefox,2004,2010,1,2005.0,1
518,W2024,anchor1,7,Youtube,2005,1990,2,2000.0,1
518,W2024,anchor1,8,McDonald's,1955,1980,1,1970.0,1
518,W2024,anchor1,9,Revolutionary War,1775,1730,2,1800.0,1
518,W2024,anchor1,10,Reagan,1981,2000,1,1980.0,1
518,W2024,anchor1,11,Pixar,1995,1990,2,1995.0,1
245,W2024,anchor1,1,Thriller,1983,1970,2,1988.0,1
245,W2024,anchor1,2,Internet,1983,1990,2,2000.0,1
245,W2024,anchor1,3,Disneyland,1955,1920,2,1950.0,1
245,W2024,anchor1,4,Great Depression,1929,1950,2,1970.0,1
245,W2024,anchor1,5,iPhone,2007,1990,2,2007.0,1
245,W2024,anchor1,6,Firefox,2004,2010,1,2008.0,1
245,W2024,anchor1,7,Youtube,2005,1990,2,2003.0,1
245,W2024,anchor1,8,McDonald's,1955,1980,2,1990.0,1
245,W2024,anchor1,9,Revolutionary War,1775,1730,2,1800.0,1
245,W2024,anchor1,10,Reagan,1981,2000,1,1950.0,1
245,W2024,anchor1,11,Pixar,1995,1990,1,1980.0,1
81,W2024,anchor1,1,Thriller,1983,1970,2,1990.0,1
81,W2024,anchor1,2,Internet,1983,1990,1,1970.0,1
81,W2024,anchor1,3,Disneyland,1955,1920,2,1960.0,1
81,W2024,anchor1,4,Great Depression,1929,1950,1,1940.0,1
81,W2024,anchor1,5,iPhone,2007,1990,2,2001.0,1
81,W2024,anchor1,6,Firefox,2004,2010,1,2008.0,1
81,W2024,anchor1,7,Youtube,2005,1990,2,2004.0,1
81,W2024,anchor1,8,McDonald's,1955,1980,1,1970.0,1
81,W2024,anchor1,9,Revolutionary War,1775,1730,2,1740.0,1
81,W2024,anchor1,10,Reagan,1981,2000,1,1980.0,1
81,W2024,anchor1,11,Pixar,1995,1990,1,1985.0,1
147,W2024,anchor1,1,Thriller,1983,1970,2,1985.0,1
147,W2024,anchor1,2,Internet,1983,1990,2,1995.0,1
147,W2024,anchor1,3,Disneyland,1955,1920,2,1970.0,1
147,W2024,anchor1,4,Great Depression,1929,1950,1,1920.0,1
147,W2024,anchor1,5,iPhone,2007,1990,2,2005.0,1
147,W2024,anchor1,6,Firefox,2004,2010,1,2008.0,1
147,W2024,anchor1,7,Youtube,2005,1990,2,2006.0,1
147,W2024,anchor1,8,McDonald's,1955,1980,1,1960.0,1
147,W2024,anchor1,9,Revolutionary War,1775,1730,2,1770.0,1
147,W2024,anchor1,10,Reagan,1981,2000,1,1980.0,1
147,W2024,anchor1,11,Pixar,1995,1990,2,1996.0,1
22,W2024,anchor1,1,Thriller,1983,1970,2,1980.0,1
22,W2024,anchor1,2,Internet,1983,1990,1,1985.0,1
22,W2024,anchor1,3,Disneyland,1955,1920,2,1940.0,1
22,W2024,anchor1,4,Great Depression,1929,1950,1,1930.0,1
22,W2024,anchor1,5,iPhone,2007,1990,2,2005.0,1
22,W2024,anchor1,6,Firefox,2004,2010,1,2005.0,1
22,W2024,anchor1,7,Youtube,2005,1990,2,2004.0,1
22,W2024,anchor1,8,McDonald's,1955,1980,1,1960.0,1
22,W2024,anchor1,9,Revolutionary War,1775,1730,2,1775.0,1
22,W2024,anchor1,10,Reagan,1981,2000,1,1988.0,1
22,W2024,anchor1,11,Pixar,1995,1990,2,1995.0,1
116,W2024,anchor1,1,Thriller,1983,1970,2,1980.0,1
116,W2024,anchor1,2,Internet,1983,1990,1,1985.0,1
116,W2024,anchor1,3,Disneyland,1955,1920,2,1930.0,1
116,W2024,anchor1,4,Great Depression,1929,1950,2,1960.0,1
116,W2024,anchor1,5,iPhone,2007,1990,2,2007.0,1
116,W2024,anchor1,6,Firefox,2004,2010,1,2005.0,1
116,W2024,anchor1,7,Youtube,2005,1990,2,1995.0,1
116,W2024,anchor1,8,McDonald's,1955,1980,1,1970.0,1
116,W2024,anchor1,9,Revolutionary War,1775,1730,2,1760.0,1
116,W2024,anchor1,10,Reagan,1981,2000,2,2002.0,1
116,W2024,anchor1,11,Pixar,1995,1990,2,1993.0,1
46,W2024,anchor1,1,Thriller,1983,1970,2,1980.0,1
46,W2024,anchor1,2,Internet,1983,1990,1,1985.0,1
46,W2024,anchor1,3,Disneyland,1955,1920,2,1960.0,1
46,W2024,anchor1,4,Great Depression,1929,1950,1,1920.0,1
46,W2024,anchor1,5,iPhone,2007,1990,2,1993.0,1
46,W2024,anchor1,6,Firefox,2004,2010,1,2008.0,1
46,W2024,anchor1,7,Youtube,2005,1990,2,2007.0,1
46,W2024,anchor1,8,McDonald's,1955,1980,1,1970.0,1
46,W2024,anchor1,9,Revolutionary War,1775,1730,2,1830.0,1
46,W2024,anchor1,10,Reagan,1981,2000,1,1992.0,1
46,W2024,anchor1,11,Pixar,1995,1990,1,1975.0,1
54,W2024,anchor1,1,Thriller,1983,1970,2,1980.0,1
54,W2024,anchor1,2,Internet,1983,1990,1,1987.0,1
54,W2024,anchor1,3,Disneyland,1955,1920,2,1922.0,1
54,W2024,anchor1,4,Great Depression,1929,1950,1,1930.0,1
54,W2024,anchor1,5,iPhone,2007,1990,2,1995.0,1
54,W2024,anchor1,6,Firefox,2004,2010,1,2007.0,1
54,W2024,anchor1,7,Youtube,2005,1990,2,1997.0,1
54,W2024,anchor1,8,McDonald's,1955,1980,2,1985.0,1
54,W2024,anchor1,9,Revolutionary War,1775,1730,2,1820.0,1
54,W2024,anchor1,10,Reagan,1981,2000,1,1998.0,1
54,W2024,anchor1,11,Pixar,1995,1990,2,1995.0,1
308,W2024,anchor1,1,Thriller,1983,1970,2,1975.0,1
308,W2024,anchor1,2,Internet,1983,1990,1,1960.0,1
308,W2024,anchor1,3,Disneyland,1955,1920,2,1950.0,1
308,W2024,anchor1,4,Great Depression,1929,1950,1,1930.0,1
308,W2024,anchor1,5,iPhone,2007,1990,2,2005.0,1
308,W2024,anchor1,6,Firefox,2004,2010,1,2007.0,1
308,W2024,anchor1,7,Youtube,2005,1990,2,2005.0,1
308,W2024,anchor1,8,McDonald's,1955,1980,1,1960.0,1
308,W2024,anchor1,9,Revolutionary War,1775,1730,2,1777.0,1
308,W2024,anchor1,10,Reagan,1981,2000,1,1970.0,1
308,W2024,anchor1,11,Pixar,1995,1990,1,1975.0,1
342,W2024,anchor1,1,Thriller,1983,1970,2,1985.0,1
342,W2024,anchor1,2,Internet,1983,1990,1,1982.0,1
342,W2024,anchor1,3,Disneyland,1955,1920,2,1960.0,1
342,W2024,anchor1,4,Great Depression,1929,1950,1,1929.0,1
342,W2024,anchor1,5,iPhone,2007,1990,2,2006.0,1
342,W2024,anchor1,6,Firefox,2004,2010,1,2008.0,1
342,W2024,anchor1,7,Youtube,2005,1990,2,2000.0,1
342,W2024,anchor1,8,McDonald's,1955,1980,1,1975.0,1
342,W2024,anchor1,9,Revolutionary War,1775,1730,2,1776.0,1
342,W2024,anchor1,10,Reagan,1981,2000,1,1984.0,1
342,W2024,anchor1,11,Pixar,1995,1990,2,1994.0,1
8,W2024,anchor1,1,Thriller,1983,1970,2,1989.0,1
8,W2024,anchor1,2,Internet,1983,1990,2,1992.0,1
8,W2024,anchor1,3,Disneyland,1955,1920,2,1955.0,1
8,W2024,anchor1,4,Great Depression,1929,1950,1,1929.0,1
8,W2024,anchor1,5,iPhone,2007,1990,2,1995.0,1
8,W2024,anchor1,6,Firefox,2004,2010,1,2007.0,1
8,W2024,anchor1,7,Youtube,2005,1990,2,2003.0,1
8,W2024,anchor1,8,McDonald's,1955,1980,1,1977.0,1
8,W2024,anchor1,9,Revolutionary War,1775,1730,2,1776.0,1
8,W2024,anchor1,10,Reagan,1981,2000,1,1980.0,1
8,W2024,anchor1,11,Pixar,1995,1990,2,1991.0,1
357,W2024,anchor1,1,Thriller,1983,1970,2,1980.0,1
357,W2024,anchor1,2,Internet,1983,1990,2,1995.0,1
357,W2024,anchor1,3,Disneyland,1955,1920,2,1922.0,1
357,W2024,anchor1,4,Great Depression,1929,1950,2,2008.0,1
357,W2024,anchor1,5,iPhone,2007,1990,2,2007.0,1
357,W2024,anchor1,6,Firefox,2004,2010,1,2007.0,1
357,W2024,anchor1,7,Youtube,2005,1990,2,2005.0,1
357,W2024,anchor1,8,McDonald's,1955,1980,1,1970.0,1
357,W2024,anchor1,9,Revolutionary War,1775,1730,2,1770.0,1
357,W2024,anchor1,10,Reagan,1981,2000,1,1996.0,1
357,W2024,anchor1,11,Pixar,1995,1990,1,1985.0,1
446,W2024,anchor1,1,Thriller,1983,1970,2,1989.0,1
446,W2024,anchor1,2,Internet,1983,1990,1,1987.0,1
446,W2024,anchor1,3,Disneyland,1955,1920,2,1950.0,1
446,W2024,anchor1,4,Great Depression,1929,1950,2,1952.0,1
446,W2024,anchor1,5,iPhone,2007,1990,2,2000.0,1
446,W2024,anchor1,6,Firefox,2004,2010,1,2008.0,1
446,W2024,anchor1,7,Youtube,2005,1990,2,2000.0,1
446,W2024,anchor1,8,McDonald's,1955,1980,1,1965.0,1
446,W2024,anchor1,9,Revolutionary War,1775,1730,1,1720.0,1
446,W2024,anchor1,10,Reagan,1981,2000,2,2004.0,1
446,W2024,anchor1,11,Pixar,1995,1990,1,1970.0,1
288,W2024,anchor1,1,Thriller,1983,1970,2,1974.0,1
288,W2024,anchor1,2,Internet,1983,1990,1,1982.0,1
288,W2024,anchor1,3,Disneyland,1955,1920,1,1955.0,1
288,W2024,anchor1,4,Great Depression,1929,1950,2,1955.0,1
288,W2024,anchor1,5,iPhone,2007,1990,2,2000.0,1
288,W2024,anchor1,6,Firefox,2004,2010,1,2008.0,1
288,W2024,anchor1,7,Youtube,2005,1990,2,2000.0,1
288,W2024,anchor1,8,McDonald's,1955,1980,1,1970.0,1
288,W2024,anchor1,9,Revolutionary War,1775,1730,1,1700.0,1
288,W2024,anchor1,10,Reagan,1981,2000,1,1998.0,1
288,W2024,anchor1,11,Pixar,1995,1990,2,1994.0,1
6,W2024,anchor1,1,Thriller,1983,1970,2,1995.0,1
6,W2024,anchor1,2,Internet,1983,1990,1,1980.0,1
6,W2024,anchor1,3,Disneyland,1955,1920,2,1950.0,1
6,W2024,anchor1,4,Great Depression,1929,1950,2,1955.0,1
6,W2024,anchor1,5,iPhone,2007,1990,2,2003.0,1
6,W2024,anchor1,6,Firefox,2004,2010,2,2008.0,1
6,W2024,anchor1,7,Youtube,2005,1990,2,2008.0,1
6,W2024,anchor1,8,McDonald's,1955,1980,2,1985.0,1
6,W2024,anchor1,9,Revolutionary War,1775,1730,2,1920.0,1
6,W2024,anchor1,10,Reagan,1981,2000,2,2003.0,1
6,W2024,anchor1,11,Pixar,1995,1990,1,1988.0,1
141,W2024,anchor1,1,Thriller,1983,1970,2,1982.0,1
141,W2024,anchor1,2,Internet,1983,1990,2,1994.0,1
141,W2024,anchor1,3,Disneyland,1955,1920,2,1965.0,1
141,W2024,anchor1,4,Great Depression,1929,1950,1,1929.0,1
141,W2024,anchor1,5,iPhone,2007,1990,2,2007.0,1
141,W2024,anchor1,6,Firefox,2004,2010,1,2006.0,1
141,W2024,anchor1,7,Youtube,2005,1990,2,2003.0,1
141,W2024,anchor1,8,McDonald's,1955,1980,1,1950.0,1
141,W2024,anchor1,9,Revolutionary War,1775,1730,2,1773.0,1
141,W2024,anchor1,10,Reagan,1981,2000,1,1980.0,1
141,W2024,anchor1,11,Pixar,1995,1990,2,1996.0,1
20,W2024,anchor1,1,Thriller,1983,1970,2,1995.0,1
20,W2024,anchor1,2,Internet,1983,1990,1,1975.0,1
20,W2024,anchor1,3,Disneyland,1955,1920,2,1968.0,1
20,W2024,anchor1,4,Great Depression,1929,1950,1,1930.0,1
20,W2024,anchor1,5,iPhone,2007,1990,2,2006.0,1
20,W2024,anchor1,6,Firefox,2004,2010,1,2006.0,1
20,W2024,anchor1,7,Youtube,2005,1990,2,2004.0,1
20,W2024,anchor1,8,McDonald's,1955,1980,1,1955.0,1
20,W2024,anchor1,9,Revolutionary War,1775,1730,2,1825.0,1
20,W2024,anchor1,10,Reagan,1981,2000,1,1984.0,1
20,W2024,anchor1,11,Pixar,1995,1990,2,2004.0,1
476,W2024,anchor1,1,Thriller,1983,1970,2,1982.0,1
476,W2024,anchor1,2,Internet,1983,1990,1,1980.0,1
476,W2024,anchor1,3,Disneyland,1955,1920,2,1950.0,1
476,W2024,anchor1,4,Great Depression,1929,1950,1,1929.0,1
476,W2024,anchor1,5,iPhone,2007,1990,2,2005.0,1
476,W2024,anchor1,6,Firefox,2004,2010,1,2002.0,1
476,W2024,anchor1,7,Youtube,2005,1990,2,2005.0,1
476,W2024,anchor1,8,McDonald's,1955,1980,1,1975.0,1
476,W2024,anchor1,9,Revolutionary War,1775,1730,2,1775.0,1
476,W2024,anchor1,10,Reagan,1981,2000,1,1980.0,1
476,W2024,anchor1,11,Pixar,1995,1990,1,1980.0,1
363,W2024,anchor1,1,Thriller,1983,1970,2,1980.0,1
363,W2024,anchor1,2,Internet,1983,1990,2,1998.0,1
363,W2024,anchor1,3,Disneyland,1955,1920,2,1955.0,1
363,W2024,anchor1,4,Great Depression,1929,1950,2,1955.0,1
363,W2024,anchor1,5,iPhone,2007,1990,2,2007.0,1
363,W2024,anchor1,6,Firefox,2004,2010,2,2012.0,1
363,W2024,anchor1,7,Youtube,2005,1990,2,2003.0,1
363,W2024,anchor1,8,McDonald's,1955,1980,1,1950.0,1
363,W2024,anchor1,9,Revolutionary War,1775,1730,2,1803.0,1
363,W2024,anchor1,10,Reagan,1981,2000,1,1996.0,1
363,W2024,anchor1,11,Pixar,1995,1990,2,1992.0,1
253,W2024,anchor1,1,Thriller,1983,1970,2,1992.0,1
253,W2024,anchor1,2,Internet,1983,1990,1,1980.0,1
253,W2024,anchor1,3,Disneyland,1955,1920,2,1950.0,1
253,W2024,anchor1,4,Great Depression,1929,1950,1,1948.0,1
253,W2024,anchor1,5,iPhone,2007,1990,2,1995.0,1
253,W2024,anchor1,6,Firefox,2004,2010,1,2000.0,1
253,W2024,anchor1,7,Youtube,2005,1990,2,2000.0,1
253,W2024,anchor1,8,McDonald's,1955,1980,1,1975.0,1
253,W2024,anchor1,9,Revolutionary War,1775,1730,2,1780.0,1
253,W2024,anchor1,10,Reagan,1981,2000,1,1990.0,1
253,W2024,anchor1,11,Pixar,1995,1990,1,1970.0,1
293,W2024,anchor1,1,Thriller,1983,1970,2,1987.0,1
293,W2024,anchor1,2,Internet,1983,1990,1,1988.0,1
293,W2024,anchor1,3,Disneyland,1955,1920,2,1968.0,1
293,W2024,anchor1,4,Great Depression,1929,1950,1,1918.0,1
293,W2024,anchor1,5,iPhone,2007,1990,2,2001.0,1
293,W2024,anchor1,6,Firefox,2004,2010,1,1998.0,1
293,W2024,anchor1,7,Youtube,2005,1990,2,2001.0,1
293,W2024,anchor1,8,McDonald's,1955,1980,1,1963.0,1
293,W2024,anchor1,9,Revolutionary War,1775,1730,2,1749.0,1
293,W2024,anchor1,10,Reagan,1981,2000,1,1990.0,1
293,W2024,anchor1,11,Pixar,1995,1990,1,1987.0,1
120,W2024,anchor1,1,Thriller,1983,1970,2,2003.0,1
120,W2024,anchor1,2,Internet,1983,1990,1,1975.0,1
120,W2024,anchor1,3,Disneyland,1955,1920,2,1940.0,1
120,W2024,anchor1,4,Great Depression,1929,1950,1,1920.0,1
120,W2024,anchor1,5,iPhone,2007,1990,2,2006.0,1
120,W2024,anchor1,6,Firefox,2004,2010,1,2007.0,1
120,W2024,anchor1,7,Youtube,2005,1990,2,2005.0,1
120,W2024,anchor1,8,McDonald's,1955,1980,1,1955.0,1
120,W2024,anchor1,9,Revolutionary War,1775,1730,2,1730.0,1
120,W2024,anchor1,10,Reagan,1981,2000,1,1994.0,1
120,W2024,anchor1,11,Pixar,1995,1990,1,1980.0,1
26,W2024,anchor1,1,Thriller,1983,1970,2,1991.0,1
26,W2024,anchor1,2,Internet,1983,1990,1,1988.0,1
26,W2024,anchor1,3,Disneyland,1955,1920,2,1950.0,1
26,W2024,anchor1,4,Great Depression,1929,1950,1,1935.0,1
26,W2024,anchor1,5,iPhone,2007,1990,2,2006.0,1
26,W2024,anchor1,6,Firefox,2004,2010,1,2007.0,1
26,W2024,anchor1,7,Youtube,2005,1990,2,2003.0,1
26,W2024,anchor1,8,McDonald's,1955,1980,2,1985.0,1
26,W2024,anchor1,9,Revolutionary War,1775,1730,1,1755.0,1
26,W2024,anchor1,10,Reagan,1981,2000,1,1980.0,1
26,W2024,anchor1,11,Pixar,1995,1990,2,1994.0,1
377,W2024,anchor1,1,Thriller,1983,1970,2,1973.0,1
377,W2024,anchor1,2,Internet,1983,1990,1,1970.0,1
377,W2024,anchor1,3,Disneyland,1955,1920,2,1980.0,1
377,W2024,anchor1,4,Great Depression,1929,1950,1,1939.0,1
377,W2024,anchor1,5,iPhone,2007,1990,2,1991.0,1
377,W2024,anchor1,6,Firefox,2004,2010,1,2001.0,1
377,W2024,anchor1,7,Youtube,2005,1990,1,1985.0,1
377,W2024,anchor1,8,McDonald's,1955,1980,1,1970.0,1
377,W2024,anchor1,9,Revolutionary War,1775,1730,1,1721.0,1
377,W2024,anchor1,10,Reagan,1981,2000,2,2003.0,1
377,W2024,anchor1,11,Pixar,1995,1990,2,1995.0,1
319,W2024,anchor1,1,Thriller,1983,1970,2,1985.0,1
319,W2024,anchor1,2,Internet,1983,1990,1,1985.0,1
319,W2024,anchor1,3,Disneyland,1955,1920,2,1975.0,1
319,W2024,anchor1,4,Great Depression,1929,1950,2,1955.0,1
319,W2024,anchor1,5,iPhone,2007,1990,2,2000.0,1
319,W2024,anchor1,6,Firefox,2004,2010,1,2005.0,1
319,W2024,anchor1,7,Youtube,2005,1990,2,1995.0,1
319,W2024,anchor1,8,McDonald's,1955,1980,1,1935.0,1
319,W2024,anchor1,9,Revolutionary War,1775,1730,2,1770.0,1
319,W2024,anchor1,10,Reagan,1981,2000,1,1995.0,1
319,W2024,anchor1,11,Pixar,1995,1990,2,1995.0,1
197,W2024,anchor1,1,Thriller,1983,1970,1,1969.0,1
197,W2024,anchor1,2,Internet,1983,1990,1,1980.0,1
197,W2024,anchor1,3,Disneyland,1955,1920,2,1950.0,1
197,W2024,anchor1,4,Great Depression,1929,1950,1,1930.0,1
197,W2024,anchor1,5,iPhone,2007,1990,2,2004.0,1
197,W2024,anchor1,6,Firefox,2004,2010,1,2005.0,1
197,W2024,anchor1,7,Youtube,2005,1990,2,2001.0,1
197,W2024,anchor1,8,McDonald's,1955,1980,1,1968.0,1
197,W2024,anchor1,9,Revolutionary War,1775,1730,2,1812.0,1
197,W2024,anchor1,10,Reagan,1981,2000,2,1990.0,1
197,W2024,anchor1,11,Pixar,1995,1990,2,2000.0,1
552,W2024,anchor1,1,Thriller,1983,1970,2,1982.0,1
552,W2024,anchor1,2,Internet,1983,1990,1,1988.0,1
552,W2024,anchor1,3,Disneyland,1955,1920,2,1950.0,1
552,W2024,anchor1,4,Great Depression,1929,1950,1,1917.0,1
552,W2024,anchor1,5,iPhone,2007,1990,2,2004.0,1
552,W2024,anchor1,6,Firefox,2004,2010,1,2008.0,1
552,W2024,anchor1,7,Youtube,2005,1990,2,2000.0,1
552,W2024,anchor1,8,McDonald's,1955,1980,1,1970.0,1
552,W2024,anchor1,9,Revolutionary War,1775,1730,2,1776.0,1
552,W2024,anchor1,10,Reagan,1981,2000,1,1974.0,1
552,W2024,anchor1,11,Pixar,1995,1990,2,1995.0,1
124,W2024,anchor1,1,Thriller,1983,1970,2,1980.0,1
124,W2024,anchor1,2,Internet,1983,1990,1,1970.0,1
124,W2024,anchor1,3,Disneyland,1955,1920,2,1930.0,1
124,W2024,anchor1,4,Great Depression,1929,1950,2,1980.0,1
124,W2024,anchor1,5,iPhone,2007,1990,2,2001.0,1
124,W2024,anchor1,6,Firefox,2004,2010,1,2005.0,1
124,W2024,anchor1,7,Youtube,2005,1990,2,1995.0,1
124,W2024,anchor1,8,McDonald's,1955,1980,2,1991.0,1
124,W2024,anchor1,9,Revolutionary War,1775,1730,2,1748.0,1
124,W2024,anchor1,10,Reagan,1981,2000,2,2004.0,1
124,W2024,anchor1,11,Pixar,1995,1990,2,1995.0,1
302,W2024,anchor1,1,Thriller,1983,1970,2,1984.0,1
302,W2024,anchor1,2,Internet,1983,1990,2,2000.0,1
302,W2024,anchor1,3,Disneyland,1955,1920,2,1955.0,1
302,W2024,anchor1,4,Great Depression,1929,1950,1,1933.0,1
302,W2024,anchor1,5,iPhone,2007,1990,2,2005.0,1
302,W2024,anchor1,6,Firefox,2004,2010,1,2005.0,1
302,W2024,anchor1,7,Youtube,2005,1990,2,2005.0,1
302,W2024,anchor1,8,McDonald's,1955,1980,1,1970.0,1
302,W2024,anchor1,9,Revolutionary War,1775,1730,2,1774.0,1
302,W2024,anchor1,10,Reagan,1981,2000,1,1984.0,1
302,W2024,anchor1,11,Pixar,1995,1990,2,1995.0,1
379,W2024,anchor1,1,Thriller,1983,1970,2,1990.0,1
379,W2024,anchor1,2,Internet,1983,1990,1,1970.0,1
379,W2024,anchor1,3,Disneyland,1955,1920,2,1945.0,1
379,W2024,anchor1,4,Great Depression,1929,1950,1,1930.0,1
379,W2024,anchor1,5,iPhone,2007,1990,2,1993.0,1
379,W2024,anchor1,6,Firefox,2004,2010,2,2013.0,1
379,W2024,anchor1,7,Youtube,2005,1990,1,1987.0,1
379,W2024,anchor1,8,McDonald's,1955,1980,1,1950.0,1
379,W2024,anchor1,9,Revolutionary War,1775,1730,2,1745.0,1
379,W2024,anchor1,10,Reagan,1981,2000,1,1990.0,1
379,W2024,anchor1,11,Pixar,1995,1990,2,1994.0,1
150,W2024,anchor1,1,Thriller,1983,1970,2,1980.0,1
150,W2024,anchor1,2,Internet,1983,1990,1,1985.0,1
150,W2024,anchor1,3,Disneyland,1955,1920,2,1950.0,1
150,W2024,anchor1,4,Great Depression,1929,1950,1,1930.0,1
150,W2024,anchor1,5,iPhone,2007,1990,2,2008.0,1
150,W2024,anchor1,6,Firefox,2004,2010,1,2007.0,1
150,W2024,anchor1,7,Youtube,2005,1990,2,2002.0,1
150,W2024,anchor1,8,McDonald's,1955,1980,1,1940.0,1
150,W2024,anchor1,9,Revolutionary War,1775,1730,2,1776.0,1
150,W2024,anchor1,10,Reagan,1981,2000,1,1980.0,1
150,W2024,anchor1,11,Pixar,1995,1990,2,1993.0,1
300,W2024,anchor1,1,Thriller,1983,1970,2,1999.0,1
300,W2024,anchor1,2,Internet,1983,1990,2,2000.0,1
300,W2024,anchor1,3,Disneyland,1955,1920,2,1980.0,1
300,W2024,anchor1,4,Great Depression,1929,1950,1,1929.0,1
300,W2024,anchor1,5,iPhone,2007,1990,2,2006.0,1
300,W2024,anchor1,6,Firefox,2004,2010,1,2008.0,1
300,W2024,anchor1,7,Youtube,2005,1990,2,2006.0,1
300,W2024,anchor1,8,McDonald's,1955,1980,1,1969.0,1
300,W2024,anchor1,9,Revolutionary War,1775,1730,2,1747.0,1
300,W2024,anchor1,10,Reagan,1981,2000,1,1990.0,1
300,W2024,anchor1,11,Pixar,1995,1990,1,1960.0,1
541,W2024,anchor1,1,Thriller,1983,1970,2,1975.0,1
541,W2024,anchor1,2,Internet,1983,1990,1,1980.0,1
541,W2024,anchor1,3,Disneyland,1955,1920,2,1950.0,1
541,W2024,anchor1,4,Great Depression,1929,1950,1,1930.0,1
541,W2024,anchor1,5,iPhone,2007,1990,2,2005.0,1
541,W2024,anchor1,6,Firefox,2004,2010,1,2008.0,1
541,W2024,anchor1,7,Youtube,2005,1990,2,2000.0,1
541,W2024,anchor1,8,McDonald's,1955,1980,2,1985.0,1
541,W2024,anchor1,9,Revolutionary War,1775,1730,2,1780.0,1
541,W2024,anchor1,10,Reagan,1981,2000,1,1985.0,1
541,W2024,anchor1,11,Pixar,1995,1990,2,2000.0,1
44,W2024,anchor1,1,Thriller,1983,1970,2,1980.0,1
44,W2024,anchor1,2,Internet,1983,1990,1,1985.0,1
44,W2024,anchor1,3,Disneyland,1955,1920,2,1925.0,1
44,W2024,anchor1,4,Great Depression,1929,1950,1,1920.0,1
44,W2024,anchor1,5,iPhone,2007,1990,2,2001.0,1
44,W2024,anchor1,6,Firefox,2004,2010,1,2000.0,1
44,W2024,anchor1,7,Youtube,2005,1990,2,2000.0,1
44,W2024,anchor1,8,McDonald's,1955,1980,1,1975.0,1
44,W2024,anchor1,9,Revolutionary War,1775,1730,1,1710.0,1
44,W2024,anchor1,10,Reagan,1981,2000,1,1980.0,1
44,W2024,anchor1,11,Pixar,1995,1990,1,1985.0,1
75,W2024,anchor1,1,Thriller,1983,1970,2,1983.0,1
75,W2024,anchor1,2,Internet,1983,1990,2,1995.0,1
75,W2024,anchor1,3,Disneyland,1955,1920,2,1955.0,1
75,W2024,anchor1,4,Great Depression,1929,1950,2,1975.0,1
75,W2024,anchor1,5,iPhone,2007,1990,2,2008.0,1
75,W2024,anchor1,6,Firefox,2004,2010,1,2008.0,1
75,W2024,anchor1,7,Youtube,2005,1990,2,2000.0,1
75,W2024,anchor1,8,McDonald's,1955,1980,2,1990.0,1
75,W2024,anchor1,9,Revolutionary War,1775,1730,1,1560.0,1
75,W2024,anchor1,10,Reagan,1981,2000,1,1996.0,1
75,W2024,anchor1,11,Pixar,1995,1990,2,1992.0,1
482,W2024,anchor1,1,Thriller,1983,1970,2,1983.0,1
482,W2024,anchor1,2,Internet,1983,1990,2,1998.0,1
482,W2024,anchor1,3,Disneyland,1955,1920,2,1923.0,1
482,W2024,anchor1,4,Great Depression,1929,1950,1,1910.0,1
482,W2024,anchor1,5,iPhone,2007,1990,2,2008.0,1
482,W2024,anchor1,6,Firefox,2004,2010,1,2008.0,1
482,W2024,anchor1,7,Youtube,2005,1990,2,2002.0,1
482,W2024,anchor1,8,McDonald's,1955,1980,1,1950.0,1
482,W2024,anchor1,9,Revolutionary War,1775,1730,2,1770.0,1
482,W2024,anchor1,10,Reagan,1981,2000,1,1996.0,1
482,W2024,anchor1,11,Pixar,1995,1990,2,1993.0,1
91,W2024,anchor1,1,Thriller,1983,1970,2,1982.0,1
91,W2024,anchor1,2,Internet,1983,1990,2,1977.0,1
91,W2024,anchor1,3,Disneyland,1955,1920,2,1954.0,1
91,W2024,anchor1,4,Great Depression,1929,1950,1,1929.0,1
91,W2024,anchor1,5,iPhone,2007,1990,2,2007.0,1
91,W2024,anchor1,6,Firefox,2004,2010,1,2003.0,1
91,W2024,anchor1,7,Youtube,2005,1990,2,2006.0,1
91,W2024,anchor1,8,McDonald's,1955,1980,1,1962.0,1
91,W2024,anchor1,9,Revolutionary War,1775,1730,2,1776.0,1
91,W2024,anchor1,10,Reagan,1981,2000,1,1980.0,1
91,W2024,anchor1,11,Pixar,1995,1990,2,1995.0,1
23,W2024,anchor1,1,Thriller,1983,1970,2,1980.0,1
23,W2024,anchor1,2,Internet,1983,1990,1,1980.0,1
23,W2024,anchor1,3,Disneyland,1955,1920,2,1940.0,1
23,W2024,anchor1,4,Great Depression,1929,1950,1,1920.0,1
23,W2024,anchor1,5,iPhone,2007,1990,2,2000.0,1
23,W2024,anchor1,6,Firefox,2004,2010,2,2011.0,1
23,W2024,anchor1,7,Youtube,2005,1990,2,2009.0,1
23,W2024,anchor1,8,McDonald's,1955,1980,1,1970.0,1
23,W2024,anchor1,9,Revolutionary War,1775,1730,2,1750.0,1
23,W2024,anchor1,10,Reagan,1981,2000,2,2004.0,1
23,W2024,anchor1,11,Pixar,1995,1990,1,1970.0,1
499,W2024,anchor1,1,Thriller,1983,1970,2,1979.0,1
499,W2024,anchor1,2,Internet,1983,1990,2,1992.0,1
499,W2024,anchor1,3,Disneyland,1955,1920,2,1944.0,1
499,W2024,anchor1,4,Great Depression,1929,1950,1,1930.0,1
499,W2024,anchor1,5,iPhone,2007,1990,2,2010.0,1
499,W2024,anchor1,6,Firefox,2004,2010,1,2004.0,1
499,W2024,anchor1,7,Youtube,2005,1990,2,1996.0,1
499,W2024,anchor1,8,McDonald's,1955,1980,1,1965.0,1
499,W2024,anchor1,9,Revolutionary War,1775,1730,2,1776.0,1
499,W2024,anchor1,10,Reagan,1981,2000,1,1980.0,1
499,W2024,anchor1,11,Pixar,1995,1990,2,1994.0,1
171,W2024,anchor1,1,Thriller,1983,1970,2,1989.0,1
171,W2024,anchor1,2,Internet,1983,1990,2,1999.0,1
171,W2024,anchor1,3,Disneyland,1955,1920,2,1928.0,1
171,W2024,anchor1,4,Great Depression,1929,1950,1,1945.0,1
171,W2024,anchor1,5,iPhone,2007,1990,2,2005.0,1
171,W2024,anchor1,6,Firefox,2004,2010,1,2005.0,1
171,W2024,anchor1,7,Youtube,2005,1990,2,2007.0,1
171,W2024,anchor1,8,McDonald's,1955,1980,1,1970.0,1
171,W2024,anchor1,9,Revolutionary War,1775,1730,2,1974.0,1
171,W2024,anchor1,10,Reagan,1981,2000,2,2004.0,1
171,W2024,anchor1,11,Pixar,1995,1990,1,1985.0,1
210,W2024,anchor1,1,Thriller,1983,1970,2,1990.0,1
210,W2024,anchor1,2,Internet,1983,1990,2,1993.0,1
210,W2024,anchor1,3,Disneyland,1955,1920,2,1930.0,1
210,W2024,anchor1,4,Great Depression,1929,1950,1,1920.0,1
210,W2024,anchor1,5,iPhone,2007,1990,2,2000.0,1
210,W2024,anchor1,6,Firefox,2004,2010,1,2006.0,1
210,W2024,anchor1,7,Youtube,2005,1990,2,2005.0,1
210,W2024,anchor1,8,McDonald's,1955,1980,2,1985.0,1
210,W2024,anchor1,9,Revolutionary War,1775,1730,2,1776.0,1
210,W2024,anchor1,10,Reagan,1981,2000,1,1974.0,1
210,W2024,anchor1,11,Pixar,1995,1990,1,1989.0,1
434,W2024,anchor1,1,Thriller,1983,1970,2,1985.0,1
434,W2024,anchor1,2,Internet,1983,1990,1,1980.0,1
434,W2024,anchor1,3,Disneyland,1955,1920,2,1975.0,1
434,W2024,anchor1,4,Great Depression,1929,1950,1,1929.0,1
434,W2024,anchor1,5,iPhone,2007,1990,2,2005.0,1
434,W2024,anchor1,6,Firefox,2004,2010,1,1999.0,1
434,W2024,anchor1,7,Youtube,2005,1990,2,2006.0,1
434,W2024,anchor1,8,McDonald's,1955,1980,1,1960.0,1
434,W2024,anchor1,9,Revolutionary War,1775,1730,2,1776.0,1
434,W2024,anchor1,10,Reagan,1981,2000,1,1996.0,1
434,W2024,anchor1,11,Pixar,1995,1990,1,1999.0,1
504,W2024,anchor1,1,Thriller,1983,1970,2,1980.0,1
504,W2024,anchor1,2,Internet,1983,1990,2,1996.0,1
504,W2024,anchor1,3,Disneyland,1955,1920,2,1960.0,1
504,W2024,anchor1,4,Great Depression,1929,1950,2,1980.0,1
504,W2024,anchor1,5,iPhone,2007,1990,2,2010.0,1
504,W2024,anchor1,6,Firefox,2004,2010,1,2002.0,1
504,W2024,anchor1,7,Youtube,2005,1990,2,1997.0,1
504,W2024,anchor1,8,McDonald's,1955,1980,2,1989.0,1
504,W2024,anchor1,9,Revolutionary War,1775,1730,2,1800.0,1
504,W2024,anchor1,10,Reagan,1981,2000,2,2004.0,1
504,W2024,anchor1,11,Pixar,1995,1990,1,1987.0,1
350,W2024,anchor1,1,Thriller,1983,1970,2,1985.0,1
350,W2024,anchor1,2,Internet,1983,1990,1,1970.0,1
350,W2024,anchor1,3,Disneyland,1955,1920,2,1970.0,1
350,W2024,anchor1,4,Great Depression,1929,1950,1,1930.0,1
350,W2024,anchor1,5,iPhone,2007,1990,2,2004.0,1
350,W2024,anchor1,6,Firefox,2004,2010,1,1997.0,1
350,W2024,anchor1,7,Youtube,2005,1990,2,2000.0,1
350,W2024,anchor1,8,McDonald's,1955,1980,1,1970.0,1
350,W2024,anchor1,9,Revolutionary War,1775,1730,2,1850.0,1
350,W2024,anchor1,10,Reagan,1981,2000,1,1990.0,1
350,W2024,anchor1,11,Pixar,1995,1990,2,2000.0,1
222,W2024,anchor1,1,Thriller,1983,1970,2,1990.0,1
222,W2024,anchor1,2,Internet,1983,1990,1,1970.0,1
222,W2024,anchor1,3,Disneyland,1955,1920,2,2010.0,1
222,W2024,anchor1,4,Great Depression,1929,1950,2,1956.0,1
222,W2024,anchor1,5,iPhone,2007,1990,2,2006.0,1
222,W2024,anchor1,6,Firefox,2004,2010,1,2003.0,1
222,W2024,anchor1,7,Youtube,2005,1990,2,2009.0,1
222,W2024,anchor1,8,McDonald's,1955,1980,1,1967.0,1
222,W2024,anchor1,9,Revolutionary War,1775,1730,2,1973.0,1
222,W2024,anchor1,10,Reagan,1981,2000,1,1986.0,1
222,W2024,anchor1,11,Pixar,1995,1990,2,2000.0,1
45,W2024,anchor1,1,Thriller,1983,1970,2,1980.0,1
45,W2024,anchor1,2,Internet,1983,1990,2,1991.0,1
45,W2024,anchor1,3,Disneyland,1955,1920,2,1940.0,1
45,W2024,anchor1,4,Great Depression,1929,1950,1,1920.0,1
45,W2024,anchor1,5,iPhone,2007,1990,2,2009.0,1
45,W2024,anchor1,6,Firefox,2004,2010,1,2001.0,1
45,W2024,anchor1,7,Youtube,2005,1990,2,1998.0,1
45,W2024,anchor1,8,McDonald's,1955,1980,2,1985.0,1
45,W2024,anchor1,9,Revolutionary War,1775,1730,2,1746.0,1
45,W2024,anchor1,10,Reagan,1981,2000,1,1992.0,1
45,W2024,anchor1,11,Pixar,1995,1990,1,1989.0,1
128,W2024,anchor1,1,Thriller,1983,1970,2,1980.0,1
128,W2024,anchor1,2,Internet,1983,1990,1,1980.0,1
128,W2024,anchor1,3,Disneyland,1955,1920,2,1980.0,1
128,W2024,anchor1,4,Great Depression,1929,1950,1,1890.0,1
128,W2024,anchor1,5,iPhone,2007,1990,1,1980.0,1
128,W2024,anchor1,6,Firefox,2004,2010,1,2000.0,1
128,W2024,anchor1,7,Youtube,2005,1990,2,2000.0,1
128,W2024,anchor1,8,McDonald's,1955,1980,2,1990.0,1
128,W2024,anchor1,9,Revolutionary War,1775,1730,2,1800.0,1
128,W2024,anchor1,10,Reagan,1981,2000,1,1960.0,1
128,W2024,anchor1,11,Pixar,1995,1990,1,1960.0,1
19,W2024,anchor1,1,Thriller,1983,1970,2,1985.0,1
19,W2024,anchor1,2,Internet,1983,1990,1,1989.0,1
19,W2024,anchor1,3,Disneyland,1955,1920,2,1950.0,1
19,W2024,anchor1,4,Great Depression,1929,1950,1,1930.0,1
19,W2024,anchor1,5,iPhone,2007,1990,2,2007.0,1
19,W2024,anchor1,6,Firefox,2004,2010,2,2011.0,1
19,W2024,anchor1,7,Youtube,2005,1990,2,2000.0,1
19,W2024,anchor1,8,McDonald's,1955,1980,1,1960.0,1
19,W2024,anchor1,9,Revolutionary War,1775,1730,2,1780.0,1
19,W2024,anchor1,10,Reagan,1981,2000,1,1990.0,1
19,W2024,anchor1,11,Pixar,1995,1990,1,1988.0,1
182,W2024,anchor1,1,Thriller,1983,1970,2,1994.0,1
182,W2024,anchor1,2,Internet,1983,1990,1,1970.0,1
182,W2024,anchor1,3,Disneyland,1955,1920,2,1930.0,1
182,W2024,anchor1,4,Great Depression,1929,1950,1,1920.0,1
182,W2024,anchor1,5,iPhone,2007,1990,2,2004.0,1
182,W2024,anchor1,6,Firefox,2004,2010,1,1995.0,1
182,W2024,anchor1,7,Youtube,2005,1990,2,1995.0,1
182,W2024,anchor1,8,McDonald's,1955,1980,1,1930.0,1
182,W2024,anchor1,9,Revolutionary War,1775,1730,2,1764.0,1
182,W2024,anchor1,10,Reagan,1981,2000,1,1965.0,1
182,W2024,anchor1,11,Pixar,1995,1990,1,1987.0,1
399,W2024,anchor1,1,Thriller,1983,1970,2,1982.0,1
399,W2024,anchor1,2,Internet,1983,1990,1,1980.0,1
399,W2024,anchor1,3,Disneyland,1955,1920,2,1960.0,1
399,W2024,anchor1,4,Great Depression,1929,1950,1,1941.0,1
399,W2024,anchor1,5,iPhone,2007,1990,2,2005.0,1
399,W2024,anchor1,6,Firefox,2004,2010,1,2009.0,1
399,W2024,anchor1,7,Youtube,2005,1990,2,2010.0,1
399,W2024,anchor1,8,McDonald's,1955,1980,1,1940.0,1
399,W2024,anchor1,9,Revolutionary War,1775,1730,1,1630.0,1
399,W2024,anchor1,10,Reagan,1981,2000,1,1980.0,1
399,W2024,anchor1,11,Pixar,1995,1990,2,1996.0,1
157,W2024,anchor1,1,Thriller,1983,1970,2,1973.0,1
157,W2024,anchor1,2,Internet,1983,1990,2,2000.0,1
157,W2024,anchor1,3,Disneyland,1955,1920,2,1930.0,1
157,W2024,anchor1,4,Great Depression,1929,1950,1,1929.0,1
157,W2024,anchor1,5,iPhone,2007,1990,2,1997.0,1
157,W2024,anchor1,6,Firefox,2004,2010,1,2006.0,1
157,W2024,anchor1,7,Youtube,2005,1990,2,2003.0,1
157,W2024,anchor1,8,McDonald's,1955,1980,1,1967.0,1
157,W2024,anchor1,9,Revolutionary War,1775,1730,2,1780.0,1
157,W2024,anchor1,10,Reagan,1981,2000,1,1996.0,1
157,W2024,anchor1,11,Pixar,1995,1990,1,1987.0,1
478,W2024,anchor1,1,Thriller,1983,1970,2,1980.0,1
478,W2024,anchor1,2,Internet,1983,1990,1,1980.0,1
478,W2024,anchor1,3,Disneyland,1955,1920,2,1930.0,1
478,W2024,anchor1,4,Great Depression,1929,1950,1,1930.0,1
478,W2024,anchor1,5,iPhone,2007,1990,2,2009.0,1
478,W2024,anchor1,6,Firefox,2004,2010,1,1990.0,1
478,W2024,anchor1,7,Youtube,2005,1990,2,2005.0,1
478,W2024,anchor1,8,McDonald's,1955,1980,1,1950.0,1
478,W2024,anchor1,9,Revolutionary War,1775,1730,2,1770.0,1
478,W2024,anchor1,10,Reagan,1981,2000,1,1990.0,1
478,W2024,anchor1,11,Pixar,1995,1990,2,2000.0,1
121,W2024,anchor1,1,Thriller,1983,1970,2,1989.0,1
121,W2024,anchor1,2,Internet,1983,1990,2,1994.0,1
121,W2024,anchor1,3,Disneyland,1955,1920,1,1920.0,1
121,W2024,anchor1,4,Great Depression,1929,1950,1,1940.0,1
121,W2024,anchor1,5,iPhone,2007,1990,2,2009.0,1
121,W2024,anchor1,6,Firefox,2004,2010,1,2006.0,1
121,W2024,anchor1,7,Youtube,2005,1990,2,2008.0,1
121,W2024,anchor1,8,McDonald's,1955,1980,1,1940.0,1
121,W2024,anchor1,9,Revolutionary War,1775,1730,2,1776.0,1
121,W2024,anchor1,10,Reagan,1981,2000,1,1990.0,1
121,W2024,anchor1,11,Pixar,1995,1990,2,2003.0,1
81,W2024,anchor1,1,Thriller,1983,1970,2,1980.0,1
81,W2024,anchor1,2,Internet,1983,1990,2,1995.0,1
81,W2024,anchor1,3,Disneyland,1955,1920,2,1960.0,1
81,W2024,anchor1,4,Great Depression,1929,1950,1,1920.0,1
81,W2024,anchor1,5,iPhone,2007,1990,2,2005.0,1
81,W2024,anchor1,6,Firefox,2004,2010,1,2008.0,1
81,W2024,anchor1,7,Youtube,2005,1990,2,2005.0,1
81,W2024,anchor1,8,McDonald's,1955,1980,1,1960.0,1
81,W2024,anchor1,9,Revolutionary War,1775,1730,2,1776.0,1
81,W2024,anchor1,10,Reagan,1981,2000,1,1980.0,1
81,W2024,anchor1,11,Pixar,1995,1990,2,1999.0,1
37,W2024,anchor1,1,Thriller,1983,1970,2,1975.0,1
37,W2024,anchor1,2,Internet,1983,1990,1,1987.0,1
37,W2024,anchor1,3,Disneyland,1955,1920,2,1940.0,1
37,W2024,anchor1,4,Great Depression,1929,1950,2,1960.0,1
37,W2024,anchor1,5,iPhone,2007,1990,2,2002.0,1
37,W2024,anchor1,6,Firefox,2004,2010,1,2008.0,1
37,W2024,anchor1,7,Youtube,2005,1990,2,2000.0,1
37,W2024,anchor1,8,McDonald's,1955,1980,1,1960.0,1
37,W2024,anchor1,9,Revolutionary War,1775,1730,2,1736.0,1
37,W2024,anchor1,10,Reagan,1981,2000,2,2004.0,1
37,W2024,anchor1,11,Pixar,1995,1990,1,1985.0,1
487,W2024,anchor1,1,Thriller,1983,1970,2,1990.0,1
487,W2024,anchor1,2,Internet,1983,1990,1,1980.0,1
487,W2024,anchor1,3,Disneyland,1955,1920,2,1950.0,1
487,W2024,anchor1,4,Great Depression,1929,1950,1,1920.0,1
487,W2024,anchor1,5,iPhone,2007,1990,2,2000.0,1
487,W2024,anchor1,6,Firefox,2004,2010,1,2001.0,1
487,W2024,anchor1,7,Youtube,2005,1990,2,2002.0,1
487,W2024,anchor1,8,McDonald's,1955,1980,1,1970.0,1
487,W2024,anchor1,9,Revolutionary War,1775,1730,2,1800.0,1
487,W2024,anchor1,10,Reagan,1981,2000,1,1990.0,1
487,W2024,anchor1,11,Pixar,1995,1990,2,1999.0,1
86,W2024,anchor1,1,Thriller,1983,1970,2,1980.0,1
86,W2024,anchor1,2,Internet,1983,1990,2,1991.0,1
86,W2024,anchor1,3,Disneyland,1955,1920,2,1925.0,1
86,W2024,anchor1,4,Great Depression,1929,1950,1,1930.0,1
86,W2024,anchor1,5,iPhone,2007,1990,2,1995.0,1
86,W2024,anchor1,6,Firefox,2004,2010,1,2004.0,1
86,W2024,anchor1,7,Youtube,2005,1990,2,2003.0,1
86,W2024,anchor1,8,McDonald's,1955,1980,1,1960.0,1
86,W2024,anchor1,9,Revolutionary War,1775,1730,2,1731.0,1
86,W2024,anchor1,10,Reagan,1981,2000,1,1970.0,1
86,W2024,anchor1,11,Pixar,1995,1990,1,1950.0,1
374,W2024,anchor1,1,Thriller,1983,1970,2,1998.0,1
374,W2024,anchor1,2,Internet,1983,1990,1,1970.0,1
374,W2024,anchor1,3,Disneyland,1955,1920,2,1960.0,1
374,W2024,anchor1,4,Great Depression,1929,1950,1,1943.0,1
374,W2024,anchor1,5,iPhone,2007,1990,2,2007.0,1
374,W2024,anchor1,6,Firefox,2004,2010,1,2009.0,1
374,W2024,anchor1,7,Youtube,2005,1990,2,2004.0,1
374,W2024,anchor1,8,McDonald's,1955,1980,1,1943.0,1
374,W2024,anchor1,9,Revolutionary War,1775,1730,2,1780.0,1
374,W2024,anchor1,10,Reagan,1981,2000,1,1965.0,1
374,W2024,anchor1,11,Pixar,1995,1990,2,1992.0,1
264,W2024,anchor1,1,Thriller,1983,1970,2,1988.0,1
264,W2024,anchor1,2,Internet,1983,1990,1,1988.0,1
264,W2024,anchor1,3,Disneyland,1955,1920,2,1930.0,1
264,W2024,anchor1,4,Great Depression,1929,1950,1,1948.0,1
264,W2024,anchor1,5,iPhone,2007,1990,2,1994.0,1
264,W2024,anchor1,6,Firefox,2004,2010,1,2005.0,1
264,W2024,anchor1,7,Youtube,2005,1990,2,1992.0,1
264,W2024,anchor1,8,McDonald's,1955,1980,2,1983.0,1
264,W2024,anchor1,9,Revolutionary War,1775,1730,2,1735.0,1
264,W2024,anchor1,10,Reagan,1981,2000,1,1996.0,1
264,W2024,anchor1,11,Pixar,1995,1990,2,1991.0,1
100,W2024,anchor1,1,Thriller,1983,1970,2,1987.0,1
100,W2024,anchor1,2,Internet,1983,1990,2,1995.0,1
100,W2024,anchor1,3,Disneyland,1955,1920,2,1958.0,1
100,W2024,anchor1,4,Great Depression,1929,1950,1,1910.0,1
100,W2024,anchor1,5,iPhone,2007,1990,2,2006.0,1
100,W2024,anchor1,6,Firefox,2004,2010,1,2005.0,1
100,W2024,anchor1,7,Youtube,2005,1990,2,2005.0,1
100,W2024,anchor1,8,McDonald's,1955,1980,1,1955.0,1
100,W2024,anchor1,9,Revolutionary War,1775,1730,2,1750.0,1
100,W2024,anchor1,10,Reagan,1981,2000,1,1955.0,1
100,W2024,anchor1,11,Pixar,1995,1990,2,1995.0,1
140,W2024,anchor1,1,Thriller,1983,1970,2,1992.0,1
140,W2024,anchor1,2,Internet,1983,1990,1,1980.0,1
140,W2024,anchor1,3,Disneyland,1955,1920,2,1977.0,1
140,W2024,anchor1,4,Great Depression,1929,1950,1,1941.0,1
140,W2024,anchor1,5,iPhone,2007,1990,2,2001.0,1
140,W2024,anchor1,6,Firefox,2004,2010,2,2012.0,1
140,W2024,anchor1,7,Youtube,2005,1990,2,2007.0,1
140,W2024,anchor1,8,McDonald's,1955,1980,1,1977.0,1
140,W2024,anchor1,9,Revolutionary War,1775,1730,2,1780.0,1
140,W2024,anchor1,10,Reagan,1981,2000,2,2002.0,1
140,W2024,anchor1,11,Pixar,1995,1990,1,1987.0,1
316,W2024,anchor1,1,Thriller,1983,1970,2,2003.0,1
316,W2024,anchor1,2,Internet,1983,1990,2,2000.0,1
316,W2024,anchor1,3,Disneyland,1955,1920,2,1950.0,1
316,W2024,anchor1,4,Great Depression,1929,1950,1,1920.0,1
316,W2024,anchor1,5,iPhone,2007,1990,2,2005.0,1
316,W2024,anchor1,6,Firefox,2004,2010,2,2013.0,1
316,W2024,anchor1,7,Youtube,2005,1990,2,2000.0,1
316,W2024,anchor1,8,McDonald's,1955,1980,1,1950.0,1
316,W2024,anchor1,9,Revolutionary War,1775,1730,1,1600.0,1
316,W2024,anchor1,10,Reagan,1981,2000,1,1990.0,1
316,W2024,anchor1,11,Pixar,1995,1990,1,1960.0,1
282,W2024,anchor1,1,Thriller,1983,1970,2,1980.0,1
282,W2024,anchor1,2,Internet,1983,1990,2,2000.0,1
282,W2024,anchor1,3,Disneyland,1955,1920,2,1950.0,1
282,W2024,anchor1,4,Great Depression,1929,1950,1,1920.0,1
282,W2024,anchor1,5,iPhone,2007,1990,2,2000.0,1
282,W2024,anchor1,6,Firefox,2004,2010,1,2004.0,1
282,W2024,anchor1,7,Youtube,2005,1990,2,2000.0,1
282,W2024,anchor1,8,McDonald's,1955,1980,1,1948.0,1
282,W2024,anchor1,9,Revolutionary War,1775,1730,2,1775.0,1
282,W2024,anchor1,10,Reagan,1981,2000,1,1981.0,1
282,W2024,anchor1,11,Pixar,1995,1990,2,2000.0,1
458,W2024,anchor2,1,Thriller,1983,1990,1,1983.0,2
458,W2024,anchor2,2,Internet,1983,1960,1,1983.0,2
458,W2024,anchor2,3,Disneyland,1955,1980,1,1955.0,2
458,W2024,anchor2,4,Great Depression,1929,1910,1,1929.0,2
458,W2024,anchor2,5,iPhone,2007,2010,1,2007.0,2
458,W2024,anchor2,6,Firefox,2004,1970,1,2002.0,2
458,W2024,anchor2,7,Youtube,2005,2010,1,2005.0,2
458,W2024,anchor2,8,McDonald's,1955,1920,1,1955.0,2
458,W2024,anchor2,9,Revolutionary War,1775,1820,1,1775.0,2
458,W2024,anchor2,10,Reagan,1981,1960,1,1981.0,2
458,W2024,anchor2,11,Pixar,1995,2000,1,1995.0,2
198,W2024,anchor2,1,Thriller,1983,1990,1,1980.0,1
198,W2024,anchor2,2,Internet,1983,1960,2,1975.0,1
198,W2024,anchor2,3,Disneyland,1955,1980,1,1930.0,1
198,W2024,anchor2,4,Great Depression,1929,1910,2,1920.0,1
198,W2024,anchor2,5,iPhone,2007,2010,1,2003.0,1
198,W2024,anchor2,6,Firefox,2004,1970,2,1990.0,1
198,W2024,anchor2,7,Youtube,2005,2010,1,2003.0,1
198,W2024,anchor2,8,McDonald's,1955,1920,2,1950.0,1
198,W2024,anchor2,9,Revolutionary War,1775,1820,1,1800.0,1
198,W2024,anchor2,10,Reagan,1981,1960,2,1975.0,1
198,W2024,anchor2,11,Pixar,1995,2000,1,1998.0,1
131,W2024,anchor2,1,Thriller,1983,1990,1,1986.0,1
131,W2024,anchor2,2,Internet,1983,1960,2,1978.0,1
131,W2024,anchor2,3,Disneyland,1955,1980,2,2000.0,1
131,W2024,anchor2,4,Great Depression,1929,1910,2,1920.0,1
131,W2024,anchor2,5,iPhone,2007,2010,1,2008.0,1
131,W2024,anchor2,6,Firefox,2004,1970,2,2009.0,1
131,W2024,anchor2,7,Youtube,2005,2010,1,2008.0,1
131,W2024,anchor2,8,McDonald's,1955,1920,2,1996.0,1
131,W2024,anchor2,9,Revolutionary War,1775,1820,1,1776.0,1
131,W2024,anchor2,10,Reagan,1981,1960,2,1981.0,1
131,W2024,anchor2,11,Pixar,1995,2000,1,1993.0,1
562,W2024,anchor2,1,Thriller,1983,1990,2,1995.0,1
562,W2024,anchor2,2,Internet,1983,1960,2,1990.0,1
562,W2024,anchor2,3,Disneyland,1955,1980,1,1960.0,1
562,W2024,anchor2,4,Great Depression,1929,1910,2,1920.0,1
562,W2024,anchor2,5,iPhone,2007,2010,2,2012.0,1
562,W2024,anchor2,6,Firefox,2004,1970,2,1995.0,1
562,W2024,anchor2,7,Youtube,2005,2010,1,2005.0,1
562,W2024,anchor2,8,McDonald's,1955,1920,2,1950.0,1
562,W2024,anchor2,9,Revolutionary War,1775,1820,1,1776.0,1
562,W2024,anchor2,10,Reagan,1981,1960,2,1970.0,1
562,W2024,anchor2,11,Pixar,1995,2000,2,2003.0,1
174,W2024,anchor2,1,Thriller,1983,1990,1,1989.0,1
174,W2024,anchor2,2,Internet,1983,1960,2,1979.0,1
174,W2024,anchor2,3,Disneyland,1955,1980,1,1920.0,1
174,W2024,anchor2,4,Great Depression,1929,1910,2,1930.0,1
174,W2024,anchor2,5,iPhone,2007,2010,1,2008.0,1
174,W2024,anchor2,6,Firefox,2004,1970,2,1985.0,1
174,W2024,anchor2,7,Youtube,2005,2010,1,2007.0,1
174,W2024,anchor2,8,McDonald's,1955,1920,2,1950.0,1
174,W2024,anchor2,9,Revolutionary War,1775,1820,1,1786.0,1
174,W2024,anchor2,10,Reagan,1981,1960,2,1975.0,1
174,W2024,anchor2,11,Pixar,1995,2000,1,1998.0,1
494,W2024,anchor2,1,Thriller,1983,1990,1,1982.0,1
494,W2024,anchor2,2,Internet,1983,1960,2,1985.0,1
494,W2024,anchor2,3,Disneyland,1955,1980,1,1950.0,1
494,W2024,anchor2,4,Great Depression,1929,1910,2,1929.0,1
494,W2024,anchor2,5,iPhone,2007,2010,1,2007.0,1
494,W2024,anchor2,6,Firefox,2004,1970,2,1985.0,1
494,W2024,anchor2,7,Youtube,2005,2010,1,2007.0,1
494,W2024,anchor2,8,McDonald's,1955,1920,2,1950.0,1
494,W2024,anchor2,9,Revolutionary War,1775,1820,1,1775.0,1
494,W2024,anchor2,10,Reagan,1981,1960,2,1981.0,1
494,W2024,anchor2,11,Pixar,1995,2000,1,1995.0,1
395,W2024,anchor2,1,Thriller,1983,1990,1,1984.0,1
395,W2024,anchor2,2,Internet,1983,1960,2,1982.0,1
395,W2024,anchor2,3,Disneyland,1955,1980,1,1974.0,1
395,W2024,anchor2,4,Great Depression,1929,1910,2,1927.0,1
395,W2024,anchor2,5,iPhone,2007,2010,1,2003.0,1
395,W2024,anchor2,6,Firefox,2004,1970,1,1963.0,1
395,W2024,anchor2,7,Youtube,2005,2010,1,2000.0,1
395,W2024,anchor2,8,McDonald's,1955,1920,2,1975.0,1
395,W2024,anchor2,9,Revolutionary War,1775,1820,2,1780.0,1
395,W2024,anchor2,10,Reagan,1981,1960,1,1942.0,1
395,W2024,anchor2,11,Pixar,1995,2000,1,1996.0,1
339,W2024,anchor2,1,Thriller,1983,1990,2,1995.0,1
339,W2024,anchor2,2,Internet,1983,1960,1,1950.0,1
339,W2024,anchor2,3,Disneyland,1955,1980,1,1970.0,1
339,W2024,anchor2,4,Great Depression,1929,1910,2,1930.0,1
339,W2024,anchor2,5,iPhone,2007,2010,1,2009.0,1
339,W2024,anchor2,6,Firefox,2004,1970,2,1995.0,1
339,W2024,anchor2,7,Youtube,2005,2010,1,2005.0,1
339,W2024,anchor2,8,McDonald's,1955,1920,2,1950.0,1
339,W2024,anchor2,9,Revolutionary War,1775,1820,1,1800.0,1
339,W2024,anchor2,10,Reagan,1981,1960,2,1970.0,1
339,W2024,anchor2,11,Pixar,1995,2000,1,1990.0,1
137,W2024,anchor2,1,Thriller,1983,1990,1,1980.0,1
137,W2024,anchor2,2,Internet,1983,1960,2,1985.0,1
137,W2024,anchor2,3,Disneyland,1955,1980,2,1986.0,1
137,W2024,anchor2,4,Great Depression,1929,1910,2,1931.0,1
137,W2024,anchor2,5,iPhone,2007,2010,1,2004.0,1
137,W2024,anchor2,6,Firefox,2004,1970,2,2004.0,1
137,W2024,anchor2,7,Youtube,2005,2010,1,2002.0,1
137,W2024,anchor2,8,McDonald's,1955,1920,1,1970.0,1
137,W2024,anchor2,9,Revolutionary War,1775,1820,1,1775.0,1
137,W2024,anchor2,10,Reagan,1981,1960,2,1987.0,1
137,W2024,anchor2,11,Pixar,1995,2000,1,1998.0,1
382,W2024,anchor2,1,Thriller,1983,1990,2,1993.0,1
382,W2024,anchor2,2,Internet,1983,1960,2,1965.0,1
382,W2024,anchor2,3,Disneyland,1955,1980,1,1976.0,1
382,W2024,anchor2,4,Great Depression,1929,1910,2,1929.0,1
382,W2024,anchor2,5,iPhone,2007,2010,1,2009.0,1
382,W2024,anchor2,6,Firefox,2004,1970,2,1980.0,1
382,W2024,anchor2,7,Youtube,2005,2010,1,2005.0,1
382,W2024,anchor2,8,McDonald's,1955,1920,2,1950.0,1
382,W2024,anchor2,9,Revolutionary War,1775,1820,1,1776.0,1
382,W2024,anchor2,10,Reagan,1981,1960,2,1970.0,1
382,W2024,anchor2,11,Pixar,1995,2000,1,1990.0,1
276,W2024,anchor2,1,Thriller,1983,1990,1,1982.0,1
276,W2024,anchor2,2,Internet,1983,1960,2,1969.0,1
276,W2024,anchor2,3,Disneyland,1955,1980,1,1965.0,1
276,W2024,anchor2,4,Great Depression,1929,1910,2,1930.0,1
276,W2024,anchor2,5,iPhone,2007,2010,1,2005.0,1
276,W2024,anchor2,6,Firefox,2004,1970,2,2002.0,1
276,W2024,anchor2,7,Youtube,2005,2010,1,2008.0,1
276,W2024,anchor2,8,McDonald's,1955,1920,2,1950.0,1
276,W2024,anchor2,9,Revolutionary War,1775,1820,1,1776.0,1
276,W2024,anchor2,10,Reagan,1981,1960,2,1975.0,1
276,W2024,anchor2,11,Pixar,1995,2000,1,1998.0,1
129,W2024,anchor2,1,Thriller,1983,1990,2,1994.0,1
129,W2024,anchor2,2,Internet,1983,1960,2,1995.0,1
129,W2024,anchor2,3,Disneyland,1955,1980,2,1982.0,1
129,W2024,anchor2,4,Great Depression,1929,1910,2,1920.0,1
129,W2024,anchor2,5,iPhone,2007,2010,1,2008.0,1
129,W2024,anchor2,6,Firefox,2004,1970,2,2002.0,1
129,W2024,anchor2,7,Youtube,2005,2010,1,2008.0,1
129,W2024,anchor2,8,McDonald's,1955,1920,2,1922.0,1
129,W2024,anchor2,9,Revolutionary War,1775,1820,2,1830.0,1
129,W2024,anchor2,10,Reagan,1981,1960,2,1992.0,1
129,W2024,anchor2,11,Pixar,1995,2000,1,1995.0,1
89,W2024,anchor2,1,Thriller,1983,1990,1,1985.0,1
89,W2024,anchor2,2,Internet,1983,1960,2,1993.0,1
89,W2024,anchor2,3,Disneyland,1955,1980,2,1993.0,1
89,W2024,anchor2,4,Great Depression,1929,1910,2,1920.0,1
89,W2024,anchor2,5,iPhone,2007,2010,1,2003.0,1
89,W2024,anchor2,6,Firefox,2004,1970,2,2001.0,1
89,W2024,anchor2,7,Youtube,2005,2010,1,2002.0,1
89,W2024,anchor2,8,McDonald's,1955,1920,2,1940.0,1
89,W2024,anchor2,9,Revolutionary War,1775,1820,1,1774.0,1
89,W2024,anchor2,10,Reagan,1981,1960,2,1985.0,1
89,W2024,anchor2,11,Pixar,1995,2000,2,2001.0,1
333,W2024,anchor2,1,Thriller,1983,1990,1,1980.0,1
333,W2024,anchor2,2,Internet,1983,1960,2,1970.0,1
333,W2024,anchor2,3,Disneyland,1955,1980,1,1960.0,1
333,W2024,anchor2,4,Great Depression,1929,1910,2,1940.0,1
333,W2024,anchor2,5,iPhone,2007,2010,1,2009.0,1
333,W2024,anchor2,6,Firefox,2004,1970,2,1990.0,1
333,W2024,anchor2,7,Youtube,2005,2010,1,2005.0,1
333,W2024,anchor2,8,McDonald's,1955,1920,2,1970.0,1
333,W2024,anchor2,9,Revolutionary War,1775,1820,1,1870.0,1
333,W2024,anchor2,10,Reagan,1981,1960,2,1965.0,1
333,W2024,anchor2,11,Pixar,1995,2000,1,1990.0,1
352,W2024,anchor2,1,Thriller,1983,1990,1,1985.0,1
352,W2024,anchor2,2,Internet,1983,1960,2,1990.0,1
352,W2024,anchor2,3,Disneyland,1955,1980,1,1960.0,1
352,W2024,anchor2,4,Great Depression,1929,1910,2,1920.0,1
352,W2024,anchor2,5,iPhone,2007,2010,1,2006.0,1
352,W2024,anchor2,6,Firefox,2004,1970,2,1980.0,1
352,W2024,anchor2,7,Youtube,2005,2010,1,2000.0,1
352,W2024,anchor2,8,McDonald's,1955,1920,2,1940.0,1
352,W2024,anchor2,9,Revolutionary War,1775,1820,1,1770.0,1
352,W2024,anchor2,10,Reagan,1981,1960,2,1970.0,1
352,W2024,anchor2,11,Pixar,1995,2000,1,1995.0,1
244,W2024,anchor2,1,Thriller,1983,1990,2,1995.0,1
244,W2024,anchor2,2,Internet,1983,1960,2,2000.0,1
244,W2024,anchor2,3,Disneyland,1955,1980,1,1970.0,1
244,W2024,anchor2,4,Great Depression,1929,1910,1,1930.0,1
244,W2024,anchor2,5,iPhone,2007,2010,1,2007.0,1
244,W2024,anchor2,6,Firefox,2004,1970,2,2000.0,1
244,W2024,anchor2,7,Youtube,2005,2010,1,2002.0,1
244,W2024,anchor2,8,McDonald's,1955,1920,2,1930.0,1
244,W2024,anchor2,9,Revolutionary War,1775,1820,1,1770.0,1
244,W2024,anchor2,10,Reagan,1981,1960,2,1976.0,1
244,W2024,anchor2,11,Pixar,1995,2000,1,1990.0,1
349,W2024,anchor2,1,Thriller,1983,1990,1,1988.0,1
349,W2024,anchor2,2,Internet,1983,1960,2,1999.0,1
349,W2024,anchor2,3,Disneyland,1955,1980,2,2005.0,1
349,W2024,anchor2,4,Great Depression,1929,1910,2,1920.0,1
349,W2024,anchor2,5,iPhone,2007,2010,1,2002.0,1
349,W2024,anchor2,6,Firefox,2004,1970,2,2000.0,1
349,W2024,anchor2,7,Youtube,2005,2010,1,2004.0,1
349,W2024,anchor2,8,McDonald's,1955,1920,2,1980.0,1
349,W2024,anchor2,9,Revolutionary War,1775,1820,1,1814.0,1
349,W2024,anchor2,10,Reagan,1981,1960,2,1985.0,1
349,W2024,anchor2,11,Pixar,1995,2000,2,2009.0,1
384,W2024,anchor2,1,Thriller,1983,1990,2,1992.0,1
384,W2024,anchor2,2,Internet,1983,1960,1,1954.0,1
384,W2024,anchor2,3,Disneyland,1955,1980,2,1981.0,1
384,W2024,anchor2,4,Great Depression,1929,1910,2,1912.0,1
384,W2024,anchor2,5,iPhone,2007,2010,1,2008.0,1
384,W2024,anchor2,6,Firefox,2004,1970,2,1980.0,1
384,W2024,anchor2,7,Youtube,2005,2010,1,2006.0,1
384,W2024,anchor2,8,McDonald's,1955,1920,1,1919.0,1
384,W2024,anchor2,9,Revolutionary War,1775,1820,1,1812.0,1
384,W2024,anchor2,10,Reagan,1981,1960,2,1962.0,1
384,W2024,anchor2,11,Pixar,1995,2000,2,2003.0,1
180,W2024,anchor2,1,Thriller,1983,1990,1,1985.0,1
180,W2024,anchor2,2,Internet,1983,1960,2,1980.0,1
180,W2024,anchor2,3,Disneyland,1955,1980,1,1975.0,1
180,W2024,anchor2,4,Great Depression,1929,1910,2,1930.0,1
180,W2024,anchor2,5,iPhone,2007,2010,1,2006.0,1
180,W2024,anchor2,6,Firefox,2004,1970,2,1990.0,1
180,W2024,anchor2,7,Youtube,2005,2010,1,2000.0,1
180,W2024,anchor2,8,McDonald's,1955,1920,2,1960.0,1
180,W2024,anchor2,9,Revolutionary War,1775,1820,1,1770.0,1
180,W2024,anchor2,10,Reagan,1981,1960,2,1980.0,1
180,W2024,anchor2,11,Pixar,1995,2000,2,2001.0,1
303,W2024,anchor2,1,Thriller,1983,1990,1,1960.0,1
303,W2024,anchor2,2,Internet,1983,1960,2,1983.0,1
303,W2024,anchor2,3,Disneyland,1955,1980,1,1930.0,1
303,W2024,anchor2,4,Great Depression,1929,1910,1,1900.0,1
303,W2024,anchor2,5,iPhone,2007,2010,1,2001.0,1
303,W2024,anchor2,6,Firefox,2004,1970,2,2018.0,1
303,W2024,anchor2,7,Youtube,2005,2010,2,2011.0,1
303,W2024,anchor2,8,McDonald's,1955,1920,2,1980.0,1
303,W2024,anchor2,9,Revolutionary War,1775,1820,1,1983.0,1
303,W2024,anchor2,10,Reagan,1981,1960,1,1940.0,1
303,W2024,anchor2,11,Pixar,1995,2000,1,2001.0,1
387,W2024,anchor2,1,Thriller,1983,1990,2,1998.0,1
387,W2024,anchor2,2,Internet,1983,1960,2,1973.0,1
387,W2024,anchor2,3,Disneyland,1955,1980,1,1965.0,1
387,W2024,anchor2,4,Great Depression,1929,1910,2,1930.0,1
387,W2024,anchor2,5,iPhone,2007,2010,1,2008.0,1
387,W2024,anchor2,6,Firefox,2004,1970,2,1980.0,1
387,W2024,anchor2,7,Youtube,2005,2010,1,2006.0,1
387,W2024,anchor2,8,McDonald's,1955,1920,2,1942.0,1
387,W2024,anchor2,9,Revolutionary War,1775,1820,1,1763.0,1
387,W2024,anchor2,10,Reagan,1981,1960,2,1963.0,1
387,W2024,anchor2,11,Pixar,1995,2000,1,1999.0,1
310,W2024,anchor2,1,Thriller,1983,1990,1,1980.0,1
310,W2024,anchor2,2,Internet,1983,1960,2,1965.0,1
310,W2024,anchor2,3,Disneyland,1955,1980,1,1923.0,1
310,W2024,anchor2,4,Great Depression,1929,1910,2,1920.0,1
310,W2024,anchor2,5,iPhone,2007,2010,1,2005.0,1
310,W2024,anchor2,6,Firefox,2004,1970,2,2003.0,1
310,W2024,anchor2,7,Youtube,2005,2010,1,2000.0,1
310,W2024,anchor2,8,McDonald's,1955,1920,2,1950.0,1
310,W2024,anchor2,9,Revolutionary War,1775,1820,2,1836.0,1
310,W2024,anchor2,10,Reagan,1981,1960,2,1984.0,1
310,W2024,anchor2,11,Pixar,1995,2000,1,1986.0,1
311,W2024,anchor2,1,Thriller,1983,1990,1,1981.0,1
311,W2024,anchor2,2,Internet,1983,1960,2,1985.0,1
311,W2024,anchor2,3,Disneyland,1955,1980,1,1959.0,1
311,W2024,anchor2,4,Great Depression,1929,1910,2,1929.0,1
311,W2024,anchor2,5,iPhone,2007,2010,1,2007.0,1
311,W2024,anchor2,6,Firefox,2004,1970,2,1993.0,1
311,W2024,anchor2,7,Youtube,2005,2010,1,2005.0,1
311,W2024,anchor2,8,McDonald's,1955,1920,2,1962.0,1
311,W2024,anchor2,9,Revolutionary War,1775,1820,1,1778.0,1
311,W2024,anchor2,10,Reagan,1981,1960,2,1980.0,1
311,W2024,anchor2,11,Pixar,1995,2000,1,1995.0,1
158,W2024,anchor2,1,Thriller,1983,1990,2,1991.0,1
158,W2024,anchor2,2,Internet,1983,1960,1,1955.0,1
158,W2024,anchor2,3,Disneyland,1955,1980,2,1982.0,1
158,W2024,anchor2,4,Great Depression,1929,1910,2,1920.0,1
158,W2024,anchor2,5,iPhone,2007,2010,1,2007.0,1
158,W2024,anchor2,6,Firefox,2004,1970,2,1985.0,1
158,W2024,anchor2,7,Youtube,2005,2010,1,2005.0,1
158,W2024,anchor2,8,McDonald's,1955,1920,2,1942.0,1
158,W2024,anchor2,9,Revolutionary War,1775,1820,1,1772.0,1
158,W2024,anchor2,10,Reagan,1981,1960,2,1961.0,1
158,W2024,anchor2,11,Pixar,1995,2000,1,1999.0,1
138,W2024,anchor2,1,Thriller,1983,1990,2,1998.0,1
138,W2024,anchor2,2,Internet,1983,1960,2,1984.0,1
138,W2024,anchor2,3,Disneyland,1955,1980,1,1950.0,1
138,W2024,anchor2,4,Great Depression,1929,1910,2,1935.0,1
138,W2024,anchor2,5,iPhone,2007,2010,1,2006.0,1
138,W2024,anchor2,6,Firefox,2004,1970,2,1994.0,1
138,W2024,anchor2,7,Youtube,2005,2010,1,2007.0,1
138,W2024,anchor2,8,McDonald's,1955,1920,2,1963.0,1
138,W2024,anchor2,9,Revolutionary War,1775,1820,1,1765.0,1
138,W2024,anchor2,10,Reagan,1981,1960,2,1978.0,1
138,W2024,anchor2,11,Pixar,1995,2000,1,1973.0,1
34,W2024,anchor2,1,Thriller,1983,1990,2,1995.0,1
34,W2024,anchor2,2,Internet,1983,1960,2,1980.0,1
34,W2024,anchor2,3,Disneyland,1955,1980,1,1960.0,1
34,W2024,anchor2,4,Great Depression,1929,1910,2,1960.0,1
34,W2024,anchor2,5,iPhone,2007,2010,1,2007.0,1
34,W2024,anchor2,6,Firefox,2004,1970,2,1990.0,1
34,W2024,anchor2,7,Youtube,2005,2010,1,2004.0,1
34,W2024,anchor2,8,McDonald's,1955,1920,2,1950.0,1
34,W2024,anchor2,9,Revolutionary War,1775,1820,1,1700.0,1
34,W2024,anchor2,10,Reagan,1981,1960,2,1985.0,1
34,W2024,anchor2,11,Pixar,1995,2000,1,1995.0,1
325,W2024,anchor2,1,Thriller,1983,1990,2,1998.0,1
325,W2024,anchor2,2,Internet,1983,1960,2,1974.0,1
325,W2024,anchor2,3,Disneyland,1955,1980,1,1970.0,1
325,W2024,anchor2,4,Great Depression,1929,1910,2,1930.0,1
325,W2024,anchor2,5,iPhone,2007,2010,1,1997.0,1
325,W2024,anchor2,6,Firefox,2004,1970,2,2002.0,1
325,W2024,anchor2,7,Youtube,2005,2010,1,2004.0,1
325,W2024,anchor2,8,McDonald's,1955,1920,2,1916.0,1
325,W2024,anchor2,9,Revolutionary War,1775,1820,1,1776.0,1
325,W2024,anchor2,10,Reagan,1981,1960,2,1992.0,1
325,W2024,anchor2,11,Pixar,1995,2000,1,1985.0,1
260,W2024,anchor2,1,Thriller,1983,1990,1,1986.0,1
260,W2024,anchor2,2,Internet,1983,1960,2,1963.0,1
260,W2024,anchor2,3,Disneyland,1955,1980,2,1985.0,1
260,W2024,anchor2,4,Great Depression,1929,1910,2,1920.0,1
260,W2024,anchor2,5,iPhone,2007,2010,1,2008.0,1
260,W2024,anchor2,6,Firefox,2004,1970,2,1995.0,1
260,W2024,anchor2,7,Youtube,2005,2010,1,2008.0,1
260,W2024,anchor2,8,McDonald's,1955,1920,2,1933.0,1
260,W2024,anchor2,9,Revolutionary War,1775,1820,1,1765.0,1
260,W2024,anchor2,10,Reagan,1981,1960,2,1972.0,1
260,W2024,anchor2,11,Pixar,1995,2000,2,2003.0,1
458,W2024,anchor2,1,Thriller,1983,1990,1,1983.0,2
458,W2024,anchor2,2,Internet,1983,1960,2,1983.0,2
458,W2024,anchor2,3,Disneyland,1955,1980,1,1955.0,2
458,W2024,anchor2,4,Great Depression,1929,1910,2,1929.0,2
458,W2024,anchor2,5,iPhone,2007,2010,1,2007.0,2
458,W2024,anchor2,6,Firefox,2004,1970,2,2002.0,2
458,W2024,anchor2,7,Youtube,2005,2010,1,2005.0,2
458,W2024,anchor2,8,McDonald's,1955,1920,2,1955.0,2
458,W2024,anchor2,9,Revolutionary War,1775,1820,1,1775.0,2
458,W2024,anchor2,10,Reagan,1981,1960,2,1981.0,2
458,W2024,anchor2,11,Pixar,1995,2000,1,1995.0,2
376,W2024,anchor2,1,Thriller,1983,1990,2,2005.0,1
376,W2024,anchor2,2,Internet,1983,1960,2,1987.0,1
376,W2024,anchor2,3,Disneyland,1955,1980,1,1970.0,1
376,W2024,anchor2,4,Great Depression,1929,1910,2,1937.0,1
376,W2024,anchor2,5,iPhone,2007,2010,2,2012.0,1
376,W2024,anchor2,6,Firefox,2004,1970,2,1980.0,1
376,W2024,anchor2,7,Youtube,2005,2010,1,2005.0,1
376,W2024,anchor2,8,McDonald's,1955,1920,2,1980.0,1
376,W2024,anchor2,9,Revolutionary War,1775,1820,2,1828.0,1
376,W2024,anchor2,10,Reagan,1981,1960,2,2000.0,1
376,W2024,anchor2,11,Pixar,1995,2000,1,1980.0,1
557,W2024,anchor2,1,Thriller,1983,1990,1,1983.0,1
557,W2024,anchor2,2,Internet,1983,1960,2,1980.0,1
557,W2024,anchor2,3,Disneyland,1955,1980,1,1970.0,1
557,W2024,anchor2,4,Great Depression,1929,1910,2,1922.0,1
557,W2024,anchor2,5,iPhone,2007,2010,1,1999.0,1
557,W2024,anchor2,6,Firefox,2004,1970,2,2002.0,1
557,W2024,anchor2,7,Youtube,2005,2010,1,2005.0,1
557,W2024,anchor2,8,McDonald's,1955,1920,2,1945.0,1
557,W2024,anchor2,9,Revolutionary War,1775,1820,1,1785.0,1
557,W2024,anchor2,10,Reagan,1981,1960,2,1972.0,1
557,W2024,anchor2,11,Pixar,1995,2000,1,1996.0,1
500,W2024,anchor2,1,Thriller,1983,1990,1,1980.0,1
500,W2024,anchor2,2,Internet,1983,1960,2,1984.0,1
500,W2024,anchor2,3,Disneyland,1955,1980,1,1953.0,1
500,W2024,anchor2,4,Great Depression,1929,1910,2,1933.0,1
500,W2024,anchor2,5,iPhone,2007,2010,1,2008.0,1
500,W2024,anchor2,6,Firefox,2004,1970,2,1997.0,1
500,W2024,anchor2,7,Youtube,2005,2010,1,2007.0,1
500,W2024,anchor2,8,McDonald's,1955,1920,2,1963.0,1
500,W2024,anchor2,9,Revolutionary War,1775,1820,2,1888.0,1
500,W2024,anchor2,10,Reagan,1981,1960,2,1968.0,1
500,W2024,anchor2,11,Pixar,1995,2000,1,1999.0,1
187,W2024,anchor2,1,Thriller,1983,1990,2,1992.0,1
187,W2024,anchor2,2,Internet,1983,1960,2,1980.0,1
187,W2024,anchor2,3,Disneyland,1955,1980,1,1970.0,1
187,W2024,anchor2,4,Great Depression,1929,1910,2,1930.0,1
187,W2024,anchor2,5,iPhone,2007,2010,1,2007.0,1
187,W2024,anchor2,6,Firefox,2004,1970,2,2002.0,1
187,W2024,anchor2,7,Youtube,2005,2010,1,2005.0,1
187,W2024,anchor2,8,McDonald's,1955,1920,2,1930.0,1
187,W2024,anchor2,9,Revolutionary War,1775,1820,1,1760.0,1
187,W2024,anchor2,10,Reagan,1981,1960,1,1915.0,1
187,W2024,anchor2,11,Pixar,1995,2000,1,1990.0,1
538,W2024,anchor2,1,Thriller,1983,1990,2,1964.0,1
538,W2024,anchor2,2,Internet,1983,1960,1,1950.0,1
538,W2024,anchor2,3,Disneyland,1955,1980,2,1983.0,1
538,W2024,anchor2,4,Great Depression,1929,1910,2,1945.0,1
538,W2024,anchor2,5,iPhone,2007,2010,1,2008.0,1
538,W2024,anchor2,6,Firefox,2004,1970,2,1985.0,1
538,W2024,anchor2,7,Youtube,2005,2010,1,2008.0,1
538,W2024,anchor2,8,McDonald's,1955,1920,2,1923.0,1
538,W2024,anchor2,9,Revolutionary War,1775,1820,2,1902.0,1
538,W2024,anchor2,10,Reagan,1981,1960,2,1962.0,1
538,W2024,anchor2,11,Pixar,1995,2000,1,1989.0,1
522,W2024,anchor2,1,Thriller,1983,1990,2,2005.0,1
522,W2024,anchor2,2,Internet,1983,1960,2,1985.0,1
522,W2024,anchor2,3,Disneyland,1955,1980,2,1990.0,1
522,W2024,anchor2,4,Great Depression,1929,1910,1,1940.0,1
522,W2024,anchor2,5,iPhone,2007,2010,2,2011.0,1
522,W2024,anchor2,6,Firefox,2004,1970,2,1995.0,1
522,W2024,anchor2,7,Youtube,2005,2010,1,2009.0,1
522,W2024,anchor2,8,McDonald's,1955,1920,2,1940.0,1
522,W2024,anchor2,9,Revolutionary War,1775,1820,1,1778.0,1
522,W2024,anchor2,10,Reagan,1981,1960,2,1970.0,1
522,W2024,anchor2,11,Pixar,1995,2000,1,1999.0,1
526,W2024,anchor2,1,Thriller,1983,1990,1,1988.0,1
526,W2024,anchor2,2,Internet,1983,1960,2,1975.0,1
526,W2024,anchor2,3,Disneyland,1955,1980,1,1975.0,1
526,W2024,anchor2,4,Great Depression,1929,1910,2,1920.0,1
526,W2024,anchor2,5,iPhone,2007,2010,2,2011.0,1
526,W2024,anchor2,6,Firefox,2004,1970,2,2005.0,1
526,W2024,anchor2,7,Youtube,2005,2010,2,2012.0,1
526,W2024,anchor2,8,McDonald's,1955,1920,2,1950.0,1
526,W2024,anchor2,9,Revolutionary War,1775,1820,1,1660.0,1
526,W2024,anchor2,10,Reagan,1981,1960,2,1968.0,1
526,W2024,anchor2,11,Pixar,1995,2000,1,1996.0,1
127,W2024,anchor2,1,Thriller,1983,1990,2,1995.0,1
127,W2024,anchor2,2,Internet,1983,1960,2,1970.0,1
127,W2024,anchor2,3,Disneyland,1955,1980,2,1990.0,1
127,W2024,anchor2,4,Great Depression,1929,1910,2,1925.0,1
127,W2024,anchor2,5,iPhone,2007,2010,1,2009.0,1
127,W2024,anchor2,6,Firefox,2004,1970,2,1990.0,1
127,W2024,anchor2,7,Youtube,2005,2010,1,2007.0,1
127,W2024,anchor2,8,McDonald's,1955,1920,2,1935.0,1
127,W2024,anchor2,9,Revolutionary War,1775,1820,1,1776.0,1
127,W2024,anchor2,10,Reagan,1981,1960,2,1980.0,1
127,W2024,anchor2,11,Pixar,1995,2000,1,1995.0,1
231,W2024,anchor2,1,Thriller,1983,1990,1,1985.0,1
231,W2024,anchor2,2,Internet,1983,1960,2,2000.0,1
231,W2024,anchor2,3,Disneyland,1955,1980,2,1990.0,1
231,W2024,anchor2,4,Great Depression,1929,1910,2,1920.0,1
231,W2024,anchor2,5,iPhone,2007,2010,1,2007.0,1
231,W2024,anchor2,6,Firefox,2004,1970,2,2005.0,1
231,W2024,anchor2,7,Youtube,2005,2010,1,2004.0,1
231,W2024,anchor2,8,McDonald's,1955,1920,2,1940.0,1
231,W2024,anchor2,9,Revolutionary War,1775,1820,2,1825.0,1
231,W2024,anchor2,10,Reagan,1981,1960,2,1980.0,1
231,W2024,anchor2,11,Pixar,1995,2000,1,1950.0,1
59,W2024,anchor2,1,Thriller,1983,1990,1,1986.0,1
59,W2024,anchor2,2,Internet,1983,1960,2,1978.0,1
59,W2024,anchor2,3,Disneyland,1955,1980,2,1981.0,1
59,W2024,anchor2,4,Great Depression,1929,1910,2,1912.0,1
59,W2024,anchor2,5,iPhone,2007,2010,1,2007.0,1
59,W2024,anchor2,6,Firefox,2004,1970,2,1980.0,1
59,W2024,anchor2,7,Youtube,2005,2010,1,2009.0,1
59,W2024,anchor2,8,McDonald's,1955,1920,2,1925.0,1
59,W2024,anchor2,9,Revolutionary War,1775,1820,2,1870.0,1
59,W2024,anchor2,10,Reagan,1981,1960,1,1958.0,1
59,W2024,anchor2,11,Pixar,1995,2000,1,1996.0,1
216,W2024,anchor2,1,Thriller,1983,1990,1,1982.0,1
216,W2024,anchor2,2,Internet,1983,1960,2,1983.0,1
216,W2024,anchor2,3,Disneyland,1955,1980,1,1955.0,1
216,W2024,anchor2,4,Great Depression,1929,1910,2,1929.0,1
216,W2024,anchor2,5,iPhone,2007,2010,1,2007.0,1
216,W2024,anchor2,6,Firefox,2004,1970,2,2002.0,1
216,W2024,anchor2,7,Youtube,2005,2010,1,2005.0,1
216,W2024,anchor2,8,McDonald's,1955,1920,2,1955.0,1
216,W2024,anchor2,9,Revolutionary War,1775,1820,1,1754.0,1
216,W2024,anchor2,10,Reagan,1981,1960,2,1981.0,1
216,W2024,anchor2,11,Pixar,1995,2000,1,1995.0,1
344,W2024,anchor2,1,Thriller,1983,1990,2,1992.0,1
344,W2024,anchor2,2,Internet,1983,1960,2,1998.0,1
344,W2024,anchor2,3,Disneyland,1955,1980,1,1972.0,1
344,W2024,anchor2,4,Great Depression,1929,1910,2,1930.0,1
344,W2024,anchor2,5,iPhone,2007,2010,1,2008.0,1
344,W2024,anchor2,6,Firefox,2004,1970,2,1975.0,1
344,W2024,anchor2,7,Youtube,2005,2010,1,2008.0,1
344,W2024,anchor2,8,McDonald's,1955,1920,2,1950.0,1
344,W2024,anchor2,9,Revolutionary War,1775,1820,1,1776.0,1
344,W2024,anchor2,10,Reagan,1981,1960,2,1985.0,1
344,W2024,anchor2,11,Pixar,1995,2000,2,2002.0,1
213,W2024,anchor2,1,Thriller,1983,1990,1,1985.0,1
213,W2024,anchor2,2,Internet,1983,1960,2,2000.0,1
213,W2024,anchor2,3,Disneyland,1955,1980,1,1975.0,1
213,W2024,anchor2,4,Great Depression,1929,1910,1,1900.0,1
213,W2024,anchor2,5,iPhone,2007,2010,1,2009.0,1
213,W2024,anchor2,6,Firefox,2004,1970,2,1980.0,1
213,W2024,anchor2,7,Youtube,2005,2010,2,2012.0,1
213,W2024,anchor2,8,McDonald's,1955,1920,2,1930.0,1
213,W2024,anchor2,9,Revolutionary War,1775,1820,1,1810.0,1
213,W2024,anchor2,10,Reagan,1981,1960,2,1970.0,1
213,W2024,anchor2,11,Pixar,1995,2000,2,2005.0,1
70,W2024,anchor2,1,Thriller,1983,1990,1,1987.0,1
70,W2024,anchor2,2,Internet,1983,1960,2,1985.0,1
70,W2024,anchor2,3,Disneyland,1955,1980,1,1974.0,1
70,W2024,anchor2,4,Great Depression,1929,1910,2,1920.0,1
70,W2024,anchor2,5,iPhone,2007,2010,1,2007.0,1
70,W2024,anchor2,6,Firefox,2004,1970,2,2001.0,1
70,W2024,anchor2,7,Youtube,2005,2010,1,2003.0,1
70,W2024,anchor2,8,McDonald's,1955,1920,2,1951.0,1
70,W2024,anchor2,9,Revolutionary War,1775,1820,1,1812.0,1
70,W2024,anchor2,10,Reagan,1981,1960,2,1970.0,1
70,W2024,anchor2,11,Pixar,1995,2000,1,1993.0,1
461,W2024,anchor2,1,Thriller,1983,1990,1,1985.0,1
461,W2024,anchor2,2,Internet,1983,1960,2,1998.0,1
461,W2024,anchor2,3,Disneyland,1955,1980,1,1975.0,1
461,W2024,anchor2,4,Great Depression,1929,1910,2,1920.0,1
461,W2024,anchor2,5,iPhone,2007,2010,1,2001.0,1
461,W2024,anchor2,6,Firefox,2004,1970,2,2000.0,1
461,W2024,anchor2,7,Youtube,2005,2010,1,2002.0,1
461,W2024,anchor2,8,McDonald's,1955,1920,2,1960.0,1
461,W2024,anchor2,9,Revolutionary War,1775,1820,1,1816.0,1
461,W2024,anchor2,10,Reagan,1981,1960,2,1980.0,1
461,W2024,anchor2,11,Pixar,1995,2000,1,1995.0,1
153,W2024,anchor2,1,Thriller,1983,1990,1,1982.0,1
153,W2024,anchor2,2,Internet,1983,1960,1,1950.0,1
153,W2024,anchor2,3,Disneyland,1955,1980,1,1960.0,1
153,W2024,anchor2,4,Great Depression,1929,1910,2,1920.0,1
153,W2024,anchor2,5,iPhone,2007,2010,1,2002.0,1
153,W2024,anchor2,6,Firefox,2004,1970,1,1960.0,1
153,W2024,anchor2,7,Youtube,2005,2010,1,2000.0,1
153,W2024,anchor2,8,McDonald's,1955,1920,2,1980.0,1
153,W2024,anchor2,9,Revolutionary War,1775,1820,1,1790.0,1
153,W2024,anchor2,10,Reagan,1981,1960,2,1980.0,1
153,W2024,anchor2,11,Pixar,1995,2000,2,2005.0,1
76,W2024,anchor2,1,Thriller,1983,1990,1,1985.0,1
76,W2024,anchor2,2,Internet,1983,1960,2,1988.0,1
76,W2024,anchor2,3,Disneyland,1955,1980,2,1995.0,1
76,W2024,anchor2,4,Great Depression,1929,1910,2,1929.0,1
76,W2024,anchor2,5,iPhone,2007,2010,1,2006.0,1
76,W2024,anchor2,6,Firefox,2004,1970,2,2000.0,1
76,W2024,anchor2,7,Youtube,2005,2010,1,2005.0,1
76,W2024,anchor2,8,McDonald's,1955,1920,2,1955.0,1
76,W2024,anchor2,9,Revolutionary War,1775,1820,1,1775.0,1
76,W2024,anchor2,10,Reagan,1981,1960,2,1982.0,1
76,W2024,anchor2,11,Pixar,1995,2000,2,2001.0,1
223,W2024,anchor2,1,Thriller,1983,1990,1,1985.0,1
223,W2024,anchor2,2,Internet,1983,1960,2,1980.0,1
223,W2024,anchor2,3,Disneyland,1955,1980,1,1970.0,1
223,W2024,anchor2,4,Great Depression,1929,1910,2,1930.0,1
223,W2024,anchor2,5,iPhone,2007,2010,1,2005.0,1
223,W2024,anchor2,6,Firefox,2004,1970,2,1990.0,1
223,W2024,anchor2,7,Youtube,2005,2010,1,2005.0,1
223,W2024,anchor2,8,McDonald's,1955,1920,2,1950.0,1
223,W2024,anchor2,9,Revolutionary War,1775,1820,1,1770.0,1
223,W2024,anchor2,10,Reagan,1981,1960,2,1984.0,1
223,W2024,anchor2,11,Pixar,1995,2000,1,1995.0,1
236,W2024,anchor2,1,Thriller,1983,1990,2,2002.0,1
236,W2024,anchor2,2,Internet,1983,1960,1,1983.0,1
236,W2024,anchor2,3,Disneyland,1955,1980,2,2000.0,1
236,W2024,anchor2,4,Great Depression,1929,1910,2,1929.0,1
236,W2024,anchor2,5,iPhone,2007,2010,1,2007.0,1
236,W2024,anchor2,6,Firefox,2004,1970,2,2004.0,1
236,W2024,anchor2,7,Youtube,2005,2010,1,1999.0,1
236,W2024,anchor2,8,McDonald's,1955,1920,2,1994.0,1
236,W2024,anchor2,9,Revolutionary War,1775,1820,2,1775.0,1
236,W2024,anchor2,10,Reagan,1981,1960,2,2000.0,1
236,W2024,anchor2,11,Pixar,1995,2000,2,1995.0,1
166,W2024,anchor2,1,Thriller,1983,1990,1,1985.0,1
166,W2024,anchor2,2,Internet,1983,1960,2,1990.0,1
166,W2024,anchor2,3,Disneyland,1955,1980,1,1960.0,1
166,W2024,anchor2,4,Great Depression,1929,1910,2,1930.0,1
166,W2024,anchor2,5,iPhone,2007,2010,1,2008.0,1
166,W2024,anchor2,6,Firefox,2004,1970,2,1990.0,1
166,W2024,anchor2,7,Youtube,2005,2010,1,2005.0,1
166,W2024,anchor2,8,McDonald's,1955,1920,1,1910.0,1
166,W2024,anchor2,9,Revolutionary War,1775,1820,1,1776.0,1
166,W2024,anchor2,10,Reagan,1981,1960,2,1970.0,1
166,W2024,anchor2,11,Pixar,1995,2000,2,2002.0,1
317,W2024,anchor2,1,Thriller,1983,1990,1,1984.0,1
317,W2024,anchor2,2,Internet,1983,1960,2,1982.0,1
317,W2024,anchor2,3,Disneyland,1955,1980,1,1970.0,1
317,W2024,anchor2,4,Great Depression,1929,1910,2,1930.0,1
317,W2024,anchor2,5,iPhone,2007,2010,1,2006.0,1
317,W2024,anchor2,6,Firefox,2004,1970,2,1990.0,1
317,W2024,anchor2,7,Youtube,2005,2010,1,2004.0,1
317,W2024,anchor2,8,McDonald's,1955,1920,2,1960.0,1
317,W2024,anchor2,9,Revolutionary War,1775,1820,1,1720.0,1
317,W2024,anchor2,10,Reagan,1981,1960,1,1940.0,1
317,W2024,anchor2,11,Pixar,1995,2000,2,2001.0,1
475,W2024,anchor2,1,Thriller,1983,1990,1,1980.0,1
475,W2024,anchor2,2,Internet,1983,1960,2,1965.0,1
475,W2024,anchor2,3,Disneyland,1955,1980,1,1960.0,1
475,W2024,anchor2,4,Great Depression,1929,1910,2,1940.0,1
475,W2024,anchor2,5,iPhone,2007,2010,1,2005.0,1
475,W2024,anchor2,6,Firefox,2004,1970,2,1990.0,1
475,W2024,anchor2,7,Youtube,2005,2010,1,2005.0,1
475,W2024,anchor2,8,McDonald's,1955,1920,2,1970.0,1
475,W2024,anchor2,9,Revolutionary War,1775,1820,1,1770.0,1
475,W2024,anchor2,10,Reagan,1981,1960,2,1970.0,1
475,W2024,anchor2,11,Pixar,1995,2000,1,1980.0,1
69,W2024,anchor2,1,Thriller,1983,1990,2,1991.0,1
69,W2024,anchor2,2,Internet,1983,1960,1,1950.0,1
69,W2024,anchor2,3,Disneyland,1955,1980,1,1970.0,1
69,W2024,anchor2,4,Great Depression,1929,1910,2,1930.0,1
69,W2024,anchor2,5,iPhone,2007,2010,1,2004.0,1
69,W2024,anchor2,6,Firefox,2004,1970,2,1985.0,1
69,W2024,anchor2,7,Youtube,2005,2010,1,2005.0,1
69,W2024,anchor2,8,McDonald's,1955,1920,2,1945.0,1
69,W2024,anchor2,9,Revolutionary War,1775,1820,1,1812.0,1
69,W2024,anchor2,10,Reagan,1981,1960,2,1977.0,1
69,W2024,anchor2,11,Pixar,1995,2000,1,1996.0,1
528,W2024,anchor2,1,Thriller,1983,1990,1,1985.0,1
528,W2024,anchor2,2,Internet,1983,1960,2,1980.0,1
528,W2024,anchor2,3,Disneyland,1955,1980,1,1970.0,1
528,W2024,anchor2,4,Great Depression,1929,1910,2,1920.0,1
528,W2024,anchor2,5,iPhone,2007,2010,1,2009.0,1
528,W2024,anchor2,6,Firefox,2004,1970,2,1975.0,1
528,W2024,anchor2,7,Youtube,2005,2010,1,2009.0,1
528,W2024,anchor2,8,McDonald's,1955,1920,2,1925.0,1
528,W2024,anchor2,9,Revolutionary War,1775,1820,1,1785.0,1
528,W2024,anchor2,10,Reagan,1981,1960,2,1980.0,1
528,W2024,anchor2,11,Pixar,1995,2000,1,1997.0,1
442,W2024,anchor2,1,Thriller,1983,1990,2,1995.0,1
442,W2024,anchor2,2,Internet,1983,1960,2,1970.0,1
442,W2024,anchor2,3,Disneyland,1955,1980,1,1960.0,1
442,W2024,anchor2,4,Great Depression,1929,1910,1,1920.0,1
442,W2024,anchor2,5,iPhone,2007,2010,1,2008.0,1
442,W2024,anchor2,6,Firefox,2004,1970,1,1950.0,1
442,W2024,anchor2,7,Youtube,2005,2010,1,2002.0,1
442,W2024,anchor2,8,McDonald's,1955,1920,2,1950.0,1
442,W2024,anchor2,9,Revolutionary War,1775,1820,1,1780.0,1
442,W2024,anchor2,10,Reagan,1981,1960,2,1970.0,1
442,W2024,anchor2,11,Pixar,1995,2000,2,1990.0,1
101,W2024,anchor2,1,Thriller,1983,1990,2,1995.0,2
101,W2024,anchor2,2,Internet,1983,1960,1,1900.0,2
101,W2024,anchor2,3,Disneyland,1955,1980,1,1959.0,2
101,W2024,anchor2,4,Great Depression,1929,1910,2,1929.0,2
101,W2024,anchor2,5,iPhone,2007,2010,1,2007.0,2
101,W2024,anchor2,6,Firefox,2004,1970,2,1990.0,2
101,W2024,anchor2,7,Youtube,2005,2010,1,2003.0,2
101,W2024,anchor2,8,McDonald's,1955,1920,2,1950.0,2
101,W2024,anchor2,9,Revolutionary War,1775,1820,1,1775.0,2
101,W2024,anchor2,10,Reagan,1981,1960,2,1980.0,2
101,W2024,anchor2,11,Pixar,1995,2000,1,1995.0,2
338,W2024,anchor2,1,Thriller,1983,1990,2,1995.0,1
338,W2024,anchor2,2,Internet,1983,1960,2,2000.0,1
338,W2024,anchor2,3,Disneyland,1955,1980,1,1970.0,1
338,W2024,anchor2,4,Great Depression,1929,1910,2,1920.0,1
338,W2024,anchor2,5,iPhone,2007,2010,1,2001.0,1
338,W2024,anchor2,6,Firefox,2004,1970,2,1990.0,1
338,W2024,anchor2,7,Youtube,2005,2010,1,2000.0,1
338,W2024,anchor2,8,McDonald's,1955,1920,2,1980.0,1
338,W2024,anchor2,9,Revolutionary War,1775,1820,2,1850.0,1
338,W2024,anchor2,10,Reagan,1981,1960,2,1970.0,1
338,W2024,anchor2,11,Pixar,1995,2000,1,1999.0,1
376,W2024,anchor2,1,Thriller,1983,1990,2,2002.0,1
376,W2024,anchor2,2,Internet,1983,1960,2,1970.0,1
376,W2024,anchor2,3,Disneyland,1955,1980,1,1972.0,1
376,W2024,anchor2,4,Great Depression,1929,1910,2,1920.0,1
376,W2024,anchor2,5,iPhone,2007,2010,2,2012.0,1
376,W2024,anchor2,6,Firefox,2004,1970,2,1976.0,1
376,W2024,anchor2,7,Youtube,2005,2010,1,2000.0,1
376,W2024,anchor2,8,McDonald's,1955,1920,2,1950.0,1
376,W2024,anchor2,9,Revolutionary War,1775,1820,2,1820.0,1
376,W2024,anchor2,10,Reagan,1981,1960,2,2000.0,1
376,W2024,anchor2,11,Pixar,1995,2000,1,1996.0,1
385,W2024,anchor2,1,Thriller,1983,1990,2,1997.0,1
385,W2024,anchor2,2,Internet,1983,1960,2,1970.0,1
385,W2024,anchor2,3,Disneyland,1955,1980,1,1965.0,1
385,W2024,anchor2,4,Great Depression,1929,1910,2,1937.0,1
385,W2024,anchor2,5,iPhone,2007,2010,2,2012.0,1
385,W2024,anchor2,6,Firefox,2004,1970,2,1972.0,1
385,W2024,anchor2,7,Youtube,2005,2010,1,2004.0,1
385,W2024,anchor2,8,McDonald's,1955,1920,2,1958.0,1
385,W2024,anchor2,9,Revolutionary War,1775,1820,2,1845.0,1
385,W2024,anchor2,10,Reagan,1981,1960,2,1984.0,1
385,W2024,anchor2,11,Pixar,1995,2000,1,1984.0,1
112,W2024,anchor2,1,Thriller,1983,1990,1,1980.0,1
112,W2024,anchor2,2,Internet,1983,1960,1,1945.0,1
112,W2024,anchor2,3,Disneyland,1955,1980,2,2000.0,1
112,W2024,anchor2,4,Great Depression,1929,1910,2,1940.0,1
112,W2024,anchor2,5,iPhone,2007,2010,1,2005.0,1
112,W2024,anchor2,6,Firefox,2004,1970,2,1975.0,1
112,W2024,anchor2,7,Youtube,2005,2010,1,2000.0,1
112,W2024,anchor2,8,McDonald's,1955,1920,1,1890.0,1
112,W2024,anchor2,9,Revolutionary War,1775,1820,2,1840.0,1
112,W2024,anchor2,10,Reagan,1981,1960,2,1980.0,1
112,W2024,anchor2,11,Pixar,1995,2000,2,2003.0,1
152,W2024,anchor2,1,Thriller,1983,1990,1,1987.0,1
152,W2024,anchor2,2,Internet,1983,1960,2,1972.0,1
152,W2024,anchor2,3,Disneyland,1955,1980,1,1950.0,1
152,W2024,anchor2,4,Great Depression,1929,1910,2,1930.0,1
152,W2024,anchor2,5,iPhone,2007,2010,2,2010.0,1
152,W2024,anchor2,6,Firefox,2004,1970,2,1998.0,1
152,W2024,anchor2,7,Youtube,2005,2010,1,2005.0,1
152,W2024,anchor2,8,McDonald's,1955,1920,2,1960.0,1
152,W2024,anchor2,9,Revolutionary War,1775,1820,1,1730.0,1
152,W2024,anchor2,10,Reagan,1981,1960,1,1958.0,1
152,W2024,anchor2,11,Pixar,1995,2000,2,2002.0,1
421,W2024,anchor2,1,Thriller,1983,1990,1,1982.0,1
421,W2024,anchor2,2,Internet,1983,1960,2,1983.0,1
421,W2024,anchor2,3,Disneyland,1955,1980,1,1955.0,1
421,W2024,anchor2,4,Great Depression,1929,1910,2,1929.0,1
421,W2024,anchor2,5,iPhone,2007,2010,1,2007.0,1
421,W2024,anchor2,6,Firefox,2004,1970,2,2004.0,1
421,W2024,anchor2,7,Youtube,2005,2010,1,2005.0,1
421,W2024,anchor2,8,McDonald's,1955,1920,2,1955.0,1
421,W2024,anchor2,9,Revolutionary War,1775,1820,1,1775.0,1
421,W2024,anchor2,10,Reagan,1981,1960,2,1981.0,1
421,W2024,anchor2,11,Pixar,1995,2000,1,1995.0,1
537,W2024,anchor2,1,Thriller,1983,1990,1,1980.0,1
537,W2024,anchor2,2,Internet,1983,1960,2,1870.0,1
537,W2024,anchor2,3,Disneyland,1955,1980,1,1923.0,1
537,W2024,anchor2,4,Great Depression,1929,1910,2,1930.0,1
537,W2024,anchor2,5,iPhone,2007,2010,1,2005.0,1
537,W2024,anchor2,6,Firefox,2004,1970,2,2000.0,1
537,W2024,anchor2,7,Youtube,2005,2010,1,2000.0,1
537,W2024,anchor2,8,McDonald's,1955,1920,2,1930.0,1
537,W2024,anchor2,9,Revolutionary War,1775,1820,2,1900.0,1
537,W2024,anchor2,10,Reagan,1981,1960,2,1970.0,1
537,W2024,anchor2,11,Pixar,1995,2000,2,2005.0,1
115,W2024,anchor2,1,Thriller,1983,1990,2,1994.0,1
115,W2024,anchor2,2,Internet,1983,1960,2,1985.0,1
115,W2024,anchor2,3,Disneyland,1955,1980,1,1973.0,1
115,W2024,anchor2,4,Great Depression,1929,1910,2,1940.0,1
115,W2024,anchor2,5,iPhone,2007,2010,2,2014.0,1
115,W2024,anchor2,6,Firefox,2004,1970,2,1973.0,1
115,W2024,anchor2,7,Youtube,2005,2010,1,2004.0,1
115,W2024,anchor2,8,McDonald's,1955,1920,2,1965.0,1
115,W2024,anchor2,9,Revolutionary War,1775,1820,2,1840.0,1
115,W2024,anchor2,10,Reagan,1981,1960,2,1980.0,1
115,W2024,anchor2,11,Pixar,1995,2000,1,1985.0,1
41,W2024,anchor2,1,Thriller,1983,1990,1,1980.0,1
41,W2024,anchor2,2,Internet,1983,1960,1,1940.0,1
41,W2024,anchor2,3,Disneyland,1955,1980,1,1970.0,1
41,W2024,anchor2,4,Great Depression,1929,1910,2,1950.0,1
41,W2024,anchor2,5,iPhone,2007,2010,1,2009.0,1
41,W2024,anchor2,6,Firefox,2004,1970,2,1980.0,1
41,W2024,anchor2,7,Youtube,2005,2010,1,1998.0,1
41,W2024,anchor2,8,McDonald's,1955,1920,2,1940.0,1
41,W2024,anchor2,9,Revolutionary War,1775,1820,2,1850.0,1
41,W2024,anchor2,10,Reagan,1981,1960,2,1995.0,1
41,W2024,anchor2,11,Pixar,1995,2000,1,1980.0,1
113,W2024,anchor2,1,Thriller,1983,1990,1,1988.0,1
113,W2024,anchor2,2,Internet,1983,1960,2,1980.0,1
113,W2024,anchor2,3,Disneyland,1955,1980,1,1955.0,1
113,W2024,anchor2,4,Great Depression,1929,1910,2,1912.0,1
113,W2024,anchor2,5,iPhone,2007,2010,1,2006.0,1
113,W2024,anchor2,6,Firefox,2004,1970,2,1997.0,1
113,W2024,anchor2,7,Youtube,2005,2010,1,2005.0,1
113,W2024,anchor2,8,McDonald's,1955,1920,2,1940.0,1
113,W2024,anchor2,9,Revolutionary War,1775,1820,2,1840.0,1
113,W2024,anchor2,10,Reagan,1981,1960,2,1980.0,1
113,W2024,anchor2,11,Pixar,1995,2000,2,2001.0,1
460,W2024,anchor2,1,Thriller,1983,1990,1,1980.0,1
460,W2024,anchor2,2,Internet,1983,1960,2,1990.0,1
460,W2024,anchor2,3,Disneyland,1955,1980,1,1970.0,1
460,W2024,anchor2,4,Great Depression,1929,1910,2,1930.0,1
460,W2024,anchor2,5,iPhone,2007,2010,1,2008.0,1
460,W2024,anchor2,6,Firefox,2004,1970,2,2002.0,1
460,W2024,anchor2,7,Youtube,2005,2010,1,2008.0,1
460,W2024,anchor2,8,McDonald's,1955,1920,2,1940.0,1
460,W2024,anchor2,9,Revolutionary War,1775,1820,1,1750.0,1
460,W2024,anchor2,10,Reagan,1981,1960,2,1990.0,1
460,W2024,anchor2,11,Pixar,1995,2000,2,2004.0,1
480,W2024,anchor2,1,Thriller,1983,1990,2,1991.0,1
480,W2024,anchor2,2,Internet,1983,1960,2,1990.0,1
480,W2024,anchor2,3,Disneyland,1955,1980,2,1989.0,1
480,W2024,anchor2,4,Great Depression,1929,1910,2,1920.0,1
480,W2024,anchor2,5,iPhone,2007,2010,1,2009.0,1
480,W2024,anchor2,6,Firefox,2004,1970,2,1978.0,1
480,W2024,anchor2,7,Youtube,2005,2010,1,2008.0,1
480,W2024,anchor2,8,McDonald's,1955,1920,2,1930.0,1
480,W2024,anchor2,9,Revolutionary War,1775,1820,2,1825.0,1
480,W2024,anchor2,10,Reagan,1981,1960,2,1974.0,1
480,W2024,anchor2,11,Pixar,1995,2000,1,1995.0,1
169,W2024,anchor2,1,Thriller,1983,1990,2,1993.0,1
169,W2024,anchor2,2,Internet,1983,1960,2,1970.0,1
169,W2024,anchor2,3,Disneyland,1955,1980,2,1981.0,1
169,W2024,anchor2,4,Great Depression,1929,1910,2,1960.0,1
169,W2024,anchor2,5,iPhone,2007,2010,1,2008.0,1
169,W2024,anchor2,6,Firefox,2004,1970,2,2000.0,1
169,W2024,anchor2,7,Youtube,2005,2010,1,2000.0,1
169,W2024,anchor2,8,McDonald's,1955,1920,2,1925.0,1
169,W2024,anchor2,9,Revolutionary War,1775,1820,2,1825.0,1
169,W2024,anchor2,10,Reagan,1981,1960,2,1970.0,1
169,W2024,anchor2,11,Pixar,1995,2000,1,1999.0,1
458,W2024,noAnchor,1,Thriller,1983,,,1982.0,3
458,W2024,noAnchor,2,Internet,1983,,,1983.0,3
458,W2024,noAnchor,3,Disneyland,1955,,,1985.0,3
458,W2024,noAnchor,4,Great Depression,1929,,,1929.0,3
458,W2024,noAnchor,5,iPhone,2007,,,2007.0,3
458,W2024,noAnchor,6,Firefox,2004,,,1997.0,3
458,W2024,noAnchor,7,Youtube,2005,,,2005.0,3
458,W2024,noAnchor,8,McDonald's,1955,,,1973.0,3
458,W2024,noAnchor,9,Revolutionary War,1775,,,1775.0,3
458,W2024,noAnchor,10,Reagan,1981,,,1983.0,3
458,W2024,noAnchor,11,Pixar,1995,,,1998.0,3
42,W2024,noAnchor,1,Thriller,1983,,,2003.0,1
42,W2024,noAnchor,2,Internet,1983,,,1954.0,1
42,W2024,noAnchor,3,Disneyland,1955,,,1946.0,1
42,W2024,noAnchor,4,Great Depression,1929,,,1933.0,1
42,W2024,noAnchor,5,iPhone,2007,,,2000.0,1
42,W2024,noAnchor,6,Firefox,2004,,,1988.0,1
42,W2024,noAnchor,7,Youtube,2005,,,1989.0,1
42,W2024,noAnchor,8,McDonald's,1955,,,1921.0,1
42,W2024,noAnchor,9,Revolutionary War,1775,,,1876.0,1
42,W2024,noAnchor,10,Reagan,1981,,,2000.0,1
42,W2024,noAnchor,11,Pixar,1995,,,1999.0,1
148,W2024,noAnchor,1,Thriller,1983,,,1999.0,1
148,W2024,noAnchor,2,Internet,1983,,,1980.0,1
148,W2024,noAnchor,3,Disneyland,1955,,,1955.0,1
148,W2024,noAnchor,4,Great Depression,1929,,,1930.0,1
148,W2024,noAnchor,5,iPhone,2007,,,2008.0,1
148,W2024,noAnchor,6,Firefox,2004,,,2003.0,1
148,W2024,noAnchor,7,Youtube,2005,,,2008.0,1
148,W2024,noAnchor,8,McDonald's,1955,,,1960.0,1
148,W2024,noAnchor,9,Revolutionary War,1775,,,1777.0,1
148,W2024,noAnchor,10,Reagan,1981,,,1980.0,1
148,W2024,noAnchor,11,Pixar,1995,,,2000.0,1
369,W2024,noAnchor,1,Thriller,1983,,,1990.0,1
369,W2024,noAnchor,2,Internet,1983,,,1990.0,1
369,W2024,noAnchor,3,Disneyland,1955,,,2000.0,1
369,W2024,noAnchor,4,Great Depression,1929,,,1930.0,1
369,W2024,noAnchor,5,iPhone,2007,,,2007.0,1
369,W2024,noAnchor,6,Firefox,2004,,,1999.0,1
369,W2024,noAnchor,7,Youtube,2005,,,2002.0,1
369,W2024,noAnchor,8,McDonald's,1955,,,1998.0,1
369,W2024,noAnchor,9,Revolutionary War,1775,,,1780.0,1
369,W2024,noAnchor,10,Reagan,1981,,,1976.0,1
369,W2024,noAnchor,11,Pixar,1995,,,2001.0,1
15,W2024,noAnchor,1,Thriller,1983,,,1987.0,1
15,W2024,noAnchor,2,Internet,1983,,,1990.0,1
15,W2024,noAnchor,3,Disneyland,1955,,,1985.0,1
15,W2024,noAnchor,4,Great Depression,1929,,,1928.0,1
15,W2024,noAnchor,5,iPhone,2007,,,2006.0,1
15,W2024,noAnchor,6,Firefox,2004,,,2003.0,1
15,W2024,noAnchor,7,Youtube,2005,,,2006.0,1
15,W2024,noAnchor,8,McDonald's,1955,,,1985.0,1
15,W2024,noAnchor,9,Revolutionary War,1775,,,1773.0,1
15,W2024,noAnchor,10,Reagan,1981,,,1984.0,1
15,W2024,noAnchor,11,Pixar,1995,,,1995.0,1
441,W2024,noAnchor,1,Thriller,1983,,,1989.0,1
441,W2024,noAnchor,2,Internet,1983,,,1980.0,1
441,W2024,noAnchor,3,Disneyland,1955,,,1955.0,1
441,W2024,noAnchor,4,Great Depression,1929,,,1930.0,1
441,W2024,noAnchor,5,iPhone,2007,,,2008.0,1
441,W2024,noAnchor,6,Firefox,2004,,,2005.0,1
441,W2024,noAnchor,7,Youtube,2005,,,2002.0,1
441,W2024,noAnchor,8,McDonald's,1955,,,1960.0,1
441,W2024,noAnchor,9,Revolutionary War,1775,,,1775.0,1
441,W2024,noAnchor,10,Reagan,1981,,,1996.0,1
441,W2024,noAnchor,11,Pixar,1995,,,1999.0,1
556,W2024,noAnchor,1,Thriller,1983,,,1996.0,1
556,W2024,noAnchor,2,Internet,1983,,,1975.0,1
556,W2024,noAnchor,3,Disneyland,1955,,,2013.0,1
556,W2024,noAnchor,4,Great Depression,1929,,,1980.0,1
556,W2024,noAnchor,5,iPhone,2007,,,2008.0,1
556,W2024,noAnchor,6,Firefox,2004,,,2008.0,1
556,W2024,noAnchor,7,Youtube,2005,,,2005.0,1
556,W2024,noAnchor,8,McDonald's,1955,,,1984.0,1
556,W2024,noAnchor,9,Revolutionary War,1775,,,1830.0,1
556,W2024,noAnchor,10,Reagan,1981,,,1960.0,1
556,W2024,noAnchor,11,Pixar,1995,,,1970.0,1
427,W2024,noAnchor,1,Thriller,1983,,,1988.0,1
427,W2024,noAnchor,2,Internet,1983,,,1989.0,1
427,W2024,noAnchor,3,Disneyland,1955,,,1976.0,1
427,W2024,noAnchor,4,Great Depression,1929,,,1905.0,1
427,W2024,noAnchor,5,iPhone,2007,,,2002.0,1
427,W2024,noAnchor,6,Firefox,2004,,,1995.0,1
427,W2024,noAnchor,7,Youtube,2005,,,2008.0,1
427,W2024,noAnchor,8,McDonald's,1955,,,1952.0,1
427,W2024,noAnchor,9,Revolutionary War,1775,,,1745.0,1
427,W2024,noAnchor,10,Reagan,1981,,,1984.0,1
427,W2024,noAnchor,11,Pixar,1995,,,1991.0,1
277,W2024,noAnchor,1,Thriller,1983,,,1982.0,1
277,W2024,noAnchor,2,Internet,1983,,,1985.0,1
277,W2024,noAnchor,3,Disneyland,1955,,,1955.0,1
277,W2024,noAnchor,4,Great Depression,1929,,,1930.0,1
277,W2024,noAnchor,5,iPhone,2007,,,2007.0,1
277,W2024,noAnchor,6,Firefox,2004,,,2003.0,1
277,W2024,noAnchor,7,Youtube,2005,,,2005.0,1
277,W2024,noAnchor,8,McDonald's,1955,,,1955.0,1
277,W2024,noAnchor,9,Revolutionary War,1775,,,1772.0,1
277,W2024,noAnchor,10,Reagan,1981,,,1980.0,1
277,W2024,noAnchor,11,Pixar,1995,,,1987.0,1
134,W2024,noAnchor,1,Thriller,1983,,,1989.0,1
134,W2024,noAnchor,2,Internet,1983,,,1998.0,1
134,W2024,noAnchor,3,Disneyland,1955,,,2008.0,1
134,W2024,noAnchor,4,Great Depression,1929,,,1929.0,1
134,W2024,noAnchor,5,iPhone,2007,,,2010.0,1
134,W2024,noAnchor,6,Firefox,2004,,,1997.0,1
134,W2024,noAnchor,7,Youtube,2005,,,2008.0,1
134,W2024,noAnchor,8,McDonald's,1955,,,1968.0,1
134,W2024,noAnchor,9,Revolutionary War,1775,,,1776.0,1
134,W2024,noAnchor,10,Reagan,1981,,,1984.0,1
134,W2024,noAnchor,11,Pixar,1995,,,1995.0,1
99,W2024,noAnchor,1,Thriller,1983,,,1996.0,1
99,W2024,noAnchor,2,Internet,1983,,,1990.0,1
99,W2024,noAnchor,3,Disneyland,1955,,,2001.0,1
99,W2024,noAnchor,4,Great Depression,1929,,,2000.0,1
99,W2024,noAnchor,5,iPhone,2007,,,2010.0,1
99,W2024,noAnchor,6,Firefox,2004,,,2008.0,1
99,W2024,noAnchor,7,Youtube,2005,,,2009.0,1
99,W2024,noAnchor,8,McDonald's,1955,,,2003.0,1
99,W2024,noAnchor,9,Revolutionary War,1775,,,1956.0,1
99,W2024,noAnchor,10,Reagan,1981,,,2004.0,1
99,W2024,noAnchor,11,Pixar,1995,,,2002.0,1
536,W2024,noAnchor,1,Thriller,1983,,,1986.0,1
536,W2024,noAnchor,2,Internet,1983,,,1990.0,1
536,W2024,noAnchor,3,Disneyland,1955,,,1983.0,1
536,W2024,noAnchor,4,Great Depression,1929,,,1920.0,1
536,W2024,noAnchor,5,iPhone,2007,,,2005.0,1
536,W2024,noAnchor,6,Firefox,2004,,,1998.0,1
536,W2024,noAnchor,7,Youtube,2005,,,2005.0,1
536,W2024,noAnchor,8,McDonald's,1955,,,1940.0,1
536,W2024,noAnchor,9,Revolutionary War,1775,,,1750.0,1
536,W2024,noAnchor,10,Reagan,1981,,,1980.0,1
536,W2024,noAnchor,11,Pixar,1995,,,2001.0,1
436,W2024,noAnchor,1,Thriller,1983,,,1980.0,1
436,W2024,noAnchor,2,Internet,1983,,,1980.0,1
436,W2024,noAnchor,3,Disneyland,1955,,,1832.0,1
436,W2024,noAnchor,4,Great Depression,1929,,,1940.0,1
436,W2024,noAnchor,5,iPhone,2007,,,2009.0,1
436,W2024,noAnchor,6,Firefox,2004,,,1990.0,1
436,W2024,noAnchor,7,Youtube,2005,,,2006.0,1
436,W2024,noAnchor,8,McDonald's,1955,,,1975.0,1
436,W2024,noAnchor,9,Revolutionary War,1775,,,1780.0,1
436,W2024,noAnchor,10,Reagan,1981,,,1980.0,1
436,W2024,noAnchor,11,Pixar,1995,,,1990.0,1
335,W2024,noAnchor,1,Thriller,1983,,,1987.0,1
335,W2024,noAnchor,2,Internet,1983,,,1990.0,1
335,W2024,noAnchor,3,Disneyland,1955,,,2000.0,1
335,W2024,noAnchor,4,Great Depression,1929,,,1929.0,1
335,W2024,noAnchor,5,iPhone,2007,,,2006.0,1
335,W2024,noAnchor,6,Firefox,2004,,,1986.0,1
335,W2024,noAnchor,7,Youtube,2005,,,2005.0,1
335,W2024,noAnchor,8,McDonald's,1955,,,1950.0,1
335,W2024,noAnchor,9,Revolutionary War,1775,,,1771.0,1
335,W2024,noAnchor,10,Reagan,1981,,,1984.0,1
335,W2024,noAnchor,11,Pixar,1995,,,1991.0,1
539,W2024,noAnchor,1,Thriller,1983,,,1976.0,1
539,W2024,noAnchor,2,Internet,1983,,,1982.0,1
539,W2024,noAnchor,3,Disneyland,1955,,,1955.0,1
539,W2024,noAnchor,4,Great Depression,1929,,,1929.0,1
539,W2024,noAnchor,5,iPhone,2007,,,2009.0,1
539,W2024,noAnchor,6,Firefox,2004,,,1992.0,1
539,W2024,noAnchor,7,Youtube,2005,,,2006.0,1
539,W2024,noAnchor,8,McDonald's,1955,,,1926.0,1
539,W2024,noAnchor,9,Revolutionary War,1775,,,1772.0,1
539,W2024,noAnchor,10,Reagan,1981,,,1979.0,1
539,W2024,noAnchor,11,Pixar,1995,,,1998.0,1
192,W2024,noAnchor,1,Thriller,1983,,,2002.0,1
192,W2024,noAnchor,2,Internet,1983,,,1985.0,1
192,W2024,noAnchor,3,Disneyland,1955,,,1940.0,1
192,W2024,noAnchor,4,Great Depression,1929,,,1940.0,1
192,W2024,noAnchor,5,iPhone,2007,,,2007.0,1
192,W2024,noAnchor,6,Firefox,2004,,,1999.0,1
192,W2024,noAnchor,7,Youtube,2005,,,2006.0,1
192,W2024,noAnchor,8,McDonald's,1955,,,1920.0,1
192,W2024,noAnchor,9,Revolutionary War,1775,,,1800.0,1
192,W2024,noAnchor,10,Reagan,1981,,,1980.0,1
192,W2024,noAnchor,11,Pixar,1995,,,1990.0,1
341,W2024,noAnchor,1,Thriller,1983,,,2003.0,1
341,W2024,noAnchor,2,Internet,1983,,,2004.0,1
341,W2024,noAnchor,3,Disneyland,1955,,,1980.0,1
341,W2024,noAnchor,4,Great Depression,1929,,,1960.0,1
341,W2024,noAnchor,5,iPhone,2007,,,2004.0,1
341,W2024,noAnchor,6,Firefox,2004,,,2004.0,1
341,W2024,noAnchor,7,Youtube,2005,,,2000.0,1
341,W2024,noAnchor,8,McDonald's,1955,,,1970.0,1
341,W2024,noAnchor,9,Revolutionary War,1775,,,1920.0,1
341,W2024,noAnchor,10,Reagan,1981,,,2001.0,1
341,W2024,noAnchor,11,Pixar,1995,,,2002.0,1
485,W2024,noAnchor,1,Thriller,1983,,,1994.0,1
485,W2024,noAnchor,2,Internet,1983,,,1975.0,1
485,W2024,noAnchor,3,Disneyland,1955,,,1995.0,1
485,W2024,noAnchor,4,Great Depression,1929,,,1945.0,1
485,W2024,noAnchor,5,iPhone,2007,,,2006.0,1
485,W2024,noAnchor,6,Firefox,2004,,,1990.0,1
485,W2024,noAnchor,7,Youtube,2005,,,2005.0,1
485,W2024,noAnchor,8,McDonald's,1955,,,1965.0,1
485,W2024,noAnchor,9,Revolutionary War,1775,,,1775.0,1
485,W2024,noAnchor,10,Reagan,1981,,,1988.0,1
485,W2024,noAnchor,11,Pixar,1995,,,1985.0,1
292,W2024,noAnchor,1,Thriller,1983,,,2000.0,1
292,W2024,noAnchor,2,Internet,1983,,,1978.0,1
292,W2024,noAnchor,3,Disneyland,1955,,,1985.0,1
292,W2024,noAnchor,4,Great Depression,1929,,,1860.0,1
292,W2024,noAnchor,5,iPhone,2007,,,2005.0,1
292,W2024,noAnchor,6,Firefox,2004,,,1995.0,1
292,W2024,noAnchor,7,Youtube,2005,,,2002.0,1
292,W2024,noAnchor,8,McDonald's,1955,,,1950.0,1
292,W2024,noAnchor,9,Revolutionary War,1775,,,1750.0,1
292,W2024,noAnchor,10,Reagan,1981,,,1975.0,1
292,W2024,noAnchor,11,Pixar,1995,,,1989.0,1
67,W2024,noAnchor,1,Thriller,1983,,,1990.0,1
67,W2024,noAnchor,2,Internet,1983,,,1950.0,1
67,W2024,noAnchor,3,Disneyland,1955,,,2005.0,1
67,W2024,noAnchor,4,Great Depression,1929,,,1910.0,1
67,W2024,noAnchor,5,iPhone,2007,,,2008.0,1
67,W2024,noAnchor,6,Firefox,2004,,,1950.0,1
67,W2024,noAnchor,7,Youtube,2005,,,2000.0,1
67,W2024,noAnchor,8,McDonald's,1955,,,1850.0,1
67,W2024,noAnchor,9,Revolutionary War,1775,,,1750.0,1
67,W2024,noAnchor,10,Reagan,1981,,,1990.0,1
67,W2024,noAnchor,11,Pixar,1995,,,1890.0,1
55,W2024,noAnchor,1,Thriller,1983,,,2008.0,1
55,W2024,noAnchor,2,Internet,1983,,,1995.0,1
55,W2024,noAnchor,3,Disneyland,1955,,,1972.0,1
55,W2024,noAnchor,4,Great Depression,1929,,,1940.0,1
55,W2024,noAnchor,5,iPhone,2007,,,2008.0,1
55,W2024,noAnchor,6,Firefox,2004,,,2003.0,1
55,W2024,noAnchor,7,Youtube,2005,,,2000.0,1
55,W2024,noAnchor,8,McDonald's,1955,,,1960.0,1
55,W2024,noAnchor,9,Revolutionary War,1775,,,1773.0,1
55,W2024,noAnchor,10,Reagan,1981,,,1990.0,1
55,W2024,noAnchor,11,Pixar,1995,,,1995.0,1
219,W2024,noAnchor,1,Thriller,1983,,,1975.0,1
219,W2024,noAnchor,2,Internet,1983,,,1880.0,1
219,W2024,noAnchor,3,Disneyland,1955,,,1990.0,1
219,W2024,noAnchor,4,Great Depression,1929,,,1920.0,1
219,W2024,noAnchor,5,iPhone,2007,,,2005.0,1
219,W2024,noAnchor,6,Firefox,2004,,,1980.0,1
219,W2024,noAnchor,7,Youtube,2005,,,2001.0,1
219,W2024,noAnchor,8,McDonald's,1955,,,1970.0,1
219,W2024,noAnchor,9,Revolutionary War,1775,,,1750.0,1
219,W2024,noAnchor,10,Reagan,1981,,,1992.0,1
219,W2024,noAnchor,11,Pixar,1995,,,1990.0,1
146,W2024,noAnchor,1,Thriller,1983,,,1997.0,1
146,W2024,noAnchor,2,Internet,1983,,,1960.0,1
146,W2024,noAnchor,3,Disneyland,1955,,,1997.0,1
146,W2024,noAnchor,4,Great Depression,1929,,,1929.0,1
146,W2024,noAnchor,5,iPhone,2007,,,2005.0,1
146,W2024,noAnchor,6,Firefox,2004,,,2001.0,1
146,W2024,noAnchor,7,Youtube,2005,,,1997.0,1
146,W2024,noAnchor,8,McDonald's,1955,,,1970.0,1
146,W2024,noAnchor,9,Revolutionary War,1775,,,1775.0,1
146,W2024,noAnchor,10,Reagan,1981,,,1981.0,1
146,W2024,noAnchor,11,Pixar,1995,,,1998.0,1
360,W2024,noAnchor,1,Thriller,1983,,,1982.0,1
360,W2024,noAnchor,2,Internet,1983,,,1971.0,1
360,W2024,noAnchor,3,Disneyland,1955,,,1955.0,1
360,W2024,noAnchor,4,Great Depression,1929,,,1932.0,1
360,W2024,noAnchor,5,iPhone,2007,,,2006.0,1
360,W2024,noAnchor,6,Firefox,2004,,,1993.0,1
360,W2024,noAnchor,7,Youtube,2005,,,2005.0,1
360,W2024,noAnchor,8,McDonald's,1955,,,1952.0,1
360,W2024,noAnchor,9,Revolutionary War,1775,,,1774.0,1
360,W2024,noAnchor,10,Reagan,1981,,,1984.0,1
360,W2024,noAnchor,11,Pixar,1995,,,1995.0,1
281,W2024,noAnchor,1,Thriller,1983,,,1999.0,1
281,W2024,noAnchor,2,Internet,1983,,,1975.0,1
281,W2024,noAnchor,3,Disneyland,1955,,,1975.0,1
281,W2024,noAnchor,4,Great Depression,1929,,,1986.0,1
281,W2024,noAnchor,5,iPhone,2007,,,1990.0,1
281,W2024,noAnchor,6,Firefox,2004,,,1974.0,1
281,W2024,noAnchor,7,Youtube,2005,,,1997.0,1
281,W2024,noAnchor,8,McDonald's,1955,,,1989.0,1
281,W2024,noAnchor,9,Revolutionary War,1775,,,1864.0,1
281,W2024,noAnchor,10,Reagan,1981,,,1969.0,1
281,W2024,noAnchor,11,Pixar,1995,,,1996.0,1
189,W2024,noAnchor,1,Thriller,1983,,,1984.0,1
189,W2024,noAnchor,2,Internet,1983,,,1983.0,1
189,W2024,noAnchor,3,Disneyland,1955,,,1980.0,1
189,W2024,noAnchor,4,Great Depression,1929,,,1943.0,1
189,W2024,noAnchor,5,iPhone,2007,,,2005.0,1
189,W2024,noAnchor,6,Firefox,2004,,,1992.0,1
189,W2024,noAnchor,7,Youtube,2005,,,2001.0,1
189,W2024,noAnchor,8,McDonald's,1955,,,1973.0,1
189,W2024,noAnchor,9,Revolutionary War,1775,,,1776.0,1
189,W2024,noAnchor,10,Reagan,1981,,,1982.0,1
189,W2024,noAnchor,11,Pixar,1995,,,2005.0,1
186,W2024,noAnchor,1,Thriller,1983,,,1980.0,1
186,W2024,noAnchor,2,Internet,1983,,,1995.0,1
186,W2024,noAnchor,3,Disneyland,1955,,,1965.0,1
186,W2024,noAnchor,4,Great Depression,1929,,,1920.0,1
186,W2024,noAnchor,5,iPhone,2007,,,2007.0,1
186,W2024,noAnchor,6,Firefox,2004,,,2005.0,1
186,W2024,noAnchor,7,Youtube,2005,,,2000.0,1
186,W2024,noAnchor,8,McDonald's,1955,,,1960.0,1
186,W2024,noAnchor,9,Revolutionary War,1775,,,1730.0,1
186,W2024,noAnchor,10,Reagan,1981,,,1983.0,1
186,W2024,noAnchor,11,Pixar,1995,,,1991.0,1
536,W2024,noAnchor,1,Thriller,1983,,,1994.0,1
536,W2024,noAnchor,2,Internet,1983,,,1985.0,1
536,W2024,noAnchor,3,Disneyland,1955,,,1930.0,1
536,W2024,noAnchor,4,Great Depression,1929,,,1920.0,1
536,W2024,noAnchor,5,iPhone,2007,,,2005.0,1
536,W2024,noAnchor,6,Firefox,2004,,,1995.0,1
536,W2024,noAnchor,7,Youtube,2005,,,2005.0,1
536,W2024,noAnchor,8,McDonald's,1955,,,1930.0,1
536,W2024,noAnchor,9,Revolutionary War,1775,,,1730.0,1
536,W2024,noAnchor,10,Reagan,1981,,,1980.0,1
536,W2024,noAnchor,11,Pixar,1995,,,1998.0,1
556,W2024,noAnchor,1,Thriller,1983,,,1985.0,1
556,W2024,noAnchor,2,Internet,1983,,,1970.0,1
556,W2024,noAnchor,3,Disneyland,1955,,,1990.0,1
556,W2024,noAnchor,4,Great Depression,1929,,,1985.0,1
556,W2024,noAnchor,5,iPhone,2007,,,2002.0,1
556,W2024,noAnchor,6,Firefox,2004,,,2000.0,1
556,W2024,noAnchor,7,Youtube,2005,,,2005.0,1
556,W2024,noAnchor,8,McDonald's,1955,,,1920.0,1
556,W2024,noAnchor,9,Revolutionary War,1775,,,1890.0,1
556,W2024,noAnchor,10,Reagan,1981,,,1960.0,1
556,W2024,noAnchor,11,Pixar,1995,,,1960.0,1
363,W2024,noAnchor,1,Thriller,1983,,,1980.0,2
363,W2024,noAnchor,2,Internet,1983,,,2000.0,2
363,W2024,noAnchor,3,Disneyland,1955,,,1955.0,2
363,W2024,noAnchor,4,Great Depression,1929,,,1930.0,2
363,W2024,noAnchor,5,iPhone,2007,,,2004.0,2
363,W2024,noAnchor,6,Firefox,2004,,,2010.0,2
363,W2024,noAnchor,7,Youtube,2005,,,2004.0,2
363,W2024,noAnchor,8,McDonald's,1955,,,1930.0,2
363,W2024,noAnchor,9,Revolutionary War,1775,,,1730.0,2
363,W2024,noAnchor,10,Reagan,1981,,,1960.0,2
363,W2024,noAnchor,11,Pixar,1995,,,1990.0,2
65,W2024,noAnchor,1,Thriller,1983,,,1995.0,1
65,W2024,noAnchor,2,Internet,1983,,,1900.0,1
65,W2024,noAnchor,3,Disneyland,1955,,,2001.0,1
65,W2024,noAnchor,4,Great Depression,1929,,,1975.0,1
65,W2024,noAnchor,5,iPhone,2007,,,2008.0,1
65,W2024,noAnchor,6,Firefox,2004,,,1990.0,1
65,W2024,noAnchor,7,Youtube,2005,,,2010.0,1
65,W2024,noAnchor,8,McDonald's,1955,,,1990.0,1
65,W2024,noAnchor,9,Revolutionary War,1775,,,1715.0,1
65,W2024,noAnchor,10,Reagan,1981,,,2010.0,1
65,W2024,noAnchor,11,Pixar,1995,,,1890.0,1
297,W2024,noAnchor,1,Thriller,1983,,,1990.0,1
297,W2024,noAnchor,2,Internet,1983,,,1980.0,1
297,W2024,noAnchor,3,Disneyland,1955,,,1960.0,1
297,W2024,noAnchor,4,Great Depression,1929,,,1919.0,1
297,W2024,noAnchor,5,iPhone,2007,,,2007.0,1
297,W2024,noAnchor,6,Firefox,2004,,,1998.0,1
297,W2024,noAnchor,7,Youtube,2005,,,2000.0,1
297,W2024,noAnchor,8,McDonald's,1955,,,1960.0,1
297,W2024,noAnchor,9,Revolutionary War,1775,,,1775.0,1
297,W2024,noAnchor,10,Reagan,1981,,,1980.0,1
297,W2024,noAnchor,11,Pixar,1995,,,2000.0,1
220,W2024,noAnchor,1,Thriller,1983,,,1988.0,1
220,W2024,noAnchor,2,Internet,1983,,,1900.0,1
220,W2024,noAnchor,3,Disneyland,1955,,,1923.0,1
220,W2024,noAnchor,4,Great Depression,1929,,,1954.0,1
220,W2024,noAnchor,5,iPhone,2007,,,1999.0,1
220,W2024,noAnchor,6,Firefox,2004,,,2002.0,1
220,W2024,noAnchor,7,Youtube,2005,,,1989.0,1
220,W2024,noAnchor,8,McDonald's,1955,,,1943.0,1
220,W2024,noAnchor,9,Revolutionary War,1775,,,1960.0,1
220,W2024,noAnchor,10,Reagan,1981,,,2001.0,1
220,W2024,noAnchor,11,Pixar,1995,,,1928.0,1
256,W2024,noAnchor,1,Thriller,1983,,,1982.0,1
256,W2024,noAnchor,2,Internet,1983,,,1980.0,1
256,W2024,noAnchor,3,Disneyland,1955,,,1997.0,1
256,W2024,noAnchor,4,Great Depression,1929,,,1980.0,1
256,W2024,noAnchor,5,iPhone,2007,,,2000.0,1
256,W2024,noAnchor,6,Firefox,2004,,,1987.0,1
256,W2024,noAnchor,7,Youtube,2005,,,2000.0,1
256,W2024,noAnchor,8,McDonald's,1955,,,1988.0,1
256,W2024,noAnchor,9,Revolutionary War,1775,,,1940.0,1
256,W2024,noAnchor,10,Reagan,1981,,,1986.0,1
256,W2024,noAnchor,11,Pixar,1995,,,1980.0,1
314,W2024,noAnchor,1,Thriller,1983,,,1989.0,1
314,W2024,noAnchor,2,Internet,1983,,,2001.0,1
314,W2024,noAnchor,3,Disneyland,1955,,,2006.0,1
314,W2024,noAnchor,4,Great Depression,1929,,,1954.0,1
314,W2024,noAnchor,5,iPhone,2007,,,2009.0,1
314,W2024,noAnchor,6,Firefox,2004,,,2008.0,1
314,W2024,noAnchor,7,Youtube,2005,,,2010.0,1
314,W2024,noAnchor,8,McDonald's,1955,,,1999.0,1
314,W2024,noAnchor,9,Revolutionary War,1775,,,1940.0,1
314,W2024,noAnchor,10,Reagan,1981,,,1980.0,1
314,W2024,noAnchor,11,Pixar,1995,,,2009.0,1
313,W2024,noAnchor,1,Thriller,1983,,,1979.0,1
313,W2024,noAnchor,2,Internet,1983,,,1960.0,1
313,W2024,noAnchor,3,Disneyland,1955,,,1940.0,1
313,W2024,noAnchor,4,Great Depression,1929,,,1920.0,1
313,W2024,noAnchor,5,iPhone,2007,,,1998.0,1
313,W2024,noAnchor,6,Firefox,2004,,,2000.0,1
313,W2024,noAnchor,7,Youtube,2005,,,2000.0,1
313,W2024,noAnchor,8,McDonald's,1955,,,1988.0,1
313,W2024,noAnchor,9,Revolutionary War,1775,,,1767.0,1
313,W2024,noAnchor,10,Reagan,1981,,,1925.0,1
313,W2024,noAnchor,11,Pixar,1995,,,1975.0,1
462,W2024,noAnchor,1,Thriller,1983,,,1995.0,1
462,W2024,noAnchor,2,Internet,1983,,,1970.0,1
462,W2024,noAnchor,3,Disneyland,1955,,,1970.0,1
462,W2024,noAnchor,4,Great Depression,1929,,,1930.0,1
462,W2024,noAnchor,5,iPhone,2007,,,2001.0,1
462,W2024,noAnchor,6,Firefox,2004,,,2005.0,1
462,W2024,noAnchor,7,Youtube,2005,,,2003.0,1
462,W2024,noAnchor,8,McDonald's,1955,,,1960.0,1
462,W2024,noAnchor,9,Revolutionary War,1775,,,1780.0,1
462,W2024,noAnchor,10,Reagan,1981,,,1985.0,1
462,W2024,noAnchor,11,Pixar,1995,,,1990.0,1
10,W2024,noAnchor,1,Thriller,1983,,,1983.0,1
10,W2024,noAnchor,2,Internet,1983,,,1990.0,1
10,W2024,noAnchor,3,Disneyland,1955,,,1955.0,1
10,W2024,noAnchor,4,Great Depression,1929,,,1929.0,1
10,W2024,noAnchor,5,iPhone,2007,,,2006.0,1
10,W2024,noAnchor,6,Firefox,2004,,,1992.0,1
10,W2024,noAnchor,7,Youtube,2005,,,2005.0,1
10,W2024,noAnchor,8,McDonald's,1955,,,1949.0,1
10,W2024,noAnchor,9,Revolutionary War,1775,,,1780.0,1
10,W2024,noAnchor,10,Reagan,1981,,,1981.0,1
10,W2024,noAnchor,11,Pixar,1995,,,1997.0,1
520,W2024,noAnchor,1,Thriller,1983,,,1994.0,1
520,W2024,noAnchor,2,Internet,1983,,,1969.0,1
520,W2024,noAnchor,3,Disneyland,1955,,,1972.0,1
520,W2024,noAnchor,4,Great Depression,1929,,,1947.0,1
520,W2024,noAnchor,5,iPhone,2007,,,2004.0,1
520,W2024,noAnchor,6,Firefox,2004,,,2008.0,1
520,W2024,noAnchor,7,Youtube,2005,,,2006.0,1
520,W2024,noAnchor,8,McDonald's,1955,,,1958.0,1
520,W2024,noAnchor,9,Revolutionary War,1775,,,1872.0,1
520,W2024,noAnchor,10,Reagan,1981,,,2001.0,1
520,W2024,noAnchor,11,Pixar,1995,,,2001.0,1
424,W2024,noAnchor,1,Thriller,1983,,,1988.0,1
424,W2024,noAnchor,2,Internet,1983,,,1999.0,1
424,W2024,noAnchor,3,Disneyland,1955,,,2006.0,1
424,W2024,noAnchor,4,Great Depression,1929,,,1920.0,1
424,W2024,noAnchor,5,iPhone,2007,,,2002.0,1
424,W2024,noAnchor,6,Firefox,2004,,,2002.0,1
424,W2024,noAnchor,7,Youtube,2005,,,2005.0,1
424,W2024,noAnchor,8,McDonald's,1955,,,1956.0,1
424,W2024,noAnchor,9,Revolutionary War,1775,,,1953.0,1
424,W2024,noAnchor,10,Reagan,1981,,,1998.0,1
424,W2024,noAnchor,11,Pixar,1995,,,1993.0,1
358,W2024,noAnchor,1,Thriller,1983,,,1999.0,1
358,W2024,noAnchor,2,Internet,1983,,,1980.0,1
358,W2024,noAnchor,3,Disneyland,1955,,,1995.0,1
358,W2024,noAnchor,4,Great Depression,1929,,,1929.0,1
358,W2024,noAnchor,5,iPhone,2007,,,2000.0,1
358,W2024,noAnchor,6,Firefox,2004,,,2000.0,1
358,W2024,noAnchor,7,Youtube,2005,,,2005.0,1
358,W2024,noAnchor,8,McDonald's,1955,,,1980.0,1
358,W2024,noAnchor,9,Revolutionary War,1775,,,1775.0,1
358,W2024,noAnchor,10,Reagan,1981,,,1981.0,1
358,W2024,noAnchor,11,Pixar,1995,,,1995.0,1
170,W2024,noAnchor,1,Thriller,1983,,,1982.0,1
170,W2024,noAnchor,2,Internet,1983,,,1998.0,1
170,W2024,noAnchor,3,Disneyland,1955,,,1952.0,1
170,W2024,noAnchor,4,Great Depression,1929,,,1987.0,1
170,W2024,noAnchor,5,iPhone,2007,,,2012.0,1
170,W2024,noAnchor,6,Firefox,2004,,,1995.0,1
170,W2024,noAnchor,7,Youtube,2005,,,2011.0,1
170,W2024,noAnchor,8,McDonald's,1955,,,1952.0,1
170,W2024,noAnchor,9,Revolutionary War,1775,,,1775.0,1
170,W2024,noAnchor,10,Reagan,1981,,,1981.0,1
170,W2024,noAnchor,11,Pixar,1995,,,1987.0,1
164,F2025,anchor1,1,Coachella,1999,2010,,1.0,1
164,F2025,anchor1,2,In-n-Out,1948,1930,2007,2.0,1
164,F2025,anchor1,3,Golden Gate,1937,1960,1972,2.0,1
164,F2025,anchor1,4,Harry Potter,2001,1985,1974,2.0,1
164,F2025,anchor1,5,Game of Thrones,2011,2020,2003,1.0,1
164,F2025,anchor1,6,Avatar,2009,2000,2007,2.0,1
164,F2025,anchor1,7,Obamacare,2010,2015,2006,1.0,1
164,F2025,anchor1,8,Beyonce Lemonade,2016,2010,2013,2.0,1
164,F2025,anchor1,9,Hollywood Sign,1923,1950,2012,1.0,1
164,F2025,anchor1,10,Starbucks,1971,1950,1943,2.0,1
488,F2025,anchor1,1,Coachella,1999,2010,,1.0,1
488,F2025,anchor1,2,In-n-Out,1948,1930,1970,2.0,1
488,F2025,anchor1,3,Golden Gate,1937,1960,1945,1.0,1
488,F2025,anchor1,4,Harry Potter,2001,1985,1890,2.0,1
488,F2025,anchor1,5,Game of Thrones,2011,2020,2003,1.0,1
488,F2025,anchor1,6,Avatar,2009,2000,2014,2.0,1
488,F2025,anchor1,7,Obamacare,2010,2015,2003,1.0,1
488,F2025,anchor1,8,Beyonce Lemonade,2016,2010,2012,1.0,1
488,F2025,anchor1,9,Hollywood Sign,1923,1950,2009,1.0,1
488,F2025,anchor1,10,Starbucks,1971,1950,1932,2.0,1
289,F2025,anchor1,1,Coachella,1999,2010,,1.0,1
289,F2025,anchor1,2,In-n-Out,1948,1930,2009,2.0,1
289,F2025,anchor1,3,Golden Gate,1937,1960,1940,1.0,1
289,F2025,anchor1,4,Harry Potter,2001,1985,1950,2.0,1
289,F2025,anchor1,5,Game of Thrones,2011,2020,2010,1.0,1
289,F2025,anchor1,6,Avatar,2009,2000,2015,2.0,1
289,F2025,anchor1,7,Obamacare,2010,2015,2012,1.0,1
289,F2025,anchor1,8,Beyonce Lemonade,2016,2010,2013,1.0,1
289,F2025,anchor1,9,Hollywood Sign,1923,1950,2008,1.0,1
289,F2025,anchor1,10,Starbucks,1971,1950,1945,2.0,1
513,F2025,anchor1,1,Coachella,1999,2010,,1.0,1
513,F2025,anchor1,2,In-n-Out,1948,1930,2002,2.0,1
513,F2025,anchor1,3,Golden Gate,1937,1960,1935,2.0,1
513,F2025,anchor1,4,Harry Potter,2001,1985,1963,2.0,1
513,F2025,anchor1,5,Game of Thrones,2011,2020,1993,1.0,1
513,F2025,anchor1,6,Avatar,2009,2000,2018,1.0,1
513,F2025,anchor1,7,Obamacare,2010,2015,1998,1.0,1
513,F2025,anchor1,8,Beyonce Lemonade,2016,2010,2012,1.0,1
513,F2025,anchor1,9,Hollywood Sign,1923,1950,2004,1.0,1
513,F2025,anchor1,10,Starbucks,1971,1950,1937,1.0,1
4,F2025,anchor1,1,Coachella,1999,2010,,1.0,1
4,F2025,anchor1,2,In-n-Out,1948,1930,1993,2.0,1
4,F2025,anchor1,3,Golden Gate,1937,1960,1948,2.0,1
4,F2025,anchor1,4,Harry Potter,2001,1985,1965,2.0,1
4,F2025,anchor1,5,Game of Thrones,2011,2020,2007,1.0,1
4,F2025,anchor1,6,Avatar,2009,2000,2014,2.0,1
4,F2025,anchor1,7,Obamacare,2010,2015,2009,1.0,1
4,F2025,anchor1,8,Beyonce Lemonade,2016,2010,2011,2.0,1
4,F2025,anchor1,9,Hollywood Sign,1923,1950,2013,1.0,1
4,F2025,anchor1,10,Starbucks,1971,1950,1934,2.0,1
51,F2025,anchor1,1,Coachella,1999,2010,,2.0,1
51,F2025,anchor1,2,In-n-Out,1948,1930,2015,2.0,1
51,F2025,anchor1,3,Golden Gate,1937,1960,1959,1.0,1
51,F2025,anchor1,4,Harry Potter,2001,1985,1930,2.0,1
51,F2025,anchor1,5,Game of Thrones,2011,2020,2002,1.0,1
51,F2025,anchor1,6,Avatar,2009,2000,2013,1.0,1
51,F2025,anchor1,7,Obamacare,2010,2015,1995,1.0,1
51,F2025,anchor1,8,Beyonce Lemonade,2016,2010,2013,2.0,1
51,F2025,anchor1,9,Hollywood Sign,1923,1950,2015,2.0,1
51,F2025,anchor1,10,Starbucks,1971,1950,1969,2.0,1
39,F2025,anchor1,1,Coachella,1999,2010,,1.0,1
39,F2025,anchor1,2,In-n-Out,1948,1930,2005,1.0,1
39,F2025,anchor1,3,Golden Gate,1937,1960,1923,1.0,1
39,F2025,anchor1,4,Harry Potter,2001,1985,1935,2.0,1
39,F2025,anchor1,5,Game of Thrones,2011,2020,1990,1.0,1
39,F2025,anchor1,6,Avatar,2009,2000,2011,1.0,1
39,F2025,anchor1,7,Obamacare,2010,2015,1990,1.0,1
39,F2025,anchor1,8,Beyonce Lemonade,2016,2010,2013,1.0,1
39,F2025,anchor1,9,Hollywood Sign,1923,1950,2008,1.0,1
39,F2025,anchor1,10,Starbucks,1971,1950,1943,2.0,1
573,F2025,anchor1,1,Coachella,1999,2010,,2.0,1
573,F2025,anchor1,2,In-n-Out,1948,1930,2017,1.0,1
573,F2025,anchor1,3,Golden Gate,1937,1960,1920,1.0,1
573,F2025,anchor1,4,Harry Potter,2001,1985,1940,2.0,1
573,F2025,anchor1,5,Game of Thrones,2011,2020,2000,1.0,1
573,F2025,anchor1,6,Avatar,2009,2000,2015,2.0,1
573,F2025,anchor1,7,Obamacare,2010,2015,2003,2.0,1
573,F2025,anchor1,8,Beyonce Lemonade,2016,2010,2016,2.0,1
573,F2025,anchor1,9,Hollywood Sign,1923,1950,2013,1.0,1
573,F2025,anchor1,10,Starbucks,1971,1950,1930,2.0,1
456,F2025,anchor1,1,Coachella,1999,2010,,1.0,1
456,F2025,anchor1,2,In-n-Out,1948,1930,2003,2.0,1
456,F2025,anchor1,3,Golden Gate,1937,1960,1995,2.0,1
456,F2025,anchor1,4,Harry Potter,2001,1985,1968,2.0,1
456,F2025,anchor1,5,Game of Thrones,2011,2020,2004,1.0,1
456,F2025,anchor1,6,Avatar,2009,2000,2017,2.0,1
456,F2025,anchor1,7,Obamacare,2010,2015,2006,2.0,1
456,F2025,anchor1,8,Beyonce Lemonade,2016,2010,2016,2.0,1
456,F2025,anchor1,9,Hollywood Sign,1923,1950,2015,2.0,1
456,F2025,anchor1,10,Starbucks,1971,1950,1953,2.0,1
188,F2025,anchor1,1,Coachella,1999,2010,,1.0,1
188,F2025,anchor1,2,In-n-Out,1948,1930,2000,2.0,1
188,F2025,anchor1,3,Golden Gate,1937,1960,1950,1.0,1
188,F2025,anchor1,4,Harry Potter,2001,1985,1940,2.0,1
188,F2025,anchor1,5,Game of Thrones,2011,2020,1999,1.0,1
188,F2025,anchor1,6,Avatar,2009,2000,2005,2.0,1
188,F2025,anchor1,7,Obamacare,2010,2015,2002,2.0,1
188,F2025,anchor1,8,Beyonce Lemonade,2016,2010,2016,2.0,1
188,F2025,anchor1,9,Hollywood Sign,1923,1950,2011,1.0,1
188,F2025,anchor1,10,Starbucks,1971,1950,1900,2.0,1
470,F2025,anchor1,1,Coachella,1999,2010,,1.0,1
470,F2025,anchor1,2,In-n-Out,1948,1930,1996,2.0,1
470,F2025,anchor1,3,Golden Gate,1937,1960,1961,2.0,1
470,F2025,anchor1,4,Harry Potter,2001,1985,1962,2.0,1
470,F2025,anchor1,5,Game of Thrones,2011,2020,2006,1.0,1
470,F2025,anchor1,6,Avatar,2009,2000,2001,2.0,1
470,F2025,anchor1,7,Obamacare,2010,2015,2009,1.0,1
470,F2025,anchor1,8,Beyonce Lemonade,2016,2010,2013,2.0,1
470,F2025,anchor1,9,Hollywood Sign,1923,1950,2012,2.0,1
470,F2025,anchor1,10,Starbucks,1971,1950,1963,2.0,1
155,F2025,anchor1,1,Coachella,1999,2010,,1.0,1
155,F2025,anchor1,2,In-n-Out,1948,1930,2008,2.0,1
155,F2025,anchor1,3,Golden Gate,1937,1960,1945,1.0,1
155,F2025,anchor1,4,Harry Potter,2001,1985,1930,2.0,1
155,F2025,anchor1,5,Game of Thrones,2011,2020,1999,1.0,1
155,F2025,anchor1,6,Avatar,2009,2000,2005,2.0,1
155,F2025,anchor1,7,Obamacare,2010,2015,2002,1.0,1
155,F2025,anchor1,8,Beyonce Lemonade,2016,2010,2012,1.0,1
155,F2025,anchor1,9,Hollywood Sign,1923,1950,2008,1.0,1
155,F2025,anchor1,10,Starbucks,1971,1950,1940,2.0,1
521,F2025,anchor1,1,Coachella,1999,2010,,1.0,1
521,F2025,anchor1,2,In-n-Out,1948,1930,2000,2.0,1
521,F2025,anchor1,3,Golden Gate,1937,1960,1940,2.0,1
521,F2025,anchor1,4,Harry Potter,2001,1985,1961,2.0,1
521,F2025,anchor1,5,Game of Thrones,2011,2020,2009,1.0,1
521,F2025,anchor1,6,Avatar,2009,2000,2013,2.0,1
521,F2025,anchor1,7,Obamacare,2010,2015,2006,2.0,1
521,F2025,anchor1,8,Beyonce Lemonade,2016,2010,2016,1.0,1
521,F2025,anchor1,9,Hollywood Sign,1923,1950,2009,1.0,1
521,F2025,anchor1,10,Starbucks,1971,1950,1955,2.0,1
229,F2025,anchor1,1,Coachella,1999,2010,,1.0,1
229,F2025,anchor1,2,In-n-Out,1948,1930,2008,2.0,1
229,F2025,anchor1,3,Golden Gate,1937,1960,1970,1.0,1
229,F2025,anchor1,4,Harry Potter,2001,1985,1950,2.0,1
229,F2025,anchor1,5,Game of Thrones,2011,2020,1990,1.0,1
229,F2025,anchor1,6,Avatar,2009,2000,2018,2.0,1
229,F2025,anchor1,7,Obamacare,2010,2015,2005,1.0,1
229,F2025,anchor1,8,Beyonce Lemonade,2016,2010,2011,1.0,1
229,F2025,anchor1,9,Hollywood Sign,1923,1950,2006,1.0,1
229,F2025,anchor1,10,Starbucks,1971,1950,1940,2.0,1
202,F2025,anchor1,1,Coachella,1999,2010,,1.0,1
202,F2025,anchor1,2,In-n-Out,1948,1930,2008,2.0,1
202,F2025,anchor1,3,Golden Gate,1937,1960,1967,1.0,1
202,F2025,anchor1,4,Harry Potter,2001,1985,1939,2.0,1
202,F2025,anchor1,5,Game of Thrones,2011,2020,2005,1.0,1
202,F2025,anchor1,6,Avatar,2009,2000,2012,2.0,1
202,F2025,anchor1,7,Obamacare,2010,2015,2001,1.0,1
202,F2025,anchor1,8,Beyonce Lemonade,2016,2010,2012,2.0,1
202,F2025,anchor1,9,Hollywood Sign,1923,1950,2013,1.0,1
202,F2025,anchor1,10,Starbucks,1971,1950,1938,2.0,1
439,F2025,anchor1,1,Coachella,1999,2010,,1.0,1
439,F2025,anchor1,2,In-n-Out,1948,1930,2008,2.0,1
439,F2025,anchor1,3,Golden Gate,1937,1960,1945,1.0,1
439,F2025,anchor1,4,Harry Potter,2001,1985,1950,2.0,1
439,F2025,anchor1,5,Game of Thrones,2011,2020,2003,1.0,1
439,F2025,anchor1,6,Avatar,2009,2000,2017,2.0,1
439,F2025,anchor1,7,Obamacare,2010,2015,2003,1.0,1
439,F2025,anchor1,8,Beyonce Lemonade,2016,2010,2013,2.0,1
439,F2025,anchor1,9,Hollywood Sign,1923,1950,2014,1.0,1
439,F2025,anchor1,10,Starbucks,1971,1950,1940,1.0,1
119,F2025,anchor1,1,Coachella,1999,2010,,1.0,1
119,F2025,anchor1,2,In-n-Out,1948,1930,1990,2.0,1
119,F2025,anchor1,3,Golden Gate,1937,1960,1941,1.0,1
119,F2025,anchor1,4,Harry Potter,2001,1985,1955,2.0,1
119,F2025,anchor1,5,Game of Thrones,2011,2020,1995,1.0,1
119,F2025,anchor1,6,Avatar,2009,2000,2010,2.0,1
119,F2025,anchor1,7,Obamacare,2010,2015,2006,1.0,1
119,F2025,anchor1,8,Beyonce Lemonade,2016,2010,2012,1.0,1
119,F2025,anchor1,9,Hollywood Sign,1923,1950,2006,2.0,1
119,F2025,anchor1,10,Starbucks,1971,1950,1955,2.0,1
410,F2025,anchor1,1,Coachella,1999,2010,,1.0,1
410,F2025,anchor1,2,In-n-Out,1948,1930,2000,2.0,1
410,F2025,anchor1,3,Golden Gate,1937,1960,1950,1.0,1
410,F2025,anchor1,4,Harry Potter,2001,1985,1950,2.0,1
410,F2025,anchor1,5,Game of Thrones,2011,2020,2000,1.0,1
410,F2025,anchor1,6,Avatar,2009,2000,2003,2.0,1
410,F2025,anchor1,7,Obamacare,2010,2015,2010,1.0,1
410,F2025,anchor1,8,Beyonce Lemonade,2016,2010,2010,1.0,1
410,F2025,anchor1,9,Hollywood Sign,1923,1950,2009,1.0,1
410,F2025,anchor1,10,Starbucks,1971,1950,1900,2.0,1
194,F2025,anchor1,1,Coachella,1999,2010,,1.0,1
194,F2025,anchor1,2,In-n-Out,1948,1930,1992,2.0,1
194,F2025,anchor1,3,Golden Gate,1937,1960,1955,1.0,1
194,F2025,anchor1,4,Harry Potter,2001,1985,1940,2.0,1
194,F2025,anchor1,5,Game of Thrones,2011,2020,1997,1.0,1
194,F2025,anchor1,6,Avatar,2009,2000,2014,2.0,1
194,F2025,anchor1,7,Obamacare,2010,2015,2004,1.0,1
194,F2025,anchor1,8,Beyonce Lemonade,2016,2010,2012,2.0,1
194,F2025,anchor1,9,Hollywood Sign,1923,1950,2016,1.0,1
194,F2025,anchor1,10,Starbucks,1971,1950,1920,2.0,1
132,F2025,anchor1,1,Coachella,1999,2010,,2.0,1
132,F2025,anchor1,2,In-n-Out,1948,1930,2015,2.0,1
132,F2025,anchor1,3,Golden Gate,1937,1960,1940,2.0,1
132,F2025,anchor1,4,Harry Potter,2001,1985,1970,2.0,1
132,F2025,anchor1,5,Game of Thrones,2011,2020,2000,1.0,1
132,F2025,anchor1,6,Avatar,2009,2000,2015,2.0,1
132,F2025,anchor1,7,Obamacare,2010,2015,2013,1.0,1
132,F2025,anchor1,8,Beyonce Lemonade,2016,2010,2011,1.0,1
132,F2025,anchor1,9,Hollywood Sign,1923,1950,2008,1.0,1
132,F2025,anchor1,10,Starbucks,1971,1950,1940,2.0,1
381,F2025,anchor1,1,Coachella,1999,2010,,1.0,1
381,F2025,anchor1,2,In-n-Out,1948,1930,1990,2.0,1
381,F2025,anchor1,3,Golden Gate,1937,1960,1976,1.0,1
381,F2025,anchor1,4,Harry Potter,2001,1985,1904,2.0,1
381,F2025,anchor1,5,Game of Thrones,2011,2020,1995,1.0,1
381,F2025,anchor1,6,Avatar,2009,2000,2000,2.0,1
381,F2025,anchor1,7,Obamacare,2010,2015,2008,1.0,1
381,F2025,anchor1,8,Beyonce Lemonade,2016,2010,2009,2.0,1
381,F2025,anchor1,9,Hollywood Sign,1923,1950,2011,1.0,1
381,F2025,anchor1,10,Starbucks,1971,1950,1930,1.0,1
151,F2025,anchor1,1,Coachella,1999,2010,,1.0,1
151,F2025,anchor1,2,In-n-Out,1948,1930,2005,1.0,1
151,F2025,anchor1,3,Golden Gate,1937,1960,1915,1.0,1
151,F2025,anchor1,4,Harry Potter,2001,1985,1919,2.0,1
151,F2025,anchor1,5,Game of Thrones,2011,2020,2000,1.0,1
151,F2025,anchor1,6,Avatar,2009,2000,2010,2.0,1
151,F2025,anchor1,7,Obamacare,2010,2015,2013,1.0,1
151,F2025,anchor1,8,Beyonce Lemonade,2016,2010,2014,2.0,1
151,F2025,anchor1,9,Hollywood Sign,1923,1950,2013,1.0,1
151,F2025,anchor1,10,Starbucks,1971,1950,1940,2.0,1
351,F2025,anchor1,1,Coachella,1999,2010,,2.0,1
351,F2025,anchor1,2,In-n-Out,1948,1930,2019,2.0,1
351,F2025,anchor1,3,Golden Gate,1937,1960,1940,1.0,1
351,F2025,anchor1,4,Harry Potter,2001,1985,1920,2.0,1
351,F2025,anchor1,5,Game of Thrones,2011,2020,2000,1.0,1
351,F2025,anchor1,6,Avatar,2009,2000,2011,2.0,1
351,F2025,anchor1,7,Obamacare,2010,2015,2010,1.0,1
351,F2025,anchor1,8,Beyonce Lemonade,2016,2010,2010,2.0,1
351,F2025,anchor1,9,Hollywood Sign,1923,1950,2012,1.0,1
351,F2025,anchor1,10,Starbucks,1971,1950,1940,2.0,1
389,F2025,anchor1,1,Coachella,1999,2010,,2.0,1
389,F2025,anchor1,2,In-n-Out,1948,1930,2015,2.0,1
389,F2025,anchor1,3,Golden Gate,1937,1960,1970,1.0,1
389,F2025,anchor1,4,Harry Potter,2001,1985,1953,2.0,1
389,F2025,anchor1,5,Game of Thrones,2011,2020,2008,1.0,1
389,F2025,anchor1,6,Avatar,2009,2000,2007,2.0,1
389,F2025,anchor1,7,Obamacare,2010,2015,2008,1.0,1
389,F2025,anchor1,8,Beyonce Lemonade,2016,2010,2013,2.0,1
389,F2025,anchor1,9,Hollywood Sign,1923,1950,2014,2.0,1
389,F2025,anchor1,10,Starbucks,1971,1950,1961,2.0,1
409,F2025,anchor1,1,Coachella,1999,2010,,2.0,1
409,F2025,anchor1,2,In-n-Out,1948,1930,2012,2.0,1
409,F2025,anchor1,3,Golden Gate,1937,1960,1967,1.0,1
409,F2025,anchor1,4,Harry Potter,2001,1985,1953,2.0,1
409,F2025,anchor1,5,Game of Thrones,2011,2020,2003,1.0,1
409,F2025,anchor1,6,Avatar,2009,2000,2011,2.0,1
409,F2025,anchor1,7,Obamacare,2010,2015,2012,1.0,1
409,F2025,anchor1,8,Beyonce Lemonade,2016,2010,2012,2.0,1
409,F2025,anchor1,9,Hollywood Sign,1923,1950,2013,1.0,1
409,F2025,anchor1,10,Starbucks,1971,1950,1932,2.0,1
208,F2025,anchor1,1,Coachella,1999,2010,,1.0,1
208,F2025,anchor1,2,In-n-Out,1948,1930,2005,2.0,1
208,F2025,anchor1,3,Golden Gate,1937,1960,1960,2.0,1
208,F2025,anchor1,4,Harry Potter,2001,1985,1965,2.0,1
208,F2025,anchor1,5,Game of Thrones,2011,2020,1990,1.0,1
208,F2025,anchor1,6,Avatar,2009,2000,2015,2.0,1
208,F2025,anchor1,7,Obamacare,2010,2015,2005,1.0,1
208,F2025,anchor1,8,Beyonce Lemonade,2016,2010,2010,1.0,1
208,F2025,anchor1,9,Hollywood Sign,1923,1950,2008,2.0,1
208,F2025,anchor1,10,Starbucks,1971,1950,1960,2.0,1
433,F2025,anchor1,1,Coachella,1999,2010,,2.0,1
433,F2025,anchor1,2,In-n-Out,1948,1930,2010,2.0,1
433,F2025,anchor1,3,Golden Gate,1937,1960,1938,2.0,1
433,F2025,anchor1,4,Harry Potter,2001,1985,1965,1.0,1
433,F2025,anchor1,5,Game of Thrones,2011,2020,1980,2.0,1
433,F2025,anchor1,6,Avatar,2009,2000,2018,2.0,1
433,F2025,anchor1,7,Obamacare,2010,2015,2002,2.0,1
433,F2025,anchor1,8,Beyonce Lemonade,2016,2010,2016,2.0,1
433,F2025,anchor1,9,Hollywood Sign,1923,1950,2014,2.0,1
433,F2025,anchor1,10,Starbucks,1971,1950,1952,2.0,1
315,F2025,anchor1,1,Coachella,1999,2010,,1.0,1
315,F2025,anchor1,2,In-n-Out,1948,1930,2008,2.0,1
315,F2025,anchor1,3,Golden Gate,1937,1960,1950,1.0,1
315,F2025,anchor1,4,Harry Potter,2001,1985,1950,2.0,1
315,F2025,anchor1,5,Game of Thrones,2011,2020,2000,1.0,1
315,F2025,anchor1,6,Avatar,2009,2000,2019,2.0,1
315,F2025,anchor1,7,Obamacare,2010,2015,2004,1.0,1
315,F2025,anchor1,8,Beyonce Lemonade,2016,2010,2014,2.0,1
315,F2025,anchor1,9,Hollywood Sign,1923,1950,2016,1.0,1
315,F2025,anchor1,10,Starbucks,1971,1950,1930,2.0,1
512,F2025,anchor1,1,Coachella,1999,2010,,1.0,1
512,F2025,anchor1,2,In-n-Out,1948,1930,2001,2.0,1
512,F2025,anchor1,3,Golden Gate,1937,1960,1945,1.0,1
512,F2025,anchor1,4,Harry Potter,2001,1985,1952,2.0,1
512,F2025,anchor1,5,Game of Thrones,2011,2020,2003,1.0,1
512,F2025,anchor1,6,Avatar,2009,2000,2010,2.0,1
512,F2025,anchor1,7,Obamacare,2010,2015,2006,1.0,1
512,F2025,anchor1,8,Beyonce Lemonade,2016,2010,2013,2.0,1
512,F2025,anchor1,9,Hollywood Sign,1923,1950,2011,1.0,1
512,F2025,anchor1,10,Starbucks,1971,1950,1930,1.0,1
429,F2025,anchor1,1,Coachella,1999,2010,,1.0,1
429,F2025,anchor1,2,In-n-Out,1948,1930,2005,1.0,1
429,F2025,anchor1,3,Golden Gate,1937,1960,1925,1.0,1
429,F2025,anchor1,4,Harry Potter,2001,1985,1930,2.0,1
429,F2025,anchor1,5,Game of Thrones,2011,2020,1987,1.0,1
429,F2025,anchor1,6,Avatar,2009,2000,2013,2.0,1
429,F2025,anchor1,7,Obamacare,2010,2015,2010,2.0,1
429,F2025,anchor1,8,Beyonce Lemonade,2016,2010,2016,2.0,1
429,F2025,anchor1,9,Hollywood Sign,1923,1950,2015,1.0,1
429,F2025,anchor1,10,Starbucks,1971,1950,1945,2.0,1
572,F2025,anchor1,1,Coachella,1999,2010,,1.0,1
572,F2025,anchor1,2,In-n-Out,1948,1930,2000,2.0,1
572,F2025,anchor1,3,Golden Gate,1937,1960,1960,1.0,1
572,F2025,anchor1,4,Harry Potter,2001,1985,1940,2.0,1
572,F2025,anchor1,5,Game of Thrones,2011,2020,1995,1.0,1
572,F2025,anchor1,6,Avatar,2009,2000,2011,2.0,1
572,F2025,anchor1,7,Obamacare,2010,2015,2016,2.0,1
572,F2025,anchor1,8,Beyonce Lemonade,2016,2010,2016,2.0,1
572,F2025,anchor1,9,Hollywood Sign,1923,1950,2016,1.0,1
572,F2025,anchor1,10,Starbucks,1971,1950,1940,2.0,1
279,F2025,anchor1,1,Coachella,1999,2010,,1.0,1
279,F2025,anchor1,2,In-n-Out,1948,1930,2008,2.0,1
279,F2025,anchor1,3,Golden Gate,1937,1960,1953,2.0,1
279,F2025,anchor1,4,Harry Potter,2001,1985,1969,2.0,1
279,F2025,anchor1,5,Game of Thrones,2011,2020,2004,1.0,1
279,F2025,anchor1,6,Avatar,2009,2000,2018,2.0,1
279,F2025,anchor1,7,Obamacare,2010,2015,2010,2.0,1
279,F2025,anchor1,8,Beyonce Lemonade,2016,2010,2016,2.0,1
279,F2025,anchor1,9,Hollywood Sign,1923,1950,2011,2.0,1
279,F2025,anchor1,10,Starbucks,1971,1950,1955,1.0,1
237,F2025,anchor1,1,Coachella,1999,2010,,2.0,1
237,F2025,anchor1,2,In-n-Out,1948,1930,2014,2.0,1
237,F2025,anchor1,3,Golden Gate,1937,1960,1979,1.0,1
237,F2025,anchor1,4,Harry Potter,2001,1985,1890,2.0,1
237,F2025,anchor1,5,Game of Thrones,2011,2020,1995,1.0,1
237,F2025,anchor1,6,Avatar,2009,2000,2012,1.0,1
237,F2025,anchor1,7,Obamacare,2010,2015,1998,1.0,1
237,F2025,anchor1,8,Beyonce Lemonade,2016,2010,2008,2.0,1
237,F2025,anchor1,9,Hollywood Sign,1923,1950,2012,1.0,1
237,F2025,anchor1,10,Starbucks,1971,1950,1920,1.0,1
176,F2025,anchor1,1,Coachella,1999,2010,,2.0,1
176,F2025,anchor1,2,In-n-Out,1948,1930,2011,2.0,1
176,F2025,anchor1,3,Golden Gate,1937,1960,1990,1.0,1
176,F2025,anchor1,4,Harry Potter,2001,1985,1950,2.0,1
176,F2025,anchor1,5,Game of Thrones,2011,2020,1999,1.0,1
176,F2025,anchor1,6,Avatar,2009,2000,2015,1.0,1
176,F2025,anchor1,7,Obamacare,2010,2015,1998,1.0,1
176,F2025,anchor1,8,Beyonce Lemonade,2016,2010,2012,2.0,1
176,F2025,anchor1,9,Hollywood Sign,1923,1950,2015,2.0,1
176,F2025,anchor1,10,Starbucks,1971,1950,1970,2.0,1
3,F2025,anchor1,1,Coachella,1999,2010,,1.0,1
3,F2025,anchor1,2,In-n-Out,1948,1930,2007,2.0,1
3,F2025,anchor1,3,Golden Gate,1937,1960,1940,1.0,1
3,F2025,anchor1,4,Harry Potter,2001,1985,1964,2.0,1
3,F2025,anchor1,5,Game of Thrones,2011,2020,1991,1.0,1
3,F2025,anchor1,6,Avatar,2009,2000,2017,2.0,1
3,F2025,anchor1,7,Obamacare,2010,2015,2001,1.0,1
3,F2025,anchor1,8,Beyonce Lemonade,2016,2010,2014,1.0,1
3,F2025,anchor1,9,Hollywood Sign,1923,1950,2001,2.0,1
3,F2025,anchor1,10,Starbucks,1971,1950,1969,2.0,1
347,F2025,anchor1,1,Coachella,1999,2010,,1.0,1
347,F2025,anchor1,2,In-n-Out,1948,1930,1999,2.0,1
347,F2025,anchor1,3,Golden Gate,1937,1960,1970,1.0,1
347,F2025,anchor1,4,Harry Potter,2001,1985,1947,2.0,1
347,F2025,anchor1,5,Game of Thrones,2011,2020,2005,1.0,1
347,F2025,anchor1,6,Avatar,2009,2000,2010,2.0,1
347,F2025,anchor1,7,Obamacare,2010,2015,2007,1.0,1
347,F2025,anchor1,8,Beyonce Lemonade,2016,2010,2012,2.0,1
347,F2025,anchor1,9,Hollywood Sign,1923,1950,2015,1.0,1
347,F2025,anchor1,10,Starbucks,1971,1950,1948,2.0,1
331,F2025,anchor1,1,Coachella,1999,2010,,1.0,1
331,F2025,anchor1,2,In-n-Out,1948,1930,2008,1.0,1
331,F2025,anchor1,3,Golden Gate,1937,1960,1924,2.0,1
331,F2025,anchor1,4,Harry Potter,2001,1985,1964,2.0,1
331,F2025,anchor1,5,Game of Thrones,2011,2020,2002,1.0,1
331,F2025,anchor1,6,Avatar,2009,2000,2018,2.0,1
331,F2025,anchor1,7,Obamacare,2010,2015,2006,1.0,1
331,F2025,anchor1,8,Beyonce Lemonade,2016,2010,2013,1.0,1
331,F2025,anchor1,9,Hollywood Sign,1923,1950,2009,2.0,1
331,F2025,anchor1,10,Starbucks,1971,1950,1960,2.0,1
509,F2025,anchor1,1,Coachella,1999,2010,,1.0,1
509,F2025,anchor1,2,In-n-Out,1948,1930,2000,2.0,1
509,F2025,anchor1,3,Golden Gate,1937,1960,1940,1.0,1
509,F2025,anchor1,4,Harry Potter,2001,1985,1955,2.0,1
509,F2025,anchor1,5,Game of Thrones,2011,2020,2004,1.0,1
509,F2025,anchor1,6,Avatar,2009,2000,2015,2.0,1
509,F2025,anchor1,7,Obamacare,2010,2015,2004,1.0,1
509,F2025,anchor1,8,Beyonce Lemonade,2016,2010,2012,1.0,1
509,F2025,anchor1,9,Hollywood Sign,1923,1950,2000,1.0,1
509,F2025,anchor1,10,Starbucks,1971,1950,1938,1.0,1
571,F2025,anchor1,1,Coachella,1999,2010,,1.0,1
571,F2025,anchor1,2,In-n-Out,1948,1930,1980,2.0,1
571,F2025,anchor1,3,Golden Gate,1937,1960,1940,2.0,1
571,F2025,anchor1,4,Harry Potter,2001,1985,1976,2.0,1
571,F2025,anchor1,5,Game of Thrones,2011,2020,2000,1.0,1
571,F2025,anchor1,6,Avatar,2009,2000,2011,2.0,1
571,F2025,anchor1,7,Obamacare,2010,2015,2006,1.0,1
571,F2025,anchor1,8,Beyonce Lemonade,2016,2010,2012,2.0,1
571,F2025,anchor1,9,Hollywood Sign,1923,1950,2016,2.0,1
571,F2025,anchor1,10,Starbucks,1971,1950,1964,2.0,1
414,F2025,anchor1,1,Coachella,1999,2010,,1.0,1
414,F2025,anchor1,2,In-n-Out,1948,1930,1998,2.0,1
414,F2025,anchor1,3,Golden Gate,1937,1960,1950,1.0,1
414,F2025,anchor1,4,Harry Potter,2001,1985,1958,2.0,1
414,F2025,anchor1,5,Game of Thrones,2011,2020,1994,1.0,1
414,F2025,anchor1,6,Avatar,2009,2000,2016,2.0,1
414,F2025,anchor1,7,Obamacare,2010,2015,2006,1.0,1
414,F2025,anchor1,8,Beyonce Lemonade,2016,2010,2009,1.0,1
414,F2025,anchor1,9,Hollywood Sign,1923,1950,2005,1.0,1
414,F2025,anchor1,10,Starbucks,1971,1950,1940,2.0,1
493,F2025,anchor1,1,Coachella,1999,2010,,1.0,1
493,F2025,anchor1,2,In-n-Out,1948,1930,1999,2.0,1
493,F2025,anchor1,3,Golden Gate,1937,1960,1966,1.0,1
493,F2025,anchor1,4,Harry Potter,2001,1985,1930,2.0,1
493,F2025,anchor1,5,Game of Thrones,2011,2020,2002,1.0,1
493,F2025,anchor1,6,Avatar,2009,2000,2014,2.0,1
493,F2025,anchor1,7,Obamacare,2010,2015,2009,1.0,1
493,F2025,anchor1,8,Beyonce Lemonade,2016,2010,2012,2.0,1
493,F2025,anchor1,9,Hollywood Sign,1923,1950,2016,1.0,1
493,F2025,anchor1,10,Starbucks,1971,1950,1930,2.0,1
154,F2025,anchor1,1,Coachella,1999,2010,,2.0,1
154,F2025,anchor1,2,In-n-Out,1948,1930,2015,2.0,1
154,F2025,anchor1,3,Golden Gate,1937,1960,1950,1.0,1
154,F2025,anchor1,4,Harry Potter,2001,1985,1900,2.0,1
154,F2025,anchor1,5,Game of Thrones,2011,2020,1990,1.0,1
154,F2025,anchor1,6,Avatar,2009,2000,2018,2.0,1
154,F2025,anchor1,7,Obamacare,2010,2015,2004,1.0,1
154,F2025,anchor1,8,Beyonce Lemonade,2016,2010,2009,2.0,1
154,F2025,anchor1,9,Hollywood Sign,1923,1950,2018,1.0,1
154,F2025,anchor1,10,Starbucks,1971,1950,1930,2.0,1
271,F2025,anchor1,1,Coachella,1999,2010,,1.0,1
271,F2025,anchor1,2,In-n-Out,1948,1930,2007,2.0,1
271,F2025,anchor1,3,Golden Gate,1937,1960,1950,1.0,1
271,F2025,anchor1,4,Harry Potter,2001,1985,1956,2.0,1
271,F2025,anchor1,5,Game of Thrones,2011,2020,2003,1.0,1
271,F2025,anchor1,6,Avatar,2009,2000,2014,2.0,1
271,F2025,anchor1,7,Obamacare,2010,2015,2006,1.0,1
271,F2025,anchor1,8,Beyonce Lemonade,2016,2010,2013,2.0,1
271,F2025,anchor1,9,Hollywood Sign,1923,1950,2022,2.0,1
271,F2025,anchor1,10,Starbucks,1971,1950,1952,1.0,1
304,F2025,anchor1,1,Coachella,1999,2010,,1.0,1
304,F2025,anchor1,2,In-n-Out,1948,1930,1998,2.0,1
304,F2025,anchor1,3,Golden Gate,1937,1960,1976,2.0,1
304,F2025,anchor1,4,Harry Potter,2001,1985,1979,2.0,1
304,F2025,anchor1,5,Game of Thrones,2011,2020,1996,1.0,1
304,F2025,anchor1,6,Avatar,2009,2000,2010,2.0,1
304,F2025,anchor1,7,Obamacare,2010,2015,2010,2.0,1
304,F2025,anchor1,8,Beyonce Lemonade,2016,2010,2017,1.0,1
304,F2025,anchor1,9,Hollywood Sign,1923,1950,2008,1.0,1
304,F2025,anchor1,10,Starbucks,1971,1950,1929,2.0,1
378,F2025,anchor1,1,Coachella,1999,2010,,1.0,1
378,F2025,anchor1,2,In-n-Out,1948,1930,1999,2.0,1
378,F2025,anchor1,3,Golden Gate,1937,1960,1950,1.0,1
378,F2025,anchor1,4,Harry Potter,2001,1985,1935,2.0,1
378,F2025,anchor1,5,Game of Thrones,2011,2020,1990,1.0,1
378,F2025,anchor1,6,Avatar,2009,2000,2010,2.0,1
378,F2025,anchor1,7,Obamacare,2010,2015,2010,1.0,1
378,F2025,anchor1,8,Beyonce Lemonade,2016,2010,2010,2.0,1
378,F2025,anchor1,9,Hollywood Sign,1923,1950,2015,1.0,1
378,F2025,anchor1,10,Starbucks,1971,1950,1930,2.0,1
417,F2025,anchor1,1,Coachella,1999,2010,,1.0,1
417,F2025,anchor1,2,In-n-Out,1948,1930,2008,2.0,1
417,F2025,anchor1,3,Golden Gate,1937,1960,1960,1.0,1
417,F2025,anchor1,4,Harry Potter,2001,1985,1950,1.0,1
417,F2025,anchor1,5,Game of Thrones,2011,2020,1981,1.0,1
417,F2025,anchor1,6,Avatar,2009,2000,2019,1.0,1
417,F2025,anchor1,7,Obamacare,2010,2015,1992,2.0,1
417,F2025,anchor1,8,Beyonce Lemonade,2016,2010,2019,2.0,1
417,F2025,anchor1,9,Hollywood Sign,1923,1950,2011,2.0,1
417,F2025,anchor1,10,Starbucks,1971,1950,1970,1.0,1
453,F2025,anchor1,1,Coachella,1999,2010,,2.0,1
453,F2025,anchor1,2,In-n-Out,1948,1930,2013,1.0,1
453,F2025,anchor1,3,Golden Gate,1937,1960,1918,1.0,1
453,F2025,anchor1,4,Harry Potter,2001,1985,1959,2.0,1
453,F2025,anchor1,5,Game of Thrones,2011,2020,2000,1.0,1
453,F2025,anchor1,6,Avatar,2009,2000,2014,2.0,1
453,F2025,anchor1,7,Obamacare,2010,2015,2002,1.0,1
453,F2025,anchor1,8,Beyonce Lemonade,2016,2010,2013,2.0,1
453,F2025,anchor1,9,Hollywood Sign,1923,1950,2011,1.0,1
453,F2025,anchor1,10,Starbucks,1971,1950,1948,2.0,1
173,F2025,anchor1,1,Coachella,1999,2010,,1.0,1
173,F2025,anchor1,2,In-n-Out,1948,1930,2002,2.0,1
173,F2025,anchor1,3,Golden Gate,1937,1960,1973,1.0,1
173,F2025,anchor1,4,Harry Potter,2001,1985,1950,2.0,1
173,F2025,anchor1,5,Game of Thrones,2011,2020,1990,1.0,1
173,F2025,anchor1,6,Avatar,2009,2000,2018,2.0,1
173,F2025,anchor1,7,Obamacare,2010,2015,2012,1.0,1
173,F2025,anchor1,8,Beyonce Lemonade,2016,2010,2012,2.0,1
173,F2025,anchor1,9,Hollywood Sign,1923,1950,2011,2.0,1
173,F2025,anchor1,10,Starbucks,1971,1950,1960,2.0,1
64,F2025,anchor1,1,Coachella,1999,2010,,2.0,1
64,F2025,anchor1,2,In-n-Out,1948,1930,2016,1.0,1
64,F2025,anchor1,3,Golden Gate,1937,1960,1926,2.0,1
64,F2025,anchor1,4,Harry Potter,2001,1985,1965,2.0,1
64,F2025,anchor1,5,Game of Thrones,2011,2020,1995,1.0,1
64,F2025,anchor1,6,Avatar,2009,2000,2019,2.0,1
64,F2025,anchor1,7,Obamacare,2010,2015,2005,1.0,1
64,F2025,anchor1,8,Beyonce Lemonade,2016,2010,2010,2.0,1
64,F2025,anchor1,9,Hollywood Sign,1923,1950,2015,2.0,1
64,F2025,anchor1,10,Starbucks,1971,1950,1965,2.0,1
243,F2025,anchor1,1,Coachella,1999,2010,,1.0,1
243,F2025,anchor1,2,In-n-Out,1948,1930,2006,2.0,1
243,F2025,anchor1,3,Golden Gate,1937,1960,1965,1.0,1
243,F2025,anchor1,4,Harry Potter,2001,1985,1950,2.0,1
243,F2025,anchor1,5,Game of Thrones,2011,2020,2013,1.0,1
243,F2025,anchor1,6,Avatar,2009,2000,2007,2.0,1
243,F2025,anchor1,7,Obamacare,2010,2015,2002,2.0,1
243,F2025,anchor1,8,Beyonce Lemonade,2016,2010,2016,1.0,1
243,F2025,anchor1,9,Hollywood Sign,1923,1950,2008,1.0,1
243,F2025,anchor1,10,Starbucks,1971,1950,1940,2.0,1
126,F2025,anchor1,1,Coachella,1999,2010,,1.0,1
126,F2025,anchor1,2,In-n-Out,1948,1930,1990,2.0,1
126,F2025,anchor1,3,Golden Gate,1937,1960,1970,1.0,1
126,F2025,anchor1,4,Harry Potter,2001,1985,1950,2.0,1
126,F2025,anchor1,5,Game of Thrones,2011,2020,1995,1.0,1
126,F2025,anchor1,6,Avatar,2009,2000,2010,2.0,1
126,F2025,anchor1,7,Obamacare,2010,2015,2005,2.0,1
126,F2025,anchor1,8,Beyonce Lemonade,2016,2010,2017,1.0,1
126,F2025,anchor1,9,Hollywood Sign,1923,1950,1996,2.0,1
126,F2025,anchor1,10,Starbucks,1971,1950,2000,2.0,1
497,F2025,anchor1,1,Coachella,1999,2010,,1.0,1
497,F2025,anchor1,2,In-n-Out,1948,1930,2003,2.0,1
497,F2025,anchor1,3,Golden Gate,1937,1960,1954,1.0,1
497,F2025,anchor1,4,Harry Potter,2001,1985,1954,2.0,1
497,F2025,anchor1,5,Game of Thrones,2011,2020,2004,1.0,1
497,F2025,anchor1,6,Avatar,2009,2000,2010,2.0,1
497,F2025,anchor1,7,Obamacare,2010,2015,2003,2.0,1
497,F2025,anchor1,8,Beyonce Lemonade,2016,2010,2016,2.0,1
497,F2025,anchor1,9,Hollywood Sign,1923,1950,2014,2.0,1
497,F2025,anchor1,10,Starbucks,1971,1950,1967,2.0,1
200,F2025,anchor1,1,Coachella,1999,2010,,2.0,1
200,F2025,anchor1,2,In-n-Out,1948,1930,2015,2.0,1
200,F2025,anchor1,3,Golden Gate,1937,1960,1970,1.0,1
200,F2025,anchor1,4,Harry Potter,2001,1985,1930,2.0,1
200,F2025,anchor1,5,Game of Thrones,2011,2020,1998,1.0,1
200,F2025,anchor1,6,Avatar,2009,2000,2008,2.0,1
200,F2025,anchor1,7,Obamacare,2010,2015,2005,1.0,1
200,F2025,anchor1,8,Beyonce Lemonade,2016,2010,2013,1.0,1
200,F2025,anchor1,9,Hollywood Sign,1923,1950,2007,1.0,1
200,F2025,anchor1,10,Starbucks,1971,1950,1920,2.0,1
136,F2025,anchor1,1,Coachella,1999,2010,,1.0,1
136,F2025,anchor1,2,In-n-Out,1948,1930,1978,2.0,1
136,F2025,anchor1,3,Golden Gate,1937,1960,1952,1.0,1
136,F2025,anchor1,4,Harry Potter,2001,1985,1923,2.0,1
136,F2025,anchor1,5,Game of Thrones,2011,2020,2001,1.0,1
136,F2025,anchor1,6,Avatar,2009,2000,2014,2.0,1
136,F2025,anchor1,7,Obamacare,2010,2015,2002,1.0,1
136,F2025,anchor1,8,Beyonce Lemonade,2016,2010,2012,2.0,1
136,F2025,anchor1,9,Hollywood Sign,1923,1950,2015,1.0,1
136,F2025,anchor1,10,Starbucks,1971,1950,1927,2.0,1
167,F2025,anchor1,1,Coachella,1999,2010,,2.0,1
167,F2025,anchor1,2,In-n-Out,1948,1930,2012,2.0,1
167,F2025,anchor1,3,Golden Gate,1937,1960,1965,1.0,1
167,F2025,anchor1,4,Harry Potter,2001,1985,1925,2.0,1
167,F2025,anchor1,5,Game of Thrones,2011,2020,1998,1.0,1
167,F2025,anchor1,6,Avatar,2009,2000,2016,2.0,1
167,F2025,anchor1,7,Obamacare,2010,2015,2009,1.0,1
167,F2025,anchor1,8,Beyonce Lemonade,2016,2010,2014,1.0,1
167,F2025,anchor1,9,Hollywood Sign,1923,1950,2005,2.0,1
167,F2025,anchor1,10,Starbucks,1971,1950,1960,1.0,1
321,F2025,anchor1,1,Coachella,1999,2010,,2.0,1
321,F2025,anchor1,2,In-n-Out,1948,1930,2011,2.0,1
321,F2025,anchor1,3,Golden Gate,1937,1960,1950,2.0,1
321,F2025,anchor1,4,Harry Potter,2001,1985,1967,2.0,1
321,F2025,anchor1,5,Game of Thrones,2011,2020,1990,1.0,1
321,F2025,anchor1,6,Avatar,2009,2000,2012,2.0,1
321,F2025,anchor1,7,Obamacare,2010,2015,2004,2.0,1
321,F2025,anchor1,8,Beyonce Lemonade,2016,2010,2016,2.0,1
321,F2025,anchor1,9,Hollywood Sign,1923,1950,2012,2.0,1
321,F2025,anchor1,10,Starbucks,1971,1950,1960,2.0,1
447,F2025,anchor1,1,Coachella,1999,2010,,2.0,1
447,F2025,anchor1,2,In-n-Out,1948,1930,2016,2.0,1
447,F2025,anchor1,3,Golden Gate,1937,1960,1931,1.0,1
447,F2025,anchor1,4,Harry Potter,2001,1985,1968,2.0,1
447,F2025,anchor1,5,Game of Thrones,2011,2020,2005,1.0,1
447,F2025,anchor1,6,Avatar,2009,2000,2009,2.0,1
447,F2025,anchor1,7,Obamacare,2010,2015,2012,1.0,1
447,F2025,anchor1,8,Beyonce Lemonade,2016,2010,2013,2.0,1
447,F2025,anchor1,9,Hollywood Sign,1923,1950,2020,1.0,1
447,F2025,anchor1,10,Starbucks,1971,1950,1949,2.0,1
291,F2025,anchor1,1,Coachella,1999,2010,,1.0,1
291,F2025,anchor1,2,In-n-Out,1948,1930,1999,2.0,1
291,F2025,anchor1,3,Golden Gate,1937,1960,1948,1.0,1
291,F2025,anchor1,4,Harry Potter,2001,1985,1937,2.0,1
291,F2025,anchor1,5,Game of Thrones,2011,2020,2001,1.0,1
291,F2025,anchor1,6,Avatar,2009,2000,2011,2.0,1
291,F2025,anchor1,7,Obamacare,2010,2015,2009,1.0,1
291,F2025,anchor1,8,Beyonce Lemonade,2016,2010,2010,2.0,1
291,F2025,anchor1,9,Hollywood Sign,1923,1950,2016,1.0,1
291,F2025,anchor1,10,Starbucks,1971,1950,1923,2.0,1
573,F2025,anchor1,1,Coachella,1999,2010,,1.0,1
573,F2025,anchor1,2,In-n-Out,1948,1930,1998,1.0,1
573,F2025,anchor1,3,Golden Gate,1937,1960,1900,1.0,1
573,F2025,anchor1,4,Harry Potter,2001,1985,1950,2.0,1
573,F2025,anchor1,5,Game of Thrones,2011,2020,2000,1.0,1
573,F2025,anchor1,6,Avatar,2009,2000,2016,2.0,1
573,F2025,anchor1,7,Obamacare,2010,2015,2004,2.0,1
573,F2025,anchor1,8,Beyonce Lemonade,2016,2010,2016,2.0,1
573,F2025,anchor1,9,Hollywood Sign,1923,1950,2012,1.0,1
573,F2025,anchor1,10,Starbucks,1971,1950,1930,2.0,1
373,F2025,anchor1,1,Coachella,1999,2010,,2.0,1
373,F2025,anchor1,2,In-n-Out,1948,1930,2011,2.0,1
373,F2025,anchor1,3,Golden Gate,1937,1960,1950,1.0,1
373,F2025,anchor1,4,Harry Potter,2001,1985,1950,1.0,1
373,F2025,anchor1,5,Game of Thrones,2011,2020,1983,1.0,1
373,F2025,anchor1,6,Avatar,2009,2000,1999,2.0,1
373,F2025,anchor1,7,Obamacare,2010,2015,2008,1.0,1
373,F2025,anchor1,8,Beyonce Lemonade,2016,2010,2014,2.0,1
373,F2025,anchor1,9,Hollywood Sign,1923,1950,2011,1.0,1
373,F2025,anchor1,10,Starbucks,1971,1950,1930,2.0,1
225,F2025,anchor1,1,Coachella,1999,2010,,1.0,1
225,F2025,anchor1,2,In-n-Out,1948,1930,2000,2.0,1
225,F2025,anchor1,3,Golden Gate,1937,1960,1944,1.0,1
225,F2025,anchor1,4,Harry Potter,2001,1985,1925,2.0,1
225,F2025,anchor1,5,Game of Thrones,2011,2020,2001,1.0,1
225,F2025,anchor1,6,Avatar,2009,2000,2012,2.0,1
225,F2025,anchor1,7,Obamacare,2010,2015,2011,1.0,1
225,F2025,anchor1,8,Beyonce Lemonade,2016,2010,2011,1.0,1
225,F2025,anchor1,9,Hollywood Sign,1923,1950,2004,1.0,1
225,F2025,anchor1,10,Starbucks,1971,1950,1925,2.0,1
261,F2025,anchor1,1,Coachella,1999,2010,,1.0,1
261,F2025,anchor1,2,In-n-Out,1948,1930,2008,2.0,1
261,F2025,anchor1,3,Golden Gate,1937,1960,1945,1.0,1
261,F2025,anchor1,4,Harry Potter,2001,1985,1940,2.0,1
261,F2025,anchor1,5,Game of Thrones,2011,2020,2001,1.0,1
261,F2025,anchor1,6,Avatar,2009,2000,2015,2.0,1
261,F2025,anchor1,7,Obamacare,2010,2015,2008,2.0,1
261,F2025,anchor1,8,Beyonce Lemonade,2016,2010,2016,2.0,1
261,F2025,anchor1,9,Hollywood Sign,1923,1950,2013,1.0,1
261,F2025,anchor1,10,Starbucks,1971,1950,1944,2.0,1
283,F2025,anchor1,1,Coachella,1999,2010,,1.0,1
283,F2025,anchor1,2,In-n-Out,1948,1930,1979,2.0,1
283,F2025,anchor1,3,Golden Gate,1937,1960,1946,1.0,1
283,F2025,anchor1,4,Harry Potter,2001,1985,1920,2.0,1
283,F2025,anchor1,5,Game of Thrones,2011,2020,2001,1.0,1
283,F2025,anchor1,6,Avatar,2009,2000,2011,2.0,1
283,F2025,anchor1,7,Obamacare,2010,2015,2007,1.0,1
283,F2025,anchor1,8,Beyonce Lemonade,2016,2010,2014,2.0,1
283,F2025,anchor1,9,Hollywood Sign,1923,1950,2016,2.0,1
283,F2025,anchor1,10,Starbucks,1971,1950,1970,2.0,1
468,F2025,anchor1,1,Coachella,1999,2010,,1.0,1
468,F2025,anchor1,2,In-n-Out,1948,1930,2005,2.0,1
468,F2025,anchor1,3,Golden Gate,1937,1960,1932,2.0,1
468,F2025,anchor1,4,Harry Potter,2001,1985,1972,2.0,1
468,F2025,anchor1,5,Game of Thrones,2011,2020,2001,1.0,1
468,F2025,anchor1,6,Avatar,2009,2000,2018,1.0,1
468,F2025,anchor1,7,Obamacare,2010,2015,1999,1.0,1
468,F2025,anchor1,8,Beyonce Lemonade,2016,2010,2012,2.0,1
468,F2025,anchor1,9,Hollywood Sign,1923,1950,2012,2.0,1
468,F2025,anchor1,10,Starbucks,1971,1950,1961,2.0,1
449,F2025,anchor1,1,Coachella,1999,2010,,1.0,1
449,F2025,anchor1,2,In-n-Out,1948,1930,2008,2.0,1
449,F2025,anchor1,3,Golden Gate,1937,1960,1964,2.0,1
449,F2025,anchor1,4,Harry Potter,2001,1985,1964,2.0,1
449,F2025,anchor1,5,Game of Thrones,2011,2020,2014,2.0,1
449,F2025,anchor1,6,Avatar,2009,2000,2021,2.0,1
449,F2025,anchor1,7,Obamacare,2010,2015,2004,2.0,1
449,F2025,anchor1,8,Beyonce Lemonade,2016,2010,2016,2.0,1
449,F2025,anchor1,9,Hollywood Sign,1923,1950,2018,1.0,1
449,F2025,anchor1,10,Starbucks,1971,1950,1940,2.0,1
85,F2025,anchor1,1,Coachella,1999,2010,,1.0,1
85,F2025,anchor1,2,In-n-Out,1948,1930,2003,2.0,1
85,F2025,anchor1,3,Golden Gate,1937,1960,1951,1.0,1
85,F2025,anchor1,4,Harry Potter,2001,1985,1892,2.0,1
85,F2025,anchor1,5,Game of Thrones,2011,2020,2001,1.0,1
85,F2025,anchor1,6,Avatar,2009,2000,2012,2.0,1
85,F2025,anchor1,7,Obamacare,2010,2015,2001,1.0,1
85,F2025,anchor1,8,Beyonce Lemonade,2016,2010,2009,2.0,1
85,F2025,anchor1,9,Hollywood Sign,1923,1950,2013,1.0,1
85,F2025,anchor1,10,Starbucks,1971,1950,1921,2.0,1
570,F2025,anchor1,1,Coachella,1999,2010,,1.0,1
570,F2025,anchor1,2,In-n-Out,1948,1930,2004,2.0,1
570,F2025,anchor1,3,Golden Gate,1937,1960,1966,1.0,1
570,F2025,anchor1,4,Harry Potter,2001,1985,1950,2.0,1
570,F2025,anchor1,5,Game of Thrones,2011,2020,1987,2.0,1
570,F2025,anchor1,6,Avatar,2009,2000,2000,1.0,1
570,F2025,anchor1,7,Obamacare,2010,2015,1996,2.0,1
570,F2025,anchor1,8,Beyonce Lemonade,2016,2010,2018,1.0,1
570,F2025,anchor1,9,Hollywood Sign,1923,1950,2002,1.0,1
570,F2025,anchor1,10,Starbucks,1971,1950,1942,2.0,1
362,F2025,anchor2,1,Coachella,1999,1980,,2.0,1
362,F2025,anchor2,2,In-n-Out,1948,1970,1988,2.0,1
362,F2025,anchor2,3,Golden Gate,1937,1890,1979,2.0,1
362,F2025,anchor2,4,Harry Potter,2001,2020,1905,1.0,1
362,F2025,anchor2,5,Game of Thrones,2011,2000,2011,1.0,1
362,F2025,anchor2,6,Avatar,2009,2020,1996,2.0,1
362,F2025,anchor2,7,Obamacare,2010,2005,2022,2.0,1
362,F2025,anchor2,8,Beyonce Lemonade,2016,2023,2006,2.0,1
362,F2025,anchor2,9,Hollywood Sign,1923,1850,2024,1.0,1
362,F2025,anchor2,10,Starbucks,1971,2003,1805,1.0,1
466,F2025,anchor2,1,Coachella,1999,1980,,2.0,1
466,F2025,anchor2,2,In-n-Out,1948,1970,1982,1.0,1
466,F2025,anchor2,3,Golden Gate,1937,1890,1940,2.0,1
466,F2025,anchor2,4,Harry Potter,2001,2020,1900,1.0,1
466,F2025,anchor2,5,Game of Thrones,2011,2000,2000,2.0,1
466,F2025,anchor2,6,Avatar,2009,2020,2010,1.0,1
466,F2025,anchor2,7,Obamacare,2010,2005,2004,2.0,1
466,F2025,anchor2,8,Beyonce Lemonade,2016,2023,2008,1.0,1
466,F2025,anchor2,9,Hollywood Sign,1923,1850,2016,2.0,1
466,F2025,anchor2,10,Starbucks,1971,2003,1920,1.0,1
98,F2025,anchor2,1,Coachella,1999,1980,,1.0,1
98,F2025,anchor2,2,In-n-Out,1948,1970,1973,1.0,1
98,F2025,anchor2,3,Golden Gate,1937,1890,1963,1.0,1
98,F2025,anchor2,4,Harry Potter,2001,2020,1800,1.0,1
98,F2025,anchor2,5,Game of Thrones,2011,2000,2003,2.0,1
98,F2025,anchor2,6,Avatar,2009,2020,2010,1.0,1
98,F2025,anchor2,7,Obamacare,2010,2005,2009,2.0,1
98,F2025,anchor2,8,Beyonce Lemonade,2016,2023,2017,1.0,1
98,F2025,anchor2,9,Hollywood Sign,1923,1850,2016,1.0,1
98,F2025,anchor2,10,Starbucks,1971,2003,1500,1.0,1
370,F2025,anchor2,1,Coachella,1999,1980,,2.0,1
370,F2025,anchor2,2,In-n-Out,1948,1970,1985,2.0,1
370,F2025,anchor2,3,Golden Gate,1937,1890,1975,2.0,1
370,F2025,anchor2,4,Harry Potter,2001,2020,1899,2.0,1
370,F2025,anchor2,5,Game of Thrones,2011,2000,2009,2.0,1
370,F2025,anchor2,6,Avatar,2009,2020,2009,1.0,1
370,F2025,anchor2,7,Obamacare,2010,2005,2011,2.0,1
370,F2025,anchor2,8,Beyonce Lemonade,2016,2023,2008,1.0,1
370,F2025,anchor2,9,Hollywood Sign,1923,1850,2018,1.0,1
370,F2025,anchor2,10,Starbucks,1971,2003,1845,1.0,1
330,F2025,anchor2,1,Coachella,1999,1980,,2.0,1
330,F2025,anchor2,2,In-n-Out,1948,1970,2003,2.0,1
330,F2025,anchor2,3,Golden Gate,1937,1890,1980,2.0,1
330,F2025,anchor2,4,Harry Potter,2001,2020,1920,1.0,1
330,F2025,anchor2,5,Game of Thrones,2011,2000,2007,2.0,1
330,F2025,anchor2,6,Avatar,2009,2020,2008,1.0,1
330,F2025,anchor2,7,Obamacare,2010,2005,2008,2.0,1
330,F2025,anchor2,8,Beyonce Lemonade,2016,2023,2012,1.0,1
330,F2025,anchor2,9,Hollywood Sign,1923,1850,2016,2.0,1
330,F2025,anchor2,10,Starbucks,1971,2003,1920,1.0,1
181,F2025,anchor2,1,Coachella,1999,1980,,2.0,1
181,F2025,anchor2,2,In-n-Out,1948,1970,1991,2.0,1
181,F2025,anchor2,3,Golden Gate,1937,1890,1972,2.0,1
181,F2025,anchor2,4,Harry Potter,2001,2020,1933,1.0,1
181,F2025,anchor2,5,Game of Thrones,2011,2000,1997,2.0,1
181,F2025,anchor2,6,Avatar,2009,2020,2013,1.0,1
181,F2025,anchor2,7,Obamacare,2010,2005,2009,2.0,1
181,F2025,anchor2,8,Beyonce Lemonade,2016,2023,2012,1.0,1
181,F2025,anchor2,9,Hollywood Sign,1923,1850,2017,2.0,1
181,F2025,anchor2,10,Starbucks,1971,2003,1924,1.0,1
444,F2025,anchor2,1,Coachella,1999,1980,,2.0,1
444,F2025,anchor2,2,In-n-Out,1948,1970,1982,1.0,1
444,F2025,anchor2,3,Golden Gate,1937,1890,1950,1.0,1
444,F2025,anchor2,4,Harry Potter,2001,2020,1975,1.0,1
444,F2025,anchor2,5,Game of Thrones,2011,2000,2006,2.0,1
444,F2025,anchor2,6,Avatar,2009,2020,2009,1.0,1
444,F2025,anchor2,7,Obamacare,2010,2005,2006,2.0,1
444,F2025,anchor2,8,Beyonce Lemonade,2016,2023,2009,1.0,1
444,F2025,anchor2,9,Hollywood Sign,1923,1850,2017,2.0,1
444,F2025,anchor2,10,Starbucks,1971,2003,1909,1.0,1
407,F2025,anchor2,1,Coachella,1999,1980,,1.0,1
407,F2025,anchor2,2,In-n-Out,1948,1970,1965,1.0,1
407,F2025,anchor2,3,Golden Gate,1937,1890,1958,1.0,1
407,F2025,anchor2,4,Harry Potter,2001,2020,1850,1.0,1
407,F2025,anchor2,5,Game of Thrones,2011,2000,1986,1.0,1
407,F2025,anchor2,6,Avatar,2009,2020,1995,1.0,1
407,F2025,anchor2,7,Obamacare,2010,2005,2015,2.0,1
407,F2025,anchor2,8,Beyonce Lemonade,2016,2023,2013,1.0,1
407,F2025,anchor2,9,Hollywood Sign,1923,1850,2012,2.0,1
407,F2025,anchor2,10,Starbucks,1971,2003,1870,2.0,1
533,F2025,anchor2,1,Coachella,1999,1980,,1.0,1
533,F2025,anchor2,2,In-n-Out,1948,1970,1960,2.0,1
533,F2025,anchor2,3,Golden Gate,1937,1890,1975,1.0,1
533,F2025,anchor2,4,Harry Potter,2001,2020,1875,1.0,1
533,F2025,anchor2,5,Game of Thrones,2011,2000,2001,2.0,1
533,F2025,anchor2,6,Avatar,2009,2020,2001,2.0,1
533,F2025,anchor2,7,Obamacare,2010,2005,2021,1.0,1
533,F2025,anchor2,8,Beyonce Lemonade,2016,2023,2004,1.0,1
533,F2025,anchor2,9,Hollywood Sign,1923,1850,2022,2.0,1
533,F2025,anchor2,10,Starbucks,1971,2003,1875,1.0,1
165,F2025,anchor2,1,Coachella,1999,1980,,1.0,1
165,F2025,anchor2,2,In-n-Out,1948,1970,1966,1.0,1
165,F2025,anchor2,3,Golden Gate,1937,1890,1950,2.0,1
165,F2025,anchor2,4,Harry Potter,2001,2020,1930,1.0,1
165,F2025,anchor2,5,Game of Thrones,2011,2000,2000,2.0,1
165,F2025,anchor2,6,Avatar,2009,2020,2010,1.0,1
165,F2025,anchor2,7,Obamacare,2010,2005,2009,2.0,1
165,F2025,anchor2,8,Beyonce Lemonade,2016,2023,2010,1.0,1
165,F2025,anchor2,9,Hollywood Sign,1923,1850,2022,2.0,1
165,F2025,anchor2,10,Starbucks,1971,2003,1950,1.0,1
457,F2025,anchor2,1,Coachella,1999,1980,,1.0,1
457,F2025,anchor2,2,In-n-Out,1948,1970,1978,1.0,1
457,F2025,anchor2,3,Golden Gate,1937,1890,1960,1.0,1
457,F2025,anchor2,4,Harry Potter,2001,2020,1860,1.0,1
457,F2025,anchor2,5,Game of Thrones,2011,2000,2008,2.0,1
457,F2025,anchor2,6,Avatar,2009,2020,2003,1.0,1
457,F2025,anchor2,7,Obamacare,2010,2005,1999,2.0,1
457,F2025,anchor2,8,Beyonce Lemonade,2016,2023,2010,1.0,1
457,F2025,anchor2,9,Hollywood Sign,1923,1850,2011,2.0,1
457,F2025,anchor2,10,Starbucks,1971,2003,1900,2.0,1
286,F2025,anchor2,1,Coachella,1999,1980,,1.0,1
286,F2025,anchor2,2,In-n-Out,1948,1970,1968,2.0,1
286,F2025,anchor2,3,Golden Gate,1937,1890,1978,1.0,1
286,F2025,anchor2,4,Harry Potter,2001,2020,1874,1.0,1
286,F2025,anchor2,5,Game of Thrones,2011,2000,1998,2.0,1
286,F2025,anchor2,6,Avatar,2009,2020,2008,1.0,1
286,F2025,anchor2,7,Obamacare,2010,2005,2011,2.0,1
286,F2025,anchor2,8,Beyonce Lemonade,2016,2023,2012,1.0,1
286,F2025,anchor2,9,Hollywood Sign,1923,1850,2012,1.0,1
286,F2025,anchor2,10,Starbucks,1971,2003,1811,1.0,1
575,F2025,anchor2,1,Coachella,1999,1980,,2.0,1
575,F2025,anchor2,2,In-n-Out,1948,1970,1999,2.0,1
575,F2025,anchor2,3,Golden Gate,1937,1890,1988,2.0,1
575,F2025,anchor2,4,Harry Potter,2001,2020,1977,1.0,1
575,F2025,anchor2,5,Game of Thrones,2011,2000,1980,2.0,1
575,F2025,anchor2,6,Avatar,2009,2020,2011,1.0,1
575,F2025,anchor2,7,Obamacare,2010,2005,2007,2.0,1
575,F2025,anchor2,8,Beyonce Lemonade,2016,2023,2012,1.0,1
575,F2025,anchor2,9,Hollywood Sign,1923,1850,2016,2.0,1
575,F2025,anchor2,10,Starbucks,1971,2003,1880,1.0,1
96,F2025,anchor2,1,Coachella,1999,1980,,2.0,1
96,F2025,anchor2,2,In-n-Out,1948,1970,1990,1.0,1
96,F2025,anchor2,3,Golden Gate,1937,1890,1960,2.0,1
96,F2025,anchor2,4,Harry Potter,2001,2020,1895,1.0,1
96,F2025,anchor2,5,Game of Thrones,2011,2000,2006,2.0,1
96,F2025,anchor2,6,Avatar,2009,2020,2002,1.0,1
96,F2025,anchor2,7,Obamacare,2010,2005,2017,2.0,1
96,F2025,anchor2,8,Beyonce Lemonade,2016,2023,2007,1.0,1
96,F2025,anchor2,9,Hollywood Sign,1923,1850,2019,2.0,1
96,F2025,anchor2,10,Starbucks,1971,2003,1925,1.0,1
262,F2025,anchor2,1,Coachella,1999,1980,,2.0,1
262,F2025,anchor2,2,In-n-Out,1948,1970,1990,2.0,1
262,F2025,anchor2,3,Golden Gate,1937,1890,1977,2.0,1
262,F2025,anchor2,4,Harry Potter,2001,2020,1910,1.0,1
262,F2025,anchor2,5,Game of Thrones,2011,2000,2001,2.0,1
262,F2025,anchor2,6,Avatar,2009,2020,2011,1.0,1
262,F2025,anchor2,7,Obamacare,2010,2005,2007,2.0,1
262,F2025,anchor2,8,Beyonce Lemonade,2016,2023,2010,1.0,1
262,F2025,anchor2,9,Hollywood Sign,1923,1850,2016,2.0,1
262,F2025,anchor2,10,Starbucks,1971,2003,1880,1.0,1
125,F2025,anchor2,1,Coachella,1999,1980,,2.0,1
125,F2025,anchor2,2,In-n-Out,1948,1970,1993,2.0,1
125,F2025,anchor2,3,Golden Gate,1937,1890,1975,1.0,1
125,F2025,anchor2,4,Harry Potter,2001,2020,1850,1.0,1
125,F2025,anchor2,5,Game of Thrones,2011,2000,2001,2.0,1
125,F2025,anchor2,6,Avatar,2009,2020,2007,1.0,1
125,F2025,anchor2,7,Obamacare,2010,2005,2005,2.0,1
125,F2025,anchor2,8,Beyonce Lemonade,2016,2023,2008,1.0,1
125,F2025,anchor2,9,Hollywood Sign,1923,1850,2019,2.0,1
125,F2025,anchor2,10,Starbucks,1971,2003,1950,1.0,1
398,F2025,anchor2,1,Coachella,1999,1980,,2.0,1
398,F2025,anchor2,2,In-n-Out,1948,1970,2000,1.0,1
398,F2025,anchor2,3,Golden Gate,1937,1890,1959,1.0,1
398,F2025,anchor2,4,Harry Potter,2001,2020,1860,1.0,1
398,F2025,anchor2,5,Game of Thrones,2011,2000,2002,2.0,1
398,F2025,anchor2,6,Avatar,2009,2020,2012,1.0,1
398,F2025,anchor2,7,Obamacare,2010,2005,2005,2.0,1
398,F2025,anchor2,8,Beyonce Lemonade,2016,2023,2012,1.0,1
398,F2025,anchor2,9,Hollywood Sign,1923,1850,2019,2.0,1
398,F2025,anchor2,10,Starbucks,1971,2003,1910,1.0,1
49,F2025,anchor2,1,Coachella,1999,1980,,2.0,1
49,F2025,anchor2,2,In-n-Out,1948,1970,1995,1.0,1
49,F2025,anchor2,3,Golden Gate,1937,1890,1950,1.0,1
49,F2025,anchor2,4,Harry Potter,2001,2020,1870,1.0,1
49,F2025,anchor2,5,Game of Thrones,2011,2000,2004,2.0,1
49,F2025,anchor2,6,Avatar,2009,2020,2001,1.0,1
49,F2025,anchor2,7,Obamacare,2010,2005,2005,2.0,1
49,F2025,anchor2,8,Beyonce Lemonade,2016,2023,2008,1.0,1
49,F2025,anchor2,9,Hollywood Sign,1923,1850,2016,1.0,1
49,F2025,anchor2,10,Starbucks,1971,2003,1830,1.0,1
445,F2025,anchor2,1,Coachella,1999,1980,,2.0,1
445,F2025,anchor2,2,In-n-Out,1948,1970,1982,1.0,1
445,F2025,anchor2,3,Golden Gate,1937,1890,1967,2.0,1
445,F2025,anchor2,4,Harry Potter,2001,2020,1907,1.0,1
445,F2025,anchor2,5,Game of Thrones,2011,2000,2007,1.0,1
445,F2025,anchor2,6,Avatar,2009,2020,1995,1.0,1
445,F2025,anchor2,7,Obamacare,2010,2005,2012,2.0,1
445,F2025,anchor2,8,Beyonce Lemonade,2016,2023,2014,1.0,1
445,F2025,anchor2,9,Hollywood Sign,1923,1850,2021,2.0,1
445,F2025,anchor2,10,Starbucks,1971,2003,1945,2.0,1
448,F2025,anchor2,1,Coachella,1999,1980,,2.0,1
448,F2025,anchor2,2,In-n-Out,1948,1970,2004,2.0,1
448,F2025,anchor2,3,Golden Gate,1937,1890,1975,2.0,1
448,F2025,anchor2,4,Harry Potter,2001,2020,1897,1.0,1
448,F2025,anchor2,5,Game of Thrones,2011,2000,1996,1.0,1
448,F2025,anchor2,6,Avatar,2009,2020,1995,1.0,1
448,F2025,anchor2,7,Obamacare,2010,2005,2001,2.0,1
448,F2025,anchor2,8,Beyonce Lemonade,2016,2023,2013,1.0,1
448,F2025,anchor2,9,Hollywood Sign,1923,1850,2020,2.0,1
448,F2025,anchor2,10,Starbucks,1971,2003,1983,1.0,1
130,F2025,anchor2,1,Coachella,1999,1980,,2.0,1
130,F2025,anchor2,2,In-n-Out,1948,1970,1997,2.0,1
130,F2025,anchor2,3,Golden Gate,1937,1890,1983,1.0,1
130,F2025,anchor2,4,Harry Potter,2001,2020,1858,1.0,1
130,F2025,anchor2,5,Game of Thrones,2011,2000,1996,2.0,1
130,F2025,anchor2,6,Avatar,2009,2020,2011,1.0,1
130,F2025,anchor2,7,Obamacare,2010,2005,2008,2.0,1
130,F2025,anchor2,8,Beyonce Lemonade,2016,2023,2009,1.0,1
130,F2025,anchor2,9,Hollywood Sign,1923,1850,2014,2.0,1
130,F2025,anchor2,10,Starbucks,1971,2003,1909,1.0,1
11,F2025,anchor2,1,Coachella,1999,1980,,2.0,1
11,F2025,anchor2,2,In-n-Out,1948,1970,1995,2.0,1
11,F2025,anchor2,3,Golden Gate,1937,1890,1980,2.0,1
11,F2025,anchor2,4,Harry Potter,2001,2020,1910,1.0,1
11,F2025,anchor2,5,Game of Thrones,2011,2000,2001,2.0,1
11,F2025,anchor2,6,Avatar,2009,2020,2010,2.0,1
11,F2025,anchor2,7,Obamacare,2010,2005,2023,2.0,1
11,F2025,anchor2,8,Beyonce Lemonade,2016,2023,2013,1.0,1
11,F2025,anchor2,9,Hollywood Sign,1923,1850,2015,2.0,1
11,F2025,anchor2,10,Starbucks,1971,2003,1950,1.0,1
80,F2025,anchor2,1,Coachella,1999,1980,,2.0,1
80,F2025,anchor2,2,In-n-Out,1948,1970,1990,1.0,1
80,F2025,anchor2,3,Golden Gate,1937,1890,1965,1.0,1
80,F2025,anchor2,4,Harry Potter,2001,2020,1875,1.0,1
80,F2025,anchor2,5,Game of Thrones,2011,2000,2013,2.0,1
80,F2025,anchor2,6,Avatar,2009,2020,2001,1.0,1
80,F2025,anchor2,7,Obamacare,2010,2005,2016,2.0,1
80,F2025,anchor2,8,Beyonce Lemonade,2016,2023,2008,1.0,1
80,F2025,anchor2,9,Hollywood Sign,1923,1850,2021,2.0,1
80,F2025,anchor2,10,Starbucks,1971,2003,1865,1.0,1
515,F2025,anchor2,1,Coachella,1999,1980,,2.0,1
515,F2025,anchor2,2,In-n-Out,1948,1970,2000,1.0,1
515,F2025,anchor2,3,Golden Gate,1937,1890,1950,1.0,1
515,F2025,anchor2,4,Harry Potter,2001,2020,1870,1.0,1
515,F2025,anchor2,5,Game of Thrones,2011,2000,2008,2.0,1
515,F2025,anchor2,6,Avatar,2009,2020,2002,1.0,1
515,F2025,anchor2,7,Obamacare,2010,2005,2012,1.0,1
515,F2025,anchor2,8,Beyonce Lemonade,2016,2023,2000,1.0,1
515,F2025,anchor2,9,Hollywood Sign,1923,1850,2021,1.0,1
515,F2025,anchor2,10,Starbucks,1971,2003,1830,1.0,1
239,F2025,anchor2,1,Coachella,1999,1980,,2.0,1
239,F2025,anchor2,2,In-n-Out,1948,1970,1990,2.0,1
239,F2025,anchor2,3,Golden Gate,1937,1890,1979,1.0,1
239,F2025,anchor2,4,Harry Potter,2001,2020,1889,1.0,1
239,F2025,anchor2,5,Game of Thrones,2011,2000,2007,2.0,1
239,F2025,anchor2,6,Avatar,2009,2020,2010,1.0,1
239,F2025,anchor2,7,Obamacare,2010,2005,2002,2.0,1
239,F2025,anchor2,8,Beyonce Lemonade,2016,2023,2008,2.0,1
239,F2025,anchor2,9,Hollywood Sign,1923,1850,2024,2.0,1
239,F2025,anchor2,10,Starbucks,1971,2003,1851,2.0,1
161,F2025,anchor2,1,Coachella,1999,1980,,2.0,1
161,F2025,anchor2,2,In-n-Out,1948,1970,1990,2.0,1
161,F2025,anchor2,3,Golden Gate,1937,1890,1980,1.0,1
161,F2025,anchor2,4,Harry Potter,2001,2020,1875,1.0,1
161,F2025,anchor2,5,Game of Thrones,2011,2000,2006,2.0,1
161,F2025,anchor2,6,Avatar,2009,2020,2006,1.0,1
161,F2025,anchor2,7,Obamacare,2010,2005,2018,2.0,1
161,F2025,anchor2,8,Beyonce Lemonade,2016,2023,2011,1.0,1
161,F2025,anchor2,9,Hollywood Sign,1923,1850,2018,2.0,1
161,F2025,anchor2,10,Starbucks,1971,2003,1910,1.0,1
334,F2025,anchor2,1,Coachella,1999,1980,,2.0,1
334,F2025,anchor2,2,In-n-Out,1948,1970,1999,2.0,1
334,F2025,anchor2,3,Golden Gate,1937,1890,1980,1.0,1
334,F2025,anchor2,4,Harry Potter,2001,2020,1866,1.0,1
334,F2025,anchor2,5,Game of Thrones,2011,2000,2004,2.0,1
334,F2025,anchor2,6,Avatar,2009,2020,2006,1.0,1
334,F2025,anchor2,7,Obamacare,2010,2005,2008,2.0,1
334,F2025,anchor2,8,Beyonce Lemonade,2016,2023,2012,1.0,1
334,F2025,anchor2,9,Hollywood Sign,1923,1850,2007,2.0,1
334,F2025,anchor2,10,Starbucks,1971,2003,1900,1.0,1
432,F2025,anchor2,1,Coachella,1999,1980,,2.0,1
432,F2025,anchor2,2,In-n-Out,1948,1970,1990,2.0,1
432,F2025,anchor2,3,Golden Gate,1937,1890,1980,2.0,1
432,F2025,anchor2,4,Harry Potter,2001,2020,1930,1.0,1
432,F2025,anchor2,5,Game of Thrones,2011,2000,2008,1.0,1
432,F2025,anchor2,6,Avatar,2009,2020,2001,1.0,1
432,F2025,anchor2,7,Obamacare,2010,2005,2008,2.0,1
432,F2025,anchor2,8,Beyonce Lemonade,2016,2023,2010,1.0,1
432,F2025,anchor2,9,Hollywood Sign,1923,1850,2017,2.0,1
432,F2025,anchor2,10,Starbucks,1971,2003,1920,1.0,1
464,F2025,anchor2,1,Coachella,1999,1980,,2.0,1
464,F2025,anchor2,2,In-n-Out,1948,1970,1989,1.0,1
464,F2025,anchor2,3,Golden Gate,1937,1890,1950,1.0,1
464,F2025,anchor2,4,Harry Potter,2001,2020,1879,1.0,1
464,F2025,anchor2,5,Game of Thrones,2011,2000,2002,2.0,1
464,F2025,anchor2,6,Avatar,2009,2020,2012,1.0,1
464,F2025,anchor2,7,Obamacare,2010,2005,2012,2.0,1
464,F2025,anchor2,8,Beyonce Lemonade,2016,2023,2012,1.0,1
464,F2025,anchor2,9,Hollywood Sign,1923,1850,2017,2.0,1
464,F2025,anchor2,10,Starbucks,1971,2003,1907,1.0,1
505,F2025,anchor2,1,Coachella,1999,1980,,1.0,1
505,F2025,anchor2,2,In-n-Out,1948,1970,1979,1.0,1
505,F2025,anchor2,3,Golden Gate,1937,1890,1960,2.0,1
505,F2025,anchor2,4,Harry Potter,2001,2020,1960,1.0,1
505,F2025,anchor2,5,Game of Thrones,2011,2000,1997,2.0,1
505,F2025,anchor2,6,Avatar,2009,2020,2010,2.0,1
505,F2025,anchor2,7,Obamacare,2010,2005,2009,2.0,1
505,F2025,anchor2,8,Beyonce Lemonade,2016,2023,2006,1.0,1
505,F2025,anchor2,9,Hollywood Sign,1923,1850,2015,2.0,1
505,F2025,anchor2,10,Starbucks,1971,2003,1920,2.0,1
426,F2025,anchor2,1,Coachella,1999,1980,,1.0,1
426,F2025,anchor2,2,In-n-Out,1948,1970,1979,2.0,1
426,F2025,anchor2,3,Golden Gate,1937,1890,1980,2.0,1
426,F2025,anchor2,4,Harry Potter,2001,2020,1939,1.0,1
426,F2025,anchor2,5,Game of Thrones,2011,2000,1997,1.0,1
426,F2025,anchor2,6,Avatar,2009,2020,1989,1.0,1
426,F2025,anchor2,7,Obamacare,2010,2005,2003,2.0,1
426,F2025,anchor2,8,Beyonce Lemonade,2016,2023,2010,1.0,1
426,F2025,anchor2,9,Hollywood Sign,1923,1850,2019,2.0,1
426,F2025,anchor2,10,Starbucks,1971,2003,1952,1.0,1
235,F2025,anchor2,1,Coachella,1999,1980,,1.0,1
235,F2025,anchor2,2,In-n-Out,1948,1970,1970,2.0,1
235,F2025,anchor2,3,Golden Gate,1937,1890,1980,1.0,1
235,F2025,anchor2,4,Harry Potter,2001,2020,1850,1.0,1
235,F2025,anchor2,5,Game of Thrones,2011,2000,2007,2.0,1
235,F2025,anchor2,6,Avatar,2009,2020,2010,1.0,1
235,F2025,anchor2,7,Obamacare,2010,2005,2018,2.0,1
235,F2025,anchor2,8,Beyonce Lemonade,2016,2023,2018,1.0,1
235,F2025,anchor2,9,Hollywood Sign,1923,1850,2019,2.0,1
235,F2025,anchor2,10,Starbucks,1971,2003,1890,2.0,1
111,F2025,anchor2,1,Coachella,1999,1980,,1.0,1
111,F2025,anchor2,2,In-n-Out,1948,1970,1975,2.0,1
111,F2025,anchor2,3,Golden Gate,1937,1890,1972,1.0,1
111,F2025,anchor2,4,Harry Potter,2001,2020,1873,1.0,1
111,F2025,anchor2,5,Game of Thrones,2011,2000,2007,2.0,1
111,F2025,anchor2,6,Avatar,2009,2020,2000,1.0,1
111,F2025,anchor2,7,Obamacare,2010,2005,2013,2.0,1
111,F2025,anchor2,8,Beyonce Lemonade,2016,2023,2008,2.0,1
111,F2025,anchor2,9,Hollywood Sign,1923,1850,2024,1.0,1
111,F2025,anchor2,10,Starbucks,1971,2003,1850,1.0,1
545,F2025,anchor2,1,Coachella,1999,1980,,1.0,1
545,F2025,anchor2,2,In-n-Out,1948,1970,1977,2.0,1
545,F2025,anchor2,3,Golden Gate,1937,1890,1971,2.0,1
545,F2025,anchor2,4,Harry Potter,2001,2020,1911,1.0,1
545,F2025,anchor2,5,Game of Thrones,2011,2000,2004,1.0,1
545,F2025,anchor2,6,Avatar,2009,2020,1998,1.0,1
545,F2025,anchor2,7,Obamacare,2010,2005,2002,1.0,1
545,F2025,anchor2,8,Beyonce Lemonade,2016,2023,2002,1.0,1
545,F2025,anchor2,9,Hollywood Sign,1923,1850,2009,2.0,1
545,F2025,anchor2,10,Starbucks,1971,2003,1962,1.0,1
95,F2025,anchor2,1,Coachella,1999,1980,,2.0,1
95,F2025,anchor2,2,In-n-Out,1948,1970,1990,1.0,1
95,F2025,anchor2,3,Golden Gate,1937,1890,1960,2.0,1
95,F2025,anchor2,4,Harry Potter,2001,2020,1900,1.0,1
95,F2025,anchor2,5,Game of Thrones,2011,2000,2007,2.0,1
95,F2025,anchor2,6,Avatar,2009,2020,2004,1.0,1
95,F2025,anchor2,7,Obamacare,2010,2005,2008,2.0,1
95,F2025,anchor2,8,Beyonce Lemonade,2016,2023,2005,1.0,1
95,F2025,anchor2,9,Hollywood Sign,1923,1850,2020,1.0,1
95,F2025,anchor2,10,Starbucks,1971,2003,1790,1.0,1
320,F2025,anchor2,1,Coachella,1999,1980,,2.0,1
320,F2025,anchor2,2,In-n-Out,1948,1970,2018,2.0,1
320,F2025,anchor2,3,Golden Gate,1937,1890,1990,2.0,1
320,F2025,anchor2,4,Harry Potter,2001,2020,1950,1.0,1
320,F2025,anchor2,5,Game of Thrones,2011,2000,2004,2.0,1
320,F2025,anchor2,6,Avatar,2009,2020,2004,1.0,1
320,F2025,anchor2,7,Obamacare,2010,2005,2000,2.0,1
320,F2025,anchor2,8,Beyonce Lemonade,2016,2023,2006,2.0,1
320,F2025,anchor2,9,Hollywood Sign,1923,1850,2024,2.0,1
320,F2025,anchor2,10,Starbucks,1971,2003,1900,1.0,1
123,F2025,anchor2,1,Coachella,1999,1980,,2.0,1
123,F2025,anchor2,2,In-n-Out,1948,1970,1985,1.0,1
123,F2025,anchor2,3,Golden Gate,1937,1890,1960,2.0,1
123,F2025,anchor2,4,Harry Potter,2001,2020,1900,1.0,1
123,F2025,anchor2,5,Game of Thrones,2011,2000,1970,2.0,1
123,F2025,anchor2,6,Avatar,2009,2020,2010,1.0,1
123,F2025,anchor2,7,Obamacare,2010,2005,2009,2.0,1
123,F2025,anchor2,8,Beyonce Lemonade,2016,2023,2006,1.0,1
123,F2025,anchor2,9,Hollywood Sign,1923,1850,2022,2.0,1
123,F2025,anchor2,10,Starbucks,1971,2003,1860,1.0,1
209,F2025,anchor2,1,Coachella,1999,1980,,2.0,1
209,F2025,anchor2,2,In-n-Out,1948,1970,2002,2.0,1
209,F2025,anchor2,3,Golden Gate,1937,1890,1989,2.0,1
209,F2025,anchor2,4,Harry Potter,2001,2020,1897,1.0,1
209,F2025,anchor2,5,Game of Thrones,2011,2000,2004,2.0,1
209,F2025,anchor2,6,Avatar,2009,2020,2008,1.0,1
209,F2025,anchor2,7,Obamacare,2010,2005,2008,2.0,1
209,F2025,anchor2,8,Beyonce Lemonade,2016,2023,2011,1.0,1
209,F2025,anchor2,9,Hollywood Sign,1923,1850,2022,2.0,1
209,F2025,anchor2,10,Starbucks,1971,2003,1935,1.0,1
375,F2025,anchor2,1,Coachella,1999,1980,,2.0,1
375,F2025,anchor2,2,In-n-Out,1948,1970,2000,1.0,1
375,F2025,anchor2,3,Golden Gate,1937,1890,1950,2.0,1
375,F2025,anchor2,4,Harry Potter,2001,2020,1925,1.0,1
375,F2025,anchor2,5,Game of Thrones,2011,2000,2005,2.0,1
375,F2025,anchor2,6,Avatar,2009,2020,2011,1.0,1
375,F2025,anchor2,7,Obamacare,2010,2005,2009,2.0,1
375,F2025,anchor2,8,Beyonce Lemonade,2016,2023,2007,1.0,1
375,F2025,anchor2,9,Hollywood Sign,1923,1850,2018,2.0,1
375,F2025,anchor2,10,Starbucks,1971,2003,1930,1.0,1
162,F2025,anchor2,1,Coachella,1999,1980,,1.0,1
162,F2025,anchor2,2,In-n-Out,1948,1970,1975,2.0,1
162,F2025,anchor2,3,Golden Gate,1937,1890,1978,2.0,1
162,F2025,anchor2,4,Harry Potter,2001,2020,1900,1.0,1
162,F2025,anchor2,5,Game of Thrones,2011,2000,1999,2.0,1
162,F2025,anchor2,6,Avatar,2009,2020,2002,1.0,1
162,F2025,anchor2,7,Obamacare,2010,2005,2008,2.0,1
162,F2025,anchor2,8,Beyonce Lemonade,2016,2023,2006,1.0,1
162,F2025,anchor2,9,Hollywood Sign,1923,1850,2013,2.0,1
162,F2025,anchor2,10,Starbucks,1971,2003,1950,1.0,1
336,F2025,anchor2,1,Coachella,1999,1980,,2.0,1
336,F2025,anchor2,2,In-n-Out,1948,1970,1981,1.0,1
336,F2025,anchor2,3,Golden Gate,1937,1890,1960,1.0,1
336,F2025,anchor2,4,Harry Potter,2001,2020,1870,1.0,1
336,F2025,anchor2,5,Game of Thrones,2011,2000,1998,2.0,1
336,F2025,anchor2,6,Avatar,2009,2020,2003,1.0,1
336,F2025,anchor2,7,Obamacare,2010,2005,2010,1.0,1
336,F2025,anchor2,8,Beyonce Lemonade,2016,2023,2008,1.0,1
336,F2025,anchor2,9,Hollywood Sign,1923,1850,2020,2.0,1
336,F2025,anchor2,10,Starbucks,1971,2003,1900,1.0,1
529,F2025,anchor2,1,Coachella,1999,1980,,2.0,1
529,F2025,anchor2,2,In-n-Out,1948,1970,2000,2.0,1
529,F2025,anchor2,3,Golden Gate,1937,1890,1972,2.0,1
529,F2025,anchor2,4,Harry Potter,2001,2020,1900,1.0,1
529,F2025,anchor2,5,Game of Thrones,2011,2000,2000,2.0,1
529,F2025,anchor2,6,Avatar,2009,2020,2004,2.0,1
529,F2025,anchor2,7,Obamacare,2010,2005,2021,2.0,1
529,F2025,anchor2,8,Beyonce Lemonade,2016,2023,2007,1.0,1
529,F2025,anchor2,9,Hollywood Sign,1923,1850,2012,2.0,1
529,F2025,anchor2,10,Starbucks,1971,2003,1876,1.0,1
471,F2025,anchor2,1,Coachella,1999,1980,,2.0,1
471,F2025,anchor2,2,In-n-Out,1948,1970,2000,1.0,1
471,F2025,anchor2,3,Golden Gate,1937,1890,1988,2.0,1
471,F2025,anchor2,4,Harry Potter,2001,2020,1900,1.0,1
471,F2025,anchor2,5,Game of Thrones,2011,2000,2010,2.0,1
471,F2025,anchor2,6,Avatar,2009,2020,2010,1.0,1
471,F2025,anchor2,7,Obamacare,2010,2005,2015,2.0,1
471,F2025,anchor2,8,Beyonce Lemonade,2016,2023,2008,1.0,1
471,F2025,anchor2,9,Hollywood Sign,1923,1850,2015,2.0,1
471,F2025,anchor2,10,Starbucks,1971,2003,1880,1.0,1
135,F2025,anchor2,1,Coachella,1999,1980,,2.0,1
135,F2025,anchor2,2,In-n-Out,1948,1970,1990,2.0,1
135,F2025,anchor2,3,Golden Gate,1937,1890,1980,2.0,1
135,F2025,anchor2,4,Harry Potter,2001,2020,1915,1.0,1
135,F2025,anchor2,5,Game of Thrones,2011,2000,2006,2.0,1
135,F2025,anchor2,6,Avatar,2009,2020,2003,1.0,1
135,F2025,anchor2,7,Obamacare,2010,2005,2008,2.0,1
135,F2025,anchor2,8,Beyonce Lemonade,2016,2023,2010,1.0,1
135,F2025,anchor2,9,Hollywood Sign,1923,1850,2019,2.0,1
135,F2025,anchor2,10,Starbucks,1971,2003,1930,1.0,1
82,F2025,anchor2,1,Coachella,1999,1980,,2.0,1
82,F2025,anchor2,2,In-n-Out,1948,1970,1990,1.0,1
82,F2025,anchor2,3,Golden Gate,1937,1890,1965,1.0,1
82,F2025,anchor2,4,Harry Potter,2001,2020,1870,1.0,1
82,F2025,anchor2,5,Game of Thrones,2011,2000,2017,1.0,1
82,F2025,anchor2,6,Avatar,2009,2020,1995,2.0,1
82,F2025,anchor2,7,Obamacare,2010,2005,2021,2.0,1
82,F2025,anchor2,8,Beyonce Lemonade,2016,2023,2007,1.0,1
82,F2025,anchor2,9,Hollywood Sign,1923,1850,2020,2.0,1
82,F2025,anchor2,10,Starbucks,1971,2003,1910,1.0,1
250,F2025,anchor2,1,Coachella,1999,1980,,2.0,1
250,F2025,anchor2,2,In-n-Out,1948,1970,1987,1.0,1
250,F2025,anchor2,3,Golden Gate,1937,1890,1960,2.0,1
250,F2025,anchor2,4,Harry Potter,2001,2020,1895,1.0,1
250,F2025,anchor2,5,Game of Thrones,2011,2000,1999,1.0,1
250,F2025,anchor2,6,Avatar,2009,2020,1998,1.0,1
250,F2025,anchor2,7,Obamacare,2010,2005,2018,2.0,1
250,F2025,anchor2,8,Beyonce Lemonade,2016,2023,2006,1.0,1
250,F2025,anchor2,9,Hollywood Sign,1923,1850,2022,2.0,1
250,F2025,anchor2,10,Starbucks,1971,2003,1860,1.0,1
28,F2025,anchor2,1,Coachella,1999,1980,,1.0,1
28,F2025,anchor2,2,In-n-Out,1948,1970,1960,1.0,1
28,F2025,anchor2,3,Golden Gate,1937,1890,1950,1.0,1
28,F2025,anchor2,4,Harry Potter,2001,2020,1870,1.0,1
28,F2025,anchor2,5,Game of Thrones,2011,2000,1990,2.0,1
28,F2025,anchor2,6,Avatar,2009,2020,2008,1.0,1
28,F2025,anchor2,7,Obamacare,2010,2005,2003,2.0,1
28,F2025,anchor2,8,Beyonce Lemonade,2016,2023,2010,1.0,1
28,F2025,anchor2,9,Hollywood Sign,1923,1850,2015,2.0,1
28,F2025,anchor2,10,Starbucks,1971,2003,1900,1.0,1
252,F2025,anchor2,1,Coachella,1999,1980,,2.0,1
252,F2025,anchor2,2,In-n-Out,1948,1970,2002,1.0,1
252,F2025,anchor2,3,Golden Gate,1937,1890,1950,2.0,1
252,F2025,anchor2,4,Harry Potter,2001,2020,1910,1.0,1
252,F2025,anchor2,5,Game of Thrones,2011,2000,2002,2.0,1
252,F2025,anchor2,6,Avatar,2009,2020,2006,1.0,1
252,F2025,anchor2,7,Obamacare,2010,2005,2016,2.0,1
252,F2025,anchor2,8,Beyonce Lemonade,2016,2023,2008,1.0,1
252,F2025,anchor2,9,Hollywood Sign,1923,1850,2012,2.0,1
252,F2025,anchor2,10,Starbucks,1971,2003,1880,1.0,1
185,F2025,anchor2,1,Coachella,1999,1980,,2.0,1
185,F2025,anchor2,2,In-n-Out,1948,1970,2000,1.0,1
185,F2025,anchor2,3,Golden Gate,1937,1890,1953,1.0,1
185,F2025,anchor2,4,Harry Potter,2001,2020,1830,1.0,1
185,F2025,anchor2,5,Game of Thrones,2011,2000,2008,2.0,1
185,F2025,anchor2,6,Avatar,2009,2020,2012,1.0,1
185,F2025,anchor2,7,Obamacare,2010,2005,2016,2.0,1
185,F2025,anchor2,8,Beyonce Lemonade,2016,2023,2010,1.0,1
185,F2025,anchor2,9,Hollywood Sign,1923,1850,2012,2.0,1
185,F2025,anchor2,10,Starbucks,1971,2003,1900,1.0,1
372,F2025,anchor2,1,Coachella,1999,1980,,1.0,1
372,F2025,anchor2,2,In-n-Out,1948,1970,1950,1.0,1
372,F2025,anchor2,3,Golden Gate,1937,1890,1865,1.0,1
372,F2025,anchor2,4,Harry Potter,2001,2020,1850,1.0,1
372,F2025,anchor2,5,Game of Thrones,2011,2000,2000,2.0,1
372,F2025,anchor2,6,Avatar,2009,2020,2003,1.0,1
372,F2025,anchor2,7,Obamacare,2010,2005,2012,2.0,1
372,F2025,anchor2,8,Beyonce Lemonade,2016,2023,2014,1.0,1
372,F2025,anchor2,9,Hollywood Sign,1923,1850,2010,2.0,1
372,F2025,anchor2,10,Starbucks,1971,2003,1900,1.0,1
560,F2025,anchor2,1,Coachella,1999,1980,,2.0,1
560,F2025,anchor2,2,In-n-Out,1948,1970,2009,1.0,1
560,F2025,anchor2,3,Golden Gate,1937,1890,1964,1.0,1
560,F2025,anchor2,4,Harry Potter,2001,2020,1860,1.0,1
560,F2025,anchor2,5,Game of Thrones,2011,2000,2017,2.0,1
560,F2025,anchor2,6,Avatar,2009,2020,2010,1.0,1
560,F2025,anchor2,7,Obamacare,2010,2005,2016,2.0,1
560,F2025,anchor2,8,Beyonce Lemonade,2016,2023,2012,1.0,1
560,F2025,anchor2,9,Hollywood Sign,1923,1850,2021,2.0,1
560,F2025,anchor2,10,Starbucks,1971,2003,1946,1.0,1
425,F2025,anchor2,1,Coachella,1999,1980,,2.0,1
425,F2025,anchor2,2,In-n-Out,1948,1970,1990,2.0,1
425,F2025,anchor2,3,Golden Gate,1937,1890,1975,1.0,1
425,F2025,anchor2,4,Harry Potter,2001,2020,1870,1.0,1
425,F2025,anchor2,5,Game of Thrones,2011,2000,2006,2.0,1
425,F2025,anchor2,6,Avatar,2009,2020,2001,1.0,1
425,F2025,anchor2,7,Obamacare,2010,2005,2012,2.0,1
425,F2025,anchor2,8,Beyonce Lemonade,2016,2023,2008,1.0,1
425,F2025,anchor2,9,Hollywood Sign,1923,1850,2009,2.0,1
425,F2025,anchor2,10,Starbucks,1971,2003,1860,1.0,1
290,F2025,anchor2,1,Coachella,1999,1980,,1.0,1
290,F2025,anchor2,2,In-n-Out,1948,1970,1978,1.0,1
290,F2025,anchor2,3,Golden Gate,1937,1890,1800,2.0,1
290,F2025,anchor2,4,Harry Potter,2001,2020,1900,1.0,1
290,F2025,anchor2,5,Game of Thrones,2011,2000,2001,1.0,1
290,F2025,anchor2,6,Avatar,2009,2020,2004,1.0,1
290,F2025,anchor2,7,Obamacare,2010,2005,2012,1.0,1
290,F2025,anchor2,8,Beyonce Lemonade,2016,2023,1999,1.0,1
290,F2025,anchor2,9,Hollywood Sign,1923,1850,2020,2.0,1
290,F2025,anchor2,10,Starbucks,1971,2003,1920,1.0,1
574,F2025,anchor2,1,Coachella,1999,1980,,1.0,1
574,F2025,anchor2,2,In-n-Out,1948,1970,1971,1.0,1
574,F2025,anchor2,3,Golden Gate,1937,1890,1965,1.0,1
574,F2025,anchor2,4,Harry Potter,2001,2020,1760,2.0,1
574,F2025,anchor2,5,Game of Thrones,2011,2000,2003,2.0,1
574,F2025,anchor2,6,Avatar,2009,2020,2002,1.0,1
574,F2025,anchor2,7,Obamacare,2010,2005,2007,2.0,1
574,F2025,anchor2,8,Beyonce Lemonade,2016,2023,2013,1.0,1
574,F2025,anchor2,9,Hollywood Sign,1923,1850,2019,2.0,1
574,F2025,anchor2,10,Starbucks,1971,2003,1930,1.0,1
269,F2025,anchor2,1,Coachella,1999,1980,,1.0,1
269,F2025,anchor2,2,In-n-Out,1948,1970,1970,2.0,1
269,F2025,anchor2,3,Golden Gate,1937,1890,1975,2.0,1
269,F2025,anchor2,4,Harry Potter,2001,2020,1895,1.0,1
269,F2025,anchor2,5,Game of Thrones,2011,2000,2003,2.0,1
269,F2025,anchor2,6,Avatar,2009,2020,2003,1.0,1
269,F2025,anchor2,7,Obamacare,2010,2005,2005,2.0,1
269,F2025,anchor2,8,Beyonce Lemonade,2016,2023,2010,1.0,1
269,F2025,anchor2,9,Hollywood Sign,1923,1850,2019,1.0,1
269,F2025,anchor2,10,Starbucks,1971,2003,1820,1.0,1
160,F2025,anchor2,1,Coachella,1999,1980,,2.0,1
160,F2025,anchor2,2,In-n-Out,1948,1970,2008,1.0,1
160,F2025,anchor2,3,Golden Gate,1937,1890,1950,2.0,1
160,F2025,anchor2,4,Harry Potter,2001,2020,1920,1.0,1
160,F2025,anchor2,5,Game of Thrones,2011,2000,2000,1.0,1
160,F2025,anchor2,6,Avatar,2009,2020,1997,1.0,1
160,F2025,anchor2,7,Obamacare,2010,2005,2010,2.0,1
160,F2025,anchor2,8,Beyonce Lemonade,2016,2023,2011,1.0,1
160,F2025,anchor2,9,Hollywood Sign,1923,1850,2016,2.0,1
160,F2025,anchor2,10,Starbucks,1971,2003,1900,1.0,1
233,F2025,noAnchor,1,Coachella,1999,,,2016.0,1
233,F2025,noAnchor,2,In-n-Out,1948,,,1985.0,1
233,F2025,noAnchor,3,Golden Gate,1937,,,1982.0,1
233,F2025,noAnchor,4,Harry Potter,2001,,,2004.0,1
233,F2025,noAnchor,5,Game of Thrones,2011,,,2017.0,1
233,F2025,noAnchor,6,Avatar,2009,,,2007.0,1
233,F2025,noAnchor,7,Obamacare,2010,,,2013.0,1
233,F2025,noAnchor,8,Beyonce Lemonade,2016,,,2007.0,1
233,F2025,noAnchor,9,Hollywood Sign,1923,,,1980.0,1
233,F2025,noAnchor,10,Starbucks,1971,,,1979.0,1
559,F2025,noAnchor,1,Coachella,1999,,,2000.0,1
559,F2025,noAnchor,2,In-n-Out,1948,,,1970.0,1
559,F2025,noAnchor,3,Golden Gate,1937,,,1945.0,1
559,F2025,noAnchor,4,Harry Potter,2001,,,2001.0,1
559,F2025,noAnchor,5,Game of Thrones,2011,,,2005.0,1
559,F2025,noAnchor,6,Avatar,2009,,,2001.0,1
559,F2025,noAnchor,7,Obamacare,2010,,,2012.0,1
559,F2025,noAnchor,8,Beyonce Lemonade,2016,,,2018.0,1
559,F2025,noAnchor,9,Hollywood Sign,1923,,,1957.0,1
559,F2025,noAnchor,10,Starbucks,1971,,,1970.0,1
418,F2025,noAnchor,1,Coachella,1999,,,2009.0,1
418,F2025,noAnchor,2,In-n-Out,1948,,,1964.0,1
418,F2025,noAnchor,3,Golden Gate,1937,,,1950.0,1
418,F2025,noAnchor,4,Harry Potter,2001,,,1998.0,1
418,F2025,noAnchor,5,Game of Thrones,2011,,,2007.0,1
418,F2025,noAnchor,6,Avatar,2009,,,2009.0,1
418,F2025,noAnchor,7,Obamacare,2010,,,2016.0,1
418,F2025,noAnchor,8,Beyonce Lemonade,2016,,,2011.0,1
418,F2025,noAnchor,9,Hollywood Sign,1923,,,1948.0,1
418,F2025,noAnchor,10,Starbucks,1971,,,1979.0,1
354,F2025,noAnchor,1,Coachella,1999,,,1998.0,1
354,F2025,noAnchor,2,In-n-Out,1948,,,1996.0,1
354,F2025,noAnchor,3,Golden Gate,1937,,,1928.0,1
354,F2025,noAnchor,4,Harry Potter,2001,,,1965.0,1
354,F2025,noAnchor,5,Game of Thrones,2011,,,2016.0,1
354,F2025,noAnchor,6,Avatar,2009,,,2020.0,1
354,F2025,noAnchor,7,Obamacare,2010,,,2010.0,1
354,F2025,noAnchor,8,Beyonce Lemonade,2016,,,2011.0,1
354,F2025,noAnchor,9,Hollywood Sign,1923,,,1940.0,1
354,F2025,noAnchor,10,Starbucks,1971,,,1952.0,1
413,F2025,noAnchor,1,Coachella,1999,,,2005.0,1
413,F2025,noAnchor,2,In-n-Out,1948,,,1995.0,1
413,F2025,noAnchor,3,Golden Gate,1937,,,1962.0,1
413,F2025,noAnchor,4,Harry Potter,2001,,,2001.0,1
413,F2025,noAnchor,5,Game of Thrones,2011,,,2010.0,1
413,F2025,noAnchor,6,Avatar,2009,,,2007.0,1
413,F2025,noAnchor,7,Obamacare,2010,,,2014.0,1
413,F2025,noAnchor,8,Beyonce Lemonade,2016,,,2016.0,1
413,F2025,noAnchor,9,Hollywood Sign,1923,,,1950.0,1
413,F2025,noAnchor,10,Starbucks,1971,,,1975.0,1
16,F2025,noAnchor,1,Coachella,1999,,,2016.0,1
16,F2025,noAnchor,2,In-n-Out,1948,,,2013.0,1
16,F2025,noAnchor,3,Golden Gate,1937,,,1876.0,1
16,F2025,noAnchor,4,Harry Potter,2001,,,2001.0,1
16,F2025,noAnchor,5,Game of Thrones,2011,,,2010.0,1
16,F2025,noAnchor,6,Avatar,2009,,,2013.0,1
16,F2025,noAnchor,7,Obamacare,2010,,,2009.0,1
16,F2025,noAnchor,8,Beyonce Lemonade,2016,,,2014.0,1
16,F2025,noAnchor,9,Hollywood Sign,1923,,,1950.0,1
16,F2025,noAnchor,10,Starbucks,1971,,,2007.0,1
406,F2025,noAnchor,1,Coachella,1999,,,2016.0,1
406,F2025,noAnchor,2,In-n-Out,1948,,,1989.0,1
406,F2025,noAnchor,3,Golden Gate,1937,,,1950.0,1
406,F2025,noAnchor,4,Harry Potter,2001,,,2001.0,1
406,F2025,noAnchor,5,Game of Thrones,2011,,,2008.0,1
406,F2025,noAnchor,6,Avatar,2009,,,2012.0,1
406,F2025,noAnchor,7,Obamacare,2010,,,2010.0,1
406,F2025,noAnchor,8,Beyonce Lemonade,2016,,,2015.0,1
406,F2025,noAnchor,9,Hollywood Sign,1923,,,1960.0,1
406,F2025,noAnchor,10,Starbucks,1971,,,1967.0,1
163,F2025,noAnchor,1,Coachella,1999,,,2006.0,1
163,F2025,noAnchor,2,In-n-Out,1948,,,1985.0,1
163,F2025,noAnchor,3,Golden Gate,1937,,,2002.0,1
163,F2025,noAnchor,4,Harry Potter,2001,,,2001.0,1
163,F2025,noAnchor,5,Game of Thrones,2011,,,2000.0,1
163,F2025,noAnchor,6,Avatar,2009,,,2002.0,1
163,F2025,noAnchor,7,Obamacare,2010,,,2012.0,1
163,F2025,noAnchor,8,Beyonce Lemonade,2016,,,2012.0,1
163,F2025,noAnchor,9,Hollywood Sign,1923,,,1986.0,1
163,F2025,noAnchor,10,Starbucks,1971,,,1994.0,1
60,F2025,noAnchor,1,Coachella,1999,,,2010.0,1
60,F2025,noAnchor,2,In-n-Out,1948,,,1950.0,1
60,F2025,noAnchor,3,Golden Gate,1937,,,1920.0,1
60,F2025,noAnchor,4,Harry Potter,2001,,,2000.0,1
60,F2025,noAnchor,5,Game of Thrones,2011,,,2014.0,1
60,F2025,noAnchor,6,Avatar,2009,,,2009.0,1
60,F2025,noAnchor,7,Obamacare,2010,,,2011.0,1
60,F2025,noAnchor,8,Beyonce Lemonade,2016,,,2015.0,1
60,F2025,noAnchor,9,Hollywood Sign,1923,,,1920.0,1
60,F2025,noAnchor,10,Starbucks,1971,,,1980.0,1
234,F2025,noAnchor,1,Coachella,1999,,,2000.0,1
234,F2025,noAnchor,2,In-n-Out,1948,,,1950.0,1
234,F2025,noAnchor,3,Golden Gate,1937,,,1940.0,1
234,F2025,noAnchor,4,Harry Potter,2001,,,2010.0,1
234,F2025,noAnchor,5,Game of Thrones,2011,,,2002.0,1
234,F2025,noAnchor,6,Avatar,2009,,,2008.0,1
234,F2025,noAnchor,7,Obamacare,2010,,,2010.0,1
234,F2025,noAnchor,8,Beyonce Lemonade,2016,,,2018.0,1
234,F2025,noAnchor,9,Hollywood Sign,1923,,,1950.0,1
234,F2025,noAnchor,10,Starbucks,1971,,,1920.0,1
405,F2025,noAnchor,1,Coachella,1999,,,2000.0,1
405,F2025,noAnchor,2,In-n-Out,1948,,,2001.0,1
405,F2025,noAnchor,3,Golden Gate,1937,,,1790.0,1
405,F2025,noAnchor,4,Harry Potter,2001,,,1999.0,1
405,F2025,noAnchor,5,Game of Thrones,2011,,,1999.0,1
405,F2025,noAnchor,6,Avatar,2009,,,2002.0,1
405,F2025,noAnchor,7,Obamacare,2010,,,2000.0,1
405,F2025,noAnchor,8,Beyonce Lemonade,2016,,,2009.0,1
405,F2025,noAnchor,9,Hollywood Sign,1923,,,1900.0,1
405,F2025,noAnchor,10,Starbucks,1971,,,1890.0,1
396,F2025,noAnchor,1,Coachella,1999,,,1996.0,1
396,F2025,noAnchor,2,In-n-Out,1948,,,1964.0,1
396,F2025,noAnchor,3,Golden Gate,1937,,,1978.0,1
396,F2025,noAnchor,4,Harry Potter,2001,,,2006.0,1
396,F2025,noAnchor,5,Game of Thrones,2011,,,2009.0,1
396,F2025,noAnchor,6,Avatar,2009,,,2008.0,1
396,F2025,noAnchor,7,Obamacare,2010,,,2010.0,1
396,F2025,noAnchor,8,Beyonce Lemonade,2016,,,2014.0,1
396,F2025,noAnchor,9,Hollywood Sign,1923,,,1976.0,1
396,F2025,noAnchor,10,Starbucks,1971,,,1993.0,1
24,F2025,noAnchor,1,Coachella,1999,,,1978.0,1
24,F2025,noAnchor,2,In-n-Out,1948,,,1942.0,1
24,F2025,noAnchor,3,Golden Gate,1937,,,1936.0,1
24,F2025,noAnchor,4,Harry Potter,2001,,,2001.0,1
24,F2025,noAnchor,5,Game of Thrones,2011,,,2011.0,1
24,F2025,noAnchor,6,Avatar,2009,,,2008.0,1
24,F2025,noAnchor,7,Obamacare,2010,,,2010.0,1
24,F2025,noAnchor,8,Beyonce Lemonade,2016,,,2014.0,1
24,F2025,noAnchor,9,Hollywood Sign,1923,,,1963.0,1
24,F2025,noAnchor,10,Starbucks,1971,,,1985.0,1
156,F2025,noAnchor,1,Coachella,1999,,,2002.0,1
156,F2025,noAnchor,2,In-n-Out,1948,,,1983.0,1
156,F2025,noAnchor,3,Golden Gate,1937,,,1938.0,1
156,F2025,noAnchor,4,Harry Potter,2001,,,2001.0,1
156,F2025,noAnchor,5,Game of Thrones,2011,,,2012.0,1
156,F2025,noAnchor,6,Avatar,2009,,,2012.0,1
156,F2025,noAnchor,7,Obamacare,2010,,,2010.0,1
156,F2025,noAnchor,8,Beyonce Lemonade,2016,,,2019.0,1
156,F2025,noAnchor,9,Hollywood Sign,1923,,,1954.0,1
156,F2025,noAnchor,10,Starbucks,1971,,,1986.0,1
431,F2025,noAnchor,1,Coachella,1999,,,2010.0,1
431,F2025,noAnchor,2,In-n-Out,1948,,,2003.0,1
431,F2025,noAnchor,3,Golden Gate,1937,,,1983.0,1
431,F2025,noAnchor,4,Harry Potter,2001,,,2003.0,1
431,F2025,noAnchor,5,Game of Thrones,2011,,,2005.0,1
431,F2025,noAnchor,6,Avatar,2009,,,2009.0,1
431,F2025,noAnchor,7,Obamacare,2010,,,2009.0,1
431,F2025,noAnchor,8,Beyonce Lemonade,2016,,,1983.0,1
431,F2025,noAnchor,9,Hollywood Sign,1923,,,1975.0,1
431,F2025,noAnchor,10,Starbucks,1971,,,1965.0,1
9,F2025,noAnchor,1,Coachella,1999,,,1986.0,1
9,F2025,noAnchor,2,In-n-Out,1948,,,1955.0,1
9,F2025,noAnchor,3,Golden Gate,1937,,,1899.0,1
9,F2025,noAnchor,4,Harry Potter,2001,,,2001.0,1
9,F2025,noAnchor,5,Game of Thrones,2011,,,2016.0,1
9,F2025,noAnchor,6,Avatar,2009,,,2013.0,1
9,F2025,noAnchor,7,Obamacare,2010,,,2013.0,1
9,F2025,noAnchor,8,Beyonce Lemonade,2016,,,2016.0,1
9,F2025,noAnchor,9,Hollywood Sign,1923,,,1930.0,1
9,F2025,noAnchor,10,Starbucks,1971,,,1965.0,1
13,F2025,noAnchor,1,Coachella,1999,,,2000.0,1
13,F2025,noAnchor,2,In-n-Out,1948,,,1996.0,1
13,F2025,noAnchor,3,Golden Gate,1937,,,1991.0,1
13,F2025,noAnchor,4,Harry Potter,2001,,,2008.0,1
13,F2025,noAnchor,5,Game of Thrones,2011,,,2011.0,1
13,F2025,noAnchor,6,Avatar,2009,,,2012.0,1
13,F2025,noAnchor,7,Obamacare,2010,,,2008.0,1
13,F2025,noAnchor,8,Beyonce Lemonade,2016,,,2011.0,1
13,F2025,noAnchor,9,Hollywood Sign,1923,,,2009.0,1
13,F2025,noAnchor,10,Starbucks,1971,,,2004.0,1
440,F2025,noAnchor,1,Coachella,1999,,,1994.0,1
440,F2025,noAnchor,2,In-n-Out,1948,,,1924.0,1
440,F2025,noAnchor,3,Golden Gate,1937,,,1971.0,1
440,F2025,noAnchor,4,Harry Potter,2001,,,1993.0,1
440,F2025,noAnchor,5,Game of Thrones,2011,,,2013.0,1
440,F2025,noAnchor,6,Avatar,2009,,,2009.0,1
440,F2025,noAnchor,7,Obamacare,2010,,,2015.0,1
440,F2025,noAnchor,8,Beyonce Lemonade,2016,,,2012.0,1
440,F2025,noAnchor,9,Hollywood Sign,1923,,,1960.0,1
440,F2025,noAnchor,10,Starbucks,1971,,,1990.0,1
193,F2025,noAnchor,1,Coachella,1999,,,1998.0,1
193,F2025,noAnchor,2,In-n-Out,1948,,,1896.0,1
193,F2025,noAnchor,3,Golden Gate,1937,,,1875.0,1
193,F2025,noAnchor,4,Harry Potter,2001,,,2001.0,1
193,F2025,noAnchor,5,Game of Thrones,2011,,,2010.0,1
193,F2025,noAnchor,6,Avatar,2009,,,2005.0,1
193,F2025,noAnchor,7,Obamacare,2010,,,2018.0,1
193,F2025,noAnchor,8,Beyonce Lemonade,2016,,,2012.0,1
193,F2025,noAnchor,9,Hollywood Sign,1923,,,1750.0,1
193,F2025,noAnchor,10,Starbucks,1971,,,1965.0,1
383,F2025,noAnchor,1,Coachella,1999,,,2005.0,1
383,F2025,noAnchor,2,In-n-Out,1948,,,1962.0,1
383,F2025,noAnchor,3,Golden Gate,1937,,,1962.0,1
383,F2025,noAnchor,4,Harry Potter,2001,,,2002.0,1
383,F2025,noAnchor,5,Game of Thrones,2011,,,2001.0,1
383,F2025,noAnchor,6,Avatar,2009,,,2006.0,1
383,F2025,noAnchor,7,Obamacare,2010,,,2009.0,1
383,F2025,noAnchor,8,Beyonce Lemonade,2016,,,2015.0,1
383,F2025,noAnchor,9,Hollywood Sign,1923,,,1943.0,1
383,F2025,noAnchor,10,Starbucks,1971,,,1983.0,1
178,F2025,noAnchor,1,Coachella,1999,,,1980.0,1
178,F2025,noAnchor,2,In-n-Out,1948,,,1970.0,1
178,F2025,noAnchor,3,Golden Gate,1937,,,1980.0,1
178,F2025,noAnchor,4,Harry Potter,2001,,,2008.0,1
178,F2025,noAnchor,5,Game of Thrones,2011,,,2016.0,1
178,F2025,noAnchor,6,Avatar,2009,,,2010.0,1
178,F2025,noAnchor,7,Obamacare,2010,,,2018.0,1
178,F2025,noAnchor,8,Beyonce Lemonade,2016,,,2003.0,1
178,F2025,noAnchor,9,Hollywood Sign,1923,,,1960.0,1
178,F2025,noAnchor,10,Starbucks,1971,,,1970.0,1
2,F2025,noAnchor,1,Coachella,1999,,,2008.0,1
2,F2025,noAnchor,2,In-n-Out,1948,,,1996.0,1
2,F2025,noAnchor,3,Golden Gate,1937,,,1944.0,1
2,F2025,noAnchor,4,Harry Potter,2001,,,2005.0,1
2,F2025,noAnchor,5,Game of Thrones,2011,,,2012.0,1
2,F2025,noAnchor,6,Avatar,2009,,,2010.0,1
2,F2025,noAnchor,7,Obamacare,2010,,,2009.0,1
2,F2025,noAnchor,8,Beyonce Lemonade,2016,,,2009.0,1
2,F2025,noAnchor,9,Hollywood Sign,1923,,,2006.0,1
2,F2025,noAnchor,10,Starbucks,1971,,,1995.0,1
400,F2025,noAnchor,1,Coachella,1999,,,2016.0,1
400,F2025,noAnchor,2,In-n-Out,1948,,,1980.0,1
400,F2025,noAnchor,3,Golden Gate,1937,,,1975.0,1
400,F2025,noAnchor,4,Harry Potter,2001,,,2001.0,1
400,F2025,noAnchor,5,Game of Thrones,2011,,,2014.0,1
400,F2025,noAnchor,6,Avatar,2009,,,2011.0,1
400,F2025,noAnchor,7,Obamacare,2010,,,2010.0,1
400,F2025,noAnchor,8,Beyonce Lemonade,2016,,,2013.0,1
400,F2025,noAnchor,9,Hollywood Sign,1923,,,1970.0,1
400,F2025,noAnchor,10,Starbucks,1971,,,2009.0,1
36,F2025,noAnchor,1,Coachella,1999,,,1980.0,1
36,F2025,noAnchor,2,In-n-Out,1948,,,1980.0,1
36,F2025,noAnchor,3,Golden Gate,1937,,,1905.0,1
36,F2025,noAnchor,4,Harry Potter,2001,,,1992.0,1
36,F2025,noAnchor,5,Game of Thrones,2011,,,2007.0,1
36,F2025,noAnchor,6,Avatar,2009,,,2011.0,1
36,F2025,noAnchor,7,Obamacare,2010,,,2014.0,1
36,F2025,noAnchor,8,Beyonce Lemonade,2016,,,2015.0,1
36,F2025,noAnchor,9,Hollywood Sign,1923,,,1950.0,1
36,F2025,noAnchor,10,Starbucks,1971,,,1999.0,1
144,F2025,noAnchor,1,Coachella,1999,,,2018.0,1
144,F2025,noAnchor,2,In-n-Out,1948,,,1977.0,1
144,F2025,noAnchor,3,Golden Gate,1937,,,1970.0,1
144,F2025,noAnchor,4,Harry Potter,2001,,,2010.0,1
144,F2025,noAnchor,5,Game of Thrones,2011,,,2016.0,1
144,F2025,noAnchor,6,Avatar,2009,,,2013.0,1
144,F2025,noAnchor,7,Obamacare,2010,,,2017.0,1
144,F2025,noAnchor,8,Beyonce Lemonade,2016,,,2010.0,1
144,F2025,noAnchor,9,Hollywood Sign,1923,,,1960.0,1
144,F2025,noAnchor,10,Starbucks,1971,,,1976.0,1
35,F2025,noAnchor,1,Coachella,1999,,,2014.0,1
35,F2025,noAnchor,2,In-n-Out,1948,,,1970.0,1
35,F2025,noAnchor,3,Golden Gate,1937,,,1910.0,1
35,F2025,noAnchor,4,Harry Potter,2001,,,2000.0,1
35,F2025,noAnchor,5,Game of Thrones,2011,,,2012.0,1
35,F2025,noAnchor,6,Avatar,2009,,,2015.0,1
35,F2025,noAnchor,7,Obamacare,2010,,,2005.0,1
35,F2025,noAnchor,8,Beyonce Lemonade,2016,,,2010.0,1
35,F2025,noAnchor,9,Hollywood Sign,1923,,,1990.0,1
35,F2025,noAnchor,10,Starbucks,1971,,,1985.0,1
463,F2025,noAnchor,1,Coachella,1999,,,1970.0,1
463,F2025,noAnchor,2,In-n-Out,1948,,,1965.0,1
463,F2025,noAnchor,3,Golden Gate,1937,,,1985.0,1
463,F2025,noAnchor,4,Harry Potter,2001,,,1980.0,1
463,F2025,noAnchor,5,Game of Thrones,2011,,,2011.0,1
463,F2025,noAnchor,6,Avatar,2009,,,2006.0,1
463,F2025,noAnchor,7,Obamacare,2010,,,2017.0,1
463,F2025,noAnchor,8,Beyonce Lemonade,2016,,,2015.0,1
463,F2025,noAnchor,9,Hollywood Sign,1923,,,1960.0,1
463,F2025,noAnchor,10,Starbucks,1971,,,1930.0,1
224,F2025,noAnchor,1,Coachella,1999,,,1990.0,1
224,F2025,noAnchor,2,In-n-Out,1948,,,1967.0,1
224,F2025,noAnchor,3,Golden Gate,1937,,,1960.0,1
224,F2025,noAnchor,4,Harry Potter,2001,,,2010.0,1
224,F2025,noAnchor,5,Game of Thrones,2011,,,2002.0,1
224,F2025,noAnchor,6,Avatar,2009,,,2008.0,1
224,F2025,noAnchor,7,Obamacare,2010,,,2005.0,1
224,F2025,noAnchor,8,Beyonce Lemonade,2016,,,1990.0,1
224,F2025,noAnchor,9,Hollywood Sign,1923,,,1930.0,1
224,F2025,noAnchor,10,Starbucks,1971,,,1976.0,1
47,F2025,noAnchor,1,Coachella,1999,,,2000.0,1
47,F2025,noAnchor,2,In-n-Out,1948,,,1973.0,1
47,F2025,noAnchor,3,Golden Gate,1937,,,1920.0,1
47,F2025,noAnchor,4,Harry Potter,2001,,,2001.0,1
47,F2025,noAnchor,5,Game of Thrones,2011,,,2013.0,1
47,F2025,noAnchor,6,Avatar,2009,,,2003.0,1
47,F2025,noAnchor,7,Obamacare,2010,,,2009.0,1
47,F2025,noAnchor,8,Beyonce Lemonade,2016,,,2016.0,1
47,F2025,noAnchor,9,Hollywood Sign,1923,,,1920.0,1
47,F2025,noAnchor,10,Starbucks,1971,,,1980.0,1
143,F2025,noAnchor,1,Coachella,1999,,,2004.0,1
143,F2025,noAnchor,2,In-n-Out,1948,,,1990.0,1
143,F2025,noAnchor,3,Golden Gate,1937,,,1970.0,1
143,F2025,noAnchor,4,Harry Potter,2001,,,2005.0,1
143,F2025,noAnchor,5,Game of Thrones,2011,,,2010.0,1
143,F2025,noAnchor,6,Avatar,2009,,,2009.0,1
143,F2025,noAnchor,7,Obamacare,2010,,,2006.0,1
143,F2025,noAnchor,8,Beyonce Lemonade,2016,,,2009.0,1
143,F2025,noAnchor,9,Hollywood Sign,1923,,,1890.0,1
143,F2025,noAnchor,10,Starbucks,1971,,,1998.0,1
576,F2025,noAnchor,1,Coachella,1999,,,1980.0,1
576,F2025,noAnchor,2,In-n-Out,1948,,,2000.0,1
576,F2025,noAnchor,3,Golden Gate,1937,,,1980.0,1
576,F2025,noAnchor,4,Harry Potter,2001,,,2000.0,1
576,F2025,noAnchor,5,Game of Thrones,2011,,,2000.0,1
576,F2025,noAnchor,6,Avatar,2009,,,2010.0,1
576,F2025,noAnchor,7,Obamacare,2010,,,2011.0,1
576,F2025,noAnchor,8,Beyonce Lemonade,2016,,,2020.0,1
576,F2025,noAnchor,9,Hollywood Sign,1923,,,1900.0,1
576,F2025,noAnchor,10,Starbucks,1971,,,1930.0,1
394,F2025,noAnchor,1,Coachella,1999,,,2008.0,1
394,F2025,noAnchor,2,In-n-Out,1948,,,1960.0,1
394,F2025,noAnchor,3,Golden Gate,1937,,,1950.0,1
394,F2025,noAnchor,4,Harry Potter,2001,,,2001.0,1
394,F2025,noAnchor,5,Game of Thrones,2011,,,2011.0,1
394,F2025,noAnchor,6,Avatar,2009,,,2010.0,1
394,F2025,noAnchor,7,Obamacare,2010,,,2010.0,1
394,F2025,noAnchor,8,Beyonce Lemonade,2016,,,2016.0,1
394,F2025,noAnchor,9,Hollywood Sign,1923,,,1950.0,1
394,F2025,noAnchor,10,Starbucks,1971,,,1971.0,1
168,F2025,noAnchor,1,Coachella,1999,,,2010.0,1
168,F2025,noAnchor,2,In-n-Out,1948,,,1700.0,1
168,F2025,noAnchor,3,Golden Gate,1937,,,1820.0,1
168,F2025,noAnchor,4,Harry Potter,2001,,,2006.0,1
168,F2025,noAnchor,5,Game of Thrones,2011,,,2008.0,1
168,F2025,noAnchor,6,Avatar,2009,,,1990.0,1
168,F2025,noAnchor,7,Obamacare,2010,,,2008.0,1
168,F2025,noAnchor,8,Beyonce Lemonade,2016,,,2006.0,1
168,F2025,noAnchor,9,Hollywood Sign,1923,,,1810.0,1
168,F2025,noAnchor,10,Starbucks,1971,,,1660.0,1
356,F2025,noAnchor,1,Coachella,1999,,,1995.0,1
356,F2025,noAnchor,2,In-n-Out,1948,,,1975.0,1
356,F2025,noAnchor,3,Golden Gate,1937,,,1952.0,1
356,F2025,noAnchor,4,Harry Potter,2001,,,2001.0,1
356,F2025,noAnchor,5,Game of Thrones,2011,,,2005.0,1
356,F2025,noAnchor,6,Avatar,2009,,,2009.0,1
356,F2025,noAnchor,7,Obamacare,2010,,,2010.0,1
356,F2025,noAnchor,8,Beyonce Lemonade,2016,,,2016.0,1
356,F2025,noAnchor,9,Hollywood Sign,1923,,,1950.0,1
356,F2025,noAnchor,10,Starbucks,1971,,,1971.0,1
403,F2025,noAnchor,1,Coachella,1999,,,2009.0,1
403,F2025,noAnchor,2,In-n-Out,1948,,,1963.0,1
403,F2025,noAnchor,3,Golden Gate,1937,,,1936.0,1
403,F2025,noAnchor,4,Harry Potter,2001,,,2007.0,1
403,F2025,noAnchor,5,Game of Thrones,2011,,,2013.0,1
403,F2025,noAnchor,6,Avatar,2009,,,2006.0,1
403,F2025,noAnchor,7,Obamacare,2010,,,2011.0,1
403,F2025,noAnchor,8,Beyonce Lemonade,2016,,,2019.0,1
403,F2025,noAnchor,9,Hollywood Sign,1923,,,1952.0,1
403,F2025,noAnchor,10,Starbucks,1971,,,1971.0,1
