participant,problem,problemOrder,choicePosition,cost,value1,value2,value3,value4,value5,value6,value7,value8,value9,value10,value11,value12
1,1,23,6,375,419,423,407,384,374,375,373,391,433,556,490,619
1,2,44,5,386,425,414,407,420,386,396,408,403,411,459,575,530
1,3,17,5,386,446,428,417,385,386,387,351,415,401,443,510,524
1,4,21,6,361,429,463,405,395,387,361,404,419,376,353,534,449
1,5,14,7,409,419,425,392,411,384,401,409,406,382,433,424,473
1,6,22,6,365,405,416,423,419,409,365,385,424,403,369,450,498
1,7,25,7,429,415,446,398,392,396,344,429,387,440,554,438,358
1,8,2,9,377,436,430,450,427,381,393,371,414,377,441,444,497
1,9,48,6,394,465,412,418,411,366,394,378,384,408,448,499,497
1,10,20,6,369,424,432,385,397,361,369,394,436,357,452,433,301
1,11,46,8,363,412,409,393,396,411,339,389,363,424,382,415,588
1,12,42,7,377,415,421,401,427,356,360,377,408,396,442,614,483
1,13,13,6,382,439,434,428,409,385,382,387,404,452,388,402,557
1,14,6,6,390,423,450,438,383,371,390,379,399,392,542,525,626
1,15,31,6,365,425,458,410,392,439,365,373,394,437,413,470,549
1,16,32,6,382,432,421,414,397,373,382,368,389,528,438,556,689
1,17,50,2,423,460,423,441,418,375,363,378,397,474,468,301,612
1,18,11,8,369,411,453,407,390,362,396,375,369,472,505,699,376
1,19,41,7,396,428,443,414,416,395,402,396,403,459,495,417,449
1,20,33,6,400,414,434,339,431,403,400,395,454,430,455,359,394
1,21,19,5,380,433,412,417,419,380,369,402,390,385,503,521,614
1,22,24,5,428,450,445,396,413,428,411,380,376,369,350,603,426
1,23,18,3,379,435,412,379,401,388,385,391,444,380,386,347,660
1,24,9,8,364,424,445,416,422,395,367,407,364,379,375,417,687
1,25,3,5,372,368,411,418,399,372,384,402,373,468,471,551,301
1,26,49,2,431,436,431,385,379,396,359,404,409,453,388,301,389
1,27,43,11,504,412,436,382,397,391,401,413,424,447,442,504,616
1,28,36,7,402,416,434,420,436,403,355,402,358,429,440,316,590
1,29,37,7,377,406,402,452,414,422,338,377,385,409,488,456,509
1,30,4,2,412,406,412,425,417,393,352,361,419,475,486,373,456
1,31,45,6,372,409,458,410,370,356,372,396,390,425,523,379,561
1,32,26,9,371,439,423,420,400,398,387,401,382,371,517,520,486
1,33,15,7,387,418,443,373,407,361,380,387,400,398,562,586,699
1,34,47,11,417,436,431,415,414,380,370,374,421,353,410,417,301
1,35,12,5,358,393,368,440,412,358,391,378,417,414,466,625,477
1,36,8,6,397,430,419,413,387,354,397,392,358,427,425,431,495
1,37,34,6,356,425,453,370,404,375,356,388,408,444,472,481,553
1,38,40,5,373,396,453,419,417,373,377,427,402,454,444,312,614
1,39,38,2,412,419,412,415,416,361,372,386,389,439,421,381,527
1,40,7,7,425,420,457,443,415,410,370,425,429,521,369,456,511
1,41,29,8,395,425,436,446,402,403,389,381,395,442,398,441,626
1,42,5,7,353,429,403,393,381,345,378,353,410,301,425,414,433
1,43,10,7,407,428,394,410,393,383,409,407,421,426,461,565,422
1,44,1,3,416,466,439,416,381,385,395,387,402,451,412,462,410
1,45,30,7,415,450,463,432,387,383,375,415,397,337,434,480,444
1,46,35,5,373,427,418,424,367,373,378,363,391,458,507,361,494
1,47,28,2,421,406,421,390,382,389,361,393,420,403,427,419,493
1,48,39,6,378,387,444,407,382,403,378,373,436,353,457,439,510
1,49,16,9,461,420,447,387,375,358,391,368,428,461,415,340,462
1,50,27,12,669,431,421,433,399,388,389,403,392,400,527,475,669
2,1,18,5,374,419,423,407,384,374,375,373,391,433,556,490,619
2,2,20,7,408,425,414,407,420,386,396,408,403,411,459,575,530
2,3,19,4,385,446,428,417,385,386,387,351,415,401,443,510,524
2,4,48,5,387,429,463,405,395,387,361,404,419,376,353,534,449
2,5,49,9,382,419,425,392,411,384,401,409,406,382,433,424,473
2,6,5,6,365,405,416,423,419,409,365,385,424,403,369,450,498
2,7,3,6,344,415,446,398,392,396,344,429,387,440,554,438,358
2,8,23,5,381,436,430,450,427,381,393,371,414,377,441,444,497
2,9,4,5,366,465,412,418,411,366,394,378,384,408,448,499,497
2,10,6,5,361,424,432,385,397,361,369,394,436,357,452,433,301
2,11,13,6,339,412,409,393,396,411,339,389,363,424,382,415,588
2,12,31,5,356,415,421,401,427,356,360,377,408,396,442,614,483
2,13,36,6,382,439,434,428,409,385,382,387,404,452,388,402,557
2,14,46,7,379,423,450,438,383,371,390,379,399,392,542,525,626
2,15,9,6,365,425,458,410,392,439,365,373,394,437,413,470,549
2,16,33,6,382,432,421,414,397,373,382,368,389,528,438,556,689
2,17,11,5,375,460,423,441,418,375,363,378,397,474,468,301,612
2,18,22,6,396,411,453,407,390,362,396,375,369,472,505,699,376
2,19,50,7,396,428,443,414,416,395,402,396,403,459,495,417,449
2,20,17,7,395,414,434,339,431,403,400,395,454,430,455,359,394
2,21,27,6,369,433,412,417,419,380,369,402,390,385,503,521,614
2,22,44,7,380,450,445,396,413,428,411,380,376,369,350,603,426
2,23,24,6,385,435,412,379,401,388,385,391,444,380,386,347,660
2,24,29,5,395,424,445,416,422,395,367,407,364,379,375,417,687
2,25,35,1,368,368,411,418,399,372,384,402,373,468,471,551,301
2,26,43,4,379,436,431,385,379,396,359,404,409,453,388,301,389
2,27,8,12,616,412,436,382,397,391,401,413,424,447,442,504,616
2,28,1,6,355,416,434,420,436,403,355,402,358,429,440,316,590
2,29,26,6,338,406,402,452,414,422,338,377,385,409,488,456,509
2,30,14,4,417,406,412,425,417,393,352,361,419,475,486,373,456
2,31,2,8,390,409,458,410,370,356,372,396,390,425,523,379,561
2,32,30,5,398,439,423,420,400,398,387,401,382,371,517,520,486
2,33,38,6,380,418,443,373,407,361,380,387,400,398,562,586,699
2,34,21,5,380,436,431,415,414,380,370,374,421,353,410,417,301
2,35,32,4,412,393,368,440,412,358,391,378,417,414,466,625,477
2,36,10,3,413,430,419,413,387,354,397,392,358,427,425,431,495
2,37,12,6,356,425,453,370,404,375,356,388,408,444,472,481,553
2,38,41,5,373,396,453,419,417,373,377,427,402,454,444,312,614
2,39,42,6,372,419,412,415,416,361,372,386,389,439,421,381,527
2,40,16,6,370,420,457,443,415,410,370,425,429,521,369,456,511
2,41,37,5,403,425,436,446,402,403,389,381,395,442,398,441,626
2,42,34,7,353,429,403,393,381,345,378,353,410,301,425,414,433
2,43,40,6,409,428,394,410,393,383,409,407,421,426,461,565,422
2,44,45,4,381,466,439,416,381,385,395,387,402,451,412,462,410
2,45,15,4,387,450,463,432,387,383,375,415,397,337,434,480,444
2,46,39,4,367,427,418,424,367,373,378,363,391,458,507,361,494
2,47,47,6,361,406,421,390,382,389,361,393,420,403,427,419,493
2,48,28,4,382,387,444,407,382,403,378,373,436,353,457,439,510
2,49,25,5,358,420,447,387,375,358,391,368,428,461,415,340,462
2,50,7,9,400,431,421,433,399,388,389,403,392,400,527,475,669
3,1,45,12,619,419,423,407,384,374,375,373,391,433,556,490,619
3,2,4,12,530,425,414,407,420,386,396,408,403,411,459,575,530
3,3,27,7,351,446,428,417,385,386,387,351,415,401,443,510,524
3,4,30,9,376,429,463,405,395,387,361,404,419,376,353,534,449
3,5,25,9,382,419,425,392,411,384,401,409,406,382,433,424,473
3,6,15,10,369,405,416,423,419,409,365,385,424,403,369,450,498
3,7,24,6,344,415,446,398,392,396,344,429,387,440,554,438,358
3,8,1,12,497,436,430,450,427,381,393,371,414,377,441,444,497
3,9,12,12,497,465,412,418,411,366,394,378,384,408,448,499,497
3,10,29,9,357,424,432,385,397,361,369,394,436,357,452,433,301
3,11,3,6,339,412,409,393,396,411,339,389,363,424,382,415,588
3,12,36,7,377,415,421,401,427,356,360,377,408,396,442,614,483
3,13,23,12,557,439,434,428,409,385,382,387,404,452,388,402,557
3,14,47,12,626,423,450,438,383,371,390,379,399,392,542,525,626
3,15,32,6,365,425,458,410,392,439,365,373,394,437,413,470,549
3,16,39,7,368,432,421,414,397,373,382,368,389,528,438,556,689
3,17,28,7,378,460,423,441,418,375,363,378,397,474,468,301,612
3,18,26,12,376,411,453,407,390,362,396,375,369,472,505,699,376
3,19,21,11,417,428,443,414,416,395,402,396,403,459,495,417,449
3,20,42,11,359,414,434,339,431,403,400,395,454,430,455,359,394
3,21,41,6,369,433,412,417,419,380,369,402,390,385,503,521,614
3,22,18,7,380,450,445,396,413,428,411,380,376,369,350,603,426
3,23,49,9,380,435,412,379,401,388,385,391,444,380,386,347,660
3,24,16,8,364,424,445,416,422,395,367,407,364,379,375,417,687
3,25,13,8,373,368,411,418,399,372,384,402,373,468,471,551,301
3,26,20,6,359,436,431,385,379,396,359,404,409,453,388,301,389
3,27,6,12,616,412,436,382,397,391,401,413,424,447,442,504,616
3,28,19,8,358,416,434,420,436,403,355,402,358,429,440,316,590
3,29,40,6,338,406,402,452,414,422,338,377,385,409,488,456,509
3,30,5,7,361,406,412,425,417,393,352,361,419,475,486,373,456
3,31,35,8,390,409,458,410,370,356,372,396,390,425,523,379,561
3,32,34,9,371,439,423,420,400,398,387,401,382,371,517,520,486
3,33,37,9,398,418,443,373,407,361,380,387,400,398,562,586,699
3,34,11,12,301,436,431,415,414,380,370,374,421,353,410,417,301
3,35,33,12,477,393,368,440,412,358,391,378,417,414,466,625,477
3,36,9,7,392,430,419,413,387,354,397,392,358,427,425,431,495
3,37,43,11,481,425,453,370,404,375,356,388,408,444,472,481,553
3,38,8,5,373,396,453,419,417,373,377,427,402,454,444,312,614
3,39,50,10,421,419,412,415,416,361,372,386,389,439,421,381,527
3,40,46,10,369,420,457,443,415,410,370,425,429,521,369,456,511
3,41,14,9,442,425,436,446,402,403,389,381,395,442,398,441,626
3,42,17,9,301,429,403,393,381,345,378,353,410,301,425,414,433
3,43,44,7,407,428,394,410,393,383,409,407,421,426,461,565,422
3,44,48,8,402,466,439,416,381,385,395,387,402,451,412,462,410
3,45,38,7,415,450,463,432,387,383,375,415,397,337,434,480,444
3,46,10,8,391,427,418,424,367,373,378,363,391,458,507,361,494
3,47,7,9,403,406,421,390,382,389,361,393,420,403,427,419,493
3,48,31,1,387,387,444,407,382,403,378,373,436,353,457,439,510
3,49,22,11,340,420,447,387,375,358,391,368,428,461,415,340,462
3,50,2,12,669,431,421,433,399,388,389,403,392,400,527,475,669
4,1,3,7,373,419,423,407,384,374,375,373,391,433,556,490,619
4,2,22,12,530,425,414,407,420,386,396,408,403,411,459,575,530
4,3,9,6,387,446,428,417,385,386,387,351,415,401,443,510,524
4,4,11,6,361,429,463,405,395,387,361,404,419,376,353,534,449
4,5,18,9,382,419,425,392,411,384,401,409,406,382,433,424,473
4,6,27,6,365,405,416,423,419,409,365,385,424,403,369,450,498
4,7,38,12,358,415,446,398,392,396,344,429,387,440,554,438,358
4,8,40,7,371,436,430,450,427,381,393,371,414,377,441,444,497
4,9,35,6,394,465,412,418,411,366,394,378,384,408,448,499,497
4,10,43,9,357,424,432,385,397,361,369,394,436,357,452,433,301
4,11,48,6,339,412,409,393,396,411,339,389,363,424,382,415,588
4,12,5,12,483,415,421,401,427,356,360,377,408,396,442,614,483
4,13,17,6,382,439,434,428,409,385,382,387,404,452,388,402,557
4,14,26,7,379,423,450,438,383,371,390,379,399,392,542,525,626
4,15,20,6,365,425,458,410,392,439,365,373,394,437,413,470,549
4,16,36,7,368,432,421,414,397,373,382,368,389,528,438,556,689
4,17,46,6,363,460,423,441,418,375,363,378,397,474,468,301,612
4,18,44,7,375,411,453,407,390,362,396,375,369,472,505,699,376
4,19,1,12,449,428,443,414,416,395,402,396,403,459,495,417,449
4,20,12,11,359,414,434,339,431,403,400,395,454,430,455,359,394
4,21,42,6,369,433,412,417,419,380,369,402,390,385,503,521,614
4,22,25,7,380,450,445,396,413,428,411,380,376,369,350,603,426
4,23,6,7,391,435,412,379,401,388,385,391,444,380,386,347,660
4,24,49,8,364,424,445,416,422,395,367,407,364,379,375,417,687
4,25,30,1,368,368,411,418,399,372,384,402,373,468,471,551,301
4,26,2,6,359,436,431,385,379,396,359,404,409,453,388,301,389
4,27,39,8,424,412,436,382,397,391,401,413,424,447,442,504,616
4,28,31,6,355,416,434,420,436,403,355,402,358,429,440,316,590
4,29,41,6,338,406,402,452,414,422,338,377,385,409,488,456,509
4,30,29,11,373,406,412,425,417,393,352,361,419,475,486,373,456
4,31,21,8,390,409,458,410,370,356,372,396,390,425,523,379,561
4,32,16,5,398,439,423,420,400,398,387,401,382,371,517,520,486
4,33,34,6,380,418,443,373,407,361,380,387,400,398,562,586,699
4,34,10,12,301,436,431,415,414,380,370,374,421,353,410,417,301
4,35,4,5,358,393,368,440,412,358,391,378,417,414,466,625,477
4,36,7,6,397,430,419,413,387,354,397,392,358,427,425,431,495
4,37,14,1,425,425,453,370,404,375,356,388,408,444,472,481,553
4,38,45,6,377,396,453,419,417,373,377,427,402,454,444,312,614
4,39,8,10,421,419,412,415,416,361,372,386,389,439,421,381,527
4,40,24,6,370,420,457,443,415,410,370,425,429,521,369,456,511
4,41,50,9,442,425,436,446,402,403,389,381,395,442,398,441,626
4,42,32,12,433,429,403,393,381,345,378,353,410,301,425,414,433
4,43,37,7,407,428,394,410,393,383,409,407,421,426,461,565,422
4,44,19,9,451,466,439,416,381,385,395,387,402,451,412,462,410
4,45,13,7,415,450,463,432,387,383,375,415,397,337,434,480,444
4,46,15,7,363,427,418,424,367,373,378,363,391,458,507,361,494
4,47,33,6,361,406,421,390,382,389,361,393,420,403,427,419,493
4,48,23,6,378,387,444,407,382,403,378,373,436,353,457,439,510
4,49,47,5,358,420,447,387,375,358,391,368,428,461,415,340,462
4,50,28,12,669,431,421,433,399,388,389,403,392,400,527,475,669
5,1,50,7,373,419,423,407,384,374,375,373,391,433,556,490,619
5,2,8,11,575,425,414,407,420,386,396,408,403,411,459,575,530
5,3,32,6,387,446,428,417,385,386,387,351,415,401,443,510,524
5,4,17,9,376,429,463,405,395,387,361,404,419,376,353,534,449
5,5,1,7,409,419,425,392,411,384,401,409,406,382,433,424,473
5,6,4,6,365,405,416,423,419,409,365,385,424,403,369,450,498
5,7,36,6,344,415,446,398,392,396,344,429,387,440,554,438,358
5,8,9,7,371,436,430,450,427,381,393,371,414,377,441,444,497
5,9,37,5,366,465,412,418,411,366,394,378,384,408,448,499,497
5,10,24,5,361,424,432,385,397,361,369,394,436,357,452,433,301
5,11,25,6,339,412,409,393,396,411,339,389,363,424,382,415,588
5,12,43,5,356,415,421,401,427,356,360,377,408,396,442,614,483
5,13,7,10,388,439,434,428,409,385,382,387,404,452,388,402,557
5,14,49,5,371,423,450,438,383,371,390,379,399,392,542,525,626
5,15,20,6,365,425,458,410,392,439,365,373,394,437,413,470,549
5,16,28,7,368,432,421,414,397,373,382,368,389,528,438,556,689
5,17,44,6,363,460,423,441,418,375,363,378,397,474,468,301,612
5,18,13,5,362,411,453,407,390,362,396,375,369,472,505,699,376
5,19,19,12,449,428,443,414,416,395,402,396,403,459,495,417,449
5,20,46,3,339,414,434,339,431,403,400,395,454,430,455,359,394
5,21,33,5,380,433,412,417,419,380,369,402,390,385,503,521,614
5,22,3,7,380,450,445,396,413,428,411,380,376,369,350,603,426
5,23,31,6,385,435,412,379,401,388,385,391,444,380,386,347,660
5,24,27,8,364,424,445,416,422,395,367,407,364,379,375,417,687
5,25,29,12,301,368,411,418,399,372,384,402,373,468,471,551,301
5,26,16,6,359,436,431,385,379,396,359,404,409,453,388,301,389
5,27,41,12,616,412,436,382,397,391,401,413,424,447,442,504,616
5,28,6,6,355,416,434,420,436,403,355,402,358,429,440,316,590
5,29,48,7,377,406,402,452,414,422,338,377,385,409,488,456,509
5,30,21,5,393,406,412,425,417,393,352,361,419,475,486,373,456
5,31,11,8,390,409,458,410,370,356,372,396,390,425,523,379,561
5,32,12,5,398,439,423,420,400,398,387,401,382,371,517,520,486
5,33,22,6,380,418,443,373,407,361,380,387,400,398,562,586,699
5,34,39,5,380,436,431,415,414,380,370,374,421,353,410,417,301
5,35,2,5,358,393,368,440,412,358,391,378,417,414,466,625,477
5,36,15,6,397,430,419,413,387,354,397,392,358,427,425,431,495
5,37,18,11,481,425,453,370,404,375,356,388,408,444,472,481,553
5,38,14,5,373,396,453,419,417,373,377,427,402,454,444,312,614
5,39,40,6,372,419,412,415,416,361,372,386,389,439,421,381,527
5,40,34,6,370,420,457,443,415,410,370,425,429,521,369,456,511
5,41,26,5,403,425,436,446,402,403,389,381,395,442,398,441,626
5,42,45,10,425,429,403,393,381,345,378,353,410,301,425,414,433
5,43,23,12,422,428,394,410,393,383,409,407,421,426,461,565,422
5,44,35,9,451,466,439,416,381,385,395,387,402,451,412,462,410
5,45,10,4,387,450,463,432,387,383,375,415,397,337,434,480,444
5,46,30,7,363,427,418,424,367,373,378,363,391,458,507,361,494
5,47,5,6,361,406,421,390,382,389,361,393,420,403,427,419,493
5,48,47,6,378,387,444,407,382,403,378,373,436,353,457,439,510
5,49,38,5,358,420,447,387,375,358,391,368,428,461,415,340,462
5,50,42,6,389,431,421,433,399,388,389,403,392,400,527,475,669
6,1,24,5,374,419,423,407,384,374,375,373,391,433,556,490,619
6,2,10,5,386,425,414,407,420,386,396,408,403,411,459,575,530
6,3,15,5,386,446,428,417,385,386,387,351,415,401,443,510,524
6,4,12,6,361,429,463,405,395,387,361,404,419,376,353,534,449
6,5,36,6,401,419,425,392,411,384,401,409,406,382,433,424,473
6,6,42,6,365,405,416,423,419,409,365,385,424,403,369,450,498
6,7,33,6,344,415,446,398,392,396,344,429,387,440,554,438,358
6,8,19,5,381,436,430,450,427,381,393,371,414,377,441,444,497
6,9,38,5,366,465,412,418,411,366,394,378,384,408,448,499,497
6,10,43,6,369,424,432,385,397,361,369,394,436,357,452,433,301
6,11,3,6,339,412,409,393,396,411,339,389,363,424,382,415,588
6,12,7,6,360,415,421,401,427,356,360,377,408,396,442,614,483
6,13,34,12,557,439,434,428,409,385,382,387,404,452,388,402,557
6,14,29,6,390,423,450,438,383,371,390,379,399,392,542,525,626
6,15,4,6,365,425,458,410,392,439,365,373,394,437,413,470,549
6,16,22,6,382,432,421,414,397,373,382,368,389,528,438,556,689
6,17,16,5,375,460,423,441,418,375,363,378,397,474,468,301,612
6,18,21,6,396,411,453,407,390,362,396,375,369,472,505,699,376
6,19,13,6,402,428,443,414,416,395,402,396,403,459,495,417,449
6,20,30,7,395,414,434,339,431,403,400,395,454,430,455,359,394
6,21,14,5,380,433,412,417,419,380,369,402,390,385,503,521,614
6,22,27,6,411,450,445,396,413,428,411,380,376,369,350,603,426
6,23,50,9,380,435,412,379,401,388,385,391,444,380,386,347,660
6,24,5,6,367,424,445,416,422,395,367,407,364,379,375,417,687
6,25,8,8,373,368,411,418,399,372,384,402,373,468,471,551,301
6,26,1,6,359,436,431,385,379,396,359,404,409,453,388,301,389
6,27,20,12,616,412,436,382,397,391,401,413,424,447,442,504,616
6,28,41,6,355,416,434,420,436,403,355,402,358,429,440,316,590
6,29,17,6,338,406,402,452,414,422,338,377,385,409,488,456,509
6,30,49,6,352,406,412,425,417,393,352,361,419,475,486,373,456
6,31,45,6,372,409,458,410,370,356,372,396,390,425,523,379,561
6,32,47,3,420,439,423,420,400,398,387,401,382,371,517,520,486
6,33,25,6,380,418,443,373,407,361,380,387,400,398,562,586,699
6,34,28,6,370,436,431,415,414,380,370,374,421,353,410,417,301
6,35,40,4,412,393,368,440,412,358,391,378,417,414,466,625,477
6,36,31,6,397,430,419,413,387,354,397,392,358,427,425,431,495
6,37,39,5,375,425,453,370,404,375,356,388,408,444,472,481,553
6,38,6,5,373,396,453,419,417,373,377,427,402,454,444,312,614
6,39,23,6,372,419,412,415,416,361,372,386,389,439,421,381,527
6,40,35,6,370,420,457,443,415,410,370,425,429,521,369,456,511
6,41,11,5,403,425,436,446,402,403,389,381,395,442,398,441,626
6,42,18,7,353,429,403,393,381,345,378,353,410,301,425,414,433
6,43,9,6,409,428,394,410,393,383,409,407,421,426,461,565,422
6,44,2,6,395,466,439,416,381,385,395,387,402,451,412,462,410
6,45,46,7,415,450,463,432,387,383,375,415,397,337,434,480,444
6,46,32,6,378,427,418,424,367,373,378,363,391,458,507,361,494
6,47,48,5,389,406,421,390,382,389,361,393,420,403,427,419,493
6,48,37,6,378,387,444,407,382,403,378,373,436,353,457,439,510
6,49,44,5,358,420,447,387,375,358,391,368,428,461,415,340,462
6,50,26,5,388,431,421,433,399,388,389,403,392,400,527,475,669
7,1,3,6,375,419,423,407,384,374,375,373,391,433,556,490,619
7,2,21,8,403,425,414,407,420,386,396,408,403,411,459,575,530
7,3,39,6,387,446,428,417,385,386,387,351,415,401,443,510,524
7,4,13,6,361,429,463,405,395,387,361,404,419,376,353,534,449
7,5,16,9,382,419,425,392,411,384,401,409,406,382,433,424,473
7,6,47,6,365,405,416,423,419,409,365,385,424,403,369,450,498
7,7,10,5,396,415,446,398,392,396,344,429,387,440,554,438,358
7,8,49,5,381,436,430,450,427,381,393,371,414,377,441,444,497
7,9,26,5,366,465,412,418,411,366,394,378,384,408,448,499,497
7,10,17,6,369,424,432,385,397,361,369,394,436,357,452,433,301
7,11,44,6,339,412,409,393,396,411,339,389,363,424,382,415,588
7,12,34,5,356,415,421,401,427,356,360,377,408,396,442,614,483
7,13,22,6,382,439,434,428,409,385,382,387,404,452,388,402,557
7,14,24,5,371,423,450,438,383,371,390,379,399,392,542,525,626
7,15,1,6,365,425,458,410,392,439,365,373,394,437,413,470,549
7,16,6,6,382,432,421,414,397,373,382,368,389,528,438,556,689
7,17,7,6,363,460,423,441,418,375,363,378,397,474,468,301,612
7,18,50,7,375,411,453,407,390,362,396,375,369,472,505,699,376
7,19,30,7,396,428,443,414,416,395,402,396,403,459,495,417,449
7,20,42,7,395,414,434,339,431,403,400,395,454,430,455,359,394
7,21,48,6,369,433,412,417,419,380,369,402,390,385,503,521,614
7,22,36,7,380,450,445,396,413,428,411,380,376,369,350,603,426
7,23,43,6,385,435,412,379,401,388,385,391,444,380,386,347,660
7,24,46,5,395,424,445,416,422,395,367,407,364,379,375,417,687
7,25,45,5,372,368,411,418,399,372,384,402,373,468,471,551,301
7,26,5,6,359,436,431,385,379,396,359,404,409,453,388,301,389
7,27,4,12,616,412,436,382,397,391,401,413,424,447,442,504,616
7,28,37,6,355,416,434,420,436,403,355,402,358,429,440,316,590
7,29,28,6,338,406,402,452,414,422,338,377,385,409,488,456,509
7,30,29,7,361,406,412,425,417,393,352,361,419,475,486,373,456
7,31,27,7,396,409,458,410,370,356,372,396,390,425,523,379,561
7,32,8,5,398,439,423,420,400,398,387,401,382,371,517,520,486
7,33,12,6,380,418,443,373,407,361,380,387,400,398,562,586,699
7,34,31,7,374,436,431,415,414,380,370,374,421,353,410,417,301
7,35,14,4,412,393,368,440,412,358,391,378,417,414,466,625,477
7,36,19,5,354,430,419,413,387,354,397,392,358,427,425,431,495
7,37,35,6,356,425,453,370,404,375,356,388,408,444,472,481,553
7,38,15,6,377,396,453,419,417,373,377,427,402,454,444,312,614
7,39,11,6,372,419,412,415,416,361,372,386,389,439,421,381,527
7,40,23,6,370,420,457,443,415,410,370,425,429,521,369,456,511
7,41,38,5,403,425,436,446,402,403,389,381,395,442,398,441,626
7,42,41,7,353,429,403,393,381,345,378,353,410,301,425,414,433
7,43,9,7,407,428,394,410,393,383,409,407,421,426,461,565,422
7,44,18,6,395,466,439,416,381,385,395,387,402,451,412,462,410
7,45,32,6,375,450,463,432,387,383,375,415,397,337,434,480,444
7,46,25,4,367,427,418,424,367,373,378,363,391,458,507,361,494
7,47,20,6,361,406,421,390,382,389,361,393,420,403,427,419,493
7,48,33,6,378,387,444,407,382,403,378,373,436,353,457,439,510
7,49,2,6,391,420,447,387,375,358,391,368,428,461,415,340,462
7,50,40,6,389,431,421,433,399,388,389,403,392,400,527,475,669
8,1,47,4,384,419,423,407,384,374,375,373,391,433,556,490,619
8,2,17,5,386,425,414,407,420,386,396,408,403,411,459,575,530
8,3,43,7,351,446,428,417,385,386,387,351,415,401,443,510,524
8,4,40,4,395,429,463,405,395,387,361,404,419,376,353,534,449
8,5,41,6,401,419,425,392,411,384,401,409,406,382,433,424,473
8,6,25,6,365,405,416,423,419,409,365,385,424,403,369,450,498
8,7,12,6,344,415,446,398,392,396,344,429,387,440,554,438,358
8,8,10,6,393,436,430,450,427,381,393,371,414,377,441,444,497
8,9,46,5,366,465,412,418,411,366,394,378,384,408,448,499,497
8,10,28,5,361,424,432,385,397,361,369,394,436,357,452,433,301
8,11,24,4,396,412,409,393,396,411,339,389,363,424,382,415,588
8,12,14,6,360,415,421,401,427,356,360,377,408,396,442,614,483
8,13,11,6,382,439,434,428,409,385,382,387,404,452,388,402,557
8,14,23,6,390,423,450,438,383,371,390,379,399,392,542,525,626
8,15,22,6,365,425,458,410,392,439,365,373,394,437,413,470,549
8,16,27,8,389,432,421,414,397,373,382,368,389,528,438,556,689
8,17,30,7,378,460,423,441,418,375,363,378,397,474,468,301,612
8,18,19,7,375,411,453,407,390,362,396,375,369,472,505,699,376
8,19,1,6,402,428,443,414,416,395,402,396,403,459,495,417,449
8,20,8,3,339,414,434,339,431,403,400,395,454,430,455,359,394
8,21,38,6,369,433,412,417,419,380,369,402,390,385,503,521,614
8,22,45,7,380,450,445,396,413,428,411,380,376,369,350,603,426
8,23,4,5,388,435,412,379,401,388,385,391,444,380,386,347,660
8,24,50,6,367,424,445,416,422,395,367,407,364,379,375,417,687
8,25,9,5,372,368,411,418,399,372,384,402,373,468,471,551,301
8,26,33,6,359,436,431,385,379,396,359,404,409,453,388,301,389
8,27,2,12,616,412,436,382,397,391,401,413,424,447,442,504,616
8,28,44,6,355,416,434,420,436,403,355,402,358,429,440,316,590
8,29,49,6,338,406,402,452,414,422,338,377,385,409,488,456,509
8,30,15,8,419,406,412,425,417,393,352,361,419,475,486,373,456
8,31,5,7,396,409,458,410,370,356,372,396,390,425,523,379,561
8,32,26,6,387,439,423,420,400,398,387,401,382,371,517,520,486
8,33,31,5,361,418,443,373,407,361,380,387,400,398,562,586,699
8,34,6,5,380,436,431,415,414,380,370,374,421,353,410,417,301
8,35,35,6,391,393,368,440,412,358,391,378,417,414,466,625,477
8,36,7,6,397,430,419,413,387,354,397,392,358,427,425,431,495
8,37,32,8,408,425,453,370,404,375,356,388,408,444,472,481,553
8,38,34,6,377,396,453,419,417,373,377,427,402,454,444,312,614
8,39,36,6,372,419,412,415,416,361,372,386,389,439,421,381,527
8,40,48,8,429,420,457,443,415,410,370,425,429,521,369,456,511
8,41,29,6,389,425,436,446,402,403,389,381,395,442,398,441,626
8,42,18,10,425,429,403,393,381,345,378,353,410,301,425,414,433
8,43,39,7,407,428,394,410,393,383,409,407,421,426,461,565,422
8,44,3,8,402,466,439,416,381,385,395,387,402,451,412,462,410
8,45,16,5,383,450,463,432,387,383,375,415,397,337,434,480,444
8,46,20,10,507,427,418,424,367,373,378,363,391,458,507,361,494
8,47,13,6,361,406,421,390,382,389,361,393,420,403,427,419,493
8,48,42,6,378,387,444,407,382,403,378,373,436,353,457,439,510
8,49,37,5,358,420,447,387,375,358,391,368,428,461,415,340,462
8,50,21,4,399,431,421,433,399,388,389,403,392,400,527,475,669
9,1,19,4,384,419,423,407,384,374,375,373,391,433,556,490,619
9,2,34,12,530,425,414,407,420,386,396,408,403,411,459,575,530
9,3,7,7,351,446,428,417,385,386,387,351,415,401,443,510,524
9,4,44,6,361,429,463,405,395,387,361,404,419,376,353,534,449
9,5,33,9,382,419,425,392,411,384,401,409,406,382,433,424,473
9,6,46,6,365,405,416,423,419,409,365,385,424,403,369,450,498
9,7,5,6,344,415,446,398,392,396,344,429,387,440,554,438,358
9,8,37,6,393,436,430,450,427,381,393,371,414,377,441,444,497
9,9,2,5,366,465,412,418,411,366,394,378,384,408,448,499,497
9,10,28,5,361,424,432,385,397,361,369,394,436,357,452,433,301
9,11,38,3,393,412,409,393,396,411,339,389,363,424,382,415,588
9,12,18,5,356,415,421,401,427,356,360,377,408,396,442,614,483
9,13,41,5,385,439,434,428,409,385,382,387,404,452,388,402,557
9,14,35,4,383,423,450,438,383,371,390,379,399,392,542,525,626
9,15,15,6,365,425,458,410,392,439,365,373,394,437,413,470,549
9,16,3,5,373,432,421,414,397,373,382,368,389,528,438,556,689
9,17,22,5,375,460,423,441,418,375,363,378,397,474,468,301,612
9,18,30,7,375,411,453,407,390,362,396,375,369,472,505,699,376
9,19,42,9,459,428,443,414,416,395,402,396,403,459,495,417,449
9,20,4,3,339,414,434,339,431,403,400,395,454,430,455,359,394
9,21,50,5,380,433,412,417,419,380,369,402,390,385,503,521,614
9,22,16,8,376,450,445,396,413,428,411,380,376,369,350,603,426
9,23,20,3,379,435,412,379,401,388,385,391,444,380,386,347,660
9,24,40,5,395,424,445,416,422,395,367,407,364,379,375,417,687
9,25,8,5,372,368,411,418,399,372,384,402,373,468,471,551,301
9,26,17,4,379,436,431,385,379,396,359,404,409,453,388,301,389
9,27,29,3,382,412,436,382,397,391,401,413,424,447,442,504,616
9,28,13,6,355,416,434,420,436,403,355,402,358,429,440,316,590
9,29,43,5,422,406,402,452,414,422,338,377,385,409,488,456,509
9,30,31,4,417,406,412,425,417,393,352,361,419,475,486,373,456
9,31,47,6,372,409,458,410,370,356,372,396,390,425,523,379,561
9,32,32,3,420,439,423,420,400,398,387,401,382,371,517,520,486
9,33,11,6,380,418,443,373,407,361,380,387,400,398,562,586,699
9,34,12,3,415,436,431,415,414,380,370,374,421,353,410,417,301
9,35,26,5,358,393,368,440,412,358,391,378,417,414,466,625,477
9,36,14,5,354,430,419,413,387,354,397,392,358,427,425,431,495
9,37,49,11,481,425,453,370,404,375,356,388,408,444,472,481,553
9,38,48,8,402,396,453,419,417,373,377,427,402,454,444,312,614
9,39,21,6,372,419,412,415,416,361,372,386,389,439,421,381,527
9,40,9,9,521,420,457,443,415,410,370,425,429,521,369,456,511
9,41,39,4,402,425,436,446,402,403,389,381,395,442,398,441,626
9,42,45,12,433,429,403,393,381,345,378,353,410,301,425,414,433
9,43,10,4,393,428,394,410,393,383,409,407,421,426,461,565,422
9,44,23,5,385,466,439,416,381,385,395,387,402,451,412,462,410
9,45,1,4,387,450,463,432,387,383,375,415,397,337,434,480,444
9,46,36,7,363,427,418,424,367,373,378,363,391,458,507,361,494
9,47,6,4,382,406,421,390,382,389,361,393,420,403,427,419,493
9,48,24,4,382,387,444,407,382,403,378,373,436,353,457,439,510
9,49,25,4,375,420,447,387,375,358,391,368,428,461,415,340,462
9,50,27,6,389,431,421,433,399,388,389,403,392,400,527,475,669
10,1,10,5,374,419,423,407,384,374,375,373,391,433,556,490,619
10,2,20,5,386,425,414,407,420,386,396,408,403,411,459,575,530
10,3,8,6,387,446,428,417,385,386,387,351,415,401,443,510,524
10,4,3,6,361,429,463,405,395,387,361,404,419,376,353,534,449
10,5,25,3,392,419,425,392,411,384,401,409,406,382,433,424,473
10,6,36,6,365,405,416,423,419,409,365,385,424,403,369,450,498
10,7,4,6,344,415,446,398,392,396,344,429,387,440,554,438,358
10,8,9,5,381,436,430,450,427,381,393,371,414,377,441,444,497
10,9,26,5,366,465,412,418,411,366,394,378,384,408,448,499,497
10,10,14,6,369,424,432,385,397,361,369,394,436,357,452,433,301
10,11,1,6,339,412,409,393,396,411,339,389,363,424,382,415,588
10,12,27,5,356,415,421,401,427,356,360,377,408,396,442,614,483
10,13,32,6,382,439,434,428,409,385,382,387,404,452,388,402,557
10,14,18,5,371,423,450,438,383,371,390,379,399,392,542,525,626
10,15,19,6,365,425,458,410,392,439,365,373,394,437,413,470,549
10,16,50,5,373,432,421,414,397,373,382,368,389,528,438,556,689
10,17,34,5,375,460,423,441,418,375,363,378,397,474,468,301,612
10,18,13,5,362,411,453,407,390,362,396,375,369,472,505,699,376
10,19,21,6,402,428,443,414,416,395,402,396,403,459,495,417,449
10,20,46,6,400,414,434,339,431,403,400,395,454,430,455,359,394
10,21,28,5,380,433,412,417,419,380,369,402,390,385,503,521,614
10,22,42,7,380,450,445,396,413,428,411,380,376,369,350,603,426
10,23,7,3,379,435,412,379,401,388,385,391,444,380,386,347,660
10,24,44,5,395,424,445,416,422,395,367,407,364,379,375,417,687
10,25,48,1,368,368,411,418,399,372,384,402,373,468,471,551,301
10,26,15,3,385,436,431,385,379,396,359,404,409,453,388,301,389
10,27,37,3,382,412,436,382,397,391,401,413,424,447,442,504,616
10,28,23,6,355,416,434,420,436,403,355,402,358,429,440,316,590
10,29,45,6,338,406,402,452,414,422,338,377,385,409,488,456,509
10,30,31,4,417,406,412,425,417,393,352,361,419,475,486,373,456
10,31,35,6,372,409,458,410,370,356,372,396,390,425,523,379,561
10,32,40,3,420,439,423,420,400,398,387,401,382,371,517,520,486
10,33,24,5,361,418,443,373,407,361,380,387,400,398,562,586,699
10,34,47,2,431,436,431,415,414,380,370,374,421,353,410,417,301
10,35,12,4,412,393,368,440,412,358,391,378,417,414,466,625,477
10,36,11,3,413,430,419,413,387,354,397,392,358,427,425,431,495
10,37,6,5,375,425,453,370,404,375,356,388,408,444,472,481,553
10,38,49,5,373,396,453,419,417,373,377,427,402,454,444,312,614
10,39,39,6,372,419,412,415,416,361,372,386,389,439,421,381,527
10,40,2,6,370,420,457,443,415,410,370,425,429,521,369,456,511
10,41,30,4,402,425,436,446,402,403,389,381,395,442,398,441,626
10,42,5,5,345,429,403,393,381,345,378,353,410,301,425,414,433
10,43,33,4,393,428,394,410,393,383,409,407,421,426,461,565,422
10,44,17,5,385,466,439,416,381,385,395,387,402,451,412,462,410
10,45,38,4,387,450,463,432,387,383,375,415,397,337,434,480,444
10,46,22,4,367,427,418,424,367,373,378,363,391,458,507,361,494
10,47,16,6,361,406,421,390,382,389,361,393,420,403,427,419,493
10,48,29,4,382,387,444,407,382,403,378,373,436,353,457,439,510
10,49,43,3,387,420,447,387,375,358,391,368,428,461,415,340,462
10,50,41,5,388,431,421,433,399,388,389,403,392,400,527,475,669
11,1,44,5,374,419,423,407,384,374,375,373,391,433,556,490,619
11,2,43,8,403,425,414,407,420,386,396,408,403,411,459,575,530
11,3,2,7,351,446,428,417,385,386,387,351,415,401,443,510,524
11,4,39,6,361,429,463,405,395,387,361,404,419,376,353,534,449
11,5,37,9,382,419,425,392,411,384,401,409,406,382,433,424,473
11,6,17,6,365,405,416,423,419,409,365,385,424,403,369,450,498
11,7,45,6,344,415,446,398,392,396,344,429,387,440,554,438,358
11,8,42,7,371,436,430,450,427,381,393,371,414,377,441,444,497
11,9,29,5,366,465,412,418,411,366,394,378,384,408,448,499,497
11,10,36,6,369,424,432,385,397,361,369,394,436,357,452,433,301
11,11,38,6,339,412,409,393,396,411,339,389,363,424,382,415,588
11,12,19,5,356,415,421,401,427,356,360,377,408,396,442,614,483
11,13,12,7,387,439,434,428,409,385,382,387,404,452,388,402,557
11,14,30,5,371,423,450,438,383,371,390,379,399,392,542,525,626
11,15,15,6,365,425,458,410,392,439,365,373,394,437,413,470,549
11,16,14,7,368,432,421,414,397,373,382,368,389,528,438,556,689
11,17,41,6,363,460,423,441,418,375,363,378,397,474,468,301,612
11,18,21,5,362,411,453,407,390,362,396,375,369,472,505,699,376
11,19,16,7,396,428,443,414,416,395,402,396,403,459,495,417,449
11,20,13,3,339,414,434,339,431,403,400,395,454,430,455,359,394
11,21,47,6,369,433,412,417,419,380,369,402,390,385,503,521,614
11,22,10,7,380,450,445,396,413,428,411,380,376,369,350,603,426
11,23,7,6,385,435,412,379,401,388,385,391,444,380,386,347,660
11,24,35,6,367,424,445,416,422,395,367,407,364,379,375,417,687
11,25,9,7,402,368,411,418,399,372,384,402,373,468,471,551,301
11,26,46,6,359,436,431,385,379,396,359,404,409,453,388,301,389
11,27,3,12,616,412,436,382,397,391,401,413,424,447,442,504,616
11,28,25,6,355,416,434,420,436,403,355,402,358,429,440,316,590
11,29,20,6,338,406,402,452,414,422,338,377,385,409,488,456,509
11,30,4,5,393,406,412,425,417,393,352,361,419,475,486,373,456
11,31,23,6,372,409,458,410,370,356,372,396,390,425,523,379,561
11,32,22,5,398,439,423,420,400,398,387,401,382,371,517,520,486
11,33,32,6,380,418,443,373,407,361,380,387,400,398,562,586,699
11,34,28,5,380,436,431,415,414,380,370,374,421,353,410,417,301
11,35,48,5,358,393,368,440,412,358,391,378,417,414,466,625,477
11,36,33,5,354,430,419,413,387,354,397,392,358,427,425,431,495
11,37,8,5,375,425,453,370,404,375,356,388,408,444,472,481,553
11,38,1,5,373,396,453,419,417,373,377,427,402,454,444,312,614
11,39,40,6,372,419,412,415,416,361,372,386,389,439,421,381,527
11,40,11,6,370,420,457,443,415,410,370,425,429,521,369,456,511
11,41,31,5,403,425,436,446,402,403,389,381,395,442,398,441,626
11,42,49,8,410,429,403,393,381,345,378,353,410,301,425,414,433
11,43,26,7,407,428,394,410,393,383,409,407,421,426,461,565,422
11,44,34,7,387,466,439,416,381,385,395,387,402,451,412,462,410
11,45,18,4,387,450,463,432,387,383,375,415,397,337,434,480,444
11,46,50,6,378,427,418,424,367,373,378,363,391,458,507,361,494
11,47,5,6,361,406,421,390,382,389,361,393,420,403,427,419,493
11,48,24,4,382,387,444,407,382,403,378,373,436,353,457,439,510
11,49,6,5,358,420,447,387,375,358,391,368,428,461,415,340,462
11,50,27,7,403,431,421,433,399,388,389,403,392,400,527,475,669
12,1,40,6,375,419,423,407,384,374,375,373,391,433,556,490,619
12,2,38,7,408,425,414,407,420,386,396,408,403,411,459,575,530
12,3,6,6,387,446,428,417,385,386,387,351,415,401,443,510,524
12,4,12,6,361,429,463,405,395,387,361,404,419,376,353,534,449
12,5,8,5,384,419,425,392,411,384,401,409,406,382,433,424,473
12,6,41,6,365,405,416,423,419,409,365,385,424,403,369,450,498
12,7,10,6,344,415,446,398,392,396,344,429,387,440,554,438,358
12,8,25,5,381,436,430,450,427,381,393,371,414,377,441,444,497
12,9,32,5,366,465,412,418,411,366,394,378,384,408,448,499,497
12,10,3,5,361,424,432,385,397,361,369,394,436,357,452,433,301
12,11,24,6,339,412,409,393,396,411,339,389,363,424,382,415,588
12,12,46,6,360,415,421,401,427,356,360,377,408,396,442,614,483
12,13,4,6,382,439,434,428,409,385,382,387,404,452,388,402,557
12,14,26,7,379,423,450,438,383,371,390,379,399,392,542,525,626
12,15,42,5,439,425,458,410,392,439,365,373,394,437,413,470,549
12,16,21,7,368,432,421,414,397,373,382,368,389,528,438,556,689
12,17,49,5,375,460,423,441,418,375,363,378,397,474,468,301,612
12,18,43,5,362,411,453,407,390,362,396,375,369,472,505,699,376
12,19,36,7,396,428,443,414,416,395,402,396,403,459,495,417,449
12,20,18,3,339,414,434,339,431,403,400,395,454,430,455,359,394
12,21,35,6,369,433,412,417,419,380,369,402,390,385,503,521,614
12,22,15,7,380,450,445,396,413,428,411,380,376,369,350,603,426
12,23,28,6,385,435,412,379,401,388,385,391,444,380,386,347,660
12,24,19,6,367,424,445,416,422,395,367,407,364,379,375,417,687
12,25,22,6,384,368,411,418,399,372,384,402,373,468,471,551,301
12,26,50,6,359,436,431,385,379,396,359,404,409,453,388,301,389
12,27,16,8,424,412,436,382,397,391,401,413,424,447,442,504,616
12,28,48,6,355,416,434,420,436,403,355,402,358,429,440,316,590
12,29,27,6,338,406,402,452,414,422,338,377,385,409,488,456,509
12,30,11,4,417,406,412,425,417,393,352,361,419,475,486,373,456
12,31,20,6,372,409,458,410,370,356,372,396,390,425,523,379,561
12,32,2,5,398,439,423,420,400,398,387,401,382,371,517,520,486
12,33,7,5,361,418,443,373,407,361,380,387,400,398,562,586,699
12,34,23,2,431,436,431,415,414,380,370,374,421,353,410,417,301
12,35,29,5,358,393,368,440,412,358,391,378,417,414,466,625,477
12,36,34,6,397,430,419,413,387,354,397,392,358,427,425,431,495
12,37,44,6,356,425,453,370,404,375,356,388,408,444,472,481,553
12,38,37,6,377,396,453,419,417,373,377,427,402,454,444,312,614
12,39,47,6,372,419,412,415,416,361,372,386,389,439,421,381,527
12,40,31,6,370,420,457,443,415,410,370,425,429,521,369,456,511
12,41,14,5,403,425,436,446,402,403,389,381,395,442,398,441,626
12,42,39,8,410,429,403,393,381,345,378,353,410,301,425,414,433
12,43,13,7,407,428,394,410,393,383,409,407,421,426,461,565,422
12,44,1,6,395,466,439,416,381,385,395,387,402,451,412,462,410
12,45,17,4,387,450,463,432,387,383,375,415,397,337,434,480,444
12,46,45,4,367,427,418,424,367,373,378,363,391,458,507,361,494
12,47,9,6,361,406,421,390,382,389,361,393,420,403,427,419,493
12,48,30,6,378,387,444,407,382,403,378,373,436,353,457,439,510
12,49,33,7,368,420,447,387,375,358,391,368,428,461,415,340,462
12,50,5,7,403,431,421,433,399,388,389,403,392,400,527,475,669
13,1,8,6,375,419,423,407,384,374,375,373,391,433,556,490,619
13,2,1,8,403,425,414,407,420,386,396,408,403,411,459,575,530
13,3,21,6,387,446,428,417,385,386,387,351,415,401,443,510,524
13,4,3,5,387,429,463,405,395,387,361,404,419,376,353,534,449
13,5,15,5,384,419,425,392,411,384,401,409,406,382,433,424,473
13,6,18,5,409,405,416,423,419,409,365,385,424,403,369,450,498
13,7,29,6,344,415,446,398,392,396,344,429,387,440,554,438,358
13,8,12,6,393,436,430,450,427,381,393,371,414,377,441,444,497
13,9,7,5,366,465,412,418,411,366,394,378,384,408,448,499,497
13,10,41,5,361,424,432,385,397,361,369,394,436,357,452,433,301
13,11,25,6,339,412,409,393,396,411,339,389,363,424,382,415,588
13,12,48,6,360,415,421,401,427,356,360,377,408,396,442,614,483
13,13,9,6,382,439,434,428,409,385,382,387,404,452,388,402,557
13,14,26,5,371,423,450,438,383,371,390,379,399,392,542,525,626
13,15,45,6,365,425,458,410,392,439,365,373,394,437,413,470,549
13,16,10,5,373,432,421,414,397,373,382,368,389,528,438,556,689
13,17,11,5,375,460,423,441,418,375,363,378,397,474,468,301,612
13,18,22,5,362,411,453,407,390,362,396,375,369,472,505,699,376
13,19,30,5,395,428,443,414,416,395,402,396,403,459,495,417,449
13,20,2,6,400,414,434,339,431,403,400,395,454,430,455,359,394
13,21,23,6,369,433,412,417,419,380,369,402,390,385,503,521,614
13,22,16,7,380,450,445,396,413,428,411,380,376,369,350,603,426
13,23,24,6,385,435,412,379,401,388,385,391,444,380,386,347,660
13,24,42,5,395,424,445,416,422,395,367,407,364,379,375,417,687
13,25,35,7,402,368,411,418,399,372,384,402,373,468,471,551,301
13,26,47,6,359,436,431,385,379,396,359,404,409,453,388,301,389
13,27,37,9,447,412,436,382,397,391,401,413,424,447,442,504,616
13,28,28,6,355,416,434,420,436,403,355,402,358,429,440,316,590
13,29,50,6,338,406,402,452,414,422,338,377,385,409,488,456,509
13,30,13,5,393,406,412,425,417,393,352,361,419,475,486,373,456
13,31,27,6,372,409,458,410,370,356,372,396,390,425,523,379,561
13,32,5,5,398,439,423,420,400,398,387,401,382,371,517,520,486
13,33,46,5,361,418,443,373,407,361,380,387,400,398,562,586,699
13,34,49,5,380,436,431,415,414,380,370,374,421,353,410,417,301
13,35,20,5,358,393,368,440,412,358,391,378,417,414,466,625,477
13,36,33,6,397,430,419,413,387,354,397,392,358,427,425,431,495
13,37,17,5,375,425,453,370,404,375,356,388,408,444,472,481,553
13,38,6,5,373,396,453,419,417,373,377,427,402,454,444,312,614
13,39,34,5,361,419,412,415,416,361,372,386,389,439,421,381,527
13,40,32,5,410,420,457,443,415,410,370,425,429,521,369,456,511
13,41,14,5,403,425,436,446,402,403,389,381,395,442,398,441,626
13,42,19,5,345,429,403,393,381,345,378,353,410,301,425,414,433
13,43,40,6,409,428,394,410,393,383,409,407,421,426,461,565,422
13,44,38,5,385,466,439,416,381,385,395,387,402,451,412,462,410
13,45,44,7,415,450,463,432,387,383,375,415,397,337,434,480,444
13,46,36,6,378,427,418,424,367,373,378,363,391,458,507,361,494
13,47,39,6,361,406,421,390,382,389,361,393,420,403,427,419,493
13,48,43,6,378,387,444,407,382,403,378,373,436,353,457,439,510
13,49,31,5,358,420,447,387,375,358,391,368,428,461,415,340,462
13,50,4,5,388,431,421,433,399,388,389,403,392,400,527,475,669
14,1,41,6,375,419,423,407,384,374,375,373,391,433,556,490,619
14,2,39,7,408,425,414,407,420,386,396,408,403,411,459,575,530
14,3,30,8,415,446,428,417,385,386,387,351,415,401,443,510,524
14,4,45,6,361,429,463,405,395,387,361,404,419,376,353,534,449
14,5,40,7,409,419,425,392,411,384,401,409,406,382,433,424,473
14,6,42,2,416,405,416,423,419,409,365,385,424,403,369,450,498
14,7,20,7,429,415,446,398,392,396,344,429,387,440,554,438,358
14,8,19,7,371,436,430,450,427,381,393,371,414,377,441,444,497
14,9,31,7,378,465,412,418,411,366,394,378,384,408,448,499,497
14,10,35,6,369,424,432,385,397,361,369,394,436,357,452,433,301
14,11,3,6,339,412,409,393,396,411,339,389,363,424,382,415,588
14,12,17,7,377,415,421,401,427,356,360,377,408,396,442,614,483
14,13,23,6,382,439,434,428,409,385,382,387,404,452,388,402,557
14,14,14,7,379,423,450,438,383,371,390,379,399,392,542,525,626
14,15,18,6,365,425,458,410,392,439,365,373,394,437,413,470,549
14,16,21,7,368,432,421,414,397,373,382,368,389,528,438,556,689
14,17,37,6,363,460,423,441,418,375,363,378,397,474,468,301,612
14,18,25,8,369,411,453,407,390,362,396,375,369,472,505,699,376
14,19,48,9,459,428,443,414,416,395,402,396,403,459,495,417,449
14,20,43,7,395,414,434,339,431,403,400,395,454,430,455,359,394
14,21,38,6,369,433,412,417,419,380,369,402,390,385,503,521,614
14,22,22,7,380,450,445,396,413,428,411,380,376,369,350,603,426
14,23,32,7,391,435,412,379,401,388,385,391,444,380,386,347,660
14,24,49,6,367,424,445,416,422,395,367,407,364,379,375,417,687
14,25,1,8,373,368,411,418,399,372,384,402,373,468,471,551,301
14,26,11,6,359,436,431,385,379,396,359,404,409,453,388,301,389
14,27,50,7,413,412,436,382,397,391,401,413,424,447,442,504,616
14,28,27,6,355,416,434,420,436,403,355,402,358,429,440,316,590
14,29,44,6,338,406,402,452,414,422,338,377,385,409,488,456,509
14,30,47,6,352,406,412,425,417,393,352,361,419,475,486,373,456
14,31,6,7,396,409,458,410,370,356,372,396,390,425,523,379,561
14,32,12,8,382,439,423,420,400,398,387,401,382,371,517,520,486
14,33,4,6,380,418,443,373,407,361,380,387,400,398,562,586,699
14,34,29,7,374,436,431,415,414,380,370,374,421,353,410,417,301
14,35,46,8,417,393,368,440,412,358,391,378,417,414,466,625,477
14,36,36,6,397,430,419,413,387,354,397,392,358,427,425,431,495
14,37,33,7,388,425,453,370,404,375,356,388,408,444,472,481,553
14,38,9,7,427,396,453,419,417,373,377,427,402,454,444,312,614
14,39,2,6,372,419,412,415,416,361,372,386,389,439,421,381,527
14,40,28,7,425,420,457,443,415,410,370,425,429,521,369,456,511
14,41,34,6,389,425,436,446,402,403,389,381,395,442,398,441,626
14,42,16,7,353,429,403,393,381,345,378,353,410,301,425,414,433
14,43,26,9,426,428,394,410,393,383,409,407,421,426,461,565,422
14,44,7,6,395,466,439,416,381,385,395,387,402,451,412,462,410
14,45,8,8,397,450,463,432,387,383,375,415,397,337,434,480,444
14,46,13,6,378,427,418,424,367,373,378,363,391,458,507,361,494
14,47,24,6,361,406,421,390,382,389,361,393,420,403,427,419,493
14,48,5,8,436,387,444,407,382,403,378,373,436,353,457,439,510
14,49,10,7,368,420,447,387,375,358,391,368,428,461,415,340,462
14,50,15,7,403,431,421,433,399,388,389,403,392,400,527,475,669
15,1,20,1,419,419,423,407,384,374,375,373,391,433,556,490,619
15,2,3,1,425,425,414,407,420,386,396,408,403,411,459,575,530
15,3,14,4,385,446,428,417,385,386,387,351,415,401,443,510,524
15,4,17,1,429,429,463,405,395,387,361,404,419,376,353,534,449
15,5,24,1,419,419,425,392,411,384,401,409,406,382,433,424,473
15,6,43,1,405,405,416,423,419,409,365,385,424,403,369,450,498
15,7,23,1,415,415,446,398,392,396,344,429,387,440,554,438,358
15,8,44,1,436,436,430,450,427,381,393,371,414,377,441,444,497
15,9,42,1,465,465,412,418,411,366,394,378,384,408,448,499,497
15,10,19,1,424,424,432,385,397,361,369,394,436,357,452,433,301
15,11,31,1,412,412,409,393,396,411,339,389,363,424,382,415,588
15,12,46,1,415,415,421,401,427,356,360,377,408,396,442,614,483
15,13,34,1,439,439,434,428,409,385,382,387,404,452,388,402,557
15,14,29,1,423,423,450,438,383,371,390,379,399,392,542,525,626
15,15,22,1,425,425,458,410,392,439,365,373,394,437,413,470,549
15,16,13,1,432,432,421,414,397,373,382,368,389,528,438,556,689
15,17,32,2,423,460,423,441,418,375,363,378,397,474,468,301,612
15,18,50,1,411,411,453,407,390,362,396,375,369,472,505,699,376
15,19,33,1,428,428,443,414,416,395,402,396,403,459,495,417,449
15,20,36,3,339,414,434,339,431,403,400,395,454,430,455,359,394
15,21,48,1,433,433,412,417,419,380,369,402,390,385,503,521,614
15,22,35,1,450,450,445,396,413,428,411,380,376,369,350,603,426
15,23,21,1,435,435,412,379,401,388,385,391,444,380,386,347,660
15,24,16,1,424,424,445,416,422,395,367,407,364,379,375,417,687
15,25,25,1,368,368,411,418,399,372,384,402,373,468,471,551,301
15,26,8,1,436,436,431,385,379,396,359,404,409,453,388,301,389
15,27,40,1,412,412,436,382,397,391,401,413,424,447,442,504,616
15,28,30,1,416,416,434,420,436,403,355,402,358,429,440,316,590
15,29,45,1,406,406,402,452,414,422,338,377,385,409,488,456,509
15,30,10,1,406,406,412,425,417,393,352,361,419,475,486,373,456
15,31,28,1,409,409,458,410,370,356,372,396,390,425,523,379,561
15,32,18,1,439,439,423,420,400,398,387,401,382,371,517,520,486
15,33,38,1,418,418,443,373,407,361,380,387,400,398,562,586,699
15,34,5,1,436,436,431,415,414,380,370,374,421,353,410,417,301
15,35,49,1,393,393,368,440,412,358,391,378,417,414,466,625,477
15,36,1,1,430,430,419,413,387,354,397,392,358,427,425,431,495
15,37,11,1,425,425,453,370,404,375,356,388,408,444,472,481,553
15,38,37,1,396,396,453,419,417,373,377,427,402,454,444,312,614
15,39,15,1,419,419,412,415,416,361,372,386,389,439,421,381,527
15,40,2,1,420,420,457,443,415,410,370,425,429,521,369,456,511
15,41,6,1,425,425,436,446,402,403,389,381,395,442,398,441,626
15,42,9,1,429,429,403,393,381,345,378,353,410,301,425,414,433
15,43,7,1,428,428,394,410,393,383,409,407,421,426,461,565,422
15,44,47,1,466,466,439,416,381,385,395,387,402,451,412,462,410
15,45,26,1,450,450,463,432,387,383,375,415,397,337,434,480,444
15,46,41,1,427,427,418,424,367,373,378,363,391,458,507,361,494
15,47,4,1,406,406,421,390,382,389,361,393,420,403,427,419,493
15,48,27,1,387,387,444,407,382,403,378,373,436,353,457,439,510
15,49,12,1,420,420,447,387,375,358,391,368,428,461,415,340,462
15,50,39,1,431,431,421,433,399,388,389,403,392,400,527,475,669
16,1,34,6,375,419,423,407,384,374,375,373,391,433,556,490,619
16,2,47,7,408,425,414,407,420,386,396,408,403,411,459,575,530
16,3,22,6,387,446,428,417,385,386,387,351,415,401,443,510,524
16,4,41,6,361,429,463,405,395,387,361,404,419,376,353,534,449
16,5,28,6,401,419,425,392,411,384,401,409,406,382,433,424,473
16,6,20,6,365,405,416,423,419,409,365,385,424,403,369,450,498
16,7,35,6,344,415,446,398,392,396,344,429,387,440,554,438,358
16,8,10,7,371,436,430,450,427,381,393,371,414,377,441,444,497
16,9,32,5,366,465,412,418,411,366,394,378,384,408,448,499,497
16,10,4,7,394,424,432,385,397,361,369,394,436,357,452,433,301
16,11,8,6,339,412,409,393,396,411,339,389,363,424,382,415,588
16,12,38,5,356,415,421,401,427,356,360,377,408,396,442,614,483
16,13,14,5,385,439,434,428,409,385,382,387,404,452,388,402,557
16,14,16,5,371,423,450,438,383,371,390,379,399,392,542,525,626
16,15,7,6,365,425,458,410,392,439,365,373,394,437,413,470,549
16,16,2,6,382,432,421,414,397,373,382,368,389,528,438,556,689
16,17,9,6,363,460,423,441,418,375,363,378,397,474,468,301,612
16,18,6,5,362,411,453,407,390,362,396,375,369,472,505,699,376
16,19,40,7,396,428,443,414,416,395,402,396,403,459,495,417,449
16,20,5,3,339,414,434,339,431,403,400,395,454,430,455,359,394
16,21,33,5,380,433,412,417,419,380,369,402,390,385,503,521,614
16,22,11,7,380,450,445,396,413,428,411,380,376,369,350,603,426
16,23,46,7,391,435,412,379,401,388,385,391,444,380,386,347,660
16,24,23,6,367,424,445,416,422,395,367,407,364,379,375,417,687
16,25,49,2,411,368,411,418,399,372,384,402,373,468,471,551,301
16,26,44,6,359,436,431,385,379,396,359,404,409,453,388,301,389
16,27,50,7,413,412,436,382,397,391,401,413,424,447,442,504,616
16,28,45,6,355,416,434,420,436,403,355,402,358,429,440,316,590
16,29,1,6,338,406,402,452,414,422,338,377,385,409,488,456,509
16,30,26,5,393,406,412,425,417,393,352,361,419,475,486,373,456
16,31,31,6,372,409,458,410,370,356,372,396,390,425,523,379,561
16,32,48,5,398,439,423,420,400,398,387,401,382,371,517,520,486
16,33,37,6,380,418,443,373,407,361,380,387,400,398,562,586,699
16,34,30,7,374,436,431,415,414,380,370,374,421,353,410,417,301
16,35,15,5,358,393,368,440,412,358,391,378,417,414,466,625,477
16,36,42,6,397,430,419,413,387,354,397,392,358,427,425,431,495
16,37,3,6,356,425,453,370,404,375,356,388,408,444,472,481,553
16,38,43,6,377,396,453,419,417,373,377,427,402,454,444,312,614
16,39,18,7,386,419,412,415,416,361,372,386,389,439,421,381,527
16,40,13,6,370,420,457,443,415,410,370,425,429,521,369,456,511
16,41,12,7,381,425,436,446,402,403,389,381,395,442,398,441,626
16,42,24,8,410,429,403,393,381,345,378,353,410,301,425,414,433
16,43,36,5,383,428,394,410,393,383,409,407,421,426,461,565,422
16,44,29,5,385,466,439,416,381,385,395,387,402,451,412,462,410
16,45,17,6,375,450,463,432,387,383,375,415,397,337,434,480,444
16,46,25,7,363,427,418,424,367,373,378,363,391,458,507,361,494
16,47,19,6,361,406,421,390,382,389,361,393,420,403,427,419,493
16,48,39,7,373,387,444,407,382,403,378,373,436,353,457,439,510
16,49,27,7,368,420,447,387,375,358,391,368,428,461,415,340,462
16,50,21,5,388,431,421,433,399,388,389,403,392,400,527,475,669
17,1,30,6,375,419,423,407,384,374,375,373,391,433,556,490,619
17,2,23,5,386,425,414,407,420,386,396,408,403,411,459,575,530
17,3,14,6,387,446,428,417,385,386,387,351,415,401,443,510,524
17,4,47,6,361,429,463,405,395,387,361,404,419,376,353,534,449
17,5,15,7,409,419,425,392,411,384,401,409,406,382,433,424,473
17,6,7,6,365,405,416,423,419,409,365,385,424,403,369,450,498
17,7,21,6,344,415,446,398,392,396,344,429,387,440,554,438,358
17,8,45,6,393,436,430,450,427,381,393,371,414,377,441,444,497
17,9,13,5,366,465,412,418,411,366,394,378,384,408,448,499,497
17,10,10,5,361,424,432,385,397,361,369,394,436,357,452,433,301
17,11,48,6,339,412,409,393,396,411,339,389,363,424,382,415,588
17,12,37,6,360,415,421,401,427,356,360,377,408,396,442,614,483
17,13,5,4,409,439,434,428,409,385,382,387,404,452,388,402,557
17,14,2,6,390,423,450,438,383,371,390,379,399,392,542,525,626
17,15,28,6,365,425,458,410,392,439,365,373,394,437,413,470,549
17,16,1,6,382,432,421,414,397,373,382,368,389,528,438,556,689
17,17,46,6,363,460,423,441,418,375,363,378,397,474,468,301,612
17,18,36,5,362,411,453,407,390,362,396,375,369,472,505,699,376
17,19,16,6,402,428,443,414,416,395,402,396,403,459,495,417,449
17,20,44,7,395,414,434,339,431,403,400,395,454,430,455,359,394
17,21,11,6,369,433,412,417,419,380,369,402,390,385,503,521,614
17,22,29,6,411,450,445,396,413,428,411,380,376,369,350,603,426
17,23,4,6,385,435,412,379,401,388,385,391,444,380,386,347,660
17,24,24,5,395,424,445,416,422,395,367,407,364,379,375,417,687
17,25,50,6,384,368,411,418,399,372,384,402,373,468,471,551,301
17,26,33,5,396,436,431,385,379,396,359,404,409,453,388,301,389
17,27,17,8,424,412,436,382,397,391,401,413,424,447,442,504,616
17,28,8,6,355,416,434,420,436,403,355,402,358,429,440,316,590
17,29,41,6,338,406,402,452,414,422,338,377,385,409,488,456,509
17,30,35,6,352,406,412,425,417,393,352,361,419,475,486,373,456
17,31,32,6,372,409,458,410,370,356,372,396,390,425,523,379,561
17,32,6,5,398,439,423,420,400,398,387,401,382,371,517,520,486
17,33,25,6,380,418,443,373,407,361,380,387,400,398,562,586,699
17,34,42,6,370,436,431,415,414,380,370,374,421,353,410,417,301
17,35,31,5,358,393,368,440,412,358,391,378,417,414,466,625,477
17,36,26,6,397,430,419,413,387,354,397,392,358,427,425,431,495
17,37,9,7,388,425,453,370,404,375,356,388,408,444,472,481,553
17,38,3,6,377,396,453,419,417,373,377,427,402,454,444,312,614
17,39,34,6,372,419,412,415,416,361,372,386,389,439,421,381,527
17,40,49,6,370,420,457,443,415,410,370,425,429,521,369,456,511
17,41,12,5,403,425,436,446,402,403,389,381,395,442,398,441,626
17,42,39,6,378,429,403,393,381,345,378,353,410,301,425,414,433
17,43,38,7,407,428,394,410,393,383,409,407,421,426,461,565,422
17,44,22,5,385,466,439,416,381,385,395,387,402,451,412,462,410
17,45,18,6,375,450,463,432,387,383,375,415,397,337,434,480,444
17,46,19,6,378,427,418,424,367,373,378,363,391,458,507,361,494
17,47,20,6,361,406,421,390,382,389,361,393,420,403,427,419,493
17,48,43,6,378,387,444,407,382,403,378,373,436,353,457,439,510
17,49,27,5,358,420,447,387,375,358,391,368,428,461,415,340,462
17,50,40,6,389,431,421,433,399,388,389,403,392,400,527,475,669
18,1,47,5,374,419,423,407,384,374,375,373,391,433,556,490,619
18,2,37,12,530,425,414,407,420,386,396,408,403,411,459,575,530
18,3,31,5,386,446,428,417,385,386,387,351,415,401,443,510,524
18,4,19,6,361,429,463,405,395,387,361,404,419,376,353,534,449
18,5,2,6,401,419,425,392,411,384,401,409,406,382,433,424,473
18,6,34,6,365,405,416,423,419,409,365,385,424,403,369,450,498
18,7,7,12,358,415,446,398,392,396,344,429,387,440,554,438,358
18,8,9,7,371,436,430,450,427,381,393,371,414,377,441,444,497
18,9,30,5,366,465,412,418,411,366,394,378,384,408,448,499,497
18,10,48,5,361,424,432,385,397,361,369,394,436,357,452,433,301
18,11,42,6,339,412,409,393,396,411,339,389,363,424,382,415,588
18,12,12,5,356,415,421,401,427,356,360,377,408,396,442,614,483
18,13,15,6,382,439,434,428,409,385,382,387,404,452,388,402,557
18,14,40,4,383,423,450,438,383,371,390,379,399,392,542,525,626
18,15,50,6,365,425,458,410,392,439,365,373,394,437,413,470,549
18,16,38,5,373,432,421,414,397,373,382,368,389,528,438,556,689
18,17,26,5,375,460,423,441,418,375,363,378,397,474,468,301,612
18,18,41,5,362,411,453,407,390,362,396,375,369,472,505,699,376
18,19,8,7,396,428,443,414,416,395,402,396,403,459,495,417,449
18,20,14,7,395,414,434,339,431,403,400,395,454,430,455,359,394
18,21,32,6,369,433,412,417,419,380,369,402,390,385,503,521,614
18,22,23,7,380,450,445,396,413,428,411,380,376,369,350,603,426
18,23,18,6,385,435,412,379,401,388,385,391,444,380,386,347,660
18,24,49,8,364,424,445,416,422,395,367,407,364,379,375,417,687
18,25,39,2,411,368,411,418,399,372,384,402,373,468,471,551,301
18,26,35,4,379,436,431,385,379,396,359,404,409,453,388,301,389
18,27,45,12,616,412,436,382,397,391,401,413,424,447,442,504,616
18,28,21,6,355,416,434,420,436,403,355,402,358,429,440,316,590
18,29,43,6,338,406,402,452,414,422,338,377,385,409,488,456,509
18,30,5,11,373,406,412,425,417,393,352,361,419,475,486,373,456
18,31,22,12,561,409,458,410,370,356,372,396,390,425,523,379,561
18,32,17,5,398,439,423,420,400,398,387,401,382,371,517,520,486
18,33,25,5,361,418,443,373,407,361,380,387,400,398,562,586,699
18,34,6,7,374,436,431,415,414,380,370,374,421,353,410,417,301
18,35,33,5,358,393,368,440,412,358,391,378,417,414,466,625,477
18,36,20,3,413,430,419,413,387,354,397,392,358,427,425,431,495
18,37,3,11,481,425,453,370,404,375,356,388,408,444,472,481,553
18,38,4,5,373,396,453,419,417,373,377,427,402,454,444,312,614
18,39,13,6,372,419,412,415,416,361,372,386,389,439,421,381,527
18,40,29,6,370,420,457,443,415,410,370,425,429,521,369,456,511
18,41,36,5,403,425,436,446,402,403,389,381,395,442,398,441,626
18,42,28,12,433,429,403,393,381,345,378,353,410,301,425,414,433
18,43,10,6,409,428,394,410,393,383,409,407,421,426,461,565,422
18,44,44,6,395,466,439,416,381,385,395,387,402,451,412,462,410
18,45,24,4,387,450,463,432,387,383,375,415,397,337,434,480,444
18,46,16,6,378,427,418,424,367,373,378,363,391,458,507,361,494
18,47,27,6,361,406,421,390,382,389,361,393,420,403,427,419,493
18,48,1,7,373,387,444,407,382,403,378,373,436,353,457,439,510
18,49,46,4,375,420,447,387,375,358,391,368,428,461,415,340,462
18,50,11,5,388,431,421,433,399,388,389,403,392,400,527,475,669
19,1,6,6,375,419,423,407,384,374,375,373,391,433,556,490,619
19,2,5,6,396,425,414,407,420,386,396,408,403,411,459,575,530
19,3,20,6,387,446,428,417,385,386,387,351,415,401,443,510,524
19,4,29,6,361,429,463,405,395,387,361,404,419,376,353,534,449
19,5,49,6,401,419,425,392,411,384,401,409,406,382,433,424,473
19,6,15,6,365,405,416,423,419,409,365,385,424,403,369,450,498
19,7,3,6,344,415,446,398,392,396,344,429,387,440,554,438,358
19,8,36,6,393,436,430,450,427,381,393,371,414,377,441,444,497
19,9,13,5,366,465,412,418,411,366,394,378,384,408,448,499,497
19,10,18,5,361,424,432,385,397,361,369,394,436,357,452,433,301
19,11,44,6,339,412,409,393,396,411,339,389,363,424,382,415,588
19,12,12,5,356,415,421,401,427,356,360,377,408,396,442,614,483
19,13,48,6,382,439,434,428,409,385,382,387,404,452,388,402,557
19,14,11,5,371,423,450,438,383,371,390,379,399,392,542,525,626
19,15,1,6,365,425,458,410,392,439,365,373,394,437,413,470,549
19,16,28,6,382,432,421,414,397,373,382,368,389,528,438,556,689
19,17,10,6,363,460,423,441,418,375,363,378,397,474,468,301,612
19,18,37,5,362,411,453,407,390,362,396,375,369,472,505,699,376
19,19,24,6,402,428,443,414,416,395,402,396,403,459,495,417,449
19,20,30,3,339,414,434,339,431,403,400,395,454,430,455,359,394
19,21,8,6,369,433,412,417,419,380,369,402,390,385,503,521,614
19,22,32,6,411,450,445,396,413,428,411,380,376,369,350,603,426
19,23,33,6,385,435,412,379,401,388,385,391,444,380,386,347,660
19,24,19,6,367,424,445,416,422,395,367,407,364,379,375,417,687
19,25,41,1,368,368,411,418,399,372,384,402,373,468,471,551,301
19,26,22,6,359,436,431,385,379,396,359,404,409,453,388,301,389
19,27,47,7,413,412,436,382,397,391,401,413,424,447,442,504,616
19,28,17,6,355,416,434,420,436,403,355,402,358,429,440,316,590
19,29,16,6,338,406,402,452,414,422,338,377,385,409,488,456,509
19,30,34,5,393,406,412,425,417,393,352,361,419,475,486,373,456
19,31,35,6,372,409,458,410,370,356,372,396,390,425,523,379,561
19,32,50,5,398,439,423,420,400,398,387,401,382,371,517,520,486
19,33,25,6,380,418,443,373,407,361,380,387,400,398,562,586,699
19,34,38,5,380,436,431,415,414,380,370,374,421,353,410,417,301
19,35,43,5,358,393,368,440,412,358,391,378,417,414,466,625,477
19,36,42,6,397,430,419,413,387,354,397,392,358,427,425,431,495
19,37,46,6,356,425,453,370,404,375,356,388,408,444,472,481,553
19,38,31,5,373,396,453,419,417,373,377,427,402,454,444,312,614
19,39,14,6,372,419,412,415,416,361,372,386,389,439,421,381,527
19,40,21,6,370,420,457,443,415,410,370,425,429,521,369,456,511
19,41,9,5,403,425,436,446,402,403,389,381,395,442,398,441,626
19,42,45,7,353,429,403,393,381,345,378,353,410,301,425,414,433
19,43,2,6,409,428,394,410,393,383,409,407,421,426,461,565,422
19,44,26,6,395,466,439,416,381,385,395,387,402,451,412,462,410
19,45,4,6,375,450,463,432,387,383,375,415,397,337,434,480,444
19,46,39,4,367,427,418,424,367,373,378,363,391,458,507,361,494
19,47,23,6,361,406,421,390,382,389,361,393,420,403,427,419,493
19,48,27,6,378,387,444,407,382,403,378,373,436,353,457,439,510
19,49,40,6,391,420,447,387,375,358,391,368,428,461,415,340,462
19,50,7,6,389,431,421,433,399,388,389,403,392,400,527,475,669
20,1,29,12,619,419,423,407,384,374,375,373,391,433,556,490,619
20,2,38,12,530,425,414,407,420,386,396,408,403,411,459,575,530
20,3,11,7,351,446,428,417,385,386,387,351,415,401,443,510,524
20,4,24,6,361,429,463,405,395,387,361,404,419,376,353,534,449
20,5,26,12,473,419,425,392,411,384,401,409,406,382,433,424,473
20,6,36,10,369,405,416,423,419,409,365,385,424,403,369,450,498
20,7,25,6,344,415,446,398,392,396,344,429,387,440,554,438,358
20,8,16,12,497,436,430,450,427,381,393,371,414,377,441,444,497
20,9,3,12,497,465,412,418,411,366,394,378,384,408,448,499,497
20,10,14,9,357,424,432,385,397,361,369,394,436,357,452,433,301
20,11,13,6,339,412,409,393,396,411,339,389,363,424,382,415,588
20,12,46,5,356,415,421,401,427,356,360,377,408,396,442,614,483
20,13,18,7,387,439,434,428,409,385,382,387,404,452,388,402,557
20,14,9,12,626,423,450,438,383,371,390,379,399,392,542,525,626
20,15,32,6,365,425,458,410,392,439,365,373,394,437,413,470,549
20,16,40,12,689,432,421,414,397,373,382,368,389,528,438,556,689
20,17,17,6,363,460,423,441,418,375,363,378,397,474,468,301,612
20,18,12,12,376,411,453,407,390,362,396,375,369,472,505,699,376
20,19,2,12,449,428,443,414,416,395,402,396,403,459,495,417,449
20,20,50,11,359,414,434,339,431,403,400,395,454,430,455,359,394
20,21,21,9,385,433,412,417,419,380,369,402,390,385,503,521,614
20,22,43,9,369,450,445,396,413,428,411,380,376,369,350,603,426
20,23,15,5,388,435,412,379,401,388,385,391,444,380,386,347,660
20,24,31,7,407,424,445,416,422,395,367,407,364,379,375,417,687
20,25,19,12,301,368,411,418,399,372,384,402,373,468,471,551,301
20,26,20,6,359,436,431,385,379,396,359,404,409,453,388,301,389
20,27,47,12,616,412,436,382,397,391,401,413,424,447,442,504,616
20,28,23,8,358,416,434,420,436,403,355,402,358,429,440,316,590
20,29,1,4,414,406,402,452,414,422,338,377,385,409,488,456,509
20,30,34,5,393,406,412,425,417,393,352,361,419,475,486,373,456
20,31,37,8,390,409,458,410,370,356,372,396,390,425,523,379,561
20,32,45,5,398,439,423,420,400,398,387,401,382,371,517,520,486
20,33,44,9,398,418,443,373,407,361,380,387,400,398,562,586,699
20,34,10,5,380,436,431,415,414,380,370,374,421,353,410,417,301
20,35,49,5,358,393,368,440,412,358,391,378,417,414,466,625,477
20,36,33,8,358,430,419,413,387,354,397,392,358,427,425,431,495
20,37,42,12,553,425,453,370,404,375,356,388,408,444,472,481,553
20,38,30,7,427,396,453,419,417,373,377,427,402,454,444,312,614
20,39,39,12,527,419,412,415,416,361,372,386,389,439,421,381,527
20,40,8,12,511,420,457,443,415,410,370,425,429,521,369,456,511
20,41,6,5,403,425,436,446,402,403,389,381,395,442,398,441,626
20,42,35,12,433,429,403,393,381,345,378,353,410,301,425,414,433
20,43,28,7,407,428,394,410,393,383,409,407,421,426,461,565,422
20,44,22,2,439,466,439,416,381,385,395,387,402,451,412,462,410
20,45,27,7,415,450,463,432,387,383,375,415,397,337,434,480,444
20,46,48,7,363,427,418,424,367,373,378,363,391,458,507,361,494
20,47,41,6,361,406,421,390,382,389,361,393,420,403,427,419,493
20,48,4,1,387,387,444,407,382,403,378,373,436,353,457,439,510
20,49,7,11,340,420,447,387,375,358,391,368,428,461,415,340,462
20,50,5,6,389,431,421,433,399,388,389,403,392,400,527,475,669
21,1,41,7,373,419,423,407,384,374,375,373,391,433,556,490,619
21,2,35,7,408,425,414,407,420,386,396,408,403,411,459,575,530
21,3,29,4,385,446,428,417,385,386,387,351,415,401,443,510,524
21,4,3,1,429,429,463,405,395,387,361,404,419,376,353,534,449
21,5,9,1,419,419,425,392,411,384,401,409,406,382,433,424,473
21,6,24,5,409,405,416,423,419,409,365,385,424,403,369,450,498
21,7,4,4,392,415,446,398,392,396,344,429,387,440,554,438,358
21,8,1,5,381,436,430,450,427,381,393,371,414,377,441,444,497
21,9,17,1,465,465,412,418,411,366,394,378,384,408,448,499,497
21,10,47,2,432,424,432,385,397,361,369,394,436,357,452,433,301
21,11,39,3,393,412,409,393,396,411,339,389,363,424,382,415,588
21,12,14,3,401,415,421,401,427,356,360,377,408,396,442,614,483
21,13,48,4,409,439,434,428,409,385,382,387,404,452,388,402,557
21,14,12,7,379,423,450,438,383,371,390,379,399,392,542,525,626
21,15,49,1,425,425,458,410,392,439,365,373,394,437,413,470,549
21,16,13,4,397,432,421,414,397,373,382,368,389,528,438,556,689
21,17,6,4,418,460,423,441,418,375,363,378,397,474,468,301,612
21,18,2,3,407,411,453,407,390,362,396,375,369,472,505,699,376
21,19,26,3,414,428,443,414,416,395,402,396,403,459,495,417,449
21,20,43,6,400,414,434,339,431,403,400,395,454,430,455,359,394
21,21,15,5,380,433,412,417,419,380,369,402,390,385,503,521,614
21,22,37,7,380,450,445,396,413,428,411,380,376,369,350,603,426
21,23,18,3,379,435,412,379,401,388,385,391,444,380,386,347,660
21,24,25,6,367,424,445,416,422,395,367,407,364,379,375,417,687
21,25,42,4,399,368,411,418,399,372,384,402,373,468,471,551,301
21,26,28,3,385,436,431,385,379,396,359,404,409,453,388,301,389
21,27,21,4,397,412,436,382,397,391,401,413,424,447,442,504,616
21,28,7,3,420,416,434,420,436,403,355,402,358,429,440,316,590
21,29,10,7,377,406,402,452,414,422,338,377,385,409,488,456,509
21,30,34,4,417,406,412,425,417,393,352,361,419,475,486,373,456
21,31,40,3,410,409,458,410,370,356,372,396,390,425,523,379,561
21,32,31,3,420,439,423,420,400,398,387,401,382,371,517,520,486
21,33,23,6,380,418,443,373,407,361,380,387,400,398,562,586,699
21,34,46,7,374,436,431,415,414,380,370,374,421,353,410,417,301
21,35,36,5,358,393,368,440,412,358,391,378,417,414,466,625,477
21,36,32,4,387,430,419,413,387,354,397,392,358,427,425,431,495
21,37,22,8,408,425,453,370,404,375,356,388,408,444,472,481,553
21,38,8,5,373,396,453,419,417,373,377,427,402,454,444,312,614
21,39,16,1,419,419,412,415,416,361,372,386,389,439,421,381,527
21,40,33,6,370,420,457,443,415,410,370,425,429,521,369,456,511
21,41,45,3,446,425,436,446,402,403,389,381,395,442,398,441,626
21,42,38,2,403,429,403,393,381,345,378,353,410,301,425,414,433
21,43,50,6,409,428,394,410,393,383,409,407,421,426,461,565,422
21,44,44,4,381,466,439,416,381,385,395,387,402,451,412,462,410
21,45,20,4,387,450,463,432,387,383,375,415,397,337,434,480,444
21,46,27,10,507,427,418,424,367,373,378,363,391,458,507,361,494
21,47,19,3,390,406,421,390,382,389,361,393,420,403,427,419,493
21,48,30,5,403,387,444,407,382,403,378,373,436,353,457,439,510
21,49,11,3,387,420,447,387,375,358,391,368,428,461,415,340,462
21,50,5,5,388,431,421,433,399,388,389,403,392,400,527,475,669
22,1,12,5,374,419,423,407,384,374,375,373,391,433,556,490,619
22,2,21,7,408,425,414,407,420,386,396,408,403,411,459,575,530
22,3,36,7,351,446,428,417,385,386,387,351,415,401,443,510,524
22,4,3,6,361,429,463,405,395,387,361,404,419,376,353,534,449
22,5,27,5,384,419,425,392,411,384,401,409,406,382,433,424,473
22,6,20,6,365,405,416,423,419,409,365,385,424,403,369,450,498
22,7,15,6,344,415,446,398,392,396,344,429,387,440,554,438,358
22,8,42,5,381,436,430,450,427,381,393,371,414,377,441,444,497
22,9,37,5,366,465,412,418,411,366,394,378,384,408,448,499,497
22,10,26,5,361,424,432,385,397,361,369,394,436,357,452,433,301
22,11,1,6,339,412,409,393,396,411,339,389,363,424,382,415,588
22,12,5,6,360,415,421,401,427,356,360,377,408,396,442,614,483
22,13,16,5,385,439,434,428,409,385,382,387,404,452,388,402,557
22,14,34,4,383,423,450,438,383,371,390,379,399,392,542,525,626
22,15,4,6,365,425,458,410,392,439,365,373,394,437,413,470,549
22,16,2,7,368,432,421,414,397,373,382,368,389,528,438,556,689
22,17,14,5,375,460,423,441,418,375,363,378,397,474,468,301,612
22,18,32,5,362,411,453,407,390,362,396,375,369,472,505,699,376
22,19,33,6,402,428,443,414,416,395,402,396,403,459,495,417,449
22,20,18,6,400,414,434,339,431,403,400,395,454,430,455,359,394
22,21,17,6,369,433,412,417,419,380,369,402,390,385,503,521,614
22,22,22,6,411,450,445,396,413,428,411,380,376,369,350,603,426
22,23,6,5,388,435,412,379,401,388,385,391,444,380,386,347,660
22,24,50,6,367,424,445,416,422,395,367,407,364,379,375,417,687
22,25,45,5,372,368,411,418,399,372,384,402,373,468,471,551,301
22,26,39,6,359,436,431,385,379,396,359,404,409,453,388,301,389
22,27,47,7,413,412,436,382,397,391,401,413,424,447,442,504,616
22,28,29,6,355,416,434,420,436,403,355,402,358,429,440,316,590
22,29,41,6,338,406,402,452,414,422,338,377,385,409,488,456,509
22,30,44,4,417,406,412,425,417,393,352,361,419,475,486,373,456
22,31,24,6,372,409,458,410,370,356,372,396,390,425,523,379,561
22,32,10,5,398,439,423,420,400,398,387,401,382,371,517,520,486
22,33,19,5,361,418,443,373,407,361,380,387,400,398,562,586,699
22,34,31,5,380,436,431,415,414,380,370,374,421,353,410,417,301
22,35,43,4,412,393,368,440,412,358,391,378,417,414,466,625,477
22,36,28,6,397,430,419,413,387,354,397,392,358,427,425,431,495
22,37,25,5,375,425,453,370,404,375,356,388,408,444,472,481,553
22,38,40,5,373,396,453,419,417,373,377,427,402,454,444,312,614
22,39,46,6,372,419,412,415,416,361,372,386,389,439,421,381,527
22,40,48,6,370,420,457,443,415,410,370,425,429,521,369,456,511
22,41,7,1,425,425,436,446,402,403,389,381,395,442,398,441,626
22,42,11,7,353,429,403,393,381,345,378,353,410,301,425,414,433
22,43,23,6,409,428,394,410,393,383,409,407,421,426,461,565,422
22,44,13,5,385,466,439,416,381,385,395,387,402,451,412,462,410
22,45,9,6,375,450,463,432,387,383,375,415,397,337,434,480,444
22,46,49,4,367,427,418,424,367,373,378,363,391,458,507,361,494
22,47,30,6,361,406,421,390,382,389,361,393,420,403,427,419,493
22,48,38,6,378,387,444,407,382,403,378,373,436,353,457,439,510
22,49,35,4,375,420,447,387,375,358,391,368,428,461,415,340,462
22,50,8,5,388,431,421,433,399,388,389,403,392,400,527,475,669
23,1,23,5,374,419,423,407,384,374,375,373,391,433,556,490,619
23,2,13,8,403,425,414,407,420,386,396,408,403,411,459,575,530
23,3,41,6,387,446,428,417,385,386,387,351,415,401,443,510,524
23,4,32,6,361,429,463,405,395,387,361,404,419,376,353,534,449
23,5,28,8,406,419,425,392,411,384,401,409,406,382,433,424,473
23,6,18,6,365,405,416,423,419,409,365,385,424,403,369,450,498
23,7,39,6,344,415,446,398,392,396,344,429,387,440,554,438,358
23,8,22,6,393,436,430,450,427,381,393,371,414,377,441,444,497
23,9,21,5,366,465,412,418,411,366,394,378,384,408,448,499,497
23,10,2,5,361,424,432,385,397,361,369,394,436,357,452,433,301
23,11,7,6,339,412,409,393,396,411,339,389,363,424,382,415,588
23,12,20,5,356,415,421,401,427,356,360,377,408,396,442,614,483
23,13,9,7,387,439,434,428,409,385,382,387,404,452,388,402,557
23,14,34,5,371,423,450,438,383,371,390,379,399,392,542,525,626
23,15,42,6,365,425,458,410,392,439,365,373,394,437,413,470,549
23,16,50,7,368,432,421,414,397,373,382,368,389,528,438,556,689
23,17,36,6,363,460,423,441,418,375,363,378,397,474,468,301,612
23,18,12,8,369,411,453,407,390,362,396,375,369,472,505,699,376
23,19,15,7,396,428,443,414,416,395,402,396,403,459,495,417,449
23,20,48,7,395,414,434,339,431,403,400,395,454,430,455,359,394
23,21,29,5,380,433,412,417,419,380,369,402,390,385,503,521,614
23,22,19,6,411,450,445,396,413,428,411,380,376,369,350,603,426
23,23,6,6,385,435,412,379,401,388,385,391,444,380,386,347,660
23,24,49,6,367,424,445,416,422,395,367,407,364,379,375,417,687
23,25,47,1,368,368,411,418,399,372,384,402,373,468,471,551,301
23,26,43,4,379,436,431,385,379,396,359,404,409,453,388,301,389
23,27,25,6,401,412,436,382,397,391,401,413,424,447,442,504,616
23,28,46,6,355,416,434,420,436,403,355,402,358,429,440,316,590
23,29,40,6,338,406,402,452,414,422,338,377,385,409,488,456,509
23,30,16,4,417,406,412,425,417,393,352,361,419,475,486,373,456
23,31,4,6,372,409,458,410,370,356,372,396,390,425,523,379,561
23,32,44,7,401,439,423,420,400,398,387,401,382,371,517,520,486
23,33,3,5,361,418,443,373,407,361,380,387,400,398,562,586,699
23,34,45,1,436,436,431,415,414,380,370,374,421,353,410,417,301
23,35,31,4,412,393,368,440,412,358,391,378,417,414,466,625,477
23,36,24,3,413,430,419,413,387,354,397,392,358,427,425,431,495
23,37,35,5,375,425,453,370,404,375,356,388,408,444,472,481,553
23,38,10,5,373,396,453,419,417,373,377,427,402,454,444,312,614
23,39,5,6,372,419,412,415,416,361,372,386,389,439,421,381,527
23,40,14,6,370,420,457,443,415,410,370,425,429,521,369,456,511
23,41,1,7,381,425,436,446,402,403,389,381,395,442,398,441,626
23,42,27,6,378,429,403,393,381,345,378,353,410,301,425,414,433
23,43,26,7,407,428,394,410,393,383,409,407,421,426,461,565,422
23,44,8,6,395,466,439,416,381,385,395,387,402,451,412,462,410
23,45,33,4,387,450,463,432,387,383,375,415,397,337,434,480,444
23,46,38,4,367,427,418,424,367,373,378,363,391,458,507,361,494
23,47,17,3,390,406,421,390,382,389,361,393,420,403,427,419,493
23,48,30,6,378,387,444,407,382,403,378,373,436,353,457,439,510
23,49,37,3,387,420,447,387,375,358,391,368,428,461,415,340,462
23,50,11,4,399,431,421,433,399,388,389,403,392,400,527,475,669
24,1,18,5,374,419,423,407,384,374,375,373,391,433,556,490,619
24,2,22,5,386,425,414,407,420,386,396,408,403,411,459,575,530
24,3,11,6,387,446,428,417,385,386,387,351,415,401,443,510,524
24,4,5,5,387,429,463,405,395,387,361,404,419,376,353,534,449
24,5,43,8,406,419,425,392,411,384,401,409,406,382,433,424,473
24,6,39,6,365,405,416,423,419,409,365,385,424,403,369,450,498
24,7,46,6,344,415,446,398,392,396,344,429,387,440,554,438,358
24,8,19,7,371,436,430,450,427,381,393,371,414,377,441,444,497
24,9,3,5,366,465,412,418,411,366,394,378,384,408,448,499,497
24,10,24,5,361,424,432,385,397,361,369,394,436,357,452,433,301
24,11,30,6,339,412,409,393,396,411,339,389,363,424,382,415,588
24,12,37,5,356,415,421,401,427,356,360,377,408,396,442,614,483
24,13,13,5,385,439,434,428,409,385,382,387,404,452,388,402,557
24,14,29,5,371,423,450,438,383,371,390,379,399,392,542,525,626
24,15,25,6,365,425,458,410,392,439,365,373,394,437,413,470,549
24,16,12,6,382,432,421,414,397,373,382,368,389,528,438,556,689
24,17,26,5,375,460,423,441,418,375,363,378,397,474,468,301,612
24,18,50,6,396,411,453,407,390,362,396,375,369,472,505,699,376
24,19,17,5,395,428,443,414,416,395,402,396,403,459,495,417,449
24,20,16,7,395,414,434,339,431,403,400,395,454,430,455,359,394
24,21,35,5,380,433,412,417,419,380,369,402,390,385,503,521,614
24,22,34,7,380,450,445,396,413,428,411,380,376,369,350,603,426
24,23,20,6,385,435,412,379,401,388,385,391,444,380,386,347,660
24,24,15,5,395,424,445,416,422,395,367,407,364,379,375,417,687
24,25,49,7,402,368,411,418,399,372,384,402,373,468,471,551,301
24,26,31,6,359,436,431,385,379,396,359,404,409,453,388,301,389
24,27,32,5,391,412,436,382,397,391,401,413,424,447,442,504,616
24,28,47,5,403,416,434,420,436,403,355,402,358,429,440,316,590
24,29,8,5,422,406,402,452,414,422,338,377,385,409,488,456,509
24,30,1,10,486,406,412,425,417,393,352,361,419,475,486,373,456
24,31,44,5,356,409,458,410,370,356,372,396,390,425,523,379,561
24,32,21,5,398,439,423,420,400,398,387,401,382,371,517,520,486
24,33,28,5,361,418,443,373,407,361,380,387,400,398,562,586,699
24,34,40,5,380,436,431,415,414,380,370,374,421,353,410,417,301
24,35,9,5,358,393,368,440,412,358,391,378,417,414,466,625,477
24,36,4,6,397,430,419,413,387,354,397,392,358,427,425,431,495
24,37,36,6,356,425,453,370,404,375,356,388,408,444,472,481,553
24,38,41,5,373,396,453,419,417,373,377,427,402,454,444,312,614
24,39,2,6,372,419,412,415,416,361,372,386,389,439,421,381,527
24,40,38,6,370,420,457,443,415,410,370,425,429,521,369,456,511
24,41,33,5,403,425,436,446,402,403,389,381,395,442,398,441,626
24,42,10,7,353,429,403,393,381,345,378,353,410,301,425,414,433
24,43,14,4,393,428,394,410,393,383,409,407,421,426,461,565,422
24,44,48,5,385,466,439,416,381,385,395,387,402,451,412,462,410
24,45,42,4,387,450,463,432,387,383,375,415,397,337,434,480,444
24,46,6,7,363,427,418,424,367,373,378,363,391,458,507,361,494
24,47,7,6,361,406,421,390,382,389,361,393,420,403,427,419,493
24,48,27,6,378,387,444,407,382,403,378,373,436,353,457,439,510
24,49,45,4,375,420,447,387,375,358,391,368,428,461,415,340,462
24,50,23,5,388,431,421,433,399,388,389,403,392,400,527,475,669
25,1,29,4,384,419,423,407,384,374,375,373,391,433,556,490,619
25,2,18,9,411,425,414,407,420,386,396,408,403,411,459,575,530
25,3,31,5,386,446,428,417,385,386,387,351,415,401,443,510,524
25,4,49,5,387,429,463,405,395,387,361,404,419,376,353,534,449
25,5,44,9,382,419,425,392,411,384,401,409,406,382,433,424,473
25,6,33,10,369,405,416,423,419,409,365,385,424,403,369,450,498
25,7,15,6,344,415,446,398,392,396,344,429,387,440,554,438,358
25,8,1,7,371,436,430,450,427,381,393,371,414,377,441,444,497
25,9,10,5,366,465,412,418,411,366,394,378,384,408,448,499,497
25,10,6,3,385,424,432,385,397,361,369,394,436,357,452,433,301
25,11,50,6,339,412,409,393,396,411,339,389,363,424,382,415,588
25,12,19,5,356,415,421,401,427,356,360,377,408,396,442,614,483
25,13,24,5,385,439,434,428,409,385,382,387,404,452,388,402,557
25,14,37,5,371,423,450,438,383,371,390,379,399,392,542,525,626
25,15,26,6,365,425,458,410,392,439,365,373,394,437,413,470,549
25,16,20,5,373,432,421,414,397,373,382,368,389,528,438,556,689
25,17,35,6,363,460,423,441,418,375,363,378,397,474,468,301,612
25,18,36,5,362,411,453,407,390,362,396,375,369,472,505,699,376
25,19,38,12,449,428,443,414,416,395,402,396,403,459,495,417,449
25,20,8,11,359,414,434,339,431,403,400,395,454,430,455,359,394
25,21,27,6,369,433,412,417,419,380,369,402,390,385,503,521,614
25,22,45,7,380,450,445,396,413,428,411,380,376,369,350,603,426
25,23,9,3,379,435,412,379,401,388,385,391,444,380,386,347,660
25,24,16,5,395,424,445,416,422,395,367,407,364,379,375,417,687
25,25,5,1,368,368,411,418,399,372,384,402,373,468,471,551,301
25,26,3,3,385,436,431,385,379,396,359,404,409,453,388,301,389
25,27,13,12,616,412,436,382,397,391,401,413,424,447,442,504,616
25,28,2,6,355,416,434,420,436,403,355,402,358,429,440,316,590
25,29,28,5,422,406,402,452,414,422,338,377,385,409,488,456,509
25,30,4,5,393,406,412,425,417,393,352,361,419,475,486,373,456
25,31,30,8,390,409,458,410,370,356,372,396,390,425,523,379,561
25,32,48,5,398,439,423,420,400,398,387,401,382,371,517,520,486
25,33,47,5,361,418,443,373,407,361,380,387,400,398,562,586,699
25,34,7,5,380,436,431,415,414,380,370,374,421,353,410,417,301
25,35,23,4,412,393,368,440,412,358,391,378,417,414,466,625,477
25,36,34,6,397,430,419,413,387,354,397,392,358,427,425,431,495
25,37,41,1,425,425,453,370,404,375,356,388,408,444,472,481,553
25,38,43,5,373,396,453,419,417,373,377,427,402,454,444,312,614
25,39,25,6,372,419,412,415,416,361,372,386,389,439,421,381,527
25,40,14,6,370,420,457,443,415,410,370,425,429,521,369,456,511
25,41,12,5,403,425,436,446,402,403,389,381,395,442,398,441,626
25,42,22,12,433,429,403,393,381,345,378,353,410,301,425,414,433
25,43,17,7,407,428,394,410,393,383,409,407,421,426,461,565,422
25,44,32,9,451,466,439,416,381,385,395,387,402,451,412,462,410
25,45,21,4,387,450,463,432,387,383,375,415,397,337,434,480,444
25,46,11,4,367,427,418,424,367,373,378,363,391,458,507,361,494
25,47,42,6,361,406,421,390,382,389,361,393,420,403,427,419,493
25,48,39,1,387,387,444,407,382,403,378,373,436,353,457,439,510
25,49,40,5,358,420,447,387,375,358,391,368,428,461,415,340,462
25,50,46,6,389,431,421,433,399,388,389,403,392,400,527,475,669
26,1,15,6,375,419,423,407,384,374,375,373,391,433,556,490,619
26,2,10,8,403,425,414,407,420,386,396,408,403,411,459,575,530
26,3,37,7,351,446,428,417,385,386,387,351,415,401,443,510,524
26,4,3,6,361,429,463,405,395,387,361,404,419,376,353,534,449
26,5,9,8,406,419,425,392,411,384,401,409,406,382,433,424,473
26,6,47,6,365,405,416,423,419,409,365,385,424,403,369,450,498
26,7,35,6,344,415,446,398,392,396,344,429,387,440,554,438,358
26,8,50,7,371,436,430,450,427,381,393,371,414,377,441,444,497
26,9,18,7,378,465,412,418,411,366,394,378,384,408,448,499,497
26,10,12,6,369,424,432,385,397,361,369,394,436,357,452,433,301
26,11,29,6,339,412,409,393,396,411,339,389,363,424,382,415,588
26,12,43,5,356,415,421,401,427,356,360,377,408,396,442,614,483
26,13,8,7,387,439,434,428,409,385,382,387,404,452,388,402,557
26,14,16,7,379,423,450,438,383,371,390,379,399,392,542,525,626
26,15,19,12,549,425,458,410,392,439,365,373,394,437,413,470,549
26,16,23,7,368,432,421,414,397,373,382,368,389,528,438,556,689
26,17,31,6,363,460,423,441,418,375,363,378,397,474,468,301,612
26,18,41,8,369,411,453,407,390,362,396,375,369,472,505,699,376
26,19,49,7,396,428,443,414,416,395,402,396,403,459,495,417,449
26,20,38,7,395,414,434,339,431,403,400,395,454,430,455,359,394
26,21,7,6,369,433,412,417,419,380,369,402,390,385,503,521,614
26,22,1,7,380,450,445,396,413,428,411,380,376,369,350,603,426
26,23,34,6,385,435,412,379,401,388,385,391,444,380,386,347,660
26,24,13,6,367,424,445,416,422,395,367,407,364,379,375,417,687
26,25,42,8,373,368,411,418,399,372,384,402,373,468,471,551,301
26,26,45,6,359,436,431,385,379,396,359,404,409,453,388,301,389
26,27,5,12,616,412,436,382,397,391,401,413,424,447,442,504,616
26,28,25,6,355,416,434,420,436,403,355,402,358,429,440,316,590
26,29,26,6,338,406,402,452,414,422,338,377,385,409,488,456,509
26,30,40,6,352,406,412,425,417,393,352,361,419,475,486,373,456
26,31,39,6,372,409,458,410,370,356,372,396,390,425,523,379,561
26,32,28,8,382,439,423,420,400,398,387,401,382,371,517,520,486
26,33,33,9,398,418,443,373,407,361,380,387,400,398,562,586,699
26,34,21,7,374,436,431,415,414,380,370,374,421,353,410,417,301
26,35,24,7,378,393,368,440,412,358,391,378,417,414,466,625,477
26,36,48,6,397,430,419,413,387,354,397,392,358,427,425,431,495
26,37,22,8,408,425,453,370,404,375,356,388,408,444,472,481,553
26,38,36,6,377,396,453,419,417,373,377,427,402,454,444,312,614
26,39,6,10,421,419,412,415,416,361,372,386,389,439,421,381,527
26,40,27,7,425,420,457,443,415,410,370,425,429,521,369,456,511
26,41,4,7,381,425,436,446,402,403,389,381,395,442,398,441,626
26,42,30,9,301,429,403,393,381,345,378,353,410,301,425,414,433
26,43,46,7,407,428,394,410,393,383,409,407,421,426,461,565,422
26,44,11,6,395,466,439,416,381,385,395,387,402,451,412,462,410
26,45,14,7,415,450,463,432,387,383,375,415,397,337,434,480,444
26,46,44,6,378,427,418,424,367,373,378,363,391,458,507,361,494
26,47,2,6,361,406,421,390,382,389,361,393,420,403,427,419,493
26,48,20,6,378,387,444,407,382,403,378,373,436,353,457,439,510
26,49,32,10,415,420,447,387,375,358,391,368,428,461,415,340,462
26,50,17,8,392,431,421,433,399,388,389,403,392,400,527,475,669
27,1,16,6,375,419,423,407,384,374,375,373,391,433,556,490,619
27,2,39,5,386,425,414,407,420,386,396,408,403,411,459,575,530
27,3,49,6,387,446,428,417,385,386,387,351,415,401,443,510,524
27,4,21,6,361,429,463,405,395,387,361,404,419,376,353,534,449
27,5,12,7,409,419,425,392,411,384,401,409,406,382,433,424,473
27,6,7,8,424,405,416,423,419,409,365,385,424,403,369,450,498
27,7,15,6,344,415,446,398,392,396,344,429,387,440,554,438,358
27,8,25,5,381,436,430,450,427,381,393,371,414,377,441,444,497
27,9,33,6,394,465,412,418,411,366,394,378,384,408,448,499,497
27,10,11,11,433,424,432,385,397,361,369,394,436,357,452,433,301
27,11,17,6,339,412,409,393,396,411,339,389,363,424,382,415,588
27,12,36,5,356,415,421,401,427,356,360,377,408,396,442,614,483
27,13,32,6,382,439,434,428,409,385,382,387,404,452,388,402,557
27,14,31,7,379,423,450,438,383,371,390,379,399,392,542,525,626
27,15,5,6,365,425,458,410,392,439,365,373,394,437,413,470,549
27,16,20,6,382,432,421,414,397,373,382,368,389,528,438,556,689
27,17,24,5,375,460,423,441,418,375,363,378,397,474,468,301,612
27,18,28,7,375,411,453,407,390,362,396,375,369,472,505,699,376
27,19,38,6,402,428,443,414,416,395,402,396,403,459,495,417,449
27,20,35,1,414,414,434,339,431,403,400,395,454,430,455,359,394
27,21,50,3,417,433,412,417,419,380,369,402,390,385,503,521,614
27,22,19,6,411,450,445,396,413,428,411,380,376,369,350,603,426
27,23,43,8,444,435,412,379,401,388,385,391,444,380,386,347,660
27,24,41,7,407,424,445,416,422,395,367,407,364,379,375,417,687
27,25,26,7,402,368,411,418,399,372,384,402,373,468,471,551,301
27,26,44,6,359,436,431,385,379,396,359,404,409,453,388,301,389
27,27,22,6,401,412,436,382,397,391,401,413,424,447,442,504,616
27,28,8,6,355,416,434,420,436,403,355,402,358,429,440,316,590
27,29,45,6,338,406,402,452,414,422,338,377,385,409,488,456,509
27,30,14,10,486,406,412,425,417,393,352,361,419,475,486,373,456
27,31,40,5,356,409,458,410,370,356,372,396,390,425,523,379,561
27,32,10,5,398,439,423,420,400,398,387,401,382,371,517,520,486
27,33,30,6,380,418,443,373,407,361,380,387,400,398,562,586,699
27,34,3,2,431,436,431,415,414,380,370,374,421,353,410,417,301
27,35,1,6,391,393,368,440,412,358,391,378,417,414,466,625,477
27,36,34,5,354,430,419,413,387,354,397,392,358,427,425,431,495
27,37,27,6,356,425,453,370,404,375,356,388,408,444,472,481,553
27,38,37,6,377,396,453,419,417,373,377,427,402,454,444,312,614
27,39,4,6,372,419,412,415,416,361,372,386,389,439,421,381,527
27,40,2,8,429,420,457,443,415,410,370,425,429,521,369,456,511
27,41,13,5,403,425,436,446,402,403,389,381,395,442,398,441,626
27,42,18,8,410,429,403,393,381,345,378,353,410,301,425,414,433
27,43,6,6,409,428,394,410,393,383,409,407,421,426,461,565,422
27,44,9,6,395,466,439,416,381,385,395,387,402,451,412,462,410
27,45,48,2,463,450,463,432,387,383,375,415,397,337,434,480,444
27,46,46,7,363,427,418,424,367,373,378,363,391,458,507,361,494
27,47,29,6,361,406,421,390,382,389,361,393,420,403,427,419,493
27,48,42,6,378,387,444,407,382,403,378,373,436,353,457,439,510
27,49,23,6,391,420,447,387,375,358,391,368,428,461,415,340,462
27,50,47,6,389,431,421,433,399,388,389,403,392,400,527,475,669
28,1,17,5,374,419,423,407,384,374,375,373,391,433,556,490,619
28,2,5,12,530,425,414,407,420,386,396,408,403,411,459,575,530
28,3,21,7,351,446,428,417,385,386,387,351,415,401,443,510,524
28,4,11,6,361,429,463,405,395,387,361,404,419,376,353,534,449
28,5,40,8,406,419,425,392,411,384,401,409,406,382,433,424,473
28,6,29,6,365,405,416,423,419,409,365,385,424,403,369,450,498
28,7,3,12,358,415,446,398,392,396,344,429,387,440,554,438,358
28,8,45,7,371,436,430,450,427,381,393,371,414,377,441,444,497
28,9,8,5,366,465,412,418,411,366,394,378,384,408,448,499,497
28,10,49,5,361,424,432,385,397,361,369,394,436,357,452,433,301
28,11,47,6,339,412,409,393,396,411,339,389,363,424,382,415,588
28,12,41,5,356,415,421,401,427,356,360,377,408,396,442,614,483
28,13,34,10,388,439,434,428,409,385,382,387,404,452,388,402,557
28,14,48,7,379,423,450,438,383,371,390,379,399,392,542,525,626
28,15,15,6,365,425,458,410,392,439,365,373,394,437,413,470,549
28,16,4,5,373,432,421,414,397,373,382,368,389,528,438,556,689
28,17,12,5,375,460,423,441,418,375,363,378,397,474,468,301,612
28,18,10,5,362,411,453,407,390,362,396,375,369,472,505,699,376
28,19,31,12,449,428,443,414,416,395,402,396,403,459,495,417,449
28,20,33,11,359,414,434,339,431,403,400,395,454,430,455,359,394
28,21,37,5,380,433,412,417,419,380,369,402,390,385,503,521,614
28,22,13,8,376,450,445,396,413,428,411,380,376,369,350,603,426
28,23,46,3,379,435,412,379,401,388,385,391,444,380,386,347,660
28,24,23,8,364,424,445,416,422,395,367,407,364,379,375,417,687
28,25,35,12,301,368,411,418,399,372,384,402,373,468,471,551,301
28,26,30,6,359,436,431,385,379,396,359,404,409,453,388,301,389
28,27,22,12,616,412,436,382,397,391,401,413,424,447,442,504,616
28,28,36,6,355,416,434,420,436,403,355,402,358,429,440,316,590
28,29,28,6,338,406,402,452,414,422,338,377,385,409,488,456,509
28,30,25,4,417,406,412,425,417,393,352,361,419,475,486,373,456
28,31,9,11,379,409,458,410,370,356,372,396,390,425,523,379,561
28,32,18,5,398,439,423,420,400,398,387,401,382,371,517,520,486
28,33,26,5,361,418,443,373,407,361,380,387,400,398,562,586,699
28,34,43,5,380,436,431,415,414,380,370,374,421,353,410,417,301
28,35,44,5,358,393,368,440,412,358,391,378,417,414,466,625,477
28,36,50,3,413,430,419,413,387,354,397,392,358,427,425,431,495
28,37,6,6,356,425,453,370,404,375,356,388,408,444,472,481,553
28,38,16,11,312,396,453,419,417,373,377,427,402,454,444,312,614
28,39,39,10,421,419,412,415,416,361,372,386,389,439,421,381,527
28,40,24,7,425,420,457,443,415,410,370,425,429,521,369,456,511
28,41,7,5,403,425,436,446,402,403,389,381,395,442,398,441,626
28,42,42,12,433,429,403,393,381,345,378,353,410,301,425,414,433
28,43,2,12,422,428,394,410,393,383,409,407,421,426,461,565,422
28,44,32,6,395,466,439,416,381,385,395,387,402,451,412,462,410
28,45,14,4,387,450,463,432,387,383,375,415,397,337,434,480,444
28,46,27,4,367,427,418,424,367,373,378,363,391,458,507,361,494
28,47,38,6,361,406,421,390,382,389,361,393,420,403,427,419,493
28,48,20,4,382,387,444,407,382,403,378,373,436,353,457,439,510
28,49,19,3,387,420,447,387,375,358,391,368,428,461,415,340,462
28,50,1,8,392,431,421,433,399,388,389,403,392,400,527,475,669
29,1,22,5,374,419,423,407,384,374,375,373,391,433,556,490,619
29,2,41,6,396,425,414,407,420,386,396,408,403,411,459,575,530
29,3,18,6,387,446,428,417,385,386,387,351,415,401,443,510,524
29,4,20,6,361,429,463,405,395,387,361,404,419,376,353,534,449
29,5,17,6,401,419,425,392,411,384,401,409,406,382,433,424,473
29,6,21,6,365,405,416,423,419,409,365,385,424,403,369,450,498
29,7,43,6,344,415,446,398,392,396,344,429,387,440,554,438,358
29,8,25,5,381,436,430,450,427,381,393,371,414,377,441,444,497
29,9,15,5,366,465,412,418,411,366,394,378,384,408,448,499,497
29,10,8,5,361,424,432,385,397,361,369,394,436,357,452,433,301
29,11,10,1,412,412,409,393,396,411,339,389,363,424,382,415,588
29,12,42,6,360,415,421,401,427,356,360,377,408,396,442,614,483
29,13,28,5,385,439,434,428,409,385,382,387,404,452,388,402,557
29,14,13,5,371,423,450,438,383,371,390,379,399,392,542,525,626
29,15,39,6,365,425,458,410,392,439,365,373,394,437,413,470,549
29,16,35,6,382,432,421,414,397,373,382,368,389,528,438,556,689
29,17,19,6,363,460,423,441,418,375,363,378,397,474,468,301,612
29,18,46,5,362,411,453,407,390,362,396,375,369,472,505,699,376
29,19,48,6,402,428,443,414,416,395,402,396,403,459,495,417,449
29,20,31,6,400,414,434,339,431,403,400,395,454,430,455,359,394
29,21,29,6,369,433,412,417,419,380,369,402,390,385,503,521,614
29,22,27,6,411,450,445,396,413,428,411,380,376,369,350,603,426
29,23,11,3,379,435,412,379,401,388,385,391,444,380,386,347,660
29,24,16,6,367,424,445,416,422,395,367,407,364,379,375,417,687
29,25,7,5,372,368,411,418,399,372,384,402,373,468,471,551,301
29,26,1,6,359,436,431,385,379,396,359,404,409,453,388,301,389
29,27,32,5,391,412,436,382,397,391,401,413,424,447,442,504,616
29,28,36,6,355,416,434,420,436,403,355,402,358,429,440,316,590
29,29,24,6,338,406,402,452,414,422,338,377,385,409,488,456,509
29,30,6,5,393,406,412,425,417,393,352,361,419,475,486,373,456
29,31,5,6,372,409,458,410,370,356,372,396,390,425,523,379,561
29,32,4,5,398,439,423,420,400,398,387,401,382,371,517,520,486
29,33,34,6,380,418,443,373,407,361,380,387,400,398,562,586,699
29,34,3,2,431,436,431,415,414,380,370,374,421,353,410,417,301
29,35,49,5,358,393,368,440,412,358,391,378,417,414,466,625,477
29,36,40,3,413,430,419,413,387,354,397,392,358,427,425,431,495
29,37,50,5,375,425,453,370,404,375,356,388,408,444,472,481,553
29,38,23,5,373,396,453,419,417,373,377,427,402,454,444,312,614
29,39,26,6,372,419,412,415,416,361,372,386,389,439,421,381,527
29,40,30,6,370,420,457,443,415,410,370,425,429,521,369,456,511
29,41,12,6,389,425,436,446,402,403,389,381,395,442,398,441,626
29,42,45,8,410,429,403,393,381,345,378,353,410,301,425,414,433
29,43,37,7,407,428,394,410,393,383,409,407,421,426,461,565,422
29,44,2,6,395,466,439,416,381,385,395,387,402,451,412,462,410
29,45,14,5,383,450,463,432,387,383,375,415,397,337,434,480,444
29,46,47,4,367,427,418,424,367,373,378,363,391,458,507,361,494
29,47,44,6,361,406,421,390,382,389,361,393,420,403,427,419,493
29,48,33,6,378,387,444,407,382,403,378,373,436,353,457,439,510
29,49,9,5,358,420,447,387,375,358,391,368,428,461,415,340,462
29,50,38,6,389,431,421,433,399,388,389,403,392,400,527,475,669
30,1,37,6,375,419,423,407,384,374,375,373,391,433,556,490,619
30,2,6,5,386,425,414,407,420,386,396,408,403,411,459,575,530
30,3,13,7,351,446,428,417,385,386,387,351,415,401,443,510,524
30,4,44,8,419,429,463,405,395,387,361,404,419,376,353,534,449
30,5,34,7,409,419,425,392,411,384,401,409,406,382,433,424,473
30,6,5,7,385,405,416,423,419,409,365,385,424,403,369,450,498
30,7,11,6,344,415,446,398,392,396,344,429,387,440,554,438,358
30,8,39,6,393,436,430,450,427,381,393,371,414,377,441,444,497
30,9,10,7,378,465,412,418,411,366,394,378,384,408,448,499,497
30,10,12,6,369,424,432,385,397,361,369,394,436,357,452,433,301
30,11,40,6,339,412,409,393,396,411,339,389,363,424,382,415,588
30,12,9,6,360,415,421,401,427,356,360,377,408,396,442,614,483
30,13,29,5,385,439,434,428,409,385,382,387,404,452,388,402,557
30,14,32,7,379,423,450,438,383,371,390,379,399,392,542,525,626
30,15,15,6,365,425,458,410,392,439,365,373,394,437,413,470,549
30,16,20,6,382,432,421,414,397,373,382,368,389,528,438,556,689
30,17,33,11,301,460,423,441,418,375,363,378,397,474,468,301,612
30,18,27,7,375,411,453,407,390,362,396,375,369,472,505,699,376
30,19,30,6,402,428,443,414,416,395,402,396,403,459,495,417,449
30,20,35,3,339,414,434,339,431,403,400,395,454,430,455,359,394
30,21,2,9,385,433,412,417,419,380,369,402,390,385,503,521,614
30,22,7,9,369,450,445,396,413,428,411,380,376,369,350,603,426
30,23,4,6,385,435,412,379,401,388,385,391,444,380,386,347,660
30,24,26,6,367,424,445,416,422,395,367,407,364,379,375,417,687
30,25,28,12,301,368,411,418,399,372,384,402,373,468,471,551,301
30,26,19,6,359,436,431,385,379,396,359,404,409,453,388,301,389
30,27,8,12,616,412,436,382,397,391,401,413,424,447,442,504,616
30,28,16,6,355,416,434,420,436,403,355,402,358,429,440,316,590
30,29,31,7,377,406,402,452,414,422,338,377,385,409,488,456,509
30,30,47,7,361,406,412,425,417,393,352,361,419,475,486,373,456
30,31,49,8,390,409,458,410,370,356,372,396,390,425,523,379,561
30,32,46,7,401,439,423,420,400,398,387,401,382,371,517,520,486
30,33,42,9,398,418,443,373,407,361,380,387,400,398,562,586,699
30,34,14,12,301,436,431,415,414,380,370,374,421,353,410,417,301
30,35,50,7,378,393,368,440,412,358,391,378,417,414,466,625,477
30,36,41,5,354,430,419,413,387,354,397,392,358,427,425,431,495
30,37,38,10,472,425,453,370,404,375,356,388,408,444,472,481,553
30,38,24,6,377,396,453,419,417,373,377,427,402,454,444,312,614
30,39,1,6,372,419,412,415,416,361,372,386,389,439,421,381,527
30,40,45,7,425,420,457,443,415,410,370,425,429,521,369,456,511
30,41,18,7,381,425,436,446,402,403,389,381,395,442,398,441,626
30,42,23,8,410,429,403,393,381,345,378,353,410,301,425,414,433
30,43,21,12,422,428,394,410,393,383,409,407,421,426,461,565,422
30,44,48,6,395,466,439,416,381,385,395,387,402,451,412,462,410
30,45,17,7,415,450,463,432,387,383,375,415,397,337,434,480,444
30,46,22,7,363,427,418,424,367,373,378,363,391,458,507,361,494
30,47,43,9,403,406,421,390,382,389,361,393,420,403,427,419,493
30,48,25,9,353,387,444,407,382,403,378,373,436,353,457,439,510
30,49,36,7,368,420,447,387,375,358,391,368,428,461,415,340,462
30,50,3,8,392,431,421,433,399,388,389,403,392,400,527,475,669
31,1,44,1,419,419,423,407,384,374,375,373,391,433,556,490,619
31,2,19,8,403,425,414,407,420,386,396,408,403,411,459,575,530
31,3,33,6,387,446,428,417,385,386,387,351,415,401,443,510,524
31,4,32,6,361,429,463,405,395,387,361,404,419,376,353,534,449
31,5,25,7,409,419,425,392,411,384,401,409,406,382,433,424,473
31,6,15,6,365,405,416,423,419,409,365,385,424,403,369,450,498
31,7,3,6,344,415,446,398,392,396,344,429,387,440,554,438,358
31,8,21,7,371,436,430,450,427,381,393,371,414,377,441,444,497
31,9,36,6,394,465,412,418,411,366,394,378,384,408,448,499,497
31,10,9,5,361,424,432,385,397,361,369,394,436,357,452,433,301
31,11,5,6,339,412,409,393,396,411,339,389,363,424,382,415,588
31,12,23,5,356,415,421,401,427,356,360,377,408,396,442,614,483
31,13,27,9,452,439,434,428,409,385,382,387,404,452,388,402,557
31,14,42,4,383,423,450,438,383,371,390,379,399,392,542,525,626
31,15,40,5,439,425,458,410,392,439,365,373,394,437,413,470,549
31,16,20,7,368,432,421,414,397,373,382,368,389,528,438,556,689
31,17,49,5,375,460,423,441,418,375,363,378,397,474,468,301,612
31,18,34,7,375,411,453,407,390,362,396,375,369,472,505,699,376
31,19,31,4,416,428,443,414,416,395,402,396,403,459,495,417,449
31,20,39,3,339,414,434,339,431,403,400,395,454,430,455,359,394
31,21,14,6,369,433,412,417,419,380,369,402,390,385,503,521,614
31,22,17,7,380,450,445,396,413,428,411,380,376,369,350,603,426
31,23,24,5,388,435,412,379,401,388,385,391,444,380,386,347,660
31,24,47,6,367,424,445,416,422,395,367,407,364,379,375,417,687
31,25,8,5,372,368,411,418,399,372,384,402,373,468,471,551,301
31,26,4,6,359,436,431,385,379,396,359,404,409,453,388,301,389
31,27,29,3,382,412,436,382,397,391,401,413,424,447,442,504,616
31,28,46,6,355,416,434,420,436,403,355,402,358,429,440,316,590
31,29,35,6,338,406,402,452,414,422,338,377,385,409,488,456,509
31,30,38,5,393,406,412,425,417,393,352,361,419,475,486,373,456
31,31,50,1,409,409,458,410,370,356,372,396,390,425,523,379,561
31,32,26,5,398,439,423,420,400,398,387,401,382,371,517,520,486
31,33,6,6,380,418,443,373,407,361,380,387,400,398,562,586,699
31,34,48,5,380,436,431,415,414,380,370,374,421,353,410,417,301
31,35,37,2,368,393,368,440,412,358,391,378,417,414,466,625,477
31,36,13,6,397,430,419,413,387,354,397,392,358,427,425,431,495
31,37,45,6,356,425,453,370,404,375,356,388,408,444,472,481,553
31,38,16,7,427,396,453,419,417,373,377,427,402,454,444,312,614
31,39,12,6,372,419,412,415,416,361,372,386,389,439,421,381,527
31,40,7,5,410,420,457,443,415,410,370,425,429,521,369,456,511
31,41,28,5,403,425,436,446,402,403,389,381,395,442,398,441,626
31,42,10,6,378,429,403,393,381,345,378,353,410,301,425,414,433
31,43,22,5,383,428,394,410,393,383,409,407,421,426,461,565,422
31,44,18,6,395,466,439,416,381,385,395,387,402,451,412,462,410
31,45,1,4,387,450,463,432,387,383,375,415,397,337,434,480,444
31,46,2,7,363,427,418,424,367,373,378,363,391,458,507,361,494
31,47,43,6,361,406,421,390,382,389,361,393,420,403,427,419,493
31,48,11,6,378,387,444,407,382,403,378,373,436,353,457,439,510
31,49,41,6,391,420,447,387,375,358,391,368,428,461,415,340,462
31,50,30,6,389,431,421,433,399,388,389,403,392,400,527,475,669
32,1,27,5,374,419,423,407,384,374,375,373,391,433,556,490,619
32,2,31,5,386,425,414,407,420,386,396,408,403,411,459,575,530
32,3,47,7,351,446,428,417,385,386,387,351,415,401,443,510,524
32,4,50,5,387,429,463,405,395,387,361,404,419,376,353,534,449
32,5,16,7,409,419,425,392,411,384,401,409,406,382,433,424,473
32,6,2,12,498,405,416,423,419,409,365,385,424,403,369,450,498
32,7,7,6,344,415,446,398,392,396,344,429,387,440,554,438,358
32,8,19,5,381,436,430,450,427,381,393,371,414,377,441,444,497
32,9,34,5,366,465,412,418,411,366,394,378,384,408,448,499,497
32,10,23,5,361,424,432,385,397,361,369,394,436,357,452,433,301
32,11,8,6,339,412,409,393,396,411,339,389,363,424,382,415,588
32,12,22,5,356,415,421,401,427,356,360,377,408,396,442,614,483
32,13,4,5,385,439,434,428,409,385,382,387,404,452,388,402,557
32,14,3,5,371,423,450,438,383,371,390,379,399,392,542,525,626
32,15,28,6,365,425,458,410,392,439,365,373,394,437,413,470,549
32,16,25,5,373,432,421,414,397,373,382,368,389,528,438,556,689
32,17,33,11,301,460,423,441,418,375,363,378,397,474,468,301,612
32,18,46,5,362,411,453,407,390,362,396,375,369,472,505,699,376
32,19,26,7,396,428,443,414,416,395,402,396,403,459,495,417,449
32,20,17,3,339,414,434,339,431,403,400,395,454,430,455,359,394
32,21,6,6,369,433,412,417,419,380,369,402,390,385,503,521,614
32,22,24,7,380,450,445,396,413,428,411,380,376,369,350,603,426
32,23,37,5,388,435,412,379,401,388,385,391,444,380,386,347,660
32,24,38,8,364,424,445,416,422,395,367,407,364,379,375,417,687
32,25,21,8,373,368,411,418,399,372,384,402,373,468,471,551,301
32,26,48,10,388,436,431,385,379,396,359,404,409,453,388,301,389
32,27,20,6,401,412,436,382,397,391,401,413,424,447,442,504,616
32,28,44,6,355,416,434,420,436,403,355,402,358,429,440,316,590
32,29,29,6,338,406,402,452,414,422,338,377,385,409,488,456,509
32,30,5,4,417,406,412,425,417,393,352,361,419,475,486,373,456
32,31,10,6,372,409,458,410,370,356,372,396,390,425,523,379,561
32,32,49,5,398,439,423,420,400,398,387,401,382,371,517,520,486
32,33,13,5,361,418,443,373,407,361,380,387,400,398,562,586,699
32,34,43,5,380,436,431,415,414,380,370,374,421,353,410,417,301
32,35,30,2,368,393,368,440,412,358,391,378,417,414,466,625,477
32,36,15,3,413,430,419,413,387,354,397,392,358,427,425,431,495
32,37,32,6,356,425,453,370,404,375,356,388,408,444,472,481,553
32,38,18,5,373,396,453,419,417,373,377,427,402,454,444,312,614
32,39,9,6,372,419,412,415,416,361,372,386,389,439,421,381,527
32,40,45,6,370,420,457,443,415,410,370,425,429,521,369,456,511
32,41,35,5,403,425,436,446,402,403,389,381,395,442,398,441,626
32,42,39,11,414,429,403,393,381,345,378,353,410,301,425,414,433
32,43,12,4,393,428,394,410,393,383,409,407,421,426,461,565,422
32,44,42,4,381,466,439,416,381,385,395,387,402,451,412,462,410
32,45,36,7,415,450,463,432,387,383,375,415,397,337,434,480,444
32,46,11,7,363,427,418,424,367,373,378,363,391,458,507,361,494
32,47,1,6,361,406,421,390,382,389,361,393,420,403,427,419,493
32,48,40,7,373,387,444,407,382,403,378,373,436,353,457,439,510
32,49,41,3,387,420,447,387,375,358,391,368,428,461,415,340,462
32,50,14,6,389,431,421,433,399,388,389,403,392,400,527,475,669
33,1,48,6,375,419,423,407,384,374,375,373,391,433,556,490,619
33,2,18,6,396,425,414,407,420,386,396,408,403,411,459,575,530
33,3,8,6,387,446,428,417,385,386,387,351,415,401,443,510,524
33,4,43,6,361,429,463,405,395,387,361,404,419,376,353,534,449
33,5,50,7,409,419,425,392,411,384,401,409,406,382,433,424,473
33,6,24,6,365,405,416,423,419,409,365,385,424,403,369,450,498
33,7,40,6,344,415,446,398,392,396,344,429,387,440,554,438,358
33,8,27,7,371,436,430,450,427,381,393,371,414,377,441,444,497
33,9,21,7,378,465,412,418,411,366,394,378,384,408,448,499,497
33,10,23,7,394,424,432,385,397,361,369,394,436,357,452,433,301
33,11,33,6,339,412,409,393,396,411,339,389,363,424,382,415,588
33,12,9,5,356,415,421,401,427,356,360,377,408,396,442,614,483
33,13,42,6,382,439,434,428,409,385,382,387,404,452,388,402,557
33,14,2,7,379,423,450,438,383,371,390,379,399,392,542,525,626
33,15,20,6,365,425,458,410,392,439,365,373,394,437,413,470,549
33,16,28,5,373,432,421,414,397,373,382,368,389,528,438,556,689
33,17,49,5,375,460,423,441,418,375,363,378,397,474,468,301,612
33,18,44,7,375,411,453,407,390,362,396,375,369,472,505,699,376
33,19,19,7,396,428,443,414,416,395,402,396,403,459,495,417,449
33,20,29,6,400,414,434,339,431,403,400,395,454,430,455,359,394
33,21,39,6,369,433,412,417,419,380,369,402,390,385,503,521,614
33,22,46,7,380,450,445,396,413,428,411,380,376,369,350,603,426
33,23,25,6,385,435,412,379,401,388,385,391,444,380,386,347,660
33,24,36,6,367,424,445,416,422,395,367,407,364,379,375,417,687
33,25,34,7,402,368,411,418,399,372,384,402,373,468,471,551,301
33,26,13,6,359,436,431,385,379,396,359,404,409,453,388,301,389
33,27,10,10,442,412,436,382,397,391,401,413,424,447,442,504,616
33,28,1,6,355,416,434,420,436,403,355,402,358,429,440,316,590
33,29,17,6,338,406,402,452,414,422,338,377,385,409,488,456,509
33,30,16,5,393,406,412,425,417,393,352,361,419,475,486,373,456
33,31,4,6,372,409,458,410,370,356,372,396,390,425,523,379,561
33,32,32,5,398,439,423,420,400,398,387,401,382,371,517,520,486
33,33,41,6,380,418,443,373,407,361,380,387,400,398,562,586,699
33,34,6,5,380,436,431,415,414,380,370,374,421,353,410,417,301
33,35,47,5,358,393,368,440,412,358,391,378,417,414,466,625,477
33,36,14,6,397,430,419,413,387,354,397,392,358,427,425,431,495
33,37,5,6,356,425,453,370,404,375,356,388,408,444,472,481,553
33,38,35,5,373,396,453,419,417,373,377,427,402,454,444,312,614
33,39,38,6,372,419,412,415,416,361,372,386,389,439,421,381,527
33,40,30,6,370,420,457,443,415,410,370,425,429,521,369,456,511
33,41,7,5,403,425,436,446,402,403,389,381,395,442,398,441,626
33,42,31,7,353,429,403,393,381,345,378,353,410,301,425,414,433
33,43,11,7,407,428,394,410,393,383,409,407,421,426,461,565,422
33,44,15,6,395,466,439,416,381,385,395,387,402,451,412,462,410
33,45,37,7,415,450,463,432,387,383,375,415,397,337,434,480,444
33,46,22,7,363,427,418,424,367,373,378,363,391,458,507,361,494
33,47,3,6,361,406,421,390,382,389,361,393,420,403,427,419,493
33,48,26,6,378,387,444,407,382,403,378,373,436,353,457,439,510
33,49,45,5,358,420,447,387,375,358,391,368,428,461,415,340,462
33,50,12,6,389,431,421,433,399,388,389,403,392,400,527,475,669
34,1,31,1,419,419,423,407,384,374,375,373,391,433,556,490,619
34,2,18,1,425,425,414,407,420,386,396,408,403,411,459,575,530
34,3,33,1,446,446,428,417,385,386,387,351,415,401,443,510,524
34,4,46,1,429,429,463,405,395,387,361,404,419,376,353,534,449
34,5,28,1,419,419,425,392,411,384,401,409,406,382,433,424,473
34,6,29,1,405,405,416,423,419,409,365,385,424,403,369,450,498
34,7,20,1,415,415,446,398,392,396,344,429,387,440,554,438,358
34,8,32,1,436,436,430,450,427,381,393,371,414,377,441,444,497
34,9,42,1,465,465,412,418,411,366,394,378,384,408,448,499,497
34,10,44,1,424,424,432,385,397,361,369,394,436,357,452,433,301
34,11,14,1,412,412,409,393,396,411,339,389,363,424,382,415,588
34,12,3,1,415,415,421,401,427,356,360,377,408,396,442,614,483
34,13,11,1,439,439,434,428,409,385,382,387,404,452,388,402,557
34,14,13,1,423,423,450,438,383,371,390,379,399,392,542,525,626
34,15,26,1,425,425,458,410,392,439,365,373,394,437,413,470,549
34,16,35,1,432,432,421,414,397,373,382,368,389,528,438,556,689
34,17,5,1,460,460,423,441,418,375,363,378,397,474,468,301,612
34,18,25,1,411,411,453,407,390,362,396,375,369,472,505,699,376
34,19,41,1,428,428,443,414,416,395,402,396,403,459,495,417,449
34,20,49,1,414,414,434,339,431,403,400,395,454,430,455,359,394
34,21,39,1,433,433,412,417,419,380,369,402,390,385,503,521,614
34,22,12,1,450,450,445,396,413,428,411,380,376,369,350,603,426
34,23,21,1,435,435,412,379,401,388,385,391,444,380,386,347,660
34,24,6,1,424,424,445,416,422,395,367,407,364,379,375,417,687
34,25,9,1,368,368,411,418,399,372,384,402,373,468,471,551,301
34,26,40,1,436,436,431,385,379,396,359,404,409,453,388,301,389
34,27,8,1,412,412,436,382,397,391,401,413,424,447,442,504,616
34,28,17,1,416,416,434,420,436,403,355,402,358,429,440,316,590
34,29,2,1,406,406,402,452,414,422,338,377,385,409,488,456,509
34,30,1,1,406,406,412,425,417,393,352,361,419,475,486,373,456
34,31,47,1,409,409,458,410,370,356,372,396,390,425,523,379,561
34,32,45,1,439,439,423,420,400,398,387,401,382,371,517,520,486
34,33,37,1,418,418,443,373,407,361,380,387,400,398,562,586,699
34,34,38,1,436,436,431,415,414,380,370,374,421,353,410,417,301
34,35,30,1,393,393,368,440,412,358,391,378,417,414,466,625,477
34,36,27,1,430,430,419,413,387,354,397,392,358,427,425,431,495
34,37,19,1,425,425,453,370,404,375,356,388,408,444,472,481,553
34,38,10,1,396,396,453,419,417,373,377,427,402,454,444,312,614
34,39,22,1,419,419,412,415,416,361,372,386,389,439,421,381,527
34,40,43,1,420,420,457,443,415,410,370,425,429,521,369,456,511
34,41,23,1,425,425,436,446,402,403,389,381,395,442,398,441,626
34,42,24,1,429,429,403,393,381,345,378,353,410,301,425,414,433
34,43,7,1,428,428,394,410,393,383,409,407,421,426,461,565,422
34,44,4,1,466,466,439,416,381,385,395,387,402,451,412,462,410
34,45,15,1,450,450,463,432,387,383,375,415,397,337,434,480,444
34,46,36,1,427,427,418,424,367,373,378,363,391,458,507,361,494
34,47,34,1,406,406,421,390,382,389,361,393,420,403,427,419,493
34,48,16,1,387,387,444,407,382,403,378,373,436,353,457,439,510
34,49,48,1,420,420,447,387,375,358,391,368,428,461,415,340,462
34,50,50,2,421,431,421,433,399,388,389,403,392,400,527,475,669
35,1,18,7,373,419,423,407,384,374,375,373,391,433,556,490,619
35,2,35,8,403,425,414,407,420,386,396,408,403,411,459,575,530
35,3,7,7,351,446,428,417,385,386,387,351,415,401,443,510,524
35,4,40,6,361,429,463,405,395,387,361,404,419,376,353,534,449
35,5,22,10,433,419,425,392,411,384,401,409,406,382,433,424,473
35,6,13,6,365,405,416,423,419,409,365,385,424,403,369,450,498
35,7,50,6,344,415,446,398,392,396,344,429,387,440,554,438,358
35,8,5,7,371,436,430,450,427,381,393,371,414,377,441,444,497
35,9,45,5,366,465,412,418,411,366,394,378,384,408,448,499,497
35,10,15,6,369,424,432,385,397,361,369,394,436,357,452,433,301
35,11,48,6,339,412,409,393,396,411,339,389,363,424,382,415,588
35,12,12,9,396,415,421,401,427,356,360,377,408,396,442,614,483
35,13,39,7,387,439,434,428,409,385,382,387,404,452,388,402,557
35,14,26,8,399,423,450,438,383,371,390,379,399,392,542,525,626
35,15,23,10,413,425,458,410,392,439,365,373,394,437,413,470,549
35,16,42,7,368,432,421,414,397,373,382,368,389,528,438,556,689
35,17,29,6,363,460,423,441,418,375,363,378,397,474,468,301,612
35,18,10,6,396,411,453,407,390,362,396,375,369,472,505,699,376
35,19,32,7,396,428,443,414,416,395,402,396,403,459,495,417,449
35,20,8,3,339,414,434,339,431,403,400,395,454,430,455,359,394
35,21,19,6,369,433,412,417,419,380,369,402,390,385,503,521,614
35,22,49,7,380,450,445,396,413,428,411,380,376,369,350,603,426
35,23,37,9,380,435,412,379,401,388,385,391,444,380,386,347,660
35,24,36,6,367,424,445,416,422,395,367,407,364,379,375,417,687
35,25,28,8,373,368,411,418,399,372,384,402,373,468,471,551,301
35,26,16,6,359,436,431,385,379,396,359,404,409,453,388,301,389
35,27,30,8,424,412,436,382,397,391,401,413,424,447,442,504,616
35,28,41,6,355,416,434,420,436,403,355,402,358,429,440,316,590
35,29,11,6,338,406,402,452,414,422,338,377,385,409,488,456,509
35,30,20,10,486,406,412,425,417,393,352,361,419,475,486,373,456
35,31,17,6,372,409,458,410,370,356,372,396,390,425,523,379,561
35,32,44,9,371,439,423,420,400,398,387,401,382,371,517,520,486
35,33,46,7,387,418,443,373,407,361,380,387,400,398,562,586,699
35,34,21,2,431,436,431,415,414,380,370,374,421,353,410,417,301
35,35,31,5,358,393,368,440,412,358,391,378,417,414,466,625,477
35,36,1,6,397,430,419,413,387,354,397,392,358,427,425,431,495
35,37,4,9,444,425,453,370,404,375,356,388,408,444,472,481,553
35,38,3,5,373,396,453,419,417,373,377,427,402,454,444,312,614
35,39,14,6,372,419,412,415,416,361,372,386,389,439,421,381,527
35,40,9,6,370,420,457,443,415,410,370,425,429,521,369,456,511
35,41,27,7,381,425,436,446,402,403,389,381,395,442,398,441,626
35,42,24,10,425,429,403,393,381,345,378,353,410,301,425,414,433
35,43,43,7,407,428,394,410,393,383,409,407,421,426,461,565,422
35,44,34,6,395,466,439,416,381,385,395,387,402,451,412,462,410
35,45,25,7,415,450,463,432,387,383,375,415,397,337,434,480,444
35,46,2,6,378,427,418,424,367,373,378,363,391,458,507,361,494
35,47,6,6,361,406,421,390,382,389,361,393,420,403,427,419,493
35,48,47,6,378,387,444,407,382,403,378,373,436,353,457,439,510
35,49,33,7,368,420,447,387,375,358,391,368,428,461,415,340,462
35,50,38,8,392,431,421,433,399,388,389,403,392,400,527,475,669
36,1,50,6,375,419,423,407,384,374,375,373,391,433,556,490,619
36,2,3,4,420,425,414,407,420,386,396,408,403,411,459,575,530
36,3,37,6,387,446,428,417,385,386,387,351,415,401,443,510,524
36,4,48,6,361,429,463,405,395,387,361,404,419,376,353,534,449
36,5,25,7,409,419,425,392,411,384,401,409,406,382,433,424,473
36,6,20,5,409,405,416,423,419,409,365,385,424,403,369,450,498
36,7,19,7,429,415,446,398,392,396,344,429,387,440,554,438,358
36,8,1,6,393,436,430,450,427,381,393,371,414,377,441,444,497
36,9,8,4,411,465,412,418,411,366,394,378,384,408,448,499,497
36,10,29,6,369,424,432,385,397,361,369,394,436,357,452,433,301
36,11,32,5,411,412,409,393,396,411,339,389,363,424,382,415,588
36,12,36,3,401,415,421,401,427,356,360,377,408,396,442,614,483
36,13,40,5,385,439,434,428,409,385,382,387,404,452,388,402,557
36,14,43,6,390,423,450,438,383,371,390,379,399,392,542,525,626
36,15,42,6,365,425,458,410,392,439,365,373,394,437,413,470,549
36,16,10,4,397,432,421,414,397,373,382,368,389,528,438,556,689
36,17,15,3,441,460,423,441,418,375,363,378,397,474,468,301,612
36,18,26,3,407,411,453,407,390,362,396,375,369,472,505,699,376
36,19,5,6,402,428,443,414,416,395,402,396,403,459,495,417,449
36,20,31,6,400,414,434,339,431,403,400,395,454,430,455,359,394
36,21,23,5,380,433,412,417,419,380,369,402,390,385,503,521,614
36,22,22,6,411,450,445,396,413,428,411,380,376,369,350,603,426
36,23,47,6,385,435,412,379,401,388,385,391,444,380,386,347,660
36,24,33,5,395,424,445,416,422,395,367,407,364,379,375,417,687
36,25,30,6,384,368,411,418,399,372,384,402,373,468,471,551,301
36,26,39,6,359,436,431,385,379,396,359,404,409,453,388,301,389
36,27,6,4,397,412,436,382,397,391,401,413,424,447,442,504,616
36,28,13,6,355,416,434,420,436,403,355,402,358,429,440,316,590
36,29,24,6,338,406,402,452,414,422,338,377,385,409,488,456,509
36,30,38,5,393,406,412,425,417,393,352,361,419,475,486,373,456
36,31,45,7,396,409,458,410,370,356,372,396,390,425,523,379,561
36,32,14,6,387,439,423,420,400,398,387,401,382,371,517,520,486
36,33,21,5,361,418,443,373,407,361,380,387,400,398,562,586,699
36,34,7,5,380,436,431,415,414,380,370,374,421,353,410,417,301
36,35,35,5,358,393,368,440,412,358,391,378,417,414,466,625,477
36,36,4,6,397,430,419,413,387,354,397,392,358,427,425,431,495
36,37,28,6,356,425,453,370,404,375,356,388,408,444,472,481,553
36,38,46,5,373,396,453,419,417,373,377,427,402,454,444,312,614
36,39,41,5,361,419,412,415,416,361,372,386,389,439,421,381,527
36,40,9,5,410,420,457,443,415,410,370,425,429,521,369,456,511
36,41,11,4,402,425,436,446,402,403,389,381,395,442,398,441,626
36,42,27,6,378,429,403,393,381,345,378,353,410,301,425,414,433
36,43,34,6,409,428,394,410,393,383,409,407,421,426,461,565,422
36,44,18,3,416,466,439,416,381,385,395,387,402,451,412,462,410
36,45,2,5,383,450,463,432,387,383,375,415,397,337,434,480,444
36,46,17,6,378,427,418,424,367,373,378,363,391,458,507,361,494
36,47,49,6,361,406,421,390,382,389,361,393,420,403,427,419,493
36,48,44,6,378,387,444,407,382,403,378,373,436,353,457,439,510
36,49,12,4,375,420,447,387,375,358,391,368,428,461,415,340,462
36,50,16,6,389,431,421,433,399,388,389,403,392,400,527,475,669
37,1,10,6,375,419,423,407,384,374,375,373,391,433,556,490,619
37,2,24,8,403,425,414,407,420,386,396,408,403,411,459,575,530
37,3,17,7,351,446,428,417,385,386,387,351,415,401,443,510,524
37,4,50,2,463,429,463,405,395,387,361,404,419,376,353,534,449
37,5,1,8,406,419,425,392,411,384,401,409,406,382,433,424,473
37,6,48,6,365,405,416,423,419,409,365,385,424,403,369,450,498
37,7,27,6,344,415,446,398,392,396,344,429,387,440,554,438,358
37,8,21,7,371,436,430,450,427,381,393,371,414,377,441,444,497
37,9,43,5,366,465,412,418,411,366,394,378,384,408,448,499,497
37,10,31,6,369,424,432,385,397,361,369,394,436,357,452,433,301
37,11,30,6,339,412,409,393,396,411,339,389,363,424,382,415,588
37,12,23,5,356,415,421,401,427,356,360,377,408,396,442,614,483
37,13,19,7,387,439,434,428,409,385,382,387,404,452,388,402,557
37,14,26,7,379,423,450,438,383,371,390,379,399,392,542,525,626
37,15,39,6,365,425,458,410,392,439,365,373,394,437,413,470,549
37,16,8,7,368,432,421,414,397,373,382,368,389,528,438,556,689
37,17,47,6,363,460,423,441,418,375,363,378,397,474,468,301,612
37,18,36,8,369,411,453,407,390,362,396,375,369,472,505,699,376
37,19,28,5,395,428,443,414,416,395,402,396,403,459,495,417,449
37,20,22,3,339,414,434,339,431,403,400,395,454,430,455,359,394
37,21,18,6,369,433,412,417,419,380,369,402,390,385,503,521,614
37,22,42,7,380,450,445,396,413,428,411,380,376,369,350,603,426
37,23,32,7,391,435,412,379,401,388,385,391,444,380,386,347,660
37,24,2,7,407,424,445,416,422,395,367,407,364,379,375,417,687
37,25,25,8,373,368,411,418,399,372,384,402,373,468,471,551,301
37,26,40,6,359,436,431,385,379,396,359,404,409,453,388,301,389
37,27,49,6,401,412,436,382,397,391,401,413,424,447,442,504,616
37,28,7,6,355,416,434,420,436,403,355,402,358,429,440,316,590
37,29,3,6,338,406,402,452,414,422,338,377,385,409,488,456,509
37,30,11,6,352,406,412,425,417,393,352,361,419,475,486,373,456
37,31,16,6,372,409,458,410,370,356,372,396,390,425,523,379,561
37,32,38,5,398,439,423,420,400,398,387,401,382,371,517,520,486
37,33,34,6,380,418,443,373,407,361,380,387,400,398,562,586,699
37,34,45,5,380,436,431,415,414,380,370,374,421,353,410,417,301
37,35,4,5,358,393,368,440,412,358,391,378,417,414,466,625,477
37,36,44,6,397,430,419,413,387,354,397,392,358,427,425,431,495
37,37,15,10,472,425,453,370,404,375,356,388,408,444,472,481,553
37,38,46,5,373,396,453,419,417,373,377,427,402,454,444,312,614
37,39,14,6,372,419,412,415,416,361,372,386,389,439,421,381,527
37,40,5,7,425,420,457,443,415,410,370,425,429,521,369,456,511
37,41,33,5,403,425,436,446,402,403,389,381,395,442,398,441,626
37,42,41,11,414,429,403,393,381,345,378,353,410,301,425,414,433
37,43,29,2,394,428,394,410,393,383,409,407,421,426,461,565,422
37,44,12,8,402,466,439,416,381,385,395,387,402,451,412,462,410
37,45,9,4,387,450,463,432,387,383,375,415,397,337,434,480,444
37,46,13,4,367,427,418,424,367,373,378,363,391,458,507,361,494
37,47,35,6,361,406,421,390,382,389,361,393,420,403,427,419,493
37,48,20,6,378,387,444,407,382,403,378,373,436,353,457,439,510
37,49,37,5,358,420,447,387,375,358,391,368,428,461,415,340,462
37,50,6,6,389,431,421,433,399,388,389,403,392,400,527,475,669
38,1,24,4,384,419,423,407,384,374,375,373,391,433,556,490,619
38,2,17,1,425,425,414,407,420,386,396,408,403,411,459,575,530
38,3,5,6,387,446,428,417,385,386,387,351,415,401,443,510,524
38,4,27,2,463,429,463,405,395,387,361,404,419,376,353,534,449
38,5,9,2,425,419,425,392,411,384,401,409,406,382,433,424,473
38,6,10,1,405,405,416,423,419,409,365,385,424,403,369,450,498
38,7,36,1,415,415,446,398,392,396,344,429,387,440,554,438,358
38,8,25,1,436,436,430,450,427,381,393,371,414,377,441,444,497
38,9,39,4,411,465,412,418,411,366,394,378,384,408,448,499,497
38,10,4,1,424,424,432,385,397,361,369,394,436,357,452,433,301
38,11,42,1,412,412,409,393,396,411,339,389,363,424,382,415,588
38,12,8,1,415,415,421,401,427,356,360,377,408,396,442,614,483
38,13,20,1,439,439,434,428,409,385,382,387,404,452,388,402,557
38,14,29,1,423,423,450,438,383,371,390,379,399,392,542,525,626
38,15,7,1,425,425,458,410,392,439,365,373,394,437,413,470,549
38,16,26,1,432,432,421,414,397,373,382,368,389,528,438,556,689
38,17,11,1,460,460,423,441,418,375,363,378,397,474,468,301,612
38,18,47,2,453,411,453,407,390,362,396,375,369,472,505,699,376
38,19,19,2,443,428,443,414,416,395,402,396,403,459,495,417,449
38,20,28,1,414,414,434,339,431,403,400,395,454,430,455,359,394
38,21,30,1,433,433,412,417,419,380,369,402,390,385,503,521,614
38,22,31,1,450,450,445,396,413,428,411,380,376,369,350,603,426
38,23,44,1,435,435,412,379,401,388,385,391,444,380,386,347,660
38,24,13,1,424,424,445,416,422,395,367,407,364,379,375,417,687
38,25,35,2,411,368,411,418,399,372,384,402,373,468,471,551,301
38,26,22,1,436,436,431,385,379,396,359,404,409,453,388,301,389
38,27,14,1,412,412,436,382,397,391,401,413,424,447,442,504,616
38,28,18,1,416,416,434,420,436,403,355,402,358,429,440,316,590
38,29,38,1,406,406,402,452,414,422,338,377,385,409,488,456,509
38,30,37,1,406,406,412,425,417,393,352,361,419,475,486,373,456
38,31,48,3,410,409,458,410,370,356,372,396,390,425,523,379,561
38,32,41,1,439,439,423,420,400,398,387,401,382,371,517,520,486
38,33,46,1,418,418,443,373,407,361,380,387,400,398,562,586,699
38,34,3,1,436,436,431,415,414,380,370,374,421,353,410,417,301
38,35,45,1,393,393,368,440,412,358,391,378,417,414,466,625,477
38,36,16,1,430,430,419,413,387,354,397,392,358,427,425,431,495
38,37,6,1,425,425,453,370,404,375,356,388,408,444,472,481,553
38,38,40,2,453,396,453,419,417,373,377,427,402,454,444,312,614
38,39,1,1,419,419,412,415,416,361,372,386,389,439,421,381,527
38,40,23,1,420,420,457,443,415,410,370,425,429,521,369,456,511
38,41,12,2,436,425,436,446,402,403,389,381,395,442,398,441,626
38,42,34,2,403,429,403,393,381,345,378,353,410,301,425,414,433
38,43,43,1,428,428,394,410,393,383,409,407,421,426,461,565,422
38,44,32,1,466,466,439,416,381,385,395,387,402,451,412,462,410
38,45,49,1,450,450,463,432,387,383,375,415,397,337,434,480,444
38,46,15,1,427,427,418,424,367,373,378,363,391,458,507,361,494
38,47,33,1,406,406,421,390,382,389,361,393,420,403,427,419,493
38,48,21,2,444,387,444,407,382,403,378,373,436,353,457,439,510
38,49,50,2,447,420,447,387,375,358,391,368,428,461,415,340,462
38,50,2,1,431,431,421,433,399,388,389,403,392,400,527,475,669
39,1,8,6,375,419,423,407,384,374,375,373,391,433,556,490,619
39,2,4,6,396,425,414,407,420,386,396,408,403,411,459,575,530
39,3,16,6,387,446,428,417,385,386,387,351,415,401,443,510,524
39,4,29,7,404,429,463,405,395,387,361,404,419,376,353,534,449
39,5,49,5,384,419,425,392,411,384,401,409,406,382,433,424,473
39,6,27,6,365,405,416,423,419,409,365,385,424,403,369,450,498
39,7,7,6,344,415,446,398,392,396,344,429,387,440,554,438,358
39,8,25,6,393,436,430,450,427,381,393,371,414,377,441,444,497
39,9,38,7,378,465,412,418,411,366,394,378,384,408,448,499,497
39,10,20,6,369,424,432,385,397,361,369,394,436,357,452,433,301
39,11,19,6,339,412,409,393,396,411,339,389,363,424,382,415,588
39,12,48,6,360,415,421,401,427,356,360,377,408,396,442,614,483
39,13,43,5,385,439,434,428,409,385,382,387,404,452,388,402,557
39,14,26,7,379,423,450,438,383,371,390,379,399,392,542,525,626
39,15,12,6,365,425,458,410,392,439,365,373,394,437,413,470,549
39,16,45,7,368,432,421,414,397,373,382,368,389,528,438,556,689
39,17,44,6,363,460,423,441,418,375,363,378,397,474,468,301,612
39,18,5,6,396,411,453,407,390,362,396,375,369,472,505,699,376
39,19,47,7,396,428,443,414,416,395,402,396,403,459,495,417,449
39,20,9,6,400,414,434,339,431,403,400,395,454,430,455,359,394
39,21,39,6,369,433,412,417,419,380,369,402,390,385,503,521,614
39,22,36,6,411,450,445,396,413,428,411,380,376,369,350,603,426
39,23,33,6,385,435,412,379,401,388,385,391,444,380,386,347,660
39,24,24,6,367,424,445,416,422,395,367,407,364,379,375,417,687
39,25,23,6,384,368,411,418,399,372,384,402,373,468,471,551,301
39,26,14,6,359,436,431,385,379,396,359,404,409,453,388,301,389
39,27,42,7,413,412,436,382,397,391,401,413,424,447,442,504,616
39,28,22,6,355,416,434,420,436,403,355,402,358,429,440,316,590
39,29,1,8,385,406,402,452,414,422,338,377,385,409,488,456,509
39,30,3,6,352,406,412,425,417,393,352,361,419,475,486,373,456
39,31,15,2,458,409,458,410,370,356,372,396,390,425,523,379,561
39,32,13,5,398,439,423,420,400,398,387,401,382,371,517,520,486
39,33,32,5,361,418,443,373,407,361,380,387,400,398,562,586,699
39,34,34,5,380,436,431,415,414,380,370,374,421,353,410,417,301
39,35,41,5,358,393,368,440,412,358,391,378,417,414,466,625,477
39,36,21,6,397,430,419,413,387,354,397,392,358,427,425,431,495
39,37,30,6,356,425,453,370,404,375,356,388,408,444,472,481,553
39,38,37,7,427,396,453,419,417,373,377,427,402,454,444,312,614
39,39,17,6,372,419,412,415,416,361,372,386,389,439,421,381,527
39,40,35,6,370,420,457,443,415,410,370,425,429,521,369,456,511
39,41,6,5,403,425,436,446,402,403,389,381,395,442,398,441,626
39,42,40,7,353,429,403,393,381,345,378,353,410,301,425,414,433
39,43,46,4,393,428,394,410,393,383,409,407,421,426,461,565,422
39,44,11,2,439,466,439,416,381,385,395,387,402,451,412,462,410
39,45,28,6,375,450,463,432,387,383,375,415,397,337,434,480,444
39,46,10,6,378,427,418,424,367,373,378,363,391,458,507,361,494
39,47,50,6,361,406,421,390,382,389,361,393,420,403,427,419,493
39,48,2,4,382,387,444,407,382,403,378,373,436,353,457,439,510
39,49,31,7,368,420,447,387,375,358,391,368,428,461,415,340,462
39,50,18,7,403,431,421,433,399,388,389,403,392,400,527,475,669
40,1,2,1,419,419,423,407,384,374,375,373,391,433,556,490,619
40,2,8,1,425,425,414,407,420,386,396,408,403,411,459,575,530
40,3,22,3,417,446,428,417,385,386,387,351,415,401,443,510,524
40,4,45,3,405,429,463,405,395,387,361,404,419,376,353,534,449
40,5,37,1,419,419,425,392,411,384,401,409,406,382,433,424,473
40,6,34,1,405,405,416,423,419,409,365,385,424,403,369,450,498
40,7,1,1,415,415,446,398,392,396,344,429,387,440,554,438,358
40,8,16,2,430,436,430,450,427,381,393,371,414,377,441,444,497
40,9,39,2,412,465,412,418,411,366,394,378,384,408,448,499,497
40,10,33,6,369,424,432,385,397,361,369,394,436,357,452,433,301
40,11,26,1,412,412,409,393,396,411,339,389,363,424,382,415,588
40,12,35,3,401,415,421,401,427,356,360,377,408,396,442,614,483
40,13,21,3,428,439,434,428,409,385,382,387,404,452,388,402,557
40,14,20,1,423,423,450,438,383,371,390,379,399,392,542,525,626
40,15,3,1,425,425,458,410,392,439,365,373,394,437,413,470,549
40,16,6,3,414,432,421,414,397,373,382,368,389,528,438,556,689
40,17,46,2,423,460,423,441,418,375,363,378,397,474,468,301,612
40,18,42,1,411,411,453,407,390,362,396,375,369,472,505,699,376
40,19,12,3,414,428,443,414,416,395,402,396,403,459,495,417,449
40,20,38,1,414,414,434,339,431,403,400,395,454,430,455,359,394
40,21,30,3,417,433,412,417,419,380,369,402,390,385,503,521,614
40,22,40,1,450,450,445,396,413,428,411,380,376,369,350,603,426
40,23,4,2,412,435,412,379,401,388,385,391,444,380,386,347,660
40,24,15,3,416,424,445,416,422,395,367,407,364,379,375,417,687
40,25,23,1,368,368,411,418,399,372,384,402,373,468,471,551,301
40,26,32,3,385,436,431,385,379,396,359,404,409,453,388,301,389
40,27,19,6,401,412,436,382,397,391,401,413,424,447,442,504,616
40,28,50,1,416,416,434,420,436,403,355,402,358,429,440,316,590
40,29,5,1,406,406,402,452,414,422,338,377,385,409,488,456,509
40,30,43,1,406,406,412,425,417,393,352,361,419,475,486,373,456
40,31,29,2,458,409,458,410,370,356,372,396,390,425,523,379,561
40,32,36,1,439,439,423,420,400,398,387,401,382,371,517,520,486
40,33,9,3,373,418,443,373,407,361,380,387,400,398,562,586,699
40,34,28,1,436,436,431,415,414,380,370,374,421,353,410,417,301
40,35,47,1,393,393,368,440,412,358,391,378,417,414,466,625,477
40,36,17,1,430,430,419,413,387,354,397,392,358,427,425,431,495
40,37,49,1,425,425,453,370,404,375,356,388,408,444,472,481,553
40,38,27,2,453,396,453,419,417,373,377,427,402,454,444,312,614
40,39,11,3,415,419,412,415,416,361,372,386,389,439,421,381,527
40,40,10,4,415,420,457,443,415,410,370,425,429,521,369,456,511
40,41,31,2,436,425,436,446,402,403,389,381,395,442,398,441,626
40,42,18,2,403,429,403,393,381,345,378,353,410,301,425,414,433
40,43,14,2,394,428,394,410,393,383,409,407,421,426,461,565,422
40,44,41,3,416,466,439,416,381,385,395,387,402,451,412,462,410
40,45,13,1,450,450,463,432,387,383,375,415,397,337,434,480,444
40,46,44,2,418,427,418,424,367,373,378,363,391,458,507,361,494
40,47,7,1,406,406,421,390,382,389,361,393,420,403,427,419,493
40,48,25,1,387,387,444,407,382,403,378,373,436,353,457,439,510
40,49,24,1,420,420,447,387,375,358,391,368,428,461,415,340,462
40,50,48,3,433,431,421,433,399,388,389,403,392,400,527,475,669
41,1,46,2,423,419,423,407,384,374,375,373,391,433,556,490,619
41,2,18,12,530,425,414,407,420,386,396,408,403,411,459,575,530
41,3,16,7,351,446,428,417,385,386,387,351,415,401,443,510,524
41,4,21,6,361,429,463,405,395,387,361,404,419,376,353,534,449
41,5,45,5,384,419,425,392,411,384,401,409,406,382,433,424,473
41,6,35,6,365,405,416,423,419,409,365,385,424,403,369,450,498
41,7,30,6,344,415,446,398,392,396,344,429,387,440,554,438,358
41,8,15,7,371,436,430,450,427,381,393,371,414,377,441,444,497
41,9,31,5,366,465,412,418,411,366,394,378,384,408,448,499,497
41,10,17,5,361,424,432,385,397,361,369,394,436,357,452,433,301
41,11,28,12,588,412,409,393,396,411,339,389,363,424,382,415,588
41,12,43,5,356,415,421,401,427,356,360,377,408,396,442,614,483
41,13,24,10,388,439,434,428,409,385,382,387,404,452,388,402,557
41,14,5,7,379,423,450,438,383,371,390,379,399,392,542,525,626
41,15,20,6,365,425,458,410,392,439,365,373,394,437,413,470,549
41,16,41,10,438,432,421,414,397,373,382,368,389,528,438,556,689
41,17,8,5,375,460,423,441,418,375,363,378,397,474,468,301,612
41,18,13,5,362,411,453,407,390,362,396,375,369,472,505,699,376
41,19,39,1,428,428,443,414,416,395,402,396,403,459,495,417,449
41,20,40,3,339,414,434,339,431,403,400,395,454,430,455,359,394
41,21,11,6,369,433,412,417,419,380,369,402,390,385,503,521,614
41,22,47,8,376,450,445,396,413,428,411,380,376,369,350,603,426
41,23,3,9,380,435,412,379,401,388,385,391,444,380,386,347,660
41,24,50,6,367,424,445,416,422,395,367,407,364,379,375,417,687
41,25,48,8,373,368,411,418,399,372,384,402,373,468,471,551,301
41,26,32,6,359,436,431,385,379,396,359,404,409,453,388,301,389
41,27,22,12,616,412,436,382,397,391,401,413,424,447,442,504,616
41,28,29,6,355,416,434,420,436,403,355,402,358,429,440,316,590
41,29,38,6,338,406,402,452,414,422,338,377,385,409,488,456,509
41,30,25,7,361,406,412,425,417,393,352,361,419,475,486,373,456
41,31,9,7,396,409,458,410,370,356,372,396,390,425,523,379,561
41,32,34,4,400,439,423,420,400,398,387,401,382,371,517,520,486
41,33,26,5,361,418,443,373,407,361,380,387,400,398,562,586,699
41,34,7,5,380,436,431,415,414,380,370,374,421,353,410,417,301
41,35,10,12,477,393,368,440,412,358,391,378,417,414,466,625,477
41,36,23,6,397,430,419,413,387,354,397,392,358,427,425,431,495
41,37,2,9,444,425,453,370,404,375,356,388,408,444,472,481,553
41,38,14,5,373,396,453,419,417,373,377,427,402,454,444,312,614
41,39,12,10,421,419,412,415,416,361,372,386,389,439,421,381,527
41,40,42,12,511,420,457,443,415,410,370,425,429,521,369,456,511
41,41,1,4,402,425,436,446,402,403,389,381,395,442,398,441,626
41,42,4,12,433,429,403,393,381,345,378,353,410,301,425,414,433
41,43,27,7,407,428,394,410,393,383,409,407,421,426,461,565,422
41,44,49,6,395,466,439,416,381,385,395,387,402,451,412,462,410
41,45,37,7,415,450,463,432,387,383,375,415,397,337,434,480,444
41,46,44,3,424,427,418,424,367,373,378,363,391,458,507,361,494
41,47,6,6,361,406,421,390,382,389,361,393,420,403,427,419,493
41,48,19,6,378,387,444,407,382,403,378,373,436,353,457,439,510
41,49,36,5,358,420,447,387,375,358,391,368,428,461,415,340,462
41,50,33,12,669,431,421,433,399,388,389,403,392,400,527,475,669
42,1,3,4,384,419,423,407,384,374,375,373,391,433,556,490,619
42,2,9,5,386,425,414,407,420,386,396,408,403,411,459,575,530
42,3,37,6,387,446,428,417,385,386,387,351,415,401,443,510,524
42,4,27,1,429,429,463,405,395,387,361,404,419,376,353,534,449
42,5,25,6,401,419,425,392,411,384,401,409,406,382,433,424,473
42,6,41,5,409,405,416,423,419,409,365,385,424,403,369,450,498
42,7,21,3,398,415,446,398,392,396,344,429,387,440,554,438,358
42,8,44,1,436,436,430,450,427,381,393,371,414,377,441,444,497
42,9,11,7,378,465,412,418,411,366,394,378,384,408,448,499,497
42,10,7,1,424,424,432,385,397,361,369,394,436,357,452,433,301
42,11,12,2,409,412,409,393,396,411,339,389,363,424,382,415,588
42,12,47,5,356,415,421,401,427,356,360,377,408,396,442,614,483
42,13,24,4,409,439,434,428,409,385,382,387,404,452,388,402,557
42,14,20,4,383,423,450,438,383,371,390,379,399,392,542,525,626
42,15,45,1,425,425,458,410,392,439,365,373,394,437,413,470,549
42,16,48,4,397,432,421,414,397,373,382,368,389,528,438,556,689
42,17,6,4,418,460,423,441,418,375,363,378,397,474,468,301,612
42,18,46,5,362,411,453,407,390,362,396,375,369,472,505,699,376
42,19,50,1,428,428,443,414,416,395,402,396,403,459,495,417,449
42,20,16,5,403,414,434,339,431,403,400,395,454,430,455,359,394
42,21,35,5,380,433,412,417,419,380,369,402,390,385,503,521,614
42,22,26,7,380,450,445,396,413,428,411,380,376,369,350,603,426
42,23,1,4,401,435,412,379,401,388,385,391,444,380,386,347,660
42,24,22,4,422,424,445,416,422,395,367,407,364,379,375,417,687
42,25,43,6,384,368,411,418,399,372,384,402,373,468,471,551,301
42,26,49,9,453,436,431,385,379,396,359,404,409,453,388,301,389
42,27,13,2,436,412,436,382,397,391,401,413,424,447,442,504,616
42,28,30,5,403,416,434,420,436,403,355,402,358,429,440,316,590
42,29,5,6,338,406,402,452,414,422,338,377,385,409,488,456,509
42,30,36,2,412,406,412,425,417,393,352,361,419,475,486,373,456
42,31,28,4,370,409,458,410,370,356,372,396,390,425,523,379,561
42,32,42,5,398,439,423,420,400,398,387,401,382,371,517,520,486
42,33,14,2,443,418,443,373,407,361,380,387,400,398,562,586,699
42,34,32,1,436,436,431,415,414,380,370,374,421,353,410,417,301
42,35,34,5,358,393,368,440,412,358,391,378,417,414,466,625,477
42,36,2,3,413,430,419,413,387,354,397,392,358,427,425,431,495
42,37,18,8,408,425,453,370,404,375,356,388,408,444,472,481,553
42,38,29,3,419,396,453,419,417,373,377,427,402,454,444,312,614
42,39,31,6,372,419,412,415,416,361,372,386,389,439,421,381,527
42,40,33,1,420,420,457,443,415,410,370,425,429,521,369,456,511
42,41,15,5,403,425,436,446,402,403,389,381,395,442,398,441,626
42,42,10,5,345,429,403,393,381,345,378,353,410,301,425,414,433
42,43,8,4,393,428,394,410,393,383,409,407,421,426,461,565,422
42,44,4,5,385,466,439,416,381,385,395,387,402,451,412,462,410
42,45,17,4,387,450,463,432,387,383,375,415,397,337,434,480,444
42,46,39,4,367,427,418,424,367,373,378,363,391,458,507,361,494
42,47,23,5,389,406,421,390,382,389,361,393,420,403,427,419,493
42,48,38,4,382,387,444,407,382,403,378,373,436,353,457,439,510
42,49,40,4,375,420,447,387,375,358,391,368,428,461,415,340,462
42,50,19,4,399,431,421,433,399,388,389,403,392,400,527,475,669
43,1,20,6,375,419,423,407,384,374,375,373,391,433,556,490,619
43,2,32,6,396,425,414,407,420,386,396,408,403,411,459,575,530
43,3,44,7,351,446,428,417,385,386,387,351,415,401,443,510,524
43,4,31,6,361,429,463,405,395,387,361,404,419,376,353,534,449
43,5,36,7,409,419,425,392,411,384,401,409,406,382,433,424,473
43,6,35,6,365,405,416,423,419,409,365,385,424,403,369,450,498
43,7,29,6,344,415,446,398,392,396,344,429,387,440,554,438,358
43,8,49,5,381,436,430,450,427,381,393,371,414,377,441,444,497
43,9,34,5,366,465,412,418,411,366,394,378,384,408,448,499,497
43,10,15,7,394,424,432,385,397,361,369,394,436,357,452,433,301
43,11,47,6,339,412,409,393,396,411,339,389,363,424,382,415,588
43,12,13,5,356,415,421,401,427,356,360,377,408,396,442,614,483
43,13,16,6,382,439,434,428,409,385,382,387,404,452,388,402,557
43,14,3,6,390,423,450,438,383,371,390,379,399,392,542,525,626
43,15,50,6,365,425,458,410,392,439,365,373,394,437,413,470,549
43,16,4,7,368,432,421,414,397,373,382,368,389,528,438,556,689
43,17,22,6,363,460,423,441,418,375,363,378,397,474,468,301,612
43,18,6,5,362,411,453,407,390,362,396,375,369,472,505,699,376
43,19,27,7,396,428,443,414,416,395,402,396,403,459,495,417,449
43,20,43,1,414,414,434,339,431,403,400,395,454,430,455,359,394
43,21,26,6,369,433,412,417,419,380,369,402,390,385,503,521,614
43,22,7,7,380,450,445,396,413,428,411,380,376,369,350,603,426
43,23,38,7,391,435,412,379,401,388,385,391,444,380,386,347,660
43,24,5,6,367,424,445,416,422,395,367,407,364,379,375,417,687
43,25,42,6,384,368,411,418,399,372,384,402,373,468,471,551,301
43,26,30,6,359,436,431,385,379,396,359,404,409,453,388,301,389
43,27,18,9,447,412,436,382,397,391,401,413,424,447,442,504,616
43,28,37,6,355,416,434,420,436,403,355,402,358,429,440,316,590
43,29,17,6,338,406,402,452,414,422,338,377,385,409,488,456,509
43,30,39,5,393,406,412,425,417,393,352,361,419,475,486,373,456
43,31,40,6,372,409,458,410,370,356,372,396,390,425,523,379,561
43,32,28,6,387,439,423,420,400,398,387,401,382,371,517,520,486
43,33,24,6,380,418,443,373,407,361,380,387,400,398,562,586,699
43,34,11,6,370,436,431,415,414,380,370,374,421,353,410,417,301
43,35,48,6,391,393,368,440,412,358,391,378,417,414,466,625,477
43,36,10,6,397,430,419,413,387,354,397,392,358,427,425,431,495
43,37,2,6,356,425,453,370,404,375,356,388,408,444,472,481,553
43,38,9,7,427,396,453,419,417,373,377,427,402,454,444,312,614
43,39,14,6,372,419,412,415,416,361,372,386,389,439,421,381,527
43,40,1,6,370,420,457,443,415,410,370,425,429,521,369,456,511
43,41,45,5,403,425,436,446,402,403,389,381,395,442,398,441,626
43,42,19,7,353,429,403,393,381,345,378,353,410,301,425,414,433
43,43,21,7,407,428,394,410,393,383,409,407,421,426,461,565,422
43,44,46,6,395,466,439,416,381,385,395,387,402,451,412,462,410
43,45,33,6,375,450,463,432,387,383,375,415,397,337,434,480,444
43,46,23,6,378,427,418,424,367,373,378,363,391,458,507,361,494
43,47,41,6,361,406,421,390,382,389,361,393,420,403,427,419,493
43,48,25,6,378,387,444,407,382,403,378,373,436,353,457,439,510
43,49,8,6,391,420,447,387,375,358,391,368,428,461,415,340,462
43,50,12,12,669,431,421,433,399,388,389,403,392,400,527,475,669
44,1,15,4,384,419,423,407,384,374,375,373,391,433,556,490,619
44,2,31,5,386,425,414,407,420,386,396,408,403,411,459,575,530
44,3,37,7,351,446,428,417,385,386,387,351,415,401,443,510,524
44,4,8,6,361,429,463,405,395,387,361,404,419,376,353,534,449
44,5,16,5,384,419,425,392,411,384,401,409,406,382,433,424,473
44,6,13,6,365,405,416,423,419,409,365,385,424,403,369,450,498
44,7,47,6,344,415,446,398,392,396,344,429,387,440,554,438,358
44,8,30,1,436,436,430,450,427,381,393,371,414,377,441,444,497
44,9,26,5,366,465,412,418,411,366,394,378,384,408,448,499,497
44,10,42,5,361,424,432,385,397,361,369,394,436,357,452,433,301
44,11,1,6,339,412,409,393,396,411,339,389,363,424,382,415,588
44,12,33,9,396,415,421,401,427,356,360,377,408,396,442,614,483
44,13,46,7,387,439,434,428,409,385,382,387,404,452,388,402,557
44,14,35,4,383,423,450,438,383,371,390,379,399,392,542,525,626
44,15,17,1,425,425,458,410,392,439,365,373,394,437,413,470,549
44,16,12,2,421,432,421,414,397,373,382,368,389,528,438,556,689
44,17,38,6,363,460,423,441,418,375,363,378,397,474,468,301,612
44,18,39,5,362,411,453,407,390,362,396,375,369,472,505,699,376
44,19,48,7,396,428,443,414,416,395,402,396,403,459,495,417,449
44,20,19,3,339,414,434,339,431,403,400,395,454,430,455,359,394
44,21,23,11,521,433,412,417,419,380,369,402,390,385,503,521,614
44,22,22,7,380,450,445,396,413,428,411,380,376,369,350,603,426
44,23,14,3,379,435,412,379,401,388,385,391,444,380,386,347,660
44,24,29,6,367,424,445,416,422,395,367,407,364,379,375,417,687
44,25,25,5,372,368,411,418,399,372,384,402,373,468,471,551,301
44,26,28,6,359,436,431,385,379,396,359,404,409,453,388,301,389
44,27,5,10,442,412,436,382,397,391,401,413,424,447,442,504,616
44,28,11,5,403,416,434,420,436,403,355,402,358,429,440,316,590
44,29,34,6,338,406,402,452,414,422,338,377,385,409,488,456,509
44,30,40,4,417,406,412,425,417,393,352,361,419,475,486,373,456
44,31,2,1,409,409,458,410,370,356,372,396,390,425,523,379,561
44,32,43,5,398,439,423,420,400,398,387,401,382,371,517,520,486
44,33,45,5,361,418,443,373,407,361,380,387,400,398,562,586,699
44,34,24,5,380,436,431,415,414,380,370,374,421,353,410,417,301
44,35,36,5,358,393,368,440,412,358,391,378,417,414,466,625,477
44,36,41,3,413,430,419,413,387,354,397,392,358,427,425,431,495
44,37,6,1,425,425,453,370,404,375,356,388,408,444,472,481,553
44,38,7,5,373,396,453,419,417,373,377,427,402,454,444,312,614
44,39,3,6,372,419,412,415,416,361,372,386,389,439,421,381,527
44,40,50,7,425,420,457,443,415,410,370,425,429,521,369,456,511
44,41,21,4,402,425,436,446,402,403,389,381,395,442,398,441,626
44,42,20,5,345,429,403,393,381,345,378,353,410,301,425,414,433
44,43,10,7,407,428,394,410,393,383,409,407,421,426,461,565,422
44,44,9,4,381,466,439,416,381,385,395,387,402,451,412,462,410
44,45,4,4,387,450,463,432,387,383,375,415,397,337,434,480,444
44,46,27,4,367,427,418,424,367,373,378,363,391,458,507,361,494
44,47,18,3,390,406,421,390,382,389,361,393,420,403,427,419,493
44,48,32,6,378,387,444,407,382,403,378,373,436,353,457,439,510
44,49,44,4,375,420,447,387,375,358,391,368,428,461,415,340,462
44,50,49,5,388,431,421,433,399,388,389,403,392,400,527,475,669
45,1,6,7,373,419,423,407,384,374,375,373,391,433,556,490,619
45,2,8,8,403,425,414,407,420,386,396,408,403,411,459,575,530
45,3,13,6,387,446,428,417,385,386,387,351,415,401,443,510,524
45,4,17,6,361,429,463,405,395,387,361,404,419,376,353,534,449
45,5,12,5,384,419,425,392,411,384,401,409,406,382,433,424,473
45,6,44,2,416,405,416,423,419,409,365,385,424,403,369,450,498
45,7,47,1,415,415,446,398,392,396,344,429,387,440,554,438,358
45,8,3,1,436,436,430,450,427,381,393,371,414,377,441,444,497
45,9,9,6,394,465,412,418,411,366,394,378,384,408,448,499,497
45,10,25,5,361,424,432,385,397,361,369,394,436,357,452,433,301
45,11,45,7,389,412,409,393,396,411,339,389,363,424,382,415,588
45,12,11,1,415,415,421,401,427,356,360,377,408,396,442,614,483
45,13,32,6,382,439,434,428,409,385,382,387,404,452,388,402,557
45,14,20,12,626,423,450,438,383,371,390,379,399,392,542,525,626
45,15,46,6,365,425,458,410,392,439,365,373,394,437,413,470,549
45,16,26,6,382,432,421,414,397,373,382,368,389,528,438,556,689
45,17,28,6,363,460,423,441,418,375,363,378,397,474,468,301,612
45,18,1,5,362,411,453,407,390,362,396,375,369,472,505,699,376
45,19,14,7,396,428,443,414,416,395,402,396,403,459,495,417,449
45,20,30,11,359,414,434,339,431,403,400,395,454,430,455,359,394
45,21,34,5,380,433,412,417,419,380,369,402,390,385,503,521,614
45,22,5,7,380,450,445,396,413,428,411,380,376,369,350,603,426
45,23,50,3,379,435,412,379,401,388,385,391,444,380,386,347,660
45,24,21,6,367,424,445,416,422,395,367,407,364,379,375,417,687
45,25,36,1,368,368,411,418,399,372,384,402,373,468,471,551,301
45,26,42,6,359,436,431,385,379,396,359,404,409,453,388,301,389
45,27,43,5,391,412,436,382,397,391,401,413,424,447,442,504,616
45,28,27,6,355,416,434,420,436,403,355,402,358,429,440,316,590
45,29,41,5,422,406,402,452,414,422,338,377,385,409,488,456,509
45,30,48,6,352,406,412,425,417,393,352,361,419,475,486,373,456
45,31,38,6,372,409,458,410,370,356,372,396,390,425,523,379,561
45,32,37,9,371,439,423,420,400,398,387,401,382,371,517,520,486
45,33,23,6,380,418,443,373,407,361,380,387,400,398,562,586,699
45,34,19,1,436,436,431,415,414,380,370,374,421,353,410,417,301
45,35,35,5,358,393,368,440,412,358,391,378,417,414,466,625,477
45,36,22,5,354,430,419,413,387,354,397,392,358,427,425,431,495
45,37,15,5,375,425,453,370,404,375,356,388,408,444,472,481,553
45,38,4,5,373,396,453,419,417,373,377,427,402,454,444,312,614
45,39,10,6,372,419,412,415,416,361,372,386,389,439,421,381,527
45,40,2,6,370,420,457,443,415,410,370,425,429,521,369,456,511
45,41,24,6,389,425,436,446,402,403,389,381,395,442,398,441,626
45,42,29,8,410,429,403,393,381,345,378,353,410,301,425,414,433
45,43,16,4,393,428,394,410,393,383,409,407,421,426,461,565,422
45,44,40,5,385,466,439,416,381,385,395,387,402,451,412,462,410
45,45,33,4,387,450,463,432,387,383,375,415,397,337,434,480,444
45,46,49,4,367,427,418,424,367,373,378,363,391,458,507,361,494
45,47,7,6,361,406,421,390,382,389,361,393,420,403,427,419,493
45,48,31,6,378,387,444,407,382,403,378,373,436,353,457,439,510
45,49,18,5,358,420,447,387,375,358,391,368,428,461,415,340,462
45,50,39,6,389,431,421,433,399,388,389,403,392,400,527,475,669
46,1,24,1,419,419,423,407,384,374,375,373,391,433,556,490,619
46,2,42,2,414,425,414,407,420,386,396,408,403,411,459,575,530
46,3,17,1,446,446,428,417,385,386,387,351,415,401,443,510,524
46,4,10,1,429,429,463,405,395,387,361,404,419,376,353,534,449
46,5,1,1,419,419,425,392,411,384,401,409,406,382,433,424,473
46,6,6,2,416,405,416,423,419,409,365,385,424,403,369,450,498
46,7,9,1,415,415,446,398,392,396,344,429,387,440,554,438,358
46,8,5,1,436,436,430,450,427,381,393,371,414,377,441,444,497
46,9,36,1,465,465,412,418,411,366,394,378,384,408,448,499,497
46,10,43,2,432,424,432,385,397,361,369,394,436,357,452,433,301
46,11,12,1,412,412,409,393,396,411,339,389,363,424,382,415,588
46,12,13,2,421,415,421,401,427,356,360,377,408,396,442,614,483
46,13,22,1,439,439,434,428,409,385,382,387,404,452,388,402,557
46,14,46,2,450,423,450,438,383,371,390,379,399,392,542,525,626
46,15,8,1,425,425,458,410,392,439,365,373,394,437,413,470,549
46,16,44,1,432,432,421,414,397,373,382,368,389,528,438,556,689
46,17,19,3,441,460,423,441,418,375,363,378,397,474,468,301,612
46,18,38,3,407,411,453,407,390,362,396,375,369,472,505,699,376
46,19,40,2,443,428,443,414,416,395,402,396,403,459,495,417,449
46,20,27,2,434,414,434,339,431,403,400,395,454,430,455,359,394
46,21,4,1,433,433,412,417,419,380,369,402,390,385,503,521,614
46,22,33,2,445,450,445,396,413,428,411,380,376,369,350,603,426
46,23,7,1,435,435,412,379,401,388,385,391,444,380,386,347,660
46,24,34,2,445,424,445,416,422,395,367,407,364,379,375,417,687
46,25,14,1,368,368,411,418,399,372,384,402,373,468,471,551,301
46,26,29,2,431,436,431,385,379,396,359,404,409,453,388,301,389
46,27,18,1,412,412,436,382,397,391,401,413,424,447,442,504,616
46,28,47,1,416,416,434,420,436,403,355,402,358,429,440,316,590
46,29,48,1,406,406,402,452,414,422,338,377,385,409,488,456,509
46,30,30,2,412,406,412,425,417,393,352,361,419,475,486,373,456
46,31,21,1,409,409,458,410,370,356,372,396,390,425,523,379,561
46,32,39,1,439,439,423,420,400,398,387,401,382,371,517,520,486
46,33,25,2,443,418,443,373,407,361,380,387,400,398,562,586,699
46,34,31,1,436,436,431,415,414,380,370,374,421,353,410,417,301
46,35,49,1,393,393,368,440,412,358,391,378,417,414,466,625,477
46,36,20,2,419,430,419,413,387,354,397,392,358,427,425,431,495
46,37,26,1,425,425,453,370,404,375,356,388,408,444,472,481,553
46,38,41,1,396,396,453,419,417,373,377,427,402,454,444,312,614
46,39,32,1,419,419,412,415,416,361,372,386,389,439,421,381,527
46,40,11,2,457,420,457,443,415,410,370,425,429,521,369,456,511
46,41,45,1,425,425,436,446,402,403,389,381,395,442,398,441,626
46,42,3,1,429,429,403,393,381,345,378,353,410,301,425,414,433
46,43,23,1,428,428,394,410,393,383,409,407,421,426,461,565,422
46,44,2,2,439,466,439,416,381,385,395,387,402,451,412,462,410
46,45,15,2,463,450,463,432,387,383,375,415,397,337,434,480,444
46,46,37,1,427,427,418,424,367,373,378,363,391,458,507,361,494
46,47,35,2,421,406,421,390,382,389,361,393,420,403,427,419,493
46,48,50,2,444,387,444,407,382,403,378,373,436,353,457,439,510
46,49,16,1,420,420,447,387,375,358,391,368,428,461,415,340,462
46,50,28,1,431,431,421,433,399,388,389,403,392,400,527,475,669
