participant,condition,conditionIndex,problem,burstPoint,burst,nPumps,problemOrder
1,p_burst_0.1,0,1,1,1,1,28
1,p_burst_0.1,0,2,13,0,1,20
1,p_burst_0.1,0,3,7,0,2,21
1,p_burst_0.1,0,4,5,0,2,32
1,p_burst_0.1,0,5,18,0,2,33
1,p_burst_0.1,0,6,8,0,2,27
1,p_burst_0.1,0,7,5,0,0,45
1,p_burst_0.1,0,8,3,0,2,30
1,p_burst_0.1,0,9,1,1,1,39
1,p_burst_0.1,0,10,4,0,2,2
1,p_burst_0.1,0,11,30,0,2,25
1,p_burst_0.1,0,12,40,0,3,40
1,p_burst_0.1,0,13,2,1,2,4
1,p_burst_0.1,0,14,2,1,2,35
1,p_burst_0.1,0,15,27,0,3,46
1,p_burst_0.1,0,16,12,0,2,6
1,p_burst_0.1,0,17,19,0,2,22
1,p_burst_0.1,0,18,5,0,1,31
1,p_burst_0.1,0,19,23,0,2,36
1,p_burst_0.1,0,20,3,0,2,14
1,p_burst_0.1,0,21,1,1,1,18
1,p_burst_0.1,0,22,7,0,2,41
1,p_burst_0.1,0,23,4,0,2,8
1,p_burst_0.1,0,24,8,0,4,34
1,p_burst_0.1,0,25,17,0,2,49
1,p_burst_0.1,0,26,2,0,1,23
1,p_burst_0.1,0,27,4,0,2,9
1,p_burst_0.1,0,28,17,0,2,43
1,p_burst_0.1,0,29,5,0,4,16
1,p_burst_0.1,0,30,14,0,2,11
1,p_burst_0.1,0,31,2,1,2,10
1,p_burst_0.1,0,32,1,1,1,37
1,p_burst_0.1,0,33,15,0,1,5
1,p_burst_0.1,0,34,8,0,2,3
1,p_burst_0.1,0,35,13,0,2,44
1,p_burst_0.1,0,36,29,0,2,47
1,p_burst_0.1,0,37,16,0,1,7
1,p_burst_0.1,0,38,6,0,2,17
1,p_burst_0.1,0,39,2,1,2,19
1,p_burst_0.1,0,40,3,0,2,38
1,p_burst_0.1,0,41,21,0,2,24
1,p_burst_0.1,0,42,31,0,3,13
1,p_burst_0.1,0,43,4,0,2,50
1,p_burst_0.1,0,44,24,0,2,42
1,p_burst_0.1,0,45,21,0,2,29
1,p_burst_0.1,0,46,5,0,2,48
1,p_burst_0.1,0,47,1,1,1,15
1,p_burst_0.1,0,48,7,0,4,12
1,p_burst_0.1,0,49,4,0,2,1
1,p_burst_0.1,0,50,17,0,2,26
1,p_burst_0.2,1,1,1,1,1,28
1,p_burst_0.2,1,2,1,1,1,20
1,p_burst_0.2,1,3,8,0,1,21
1,p_burst_0.2,1,4,4,0,2,32
1,p_burst_0.2,1,5,4,0,1,33
1,p_burst_0.2,1,6,3,0,1,27
1,p_burst_0.2,1,7,5,0,1,45
1,p_burst_0.2,1,8,10,0,4,30
1,p_burst_0.2,1,9,5,0,2,39
1,p_burst_0.2,1,10,2,1,2,2
1,p_burst_0.2,1,11,1,1,1,25
1,p_burst_0.2,1,12,8,0,2,40
1,p_burst_0.2,1,13,1,1,1,4
1,p_burst_0.2,1,14,4,0,3,35
1,p_burst_0.2,1,15,3,0,2,46
1,p_burst_0.2,1,16,1,1,1,6
1,p_burst_0.2,1,17,4,0,1,22
1,p_burst_0.2,1,18,6,0,3,31
1,p_burst_0.2,1,19,24,0,2,36
1,p_burst_0.2,1,20,11,0,2,14
1,p_burst_0.2,1,21,29,0,3,18
1,p_burst_0.2,1,22,2,0,1,41
1,p_burst_0.2,1,23,2,1,2,8
1,p_burst_0.2,1,24,21,0,1,34
1,p_burst_0.2,1,25,4,0,2,49
1,p_burst_0.2,1,26,2,0,0,23
1,p_burst_0.2,1,27,12,0,2,9
1,p_burst_0.2,1,28,19,0,1,43
1,p_burst_0.2,1,29,5,0,2,16
1,p_burst_0.2,1,30,14,0,2,11
1,p_burst_0.2,1,31,3,0,2,10
1,p_burst_0.2,1,32,4,0,2,37
1,p_burst_0.2,1,33,2,1,2,5
1,p_burst_0.2,1,34,3,1,3,3
1,p_burst_0.2,1,35,1,1,1,44
1,p_burst_0.2,1,36,7,0,2,47
1,p_burst_0.2,1,37,4,0,1,7
1,p_burst_0.2,1,38,4,0,2,17
1,p_burst_0.2,1,39,4,0,1,19
1,p_burst_0.2,1,40,5,0,2,38
1,p_burst_0.2,1,41,5,0,4,24
1,p_burst_0.2,1,42,7,0,1,13
1,p_burst_0.2,1,43,1,1,1,50
1,p_burst_0.2,1,44,1,1,1,42
1,p_burst_0.2,1,45,4,0,2,29
1,p_burst_0.2,1,46,17,0,1,48
1,p_burst_0.2,1,47,1,1,1,15
1,p_burst_0.2,1,48,4,0,2,12
1,p_burst_0.2,1,49,13,0,2,1
1,p_burst_0.2,1,50,1,1,1,26
2,p_burst_0.1,0,1,1,1,1,41
2,p_burst_0.1,0,2,13,0,9,5
2,p_burst_0.1,0,3,7,1,7,43
2,p_burst_0.1,0,4,5,1,5,35
2,p_burst_0.1,0,5,18,0,9,39
2,p_burst_0.1,0,6,8,1,8,44
2,p_burst_0.1,0,7,5,1,5,8
2,p_burst_0.1,0,8,3,1,3,38
2,p_burst_0.1,0,9,1,1,1,15
2,p_burst_0.1,0,10,4,1,4,9
2,p_burst_0.1,0,11,30,0,9,2
2,p_burst_0.1,0,12,40,0,15,47
2,p_burst_0.1,0,13,2,1,2,20
2,p_burst_0.1,0,14,2,1,2,4
2,p_burst_0.1,0,15,27,0,8,18
2,p_burst_0.1,0,16,12,0,11,3
2,p_burst_0.1,0,17,19,0,11,50
2,p_burst_0.1,0,18,5,1,5,23
2,p_burst_0.1,0,19,23,0,14,27
2,p_burst_0.1,0,20,3,1,3,13
2,p_burst_0.1,0,21,1,1,1,49
2,p_burst_0.1,0,22,7,1,7,24
2,p_burst_0.1,0,23,4,1,4,45
2,p_burst_0.1,0,24,8,1,8,11
2,p_burst_0.1,0,25,17,0,14,16
2,p_burst_0.1,0,26,2,1,2,1
2,p_burst_0.1,0,27,4,1,4,46
2,p_burst_0.1,0,28,17,0,13,26
2,p_burst_0.1,0,29,5,1,5,32
2,p_burst_0.1,0,30,14,0,9,34
2,p_burst_0.1,0,31,2,1,2,7
2,p_burst_0.1,0,32,1,1,1,14
2,p_burst_0.1,0,33,15,0,13,28
2,p_burst_0.1,0,34,8,1,8,30
2,p_burst_0.1,0,35,13,0,7,42
2,p_burst_0.1,0,36,29,0,14,17
2,p_burst_0.1,0,37,16,1,16,33
2,p_burst_0.1,0,38,6,1,6,29
2,p_burst_0.1,0,39,2,1,2,25
2,p_burst_0.1,0,40,3,1,3,19
2,p_burst_0.1,0,41,21,0,7,36
2,p_burst_0.1,0,42,31,0,9,21
2,p_burst_0.1,0,43,4,1,4,10
2,p_burst_0.1,0,44,24,0,11,12
2,p_burst_0.1,0,45,21,0,7,48
2,p_burst_0.1,0,46,5,1,5,22
2,p_burst_0.1,0,47,1,1,1,31
2,p_burst_0.1,0,48,7,1,7,6
2,p_burst_0.1,0,49,4,1,4,40
2,p_burst_0.1,0,50,17,0,9,37
2,p_burst_0.2,1,1,1,1,1,41
2,p_burst_0.2,1,2,1,1,1,5
2,p_burst_0.2,1,3,8,0,7,43
2,p_burst_0.2,1,4,4,1,4,35
2,p_burst_0.2,1,5,4,1,4,39
2,p_burst_0.2,1,6,3,1,3,44
2,p_burst_0.2,1,7,5,0,4,8
2,p_burst_0.2,1,8,10,1,10,38
2,p_burst_0.2,1,9,5,0,4,15
2,p_burst_0.2,1,10,2,1,2,9
2,p_burst_0.2,1,11,1,1,1,2
2,p_burst_0.2,1,12,8,0,5,20
2,p_burst_0.2,1,13,1,1,1,47
2,p_burst_0.2,1,14,4,1,4,4
2,p_burst_0.2,1,15,3,1,3,18
2,p_burst_0.2,1,16,1,1,1,3
2,p_burst_0.2,1,17,4,1,4,50
2,p_burst_0.2,1,18,6,0,3,23
2,p_burst_0.2,1,19,24,0,4,27
2,p_burst_0.2,1,20,11,0,1,13
2,p_burst_0.2,1,21,29,0,5,49
2,p_burst_0.2,1,22,2,1,2,24
2,p_burst_0.2,1,23,2,1,2,45
2,p_burst_0.2,1,24,21,0,6,11
2,p_burst_0.2,1,25,4,0,3,16
2,p_burst_0.2,1,26,2,1,2,1
2,p_burst_0.2,1,27,12,0,7,46
2,p_burst_0.2,1,28,19,0,4,26
2,p_burst_0.2,1,29,5,0,3,32
2,p_burst_0.2,1,30,14,0,8,34
2,p_burst_0.2,1,31,3,1,3,7
2,p_burst_0.2,1,32,4,1,4,14
2,p_burst_0.2,1,33,2,1,2,28
2,p_burst_0.2,1,34,3,1,3,30
2,p_burst_0.2,1,35,1,1,1,42
2,p_burst_0.2,1,36,7,0,4,17
2,p_burst_0.2,1,37,4,1,4,33
2,p_burst_0.2,1,38,4,1,4,29
2,p_burst_0.2,1,39,4,1,4,25
2,p_burst_0.2,1,40,5,0,4,19
2,p_burst_0.2,1,41,5,1,5,36
2,p_burst_0.2,1,42,7,1,7,21
2,p_burst_0.2,1,43,1,1,1,10
2,p_burst_0.2,1,44,1,1,1,12
2,p_burst_0.2,1,45,4,1,4,48
2,p_burst_0.2,1,46,17,0,8,22
2,p_burst_0.2,1,47,1,1,1,31
2,p_burst_0.2,1,48,4,1,4,6
2,p_burst_0.2,1,49,13,0,7,40
2,p_burst_0.2,1,50,1,1,1,37
3,p_burst_0.1,0,1,1,1,1,46
3,p_burst_0.1,0,2,13,0,7,26
3,p_burst_0.1,0,3,7,1,7,48
3,p_burst_0.1,0,4,5,1,5,14
3,p_burst_0.1,0,5,18,0,5,41
3,p_burst_0.1,0,6,8,0,6,33
3,p_burst_0.1,0,7,5,1,5,22
3,p_burst_0.1,0,8,3,1,3,24
3,p_burst_0.1,0,9,1,1,1,20
3,p_burst_0.1,0,10,4,1,4,37
3,p_burst_0.1,0,11,30,0,7,2
3,p_burst_0.1,0,12,40,0,8,3
3,p_burst_0.1,0,13,2,1,2,29
3,p_burst_0.1,0,14,2,1,2,27
3,p_burst_0.1,0,15,27,0,7,36
3,p_burst_0.1,0,16,12,0,9,5
3,p_burst_0.1,0,17,19,0,10,38
3,p_burst_0.1,0,18,5,1,5,23
3,p_burst_0.1,0,19,23,0,7,4
3,p_burst_0.1,0,20,3,1,3,9
3,p_burst_0.1,0,21,1,1,1,25
3,p_burst_0.1,0,22,7,1,7,10
3,p_burst_0.1,0,23,4,1,4,6
3,p_burst_0.1,0,24,8,0,5,35
3,p_burst_0.1,0,25,17,0,5,32
3,p_burst_0.1,0,26,2,1,2,1
3,p_burst_0.1,0,27,4,1,4,11
3,p_burst_0.1,0,28,17,0,6,42
3,p_burst_0.1,0,29,5,1,5,13
3,p_burst_0.1,0,30,14,0,8,45
3,p_burst_0.1,0,31,2,1,2,7
3,p_burst_0.1,0,32,1,1,1,15
3,p_burst_0.1,0,33,15,0,7,47
3,p_burst_0.1,0,34,8,1,8,34
3,p_burst_0.1,0,35,13,0,5,19
3,p_burst_0.1,0,36,29,0,5,21
3,p_burst_0.1,0,37,16,0,5,28
3,p_burst_0.1,0,38,6,0,5,44
3,p_burst_0.1,0,39,2,1,2,43
3,p_burst_0.1,0,40,3,1,3,30
3,p_burst_0.1,0,41,21,0,4,50
3,p_burst_0.1,0,42,31,0,6,49
3,p_burst_0.1,0,43,4,1,4,8
3,p_burst_0.1,0,44,24,0,7,17
3,p_burst_0.1,0,45,21,0,7,12
3,p_burst_0.1,0,46,5,1,5,18
3,p_burst_0.1,0,47,1,1,1,31
3,p_burst_0.1,0,48,7,0,4,40
3,p_burst_0.1,0,49,4,1,4,16
3,p_burst_0.1,0,50,17,0,9,39
3,p_burst_0.2,1,1,1,1,1,46
3,p_burst_0.2,1,2,1,1,1,26
3,p_burst_0.2,1,3,8,0,3,48
3,p_burst_0.2,1,4,4,0,3,14
3,p_burst_0.2,1,5,4,1,4,41
3,p_burst_0.2,1,6,3,1,3,33
3,p_burst_0.2,1,7,5,0,3,22
3,p_burst_0.2,1,8,10,0,4,24
3,p_burst_0.2,1,9,5,0,3,20
3,p_burst_0.2,1,10,2,1,2,37
3,p_burst_0.2,1,11,1,1,1,2
3,p_burst_0.2,1,12,8,0,4,3
3,p_burst_0.2,1,13,1,1,1,29
3,p_burst_0.2,1,14,4,1,4,27
3,p_burst_0.2,1,15,3,1,3,36
3,p_burst_0.2,1,16,1,1,1,5
3,p_burst_0.2,1,17,4,0,3,38
3,p_burst_0.2,1,18,6,0,4,23
3,p_burst_0.2,1,19,24,0,3,4
3,p_burst_0.2,1,20,11,0,2,9
3,p_burst_0.2,1,21,29,0,3,25
3,p_burst_0.2,1,22,2,1,2,10
3,p_burst_0.2,1,23,2,1,2,6
3,p_burst_0.2,1,24,21,0,2,35
3,p_burst_0.2,1,25,4,1,4,32
3,p_burst_0.2,1,26,2,1,2,1
3,p_burst_0.2,1,27,12,0,3,11
3,p_burst_0.2,1,28,19,0,3,42
3,p_burst_0.2,1,29,5,0,3,13
3,p_burst_0.2,1,30,14,0,3,45
3,p_burst_0.2,1,31,3,1,3,7
3,p_burst_0.2,1,32,4,0,3,15
3,p_burst_0.2,1,33,2,1,2,47
3,p_burst_0.2,1,34,3,1,3,34
3,p_burst_0.2,1,35,1,1,1,19
3,p_burst_0.2,1,36,7,0,5,21
3,p_burst_0.2,1,37,4,0,3,28
3,p_burst_0.2,1,38,4,0,3,44
3,p_burst_0.2,1,39,4,0,3,43
3,p_burst_0.2,1,40,5,0,3,30
3,p_burst_0.2,1,41,5,0,4,50
3,p_burst_0.2,1,42,7,0,3,49
3,p_burst_0.2,1,43,1,1,1,8
3,p_burst_0.2,1,44,1,1,1,17
3,p_burst_0.2,1,45,4,1,4,12
3,p_burst_0.2,1,46,17,0,6,18
3,p_burst_0.2,1,47,1,1,1,31
3,p_burst_0.2,1,48,4,1,4,40
3,p_burst_0.2,1,49,13,0,3,16
3,p_burst_0.2,1,50,1,1,1,39
4,p_burst_0.1,0,1,1,1,1,23
4,p_burst_0.1,0,2,13,0,7,31
4,p_burst_0.1,0,3,7,0,6,32
4,p_burst_0.1,0,4,5,1,5,10
4,p_burst_0.1,0,5,18,0,6,35
4,p_burst_0.1,0,6,8,1,8,33
4,p_burst_0.1,0,7,5,1,5,38
4,p_burst_0.1,0,8,3,1,3,29
4,p_burst_0.1,0,9,1,1,1,43
4,p_burst_0.1,0,10,4,1,4,34
4,p_burst_0.1,0,11,30,0,8,3
4,p_burst_0.1,0,12,40,0,8,44
4,p_burst_0.1,0,13,2,1,2,27
4,p_burst_0.1,0,14,2,1,2,47
4,p_burst_0.1,0,15,27,0,9,18
4,p_burst_0.1,0,16,12,0,6,41
4,p_burst_0.1,0,17,19,0,7,50
4,p_burst_0.1,0,18,5,1,5,4
4,p_burst_0.1,0,19,23,0,5,7
4,p_burst_0.1,0,20,3,1,3,42
4,p_burst_0.1,0,21,1,1,1,9
4,p_burst_0.1,0,22,7,1,7,40
4,p_burst_0.1,0,23,4,1,4,37
4,p_burst_0.1,0,24,8,0,5,17
4,p_burst_0.1,0,25,17,0,8,16
4,p_burst_0.1,0,26,2,1,2,14
4,p_burst_0.1,0,27,4,1,4,8
4,p_burst_0.1,0,28,17,0,7,5
4,p_burst_0.1,0,29,5,1,5,49
4,p_burst_0.1,0,30,14,0,8,48
4,p_burst_0.1,0,31,2,1,2,46
4,p_burst_0.1,0,32,1,1,1,2
4,p_burst_0.1,0,33,15,0,10,39
4,p_burst_0.1,0,34,8,0,5,24
4,p_burst_0.1,0,35,13,0,8,13
4,p_burst_0.1,0,36,29,0,8,36
4,p_burst_0.1,0,37,16,0,7,11
4,p_burst_0.1,0,38,6,1,6,12
4,p_burst_0.1,0,39,2,1,2,45
4,p_burst_0.1,0,40,3,1,3,15
4,p_burst_0.1,0,41,21,0,9,21
4,p_burst_0.1,0,42,31,0,5,6
4,p_burst_0.1,0,43,4,1,4,26
4,p_burst_0.1,0,44,24,0,8,25
4,p_burst_0.1,0,45,21,0,8,20
4,p_burst_0.1,0,46,5,1,5,19
4,p_burst_0.1,0,47,1,1,1,28
4,p_burst_0.1,0,48,7,0,6,1
4,p_burst_0.1,0,49,4,1,4,30
4,p_burst_0.1,0,50,17,0,8,22
4,p_burst_0.2,1,1,1,1,1,23
4,p_burst_0.2,1,2,1,1,1,31
4,p_burst_0.2,1,3,8,1,8,32
4,p_burst_0.2,1,4,4,1,4,10
4,p_burst_0.2,1,5,4,1,4,35
4,p_burst_0.2,1,6,3,1,3,33
4,p_burst_0.2,1,7,5,1,5,38
4,p_burst_0.2,1,8,10,0,4,29
4,p_burst_0.2,1,9,5,1,5,43
4,p_burst_0.2,1,10,2,1,2,34
4,p_burst_0.2,1,11,1,1,1,3
4,p_burst_0.2,1,12,8,1,8,44
4,p_burst_0.2,1,13,1,1,1,27
4,p_burst_0.2,1,14,4,1,4,47
4,p_burst_0.2,1,15,3,1,3,18
4,p_burst_0.2,1,16,1,1,1,41
4,p_burst_0.2,1,17,4,0,3,50
4,p_burst_0.2,1,18,6,1,6,4
4,p_burst_0.2,1,19,24,0,8,7
4,p_burst_0.2,1,20,11,0,7,42
4,p_burst_0.2,1,21,29,0,8,9
4,p_burst_0.2,1,22,2,1,2,40
4,p_burst_0.2,1,23,2,1,2,37
4,p_burst_0.2,1,24,21,0,5,17
4,p_burst_0.2,1,25,4,1,4,16
4,p_burst_0.2,1,26,2,1,2,14
4,p_burst_0.2,1,27,12,1,12,8
4,p_burst_0.2,1,28,19,0,10,5
4,p_burst_0.2,1,29,5,1,5,49
4,p_burst_0.2,1,30,14,0,6,48
4,p_burst_0.2,1,31,3,1,3,46
4,p_burst_0.2,1,32,4,1,4,2
4,p_burst_0.2,1,33,2,1,2,39
4,p_burst_0.2,1,34,3,1,3,24
4,p_burst_0.2,1,35,1,1,1,13
4,p_burst_0.2,1,36,7,0,5,36
4,p_burst_0.2,1,37,4,1,4,11
4,p_burst_0.2,1,38,4,1,4,12
4,p_burst_0.2,1,39,4,1,4,45
4,p_burst_0.2,1,40,5,1,5,15
4,p_burst_0.2,1,41,5,1,5,21
4,p_burst_0.2,1,42,7,1,7,6
4,p_burst_0.2,1,43,1,1,1,26
4,p_burst_0.2,1,44,1,1,1,25
4,p_burst_0.2,1,45,4,1,4,20
4,p_burst_0.2,1,46,17,0,4,19
4,p_burst_0.2,1,47,1,1,1,28
4,p_burst_0.2,1,48,4,1,4,1
4,p_burst_0.2,1,49,13,0,4,30
4,p_burst_0.2,1,50,1,1,1,22
5,p_burst_0.1,0,1,1,1,1,50
5,p_burst_0.1,0,2,13,0,7,12
5,p_burst_0.1,0,3,7,1,7,29
5,p_burst_0.1,0,4,5,1,5,45
5,p_burst_0.1,0,5,18,0,7,24
5,p_burst_0.1,0,6,8,0,7,44
5,p_burst_0.1,0,7,5,1,5,35
5,p_burst_0.1,0,8,3,1,3,38
5,p_burst_0.1,0,9,1,1,1,37
5,p_burst_0.1,0,10,4,1,4,28
5,p_burst_0.1,0,11,30,0,7,27
5,p_burst_0.1,0,12,40,0,7,21
5,p_burst_0.1,0,13,2,1,2,3
5,p_burst_0.1,0,14,2,1,2,15
5,p_burst_0.1,0,15,27,0,4,26
5,p_burst_0.1,0,16,12,0,7,20
5,p_burst_0.1,0,17,19,0,7,33
5,p_burst_0.1,0,18,5,1,5,34
5,p_burst_0.1,0,19,23,0,7,40
5,p_burst_0.1,0,20,3,1,3,14
5,p_burst_0.1,0,21,1,1,1,1
5,p_burst_0.1,0,22,7,1,7,4
5,p_burst_0.1,0,23,4,1,4,48
5,p_burst_0.1,0,24,8,0,6,43
5,p_burst_0.1,0,25,17,0,7,47
5,p_burst_0.1,0,26,2,1,2,25
5,p_burst_0.1,0,27,4,1,4,5
5,p_burst_0.1,0,28,17,0,7,6
5,p_burst_0.1,0,29,5,1,5,13
5,p_burst_0.1,0,30,14,0,7,23
5,p_burst_0.1,0,31,2,1,2,36
5,p_burst_0.1,0,32,1,1,1,32
5,p_burst_0.1,0,33,15,0,7,31
5,p_burst_0.1,0,34,8,0,7,8
5,p_burst_0.1,0,35,13,0,7,18
5,p_burst_0.1,0,36,29,0,7,7
5,p_burst_0.1,0,37,16,0,6,16
5,p_burst_0.1,0,38,6,1,6,41
5,p_burst_0.1,0,39,2,1,2,39
5,p_burst_0.1,0,40,3,1,3,2
5,p_burst_0.1,0,41,21,0,7,30
5,p_burst_0.1,0,42,31,0,7,46
5,p_burst_0.1,0,43,4,1,4,11
5,p_burst_0.1,0,44,24,0,7,22
5,p_burst_0.1,0,45,21,0,5,9
5,p_burst_0.1,0,46,5,1,5,19
5,p_burst_0.1,0,47,1,1,1,10
5,p_burst_0.1,0,48,7,1,7,17
5,p_burst_0.1,0,49,4,1,4,49
5,p_burst_0.1,0,50,17,0,7,42
5,p_burst_0.2,1,1,1,1,1,50
5,p_burst_0.2,1,2,1,1,1,12
5,p_burst_0.2,1,3,8,0,7,29
5,p_burst_0.2,1,4,4,1,4,45
5,p_burst_0.2,1,5,4,1,4,24
5,p_burst_0.2,1,6,3,1,3,44
5,p_burst_0.2,1,7,5,1,5,35
5,p_burst_0.2,1,8,10,0,7,38
5,p_burst_0.2,1,9,5,1,5,37
5,p_burst_0.2,1,10,2,1,2,28
5,p_burst_0.2,1,11,1,1,1,27
5,p_burst_0.2,1,12,8,0,7,21
5,p_burst_0.2,1,13,1,1,1,3
5,p_burst_0.2,1,14,4,1,4,15
5,p_burst_0.2,1,15,3,1,3,26
5,p_burst_0.2,1,16,1,1,1,20
5,p_burst_0.2,1,17,4,1,4,33
5,p_burst_0.2,1,18,6,1,6,34
5,p_burst_0.2,1,19,24,0,7,40
5,p_burst_0.2,1,20,11,0,7,14
5,p_burst_0.2,1,21,29,0,7,1
5,p_burst_0.2,1,22,2,1,2,4
5,p_burst_0.2,1,23,2,1,2,48
5,p_burst_0.2,1,24,21,0,7,43
5,p_burst_0.2,1,25,4,1,4,47
5,p_burst_0.2,1,26,2,1,2,25
5,p_burst_0.2,1,27,12,0,7,5
5,p_burst_0.2,1,28,19,0,8,6
5,p_burst_0.2,1,29,5,1,5,13
5,p_burst_0.2,1,30,14,0,7,23
5,p_burst_0.2,1,31,3,1,3,36
5,p_burst_0.2,1,32,4,1,4,32
5,p_burst_0.2,1,33,2,1,2,31
5,p_burst_0.2,1,34,3,1,3,8
5,p_burst_0.2,1,35,1,1,1,18
5,p_burst_0.2,1,36,7,1,7,7
5,p_burst_0.2,1,37,4,1,4,16
5,p_burst_0.2,1,38,4,1,4,41
5,p_burst_0.2,1,39,4,1,4,39
5,p_burst_0.2,1,40,5,1,5,2
5,p_burst_0.2,1,41,5,1,5,30
5,p_burst_0.2,1,42,7,1,7,46
5,p_burst_0.2,1,43,1,1,1,11
5,p_burst_0.2,1,44,1,1,1,22
5,p_burst_0.2,1,45,4,1,4,9
5,p_burst_0.2,1,46,17,0,7,19
5,p_burst_0.2,1,47,1,1,1,10
5,p_burst_0.2,1,48,4,1,4,17
5,p_burst_0.2,1,49,13,0,7,49
5,p_burst_0.2,1,50,1,1,1,42
6,p_burst_0.1,0,1,1,1,1,41
6,p_burst_0.1,0,2,13,0,4,3
6,p_burst_0.1,0,3,7,0,5,17
6,p_burst_0.1,0,4,5,0,3,27
6,p_burst_0.1,0,5,18,0,5,30
6,p_burst_0.1,0,6,8,0,7,5
6,p_burst_0.1,0,7,5,0,4,49
6,p_burst_0.1,0,8,3,1,3,19
6,p_burst_0.1,0,9,1,1,1,9
6,p_burst_0.1,0,10,4,1,4,11
6,p_burst_0.1,0,11,30,0,3,48
6,p_burst_0.1,0,12,40,0,4,31
6,p_burst_0.1,0,13,2,1,2,46
6,p_burst_0.1,0,14,2,1,2,13
6,p_burst_0.1,0,15,27,0,6,20
6,p_burst_0.1,0,16,12,0,3,18
6,p_burst_0.1,0,17,19,0,5,47
6,p_burst_0.1,0,18,5,0,4,2
6,p_burst_0.1,0,19,23,0,4,36
6,p_burst_0.1,0,20,3,1,3,26
6,p_burst_0.1,0,21,1,1,1,37
6,p_burst_0.1,0,22,7,1,7,15
6,p_burst_0.1,0,23,4,1,4,40
6,p_burst_0.1,0,24,8,0,6,42
6,p_burst_0.1,0,25,17,0,4,29
6,p_burst_0.1,0,26,2,1,2,1
6,p_burst_0.1,0,27,4,1,4,43
6,p_burst_0.1,0,28,17,0,6,25
6,p_burst_0.1,0,29,5,1,5,7
6,p_burst_0.1,0,30,14,0,4,14
6,p_burst_0.1,0,31,2,1,2,12
6,p_burst_0.1,0,32,1,1,1,38
6,p_burst_0.1,0,33,15,0,6,28
6,p_burst_0.1,0,34,8,0,4,39
6,p_burst_0.1,0,35,13,0,6,21
6,p_burst_0.1,0,36,29,0,5,16
6,p_burst_0.1,0,37,16,0,5,23
6,p_burst_0.1,0,38,6,0,5,50
6,p_burst_0.1,0,39,2,1,2,35
6,p_burst_0.1,0,40,3,1,3,24
6,p_burst_0.1,0,41,21,0,4,45
6,p_burst_0.1,0,42,31,0,4,22
6,p_burst_0.1,0,43,4,1,4,6
6,p_burst_0.1,0,44,24,0,4,33
6,p_burst_0.1,0,45,21,0,5,34
6,p_burst_0.1,0,46,5,0,4,32
6,p_burst_0.1,0,47,1,1,1,10
6,p_burst_0.1,0,48,7,0,5,44
6,p_burst_0.1,0,49,4,1,4,8
6,p_burst_0.1,0,50,17,0,5,4
6,p_burst_0.2,1,1,1,1,1,41
6,p_burst_0.2,1,2,1,1,1,3
6,p_burst_0.2,1,3,8,0,3,17
6,p_burst_0.2,1,4,4,0,3,27
6,p_burst_0.2,1,5,4,1,4,30
6,p_burst_0.2,1,6,3,1,3,5
6,p_burst_0.2,1,7,5,0,4,49
6,p_burst_0.2,1,8,10,0,2,19
6,p_burst_0.2,1,9,5,0,3,9
6,p_burst_0.2,1,10,2,1,2,11
6,p_burst_0.2,1,11,1,1,1,48
6,p_burst_0.2,1,12,8,0,4,31
6,p_burst_0.2,1,13,1,1,1,46
6,p_burst_0.2,1,14,4,1,4,13
6,p_burst_0.2,1,15,3,1,3,20
6,p_burst_0.2,1,16,1,1,1,18
6,p_burst_0.2,1,17,4,1,4,47
6,p_burst_0.2,1,18,6,0,4,2
6,p_burst_0.2,1,19,24,0,3,36
6,p_burst_0.2,1,20,11,0,3,26
6,p_burst_0.2,1,21,29,0,3,37
6,p_burst_0.2,1,22,2,1,2,15
6,p_burst_0.2,1,23,2,1,2,40
6,p_burst_0.2,1,24,21,0,3,42
6,p_burst_0.2,1,25,4,0,3,29
6,p_burst_0.2,1,26,2,1,2,1
6,p_burst_0.2,1,27,12,0,3,43
6,p_burst_0.2,1,28,19,0,3,25
6,p_burst_0.2,1,29,5,0,3,7
6,p_burst_0.2,1,30,14,0,4,14
6,p_burst_0.2,1,31,3,1,3,12
6,p_burst_0.2,1,32,4,0,2,38
6,p_burst_0.2,1,33,2,1,2,28
6,p_burst_0.2,1,34,3,1,3,39
6,p_burst_0.2,1,35,1,1,1,21
6,p_burst_0.2,1,36,7,0,4,16
6,p_burst_0.2,1,37,4,0,3,23
6,p_burst_0.2,1,38,4,1,4,50
6,p_burst_0.2,1,39,4,0,3,35
6,p_burst_0.2,1,40,5,0,3,24
6,p_burst_0.2,1,41,5,1,5,45
6,p_burst_0.2,1,42,7,0,3,22
6,p_burst_0.2,1,43,1,1,1,6
6,p_burst_0.2,1,44,1,1,1,33
6,p_burst_0.2,1,45,4,0,3,34
6,p_burst_0.2,1,46,17,0,3,32
6,p_burst_0.2,1,47,1,1,1,10
6,p_burst_0.2,1,48,4,0,2,44
6,p_burst_0.2,1,49,13,0,3,8
6,p_burst_0.2,1,50,1,1,1,4
7,p_burst_0.1,0,1,1,1,1,44
7,p_burst_0.1,0,2,13,0,6,27
7,p_burst_0.1,0,3,7,0,5,30
7,p_burst_0.1,0,4,5,1,5,4
7,p_burst_0.1,0,5,18,0,9,33
7,p_burst_0.1,0,6,8,0,7,31
7,p_burst_0.1,0,7,5,1,5,15
7,p_burst_0.1,0,8,3,1,3,49
7,p_burst_0.1,0,9,1,1,1,22
7,p_burst_0.1,0,10,4,1,4,40
7,p_burst_0.1,0,11,30,0,7,3
7,p_burst_0.1,0,12,40,0,6,7
7,p_burst_0.1,0,13,2,1,2,42
7,p_burst_0.1,0,14,2,1,2,50
7,p_burst_0.1,0,15,27,0,6,8
7,p_burst_0.1,0,16,12,0,6,20
7,p_burst_0.1,0,17,19,0,7,37
7,p_burst_0.1,0,18,5,1,5,16
7,p_burst_0.1,0,19,23,0,7,5
7,p_burst_0.1,0,20,3,1,3,43
7,p_burst_0.1,0,21,1,1,1,35
7,p_burst_0.1,0,22,7,0,5,46
7,p_burst_0.1,0,23,4,1,4,36
7,p_burst_0.1,0,24,8,0,6,38
7,p_burst_0.1,0,25,17,0,6,28
7,p_burst_0.1,0,26,2,1,2,2
7,p_burst_0.1,0,27,4,1,4,25
7,p_burst_0.1,0,28,17,0,6,12
7,p_burst_0.1,0,29,5,1,5,19
7,p_burst_0.1,0,30,14,0,6,10
7,p_burst_0.1,0,31,2,1,2,11
7,p_burst_0.1,0,32,1,1,1,1
7,p_burst_0.1,0,33,15,0,6,47
7,p_burst_0.1,0,34,8,1,8,17
7,p_burst_0.1,0,35,13,0,7,39
7,p_burst_0.1,0,36,29,0,6,34
7,p_burst_0.1,0,37,16,0,7,29
7,p_burst_0.1,0,38,6,0,4,14
7,p_burst_0.1,0,39,2,1,2,13
7,p_burst_0.1,0,40,3,1,3,21
7,p_burst_0.1,0,41,21,0,7,48
7,p_burst_0.1,0,42,31,0,6,41
7,p_burst_0.1,0,43,4,1,4,23
7,p_burst_0.1,0,44,24,0,7,6
7,p_burst_0.1,0,45,21,0,11,18
7,p_burst_0.1,0,46,5,1,5,24
7,p_burst_0.1,0,47,1,1,1,9
7,p_burst_0.1,0,48,7,1,7,26
7,p_burst_0.1,0,49,4,1,4,32
7,p_burst_0.1,0,50,17,0,6,45
7,p_burst_0.2,1,1,1,1,1,44
7,p_burst_0.2,1,2,1,1,1,27
7,p_burst_0.2,1,3,8,0,3,30
7,p_burst_0.2,1,4,4,1,4,4
7,p_burst_0.2,1,5,4,1,4,33
7,p_burst_0.2,1,6,3,1,3,31
7,p_burst_0.2,1,7,5,0,3,15
7,p_burst_0.2,1,8,10,0,4,49
7,p_burst_0.2,1,9,5,0,2,22
7,p_burst_0.2,1,10,2,1,2,40
7,p_burst_0.2,1,11,1,1,1,3
7,p_burst_0.2,1,12,8,0,3,7
7,p_burst_0.2,1,13,1,1,1,42
7,p_burst_0.2,1,14,4,0,3,50
7,p_burst_0.2,1,15,3,1,3,8
7,p_burst_0.2,1,16,1,1,1,20
7,p_burst_0.2,1,17,4,1,4,37
7,p_burst_0.2,1,18,6,0,4,16
7,p_burst_0.2,1,19,24,0,3,5
7,p_burst_0.2,1,20,11,0,5,43
7,p_burst_0.2,1,21,29,0,3,35
7,p_burst_0.2,1,22,2,1,2,46
7,p_burst_0.2,1,23,2,1,2,36
7,p_burst_0.2,1,24,21,0,3,38
7,p_burst_0.2,1,25,4,0,3,28
7,p_burst_0.2,1,26,2,1,2,2
7,p_burst_0.2,1,27,12,0,6,25
7,p_burst_0.2,1,28,19,0,3,12
7,p_burst_0.2,1,29,5,0,2,19
7,p_burst_0.2,1,30,14,0,5,10
7,p_burst_0.2,1,31,3,1,3,11
7,p_burst_0.2,1,32,4,0,3,1
7,p_burst_0.2,1,33,2,1,2,47
7,p_burst_0.2,1,34,3,1,3,17
7,p_burst_0.2,1,35,1,1,1,39
7,p_burst_0.2,1,36,7,0,4,34
7,p_burst_0.2,1,37,4,1,4,29
7,p_burst_0.2,1,38,4,1,4,14
7,p_burst_0.2,1,39,4,0,3,13
7,p_burst_0.2,1,40,5,0,2,21
7,p_burst_0.2,1,41,5,1,5,48
7,p_burst_0.2,1,42,7,0,4,41
7,p_burst_0.2,1,43,1,1,1,23
7,p_burst_0.2,1,44,1,1,1,6
7,p_burst_0.2,1,45,4,1,4,18
7,p_burst_0.2,1,46,17,0,4,24
7,p_burst_0.2,1,47,1,1,1,9
7,p_burst_0.2,1,48,4,1,4,26
7,p_burst_0.2,1,49,13,0,2,32
7,p_burst_0.2,1,50,1,1,1,45
8,p_burst_0.1,0,1,1,1,1,41
8,p_burst_0.1,0,2,13,0,6,33
8,p_burst_0.1,0,3,7,1,7,9
8,p_burst_0.1,0,4,5,1,5,40
8,p_burst_0.1,0,5,18,0,14,2
8,p_burst_0.1,0,6,8,0,6,8
8,p_burst_0.1,0,7,5,1,5,19
8,p_burst_0.1,0,8,3,1,3,21
8,p_burst_0.1,0,9,1,1,1,43
8,p_burst_0.1,0,10,4,1,4,3
8,p_burst_0.1,0,11,30,0,10,39
8,p_burst_0.1,0,12,40,0,5,23
8,p_burst_0.1,0,13,2,1,2,27
8,p_burst_0.1,0,14,2,1,2,16
8,p_burst_0.1,0,15,27,0,9,28
8,p_burst_0.1,0,16,12,0,9,17
8,p_burst_0.1,0,17,19,0,4,26
8,p_burst_0.1,0,18,5,0,4,48
8,p_burst_0.1,0,19,23,0,9,29
8,p_burst_0.1,0,20,3,1,3,37
8,p_burst_0.1,0,21,1,1,1,42
8,p_burst_0.1,0,22,7,0,4,45
8,p_burst_0.1,0,23,4,1,4,5
8,p_burst_0.1,0,24,8,0,3,13
8,p_burst_0.1,0,25,17,0,10,20
8,p_burst_0.1,0,26,2,1,2,50
8,p_burst_0.1,0,27,4,1,4,24
8,p_burst_0.1,0,28,17,0,4,25
8,p_burst_0.1,0,29,5,1,5,11
8,p_burst_0.1,0,30,14,0,8,34
8,p_burst_0.1,0,31,2,1,2,35
8,p_burst_0.1,0,32,1,1,1,4
8,p_burst_0.1,0,33,15,0,14,47
8,p_burst_0.1,0,34,8,0,2,6
8,p_burst_0.1,0,35,13,1,13,15
8,p_burst_0.1,0,36,29,0,4,12
8,p_burst_0.1,0,37,16,0,6,38
8,p_burst_0.1,0,38,6,1,6,46
8,p_burst_0.1,0,39,2,1,2,18
8,p_burst_0.1,0,40,3,1,3,22
8,p_burst_0.1,0,41,21,0,6,1
8,p_burst_0.1,0,42,31,0,6,10
8,p_burst_0.1,0,43,4,1,4,44
8,p_burst_0.1,0,44,24,0,4,7
8,p_burst_0.1,0,45,21,0,6,49
8,p_burst_0.1,0,46,5,1,5,30
8,p_burst_0.1,0,47,1,1,1,14
8,p_burst_0.1,0,48,7,1,7,36
8,p_burst_0.1,0,49,4,1,4,31
8,p_burst_0.1,0,50,17,0,3,32
8,p_burst_0.2,1,1,1,1,1,41
8,p_burst_0.2,1,2,1,1,1,33
8,p_burst_0.2,1,3,8,0,2,9
8,p_burst_0.2,1,4,4,1,4,40
8,p_burst_0.2,1,5,4,1,4,2
8,p_burst_0.2,1,6,3,1,3,8
8,p_burst_0.2,1,7,5,0,2,19
8,p_burst_0.2,1,8,10,1,10,21
8,p_burst_0.2,1,9,5,0,4,43
8,p_burst_0.2,1,10,2,1,2,3
8,p_burst_0.2,1,11,1,1,1,39
8,p_burst_0.2,1,12,8,0,2,23
8,p_burst_0.2,1,13,1,1,1,27
8,p_burst_0.2,1,14,4,1,4,16
8,p_burst_0.2,1,15,3,0,2,28
8,p_burst_0.2,1,16,1,1,1,17
8,p_burst_0.2,1,17,4,1,4,26
8,p_burst_0.2,1,18,6,0,3,48
8,p_burst_0.2,1,19,24,0,9,29
8,p_burst_0.2,1,20,11,0,3,37
8,p_burst_0.2,1,21,29,0,9,42
8,p_burst_0.2,1,22,2,1,2,45
8,p_burst_0.2,1,23,2,1,2,5
8,p_burst_0.2,1,24,21,0,5,13
8,p_burst_0.2,1,25,4,1,4,20
8,p_burst_0.2,1,26,2,1,2,50
8,p_burst_0.2,1,27,12,0,9,24
8,p_burst_0.2,1,28,19,0,5,25
8,p_burst_0.2,1,29,5,1,5,11
8,p_burst_0.2,1,30,14,0,3,34
8,p_burst_0.2,1,31,3,1,3,35
8,p_burst_0.2,1,32,4,1,4,4
8,p_burst_0.2,1,33,2,1,2,47
8,p_burst_0.2,1,34,3,1,3,6
8,p_burst_0.2,1,35,1,1,1,15
8,p_burst_0.2,1,36,7,0,5,12
8,p_burst_0.2,1,37,4,1,4,38
8,p_burst_0.2,1,38,4,1,4,46
8,p_burst_0.2,1,39,4,0,2,18
8,p_burst_0.2,1,40,5,0,4,22
8,p_burst_0.2,1,41,5,0,4,1
8,p_burst_0.2,1,42,7,0,4,10
8,p_burst_0.2,1,43,1,1,1,44
8,p_burst_0.2,1,44,1,1,1,7
8,p_burst_0.2,1,45,4,1,4,49
8,p_burst_0.2,1,46,17,0,4,30
8,p_burst_0.2,1,47,1,1,1,14
8,p_burst_0.2,1,48,4,1,4,36
8,p_burst_0.2,1,49,13,0,4,31
8,p_burst_0.2,1,50,1,1,1,32
9,p_burst_0.1,0,1,1,1,1,28
9,p_burst_0.1,0,2,13,0,3,42
9,p_burst_0.1,0,3,7,0,5,6
9,p_burst_0.1,0,4,5,0,4,49
9,p_burst_0.1,0,5,18,0,3,22
9,p_burst_0.1,0,6,8,0,4,7
9,p_burst_0.1,0,7,5,0,4,19
9,p_burst_0.1,0,8,3,1,3,14
9,p_burst_0.1,0,9,1,0,0,2
9,p_burst_0.1,0,10,4,0,3,15
9,p_burst_0.1,0,11,30,0,2,3
9,p_burst_0.1,0,12,40,0,3,26
9,p_burst_0.1,0,13,2,1,2,13
9,p_burst_0.1,0,14,2,1,2,30
9,p_burst_0.1,0,15,27,0,4,32
9,p_burst_0.1,0,16,12,0,4,37
9,p_burst_0.1,0,17,19,0,4,12
9,p_burst_0.1,0,18,5,1,5,1
9,p_burst_0.1,0,19,23,0,4,31
9,p_burst_0.1,0,20,3,1,3,29
9,p_burst_0.1,0,21,1,1,1,38
9,p_burst_0.1,0,22,7,0,3,35
9,p_burst_0.1,0,23,4,1,4,18
9,p_burst_0.1,0,24,8,0,3,50
9,p_burst_0.1,0,25,17,0,3,4
9,p_burst_0.1,0,26,2,1,2,27
9,p_burst_0.1,0,27,4,1,4,34
9,p_burst_0.1,0,28,17,0,3,24
9,p_burst_0.1,0,29,5,0,3,39
9,p_burst_0.1,0,30,14,0,3,16
9,p_burst_0.1,0,31,2,1,2,43
9,p_burst_0.1,0,32,1,1,1,45
9,p_burst_0.1,0,33,15,0,2,20
9,p_burst_0.1,0,34,8,0,4,9
9,p_burst_0.1,0,35,13,0,5,40
9,p_burst_0.1,0,36,29,0,3,44
9,p_burst_0.1,0,37,16,0,2,10
9,p_burst_0.1,0,38,6,1,6,33
9,p_burst_0.1,0,39,2,1,2,23
9,p_burst_0.1,0,40,3,1,3,5
9,p_burst_0.1,0,41,21,0,4,25
9,p_burst_0.1,0,42,31,0,3,8
9,p_burst_0.1,0,43,4,1,4,21
9,p_burst_0.1,0,44,24,0,2,48
9,p_burst_0.1,0,45,21,0,3,41
9,p_burst_0.1,0,46,5,0,4,17
9,p_burst_0.1,0,47,1,1,1,46
9,p_burst_0.1,0,48,7,0,3,47
9,p_burst_0.1,0,49,4,1,4,11
9,p_burst_0.1,0,50,17,0,3,36
9,p_burst_0.2,1,1,1,1,1,28
9,p_burst_0.2,1,2,1,1,1,42
9,p_burst_0.2,1,3,8,0,2,6
9,p_burst_0.2,1,4,4,0,3,49
9,p_burst_0.2,1,5,4,0,2,22
9,p_burst_0.2,1,6,3,1,3,7
9,p_burst_0.2,1,7,5,0,1,19
9,p_burst_0.2,1,8,10,0,3,14
9,p_burst_0.2,1,9,5,0,4,2
9,p_burst_0.2,1,10,2,1,2,15
9,p_burst_0.2,1,11,1,1,1,3
9,p_burst_0.2,1,12,8,0,3,26
9,p_burst_0.2,1,13,1,1,1,13
9,p_burst_0.2,1,14,4,0,3,30
9,p_burst_0.2,1,15,3,0,2,32
9,p_burst_0.2,1,16,1,1,1,37
9,p_burst_0.2,1,17,4,1,4,12
9,p_burst_0.2,1,18,6,0,2,1
9,p_burst_0.2,1,19,24,0,3,31
9,p_burst_0.2,1,20,11,0,3,29
9,p_burst_0.2,1,21,29,0,3,38
9,p_burst_0.2,1,22,2,1,2,35
9,p_burst_0.2,1,23,2,1,2,18
9,p_burst_0.2,1,24,21,0,3,50
9,p_burst_0.2,1,25,4,0,2,4
9,p_burst_0.2,1,26,2,1,2,27
9,p_burst_0.2,1,27,12,0,3,34
9,p_burst_0.2,1,28,19,0,3,24
9,p_burst_0.2,1,29,5,0,2,39
9,p_burst_0.2,1,30,14,0,1,16
9,p_burst_0.2,1,31,3,1,3,43
9,p_burst_0.2,1,32,4,0,2,45
9,p_burst_0.2,1,33,2,1,2,20
9,p_burst_0.2,1,34,3,1,3,9
9,p_burst_0.2,1,35,1,1,1,40
9,p_burst_0.2,1,36,7,0,3,44
9,p_burst_0.2,1,37,4,0,2,10
9,p_burst_0.2,1,38,4,0,2,33
9,p_burst_0.2,1,39,4,1,4,23
9,p_burst_0.2,1,40,5,0,3,5
9,p_burst_0.2,1,41,5,0,3,25
9,p_burst_0.2,1,42,7,0,3,8
9,p_burst_0.2,1,43,1,1,1,21
9,p_burst_0.2,1,44,1,1,1,48
9,p_burst_0.2,1,45,4,0,3,41
9,p_burst_0.2,1,46,17,0,3,17
9,p_burst_0.2,1,47,1,1,1,46
9,p_burst_0.2,1,48,4,1,4,47
9,p_burst_0.2,1,49,13,0,3,11
9,p_burst_0.2,1,50,1,1,1,36
10,p_burst_0.1,0,1,1,1,1,27
10,p_burst_0.1,0,2,13,0,3,29
10,p_burst_0.1,0,3,7,0,2,37
10,p_burst_0.1,0,4,5,0,2,25
10,p_burst_0.1,0,5,18,0,2,8
10,p_burst_0.1,0,6,8,0,1,5
10,p_burst_0.1,0,7,5,0,2,16
10,p_burst_0.1,0,8,3,1,3,13
10,p_burst_0.1,0,9,1,1,1,14
10,p_burst_0.1,0,10,4,0,1,35
10,p_burst_0.1,0,11,30,0,2,48
10,p_burst_0.1,0,12,40,0,3,47
10,p_burst_0.1,0,13,2,1,2,36
10,p_burst_0.1,0,14,2,0,1,43
10,p_burst_0.1,0,15,27,0,2,38
10,p_burst_0.1,0,16,12,0,2,10
10,p_burst_0.1,0,17,19,0,1,24
10,p_burst_0.1,0,18,5,0,2,28
10,p_burst_0.1,0,19,23,0,2,4
10,p_burst_0.1,0,20,3,0,2,7
10,p_burst_0.1,0,21,1,1,1,26
10,p_burst_0.1,0,22,7,0,2,33
10,p_burst_0.1,0,23,4,1,4,6
10,p_burst_0.1,0,24,8,0,2,22
10,p_burst_0.1,0,25,17,0,2,45
10,p_burst_0.1,0,26,2,1,2,46
10,p_burst_0.1,0,27,4,0,2,2
10,p_burst_0.1,0,28,17,0,2,34
10,p_burst_0.1,0,29,5,0,2,23
10,p_burst_0.1,0,30,14,0,0,3
10,p_burst_0.1,0,31,2,0,0,12
10,p_burst_0.1,0,32,1,1,1,40
10,p_burst_0.1,0,33,15,0,1,9
10,p_burst_0.1,0,34,8,0,4,50
10,p_burst_0.1,0,35,13,0,2,1
10,p_burst_0.1,0,36,29,0,1,30
10,p_burst_0.1,0,37,16,0,2,11
10,p_burst_0.1,0,38,6,0,1,42
10,p_burst_0.1,0,39,2,1,2,32
10,p_burst_0.1,0,40,3,1,3,31
10,p_burst_0.1,0,41,21,0,1,15
10,p_burst_0.1,0,42,31,0,2,20
10,p_burst_0.1,0,43,4,0,1,18
10,p_burst_0.1,0,44,24,0,2,21
10,p_burst_0.1,0,45,21,0,2,41
10,p_burst_0.1,0,46,5,0,3,19
10,p_burst_0.1,0,47,1,1,1,39
10,p_burst_0.1,0,48,7,0,2,17
10,p_burst_0.1,0,49,4,0,2,49
10,p_burst_0.1,0,50,17,0,1,44
10,p_burst_0.2,1,1,1,0,0,27
10,p_burst_0.2,1,2,1,1,1,29
10,p_burst_0.2,1,3,8,0,2,37
10,p_burst_0.2,1,4,4,0,1,25
10,p_burst_0.2,1,5,4,1,4,8
10,p_burst_0.2,1,6,3,0,1,5
10,p_burst_0.2,1,7,5,0,1,16
10,p_burst_0.2,1,8,10,0,4,13
10,p_burst_0.2,1,9,5,0,2,14
10,p_burst_0.2,1,10,2,1,2,35
10,p_burst_0.2,1,11,1,1,1,48
10,p_burst_0.2,1,12,8,0,2,47
10,p_burst_0.2,1,13,1,1,1,36
10,p_burst_0.2,1,14,4,0,1,43
10,p_burst_0.2,1,15,3,0,2,38
10,p_burst_0.2,1,16,1,1,1,10
10,p_burst_0.2,1,17,4,0,2,24
10,p_burst_0.2,1,18,6,0,2,28
10,p_burst_0.2,1,19,24,0,4,4
10,p_burst_0.2,1,20,11,0,2,7
10,p_burst_0.2,1,21,29,0,3,26
10,p_burst_0.2,1,22,2,1,2,33
10,p_burst_0.2,1,23,2,0,1,6
10,p_burst_0.2,1,24,21,0,1,22
10,p_burst_0.2,1,25,4,0,3,45
10,p_burst_0.2,1,26,2,1,2,46
10,p_burst_0.2,1,27,12,0,4,2
10,p_burst_0.2,1,28,19,0,1,34
10,p_burst_0.2,1,29,5,0,4,23
10,p_burst_0.2,1,30,14,0,2,3
10,p_burst_0.2,1,31,3,0,2,12
10,p_burst_0.2,1,32,4,0,2,40
10,p_burst_0.2,1,33,2,1,2,9
10,p_burst_0.2,1,34,3,0,0,50
10,p_burst_0.2,1,35,1,1,1,1
10,p_burst_0.2,1,36,7,0,2,30
10,p_burst_0.2,1,37,4,1,4,11
10,p_burst_0.2,1,38,4,0,2,42
10,p_burst_0.2,1,39,4,1,4,32
10,p_burst_0.2,1,40,5,0,2,31
10,p_burst_0.2,1,41,5,0,4,15
10,p_burst_0.2,1,42,7,0,2,20
10,p_burst_0.2,1,43,1,1,1,18
10,p_burst_0.2,1,44,1,1,1,21
10,p_burst_0.2,1,45,4,0,1,41
10,p_burst_0.2,1,46,17,0,1,19
10,p_burst_0.2,1,47,1,1,1,39
10,p_burst_0.2,1,48,4,0,1,17
10,p_burst_0.2,1,49,13,0,3,49
10,p_burst_0.2,1,50,1,1,1,44
11,p_burst_0.1,0,1,1,0,0,34
11,p_burst_0.1,0,2,13,0,4,17
11,p_burst_0.1,0,3,7,0,4,12
11,p_burst_0.1,0,4,5,0,4,38
11,p_burst_0.1,0,5,18,0,5,5
11,p_burst_0.1,0,6,8,0,0,48
11,p_burst_0.1,0,7,5,1,5,50
11,p_burst_0.1,0,8,3,1,3,9
11,p_burst_0.1,0,9,1,1,1,31
11,p_burst_0.1,0,10,4,1,4,47
11,p_burst_0.1,0,11,30,0,5,19
11,p_burst_0.1,0,12,40,0,5,49
11,p_burst_0.1,0,13,2,1,2,6
11,p_burst_0.1,0,14,2,1,2,37
11,p_burst_0.1,0,15,27,0,4,41
11,p_burst_0.1,0,16,12,0,5,30
11,p_burst_0.1,0,17,19,0,4,20
11,p_burst_0.1,0,18,5,0,3,22
11,p_burst_0.1,0,19,23,0,3,43
11,p_burst_0.1,0,20,3,1,3,33
11,p_burst_0.1,0,21,1,1,1,14
11,p_burst_0.1,0,22,7,0,4,35
11,p_burst_0.1,0,23,4,1,4,4
11,p_burst_0.1,0,24,8,0,5,23
11,p_burst_0.1,0,25,17,0,4,46
11,p_burst_0.1,0,26,2,1,2,21
11,p_burst_0.1,0,27,4,1,4,45
11,p_burst_0.1,0,28,17,0,4,10
11,p_burst_0.1,0,29,5,0,4,18
11,p_burst_0.1,0,30,14,0,4,2
11,p_burst_0.1,0,31,2,1,2,32
11,p_burst_0.1,0,32,1,1,1,28
11,p_burst_0.1,0,33,15,0,4,16
11,p_burst_0.1,0,34,8,0,4,27
11,p_burst_0.1,0,35,13,0,1,3
11,p_burst_0.1,0,36,29,0,4,7
11,p_burst_0.1,0,37,16,0,0,26
11,p_burst_0.1,0,38,6,0,4,39
11,p_burst_0.1,0,39,2,0,0,8
11,p_burst_0.1,0,40,3,1,3,1
11,p_burst_0.1,0,41,21,0,4,25
11,p_burst_0.1,0,42,31,0,4,29
11,p_burst_0.1,0,43,4,1,4,13
11,p_burst_0.1,0,44,24,0,1,44
11,p_burst_0.1,0,45,21,0,3,24
11,p_burst_0.1,0,46,5,0,4,11
11,p_burst_0.1,0,47,1,1,1,15
11,p_burst_0.1,0,48,7,0,4,42
11,p_burst_0.1,0,49,4,1,4,36
11,p_burst_0.1,0,50,17,0,7,40
11,p_burst_0.2,1,1,1,1,1,34
11,p_burst_0.2,1,2,1,1,1,17
11,p_burst_0.2,1,3,8,0,5,12
11,p_burst_0.2,1,4,4,1,4,38
11,p_burst_0.2,1,5,4,0,0,5
11,p_burst_0.2,1,6,3,1,3,48
11,p_burst_0.2,1,7,5,1,5,50
11,p_burst_0.2,1,8,10,0,2,9
11,p_burst_0.2,1,9,5,0,4,31
11,p_burst_0.2,1,10,2,1,2,47
11,p_burst_0.2,1,11,1,1,1,19
11,p_burst_0.2,1,12,8,0,6,49
11,p_burst_0.2,1,13,1,1,1,6
11,p_burst_0.2,1,14,4,1,4,37
11,p_burst_0.2,1,15,3,1,3,41
11,p_burst_0.2,1,16,1,1,1,30
11,p_burst_0.2,1,17,4,1,4,20
11,p_burst_0.2,1,18,6,0,5,22
11,p_burst_0.2,1,19,24,0,3,43
11,p_burst_0.2,1,20,11,0,6,33
11,p_burst_0.2,1,21,29,0,6,14
11,p_burst_0.2,1,22,2,1,2,35
11,p_burst_0.2,1,23,2,1,2,4
11,p_burst_0.2,1,24,21,0,3,23
11,p_burst_0.2,1,25,4,1,4,46
11,p_burst_0.2,1,26,2,1,2,21
11,p_burst_0.2,1,27,12,0,2,45
11,p_burst_0.2,1,28,19,0,0,10
11,p_burst_0.2,1,29,5,1,5,18
11,p_burst_0.2,1,30,14,0,3,2
11,p_burst_0.2,1,31,3,1,3,32
11,p_burst_0.2,1,32,4,1,4,28
11,p_burst_0.2,1,33,2,1,2,16
11,p_burst_0.2,1,34,3,1,3,27
11,p_burst_0.2,1,35,1,0,0,3
11,p_burst_0.2,1,36,7,0,4,7
11,p_burst_0.2,1,37,4,0,2,26
11,p_burst_0.2,1,38,4,1,4,39
11,p_burst_0.2,1,39,4,1,4,8
11,p_burst_0.2,1,40,5,1,5,1
11,p_burst_0.2,1,41,5,1,5,25
11,p_burst_0.2,1,42,7,0,1,29
11,p_burst_0.2,1,43,1,1,1,13
11,p_burst_0.2,1,44,1,1,1,44
11,p_burst_0.2,1,45,4,1,4,24
11,p_burst_0.2,1,46,17,0,4,11
11,p_burst_0.2,1,47,1,1,1,15
11,p_burst_0.2,1,48,4,1,4,42
11,p_burst_0.2,1,49,13,0,4,36
11,p_burst_0.2,1,50,1,1,1,40
12,p_burst_0.1,0,1,1,0,0,28
12,p_burst_0.1,0,2,13,0,0,43
12,p_burst_0.1,0,3,7,0,0,3
12,p_burst_0.1,0,4,5,0,0,10
12,p_burst_0.1,0,5,18,0,0,23
12,p_burst_0.1,0,6,8,0,0,31
12,p_burst_0.1,0,7,5,0,0,13
12,p_burst_0.1,0,8,3,0,0,22
12,p_burst_0.1,0,9,1,0,0,32
12,p_burst_0.1,0,10,4,0,0,50
12,p_burst_0.1,0,11,30,0,0,11
12,p_burst_0.1,0,12,40,0,0,30
12,p_burst_0.1,0,13,2,0,0,12
12,p_burst_0.1,0,14,2,0,0,8
12,p_burst_0.1,0,15,27,0,0,34
12,p_burst_0.1,0,16,12,0,0,35
12,p_burst_0.1,0,17,19,0,0,45
12,p_burst_0.1,0,18,5,0,0,14
12,p_burst_0.1,0,19,23,0,0,24
12,p_burst_0.1,0,20,3,0,0,36
12,p_burst_0.1,0,21,1,0,0,42
12,p_burst_0.1,0,22,7,0,0,48
12,p_burst_0.1,0,23,4,0,0,26
12,p_burst_0.1,0,24,8,0,0,29
12,p_burst_0.1,0,25,17,0,0,6
12,p_burst_0.1,0,26,2,0,0,27
12,p_burst_0.1,0,27,4,0,0,47
12,p_burst_0.1,0,28,17,0,0,46
12,p_burst_0.1,0,29,5,0,0,20
12,p_burst_0.1,0,30,14,0,0,5
12,p_burst_0.1,0,31,2,0,0,4
12,p_burst_0.1,0,32,1,0,0,41
12,p_burst_0.1,0,33,15,0,0,1
12,p_burst_0.1,0,34,8,0,0,38
12,p_burst_0.1,0,35,13,0,0,7
12,p_burst_0.1,0,36,29,0,0,25
12,p_burst_0.1,0,37,16,0,0,18
12,p_burst_0.1,0,38,6,0,0,9
12,p_burst_0.1,0,39,2,0,0,17
12,p_burst_0.1,0,40,3,0,0,44
12,p_burst_0.1,0,41,21,0,0,39
12,p_burst_0.1,0,42,31,0,0,21
12,p_burst_0.1,0,43,4,0,0,19
12,p_burst_0.1,0,44,24,0,0,40
12,p_burst_0.1,0,45,21,0,0,15
12,p_burst_0.1,0,46,5,0,0,33
12,p_burst_0.1,0,47,1,0,0,16
12,p_burst_0.1,0,48,7,0,0,37
12,p_burst_0.1,0,49,4,0,0,2
12,p_burst_0.1,0,50,17,0,0,49
12,p_burst_0.2,1,1,1,1,1,28
12,p_burst_0.2,1,2,1,0,0,43
12,p_burst_0.2,1,3,8,1,8,3
12,p_burst_0.2,1,4,4,1,4,10
12,p_burst_0.2,1,5,4,1,4,23
12,p_burst_0.2,1,6,3,1,3,31
12,p_burst_0.2,1,7,5,0,4,13
12,p_burst_0.2,1,8,10,0,1,22
12,p_burst_0.2,1,9,5,0,3,32
12,p_burst_0.2,1,10,2,1,2,50
12,p_burst_0.2,1,11,1,1,1,11
12,p_burst_0.2,1,12,8,0,1,30
12,p_burst_0.2,1,13,1,1,1,12
12,p_burst_0.2,1,14,4,0,1,8
12,p_burst_0.2,1,15,3,0,0,34
12,p_burst_0.2,1,16,1,0,0,35
12,p_burst_0.2,1,17,4,0,3,45
12,p_burst_0.2,1,18,6,0,3,14
12,p_burst_0.2,1,19,24,0,0,24
12,p_burst_0.2,1,20,11,0,4,36
12,p_burst_0.2,1,21,29,0,1,42
12,p_burst_0.2,1,22,2,0,1,48
12,p_burst_0.2,1,23,2,1,2,29
12,p_burst_0.2,1,24,21,0,1,26
12,p_burst_0.2,1,25,4,1,4,6
12,p_burst_0.2,1,26,2,1,2,27
12,p_burst_0.2,1,27,12,0,4,47
12,p_burst_0.2,1,28,19,0,10,46
12,p_burst_0.2,1,29,5,0,4,20
12,p_burst_0.2,1,30,14,0,1,5
12,p_burst_0.2,1,31,3,1,3,4
12,p_burst_0.2,1,32,4,0,1,41
12,p_burst_0.2,1,33,2,1,2,1
12,p_burst_0.2,1,34,3,0,1,38
12,p_burst_0.2,1,35,1,1,1,7
12,p_burst_0.2,1,36,7,0,1,25
12,p_burst_0.2,1,37,4,0,0,18
12,p_burst_0.2,1,38,4,0,2,9
12,p_burst_0.2,1,39,4,0,1,17
12,p_burst_0.2,1,40,5,0,0,44
12,p_burst_0.2,1,41,5,0,4,39
12,p_burst_0.2,1,42,7,0,4,21
12,p_burst_0.2,1,43,1,1,1,19
12,p_burst_0.2,1,44,1,1,1,40
12,p_burst_0.2,1,45,4,0,1,15
12,p_burst_0.2,1,46,17,0,4,33
12,p_burst_0.2,1,47,1,1,1,16
12,p_burst_0.2,1,48,4,1,4,37
12,p_burst_0.2,1,49,13,0,0,2
12,p_burst_0.2,1,50,1,1,1,49
13,p_burst_0.1,0,1,1,1,1,41
13,p_burst_0.1,0,2,13,0,8,36
13,p_burst_0.1,0,3,7,1,7,8
13,p_burst_0.1,0,4,5,1,5,20
13,p_burst_0.1,0,5,18,0,5,34
13,p_burst_0.1,0,6,8,1,8,35
13,p_burst_0.1,0,7,5,1,5,26
13,p_burst_0.1,0,8,3,1,3,45
13,p_burst_0.1,0,9,1,1,1,37
13,p_burst_0.1,0,10,4,1,4,24
13,p_burst_0.1,0,11,30,0,1,21
13,p_burst_0.1,0,12,40,0,9,18
13,p_burst_0.1,0,13,2,1,2,49
13,p_burst_0.1,0,14,2,1,2,10
13,p_burst_0.1,0,15,27,0,3,23
13,p_burst_0.1,0,16,12,0,9,11
13,p_burst_0.1,0,17,19,0,8,25
13,p_burst_0.1,0,18,5,1,5,43
13,p_burst_0.1,0,19,23,0,9,33
13,p_burst_0.1,0,20,3,1,3,3
13,p_burst_0.1,0,21,1,1,1,44
13,p_burst_0.1,0,22,7,1,7,17
13,p_burst_0.1,0,23,4,1,4,48
13,p_burst_0.1,0,24,8,1,8,38
13,p_burst_0.1,0,25,17,0,5,47
13,p_burst_0.1,0,26,2,1,2,19
13,p_burst_0.1,0,27,4,1,4,9
13,p_burst_0.1,0,28,17,0,5,30
13,p_burst_0.1,0,29,5,1,5,28
13,p_burst_0.1,0,30,14,1,14,12
13,p_burst_0.1,0,31,2,1,2,31
13,p_burst_0.1,0,32,1,1,1,32
13,p_burst_0.1,0,33,15,0,4,6
13,p_burst_0.1,0,34,8,0,7,14
13,p_burst_0.1,0,35,13,0,12,40
13,p_burst_0.1,0,36,29,0,12,27
13,p_burst_0.1,0,37,16,0,13,15
13,p_burst_0.1,0,38,6,0,5,13
13,p_burst_0.1,0,39,2,1,2,29
13,p_burst_0.1,0,40,3,1,3,5
13,p_burst_0.1,0,41,21,0,9,2
13,p_burst_0.1,0,42,31,0,4,16
13,p_burst_0.1,0,43,4,1,4,39
13,p_burst_0.1,0,44,24,0,5,1
13,p_burst_0.1,0,45,21,0,10,22
13,p_burst_0.1,0,46,5,0,3,7
13,p_burst_0.1,0,47,1,1,1,4
13,p_burst_0.1,0,48,7,1,7,46
13,p_burst_0.1,0,49,4,1,4,42
13,p_burst_0.1,0,50,17,0,5,50
13,p_burst_0.2,1,1,1,1,1,41
13,p_burst_0.2,1,2,1,1,1,36
13,p_burst_0.2,1,3,8,0,4,8
13,p_burst_0.2,1,4,4,1,4,20
13,p_burst_0.2,1,5,4,1,4,34
13,p_burst_0.2,1,6,3,1,3,35
13,p_burst_0.2,1,7,5,0,3,26
13,p_burst_0.2,1,8,10,0,4,45
13,p_burst_0.2,1,9,5,0,4,37
13,p_burst_0.2,1,10,2,1,2,24
13,p_burst_0.2,1,11,1,1,1,21
13,p_burst_0.2,1,12,8,0,6,18
13,p_burst_0.2,1,13,1,1,1,49
13,p_burst_0.2,1,14,4,0,2,10
13,p_burst_0.2,1,15,3,1,3,23
13,p_burst_0.2,1,16,1,1,1,11
13,p_burst_0.2,1,17,4,1,4,25
13,p_burst_0.2,1,18,6,1,6,43
13,p_burst_0.2,1,19,24,0,5,33
13,p_burst_0.2,1,20,11,0,5,3
13,p_burst_0.2,1,21,29,0,5,44
13,p_burst_0.2,1,22,2,0,1,17
13,p_burst_0.2,1,23,2,1,2,48
13,p_burst_0.2,1,24,21,0,4,38
13,p_burst_0.2,1,25,4,0,3,47
13,p_burst_0.2,1,26,2,1,2,19
13,p_burst_0.2,1,27,12,0,2,9
13,p_burst_0.2,1,28,19,0,4,30
13,p_burst_0.2,1,29,5,0,2,28
13,p_burst_0.2,1,30,14,0,4,12
13,p_burst_0.2,1,31,3,1,3,31
13,p_burst_0.2,1,32,4,1,4,32
13,p_burst_0.2,1,33,2,1,2,6
13,p_burst_0.2,1,34,3,1,3,14
13,p_burst_0.2,1,35,1,1,1,40
13,p_burst_0.2,1,36,7,1,7,27
13,p_burst_0.2,1,37,4,0,1,15
13,p_burst_0.2,1,38,4,0,3,13
13,p_burst_0.2,1,39,4,0,3,29
13,p_burst_0.2,1,40,5,0,3,5
13,p_burst_0.2,1,41,5,1,5,2
13,p_burst_0.2,1,42,7,0,3,16
13,p_burst_0.2,1,43,1,1,1,39
13,p_burst_0.2,1,44,1,1,1,1
13,p_burst_0.2,1,45,4,0,1,22
13,p_burst_0.2,1,46,17,0,4,7
13,p_burst_0.2,1,47,1,1,1,4
13,p_burst_0.2,1,48,4,0,3,46
13,p_burst_0.2,1,49,13,0,6,42
13,p_burst_0.2,1,50,1,1,1,50
14,p_burst_0.1,0,1,1,1,1,16
14,p_burst_0.1,0,2,13,0,12,4
14,p_burst_0.1,0,3,7,0,5,21
14,p_burst_0.1,0,4,5,1,5,45
14,p_burst_0.1,0,5,18,0,5,2
14,p_burst_0.1,0,6,8,1,8,6
14,p_burst_0.1,0,7,5,1,5,31
14,p_burst_0.1,0,8,3,1,3,40
14,p_burst_0.1,0,9,1,1,1,9
14,p_burst_0.1,0,10,4,1,4,50
14,p_burst_0.1,0,11,30,0,5,8
14,p_burst_0.1,0,12,40,0,6,34
14,p_burst_0.1,0,13,2,1,2,23
14,p_burst_0.1,0,14,2,1,2,11
14,p_burst_0.1,0,15,27,0,10,19
14,p_burst_0.1,0,16,12,0,7,18
14,p_burst_0.1,0,17,19,0,4,44
14,p_burst_0.1,0,18,5,1,5,1
14,p_burst_0.1,0,19,23,0,10,25
14,p_burst_0.1,0,20,3,1,3,7
14,p_burst_0.1,0,21,1,1,1,27
14,p_burst_0.1,0,22,7,1,7,14
14,p_burst_0.1,0,23,4,1,4,29
14,p_burst_0.1,0,24,8,0,6,43
14,p_burst_0.1,0,25,17,0,11,17
14,p_burst_0.1,0,26,2,1,2,46
14,p_burst_0.1,0,27,4,1,4,47
14,p_burst_0.1,0,28,17,0,6,33
14,p_burst_0.1,0,29,5,1,5,13
14,p_burst_0.1,0,30,14,0,11,5
14,p_burst_0.1,0,31,2,1,2,35
14,p_burst_0.1,0,32,1,1,1,24
14,p_burst_0.1,0,33,15,0,6,42
14,p_burst_0.1,0,34,8,0,7,15
14,p_burst_0.1,0,35,13,0,5,37
14,p_burst_0.1,0,36,29,0,7,39
14,p_burst_0.1,0,37,16,0,7,20
14,p_burst_0.1,0,38,6,1,6,30
14,p_burst_0.1,0,39,2,1,2,48
14,p_burst_0.1,0,40,3,1,3,22
14,p_burst_0.1,0,41,21,0,9,49
14,p_burst_0.1,0,42,31,0,8,38
14,p_burst_0.1,0,43,4,1,4,41
14,p_burst_0.1,0,44,24,0,8,3
14,p_burst_0.1,0,45,21,0,10,26
14,p_burst_0.1,0,46,5,1,5,28
14,p_burst_0.1,0,47,1,1,1,32
14,p_burst_0.1,0,48,7,1,7,12
14,p_burst_0.1,0,49,4,1,4,10
14,p_burst_0.1,0,50,17,0,5,36
14,p_burst_0.2,1,1,1,1,1,16
14,p_burst_0.2,1,2,1,1,1,4
14,p_burst_0.2,1,3,8,0,4,21
14,p_burst_0.2,1,4,4,0,2,45
14,p_burst_0.2,1,5,4,0,3,2
14,p_burst_0.2,1,6,3,0,2,6
14,p_burst_0.2,1,7,5,1,5,31
14,p_burst_0.2,1,8,10,0,4,40
14,p_burst_0.2,1,9,5,0,4,9
14,p_burst_0.2,1,10,2,1,2,50
14,p_burst_0.2,1,11,1,1,1,8
14,p_burst_0.2,1,12,8,0,3,34
14,p_burst_0.2,1,13,1,1,1,23
14,p_burst_0.2,1,14,4,1,4,11
14,p_burst_0.2,1,15,3,1,3,19
14,p_burst_0.2,1,16,1,1,1,18
14,p_burst_0.2,1,17,4,1,4,44
14,p_burst_0.2,1,18,6,0,3,1
14,p_burst_0.2,1,19,24,0,2,25
14,p_burst_0.2,1,20,11,0,4,7
14,p_burst_0.2,1,21,29,0,6,27
14,p_burst_0.2,1,22,2,1,2,14
14,p_burst_0.2,1,23,2,1,2,29
14,p_burst_0.2,1,24,21,0,3,43
14,p_burst_0.2,1,25,4,0,3,17
14,p_burst_0.2,1,26,2,1,2,46
14,p_burst_0.2,1,27,12,0,4,47
14,p_burst_0.2,1,28,19,0,3,33
14,p_burst_0.2,1,29,5,1,5,13
14,p_burst_0.2,1,30,14,0,3,5
14,p_burst_0.2,1,31,3,1,3,35
14,p_burst_0.2,1,32,4,1,4,24
14,p_burst_0.2,1,33,2,1,2,42
14,p_burst_0.2,1,34,3,1,3,15
14,p_burst_0.2,1,35,1,1,1,37
14,p_burst_0.2,1,36,7,0,4,39
14,p_burst_0.2,1,37,4,0,2,20
14,p_burst_0.2,1,38,4,1,4,30
14,p_burst_0.2,1,39,4,0,3,48
14,p_burst_0.2,1,40,5,0,3,22
14,p_burst_0.2,1,41,5,0,4,49
14,p_burst_0.2,1,42,7,0,4,38
14,p_burst_0.2,1,43,1,1,1,41
14,p_burst_0.2,1,44,1,1,1,3
14,p_burst_0.2,1,45,4,1,4,26
14,p_burst_0.2,1,46,17,0,5,28
14,p_burst_0.2,1,47,1,1,1,32
14,p_burst_0.2,1,48,4,1,4,12
14,p_burst_0.2,1,49,13,0,3,10
14,p_burst_0.2,1,50,1,1,1,36
15,p_burst_0.1,0,1,1,1,1,18
15,p_burst_0.1,0,2,13,0,3,4
15,p_burst_0.1,0,3,7,0,2,27
15,p_burst_0.1,0,4,5,0,4,33
15,p_burst_0.1,0,5,18,0,2,46
15,p_burst_0.1,0,6,8,0,3,17
15,p_burst_0.1,0,7,5,0,3,7
15,p_burst_0.1,0,8,3,0,2,13
15,p_burst_0.1,0,9,1,1,1,31
15,p_burst_0.1,0,10,4,0,3,50
15,p_burst_0.1,0,11,30,0,3,47
15,p_burst_0.1,0,12,40,0,2,19
15,p_burst_0.1,0,13,2,1,2,9
15,p_burst_0.1,0,14,2,1,2,36
15,p_burst_0.1,0,15,27,0,3,14
15,p_burst_0.1,0,16,12,0,3,41
15,p_burst_0.1,0,17,19,0,3,1
15,p_burst_0.1,0,18,5,1,5,24
15,p_burst_0.1,0,19,23,0,2,44
15,p_burst_0.1,0,20,3,0,2,30
15,p_burst_0.1,0,21,1,1,1,5
15,p_burst_0.1,0,22,7,0,2,21
15,p_burst_0.1,0,23,4,0,3,42
15,p_burst_0.1,0,24,8,0,2,22
15,p_burst_0.1,0,25,17,0,2,3
15,p_burst_0.1,0,26,2,1,2,39
15,p_burst_0.1,0,27,4,1,4,25
15,p_burst_0.1,0,28,17,0,3,45
15,p_burst_0.1,0,29,5,0,3,20
15,p_burst_0.1,0,30,14,0,2,35
15,p_burst_0.1,0,31,2,1,2,40
15,p_burst_0.1,0,32,1,1,1,34
15,p_burst_0.1,0,33,15,0,4,12
15,p_burst_0.1,0,34,8,0,2,8
15,p_burst_0.1,0,35,13,0,2,10
15,p_burst_0.1,0,36,29,0,3,11
15,p_burst_0.1,0,37,16,0,3,2
15,p_burst_0.1,0,38,6,0,3,23
15,p_burst_0.1,0,39,2,1,2,32
15,p_burst_0.1,0,40,3,0,2,49
15,p_burst_0.1,0,41,21,0,2,38
15,p_burst_0.1,0,42,31,0,2,48
15,p_burst_0.1,0,43,4,0,3,29
15,p_burst_0.1,0,44,24,0,2,26
15,p_burst_0.1,0,45,21,0,3,6
15,p_burst_0.1,0,46,5,0,3,43
15,p_burst_0.1,0,47,1,1,1,37
15,p_burst_0.1,0,48,7,0,3,28
15,p_burst_0.1,0,49,4,0,3,16
15,p_burst_0.1,0,50,17,0,3,15
15,p_burst_0.2,1,1,1,1,1,18
15,p_burst_0.2,1,2,1,1,1,4
15,p_burst_0.2,1,3,8,0,1,27
15,p_burst_0.2,1,4,4,1,4,33
15,p_burst_0.2,1,5,4,0,1,46
15,p_burst_0.2,1,6,3,0,1,17
15,p_burst_0.2,1,7,5,1,5,7
15,p_burst_0.2,1,8,10,0,1,13
15,p_burst_0.2,1,9,5,1,5,31
15,p_burst_0.2,1,10,2,0,1,50
15,p_burst_0.2,1,11,1,1,1,47
15,p_burst_0.2,1,12,8,0,1,19
15,p_burst_0.2,1,13,1,1,1,9
15,p_burst_0.2,1,14,4,1,4,36
15,p_burst_0.2,1,15,3,0,1,14
15,p_burst_0.2,1,16,1,1,1,41
15,p_burst_0.2,1,17,4,1,4,1
15,p_burst_0.2,1,18,6,1,6,24
15,p_burst_0.2,1,19,24,0,7,44
15,p_burst_0.2,1,20,11,0,1,30
15,p_burst_0.2,1,21,29,0,1,5
15,p_burst_0.2,1,22,2,0,1,21
15,p_burst_0.2,1,23,2,0,1,42
15,p_burst_0.2,1,24,21,0,1,22
15,p_burst_0.2,1,25,4,0,1,3
15,p_burst_0.2,1,26,2,0,1,39
15,p_burst_0.2,1,27,12,1,12,25
15,p_burst_0.2,1,28,19,0,1,45
15,p_burst_0.2,1,29,5,0,1,20
15,p_burst_0.2,1,30,14,0,1,35
15,p_burst_0.2,1,31,3,1,3,40
15,p_burst_0.2,1,32,4,0,1,34
15,p_burst_0.2,1,33,2,1,2,12
15,p_burst_0.2,1,34,3,0,1,8
15,p_burst_0.2,1,35,1,1,1,10
15,p_burst_0.2,1,36,7,0,1,11
15,p_burst_0.2,1,37,4,0,1,2
15,p_burst_0.2,1,38,4,0,1,23
15,p_burst_0.2,1,39,4,0,1,32
15,p_burst_0.2,1,40,5,0,0,49
15,p_burst_0.2,1,41,5,0,1,38
15,p_burst_0.2,1,42,7,0,1,48
15,p_burst_0.2,1,43,1,1,1,29
15,p_burst_0.2,1,44,1,1,1,26
15,p_burst_0.2,1,45,4,0,1,6
15,p_burst_0.2,1,46,17,1,17,43
15,p_burst_0.2,1,47,1,1,1,37
15,p_burst_0.2,1,48,4,0,1,28
15,p_burst_0.2,1,49,13,0,1,16
15,p_burst_0.2,1,50,1,1,1,15
16,p_burst_0.1,0,1,1,1,1,7
16,p_burst_0.1,0,2,13,0,7,26
16,p_burst_0.1,0,3,7,0,4,44
16,p_burst_0.1,0,4,5,0,3,13
16,p_burst_0.1,0,5,18,0,7,8
16,p_burst_0.1,0,6,8,0,6,19
16,p_burst_0.1,0,7,5,1,5,49
16,p_burst_0.1,0,8,3,1,3,11
16,p_burst_0.1,0,9,1,1,1,39
16,p_burst_0.1,0,10,4,1,4,29
16,p_burst_0.1,0,11,30,0,4,32
16,p_burst_0.1,0,12,40,0,7,9
16,p_burst_0.1,0,13,2,1,2,24
16,p_burst_0.1,0,14,2,1,2,20
16,p_burst_0.1,0,15,27,0,5,18
16,p_burst_0.1,0,16,12,0,6,23
16,p_burst_0.1,0,17,19,0,5,4
16,p_burst_0.1,0,18,5,0,3,21
16,p_burst_0.1,0,19,23,0,2,16
16,p_burst_0.1,0,20,3,1,3,14
16,p_burst_0.1,0,21,1,1,1,15
16,p_burst_0.1,0,22,7,1,7,10
16,p_burst_0.1,0,23,4,1,4,37
16,p_burst_0.1,0,24,8,0,3,48
16,p_burst_0.1,0,25,17,0,6,28
16,p_burst_0.1,0,26,2,1,2,25
16,p_burst_0.1,0,27,4,1,4,42
16,p_burst_0.1,0,28,17,0,6,27
16,p_burst_0.1,0,29,5,0,3,5
16,p_burst_0.1,0,30,14,0,4,2
16,p_burst_0.1,0,31,2,1,2,12
16,p_burst_0.1,0,32,1,1,1,31
16,p_burst_0.1,0,33,15,0,5,41
16,p_burst_0.1,0,34,8,0,3,45
16,p_burst_0.1,0,35,13,0,5,38
16,p_burst_0.1,0,36,29,0,5,1
16,p_burst_0.1,0,37,16,0,6,6
16,p_burst_0.1,0,38,6,1,6,46
16,p_burst_0.1,0,39,2,1,2,36
16,p_burst_0.1,0,40,3,1,3,22
16,p_burst_0.1,0,41,21,0,7,35
16,p_burst_0.1,0,42,31,0,7,40
16,p_burst_0.1,0,43,4,1,4,17
16,p_burst_0.1,0,44,24,0,3,3
16,p_burst_0.1,0,45,21,0,7,43
16,p_burst_0.1,0,46,5,1,5,34
16,p_burst_0.1,0,47,1,1,1,33
16,p_burst_0.1,0,48,7,1,7,47
16,p_burst_0.1,0,49,4,0,2,50
16,p_burst_0.1,0,50,17,0,4,30
16,p_burst_0.2,1,1,1,1,1,7
16,p_burst_0.2,1,2,1,1,1,26
16,p_burst_0.2,1,3,8,0,6,44
16,p_burst_0.2,1,4,4,0,3,13
16,p_burst_0.2,1,5,4,1,4,8
16,p_burst_0.2,1,6,3,1,3,19
16,p_burst_0.2,1,7,5,1,5,49
16,p_burst_0.2,1,8,10,0,0,11
16,p_burst_0.2,1,9,5,1,5,39
16,p_burst_0.2,1,10,2,1,2,29
16,p_burst_0.2,1,11,1,1,1,32
16,p_burst_0.2,1,12,8,1,8,9
16,p_burst_0.2,1,13,1,1,1,24
16,p_burst_0.2,1,14,4,1,4,20
16,p_burst_0.2,1,15,3,0,2,18
16,p_burst_0.2,1,16,1,1,1,23
16,p_burst_0.2,1,17,4,0,3,4
16,p_burst_0.2,1,18,6,1,6,21
16,p_burst_0.2,1,19,24,0,3,16
16,p_burst_0.2,1,20,11,0,4,14
16,p_burst_0.2,1,21,29,0,5,15
16,p_burst_0.2,1,22,2,1,2,10
16,p_burst_0.2,1,23,2,1,2,37
16,p_burst_0.2,1,24,21,0,3,48
16,p_burst_0.2,1,25,4,1,4,28
16,p_burst_0.2,1,26,2,1,2,25
16,p_burst_0.2,1,27,12,0,4,42
16,p_burst_0.2,1,28,19,0,3,27
16,p_burst_0.2,1,29,5,1,5,5
16,p_burst_0.2,1,30,14,0,2,2
16,p_burst_0.2,1,31,3,1,3,12
16,p_burst_0.2,1,32,4,0,2,31
16,p_burst_0.2,1,33,2,1,2,41
16,p_burst_0.2,1,34,3,1,3,45
16,p_burst_0.2,1,35,1,1,1,38
16,p_burst_0.2,1,36,7,1,7,1
16,p_burst_0.2,1,37,4,1,4,6
16,p_burst_0.2,1,38,4,0,3,46
16,p_burst_0.2,1,39,4,1,4,36
16,p_burst_0.2,1,40,5,0,3,22
16,p_burst_0.2,1,41,5,0,2,35
16,p_burst_0.2,1,42,7,0,3,40
16,p_burst_0.2,1,43,1,1,1,17
16,p_burst_0.2,1,44,1,1,1,3
16,p_burst_0.2,1,45,4,0,3,43
16,p_burst_0.2,1,46,17,0,3,34
16,p_burst_0.2,1,47,1,1,1,33
16,p_burst_0.2,1,48,4,0,2,47
16,p_burst_0.2,1,49,13,0,9,50
16,p_burst_0.2,1,50,1,1,1,30
17,p_burst_0.1,0,1,1,1,1,7
17,p_burst_0.1,0,2,13,0,2,49
17,p_burst_0.1,0,3,7,0,3,27
17,p_burst_0.1,0,4,5,0,3,17
17,p_burst_0.1,0,5,18,0,2,31
17,p_burst_0.1,0,6,8,0,3,2
17,p_burst_0.1,0,7,5,0,3,6
17,p_burst_0.1,0,8,3,1,3,10
17,p_burst_0.1,0,9,1,1,1,48
17,p_burst_0.1,0,10,4,0,3,41
17,p_burst_0.1,0,11,30,0,3,13
17,p_burst_0.1,0,12,40,0,3,21
17,p_burst_0.1,0,13,2,1,2,38
17,p_burst_0.1,0,14,2,1,2,42
17,p_burst_0.1,0,15,27,0,3,4
17,p_burst_0.1,0,16,12,0,4,44
17,p_burst_0.1,0,17,19,0,3,16
17,p_burst_0.1,0,18,5,0,2,8
17,p_burst_0.1,0,19,23,0,3,3
17,p_burst_0.1,0,20,3,1,3,30
17,p_burst_0.1,0,21,1,1,1,37
17,p_burst_0.1,0,22,7,0,3,32
17,p_burst_0.1,0,23,4,0,3,22
17,p_burst_0.1,0,24,8,0,3,46
17,p_burst_0.1,0,25,17,0,0,40
17,p_burst_0.1,0,26,2,1,2,23
17,p_burst_0.1,0,27,4,0,3,45
17,p_burst_0.1,0,28,17,0,2,26
17,p_burst_0.1,0,29,5,0,4,35
17,p_burst_0.1,0,30,14,0,4,33
17,p_burst_0.1,0,31,2,1,2,1
17,p_burst_0.1,0,32,1,1,1,34
17,p_burst_0.1,0,33,15,0,3,19
17,p_burst_0.1,0,34,8,0,4,29
17,p_burst_0.1,0,35,13,0,0,11
17,p_burst_0.1,0,36,29,0,1,15
17,p_burst_0.1,0,37,16,0,4,12
17,p_burst_0.1,0,38,6,0,0,9
17,p_burst_0.1,0,39,2,1,2,39
17,p_burst_0.1,0,40,3,1,3,5
17,p_burst_0.1,0,41,21,0,4,24
17,p_burst_0.1,0,42,31,0,2,20
17,p_burst_0.1,0,43,4,0,2,43
17,p_burst_0.1,0,44,24,0,3,14
17,p_burst_0.1,0,45,21,0,4,47
17,p_burst_0.1,0,46,5,1,5,25
17,p_burst_0.1,0,47,1,1,1,36
17,p_burst_0.1,0,48,7,0,3,18
17,p_burst_0.1,0,49,4,1,4,28
17,p_burst_0.1,0,50,17,0,3,50
17,p_burst_0.2,1,1,1,1,1,7
17,p_burst_0.2,1,2,1,1,1,49
17,p_burst_0.2,1,3,8,0,0,27
17,p_burst_0.2,1,4,4,1,4,17
17,p_burst_0.2,1,5,4,0,2,31
17,p_burst_0.2,1,6,3,0,1,2
17,p_burst_0.2,1,7,5,0,3,6
17,p_burst_0.2,1,8,10,0,0,10
17,p_burst_0.2,1,9,5,0,3,48
17,p_burst_0.2,1,10,2,1,2,41
17,p_burst_0.2,1,11,1,1,1,13
17,p_burst_0.2,1,12,8,0,3,21
17,p_burst_0.2,1,13,1,1,1,38
17,p_burst_0.2,1,14,4,0,2,42
17,p_burst_0.2,1,15,3,0,2,4
17,p_burst_0.2,1,16,1,1,1,44
17,p_burst_0.2,1,17,4,0,3,16
17,p_burst_0.2,1,18,6,0,3,8
17,p_burst_0.2,1,19,24,0,2,3
17,p_burst_0.2,1,20,11,0,3,30
17,p_burst_0.2,1,21,29,0,3,37
17,p_burst_0.2,1,22,2,1,2,32
17,p_burst_0.2,1,23,2,1,2,22
17,p_burst_0.2,1,24,21,0,3,46
17,p_burst_0.2,1,25,4,0,2,40
17,p_burst_0.2,1,26,2,1,2,23
17,p_burst_0.2,1,27,12,0,3,45
17,p_burst_0.2,1,28,19,0,4,26
17,p_burst_0.2,1,29,5,0,3,35
17,p_burst_0.2,1,30,14,0,3,33
17,p_burst_0.2,1,31,3,1,3,1
17,p_burst_0.2,1,32,4,0,3,34
17,p_burst_0.2,1,33,2,0,0,19
17,p_burst_0.2,1,34,3,0,1,29
17,p_burst_0.2,1,35,1,1,1,11
17,p_burst_0.2,1,36,7,0,3,15
17,p_burst_0.2,1,37,4,0,3,12
17,p_burst_0.2,1,38,4,1,4,9
17,p_burst_0.2,1,39,4,0,3,39
17,p_burst_0.2,1,40,5,0,3,5
17,p_burst_0.2,1,41,5,0,4,24
17,p_burst_0.2,1,42,7,0,3,20
17,p_burst_0.2,1,43,1,1,1,43
17,p_burst_0.2,1,44,1,1,1,14
17,p_burst_0.2,1,45,4,0,2,47
17,p_burst_0.2,1,46,17,0,3,25
17,p_burst_0.2,1,47,1,1,1,36
17,p_burst_0.2,1,48,4,0,3,18
17,p_burst_0.2,1,49,13,0,4,28
17,p_burst_0.2,1,50,1,1,1,50
18,p_burst_0.1,0,1,1,1,1,50
18,p_burst_0.1,0,2,13,0,5,24
18,p_burst_0.1,0,3,7,1,7,20
18,p_burst_0.1,0,4,5,0,4,26
18,p_burst_0.1,0,5,18,0,5,34
18,p_burst_0.1,0,6,8,0,4,1
18,p_burst_0.1,0,7,5,1,5,5
18,p_burst_0.1,0,8,3,1,3,48
18,p_burst_0.1,0,9,1,1,1,30
18,p_burst_0.1,0,10,4,1,4,9
18,p_burst_0.1,0,11,30,0,3,44
18,p_burst_0.1,0,12,40,0,7,46
18,p_burst_0.1,0,13,2,1,2,3
18,p_burst_0.1,0,14,2,1,2,27
18,p_burst_0.1,0,15,27,0,6,11
18,p_burst_0.1,0,16,12,0,5,35
18,p_burst_0.1,0,17,19,0,5,28
18,p_burst_0.1,0,18,5,1,5,25
18,p_burst_0.1,0,19,23,0,4,32
18,p_burst_0.1,0,20,3,1,3,49
18,p_burst_0.1,0,21,1,1,1,4
18,p_burst_0.1,0,22,7,0,3,38
18,p_burst_0.1,0,23,4,1,4,13
18,p_burst_0.1,0,24,8,0,7,6
18,p_burst_0.1,0,25,17,0,6,2
18,p_burst_0.1,0,26,2,1,2,12
18,p_burst_0.1,0,27,4,1,4,23
18,p_burst_0.1,0,28,17,0,7,41
18,p_burst_0.1,0,29,5,1,5,8
18,p_burst_0.1,0,30,14,0,7,17
18,p_burst_0.1,0,31,2,1,2,47
18,p_burst_0.1,0,32,1,1,1,15
18,p_burst_0.1,0,33,15,0,5,7
18,p_burst_0.1,0,34,8,0,6,45
18,p_burst_0.1,0,35,13,0,7,29
18,p_burst_0.1,0,36,29,0,5,40
18,p_burst_0.1,0,37,16,0,4,31
18,p_burst_0.1,0,38,6,1,6,14
18,p_burst_0.1,0,39,2,1,2,19
18,p_burst_0.1,0,40,3,1,3,16
18,p_burst_0.1,0,41,21,0,6,10
18,p_burst_0.1,0,42,31,0,7,36
18,p_burst_0.1,0,43,4,1,4,18
18,p_burst_0.1,0,44,24,0,8,43
18,p_burst_0.1,0,45,21,0,5,37
18,p_burst_0.1,0,46,5,1,5,39
18,p_burst_0.1,0,47,1,1,1,21
18,p_burst_0.1,0,48,7,0,6,22
18,p_burst_0.1,0,49,4,1,4,33
18,p_burst_0.1,0,50,17,0,5,42
18,p_burst_0.2,1,1,1,1,1,50
18,p_burst_0.2,1,2,1,1,1,24
18,p_burst_0.2,1,3,8,0,5,20
18,p_burst_0.2,1,4,4,1,4,26
18,p_burst_0.2,1,5,4,1,4,34
18,p_burst_0.2,1,6,3,1,3,1
18,p_burst_0.2,1,7,5,0,4,5
18,p_burst_0.2,1,8,10,0,6,48
18,p_burst_0.2,1,9,5,1,5,30
18,p_burst_0.2,1,10,2,1,2,9
18,p_burst_0.2,1,11,1,1,1,44
18,p_burst_0.2,1,12,8,0,3,46
18,p_burst_0.2,1,13,1,1,1,3
18,p_burst_0.2,1,14,4,0,3,27
18,p_burst_0.2,1,15,3,1,3,11
18,p_burst_0.2,1,16,1,1,1,35
18,p_burst_0.2,1,17,4,1,4,28
18,p_burst_0.2,1,18,6,0,4,25
18,p_burst_0.2,1,19,24,0,4,32
18,p_burst_0.2,1,20,11,0,10,49
18,p_burst_0.2,1,21,29,0,3,4
18,p_burst_0.2,1,22,2,1,2,38
18,p_burst_0.2,1,23,2,1,2,13
18,p_burst_0.2,1,24,21,0,5,6
18,p_burst_0.2,1,25,4,1,4,2
18,p_burst_0.2,1,26,2,1,2,12
18,p_burst_0.2,1,27,12,0,5,23
18,p_burst_0.2,1,28,19,0,4,41
18,p_burst_0.2,1,29,5,0,4,8
18,p_burst_0.2,1,30,14,0,3,17
18,p_burst_0.2,1,31,3,1,3,47
18,p_burst_0.2,1,32,4,1,4,15
18,p_burst_0.2,1,33,2,0,1,7
18,p_burst_0.2,1,34,3,1,3,45
18,p_burst_0.2,1,35,1,1,1,29
18,p_burst_0.2,1,36,7,0,3,40
18,p_burst_0.2,1,37,4,0,3,31
18,p_burst_0.2,1,38,4,1,4,14
18,p_burst_0.2,1,39,4,1,4,19
18,p_burst_0.2,1,40,5,1,5,16
18,p_burst_0.2,1,41,5,0,4,10
18,p_burst_0.2,1,42,7,0,5,36
18,p_burst_0.2,1,43,1,1,1,18
18,p_burst_0.2,1,44,1,1,1,43
18,p_burst_0.2,1,45,4,1,4,37
18,p_burst_0.2,1,46,17,0,3,39
18,p_burst_0.2,1,47,1,1,1,21
18,p_burst_0.2,1,48,4,1,4,22
18,p_burst_0.2,1,49,13,0,4,33
18,p_burst_0.2,1,50,1,1,1,42
19,p_burst_0.1,0,1,1,1,1,1
19,p_burst_0.1,0,2,13,0,5,16
19,p_burst_0.1,0,3,7,0,6,23
19,p_burst_0.1,0,4,5,1,5,18
19,p_burst_0.1,0,5,18,0,6,4
19,p_burst_0.1,0,6,8,0,7,7
19,p_burst_0.1,0,7,5,1,5,44
19,p_burst_0.1,0,8,3,1,3,31
19,p_burst_0.1,0,9,1,1,1,8
19,p_burst_0.1,0,10,4,1,4,45
19,p_burst_0.1,0,11,30,0,6,15
19,p_burst_0.1,0,12,40,0,6,29
19,p_burst_0.1,0,13,2,1,2,27
19,p_burst_0.1,0,14,2,1,2,2
19,p_burst_0.1,0,15,27,0,6,12
19,p_burst_0.1,0,16,12,0,9,6
19,p_burst_0.1,0,17,19,0,5,10
19,p_burst_0.1,0,18,5,1,5,17
19,p_burst_0.1,0,19,23,0,7,20
19,p_burst_0.1,0,20,3,1,3,11
19,p_burst_0.1,0,21,1,1,1,25
19,p_burst_0.1,0,22,7,0,5,42
19,p_burst_0.1,0,23,4,1,4,32
19,p_burst_0.1,0,24,8,0,6,46
19,p_burst_0.1,0,25,17,0,7,28
19,p_burst_0.1,0,26,2,1,2,41
19,p_burst_0.1,0,27,4,1,4,5
19,p_burst_0.1,0,28,17,0,7,3
19,p_burst_0.1,0,29,5,1,5,24
19,p_burst_0.1,0,30,14,0,7,40
19,p_burst_0.1,0,31,2,1,2,9
19,p_burst_0.1,0,32,1,1,1,35
19,p_burst_0.1,0,33,15,0,0,14
19,p_burst_0.1,0,34,8,0,6,39
19,p_burst_0.1,0,35,13,0,6,13
19,p_burst_0.1,0,36,29,0,6,50
19,p_burst_0.1,0,37,16,0,6,30
19,p_burst_0.1,0,38,6,1,6,38
19,p_burst_0.1,0,39,2,1,2,33
19,p_burst_0.1,0,40,3,1,3,19
19,p_burst_0.1,0,41,21,0,7,43
19,p_burst_0.1,0,42,31,0,7,48
19,p_burst_0.1,0,43,4,1,4,47
19,p_burst_0.1,0,44,24,0,6,22
19,p_burst_0.1,0,45,21,0,5,21
19,p_burst_0.1,0,46,5,1,5,37
19,p_burst_0.1,0,47,1,1,1,36
19,p_burst_0.1,0,48,7,0,6,26
19,p_burst_0.1,0,49,4,1,4,49
19,p_burst_0.1,0,50,17,0,6,34
19,p_burst_0.2,1,1,1,1,1,1
19,p_burst_0.2,1,2,1,1,1,16
19,p_burst_0.2,1,3,8,0,1,23
19,p_burst_0.2,1,4,4,1,4,18
19,p_burst_0.2,1,5,4,0,1,4
19,p_burst_0.2,1,6,3,1,3,7
19,p_burst_0.2,1,7,5,1,5,44
19,p_burst_0.2,1,8,10,0,4,31
19,p_burst_0.2,1,9,5,0,1,8
19,p_burst_0.2,1,10,2,1,2,45
19,p_burst_0.2,1,11,1,1,1,15
19,p_burst_0.2,1,12,8,0,3,29
19,p_burst_0.2,1,13,1,1,1,27
19,p_burst_0.2,1,14,4,0,0,2
19,p_burst_0.2,1,15,3,1,3,12
19,p_burst_0.2,1,16,1,1,1,6
19,p_burst_0.2,1,17,4,0,3,10
19,p_burst_0.2,1,18,6,0,5,17
19,p_burst_0.2,1,19,24,0,1,20
19,p_burst_0.2,1,20,11,0,4,11
19,p_burst_0.2,1,21,29,0,2,25
19,p_burst_0.2,1,22,2,0,0,42
19,p_burst_0.2,1,23,2,1,2,32
19,p_burst_0.2,1,24,21,0,1,46
19,p_burst_0.2,1,25,4,1,4,28
19,p_burst_0.2,1,26,2,0,1,41
19,p_burst_0.2,1,27,12,0,4,5
19,p_burst_0.2,1,28,19,0,1,3
19,p_burst_0.2,1,29,5,0,3,24
19,p_burst_0.2,1,30,14,0,1,40
19,p_burst_0.2,1,31,3,1,3,9
19,p_burst_0.2,1,32,4,1,4,35
19,p_burst_0.2,1,33,2,0,1,14
19,p_burst_0.2,1,34,3,0,1,39
19,p_burst_0.2,1,35,1,1,1,13
19,p_burst_0.2,1,36,7,0,1,50
19,p_burst_0.2,1,37,4,0,1,30
19,p_burst_0.2,1,38,4,0,1,38
19,p_burst_0.2,1,39,4,0,1,33
19,p_burst_0.2,1,40,5,0,1,19
19,p_burst_0.2,1,41,5,0,1,43
19,p_burst_0.2,1,42,7,0,4,48
19,p_burst_0.2,1,43,1,1,1,47
19,p_burst_0.2,1,44,1,1,1,22
19,p_burst_0.2,1,45,4,1,4,21
19,p_burst_0.2,1,46,17,0,1,37
19,p_burst_0.2,1,47,1,1,1,36
19,p_burst_0.2,1,48,4,0,0,26
19,p_burst_0.2,1,49,13,0,1,49
19,p_burst_0.2,1,50,1,0,0,34
20,p_burst_0.1,0,1,1,1,1,45
20,p_burst_0.1,0,2,13,0,3,3
20,p_burst_0.1,0,3,7,0,5,42
20,p_burst_0.1,0,4,5,1,5,8
20,p_burst_0.1,0,5,18,0,7,49
20,p_burst_0.1,0,6,8,0,4,1
20,p_burst_0.1,0,7,5,1,5,6
20,p_burst_0.1,0,8,3,1,3,17
20,p_burst_0.1,0,9,1,1,1,37
20,p_burst_0.1,0,10,4,1,4,15
20,p_burst_0.1,0,11,30,0,4,27
20,p_burst_0.1,0,12,40,0,3,48
20,p_burst_0.1,0,13,2,1,2,47
20,p_burst_0.1,0,14,2,1,2,20
20,p_burst_0.1,0,15,27,0,6,29
20,p_burst_0.1,0,16,12,0,4,2
20,p_burst_0.1,0,17,19,0,5,46
20,p_burst_0.1,0,18,5,1,5,43
20,p_burst_0.1,0,19,23,0,8,13
20,p_burst_0.1,0,20,3,1,3,24
20,p_burst_0.1,0,21,1,1,1,35
20,p_burst_0.1,0,22,7,0,4,31
20,p_burst_0.1,0,23,4,1,4,33
20,p_burst_0.1,0,24,8,0,3,36
20,p_burst_0.1,0,25,17,0,6,10
20,p_burst_0.1,0,26,2,1,2,22
20,p_burst_0.1,0,27,4,1,4,34
20,p_burst_0.1,0,28,17,0,5,14
20,p_burst_0.1,0,29,5,1,5,38
20,p_burst_0.1,0,30,14,0,2,7
20,p_burst_0.1,0,31,2,1,2,44
20,p_burst_0.1,0,32,1,1,1,16
20,p_burst_0.1,0,33,15,0,5,18
20,p_burst_0.1,0,34,8,0,5,32
20,p_burst_0.1,0,35,13,0,3,12
20,p_burst_0.1,0,36,29,0,5,40
20,p_burst_0.1,0,37,16,0,4,26
20,p_burst_0.1,0,38,6,0,4,50
20,p_burst_0.1,0,39,2,1,2,39
20,p_burst_0.1,0,40,3,1,3,11
20,p_burst_0.1,0,41,21,0,4,23
20,p_burst_0.1,0,42,31,0,6,41
20,p_burst_0.1,0,43,4,1,4,9
20,p_burst_0.1,0,44,24,0,4,19
20,p_burst_0.1,0,45,21,0,5,21
20,p_burst_0.1,0,46,5,0,4,25
20,p_burst_0.1,0,47,1,1,1,4
20,p_burst_0.1,0,48,7,0,5,5
20,p_burst_0.1,0,49,4,1,4,28
20,p_burst_0.1,0,50,17,0,3,30
20,p_burst_0.2,1,1,1,1,1,45
20,p_burst_0.2,1,2,1,1,1,3
20,p_burst_0.2,1,3,8,0,2,42
20,p_burst_0.2,1,4,4,0,2,8
20,p_burst_0.2,1,5,4,0,3,49
20,p_burst_0.2,1,6,3,1,3,1
20,p_burst_0.2,1,7,5,0,4,6
20,p_burst_0.2,1,8,10,0,4,17
20,p_burst_0.2,1,9,5,0,2,37
20,p_burst_0.2,1,10,2,1,2,15
20,p_burst_0.2,1,11,1,1,1,27
20,p_burst_0.2,1,12,8,0,2,48
20,p_burst_0.2,1,13,1,1,1,47
20,p_burst_0.2,1,14,4,0,3,20
20,p_burst_0.2,1,15,3,1,3,29
20,p_burst_0.2,1,16,1,1,1,2
20,p_burst_0.2,1,17,4,0,2,46
20,p_burst_0.2,1,18,6,0,3,43
20,p_burst_0.2,1,19,24,0,2,13
20,p_burst_0.2,1,20,11,0,2,24
20,p_burst_0.2,1,21,29,0,2,35
20,p_burst_0.2,1,22,2,0,1,31
20,p_burst_0.2,1,23,2,1,2,33
20,p_burst_0.2,1,24,21,0,1,36
20,p_burst_0.2,1,25,4,0,2,10
20,p_burst_0.2,1,26,2,1,2,22
20,p_burst_0.2,1,27,12,0,2,34
20,p_burst_0.2,1,28,19,0,5,14
20,p_burst_0.2,1,29,5,0,3,38
20,p_burst_0.2,1,30,14,0,5,7
20,p_burst_0.2,1,31,3,1,3,44
20,p_burst_0.2,1,32,4,1,4,16
20,p_burst_0.2,1,33,2,1,2,18
20,p_burst_0.2,1,34,3,0,2,32
20,p_burst_0.2,1,35,1,1,1,12
20,p_burst_0.2,1,36,7,0,1,40
20,p_burst_0.2,1,37,4,0,3,26
20,p_burst_0.2,1,38,4,1,4,50
20,p_burst_0.2,1,39,4,0,3,39
20,p_burst_0.2,1,40,5,0,3,11
20,p_burst_0.2,1,41,5,0,2,23
20,p_burst_0.2,1,42,7,0,3,41
20,p_burst_0.2,1,43,1,1,1,9
20,p_burst_0.2,1,44,1,1,1,19
20,p_burst_0.2,1,45,4,1,4,21
20,p_burst_0.2,1,46,17,0,2,25
20,p_burst_0.2,1,47,1,1,1,4
20,p_burst_0.2,1,48,4,0,3,5
20,p_burst_0.2,1,49,13,0,4,28
20,p_burst_0.2,1,50,1,1,1,30
21,p_burst_0.1,0,1,1,1,1,36
21,p_burst_0.1,0,2,13,0,6,20
21,p_burst_0.1,0,3,7,1,7,37
21,p_burst_0.1,0,4,5,1,5,32
21,p_burst_0.1,0,5,18,0,12,49
21,p_burst_0.1,0,6,8,0,1,39
21,p_burst_0.1,0,7,5,0,3,42
21,p_burst_0.1,0,8,3,1,3,6
21,p_burst_0.1,0,9,1,1,1,5
21,p_burst_0.1,0,10,4,1,4,48
21,p_burst_0.1,0,11,30,0,18,25
21,p_burst_0.1,0,12,40,0,18,16
21,p_burst_0.1,0,13,2,1,2,10
21,p_burst_0.1,0,14,2,1,2,50
21,p_burst_0.1,0,15,27,0,18,44
21,p_burst_0.1,0,16,12,0,2,9
21,p_burst_0.1,0,17,19,1,19,40
21,p_burst_0.1,0,18,5,1,5,17
21,p_burst_0.1,0,19,23,0,18,3
21,p_burst_0.1,0,20,3,1,3,4
21,p_burst_0.1,0,21,1,1,1,22
21,p_burst_0.1,0,22,7,1,7,2
21,p_burst_0.1,0,23,4,1,4,12
21,p_burst_0.1,0,24,8,1,8,26
21,p_burst_0.1,0,25,17,0,13,28
21,p_burst_0.1,0,26,2,1,2,29
21,p_burst_0.1,0,27,4,1,4,14
21,p_burst_0.1,0,28,17,1,17,15
21,p_burst_0.1,0,29,5,1,5,8
21,p_burst_0.1,0,30,14,1,14,38
21,p_burst_0.1,0,31,2,1,2,33
21,p_burst_0.1,0,32,1,1,1,27
21,p_burst_0.1,0,33,15,0,5,35
21,p_burst_0.1,0,34,8,1,8,19
21,p_burst_0.1,0,35,13,1,13,7
21,p_burst_0.1,0,36,29,0,9,31
21,p_burst_0.1,0,37,16,0,11,41
21,p_burst_0.1,0,38,6,1,6,47
21,p_burst_0.1,0,39,2,1,2,45
21,p_burst_0.1,0,40,3,1,3,43
21,p_burst_0.1,0,41,21,0,18,18
21,p_burst_0.1,0,42,31,0,11,34
21,p_burst_0.1,0,43,4,1,4,11
21,p_burst_0.1,0,44,24,0,17,30
21,p_burst_0.1,0,45,21,0,18,46
21,p_burst_0.1,0,46,5,1,5,24
21,p_burst_0.1,0,47,1,1,1,1
21,p_burst_0.1,0,48,7,0,2,23
21,p_burst_0.1,0,49,4,1,4,13
21,p_burst_0.1,0,50,17,0,14,21
21,p_burst_0.2,1,1,1,1,1,36
21,p_burst_0.2,1,2,1,1,1,20
21,p_burst_0.2,1,3,8,0,2,37
21,p_burst_0.2,1,4,4,1,4,32
21,p_burst_0.2,1,5,4,1,4,49
21,p_burst_0.2,1,6,3,1,3,39
21,p_burst_0.2,1,7,5,0,1,42
21,p_burst_0.2,1,8,10,0,3,6
21,p_burst_0.2,1,9,5,0,0,5
21,p_burst_0.2,1,10,2,1,2,48
21,p_burst_0.2,1,11,1,1,1,25
21,p_burst_0.2,1,12,8,0,0,16
21,p_burst_0.2,1,13,1,1,1,10
21,p_burst_0.2,1,14,4,0,1,50
21,p_burst_0.2,1,15,3,0,2,44
21,p_burst_0.2,1,16,1,1,1,9
21,p_burst_0.2,1,17,4,0,1,40
21,p_burst_0.2,1,18,6,0,0,17
21,p_burst_0.2,1,19,24,0,1,3
21,p_burst_0.2,1,20,11,1,11,4
21,p_burst_0.2,1,21,29,0,0,22
21,p_burst_0.2,1,22,2,1,2,2
21,p_burst_0.2,1,23,2,0,0,12
21,p_burst_0.2,1,24,21,0,2,26
21,p_burst_0.2,1,25,4,1,4,28
21,p_burst_0.2,1,26,2,0,1,29
21,p_burst_0.2,1,27,12,0,0,14
21,p_burst_0.2,1,28,19,0,1,15
21,p_burst_0.2,1,29,5,0,1,8
21,p_burst_0.2,1,30,14,0,1,38
21,p_burst_0.2,1,31,3,0,1,33
21,p_burst_0.2,1,32,4,1,4,27
21,p_burst_0.2,1,33,2,1,2,35
21,p_burst_0.2,1,34,3,0,2,19
21,p_burst_0.2,1,35,1,1,1,7
21,p_burst_0.2,1,36,7,1,7,31
21,p_burst_0.2,1,37,4,1,4,41
21,p_burst_0.2,1,38,4,0,3,47
21,p_burst_0.2,1,39,4,1,4,45
21,p_burst_0.2,1,40,5,0,0,43
21,p_burst_0.2,1,41,5,0,2,18
21,p_burst_0.2,1,42,7,1,7,34
21,p_burst_0.2,1,43,1,1,1,11
21,p_burst_0.2,1,44,1,1,1,30
21,p_burst_0.2,1,45,4,0,0,46
21,p_burst_0.2,1,46,17,0,1,24
21,p_burst_0.2,1,47,1,1,1,1
21,p_burst_0.2,1,48,4,1,4,23
21,p_burst_0.2,1,49,13,1,13,13
21,p_burst_0.2,1,50,1,1,1,21
22,p_burst_0.1,0,1,1,1,1,43
22,p_burst_0.1,0,2,13,0,2,22
22,p_burst_0.1,0,3,7,0,3,12
22,p_burst_0.1,0,4,5,0,3,20
22,p_burst_0.1,0,5,18,0,3,18
22,p_burst_0.1,0,6,8,0,3,47
22,p_burst_0.1,0,7,5,0,3,15
22,p_burst_0.1,0,8,3,0,2,13
22,p_burst_0.1,0,9,1,1,1,14
22,p_burst_0.1,0,10,4,0,3,30
22,p_burst_0.1,0,11,30,0,2,1
22,p_burst_0.1,0,12,40,0,3,16
22,p_burst_0.1,0,13,2,1,2,33
22,p_burst_0.1,0,14,2,0,0,2
22,p_burst_0.1,0,15,27,0,2,36
22,p_burst_0.1,0,16,12,0,0,8
22,p_burst_0.1,0,17,19,0,3,11
22,p_burst_0.1,0,18,5,0,2,24
22,p_burst_0.1,0,19,23,0,5,38
22,p_burst_0.1,0,20,3,1,3,49
22,p_burst_0.1,0,21,1,1,1,23
22,p_burst_0.1,0,22,7,0,3,35
22,p_burst_0.1,0,23,4,0,2,42
22,p_burst_0.1,0,24,8,0,2,10
22,p_burst_0.1,0,25,17,0,3,9
22,p_burst_0.1,0,26,2,1,2,50
22,p_burst_0.1,0,27,4,1,4,26
22,p_burst_0.1,0,28,17,0,3,48
22,p_burst_0.1,0,29,5,0,3,40
22,p_burst_0.1,0,30,14,0,2,4
22,p_burst_0.1,0,31,2,1,2,31
22,p_burst_0.1,0,32,1,1,1,6
22,p_burst_0.1,0,33,15,0,0,37
22,p_burst_0.1,0,34,8,0,3,32
22,p_burst_0.1,0,35,13,0,2,45
22,p_burst_0.1,0,36,29,0,2,19
22,p_burst_0.1,0,37,16,0,3,3
22,p_burst_0.1,0,38,6,0,2,17
22,p_burst_0.1,0,39,2,1,2,27
22,p_burst_0.1,0,40,3,1,3,5
22,p_burst_0.1,0,41,21,0,3,29
22,p_burst_0.1,0,42,31,0,2,39
22,p_burst_0.1,0,43,4,0,2,7
22,p_burst_0.1,0,44,24,0,3,21
22,p_burst_0.1,0,45,21,0,4,44
22,p_burst_0.1,0,46,5,0,3,34
22,p_burst_0.1,0,47,1,1,1,41
22,p_burst_0.1,0,48,7,0,4,25
22,p_burst_0.1,0,49,4,0,2,28
22,p_burst_0.1,0,50,17,0,4,46
22,p_burst_0.2,1,1,1,0,0,43
22,p_burst_0.2,1,2,1,0,0,22
22,p_burst_0.2,1,3,8,0,0,12
22,p_burst_0.2,1,4,4,0,0,20
22,p_burst_0.2,1,5,4,0,0,18
22,p_burst_0.2,1,6,3,0,0,47
22,p_burst_0.2,1,7,5,0,0,15
22,p_burst_0.2,1,8,10,0,0,13
22,p_burst_0.2,1,9,5,0,0,14
22,p_burst_0.2,1,10,2,0,0,30
22,p_burst_0.2,1,11,1,0,0,1
22,p_burst_0.2,1,12,8,0,0,16
22,p_burst_0.2,1,13,1,0,0,33
22,p_burst_0.2,1,14,4,0,0,2
22,p_burst_0.2,1,15,3,0,0,36
22,p_burst_0.2,1,16,1,0,0,8
22,p_burst_0.2,1,17,4,0,0,11
22,p_burst_0.2,1,18,6,0,0,24
22,p_burst_0.2,1,19,24,0,0,38
22,p_burst_0.2,1,20,11,0,0,49
22,p_burst_0.2,1,21,29,0,0,23
22,p_burst_0.2,1,22,2,0,0,35
22,p_burst_0.2,1,23,2,0,0,42
22,p_burst_0.2,1,24,21,0,1,10
22,p_burst_0.2,1,25,4,0,0,9
22,p_burst_0.2,1,26,2,0,0,50
22,p_burst_0.2,1,27,12,0,0,26
22,p_burst_0.2,1,28,19,0,0,48
22,p_burst_0.2,1,29,5,0,0,40
22,p_burst_0.2,1,30,14,0,0,4
22,p_burst_0.2,1,31,3,0,1,31
22,p_burst_0.2,1,32,4,0,0,6
22,p_burst_0.2,1,33,2,0,0,37
22,p_burst_0.2,1,34,3,0,0,32
22,p_burst_0.2,1,35,1,0,0,45
22,p_burst_0.2,1,36,7,0,0,19
22,p_burst_0.2,1,37,4,0,0,17
22,p_burst_0.2,1,38,4,0,0,27
22,p_burst_0.2,1,39,4,0,0,29
22,p_burst_0.2,1,40,5,0,0,21
22,p_burst_0.2,1,41,5,0,0,44
22,p_burst_0.2,1,42,7,0,0,3
22,p_burst_0.2,1,43,1,1,1,5
22,p_burst_0.2,1,44,1,0,0,34
22,p_burst_0.2,1,45,4,0,0,41
22,p_burst_0.2,1,46,17,0,0,25
22,p_burst_0.2,1,47,1,0,0,28
22,p_burst_0.2,1,48,4,0,0,39
22,p_burst_0.2,1,49,13,0,0,7
22,p_burst_0.2,1,50,1,0,0,46
23,p_burst_0.1,0,1,1,1,1,50
23,p_burst_0.1,0,2,13,1,13,7
23,p_burst_0.1,0,3,7,1,7,16
23,p_burst_0.1,0,4,5,1,5,41
23,p_burst_0.1,0,5,18,1,18,37
23,p_burst_0.1,0,6,8,1,8,42
23,p_burst_0.1,0,7,5,1,5,17
23,p_burst_0.1,0,8,3,1,3,22
23,p_burst_0.1,0,9,1,1,1,11
23,p_burst_0.1,0,10,4,1,4,34
23,p_burst_0.1,0,11,30,0,19,48
23,p_burst_0.1,0,12,40,0,24,2
23,p_burst_0.1,0,13,2,1,2,3
23,p_burst_0.1,0,14,2,1,2,44
23,p_burst_0.1,0,15,27,0,19,40
23,p_burst_0.1,0,16,12,0,9,27
23,p_burst_0.1,0,17,19,1,19,5
23,p_burst_0.1,0,18,5,1,5,45
23,p_burst_0.1,0,19,23,0,19,6
23,p_burst_0.1,0,20,3,1,3,31
23,p_burst_0.1,0,21,1,1,1,9
23,p_burst_0.1,0,22,7,1,7,18
23,p_burst_0.1,0,23,4,1,4,36
23,p_burst_0.1,0,24,8,1,8,12
23,p_burst_0.1,0,25,17,1,17,1
23,p_burst_0.1,0,26,2,1,2,33
23,p_burst_0.1,0,27,4,1,4,32
23,p_burst_0.1,0,28,17,1,17,13
23,p_burst_0.1,0,29,5,1,5,47
23,p_burst_0.1,0,30,14,1,14,23
23,p_burst_0.1,0,31,2,1,2,10
23,p_burst_0.1,0,32,1,1,1,46
23,p_burst_0.1,0,33,15,1,15,4
23,p_burst_0.1,0,34,8,1,8,21
23,p_burst_0.1,0,35,13,1,13,43
23,p_burst_0.1,0,36,29,1,29,20
23,p_burst_0.1,0,37,16,1,16,49
23,p_burst_0.1,0,38,6,1,6,28
23,p_burst_0.1,0,39,2,1,2,26
23,p_burst_0.1,0,40,3,1,3,30
23,p_burst_0.1,0,41,21,0,9,24
23,p_burst_0.1,0,42,31,0,29,38
23,p_burst_0.1,0,43,4,1,4,19
23,p_burst_0.1,0,44,24,1,24,8
23,p_burst_0.1,0,45,21,0,19,15
23,p_burst_0.1,0,46,5,1,5,14
23,p_burst_0.1,0,47,1,1,1,35
23,p_burst_0.1,0,48,7,1,7,29
23,p_burst_0.1,0,49,4,1,4,25
23,p_burst_0.1,0,50,17,1,17,39
23,p_burst_0.2,1,1,1,1,1,50
23,p_burst_0.2,1,2,1,1,1,7
23,p_burst_0.2,1,3,8,0,4,16
23,p_burst_0.2,1,4,4,1,4,41
23,p_burst_0.2,1,5,4,0,2,37
23,p_burst_0.2,1,6,3,1,3,42
23,p_burst_0.2,1,7,5,0,3,17
23,p_burst_0.2,1,8,10,0,9,22
23,p_burst_0.2,1,9,5,1,5,11
23,p_burst_0.2,1,10,2,1,2,34
23,p_burst_0.2,1,11,1,1,1,48
23,p_burst_0.2,1,12,8,0,2,2
23,p_burst_0.2,1,13,1,1,1,3
23,p_burst_0.2,1,14,4,1,4,44
23,p_burst_0.2,1,15,3,1,3,40
23,p_burst_0.2,1,16,1,1,1,27
23,p_burst_0.2,1,17,4,1,4,5
23,p_burst_0.2,1,18,6,1,6,45
23,p_burst_0.2,1,19,24,0,9,6
23,p_burst_0.2,1,20,11,1,11,31
23,p_burst_0.2,1,21,29,0,19,9
23,p_burst_0.2,1,22,2,1,2,18
23,p_burst_0.2,1,23,2,1,2,36
23,p_burst_0.2,1,24,21,0,6,12
23,p_burst_0.2,1,25,4,1,4,1
23,p_burst_0.2,1,26,2,1,2,33
23,p_burst_0.2,1,27,12,0,3,32
23,p_burst_0.2,1,28,19,0,9,13
23,p_burst_0.2,1,29,5,1,5,47
23,p_burst_0.2,1,30,14,0,9,23
23,p_burst_0.2,1,31,3,1,3,10
23,p_burst_0.2,1,32,4,1,4,46
23,p_burst_0.2,1,33,2,1,2,4
23,p_burst_0.2,1,34,3,1,3,21
23,p_burst_0.2,1,35,1,1,1,43
23,p_burst_0.2,1,36,7,0,4,20
23,p_burst_0.2,1,37,4,1,4,49
23,p_burst_0.2,1,38,4,1,4,28
23,p_burst_0.2,1,39,4,1,4,26
23,p_burst_0.2,1,40,5,1,5,30
23,p_burst_0.2,1,41,5,0,3,24
23,p_burst_0.2,1,42,7,1,7,38
23,p_burst_0.2,1,43,1,1,1,19
23,p_burst_0.2,1,44,1,1,1,8
23,p_burst_0.2,1,45,4,1,4,15
23,p_burst_0.2,1,46,17,0,14,14
23,p_burst_0.2,1,47,1,1,1,35
23,p_burst_0.2,1,48,4,1,4,29
23,p_burst_0.2,1,49,13,0,9,25
23,p_burst_0.2,1,50,1,1,1,39
24,p_burst_0.1,0,1,1,1,1,31
24,p_burst_0.1,0,2,13,0,8,36
24,p_burst_0.1,0,3,7,1,7,28
24,p_burst_0.1,0,4,5,1,5,37
24,p_burst_0.1,0,5,18,0,5,48
24,p_burst_0.1,0,6,8,0,6,32
24,p_burst_0.1,0,7,5,1,5,38
24,p_burst_0.1,0,8,3,1,3,7
24,p_burst_0.1,0,9,1,1,1,11
24,p_burst_0.1,0,10,4,0,3,15
24,p_burst_0.1,0,11,30,0,5,2
24,p_burst_0.1,0,12,40,0,6,9
24,p_burst_0.1,0,13,2,1,2,14
24,p_burst_0.1,0,14,2,1,2,46
24,p_burst_0.1,0,15,27,0,6,45
24,p_burst_0.1,0,16,12,0,7,39
24,p_burst_0.1,0,17,19,0,8,8
24,p_burst_0.1,0,18,5,1,5,44
24,p_burst_0.1,0,19,23,0,6,20
24,p_burst_0.1,0,20,3,1,3,40
24,p_burst_0.1,0,21,1,1,1,30
24,p_burst_0.1,0,22,7,1,7,3
24,p_burst_0.1,0,23,4,1,4,19
24,p_burst_0.1,0,24,8,1,8,41
24,p_burst_0.1,0,25,17,0,7,16
24,p_burst_0.1,0,26,2,1,2,1
24,p_burst_0.1,0,27,4,1,4,5
24,p_burst_0.1,0,28,17,0,13,26
24,p_burst_0.1,0,29,5,1,5,50
24,p_burst_0.1,0,30,14,0,4,25
24,p_burst_0.1,0,31,2,1,2,24
24,p_burst_0.1,0,32,1,1,1,13
24,p_burst_0.1,0,33,15,0,5,42
24,p_burst_0.1,0,34,8,0,6,49
24,p_burst_0.1,0,35,13,0,5,12
24,p_burst_0.1,0,36,29,0,9,17
24,p_burst_0.1,0,37,16,0,11,29
24,p_burst_0.1,0,38,6,0,5,18
24,p_burst_0.1,0,39,2,1,2,22
24,p_burst_0.1,0,40,3,1,3,34
24,p_burst_0.1,0,41,21,0,6,23
24,p_burst_0.1,0,42,31,0,7,33
24,p_burst_0.1,0,43,4,1,4,27
24,p_burst_0.1,0,44,24,0,4,35
24,p_burst_0.1,0,45,21,0,5,6
24,p_burst_0.1,0,46,5,1,5,4
24,p_burst_0.1,0,47,1,1,1,47
24,p_burst_0.1,0,48,7,1,7,43
24,p_burst_0.1,0,49,4,1,4,21
24,p_burst_0.1,0,50,17,0,5,10
24,p_burst_0.2,1,1,1,1,1,31
24,p_burst_0.2,1,2,1,1,1,36
24,p_burst_0.2,1,3,8,0,4,28
24,p_burst_0.2,1,4,4,0,3,37
24,p_burst_0.2,1,5,4,0,3,48
24,p_burst_0.2,1,6,3,1,3,32
24,p_burst_0.2,1,7,5,1,5,38
24,p_burst_0.2,1,8,10,0,5,7
24,p_burst_0.2,1,9,5,0,2,11
24,p_burst_0.2,1,10,2,1,2,15
24,p_burst_0.2,1,11,1,1,1,2
24,p_burst_0.2,1,12,8,0,5,9
24,p_burst_0.2,1,13,1,1,1,14
24,p_burst_0.2,1,14,4,0,3,46
24,p_burst_0.2,1,15,3,0,2,45
24,p_burst_0.2,1,16,1,1,1,39
24,p_burst_0.2,1,17,4,1,4,8
24,p_burst_0.2,1,18,6,0,4,44
24,p_burst_0.2,1,19,24,0,4,20
24,p_burst_0.2,1,20,11,0,3,40
24,p_burst_0.2,1,21,29,0,2,30
24,p_burst_0.2,1,22,2,1,2,3
24,p_burst_0.2,1,23,2,1,2,19
24,p_burst_0.2,1,24,21,0,3,41
24,p_burst_0.2,1,25,4,0,3,16
24,p_burst_0.2,1,26,2,1,2,1
24,p_burst_0.2,1,27,12,0,1,5
24,p_burst_0.2,1,28,19,0,6,26
24,p_burst_0.2,1,29,5,0,2,50
24,p_burst_0.2,1,30,14,0,5,25
24,p_burst_0.2,1,31,3,1,3,24
24,p_burst_0.2,1,32,4,1,4,13
24,p_burst_0.2,1,33,2,1,2,42
24,p_burst_0.2,1,34,3,1,3,49
24,p_burst_0.2,1,35,1,1,1,12
24,p_burst_0.2,1,36,7,1,7,17
24,p_burst_0.2,1,37,4,1,4,29
24,p_burst_0.2,1,38,4,1,4,18
24,p_burst_0.2,1,39,4,0,3,22
24,p_burst_0.2,1,40,5,0,4,34
24,p_burst_0.2,1,41,5,0,4,23
24,p_burst_0.2,1,42,7,0,3,33
24,p_burst_0.2,1,43,1,1,1,27
24,p_burst_0.2,1,44,1,1,1,35
24,p_burst_0.2,1,45,4,1,4,6
24,p_burst_0.2,1,46,17,0,0,4
24,p_burst_0.2,1,47,1,1,1,47
24,p_burst_0.2,1,48,4,1,4,43
24,p_burst_0.2,1,49,13,0,4,21
24,p_burst_0.2,1,50,1,1,1,10
25,p_burst_0.1,0,1,1,1,1,37
25,p_burst_0.1,0,2,13,0,5,29
25,p_burst_0.1,0,3,7,0,2,13
25,p_burst_0.1,0,4,5,0,0,19
25,p_burst_0.1,0,5,18,0,3,27
25,p_burst_0.1,0,6,8,0,0,36
25,p_burst_0.1,0,7,5,1,5,2
25,p_burst_0.1,0,8,3,1,3,21
25,p_burst_0.1,0,9,1,1,1,17
25,p_burst_0.1,0,10,4,0,3,49
25,p_burst_0.1,0,11,30,0,1,48
25,p_burst_0.1,0,12,40,0,5,7
25,p_burst_0.1,0,13,2,1,2,25
25,p_burst_0.1,0,14,2,1,2,38
25,p_burst_0.1,0,15,27,0,1,26
25,p_burst_0.1,0,16,12,0,2,12
25,p_burst_0.1,0,17,19,0,4,43
25,p_burst_0.1,0,18,5,1,5,9
25,p_burst_0.1,0,19,23,0,3,8
25,p_burst_0.1,0,20,3,0,1,24
25,p_burst_0.1,0,21,1,1,1,32
25,p_burst_0.1,0,22,7,0,3,20
25,p_burst_0.1,0,23,4,0,2,45
25,p_burst_0.1,0,24,8,0,3,3
25,p_burst_0.1,0,25,17,0,4,22
25,p_burst_0.1,0,26,2,1,2,41
25,p_burst_0.1,0,27,4,0,3,18
25,p_burst_0.1,0,28,17,0,3,35
25,p_burst_0.1,0,29,5,1,5,31
25,p_burst_0.1,0,30,14,0,2,39
25,p_burst_0.1,0,31,2,1,2,16
25,p_burst_0.1,0,32,1,1,1,44
25,p_burst_0.1,0,33,15,0,1,10
25,p_burst_0.1,0,34,8,0,1,5
25,p_burst_0.1,0,35,13,0,3,40
25,p_burst_0.1,0,36,29,0,4,50
25,p_burst_0.1,0,37,16,0,4,47
25,p_burst_0.1,0,38,6,0,4,46
25,p_burst_0.1,0,39,2,1,2,28
25,p_burst_0.1,0,40,3,1,3,14
25,p_burst_0.1,0,41,21,0,4,11
25,p_burst_0.1,0,42,31,0,3,33
25,p_burst_0.1,0,43,4,1,4,1
25,p_burst_0.1,0,44,24,0,3,34
25,p_burst_0.1,0,45,21,0,1,4
25,p_burst_0.1,0,46,5,0,3,6
25,p_burst_0.1,0,47,1,1,1,15
25,p_burst_0.1,0,48,7,0,4,23
25,p_burst_0.1,0,49,4,1,4,42
25,p_burst_0.1,0,50,17,0,3,30
25,p_burst_0.2,1,1,1,1,1,37
25,p_burst_0.2,1,2,1,1,1,29
25,p_burst_0.2,1,3,8,0,0,13
25,p_burst_0.2,1,4,4,0,3,19
25,p_burst_0.2,1,5,4,1,4,27
25,p_burst_0.2,1,6,3,1,3,36
25,p_burst_0.2,1,7,5,0,3,2
25,p_burst_0.2,1,8,10,0,3,21
25,p_burst_0.2,1,9,5,0,2,17
25,p_burst_0.2,1,10,2,1,2,49
25,p_burst_0.2,1,11,1,0,0,48
25,p_burst_0.2,1,12,8,0,0,7
25,p_burst_0.2,1,13,1,1,1,25
25,p_burst_0.2,1,14,4,1,4,38
25,p_burst_0.2,1,15,3,0,0,26
25,p_burst_0.2,1,16,1,1,1,12
25,p_burst_0.2,1,17,4,1,4,43
25,p_burst_0.2,1,18,6,0,4,9
25,p_burst_0.2,1,19,24,0,1,8
25,p_burst_0.2,1,20,11,0,3,24
25,p_burst_0.2,1,21,29,0,6,32
25,p_burst_0.2,1,22,2,0,1,20
25,p_burst_0.2,1,23,2,1,2,45
25,p_burst_0.2,1,24,21,0,4,3
25,p_burst_0.2,1,25,4,1,4,22
25,p_burst_0.2,1,26,2,0,0,41
25,p_burst_0.2,1,27,12,0,3,18
25,p_burst_0.2,1,28,19,0,4,35
25,p_burst_0.2,1,29,5,0,2,31
25,p_burst_0.2,1,30,14,0,4,39
25,p_burst_0.2,1,31,3,0,1,16
25,p_burst_0.2,1,32,4,1,4,44
25,p_burst_0.2,1,33,2,1,2,10
25,p_burst_0.2,1,34,3,1,3,5
25,p_burst_0.2,1,35,1,1,1,40
25,p_burst_0.2,1,36,7,0,3,50
25,p_burst_0.2,1,37,4,1,4,47
25,p_burst_0.2,1,38,4,0,0,46
25,p_burst_0.2,1,39,4,0,3,28
25,p_burst_0.2,1,40,5,0,3,14
25,p_burst_0.2,1,41,5,0,1,11
25,p_burst_0.2,1,42,7,0,3,33
25,p_burst_0.2,1,43,1,1,1,1
25,p_burst_0.2,1,44,1,1,1,34
25,p_burst_0.2,1,45,4,0,1,4
25,p_burst_0.2,1,46,17,0,4,6
25,p_burst_0.2,1,47,1,1,1,15
25,p_burst_0.2,1,48,4,0,3,23
25,p_burst_0.2,1,49,13,0,2,42
25,p_burst_0.2,1,50,1,1,1,30
26,p_burst_0.1,0,1,1,1,1,8
26,p_burst_0.1,0,2,13,0,2,20
26,p_burst_0.1,0,3,7,0,3,37
26,p_burst_0.1,0,4,5,0,3,49
26,p_burst_0.1,0,5,18,0,4,7
26,p_burst_0.1,0,6,8,0,2,21
26,p_burst_0.1,0,7,5,0,3,6
26,p_burst_0.1,0,8,3,1,3,30
26,p_burst_0.1,0,9,1,1,1,47
26,p_burst_0.1,0,10,4,1,4,2
26,p_burst_0.1,0,11,30,0,4,50
26,p_burst_0.1,0,12,40,0,3,25
26,p_burst_0.1,0,13,2,1,2,28
26,p_burst_0.1,0,14,2,1,2,34
26,p_burst_0.1,0,15,27,0,3,26
26,p_burst_0.1,0,16,12,0,4,46
26,p_burst_0.1,0,17,19,0,3,48
26,p_burst_0.1,0,18,5,0,3,44
26,p_burst_0.1,0,19,23,0,4,23
26,p_burst_0.1,0,20,3,1,3,41
26,p_burst_0.1,0,21,1,1,1,24
26,p_burst_0.1,0,22,7,0,4,33
26,p_burst_0.1,0,23,4,1,4,22
26,p_burst_0.1,0,24,8,0,3,4
26,p_burst_0.1,0,25,17,0,2,16
26,p_burst_0.1,0,26,2,1,2,42
26,p_burst_0.1,0,27,4,1,4,9
26,p_burst_0.1,0,28,17,0,3,15
26,p_burst_0.1,0,29,5,0,3,29
26,p_burst_0.1,0,30,14,0,3,39
26,p_burst_0.1,0,31,2,1,2,13
26,p_burst_0.1,0,32,1,1,1,12
26,p_burst_0.1,0,33,15,0,3,19
26,p_burst_0.1,0,34,8,0,3,38
26,p_burst_0.1,0,35,13,0,3,45
26,p_burst_0.1,0,36,29,0,4,5
26,p_burst_0.1,0,37,16,0,2,18
26,p_burst_0.1,0,38,6,0,3,27
26,p_burst_0.1,0,39,2,1,2,36
26,p_burst_0.1,0,40,3,0,2,10
26,p_burst_0.1,0,41,21,0,3,40
26,p_burst_0.1,0,42,31,0,3,31
26,p_burst_0.1,0,43,4,0,3,35
26,p_burst_0.1,0,44,24,0,3,11
26,p_burst_0.1,0,45,21,0,3,43
26,p_burst_0.1,0,46,5,0,4,17
26,p_burst_0.1,0,47,1,1,1,14
26,p_burst_0.1,0,48,7,0,4,3
26,p_burst_0.1,0,49,4,1,4,32
26,p_burst_0.1,0,50,17,0,3,1
26,p_burst_0.2,1,1,1,1,1,8
26,p_burst_0.2,1,2,1,1,1,20
26,p_burst_0.2,1,3,8,0,3,37
26,p_burst_0.2,1,4,4,0,2,49
26,p_burst_0.2,1,5,4,0,3,7
26,p_burst_0.2,1,6,3,1,3,21
26,p_burst_0.2,1,7,5,1,5,6
26,p_burst_0.2,1,8,10,0,3,30
26,p_burst_0.2,1,9,5,0,2,47
26,p_burst_0.2,1,10,2,1,2,2
26,p_burst_0.2,1,11,1,1,1,50
26,p_burst_0.2,1,12,8,0,2,25
26,p_burst_0.2,1,13,1,1,1,28
26,p_burst_0.2,1,14,4,0,3,34
26,p_burst_0.2,1,15,3,0,2,26
26,p_burst_0.2,1,16,1,1,1,46
26,p_burst_0.2,1,17,4,0,2,48
26,p_burst_0.2,1,18,6,0,3,44
26,p_burst_0.2,1,19,24,0,2,23
26,p_burst_0.2,1,20,11,0,5,41
26,p_burst_0.2,1,21,29,0,4,24
26,p_burst_0.2,1,22,2,1,2,33
26,p_burst_0.2,1,23,2,1,2,22
26,p_burst_0.2,1,24,21,0,2,4
26,p_burst_0.2,1,25,4,1,4,16
26,p_burst_0.2,1,26,2,1,2,42
26,p_burst_0.2,1,27,12,0,3,9
26,p_burst_0.2,1,28,19,0,3,15
26,p_burst_0.2,1,29,5,0,2,29
26,p_burst_0.2,1,30,14,0,4,39
26,p_burst_0.2,1,31,3,0,2,13
26,p_burst_0.2,1,32,4,0,2,12
26,p_burst_0.2,1,33,2,1,2,19
26,p_burst_0.2,1,34,3,1,3,38
26,p_burst_0.2,1,35,1,1,1,45
26,p_burst_0.2,1,36,7,0,3,5
26,p_burst_0.2,1,37,4,1,4,18
26,p_burst_0.2,1,38,4,0,2,27
26,p_burst_0.2,1,39,4,0,2,36
26,p_burst_0.2,1,40,5,0,3,10
26,p_burst_0.2,1,41,5,0,2,40
26,p_burst_0.2,1,42,7,0,2,31
26,p_burst_0.2,1,43,1,1,1,35
26,p_burst_0.2,1,44,1,1,1,11
26,p_burst_0.2,1,45,4,0,2,43
26,p_burst_0.2,1,46,17,0,3,17
26,p_burst_0.2,1,47,1,1,1,14
26,p_burst_0.2,1,48,4,0,2,3
26,p_burst_0.2,1,49,13,0,4,32
26,p_burst_0.2,1,50,1,1,1,1
27,p_burst_0.1,0,1,1,1,1,31
27,p_burst_0.1,0,2,13,0,4,44
27,p_burst_0.1,0,3,7,0,4,38
27,p_burst_0.1,0,4,5,0,4,23
27,p_burst_0.1,0,5,18,0,4,24
27,p_burst_0.1,0,6,8,0,4,50
27,p_burst_0.1,0,7,5,0,4,22
27,p_burst_0.1,0,8,3,1,3,42
27,p_burst_0.1,0,9,1,1,1,25
27,p_burst_0.1,0,10,4,1,4,35
27,p_burst_0.1,0,11,30,0,4,17
27,p_burst_0.1,0,12,40,0,4,9
27,p_burst_0.1,0,13,2,1,2,45
27,p_burst_0.1,0,14,2,1,2,4
27,p_burst_0.1,0,15,27,0,4,34
27,p_burst_0.1,0,16,12,0,4,1
27,p_burst_0.1,0,17,19,0,4,11
27,p_burst_0.1,0,18,5,0,4,13
27,p_burst_0.1,0,19,23,0,4,3
27,p_burst_0.1,0,20,3,1,3,2
27,p_burst_0.1,0,21,1,1,1,48
27,p_burst_0.1,0,22,7,0,4,6
27,p_burst_0.1,0,23,4,1,4,27
27,p_burst_0.1,0,24,8,0,4,21
27,p_burst_0.1,0,25,17,0,4,18
27,p_burst_0.1,0,26,2,0,0,49
27,p_burst_0.1,0,27,4,1,4,43
27,p_burst_0.1,0,28,17,0,4,16
27,p_burst_0.1,0,29,5,0,4,7
27,p_burst_0.1,0,30,14,0,4,32
27,p_burst_0.1,0,31,2,1,2,41
27,p_burst_0.1,0,32,1,1,1,14
27,p_burst_0.1,0,33,15,0,4,12
27,p_burst_0.1,0,34,8,0,4,39
27,p_burst_0.1,0,35,13,0,4,28
27,p_burst_0.1,0,36,29,0,4,19
27,p_burst_0.1,0,37,16,0,4,10
27,p_burst_0.1,0,38,6,0,4,37
27,p_burst_0.1,0,39,2,1,2,40
27,p_burst_0.1,0,40,3,1,3,15
27,p_burst_0.1,0,41,21,0,4,8
27,p_burst_0.1,0,42,31,0,4,30
27,p_burst_0.1,0,43,4,1,4,47
27,p_burst_0.1,0,44,24,0,4,5
27,p_burst_0.1,0,45,21,0,4,36
27,p_burst_0.1,0,46,5,0,4,20
27,p_burst_0.1,0,47,1,1,1,46
27,p_burst_0.1,0,48,7,0,4,33
27,p_burst_0.1,0,49,4,1,4,29
27,p_burst_0.1,0,50,17,0,4,26
27,p_burst_0.2,1,1,1,1,1,31
27,p_burst_0.2,1,2,1,1,1,44
27,p_burst_0.2,1,3,8,0,3,38
27,p_burst_0.2,1,4,4,0,3,23
27,p_burst_0.2,1,5,4,0,3,24
27,p_burst_0.2,1,6,3,1,3,50
27,p_burst_0.2,1,7,5,0,3,22
27,p_burst_0.2,1,8,10,0,3,25
27,p_burst_0.2,1,9,5,0,3,42
27,p_burst_0.2,1,10,2,1,2,35
27,p_burst_0.2,1,11,1,1,1,17
27,p_burst_0.2,1,12,8,0,3,9
27,p_burst_0.2,1,13,1,1,1,45
27,p_burst_0.2,1,14,4,0,3,4
27,p_burst_0.2,1,15,3,1,3,34
27,p_burst_0.2,1,16,1,1,1,1
27,p_burst_0.2,1,17,4,0,3,11
27,p_burst_0.2,1,18,6,0,3,13
27,p_burst_0.2,1,19,24,0,3,3
27,p_burst_0.2,1,20,11,0,3,2
27,p_burst_0.2,1,21,29,0,3,48
27,p_burst_0.2,1,22,2,1,2,6
27,p_burst_0.2,1,23,2,1,2,27
27,p_burst_0.2,1,24,21,0,3,21
27,p_burst_0.2,1,25,4,0,3,18
27,p_burst_0.2,1,26,2,0,0,49
27,p_burst_0.2,1,27,12,0,3,43
27,p_burst_0.2,1,28,19,0,3,16
27,p_burst_0.2,1,29,5,0,3,7
27,p_burst_0.2,1,30,14,0,3,32
27,p_burst_0.2,1,31,3,1,3,41
27,p_burst_0.2,1,32,4,0,3,14
27,p_burst_0.2,1,33,2,1,2,12
27,p_burst_0.2,1,34,3,1,3,39
27,p_burst_0.2,1,35,1,1,1,28
27,p_burst_0.2,1,36,7,0,3,19
27,p_burst_0.2,1,37,4,0,3,10
27,p_burst_0.2,1,38,4,1,4,37
27,p_burst_0.2,1,39,4,0,3,40
27,p_burst_0.2,1,40,5,0,3,15
27,p_burst_0.2,1,41,5,0,3,8
27,p_burst_0.2,1,42,7,0,3,30
27,p_burst_0.2,1,43,1,1,1,47
27,p_burst_0.2,1,44,1,1,1,5
27,p_burst_0.2,1,45,4,0,3,36
27,p_burst_0.2,1,46,17,0,3,20
27,p_burst_0.2,1,47,1,1,1,46
27,p_burst_0.2,1,48,4,0,3,33
27,p_burst_0.2,1,49,13,0,3,29
27,p_burst_0.2,1,50,1,1,1,26
28,p_burst_0.1,0,1,1,1,1,45
28,p_burst_0.1,0,2,13,0,9,30
28,p_burst_0.1,0,3,7,1,7,10
28,p_burst_0.1,0,4,5,1,5,2
28,p_burst_0.1,0,5,18,0,11,48
28,p_burst_0.1,0,6,8,1,8,24
28,p_burst_0.1,0,7,5,1,5,3
28,p_burst_0.1,0,8,3,1,3,19
28,p_burst_0.1,0,9,1,1,1,34
28,p_burst_0.1,0,10,4,1,4,4
28,p_burst_0.1,0,11,30,0,6,5
28,p_burst_0.1,0,12,40,0,12,23
28,p_burst_0.1,0,13,2,1,2,39
28,p_burst_0.1,0,14,2,1,2,21
28,p_burst_0.1,0,15,27,0,13,28
28,p_burst_0.1,0,16,12,0,5,35
28,p_burst_0.1,0,17,19,0,4,42
28,p_burst_0.1,0,18,5,1,5,22
28,p_burst_0.1,0,19,23,0,11,14
28,p_burst_0.1,0,20,3,1,3,38
28,p_burst_0.1,0,21,1,1,1,47
28,p_burst_0.1,0,22,7,1,7,15
28,p_burst_0.1,0,23,4,1,4,11
28,p_burst_0.1,0,24,8,1,8,1
28,p_burst_0.1,0,25,17,0,4,44
28,p_burst_0.1,0,26,2,1,2,25
28,p_burst_0.1,0,27,4,1,4,20
28,p_burst_0.1,0,28,17,0,8,18
28,p_burst_0.1,0,29,5,1,5,12
28,p_burst_0.1,0,30,14,0,6,31
28,p_burst_0.1,0,31,2,1,2,26
28,p_burst_0.1,0,32,1,1,1,29
28,p_burst_0.1,0,33,15,0,10,50
28,p_burst_0.1,0,34,8,1,8,17
28,p_burst_0.1,0,35,13,0,11,43
28,p_burst_0.1,0,36,29,0,6,32
28,p_burst_0.1,0,37,16,0,7,49
28,p_burst_0.1,0,38,6,1,6,41
28,p_burst_0.1,0,39,2,1,2,36
28,p_burst_0.1,0,40,3,1,3,27
28,p_burst_0.1,0,41,21,0,11,7
28,p_burst_0.1,0,42,31,0,12,8
28,p_burst_0.1,0,43,4,1,4,13
28,p_burst_0.1,0,44,24,0,14,6
28,p_burst_0.1,0,45,21,0,9,9
28,p_burst_0.1,0,46,5,1,5,37
28,p_burst_0.1,0,47,1,1,1,16
28,p_burst_0.1,0,48,7,0,5,40
28,p_burst_0.1,0,49,4,1,4,46
28,p_burst_0.1,0,50,17,0,9,33
28,p_burst_0.2,1,1,1,1,1,45
28,p_burst_0.2,1,2,1,1,1,30
28,p_burst_0.2,1,3,8,0,3,10
28,p_burst_0.2,1,4,4,1,4,2
28,p_burst_0.2,1,5,4,1,4,48
28,p_burst_0.2,1,6,3,1,3,24
28,p_burst_0.2,1,7,5,0,4,3
28,p_burst_0.2,1,8,10,0,4,19
28,p_burst_0.2,1,9,5,1,5,34
28,p_burst_0.2,1,10,2,1,2,4
28,p_burst_0.2,1,11,1,1,1,5
28,p_burst_0.2,1,12,8,0,2,23
28,p_burst_0.2,1,13,1,1,1,39
28,p_burst_0.2,1,14,4,0,3,21
28,p_burst_0.2,1,15,3,1,3,28
28,p_burst_0.2,1,16,1,1,1,35
28,p_burst_0.2,1,17,4,0,3,42
28,p_burst_0.2,1,18,6,0,2,22
28,p_burst_0.2,1,19,24,0,3,14
28,p_burst_0.2,1,20,11,0,2,38
28,p_burst_0.2,1,21,29,0,3,47
28,p_burst_0.2,1,22,2,1,2,15
28,p_burst_0.2,1,23,2,1,2,11
28,p_burst_0.2,1,24,21,0,4,1
28,p_burst_0.2,1,25,4,0,2,44
28,p_burst_0.2,1,26,2,1,2,25
28,p_burst_0.2,1,27,12,0,4,20
28,p_burst_0.2,1,28,19,0,3,18
28,p_burst_0.2,1,29,5,0,3,12
28,p_burst_0.2,1,30,14,1,14,31
28,p_burst_0.2,1,31,3,1,3,26
28,p_burst_0.2,1,32,4,1,4,29
28,p_burst_0.2,1,33,2,1,2,50
28,p_burst_0.2,1,34,3,1,3,17
28,p_burst_0.2,1,35,1,1,1,43
28,p_burst_0.2,1,36,7,0,4,32
28,p_burst_0.2,1,37,4,1,4,49
28,p_burst_0.2,1,38,4,0,3,41
28,p_burst_0.2,1,39,4,1,4,36
28,p_burst_0.2,1,40,5,0,4,27
28,p_burst_0.2,1,41,5,0,3,7
28,p_burst_0.2,1,42,7,0,2,8
28,p_burst_0.2,1,43,1,1,1,13
28,p_burst_0.2,1,44,1,1,1,6
28,p_burst_0.2,1,45,4,0,0,9
28,p_burst_0.2,1,46,17,0,4,37
28,p_burst_0.2,1,47,1,1,1,16
28,p_burst_0.2,1,48,4,1,4,40
28,p_burst_0.2,1,49,13,0,3,46
28,p_burst_0.2,1,50,1,1,1,33
29,p_burst_0.1,0,1,1,1,1,10
29,p_burst_0.1,0,2,13,0,7,21
29,p_burst_0.1,0,3,7,0,4,32
29,p_burst_0.1,0,4,5,1,5,19
29,p_burst_0.1,0,5,18,0,4,9
29,p_burst_0.1,0,6,8,0,4,46
29,p_burst_0.1,0,7,5,1,5,12
29,p_burst_0.1,0,8,3,1,3,35
29,p_burst_0.1,0,9,1,1,1,16
29,p_burst_0.1,0,10,4,0,2,48
29,p_burst_0.1,0,11,30,0,5,28
29,p_burst_0.1,0,12,40,0,2,37
29,p_burst_0.1,0,13,2,1,2,17
29,p_burst_0.1,0,14,2,1,2,22
29,p_burst_0.1,0,15,27,0,4,47
29,p_burst_0.1,0,16,12,0,3,6
29,p_burst_0.1,0,17,19,0,4,15
29,p_burst_0.1,0,18,5,0,4,44
29,p_burst_0.1,0,19,23,0,2,30
29,p_burst_0.1,0,20,3,1,3,49
29,p_burst_0.1,0,21,1,1,1,43
29,p_burst_0.1,0,22,7,0,4,18
29,p_burst_0.1,0,23,4,1,4,36
29,p_burst_0.1,0,24,8,0,4,34
29,p_burst_0.1,0,25,17,0,4,5
29,p_burst_0.1,0,26,2,1,2,31
29,p_burst_0.1,0,27,4,1,4,11
29,p_burst_0.1,0,28,17,0,3,14
29,p_burst_0.1,0,29,5,1,5,2
29,p_burst_0.1,0,30,14,0,4,50
29,p_burst_0.1,0,31,2,1,2,13
29,p_burst_0.1,0,32,1,1,1,45
29,p_burst_0.1,0,33,15,1,15,33
29,p_burst_0.1,0,34,8,0,4,27
29,p_burst_0.1,0,35,13,0,3,40
29,p_burst_0.1,0,36,29,0,4,8
29,p_burst_0.1,0,37,16,0,3,4
29,p_burst_0.1,0,38,6,0,4,26
29,p_burst_0.1,0,39,2,1,2,20
29,p_burst_0.1,0,40,3,1,3,41
29,p_burst_0.1,0,41,21,0,10,7
29,p_burst_0.1,0,42,31,0,4,24
29,p_burst_0.1,0,43,4,0,3,29
29,p_burst_0.1,0,44,24,0,4,38
29,p_burst_0.1,0,45,21,0,15,23
29,p_burst_0.1,0,46,5,0,2,3
29,p_burst_0.1,0,47,1,1,1,25
29,p_burst_0.1,0,48,7,0,3,42
29,p_burst_0.1,0,49,4,1,4,1
29,p_burst_0.1,0,50,17,0,11,39
29,p_burst_0.2,1,1,1,1,1,10
29,p_burst_0.2,1,2,1,1,1,21
29,p_burst_0.2,1,3,8,0,2,32
29,p_burst_0.2,1,4,4,0,2,19
29,p_burst_0.2,1,5,4,0,2,9
29,p_burst_0.2,1,6,3,1,3,46
29,p_burst_0.2,1,7,5,0,2,12
29,p_burst_0.2,1,8,10,0,2,35
29,p_burst_0.2,1,9,5,0,3,16
29,p_burst_0.2,1,10,2,1,2,48
29,p_burst_0.2,1,11,1,1,1,28
29,p_burst_0.2,1,12,8,0,5,37
29,p_burst_0.2,1,13,1,1,1,17
29,p_burst_0.2,1,14,4,0,2,22
29,p_burst_0.2,1,15,3,0,2,47
29,p_burst_0.2,1,16,1,1,1,6
29,p_burst_0.2,1,17,4,0,2,15
29,p_burst_0.2,1,18,6,0,2,44
29,p_burst_0.2,1,19,24,0,2,30
29,p_burst_0.2,1,20,11,0,2,49
29,p_burst_0.2,1,21,29,0,5,43
29,p_burst_0.2,1,22,2,1,2,18
29,p_burst_0.2,1,23,2,1,2,36
29,p_burst_0.2,1,24,21,0,2,34
29,p_burst_0.2,1,25,4,0,2,5
29,p_burst_0.2,1,26,2,1,2,31
29,p_burst_0.2,1,27,12,0,2,11
29,p_burst_0.2,1,28,19,0,4,14
29,p_burst_0.2,1,29,5,0,2,2
29,p_burst_0.2,1,30,14,0,2,50
29,p_burst_0.2,1,31,3,0,2,13
29,p_burst_0.2,1,32,4,1,4,45
29,p_burst_0.2,1,33,2,1,2,33
29,p_burst_0.2,1,34,3,0,2,27
29,p_burst_0.2,1,35,1,1,1,40
29,p_burst_0.2,1,36,7,0,2,8
29,p_burst_0.2,1,37,4,1,4,4
29,p_burst_0.2,1,38,4,0,2,26
29,p_burst_0.2,1,39,4,0,2,20
29,p_burst_0.2,1,40,5,0,2,41
29,p_burst_0.2,1,41,5,0,3,7
29,p_burst_0.2,1,42,7,0,2,24
29,p_burst_0.2,1,43,1,1,1,29
29,p_burst_0.2,1,44,1,1,1,38
29,p_burst_0.2,1,45,4,0,2,23
29,p_burst_0.2,1,46,17,0,4,3
29,p_burst_0.2,1,47,1,0,0,25
29,p_burst_0.2,1,48,4,0,3,42
29,p_burst_0.2,1,49,13,0,2,1
29,p_burst_0.2,1,50,1,1,1,39
30,p_burst_0.1,0,1,1,1,1,48
30,p_burst_0.1,0,2,13,0,1,1
30,p_burst_0.1,0,3,7,0,3,37
30,p_burst_0.1,0,4,5,0,2,39
30,p_burst_0.1,0,5,18,0,2,12
30,p_burst_0.1,0,6,8,0,3,45
30,p_burst_0.1,0,7,5,0,1,26
30,p_burst_0.1,0,8,3,0,2,49
30,p_burst_0.1,0,9,1,1,1,13
30,p_burst_0.1,0,10,4,0,2,27
30,p_burst_0.1,0,11,30,0,2,28
30,p_burst_0.1,0,12,40,0,2,19
30,p_burst_0.1,0,13,2,1,2,33
30,p_burst_0.1,0,14,2,1,2,43
30,p_burst_0.1,0,15,27,0,2,42
30,p_burst_0.1,0,16,12,0,3,11
30,p_burst_0.1,0,17,19,0,3,18
30,p_burst_0.1,0,18,5,0,2,20
30,p_burst_0.1,0,19,23,0,3,35
30,p_burst_0.1,0,20,3,1,3,44
30,p_burst_0.1,0,21,1,1,1,30
30,p_burst_0.1,0,22,7,0,3,47
30,p_burst_0.1,0,23,4,0,3,38
30,p_burst_0.1,0,24,8,0,3,6
30,p_burst_0.1,0,25,17,0,3,9
30,p_burst_0.1,0,26,2,1,2,22
30,p_burst_0.1,0,27,4,0,2,25
30,p_burst_0.1,0,28,17,0,2,17
30,p_burst_0.1,0,29,5,0,2,7
30,p_burst_0.1,0,30,14,0,3,10
30,p_burst_0.1,0,31,2,1,2,32
30,p_burst_0.1,0,32,1,1,1,5
30,p_burst_0.1,0,33,15,0,1,14
30,p_burst_0.1,0,34,8,0,2,15
30,p_burst_0.1,0,35,13,0,2,40
30,p_burst_0.1,0,36,29,0,3,16
30,p_burst_0.1,0,37,16,0,3,21
30,p_burst_0.1,0,38,6,0,2,31
30,p_burst_0.1,0,39,2,1,2,29
30,p_burst_0.1,0,40,3,0,2,34
30,p_burst_0.1,0,41,21,0,2,36
30,p_burst_0.1,0,42,31,0,2,8
30,p_burst_0.1,0,43,4,0,1,41
30,p_burst_0.1,0,44,24,0,2,24
30,p_burst_0.1,0,45,21,0,3,23
30,p_burst_0.1,0,46,5,0,1,2
30,p_burst_0.1,0,47,1,1,1,4
30,p_burst_0.1,0,48,7,0,2,3
30,p_burst_0.1,0,49,4,0,3,50
30,p_burst_0.1,0,50,17,0,4,46
30,p_burst_0.2,1,1,1,1,1,48
30,p_burst_0.2,1,2,1,1,1,1
30,p_burst_0.2,1,3,8,0,3,37
30,p_burst_0.2,1,4,4,0,2,39
30,p_burst_0.2,1,5,4,0,2,12
30,p_burst_0.2,1,6,3,1,3,45
30,p_burst_0.2,1,7,5,0,2,26
30,p_burst_0.2,1,8,10,0,2,49
30,p_burst_0.2,1,9,5,0,2,13
30,p_burst_0.2,1,10,2,1,2,27
30,p_burst_0.2,1,11,1,1,1,28
30,p_burst_0.2,1,12,8,0,3,19
30,p_burst_0.2,1,13,1,1,1,33
30,p_burst_0.2,1,14,4,0,3,43
30,p_burst_0.2,1,15,3,1,3,42
30,p_burst_0.2,1,16,1,1,1,11
30,p_burst_0.2,1,17,4,0,2,18
30,p_burst_0.2,1,18,6,0,3,20
30,p_burst_0.2,1,19,24,0,3,35
30,p_burst_0.2,1,20,11,0,4,44
30,p_burst_0.2,1,21,29,0,2,30
30,p_burst_0.2,1,22,2,1,2,47
30,p_burst_0.2,1,23,2,1,2,38
30,p_burst_0.2,1,24,21,0,3,6
30,p_burst_0.2,1,25,4,0,1,9
30,p_burst_0.2,1,26,2,1,2,22
30,p_burst_0.2,1,27,12,0,2,25
30,p_burst_0.2,1,28,19,0,2,17
30,p_burst_0.2,1,29,5,0,2,7
30,p_burst_0.2,1,30,14,0,1,10
30,p_burst_0.2,1,31,3,0,2,32
30,p_burst_0.2,1,32,4,0,2,5
30,p_burst_0.2,1,33,2,1,2,14
30,p_burst_0.2,1,34,3,0,2,15
30,p_burst_0.2,1,35,1,1,1,40
30,p_burst_0.2,1,36,7,0,2,16
30,p_burst_0.2,1,37,4,0,2,21
30,p_burst_0.2,1,38,4,0,2,31
30,p_burst_0.2,1,39,4,0,3,29
30,p_burst_0.2,1,40,5,0,3,34
30,p_burst_0.2,1,41,5,0,2,36
30,p_burst_0.2,1,42,7,0,2,8
30,p_burst_0.2,1,43,1,1,1,41
30,p_burst_0.2,1,44,1,1,1,24
30,p_burst_0.2,1,45,4,1,4,23
30,p_burst_0.2,1,46,17,0,3,2
30,p_burst_0.2,1,47,1,1,1,4
30,p_burst_0.2,1,48,4,1,4,3
30,p_burst_0.2,1,49,13,0,1,50
30,p_burst_0.2,1,50,1,1,1,46
31,p_burst_0.1,0,1,1,1,1,41
31,p_burst_0.1,0,2,13,0,2,49
31,p_burst_0.1,0,3,7,0,2,10
31,p_burst_0.1,0,4,5,0,2,2
31,p_burst_0.1,0,5,18,0,3,43
31,p_burst_0.1,0,6,8,0,2,14
31,p_burst_0.1,0,7,5,0,3,20
31,p_burst_0.1,0,8,3,0,2,11
31,p_burst_0.1,0,9,1,1,1,23
31,p_burst_0.1,0,10,4,0,2,48
31,p_burst_0.1,0,11,30,0,2,3
31,p_burst_0.1,0,12,40,0,2,37
31,p_burst_0.1,0,13,2,1,2,35
31,p_burst_0.1,0,14,2,1,2,46
31,p_burst_0.1,0,15,27,0,2,21
31,p_burst_0.1,0,16,12,0,3,24
31,p_burst_0.1,0,17,19,0,2,32
31,p_burst_0.1,0,18,5,0,2,19
31,p_burst_0.1,0,19,23,0,2,29
31,p_burst_0.1,0,20,3,0,2,5
31,p_burst_0.1,0,21,1,1,1,7
31,p_burst_0.1,0,22,7,0,2,16
31,p_burst_0.1,0,23,4,0,2,26
31,p_burst_0.1,0,24,8,0,2,6
31,p_burst_0.1,0,25,17,0,2,27
31,p_burst_0.1,0,26,2,1,2,39
31,p_burst_0.1,0,27,4,0,2,1
31,p_burst_0.1,0,28,17,0,2,25
31,p_burst_0.1,0,29,5,0,3,36
31,p_burst_0.1,0,30,14,0,2,18
31,p_burst_0.1,0,31,2,1,2,15
31,p_burst_0.1,0,32,1,1,1,8
31,p_burst_0.1,0,33,15,0,2,42
31,p_burst_0.1,0,34,8,0,2,13
31,p_burst_0.1,0,35,13,0,2,9
31,p_burst_0.1,0,36,29,0,2,47
31,p_burst_0.1,0,37,16,0,2,28
31,p_burst_0.1,0,38,6,0,2,4
31,p_burst_0.1,0,39,2,1,2,34
31,p_burst_0.1,0,40,3,1,3,17
31,p_burst_0.1,0,41,21,0,2,45
31,p_burst_0.1,0,42,31,0,2,31
31,p_burst_0.1,0,43,4,0,2,30
31,p_burst_0.1,0,44,24,0,2,50
31,p_burst_0.1,0,45,21,0,2,38
31,p_burst_0.1,0,46,5,0,3,12
31,p_burst_0.1,0,47,1,1,1,22
31,p_burst_0.1,0,48,7,0,2,40
31,p_burst_0.1,0,49,4,0,2,33
31,p_burst_0.1,0,50,17,0,2,44
31,p_burst_0.2,1,1,1,1,1,41
31,p_burst_0.2,1,2,1,1,1,49
31,p_burst_0.2,1,3,8,0,2,10
31,p_burst_0.2,1,4,4,0,2,2
31,p_burst_0.2,1,5,4,0,2,43
31,p_burst_0.2,1,6,3,0,2,14
31,p_burst_0.2,1,7,5,0,2,20
31,p_burst_0.2,1,8,10,0,2,11
31,p_burst_0.2,1,9,5,0,2,23
31,p_burst_0.2,1,10,2,1,2,48
31,p_burst_0.2,1,11,1,1,1,3
31,p_burst_0.2,1,12,8,0,3,37
31,p_burst_0.2,1,13,1,1,1,35
31,p_burst_0.2,1,14,4,0,2,46
31,p_burst_0.2,1,15,3,0,2,21
31,p_burst_0.2,1,16,1,1,1,24
31,p_burst_0.2,1,17,4,0,2,32
31,p_burst_0.2,1,18,6,0,2,19
31,p_burst_0.2,1,19,24,0,2,29
31,p_burst_0.2,1,20,11,0,3,5
31,p_burst_0.2,1,21,29,0,2,7
31,p_burst_0.2,1,22,2,1,2,16
31,p_burst_0.2,1,23,2,1,2,26
31,p_burst_0.2,1,24,21,0,2,6
31,p_burst_0.2,1,25,4,0,2,27
31,p_burst_0.2,1,26,2,1,2,39
31,p_burst_0.2,1,27,12,0,2,1
31,p_burst_0.2,1,28,19,0,1,25
31,p_burst_0.2,1,29,5,0,2,36
31,p_burst_0.2,1,30,14,0,2,18
31,p_burst_0.2,1,31,3,0,2,15
31,p_burst_0.2,1,32,4,0,2,8
31,p_burst_0.2,1,33,2,1,2,42
31,p_burst_0.2,1,34,3,0,2,13
31,p_burst_0.2,1,35,1,1,1,9
31,p_burst_0.2,1,36,7,0,2,47
31,p_burst_0.2,1,37,4,0,2,28
31,p_burst_0.2,1,38,4,0,2,4
31,p_burst_0.2,1,39,4,0,2,34
31,p_burst_0.2,1,40,5,0,2,17
31,p_burst_0.2,1,41,5,0,4,45
31,p_burst_0.2,1,42,7,0,2,31
31,p_burst_0.2,1,43,1,1,1,30
31,p_burst_0.2,1,44,1,1,1,50
31,p_burst_0.2,1,45,4,0,2,38
31,p_burst_0.2,1,46,17,0,2,12
31,p_burst_0.2,1,47,1,1,1,22
31,p_burst_0.2,1,48,4,0,3,40
31,p_burst_0.2,1,49,13,0,5,33
31,p_burst_0.2,1,50,1,1,1,44
32,p_burst_0.1,0,1,1,1,1,34
32,p_burst_0.1,0,2,13,0,0,4
32,p_burst_0.1,0,3,7,0,4,38
32,p_burst_0.1,0,4,5,1,5,49
32,p_burst_0.1,0,5,18,0,1,24
32,p_burst_0.1,0,6,8,0,7,37
32,p_burst_0.1,0,7,5,1,5,21
32,p_burst_0.1,0,8,3,1,3,5
32,p_burst_0.1,0,9,1,0,0,17
32,p_burst_0.1,0,10,4,0,1,41
32,p_burst_0.1,0,11,30,0,5,22
32,p_burst_0.1,0,12,40,0,1,46
32,p_burst_0.1,0,13,2,1,2,45
32,p_burst_0.1,0,14,2,0,0,16
32,p_burst_0.1,0,15,27,0,4,7
32,p_burst_0.1,0,16,12,0,5,23
32,p_burst_0.1,0,17,19,0,2,13
32,p_burst_0.1,0,18,5,0,0,42
32,p_burst_0.1,0,19,23,0,3,3
32,p_burst_0.1,0,20,3,1,3,30
32,p_burst_0.1,0,21,1,1,1,32
32,p_burst_0.1,0,22,7,0,4,8
32,p_burst_0.1,0,23,4,1,4,15
32,p_burst_0.1,0,24,8,0,1,39
32,p_burst_0.1,0,25,17,0,3,6
32,p_burst_0.1,0,26,2,1,2,50
32,p_burst_0.1,0,27,4,1,4,33
32,p_burst_0.1,0,28,17,0,2,36
32,p_burst_0.1,0,29,5,0,3,44
32,p_burst_0.1,0,30,14,0,5,1
32,p_burst_0.1,0,31,2,1,2,11
32,p_burst_0.1,0,32,1,1,1,47
32,p_burst_0.1,0,33,15,0,5,26
32,p_burst_0.1,0,34,8,1,8,19
32,p_burst_0.1,0,35,13,0,4,40
32,p_burst_0.1,0,36,29,0,0,10
32,p_burst_0.1,0,37,16,0,4,18
32,p_burst_0.1,0,38,6,0,4,9
32,p_burst_0.1,0,39,2,0,0,20
32,p_burst_0.1,0,40,3,1,3,12
32,p_burst_0.1,0,41,21,0,4,43
32,p_burst_0.1,0,42,31,0,2,14
32,p_burst_0.1,0,43,4,0,0,2
32,p_burst_0.1,0,44,24,0,7,48
32,p_burst_0.1,0,45,21,0,4,27
32,p_burst_0.1,0,46,5,1,5,31
32,p_burst_0.1,0,47,1,1,1,28
32,p_burst_0.1,0,48,7,1,7,25
32,p_burst_0.1,0,49,4,1,4,35
32,p_burst_0.1,0,50,17,0,5,29
32,p_burst_0.2,1,1,1,0,0,34
32,p_burst_0.2,1,2,1,1,1,4
32,p_burst_0.2,1,3,8,0,0,38
32,p_burst_0.2,1,4,4,1,4,49
32,p_burst_0.2,1,5,4,0,2,24
32,p_burst_0.2,1,6,3,0,0,37
32,p_burst_0.2,1,7,5,0,3,21
32,p_burst_0.2,1,8,10,0,2,5
32,p_burst_0.2,1,9,5,0,0,17
32,p_burst_0.2,1,10,2,1,2,41
32,p_burst_0.2,1,11,1,1,1,22
32,p_burst_0.2,1,12,8,0,6,46
32,p_burst_0.2,1,13,1,0,0,45
32,p_burst_0.2,1,14,4,1,4,16
32,p_burst_0.2,1,15,3,0,2,7
32,p_burst_0.2,1,16,1,1,1,23
32,p_burst_0.2,1,17,4,0,1,13
32,p_burst_0.2,1,18,6,0,1,42
32,p_burst_0.2,1,19,24,0,1,3
32,p_burst_0.2,1,20,11,0,5,30
32,p_burst_0.2,1,21,29,0,4,32
32,p_burst_0.2,1,22,2,1,2,8
32,p_burst_0.2,1,23,2,0,1,15
32,p_burst_0.2,1,24,21,0,6,39
32,p_burst_0.2,1,25,4,1,4,6
32,p_burst_0.2,1,26,2,1,2,50
32,p_burst_0.2,1,27,12,1,12,33
32,p_burst_0.2,1,28,19,0,2,36
32,p_burst_0.2,1,29,5,0,2,44
32,p_burst_0.2,1,30,14,0,0,1
32,p_burst_0.2,1,31,3,1,3,11
32,p_burst_0.2,1,32,4,0,2,47
32,p_burst_0.2,1,33,2,1,2,26
32,p_burst_0.2,1,34,3,1,3,19
32,p_burst_0.2,1,35,1,1,1,40
32,p_burst_0.2,1,36,7,0,3,10
32,p_burst_0.2,1,37,4,0,3,18
32,p_burst_0.2,1,38,4,0,2,9
32,p_burst_0.2,1,39,4,0,0,20
32,p_burst_0.2,1,40,5,1,5,12
32,p_burst_0.2,1,41,5,0,1,43
32,p_burst_0.2,1,42,7,0,0,14
32,p_burst_0.2,1,43,1,0,0,2
32,p_burst_0.2,1,44,1,0,0,48
32,p_burst_0.2,1,45,4,1,4,27
32,p_burst_0.2,1,46,17,0,4,31
32,p_burst_0.2,1,47,1,1,1,28
32,p_burst_0.2,1,48,4,1,4,25
32,p_burst_0.2,1,49,13,0,4,35
32,p_burst_0.2,1,50,1,1,1,29
33,p_burst_0.1,0,1,1,1,1,44
33,p_burst_0.1,0,2,13,0,4,21
33,p_burst_0.1,0,3,7,0,3,5
33,p_burst_0.1,0,4,5,0,4,35
33,p_burst_0.1,0,5,18,0,2,28
33,p_burst_0.1,0,6,8,0,3,25
33,p_burst_0.1,0,7,5,0,4,10
33,p_burst_0.1,0,8,3,1,3,49
33,p_burst_0.1,0,9,1,1,1,20
33,p_burst_0.1,0,10,4,1,4,3
33,p_burst_0.1,0,11,30,0,4,2
33,p_burst_0.1,0,12,40,0,7,9
33,p_burst_0.1,0,13,2,1,2,22
33,p_burst_0.1,0,14,2,1,2,24
33,p_burst_0.1,0,15,27,0,4,32
33,p_burst_0.1,0,16,12,0,4,17
33,p_burst_0.1,0,17,19,0,6,23
33,p_burst_0.1,0,18,5,0,2,43
33,p_burst_0.1,0,19,23,0,5,16
33,p_burst_0.1,0,20,3,1,3,48
33,p_burst_0.1,0,21,1,1,1,31
33,p_burst_0.1,0,22,7,0,6,45
33,p_burst_0.1,0,23,4,1,4,19
33,p_burst_0.1,0,24,8,0,5,11
33,p_burst_0.1,0,25,17,0,8,15
33,p_burst_0.1,0,26,2,1,2,29
33,p_burst_0.1,0,27,4,0,3,27
33,p_burst_0.1,0,28,17,0,7,14
33,p_burst_0.1,0,29,5,0,4,8
33,p_burst_0.1,0,30,14,0,4,18
33,p_burst_0.1,0,31,2,1,2,39
33,p_burst_0.1,0,32,1,1,1,36
33,p_burst_0.1,0,33,15,0,5,42
33,p_burst_0.1,0,34,8,0,5,34
33,p_burst_0.1,0,35,13,0,3,1
33,p_burst_0.1,0,36,29,0,1,47
33,p_burst_0.1,0,37,16,0,7,38
33,p_burst_0.1,0,38,6,0,3,33
33,p_burst_0.1,0,39,2,1,2,50
33,p_burst_0.1,0,40,3,1,3,12
33,p_burst_0.1,0,41,21,0,6,26
33,p_burst_0.1,0,42,31,0,3,46
33,p_burst_0.1,0,43,4,0,3,7
33,p_burst_0.1,0,44,24,0,5,37
33,p_burst_0.1,0,45,21,0,4,4
33,p_burst_0.1,0,46,5,1,5,13
33,p_burst_0.1,0,47,1,1,1,40
33,p_burst_0.1,0,48,7,1,7,6
33,p_burst_0.1,0,49,4,0,3,30
33,p_burst_0.1,0,50,17,0,7,41
33,p_burst_0.2,1,1,1,1,1,44
33,p_burst_0.2,1,2,1,1,1,21
33,p_burst_0.2,1,3,8,0,6,5
33,p_burst_0.2,1,4,4,0,2,35
33,p_burst_0.2,1,5,4,1,4,28
33,p_burst_0.2,1,6,3,1,3,25
33,p_burst_0.2,1,7,5,0,4,10
33,p_burst_0.2,1,8,10,0,5,49
33,p_burst_0.2,1,9,5,1,5,20
33,p_burst_0.2,1,10,2,1,2,3
33,p_burst_0.2,1,11,1,1,1,2
33,p_burst_0.2,1,12,8,0,6,9
33,p_burst_0.2,1,13,1,1,1,22
33,p_burst_0.2,1,14,4,0,3,24
33,p_burst_0.2,1,15,3,1,3,32
33,p_burst_0.2,1,16,1,1,1,17
33,p_burst_0.2,1,17,4,1,4,23
33,p_burst_0.2,1,18,6,0,5,43
33,p_burst_0.2,1,19,24,0,4,16
33,p_burst_0.2,1,20,11,0,3,48
33,p_burst_0.2,1,21,29,0,7,31
33,p_burst_0.2,1,22,2,1,2,45
33,p_burst_0.2,1,23,2,1,2,19
33,p_burst_0.2,1,24,21,0,4,11
33,p_burst_0.2,1,25,4,1,4,15
33,p_burst_0.2,1,26,2,1,2,29
33,p_burst_0.2,1,27,12,0,4,27
33,p_burst_0.2,1,28,19,0,5,14
33,p_burst_0.2,1,29,5,1,5,8
33,p_burst_0.2,1,30,14,0,5,18
33,p_burst_0.2,1,31,3,1,3,39
33,p_burst_0.2,1,32,4,0,3,36
33,p_burst_0.2,1,33,2,1,2,42
33,p_burst_0.2,1,34,3,1,3,34
33,p_burst_0.2,1,35,1,1,1,1
33,p_burst_0.2,1,36,7,0,6,47
33,p_burst_0.2,1,37,4,1,4,38
33,p_burst_0.2,1,38,4,0,1,33
33,p_burst_0.2,1,39,4,1,4,50
33,p_burst_0.2,1,40,5,0,1,12
33,p_burst_0.2,1,41,5,1,5,26
33,p_burst_0.2,1,42,7,0,3,46
33,p_burst_0.2,1,43,1,1,1,7
33,p_burst_0.2,1,44,1,0,0,37
33,p_burst_0.2,1,45,4,0,3,4
33,p_burst_0.2,1,46,17,0,7,13
33,p_burst_0.2,1,47,1,1,1,40
33,p_burst_0.2,1,48,4,1,4,6
33,p_burst_0.2,1,49,13,0,3,30
33,p_burst_0.2,1,50,1,1,1,41
34,p_burst_0.1,0,1,1,1,1,25
34,p_burst_0.1,0,2,13,0,4,48
34,p_burst_0.1,0,3,7,0,4,42
34,p_burst_0.1,0,4,5,0,3,1
34,p_burst_0.1,0,5,18,0,5,10
34,p_burst_0.1,0,6,8,0,2,22
34,p_burst_0.1,0,7,5,1,5,4
34,p_burst_0.1,0,8,3,1,3,27
34,p_burst_0.1,0,9,1,1,1,14
34,p_burst_0.1,0,10,4,0,2,19
34,p_burst_0.1,0,11,30,0,3,44
34,p_burst_0.1,0,12,40,0,3,38
34,p_burst_0.1,0,13,2,1,2,16
34,p_burst_0.1,0,14,2,1,2,3
34,p_burst_0.1,0,15,27,0,3,13
34,p_burst_0.1,0,16,12,0,4,5
34,p_burst_0.1,0,17,19,0,5,24
34,p_burst_0.1,0,18,5,0,3,17
34,p_burst_0.1,0,19,23,0,4,7
34,p_burst_0.1,0,20,3,1,3,47
34,p_burst_0.1,0,21,1,1,1,12
34,p_burst_0.1,0,22,7,0,3,49
34,p_burst_0.1,0,23,4,0,3,34
34,p_burst_0.1,0,24,8,0,5,2
34,p_burst_0.1,0,25,17,0,1,36
34,p_burst_0.1,0,26,2,1,2,8
34,p_burst_0.1,0,27,4,0,3,20
34,p_burst_0.1,0,28,17,0,3,46
34,p_burst_0.1,0,29,5,0,3,15
34,p_burst_0.1,0,30,14,0,3,6
34,p_burst_0.1,0,31,2,1,2,11
34,p_burst_0.1,0,32,1,1,1,28
34,p_burst_0.1,0,33,15,0,3,30
34,p_burst_0.1,0,34,8,0,4,9
34,p_burst_0.1,0,35,13,0,3,40
34,p_burst_0.1,0,36,29,0,4,43
34,p_burst_0.1,0,37,16,0,3,45
34,p_burst_0.1,0,38,6,0,4,32
34,p_burst_0.1,0,39,2,1,2,21
34,p_burst_0.1,0,40,3,0,2,50
34,p_burst_0.1,0,41,21,0,2,23
34,p_burst_0.1,0,42,31,0,2,33
34,p_burst_0.1,0,43,4,0,3,41
34,p_burst_0.1,0,44,24,0,3,26
34,p_burst_0.1,0,45,21,0,3,37
34,p_burst_0.1,0,46,5,0,3,31
34,p_burst_0.1,0,47,1,1,1,18
34,p_burst_0.1,0,48,7,0,1,39
34,p_burst_0.1,0,49,4,0,3,35
34,p_burst_0.1,0,50,17,0,3,29
34,p_burst_0.2,1,1,1,1,1,25
34,p_burst_0.2,1,2,1,1,1,48
34,p_burst_0.2,1,3,8,0,2,42
34,p_burst_0.2,1,4,4,0,2,1
34,p_burst_0.2,1,5,4,0,3,10
34,p_burst_0.2,1,6,3,0,2,22
34,p_burst_0.2,1,7,5,0,3,4
34,p_burst_0.2,1,8,10,0,3,27
34,p_burst_0.2,1,9,5,0,2,14
34,p_burst_0.2,1,10,2,1,2,19
34,p_burst_0.2,1,11,1,1,1,44
34,p_burst_0.2,1,12,8,0,2,38
34,p_burst_0.2,1,13,1,1,1,16
34,p_burst_0.2,1,14,4,0,2,3
34,p_burst_0.2,1,15,3,1,3,13
34,p_burst_0.2,1,16,1,1,1,5
34,p_burst_0.2,1,17,4,0,3,24
34,p_burst_0.2,1,18,6,0,1,17
34,p_burst_0.2,1,19,24,0,2,7
34,p_burst_0.2,1,20,11,0,2,47
34,p_burst_0.2,1,21,29,0,1,12
34,p_burst_0.2,1,22,2,1,2,49
34,p_burst_0.2,1,23,2,1,2,34
34,p_burst_0.2,1,24,21,0,3,2
34,p_burst_0.2,1,25,4,1,4,36
34,p_burst_0.2,1,26,2,1,2,8
34,p_burst_0.2,1,27,12,0,2,20
34,p_burst_0.2,1,28,19,0,3,46
34,p_burst_0.2,1,29,5,0,0,15
34,p_burst_0.2,1,30,14,0,2,6
34,p_burst_0.2,1,31,3,0,1,11
34,p_burst_0.2,1,32,4,0,2,28
34,p_burst_0.2,1,33,2,1,2,30
34,p_burst_0.2,1,34,3,0,2,9
34,p_burst_0.2,1,35,1,1,1,40
34,p_burst_0.2,1,36,7,0,2,43
34,p_burst_0.2,1,37,4,0,2,45
34,p_burst_0.2,1,38,4,0,3,32
34,p_burst_0.2,1,39,4,0,0,21
34,p_burst_0.2,1,40,5,0,2,50
34,p_burst_0.2,1,41,5,0,3,23
34,p_burst_0.2,1,42,7,0,4,33
34,p_burst_0.2,1,43,1,1,1,41
34,p_burst_0.2,1,44,1,1,1,26
34,p_burst_0.2,1,45,4,0,2,37
34,p_burst_0.2,1,46,17,0,2,31
34,p_burst_0.2,1,47,1,1,1,18
34,p_burst_0.2,1,48,4,1,4,39
34,p_burst_0.2,1,49,13,0,3,35
34,p_burst_0.2,1,50,1,1,1,29
35,p_burst_0.1,0,1,1,1,1,38
35,p_burst_0.1,0,2,13,0,0,45
35,p_burst_0.1,0,3,7,0,2,25
35,p_burst_0.1,0,4,5,0,2,9
35,p_burst_0.1,0,5,18,0,2,39
35,p_burst_0.1,0,6,8,0,2,31
35,p_burst_0.1,0,7,5,0,2,8
35,p_burst_0.1,0,8,3,0,1,27
35,p_burst_0.1,0,9,1,1,1,34
35,p_burst_0.1,0,10,4,0,2,29
35,p_burst_0.1,0,11,30,0,2,42
35,p_burst_0.1,0,12,40,0,1,13
35,p_burst_0.1,0,13,2,1,2,36
35,p_burst_0.1,0,14,2,1,2,15
35,p_burst_0.1,0,15,27,0,2,35
35,p_burst_0.1,0,16,12,0,1,20
35,p_burst_0.1,0,17,19,0,2,4
35,p_burst_0.1,0,18,5,0,2,1
35,p_burst_0.1,0,19,23,0,2,48
35,p_burst_0.1,0,20,3,0,2,3
35,p_burst_0.1,0,21,1,1,1,30
35,p_burst_0.1,0,22,7,0,2,11
35,p_burst_0.1,0,23,4,0,3,50
35,p_burst_0.1,0,24,8,0,2,37
35,p_burst_0.1,0,25,17,0,2,26
35,p_burst_0.1,0,26,2,0,1,49
35,p_burst_0.1,0,27,4,0,1,6
35,p_burst_0.1,0,28,17,0,2,10
35,p_burst_0.1,0,29,5,0,2,46
35,p_burst_0.1,0,30,14,0,1,24
35,p_burst_0.1,0,31,2,1,2,12
35,p_burst_0.1,0,32,1,1,1,43
35,p_burst_0.1,0,33,15,0,2,40
35,p_burst_0.1,0,34,8,0,2,18
35,p_burst_0.1,0,35,13,0,1,47
35,p_burst_0.1,0,36,29,0,1,16
35,p_burst_0.1,0,37,16,0,1,17
35,p_burst_0.1,0,38,6,0,2,32
35,p_burst_0.1,0,39,2,0,0,44
35,p_burst_0.1,0,40,3,0,1,7
35,p_burst_0.1,0,41,21,0,1,28
35,p_burst_0.1,0,42,31,0,2,14
35,p_burst_0.1,0,43,4,0,2,5
35,p_burst_0.1,0,44,24,0,2,33
35,p_burst_0.1,0,45,21,0,1,22
35,p_burst_0.1,0,46,5,0,1,41
35,p_burst_0.1,0,47,1,1,1,19
35,p_burst_0.1,0,48,7,0,1,21
35,p_burst_0.1,0,49,4,0,2,2
35,p_burst_0.1,0,50,17,0,2,23
35,p_burst_0.2,1,1,1,1,1,38
35,p_burst_0.2,1,2,1,1,1,45
35,p_burst_0.2,1,3,8,0,1,25
35,p_burst_0.2,1,4,4,0,2,9
35,p_burst_0.2,1,5,4,0,2,39
35,p_burst_0.2,1,6,3,0,2,31
35,p_burst_0.2,1,7,5,0,1,8
35,p_burst_0.2,1,8,10,0,2,27
35,p_burst_0.2,1,9,5,0,3,34
35,p_burst_0.2,1,10,2,0,1,29
35,p_burst_0.2,1,11,1,1,1,42
35,p_burst_0.2,1,12,8,0,2,13
35,p_burst_0.2,1,13,1,1,1,36
35,p_burst_0.2,1,14,4,0,2,15
35,p_burst_0.2,1,15,3,1,3,35
35,p_burst_0.2,1,16,1,1,1,20
35,p_burst_0.2,1,17,4,0,1,4
35,p_burst_0.2,1,18,6,0,2,1
35,p_burst_0.2,1,19,24,0,1,48
35,p_burst_0.2,1,20,11,0,2,3
35,p_burst_0.2,1,21,29,0,2,30
35,p_burst_0.2,1,22,2,1,2,11
35,p_burst_0.2,1,23,2,0,1,50
35,p_burst_0.2,1,24,21,0,2,37
35,p_burst_0.2,1,25,4,1,4,26
35,p_burst_0.2,1,26,2,1,2,49
35,p_burst_0.2,1,27,12,0,2,6
35,p_burst_0.2,1,28,19,0,2,10
35,p_burst_0.2,1,29,5,0,2,46
35,p_burst_0.2,1,30,14,0,2,24
35,p_burst_0.2,1,31,3,0,2,12
35,p_burst_0.2,1,32,4,0,2,43
35,p_burst_0.2,1,33,2,0,1,40
35,p_burst_0.2,1,34,3,0,2,18
35,p_burst_0.2,1,35,1,1,1,47
35,p_burst_0.2,1,36,7,0,1,16
35,p_burst_0.2,1,37,4,0,3,17
35,p_burst_0.2,1,38,4,1,4,32
35,p_burst_0.2,1,39,4,0,3,44
35,p_burst_0.2,1,40,5,0,0,7
35,p_burst_0.2,1,41,5,0,1,28
35,p_burst_0.2,1,42,7,0,3,14
35,p_burst_0.2,1,43,1,1,1,5
35,p_burst_0.2,1,44,1,1,1,33
35,p_burst_0.2,1,45,4,0,3,22
35,p_burst_0.2,1,46,17,0,2,41
35,p_burst_0.2,1,47,1,1,1,19
35,p_burst_0.2,1,48,4,0,0,21
35,p_burst_0.2,1,49,13,0,1,2
35,p_burst_0.2,1,50,1,1,1,23
36,p_burst_0.1,0,1,1,1,1,16
36,p_burst_0.1,0,2,13,0,5,35
36,p_burst_0.1,0,3,7,0,5,14
36,p_burst_0.1,0,4,5,1,5,19
36,p_burst_0.1,0,5,18,0,8,12
36,p_burst_0.1,0,6,8,1,8,48
36,p_burst_0.1,0,7,5,1,5,37
36,p_burst_0.1,0,8,3,1,3,45
36,p_burst_0.1,0,9,1,1,1,50
36,p_burst_0.1,0,10,4,0,3,43
36,p_burst_0.1,0,11,30,0,6,10
36,p_burst_0.1,0,12,40,0,4,1
36,p_burst_0.1,0,13,2,1,2,32
36,p_burst_0.1,0,14,2,1,2,41
36,p_burst_0.1,0,15,27,0,8,4
36,p_burst_0.1,0,16,12,0,5,29
36,p_burst_0.1,0,17,19,0,8,33
36,p_burst_0.1,0,18,5,1,5,11
36,p_burst_0.1,0,19,23,0,2,24
36,p_burst_0.1,0,20,3,1,3,31
36,p_burst_0.1,0,21,1,1,1,9
36,p_burst_0.1,0,22,7,0,5,42
36,p_burst_0.1,0,23,4,1,4,17
36,p_burst_0.1,0,24,8,0,6,15
36,p_burst_0.1,0,25,17,0,9,21
36,p_burst_0.1,0,26,2,1,2,47
36,p_burst_0.1,0,27,4,0,1,49
36,p_burst_0.1,0,28,17,0,6,7
36,p_burst_0.1,0,29,5,0,4,34
36,p_burst_0.1,0,30,14,0,8,30
36,p_burst_0.1,0,31,2,1,2,2
36,p_burst_0.1,0,32,1,1,1,44
36,p_burst_0.1,0,33,15,0,8,18
36,p_burst_0.1,0,34,8,0,4,13
36,p_burst_0.1,0,35,13,0,4,27
36,p_burst_0.1,0,36,29,0,6,20
36,p_burst_0.1,0,37,16,0,5,3
36,p_burst_0.1,0,38,6,0,3,25
36,p_burst_0.1,0,39,2,1,2,26
36,p_burst_0.1,0,40,3,1,3,8
36,p_burst_0.1,0,41,21,0,6,38
36,p_burst_0.1,0,42,31,0,6,40
36,p_burst_0.1,0,43,4,1,4,5
36,p_burst_0.1,0,44,24,0,8,36
36,p_burst_0.1,0,45,21,0,6,23
36,p_burst_0.1,0,46,5,1,5,6
36,p_burst_0.1,0,47,1,1,1,28
36,p_burst_0.1,0,48,7,0,4,46
36,p_burst_0.1,0,49,4,1,4,39
36,p_burst_0.1,0,50,17,0,6,22
36,p_burst_0.2,1,1,1,1,1,16
36,p_burst_0.2,1,2,1,1,1,35
36,p_burst_0.2,1,3,8,0,0,14
36,p_burst_0.2,1,4,4,1,4,19
36,p_burst_0.2,1,5,4,1,4,12
36,p_burst_0.2,1,6,3,0,1,48
36,p_burst_0.2,1,7,5,1,5,37
36,p_burst_0.2,1,8,10,0,4,45
36,p_burst_0.2,1,9,5,0,0,50
36,p_burst_0.2,1,10,2,1,2,43
36,p_burst_0.2,1,11,1,1,1,10
36,p_burst_0.2,1,12,8,0,6,1
36,p_burst_0.2,1,13,1,0,0,32
36,p_burst_0.2,1,14,4,1,4,41
36,p_burst_0.2,1,15,3,0,0,4
36,p_burst_0.2,1,16,1,1,1,29
36,p_burst_0.2,1,17,4,0,0,33
36,p_burst_0.2,1,18,6,0,2,11
36,p_burst_0.2,1,19,24,0,9,24
36,p_burst_0.2,1,20,11,0,1,31
36,p_burst_0.2,1,21,29,0,0,9
36,p_burst_0.2,1,22,2,0,0,42
36,p_burst_0.2,1,23,2,0,0,17
36,p_burst_0.2,1,24,21,0,0,15
36,p_burst_0.2,1,25,4,0,0,21
36,p_burst_0.2,1,26,2,0,0,47
36,p_burst_0.2,1,27,12,0,0,49
36,p_burst_0.2,1,28,19,0,0,7
36,p_burst_0.2,1,29,5,0,3,34
36,p_burst_0.2,1,30,14,0,0,30
36,p_burst_0.2,1,31,3,0,1,2
36,p_burst_0.2,1,32,4,1,4,44
36,p_burst_0.2,1,33,2,1,2,18
36,p_burst_0.2,1,34,3,0,0,13
36,p_burst_0.2,1,35,1,1,1,27
36,p_burst_0.2,1,36,7,0,0,20
36,p_burst_0.2,1,37,4,1,4,3
36,p_burst_0.2,1,38,4,0,0,25
36,p_burst_0.2,1,39,4,1,4,26
36,p_burst_0.2,1,40,5,0,0,8
36,p_burst_0.2,1,41,5,1,5,38
36,p_burst_0.2,1,42,7,0,0,40
36,p_burst_0.2,1,43,1,1,1,5
36,p_burst_0.2,1,44,1,1,1,36
36,p_burst_0.2,1,45,4,0,3,23
36,p_burst_0.2,1,46,17,0,0,6
36,p_burst_0.2,1,47,1,0,0,28
36,p_burst_0.2,1,48,4,1,4,46
36,p_burst_0.2,1,49,13,0,6,39
36,p_burst_0.2,1,50,1,1,1,22
37,p_burst_0.1,0,1,1,1,1,5
37,p_burst_0.1,0,2,13,0,2,42
37,p_burst_0.1,0,3,7,0,4,31
37,p_burst_0.1,0,4,5,1,5,16
37,p_burst_0.1,0,5,18,0,4,11
37,p_burst_0.1,0,6,8,0,4,26
37,p_burst_0.1,0,7,5,0,2,6
37,p_burst_0.1,0,8,3,1,3,35
37,p_burst_0.1,0,9,1,1,1,46
37,p_burst_0.1,0,10,4,1,4,3
37,p_burst_0.1,0,11,30,0,4,1
37,p_burst_0.1,0,12,40,0,4,23
37,p_burst_0.1,0,13,2,1,2,18
37,p_burst_0.1,0,14,2,1,2,38
37,p_burst_0.1,0,15,27,0,4,48
37,p_burst_0.1,0,16,12,0,4,47
37,p_burst_0.1,0,17,19,0,2,49
37,p_burst_0.1,0,18,5,0,4,41
37,p_burst_0.1,0,19,23,0,2,20
37,p_burst_0.1,0,20,3,1,3,43
37,p_burst_0.1,0,21,1,1,1,37
37,p_burst_0.1,0,22,7,0,4,34
37,p_burst_0.1,0,23,4,1,4,40
37,p_burst_0.1,0,24,8,0,2,4
37,p_burst_0.1,0,25,17,0,4,12
37,p_burst_0.1,0,26,2,1,2,25
37,p_burst_0.1,0,27,4,1,4,36
37,p_burst_0.1,0,28,17,0,4,27
37,p_burst_0.1,0,29,5,0,2,28
37,p_burst_0.1,0,30,14,0,2,22
37,p_burst_0.1,0,31,2,1,2,21
37,p_burst_0.1,0,32,1,1,1,13
37,p_burst_0.1,0,33,15,0,2,15
37,p_burst_0.1,0,34,8,0,5,39
37,p_burst_0.1,0,35,13,0,4,50
37,p_burst_0.1,0,36,29,0,4,19
37,p_burst_0.1,0,37,16,0,4,44
37,p_burst_0.1,0,38,6,0,4,8
37,p_burst_0.1,0,39,2,1,2,45
37,p_burst_0.1,0,40,3,1,3,2
37,p_burst_0.1,0,41,21,0,7,10
37,p_burst_0.1,0,42,31,0,4,32
37,p_burst_0.1,0,43,4,1,4,14
37,p_burst_0.1,0,44,24,0,2,33
37,p_burst_0.1,0,45,21,0,2,24
37,p_burst_0.1,0,46,5,0,2,17
37,p_burst_0.1,0,47,1,1,1,7
37,p_burst_0.1,0,48,7,0,4,30
37,p_burst_0.1,0,49,4,1,4,29
37,p_burst_0.1,0,50,17,0,2,9
37,p_burst_0.2,1,1,1,1,1,5
37,p_burst_0.2,1,2,1,1,1,42
37,p_burst_0.2,1,3,8,0,1,31
37,p_burst_0.2,1,4,4,0,2,16
37,p_burst_0.2,1,5,4,0,2,11
37,p_burst_0.2,1,6,3,0,1,26
37,p_burst_0.2,1,7,5,0,1,6
37,p_burst_0.2,1,8,10,0,2,35
37,p_burst_0.2,1,9,5,0,1,46
37,p_burst_0.2,1,10,2,1,2,3
37,p_burst_0.2,1,11,1,1,1,1
37,p_burst_0.2,1,12,8,0,2,23
37,p_burst_0.2,1,13,1,1,1,18
37,p_burst_0.2,1,14,4,1,4,38
37,p_burst_0.2,1,15,3,1,3,48
37,p_burst_0.2,1,16,1,1,1,47
37,p_burst_0.2,1,17,4,0,1,49
37,p_burst_0.2,1,18,6,0,4,41
37,p_burst_0.2,1,19,24,0,4,20
37,p_burst_0.2,1,20,11,0,1,43
37,p_burst_0.2,1,21,29,0,4,37
37,p_burst_0.2,1,22,2,1,2,34
37,p_burst_0.2,1,23,2,1,2,40
37,p_burst_0.2,1,24,21,0,4,4
37,p_burst_0.2,1,25,4,0,2,12
37,p_burst_0.2,1,26,2,0,1,25
37,p_burst_0.2,1,27,12,0,1,36
37,p_burst_0.2,1,28,19,0,3,27
37,p_burst_0.2,1,29,5,0,4,28
37,p_burst_0.2,1,30,14,0,1,22
37,p_burst_0.2,1,31,3,1,3,21
37,p_burst_0.2,1,32,4,1,4,13
37,p_burst_0.2,1,33,2,1,2,15
37,p_burst_0.2,1,34,3,1,3,39
37,p_burst_0.2,1,35,1,1,1,50
37,p_burst_0.2,1,36,7,0,1,19
37,p_burst_0.2,1,37,4,1,4,44
37,p_burst_0.2,1,38,4,0,1,8
37,p_burst_0.2,1,39,4,0,2,45
37,p_burst_0.2,1,40,5,0,4,2
37,p_burst_0.2,1,41,5,0,4,10
37,p_burst_0.2,1,42,7,0,3,32
37,p_burst_0.2,1,43,1,1,1,14
37,p_burst_0.2,1,44,1,1,1,33
37,p_burst_0.2,1,45,4,0,1,24
37,p_burst_0.2,1,46,17,0,3,17
37,p_burst_0.2,1,47,1,1,1,7
37,p_burst_0.2,1,48,4,0,2,30
37,p_burst_0.2,1,49,13,0,3,29
37,p_burst_0.2,1,50,1,1,1,9
38,p_burst_0.1,0,1,1,1,1,44
38,p_burst_0.1,0,2,13,0,4,32
38,p_burst_0.1,0,3,7,0,4,16
38,p_burst_0.1,0,4,5,0,4,39
38,p_burst_0.1,0,5,18,0,7,12
38,p_burst_0.1,0,6,8,0,4,38
38,p_burst_0.1,0,7,5,0,4,49
38,p_burst_0.1,0,8,3,1,3,22
38,p_burst_0.1,0,9,1,1,1,5
38,p_burst_0.1,0,10,4,0,3,24
38,p_burst_0.1,0,11,30,0,4,27
38,p_burst_0.1,0,12,40,0,9,14
38,p_burst_0.1,0,13,2,1,2,19
38,p_burst_0.1,0,14,2,1,2,26
38,p_burst_0.1,0,15,27,0,4,42
38,p_burst_0.1,0,16,12,0,4,13
38,p_burst_0.1,0,17,19,0,4,7
38,p_burst_0.1,0,18,5,0,4,1
38,p_burst_0.1,0,19,23,0,4,18
38,p_burst_0.1,0,20,3,1,3,47
38,p_burst_0.1,0,21,1,1,1,50
38,p_burst_0.1,0,22,7,0,6,46
38,p_burst_0.1,0,23,4,1,4,29
38,p_burst_0.1,0,24,8,1,8,4
38,p_burst_0.1,0,25,17,0,4,35
38,p_burst_0.1,0,26,2,1,2,48
38,p_burst_0.1,0,27,4,1,4,17
38,p_burst_0.1,0,28,17,0,4,21
38,p_burst_0.1,0,29,5,0,4,37
38,p_burst_0.1,0,30,14,0,4,20
38,p_burst_0.1,0,31,2,1,2,33
38,p_burst_0.1,0,32,1,1,1,25
38,p_burst_0.1,0,33,15,0,4,28
38,p_burst_0.1,0,34,8,0,2,2
38,p_burst_0.1,0,35,13,0,4,45
38,p_burst_0.1,0,36,29,0,4,31
38,p_burst_0.1,0,37,16,0,4,40
38,p_burst_0.1,0,38,6,0,3,15
38,p_burst_0.1,0,39,2,1,2,9
38,p_burst_0.1,0,40,3,1,3,36
38,p_burst_0.1,0,41,21,0,4,3
38,p_burst_0.1,0,42,31,0,4,41
38,p_burst_0.1,0,43,4,1,4,8
38,p_burst_0.1,0,44,24,0,3,11
38,p_burst_0.1,0,45,21,0,4,30
38,p_burst_0.1,0,46,5,0,4,43
38,p_burst_0.1,0,47,1,1,1,10
38,p_burst_0.1,0,48,7,0,4,6
38,p_burst_0.1,0,49,4,1,4,23
38,p_burst_0.1,0,50,17,0,4,34
38,p_burst_0.2,1,1,1,1,1,44
38,p_burst_0.2,1,2,1,1,1,32
38,p_burst_0.2,1,3,8,0,3,16
38,p_burst_0.2,1,4,4,0,3,39
38,p_burst_0.2,1,5,4,0,3,12
38,p_burst_0.2,1,6,3,1,3,38
38,p_burst_0.2,1,7,5,0,3,49
38,p_burst_0.2,1,8,10,0,3,22
38,p_burst_0.2,1,9,5,0,3,5
38,p_burst_0.2,1,10,2,0,1,24
38,p_burst_0.2,1,11,1,1,1,27
38,p_burst_0.2,1,12,8,0,6,14
38,p_burst_0.2,1,13,1,1,1,19
38,p_burst_0.2,1,14,4,0,3,26
38,p_burst_0.2,1,15,3,1,3,42
38,p_burst_0.2,1,16,1,1,1,13
38,p_burst_0.2,1,17,4,0,3,7
38,p_burst_0.2,1,18,6,0,3,1
38,p_burst_0.2,1,19,24,0,3,18
38,p_burst_0.2,1,20,11,0,3,47
38,p_burst_0.2,1,21,29,0,3,50
38,p_burst_0.2,1,22,2,1,2,46
38,p_burst_0.2,1,23,2,1,2,29
38,p_burst_0.2,1,24,21,0,3,4
38,p_burst_0.2,1,25,4,0,3,35
38,p_burst_0.2,1,26,2,1,2,48
38,p_burst_0.2,1,27,12,0,3,17
38,p_burst_0.2,1,28,19,0,3,21
38,p_burst_0.2,1,29,5,0,3,37
38,p_burst_0.2,1,30,14,0,3,20
38,p_burst_0.2,1,31,3,1,3,33
38,p_burst_0.2,1,32,4,1,4,25
38,p_burst_0.2,1,33,2,1,2,28
38,p_burst_0.2,1,34,3,1,3,2
38,p_burst_0.2,1,35,1,1,1,45
38,p_burst_0.2,1,36,7,0,3,31
38,p_burst_0.2,1,37,4,0,3,40
38,p_burst_0.2,1,38,4,0,2,15
38,p_burst_0.2,1,39,4,1,4,9
38,p_burst_0.2,1,40,5,0,3,36
38,p_burst_0.2,1,41,5,0,3,3
38,p_burst_0.2,1,42,7,0,3,41
38,p_burst_0.2,1,43,1,1,1,8
38,p_burst_0.2,1,44,1,1,1,11
38,p_burst_0.2,1,45,4,0,3,30
38,p_burst_0.2,1,46,17,0,4,43
38,p_burst_0.2,1,47,1,1,1,10
38,p_burst_0.2,1,48,4,0,3,6
38,p_burst_0.2,1,49,13,0,2,23
38,p_burst_0.2,1,50,1,1,1,34
39,p_burst_0.1,0,1,1,1,1,20
39,p_burst_0.1,0,2,13,0,7,34
39,p_burst_0.1,0,3,7,1,7,46
39,p_burst_0.1,0,4,5,1,5,44
39,p_burst_0.1,0,5,18,0,1,24
39,p_burst_0.1,0,6,8,0,7,13
39,p_burst_0.1,0,7,5,1,5,9
39,p_burst_0.1,0,8,3,1,3,12
39,p_burst_0.1,0,9,1,1,1,22
39,p_burst_0.1,0,10,4,1,4,15
39,p_burst_0.1,0,11,30,0,7,17
39,p_burst_0.1,0,12,40,0,6,49
39,p_burst_0.1,0,13,2,1,2,37
39,p_burst_0.1,0,14,2,1,2,33
39,p_burst_0.1,0,15,27,0,6,39
39,p_burst_0.1,0,16,12,0,4,11
39,p_burst_0.1,0,17,19,0,7,26
39,p_burst_0.1,0,18,5,1,5,36
39,p_burst_0.1,0,19,23,0,5,25
39,p_burst_0.1,0,20,3,1,3,23
39,p_burst_0.1,0,21,1,1,1,18
39,p_burst_0.1,0,22,7,1,7,40
39,p_burst_0.1,0,23,4,1,4,41
39,p_burst_0.1,0,24,8,0,6,2
39,p_burst_0.1,0,25,17,0,9,10
39,p_burst_0.1,0,26,2,1,2,32
39,p_burst_0.1,0,27,4,1,4,27
39,p_burst_0.1,0,28,17,0,6,1
39,p_burst_0.1,0,29,5,1,5,47
39,p_burst_0.1,0,30,14,0,5,8
39,p_burst_0.1,0,31,2,1,2,31
39,p_burst_0.1,0,32,1,1,1,5
39,p_burst_0.1,0,33,15,0,6,14
39,p_burst_0.1,0,34,8,0,6,45
39,p_burst_0.1,0,35,13,0,5,29
39,p_burst_0.1,0,36,29,0,7,16
39,p_burst_0.1,0,37,16,0,6,6
39,p_burst_0.1,0,38,6,0,4,30
39,p_burst_0.1,0,39,2,1,2,43
39,p_burst_0.1,0,40,3,1,3,19
39,p_burst_0.1,0,41,21,0,5,4
39,p_burst_0.1,0,42,31,0,6,35
39,p_burst_0.1,0,43,4,1,4,42
39,p_burst_0.1,0,44,24,0,4,21
39,p_burst_0.1,0,45,21,0,3,7
39,p_burst_0.1,0,46,5,1,5,38
39,p_burst_0.1,0,47,1,1,1,50
39,p_burst_0.1,0,48,7,0,6,48
39,p_burst_0.1,0,49,4,1,4,3
39,p_burst_0.1,0,50,17,0,6,28
39,p_burst_0.2,1,1,1,1,1,20
39,p_burst_0.2,1,2,1,1,1,34
39,p_burst_0.2,1,3,8,0,3,46
39,p_burst_0.2,1,4,4,1,4,44
39,p_burst_0.2,1,5,4,1,4,24
39,p_burst_0.2,1,6,3,1,3,13
39,p_burst_0.2,1,7,5,1,5,9
39,p_burst_0.2,1,8,10,0,4,12
39,p_burst_0.2,1,9,5,1,5,22
39,p_burst_0.2,1,10,2,1,2,15
39,p_burst_0.2,1,11,1,1,1,17
39,p_burst_0.2,1,12,8,0,6,49
39,p_burst_0.2,1,13,1,1,1,37
39,p_burst_0.2,1,14,4,1,4,33
39,p_burst_0.2,1,15,3,1,3,39
39,p_burst_0.2,1,16,1,1,1,11
39,p_burst_0.2,1,17,4,1,4,26
39,p_burst_0.2,1,18,6,0,4,36
39,p_burst_0.2,1,19,24,0,6,25
39,p_burst_0.2,1,20,11,1,11,23
39,p_burst_0.2,1,21,29,0,5,18
39,p_burst_0.2,1,22,2,1,2,40
39,p_burst_0.2,1,23,2,1,2,41
39,p_burst_0.2,1,24,21,0,6,2
39,p_burst_0.2,1,25,4,1,4,10
39,p_burst_0.2,1,26,2,1,2,32
39,p_burst_0.2,1,27,12,0,4,27
39,p_burst_0.2,1,28,19,0,7,1
39,p_burst_0.2,1,29,5,0,3,47
39,p_burst_0.2,1,30,14,0,3,8
39,p_burst_0.2,1,31,3,1,3,31
39,p_burst_0.2,1,32,4,1,4,5
39,p_burst_0.2,1,33,2,1,2,14
39,p_burst_0.2,1,34,3,1,3,45
39,p_burst_0.2,1,35,1,1,1,29
39,p_burst_0.2,1,36,7,0,5,16
39,p_burst_0.2,1,37,4,1,4,6
39,p_burst_0.2,1,38,4,1,4,30
39,p_burst_0.2,1,39,4,1,4,43
39,p_burst_0.2,1,40,5,1,5,19
39,p_burst_0.2,1,41,5,0,4,4
39,p_burst_0.2,1,42,7,0,4,35
39,p_burst_0.2,1,43,1,1,1,42
39,p_burst_0.2,1,44,1,1,1,21
39,p_burst_0.2,1,45,4,0,3,7
39,p_burst_0.2,1,46,17,0,8,38
39,p_burst_0.2,1,47,1,1,1,50
39,p_burst_0.2,1,48,4,1,4,48
39,p_burst_0.2,1,49,13,0,7,3
39,p_burst_0.2,1,50,1,1,1,28
40,p_burst_0.1,0,1,1,1,1,25
40,p_burst_0.1,0,2,13,0,4,34
40,p_burst_0.1,0,3,7,0,5,9
40,p_burst_0.1,0,4,5,1,5,4
40,p_burst_0.1,0,5,18,0,6,10
40,p_burst_0.1,0,6,8,0,6,12
40,p_burst_0.1,0,7,5,1,5,28
40,p_burst_0.1,0,8,3,1,3,23
40,p_burst_0.1,0,9,1,1,1,24
40,p_burst_0.1,0,10,4,1,4,27
40,p_burst_0.1,0,11,30,0,6,1
40,p_burst_0.1,0,12,40,0,4,32
40,p_burst_0.1,0,13,2,1,2,35
40,p_burst_0.1,0,14,2,1,2,29
40,p_burst_0.1,0,15,27,0,5,26
40,p_burst_0.1,0,16,12,0,5,2
40,p_burst_0.1,0,17,19,0,5,30
40,p_burst_0.1,0,18,5,1,5,16
40,p_burst_0.1,0,19,23,0,6,40
40,p_burst_0.1,0,20,3,1,3,37
40,p_burst_0.1,0,21,1,1,1,13
40,p_burst_0.1,0,22,7,1,7,7
40,p_burst_0.1,0,23,4,1,4,3
40,p_burst_0.1,0,24,8,0,5,41
40,p_burst_0.1,0,25,17,0,7,50
40,p_burst_0.1,0,26,2,1,2,36
40,p_burst_0.1,0,27,4,1,4,22
40,p_burst_0.1,0,28,17,0,8,11
40,p_burst_0.1,0,29,5,1,5,33
40,p_burst_0.1,0,30,14,0,5,42
40,p_burst_0.1,0,31,2,1,2,46
40,p_burst_0.1,0,32,1,1,1,5
40,p_burst_0.1,0,33,15,0,6,8
40,p_burst_0.1,0,34,8,1,8,38
40,p_burst_0.1,0,35,13,0,5,43
40,p_burst_0.1,0,36,29,0,6,15
40,p_burst_0.1,0,37,16,0,5,19
40,p_burst_0.1,0,38,6,0,4,48
40,p_burst_0.1,0,39,2,1,2,31
40,p_burst_0.1,0,40,3,1,3,44
40,p_burst_0.1,0,41,21,0,7,20
40,p_burst_0.1,0,42,31,0,6,14
40,p_burst_0.1,0,43,4,1,4,39
40,p_burst_0.1,0,44,24,0,5,21
40,p_burst_0.1,0,45,21,0,5,47
40,p_burst_0.1,0,46,5,1,5,49
40,p_burst_0.1,0,47,1,1,1,6
40,p_burst_0.1,0,48,7,1,7,45
40,p_burst_0.1,0,49,4,1,4,18
40,p_burst_0.1,0,50,17,0,6,17
40,p_burst_0.2,1,1,1,1,1,25
40,p_burst_0.2,1,2,1,1,1,34
40,p_burst_0.2,1,3,8,0,6,9
40,p_burst_0.2,1,4,4,1,4,4
40,p_burst_0.2,1,5,4,1,4,10
40,p_burst_0.2,1,6,3,1,3,12
40,p_burst_0.2,1,7,5,0,4,28
40,p_burst_0.2,1,8,10,0,5,23
40,p_burst_0.2,1,9,5,0,4,24
40,p_burst_0.2,1,10,2,1,2,27
40,p_burst_0.2,1,11,1,1,1,1
40,p_burst_0.2,1,12,8,0,5,32
40,p_burst_0.2,1,13,1,1,1,35
40,p_burst_0.2,1,14,4,1,4,29
40,p_burst_0.2,1,15,3,1,3,26
40,p_burst_0.2,1,16,1,1,1,2
40,p_burst_0.2,1,17,4,1,4,30
40,p_burst_0.2,1,18,6,0,4,16
40,p_burst_0.2,1,19,24,0,4,40
40,p_burst_0.2,1,20,11,0,4,37
40,p_burst_0.2,1,21,29,0,5,13
40,p_burst_0.2,1,22,2,1,2,7
40,p_burst_0.2,1,23,2,1,2,3
40,p_burst_0.2,1,24,21,0,5,41
40,p_burst_0.2,1,25,4,1,4,50
40,p_burst_0.2,1,26,2,1,2,36
40,p_burst_0.2,1,27,12,0,7,22
40,p_burst_0.2,1,28,19,0,5,11
40,p_burst_0.2,1,29,5,1,5,33
40,p_burst_0.2,1,30,14,0,5,42
40,p_burst_0.2,1,31,3,1,3,46
40,p_burst_0.2,1,32,4,1,4,5
40,p_burst_0.2,1,33,2,1,2,8
40,p_burst_0.2,1,34,3,1,3,38
40,p_burst_0.2,1,35,1,1,1,43
40,p_burst_0.2,1,36,7,0,5,15
40,p_burst_0.2,1,37,4,1,4,19
40,p_burst_0.2,1,38,4,1,4,48
40,p_burst_0.2,1,39,4,1,4,31
40,p_burst_0.2,1,40,5,1,5,44
40,p_burst_0.2,1,41,5,1,5,20
40,p_burst_0.2,1,42,7,0,5,14
40,p_burst_0.2,1,43,1,1,1,39
40,p_burst_0.2,1,44,1,1,1,21
40,p_burst_0.2,1,45,4,1,4,47
40,p_burst_0.2,1,46,17,0,5,49
40,p_burst_0.2,1,47,1,1,1,6
40,p_burst_0.2,1,48,4,1,4,45
40,p_burst_0.2,1,49,13,0,7,18
40,p_burst_0.2,1,50,1,1,1,17
41,p_burst_0.1,0,1,1,1,1,1
41,p_burst_0.1,0,2,13,0,4,25
41,p_burst_0.1,0,3,7,0,3,4
41,p_burst_0.1,0,4,5,0,2,16
41,p_burst_0.1,0,5,18,0,3,44
41,p_burst_0.1,0,6,8,0,2,22
41,p_burst_0.1,0,7,5,0,3,6
41,p_burst_0.1,0,8,3,1,3,35
41,p_burst_0.1,0,9,1,1,1,38
41,p_burst_0.1,0,10,4,0,3,28
41,p_burst_0.1,0,11,30,0,3,34
41,p_burst_0.1,0,12,40,0,3,43
41,p_burst_0.1,0,13,2,1,2,21
41,p_burst_0.1,0,14,2,1,2,32
41,p_burst_0.1,0,15,27,0,4,2
41,p_burst_0.1,0,16,12,0,2,39
41,p_burst_0.1,0,17,19,0,3,49
41,p_burst_0.1,0,18,5,0,3,20
41,p_burst_0.1,0,19,23,0,3,41
41,p_burst_0.1,0,20,3,1,3,15
41,p_burst_0.1,0,21,1,1,1,45
41,p_burst_0.1,0,22,7,0,2,33
41,p_burst_0.1,0,23,4,0,3,19
41,p_burst_0.1,0,24,8,0,3,29
41,p_burst_0.1,0,25,17,0,2,40
41,p_burst_0.1,0,26,2,1,2,50
41,p_burst_0.1,0,27,4,0,3,7
41,p_burst_0.1,0,28,17,0,3,47
41,p_burst_0.1,0,29,5,0,3,13
41,p_burst_0.1,0,30,14,0,3,37
41,p_burst_0.1,0,31,2,1,2,3
41,p_burst_0.1,0,32,1,1,1,31
41,p_burst_0.1,0,33,15,0,3,48
41,p_burst_0.1,0,34,8,0,4,46
41,p_burst_0.1,0,35,13,0,2,18
41,p_burst_0.1,0,36,29,0,3,5
41,p_burst_0.1,0,37,16,0,3,26
41,p_burst_0.1,0,38,6,0,3,11
41,p_burst_0.1,0,39,2,1,2,10
41,p_burst_0.1,0,40,3,1,3,9
41,p_burst_0.1,0,41,21,0,3,27
41,p_burst_0.1,0,42,31,0,3,36
41,p_burst_0.1,0,43,4,1,4,12
41,p_burst_0.1,0,44,24,0,2,17
41,p_burst_0.1,0,45,21,0,3,42
41,p_burst_0.1,0,46,5,0,3,14
41,p_burst_0.1,0,47,1,1,1,30
41,p_burst_0.1,0,48,7,0,2,24
41,p_burst_0.1,0,49,4,1,4,23
41,p_burst_0.1,0,50,17,0,3,8
41,p_burst_0.2,1,1,1,1,1,1
41,p_burst_0.2,1,2,1,1,1,25
41,p_burst_0.2,1,3,8,0,2,4
41,p_burst_0.2,1,4,4,0,2,16
41,p_burst_0.2,1,5,4,0,2,44
41,p_burst_0.2,1,6,3,0,2,22
41,p_burst_0.2,1,7,5,0,1,6
41,p_burst_0.2,1,8,10,0,2,35
41,p_burst_0.2,1,9,5,0,2,38
41,p_burst_0.2,1,10,2,1,2,28
41,p_burst_0.2,1,11,1,1,1,34
41,p_burst_0.2,1,12,8,0,2,43
41,p_burst_0.2,1,13,1,1,1,21
41,p_burst_0.2,1,14,4,0,2,32
41,p_burst_0.2,1,15,3,0,2,2
41,p_burst_0.2,1,16,1,1,1,39
41,p_burst_0.2,1,17,4,0,2,49
41,p_burst_0.2,1,18,6,0,2,20
41,p_burst_0.2,1,19,24,0,2,41
41,p_burst_0.2,1,20,11,0,2,15
41,p_burst_0.2,1,21,29,0,2,45
41,p_burst_0.2,1,22,2,1,2,33
41,p_burst_0.2,1,23,2,1,2,19
41,p_burst_0.2,1,24,21,0,2,29
41,p_burst_0.2,1,25,4,1,4,40
41,p_burst_0.2,1,26,2,1,2,50
41,p_burst_0.2,1,27,12,0,2,7
41,p_burst_0.2,1,28,19,0,2,47
41,p_burst_0.2,1,29,5,0,2,13
41,p_burst_0.2,1,30,14,0,2,37
41,p_burst_0.2,1,31,3,0,2,3
41,p_burst_0.2,1,32,4,0,2,31
41,p_burst_0.2,1,33,2,1,2,48
41,p_burst_0.2,1,34,3,0,2,46
41,p_burst_0.2,1,35,1,1,1,18
41,p_burst_0.2,1,36,7,0,2,5
41,p_burst_0.2,1,37,4,0,2,26
41,p_burst_0.2,1,38,4,0,1,11
41,p_burst_0.2,1,39,4,0,2,10
41,p_burst_0.2,1,40,5,0,2,9
41,p_burst_0.2,1,41,5,0,2,27
41,p_burst_0.2,1,42,7,0,2,36
41,p_burst_0.2,1,43,1,1,1,12
41,p_burst_0.2,1,44,1,1,1,17
41,p_burst_0.2,1,45,4,0,2,42
41,p_burst_0.2,1,46,17,0,2,14
41,p_burst_0.2,1,47,1,1,1,30
41,p_burst_0.2,1,48,4,0,2,24
41,p_burst_0.2,1,49,13,0,2,23
41,p_burst_0.2,1,50,1,1,1,8
42,p_burst_0.1,0,1,1,1,1,30
42,p_burst_0.1,0,2,13,0,2,14
42,p_burst_0.1,0,3,7,0,4,27
42,p_burst_0.1,0,4,5,0,4,1
42,p_burst_0.1,0,5,18,0,4,38
42,p_burst_0.1,0,6,8,0,6,46
42,p_burst_0.1,0,7,5,0,4,19
42,p_burst_0.1,0,8,3,1,3,11
42,p_burst_0.1,0,9,1,1,1,32
42,p_burst_0.1,0,10,4,1,4,16
42,p_burst_0.1,0,11,30,0,2,37
42,p_burst_0.1,0,12,40,0,2,24
42,p_burst_0.1,0,13,2,1,2,25
42,p_burst_0.1,0,14,2,1,2,40
42,p_burst_0.1,0,15,27,0,4,49
42,p_burst_0.1,0,16,12,0,3,12
42,p_burst_0.1,0,17,19,0,4,39
42,p_burst_0.1,0,18,5,0,2,8
42,p_burst_0.1,0,19,23,0,4,2
42,p_burst_0.1,0,20,3,1,3,4
42,p_burst_0.1,0,21,1,1,1,33
42,p_burst_0.1,0,22,7,0,4,10
42,p_burst_0.1,0,23,4,0,2,36
42,p_burst_0.1,0,24,8,0,5,3
42,p_burst_0.1,0,25,17,0,5,29
42,p_burst_0.1,0,26,2,1,2,28
42,p_burst_0.1,0,27,4,1,4,17
42,p_burst_0.1,0,28,17,0,4,21
42,p_burst_0.1,0,29,5,0,4,43
42,p_burst_0.1,0,30,14,0,4,7
42,p_burst_0.1,0,31,2,1,2,47
42,p_burst_0.1,0,32,1,1,1,35
42,p_burst_0.1,0,33,15,0,3,22
42,p_burst_0.1,0,34,8,0,4,50
42,p_burst_0.1,0,35,13,0,3,44
42,p_burst_0.1,0,36,29,0,3,41
42,p_burst_0.1,0,37,16,0,3,9
42,p_burst_0.1,0,38,6,0,2,18
42,p_burst_0.1,0,39,2,1,2,15
42,p_burst_0.1,0,40,3,1,3,31
42,p_burst_0.1,0,41,21,0,4,26
42,p_burst_0.1,0,42,31,0,3,42
42,p_burst_0.1,0,43,4,0,3,13
42,p_burst_0.1,0,44,24,0,5,20
42,p_burst_0.1,0,45,21,0,5,23
42,p_burst_0.1,0,46,5,0,3,48
42,p_burst_0.1,0,47,1,1,1,5
42,p_burst_0.1,0,48,7,0,4,34
42,p_burst_0.1,0,49,4,1,4,45
42,p_burst_0.1,0,50,17,0,5,6
42,p_burst_0.2,1,1,1,1,1,30
42,p_burst_0.2,1,2,1,1,1,14
42,p_burst_0.2,1,3,8,0,6,27
42,p_burst_0.2,1,4,4,1,4,1
42,p_burst_0.2,1,5,4,1,4,38
42,p_burst_0.2,1,6,3,1,3,46
42,p_burst_0.2,1,7,5,0,4,19
42,p_burst_0.2,1,8,10,0,5,11
42,p_burst_0.2,1,9,5,0,3,32
42,p_burst_0.2,1,10,2,1,2,16
42,p_burst_0.2,1,11,1,1,1,37
42,p_burst_0.2,1,12,8,0,4,24
42,p_burst_0.2,1,13,1,1,1,25
42,p_burst_0.2,1,14,4,1,4,40
42,p_burst_0.2,1,15,3,1,3,49
42,p_burst_0.2,1,16,1,1,1,12
42,p_burst_0.2,1,17,4,1,4,39
42,p_burst_0.2,1,18,6,0,4,8
42,p_burst_0.2,1,19,24,0,4,2
42,p_burst_0.2,1,20,11,0,3,4
42,p_burst_0.2,1,21,29,0,3,33
42,p_burst_0.2,1,22,2,1,2,10
42,p_burst_0.2,1,23,2,1,2,36
42,p_burst_0.2,1,24,21,0,5,3
42,p_burst_0.2,1,25,4,0,3,29
42,p_burst_0.2,1,26,2,1,2,28
42,p_burst_0.2,1,27,12,0,4,17
42,p_burst_0.2,1,28,19,0,6,21
42,p_burst_0.2,1,29,5,0,4,43
42,p_burst_0.2,1,30,14,0,6,7
42,p_burst_0.2,1,31,3,1,3,47
42,p_burst_0.2,1,32,4,0,3,35
42,p_burst_0.2,1,33,2,1,2,22
42,p_burst_0.2,1,34,3,1,3,50
42,p_burst_0.2,1,35,1,1,1,44
42,p_burst_0.2,1,36,7,0,3,41
42,p_burst_0.2,1,37,4,1,4,9
42,p_burst_0.2,1,38,4,1,4,18
42,p_burst_0.2,1,39,4,1,4,15
42,p_burst_0.2,1,40,5,0,4,31
42,p_burst_0.2,1,41,5,0,4,26
42,p_burst_0.2,1,42,7,0,1,42
42,p_burst_0.2,1,43,1,1,1,13
42,p_burst_0.2,1,44,1,0,0,20
42,p_burst_0.2,1,45,4,0,2,23
42,p_burst_0.2,1,46,17,0,3,48
42,p_burst_0.2,1,47,1,1,1,5
42,p_burst_0.2,1,48,4,0,3,34
42,p_burst_0.2,1,49,13,0,6,45
42,p_burst_0.2,1,50,1,1,1,6
43,p_burst_0.1,0,1,1,1,1,17
43,p_burst_0.1,0,2,13,0,4,2
43,p_burst_0.1,0,3,7,0,5,46
43,p_burst_0.1,0,4,5,0,3,18
43,p_burst_0.1,0,5,18,0,3,33
43,p_burst_0.1,0,6,8,0,4,41
43,p_burst_0.1,0,7,5,0,4,40
43,p_burst_0.1,0,8,3,1,3,50
43,p_burst_0.1,0,9,1,1,1,5
43,p_burst_0.1,0,10,4,0,3,10
43,p_burst_0.1,0,11,30,0,3,49
43,p_burst_0.1,0,12,40,0,5,42
43,p_burst_0.1,0,13,2,1,2,15
43,p_burst_0.1,0,14,2,1,2,8
43,p_burst_0.1,0,15,27,0,4,4
43,p_burst_0.1,0,16,12,0,5,37
43,p_burst_0.1,0,17,19,0,6,26
43,p_burst_0.1,0,18,5,0,4,39
43,p_burst_0.1,0,19,23,0,4,35
43,p_burst_0.1,0,20,3,1,3,36
43,p_burst_0.1,0,21,1,1,1,16
43,p_burst_0.1,0,22,7,0,6,30
43,p_burst_0.1,0,23,4,1,4,14
43,p_burst_0.1,0,24,8,0,5,22
43,p_burst_0.1,0,25,17,0,5,47
43,p_burst_0.1,0,26,2,1,2,24
43,p_burst_0.1,0,27,4,1,4,34
43,p_burst_0.1,0,28,17,0,5,3
43,p_burst_0.1,0,29,5,0,4,32
43,p_burst_0.1,0,30,14,0,5,19
43,p_burst_0.1,0,31,2,1,2,25
43,p_burst_0.1,0,32,1,1,1,44
43,p_burst_0.1,0,33,15,0,4,27
43,p_burst_0.1,0,34,8,0,5,48
43,p_burst_0.1,0,35,13,0,5,23
43,p_burst_0.1,0,36,29,0,5,21
43,p_burst_0.1,0,37,16,0,7,29
43,p_burst_0.1,0,38,6,1,6,28
43,p_burst_0.1,0,39,2,1,2,43
43,p_burst_0.1,0,40,3,1,3,31
43,p_burst_0.1,0,41,21,0,4,38
43,p_burst_0.1,0,42,31,0,4,6
43,p_burst_0.1,0,43,4,1,4,12
43,p_burst_0.1,0,44,24,0,5,1
43,p_burst_0.1,0,45,21,0,4,20
43,p_burst_0.1,0,46,5,1,5,13
43,p_burst_0.1,0,47,1,1,1,11
43,p_burst_0.1,0,48,7,1,7,7
43,p_burst_0.1,0,49,4,0,3,45
43,p_burst_0.1,0,50,17,0,3,9
43,p_burst_0.2,1,1,1,1,1,17
43,p_burst_0.2,1,2,1,1,1,2
43,p_burst_0.2,1,3,8,0,4,46
43,p_burst_0.2,1,4,4,1,4,18
43,p_burst_0.2,1,5,4,1,4,33
43,p_burst_0.2,1,6,3,1,3,41
43,p_burst_0.2,1,7,5,1,5,40
43,p_burst_0.2,1,8,10,0,4,50
43,p_burst_0.2,1,9,5,0,4,5
43,p_burst_0.2,1,10,2,1,2,10
43,p_burst_0.2,1,11,1,1,1,49
43,p_burst_0.2,1,12,8,0,3,42
43,p_burst_0.2,1,13,1,1,1,15
43,p_burst_0.2,1,14,4,1,4,8
43,p_burst_0.2,1,15,3,1,3,4
43,p_burst_0.2,1,16,1,1,1,37
43,p_burst_0.2,1,17,4,1,4,26
43,p_burst_0.2,1,18,6,0,4,39
43,p_burst_0.2,1,19,24,0,3,35
43,p_burst_0.2,1,20,11,0,2,36
43,p_burst_0.2,1,21,29,0,4,16
43,p_burst_0.2,1,22,2,1,2,30
43,p_burst_0.2,1,23,2,1,2,14
43,p_burst_0.2,1,24,21,0,3,22
43,p_burst_0.2,1,25,4,0,3,47
43,p_burst_0.2,1,26,2,1,2,24
43,p_burst_0.2,1,27,12,0,3,34
43,p_burst_0.2,1,28,19,0,4,3
43,p_burst_0.2,1,29,5,0,3,32
43,p_burst_0.2,1,30,14,0,3,19
43,p_burst_0.2,1,31,3,1,3,25
43,p_burst_0.2,1,32,4,0,3,44
43,p_burst_0.2,1,33,2,1,2,27
43,p_burst_0.2,1,34,3,1,3,48
43,p_burst_0.2,1,35,1,1,1,23
43,p_burst_0.2,1,36,7,0,3,21
43,p_burst_0.2,1,37,4,1,4,29
43,p_burst_0.2,1,38,4,1,4,28
43,p_burst_0.2,1,39,4,1,4,43
43,p_burst_0.2,1,40,5,1,5,31
43,p_burst_0.2,1,41,5,0,4,38
43,p_burst_0.2,1,42,7,0,4,6
43,p_burst_0.2,1,43,1,1,1,12
43,p_burst_0.2,1,44,1,1,1,1
43,p_burst_0.2,1,45,4,0,3,20
43,p_burst_0.2,1,46,17,0,4,13
43,p_burst_0.2,1,47,1,1,1,11
43,p_burst_0.2,1,48,4,0,3,7
43,p_burst_0.2,1,49,13,0,7,45
43,p_burst_0.2,1,50,1,1,1,9
44,p_burst_0.1,0,1,1,1,1,37
44,p_burst_0.1,0,2,13,0,1,26
44,p_burst_0.1,0,3,7,1,7,14
44,p_burst_0.1,0,4,5,1,5,36
44,p_burst_0.1,0,5,18,0,0,3
44,p_burst_0.1,0,6,8,0,5,44
44,p_burst_0.1,0,7,5,0,0,29
44,p_burst_0.1,0,8,3,1,3,23
44,p_burst_0.1,0,9,1,1,1,21
44,p_burst_0.1,0,10,4,1,4,13
44,p_burst_0.1,0,11,30,0,0,5
44,p_burst_0.1,0,12,40,0,0,19
44,p_burst_0.1,0,13,2,0,0,24
44,p_burst_0.1,0,14,2,1,2,10
44,p_burst_0.1,0,15,27,0,0,47
44,p_burst_0.1,0,16,12,0,6,40
44,p_burst_0.1,0,17,19,0,6,12
44,p_burst_0.1,0,18,5,0,0,20
44,p_burst_0.1,0,19,23,0,4,11
44,p_burst_0.1,0,20,3,0,0,45
44,p_burst_0.1,0,21,1,1,1,34
44,p_burst_0.1,0,22,7,0,0,33
44,p_burst_0.1,0,23,4,1,4,48
44,p_burst_0.1,0,24,8,0,4,35
44,p_burst_0.1,0,25,17,0,7,43
44,p_burst_0.1,0,26,2,1,2,18
44,p_burst_0.1,0,27,4,0,1,17
44,p_burst_0.1,0,28,17,0,6,42
44,p_burst_0.1,0,29,5,1,5,16
44,p_burst_0.1,0,30,14,0,7,9
44,p_burst_0.1,0,31,2,0,1,32
44,p_burst_0.1,0,32,1,1,1,46
44,p_burst_0.1,0,33,15,0,0,25
44,p_burst_0.1,0,34,8,0,1,39
44,p_burst_0.1,0,35,13,0,6,49
44,p_burst_0.1,0,36,29,0,6,6
44,p_burst_0.1,0,37,16,1,16,31
44,p_burst_0.1,0,38,6,1,6,15
44,p_burst_0.1,0,39,2,1,2,50
44,p_burst_0.1,0,40,3,0,0,7
44,p_burst_0.1,0,41,21,0,1,22
44,p_burst_0.1,0,42,31,0,0,30
44,p_burst_0.1,0,43,4,1,4,38
44,p_burst_0.1,0,44,24,0,5,27
44,p_burst_0.1,0,45,21,0,5,1
44,p_burst_0.1,0,46,5,0,2,28
44,p_burst_0.1,0,47,1,1,1,4
44,p_burst_0.1,0,48,7,0,5,41
44,p_burst_0.1,0,49,4,0,3,8
44,p_burst_0.1,0,50,17,0,0,2
44,p_burst_0.2,1,1,1,1,1,37
44,p_burst_0.2,1,2,1,1,1,26
44,p_burst_0.2,1,3,8,0,0,14
44,p_burst_0.2,1,4,4,1,4,36
44,p_burst_0.2,1,5,4,0,3,3
44,p_burst_0.2,1,6,3,1,3,44
44,p_burst_0.2,1,7,5,0,4,29
44,p_burst_0.2,1,8,10,0,4,23
44,p_burst_0.2,1,9,5,1,5,21
44,p_burst_0.2,1,10,2,0,1,13
44,p_burst_0.2,1,11,1,1,1,5
44,p_burst_0.2,1,12,8,0,0,19
44,p_burst_0.2,1,13,1,1,1,24
44,p_burst_0.2,1,14,4,1,4,10
44,p_burst_0.2,1,15,3,0,0,47
44,p_burst_0.2,1,16,1,1,1,40
44,p_burst_0.2,1,17,4,1,4,12
44,p_burst_0.2,1,18,6,0,0,20
44,p_burst_0.2,1,19,24,0,4,11
44,p_burst_0.2,1,20,11,0,7,45
44,p_burst_0.2,1,21,29,0,2,34
44,p_burst_0.2,1,22,2,1,2,33
44,p_burst_0.2,1,23,2,1,2,48
44,p_burst_0.2,1,24,21,0,8,35
44,p_burst_0.2,1,25,4,0,0,43
44,p_burst_0.2,1,26,2,0,0,18
44,p_burst_0.2,1,27,12,0,0,17
44,p_burst_0.2,1,28,19,0,3,42
44,p_burst_0.2,1,29,5,0,3,16
44,p_burst_0.2,1,30,14,0,0,9
44,p_burst_0.2,1,31,3,1,3,32
44,p_burst_0.2,1,32,4,0,0,46
44,p_burst_0.2,1,33,2,0,1,25
44,p_burst_0.2,1,34,3,1,3,39
44,p_burst_0.2,1,35,1,1,1,49
44,p_burst_0.2,1,36,7,0,1,6
44,p_burst_0.2,1,37,4,1,4,31
44,p_burst_0.2,1,38,4,1,4,15
44,p_burst_0.2,1,39,4,0,0,50
44,p_burst_0.2,1,40,5,0,0,7
44,p_burst_0.2,1,41,5,0,0,22
44,p_burst_0.2,1,42,7,0,1,30
44,p_burst_0.2,1,43,1,1,1,38
44,p_burst_0.2,1,44,1,1,1,27
44,p_burst_0.2,1,45,4,1,4,1
44,p_burst_0.2,1,46,17,0,0,28
44,p_burst_0.2,1,47,1,0,0,4
44,p_burst_0.2,1,48,4,1,4,41
44,p_burst_0.2,1,49,13,0,0,8
44,p_burst_0.2,1,50,1,1,1,2
45,p_burst_0.1,0,1,1,1,1,10
45,p_burst_0.1,0,2,13,0,7,19
45,p_burst_0.1,0,3,7,1,7,18
45,p_burst_0.1,0,4,5,1,5,14
45,p_burst_0.1,0,5,18,0,4,1
45,p_burst_0.1,0,6,8,0,7,22
45,p_burst_0.1,0,7,5,1,5,2
45,p_burst_0.1,0,8,3,1,3,9
45,p_burst_0.1,0,9,1,1,1,45
45,p_burst_0.1,0,10,4,1,4,33
45,p_burst_0.1,0,11,30,0,5,29
45,p_burst_0.1,0,12,40,0,7,23
45,p_burst_0.1,0,13,2,1,2,34
45,p_burst_0.1,0,14,2,1,2,25
45,p_burst_0.1,0,15,27,0,6,24
45,p_burst_0.1,0,16,12,0,6,44
45,p_burst_0.1,0,17,19,0,4,17
45,p_burst_0.1,0,18,5,1,5,50
45,p_burst_0.1,0,19,23,0,7,27
45,p_burst_0.1,0,20,3,1,3,43
45,p_burst_0.1,0,21,1,1,1,8
45,p_burst_0.1,0,22,7,0,4,26
45,p_burst_0.1,0,23,4,1,4,6
45,p_burst_0.1,0,24,8,1,8,3
45,p_burst_0.1,0,25,17,0,8,46
45,p_burst_0.1,0,26,2,1,2,5
45,p_burst_0.1,0,27,4,1,4,37
45,p_burst_0.1,0,28,17,0,3,20
45,p_burst_0.1,0,29,5,1,5,38
45,p_burst_0.1,0,30,14,0,5,40
45,p_burst_0.1,0,31,2,1,2,30
45,p_burst_0.1,0,32,1,1,1,39
45,p_burst_0.1,0,33,15,0,7,42
45,p_burst_0.1,0,34,8,0,7,47
45,p_burst_0.1,0,35,13,0,6,4
45,p_burst_0.1,0,36,29,0,9,13
45,p_burst_0.1,0,37,16,0,4,32
45,p_burst_0.1,0,38,6,0,4,16
45,p_burst_0.1,0,39,2,1,2,28
45,p_burst_0.1,0,40,3,1,3,15
45,p_burst_0.1,0,41,21,0,7,12
45,p_burst_0.1,0,42,31,0,7,11
45,p_burst_0.1,0,43,4,1,4,35
45,p_burst_0.1,0,44,24,0,6,21
45,p_burst_0.1,0,45,21,0,6,41
45,p_burst_0.1,0,46,5,1,5,36
45,p_burst_0.1,0,47,1,1,1,31
45,p_burst_0.1,0,48,7,1,7,48
45,p_burst_0.1,0,49,4,1,4,49
45,p_burst_0.1,0,50,17,0,7,7
45,p_burst_0.2,1,1,1,1,1,10
45,p_burst_0.2,1,2,1,1,1,19
45,p_burst_0.2,1,3,8,0,1,18
45,p_burst_0.2,1,4,4,1,4,14
45,p_burst_0.2,1,5,4,0,1,1
45,p_burst_0.2,1,6,3,0,2,22
45,p_burst_0.2,1,7,5,0,4,2
45,p_burst_0.2,1,8,10,0,2,9
45,p_burst_0.2,1,9,5,0,2,45
45,p_burst_0.2,1,10,2,1,2,33
45,p_burst_0.2,1,11,1,1,1,29
45,p_burst_0.2,1,12,8,0,5,23
45,p_burst_0.2,1,13,1,1,1,34
45,p_burst_0.2,1,14,4,0,1,25
45,p_burst_0.2,1,15,3,0,1,24
45,p_burst_0.2,1,16,1,1,1,44
45,p_burst_0.2,1,17,4,1,4,17
45,p_burst_0.2,1,18,6,0,1,50
45,p_burst_0.2,1,19,24,0,1,27
45,p_burst_0.2,1,20,11,0,4,43
45,p_burst_0.2,1,21,29,0,5,8
45,p_burst_0.2,1,22,2,0,1,26
45,p_burst_0.2,1,23,2,1,2,6
45,p_burst_0.2,1,24,21,0,3,3
45,p_burst_0.2,1,25,4,0,2,46
45,p_burst_0.2,1,26,2,1,2,5
45,p_burst_0.2,1,27,12,0,3,37
45,p_burst_0.2,1,28,19,0,2,20
45,p_burst_0.2,1,29,5,0,1,38
45,p_burst_0.2,1,30,14,0,5,40
45,p_burst_0.2,1,31,3,1,3,30
45,p_burst_0.2,1,32,4,0,2,39
45,p_burst_0.2,1,33,2,1,2,42
45,p_burst_0.2,1,34,3,0,1,47
45,p_burst_0.2,1,35,1,1,1,4
45,p_burst_0.2,1,36,7,0,4,13
45,p_burst_0.2,1,37,4,0,3,32
45,p_burst_0.2,1,38,4,0,2,16
45,p_burst_0.2,1,39,4,1,4,28
45,p_burst_0.2,1,40,5,1,5,15
45,p_burst_0.2,1,41,5,1,5,12
45,p_burst_0.2,1,42,7,0,4,11
45,p_burst_0.2,1,43,1,1,1,35
45,p_burst_0.2,1,44,1,1,1,21
45,p_burst_0.2,1,45,4,0,1,41
45,p_burst_0.2,1,46,17,0,2,36
45,p_burst_0.2,1,47,1,1,1,31
45,p_burst_0.2,1,48,4,0,3,48
45,p_burst_0.2,1,49,13,0,5,49
45,p_burst_0.2,1,50,1,1,1,7
46,p_burst_0.1,0,1,1,0,0,31
46,p_burst_0.1,0,2,13,0,1,39
46,p_burst_0.1,0,3,7,0,1,44
46,p_burst_0.1,0,4,5,0,1,18
46,p_burst_0.1,0,5,18,0,0,46
46,p_burst_0.1,0,6,8,0,0,15
46,p_burst_0.1,0,7,5,0,1,47
46,p_burst_0.1,0,8,3,0,0,1
46,p_burst_0.1,0,9,1,0,0,49
46,p_burst_0.1,0,10,4,0,1,6
46,p_burst_0.1,0,11,30,0,0,50
46,p_burst_0.1,0,12,40,0,2,9
46,p_burst_0.1,0,13,2,0,1,19
46,p_burst_0.1,0,14,2,0,0,29
46,p_burst_0.1,0,15,27,0,0,37
46,p_burst_0.1,0,16,12,0,0,28
46,p_burst_0.1,0,17,19,0,1,30
46,p_burst_0.1,0,18,5,0,1,8
46,p_burst_0.1,0,19,23,0,0,14
46,p_burst_0.1,0,20,3,0,1,11
46,p_burst_0.1,0,21,1,1,1,5
46,p_burst_0.1,0,22,7,0,1,16
46,p_burst_0.1,0,23,4,0,1,26
46,p_burst_0.1,0,24,8,0,2,38
46,p_burst_0.1,0,25,17,0,1,7
46,p_burst_0.1,0,26,2,0,1,43
46,p_burst_0.1,0,27,4,0,1,20
46,p_burst_0.1,0,28,17,0,0,32
46,p_burst_0.1,0,29,5,0,0,17
46,p_burst_0.1,0,30,14,0,0,41
46,p_burst_0.1,0,31,2,0,0,45
46,p_burst_0.1,0,32,1,1,1,33
46,p_burst_0.1,0,33,15,0,1,36
46,p_burst_0.1,0,34,8,0,1,40
46,p_burst_0.1,0,35,13,0,1,27
46,p_burst_0.1,0,36,29,0,1,22
46,p_burst_0.1,0,37,16,0,0,2
46,p_burst_0.1,0,38,6,0,1,23
46,p_burst_0.1,0,39,2,1,2,24
46,p_burst_0.1,0,40,3,0,1,12
46,p_burst_0.1,0,41,21,0,1,10
46,p_burst_0.1,0,42,31,0,1,13
46,p_burst_0.1,0,43,4,0,1,21
46,p_burst_0.1,0,44,24,0,2,48
46,p_burst_0.1,0,45,21,0,1,4
46,p_burst_0.1,0,46,5,0,2,34
46,p_burst_0.1,0,47,1,0,0,35
46,p_burst_0.1,0,48,7,0,0,42
46,p_burst_0.1,0,49,4,0,0,25
46,p_burst_0.1,0,50,17,0,0,3
46,p_burst_0.2,1,1,1,0,0,31
46,p_burst_0.2,1,2,1,0,0,39
46,p_burst_0.2,1,3,8,0,0,44
46,p_burst_0.2,1,4,4,0,0,18
46,p_burst_0.2,1,5,4,0,0,46
46,p_burst_0.2,1,6,3,0,0,15
46,p_burst_0.2,1,7,5,0,0,47
46,p_burst_0.2,1,8,10,0,0,1
46,p_burst_0.2,1,9,5,0,0,49
46,p_burst_0.2,1,10,2,0,0,6
46,p_burst_0.2,1,11,1,0,0,50
46,p_burst_0.2,1,12,8,0,0,9
46,p_burst_0.2,1,13,1,0,0,19
46,p_burst_0.2,1,14,4,0,0,29
46,p_burst_0.2,1,15,3,0,0,37
46,p_burst_0.2,1,16,1,0,0,28
46,p_burst_0.2,1,17,4,0,0,30
46,p_burst_0.2,1,18,6,0,0,8
46,p_burst_0.2,1,19,24,0,0,14
46,p_burst_0.2,1,20,11,0,0,11
46,p_burst_0.2,1,21,29,0,0,5
46,p_burst_0.2,1,22,2,0,0,16
46,p_burst_0.2,1,23,2,0,0,26
46,p_burst_0.2,1,24,21,0,0,38
46,p_burst_0.2,1,25,4,0,0,7
46,p_burst_0.2,1,26,2,0,0,43
46,p_burst_0.2,1,27,12,0,0,20
46,p_burst_0.2,1,28,19,0,0,32
46,p_burst_0.2,1,29,5,0,0,17
46,p_burst_0.2,1,30,14,0,0,41
46,p_burst_0.2,1,31,3,0,1,45
46,p_burst_0.2,1,32,4,0,0,33
46,p_burst_0.2,1,33,2,0,0,36
46,p_burst_0.2,1,34,3,0,0,40
46,p_burst_0.2,1,35,1,0,0,27
46,p_burst_0.2,1,36,7,0,0,22
46,p_burst_0.2,1,37,4,0,0,2
46,p_burst_0.2,1,38,4,0,0,23
46,p_burst_0.2,1,39,4,0,1,24
46,p_burst_0.2,1,40,5,0,0,12
46,p_burst_0.2,1,41,5,0,0,10
46,p_burst_0.2,1,42,7,0,0,13
46,p_burst_0.2,1,43,1,0,0,21
46,p_burst_0.2,1,44,1,1,1,48
46,p_burst_0.2,1,45,4,0,0,4
46,p_burst_0.2,1,46,17,0,0,34
46,p_burst_0.2,1,47,1,0,0,35
46,p_burst_0.2,1,48,4,0,0,42
46,p_burst_0.2,1,49,13,0,0,25
46,p_burst_0.2,1,50,1,0,0,3
47,p_burst_0.1,0,1,1,1,1,49
47,p_burst_0.1,0,2,13,0,5,21
47,p_burst_0.1,0,3,7,0,1,18
47,p_burst_0.1,0,4,5,1,5,5
47,p_burst_0.1,0,5,18,0,8,32
47,p_burst_0.1,0,6,8,0,3,41
47,p_burst_0.1,0,7,5,1,5,42
47,p_burst_0.1,0,8,3,1,3,15
47,p_burst_0.1,0,9,1,1,1,12
47,p_burst_0.1,0,10,4,1,4,11
47,p_burst_0.1,0,11,30,0,13,40
47,p_burst_0.1,0,12,40,0,9,4
47,p_burst_0.1,0,13,2,1,2,10
47,p_burst_0.1,0,14,2,1,2,34
47,p_burst_0.1,0,15,27,0,8,27
47,p_burst_0.1,0,16,12,0,7,14
47,p_burst_0.1,0,17,19,0,11,13
47,p_burst_0.1,0,18,5,0,4,26
47,p_burst_0.1,0,19,23,0,2,30
47,p_burst_0.1,0,20,3,1,3,7
47,p_burst_0.1,0,21,1,1,1,33
47,p_burst_0.1,0,22,7,0,5,2
47,p_burst_0.1,0,23,4,1,4,16
47,p_burst_0.1,0,24,8,0,6,31
47,p_burst_0.1,0,25,17,0,14,24
47,p_burst_0.1,0,26,2,1,2,50
47,p_burst_0.1,0,27,4,1,4,45
47,p_burst_0.1,0,28,17,0,10,25
47,p_burst_0.1,0,29,5,1,5,44
47,p_burst_0.1,0,30,14,0,6,28
47,p_burst_0.1,0,31,2,1,2,9
47,p_burst_0.1,0,32,1,1,1,29
47,p_burst_0.1,0,33,15,0,5,46
47,p_burst_0.1,0,34,8,1,8,39
47,p_burst_0.1,0,35,13,0,1,35
47,p_burst_0.1,0,36,29,0,6,19
47,p_burst_0.1,0,37,16,0,7,36
47,p_burst_0.1,0,38,6,0,1,8
47,p_burst_0.1,0,39,2,1,2,20
47,p_burst_0.1,0,40,3,1,3,1
47,p_burst_0.1,0,41,21,0,8,37
47,p_burst_0.1,0,42,31,0,6,23
47,p_burst_0.1,0,43,4,1,4,22
47,p_burst_0.1,0,44,24,0,9,17
47,p_burst_0.1,0,45,21,0,7,43
47,p_burst_0.1,0,46,5,0,1,38
47,p_burst_0.1,0,47,1,1,1,6
47,p_burst_0.1,0,48,7,0,3,48
47,p_burst_0.1,0,49,4,1,4,3
47,p_burst_0.1,0,50,17,0,6,47
47,p_burst_0.2,1,1,1,0,0,49
47,p_burst_0.2,1,2,1,1,1,21
47,p_burst_0.2,1,3,8,0,5,18
47,p_burst_0.2,1,4,4,1,4,5
47,p_burst_0.2,1,5,4,1,4,32
47,p_burst_0.2,1,6,3,1,3,41
47,p_burst_0.2,1,7,5,1,5,42
47,p_burst_0.2,1,8,10,0,6,15
47,p_burst_0.2,1,9,5,1,5,12
47,p_burst_0.2,1,10,2,1,2,11
47,p_burst_0.2,1,11,1,1,1,40
47,p_burst_0.2,1,12,8,0,4,4
47,p_burst_0.2,1,13,1,1,1,10
47,p_burst_0.2,1,14,4,1,4,34
47,p_burst_0.2,1,15,3,1,3,27
47,p_burst_0.2,1,16,1,0,0,14
47,p_burst_0.2,1,17,4,1,4,13
47,p_burst_0.2,1,18,6,1,6,26
47,p_burst_0.2,1,19,24,0,4,30
47,p_burst_0.2,1,20,11,0,6,7
47,p_burst_0.2,1,21,29,0,14,33
47,p_burst_0.2,1,22,2,0,1,2
47,p_burst_0.2,1,23,2,1,2,16
47,p_burst_0.2,1,24,21,0,4,31
47,p_burst_0.2,1,25,4,1,4,24
47,p_burst_0.2,1,26,2,1,2,50
47,p_burst_0.2,1,27,12,0,2,45
47,p_burst_0.2,1,28,19,0,3,25
47,p_burst_0.2,1,29,5,1,5,44
47,p_burst_0.2,1,30,14,0,6,28
47,p_burst_0.2,1,31,3,1,3,9
47,p_burst_0.2,1,32,4,1,4,29
47,p_burst_0.2,1,33,2,1,2,46
47,p_burst_0.2,1,34,3,1,3,39
47,p_burst_0.2,1,35,1,1,1,35
47,p_burst_0.2,1,36,7,0,5,19
47,p_burst_0.2,1,37,4,1,4,36
47,p_burst_0.2,1,38,4,0,3,8
47,p_burst_0.2,1,39,4,1,4,20
47,p_burst_0.2,1,40,5,1,5,1
47,p_burst_0.2,1,41,5,1,5,37
47,p_burst_0.2,1,42,7,1,7,23
47,p_burst_0.2,1,43,1,1,1,22
47,p_burst_0.2,1,44,1,1,1,17
47,p_burst_0.2,1,45,4,1,4,43
47,p_burst_0.2,1,46,17,0,4,38
47,p_burst_0.2,1,47,1,1,1,6
47,p_burst_0.2,1,48,4,0,1,48
47,p_burst_0.2,1,49,13,0,8,3
47,p_burst_0.2,1,50,1,1,1,47
48,p_burst_0.1,0,1,1,1,1,12
48,p_burst_0.1,0,2,13,0,2,47
48,p_burst_0.1,0,3,7,0,3,9
48,p_burst_0.1,0,4,5,0,2,8
48,p_burst_0.1,0,5,18,0,1,15
48,p_burst_0.1,0,6,8,0,2,17
48,p_burst_0.1,0,7,5,0,2,4
48,p_burst_0.1,0,8,3,0,1,14
48,p_burst_0.1,0,9,1,1,1,41
48,p_burst_0.1,0,10,4,0,2,3
48,p_burst_0.1,0,11,30,0,2,31
48,p_burst_0.1,0,12,40,0,5,2
48,p_burst_0.1,0,13,2,1,2,13
48,p_burst_0.1,0,14,2,1,2,38
48,p_burst_0.1,0,15,27,0,2,6
48,p_burst_0.1,0,16,12,0,2,16
48,p_burst_0.1,0,17,19,0,2,7
48,p_burst_0.1,0,18,5,0,2,50
48,p_burst_0.1,0,19,23,0,2,11
48,p_burst_0.1,0,20,3,0,2,45
48,p_burst_0.1,0,21,1,1,1,39
48,p_burst_0.1,0,22,7,0,2,5
48,p_burst_0.1,0,23,4,1,4,43
48,p_burst_0.1,0,24,8,0,2,33
48,p_burst_0.1,0,25,17,0,3,20
48,p_burst_0.1,0,26,2,1,2,25
48,p_burst_0.1,0,27,4,1,4,42
48,p_burst_0.1,0,28,17,0,2,22
48,p_burst_0.1,0,29,5,0,2,46
48,p_burst_0.1,0,30,14,0,2,28
48,p_burst_0.1,0,31,2,1,2,40
48,p_burst_0.1,0,32,1,1,1,26
48,p_burst_0.1,0,33,15,0,2,24
48,p_burst_0.1,0,34,8,0,2,19
48,p_burst_0.1,0,35,13,0,2,29
48,p_burst_0.1,0,36,29,0,2,10
48,p_burst_0.1,0,37,16,0,2,44
48,p_burst_0.1,0,38,6,0,1,49
48,p_burst_0.1,0,39,2,1,2,23
48,p_burst_0.1,0,40,3,0,2,48
48,p_burst_0.1,0,41,21,0,3,1
48,p_burst_0.1,0,42,31,0,2,30
48,p_burst_0.1,0,43,4,0,1,21
48,p_burst_0.1,0,44,24,0,2,37
48,p_burst_0.1,0,45,21,0,4,32
48,p_burst_0.1,0,46,5,0,1,18
48,p_burst_0.1,0,47,1,1,1,35
48,p_burst_0.1,0,48,7,0,3,27
48,p_burst_0.1,0,49,4,0,3,36
48,p_burst_0.1,0,50,17,0,2,34
48,p_burst_0.2,1,1,1,1,1,12
48,p_burst_0.2,1,2,1,1,1,47
48,p_burst_0.2,1,3,8,1,8,9
48,p_burst_0.2,1,4,4,0,3,8
48,p_burst_0.2,1,5,4,0,3,15
48,p_burst_0.2,1,6,3,0,2,17
48,p_burst_0.2,1,7,5,0,2,4
48,p_burst_0.2,1,8,10,0,6,14
48,p_burst_0.2,1,9,5,0,4,41
48,p_burst_0.2,1,10,2,1,2,3
48,p_burst_0.2,1,11,1,1,1,31
48,p_burst_0.2,1,12,8,0,2,2
48,p_burst_0.2,1,13,1,0,0,13
48,p_burst_0.2,1,14,4,0,3,38
48,p_burst_0.2,1,15,3,1,3,6
48,p_burst_0.2,1,16,1,1,1,16
48,p_burst_0.2,1,17,4,0,3,7
48,p_burst_0.2,1,18,6,0,3,50
48,p_burst_0.2,1,19,24,0,3,11
48,p_burst_0.2,1,20,11,0,2,45
48,p_burst_0.2,1,21,29,0,3,39
48,p_burst_0.2,1,22,2,1,2,5
48,p_burst_0.2,1,23,2,1,2,43
48,p_burst_0.2,1,24,21,0,3,33
48,p_burst_0.2,1,25,4,0,2,20
48,p_burst_0.2,1,26,2,1,2,25
48,p_burst_0.2,1,27,12,0,3,42
48,p_burst_0.2,1,28,19,0,3,22
48,p_burst_0.2,1,29,5,0,3,46
48,p_burst_0.2,1,30,14,0,3,28
48,p_burst_0.2,1,31,3,1,3,40
48,p_burst_0.2,1,32,4,0,3,26
48,p_burst_0.2,1,33,2,1,2,24
48,p_burst_0.2,1,34,3,1,3,19
48,p_burst_0.2,1,35,1,1,1,29
48,p_burst_0.2,1,36,7,0,3,10
48,p_burst_0.2,1,37,4,0,3,44
48,p_burst_0.2,1,38,4,0,2,49
48,p_burst_0.2,1,39,4,0,3,23
48,p_burst_0.2,1,40,5,0,3,48
48,p_burst_0.2,1,41,5,0,3,1
48,p_burst_0.2,1,42,7,0,2,30
48,p_burst_0.2,1,43,1,1,1,21
48,p_burst_0.2,1,44,1,1,1,37
48,p_burst_0.2,1,45,4,0,2,32
48,p_burst_0.2,1,46,17,0,4,18
48,p_burst_0.2,1,47,1,1,1,35
48,p_burst_0.2,1,48,4,0,2,27
48,p_burst_0.2,1,49,13,0,3,36
48,p_burst_0.2,1,50,1,1,1,34
49,p_burst_0.1,0,1,1,1,1,9
49,p_burst_0.1,0,2,13,0,4,11
49,p_burst_0.1,0,3,7,0,3,22
49,p_burst_0.1,0,4,5,0,4,50
49,p_burst_0.1,0,5,18,0,4,29
49,p_burst_0.1,0,6,8,0,3,5
49,p_burst_0.1,0,7,5,0,4,31
49,p_burst_0.1,0,8,3,1,3,39
49,p_burst_0.1,0,9,1,1,1,24
49,p_burst_0.1,0,10,4,1,4,41
49,p_burst_0.1,0,11,30,0,3,30
49,p_burst_0.1,0,12,40,0,4,12
49,p_burst_0.1,0,13,2,1,2,32
49,p_burst_0.1,0,14,2,1,2,1
49,p_burst_0.1,0,15,27,0,4,34
49,p_burst_0.1,0,16,12,0,3,37
49,p_burst_0.1,0,17,19,0,3,46
49,p_burst_0.1,0,18,5,1,5,26
49,p_burst_0.1,0,19,23,0,5,23
49,p_burst_0.1,0,20,3,1,3,6
49,p_burst_0.1,0,21,1,1,1,28
49,p_burst_0.1,0,22,7,0,3,15
49,p_burst_0.1,0,23,4,1,4,45
49,p_burst_0.1,0,24,8,0,3,44
49,p_burst_0.1,0,25,17,0,3,18
49,p_burst_0.1,0,26,2,1,2,33
49,p_burst_0.1,0,27,4,1,4,47
49,p_burst_0.1,0,28,17,0,5,4
49,p_burst_0.1,0,29,5,1,5,36
49,p_burst_0.1,0,30,14,0,5,14
49,p_burst_0.1,0,31,2,1,2,2
49,p_burst_0.1,0,32,1,1,1,13
49,p_burst_0.1,0,33,15,0,4,21
49,p_burst_0.1,0,34,8,0,3,49
49,p_burst_0.1,0,35,13,0,3,38
49,p_burst_0.1,0,36,29,0,5,27
49,p_burst_0.1,0,37,16,0,5,35
49,p_burst_0.1,0,38,6,0,3,19
49,p_burst_0.1,0,39,2,1,2,42
49,p_burst_0.1,0,40,3,1,3,10
49,p_burst_0.1,0,41,21,0,4,25
49,p_burst_0.1,0,42,31,0,4,7
49,p_burst_0.1,0,43,4,1,4,40
49,p_burst_0.1,0,44,24,0,5,8
49,p_burst_0.1,0,45,21,0,4,48
49,p_burst_0.1,0,46,5,0,4,43
49,p_burst_0.1,0,47,1,1,1,3
49,p_burst_0.1,0,48,7,0,3,20
49,p_burst_0.1,0,49,4,1,4,17
49,p_burst_0.1,0,50,17,0,4,16
49,p_burst_0.2,1,1,1,1,1,9
49,p_burst_0.2,1,2,1,1,1,11
49,p_burst_0.2,1,3,8,0,3,22
49,p_burst_0.2,1,4,4,0,2,50
49,p_burst_0.2,1,5,4,1,4,29
49,p_burst_0.2,1,6,3,0,2,5
49,p_burst_0.2,1,7,5,0,3,31
49,p_burst_0.2,1,8,10,0,3,39
49,p_burst_0.2,1,9,5,1,5,24
49,p_burst_0.2,1,10,2,1,2,41
49,p_burst_0.2,1,11,1,1,1,30
49,p_burst_0.2,1,12,8,0,3,12
49,p_burst_0.2,1,13,1,1,1,32
49,p_burst_0.2,1,14,4,0,3,1
49,p_burst_0.2,1,15,3,1,3,34
49,p_burst_0.2,1,16,1,1,1,37
49,p_burst_0.2,1,17,4,0,3,46
49,p_burst_0.2,1,18,6,0,2,26
49,p_burst_0.2,1,19,24,0,2,23
49,p_burst_0.2,1,20,11,0,3,6
49,p_burst_0.2,1,21,29,0,2,28
49,p_burst_0.2,1,22,2,1,2,15
49,p_burst_0.2,1,23,2,1,2,45
49,p_burst_0.2,1,24,21,0,3,44
49,p_burst_0.2,1,25,4,0,2,18
49,p_burst_0.2,1,26,2,1,2,33
49,p_burst_0.2,1,27,12,0,3,47
49,p_burst_0.2,1,28,19,0,3,4
49,p_burst_0.2,1,29,5,0,4,36
49,p_burst_0.2,1,30,14,0,3,14
49,p_burst_0.2,1,31,3,1,3,2
49,p_burst_0.2,1,32,4,0,3,13
49,p_burst_0.2,1,33,2,1,2,21
49,p_burst_0.2,1,34,3,1,3,49
49,p_burst_0.2,1,35,1,1,1,38
49,p_burst_0.2,1,36,7,0,3,27
49,p_burst_0.2,1,37,4,0,2,35
49,p_burst_0.2,1,38,4,0,2,19
49,p_burst_0.2,1,39,4,0,2,42
49,p_burst_0.2,1,40,5,0,3,10
49,p_burst_0.2,1,41,5,0,3,25
49,p_burst_0.2,1,42,7,0,3,7
49,p_burst_0.2,1,43,1,1,1,40
49,p_burst_0.2,1,44,1,1,1,8
49,p_burst_0.2,1,45,4,0,3,48
49,p_burst_0.2,1,46,17,0,3,43
49,p_burst_0.2,1,47,1,1,1,3
49,p_burst_0.2,1,48,4,0,3,20
49,p_burst_0.2,1,49,13,0,3,17
49,p_burst_0.2,1,50,1,1,1,16
50,p_burst_0.1,0,1,1,1,1,5
50,p_burst_0.1,0,2,13,0,4,39
50,p_burst_0.1,0,3,7,0,4,48
50,p_burst_0.1,0,4,5,0,4,34
50,p_burst_0.1,0,5,18,0,4,4
50,p_burst_0.1,0,6,8,0,4,24
50,p_burst_0.1,0,7,5,0,4,46
50,p_burst_0.1,0,8,3,1,3,41
50,p_burst_0.1,0,9,1,1,1,45
50,p_burst_0.1,0,10,4,1,4,35
50,p_burst_0.1,0,11,30,0,4,30
50,p_burst_0.1,0,12,40,0,4,23
50,p_burst_0.1,0,13,2,1,2,18
50,p_burst_0.1,0,14,2,1,2,16
50,p_burst_0.1,0,15,27,0,4,12
50,p_burst_0.1,0,16,12,0,4,8
50,p_burst_0.1,0,17,19,0,4,31
50,p_burst_0.1,0,18,5,0,4,7
50,p_burst_0.1,0,19,23,0,4,1
50,p_burst_0.1,0,20,3,1,3,19
50,p_burst_0.1,0,21,1,1,1,42
50,p_burst_0.1,0,22,7,0,4,37
50,p_burst_0.1,0,23,4,1,4,6
50,p_burst_0.1,0,24,8,0,4,49
50,p_burst_0.1,0,25,17,0,4,27
50,p_burst_0.1,0,26,2,1,2,13
50,p_burst_0.1,0,27,4,1,4,9
50,p_burst_0.1,0,28,17,0,4,15
50,p_burst_0.1,0,29,5,0,4,10
50,p_burst_0.1,0,30,14,0,4,36
50,p_burst_0.1,0,31,2,1,2,14
50,p_burst_0.1,0,32,1,1,1,33
50,p_burst_0.1,0,33,15,0,4,17
50,p_burst_0.1,0,34,8,0,4,43
50,p_burst_0.1,0,35,13,0,4,40
50,p_burst_0.1,0,36,29,0,4,29
50,p_burst_0.1,0,37,16,0,4,2
50,p_burst_0.1,0,38,6,0,4,44
50,p_burst_0.1,0,39,2,1,2,20
50,p_burst_0.1,0,40,3,1,3,26
50,p_burst_0.1,0,41,21,0,4,22
50,p_burst_0.1,0,42,31,0,4,25
50,p_burst_0.1,0,43,4,1,4,11
50,p_burst_0.1,0,44,24,0,4,47
50,p_burst_0.1,0,45,21,0,4,38
50,p_burst_0.1,0,46,5,0,4,32
50,p_burst_0.1,0,47,1,1,1,50
50,p_burst_0.1,0,48,7,0,3,28
50,p_burst_0.1,0,49,4,1,4,21
50,p_burst_0.1,0,50,17,0,4,3
50,p_burst_0.2,1,1,1,1,1,5
50,p_burst_0.2,1,2,1,1,1,39
50,p_burst_0.2,1,3,8,0,4,48
50,p_burst_0.2,1,4,4,1,4,34
50,p_burst_0.2,1,5,4,1,4,4
50,p_burst_0.2,1,6,3,1,3,24
50,p_burst_0.2,1,7,5,0,4,46
50,p_burst_0.2,1,8,10,0,4,41
50,p_burst_0.2,1,9,5,0,4,45
50,p_burst_0.2,1,10,2,1,2,35
50,p_burst_0.2,1,11,1,1,1,30
50,p_burst_0.2,1,12,8,0,4,23
50,p_burst_0.2,1,13,1,1,1,18
50,p_burst_0.2,1,14,4,1,4,16
50,p_burst_0.2,1,15,3,1,3,12
50,p_burst_0.2,1,16,1,1,1,8
50,p_burst_0.2,1,17,4,1,4,31
50,p_burst_0.2,1,18,6,0,4,7
50,p_burst_0.2,1,19,24,0,4,1
50,p_burst_0.2,1,20,11,0,4,19
50,p_burst_0.2,1,21,29,0,4,42
50,p_burst_0.2,1,22,2,1,2,37
50,p_burst_0.2,1,23,2,1,2,6
50,p_burst_0.2,1,24,21,0,4,49
50,p_burst_0.2,1,25,4,1,4,27
50,p_burst_0.2,1,26,2,1,2,13
50,p_burst_0.2,1,27,12,0,4,9
50,p_burst_0.2,1,28,19,0,4,15
50,p_burst_0.2,1,29,5,0,4,10
50,p_burst_0.2,1,30,14,0,4,36
50,p_burst_0.2,1,31,3,1,3,14
50,p_burst_0.2,1,32,4,1,4,33
50,p_burst_0.2,1,33,2,1,2,17
50,p_burst_0.2,1,34,3,1,3,43
50,p_burst_0.2,1,35,1,1,1,40
50,p_burst_0.2,1,36,7,0,4,29
50,p_burst_0.2,1,37,4,1,4,2
50,p_burst_0.2,1,38,4,1,4,44
50,p_burst_0.2,1,39,4,1,4,20
50,p_burst_0.2,1,40,5,0,4,26
50,p_burst_0.2,1,41,5,0,4,22
50,p_burst_0.2,1,42,7,0,5,25
50,p_burst_0.2,1,43,1,1,1,11
50,p_burst_0.2,1,44,1,1,1,47
50,p_burst_0.2,1,45,4,1,4,38
50,p_burst_0.2,1,46,17,0,4,32
50,p_burst_0.2,1,47,1,1,1,50
50,p_burst_0.2,1,48,4,1,4,28
50,p_burst_0.2,1,49,13,0,3,21
50,p_burst_0.2,1,50,1,1,1,3
51,p_burst_0.1,0,1,1,1,1,50
51,p_burst_0.1,0,2,13,0,4,35
51,p_burst_0.1,0,3,7,0,4,10
51,p_burst_0.1,0,4,5,0,4,31
51,p_burst_0.1,0,5,18,0,4,25
51,p_burst_0.1,0,6,8,0,4,27
51,p_burst_0.1,0,7,5,0,4,41
51,p_burst_0.1,0,8,3,1,3,13
51,p_burst_0.1,0,9,1,1,1,40
51,p_burst_0.1,0,10,4,1,4,28
51,p_burst_0.1,0,11,30,0,4,5
51,p_burst_0.1,0,12,40,0,9,33
51,p_burst_0.1,0,13,2,1,2,23
51,p_burst_0.1,0,14,2,1,2,29
51,p_burst_0.1,0,15,27,0,4,42
51,p_burst_0.1,0,16,12,0,4,18
51,p_burst_0.1,0,17,19,0,4,39
51,p_burst_0.1,0,18,5,0,4,30
51,p_burst_0.1,0,19,23,0,4,12
51,p_burst_0.1,0,20,3,1,3,26
51,p_burst_0.1,0,21,1,0,0,19
51,p_burst_0.1,0,22,7,0,4,44
51,p_burst_0.1,0,23,4,1,4,4
51,p_burst_0.1,0,24,8,0,4,6
51,p_burst_0.1,0,25,17,0,4,16
51,p_burst_0.1,0,26,2,1,2,21
51,p_burst_0.1,0,27,4,1,4,47
51,p_burst_0.1,0,28,17,0,4,20
51,p_burst_0.1,0,29,5,0,4,36
51,p_burst_0.1,0,30,14,0,4,11
51,p_burst_0.1,0,31,2,1,2,24
51,p_burst_0.1,0,32,1,1,1,1
51,p_burst_0.1,0,33,15,0,4,32
51,p_burst_0.1,0,34,8,0,4,9
51,p_burst_0.1,0,35,13,0,9,3
51,p_burst_0.1,0,36,29,0,4,7
51,p_burst_0.1,0,37,16,0,4,38
51,p_burst_0.1,0,38,6,0,5,48
51,p_burst_0.1,0,39,2,1,2,49
51,p_burst_0.1,0,40,3,1,3,22
51,p_burst_0.1,0,41,21,0,4,46
51,p_burst_0.1,0,42,31,0,4,34
51,p_burst_0.1,0,43,4,1,4,17
51,p_burst_0.1,0,44,24,0,5,43
51,p_burst_0.1,0,45,21,0,4,2
51,p_burst_0.1,0,46,5,0,4,14
51,p_burst_0.1,0,47,1,1,1,45
51,p_burst_0.1,0,48,7,0,4,15
51,p_burst_0.1,0,49,4,1,4,8
51,p_burst_0.1,0,50,17,0,9,37
51,p_burst_0.2,1,1,1,1,1,50
51,p_burst_0.2,1,2,1,1,1,35
51,p_burst_0.2,1,3,8,0,4,10
51,p_burst_0.2,1,4,4,1,4,31
51,p_burst_0.2,1,5,4,1,4,25
51,p_burst_0.2,1,6,3,1,3,27
51,p_burst_0.2,1,7,5,0,4,41
51,p_burst_0.2,1,8,10,0,4,13
51,p_burst_0.2,1,9,5,1,5,40
51,p_burst_0.2,1,10,2,1,2,28
51,p_burst_0.2,1,11,1,1,1,5
51,p_burst_0.2,1,12,8,1,8,33
51,p_burst_0.2,1,13,1,1,1,23
51,p_burst_0.2,1,14,4,1,4,29
51,p_burst_0.2,1,15,3,1,3,42
51,p_burst_0.2,1,16,1,1,1,18
51,p_burst_0.2,1,17,4,1,4,39
51,p_burst_0.2,1,18,6,1,6,30
51,p_burst_0.2,1,19,24,0,4,12
51,p_burst_0.2,1,20,11,0,4,26
51,p_burst_0.2,1,21,29,0,4,19
51,p_burst_0.2,1,22,2,1,2,44
51,p_burst_0.2,1,23,2,1,2,4
51,p_burst_0.2,1,24,21,0,4,6
51,p_burst_0.2,1,25,4,1,4,16
51,p_burst_0.2,1,26,2,1,2,21
51,p_burst_0.2,1,27,12,1,12,47
51,p_burst_0.2,1,28,19,0,9,20
51,p_burst_0.2,1,29,5,1,5,36
51,p_burst_0.2,1,30,14,0,9,11
51,p_burst_0.2,1,31,3,1,3,24
51,p_burst_0.2,1,32,4,1,4,1
51,p_burst_0.2,1,33,2,1,2,32
51,p_burst_0.2,1,34,3,1,3,9
51,p_burst_0.2,1,35,1,1,1,3
51,p_burst_0.2,1,36,7,0,5,7
51,p_burst_0.2,1,37,4,1,4,38
51,p_burst_0.2,1,38,4,1,4,48
51,p_burst_0.2,1,39,4,1,4,49
51,p_burst_0.2,1,40,5,1,5,22
51,p_burst_0.2,1,41,5,1,5,46
51,p_burst_0.2,1,42,7,1,7,34
51,p_burst_0.2,1,43,1,1,1,17
51,p_burst_0.2,1,44,1,1,1,43
51,p_burst_0.2,1,45,4,1,4,2
51,p_burst_0.2,1,46,17,0,5,14
51,p_burst_0.2,1,47,1,1,1,45
51,p_burst_0.2,1,48,4,1,4,15
51,p_burst_0.2,1,49,13,0,4,8
51,p_burst_0.2,1,50,1,1,1,37
52,p_burst_0.1,0,1,1,1,1,42
52,p_burst_0.1,0,2,13,0,4,36
52,p_burst_0.1,0,3,7,0,4,27
52,p_burst_0.1,0,4,5,1,5,25
52,p_burst_0.1,0,5,18,0,4,50
52,p_burst_0.1,0,6,8,0,4,8
52,p_burst_0.1,0,7,5,1,5,18
52,p_burst_0.1,0,8,3,1,3,49
52,p_burst_0.1,0,9,1,1,1,37
52,p_burst_0.1,0,10,4,1,4,2
52,p_burst_0.1,0,11,30,0,5,23
52,p_burst_0.1,0,12,40,0,5,29
52,p_burst_0.1,0,13,2,1,2,16
52,p_burst_0.1,0,14,2,1,2,39
52,p_burst_0.1,0,15,27,0,4,40
52,p_burst_0.1,0,16,12,0,4,19
52,p_burst_0.1,0,17,19,0,6,13
52,p_burst_0.1,0,18,5,1,5,45
52,p_burst_0.1,0,19,23,0,4,14
52,p_burst_0.1,0,20,3,1,3,31
52,p_burst_0.1,0,21,1,1,1,5
52,p_burst_0.1,0,22,7,0,4,3
52,p_burst_0.1,0,23,4,1,4,22
52,p_burst_0.1,0,24,8,1,8,48
52,p_burst_0.1,0,25,17,0,5,6
52,p_burst_0.1,0,26,2,1,2,35
52,p_burst_0.1,0,27,4,1,4,32
52,p_burst_0.1,0,28,17,0,9,10
52,p_burst_0.1,0,29,5,1,5,44
52,p_burst_0.1,0,30,14,0,7,38
52,p_burst_0.1,0,31,2,1,2,41
52,p_burst_0.1,0,32,1,1,1,30
52,p_burst_0.1,0,33,15,0,6,1
52,p_burst_0.1,0,34,8,0,5,26
52,p_burst_0.1,0,35,13,0,4,28
52,p_burst_0.1,0,36,29,0,5,24
52,p_burst_0.1,0,37,16,0,4,46
52,p_burst_0.1,0,38,6,1,6,33
52,p_burst_0.1,0,39,2,1,2,4
52,p_burst_0.1,0,40,3,1,3,9
52,p_burst_0.1,0,41,21,0,6,11
52,p_burst_0.1,0,42,31,0,5,17
52,p_burst_0.1,0,43,4,1,4,12
52,p_burst_0.1,0,44,24,0,5,21
52,p_burst_0.1,0,45,21,0,4,43
52,p_burst_0.1,0,46,5,1,5,34
52,p_burst_0.1,0,47,1,1,1,20
52,p_burst_0.1,0,48,7,0,4,47
52,p_burst_0.1,0,49,4,1,4,15
52,p_burst_0.1,0,50,17,0,5,7
52,p_burst_0.2,1,1,1,1,1,42
52,p_burst_0.2,1,2,1,1,1,36
52,p_burst_0.2,1,3,8,0,1,27
52,p_burst_0.2,1,4,4,0,0,25
52,p_burst_0.2,1,5,4,0,0,50
52,p_burst_0.2,1,6,3,0,2,8
52,p_burst_0.2,1,7,5,0,4,18
52,p_burst_0.2,1,8,10,0,7,49
52,p_burst_0.2,1,9,5,0,3,37
52,p_burst_0.2,1,10,2,1,2,2
52,p_burst_0.2,1,11,1,1,1,23
52,p_burst_0.2,1,12,8,0,4,29
52,p_burst_0.2,1,13,1,1,1,16
52,p_burst_0.2,1,14,4,0,0,39
52,p_burst_0.2,1,15,3,1,3,40
52,p_burst_0.2,1,16,1,1,1,19
52,p_burst_0.2,1,17,4,0,3,13
52,p_burst_0.2,1,18,6,1,6,45
52,p_burst_0.2,1,19,24,0,4,14
52,p_burst_0.2,1,20,11,0,3,31
52,p_burst_0.2,1,21,29,0,4,5
52,p_burst_0.2,1,22,2,1,2,3
52,p_burst_0.2,1,23,2,1,2,22
52,p_burst_0.2,1,24,21,0,4,48
52,p_burst_0.2,1,25,4,1,4,6
52,p_burst_0.2,1,26,2,1,2,35
52,p_burst_0.2,1,27,12,0,7,32
52,p_burst_0.2,1,28,19,0,0,10
52,p_burst_0.2,1,29,5,1,5,44
52,p_burst_0.2,1,30,14,0,4,38
52,p_burst_0.2,1,31,3,1,3,41
52,p_burst_0.2,1,32,4,0,2,30
52,p_burst_0.2,1,33,2,1,2,1
52,p_burst_0.2,1,34,3,0,1,26
52,p_burst_0.2,1,35,1,1,1,28
52,p_burst_0.2,1,36,7,0,6,24
52,p_burst_0.2,1,37,4,1,4,46
52,p_burst_0.2,1,38,4,0,3,33
52,p_burst_0.2,1,39,4,1,4,4
52,p_burst_0.2,1,40,5,0,4,9
52,p_burst_0.2,1,41,5,0,3,11
52,p_burst_0.2,1,42,7,0,4,17
52,p_burst_0.2,1,43,1,1,1,12
52,p_burst_0.2,1,44,1,0,0,21
52,p_burst_0.2,1,45,4,1,4,43
52,p_burst_0.2,1,46,17,0,4,34
52,p_burst_0.2,1,47,1,1,1,20
52,p_burst_0.2,1,48,4,0,2,47
52,p_burst_0.2,1,49,13,0,5,15
52,p_burst_0.2,1,50,1,1,1,7
53,p_burst_0.1,0,1,1,1,1,17
53,p_burst_0.1,0,2,13,0,6,1
53,p_burst_0.1,0,3,7,1,7,14
53,p_burst_0.1,0,4,5,1,5,15
53,p_burst_0.1,0,5,18,0,15,18
53,p_burst_0.1,0,6,8,1,8,31
53,p_burst_0.1,0,7,5,1,5,38
53,p_burst_0.1,0,8,3,1,3,16
53,p_burst_0.1,0,9,1,1,1,37
53,p_burst_0.1,0,10,4,1,4,9
53,p_burst_0.1,0,11,30,0,7,25
53,p_burst_0.1,0,12,40,0,13,28
53,p_burst_0.1,0,13,2,1,2,26
53,p_burst_0.1,0,14,2,1,2,12
53,p_burst_0.1,0,15,27,0,13,5
53,p_burst_0.1,0,16,12,0,11,33
53,p_burst_0.1,0,17,19,1,19,22
53,p_burst_0.1,0,18,5,1,5,6
53,p_burst_0.1,0,19,23,0,8,46
53,p_burst_0.1,0,20,3,1,3,36
53,p_burst_0.1,0,21,1,1,1,7
53,p_burst_0.1,0,22,7,1,7,24
53,p_burst_0.1,0,23,4,1,4,2
53,p_burst_0.1,0,24,8,1,8,42
53,p_burst_0.1,0,25,17,0,16,20
53,p_burst_0.1,0,26,2,1,2,27
53,p_burst_0.1,0,27,4,1,4,43
53,p_burst_0.1,0,28,17,0,13,19
53,p_burst_0.1,0,29,5,1,5,30
53,p_burst_0.1,0,30,14,0,9,10
53,p_burst_0.1,0,31,2,1,2,45
53,p_burst_0.1,0,32,1,1,1,40
53,p_burst_0.1,0,33,15,0,9,35
53,p_burst_0.1,0,34,8,1,8,3
53,p_burst_0.1,0,35,13,1,13,11
53,p_burst_0.1,0,36,29,0,9,8
53,p_burst_0.1,0,37,16,0,10,41
53,p_burst_0.1,0,38,6,1,6,39
53,p_burst_0.1,0,39,2,1,2,47
53,p_burst_0.1,0,40,3,1,3,34
53,p_burst_0.1,0,41,21,0,10,44
53,p_burst_0.1,0,42,31,0,10,21
53,p_burst_0.1,0,43,4,1,4,49
53,p_burst_0.1,0,44,24,0,6,13
53,p_burst_0.1,0,45,21,0,9,32
53,p_burst_0.1,0,46,5,1,5,4
53,p_burst_0.1,0,47,1,1,1,23
53,p_burst_0.1,0,48,7,1,7,29
53,p_burst_0.1,0,49,4,1,4,50
53,p_burst_0.1,0,50,17,0,9,48
53,p_burst_0.2,1,1,1,1,1,17
53,p_burst_0.2,1,2,1,1,1,1
53,p_burst_0.2,1,3,8,1,8,14
53,p_burst_0.2,1,4,4,1,4,15
53,p_burst_0.2,1,5,4,1,4,18
53,p_burst_0.2,1,6,3,1,3,31
53,p_burst_0.2,1,7,5,1,5,38
53,p_burst_0.2,1,8,10,0,7,16
53,p_burst_0.2,1,9,5,0,3,37
53,p_burst_0.2,1,10,2,1,2,9
53,p_burst_0.2,1,11,1,1,1,25
53,p_burst_0.2,1,12,8,1,8,28
53,p_burst_0.2,1,13,1,1,1,26
53,p_burst_0.2,1,14,4,1,4,12
53,p_burst_0.2,1,15,3,1,3,5
53,p_burst_0.2,1,16,1,1,1,33
53,p_burst_0.2,1,17,4,1,4,22
53,p_burst_0.2,1,18,6,0,3,6
53,p_burst_0.2,1,19,24,0,13,46
53,p_burst_0.2,1,20,11,0,8,36
53,p_burst_0.2,1,21,29,0,8,7
53,p_burst_0.2,1,22,2,1,2,24
53,p_burst_0.2,1,23,2,1,2,2
53,p_burst_0.2,1,24,21,0,8,42
53,p_burst_0.2,1,25,4,0,3,20
53,p_burst_0.2,1,26,2,1,2,27
53,p_burst_0.2,1,27,12,0,9,43
53,p_burst_0.2,1,28,19,0,10,19
53,p_burst_0.2,1,29,5,1,5,30
53,p_burst_0.2,1,30,14,0,11,10
53,p_burst_0.2,1,31,3,1,3,45
53,p_burst_0.2,1,32,4,1,4,40
53,p_burst_0.2,1,33,2,1,2,35
53,p_burst_0.2,1,34,3,1,3,3
53,p_burst_0.2,1,35,1,1,1,11
53,p_burst_0.2,1,36,7,1,7,8
53,p_burst_0.2,1,37,4,0,3,41
53,p_burst_0.2,1,38,4,1,4,39
53,p_burst_0.2,1,39,4,1,4,47
53,p_burst_0.2,1,40,5,1,5,34
53,p_burst_0.2,1,41,5,1,5,44
53,p_burst_0.2,1,42,7,0,6,21
53,p_burst_0.2,1,43,1,1,1,49
53,p_burst_0.2,1,44,1,1,1,13
53,p_burst_0.2,1,45,4,1,4,32
53,p_burst_0.2,1,46,17,0,6,4
53,p_burst_0.2,1,47,1,1,1,23
53,p_burst_0.2,1,48,4,1,4,29
53,p_burst_0.2,1,49,13,0,12,50
53,p_burst_0.2,1,50,1,1,1,48
54,p_burst_0.1,0,1,1,1,1,12
54,p_burst_0.1,0,2,13,0,3,41
54,p_burst_0.1,0,3,7,0,0,22
54,p_burst_0.1,0,4,5,0,0,43
54,p_burst_0.1,0,5,18,0,3,36
54,p_burst_0.1,0,6,8,0,1,44
54,p_burst_0.1,0,7,5,0,0,2
54,p_burst_0.1,0,8,3,1,3,24
54,p_burst_0.1,0,9,1,1,1,49
54,p_burst_0.1,0,10,4,0,3,45
54,p_burst_0.1,0,11,30,0,3,16
54,p_burst_0.1,0,12,40,0,3,50
54,p_burst_0.1,0,13,2,0,0,20
54,p_burst_0.1,0,14,2,1,2,5
54,p_burst_0.1,0,15,27,0,3,47
54,p_burst_0.1,0,16,12,0,3,17
54,p_burst_0.1,0,17,19,0,2,27
54,p_burst_0.1,0,18,5,0,3,46
54,p_burst_0.1,0,19,23,0,1,39
54,p_burst_0.1,0,20,3,1,3,30
54,p_burst_0.1,0,21,1,0,0,37
54,p_burst_0.1,0,22,7,0,1,11
54,p_burst_0.1,0,23,4,0,0,18
54,p_burst_0.1,0,24,8,0,3,15
54,p_burst_0.1,0,25,17,0,0,10
54,p_burst_0.1,0,26,2,1,2,29
54,p_burst_0.1,0,27,4,0,3,26
54,p_burst_0.1,0,28,17,0,0,33
54,p_burst_0.1,0,29,5,0,3,8
54,p_burst_0.1,0,30,14,0,1,40
54,p_burst_0.1,0,31,2,0,0,19
54,p_burst_0.1,0,32,1,1,1,14
54,p_burst_0.1,0,33,15,0,2,28
54,p_burst_0.1,0,34,8,0,1,3
54,p_burst_0.1,0,35,13,0,1,31
54,p_burst_0.1,0,36,29,0,1,34
54,p_burst_0.1,0,37,16,0,3,38
54,p_burst_0.1,0,38,6,0,1,6
54,p_burst_0.1,0,39,2,1,2,42
54,p_burst_0.1,0,40,3,1,3,35
54,p_burst_0.1,0,41,21,0,3,1
54,p_burst_0.1,0,42,31,0,1,4
54,p_burst_0.1,0,43,4,0,3,9
54,p_burst_0.1,0,44,24,0,3,23
54,p_burst_0.1,0,45,21,0,3,48
54,p_burst_0.1,0,46,5,0,3,32
54,p_burst_0.1,0,47,1,1,1,7
54,p_burst_0.1,0,48,7,0,1,21
54,p_burst_0.1,0,49,4,0,3,25
54,p_burst_0.1,0,50,17,0,3,13
54,p_burst_0.2,1,1,1,0,0,12
54,p_burst_0.2,1,2,1,0,0,41
54,p_burst_0.2,1,3,8,0,0,22
54,p_burst_0.2,1,4,4,0,0,43
54,p_burst_0.2,1,5,4,0,0,36
54,p_burst_0.2,1,6,3,0,0,44
54,p_burst_0.2,1,7,5,0,0,2
54,p_burst_0.2,1,8,10,0,0,24
54,p_burst_0.2,1,9,5,0,0,49
54,p_burst_0.2,1,10,2,0,0,45
54,p_burst_0.2,1,11,1,0,0,16
54,p_burst_0.2,1,12,8,0,0,50
54,p_burst_0.2,1,13,1,0,0,20
54,p_burst_0.2,1,14,4,0,0,5
54,p_burst_0.2,1,15,3,0,0,47
54,p_burst_0.2,1,16,1,0,0,17
54,p_burst_0.2,1,17,4,0,0,27
54,p_burst_0.2,1,18,6,0,0,46
54,p_burst_0.2,1,19,24,0,0,39
54,p_burst_0.2,1,20,11,0,0,30
54,p_burst_0.2,1,21,29,0,0,37
54,p_burst_0.2,1,22,2,0,0,11
54,p_burst_0.2,1,23,2,0,0,18
54,p_burst_0.2,1,24,21,0,0,15
54,p_burst_0.2,1,25,4,0,0,10
54,p_burst_0.2,1,26,2,0,0,29
54,p_burst_0.2,1,27,12,0,0,26
54,p_burst_0.2,1,28,19,0,0,33
54,p_burst_0.2,1,29,5,0,0,8
54,p_burst_0.2,1,30,14,0,0,40
54,p_burst_0.2,1,31,3,0,0,19
54,p_burst_0.2,1,32,4,0,0,14
54,p_burst_0.2,1,33,2,0,0,28
54,p_burst_0.2,1,34,3,0,0,3
54,p_burst_0.2,1,35,1,0,0,31
54,p_burst_0.2,1,36,7,0,0,34
54,p_burst_0.2,1,37,4,0,0,38
54,p_burst_0.2,1,38,4,0,0,6
54,p_burst_0.2,1,39,4,0,0,42
54,p_burst_0.2,1,40,5,0,0,35
54,p_burst_0.2,1,41,5,0,0,1
54,p_burst_0.2,1,42,7,0,0,4
54,p_burst_0.2,1,43,1,0,0,9
54,p_burst_0.2,1,44,1,0,0,23
54,p_burst_0.2,1,45,4,0,0,48
54,p_burst_0.2,1,46,17,0,0,32
54,p_burst_0.2,1,47,1,0,0,7
54,p_burst_0.2,1,48,4,0,0,21
54,p_burst_0.2,1,49,13,0,0,25
54,p_burst_0.2,1,50,1,0,0,13
55,p_burst_0.1,0,1,1,1,1,19
55,p_burst_0.1,0,2,13,0,6,15
55,p_burst_0.1,0,3,7,1,7,30
55,p_burst_0.1,0,4,5,1,5,26
55,p_burst_0.1,0,5,18,0,15,13
55,p_burst_0.1,0,6,8,1,8,29
55,p_burst_0.1,0,7,5,1,5,34
55,p_burst_0.1,0,8,3,0,2,7
55,p_burst_0.1,0,9,1,1,1,33
55,p_burst_0.1,0,10,4,1,4,46
55,p_burst_0.1,0,11,30,0,24,10
55,p_burst_0.1,0,12,40,0,19,21
55,p_burst_0.1,0,13,2,1,2,45
55,p_burst_0.1,0,14,2,1,2,35
55,p_burst_0.1,0,15,27,0,25,31
55,p_burst_0.1,0,16,12,0,2,47
55,p_burst_0.1,0,17,19,1,19,44
55,p_burst_0.1,0,18,5,0,3,36
55,p_burst_0.1,0,19,23,1,23,41
55,p_burst_0.1,0,20,3,1,3,38
55,p_burst_0.1,0,21,1,1,1,27
55,p_burst_0.1,0,22,7,1,7,22
55,p_burst_0.1,0,23,4,1,4,43
55,p_burst_0.1,0,24,8,1,8,11
55,p_burst_0.1,0,25,17,1,17,49
55,p_burst_0.1,0,26,2,1,2,3
55,p_burst_0.1,0,27,4,1,4,24
55,p_burst_0.1,0,28,17,0,13,48
55,p_burst_0.1,0,29,5,1,5,9
55,p_burst_0.1,0,30,14,1,14,18
55,p_burst_0.1,0,31,2,1,2,39
55,p_burst_0.1,0,32,1,1,1,16
55,p_burst_0.1,0,33,15,0,10,42
55,p_burst_0.1,0,34,8,1,8,40
55,p_burst_0.1,0,35,13,1,13,28
55,p_burst_0.1,0,36,29,0,7,6
55,p_burst_0.1,0,37,16,1,16,2
55,p_burst_0.1,0,38,6,1,6,23
55,p_burst_0.1,0,39,2,1,2,4
55,p_burst_0.1,0,40,3,1,3,1
55,p_burst_0.1,0,41,21,0,12,8
55,p_burst_0.1,0,42,31,0,29,37
55,p_burst_0.1,0,43,4,1,4,20
55,p_burst_0.1,0,44,24,0,8,50
55,p_burst_0.1,0,45,21,0,19,17
55,p_burst_0.1,0,46,5,1,5,32
55,p_burst_0.1,0,47,1,1,1,5
55,p_burst_0.1,0,48,7,0,6,14
55,p_burst_0.1,0,49,4,1,4,12
55,p_burst_0.1,0,50,17,0,9,25
55,p_burst_0.2,1,1,1,1,1,19
55,p_burst_0.2,1,2,1,1,1,15
55,p_burst_0.2,1,3,8,0,3,30
55,p_burst_0.2,1,4,4,1,4,26
55,p_burst_0.2,1,5,4,1,4,13
55,p_burst_0.2,1,6,3,1,3,29
55,p_burst_0.2,1,7,5,0,1,34
55,p_burst_0.2,1,8,10,1,10,7
55,p_burst_0.2,1,9,5,1,5,33
55,p_burst_0.2,1,10,2,1,2,46
55,p_burst_0.2,1,11,1,1,1,10
55,p_burst_0.2,1,12,8,0,6,21
55,p_burst_0.2,1,13,1,1,1,45
55,p_burst_0.2,1,14,4,1,4,35
55,p_burst_0.2,1,15,3,1,3,31
55,p_burst_0.2,1,16,1,1,1,47
55,p_burst_0.2,1,17,4,1,4,44
55,p_burst_0.2,1,18,6,1,6,36
55,p_burst_0.2,1,19,24,0,14,41
55,p_burst_0.2,1,20,11,1,11,38
55,p_burst_0.2,1,21,29,0,1,27
55,p_burst_0.2,1,22,2,1,2,22
55,p_burst_0.2,1,23,2,1,2,43
55,p_burst_0.2,1,24,21,0,12,11
55,p_burst_0.2,1,25,4,1,4,49
55,p_burst_0.2,1,26,2,1,2,3
55,p_burst_0.2,1,27,12,0,4,24
55,p_burst_0.2,1,28,19,1,19,48
55,p_burst_0.2,1,29,5,0,4,9
55,p_burst_0.2,1,30,14,0,5,18
55,p_burst_0.2,1,31,3,1,3,39
55,p_burst_0.2,1,32,4,1,4,16
55,p_burst_0.2,1,33,2,1,2,42
55,p_burst_0.2,1,34,3,1,3,40
55,p_burst_0.2,1,35,1,0,0,28
55,p_burst_0.2,1,36,7,0,6,6
55,p_burst_0.2,1,37,4,1,4,2
55,p_burst_0.2,1,38,4,0,3,23
55,p_burst_0.2,1,39,4,1,4,4
55,p_burst_0.2,1,40,5,1,5,1
55,p_burst_0.2,1,41,5,1,5,8
55,p_burst_0.2,1,42,7,1,7,37
55,p_burst_0.2,1,43,1,0,0,20
55,p_burst_0.2,1,44,1,1,1,50
55,p_burst_0.2,1,45,4,1,4,17
55,p_burst_0.2,1,46,17,0,2,32
55,p_burst_0.2,1,47,1,1,1,5
55,p_burst_0.2,1,48,4,1,4,14
55,p_burst_0.2,1,49,13,0,1,12
55,p_burst_0.2,1,50,1,1,1,25
56,p_burst_0.1,0,1,1,1,1,30
56,p_burst_0.1,0,2,13,0,3,15
56,p_burst_0.1,0,3,7,0,4,14
56,p_burst_0.1,0,4,5,0,3,39
56,p_burst_0.1,0,5,18,0,3,46
56,p_burst_0.1,0,6,8,0,4,43
56,p_burst_0.1,0,7,5,0,3,38
56,p_burst_0.1,0,8,3,1,3,28
56,p_burst_0.1,0,9,1,1,1,22
56,p_burst_0.1,0,10,4,0,3,16
56,p_burst_0.1,0,11,30,0,3,5
56,p_burst_0.1,0,12,40,0,4,26
56,p_burst_0.1,0,13,2,1,2,1
56,p_burst_0.1,0,14,2,1,2,25
56,p_burst_0.1,0,15,27,0,4,35
56,p_burst_0.1,0,16,12,0,3,49
56,p_burst_0.1,0,17,19,0,3,19
56,p_burst_0.1,0,18,5,0,4,47
56,p_burst_0.1,0,19,23,0,3,29
56,p_burst_0.1,0,20,3,1,3,9
56,p_burst_0.1,0,21,1,1,1,10
56,p_burst_0.1,0,22,7,0,3,45
56,p_burst_0.1,0,23,4,0,3,37
56,p_burst_0.1,0,24,8,0,3,3
56,p_burst_0.1,0,25,17,0,3,8
56,p_burst_0.1,0,26,2,1,2,2
56,p_burst_0.1,0,27,4,1,4,20
56,p_burst_0.1,0,28,17,0,3,27
56,p_burst_0.1,0,29,5,0,3,36
56,p_burst_0.1,0,30,14,0,4,31
56,p_burst_0.1,0,31,2,1,2,11
56,p_burst_0.1,0,32,1,1,1,7
56,p_burst_0.1,0,33,15,0,4,23
56,p_burst_0.1,0,34,8,0,4,41
56,p_burst_0.1,0,35,13,0,3,48
56,p_burst_0.1,0,36,29,0,3,17
56,p_burst_0.1,0,37,16,0,3,4
56,p_burst_0.1,0,38,6,0,3,24
56,p_burst_0.1,0,39,2,1,2,40
56,p_burst_0.1,0,40,3,1,3,42
56,p_burst_0.1,0,41,21,0,3,50
56,p_burst_0.1,0,42,31,0,3,32
56,p_burst_0.1,0,43,4,1,4,18
56,p_burst_0.1,0,44,24,0,4,44
56,p_burst_0.1,0,45,21,0,3,33
56,p_burst_0.1,0,46,5,0,4,34
56,p_burst_0.1,0,47,1,1,1,6
56,p_burst_0.1,0,48,7,0,3,12
56,p_burst_0.1,0,49,4,1,4,21
56,p_burst_0.1,0,50,17,0,4,13
56,p_burst_0.2,1,1,1,1,1,30
56,p_burst_0.2,1,2,1,1,1,15
56,p_burst_0.2,1,3,8,0,3,14
56,p_burst_0.2,1,4,4,0,3,39
56,p_burst_0.2,1,5,4,0,3,46
56,p_burst_0.2,1,6,3,1,3,43
56,p_burst_0.2,1,7,5,0,3,38
56,p_burst_0.2,1,8,10,0,3,28
56,p_burst_0.2,1,9,5,0,3,22
56,p_burst_0.2,1,10,2,1,2,16
56,p_burst_0.2,1,11,1,1,1,5
56,p_burst_0.2,1,12,8,0,2,26
56,p_burst_0.2,1,13,1,1,1,1
56,p_burst_0.2,1,14,4,0,3,25
56,p_burst_0.2,1,15,3,1,3,35
56,p_burst_0.2,1,16,1,1,1,49
56,p_burst_0.2,1,17,4,0,3,19
56,p_burst_0.2,1,18,6,0,3,47
56,p_burst_0.2,1,19,24,0,3,29
56,p_burst_0.2,1,20,11,0,3,9
56,p_burst_0.2,1,21,29,0,3,10
56,p_burst_0.2,1,22,2,1,2,45
56,p_burst_0.2,1,23,2,1,2,37
56,p_burst_0.2,1,24,21,0,3,3
56,p_burst_0.2,1,25,4,0,3,8
56,p_burst_0.2,1,26,2,1,2,2
56,p_burst_0.2,1,27,12,0,3,20
56,p_burst_0.2,1,28,19,0,3,27
56,p_burst_0.2,1,29,5,0,3,36
56,p_burst_0.2,1,30,14,0,4,31
56,p_burst_0.2,1,31,3,1,3,11
56,p_burst_0.2,1,32,4,0,3,7
56,p_burst_0.2,1,33,2,1,2,23
56,p_burst_0.2,1,34,3,1,3,41
56,p_burst_0.2,1,35,1,1,1,48
56,p_burst_0.2,1,36,7,0,3,17
56,p_burst_0.2,1,37,4,0,3,4
56,p_burst_0.2,1,38,4,0,2,24
56,p_burst_0.2,1,39,4,1,4,40
56,p_burst_0.2,1,40,5,0,3,42
56,p_burst_0.2,1,41,5,0,3,50
56,p_burst_0.2,1,42,7,0,3,32
56,p_burst_0.2,1,43,1,1,1,18
56,p_burst_0.2,1,44,1,1,1,44
56,p_burst_0.2,1,45,4,0,3,33
56,p_burst_0.2,1,46,17,0,3,34
56,p_burst_0.2,1,47,1,1,1,6
56,p_burst_0.2,1,48,4,0,3,12
56,p_burst_0.2,1,49,13,0,3,21
56,p_burst_0.2,1,50,1,1,1,13
