participant,problemSize,problem,step,point
1,30,1,1,15
1,30,1,2,19
1,30,1,3,18
1,30,1,4,13
1,30,1,5,25
1,30,1,6,30
1,30,1,7,10
1,30,1,8,22
1,30,1,9,28
1,30,1,10,16
1,30,1,11,2
1,30,1,12,11
1,30,1,13,1
1,30,1,14,12
1,30,1,15,4
1,30,1,16,8
1,30,1,17,24
1,30,1,18,14
1,30,1,19,29
1,30,1,20,23
1,30,1,21,21
1,30,1,22,3
1,30,1,23,5
1,30,1,24,9
1,30,1,25,7
1,30,1,26,17
1,30,1,27,26
1,30,1,28,20
1,30,1,29,6
1,30,1,30,27
1,30,2,1,28
1,30,2,2,25
1,30,2,3,30
1,30,2,4,4
1,30,2,5,19
1,30,2,6,22
1,30,2,7,12
1,30,2,8,7
1,30,2,9,2
1,30,2,10,9
1,30,2,11,5
1,30,2,12,13
1,30,2,13,29
1,30,2,14,8
1,30,2,15,24
1,30,2,16,3
1,30,2,17,6
1,30,2,18,26
1,30,2,19,11
1,30,2,20,21
1,30,2,21,14
1,30,2,22,27
1,30,2,23,17
1,30,2,24,16
1,30,2,25,15
1,30,2,26,23
1,30,2,27,1
1,30,2,28,18
1,30,2,29,10
1,30,2,30,20
1,30,3,1,5
1,30,3,2,16
1,30,3,3,29
1,30,3,4,2
1,30,3,5,27
1,30,3,6,3
1,30,3,7,21
1,30,3,8,10
1,30,3,9,6
1,30,3,10,22
1,30,3,11,11
1,30,3,12,1
1,30,3,13,4
1,30,3,14,8
1,30,3,15,13
1,30,3,16,30
1,30,3,17,12
1,30,3,18,24
1,30,3,19,18
1,30,3,20,23
1,30,3,21,26
1,30,3,22,9
1,30,3,23,19
1,30,3,24,17
1,30,3,25,25
1,30,3,26,7
1,30,3,27,14
1,30,3,28,20
1,30,3,29,15
1,30,3,30,28
1,30,4,1,21
1,30,4,2,20
1,30,4,3,10
1,30,4,4,30
1,30,4,5,11
1,30,4,6,12
1,30,4,7,3
1,30,4,8,16
1,30,4,9,2
1,30,4,10,28
1,30,4,11,24
1,30,4,12,7
1,30,4,13,13
1,30,4,14,26
1,30,4,15,14
1,30,4,16,18
1,30,4,17,29
1,30,4,18,15
1,30,4,19,27
1,30,4,20,17
1,30,4,21,9
1,30,4,22,19
1,30,4,23,25
1,30,4,24,6
1,30,4,25,22
1,30,4,26,23
1,30,4,27,5
1,30,4,28,8
1,30,4,29,1
1,30,4,30,4
1,30,5,1,15
1,30,5,2,18
1,30,5,3,10
1,30,5,4,30
1,30,5,5,14
1,30,5,6,17
1,30,5,7,2
1,30,5,8,22
1,30,5,9,13
1,30,5,10,23
1,30,5,11,3
1,30,5,12,25
1,30,5,13,28
1,30,5,14,26
1,30,5,15,7
1,30,5,16,29
1,30,5,17,20
1,30,5,18,5
1,30,5,19,27
1,30,5,20,12
1,30,5,21,24
1,30,5,22,1
1,30,5,23,4
1,30,5,24,6
1,30,5,25,16
1,30,5,26,21
1,30,5,27,8
1,30,5,28,9
1,30,5,29,19
1,30,5,30,11
1,30,6,1,30
1,30,6,2,10
1,30,6,3,20
1,30,6,4,8
1,30,6,5,16
1,30,6,6,13
1,30,6,7,4
1,30,6,8,14
1,30,6,9,25
1,30,6,10,23
1,30,6,11,5
1,30,6,12,6
1,30,6,13,11
1,30,6,14,22
1,30,6,15,17
1,30,6,16,27
1,30,6,17,18
1,30,6,18,28
1,30,6,19,19
1,30,6,20,21
1,30,6,21,15
1,30,6,22,2
1,30,6,23,29
1,30,6,24,3
1,30,6,25,7
1,30,6,26,1
1,30,6,27,12
1,30,6,28,9
1,30,6,29,24
1,30,6,30,26
1,30,7,1,24
1,30,7,2,6
1,30,7,3,14
1,30,7,4,22
1,30,7,5,7
1,30,7,6,20
1,30,7,7,27
1,30,7,8,23
1,30,7,9,8
1,30,7,10,18
1,30,7,11,4
1,30,7,12,11
1,30,7,13,30
1,30,7,14,10
1,30,7,15,25
1,30,7,16,9
1,30,7,17,29
1,30,7,18,5
1,30,7,19,1
1,30,7,20,26
1,30,7,21,3
1,30,7,22,12
1,30,7,23,2
1,30,7,24,28
1,30,7,25,15
1,30,7,26,21
1,30,7,27,19
1,30,7,28,17
1,30,7,29,16
1,30,7,30,13
1,30,8,1,18
1,30,8,2,17
1,30,8,3,25
1,30,8,4,15
1,30,8,5,29
1,30,8,6,24
1,30,8,7,7
1,30,8,8,8
1,30,8,9,28
1,30,8,10,2
1,30,8,11,13
1,30,8,12,16
1,30,8,13,5
1,30,8,14,23
1,30,8,15,27
1,30,8,16,26
1,30,8,17,22
1,30,8,18,3
1,30,8,19,21
1,30,8,20,30
1,30,8,21,20
1,30,8,22,1
1,30,8,23,12
1,30,8,24,4
1,30,8,25,14
1,30,8,26,6
1,30,8,27,9
1,30,8,28,10
1,30,8,29,19
1,30,8,30,11
1,30,9,1,11
1,30,9,2,17
1,30,9,3,18
1,30,9,4,14
1,30,9,5,28
1,30,9,6,21
1,30,9,7,1
1,30,9,8,12
1,30,9,9,19
1,30,9,10,25
1,30,9,11,29
1,30,9,12,27
1,30,9,13,6
1,30,9,14,23
1,30,9,15,9
1,30,9,16,3
1,30,9,17,4
1,30,9,18,10
1,30,9,19,15
1,30,9,20,22
1,30,9,21,24
1,30,9,22,7
1,30,9,23,20
1,30,9,24,2
1,30,9,25,13
1,30,9,26,8
1,30,9,27,16
1,30,9,28,26
1,30,9,29,30
1,30,9,30,5
2,30,1,1,21
2,30,1,2,23
2,30,1,3,10
2,30,1,4,29
2,30,1,5,22
2,30,1,6,28
2,30,1,7,16
2,30,1,8,2
2,30,1,9,11
2,30,1,10,1
2,30,1,11,12
2,30,1,12,4
2,30,1,13,8
2,30,1,14,24
2,30,1,15,14
2,30,1,16,3
2,30,1,17,5
2,30,1,18,9
2,30,1,19,7
2,30,1,20,17
2,30,1,21,26
2,30,1,22,20
2,30,1,23,6
2,30,1,24,27
2,30,1,25,15
2,30,1,26,19
2,30,1,27,18
2,30,1,28,13
2,30,1,29,25
2,30,1,30,30
2,30,2,1,3
2,30,2,2,14
2,30,2,3,21
2,30,2,4,20
2,30,2,5,18
2,30,2,6,1
2,30,2,7,10
2,30,2,8,23
2,30,2,9,15
2,30,2,10,16
2,30,2,11,27
2,30,2,12,17
2,30,2,13,29
2,30,2,14,13
2,30,2,15,8
2,30,2,16,24
2,30,2,17,5
2,30,2,18,9
2,30,2,19,2
2,30,2,20,7
2,30,2,21,12
2,30,2,22,22
2,30,2,23,19
2,30,2,24,4
2,30,2,25,30
2,30,2,26,25
2,30,2,27,28
2,30,2,28,11
2,30,2,29,26
2,30,2,30,6
2,30,3,1,18
2,30,3,2,14
2,30,3,3,7
2,30,3,4,28
2,30,3,5,15
2,30,3,6,20
2,30,3,7,13
2,30,3,8,30
2,30,3,9,12
2,30,3,10,24
2,30,3,11,1
2,30,3,12,4
2,30,3,13,8
2,30,3,14,6
2,30,3,15,22
2,30,3,16,11
2,30,3,17,10
2,30,3,18,2
2,30,3,19,27
2,30,3,20,3
2,30,3,21,21
2,30,3,22,5
2,30,3,23,16
2,30,3,24,29
2,30,3,25,9
2,30,3,26,19
2,30,3,27,17
2,30,3,28,26
2,30,3,29,25
2,30,3,30,23
2,30,4,1,26
2,30,4,2,13
2,30,4,3,7
2,30,4,4,24
2,30,4,5,18
2,30,4,6,14
2,30,4,7,8
2,30,4,8,4
2,30,4,9,21
2,30,4,10,1
2,30,4,11,5
2,30,4,12,23
2,30,4,13,15
2,30,4,14,27
2,30,4,15,22
2,30,4,16,6
2,30,4,17,25
2,30,4,18,19
2,30,4,19,9
2,30,4,20,17
2,30,4,21,29
2,30,4,22,2
2,30,4,23,16
2,30,4,24,3
2,30,4,25,11
2,30,4,26,30
2,30,4,27,12
2,30,4,28,28
2,30,4,29,10
2,30,4,30,20
2,30,5,1,8
2,30,5,2,9
2,30,5,3,19
2,30,5,4,11
2,30,5,5,18
2,30,5,6,15
2,30,5,7,10
2,30,5,8,30
2,30,5,9,17
2,30,5,10,2
2,30,5,11,22
2,30,5,12,13
2,30,5,13,23
2,30,5,14,3
2,30,5,15,14
2,30,5,16,25
2,30,5,17,28
2,30,5,18,26
2,30,5,19,7
2,30,5,20,12
2,30,5,21,29
2,30,5,22,20
2,30,5,23,27
2,30,5,24,5
2,30,5,25,24
2,30,5,26,1
2,30,5,27,4
2,30,5,28,21
2,30,5,29,16
2,30,5,30,6
2,30,6,1,2
2,30,6,2,29
2,30,6,3,3
2,30,6,4,7
2,30,6,5,9
2,30,6,6,12
2,30,6,7,1
2,30,6,8,24
2,30,6,9,26
2,30,6,10,23
2,30,6,11,25
2,30,6,12,14
2,30,6,13,4
2,30,6,14,13
2,30,6,15,16
2,30,6,16,8
2,30,6,17,20
2,30,6,18,10
2,30,6,19,30
2,30,6,20,17
2,30,6,21,18
2,30,6,22,28
2,30,6,23,19
2,30,6,24,21
2,30,6,25,15
2,30,6,26,5
2,30,6,27,6
2,30,6,28,11
2,30,6,29,22
2,30,6,30,27
2,30,7,1,1
2,30,7,2,5
2,30,7,3,29
2,30,7,4,28
2,30,7,5,2
2,30,7,6,17
2,30,7,7,21
2,30,7,8,15
2,30,7,9,12
2,30,7,10,19
2,30,7,11,16
2,30,7,12,13
2,30,7,13,3
2,30,7,14,26
2,30,7,15,6
2,30,7,16,14
2,30,7,17,24
2,30,7,18,22
2,30,7,19,7
2,30,7,20,20
2,30,7,21,27
2,30,7,22,23
2,30,7,23,8
2,30,7,24,18
2,30,7,25,4
2,30,7,26,30
2,30,7,27,11
2,30,7,28,10
2,30,7,29,25
2,30,7,30,9
2,30,8,1,5
2,30,8,2,16
2,30,8,3,13
2,30,8,4,2
2,30,8,5,20
2,30,8,6,8
2,30,8,7,7
2,30,8,8,24
2,30,8,9,29
2,30,8,10,28
2,30,8,11,15
2,30,8,12,25
2,30,8,13,17
2,30,8,14,19
2,30,8,15,10
2,30,8,16,9
2,30,8,17,6
2,30,8,18,14
2,30,8,19,4
2,30,8,20,12
2,30,8,21,1
2,30,8,22,30
2,30,8,23,23
2,30,8,24,21
2,30,8,25,22
2,30,8,26,11
2,30,8,27,18
2,30,8,28,3
2,30,8,29,26
2,30,8,30,27
2,30,9,1,11
2,30,9,2,17
2,30,9,3,18
2,30,9,4,14
2,30,9,5,19
2,30,9,6,29
2,30,9,7,25
2,30,9,8,12
2,30,9,9,28
2,30,9,10,21
2,30,9,11,1
2,30,9,12,27
2,30,9,13,6
2,30,9,14,23
2,30,9,15,9
2,30,9,16,3
2,30,9,17,4
2,30,9,18,8
2,30,9,19,13
2,30,9,20,2
2,30,9,21,15
2,30,9,22,10
2,30,9,23,20
2,30,9,24,16
2,30,9,25,7
2,30,9,26,24
2,30,9,27,22
2,30,9,28,26
2,30,9,29,30
2,30,9,30,5
3,30,1,1,24
3,30,1,2,5
3,30,1,3,7
3,30,1,4,17
3,30,1,5,9
3,30,1,6,26
3,30,1,7,20
3,30,1,8,6
3,30,1,9,27
3,30,1,10,15
3,30,1,11,19
3,30,1,12,3
3,30,1,13,21
3,30,1,14,23
3,30,1,15,18
3,30,1,16,25
3,30,1,17,30
3,30,1,18,10
3,30,1,19,13
3,30,1,20,22
3,30,1,21,28
3,30,1,22,16
3,30,1,23,2
3,30,1,24,11
3,30,1,25,1
3,30,1,26,12
3,30,1,27,4
3,30,1,28,29
3,30,1,29,14
3,30,1,30,8
3,30,2,1,9
3,30,2,2,2
3,30,2,3,7
3,30,2,4,12
3,30,2,5,22
3,30,2,6,19
3,30,2,7,4
3,30,2,8,30
3,30,2,9,25
3,30,2,10,28
3,30,2,11,11
3,30,2,12,26
3,30,2,13,21
3,30,2,14,20
3,30,2,15,18
3,30,2,16,1
3,30,2,17,10
3,30,2,18,23
3,30,2,19,15
3,30,2,20,16
3,30,2,21,17
3,30,2,22,27
3,30,2,23,14
3,30,2,24,6
3,30,2,25,3
3,30,2,26,24
3,30,2,27,8
3,30,2,28,29
3,30,2,29,13
3,30,2,30,5
3,30,3,1,11
3,30,3,2,1
3,30,3,3,6
3,30,3,4,4
3,30,3,5,8
3,30,3,6,12
3,30,3,7,30
3,30,3,8,13
3,30,3,9,28
3,30,3,10,15
3,30,3,11,20
3,30,3,12,24
3,30,3,13,18
3,30,3,14,14
3,30,3,15,7
3,30,3,16,25
3,30,3,17,23
3,30,3,18,26
3,30,3,19,17
3,30,3,20,19
3,30,3,21,9
3,30,3,22,5
3,30,3,23,21
3,30,3,24,3
3,30,3,25,27
3,30,3,26,16
3,30,3,27,29
3,30,3,28,2
3,30,3,29,10
3,30,3,30,22
3,30,4,1,10
3,30,4,2,30
3,30,4,3,11
3,30,4,4,12
3,30,4,5,28
3,30,4,6,2
3,30,4,7,3
3,30,4,8,16
3,30,4,9,29
3,30,4,10,27
3,30,4,11,9
3,30,4,12,19
3,30,4,13,17
3,30,4,14,22
3,30,4,15,6
3,30,4,16,25
3,30,4,17,23
3,30,4,18,15
3,30,4,19,18
3,30,4,20,24
3,30,4,21,7
3,30,4,22,13
3,30,4,23,26
3,30,4,24,14
3,30,4,25,8
3,30,4,26,5
3,30,4,27,1
3,30,4,28,4
3,30,4,29,21
3,30,4,30,20
3,30,5,1,13
3,30,5,2,22
3,30,5,3,2
3,30,5,4,3
3,30,5,5,25
3,30,5,6,28
3,30,5,7,26
3,30,5,8,7
3,30,5,9,29
3,30,5,10,20
3,30,5,11,27
3,30,5,12,5
3,30,5,13,12
3,30,5,14,24
3,30,5,15,1
3,30,5,16,4
3,30,5,17,6
3,30,5,18,16
3,30,5,19,21
3,30,5,20,8
3,30,5,21,9
3,30,5,22,19
3,30,5,23,11
3,30,5,24,18
3,30,5,25,15
3,30,5,26,10
3,30,5,27,30
3,30,5,28,14
3,30,5,29,17
3,30,5,30,23
3,30,6,1,20
3,30,6,2,8
3,30,6,3,13
3,30,6,4,4
3,30,6,5,14
3,30,6,6,25
3,30,6,7,23
3,30,6,8,11
3,30,6,9,22
3,30,6,10,5
3,30,6,11,6
3,30,6,12,3
3,30,6,13,29
3,30,6,14,7
3,30,6,15,1
3,30,6,16,12
3,30,6,17,9
3,30,6,18,24
3,30,6,19,26
3,30,6,20,21
3,30,6,21,19
3,30,6,22,15
3,30,6,23,28
3,30,6,24,2
3,30,6,25,18
3,30,6,26,27
3,30,6,27,17
3,30,6,28,30
3,30,6,29,10
3,30,6,30,16
3,30,7,1,28
3,30,7,2,17
3,30,7,3,19
3,30,7,4,16
3,30,7,5,13
3,30,7,6,6
3,30,7,7,14
3,30,7,8,24
3,30,7,9,22
3,30,7,10,7
3,30,7,11,20
3,30,7,12,27
3,30,7,13,23
3,30,7,14,8
3,30,7,15,18
3,30,7,16,4
3,30,7,17,30
3,30,7,18,11
3,30,7,19,26
3,30,7,20,3
3,30,7,21,1
3,30,7,22,10
3,30,7,23,25
3,30,7,24,9
3,30,7,25,29
3,30,7,26,5
3,30,7,27,12
3,30,7,28,15
3,30,7,29,21
3,30,7,30,2
3,30,8,1,25
3,30,8,2,15
3,30,8,3,29
3,30,8,4,24
3,30,8,5,7
3,30,8,6,8
3,30,8,7,28
3,30,8,8,6
3,30,8,9,9
3,30,8,10,10
3,30,8,11,19
3,30,8,12,11
3,30,8,13,18
3,30,8,14,26
3,30,8,15,27
3,30,8,16,5
3,30,8,17,16
3,30,8,18,13
3,30,8,19,2
3,30,8,20,23
3,30,8,21,3
3,30,8,22,22
3,30,8,23,21
3,30,8,24,14
3,30,8,25,4
3,30,8,26,12
3,30,8,27,1
3,30,8,28,30
3,30,8,29,20
3,30,8,30,17
3,30,9,1,17
3,30,9,2,18
3,30,9,3,14
3,30,9,4,28
3,30,9,5,21
3,30,9,6,12
3,30,9,7,19
3,30,9,8,29
3,30,9,9,25
3,30,9,10,1
3,30,9,11,27
3,30,9,12,6
3,30,9,13,23
3,30,9,14,9
3,30,9,15,3
3,30,9,16,4
3,30,9,17,10
3,30,9,18,15
3,30,9,19,2
3,30,9,20,13
3,30,9,21,8
3,30,9,22,20
3,30,9,23,16
3,30,9,24,7
3,30,9,25,24
3,30,9,26,22
3,30,9,27,26
3,30,9,28,30
3,30,9,29,5
3,30,9,30,11
4,30,1,1,13
4,30,1,2,15
4,30,1,3,27
4,30,1,4,19
4,30,1,5,6
4,30,1,6,20
4,30,1,7,26
4,30,1,8,17
4,30,1,9,7
4,30,1,10,9
4,30,1,11,5
4,30,1,12,3
4,30,1,13,21
4,30,1,14,23
4,30,1,15,29
4,30,1,16,14
4,30,1,17,24
4,30,1,18,8
4,30,1,19,4
4,30,1,20,12
4,30,1,21,1
4,30,1,22,11
4,30,1,23,16
4,30,1,24,2
4,30,1,25,28
4,30,1,26,22
4,30,1,27,10
4,30,1,28,30
4,30,1,29,25
4,30,1,30,18
4,30,2,1,18
4,30,2,2,20
4,30,2,3,11
4,30,2,4,26
4,30,2,5,6
4,30,2,6,28
4,30,2,7,19
4,30,2,8,4
4,30,2,9,30
4,30,2,10,25
4,30,2,11,22
4,30,2,12,12
4,30,2,13,7
4,30,2,14,2
4,30,2,15,9
4,30,2,16,5
4,30,2,17,8
4,30,2,18,24
4,30,2,19,29
4,30,2,20,13
4,30,2,21,17
4,30,2,22,27
4,30,2,23,3
4,30,2,24,14
4,30,2,25,21
4,30,2,26,10
4,30,2,27,15
4,30,2,28,16
4,30,2,29,23
4,30,2,30,1
4,30,3,1,28
4,30,3,2,15
4,30,3,3,20
4,30,3,4,30
4,30,3,5,13
4,30,3,6,12
4,30,3,7,1
4,30,3,8,4
4,30,3,9,8
4,30,3,10,11
4,30,3,11,22
4,30,3,12,6
4,30,3,13,10
4,30,3,14,27
4,30,3,15,3
4,30,3,16,21
4,30,3,17,16
4,30,3,18,29
4,30,3,19,2
4,30,3,20,18
4,30,3,21,24
4,30,3,22,14
4,30,3,23,23
4,30,3,24,26
4,30,3,25,5
4,30,3,26,9
4,30,3,27,17
4,30,3,28,25
4,30,3,29,19
4,30,3,30,7
4,30,4,1,25
4,30,4,2,19
4,30,4,3,9
4,30,4,4,17
4,30,4,5,22
4,30,4,6,27
4,30,4,7,29
4,30,4,8,2
4,30,4,9,3
4,30,4,10,16
4,30,4,11,11
4,30,4,12,12
4,30,4,13,30
4,30,4,14,28
4,30,4,15,10
4,30,4,16,20
4,30,4,17,24
4,30,4,18,7
4,30,4,19,13
4,30,4,20,26
4,30,4,21,21
4,30,4,22,14
4,30,4,23,18
4,30,4,24,15
4,30,4,25,23
4,30,4,26,8
4,30,4,27,4
4,30,4,28,1
4,30,4,29,5
4,30,4,30,6
4,30,5,1,15
4,30,5,2,18
4,30,5,3,11
4,30,5,4,19
4,30,5,5,16
4,30,5,6,21
4,30,5,7,6
4,30,5,8,4
4,30,5,9,1
4,30,5,10,9
4,30,5,11,8
4,30,5,12,24
4,30,5,13,5
4,30,5,14,27
4,30,5,15,20
4,30,5,16,29
4,30,5,17,12
4,30,5,18,7
4,30,5,19,26
4,30,5,20,25
4,30,5,21,28
4,30,5,22,23
4,30,5,23,13
4,30,5,24,22
4,30,5,25,3
4,30,5,26,2
4,30,5,27,17
4,30,5,28,14
4,30,5,29,30
4,30,5,30,10
4,30,6,1,26
4,30,6,2,21
4,30,6,3,19
4,30,6,4,15
4,30,6,5,28
4,30,6,6,18
4,30,6,7,27
4,30,6,8,17
4,30,6,9,30
4,30,6,10,10
4,30,6,11,20
4,30,6,12,8
4,30,6,13,2
4,30,6,14,9
4,30,6,15,12
4,30,6,16,1
4,30,6,17,29
4,30,6,18,7
4,30,6,19,3
4,30,6,20,6
4,30,6,21,8
4,30,6,22,16
4,30,6,23,13
4,30,6,24,4
4,30,6,25,11
4,30,6,26,14
4,30,6,27,25
4,30,6,28,23
4,30,6,29,5
4,30,6,30,24
4,30,7,1,10
4,30,7,2,30
4,30,7,3,8
4,30,7,4,23
4,30,7,5,27
4,30,7,6,18
4,30,7,7,4
4,30,7,8,11
4,30,7,9,7
4,30,7,10,20
4,30,7,11,22
4,30,7,12,6
4,30,7,13,14
4,30,7,14,24
4,30,7,15,13
4,30,7,16,16
4,30,7,17,19
4,30,7,18,17
4,30,7,19,21
4,30,7,20,3
4,30,7,21,26
4,30,7,22,1
4,30,7,23,12
4,30,7,24,15
4,30,7,25,28
4,30,7,26,2
4,30,7,27,5
4,30,7,28,29
4,30,7,29,9
4,30,7,30,25
4,30,8,1,8
4,30,8,2,7
4,30,8,3,24
4,30,8,4,29
4,30,8,5,28
4,30,8,6,15
4,30,8,7,25
4,30,8,8,17
4,30,8,9,12
4,30,8,10,4
4,30,8,11,14
4,30,8,12,6
4,30,8,13,9
4,30,8,14,10
4,30,8,15,19
4,30,8,16,11
4,30,8,17,18
4,30,8,18,22
4,30,8,19,3
4,30,8,20,26
4,30,8,21,27
4,30,8,22,21
4,30,8,23,1
4,30,8,24,30
4,30,8,25,23
4,30,8,26,5
4,30,8,27,16
4,30,8,28,13
4,30,8,29,2
4,30,8,30,20
4,30,9,1,5
4,30,9,2,30
4,30,9,3,26
4,30,9,4,16
4,30,9,5,20
4,30,9,6,7
4,30,9,7,24
4,30,9,8,22
4,30,9,9,15
4,30,9,10,10
4,30,9,11,2
4,30,9,12,13
4,30,9,13,8
4,30,9,14,4
4,30,9,15,3
4,30,9,16,9
4,30,9,17,23
4,30,9,18,6
4,30,9,19,27
4,30,9,20,29
4,30,9,21,25
4,30,9,22,1
4,30,9,23,12
4,30,9,24,19
4,30,9,25,21
4,30,9,26,28
4,30,9,27,14
4,30,9,28,18
4,30,9,29,17
4,30,9,30,11
5,30,1,1,24
5,30,1,2,5
5,30,1,3,9
5,30,1,4,3
5,30,1,5,21
5,30,1,6,23
5,30,1,7,29
5,30,1,8,14
5,30,1,9,4
5,30,1,10,12
5,30,1,11,1
5,30,1,12,2
5,30,1,13,11
5,30,1,14,16
5,30,1,15,28
5,30,1,16,22
5,30,1,17,10
5,30,1,18,30
5,30,1,19,25
5,30,1,20,13
5,30,1,21,27
5,30,1,22,15
5,30,1,23,18
5,30,1,24,19
5,30,1,25,6
5,30,1,26,20
5,30,1,27,26
5,30,1,28,17
5,30,1,29,7
5,30,1,30,8
5,30,2,1,13
5,30,2,2,29
5,30,2,3,8
5,30,2,4,5
5,30,2,5,9
5,30,2,6,2
5,30,2,7,7
5,30,2,8,12
5,30,2,9,22
5,30,2,10,19
5,30,2,11,4
5,30,2,12,30
5,30,2,13,25
5,30,2,14,28
5,30,2,15,18
5,30,2,16,20
5,30,2,17,1
5,30,2,18,10
5,30,2,19,23
5,30,2,20,15
5,30,2,21,16
5,30,2,22,17
5,30,2,23,27
5,30,2,24,14
5,30,2,25,21
5,30,2,26,11
5,30,2,27,26
5,30,2,28,6
5,30,2,29,3
5,30,2,30,24
5,30,3,1,28
5,30,3,2,15
5,30,3,3,20
5,30,3,4,30
5,30,3,5,12
5,30,3,6,24
5,30,3,7,18
5,30,3,8,14
5,30,3,9,7
5,30,3,10,25
5,30,3,11,23
5,30,3,12,26
5,30,3,13,17
5,30,3,14,19
5,30,3,15,9
5,30,3,16,5
5,30,3,17,16
5,30,3,18,29
5,30,3,19,2
5,30,3,20,27
5,30,3,21,3
5,30,3,22,21
5,30,3,23,10
5,30,3,24,6
5,30,3,25,22
5,30,3,26,11
5,30,3,27,8
5,30,3,28,4
5,30,3,29,1
5,30,3,30,13
5,30,4,1,20
5,30,4,2,10
5,30,4,3,30
5,30,4,4,11
5,30,4,5,12
5,30,4,6,3
5,30,4,7,16
5,30,4,8,2
5,30,4,9,28
5,30,4,10,29
5,30,4,11,19
5,30,4,12,9
5,30,4,13,17
5,30,4,14,25
5,30,4,15,6
5,30,4,16,22
5,30,4,17,27
5,30,4,18,23
5,30,4,19,5
5,30,4,20,1
5,30,4,21,4
5,30,4,22,8
5,30,4,23,15
5,30,4,24,18
5,30,4,25,14
5,30,4,26,24
5,30,4,27,7
5,30,4,28,13
5,30,4,29,26
5,30,4,30,21
5,30,5,1,13
5,30,5,2,23
5,30,5,3,22
5,30,5,4,2
5,30,5,5,3
5,30,5,6,17
5,30,5,7,25
5,30,5,8,28
5,30,5,9,26
5,30,5,10,7
5,30,5,11,14
5,30,5,12,30
5,30,5,13,10
5,30,5,14,15
5,30,5,15,18
5,30,5,16,11
5,30,5,17,19
5,30,5,18,9
5,30,5,19,8
5,30,5,20,12
5,30,5,21,29
5,30,5,22,27
5,30,5,23,20
5,30,5,24,5
5,30,5,25,24
5,30,5,26,1
5,30,5,27,4
5,30,5,28,6
5,30,5,29,16
5,30,5,30,21
5,30,6,1,26
5,30,6,2,24
5,30,6,3,1
5,30,6,4,7
5,30,6,5,3
5,30,6,6,29
5,30,6,7,6
5,30,6,8,5
5,30,6,9,23
5,30,6,10,25
5,30,6,11,14
5,30,6,12,4
5,30,6,13,13
5,30,6,14,11
5,30,6,15,22
5,30,6,16,8
5,30,6,17,16
5,30,6,18,20
5,30,6,19,10
5,30,6,20,30
5,30,6,21,17
5,30,6,22,27
5,30,6,23,2
5,30,6,24,18
5,30,6,25,28
5,30,6,26,19
5,30,6,27,21
5,30,6,28,15
5,30,6,29,9
5,30,6,30,12
5,30,7,1,24
5,30,7,2,14
5,30,7,3,6
5,30,7,4,22
5,30,7,5,7
5,30,7,6,20
5,30,7,7,27
5,30,7,8,23
5,30,7,9,8
5,30,7,10,18
5,30,7,11,30
5,30,7,12,4
5,30,7,13,11
5,30,7,14,10
5,30,7,15,25
5,30,7,16,9
5,30,7,17,2
5,30,7,18,28
5,30,7,19,29
5,30,7,20,5
5,30,7,21,1
5,30,7,22,12
5,30,7,23,15
5,30,7,24,21
5,30,7,25,17
5,30,7,26,19
5,30,7,27,3
5,30,7,28,26
5,30,7,29,16
5,30,7,30,13
5,30,8,1,17
5,30,8,2,25
5,30,8,3,15
5,30,8,4,29
5,30,8,5,24
5,30,8,6,7
5,30,8,7,8
5,30,8,8,28
5,30,8,9,20
5,30,8,10,2
5,30,8,11,13
5,30,8,12,16
5,30,8,13,5
5,30,8,14,23
5,30,8,15,30
5,30,8,16,1
5,30,8,17,21
5,30,8,18,27
5,30,8,19,26
5,30,8,20,3
5,30,8,21,22
5,30,8,22,18
5,30,8,23,11
5,30,8,24,19
5,30,8,25,10
5,30,8,26,9
5,30,8,27,6
5,30,8,28,14
5,30,8,29,4
5,30,8,30,12
5,30,9,1,4
5,30,9,2,3
5,30,9,3,9
5,30,9,4,23
5,30,9,5,6
5,30,9,6,27
5,30,9,7,29
5,30,9,8,25
5,30,9,9,19
5,30,9,10,12
5,30,9,11,1
5,30,9,12,21
5,30,9,13,28
5,30,9,14,14
5,30,9,15,18
5,30,9,16,17
5,30,9,17,11
5,30,9,18,5
5,30,9,19,30
5,30,9,20,26
5,30,9,21,22
5,30,9,22,24
5,30,9,23,7
5,30,9,24,16
5,30,9,25,20
5,30,9,26,15
5,30,9,27,10
5,30,9,28,2
5,30,9,29,13
5,30,9,30,8
6,30,1,1,23
6,30,1,2,29
6,30,1,3,14
6,30,1,4,24
6,30,1,5,8
6,30,1,6,4
6,30,1,7,12
6,30,1,8,1
6,30,1,9,11
6,30,1,10,16
6,30,1,11,2
6,30,1,12,28
6,30,1,13,22
6,30,1,14,10
6,30,1,15,30
6,30,1,16,25
6,30,1,17,18
6,30,1,18,13
6,30,1,19,15
6,30,1,20,27
6,30,1,21,19
6,30,1,22,6
6,30,1,23,20
6,30,1,24,26
6,30,1,25,17
6,30,1,26,7
6,30,1,27,5
6,30,1,28,9
6,30,1,29,3
6,30,1,30,21
6,30,2,1,3
6,30,2,2,6
6,30,2,3,26
6,30,2,4,11
6,30,2,5,21
6,30,2,6,20
6,30,2,7,18
6,30,2,8,1
6,30,2,9,10
6,30,2,10,14
6,30,2,11,27
6,30,2,12,15
6,30,2,13,23
6,30,2,14,16
6,30,2,15,17
6,30,2,16,24
6,30,2,17,29
6,30,2,18,13
6,30,2,19,8
6,30,2,20,2
6,30,2,21,5
6,30,2,22,9
6,30,2,23,7
6,30,2,24,12
6,30,2,25,22
6,30,2,26,4
6,30,2,27,25
6,30,2,28,30
6,30,2,29,19
6,30,2,30,28
6,30,3,1,8
6,30,3,2,18
6,30,3,3,23
6,30,3,4,25
6,30,3,5,26
6,30,3,6,17
6,30,3,7,9
6,30,3,8,19
6,30,3,9,7
6,30,3,10,14
6,30,3,11,20
6,30,3,12,28
6,30,3,13,15
6,30,3,14,13
6,30,3,15,30
6,30,3,16,12
6,30,3,17,24
6,30,3,18,4
6,30,3,19,1
6,30,3,20,11
6,30,3,21,22
6,30,3,22,10
6,30,3,23,3
6,30,3,24,21
6,30,3,25,5
6,30,3,26,16
6,30,3,27,29
6,30,3,28,2
6,30,3,29,27
6,30,3,30,6
6,30,4,1,7
6,30,4,2,24
6,30,4,3,18
6,30,4,4,15
6,30,4,5,29
6,30,4,6,28
6,30,4,7,10
6,30,4,8,20
6,30,4,9,30
6,30,4,10,11
6,30,4,11,12
6,30,4,12,3
6,30,4,13,16
6,30,4,14,2
6,30,4,15,27
6,30,4,16,17
6,30,4,17,9
6,30,4,18,19
6,30,4,19,25
6,30,4,20,6
6,30,4,21,22
6,30,4,22,23
6,30,4,23,5
6,30,4,24,1
6,30,4,25,4
6,30,4,26,8
6,30,4,27,14
6,30,4,28,26
6,30,4,29,13
6,30,4,30,21
6,30,5,1,25
6,30,5,2,26
6,30,5,3,3
6,30,5,4,23
6,30,5,5,13
6,30,5,6,22
6,30,5,7,2
6,30,5,8,17
6,30,5,9,14
6,30,5,10,30
6,30,5,11,10
6,30,5,12,11
6,30,5,13,18
6,30,5,14,15
6,30,5,15,21
6,30,5,16,16
6,30,5,17,19
6,30,5,18,6
6,30,5,19,4
6,30,5,20,1
6,30,5,21,24
6,30,5,22,9
6,30,5,23,8
6,30,5,24,7
6,30,5,25,12
6,30,5,26,29
6,30,5,27,27
6,30,5,28,5
6,30,5,29,20
6,30,5,30,28
6,30,6,1,19
6,30,6,2,21
6,30,6,3,15
6,30,6,4,9
6,30,6,5,12
6,30,6,6,24
6,30,6,7,26
6,30,6,8,1
6,30,6,9,7
6,30,6,10,3
6,30,6,11,29
6,30,6,12,2
6,30,6,13,6
6,30,6,14,5
6,30,6,15,23
6,30,6,16,25
6,30,6,17,14
6,30,6,18,4
6,30,6,19,13
6,30,6,20,11
6,30,6,21,22
6,30,6,22,8
6,30,6,23,16
6,30,6,24,20
6,30,6,25,17
6,30,6,26,27
6,30,6,27,30
6,30,6,28,10
6,30,6,29,18
6,30,6,30,28
6,30,7,1,2
6,30,7,2,9
6,30,7,3,25
6,30,7,4,10
6,30,7,5,30
6,30,7,6,18
6,30,7,7,8
6,30,7,8,27
6,30,7,9,23
6,30,7,10,20
6,30,7,11,7
6,30,7,12,22
6,30,7,13,14
6,30,7,14,24
6,30,7,15,6
6,30,7,16,13
6,30,7,17,16
6,30,7,18,19
6,30,7,19,3
6,30,7,20,26
6,30,7,21,1
6,30,7,22,4
6,30,7,23,11
6,30,7,24,29
6,30,7,25,5
6,30,7,26,12
6,30,7,27,15
6,30,7,28,21
6,30,7,29,17
6,30,7,30,28
6,30,8,1,19
6,30,8,2,10
6,30,8,3,9
6,30,8,4,6
6,30,8,5,14
6,30,8,6,4
6,30,8,7,12
6,30,8,8,17
6,30,8,9,25
6,30,8,10,15
6,30,8,11,29
6,30,8,12,24
6,30,8,13,7
6,30,8,14,8
6,30,8,15,28
6,30,8,16,20
6,30,8,17,1
6,30,8,18,30
6,30,8,19,21
6,30,8,20,3
6,30,8,21,22
6,30,8,22,27
6,30,8,23,23
6,30,8,24,2
6,30,8,25,13
6,30,8,26,16
6,30,8,27,5
6,30,8,28,26
6,30,8,29,18
6,30,8,30,11
6,30,9,1,21
6,30,9,2,1
6,30,9,3,12
6,30,9,4,19
6,30,9,5,25
6,30,9,6,29
6,30,9,7,27
6,30,9,8,6
6,30,9,9,23
6,30,9,10,9
6,30,9,11,3
6,30,9,12,4
6,30,9,13,8
6,30,9,14,13
6,30,9,15,2
6,30,9,16,10
6,30,9,17,15
6,30,9,18,20
6,30,9,19,16
6,30,9,20,26
6,30,9,21,30
6,30,9,22,5
6,30,9,23,7
6,30,9,24,24
6,30,9,25,22
6,30,9,26,17
6,30,9,27,11
6,30,9,28,18
6,30,9,29,14
6,30,9,30,28
7,30,1,1,28
7,30,1,2,13
7,30,1,3,18
7,30,1,4,15
7,30,1,5,27
7,30,1,6,19
7,30,1,7,25
7,30,1,8,30
7,30,1,9,10
7,30,1,10,23
7,30,1,11,6
7,30,1,12,20
7,30,1,13,26
7,30,1,14,17
7,30,1,15,7
7,30,1,16,5
7,30,1,17,9
7,30,1,18,3
7,30,1,19,21
7,30,1,20,29
7,30,1,21,14
7,30,1,22,24
7,30,1,23,8
7,30,1,24,4
7,30,1,25,12
7,30,1,26,1
7,30,1,27,11
7,30,1,28,2
7,30,1,29,16
7,30,1,30,22
7,30,2,1,25
7,30,2,2,30
7,30,2,3,4
7,30,2,4,19
7,30,2,5,22
7,30,2,6,12
7,30,2,7,7
7,30,2,8,2
7,30,2,9,9
7,30,2,10,5
7,30,2,11,8
7,30,2,12,13
7,30,2,13,29
7,30,2,14,24
7,30,2,15,3
7,30,2,16,6
7,30,2,17,28
7,30,2,18,26
7,30,2,19,11
7,30,2,20,21
7,30,2,21,14
7,30,2,22,27
7,30,2,23,17
7,30,2,24,16
7,30,2,25,15
7,30,2,26,23
7,30,2,27,1
7,30,2,28,10
7,30,2,29,20
7,30,2,30,18
7,30,3,1,21
7,30,3,2,3
7,30,3,3,27
7,30,3,4,2
7,30,3,5,29
7,30,3,6,16
7,30,3,7,5
7,30,3,8,9
7,30,3,9,19
7,30,3,10,17
7,30,3,11,26
7,30,3,12,23
7,30,3,13,25
7,30,3,14,7
7,30,3,15,14
7,30,3,16,20
7,30,3,17,15
7,30,3,18,28
7,30,3,19,13
7,30,3,20,30
7,30,3,21,12
7,30,3,22,24
7,30,3,23,18
7,30,3,24,8
7,30,3,25,4
7,30,3,26,1
7,30,3,27,11
7,30,3,28,22
7,30,3,29,6
7,30,3,30,10
7,30,4,1,21
7,30,4,2,13
7,30,4,3,26
7,30,4,4,14
7,30,4,5,8
7,30,4,6,4
7,30,4,7,1
7,30,4,8,5
7,30,4,9,23
7,30,4,10,18
7,30,4,11,15
7,30,4,12,27
7,30,4,13,22
7,30,4,14,6
7,30,4,15,25
7,30,4,16,19
7,30,4,17,9
7,30,4,18,17
7,30,4,19,29
7,30,4,20,28
7,30,4,21,2
7,30,4,22,16
7,30,4,23,3
7,30,4,24,11
7,30,4,25,12
7,30,4,26,30
7,30,4,27,10
7,30,4,28,20
7,30,4,29,24
7,30,4,30,7
7,30,5,1,23
7,30,5,2,13
7,30,5,3,22
7,30,5,4,2
7,30,5,5,17
7,30,5,6,14
7,30,5,7,30
7,30,5,8,10
7,30,5,9,15
7,30,5,10,18
7,30,5,11,11
7,30,5,12,19
7,30,5,13,9
7,30,5,14,16
7,30,5,15,21
7,30,5,16,6
7,30,5,17,4
7,30,5,18,1
7,30,5,19,8
7,30,5,20,24
7,30,5,21,12
7,30,5,22,27
7,30,5,23,5
7,30,5,24,20
7,30,5,25,29
7,30,5,26,7
7,30,5,27,26
7,30,5,28,28
7,30,5,29,25
7,30,5,30,3
7,30,6,1,30
7,30,6,2,10
7,30,6,3,20
7,30,6,4,16
7,30,6,5,8
7,30,6,6,22
7,30,6,7,13
7,30,6,8,4
7,30,6,9,14
7,30,6,10,11
7,30,6,11,25
7,30,6,12,23
7,30,6,13,5
7,30,6,14,6
7,30,6,15,3
7,30,6,16,29
7,30,6,17,7
7,30,6,18,1
7,30,6,19,24
7,30,6,20,26
7,30,6,21,12
7,30,6,22,9
7,30,6,23,2
7,30,6,24,15
7,30,6,25,21
7,30,6,26,19
7,30,6,27,28
7,30,6,28,18
7,30,6,29,27
7,30,6,30,17
7,30,7,1,5
7,30,7,2,29
7,30,7,3,9
7,30,7,4,25
7,30,7,5,10
7,30,7,6,11
7,30,7,7,30
7,30,7,8,4
7,30,7,9,18
7,30,7,10,8
7,30,7,11,23
7,30,7,12,27
7,30,7,13,20
7,30,7,14,7
7,30,7,15,24
7,30,7,16,14
7,30,7,17,22
7,30,7,18,6
7,30,7,19,26
7,30,7,20,1
7,30,7,21,3
7,30,7,22,13
7,30,7,23,16
7,30,7,24,19
7,30,7,25,17
7,30,7,26,21
7,30,7,27,15
7,30,7,28,12
7,30,7,29,28
7,30,7,30,2
7,30,8,1,18
7,30,8,2,26
7,30,8,3,27
7,30,8,4,5
7,30,8,5,16
7,30,8,6,13
7,30,8,7,2
7,30,8,8,20
7,30,8,9,28
7,30,8,10,8
7,30,8,11,7
7,30,8,12,24
7,30,8,13,29
7,30,8,14,15
7,30,8,15,25
7,30,8,16,17
7,30,8,17,6
7,30,8,18,14
7,30,8,19,9
7,30,8,20,10
7,30,8,21,19
7,30,8,22,4
7,30,8,23,12
7,30,8,24,1
7,30,8,25,30
7,30,8,26,23
7,30,8,27,21
7,30,8,28,3
7,30,8,29,22
7,30,8,30,11
7,30,9,1,11
7,30,9,2,17
7,30,9,3,22
7,30,9,4,24
7,30,9,5,7
7,30,9,6,5
7,30,9,7,30
7,30,9,8,26
7,30,9,9,16
7,30,9,10,20
7,30,9,11,15
7,30,9,12,10
7,30,9,13,2
7,30,9,14,13
7,30,9,15,8
7,30,9,16,4
7,30,9,17,3
7,30,9,18,9
7,30,9,19,23
7,30,9,20,6
7,30,9,21,27
7,30,9,22,29
7,30,9,23,25
7,30,9,24,19
7,30,9,25,12
7,30,9,26,1
7,30,9,27,21
7,30,9,28,28
7,30,9,29,14
7,30,9,30,18
8,30,1,1,1
8,30,1,2,12
8,30,1,3,4
8,30,1,4,8
8,30,1,5,24
8,30,1,6,7
8,30,1,7,17
8,30,1,8,26
8,30,1,9,20
8,30,1,10,6
8,30,1,11,27
8,30,1,12,15
8,30,1,13,13
8,30,1,14,18
8,30,1,15,19
8,30,1,16,25
8,30,1,17,30
8,30,1,18,10
8,30,1,19,22
8,30,1,20,29
8,30,1,21,23
8,30,1,22,21
8,30,1,23,3
8,30,1,24,9
8,30,1,25,5
8,30,1,26,14
8,30,1,27,11
8,30,1,28,16
8,30,1,29,28
8,30,1,30,2
8,30,2,1,7
8,30,2,2,2
8,30,2,3,9
8,30,2,4,5
8,30,2,5,8
8,30,2,6,24
8,30,2,7,29
8,30,2,8,13
8,30,2,9,17
8,30,2,10,16
8,30,2,11,23
8,30,2,12,15
8,30,2,13,27
8,30,2,14,14
8,30,2,15,10
8,30,2,16,1
8,30,2,17,18
8,30,2,18,20
8,30,2,19,21
8,30,2,20,3
8,30,2,21,6
8,30,2,22,26
8,30,2,23,11
8,30,2,24,28
8,30,2,25,25
8,30,2,26,30
8,30,2,27,4
8,30,2,28,19
8,30,2,29,22
8,30,2,30,12
8,30,3,1,15
8,30,3,2,13
8,30,3,3,1
8,30,3,4,11
8,30,3,5,4
8,30,3,6,8
8,30,3,7,18
8,30,3,8,24
8,30,3,9,12
8,30,3,10,30
8,30,3,11,20
8,30,3,12,14
8,30,3,13,25
8,30,3,14,26
8,30,3,15,16
8,30,3,16,3
8,30,3,17,27
8,30,3,18,29
8,30,3,19,2
8,30,3,20,23
8,30,3,21,6
8,30,3,22,22
8,30,3,23,10
8,30,3,24,21
8,30,3,25,5
8,30,3,26,9
8,30,3,27,19
8,30,3,28,17
8,30,3,29,7
8,30,3,30,28
8,30,4,1,4
8,30,4,2,21
8,30,4,3,13
8,30,4,4,7
8,30,4,5,24
8,30,4,6,20
8,30,4,7,10
8,30,4,8,28
8,30,4,9,2
8,30,4,10,12
8,30,4,11,30
8,30,4,12,11
8,30,4,13,3
8,30,4,14,16
8,30,4,15,29
8,30,4,16,9
8,30,4,17,19
8,30,4,18,17
8,30,4,19,27
8,30,4,20,15
8,30,4,21,22
8,30,4,22,25
8,30,4,23,6
8,30,4,24,23
8,30,4,25,18
8,30,4,26,26
8,30,4,27,14
8,30,4,28,8
8,30,4,29,5
8,30,4,30,1
8,30,5,1,19
8,30,5,2,11
8,30,5,3,18
8,30,5,4,15
8,30,5,5,10
8,30,5,6,30
8,30,5,7,14
8,30,5,8,17
8,30,5,9,2
8,30,5,10,22
8,30,5,11,13
8,30,5,12,23
8,30,5,13,3
8,30,5,14,28
8,30,5,15,25
8,30,5,16,26
8,30,5,17,7
8,30,5,18,12
8,30,5,19,8
8,30,5,20,9
8,30,5,21,6
8,30,5,22,29
8,30,5,23,27
8,30,5,24,20
8,30,5,25,5
8,30,5,26,24
8,30,5,27,1
8,30,5,28,4
8,30,5,29,16
8,30,5,30,21
8,30,6,1,18
8,30,6,2,28
8,30,6,3,19
8,30,6,4,21
8,30,6,5,15
8,30,6,6,2
8,30,6,7,29
8,30,6,8,3
8,30,6,9,9
8,30,6,10,12
8,30,6,11,26
8,30,6,12,24
8,30,6,13,1
8,30,6,14,7
8,30,6,15,5
8,30,6,16,23
8,30,6,17,25
8,30,6,18,14
8,30,6,19,4
8,30,6,20,13
8,30,6,21,16
8,30,6,22,8
8,30,6,23,20
8,30,6,24,10
8,30,6,25,30
8,30,6,26,17
8,30,6,27,22
8,30,6,28,11
8,30,6,29,6
8,30,6,30,27
8,30,7,1,26
8,30,7,2,11
8,30,7,3,4
8,30,7,4,6
8,30,7,5,13
8,30,7,6,3
8,30,7,7,12
8,30,7,8,15
8,30,7,9,2
8,30,7,10,28
8,30,7,11,21
8,30,7,12,19
8,30,7,13,17
8,30,7,14,16
8,30,7,15,24
8,30,7,16,14
8,30,7,17,22
8,30,7,18,7
8,30,7,19,20
8,30,7,20,18
8,30,7,21,27
8,30,7,22,23
8,30,7,23,8
8,30,7,24,30
8,30,7,25,10
8,30,7,26,25
8,30,7,27,9
8,30,7,28,29
8,30,7,29,5
8,30,7,30,1
8,30,8,1,18
8,30,8,2,11
8,30,8,3,19
8,30,8,4,10
8,30,8,5,9
8,30,8,6,6
8,30,8,7,14
8,30,8,8,4
8,30,8,9,12
8,30,8,10,22
8,30,8,11,3
8,30,8,12,26
8,30,8,13,27
8,30,8,14,5
8,30,8,15,16
8,30,8,16,13
8,30,8,17,2
8,30,8,18,23
8,30,8,19,21
8,30,8,20,30
8,30,8,21,20
8,30,8,22,1
8,30,8,23,28
8,30,8,24,8
8,30,8,25,7
8,30,8,26,24
8,30,8,27,29
8,30,8,28,15
8,30,8,29,25
8,30,8,30,17
8,30,9,1,28
8,30,9,2,21
8,30,9,3,22
8,30,9,4,24
8,30,9,5,7
8,30,9,6,5
8,30,9,7,30
8,30,9,8,26
8,30,9,9,16
8,30,9,10,20
8,30,9,11,15
8,30,9,12,2
8,30,9,13,13
8,30,9,14,8
8,30,9,15,4
8,30,9,16,3
8,30,9,17,10
8,30,9,18,9
8,30,9,19,23
8,30,9,20,6
8,30,9,21,1
8,30,9,22,27
8,30,9,23,29
8,30,9,24,25
8,30,9,25,12
8,30,9,26,19
8,30,9,27,14
8,30,9,28,18
8,30,9,29,11
8,30,9,30,17
9,30,1,1,8
9,30,1,2,4
9,30,1,3,14
9,30,1,4,12
9,30,1,5,1
9,30,1,6,11
9,30,1,7,16
9,30,1,8,2
9,30,1,9,28
9,30,1,10,22
9,30,1,11,29
9,30,1,12,5
9,30,1,13,9
9,30,1,14,3
9,30,1,15,21
9,30,1,16,23
9,30,1,17,10
9,30,1,18,30
9,30,1,19,19
9,30,1,20,25
9,30,1,21,18
9,30,1,22,13
9,30,1,23,15
9,30,1,24,27
9,30,1,25,6
9,30,1,26,20
9,30,1,27,26
9,30,1,28,17
9,30,1,29,7
9,30,1,30,24
9,30,2,1,17
9,30,2,2,16
9,30,2,3,27
9,30,2,4,14
9,30,2,5,15
9,30,2,6,23
9,30,2,7,10
9,30,2,8,1
9,30,2,9,18
9,30,2,10,20
9,30,2,11,21
9,30,2,12,3
9,30,2,13,6
9,30,2,14,26
9,30,2,15,11
9,30,2,16,28
9,30,2,17,25
9,30,2,18,30
9,30,2,19,4
9,30,2,20,19
9,30,2,21,22
9,30,2,22,12
9,30,2,23,7
9,30,2,24,2
9,30,2,25,9
9,30,2,26,5
9,30,2,27,8
9,30,2,28,24
9,30,2,29,29
9,30,2,30,13
9,30,3,1,13
9,30,3,2,28
9,30,3,3,15
9,30,3,4,20
9,30,3,5,30
9,30,3,6,12
9,30,3,7,24
9,30,3,8,18
9,30,3,9,14
9,30,3,10,7
9,30,3,11,25
9,30,3,12,23
9,30,3,13,26
9,30,3,14,17
9,30,3,15,19
9,30,3,16,9
9,30,3,17,5
9,30,3,18,21
9,30,3,19,3
9,30,3,20,16
9,30,3,21,29
9,30,3,22,2
9,30,3,23,27
9,30,3,24,10
9,30,3,25,6
9,30,3,26,22
9,30,3,27,11
9,30,3,28,8
9,30,3,29,4
9,30,3,30,1
9,30,4,1,11
9,30,4,2,30
9,30,4,3,10
9,30,4,4,20
9,30,4,5,21
9,30,4,6,7
9,30,4,7,13
9,30,4,8,24
9,30,4,9,26
9,30,4,10,14
9,30,4,11,8
9,30,4,12,4
9,30,4,13,1
9,30,4,14,5
9,30,4,15,18
9,30,4,16,15
9,30,4,17,23
9,30,4,18,6
9,30,4,19,25
9,30,4,20,19
9,30,4,21,9
9,30,4,22,17
9,30,4,23,22
9,30,4,24,27
9,30,4,25,29
9,30,4,26,16
9,30,4,27,3
9,30,4,28,2
9,30,4,29,28
9,30,4,30,12
9,30,5,1,15
9,30,5,2,21
9,30,5,3,16
9,30,5,4,6
9,30,5,5,4
9,30,5,6,1
9,30,5,7,24
9,30,5,8,5
9,30,5,9,27
9,30,5,10,20
9,30,5,11,29
9,30,5,12,12
9,30,5,13,8
9,30,5,14,9
9,30,5,15,19
9,30,5,16,11
9,30,5,17,7
9,30,5,18,26
9,30,5,19,28
9,30,5,20,25
9,30,5,21,14
9,30,5,22,3
9,30,5,23,23
9,30,5,24,13
9,30,5,25,22
9,30,5,26,2
9,30,5,27,17
9,30,5,28,30
9,30,5,29,10
9,30,5,30,18
9,30,6,1,30
9,30,6,2,10
9,30,6,3,20
9,30,6,4,16
9,30,6,5,8
9,30,6,6,22
9,30,6,7,13
9,30,6,8,11
9,30,6,9,4
9,30,6,10,14
9,30,6,11,25
9,30,6,12,23
9,30,6,13,5
9,30,6,14,6
9,30,6,15,2
9,30,6,16,29
9,30,6,17,3
9,30,6,18,7
9,30,6,19,26
9,30,6,20,24
9,30,6,21,1
9,30,6,22,12
9,30,6,23,9
9,30,6,24,21
9,30,6,25,19
9,30,6,26,15
9,30,6,27,28
9,30,6,28,18
9,30,6,29,27
9,30,6,30,17
9,30,7,1,23
9,30,7,2,27
9,30,7,3,8
9,30,7,4,18
9,30,7,5,4
9,30,7,6,30
9,30,7,7,11
9,30,7,8,10
9,30,7,9,25
9,30,7,10,9
9,30,7,11,2
9,30,7,12,28
9,30,7,13,29
9,30,7,14,5
9,30,7,15,1
9,30,7,16,12
9,30,7,17,15
9,30,7,18,21
9,30,7,19,17
9,30,7,20,19
9,30,7,21,3
9,30,7,22,26
9,30,7,23,13
9,30,7,24,16
9,30,7,25,24
9,30,7,26,14
9,30,7,27,6
9,30,7,28,22
9,30,7,29,7
9,30,7,30,20
9,30,8,1,1
9,30,8,2,17
9,30,8,3,25
9,30,8,4,15
9,30,8,5,28
9,30,8,6,29
9,30,8,7,24
9,30,8,8,7
9,30,8,9,8
9,30,8,10,20
9,30,8,11,2
9,30,8,12,13
9,30,8,13,16
9,30,8,14,5
9,30,8,15,27
9,30,8,16,26
9,30,8,17,18
9,30,8,18,11
9,30,8,19,19
9,30,8,20,10
9,30,8,21,9
9,30,8,22,6
9,30,8,23,14
9,30,8,24,4
9,30,8,25,12
9,30,8,26,22
9,30,8,27,3
9,30,8,28,21
9,30,8,29,23
9,30,8,30,30
9,30,9,1,14
9,30,9,2,18
9,30,9,3,17
9,30,9,4,11
9,30,9,5,5
9,30,9,6,30
9,30,9,7,26
9,30,9,8,16
9,30,9,9,7
9,30,9,10,24
9,30,9,11,22
9,30,9,12,20
9,30,9,13,15
9,30,9,14,10
9,30,9,15,2
9,30,9,16,13
9,30,9,17,8
9,30,9,18,4
9,30,9,19,3
9,30,9,20,9
9,30,9,21,23
9,30,9,22,6
9,30,9,23,27
9,30,9,24,29
9,30,9,25,25
9,30,9,26,19
9,30,9,27,12
9,30,9,28,1
9,30,9,29,21
9,30,9,30,28
10,30,1,1,29
10,30,1,2,23
10,30,1,3,21
10,30,1,4,3
10,30,1,5,5
10,30,1,6,9
10,30,1,7,7
10,30,1,8,17
10,30,1,9,26
10,30,1,10,20
10,30,1,11,6
10,30,1,12,19
10,30,1,13,27
10,30,1,14,15
10,30,1,15,18
10,30,1,16,13
10,30,1,17,25
10,30,1,18,30
10,30,1,19,10
10,30,1,20,22
10,30,1,21,28
10,30,1,22,16
10,30,1,23,2
10,30,1,24,11
10,30,1,25,1
10,30,1,26,12
10,30,1,27,4
10,30,1,28,8
10,30,1,29,24
10,30,1,30,14
10,30,2,1,3
10,30,2,2,6
10,30,2,3,26
10,30,2,4,11
10,30,2,5,28
10,30,2,6,19
10,30,2,7,4
10,30,2,8,30
10,30,2,9,25
10,30,2,10,18
10,30,2,11,20
10,30,2,12,10
10,30,2,13,1
10,30,2,14,23
10,30,2,15,15
10,30,2,16,16
10,30,2,17,17
10,30,2,18,27
10,30,2,19,29
10,30,2,20,13
10,30,2,21,8
10,30,2,22,5
10,30,2,23,9
10,30,2,24,2
10,30,2,25,7
10,30,2,26,12
10,30,2,27,22
10,30,2,28,24
10,30,2,29,14
10,30,2,30,21
10,30,3,1,5
10,30,3,2,9
10,30,3,3,19
10,30,3,4,17
10,30,3,5,26
10,30,3,6,25
10,30,3,7,7
10,30,3,8,28
10,30,3,9,15
10,30,3,10,13
10,30,3,11,12
10,30,3,12,30
10,30,3,13,20
10,30,3,14,14
10,30,3,15,24
10,30,3,16,18
10,30,3,17,23
10,30,3,18,2
10,30,3,19,8
10,30,3,20,4
10,30,3,21,1
10,30,3,22,11
10,30,3,23,22
10,30,3,24,6
10,30,3,25,10
10,30,3,26,27
10,30,3,27,29
10,30,3,28,16
10,30,3,29,3
10,30,3,30,21
10,30,4,1,21
10,30,4,2,13
10,30,4,3,26
10,30,4,4,7
10,30,4,5,24
10,30,4,6,18
10,30,4,7,14
10,30,4,8,8
10,30,4,9,4
10,30,4,10,1
10,30,4,11,5
10,30,4,12,23
10,30,4,13,15
10,30,4,14,29
10,30,4,15,27
10,30,4,16,22
10,30,4,17,6
10,30,4,18,25
10,30,4,19,19
10,30,4,20,9
10,30,4,21,17
10,30,4,22,16
10,30,4,23,3
10,30,4,24,2
10,30,4,25,28
10,30,4,26,12
10,30,4,27,11
10,30,4,28,30
10,30,4,29,10
10,30,4,30,20
10,30,5,1,5
10,30,5,2,20
10,30,5,3,27
10,30,5,4,29
10,30,5,5,12
10,30,5,6,24
10,30,5,7,1
10,30,5,8,4
10,30,5,9,6
10,30,5,10,16
10,30,5,11,21
10,30,5,12,11
10,30,5,13,19
10,30,5,14,9
10,30,5,15,8
10,30,5,16,7
10,30,5,17,28
10,30,5,18,25
10,30,5,19,26
10,30,5,20,14
10,30,5,21,30
10,30,5,22,18
10,30,5,23,15
10,30,5,24,10
10,30,5,25,17
10,30,5,26,3
10,30,5,27,2
10,30,5,28,22
10,30,5,29,13
10,30,5,30,23
10,30,6,1,6
10,30,6,2,5
10,30,6,3,23
10,30,6,4,25
10,30,6,5,14
10,30,6,6,4
10,30,6,7,13
10,30,6,8,11
10,30,6,9,22
10,30,6,10,8
10,30,6,11,16
10,30,6,12,20
10,30,6,13,10
10,30,6,14,30
10,30,6,15,17
10,30,6,16,27
10,30,6,17,18
10,30,6,18,28
10,30,6,19,19
10,30,6,20,21
10,30,6,21,15
10,30,6,22,9
10,30,6,23,12
10,30,6,24,1
10,30,6,25,26
10,30,6,26,24
10,30,6,27,7
10,30,6,28,2
10,30,6,29,29
10,30,6,30,3
10,30,7,1,21
10,30,7,2,15
10,30,7,3,12
10,30,7,4,1
10,30,7,5,5
10,30,7,6,29
10,30,7,7,9
10,30,7,8,25
10,30,7,9,10
10,30,7,10,30
10,30,7,11,18
10,30,7,12,8
10,30,7,13,23
10,30,7,14,27
10,30,7,15,20
10,30,7,16,7
10,30,7,17,4
10,30,7,18,11
10,30,7,19,22
10,30,7,20,14
10,30,7,21,24
10,30,7,22,6
10,30,7,23,26
10,30,7,24,3
10,30,7,25,13
10,30,7,26,16
10,30,7,27,19
10,30,7,28,17
10,30,7,29,2
10,30,7,30,28
10,30,8,1,18
10,30,8,2,11
10,30,8,3,19
10,30,8,4,10
10,30,8,5,9
10,30,8,6,6
10,30,8,7,14
10,30,8,8,4
10,30,8,9,12
10,30,8,10,1
10,30,8,11,30
10,30,8,12,23
10,30,8,13,21
10,30,8,14,3
10,30,8,15,22
10,30,8,16,26
10,30,8,17,27
10,30,8,18,5
10,30,8,19,16
10,30,8,20,13
10,30,8,21,2
10,30,8,22,20
10,30,8,23,28
10,30,8,24,8
10,30,8,25,7
10,30,8,26,24
10,30,8,27,29
10,30,8,28,15
10,30,8,29,25
10,30,8,30,17
10,30,9,1,19
10,30,9,2,25
10,30,9,3,29
10,30,9,4,27
10,30,9,5,6
10,30,9,6,23
10,30,9,7,9
10,30,9,8,3
10,30,9,9,4
10,30,9,10,8
10,30,9,11,13
10,30,9,12,2
10,30,9,13,10
10,30,9,14,15
10,30,9,15,20
10,30,9,16,16
10,30,9,17,26
10,30,9,18,30
10,30,9,19,5
10,30,9,20,7
10,30,9,21,24
10,30,9,22,22
10,30,9,23,17
10,30,9,24,11
10,30,9,25,14
10,30,9,26,18
10,30,9,27,28
10,30,9,28,21
10,30,9,29,1
10,30,9,30,12
11,30,1,1,2
11,30,1,2,16
11,30,1,3,28
11,30,1,4,22
11,30,1,5,10
11,30,1,6,30
11,30,1,7,25
11,30,1,8,13
11,30,1,9,18
11,30,1,10,19
11,30,1,11,15
11,30,1,12,27
11,30,1,13,6
11,30,1,14,20
11,30,1,15,26
11,30,1,16,17
11,30,1,17,7
11,30,1,18,5
11,30,1,19,9
11,30,1,20,3
11,30,1,21,21
11,30,1,22,23
11,30,1,23,29
11,30,1,24,14
11,30,1,25,24
11,30,1,26,8
11,30,1,27,4
11,30,1,28,12
11,30,1,29,1
11,30,1,30,11
11,30,2,1,16
11,30,2,2,23
11,30,2,3,15
11,30,2,4,1
11,30,2,5,10
11,30,2,6,18
11,30,2,7,20
11,30,2,8,21
11,30,2,9,11
11,30,2,10,26
11,30,2,11,6
11,30,2,12,3
11,30,2,13,14
11,30,2,14,27
11,30,2,15,24
11,30,2,16,29
11,30,2,17,13
11,30,2,18,8
11,30,2,19,5
11,30,2,20,9
11,30,2,21,2
11,30,2,22,7
11,30,2,23,12
11,30,2,24,22
11,30,2,25,28
11,30,2,26,19
11,30,2,27,4
11,30,2,28,30
11,30,2,29,25
11,30,2,30,17
11,30,3,1,19
11,30,3,2,17
11,30,3,3,26
11,30,3,4,25
11,30,3,5,23
11,30,3,6,7
11,30,3,7,14
11,30,3,8,18
11,30,3,9,24
11,30,3,10,20
11,30,3,11,15
11,30,3,12,28
11,30,3,13,13
11,30,3,14,30
11,30,3,15,12
11,30,3,16,1
11,30,3,17,4
11,30,3,18,8
11,30,3,19,11
11,30,3,20,22
11,30,3,21,6
11,30,3,22,10
11,30,3,23,27
11,30,3,24,2
11,30,3,25,29
11,30,3,26,16
11,30,3,27,3
11,30,3,28,21
11,30,3,29,5
11,30,3,30,9
11,30,4,1,4
11,30,4,2,1
11,30,4,3,5
11,30,4,4,8
11,30,4,5,23
11,30,4,6,6
11,30,4,7,25
11,30,4,8,22
11,30,4,9,17
11,30,4,10,9
11,30,4,11,19
11,30,4,12,16
11,30,4,13,3
11,30,4,14,2
11,30,4,15,11
11,30,4,16,12
11,30,4,17,30
11,30,4,18,28
11,30,4,19,29
11,30,4,20,27
11,30,4,21,15
11,30,4,22,18
11,30,4,23,24
11,30,4,24,7
11,30,4,25,13
11,30,4,26,26
11,30,4,27,14
11,30,4,28,20
11,30,4,29,10
11,30,4,30,21
11,30,5,1,15
11,30,5,2,18
11,30,5,3,11
11,30,5,4,19
11,30,5,5,21
11,30,5,6,16
11,30,5,7,6
11,30,5,8,4
11,30,5,9,1
11,30,5,10,9
11,30,5,11,8
11,30,5,12,24
11,30,5,13,12
11,30,5,14,27
11,30,5,15,5
11,30,5,16,20
11,30,5,17,29
11,30,5,18,7
11,30,5,19,14
11,30,5,20,26
11,30,5,21,28
11,30,5,22,25
11,30,5,23,3
11,30,5,24,23
11,30,5,25,13
11,30,5,26,22
11,30,5,27,2
11,30,5,28,17
11,30,5,29,30
11,30,5,30,10
11,30,6,1,14
11,30,6,2,25
11,30,6,3,23
11,30,6,4,5
11,30,6,5,6
11,30,6,6,3
11,30,6,7,7
11,30,6,8,29
11,30,6,9,1
11,30,6,10,24
11,30,6,11,12
11,30,6,12,9
11,30,6,13,26
11,30,6,14,21
11,30,6,15,19
11,30,6,16,15
11,30,6,17,28
11,30,6,18,18
11,30,6,19,27
11,30,6,20,2
11,30,6,21,17
11,30,6,22,22
11,30,6,23,11
11,30,6,24,4
11,30,6,25,13
11,30,6,26,16
11,30,6,27,8
11,30,6,28,20
11,30,6,29,10
11,30,6,30,30
11,30,7,1,2
11,30,7,2,28
11,30,7,3,10
11,30,7,4,25
11,30,7,5,9
11,30,7,6,29
11,30,7,7,5
11,30,7,8,1
11,30,7,9,11
11,30,7,10,30
11,30,7,11,4
11,30,7,12,18
11,30,7,13,8
11,30,7,14,27
11,30,7,15,23
11,30,7,16,20
11,30,7,17,7
11,30,7,18,22
11,30,7,19,6
11,30,7,20,14
11,30,7,21,24
11,30,7,22,13
11,30,7,23,16
11,30,7,24,26
11,30,7,25,3
11,30,7,26,12
11,30,7,27,15
11,30,7,28,21
11,30,7,29,19
11,30,7,30,17
11,30,8,1,5
11,30,8,2,16
11,30,8,3,13
11,30,8,4,2
11,30,8,5,20
11,30,8,6,23
11,30,8,7,30
11,30,8,8,21
11,30,8,9,1
11,30,8,10,12
11,30,8,11,4
11,30,8,12,15
11,30,8,13,28
11,30,8,14,8
11,30,8,15,7
11,30,8,16,24
11,30,8,17,29
11,30,8,18,25
11,30,8,19,17
11,30,8,20,6
11,30,8,21,14
11,30,8,22,9
11,30,8,23,10
11,30,8,24,19
11,30,8,25,11
11,30,8,26,22
11,30,8,27,3
11,30,8,28,18
11,30,8,29,26
11,30,8,30,27
11,30,9,1,11
11,30,9,2,17
11,30,9,3,18
11,30,9,4,14
11,30,9,5,28
11,30,9,6,21
11,30,9,7,1
11,30,9,8,12
11,30,9,9,19
11,30,9,10,25
11,30,9,11,29
11,30,9,12,27
11,30,9,13,6
11,30,9,14,23
11,30,9,15,9
11,30,9,16,3
11,30,9,17,4
11,30,9,18,8
11,30,9,19,13
11,30,9,20,2
11,30,9,21,15
11,30,9,22,10
11,30,9,23,20
11,30,9,24,16
11,30,9,25,26
11,30,9,26,30
11,30,9,27,5
11,30,9,28,7
11,30,9,29,24
11,30,9,30,22
12,30,1,1,12
12,30,1,2,4
12,30,1,3,8
12,30,1,4,24
12,30,1,5,14
12,30,1,6,29
12,30,1,7,23
12,30,1,8,21
12,30,1,9,3
12,30,1,10,5
12,30,1,11,9
12,30,1,12,7
12,30,1,13,17
12,30,1,14,26
12,30,1,15,20
12,30,1,16,6
12,30,1,17,19
12,30,1,18,18
12,30,1,19,27
12,30,1,20,15
12,30,1,21,13
12,30,1,22,25
12,30,1,23,30
12,30,1,24,10
12,30,1,25,22
12,30,1,26,28
12,30,1,27,16
12,30,1,28,2
12,30,1,29,11
12,30,1,30,1
12,30,2,1,27
12,30,2,2,14
12,30,2,3,21
12,30,2,4,26
12,30,2,5,6
12,30,2,6,3
12,30,2,7,24
12,30,2,8,13
12,30,2,9,29
12,30,2,10,8
12,30,2,11,5
12,30,2,12,9
12,30,2,13,2
12,30,2,14,7
12,30,2,15,12
12,30,2,16,22
12,30,2,17,19
12,30,2,18,4
12,30,2,19,30
12,30,2,20,25
12,30,2,21,28
12,30,2,22,11
12,30,2,23,20
12,30,2,24,18
12,30,2,25,1
12,30,2,26,10
12,30,2,27,15
12,30,2,28,23
12,30,2,29,16
12,30,2,30,17
12,30,3,1,18
12,30,3,2,23
12,30,3,3,25
12,30,3,4,17
12,30,3,5,26
12,30,3,6,9
12,30,3,7,19
12,30,3,8,7
12,30,3,9,28
12,30,3,10,15
12,30,3,11,13
12,30,3,12,30
12,30,3,13,20
12,30,3,14,14
12,30,3,15,24
12,30,3,16,12
12,30,3,17,4
12,30,3,18,1
12,30,3,19,11
12,30,3,20,22
12,30,3,21,6
12,30,3,22,10
12,30,3,23,21
12,30,3,24,5
12,30,3,25,16
12,30,3,26,3
12,30,3,27,27
12,30,3,28,29
12,30,3,29,2
12,30,3,30,8
12,30,4,1,26
12,30,4,2,13
12,30,4,3,7
12,30,4,4,24
12,30,4,5,18
12,30,4,6,15
12,30,4,7,28
12,30,4,8,20
12,30,4,9,10
12,30,4,10,30
12,30,4,11,11
12,30,4,12,12
12,30,4,13,3
12,30,4,14,16
12,30,4,15,2
12,30,4,16,29
12,30,4,17,27
12,30,4,18,17
12,30,4,19,9
12,30,4,20,19
12,30,4,21,25
12,30,4,22,6
12,30,4,23,22
12,30,4,24,23
12,30,4,25,5
12,30,4,26,1
12,30,4,27,4
12,30,4,28,8
12,30,4,29,14
12,30,4,30,21
12,30,5,1,14
12,30,5,2,26
12,30,5,3,28
12,30,5,4,25
12,30,5,5,3
12,30,5,6,23
12,30,5,7,13
12,30,5,8,22
12,30,5,9,2
12,30,5,10,17
12,30,5,11,10
12,30,5,12,15
12,30,5,13,18
12,30,5,14,19
12,30,5,15,16
12,30,5,16,21
12,30,5,17,6
12,30,5,18,4
12,30,5,19,1
12,30,5,20,24
12,30,5,21,27
12,30,5,22,5
12,30,5,23,20
12,30,5,24,29
12,30,5,25,7
12,30,5,26,12
12,30,5,27,8
12,30,5,28,9
12,30,5,29,11
12,30,5,30,30
12,30,6,1,30
12,30,6,2,10
12,30,6,3,20
12,30,6,4,8
12,30,6,5,16
12,30,6,6,13
12,30,6,7,4
12,30,6,8,14
12,30,6,9,25
12,30,6,10,23
12,30,6,11,5
12,30,6,12,11
12,30,6,13,22
12,30,6,14,6
12,30,6,15,3
12,30,6,16,7
12,30,6,17,1
12,30,6,18,24
12,30,6,19,26
12,30,6,20,12
12,30,6,21,9
12,30,6,22,29
12,30,6,23,2
12,30,6,24,15
12,30,6,25,21
12,30,6,26,19
12,30,6,27,28
12,30,6,28,18
12,30,6,29,27
12,30,6,30,17
12,30,7,1,1
12,30,7,2,26
12,30,7,3,13
12,30,7,4,16
12,30,7,5,3
12,30,7,6,19
12,30,7,7,17
12,30,7,8,21
12,30,7,9,28
12,30,7,10,2
12,30,7,11,15
12,30,7,12,12
12,30,7,13,5
12,30,7,14,29
12,30,7,15,9
12,30,7,16,25
12,30,7,17,10
12,30,7,18,30
12,30,7,19,18
12,30,7,20,8
12,30,7,21,27
12,30,7,22,23
12,30,7,23,20
12,30,7,24,7
12,30,7,25,24
12,30,7,26,14
12,30,7,27,6
12,30,7,28,22
12,30,7,29,4
12,30,7,30,11
12,30,8,1,12
12,30,8,2,4
12,30,8,3,14
12,30,8,4,6
12,30,8,5,9
12,30,8,6,10
12,30,8,7,19
12,30,8,8,11
12,30,8,9,18
12,30,8,10,22
12,30,8,11,3
12,30,8,12,26
12,30,8,13,27
12,30,8,14,5
12,30,8,15,16
12,30,8,16,13
12,30,8,17,2
12,30,8,18,23
12,30,8,19,21
12,30,8,20,30
12,30,8,21,20
12,30,8,22,1
12,30,8,23,28
12,30,8,24,8
12,30,8,25,7
12,30,8,26,24
12,30,8,27,29
12,30,8,28,25
12,30,8,29,17
12,30,8,30,15
12,30,9,1,21
12,30,9,2,28
12,30,9,3,14
12,30,9,4,18
12,30,9,5,17
12,30,9,6,11
12,30,9,7,5
12,30,9,8,30
12,30,9,9,26
12,30,9,10,16
12,30,9,11,20
12,30,9,12,7
12,30,9,13,22
12,30,9,14,24
12,30,9,15,15
12,30,9,16,10
12,30,9,17,2
12,30,9,18,13
12,30,9,19,8
12,30,9,20,4
12,30,9,21,3
12,30,9,22,9
12,30,9,23,23
12,30,9,24,6
12,30,9,25,27
12,30,9,26,29
12,30,9,27,25
12,30,9,28,19
12,30,9,29,12
12,30,9,30,1
13,30,1,1,8
13,30,1,2,24
13,30,1,3,7
13,30,1,4,17
13,30,1,5,26
13,30,1,6,20
13,30,1,7,6
13,30,1,8,27
13,30,1,9,15
13,30,1,10,13
13,30,1,11,18
13,30,1,12,19
13,30,1,13,25
13,30,1,14,30
13,30,1,15,10
13,30,1,16,23
13,30,1,17,21
13,30,1,18,3
13,30,1,19,9
13,30,1,20,5
13,30,1,21,14
13,30,1,22,29
13,30,1,23,22
13,30,1,24,28
13,30,1,25,16
13,30,1,26,2
13,30,1,27,1
13,30,1,28,11
13,30,1,29,12
13,30,1,30,4
13,30,2,1,13
13,30,2,2,5
13,30,2,3,9
13,30,2,4,2
13,30,2,5,7
13,30,2,6,12
13,30,2,7,22
13,30,2,8,19
13,30,2,9,4
13,30,2,10,30
13,30,2,11,25
13,30,2,12,28
13,30,2,13,8
13,30,2,14,29
13,30,2,15,24
13,30,2,16,3
13,30,2,17,6
13,30,2,18,26
13,30,2,19,11
13,30,2,20,21
13,30,2,21,14
13,30,2,22,20
13,30,2,23,18
13,30,2,24,1
13,30,2,25,10
13,30,2,26,23
13,30,2,27,15
13,30,2,28,27
13,30,2,29,16
13,30,2,30,17
13,30,3,1,10
13,30,3,2,6
13,30,3,3,22
13,30,3,4,11
13,30,3,5,1
13,30,3,6,4
13,30,3,7,8
13,30,3,8,18
13,30,3,9,24
13,30,3,10,12
13,30,3,11,30
13,30,3,12,13
13,30,3,13,28
13,30,3,14,15
13,30,3,15,20
13,30,3,16,14
13,30,3,17,7
13,30,3,18,25
13,30,3,19,23
13,30,3,20,26
13,30,3,21,17
13,30,3,22,19
13,30,3,23,9
13,30,3,24,5
13,30,3,25,21
13,30,3,26,3
13,30,3,27,16
13,30,3,28,29
13,30,3,29,27
13,30,3,30,2
13,30,4,1,21
13,30,4,2,4
13,30,4,3,1
13,30,4,4,8
13,30,4,5,14
13,30,4,6,26
13,30,4,7,13
13,30,4,8,7
13,30,4,9,24
13,30,4,10,18
13,30,4,11,15
13,30,4,12,23
13,30,4,13,5
13,30,4,14,6
13,30,4,15,25
13,30,4,16,19
13,30,4,17,9
13,30,4,18,17
13,30,4,19,22
13,30,4,20,27
13,30,4,21,16
13,30,4,22,3
13,30,4,23,11
13,30,4,24,30
13,30,4,25,12
13,30,4,26,2
13,30,4,27,29
13,30,4,28,28
13,30,4,29,10
13,30,4,30,20
13,30,5,1,13
13,30,5,2,23
13,30,5,3,5
13,30,5,4,20
13,30,5,5,27
13,30,5,6,29
13,30,5,7,28
13,30,5,8,3
13,30,5,9,25
13,30,5,10,26
13,30,5,11,7
13,30,5,12,12
13,30,5,13,24
13,30,5,14,1
13,30,5,15,4
13,30,5,16,6
13,30,5,17,16
13,30,5,18,21
13,30,5,19,15
13,30,5,20,18
13,30,5,21,11
13,30,5,22,19
13,30,5,23,9
13,30,5,24,8
13,30,5,25,14
13,30,5,26,17
13,30,5,27,30
13,30,5,28,10
13,30,5,29,2
13,30,5,30,22
13,30,6,1,30
13,30,6,2,19
13,30,6,3,21
13,30,6,4,15
13,30,6,5,9
13,30,6,6,26
13,30,6,7,24
13,30,6,8,1
13,30,6,9,12
13,30,6,10,2
13,30,6,11,28
13,30,6,12,18
13,30,6,13,27
13,30,6,14,29
13,30,6,15,7
13,30,6,16,3
13,30,6,17,6
13,30,6,18,5
13,30,6,19,23
13,30,6,20,25
13,30,6,21,11
13,30,6,22,22
13,30,6,23,17
13,30,6,24,14
13,30,6,25,4
13,30,6,26,13
13,30,6,27,8
13,30,6,28,16
13,30,6,29,20
13,30,6,30,10
13,30,7,1,16
13,30,7,2,13
13,30,7,3,24
13,30,7,4,14
13,30,7,5,6
13,30,7,6,22
13,30,7,7,7
13,30,7,8,20
13,30,7,9,27
13,30,7,10,23
13,30,7,11,8
13,30,7,12,18
13,30,7,13,4
13,30,7,14,11
13,30,7,15,30
13,30,7,16,10
13,30,7,17,25
13,30,7,18,9
13,30,7,19,29
13,30,7,20,5
13,30,7,21,1
13,30,7,22,26
13,30,7,23,3
13,30,7,24,12
13,30,7,25,15
13,30,7,26,21
13,30,7,27,28
13,30,7,28,2
13,30,7,29,17
13,30,7,30,19
13,30,8,1,17
13,30,8,2,25
13,30,8,3,15
13,30,8,4,29
13,30,8,5,24
13,30,8,6,7
13,30,8,7,8
13,30,8,8,28
13,30,8,9,20
13,30,8,10,2
13,30,8,11,13
13,30,8,12,16
13,30,8,13,5
13,30,8,14,27
13,30,8,15,26
13,30,8,16,18
13,30,8,17,11
13,30,8,18,19
13,30,8,19,10
13,30,8,20,9
13,30,8,21,6
13,30,8,22,14
13,30,8,23,4
13,30,8,24,22
13,30,8,25,3
13,30,8,26,21
13,30,8,27,23
13,30,8,28,30
13,30,8,29,1
13,30,8,30,12
13,30,9,1,11
13,30,9,2,17
13,30,9,3,5
13,30,9,4,30
13,30,9,5,26
13,30,9,6,16
13,30,9,7,8
13,30,9,8,4
13,30,9,9,3
13,30,9,10,13
13,30,9,11,2
13,30,9,12,20
13,30,9,13,7
13,30,9,14,24
13,30,9,15,22
13,30,9,16,15
13,30,9,17,10
13,30,9,18,9
13,30,9,19,23
13,30,9,20,6
13,30,9,21,27
13,30,9,22,29
13,30,9,23,25
13,30,9,24,19
13,30,9,25,12
13,30,9,26,1
13,30,9,27,21
13,30,9,28,28
13,30,9,29,14
13,30,9,30,18
14,30,1,1,21
14,30,1,2,3
14,30,1,3,5
14,30,1,4,9
14,30,1,5,7
14,30,1,6,17
14,30,1,7,26
14,30,1,8,20
14,30,1,9,6
14,30,1,10,27
14,30,1,11,15
14,30,1,12,19
14,30,1,13,18
14,30,1,14,13
14,30,1,15,25
14,30,1,16,30
14,30,1,17,10
14,30,1,18,22
14,30,1,19,28
14,30,1,20,2
14,30,1,21,1
14,30,1,22,4
14,30,1,23,8
14,30,1,24,24
14,30,1,25,14
14,30,1,26,12
14,30,1,27,11
14,30,1,28,16
14,30,1,29,29
14,30,1,30,23
14,30,2,1,6
14,30,2,2,3
14,30,2,3,24
14,30,2,4,29
14,30,2,5,13
14,30,2,6,8
14,30,2,7,7
14,30,2,8,2
14,30,2,9,9
14,30,2,10,5
14,30,2,11,12
14,30,2,12,22
14,30,2,13,4
14,30,2,14,30
14,30,2,15,25
14,30,2,16,19
14,30,2,17,28
14,30,2,18,11
14,30,2,19,20
14,30,2,20,18
14,30,2,21,1
14,30,2,22,10
14,30,2,23,15
14,30,2,24,23
14,30,2,25,16
14,30,2,26,17
14,30,2,27,27
14,30,2,28,14
14,30,2,29,21
14,30,2,30,26
14,30,3,1,25
14,30,3,2,19
14,30,3,3,9
14,30,3,4,17
14,30,3,5,26
14,30,3,6,5
14,30,3,7,21
14,30,3,8,16
14,30,3,9,3
14,30,3,10,27
14,30,3,11,29
14,30,3,12,2
14,30,3,13,10
14,30,3,14,11
14,30,3,15,22
14,30,3,16,6
14,30,3,17,8
14,30,3,18,4
14,30,3,19,1
14,30,3,20,12
14,30,3,21,30
14,30,3,22,13
14,30,3,23,28
14,30,3,24,15
14,30,3,25,7
14,30,3,26,20
14,30,3,27,14
14,30,3,28,24
14,30,3,29,18
14,30,3,30,23
14,30,4,1,15
14,30,4,2,18
14,30,4,3,24
14,30,4,4,7
14,30,4,5,21
14,30,4,6,13
14,30,4,7,26
14,30,4,8,14
14,30,4,9,8
14,30,4,10,4
14,30,4,11,1
14,30,4,12,5
14,30,4,13,23
14,30,4,14,6
14,30,4,15,25
14,30,4,16,22
14,30,4,17,17
14,30,4,18,9
14,30,4,19,19
14,30,4,20,16
14,30,4,21,3
14,30,4,22,2
14,30,4,23,12
14,30,4,24,30
14,30,4,25,11
14,30,4,26,20
14,30,4,27,10
14,30,4,28,28
14,30,4,29,29
14,30,4,30,27
14,30,5,1,19
14,30,5,2,11
14,30,5,3,18
14,30,5,4,15
14,30,5,5,21
14,30,5,6,16
14,30,5,7,6
14,30,5,8,4
14,30,5,9,1
14,30,5,10,24
14,30,5,11,5
14,30,5,12,20
14,30,5,13,27
14,30,5,14,29
14,30,5,15,28
14,30,5,16,23
14,30,5,17,13
14,30,5,18,22
14,30,5,19,2
14,30,5,20,3
14,30,5,21,25
14,30,5,22,26
14,30,5,23,7
14,30,5,24,12
14,30,5,25,8
14,30,5,26,10
14,30,5,27,30
14,30,5,28,17
14,30,5,29,14
14,30,5,30,9
14,30,6,1,21
14,30,6,2,19
14,30,6,3,28
14,30,6,4,15
14,30,6,5,9
14,30,6,6,12
14,30,6,7,26
14,30,6,8,24
14,30,6,9,1
14,30,6,10,7
14,30,6,11,3
14,30,6,12,29
14,30,6,13,2
14,30,6,14,18
14,30,6,15,27
14,30,6,16,17
14,30,6,17,30
14,30,6,18,10
14,30,6,19,20
14,30,6,20,8
14,30,6,21,16
14,30,6,22,13
14,30,6,23,4
14,30,6,24,14
14,30,6,25,25
14,30,6,26,23
14,30,6,27,5
14,30,6,28,6
14,30,6,29,22
14,30,6,30,11
14,30,7,1,1
14,30,7,2,11
14,30,7,3,4
14,30,7,4,20
14,30,7,5,27
14,30,7,6,23
14,30,7,7,8
14,30,7,8,18
14,30,7,9,7
14,30,7,10,22
14,30,7,11,14
14,30,7,12,24
14,30,7,13,16
14,30,7,14,13
14,30,7,15,6
14,30,7,16,26
14,30,7,17,3
14,30,7,18,19
14,30,7,19,17
14,30,7,20,21
14,30,7,21,15
14,30,7,22,12
14,30,7,23,5
14,30,7,24,29
14,30,7,25,9
14,30,7,26,25
14,30,7,27,10
14,30,7,28,30
14,30,7,29,2
14,30,7,30,28
14,30,8,1,12
14,30,8,2,4
14,30,8,3,14
14,30,8,4,6
14,30,8,5,9
14,30,8,6,10
14,30,8,7,19
14,30,8,8,11
14,30,8,9,18
14,30,8,10,22
14,30,8,11,26
14,30,8,12,27
14,30,8,13,5
14,30,8,14,16
14,30,8,15,13
14,30,8,16,2
14,30,8,17,17
14,30,8,18,25
14,30,8,19,15
14,30,8,20,29
14,30,8,21,24
14,30,8,22,7
14,30,8,23,8
14,30,8,24,28
14,30,8,25,20
14,30,8,26,23
14,30,8,27,3
14,30,8,28,21
14,30,8,29,30
14,30,8,30,1
14,30,9,1,22
14,30,9,2,24
14,30,9,3,7
14,30,9,4,20
14,30,9,5,2
14,30,9,6,13
14,30,9,7,8
14,30,9,8,4
14,30,9,9,3
14,30,9,10,9
14,30,9,11,23
14,30,9,12,27
14,30,9,13,6
14,30,9,14,10
14,30,9,15,15
14,30,9,16,1
14,30,9,17,25
14,30,9,18,29
14,30,9,19,19
14,30,9,20,12
14,30,9,21,21
14,30,9,22,28
14,30,9,23,14
14,30,9,24,18
14,30,9,25,17
14,30,9,26,11
14,30,9,27,16
14,30,9,28,26
14,30,9,29,30
14,30,9,30,5
15,30,1,1,8
15,30,1,2,24
15,30,1,3,7
15,30,1,4,17
15,30,1,5,26
15,30,1,6,20
15,30,1,7,6
15,30,1,8,9
15,30,1,9,5
15,30,1,10,14
15,30,1,11,3
15,30,1,12,29
15,30,1,13,21
15,30,1,14,23
15,30,1,15,10
15,30,1,16,30
15,30,1,17,25
15,30,1,18,19
15,30,1,19,18
15,30,1,20,15
15,30,1,21,27
15,30,1,22,13
15,30,1,23,28
15,30,1,24,22
15,30,1,25,2
15,30,1,26,16
15,30,1,27,11
15,30,1,28,1
15,30,1,29,12
15,30,1,30,4
15,30,2,1,18
15,30,2,2,1
15,30,2,3,10
15,30,2,4,23
15,30,2,5,15
15,30,2,6,16
15,30,2,7,17
15,30,2,8,27
15,30,2,9,14
15,30,2,10,3
15,30,2,11,24
15,30,2,12,8
15,30,2,13,29
15,30,2,14,13
15,30,2,15,5
15,30,2,16,9
15,30,2,17,2
15,30,2,18,7
15,30,2,19,12
15,30,2,20,22
15,30,2,21,19
15,30,2,22,4
15,30,2,23,30
15,30,2,24,25
15,30,2,25,28
15,30,2,26,6
15,30,2,27,26
15,30,2,28,11
15,30,2,29,21
15,30,2,30,20
15,30,3,1,10
15,30,3,2,22
15,30,3,3,11
15,30,3,4,6
15,30,3,5,8
15,30,3,6,4
15,30,3,7,1
15,30,3,8,12
15,30,3,9,30
15,30,3,10,13
15,30,3,11,28
15,30,3,12,15
15,30,3,13,20
15,30,3,14,24
15,30,3,15,18
15,30,3,16,14
15,30,3,17,7
15,30,3,18,25
15,30,3,19,23
15,30,3,20,26
15,30,3,21,17
15,30,3,22,19
15,30,3,23,9
15,30,3,24,5
15,30,3,25,16
15,30,3,26,29
15,30,3,27,2
15,30,3,28,27
15,30,3,29,3
15,30,3,30,21
15,30,4,1,21
15,30,4,2,20
15,30,4,3,10
15,30,4,4,30
15,30,4,5,11
15,30,4,6,16
15,30,4,7,3
15,30,4,8,2
15,30,4,9,12
15,30,4,10,28
15,30,4,11,29
15,30,4,12,9
15,30,4,13,19
15,30,4,14,25
15,30,4,15,6
15,30,4,16,17
15,30,4,17,22
15,30,4,18,27
15,30,4,19,15
15,30,4,20,23
15,30,4,21,5
15,30,4,22,1
15,30,4,23,4
15,30,4,24,8
15,30,4,25,14
15,30,4,26,18
15,30,4,27,26
15,30,4,28,24
15,30,4,29,7
15,30,4,30,13
15,30,5,1,21
15,30,5,2,15
15,30,5,3,18
15,30,5,4,11
15,30,5,5,19
15,30,5,6,9
15,30,5,7,8
15,30,5,8,12
15,30,5,9,7
15,30,5,10,14
15,30,5,11,30
15,30,5,12,10
15,30,5,13,17
15,30,5,14,2
15,30,5,15,13
15,30,5,16,23
15,30,5,17,22
15,30,5,18,3
15,30,5,19,25
15,30,5,20,28
15,30,5,21,26
15,30,5,22,29
15,30,5,23,20
15,30,5,24,5
15,30,5,25,27
15,30,5,26,24
15,30,5,27,1
15,30,5,28,4
15,30,5,29,6
15,30,5,30,16
15,30,6,1,25
15,30,6,2,14
15,30,6,3,4
15,30,6,4,13
15,30,6,5,11
15,30,6,6,16
15,30,6,7,8
15,30,6,8,20
15,30,6,9,22
15,30,6,10,10
15,30,6,11,30
15,30,6,12,17
15,30,6,13,18
15,30,6,14,28
15,30,6,15,19
15,30,6,16,21
15,30,6,17,15
15,30,6,18,27
15,30,6,19,2
15,30,6,20,9
15,30,6,21,12
15,30,6,22,26
15,30,6,23,24
15,30,6,24,1
15,30,6,25,7
15,30,6,26,29
15,30,6,27,3
15,30,6,28,6
15,30,6,29,5
15,30,6,30,23
15,30,7,1,17
15,30,7,2,19
15,30,7,3,16
15,30,7,4,13
15,30,7,5,24
15,30,7,6,14
15,30,7,7,6
15,30,7,8,22
15,30,7,9,7
15,30,7,10,20
15,30,7,11,27
15,30,7,12,23
15,30,7,13,8
15,30,7,14,18
15,30,7,15,4
15,30,7,16,30
15,30,7,17,10
15,30,7,18,25
15,30,7,19,9
15,30,7,20,11
15,30,7,21,29
15,30,7,22,5
15,30,7,23,1
15,30,7,24,26
15,30,7,25,3
15,30,7,26,12
15,30,7,27,15
15,30,7,28,21
15,30,7,29,28
15,30,7,30,2
15,30,8,1,5
15,30,8,2,16
15,30,8,3,13
15,30,8,4,2
15,30,8,5,20
15,30,8,6,28
15,30,8,7,8
15,30,8,8,7
15,30,8,9,24
15,30,8,10,29
15,30,8,11,15
15,30,8,12,25
15,30,8,13,17
15,30,8,14,6
15,30,8,15,9
15,30,8,16,10
15,30,8,17,19
15,30,8,18,11
15,30,8,19,18
15,30,8,20,14
15,30,8,21,4
15,30,8,22,12
15,30,8,23,1
15,30,8,24,30
15,30,8,25,21
15,30,8,26,3
15,30,8,27,22
15,30,8,28,26
15,30,8,29,27
15,30,8,30,23
15,30,9,1,30
15,30,9,2,5
15,30,9,3,11
15,30,9,4,17
15,30,9,5,18
15,30,9,6,14
15,30,9,7,28
15,30,9,8,21
15,30,9,9,1
15,30,9,10,12
15,30,9,11,19
15,30,9,12,25
15,30,9,13,29
15,30,9,14,27
15,30,9,15,6
15,30,9,16,23
15,30,9,17,9
15,30,9,18,3
15,30,9,19,4
15,30,9,20,10
15,30,9,21,15
15,30,9,22,2
15,30,9,23,13
15,30,9,24,8
15,30,9,25,20
15,30,9,26,16
15,30,9,27,7
15,30,9,28,24
15,30,9,29,22
15,30,9,30,26
16,30,1,1,2
16,30,1,2,1
16,30,1,3,11
16,30,1,4,12
16,30,1,5,4
16,30,1,6,8
16,30,1,7,24
16,30,1,8,14
16,30,1,9,5
16,30,1,10,3
16,30,1,11,29
16,30,1,12,23
16,30,1,13,21
16,30,1,14,9
16,30,1,15,7
16,30,1,16,17
16,30,1,17,26
16,30,1,18,20
16,30,1,19,6
16,30,1,20,19
16,30,1,21,27
16,30,1,22,15
16,30,1,23,18
16,30,1,24,13
16,30,1,25,25
16,30,1,26,30
16,30,1,27,10
16,30,1,28,22
16,30,1,29,28
16,30,1,30,16
16,30,2,1,18
16,30,2,2,1
16,30,2,3,10
16,30,2,4,23
16,30,2,5,15
16,30,2,6,16
16,30,2,7,17
16,30,2,8,27
16,30,2,9,13
16,30,2,10,29
16,30,2,11,8
16,30,2,12,24
16,30,2,13,5
16,30,2,14,9
16,30,2,15,2
16,30,2,16,7
16,30,2,17,12
16,30,2,18,22
16,30,2,19,19
16,30,2,20,4
16,30,2,21,30
16,30,2,22,25
16,30,2,23,28
16,30,2,24,3
16,30,2,25,6
16,30,2,26,26
16,30,2,27,11
16,30,2,28,14
16,30,2,29,21
16,30,2,30,20
16,30,3,1,10
16,30,3,2,6
16,30,3,3,22
16,30,3,4,11
16,30,3,5,1
16,30,3,6,4
16,30,3,7,8
16,30,3,8,12
16,30,3,9,30
16,30,3,10,13
16,30,3,11,28
16,30,3,12,15
16,30,3,13,20
16,30,3,14,24
16,30,3,15,18
16,30,3,16,14
16,30,3,17,7
16,30,3,18,25
16,30,3,19,23
16,30,3,20,26
16,30,3,21,17
16,30,3,22,19
16,30,3,23,9
16,30,3,24,5
16,30,3,25,21
16,30,3,26,3
16,30,3,27,16
16,30,3,28,27
16,30,3,29,29
16,30,3,30,2
16,30,4,1,20
16,30,4,2,10
16,30,4,3,30
16,30,4,4,11
16,30,4,5,12
16,30,4,6,3
16,30,4,7,16
16,30,4,8,2
16,30,4,9,28
16,30,4,10,29
16,30,4,11,27
16,30,4,12,17
16,30,4,13,9
16,30,4,14,19
16,30,4,15,22
16,30,4,16,6
16,30,4,17,25
16,30,4,18,23
16,30,4,19,15
16,30,4,20,18
16,30,4,21,24
16,30,4,22,7
16,30,4,23,13
16,30,4,24,26
16,30,4,25,14
16,30,4,26,8
16,30,4,27,5
16,30,4,28,1
16,30,4,29,4
16,30,4,30,21
16,30,5,1,23
16,30,5,2,13
16,30,5,3,22
16,30,5,4,2
16,30,5,5,17
16,30,5,6,14
16,30,5,7,30
16,30,5,8,10
16,30,5,9,15
16,30,5,10,18
16,30,5,11,11
16,30,5,12,19
16,30,5,13,9
16,30,5,14,21
16,30,5,15,16
16,30,5,16,6
16,30,5,17,4
16,30,5,18,1
16,30,5,19,24
16,30,5,20,8
16,30,5,21,12
16,30,5,22,27
16,30,5,23,5
16,30,5,24,20
16,30,5,25,29
16,30,5,26,7
16,30,5,27,28
16,30,5,28,26
16,30,5,29,25
16,30,5,30,3
16,30,6,1,30
16,30,6,2,10
16,30,6,3,20
16,30,6,4,8
16,30,6,5,16
16,30,6,6,13
16,30,6,7,4
16,30,6,8,14
16,30,6,9,25
16,30,6,10,23
16,30,6,11,11
16,30,6,12,22
16,30,6,13,5
16,30,6,14,6
16,30,6,15,3
16,30,6,16,29
16,30,6,17,2
16,30,6,18,7
16,30,6,19,1
16,30,6,20,12
16,30,6,21,9
16,30,6,22,24
16,30,6,23,26
16,30,6,24,21
16,30,6,25,19
16,30,6,26,15
16,30,6,27,28
16,30,6,28,18
16,30,6,29,27
16,30,6,30,17
16,30,7,1,17
16,30,7,2,19
16,30,7,3,16
16,30,7,4,13
16,30,7,5,3
16,30,7,6,26
16,30,7,7,24
16,30,7,8,14
16,30,7,9,6
16,30,7,10,22
16,30,7,11,7
16,30,7,12,20
16,30,7,13,27
16,30,7,14,23
16,30,7,15,8
16,30,7,16,18
16,30,7,17,30
16,30,7,18,4
16,30,7,19,11
16,30,7,20,10
16,30,7,21,25
16,30,7,22,9
16,30,7,23,1
16,30,7,24,29
16,30,7,25,5
16,30,7,26,12
16,30,7,27,15
16,30,7,28,28
16,30,7,29,2
16,30,7,30,21
16,30,8,1,18
16,30,8,2,11
16,30,8,3,19
16,30,8,4,10
16,30,8,5,9
16,30,8,6,6
16,30,8,7,14
16,30,8,8,4
16,30,8,9,12
16,30,8,10,1
16,30,8,11,17
16,30,8,12,25
16,30,8,13,15
16,30,8,14,29
16,30,8,15,24
16,30,8,16,7
16,30,8,17,8
16,30,8,18,28
16,30,8,19,20
16,30,8,20,30
16,30,8,21,21
16,30,8,22,23
16,30,8,23,2
16,30,8,24,13
16,30,8,25,16
16,30,8,26,5
16,30,8,27,27
16,30,8,28,26
16,30,8,29,3
16,30,8,30,22
16,30,9,1,19
16,30,9,2,12
16,30,9,3,25
16,30,9,4,29
16,30,9,5,27
16,30,9,6,6
16,30,9,7,23
16,30,9,8,9
16,30,9,9,3
16,30,9,10,4
16,30,9,11,10
16,30,9,12,15
16,30,9,13,2
16,30,9,14,13
16,30,9,15,8
16,30,9,16,20
16,30,9,17,16
16,30,9,18,26
16,30,9,19,30
16,30,9,20,5
16,30,9,21,7
16,30,9,22,24
16,30,9,23,22
16,30,9,24,1
16,30,9,25,21
16,30,9,26,28
16,30,9,27,17
16,30,9,28,11
16,30,9,29,18
16,30,9,30,14
17,30,1,1,24
17,30,1,2,8
17,30,1,3,4
17,30,1,4,12
17,30,1,5,1
17,30,1,6,11
17,30,1,7,2
17,30,1,8,16
17,30,1,9,28
17,30,1,10,22
17,30,1,11,10
17,30,1,12,30
17,30,1,13,25
17,30,1,14,13
17,30,1,15,18
17,30,1,16,19
17,30,1,17,15
17,30,1,18,27
17,30,1,19,6
17,30,1,20,20
17,30,1,21,26
17,30,1,22,17
17,30,1,23,7
17,30,1,24,9
17,30,1,25,5
17,30,1,26,3
17,30,1,27,21
17,30,1,28,23
17,30,1,29,29
17,30,1,30,14
17,30,2,1,5
17,30,2,2,9
17,30,2,3,2
17,30,2,4,7
17,30,2,5,12
17,30,2,6,22
17,30,2,7,19
17,30,2,8,4
17,30,2,9,30
17,30,2,10,25
17,30,2,11,28
17,30,2,12,11
17,30,2,13,26
17,30,2,14,6
17,30,2,15,3
17,30,2,16,24
17,30,2,17,8
17,30,2,18,29
17,30,2,19,14
17,30,2,20,21
17,30,2,21,20
17,30,2,22,18
17,30,2,23,1
17,30,2,24,10
17,30,2,25,23
17,30,2,26,15
17,30,2,27,16
17,30,2,28,27
17,30,2,29,17
17,30,2,30,13
17,30,3,1,28
17,30,3,2,15
17,30,3,3,13
17,30,3,4,30
17,30,3,5,12
17,30,3,6,1
17,30,3,7,11
17,30,3,8,22
17,30,3,9,6
17,30,3,10,4
17,30,3,11,8
17,30,3,12,24
17,30,3,13,18
17,30,3,14,14
17,30,3,15,20
17,30,3,16,7
17,30,3,17,23
17,30,3,18,25
17,30,3,19,17
17,30,3,20,26
17,30,3,21,2
17,30,3,22,10
17,30,3,23,27
17,30,3,24,3
17,30,3,25,29
17,30,3,26,16
17,30,3,27,21
17,30,3,28,5
17,30,3,29,9
17,30,3,30,19
17,30,4,1,20
17,30,4,2,10
17,30,4,3,30
17,30,4,4,11
17,30,4,5,12
17,30,4,6,3
17,30,4,7,16
17,30,4,8,2
17,30,4,9,28
17,30,4,10,29
17,30,4,11,27
17,30,4,12,17
17,30,4,13,9
17,30,4,14,19
17,30,4,15,25
17,30,4,16,6
17,30,4,17,22
17,30,4,18,15
17,30,4,19,23
17,30,4,20,18
17,30,4,21,14
17,30,4,22,5
17,30,4,23,1
17,30,4,24,8
17,30,4,25,4
17,30,4,26,21
17,30,4,27,26
17,30,4,28,13
17,30,4,29,7
17,30,4,30,24
17,30,5,1,13
17,30,5,2,22
17,30,5,3,2
17,30,5,4,3
17,30,5,5,17
17,30,5,6,14
17,30,5,7,30
17,30,5,8,10
17,30,5,9,18
17,30,5,10,15
17,30,5,11,21
17,30,5,12,16
17,30,5,13,6
17,30,5,14,4
17,30,5,15,1
17,30,5,16,24
17,30,5,17,5
17,30,5,18,20
17,30,5,19,27
17,30,5,20,29
17,30,5,21,12
17,30,5,22,8
17,30,5,23,9
17,30,5,24,19
17,30,5,25,11
17,30,5,26,7
17,30,5,27,26
17,30,5,28,25
17,30,5,29,28
17,30,5,30,23
17,30,6,1,21
17,30,6,2,19
17,30,6,3,28
17,30,6,4,18
17,30,6,5,27
17,30,6,6,17
17,30,6,7,30
17,30,6,8,10
17,30,6,9,20
17,30,6,10,16
17,30,6,11,8
17,30,6,12,13
17,30,6,13,4
17,30,6,14,14
17,30,6,15,25
17,30,6,16,23
17,30,6,17,5
17,30,6,18,11
17,30,6,19,22
17,30,6,20,6
17,30,6,21,3
17,30,6,22,29
17,30,6,23,2
17,30,6,24,15
17,30,6,25,9
17,30,6,26,12
17,30,6,27,7
17,30,6,28,1
17,30,6,29,24
17,30,6,30,26
17,30,7,1,16
17,30,7,2,13
17,30,7,3,6
17,30,7,4,14
17,30,7,5,24
17,30,7,6,22
17,30,7,7,7
17,30,7,8,20
17,30,7,9,27
17,30,7,10,23
17,30,7,11,8
17,30,7,12,18
17,30,7,13,30
17,30,7,14,4
17,30,7,15,11
17,30,7,16,10
17,30,7,17,25
17,30,7,18,9
17,30,7,19,29
17,30,7,20,5
17,30,7,21,1
17,30,7,22,26
17,30,7,23,3
17,30,7,24,12
17,30,7,25,15
17,30,7,26,2
17,30,7,27,28
17,30,7,28,21
17,30,7,29,19
17,30,7,30,17
17,30,8,1,5
17,30,8,2,16
17,30,8,3,13
17,30,8,4,2
17,30,8,5,20
17,30,8,6,8
17,30,8,7,7
17,30,8,8,24
17,30,8,9,28
17,30,8,10,29
17,30,8,11,15
17,30,8,12,25
17,30,8,13,17
17,30,8,14,19
17,30,8,15,10
17,30,8,16,9
17,30,8,17,6
17,30,8,18,14
17,30,8,19,4
17,30,8,20,12
17,30,8,21,1
17,30,8,22,30
17,30,8,23,21
17,30,8,24,3
17,30,8,25,22
17,30,8,26,11
17,30,8,27,18
17,30,8,28,26
17,30,8,29,27
17,30,8,30,23
17,30,9,1,4
17,30,9,2,3
17,30,9,3,9
17,30,9,4,23
17,30,9,5,6
17,30,9,6,27
17,30,9,7,29
17,30,9,8,25
17,30,9,9,19
17,30,9,10,12
17,30,9,11,1
17,30,9,12,21
17,30,9,13,28
17,30,9,14,14
17,30,9,15,18
17,30,9,16,11
17,30,9,17,17
17,30,9,18,22
17,30,9,19,24
17,30,9,20,7
17,30,9,21,5
17,30,9,22,30
17,30,9,23,26
17,30,9,24,16
17,30,9,25,20
17,30,9,26,15
17,30,9,27,10
17,30,9,28,2
17,30,9,29,13
17,30,9,30,8
18,30,1,1,27
18,30,1,2,15
18,30,1,3,19
18,30,1,4,18
18,30,1,5,25
18,30,1,6,13
18,30,1,7,30
18,30,1,8,10
18,30,1,9,22
18,30,1,10,28
18,30,1,11,16
18,30,1,12,2
18,30,1,13,1
18,30,1,14,11
18,30,1,15,12
18,30,1,16,4
18,30,1,17,14
18,30,1,18,29
18,30,1,19,23
18,30,1,20,21
18,30,1,21,3
18,30,1,22,9
18,30,1,23,5
18,30,1,24,8
18,30,1,25,24
18,30,1,26,7
18,30,1,27,17
18,30,1,28,26
18,30,1,29,20
18,30,1,30,6
18,30,2,1,27
18,30,2,2,16
18,30,2,3,17
18,30,2,4,29
18,30,2,5,13
18,30,2,6,8
18,30,2,7,24
18,30,2,8,3
18,30,2,9,6
18,30,2,10,26
18,30,2,11,11
18,30,2,12,21
18,30,2,13,14
18,30,2,14,15
18,30,2,15,23
18,30,2,16,1
18,30,2,17,10
18,30,2,18,18
18,30,2,19,20
18,30,2,20,28
18,30,2,21,25
18,30,2,22,30
18,30,2,23,4
18,30,2,24,19
18,30,2,25,22
18,30,2,26,12
18,30,2,27,7
18,30,2,28,2
18,30,2,29,9
18,30,2,30,5
18,30,3,1,19
18,30,3,2,9
18,30,3,3,5
18,30,3,4,16
18,30,3,5,29
18,30,3,6,2
18,30,3,7,27
18,30,3,8,3
18,30,3,9,21
18,30,3,10,10
18,30,3,11,6
18,30,3,12,22
18,30,3,13,11
18,30,3,14,1
18,30,3,15,4
18,30,3,16,8
18,30,3,17,12
18,30,3,18,24
18,30,3,19,18
18,30,3,20,23
18,30,3,21,26
18,30,3,22,17
18,30,3,23,25
18,30,3,24,14
18,30,3,25,7
18,30,3,26,20
18,30,3,27,30
18,30,3,28,15
18,30,3,29,28
18,30,3,30,13
18,30,4,1,1
18,30,4,2,4
18,30,4,3,8
18,30,4,4,14
18,30,4,5,26
18,30,4,6,13
18,30,4,7,21
18,30,4,8,7
18,30,4,9,24
18,30,4,10,18
18,30,4,11,15
18,30,4,12,27
18,30,4,13,29
18,30,4,14,28
18,30,4,15,10
18,30,4,16,20
18,30,4,17,30
18,30,4,18,12
18,30,4,19,2
18,30,4,20,3
18,30,4,21,16
18,30,4,22,11
18,30,4,23,19
18,30,4,24,9
18,30,4,25,17
18,30,4,26,22
18,30,4,27,25
18,30,4,28,6
18,30,4,29,23
18,30,4,30,5
18,30,5,1,23
18,30,5,2,13
18,30,5,3,22
18,30,5,4,2
18,30,5,5,3
18,30,5,6,25
18,30,5,7,28
18,30,5,8,26
18,30,5,9,7
18,30,5,10,12
18,30,5,11,29
18,30,5,12,27
18,30,5,13,20
18,30,5,14,5
18,30,5,15,24
18,30,5,16,1
18,30,5,17,4
18,30,5,18,6
18,30,5,19,16
18,30,5,20,21
18,30,5,21,19
18,30,5,22,11
18,30,5,23,9
18,30,5,24,8
18,30,5,25,14
18,30,5,26,17
18,30,5,27,30
18,30,5,28,10
18,30,5,29,18
18,30,5,30,15
18,30,6,1,30
18,30,6,2,10
18,30,6,3,20
18,30,6,4,16
18,30,6,5,8
18,30,6,6,13
18,30,6,7,4
18,30,6,8,14
18,30,6,9,25
18,30,6,10,23
18,30,6,11,11
18,30,6,12,22
18,30,6,13,6
18,30,6,14,5
18,30,6,15,7
18,30,6,16,3
18,30,6,17,29
18,30,6,18,2
18,30,6,19,27
18,30,6,20,17
18,30,6,21,18
18,30,6,22,28
18,30,6,23,15
18,30,6,24,19
18,30,6,25,21
18,30,6,26,9
18,30,6,27,12
18,30,6,28,1
18,30,6,29,24
18,30,6,30,26
18,30,7,1,1
18,30,7,2,5
18,30,7,3,29
18,30,7,4,11
18,30,7,5,4
18,30,7,6,7
18,30,7,7,22
18,30,7,8,6
18,30,7,9,26
18,30,7,10,3
18,30,7,11,12
18,30,7,12,15
18,30,7,13,21
18,30,7,14,19
18,30,7,15,17
18,30,7,16,16
18,30,7,17,13
18,30,7,18,14
18,30,7,19,24
18,30,7,20,20
18,30,7,21,27
18,30,7,22,23
18,30,7,23,8
18,30,7,24,18
18,30,7,25,30
18,30,7,26,10
18,30,7,27,25
18,30,7,28,9
18,30,7,29,28
18,30,7,30,2
18,30,8,1,18
18,30,8,2,11
18,30,8,3,19
18,30,8,4,10
18,30,8,5,9
18,30,8,6,6
18,30,8,7,14
18,30,8,8,4
18,30,8,9,12
18,30,8,10,1
18,30,8,11,30
18,30,8,12,21
18,30,8,13,3
18,30,8,14,22
18,30,8,15,26
18,30,8,16,27
18,30,8,17,23
18,30,8,18,5
18,30,8,19,16
18,30,8,20,13
18,30,8,21,2
18,30,8,22,20
18,30,8,23,28
18,30,8,24,8
18,30,8,25,7
18,30,8,26,24
18,30,8,27,29
18,30,8,28,15
18,30,8,29,25
18,30,8,30,17
18,30,9,1,5
18,30,9,2,30
18,30,9,3,26
18,30,9,4,16
18,30,9,5,7
18,30,9,6,24
18,30,9,7,22
18,30,9,8,20
18,30,9,9,2
18,30,9,10,13
18,30,9,11,8
18,30,9,12,4
18,30,9,13,3
18,30,9,14,9
18,30,9,15,23
18,30,9,16,10
18,30,9,17,15
18,30,9,18,6
18,30,9,19,27
18,30,9,20,29
18,30,9,21,25
18,30,9,22,1
18,30,9,23,21
18,30,9,24,28
18,30,9,25,12
18,30,9,26,19
18,30,9,27,14
18,30,9,28,18
18,30,9,29,17
18,30,9,30,11
19,30,1,1,8
19,30,1,2,24
19,30,1,3,7
19,30,1,4,17
19,30,1,5,5
19,30,1,6,9
19,30,1,7,26
19,30,1,8,20
19,30,1,9,6
19,30,1,10,27
19,30,1,11,15
19,30,1,12,18
19,30,1,13,19
19,30,1,14,25
19,30,1,15,13
19,30,1,16,30
19,30,1,17,10
19,30,1,18,23
19,30,1,19,21
19,30,1,20,3
19,30,1,21,29
19,30,1,22,14
19,30,1,23,4
19,30,1,24,12
19,30,1,25,1
19,30,1,26,11
19,30,1,27,2
19,30,1,28,16
19,30,1,29,28
19,30,1,30,22
19,30,2,1,16
19,30,2,2,17
19,30,2,3,13
19,30,2,4,29
19,30,2,5,8
19,30,2,6,5
19,30,2,7,9
19,30,2,8,2
19,30,2,9,24
19,30,2,10,7
19,30,2,11,12
19,30,2,12,22
19,30,2,13,19
19,30,2,14,4
19,30,2,15,30
19,30,2,16,25
19,30,2,17,28
19,30,2,18,11
19,30,2,19,26
19,30,2,20,6
19,30,2,21,3
19,30,2,22,21
19,30,2,23,20
19,30,2,24,18
19,30,2,25,1
19,30,2,26,10
19,30,2,27,14
19,30,2,28,27
19,30,2,29,15
19,30,2,30,23
19,30,3,1,10
19,30,3,2,6
19,30,3,3,22
19,30,3,4,11
19,30,3,5,1
19,30,3,6,4
19,30,3,7,8
19,30,3,8,18
19,30,3,9,24
19,30,3,10,12
19,30,3,11,30
19,30,3,12,13
19,30,3,13,28
19,30,3,14,15
19,30,3,15,20
19,30,3,16,14
19,30,3,17,7
19,30,3,18,25
19,30,3,19,23
19,30,3,20,26
19,30,3,21,17
19,30,3,22,19
19,30,3,23,9
19,30,3,24,5
19,30,3,25,16
19,30,3,26,29
19,30,3,27,2
19,30,3,28,27
19,30,3,29,3
19,30,3,30,21
19,30,4,1,21
19,30,4,2,20
19,30,4,3,10
19,30,4,4,30
19,30,4,5,11
19,30,4,6,12
19,30,4,7,28
19,30,4,8,3
19,30,4,9,2
19,30,4,10,16
19,30,4,11,29
19,30,4,12,9
19,30,4,13,19
19,30,4,14,17
19,30,4,15,25
19,30,4,16,6
19,30,4,17,22
19,30,4,18,27
19,30,4,19,15
19,30,4,20,18
19,30,4,21,23
19,30,4,22,5
19,30,4,23,1
19,30,4,24,4
19,30,4,25,8
19,30,4,26,14
19,30,4,27,26
19,30,4,28,13
19,30,4,29,7
19,30,4,30,24
19,30,5,1,13
19,30,5,2,23
19,30,5,3,22
19,30,5,4,2
19,30,5,5,3
19,30,5,6,25
19,30,5,7,28
19,30,5,8,29
19,30,5,9,20
19,30,5,10,5
19,30,5,11,27
19,30,5,12,24
19,30,5,13,1
19,30,5,14,4
19,30,5,15,6
19,30,5,16,16
19,30,5,17,21
19,30,5,18,11
19,30,5,19,19
19,30,5,20,9
19,30,5,21,8
19,30,5,22,12
19,30,5,23,7
19,30,5,24,26
19,30,5,25,14
19,30,5,26,30
19,30,5,27,18
19,30,5,28,15
19,30,5,29,10
19,30,5,30,17
19,30,6,1,30
19,30,6,2,10
19,30,6,3,17
19,30,6,4,22
19,30,6,5,20
19,30,6,6,8
19,30,6,7,16
19,30,6,8,13
19,30,6,9,4
19,30,6,10,11
19,30,6,11,14
19,30,6,12,25
19,30,6,13,23
19,30,6,14,5
19,30,6,15,6
19,30,6,16,2
19,30,6,17,29
19,30,6,18,3
19,30,6,19,7
19,30,6,20,1
19,30,6,21,24
19,30,6,22,26
19,30,6,23,12
19,30,6,24,9
19,30,6,25,15
19,30,6,26,21
19,30,6,27,19
19,30,6,28,28
19,30,6,29,18
19,30,6,30,27
19,30,7,1,17
19,30,7,2,19
19,30,7,3,16
19,30,7,4,13
19,30,7,5,6
19,30,7,6,24
19,30,7,7,14
19,30,7,8,22
19,30,7,9,7
19,30,7,10,20
19,30,7,11,23
19,30,7,12,27
19,30,7,13,8
19,30,7,14,18
19,30,7,15,30
19,30,7,16,4
19,30,7,17,11
19,30,7,18,10
19,30,7,19,25
19,30,7,20,9
19,30,7,21,29
19,30,7,22,5
19,30,7,23,1
19,30,7,24,26
19,30,7,25,3
19,30,7,26,12
19,30,7,27,15
19,30,7,28,2
19,30,7,29,28
19,30,7,30,21
19,30,8,1,18
19,30,8,2,11
19,30,8,3,19
19,30,8,4,10
19,30,8,5,9
19,30,8,6,6
19,30,8,7,14
19,30,8,8,17
19,30,8,9,25
19,30,8,10,15
19,30,8,11,29
19,30,8,12,24
19,30,8,13,7
19,30,8,14,8
19,30,8,15,28
19,30,8,16,20
19,30,8,17,1
19,30,8,18,12
19,30,8,19,4
19,30,8,20,22
19,30,8,21,3
19,30,8,22,21
19,30,8,23,30
19,30,8,24,23
19,30,8,25,26
19,30,8,26,27
19,30,8,27,5
19,30,8,28,16
19,30,8,29,2
19,30,8,30,13
19,30,9,1,19
19,30,9,2,25
19,30,9,3,29
19,30,9,4,27
19,30,9,5,6
19,30,9,6,23
19,30,9,7,9
19,30,9,8,3
19,30,9,9,4
19,30,9,10,8
19,30,9,11,13
19,30,9,12,2
19,30,9,13,10
19,30,9,14,15
19,30,9,15,20
19,30,9,16,16
19,30,9,17,26
19,30,9,18,30
19,30,9,19,5
19,30,9,20,7
19,30,9,21,24
19,30,9,22,22
19,30,9,23,21
19,30,9,24,28
19,30,9,25,17
19,30,9,26,11
19,30,9,27,18
19,30,9,28,14
19,30,9,29,1
19,30,9,30,12
20,30,1,1,7
20,30,1,2,17
20,30,1,3,26
20,30,1,4,20
20,30,1,5,6
20,30,1,6,27
20,30,1,7,15
20,30,1,8,13
20,30,1,9,18
20,30,1,10,19
20,30,1,11,25
20,30,1,12,30
20,30,1,13,9
20,30,1,14,5
20,30,1,15,3
20,30,1,16,21
20,30,1,17,23
20,30,1,18,10
20,30,1,19,29
20,30,1,20,14
20,30,1,21,22
20,30,1,22,28
20,30,1,23,16
20,30,1,24,2
20,30,1,25,11
20,30,1,26,1
20,30,1,27,12
20,30,1,28,4
20,30,1,29,8
20,30,1,30,24
20,30,2,1,5
20,30,2,2,9
20,30,2,3,2
20,30,2,4,7
20,30,2,5,12
20,30,2,6,22
20,30,2,7,19
20,30,2,8,4
20,30,2,9,30
20,30,2,10,25
20,30,2,11,28
20,30,2,12,8
20,30,2,13,29
20,30,2,14,24
20,30,2,15,3
20,30,2,16,6
20,30,2,17,26
20,30,2,18,11
20,30,2,19,21
20,30,2,20,20
20,30,2,21,18
20,30,2,22,1
20,30,2,23,10
20,30,2,24,14
20,30,2,25,27
20,30,2,26,15
20,30,2,27,23
20,30,2,28,16
20,30,2,29,17
20,30,2,30,13
20,30,3,1,11
20,30,3,2,1
20,30,3,3,6
20,30,3,4,4
20,30,3,5,8
20,30,3,6,12
20,30,3,7,30
20,30,3,8,13
20,30,3,9,28
20,30,3,10,15
20,30,3,11,20
20,30,3,12,24
20,30,3,13,18
20,30,3,14,14
20,30,3,15,7
20,30,3,16,25
20,30,3,17,23
20,30,3,18,26
20,30,3,19,17
20,30,3,20,19
20,30,3,21,9
20,30,3,22,5
20,30,3,23,16
20,30,3,24,29
20,30,3,25,2
20,30,3,26,27
20,30,3,27,3
20,30,3,28,21
20,30,3,29,10
20,30,3,30,22
20,30,4,1,21
20,30,4,2,4
20,30,4,3,1
20,30,4,4,8
20,30,4,5,14
20,30,4,6,26
20,30,4,7,13
20,30,4,8,7
20,30,4,9,24
20,30,4,10,18
20,30,4,11,5
20,30,4,12,23
20,30,4,13,15
20,30,4,14,6
20,30,4,15,25
20,30,4,16,19
20,30,4,17,9
20,30,4,18,17
20,30,4,19,22
20,30,4,20,27
20,30,4,21,29
20,30,4,22,16
20,30,4,23,2
20,30,4,24,3
20,30,4,25,11
20,30,4,26,30
20,30,4,27,12
20,30,4,28,28
20,30,4,29,10
20,30,4,30,20
20,30,5,1,15
20,30,5,2,18
20,30,5,3,11
20,30,5,4,19
20,30,5,5,9
20,30,5,6,8
20,30,5,7,6
20,30,5,8,16
20,30,5,9,21
20,30,5,10,4
20,30,5,11,1
20,30,5,12,24
20,30,5,13,27
20,30,5,14,5
20,30,5,15,20
20,30,5,16,29
20,30,5,17,12
20,30,5,18,7
20,30,5,19,26
20,30,5,20,28
20,30,5,21,25
20,30,5,22,3
20,30,5,23,23
20,30,5,24,13
20,30,5,25,22
20,30,5,26,2
20,30,5,27,17
20,30,5,28,14
20,30,5,29,30
20,30,5,30,10
20,30,6,1,30
20,30,6,2,10
20,30,6,3,20
20,30,6,4,8
20,30,6,5,16
20,30,6,6,13
20,30,6,7,4
20,30,6,8,14
20,30,6,9,22
20,30,6,10,11
20,30,6,11,25
20,30,6,12,23
20,30,6,13,5
20,30,6,14,6
20,30,6,15,2
20,30,6,16,29
20,30,6,17,3
20,30,6,18,7
20,30,6,19,1
20,30,6,20,24
20,30,6,21,12
20,30,6,22,9
20,30,6,23,26
20,30,6,24,21
20,30,6,25,19
20,30,6,26,15
20,30,6,27,28
20,30,6,28,18
20,30,6,29,27
20,30,6,30,17
20,30,7,1,24
20,30,7,2,14
20,30,7,3,6
20,30,7,4,22
20,30,7,5,7
20,30,7,6,20
20,30,7,7,23
20,30,7,8,27
20,30,7,9,8
20,30,7,10,18
20,30,7,11,4
20,30,7,12,11
20,30,7,13,30
20,30,7,14,10
20,30,7,15,25
20,30,7,16,9
20,30,7,17,29
20,30,7,18,5
20,30,7,19,1
20,30,7,20,26
20,30,7,21,13
20,30,7,22,3
20,30,7,23,12
20,30,7,24,15
20,30,7,25,2
20,30,7,26,28
20,30,7,27,21
20,30,7,28,17
20,30,7,29,19
20,30,7,30,16
20,30,8,1,19
20,30,8,2,10
20,30,8,3,9
20,30,8,4,6
20,30,8,5,14
20,30,8,6,4
20,30,8,7,12
20,30,8,8,1
20,30,8,9,17
20,30,8,10,25
20,30,8,11,15
20,30,8,12,29
20,30,8,13,24
20,30,8,14,7
20,30,8,15,8
20,30,8,16,28
20,30,8,17,20
20,30,8,18,30
20,30,8,19,23
20,30,8,20,21
20,30,8,21,3
20,30,8,22,22
20,30,8,23,11
20,30,8,24,18
20,30,8,25,26
20,30,8,26,27
20,30,8,27,5
20,30,8,28,16
20,30,8,29,13
20,30,8,30,2
20,30,9,1,11
20,30,9,2,17
20,30,9,3,18
20,30,9,4,14
20,30,9,5,19
20,30,9,6,28
20,30,9,7,21
20,30,9,8,12
20,30,9,9,25
20,30,9,10,1
20,30,9,11,29
20,30,9,12,27
20,30,9,13,6
20,30,9,14,23
20,30,9,15,9
20,30,9,16,3
20,30,9,17,4
20,30,9,18,8
20,30,9,19,13
20,30,9,20,2
20,30,9,21,10
20,30,9,22,15
20,30,9,23,20
20,30,9,24,22
20,30,9,25,24
20,30,9,26,7
20,30,9,27,16
20,30,9,28,26
20,30,9,29,30
20,30,9,30,5
21,30,1,1,2
21,30,1,2,1
21,30,1,3,12
21,30,1,4,11
21,30,1,5,16
21,30,1,6,28
21,30,1,7,22
21,30,1,8,29
21,30,1,9,14
21,30,1,10,4
21,30,1,11,8
21,30,1,12,24
21,30,1,13,23
21,30,1,14,21
21,30,1,15,3
21,30,1,16,9
21,30,1,17,5
21,30,1,18,7
21,30,1,19,17
21,30,1,20,26
21,30,1,21,20
21,30,1,22,6
21,30,1,23,10
21,30,1,24,30
21,30,1,25,25
21,30,1,26,19
21,30,1,27,18
21,30,1,28,27
21,30,1,29,15
21,30,1,30,13
21,30,2,1,16
21,30,2,2,17
21,30,2,3,13
21,30,2,4,29
21,30,2,5,24
21,30,2,6,8
21,30,2,7,5
21,30,2,8,9
21,30,2,9,2
21,30,2,10,7
21,30,2,11,12
21,30,2,12,22
21,30,2,13,3
21,30,2,14,27
21,30,2,15,14
21,30,2,16,6
21,30,2,17,28
21,30,2,18,19
21,30,2,19,4
21,30,2,20,30
21,30,2,21,25
21,30,2,22,26
21,30,2,23,11
21,30,2,24,21
21,30,2,25,20
21,30,2,26,18
21,30,2,27,10
21,30,2,28,1
21,30,2,29,15
21,30,2,30,23
21,30,3,1,19
21,30,3,2,9
21,30,3,3,5
21,30,3,4,21
21,30,3,5,3
21,30,3,6,16
21,30,3,7,29
21,30,3,8,27
21,30,3,9,2
21,30,3,10,10
21,30,3,11,6
21,30,3,12,22
21,30,3,13,11
21,30,3,14,1
21,30,3,15,4
21,30,3,16,8
21,30,3,17,12
21,30,3,18,24
21,30,3,19,18
21,30,3,20,23
21,30,3,21,26
21,30,3,22,17
21,30,3,23,25
21,30,3,24,14
21,30,3,25,30
21,30,3,26,13
21,30,3,27,20
21,30,3,28,15
21,30,3,29,28
21,30,3,30,7
21,30,4,1,4
21,30,4,2,21
21,30,4,3,20
21,30,4,4,10
21,30,4,5,30
21,30,4,6,11
21,30,4,7,16
21,30,4,8,3
21,30,4,9,2
21,30,4,10,12
21,30,4,11,28
21,30,4,12,24
21,30,4,13,7
21,30,4,14,13
21,30,4,15,26
21,30,4,16,14
21,30,4,17,18
21,30,4,18,29
21,30,4,19,15
21,30,4,20,27
21,30,4,21,9
21,30,4,22,19
21,30,4,23,25
21,30,4,24,17
21,30,4,25,22
21,30,4,26,6
21,30,4,27,23
21,30,4,28,5
21,30,4,29,1
21,30,4,30,8
21,30,5,1,15
21,30,5,2,18
21,30,5,3,10
21,30,5,4,30
21,30,5,5,14
21,30,5,6,17
21,30,5,7,2
21,30,5,8,13
21,30,5,9,23
21,30,5,10,22
21,30,5,11,3
21,30,5,12,25
21,30,5,13,28
21,30,5,14,26
21,30,5,15,7
21,30,5,16,29
21,30,5,17,20
21,30,5,18,5
21,30,5,19,27
21,30,5,20,12
21,30,5,21,24
21,30,5,22,1
21,30,5,23,8
21,30,5,24,9
21,30,5,25,4
21,30,5,26,6
21,30,5,27,19
21,30,5,28,11
21,30,5,29,16
21,30,5,30,21
21,30,6,1,14
21,30,6,2,4
21,30,6,3,13
21,30,6,4,16
21,30,6,5,8
21,30,6,6,20
21,30,6,7,10
21,30,6,8,30
21,30,6,9,17
21,30,6,10,27
21,30,6,11,18
21,30,6,12,28
21,30,6,13,19
21,30,6,14,21
21,30,6,15,15
21,30,6,16,2
21,30,6,17,9
21,30,6,18,26
21,30,6,19,24
21,30,6,20,12
21,30,6,21,1
21,30,6,22,29
21,30,6,23,7
21,30,6,24,3
21,30,6,25,6
21,30,6,26,22
21,30,6,27,11
21,30,6,28,5
21,30,6,29,23
21,30,6,30,25
21,30,7,1,2
21,30,7,2,28
21,30,7,3,17
21,30,7,4,21
21,30,7,5,19
21,30,7,6,16
21,30,7,7,13
21,30,7,8,15
21,30,7,9,12
21,30,7,10,3
21,30,7,11,26
21,30,7,12,6
21,30,7,13,14
21,30,7,14,24
21,30,7,15,22
21,30,7,16,7
21,30,7,17,20
21,30,7,18,27
21,30,7,19,23
21,30,7,20,8
21,30,7,21,18
21,30,7,22,4
21,30,7,23,1
21,30,7,24,5
21,30,7,25,29
21,30,7,26,11
21,30,7,27,30
21,30,7,28,10
21,30,7,29,25
21,30,7,30,9
21,30,8,1,13
21,30,8,2,2
21,30,8,3,20
21,30,8,4,8
21,30,8,5,7
21,30,8,6,24
21,30,8,7,29
21,30,8,8,28
21,30,8,9,15
21,30,8,10,25
21,30,8,11,17
21,30,8,12,19
21,30,8,13,10
21,30,8,14,9
21,30,8,15,6
21,30,8,16,14
21,30,8,17,4
21,30,8,18,12
21,30,8,19,1
21,30,8,20,30
21,30,8,21,21
21,30,8,22,3
21,30,8,23,22
21,30,8,24,11
21,30,8,25,18
21,30,8,26,26
21,30,8,27,23
21,30,8,28,27
21,30,8,29,5
21,30,8,30,16
21,30,9,1,11
21,30,9,2,17
21,30,9,3,18
21,30,9,4,14
21,30,9,5,28
21,30,9,6,12
21,30,9,7,19
21,30,9,8,25
21,30,9,9,29
21,30,9,10,27
21,30,9,11,1
21,30,9,12,21
21,30,9,13,6
21,30,9,14,23
21,30,9,15,9
21,30,9,16,3
21,30,9,17,4
21,30,9,18,8
21,30,9,19,13
21,30,9,20,2
21,30,9,21,10
21,30,9,22,15
21,30,9,23,20
21,30,9,24,16
21,30,9,25,26
21,30,9,26,30
21,30,9,27,5
21,30,9,28,7
21,30,9,29,24
21,30,9,30,22
22,30,1,1,7
22,30,1,2,17
22,30,1,3,26
22,30,1,4,20
22,30,1,5,6
22,30,1,6,15
22,30,1,7,27
22,30,1,8,19
22,30,1,9,18
22,30,1,10,13
22,30,1,11,25
22,30,1,12,30
22,30,1,13,10
22,30,1,14,22
22,30,1,15,28
22,30,1,16,2
22,30,1,17,1
22,30,1,18,16
22,30,1,19,11
22,30,1,20,12
22,30,1,21,4
22,30,1,22,8
22,30,1,23,24
22,30,1,24,14
22,30,1,25,29
22,30,1,26,23
22,30,1,27,21
22,30,1,28,3
22,30,1,29,9
22,30,1,30,5
22,30,2,1,25
22,30,2,2,30
22,30,2,3,4
22,30,2,4,19
22,30,2,5,22
22,30,2,6,12
22,30,2,7,7
22,30,2,8,2
22,30,2,9,9
22,30,2,10,5
22,30,2,11,8
22,30,2,12,13
22,30,2,13,29
22,30,2,14,24
22,30,2,15,3
22,30,2,16,6
22,30,2,17,28
22,30,2,18,26
22,30,2,19,11
22,30,2,20,21
22,30,2,21,14
22,30,2,22,27
22,30,2,23,17
22,30,2,24,16
22,30,2,25,15
22,30,2,26,23
22,30,2,27,1
22,30,2,28,10
22,30,2,29,18
22,30,2,30,20
22,30,3,1,10
22,30,3,2,21
22,30,3,3,3
22,30,3,4,27
22,30,3,5,2
22,30,3,6,29
22,30,3,7,16
22,30,3,8,5
22,30,3,9,9
22,30,3,10,19
22,30,3,11,17
22,30,3,12,26
22,30,3,13,23
22,30,3,14,25
22,30,3,15,7
22,30,3,16,28
22,30,3,17,13
22,30,3,18,15
22,30,3,19,20
22,30,3,20,14
22,30,3,21,18
22,30,3,22,24
22,30,3,23,30
22,30,3,24,12
22,30,3,25,8
22,30,3,26,4
22,30,3,27,1
22,30,3,28,11
22,30,3,29,22
22,30,3,30,6
22,30,4,1,11
22,30,4,2,30
22,30,4,3,12
22,30,4,4,10
22,30,4,5,20
22,30,4,6,7
22,30,4,7,24
22,30,4,8,26
22,30,4,9,13
22,30,4,10,21
22,30,4,11,14
22,30,4,12,8
22,30,4,13,4
22,30,4,14,1
22,30,4,15,5
22,30,4,16,23
22,30,4,17,22
22,30,4,18,6
22,30,4,19,25
22,30,4,20,19
22,30,4,21,9
22,30,4,22,17
22,30,4,23,27
22,30,4,24,15
22,30,4,25,18
22,30,4,26,29
22,30,4,27,28
22,30,4,28,2
22,30,4,29,16
22,30,4,30,3
22,30,5,1,13
22,30,5,2,22
22,30,5,3,2
22,30,5,4,17
22,30,5,5,14
22,30,5,6,30
22,30,5,7,10
22,30,5,8,15
22,30,5,9,18
22,30,5,10,11
22,30,5,11,19
22,30,5,12,16
22,30,5,13,21
22,30,5,14,6
22,30,5,15,4
22,30,5,16,1
22,30,5,17,24
22,30,5,18,27
22,30,5,19,5
22,30,5,20,20
22,30,5,21,29
22,30,5,22,12
22,30,5,23,8
22,30,5,24,9
22,30,5,25,7
22,30,5,26,26
22,30,5,27,25
22,30,5,28,28
22,30,5,29,3
22,30,5,30,23
22,30,6,1,30
22,30,6,2,10
22,30,6,3,20
22,30,6,4,16
22,30,6,5,8
22,30,6,6,13
22,30,6,7,22
22,30,6,8,11
22,30,6,9,4
22,30,6,10,14
22,30,6,11,25
22,30,6,12,23
22,30,6,13,5
22,30,6,14,6
22,30,6,15,3
22,30,6,16,7
22,30,6,17,24
22,30,6,18,26
22,30,6,19,1
22,30,6,20,12
22,30,6,21,9
22,30,6,22,29
22,30,6,23,2
22,30,6,24,15
22,30,6,25,21
22,30,6,26,19
22,30,6,27,28
22,30,6,28,18
22,30,6,29,27
22,30,6,30,17
22,30,7,1,17
22,30,7,2,21
22,30,7,3,28
22,30,7,4,2
22,30,7,5,15
22,30,7,6,12
22,30,7,7,1
22,30,7,8,5
22,30,7,9,29
22,30,7,10,9
22,30,7,11,25
22,30,7,12,10
22,30,7,13,30
22,30,7,14,11
22,30,7,15,4
22,30,7,16,18
22,30,7,17,8
22,30,7,18,23
22,30,7,19,27
22,30,7,20,20
22,30,7,21,7
22,30,7,22,22
22,30,7,23,14
22,30,7,24,24
22,30,7,25,6
22,30,7,26,16
22,30,7,27,13
22,30,7,28,26
22,30,7,29,3
22,30,7,30,19
22,30,8,1,18
22,30,8,2,11
22,30,8,3,19
22,30,8,4,10
22,30,8,5,9
22,30,8,6,6
22,30,8,7,17
22,30,8,8,25
22,30,8,9,15
22,30,8,10,28
22,30,8,11,29
22,30,8,12,24
22,30,8,13,7
22,30,8,14,8
22,30,8,15,20
22,30,8,16,2
22,30,8,17,13
22,30,8,18,16
22,30,8,19,5
22,30,8,20,23
22,30,8,21,30
22,30,8,22,1
22,30,8,23,12
22,30,8,24,4
22,30,8,25,14
22,30,8,26,22
22,30,8,27,3
22,30,8,28,21
22,30,8,29,27
22,30,8,30,26
22,30,9,1,19
22,30,9,2,25
22,30,9,3,29
22,30,9,4,27
22,30,9,5,6
22,30,9,6,23
22,30,9,7,9
22,30,9,8,3
22,30,9,9,4
22,30,9,10,8
22,30,9,11,13
22,30,9,12,2
22,30,9,13,10
22,30,9,14,15
22,30,9,15,20
22,30,9,16,16
22,30,9,17,26
22,30,9,18,30
22,30,9,19,5
22,30,9,20,7
22,30,9,21,24
22,30,9,22,22
22,30,9,23,17
22,30,9,24,11
22,30,9,25,18
22,30,9,26,14
22,30,9,27,28
22,30,9,28,21
22,30,9,29,1
22,30,9,30,12
23,30,1,1,28
23,30,1,2,2
23,30,1,3,16
23,30,1,4,11
23,30,1,5,1
23,30,1,6,12
23,30,1,7,4
23,30,1,8,8
23,30,1,9,24
23,30,1,10,14
23,30,1,11,29
23,30,1,12,23
23,30,1,13,21
23,30,1,14,3
23,30,1,15,5
23,30,1,16,9
23,30,1,17,7
23,30,1,18,17
23,30,1,19,26
23,30,1,20,20
23,30,1,21,6
23,30,1,22,27
23,30,1,23,15
23,30,1,24,13
23,30,1,25,18
23,30,1,26,19
23,30,1,27,25
23,30,1,28,30
23,30,1,29,10
23,30,1,30,22
23,30,2,1,16
23,30,2,2,17
23,30,2,3,13
23,30,2,4,29
23,30,2,5,24
23,30,2,6,8
23,30,2,7,5
23,30,2,8,9
23,30,2,9,2
23,30,2,10,7
23,30,2,11,12
23,30,2,12,22
23,30,2,13,19
23,30,2,14,4
23,30,2,15,30
23,30,2,16,25
23,30,2,17,28
23,30,2,18,11
23,30,2,19,26
23,30,2,20,6
23,30,2,21,3
23,30,2,22,27
23,30,2,23,14
23,30,2,24,21
23,30,2,25,20
23,30,2,26,18
23,30,2,27,1
23,30,2,28,10
23,30,2,29,23
23,30,2,30,15
23,30,3,1,23
23,30,3,2,25
23,30,3,3,7
23,30,3,4,14
23,30,3,5,20
23,30,3,6,15
23,30,3,7,28
23,30,3,8,13
23,30,3,9,30
23,30,3,10,12
23,30,3,11,24
23,30,3,12,18
23,30,3,13,8
23,30,3,14,4
23,30,3,15,1
23,30,3,16,11
23,30,3,17,22
23,30,3,18,6
23,30,3,19,10
23,30,3,20,21
23,30,3,21,3
23,30,3,22,27
23,30,3,23,2
23,30,3,24,29
23,30,3,25,16
23,30,3,26,5
23,30,3,27,26
23,30,3,28,9
23,30,3,29,19
23,30,3,30,17
23,30,4,1,11
23,30,4,2,30
23,30,4,3,10
23,30,4,4,20
23,30,4,5,21
23,30,4,6,7
23,30,4,7,24
23,30,4,8,13
23,30,4,9,26
23,30,4,10,14
23,30,4,11,8
23,30,4,12,4
23,30,4,13,1
23,30,4,14,5
23,30,4,15,23
23,30,4,16,18
23,30,4,17,15
23,30,4,18,6
23,30,4,19,25
23,30,4,20,22
23,30,4,21,19
23,30,4,22,9
23,30,4,23,17
23,30,4,24,27
23,30,4,25,29
23,30,4,26,28
23,30,4,27,12
23,30,4,28,2
23,30,4,29,16
23,30,4,30,3
23,30,5,1,5
23,30,5,2,27
23,30,5,3,29
23,30,5,4,12
23,30,5,5,24
23,30,5,6,1
23,30,5,7,4
23,30,5,8,6
23,30,5,9,21
23,30,5,10,16
23,30,5,11,19
23,30,5,12,11
23,30,5,13,15
23,30,5,14,18
23,30,5,15,10
23,30,5,16,30
23,30,5,17,9
23,30,5,18,8
23,30,5,19,14
23,30,5,20,17
23,30,5,21,2
23,30,5,22,13
23,30,5,23,23
23,30,5,24,22
23,30,5,25,3
23,30,5,26,7
23,30,5,27,26
23,30,5,28,25
23,30,5,29,28
23,30,5,30,20
23,30,6,1,26
23,30,6,2,24
23,30,6,3,23
23,30,6,4,5
23,30,6,5,25
23,30,6,6,11
23,30,6,7,6
23,30,6,8,14
23,30,6,9,4
23,30,6,10,13
23,30,6,11,22
23,30,6,12,20
23,30,6,13,16
23,30,6,14,8
23,30,6,15,10
23,30,6,16,30
23,30,6,17,17
23,30,6,18,27
23,30,6,19,18
23,30,6,20,21
23,30,6,21,19
23,30,6,22,28
23,30,6,23,15
23,30,6,24,2
23,30,6,25,9
23,30,6,26,12
23,30,6,27,1
23,30,6,28,7
23,30,6,29,29
23,30,6,30,3
23,30,7,1,17
23,30,7,2,21
23,30,7,3,19
23,30,7,4,16
23,30,7,5,13
23,30,7,6,3
23,30,7,7,26
23,30,7,8,6
23,30,7,9,14
23,30,7,10,24
23,30,7,11,22
23,30,7,12,7
23,30,7,13,20
23,30,7,14,27
23,30,7,15,23
23,30,7,16,8
23,30,7,17,18
23,30,7,18,4
23,30,7,19,11
23,30,7,20,30
23,30,7,21,10
23,30,7,22,25
23,30,7,23,9
23,30,7,24,29
23,30,7,25,5
23,30,7,26,1
23,30,7,27,12
23,30,7,28,15
23,30,7,29,2
23,30,7,30,28
23,30,8,1,29
23,30,8,2,24
23,30,8,3,7
23,30,8,4,8
23,30,8,5,28
23,30,8,6,20
23,30,8,7,2
23,30,8,8,13
23,30,8,9,16
23,30,8,10,5
23,30,8,11,23
23,30,8,12,27
23,30,8,13,26
23,30,8,14,18
23,30,8,15,11
23,30,8,16,19
23,30,8,17,10
23,30,8,18,9
23,30,8,19,6
23,30,8,20,14
23,30,8,21,4
23,30,8,22,12
23,30,8,23,22
23,30,8,24,3
23,30,8,25,21
23,30,8,26,30
23,30,8,27,1
23,30,8,28,15
23,30,8,29,17
23,30,8,30,25
23,30,9,1,11
23,30,9,2,18
23,30,9,3,14
23,30,9,4,28
23,30,9,5,21
23,30,9,6,1
23,30,9,7,12
23,30,9,8,19
23,30,9,9,25
23,30,9,10,29
23,30,9,11,27
23,30,9,12,6
23,30,9,13,23
23,30,9,14,9
23,30,9,15,3
23,30,9,16,4
23,30,9,17,8
23,30,9,18,13
23,30,9,19,2
23,30,9,20,10
23,30,9,21,15
23,30,9,22,20
23,30,9,23,16
23,30,9,24,26
23,30,9,25,30
23,30,9,26,5
23,30,9,27,7
23,30,9,28,24
23,30,9,29,22
23,30,9,30,17
24,30,1,1,5
24,30,1,2,7
24,30,1,3,17
24,30,1,4,9
24,30,1,5,26
24,30,1,6,20
24,30,1,7,6
24,30,1,8,3
24,30,1,9,21
24,30,1,10,23
24,30,1,11,19
24,30,1,12,27
24,30,1,13,15
24,30,1,14,18
24,30,1,15,13
24,30,1,16,25
24,30,1,17,30
24,30,1,18,10
24,30,1,19,22
24,30,1,20,28
24,30,1,21,16
24,30,1,22,2
24,30,1,23,1
24,30,1,24,11
24,30,1,25,29
24,30,1,26,12
24,30,1,27,4
24,30,1,28,14
24,30,1,29,8
24,30,1,30,24
24,30,2,1,25
24,30,2,2,28
24,30,2,3,11
24,30,2,4,26
24,30,2,5,6
24,30,2,6,3
24,30,2,7,8
24,30,2,8,24
24,30,2,9,21
24,30,2,10,20
24,30,2,11,18
24,30,2,12,1
24,30,2,13,10
24,30,2,14,14
24,30,2,15,23
24,30,2,16,15
24,30,2,17,16
24,30,2,18,27
24,30,2,19,17
24,30,2,20,13
24,30,2,21,29
24,30,2,22,5
24,30,2,23,9
24,30,2,24,2
24,30,2,25,7
24,30,2,26,12
24,30,2,27,22
24,30,2,28,19
24,30,2,29,4
24,30,2,30,30
24,30,3,1,13
24,30,3,2,12
24,30,3,3,30
24,30,3,4,15
24,30,3,5,28
24,30,3,6,20
24,30,3,7,24
24,30,3,8,14
24,30,3,9,7
24,30,3,10,18
24,30,3,11,23
24,30,3,12,25
24,30,3,13,26
24,30,3,14,17
24,30,3,15,19
24,30,3,16,9
24,30,3,17,5
24,30,3,18,16
24,30,3,19,29
24,30,3,20,2
24,30,3,21,27
24,30,3,22,3
24,30,3,23,21
24,30,3,24,10
24,30,3,25,6
24,30,3,26,22
24,30,3,27,11
24,30,3,28,8
24,30,3,29,4
24,30,3,30,1
24,30,4,1,16
24,30,4,2,2
24,30,4,3,3
24,30,4,4,11
24,30,4,5,30
24,30,4,6,12
24,30,4,7,28
24,30,4,8,10
24,30,4,9,20
24,30,4,10,21
24,30,4,11,13
24,30,4,12,7
24,30,4,13,24
24,30,4,14,26
24,30,4,15,14
24,30,4,16,8
24,30,4,17,4
24,30,4,18,1
24,30,4,19,5
24,30,4,20,23
24,30,4,21,6
24,30,4,22,25
24,30,4,23,19
24,30,4,24,9
24,30,4,25,17
24,30,4,26,22
24,30,4,27,27
24,30,4,28,15
24,30,4,29,18
24,30,4,30,29
24,30,5,1,5
24,30,5,2,20
24,30,5,3,27
24,30,5,4,29
24,30,5,5,12
24,30,5,6,7
24,30,5,7,26
24,30,5,8,28
24,30,5,9,25
24,30,5,10,3
24,30,5,11,23
24,30,5,12,13
24,30,5,13,22
24,30,5,14,2
24,30,5,15,17
24,30,5,16,14
24,30,5,17,30
24,30,5,18,10
24,30,5,19,15
24,30,5,20,18
24,30,5,21,11
24,30,5,22,19
24,30,5,23,9
24,30,5,24,8
24,30,5,25,16
24,30,5,26,21
24,30,5,27,6
24,30,5,28,4
24,30,5,29,1
24,30,5,30,24
24,30,6,1,30
24,30,6,2,10
24,30,6,3,20
24,30,6,4,16
24,30,6,5,8
24,30,6,6,22
24,30,6,7,13
24,30,6,8,4
24,30,6,9,14
24,30,6,10,25
24,30,6,11,23
24,30,6,12,11
24,30,6,13,5
24,30,6,14,6
24,30,6,15,3
24,30,6,16,7
24,30,6,17,24
24,30,6,18,26
24,30,6,19,1
24,30,6,20,12
24,30,6,21,9
24,30,6,22,15
24,30,6,23,21
24,30,6,24,19
24,30,6,25,28
24,30,6,26,18
24,30,6,27,2
24,30,6,28,29
24,30,6,29,27
24,30,6,30,17
24,30,7,1,24
24,30,7,2,14
24,30,7,3,6
24,30,7,4,22
24,30,7,5,7
24,30,7,6,20
24,30,7,7,27
24,30,7,8,23
24,30,7,9,8
24,30,7,10,18
24,30,7,11,4
24,30,7,12,11
24,30,7,13,30
24,30,7,14,10
24,30,7,15,25
24,30,7,16,9
24,30,7,17,2
24,30,7,18,28
24,30,7,19,29
24,30,7,20,5
24,30,7,21,1
24,30,7,22,12
24,30,7,23,15
24,30,7,24,21
24,30,7,25,17
24,30,7,26,19
24,30,7,27,3
24,30,7,28,26
24,30,7,29,16
24,30,7,30,13
24,30,8,1,26
24,30,8,2,27
24,30,8,3,5
24,30,8,4,16
24,30,8,5,13
24,30,8,6,2
24,30,8,7,23
24,30,8,8,3
24,30,8,9,22
24,30,8,10,21
24,30,8,11,30
24,30,8,12,20
24,30,8,13,1
24,30,8,14,15
24,30,8,15,28
24,30,8,16,8
24,30,8,17,7
24,30,8,18,24
24,30,8,19,29
24,30,8,20,25
24,30,8,21,17
24,30,8,22,12
24,30,8,23,4
24,30,8,24,14
24,30,8,25,6
24,30,8,26,9
24,30,8,27,10
24,30,8,28,19
24,30,8,29,11
24,30,8,30,18
24,30,9,1,27
24,30,9,2,29
24,30,9,3,6
24,30,9,4,25
24,30,9,5,19
24,30,9,6,12
24,30,9,7,1
24,30,9,8,21
24,30,9,9,28
24,30,9,10,14
24,30,9,11,18
24,30,9,12,17
24,30,9,13,11
24,30,9,14,30
24,30,9,15,5
24,30,9,16,26
24,30,9,17,22
24,30,9,18,24
24,30,9,19,7
24,30,9,20,16
24,30,9,21,20
24,30,9,22,15
24,30,9,23,2
24,30,9,24,13
24,30,9,25,8
24,30,9,26,10
24,30,9,27,4
24,30,9,28,3
24,30,9,29,9
24,30,9,30,23
25,30,1,1,2
25,30,1,2,12
25,30,1,3,11
25,30,1,4,16
25,30,1,5,28
25,30,1,6,22
25,30,1,7,10
25,30,1,8,30
25,30,1,9,25
25,30,1,10,13
25,30,1,11,18
25,30,1,12,19
25,30,1,13,15
25,30,1,14,27
25,30,1,15,6
25,30,1,16,20
25,30,1,17,26
25,30,1,18,17
25,30,1,19,7
25,30,1,20,9
25,30,1,21,5
25,30,1,22,3
25,30,1,23,21
25,30,1,24,23
25,30,1,25,29
25,30,1,26,14
25,30,1,27,24
25,30,1,28,8
25,30,1,29,4
25,30,1,30,1
25,30,2,1,25
25,30,2,2,28
25,30,2,3,11
25,30,2,4,26
25,30,2,5,6
25,30,2,6,3
25,30,2,7,21
25,30,2,8,20
25,30,2,9,18
25,30,2,10,1
25,30,2,11,10
25,30,2,12,14
25,30,2,13,27
25,30,2,14,15
25,30,2,15,23
25,30,2,16,16
25,30,2,17,17
25,30,2,18,24
25,30,2,19,8
25,30,2,20,29
25,30,2,21,13
25,30,2,22,5
25,30,2,23,9
25,30,2,24,2
25,30,2,25,7
25,30,2,26,12
25,30,2,27,22
25,30,2,28,19
25,30,2,29,4
25,30,2,30,30
25,30,3,1,9
25,30,3,2,5
25,30,3,3,21
25,30,3,4,3
25,30,3,5,27
25,30,3,6,16
25,30,3,7,29
25,30,3,8,2
25,30,3,9,10
25,30,3,10,6
25,30,3,11,22
25,30,3,12,11
25,30,3,13,1
25,30,3,14,4
25,30,3,15,8
25,30,3,16,24
25,30,3,17,12
25,30,3,18,30
25,30,3,19,13
25,30,3,20,20
25,30,3,21,15
25,30,3,22,28
25,30,3,23,14
25,30,3,24,18
25,30,3,25,23
25,30,3,26,25
25,30,3,27,7
25,30,3,28,26
25,30,3,29,17
25,30,3,30,19
25,30,4,1,21
25,30,4,2,20
25,30,4,3,10
25,30,4,4,28
25,30,4,5,12
25,30,4,6,30
25,30,4,7,11
25,30,4,8,3
25,30,4,9,16
25,30,4,10,2
25,30,4,11,29
25,30,4,12,27
25,30,4,13,17
25,30,4,14,9
25,30,4,15,19
25,30,4,16,25
25,30,4,17,6
25,30,4,18,22
25,30,4,19,15
25,30,4,20,18
25,30,4,21,24
25,30,4,22,7
25,30,4,23,13
25,30,4,24,26
25,30,4,25,14
25,30,4,26,23
25,30,4,27,5
25,30,4,28,1
25,30,4,29,8
25,30,4,30,4
25,30,5,1,5
25,30,5,2,20
25,30,5,3,29
25,30,5,4,7
25,30,5,5,26
25,30,5,6,28
25,30,5,7,25
25,30,5,8,3
25,30,5,9,23
25,30,5,10,13
25,30,5,11,22
25,30,5,12,2
25,30,5,13,17
25,30,5,14,14
25,30,5,15,30
25,30,5,16,10
25,30,5,17,15
25,30,5,18,18
25,30,5,19,11
25,30,5,20,19
25,30,5,21,9
25,30,5,22,8
25,30,5,23,21
25,30,5,24,16
25,30,5,25,6
25,30,5,26,4
25,30,5,27,1
25,30,5,28,24
25,30,5,29,12
25,30,5,30,27
25,30,6,1,16
25,30,6,2,20
25,30,6,3,10
25,30,6,4,30
25,30,6,5,18
25,30,6,6,28
25,30,6,7,19
25,30,6,8,21
25,30,6,9,15
25,30,6,10,9
25,30,6,11,26
25,30,6,12,24
25,30,6,13,12
25,30,6,14,1
25,30,6,15,7
25,30,6,16,2
25,30,6,17,29
25,30,6,18,3
25,30,6,19,23
25,30,6,20,5
25,30,6,21,6
25,30,6,22,27
25,30,6,23,17
25,30,6,24,22
25,30,6,25,11
25,30,6,26,25
25,30,6,27,14
25,30,6,28,4
25,30,6,29,13
25,30,6,30,8
25,30,7,1,2
25,30,7,2,28
25,30,7,3,17
25,30,7,4,21
25,30,7,5,15
25,30,7,6,12
25,30,7,7,19
25,30,7,8,16
25,30,7,9,13
25,30,7,10,3
25,30,7,11,26
25,30,7,12,6
25,30,7,13,24
25,30,7,14,14
25,30,7,15,22
25,30,7,16,7
25,30,7,17,20
25,30,7,18,27
25,30,7,19,23
25,30,7,20,8
25,30,7,21,18
25,30,7,22,4
25,30,7,23,30
25,30,7,24,11
25,30,7,25,10
25,30,7,26,25
25,30,7,27,9
25,30,7,28,29
25,30,7,29,1
25,30,7,30,5
25,30,8,1,18
25,30,8,2,26
25,30,8,3,27
25,30,8,4,5
25,30,8,5,16
25,30,8,6,13
25,30,8,7,2
25,30,8,8,23
25,30,8,9,3
25,30,8,10,22
25,30,8,11,21
25,30,8,12,30
25,30,8,13,20
25,30,8,14,28
25,30,8,15,8
25,30,8,16,7
25,30,8,17,24
25,30,8,18,29
25,30,8,19,15
25,30,8,20,25
25,30,8,21,17
25,30,8,22,1
25,30,8,23,12
25,30,8,24,4
25,30,8,25,14
25,30,8,26,6
25,30,8,27,9
25,30,8,28,10
25,30,8,29,19
25,30,8,30,11
25,30,9,1,11
25,30,9,2,14
25,30,9,3,19
25,30,9,4,29
25,30,9,5,25
25,30,9,6,12
25,30,9,7,18
25,30,9,8,28
25,30,9,9,21
25,30,9,10,1
25,30,9,11,27
25,30,9,12,6
25,30,9,13,23
25,30,9,14,9
25,30,9,15,3
25,30,9,16,4
25,30,9,17,10
25,30,9,18,15
25,30,9,19,20
25,30,9,20,2
25,30,9,21,13
25,30,9,22,8
25,30,9,23,16
25,30,9,24,26
25,30,9,25,30
25,30,9,26,5
25,30,9,27,7
25,30,9,28,24
25,30,9,29,22
25,30,9,30,17
26,30,1,1,8
26,30,1,2,14
26,30,1,3,4
26,30,1,4,12
26,30,1,5,1
26,30,1,6,11
26,30,1,7,2
26,30,1,8,16
26,30,1,9,28
26,30,1,10,22
26,30,1,11,29
26,30,1,12,10
26,30,1,13,30
26,30,1,14,25
26,30,1,15,13
26,30,1,16,18
26,30,1,17,19
26,30,1,18,15
26,30,1,19,27
26,30,1,20,6
26,30,1,21,20
26,30,1,22,26
26,30,1,23,17
26,30,1,24,7
26,30,1,25,9
26,30,1,26,5
26,30,1,27,3
26,30,1,28,21
26,30,1,29,23
26,30,1,30,24
26,30,2,1,18
26,30,2,2,28
26,30,2,3,25
26,30,2,4,30
26,30,2,5,4
26,30,2,6,19
26,30,2,7,22
26,30,2,8,12
26,30,2,9,7
26,30,2,10,2
26,30,2,11,9
26,30,2,12,5
26,30,2,13,8
26,30,2,14,29
26,30,2,15,13
26,30,2,16,17
26,30,2,17,16
26,30,2,18,27
26,30,2,19,15
26,30,2,20,23
26,30,2,21,1
26,30,2,22,10
26,30,2,23,14
26,30,2,24,24
26,30,2,25,3
26,30,2,26,6
26,30,2,27,26
26,30,2,28,11
26,30,2,29,21
26,30,2,30,20
26,30,3,1,13
26,30,3,2,28
26,30,3,3,15
26,30,3,4,20
26,30,3,5,30
26,30,3,6,12
26,30,3,7,24
26,30,3,8,14
26,30,3,9,7
26,30,3,10,25
26,30,3,11,18
26,30,3,12,23
26,30,3,13,26
26,30,3,14,17
26,30,3,15,19
26,30,3,16,9
26,30,3,17,5
26,30,3,18,21
26,30,3,19,16
26,30,3,20,3
26,30,3,21,27
26,30,3,22,2
26,30,3,23,29
26,30,3,24,10
26,30,3,25,6
26,30,3,26,8
26,30,3,27,4
26,30,3,28,22
26,30,3,29,11
26,30,3,30,1
26,30,4,1,25
26,30,4,2,6
26,30,4,3,23
26,30,4,4,5
26,30,4,5,1
26,30,4,6,4
26,30,4,7,8
26,30,4,8,14
26,30,4,9,26
26,30,4,10,21
26,30,4,11,13
26,30,4,12,7
26,30,4,13,24
26,30,4,14,20
26,30,4,15,10
26,30,4,16,30
26,30,4,17,11
26,30,4,18,12
26,30,4,19,28
26,30,4,20,3
26,30,4,21,2
26,30,4,22,16
26,30,4,23,29
26,30,4,24,18
26,30,4,25,15
26,30,4,26,27
26,30,4,27,22
26,30,4,28,17
26,30,4,29,9
26,30,4,30,19
26,30,5,1,23
26,30,5,2,13
26,30,5,3,22
26,30,5,4,2
26,30,5,5,3
26,30,5,6,25
26,30,5,7,28
26,30,5,8,26
26,30,5,9,17
26,30,5,10,14
26,30,5,11,30
26,30,5,12,10
26,30,5,13,18
26,30,5,14,15
26,30,5,15,11
26,30,5,16,19
26,30,5,17,9
26,30,5,18,7
26,30,5,19,8
26,30,5,20,21
26,30,5,21,16
26,30,5,22,6
26,30,5,23,4
26,30,5,24,1
26,30,5,25,24
26,30,5,26,12
26,30,5,27,27
26,30,5,28,5
26,30,5,29,20
26,30,5,30,29
26,30,6,1,16
26,30,6,2,13
26,30,6,3,4
26,30,6,4,14
26,30,6,5,25
26,30,6,6,23
26,30,6,7,11
26,30,6,8,22
26,30,6,9,5
26,30,6,10,6
26,30,6,11,3
26,30,6,12,7
26,30,6,13,24
26,30,6,14,26
26,30,6,15,1
26,30,6,16,12
26,30,6,17,9
26,30,6,18,15
26,30,6,19,21
26,30,6,20,19
26,30,6,21,28
26,30,6,22,18
26,30,6,23,2
26,30,6,24,29
26,30,6,25,27
26,30,6,26,17
26,30,6,27,30
26,30,6,28,10
26,30,6,29,20
26,30,6,30,8
26,30,7,1,9
26,30,7,2,25
26,30,7,3,10
26,30,7,4,30
26,30,7,5,8
26,30,7,6,23
26,30,7,7,27
26,30,7,8,18
26,30,7,9,4
26,30,7,10,20
26,30,7,11,7
26,30,7,12,22
26,30,7,13,6
26,30,7,14,14
26,30,7,15,24
26,30,7,16,13
26,30,7,17,16
26,30,7,18,17
26,30,7,19,19
26,30,7,20,3
26,30,7,21,26
26,30,7,22,21
26,30,7,23,15
26,30,7,24,12
26,30,7,25,1
26,30,7,26,5
26,30,7,27,28
26,30,7,28,2
26,30,7,29,29
26,30,7,30,11
26,30,8,1,18
26,30,8,2,26
26,30,8,3,27
26,30,8,4,5
26,30,8,5,16
26,30,8,6,13
26,30,8,7,2
26,30,8,8,23
26,30,8,9,3
26,30,8,10,22
26,30,8,11,21
26,30,8,12,30
26,30,8,13,20
26,30,8,14,1
26,30,8,15,28
26,30,8,16,8
26,30,8,17,7
26,30,8,18,24
26,30,8,19,29
26,30,8,20,15
26,30,8,21,25
26,30,8,22,17
26,30,8,23,12
26,30,8,24,4
26,30,8,25,14
26,30,8,26,6
26,30,8,27,9
26,30,8,28,10
26,30,8,29,19
26,30,8,30,11
26,30,9,1,4
26,30,9,2,16
26,30,9,3,20
26,30,9,4,26
26,30,9,5,30
26,30,9,6,7
26,30,9,7,24
26,30,9,8,5
26,30,9,9,22
26,30,9,10,11
26,30,9,11,17
26,30,9,12,18
26,30,9,13,14
26,30,9,14,28
26,30,9,15,21
26,30,9,16,1
26,30,9,17,12
26,30,9,18,19
26,30,9,19,25
26,30,9,20,29
26,30,9,21,27
26,30,9,22,6
26,30,9,23,23
26,30,9,24,9
26,30,9,25,3
26,30,9,26,10
26,30,9,27,15
26,30,9,28,2
26,30,9,29,13
26,30,9,30,8
27,30,1,1,24
27,30,1,2,8
27,30,1,3,4
27,30,1,4,14
27,30,1,5,12
27,30,1,6,1
27,30,1,7,11
27,30,1,8,16
27,30,1,9,2
27,30,1,10,28
27,30,1,11,22
27,30,1,12,29
27,30,1,13,10
27,30,1,14,30
27,30,1,15,25
27,30,1,16,18
27,30,1,17,13
27,30,1,18,15
27,30,1,19,27
27,30,1,20,19
27,30,1,21,6
27,30,1,22,20
27,30,1,23,26
27,30,1,24,17
27,30,1,25,7
27,30,1,26,9
27,30,1,27,3
27,30,1,28,21
27,30,1,29,23
27,30,1,30,5
27,30,2,1,5
27,30,2,2,9
27,30,2,3,2
27,30,2,4,7
27,30,2,5,12
27,30,2,6,22
27,30,2,7,19
27,30,2,8,4
27,30,2,9,30
27,30,2,10,25
27,30,2,11,28
27,30,2,12,11
27,30,2,13,26
27,30,2,14,6
27,30,2,15,3
27,30,2,16,21
27,30,2,17,20
27,30,2,18,18
27,30,2,19,10
27,30,2,20,1
27,30,2,21,23
27,30,2,22,15
27,30,2,23,16
27,30,2,24,17
27,30,2,25,27
27,30,2,26,14
27,30,2,27,13
27,30,2,28,29
27,30,2,29,24
27,30,2,30,8
27,30,3,1,3
27,30,3,2,27
27,30,3,3,2
27,30,3,4,29
27,30,3,5,16
27,30,3,6,5
27,30,3,7,26
27,30,3,8,23
27,30,3,9,18
27,30,3,10,24
27,30,3,11,12
27,30,3,12,30
27,30,3,13,20
27,30,3,14,14
27,30,3,15,25
27,30,3,16,17
27,30,3,17,9
27,30,3,18,19
27,30,3,19,7
27,30,3,20,15
27,30,3,21,28
27,30,3,22,13
27,30,3,23,1
27,30,3,24,4
27,30,3,25,8
27,30,3,26,6
27,30,3,27,22
27,30,3,28,11
27,30,3,29,10
27,30,3,30,21
27,30,4,1,20
27,30,4,2,10
27,30,4,3,30
27,30,4,4,11
27,30,4,5,12
27,30,4,6,28
27,30,4,7,2
27,30,4,8,3
27,30,4,9,16
27,30,4,10,29
27,30,4,11,27
27,30,4,12,17
27,30,4,13,9
27,30,4,14,19
27,30,4,15,25
27,30,4,16,6
27,30,4,17,22
27,30,4,18,15
27,30,4,19,23
27,30,4,20,18
27,30,4,21,24
27,30,4,22,7
27,30,4,23,13
27,30,4,24,26
27,30,4,25,14
27,30,4,26,5
27,30,4,27,1
27,30,4,28,8
27,30,4,29,4
27,30,4,30,21
27,30,5,1,23
27,30,5,2,13
27,30,5,3,22
27,30,5,4,2
27,30,5,5,3
27,30,5,6,25
27,30,5,7,28
27,30,5,8,26
27,30,5,9,7
27,30,5,10,12
27,30,5,11,29
27,30,5,12,27
27,30,5,13,20
27,30,5,14,5
27,30,5,15,24
27,30,5,16,1
27,30,5,17,4
27,30,5,18,6
27,30,5,19,16
27,30,5,20,21
27,30,5,21,8
27,30,5,22,9
27,30,5,23,19
27,30,5,24,11
27,30,5,25,18
27,30,5,26,15
27,30,5,27,10
27,30,5,28,30
27,30,5,29,14
27,30,5,30,17
27,30,6,1,13
27,30,6,2,4
27,30,6,3,14
27,30,6,4,25
27,30,6,5,23
27,30,6,6,11
27,30,6,7,22
27,30,6,8,5
27,30,6,9,6
27,30,6,10,3
27,30,6,11,7
27,30,6,12,1
27,30,6,13,24
27,30,6,14,26
27,30,6,15,12
27,30,6,16,9
27,30,6,17,15
27,30,6,18,21
27,30,6,19,19
27,30,6,20,28
27,30,6,21,18
27,30,6,22,2
27,30,6,23,29
27,30,6,24,27
27,30,6,25,17
27,30,6,26,30
27,30,6,27,10
27,30,6,28,20
27,30,6,29,8
27,30,6,30,16
27,30,7,1,2
27,30,7,2,28
27,30,7,3,15
27,30,7,4,12
27,30,7,5,3
27,30,7,6,26
27,30,7,7,1
27,30,7,8,5
27,30,7,9,29
27,30,7,10,9
27,30,7,11,25
27,30,7,12,10
27,30,7,13,30
27,30,7,14,11
27,30,7,15,4
27,30,7,16,18
27,30,7,17,8
27,30,7,18,23
27,30,7,19,27
27,30,7,20,20
27,30,7,21,7
27,30,7,22,22
27,30,7,23,6
27,30,7,24,14
27,30,7,25,24
27,30,7,26,13
27,30,7,27,16
27,30,7,28,19
27,30,7,29,17
27,30,7,30,21
27,30,8,1,17
27,30,8,2,25
27,30,8,3,15
27,30,8,4,29
27,30,8,5,24
27,30,8,6,7
27,30,8,7,8
27,30,8,8,28
27,30,8,9,20
27,30,8,10,30
27,30,8,11,21
27,30,8,12,23
27,30,8,13,2
27,30,8,14,13
27,30,8,15,16
27,30,8,16,5
27,30,8,17,27
27,30,8,18,26
27,30,8,19,3
27,30,8,20,22
27,30,8,21,18
27,30,8,22,11
27,30,8,23,19
27,30,8,24,10
27,30,8,25,9
27,30,8,26,6
27,30,8,27,14
27,30,8,28,4
27,30,8,29,12
27,30,8,30,1
27,30,9,1,11
27,30,9,2,17
27,30,9,3,5
27,30,9,4,30
27,30,9,5,26
27,30,9,6,16
27,30,9,7,7
27,30,9,8,24
27,30,9,9,22
27,30,9,10,20
27,30,9,11,8
27,30,9,12,13
27,30,9,13,2
27,30,9,14,15
27,30,9,15,10
27,30,9,16,4
27,30,9,17,3
27,30,9,18,9
27,30,9,19,23
27,30,9,20,6
27,30,9,21,27
27,30,9,22,29
27,30,9,23,25
27,30,9,24,1
27,30,9,25,12
27,30,9,26,19
27,30,9,27,21
27,30,9,28,28
27,30,9,29,14
27,30,9,30,18
28,30,1,1,2
28,30,1,2,1
28,30,1,3,12
28,30,1,4,4
28,30,1,5,8
28,30,1,6,24
28,30,1,7,14
28,30,1,8,29
28,30,1,9,23
28,30,1,10,21
28,30,1,11,3
28,30,1,12,9
28,30,1,13,5
28,30,1,14,7
28,30,1,15,17
28,30,1,16,26
28,30,1,17,20
28,30,1,18,6
28,30,1,19,19
28,30,1,20,27
28,30,1,21,15
28,30,1,22,18
28,30,1,23,25
28,30,1,24,30
28,30,1,25,13
28,30,1,26,10
28,30,1,27,22
28,30,1,28,28
28,30,1,29,16
28,30,1,30,11
28,30,2,1,18
28,30,2,2,1
28,30,2,3,23
28,30,2,4,15
28,30,2,5,16
28,30,2,6,17
28,30,2,7,27
28,30,2,8,29
28,30,2,9,13
28,30,2,10,8
28,30,2,11,5
28,30,2,12,9
28,30,2,13,2
28,30,2,14,7
28,30,2,15,12
28,30,2,16,22
28,30,2,17,19
28,30,2,18,4
28,30,2,19,30
28,30,2,20,25
28,30,2,21,28
28,30,2,22,11
28,30,2,23,26
28,30,2,24,6
28,30,2,25,3
28,30,2,26,24
28,30,2,27,14
28,30,2,28,21
28,30,2,29,20
28,30,2,30,10
28,30,3,1,19
28,30,3,2,17
28,30,3,3,26
28,30,3,4,9
28,30,3,5,5
28,30,3,6,16
28,30,3,7,29
28,30,3,8,2
28,30,3,9,27
28,30,3,10,3
28,30,3,11,21
28,30,3,12,10
28,30,3,13,6
28,30,3,14,22
28,30,3,15,11
28,30,3,16,1
28,30,3,17,4
28,30,3,18,8
28,30,3,19,18
28,30,3,20,23
28,30,3,21,25
28,30,3,22,24
28,30,3,23,12
28,30,3,24,14
28,30,3,25,7
28,30,3,26,20
28,30,3,27,30
28,30,3,28,15
28,30,3,29,28
28,30,3,30,13
28,30,4,1,21
28,30,4,2,20
28,30,4,3,10
28,30,4,4,30
28,30,4,5,11
28,30,4,6,12
28,30,4,7,28
28,30,4,8,3
28,30,4,9,16
28,30,4,10,2
28,30,4,11,29
28,30,4,12,15
28,30,4,13,27
28,30,4,14,9
28,30,4,15,19
28,30,4,16,17
28,30,4,17,22
28,30,4,18,6
28,30,4,19,25
28,30,4,20,5
28,30,4,21,23
28,30,4,22,1
28,30,4,23,4
28,30,4,24,8
28,30,4,25,14
28,30,4,26,18
28,30,4,27,24
28,30,4,28,7
28,30,4,29,13
28,30,4,30,26
28,30,5,1,15
28,30,5,2,18
28,30,5,3,10
28,30,5,4,30
28,30,5,5,17
28,30,5,6,2
28,30,5,7,22
28,30,5,8,13
28,30,5,9,23
28,30,5,10,3
28,30,5,11,25
28,30,5,12,28
28,30,5,13,26
28,30,5,14,14
28,30,5,15,7
28,30,5,16,12
28,30,5,17,29
28,30,5,18,27
28,30,5,19,20
28,30,5,20,5
28,30,5,21,24
28,30,5,22,1
28,30,5,23,8
28,30,5,24,9
28,30,5,25,4
28,30,5,26,6
28,30,5,27,19
28,30,5,28,11
28,30,5,29,16
28,30,5,30,21
28,30,6,1,16
28,30,6,2,8
28,30,6,3,20
28,30,6,4,10
28,30,6,5,30
28,30,6,6,17
28,30,6,7,27
28,30,6,8,18
28,30,6,9,28
28,30,6,10,19
28,30,6,11,21
28,30,6,12,15
28,30,6,13,2
28,30,6,14,9
28,30,6,15,12
28,30,6,16,1
28,30,6,17,24
28,30,6,18,26
28,30,6,19,7
28,30,6,20,3
28,30,6,21,29
28,30,6,22,6
28,30,6,23,5
28,30,6,24,23
28,30,6,25,25
28,30,6,26,14
28,30,6,27,4
28,30,6,28,13
28,30,6,29,11
28,30,6,30,22
28,30,7,1,10
28,30,7,2,2
28,30,7,3,28
28,30,7,4,21
28,30,7,5,17
28,30,7,6,19
28,30,7,7,15
28,30,7,8,12
28,30,7,9,5
28,30,7,10,29
28,30,7,11,9
28,30,7,12,25
28,30,7,13,11
28,30,7,14,1
28,30,7,15,3
28,30,7,16,26
28,30,7,17,13
28,30,7,18,16
28,30,7,19,24
28,30,7,20,14
28,30,7,21,6
28,30,7,22,22
28,30,7,23,7
28,30,7,24,20
28,30,7,25,27
28,30,7,26,23
28,30,7,27,8
28,30,7,28,18
28,30,7,29,4
28,30,7,30,30
28,30,8,1,5
28,30,8,2,27
28,30,8,3,26
28,30,8,4,18
28,30,8,5,11
28,30,8,6,19
28,30,8,7,10
28,30,8,8,9
28,30,8,9,6
28,30,8,10,14
28,30,8,11,17
28,30,8,12,25
28,30,8,13,15
28,30,8,14,4
28,30,8,15,12
28,30,8,16,1
28,30,8,17,29
28,30,8,18,24
28,30,8,19,7
28,30,8,20,8
28,30,8,21,28
28,30,8,22,20
28,30,8,23,30
28,30,8,24,21
28,30,8,25,3
28,30,8,26,22
28,30,8,27,23
28,30,8,28,2
28,30,8,29,13
28,30,8,30,16
28,30,9,1,11
28,30,9,2,17
28,30,9,3,18
28,30,9,4,14
28,30,9,5,28
28,30,9,6,21
28,30,9,7,1
28,30,9,8,12
28,30,9,9,19
28,30,9,10,25
28,30,9,11,29
28,30,9,12,27
28,30,9,13,6
28,30,9,14,23
28,30,9,15,9
28,30,9,16,3
28,30,9,17,4
28,30,9,18,8
28,30,9,19,13
28,30,9,20,2
28,30,9,21,10
28,30,9,22,15
28,30,9,23,20
28,30,9,24,16
28,30,9,25,26
28,30,9,26,30
28,30,9,27,5
28,30,9,28,7
28,30,9,29,24
28,30,9,30,22
29,30,1,1,13
29,30,1,2,27
29,30,1,3,15
29,30,1,4,18
29,30,1,5,19
29,30,1,6,6
29,30,1,7,20
29,30,1,8,26
29,30,1,9,17
29,30,1,10,7
29,30,1,11,5
29,30,1,12,24
29,30,1,13,8
29,30,1,14,4
29,30,1,15,14
29,30,1,16,9
29,30,1,17,3
29,30,1,18,21
29,30,1,19,23
29,30,1,20,29
29,30,1,21,12
29,30,1,22,1
29,30,1,23,11
29,30,1,24,16
29,30,1,25,2
29,30,1,26,28
29,30,1,27,22
29,30,1,28,10
29,30,1,29,30
29,30,1,30,25
29,30,2,1,18
29,30,2,2,1
29,30,2,3,10
29,30,2,4,20
29,30,2,5,21
29,30,2,6,14
29,30,2,7,27
29,30,2,8,17
29,30,2,9,16
29,30,2,10,23
29,30,2,11,15
29,30,2,12,11
29,30,2,13,25
29,30,2,14,30
29,30,2,15,4
29,30,2,16,19
29,30,2,17,22
29,30,2,18,12
29,30,2,19,7
29,30,2,20,2
29,30,2,21,9
29,30,2,22,5
29,30,2,23,8
29,30,2,24,29
29,30,2,25,13
29,30,2,26,24
29,30,2,27,3
29,30,2,28,6
29,30,2,29,26
29,30,2,30,28
29,30,3,1,13
29,30,3,2,28
29,30,3,3,15
29,30,3,4,20
29,30,3,5,30
29,30,3,6,12
29,30,3,7,24
29,30,3,8,4
29,30,3,9,1
29,30,3,10,11
29,30,3,11,22
29,30,3,12,6
29,30,3,13,8
29,30,3,14,18
29,30,3,15,14
29,30,3,16,7
29,30,3,17,25
29,30,3,18,23
29,30,3,19,26
29,30,3,20,17
29,30,3,21,9
29,30,3,22,19
29,30,3,23,5
29,30,3,24,16
29,30,3,25,29
29,30,3,26,2
29,30,3,27,27
29,30,3,28,21
29,30,3,29,3
29,30,3,30,10
29,30,4,1,25
29,30,4,2,19
29,30,4,3,9
29,30,4,4,17
29,30,4,5,27
29,30,4,6,29
29,30,4,7,16
29,30,4,8,2
29,30,4,9,3
29,30,4,10,11
29,30,4,11,30
29,30,4,12,12
29,30,4,13,28
29,30,4,14,10
29,30,4,15,20
29,30,4,16,24
29,30,4,17,7
29,30,4,18,13
29,30,4,19,26
29,30,4,20,21
29,30,4,21,4
29,30,4,22,5
29,30,4,23,1
29,30,4,24,8
29,30,4,25,14
29,30,4,26,18
29,30,4,27,15
29,30,4,28,23
29,30,4,29,22
29,30,4,30,6
29,30,5,1,21
29,30,5,2,16
29,30,5,3,6
29,30,5,4,4
29,30,5,5,1
29,30,5,6,24
29,30,5,7,12
29,30,5,8,29
29,30,5,9,27
29,30,5,10,5
29,30,5,11,20
29,30,5,12,28
29,30,5,13,7
29,30,5,14,26
29,30,5,15,25
29,30,5,16,3
29,30,5,17,2
29,30,5,18,22
29,30,5,19,23
29,30,5,20,13
29,30,5,21,17
29,30,5,22,14
29,30,5,23,8
29,30,5,24,9
29,30,5,25,19
29,30,5,26,11
29,30,5,27,10
29,30,5,28,30
29,30,5,29,18
29,30,5,30,15
29,30,6,1,26
29,30,6,2,24
29,30,6,3,1
29,30,6,4,12
29,30,6,5,9
29,30,6,6,2
29,30,6,7,15
29,30,6,8,21
29,30,6,9,19
29,30,6,10,28
29,30,6,11,18
29,30,6,12,27
29,30,6,13,17
29,30,6,14,10
29,30,6,15,30
29,30,6,16,20
29,30,6,17,16
29,30,6,18,8
29,30,6,19,13
29,30,6,20,4
29,30,6,21,14
29,30,6,22,25
29,30,6,23,23
29,30,6,24,5
29,30,6,25,11
29,30,6,26,22
29,30,6,27,6
29,30,6,28,29
29,30,6,29,3
29,30,6,30,7
29,30,7,1,2
29,30,7,2,28
29,30,7,3,10
29,30,7,4,25
29,30,7,5,9
29,30,7,6,29
29,30,7,7,5
29,30,7,8,1
29,30,7,9,11
29,30,7,10,30
29,30,7,11,4
29,30,7,12,18
29,30,7,13,8
29,30,7,14,27
29,30,7,15,23
29,30,7,16,20
29,30,7,17,7
29,30,7,18,22
29,30,7,19,14
29,30,7,20,24
29,30,7,21,6
29,30,7,22,13
29,30,7,23,16
29,30,7,24,26
29,30,7,25,3
29,30,7,26,19
29,30,7,27,17
29,30,7,28,21
29,30,7,29,15
29,30,7,30,12
29,30,8,1,8
29,30,8,2,7
29,30,8,3,24
29,30,8,4,29
29,30,8,5,28
29,30,8,6,20
29,30,8,7,2
29,30,8,8,13
29,30,8,9,16
29,30,8,10,5
29,30,8,11,27
29,30,8,12,26
29,30,8,13,18
29,30,8,14,11
29,30,8,15,19
29,30,8,16,10
29,30,8,17,9
29,30,8,18,6
29,30,8,19,17
29,30,8,20,25
29,30,8,21,15
29,30,8,22,1
29,30,8,23,30
29,30,8,24,23
29,30,8,25,21
29,30,8,26,3
29,30,8,27,22
29,30,8,28,12
29,30,8,29,4
29,30,8,30,14
29,30,9,1,11
29,30,9,2,17
29,30,9,3,18
29,30,9,4,14
29,30,9,5,28
29,30,9,6,21
29,30,9,7,1
29,30,9,8,12
29,30,9,9,19
29,30,9,10,25
29,30,9,11,29
29,30,9,12,27
29,30,9,13,6
29,30,9,14,23
29,30,9,15,9
29,30,9,16,3
29,30,9,17,4
29,30,9,18,8
29,30,9,19,13
29,30,9,20,2
29,30,9,21,10
29,30,9,22,15
29,30,9,23,20
29,30,9,24,16
29,30,9,25,7
29,30,9,26,24
29,30,9,27,22
29,30,9,28,5
29,30,9,29,30
29,30,9,30,26
30,30,1,1,27
30,30,1,2,15
30,30,1,3,13
30,30,1,4,18
30,30,1,5,19
30,30,1,6,25
30,30,1,7,30
30,30,1,8,10
30,30,1,9,22
30,30,1,10,28
30,30,1,11,16
30,30,1,12,2
30,30,1,13,11
30,30,1,14,1
30,30,1,15,12
30,30,1,16,4
30,30,1,17,8
30,30,1,18,24
30,30,1,19,14
30,30,1,20,29
30,30,1,21,23
30,30,1,22,21
30,30,1,23,3
30,30,1,24,5
30,30,1,25,9
30,30,1,26,7
30,30,1,27,17
30,30,1,28,26
30,30,1,29,20
30,30,1,30,6
30,30,2,1,8
30,30,2,2,13
30,30,2,3,29
30,30,2,4,24
30,30,2,5,3
30,30,2,6,14
30,30,2,7,27
30,30,2,8,17
30,30,2,9,16
30,30,2,10,15
30,30,2,11,23
30,30,2,12,10
30,30,2,13,1
30,30,2,14,18
30,30,2,15,20
30,30,2,16,21
30,30,2,17,6
30,30,2,18,26
30,30,2,19,11
30,30,2,20,28
30,30,2,21,25
30,30,2,22,30
30,30,2,23,4
30,30,2,24,19
30,30,2,25,22
30,30,2,26,12
30,30,2,27,7
30,30,2,28,2
30,30,2,29,9
30,30,2,30,5
30,30,3,1,28
30,30,3,2,15
30,30,3,3,7
30,30,3,4,20
30,30,3,5,14
30,30,3,6,25
30,30,3,7,23
30,30,3,8,17
30,30,3,9,26
30,30,3,10,9
30,30,3,11,19
30,30,3,12,5
30,30,3,13,16
30,30,3,14,29
30,30,3,15,2
30,30,3,16,27
30,30,3,17,3
30,30,3,18,21
30,30,3,19,10
30,30,3,20,6
30,30,3,21,22
30,30,3,22,11
30,30,3,23,1
30,30,3,24,4
30,30,3,25,8
30,30,3,26,18
30,30,3,27,24
30,30,3,28,12
30,30,3,29,30
30,30,3,30,13
30,30,4,1,21
30,30,4,2,4
30,30,4,3,8
30,30,4,4,14
30,30,4,5,1
30,30,4,6,5
30,30,4,7,23
30,30,4,8,18
30,30,4,9,15
30,30,4,10,27
30,30,4,11,17
30,30,4,12,22
30,30,4,13,6
30,30,4,14,25
30,30,4,15,19
30,30,4,16,9
30,30,4,17,29
30,30,4,18,16
30,30,4,19,3
30,30,4,20,2
30,30,4,21,11
30,30,4,22,12
30,30,4,23,28
30,30,4,24,30
30,30,4,25,10
30,30,4,26,20
30,30,4,27,24
30,30,4,28,7
30,30,4,29,13
30,30,4,30,26
30,30,5,1,15
30,30,5,2,18
30,30,5,3,10
30,30,5,4,30
30,30,5,5,17
30,30,5,6,14
30,30,5,7,2
30,30,5,8,22
30,30,5,9,13
30,30,5,10,23
30,30,5,11,3
30,30,5,12,25
30,30,5,13,28
30,30,5,14,26
30,30,5,15,7
30,30,5,16,29
30,30,5,17,20
30,30,5,18,5
30,30,5,19,27
30,30,5,20,12
30,30,5,21,24
30,30,5,22,8
30,30,5,23,1
30,30,5,24,9
30,30,5,25,4
30,30,5,26,6
30,30,5,27,19
30,30,5,28,11
30,30,5,29,16
30,30,5,30,21
30,30,6,1,21
30,30,6,2,19
30,30,6,3,15
30,30,6,4,28
30,30,6,5,18
30,30,6,6,27
30,30,6,7,17
30,30,6,8,30
30,30,6,9,10
30,30,6,10,20
30,30,6,11,16
30,30,6,12,8
30,30,6,13,22
30,30,6,14,6
30,30,6,15,29
30,30,6,16,3
30,30,6,17,11
30,30,6,18,13
30,30,6,19,4
30,30,6,20,14
30,30,6,21,25
30,30,6,22,23
30,30,6,23,5
30,30,6,24,7
30,30,6,25,2
30,30,6,26,1
30,30,6,27,12
30,30,6,28,24
30,30,6,29,26
30,30,6,30,9
30,30,7,1,12
30,30,7,2,15
30,30,7,3,19
30,30,7,4,17
30,30,7,5,21
30,30,7,6,28
30,30,7,7,2
30,30,7,8,10
30,30,7,9,25
30,30,7,10,9
30,30,7,11,29
30,30,7,12,5
30,30,7,13,1
30,30,7,14,11
30,30,7,15,30
30,30,7,16,4
30,30,7,17,18
30,30,7,18,8
30,30,7,19,23
30,30,7,20,27
30,30,7,21,20
30,30,7,22,24
30,30,7,23,7
30,30,7,24,22
30,30,7,25,14
30,30,7,26,6
30,30,7,27,26
30,30,7,28,3
30,30,7,29,13
30,30,7,30,16
30,30,8,1,2
30,30,8,2,13
30,30,8,3,16
30,30,8,4,5
30,30,8,5,27
30,30,8,6,26
30,30,8,7,23
30,30,8,8,30
30,30,8,9,21
30,30,8,10,3
30,30,8,11,22
30,30,8,12,18
30,30,8,13,11
30,30,8,14,19
30,30,8,15,10
30,30,8,16,9
30,30,8,17,6
30,30,8,18,14
30,30,8,19,4
30,30,8,20,12
30,30,8,21,1
30,30,8,22,20
30,30,8,23,15
30,30,8,24,17
30,30,8,25,25
30,30,8,26,28
30,30,8,27,29
30,30,8,28,24
30,30,8,29,7
30,30,8,30,8
30,30,9,1,22
30,30,9,2,24
30,30,9,3,7
30,30,9,4,20
30,30,9,5,16
30,30,9,6,26
30,30,9,7,30
30,30,9,8,5
30,30,9,9,11
30,30,9,10,17
30,30,9,11,18
30,30,9,12,14
30,30,9,13,28
30,30,9,14,21
30,30,9,15,19
30,30,9,16,12
30,30,9,17,1
30,30,9,18,25
30,30,9,19,29
30,30,9,20,27
30,30,9,21,6
30,30,9,22,23
30,30,9,23,9
30,30,9,24,3
30,30,9,25,4
30,30,9,26,8
30,30,9,27,10
30,30,9,28,13
30,30,9,29,2
30,30,9,30,15
31,30,1,1,29
31,30,1,2,14
31,30,1,3,24
31,30,1,4,8
31,30,1,5,4
31,30,1,6,12
31,30,1,7,1
31,30,1,8,11
31,30,1,9,16
31,30,1,10,2
31,30,1,11,28
31,30,1,12,22
31,30,1,13,10
31,30,1,14,30
31,30,1,15,25
31,30,1,16,13
31,30,1,17,18
31,30,1,18,19
31,30,1,19,15
31,30,1,20,27
31,30,1,21,6
31,30,1,22,20
31,30,1,23,26
31,30,1,24,17
31,30,1,25,7
31,30,1,26,5
31,30,1,27,9
31,30,1,28,3
31,30,1,29,21
31,30,1,30,23
31,30,2,1,17
31,30,2,2,16
31,30,2,3,27
31,30,2,4,15
31,30,2,5,23
31,30,2,6,1
31,30,2,7,18
31,30,2,8,20
31,30,2,9,21
31,30,2,10,11
31,30,2,11,28
31,30,2,12,19
31,30,2,13,4
31,30,2,14,30
31,30,2,15,25
31,30,2,16,22
31,30,2,17,12
31,30,2,18,7
31,30,2,19,2
31,30,2,20,9
31,30,2,21,5
31,30,2,22,8
31,30,2,23,24
31,30,2,24,3
31,30,2,25,6
31,30,2,26,26
31,30,2,27,14
31,30,2,28,10
31,30,2,29,29
31,30,2,30,13
31,30,3,1,10
31,30,3,2,21
31,30,3,3,3
31,30,3,4,27
31,30,3,5,2
31,30,3,6,29
31,30,3,7,16
31,30,3,8,5
31,30,3,9,9
31,30,3,10,19
31,30,3,11,17
31,30,3,12,26
31,30,3,13,25
31,30,3,14,23
31,30,3,15,7
31,30,3,16,14
31,30,3,17,20
31,30,3,18,15
31,30,3,19,28
31,30,3,20,13
31,30,3,21,30
31,30,3,22,12
31,30,3,23,24
31,30,3,24,18
31,30,3,25,8
31,30,3,26,4
31,30,3,27,1
31,30,3,28,11
31,30,3,29,22
31,30,3,30,6
31,30,4,1,20
31,30,4,2,21
31,30,4,3,7
31,30,4,4,13
31,30,4,5,26
31,30,4,6,24
31,30,4,7,18
31,30,4,8,14
31,30,4,9,8
31,30,4,10,4
31,30,4,11,1
31,30,4,12,5
31,30,4,13,23
31,30,4,14,15
31,30,4,15,29
31,30,4,16,27
31,30,4,17,22
31,30,4,18,6
31,30,4,19,25
31,30,4,20,19
31,30,4,21,9
31,30,4,22,17
31,30,4,23,2
31,30,4,24,16
31,30,4,25,3
31,30,4,26,11
31,30,4,27,30
31,30,4,28,12
31,30,4,29,28
31,30,4,30,10
31,30,5,1,3
31,30,5,2,23
31,30,5,3,13
31,30,5,4,22
31,30,5,5,2
31,30,5,6,17
31,30,5,7,14
31,30,5,8,30
31,30,5,9,10
31,30,5,10,15
31,30,5,11,18
31,30,5,12,11
31,30,5,13,19
31,30,5,14,9
31,30,5,15,8
31,30,5,16,16
31,30,5,17,21
31,30,5,18,6
31,30,5,19,4
31,30,5,20,1
31,30,5,21,24
31,30,5,22,27
31,30,5,23,5
31,30,5,24,20
31,30,5,25,29
31,30,5,26,12
31,30,5,27,7
31,30,5,28,26
31,30,5,29,25
31,30,5,30,28
31,30,6,1,30
31,30,6,2,10
31,30,6,3,20
31,30,6,4,8
31,30,6,5,16
31,30,6,6,13
31,30,6,7,4
31,30,6,8,14
31,30,6,9,25
31,30,6,10,23
31,30,6,11,5
31,30,6,12,6
31,30,6,13,2
31,30,6,14,29
31,30,6,15,3
31,30,6,16,7
31,30,6,17,1
31,30,6,18,12
31,30,6,19,9
31,30,6,20,24
31,30,6,21,26
31,30,6,22,15
31,30,6,23,21
31,30,6,24,19
31,30,6,25,28
31,30,6,26,18
31,30,6,27,27
31,30,6,28,17
31,30,6,29,22
31,30,6,30,11
31,30,7,1,16
31,30,7,2,17
31,30,7,3,19
31,30,7,4,21
31,30,7,5,15
31,30,7,6,12
31,30,7,7,28
31,30,7,8,2
31,30,7,9,1
31,30,7,10,5
31,30,7,11,29
31,30,7,12,9
31,30,7,13,25
31,30,7,14,10
31,30,7,15,11
31,30,7,16,4
31,30,7,17,30
31,30,7,18,18
31,30,7,19,8
31,30,7,20,27
31,30,7,21,23
31,30,7,22,20
31,30,7,23,24
31,30,7,24,14
31,30,7,25,6
31,30,7,26,22
31,30,7,27,7
31,30,7,28,26
31,30,7,29,3
31,30,7,30,13
31,30,8,1,19
31,30,8,2,11
31,30,8,3,18
31,30,8,4,26
31,30,8,5,27
31,30,8,6,5
31,30,8,7,16
31,30,8,8,13
31,30,8,9,2
31,30,8,10,23
31,30,8,11,3
31,30,8,12,22
31,30,8,13,21
31,30,8,14,30
31,30,8,15,20
31,30,8,16,28
31,30,8,17,8
31,30,8,18,7
31,30,8,19,24
31,30,8,20,29
31,30,8,21,25
31,30,8,22,17
31,30,8,23,15
31,30,8,24,1
31,30,8,25,12
31,30,8,26,4
31,30,8,27,14
31,30,8,28,6
31,30,8,29,9
31,30,8,30,10
31,30,9,1,29
31,30,9,2,25
31,30,9,3,19
31,30,9,4,12
31,30,9,5,1
31,30,9,6,21
31,30,9,7,28
31,30,9,8,14
31,30,9,9,18
31,30,9,10,17
31,30,9,11,11
31,30,9,12,22
31,30,9,13,24
31,30,9,14,7
31,30,9,15,5
31,30,9,16,30
31,30,9,17,26
31,30,9,18,16
31,30,9,19,20
31,30,9,20,15
31,30,9,21,10
31,30,9,22,2
31,30,9,23,13
31,30,9,24,8
31,30,9,25,4
31,30,9,26,3
31,30,9,27,9
31,30,9,28,23
31,30,9,29,6
31,30,9,30,27
32,30,1,1,1
32,30,1,2,2
32,30,1,3,11
32,30,1,4,12
32,30,1,5,4
32,30,1,6,8
32,30,1,7,24
32,30,1,8,14
32,30,1,9,29
32,30,1,10,23
32,30,1,11,21
32,30,1,12,3
32,30,1,13,5
32,30,1,14,9
32,30,1,15,7
32,30,1,16,17
32,30,1,17,26
32,30,1,18,20
32,30,1,19,6
32,30,1,20,27
32,30,1,21,15
32,30,1,22,19
32,30,1,23,18
32,30,1,24,13
32,30,1,25,25
32,30,1,26,30
32,30,1,27,10
32,30,1,28,22
32,30,1,29,28
32,30,1,30,16
32,30,2,1,11
32,30,2,2,21
32,30,2,3,14
32,30,2,4,27
32,30,2,5,17
32,30,2,6,16
32,30,2,7,15
32,30,2,8,23
32,30,2,9,10
32,30,2,10,1
32,30,2,11,20
32,30,2,12,18
32,30,2,13,25
32,30,2,14,30
32,30,2,15,4
32,30,2,16,19
32,30,2,17,22
32,30,2,18,12
32,30,2,19,7
32,30,2,20,2
32,30,2,21,9
32,30,2,22,5
32,30,2,23,8
32,30,2,24,13
32,30,2,25,29
32,30,2,26,24
32,30,2,27,3
32,30,2,28,6
32,30,2,29,26
32,30,2,30,28
32,30,3,1,8
32,30,3,2,6
32,30,3,3,22
32,30,3,4,10
32,30,3,5,21
32,30,3,6,3
32,30,3,7,27
32,30,3,8,2
32,30,3,9,29
32,30,3,10,16
32,30,3,11,5
32,30,3,12,9
32,30,3,13,26
32,30,3,14,17
32,30,3,15,19
32,30,3,16,25
32,30,3,17,23
32,30,3,18,18
32,30,3,19,24
32,30,3,20,14
32,30,3,21,7
32,30,3,22,28
32,30,3,23,15
32,30,3,24,20
32,30,3,25,30
32,30,3,26,12
32,30,3,27,13
32,30,3,28,1
32,30,3,29,11
32,30,3,30,4
32,30,4,1,11
32,30,4,2,30
32,30,4,3,12
32,30,4,4,10
32,30,4,5,20
32,30,4,6,28
32,30,4,7,24
32,30,4,8,7
32,30,4,9,21
32,30,4,10,13
32,30,4,11,26
32,30,4,12,14
32,30,4,13,8
32,30,4,14,4
32,30,4,15,1
32,30,4,16,5
32,30,4,17,23
32,30,4,18,18
32,30,4,19,15
32,30,4,20,29
32,30,4,21,27
32,30,4,22,22
32,30,4,23,6
32,30,4,24,25
32,30,4,25,17
32,30,4,26,9
32,30,4,27,19
32,30,4,28,16
32,30,4,29,2
32,30,4,30,3
32,30,5,1,19
32,30,5,2,9
32,30,5,3,8
32,30,5,4,24
32,30,5,5,1
32,30,5,6,5
32,30,5,7,27
32,30,5,8,20
32,30,5,9,29
32,30,5,10,12
32,30,5,11,7
32,30,5,12,26
32,30,5,13,25
32,30,5,14,28
32,30,5,15,3
32,30,5,16,23
32,30,5,17,13
32,30,5,18,22
32,30,5,19,2
32,30,5,20,14
32,30,5,21,17
32,30,5,22,30
32,30,5,23,10
32,30,5,24,18
32,30,5,25,15
32,30,5,26,21
32,30,5,27,16
32,30,5,28,4
32,30,5,29,6
32,30,5,30,11
32,30,6,1,21
32,30,6,2,15
32,30,6,3,9
32,30,6,4,12
32,30,6,5,26
32,30,6,6,24
32,30,6,7,1
32,30,6,8,2
32,30,6,9,29
32,30,6,10,7
32,30,6,11,3
32,30,6,12,6
32,30,6,13,5
32,30,6,14,23
32,30,6,15,25
32,30,6,16,11
32,30,6,17,14
32,30,6,18,22
32,30,6,19,4
32,30,6,20,13
32,30,6,21,8
32,30,6,22,16
32,30,6,23,20
32,30,6,24,10
32,30,6,25,30
32,30,6,26,17
32,30,6,27,27
32,30,6,28,18
32,30,6,29,28
32,30,6,30,19
32,30,7,1,24
32,30,7,2,14
32,30,7,3,6
32,30,7,4,22
32,30,7,5,7
32,30,7,6,20
32,30,7,7,27
32,30,7,8,23
32,30,7,9,8
32,30,7,10,18
32,30,7,11,4
32,30,7,12,30
32,30,7,13,11
32,30,7,14,10
32,30,7,15,25
32,30,7,16,9
32,30,7,17,29
32,30,7,18,5
32,30,7,19,1
32,30,7,20,26
32,30,7,21,3
32,30,7,22,13
32,30,7,23,16
32,30,7,24,19
32,30,7,25,17
32,30,7,26,21
32,30,7,27,15
32,30,7,28,12
32,30,7,29,28
32,30,7,30,2
32,30,8,1,17
32,30,8,2,25
32,30,8,3,15
32,30,8,4,29
32,30,8,5,24
32,30,8,6,7
32,30,8,7,8
32,30,8,8,28
32,30,8,9,20
32,30,8,10,2
32,30,8,11,13
32,30,8,12,16
32,30,8,13,5
32,30,8,14,27
32,30,8,15,26
32,30,8,16,18
32,30,8,17,11
32,30,8,18,19
32,30,8,19,10
32,30,8,20,9
32,30,8,21,6
32,30,8,22,14
32,30,8,23,22
32,30,8,24,3
32,30,8,25,21
32,30,8,26,23
32,30,8,27,30
32,30,8,28,1
32,30,8,29,12
32,30,8,30,4
32,30,9,1,28
32,30,9,2,12
32,30,9,3,19
32,30,9,4,25
32,30,9,5,29
32,30,9,6,27
32,30,9,7,1
32,30,9,8,6
32,30,9,9,23
32,30,9,10,9
32,30,9,11,3
32,30,9,12,4
32,30,9,13,8
32,30,9,14,13
32,30,9,15,2
32,30,9,16,15
32,30,9,17,10
32,30,9,18,20
32,30,9,19,16
32,30,9,20,26
32,30,9,21,30
32,30,9,22,5
32,30,9,23,7
32,30,9,24,24
32,30,9,25,22
32,30,9,26,11
32,30,9,27,17
32,30,9,28,18
32,30,9,29,14
32,30,9,30,21
33,30,1,1,19
33,30,1,2,15
33,30,1,3,27
33,30,1,4,6
33,30,1,5,20
33,30,1,6,26
33,30,1,7,17
33,30,1,8,7
33,30,1,9,9
33,30,1,10,5
33,30,1,11,24
33,30,1,12,8
33,30,1,13,4
33,30,1,14,14
33,30,1,15,3
33,30,1,16,21
33,30,1,17,29
33,30,1,18,12
33,30,1,19,1
33,30,1,20,11
33,30,1,21,2
33,30,1,22,16
33,30,1,23,28
33,30,1,24,22
33,30,1,25,23
33,30,1,26,10
33,30,1,27,30
33,30,1,28,25
33,30,1,29,13
33,30,1,30,18
33,30,2,1,28
33,30,2,2,25
33,30,2,3,30
33,30,2,4,4
33,30,2,5,19
33,30,2,6,22
33,30,2,7,12
33,30,2,8,7
33,30,2,9,2
33,30,2,10,9
33,30,2,11,5
33,30,2,12,8
33,30,2,13,13
33,30,2,14,29
33,30,2,15,24
33,30,2,16,17
33,30,2,17,16
33,30,2,18,27
33,30,2,19,15
33,30,2,20,23
33,30,2,21,1
33,30,2,22,10
33,30,2,23,20
33,30,2,24,18
33,30,2,25,11
33,30,2,26,21
33,30,2,27,14
33,30,2,28,3
33,30,2,29,6
33,30,2,30,26
33,30,3,1,18
33,30,3,2,14
33,30,3,3,20
33,30,3,4,15
33,30,3,5,28
33,30,3,6,13
33,30,3,7,30
33,30,3,8,12
33,30,3,9,24
33,30,3,10,1
33,30,3,11,4
33,30,3,12,8
33,30,3,13,11
33,30,3,14,22
33,30,3,15,6
33,30,3,16,10
33,30,3,17,27
33,30,3,18,3
33,30,3,19,21
33,30,3,20,5
33,30,3,21,16
33,30,3,22,29
33,30,3,23,2
33,30,3,24,23
33,30,3,25,26
33,30,3,26,9
33,30,3,27,19
33,30,3,28,17
33,30,3,29,25
33,30,3,30,7
33,30,4,1,15
33,30,4,2,6
33,30,4,3,25
33,30,4,4,22
33,30,4,5,17
33,30,4,6,9
33,30,4,7,19
33,30,4,8,16
33,30,4,9,2
33,30,4,10,3
33,30,4,11,11
33,30,4,12,30
33,30,4,13,12
33,30,4,14,28
33,30,4,15,10
33,30,4,16,20
33,30,4,17,24
33,30,4,18,7
33,30,4,19,21
33,30,4,20,13
33,30,4,21,26
33,30,4,22,14
33,30,4,23,8
33,30,4,24,4
33,30,4,25,1
33,30,4,26,5
33,30,4,27,23
33,30,4,28,18
33,30,4,29,29
33,30,4,30,27
33,30,5,1,19
33,30,5,2,16
33,30,5,3,21
33,30,5,4,6
33,30,5,5,4
33,30,5,6,1
33,30,5,7,24
33,30,5,8,27
33,30,5,9,5
33,30,5,10,20
33,30,5,11,29
33,30,5,12,12
33,30,5,13,7
33,30,5,14,26
33,30,5,15,28
33,30,5,16,25
33,30,5,17,3
33,30,5,18,23
33,30,5,19,13
33,30,5,20,22
33,30,5,21,2
33,30,5,22,17
33,30,5,23,14
33,30,5,24,30
33,30,5,25,10
33,30,5,26,15
33,30,5,27,18
33,30,5,28,11
33,30,5,29,8
33,30,5,30,9
33,30,6,1,2
33,30,6,2,29
33,30,6,3,3
33,30,6,4,7
33,30,6,5,1
33,30,6,6,24
33,30,6,7,26
33,30,6,8,12
33,30,6,9,9
33,30,6,10,15
33,30,6,11,21
33,30,6,12,19
33,30,6,13,28
33,30,6,14,18
33,30,6,15,27
33,30,6,16,17
33,30,6,17,30
33,30,6,18,10
33,30,6,19,20
33,30,6,20,16
33,30,6,21,8
33,30,6,22,22
33,30,6,23,13
33,30,6,24,4
33,30,6,25,14
33,30,6,26,25
33,30,6,27,23
33,30,6,28,5
33,30,6,29,11
33,30,6,30,6
33,30,7,1,1
33,30,7,2,5
33,30,7,3,29
33,30,7,4,9
33,30,7,5,25
33,30,7,6,10
33,30,7,7,11
33,30,7,8,30
33,30,7,9,4
33,30,7,10,18
33,30,7,11,8
33,30,7,12,23
33,30,7,13,27
33,30,7,14,20
33,30,7,15,7
33,30,7,16,22
33,30,7,17,14
33,30,7,18,24
33,30,7,19,6
33,30,7,20,13
33,30,7,21,16
33,30,7,22,19
33,30,7,23,17
33,30,7,24,21
33,30,7,25,28
33,30,7,26,2
33,30,7,27,15
33,30,7,28,12
33,30,7,29,3
33,30,7,30,26
33,30,8,1,1
33,30,8,2,28
33,30,8,3,8
33,30,8,4,7
33,30,8,5,24
33,30,8,6,29
33,30,8,7,15
33,30,8,8,25
33,30,8,9,17
33,30,8,10,6
33,30,8,11,9
33,30,8,12,10
33,30,8,13,19
33,30,8,14,11
33,30,8,15,18
33,30,8,16,14
33,30,8,17,4
33,30,8,18,22
33,30,8,19,3
33,30,8,20,26
33,30,8,21,27
33,30,8,22,5
33,30,8,23,16
33,30,8,24,13
33,30,8,25,2
33,30,8,26,20
33,30,8,27,23
33,30,8,28,21
33,30,8,29,12
33,30,8,30,30
33,30,9,1,22
33,30,9,2,5
33,30,9,3,30
33,30,9,4,26
33,30,9,5,24
33,30,9,6,7
33,30,9,7,16
33,30,9,8,20
33,30,9,9,15
33,30,9,10,10
33,30,9,11,2
33,30,9,12,13
33,30,9,13,8
33,30,9,14,4
33,30,9,15,3
33,30,9,16,9
33,30,9,17,23
33,30,9,18,6
33,30,9,19,27
33,30,9,20,29
33,30,9,21,25
33,30,9,22,19
33,30,9,23,12
33,30,9,24,1
33,30,9,25,21
33,30,9,26,28
33,30,9,27,14
33,30,9,28,18
33,30,9,29,17
33,30,9,30,11
34,30,1,1,10
34,30,1,2,30
34,30,1,3,25
34,30,1,4,18
34,30,1,5,13
34,30,1,6,15
34,30,1,7,27
34,30,1,8,19
34,30,1,9,23
34,30,1,10,21
34,30,1,11,6
34,30,1,12,20
34,30,1,13,26
34,30,1,14,17
34,30,1,15,7
34,30,1,16,5
34,30,1,17,9
34,30,1,18,3
34,30,1,19,14
34,30,1,20,24
34,30,1,21,8
34,30,1,22,4
34,30,1,23,12
34,30,1,24,29
34,30,1,25,11
34,30,1,26,1
34,30,1,27,2
34,30,1,28,16
34,30,1,29,28
34,30,1,30,22
34,30,2,1,23
34,30,2,2,15
34,30,2,3,16
34,30,2,4,17
34,30,2,5,27
34,30,2,6,29
34,30,2,7,13
34,30,2,8,8
34,30,2,9,5
34,30,2,10,9
34,30,2,11,2
34,30,2,12,7
34,30,2,13,12
34,30,2,14,22
34,30,2,15,19
34,30,2,16,4
34,30,2,17,30
34,30,2,18,25
34,30,2,19,28
34,30,2,20,24
34,30,2,21,3
34,30,2,22,6
34,30,2,23,26
34,30,2,24,11
34,30,2,25,21
34,30,2,26,14
34,30,2,27,10
34,30,2,28,20
34,30,2,29,18
34,30,2,30,1
34,30,3,1,17
34,30,3,2,25
34,30,3,3,23
34,30,3,4,26
34,30,3,5,2
34,30,3,6,29
34,30,3,7,16
34,30,3,8,5
34,30,3,9,21
34,30,3,10,3
34,30,3,11,27
34,30,3,12,10
34,30,3,13,6
34,30,3,14,22
34,30,3,15,11
34,30,3,16,1
34,30,3,17,4
34,30,3,18,8
34,30,3,19,18
34,30,3,20,24
34,30,3,21,12
34,30,3,22,30
34,30,3,23,13
34,30,3,24,28
34,30,3,25,15
34,30,3,26,20
34,30,3,27,14
34,30,3,28,7
34,30,3,29,19
34,30,3,30,9
34,30,4,1,4
34,30,4,2,21
34,30,4,3,8
34,30,4,4,1
34,30,4,5,5
34,30,4,6,14
34,30,4,7,26
34,30,4,8,13
34,30,4,9,7
34,30,4,10,24
34,30,4,11,18
34,30,4,12,15
34,30,4,13,20
34,30,4,14,10
34,30,4,15,28
34,30,4,16,12
34,30,4,17,30
34,30,4,18,11
34,30,4,19,3
34,30,4,20,16
34,30,4,21,2
34,30,4,22,29
34,30,4,23,27
34,30,4,24,17
34,30,4,25,9
34,30,4,26,19
34,30,4,27,22
34,30,4,28,23
34,30,4,29,6
34,30,4,30,25
34,30,5,1,17
34,30,5,2,14
34,30,5,3,30
34,30,5,4,10
34,30,5,5,18
34,30,5,6,15
34,30,5,7,21
34,30,5,8,16
34,30,5,9,19
34,30,5,10,11
34,30,5,11,9
34,30,5,12,8
34,30,5,13,6
34,30,5,14,4
34,30,5,15,1
34,30,5,16,24
34,30,5,17,5
34,30,5,18,20
34,30,5,19,27
34,30,5,20,29
34,30,5,21,12
34,30,5,22,7
34,30,5,23,26
34,30,5,24,28
34,30,5,25,25
34,30,5,26,3
34,30,5,27,22
34,30,5,28,23
34,30,5,29,13
34,30,5,30,2
34,30,6,1,30
34,30,6,2,17
34,30,6,3,27
34,30,6,4,29
34,30,6,5,3
34,30,6,6,7
34,30,6,7,1
34,30,6,8,24
34,30,6,9,26
34,30,6,10,12
34,30,6,11,9
34,30,6,12,15
34,30,6,13,21
34,30,6,14,19
34,30,6,15,28
34,30,6,16,18
34,30,6,17,2
34,30,6,18,6
34,30,6,19,5
34,30,6,20,23
34,30,6,21,25
34,30,6,22,11
34,30,6,23,14
34,30,6,24,4
34,30,6,25,13
34,30,6,26,22
34,30,6,27,8
34,30,6,28,16
34,30,6,29,20
34,30,6,30,10
34,30,7,1,2
34,30,7,2,28
34,30,7,3,21
34,30,7,4,19
34,30,7,5,17
34,30,7,6,16
34,30,7,7,13
34,30,7,8,3
34,30,7,9,26
34,30,7,10,6
34,30,7,11,14
34,30,7,12,24
34,30,7,13,22
34,30,7,14,7
34,30,7,15,20
34,30,7,16,27
34,30,7,17,23
34,30,7,18,8
34,30,7,19,18
34,30,7,20,4
34,30,7,21,11
34,30,7,22,30
34,30,7,23,10
34,30,7,24,25
34,30,7,25,9
34,30,7,26,29
34,30,7,27,5
34,30,7,28,1
34,30,7,29,12
34,30,7,30,15
34,30,8,1,18
34,30,8,2,22
34,30,8,3,3
34,30,8,4,26
34,30,8,5,27
34,30,8,6,23
34,30,8,7,5
34,30,8,8,16
34,30,8,9,13
34,30,8,10,2
34,30,8,11,21
34,30,8,12,30
34,30,8,13,20
34,30,8,14,1
34,30,8,15,12
34,30,8,16,4
34,30,8,17,28
34,30,8,18,8
34,30,8,19,7
34,30,8,20,24
34,30,8,21,29
34,30,8,22,15
34,30,8,23,25
34,30,8,24,17
34,30,8,25,14
34,30,8,26,6
34,30,8,27,9
34,30,8,28,10
34,30,8,29,19
34,30,8,30,11
34,30,9,1,11
34,30,9,2,14
34,30,9,3,18
34,30,9,4,17
34,30,9,5,28
34,30,9,6,12
34,30,9,7,19
34,30,9,8,25
34,30,9,9,29
34,30,9,10,1
34,30,9,11,21
34,30,9,12,6
34,30,9,13,27
34,30,9,14,23
34,30,9,15,9
34,30,9,16,3
34,30,9,17,4
34,30,9,18,10
34,30,9,19,15
34,30,9,20,2
34,30,9,21,13
34,30,9,22,8
34,30,9,23,20
34,30,9,24,16
34,30,9,25,7
34,30,9,26,24
34,30,9,27,22
34,30,9,28,26
34,30,9,29,30
34,30,9,30,5
35,30,1,1,27
35,30,1,2,15
35,30,1,3,18
35,30,1,4,13
35,30,1,5,25
35,30,1,6,19
35,30,1,7,30
35,30,1,8,10
35,30,1,9,22
35,30,1,10,28
35,30,1,11,16
35,30,1,12,2
35,30,1,13,11
35,30,1,14,1
35,30,1,15,12
35,30,1,16,4
35,30,1,17,8
35,30,1,18,24
35,30,1,19,14
35,30,1,20,29
35,30,1,21,23
35,30,1,22,21
35,30,1,23,3
35,30,1,24,5
35,30,1,25,9
35,30,1,26,7
35,30,1,27,17
35,30,1,28,26
35,30,1,29,20
35,30,1,30,6
35,30,2,1,25
35,30,2,2,18
35,30,2,3,20
35,30,2,4,1
35,30,2,5,10
35,30,2,6,23
35,30,2,7,15
35,30,2,8,16
35,30,2,9,17
35,30,2,10,27
35,30,2,11,14
35,30,2,12,21
35,30,2,13,11
35,30,2,14,26
35,30,2,15,6
35,30,2,16,3
35,30,2,17,24
35,30,2,18,29
35,30,2,19,13
35,30,2,20,8
35,30,2,21,28
35,30,2,22,5
35,30,2,23,9
35,30,2,24,2
35,30,2,25,7
35,30,2,26,12
35,30,2,27,22
35,30,2,28,19
35,30,2,29,4
35,30,2,30,30
35,30,3,1,5
35,30,3,2,16
35,30,3,3,29
35,30,3,4,2
35,30,3,5,27
35,30,3,6,21
35,30,3,7,3
35,30,3,8,10
35,30,3,9,6
35,30,3,10,22
35,30,3,11,11
35,30,3,12,8
35,30,3,13,4
35,30,3,14,1
35,30,3,15,26
35,30,3,16,23
35,30,3,17,18
35,30,3,18,24
35,30,3,19,12
35,30,3,20,30
35,30,3,21,13
35,30,3,22,28
35,30,3,23,15
35,30,3,24,20
35,30,3,25,14
35,30,3,26,7
35,30,3,27,25
35,30,3,28,17
35,30,3,29,19
35,30,3,30,9
35,30,4,1,6
35,30,4,2,22
35,30,4,3,25
35,30,4,4,17
35,30,4,5,19
35,30,4,6,9
35,30,4,7,27
35,30,4,8,15
35,30,4,9,18
35,30,4,10,29
35,30,4,11,16
35,30,4,12,3
35,30,4,13,2
35,30,4,14,12
35,30,4,15,11
35,30,4,16,30
35,30,4,17,28
35,30,4,18,10
35,30,4,19,20
35,30,4,20,24
35,30,4,21,7
35,30,4,22,21
35,30,4,23,13
35,30,4,24,26
35,30,4,25,14
35,30,4,26,8
35,30,4,27,4
35,30,4,28,1
35,30,4,29,5
35,30,4,30,23
35,30,5,1,21
35,30,5,2,11
35,30,5,3,19
35,30,5,4,16
35,30,5,5,9
35,30,5,6,6
35,30,5,7,4
35,30,5,8,8
35,30,5,9,1
35,30,5,10,24
35,30,5,11,12
35,30,5,12,29
35,30,5,13,27
35,30,5,14,20
35,30,5,15,5
35,30,5,16,28
35,30,5,17,7
35,30,5,18,26
35,30,5,19,25
35,30,5,20,3
35,30,5,21,14
35,30,5,22,17
35,30,5,23,22
35,30,5,24,23
35,30,5,25,13
35,30,5,26,2
35,30,5,27,30
35,30,5,28,10
35,30,5,29,18
35,30,5,30,15
35,30,6,1,25
35,30,6,2,11
35,30,6,3,23
35,30,6,4,5
35,30,6,5,22
35,30,6,6,6
35,30,6,7,29
35,30,6,8,3
35,30,6,9,7
35,30,6,10,24
35,30,6,11,26
35,30,6,12,1
35,30,6,13,12
35,30,6,14,9
35,30,6,15,21
35,30,6,16,15
35,30,6,17,19
35,30,6,18,2
35,30,6,19,28
35,30,6,20,18
35,30,6,21,27
35,30,6,22,17
35,30,6,23,30
35,30,6,24,10
35,30,6,25,20
35,30,6,26,16
35,30,6,27,8
35,30,6,28,13
35,30,6,29,4
35,30,6,30,14
35,30,7,1,30
35,30,7,2,8
35,30,7,3,18
35,30,7,4,4
35,30,7,5,27
35,30,7,6,23
35,30,7,7,20
35,30,7,8,7
35,30,7,9,22
35,30,7,10,6
35,30,7,11,14
35,30,7,12,24
35,30,7,13,13
35,30,7,14,16
35,30,7,15,26
35,30,7,16,3
35,30,7,17,19
35,30,7,18,17
35,30,7,19,21
35,30,7,20,28
35,30,7,21,2
35,30,7,22,15
35,30,7,23,12
35,30,7,24,1
35,30,7,25,5
35,30,7,26,29
35,30,7,27,9
35,30,7,28,25
35,30,7,29,10
35,30,7,30,11
35,30,8,1,20
35,30,8,2,2
35,30,8,3,13
35,30,8,4,16
35,30,8,5,5
35,30,8,6,23
35,30,8,7,30
35,30,8,8,1
35,30,8,9,21
35,30,8,10,27
35,30,8,11,26
35,30,8,12,3
35,30,8,13,12
35,30,8,14,22
35,30,8,15,4
35,30,8,16,18
35,30,8,17,11
35,30,8,18,19
35,30,8,19,10
35,30,8,20,9
35,30,8,21,6
35,30,8,22,14
35,30,8,23,17
35,30,8,24,25
35,30,8,25,15
35,30,8,26,29
35,30,8,27,28
35,30,8,28,24
35,30,8,29,7
35,30,8,30,8
35,30,9,1,22
35,30,9,2,5
35,30,9,3,24
35,30,9,4,30
35,30,9,5,7
35,30,9,6,26
35,30,9,7,16
35,30,9,8,20
35,30,9,9,15
35,30,9,10,10
35,30,9,11,2
35,30,9,12,13
35,30,9,13,8
35,30,9,14,4
35,30,9,15,3
35,30,9,16,9
35,30,9,17,23
35,30,9,18,6
35,30,9,19,27
35,30,9,20,1
35,30,9,21,25
35,30,9,22,29
35,30,9,23,19
35,30,9,24,12
35,30,9,25,21
35,30,9,26,28
35,30,9,27,14
35,30,9,28,18
35,30,9,29,17
35,30,9,30,11
36,30,1,1,13
36,30,1,2,27
36,30,1,3,15
36,30,1,4,6
36,30,1,5,20
36,30,1,6,26
36,30,1,7,17
36,30,1,8,7
36,30,1,9,9
36,30,1,10,19
36,30,1,11,18
36,30,1,12,25
36,30,1,13,30
36,30,1,14,23
36,30,1,15,21
36,30,1,16,3
36,30,1,17,5
36,30,1,18,24
36,30,1,19,8
36,30,1,20,14
36,30,1,21,29
36,30,1,22,10
36,30,1,23,22
36,30,1,24,28
36,30,1,25,16
36,30,1,26,11
36,30,1,27,12
36,30,1,28,4
36,30,1,29,1
36,30,1,30,2
36,30,2,1,18
36,30,2,2,20
36,30,2,3,21
36,30,2,4,11
36,30,2,5,28
36,30,2,6,30
36,30,2,7,25
36,30,2,8,4
36,30,2,9,19
36,30,2,10,22
36,30,2,11,12
36,30,2,12,7
36,30,2,13,2
36,30,2,14,9
36,30,2,15,5
36,30,2,16,8
36,30,2,17,24
36,30,2,18,3
36,30,2,19,6
36,30,2,20,26
36,30,2,21,14
36,30,2,22,29
36,30,2,23,13
36,30,2,24,27
36,30,2,25,17
36,30,2,26,16
36,30,2,27,15
36,30,2,28,23
36,30,2,29,1
36,30,2,30,10
36,30,3,1,5
36,30,3,2,16
36,30,3,3,29
36,30,3,4,2
36,30,3,5,27
36,30,3,6,3
36,30,3,7,21
36,30,3,8,10
36,30,3,9,8
36,30,3,10,4
36,30,3,11,6
36,30,3,12,22
36,30,3,13,11
36,30,3,14,1
36,30,3,15,13
36,30,3,16,12
36,30,3,17,30
36,30,3,18,24
36,30,3,19,20
36,30,3,20,15
36,30,3,21,28
36,30,3,22,14
36,30,3,23,18
36,30,3,24,7
36,30,3,25,23
36,30,3,26,25
36,30,3,27,26
36,30,3,28,17
36,30,3,29,19
36,30,3,30,9
36,30,4,1,25
36,30,4,2,19
36,30,4,3,9
36,30,4,4,16
36,30,4,5,3
36,30,4,6,11
36,30,4,7,30
36,30,4,8,12
36,30,4,9,2
36,30,4,10,17
36,30,4,11,22
36,30,4,12,6
36,30,4,13,27
36,30,4,14,29
36,30,4,15,28
36,30,4,16,10
36,30,4,17,20
36,30,4,18,15
36,30,4,19,23
36,30,4,20,18
36,30,4,21,24
36,30,4,22,7
36,30,4,23,21
36,30,4,24,13
36,30,4,25,26
36,30,4,26,14
36,30,4,27,8
36,30,4,28,4
36,30,4,29,1
36,30,4,30,5
36,30,5,1,15
36,30,5,2,18
36,30,5,3,2
36,30,5,4,19
36,30,5,5,16
36,30,5,6,21
36,30,5,7,6
36,30,5,8,4
36,30,5,9,1
36,30,5,10,24
36,30,5,11,27
36,30,5,12,5
36,30,5,13,20
36,30,5,14,29
36,30,5,15,12
36,30,5,16,8
36,30,5,17,9
36,30,5,18,7
36,30,5,19,26
36,30,5,20,28
36,30,5,21,25
36,30,5,22,14
36,30,5,23,30
36,30,5,24,17
36,30,5,25,3
36,30,5,26,23
36,30,5,27,13
36,30,5,28,22
36,30,5,29,2
36,30,5,30,10
36,30,6,1,26
36,30,6,2,24
36,30,6,3,5
36,30,6,4,23
36,30,6,5,25
36,30,6,6,11
36,30,6,7,14
36,30,6,8,4
36,30,6,9,13
36,30,6,10,16
36,30,6,11,8
36,30,6,12,20
36,30,6,13,22
36,30,6,14,6
36,30,6,15,3
36,30,6,16,7
36,30,6,17,29
36,30,6,18,10
36,30,6,19,30
36,30,6,20,17
36,30,6,21,27
36,30,6,22,18
36,30,6,23,2
36,30,6,24,1
36,30,6,25,12
36,30,6,26,28
36,30,6,27,19
36,30,6,28,21
36,30,6,29,15
36,30,6,30,9
36,30,7,1,2
36,30,7,2,17
36,30,7,3,19
36,30,7,4,3
36,30,7,5,1
36,30,7,6,26
36,30,7,7,16
36,30,7,8,13
36,30,7,9,6
36,30,7,10,14
36,30,7,11,22
36,30,7,12,7
36,30,7,13,24
36,30,7,14,20
36,30,7,15,27
36,30,7,16,23
36,30,7,17,8
36,30,7,18,18
36,30,7,19,4
36,30,7,20,30
36,30,7,21,11
36,30,7,22,10
36,30,7,23,25
36,30,7,24,9
36,30,7,25,29
36,30,7,26,5
36,30,7,27,12
36,30,7,28,15
36,30,7,29,21
36,30,7,30,28
36,30,8,1,5
36,30,8,2,16
36,30,8,3,13
36,30,8,4,2
36,30,8,5,23
36,30,8,6,20
36,30,8,7,8
36,30,8,8,7
36,30,8,9,24
36,30,8,10,29
36,30,8,11,15
36,30,8,12,25
36,30,8,13,17
36,30,8,14,19
36,30,8,15,10
36,30,8,16,9
36,30,8,17,6
36,30,8,18,14
36,30,8,19,4
36,30,8,20,12
36,30,8,21,1
36,30,8,22,28
36,30,8,23,30
36,30,8,24,21
36,30,8,25,3
36,30,8,26,22
36,30,8,27,11
36,30,8,28,18
36,30,8,29,26
36,30,8,30,27
36,30,9,1,11
36,30,9,2,17
36,30,9,3,18
36,30,9,4,14
36,30,9,5,28
36,30,9,6,21
36,30,9,7,22
36,30,9,8,5
36,30,9,9,24
36,30,9,10,7
36,30,9,11,30
36,30,9,12,26
36,30,9,13,16
36,30,9,14,20
36,30,9,15,15
36,30,9,16,10
36,30,9,17,2
36,30,9,18,13
36,30,9,19,8
36,30,9,20,4
36,30,9,21,3
36,30,9,22,9
36,30,9,23,23
36,30,9,24,6
36,30,9,25,1
36,30,9,26,27
36,30,9,27,29
36,30,9,28,25
36,30,9,29,12
36,30,9,30,19
37,30,1,1,21
37,30,1,2,23
37,30,1,3,29
37,30,1,4,14
37,30,1,5,24
37,30,1,6,8
37,30,1,7,4
37,30,1,8,12
37,30,1,9,1
37,30,1,10,11
37,30,1,11,2
37,30,1,12,16
37,30,1,13,28
37,30,1,14,22
37,30,1,15,10
37,30,1,16,30
37,30,1,17,25
37,30,1,18,13
37,30,1,19,18
37,30,1,20,19
37,30,1,21,15
37,30,1,22,27
37,30,1,23,6
37,30,1,24,20
37,30,1,25,26
37,30,1,26,17
37,30,1,27,7
37,30,1,28,5
37,30,1,29,9
37,30,1,30,3
37,30,2,1,5
37,30,2,2,9
37,30,2,3,2
37,30,2,4,7
37,30,2,5,12
37,30,2,6,22
37,30,2,7,19
37,30,2,8,4
37,30,2,9,30
37,30,2,10,25
37,30,2,11,28
37,30,2,12,11
37,30,2,13,26
37,30,2,14,6
37,30,2,15,3
37,30,2,16,24
37,30,2,17,8
37,30,2,18,29
37,30,2,19,13
37,30,2,20,17
37,30,2,21,16
37,30,2,22,15
37,30,2,23,23
37,30,2,24,27
37,30,2,25,14
37,30,2,26,21
37,30,2,27,10
37,30,2,28,1
37,30,2,29,18
37,30,2,30,20
37,30,3,1,16
37,30,3,2,5
37,30,3,3,9
37,30,3,4,19
37,30,3,5,17
37,30,3,6,26
37,30,3,7,25
37,30,3,8,23
37,30,3,9,7
37,30,3,10,28
37,30,3,11,15
37,30,3,12,13
37,30,3,13,20
37,30,3,14,14
37,30,3,15,30
37,30,3,16,12
37,30,3,17,24
37,30,3,18,18
37,30,3,19,8
37,30,3,20,4
37,30,3,21,1
37,30,3,22,11
37,30,3,23,22
37,30,3,24,6
37,30,3,25,10
37,30,3,26,21
37,30,3,27,3
37,30,3,28,27
37,30,3,29,2
37,30,3,30,29
37,30,4,1,3
37,30,4,2,16
37,30,4,3,2
37,30,4,4,12
37,30,4,5,30
37,30,4,6,11
37,30,4,7,10
37,30,4,8,20
37,30,4,9,28
37,30,4,10,21
37,30,4,11,4
37,30,4,12,13
37,30,4,13,7
37,30,4,14,24
37,30,4,15,26
37,30,4,16,14
37,30,4,17,8
37,30,4,18,1
37,30,4,19,5
37,30,4,20,23
37,30,4,21,18
37,30,4,22,15
37,30,4,23,29
37,30,4,24,27
37,30,4,25,22
37,30,4,26,6
37,30,4,27,25
37,30,4,28,19
37,30,4,29,9
37,30,4,30,17
37,30,5,1,23
37,30,5,2,13
37,30,5,3,22
37,30,5,4,2
37,30,5,5,3
37,30,5,6,17
37,30,5,7,14
37,30,5,8,30
37,30,5,9,10
37,30,5,10,18
37,30,5,11,15
37,30,5,12,11
37,30,5,13,19
37,30,5,14,21
37,30,5,15,16
37,30,5,16,6
37,30,5,17,4
37,30,5,18,1
37,30,5,19,9
37,30,5,20,8
37,30,5,21,24
37,30,5,22,12
37,30,5,23,27
37,30,5,24,5
37,30,5,25,20
37,30,5,26,29
37,30,5,27,7
37,30,5,28,26
37,30,5,29,25
37,30,5,30,28
37,30,6,1,20
37,30,6,2,8
37,30,6,3,16
37,30,6,4,13
37,30,6,5,4
37,30,6,6,14
37,30,6,7,25
37,30,6,8,23
37,30,6,9,5
37,30,6,10,11
37,30,6,11,22
37,30,6,12,6
37,30,6,13,3
37,30,6,14,7
37,30,6,15,1
37,30,6,16,24
37,30,6,17,26
37,30,6,18,12
37,30,6,19,9
37,30,6,20,29
37,30,6,21,2
37,30,6,22,15
37,30,6,23,21
37,30,6,24,19
37,30,6,25,28
37,30,6,26,18
37,30,6,27,27
37,30,6,28,17
37,30,6,29,30
37,30,6,30,10
37,30,7,1,6
37,30,7,2,22
37,30,7,3,14
37,30,7,4,24
37,30,7,5,20
37,30,7,6,7
37,30,7,7,26
37,30,7,8,3
37,30,7,9,13
37,30,7,10,16
37,30,7,11,17
37,30,7,12,19
37,30,7,13,21
37,30,7,14,15
37,30,7,15,12
37,30,7,16,1
37,30,7,17,5
37,30,7,18,29
37,30,7,19,28
37,30,7,20,2
37,30,7,21,9
37,30,7,22,25
37,30,7,23,10
37,30,7,24,11
37,30,7,25,4
37,30,7,26,30
37,30,7,27,18
37,30,7,28,8
37,30,7,29,27
37,30,7,30,23
37,30,8,1,9
37,30,8,2,6
37,30,8,3,14
37,30,8,4,4
37,30,8,5,12
37,30,8,6,1
37,30,8,7,17
37,30,8,8,25
37,30,8,9,15
37,30,8,10,29
37,30,8,11,24
37,30,8,12,7
37,30,8,13,28
37,30,8,14,8
37,30,8,15,20
37,30,8,16,30
37,30,8,17,21
37,30,8,18,3
37,30,8,19,22
37,30,8,20,26
37,30,8,21,27
37,30,8,22,23
37,30,8,23,2
37,30,8,24,13
37,30,8,25,16
37,30,8,26,5
37,30,8,27,18
37,30,8,28,11
37,30,8,29,19
37,30,8,30,10
37,30,9,1,22
37,30,9,2,24
37,30,9,3,5
37,30,9,4,30
37,30,9,5,26
37,30,9,6,16
37,30,9,7,7
37,30,9,8,20
37,30,9,9,15
37,30,9,10,10
37,30,9,11,2
37,30,9,12,13
37,30,9,13,8
37,30,9,14,4
37,30,9,15,3
37,30,9,16,9
37,30,9,17,23
37,30,9,18,6
37,30,9,19,27
37,30,9,20,29
37,30,9,21,25
37,30,9,22,19
37,30,9,23,12
37,30,9,24,1
37,30,9,25,21
37,30,9,26,28
37,30,9,27,17
37,30,9,28,11
37,30,9,29,14
37,30,9,30,18
38,30,1,1,7
38,30,1,2,24
38,30,1,3,8
38,30,1,4,5
38,30,1,5,9
38,30,1,6,3
38,30,1,7,21
38,30,1,8,23
38,30,1,9,29
38,30,1,10,14
38,30,1,11,4
38,30,1,12,12
38,30,1,13,11
38,30,1,14,1
38,30,1,15,2
38,30,1,16,16
38,30,1,17,28
38,30,1,18,22
38,30,1,19,10
38,30,1,20,30
38,30,1,21,25
38,30,1,22,18
38,30,1,23,19
38,30,1,24,15
38,30,1,25,13
38,30,1,26,27
38,30,1,27,6
38,30,1,28,20
38,30,1,29,26
38,30,1,30,17
38,30,2,1,25
38,30,2,2,18
38,30,2,3,1
38,30,2,4,23
38,30,2,5,15
38,30,2,6,10
38,30,2,7,20
38,30,2,8,21
38,30,2,9,16
38,30,2,10,27
38,30,2,11,14
38,30,2,12,17
38,30,2,13,13
38,30,2,14,29
38,30,2,15,8
38,30,2,16,5
38,30,2,17,9
38,30,2,18,2
38,30,2,19,24
38,30,2,20,3
38,30,2,21,7
38,30,2,22,12
38,30,2,23,6
38,30,2,24,26
38,30,2,25,11
38,30,2,26,28
38,30,2,27,22
38,30,2,28,19
38,30,2,29,4
38,30,2,30,30
38,30,3,1,2
38,30,3,2,10
38,30,3,3,6
38,30,3,4,22
38,30,3,5,11
38,30,3,6,1
38,30,3,7,4
38,30,3,8,8
38,30,3,9,24
38,30,3,10,12
38,30,3,11,30
38,30,3,12,13
38,30,3,13,15
38,30,3,14,28
38,30,3,15,20
38,30,3,16,7
38,30,3,17,14
38,30,3,18,25
38,30,3,19,18
38,30,3,20,23
38,30,3,21,17
38,30,3,22,19
38,30,3,23,9
38,30,3,24,26
38,30,3,25,5
38,30,3,26,16
38,30,3,27,21
38,30,3,28,3
38,30,3,29,27
38,30,3,30,29
38,30,4,1,21
38,30,4,2,4
38,30,4,3,1
38,30,4,4,8
38,30,4,5,5
38,30,4,6,23
38,30,4,7,6
38,30,4,8,25
38,30,4,9,22
38,30,4,10,17
38,30,4,11,27
38,30,4,12,15
38,30,4,13,18
38,30,4,14,14
38,30,4,15,26
38,30,4,16,13
38,30,4,17,7
38,30,4,18,24
38,30,4,19,20
38,30,4,20,10
38,30,4,21,28
38,30,4,22,29
38,30,4,23,2
38,30,4,24,9
38,30,4,25,19
38,30,4,26,16
38,30,4,27,3
38,30,4,28,12
38,30,4,29,30
38,30,4,30,11
38,30,5,1,9
38,30,5,2,19
38,30,5,3,11
38,30,5,4,30
38,30,5,5,10
38,30,5,6,18
38,30,5,7,15
38,30,5,8,21
38,30,5,9,16
38,30,5,10,6
38,30,5,11,4
38,30,5,12,1
38,30,5,13,24
38,30,5,14,27
38,30,5,15,20
38,30,5,16,5
38,30,5,17,23
38,30,5,18,13
38,30,5,19,22
38,30,5,20,2
38,30,5,21,3
38,30,5,22,25
38,30,5,23,28
38,30,5,24,29
38,30,5,25,26
38,30,5,26,7
38,30,5,27,17
38,30,5,28,14
38,30,5,29,12
38,30,5,30,8
38,30,6,1,26
38,30,6,2,21
38,30,6,3,19
38,30,6,4,15
38,30,6,5,28
38,30,6,6,18
38,30,6,7,2
38,30,6,8,9
38,30,6,9,12
38,30,6,10,29
38,30,6,11,27
38,30,6,12,17
38,30,6,13,30
38,30,6,14,10
38,30,6,15,20
38,30,6,16,22
38,30,6,17,6
38,30,6,18,3
38,30,6,19,7
38,30,6,20,1
38,30,6,21,5
38,30,6,22,11
38,30,6,23,8
38,30,6,24,16
38,30,6,25,13
38,30,6,26,4
38,30,6,27,14
38,30,6,28,25
38,30,6,29,23
38,30,6,30,24
38,30,7,1,1
38,30,7,2,26
38,30,7,3,3
38,30,7,4,13
38,30,7,5,16
38,30,7,6,19
38,30,7,7,17
38,30,7,8,21
38,30,7,9,15
38,30,7,10,12
38,30,7,11,5
38,30,7,12,29
38,30,7,13,28
38,30,7,14,2
38,30,7,15,9
38,30,7,16,25
38,30,7,17,10
38,30,7,18,11
38,30,7,19,30
38,30,7,20,18
38,30,7,21,4
38,30,7,22,20
38,30,7,23,8
38,30,7,24,27
38,30,7,25,23
38,30,7,26,24
38,30,7,27,14
38,30,7,28,22
38,30,7,29,7
38,30,7,30,6
38,30,8,1,17
38,30,8,2,25
38,30,8,3,15
38,30,8,4,29
38,30,8,5,28
38,30,8,6,24
38,30,8,7,7
38,30,8,8,8
38,30,8,9,20
38,30,8,10,2
38,30,8,11,13
38,30,8,12,16
38,30,8,13,5
38,30,8,14,23
38,30,8,15,30
38,30,8,16,1
38,30,8,17,12
38,30,8,18,4
38,30,8,19,14
38,30,8,20,21
38,30,8,21,3
38,30,8,22,22
38,30,8,23,27
38,30,8,24,26
38,30,8,25,18
38,30,8,26,11
38,30,8,27,19
38,30,8,28,10
38,30,8,29,9
38,30,8,30,6
38,30,9,1,21
38,30,9,2,1
38,30,9,3,12
38,30,9,4,19
38,30,9,5,25
38,30,9,6,29
38,30,9,7,27
38,30,9,8,6
38,30,9,9,23
38,30,9,10,9
38,30,9,11,3
38,30,9,12,4
38,30,9,13,10
38,30,9,14,15
38,30,9,15,2
38,30,9,16,13
38,30,9,17,8
38,30,9,18,20
38,30,9,19,16
38,30,9,20,26
38,30,9,21,30
38,30,9,22,5
38,30,9,23,7
38,30,9,24,24
38,30,9,25,22
38,30,9,26,17
38,30,9,27,11
38,30,9,28,18
38,30,9,29,14
38,30,9,30,28
39,30,1,1,20
39,30,1,2,26
39,30,1,3,17
39,30,1,4,7
39,30,1,5,9
39,30,1,6,5
39,30,1,7,3
39,30,1,8,21
39,30,1,9,23
39,30,1,10,29
39,30,1,11,14
39,30,1,12,24
39,30,1,13,8
39,30,1,14,4
39,30,1,15,12
39,30,1,16,1
39,30,1,17,11
39,30,1,18,2
39,30,1,19,16
39,30,1,20,28
39,30,1,21,22
39,30,1,22,10
39,30,1,23,30
39,30,1,24,25
39,30,1,25,13
39,30,1,26,18
39,30,1,27,19
39,30,1,28,15
39,30,1,29,27
39,30,1,30,6
39,30,2,1,18
39,30,2,2,1
39,30,2,3,23
39,30,2,4,15
39,30,2,5,16
39,30,2,6,27
39,30,2,7,17
39,30,2,8,13
39,30,2,9,29
39,30,2,10,24
39,30,2,11,8
39,30,2,12,5
39,30,2,13,9
39,30,2,14,2
39,30,2,15,7
39,30,2,16,12
39,30,2,17,22
39,30,2,18,19
39,30,2,19,4
39,30,2,20,30
39,30,2,21,25
39,30,2,22,28
39,30,2,23,11
39,30,2,24,26
39,30,2,25,6
39,30,2,26,3
39,30,2,27,14
39,30,2,28,21
39,30,2,29,10
39,30,2,30,20
39,30,3,1,10
39,30,3,2,21
39,30,3,3,5
39,30,3,4,9
39,30,3,5,19
39,30,3,6,17
39,30,3,7,26
39,30,3,8,23
39,30,3,9,25
39,30,3,10,7
39,30,3,11,14
39,30,3,12,20
39,30,3,13,15
39,30,3,14,28
39,30,3,15,13
39,30,3,16,30
39,30,3,17,12
39,30,3,18,24
39,30,3,19,18
39,30,3,20,8
39,30,3,21,4
39,30,3,22,1
39,30,3,23,11
39,30,3,24,22
39,30,3,25,6
39,30,3,26,2
39,30,3,27,29
39,30,3,28,16
39,30,3,29,3
39,30,3,30,27
39,30,4,1,25
39,30,4,2,6
39,30,4,3,23
39,30,4,4,5
39,30,4,5,1
39,30,4,6,4
39,30,4,7,8
39,30,4,8,14
39,30,4,9,26
39,30,4,10,13
39,30,4,11,21
39,30,4,12,20
39,30,4,13,10
39,30,4,14,30
39,30,4,15,11
39,30,4,16,12
39,30,4,17,3
39,30,4,18,16
39,30,4,19,2
39,30,4,20,28
39,30,4,21,7
39,30,4,22,24
39,30,4,23,18
39,30,4,24,15
39,30,4,25,29
39,30,4,26,27
39,30,4,27,22
39,30,4,28,17
39,30,4,29,9
39,30,4,30,19
39,30,5,1,28
39,30,5,2,29
39,30,5,3,20
39,30,5,4,27
39,30,5,5,5
39,30,5,6,24
39,30,5,7,1
39,30,5,8,4
39,30,5,9,6
39,30,5,10,16
39,30,5,11,21
39,30,5,12,15
39,30,5,13,18
39,30,5,14,10
39,30,5,15,2
39,30,5,16,22
39,30,5,17,13
39,30,5,18,23
39,30,5,19,3
39,30,5,20,17
39,30,5,21,14
39,30,5,22,30
39,30,5,23,11
39,30,5,24,19
39,30,5,25,9
39,30,5,26,8
39,30,5,27,12
39,30,5,28,7
39,30,5,29,26
39,30,5,30,25
39,30,6,1,14
39,30,6,2,4
39,30,6,3,13
39,30,6,4,16
39,30,6,5,8
39,30,6,6,20
39,30,6,7,10
39,30,6,8,30
39,30,6,9,17
39,30,6,10,27
39,30,6,11,18
39,30,6,12,28
39,30,6,13,19
39,30,6,14,21
39,30,6,15,15
39,30,6,16,9
39,30,6,17,12
39,30,6,18,26
39,30,6,19,24
39,30,6,20,1
39,30,6,21,2
39,30,6,22,29
39,30,6,23,22
39,30,6,24,11
39,30,6,25,6
39,30,6,26,3
39,30,6,27,7
39,30,6,28,5
39,30,6,29,23
39,30,6,30,25
39,30,7,1,16
39,30,7,2,17
39,30,7,3,19
39,30,7,4,21
39,30,7,5,28
39,30,7,6,2
39,30,7,7,15
39,30,7,8,12
39,30,7,9,5
39,30,7,10,29
39,30,7,11,9
39,30,7,12,25
39,30,7,13,10
39,30,7,14,1
39,30,7,15,3
39,30,7,16,26
39,30,7,17,11
39,30,7,18,4
39,30,7,19,30
39,30,7,20,18
39,30,7,21,8
39,30,7,22,23
39,30,7,23,27
39,30,7,24,20
39,30,7,25,7
39,30,7,26,22
39,30,7,27,6
39,30,7,28,14
39,30,7,29,24
39,30,7,30,13
39,30,8,1,5
39,30,8,2,27
39,30,8,3,26
39,30,8,4,18
39,30,8,5,11
39,30,8,6,19
39,30,8,7,10
39,30,8,8,9
39,30,8,9,6
39,30,8,10,14
39,30,8,11,17
39,30,8,12,25
39,30,8,13,15
39,30,8,14,29
39,30,8,15,24
39,30,8,16,7
39,30,8,17,8
39,30,8,18,28
39,30,8,19,4
39,30,8,20,12
39,30,8,21,22
39,30,8,22,3
39,30,8,23,23
39,30,8,24,21
39,30,8,25,30
39,30,8,26,1
39,30,8,27,20
39,30,8,28,2
39,30,8,29,13
39,30,8,30,16
39,30,9,1,30
39,30,9,2,5
39,30,9,3,17
39,30,9,4,11
39,30,9,5,18
39,30,9,6,14
39,30,9,7,28
39,30,9,8,21
39,30,9,9,1
39,30,9,10,12
39,30,9,11,19
39,30,9,12,25
39,30,9,13,29
39,30,9,14,27
39,30,9,15,6
39,30,9,16,23
39,30,9,17,9
39,30,9,18,3
39,30,9,19,4
39,30,9,20,8
39,30,9,21,13
39,30,9,22,2
39,30,9,23,10
39,30,9,24,15
39,30,9,25,20
39,30,9,26,22
39,30,9,27,24
39,30,9,28,7
39,30,9,29,16
39,30,9,30,26
40,30,1,1,8
40,30,1,2,24
40,30,1,3,14
40,30,1,4,29
40,30,1,5,23
40,30,1,6,21
40,30,1,7,3
40,30,1,8,5
40,30,1,9,9
40,30,1,10,7
40,30,1,11,17
40,30,1,12,26
40,30,1,13,20
40,30,1,14,6
40,30,1,15,27
40,30,1,16,15
40,30,1,17,19
40,30,1,18,18
40,30,1,19,13
40,30,1,20,25
40,30,1,21,30
40,30,1,22,10
40,30,1,23,22
40,30,1,24,28
40,30,1,25,16
40,30,1,26,11
40,30,1,27,12
40,30,1,28,4
40,30,1,29,1
40,30,1,30,2
40,30,2,1,25
40,30,2,2,30
40,30,2,3,4
40,30,2,4,19
40,30,2,5,22
40,30,2,6,12
40,30,2,7,7
40,30,2,8,2
40,30,2,9,9
40,30,2,10,5
40,30,2,11,13
40,30,2,12,29
40,30,2,13,8
40,30,2,14,24
40,30,2,15,3
40,30,2,16,6
40,30,2,17,28
40,30,2,18,26
40,30,2,19,11
40,30,2,20,21
40,30,2,21,14
40,30,2,22,27
40,30,2,23,17
40,30,2,24,16
40,30,2,25,15
40,30,2,26,23
40,30,2,27,10
40,30,2,28,1
40,30,2,29,20
40,30,2,30,18
40,30,3,1,13
40,30,3,2,1
40,30,3,3,11
40,30,3,4,22
40,30,3,5,6
40,30,3,6,10
40,30,3,7,21
40,30,3,8,3
40,30,3,9,27
40,30,3,10,2
40,30,3,11,29
40,30,3,12,16
40,30,3,13,5
40,30,3,14,9
40,30,3,15,19
40,30,3,16,17
40,30,3,17,26
40,30,3,18,23
40,30,3,19,25
40,30,3,20,7
40,30,3,21,14
40,30,3,22,18
40,30,3,23,8
40,30,3,24,4
40,30,3,25,24
40,30,3,26,20
40,30,3,27,28
40,30,3,28,15
40,30,3,29,30
40,30,3,30,12
40,30,4,1,21
40,30,4,2,4
40,30,4,3,13
40,30,4,4,7
40,30,4,5,24
40,30,4,6,26
40,30,4,7,8
40,30,4,8,1
40,30,4,9,14
40,30,4,10,5
40,30,4,11,23
40,30,4,12,18
40,30,4,13,15
40,30,4,14,29
40,30,4,15,27
40,30,4,16,6
40,30,4,17,25
40,30,4,18,19
40,30,4,19,9
40,30,4,20,17
40,30,4,21,22
40,30,4,22,28
40,30,4,23,2
40,30,4,24,16
40,30,4,25,3
40,30,4,26,12
40,30,4,27,30
40,30,4,28,11
40,30,4,29,10
40,30,4,30,20
40,30,5,1,13
40,30,5,2,23
40,30,5,3,22
40,30,5,4,2
40,30,5,5,3
40,30,5,6,25
40,30,5,7,28
40,30,5,8,26
40,30,5,9,7
40,30,5,10,29
40,30,5,11,12
40,30,5,12,20
40,30,5,13,5
40,30,5,14,27
40,30,5,15,24
40,30,5,16,1
40,30,5,17,4
40,30,5,18,6
40,30,5,19,16
40,30,5,20,21
40,30,5,21,15
40,30,5,22,18
40,30,5,23,11
40,30,5,24,19
40,30,5,25,9
40,30,5,26,8
40,30,5,27,14
40,30,5,28,17
40,30,5,29,30
40,30,5,30,10
40,30,6,1,26
40,30,6,2,21
40,30,6,3,19
40,30,6,4,28
40,30,6,5,15
40,30,6,6,9
40,30,6,7,12
40,30,6,8,24
40,30,6,9,1
40,30,6,10,2
40,30,6,11,18
40,30,6,12,27
40,30,6,13,29
40,30,6,14,7
40,30,6,15,3
40,30,6,16,6
40,30,6,17,17
40,30,6,18,30
40,30,6,19,10
40,30,6,20,20
40,30,6,21,16
40,30,6,22,8
40,30,6,23,22
40,30,6,24,13
40,30,6,25,4
40,30,6,26,14
40,30,6,27,11
40,30,6,28,25
40,30,6,29,23
40,30,6,30,5
40,30,7,1,17
40,30,7,2,2
40,30,7,3,28
40,30,7,4,21
40,30,7,5,19
40,30,7,6,15
40,30,7,7,12
40,30,7,8,16
40,30,7,9,13
40,30,7,10,3
40,30,7,11,26
40,30,7,12,1
40,30,7,13,5
40,30,7,14,29
40,30,7,15,9
40,30,7,16,25
40,30,7,17,10
40,30,7,18,11
40,30,7,19,4
40,30,7,20,6
40,30,7,21,24
40,30,7,22,14
40,30,7,23,22
40,30,7,24,7
40,30,7,25,20
40,30,7,26,27
40,30,7,27,23
40,30,7,28,8
40,30,7,29,18
40,30,7,30,30
40,30,8,1,18
40,30,8,2,11
40,30,8,3,19
40,30,8,4,10
40,30,8,5,9
40,30,8,6,6
40,30,8,7,17
40,30,8,8,25
40,30,8,9,15
40,30,8,10,29
40,30,8,11,24
40,30,8,12,7
40,30,8,13,8
40,30,8,14,28
40,30,8,15,20
40,30,8,16,1
40,30,8,17,12
40,30,8,18,4
40,30,8,19,14
40,30,8,20,30
40,30,8,21,21
40,30,8,22,3
40,30,8,23,22
40,30,8,24,23
40,30,8,25,2
40,30,8,26,13
40,30,8,27,16
40,30,8,28,5
40,30,8,29,27
40,30,8,30,26
40,30,9,1,11
40,30,9,2,14
40,30,9,3,18
40,30,9,4,17
40,30,9,5,28
40,30,9,6,12
40,30,9,7,19
40,30,9,8,25
40,30,9,9,29
40,30,9,10,1
40,30,9,11,21
40,30,9,12,6
40,30,9,13,27
40,30,9,14,23
40,30,9,15,9
40,30,9,16,3
40,30,9,17,4
40,30,9,18,8
40,30,9,19,13
40,30,9,20,2
40,30,9,21,10
40,30,9,22,15
40,30,9,23,20
40,30,9,24,26
40,30,9,25,30
40,30,9,26,5
40,30,9,27,7
40,30,9,28,24
40,30,9,29,22
40,30,9,30,16
41,30,1,1,17
41,30,1,2,26
41,30,1,3,20
41,30,1,4,6
41,30,1,5,19
41,30,1,6,18
41,30,1,7,15
41,30,1,8,27
41,30,1,9,13
41,30,1,10,25
41,30,1,11,30
41,30,1,12,10
41,30,1,13,22
41,30,1,14,28
41,30,1,15,16
41,30,1,16,2
41,30,1,17,11
41,30,1,18,1
41,30,1,19,12
41,30,1,20,4
41,30,1,21,8
41,30,1,22,24
41,30,1,23,14
41,30,1,24,29
41,30,1,25,23
41,30,1,26,21
41,30,1,27,3
41,30,1,28,5
41,30,1,29,9
41,30,1,30,7
41,30,2,1,13
41,30,2,2,5
41,30,2,3,9
41,30,2,4,2
41,30,2,5,7
41,30,2,6,12
41,30,2,7,22
41,30,2,8,19
41,30,2,9,4
41,30,2,10,30
41,30,2,11,25
41,30,2,12,28
41,30,2,13,11
41,30,2,14,20
41,30,2,15,18
41,30,2,16,1
41,30,2,17,10
41,30,2,18,15
41,30,2,19,23
41,30,2,20,16
41,30,2,21,17
41,30,2,22,27
41,30,2,23,14
41,30,2,24,21
41,30,2,25,26
41,30,2,26,6
41,30,2,27,3
41,30,2,28,24
41,30,2,29,8
41,30,2,30,29
41,30,3,1,10
41,30,3,2,6
41,30,3,3,22
41,30,3,4,11
41,30,3,5,8
41,30,3,6,4
41,30,3,7,1
41,30,3,8,13
41,30,3,9,30
41,30,3,10,12
41,30,3,11,24
41,30,3,12,20
41,30,3,13,15
41,30,3,14,28
41,30,3,15,14
41,30,3,16,18
41,30,3,17,23
41,30,3,18,25
41,30,3,19,7
41,30,3,20,17
41,30,3,21,19
41,30,3,22,9
41,30,3,23,26
41,30,3,24,5
41,30,3,25,16
41,30,3,26,29
41,30,3,27,2
41,30,3,28,27
41,30,3,29,3
41,30,3,30,21
41,30,4,1,25
41,30,4,2,6
41,30,4,3,22
41,30,4,4,23
41,30,4,5,5
41,30,4,6,1
41,30,4,7,4
41,30,4,8,8
41,30,4,9,14
41,30,4,10,18
41,30,4,11,26
41,30,4,12,13
41,30,4,13,21
41,30,4,14,7
41,30,4,15,24
41,30,4,16,20
41,30,4,17,10
41,30,4,18,28
41,30,4,19,12
41,30,4,20,30
41,30,4,21,11
41,30,4,22,3
41,30,4,23,16
41,30,4,24,2
41,30,4,25,29
41,30,4,26,15
41,30,4,27,27
41,30,4,28,17
41,30,4,29,9
41,30,4,30,19
41,30,5,1,23
41,30,5,2,19
41,30,5,3,11
41,30,5,4,18
41,30,5,5,15
41,30,5,6,10
41,30,5,7,30
41,30,5,8,14
41,30,5,9,17
41,30,5,10,2
41,30,5,11,13
41,30,5,12,22
41,30,5,13,3
41,30,5,14,28
41,30,5,15,25
41,30,5,16,26
41,30,5,17,7
41,30,5,18,12
41,30,5,19,29
41,30,5,20,20
41,30,5,21,27
41,30,5,22,5
41,30,5,23,24
41,30,5,24,8
41,30,5,25,1
41,30,5,26,6
41,30,5,27,4
41,30,5,28,21
41,30,5,29,16
41,30,5,30,9
41,30,6,1,26
41,30,6,2,9
41,30,6,3,15
41,30,6,4,21
41,30,6,5,19
41,30,6,6,28
41,30,6,7,18
41,30,6,8,30
41,30,6,9,10
41,30,6,10,17
41,30,6,11,27
41,30,6,12,2
41,30,6,13,29
41,30,6,14,6
41,30,6,15,22
41,30,6,16,20
41,30,6,17,8
41,30,6,18,16
41,30,6,19,13
41,30,6,20,4
41,30,6,21,14
41,30,6,22,25
41,30,6,23,23
41,30,6,24,5
41,30,6,25,11
41,30,6,26,3
41,30,6,27,7
41,30,6,28,1
41,30,6,29,12
41,30,6,30,24
41,30,7,1,23
41,30,7,2,28
41,30,7,3,2
41,30,7,4,24
41,30,7,5,16
41,30,7,6,13
41,30,7,7,17
41,30,7,8,19
41,30,7,9,21
41,30,7,10,15
41,30,7,11,12
41,30,7,12,3
41,30,7,13,26
41,30,7,14,6
41,30,7,15,14
41,30,7,16,22
41,30,7,17,1
41,30,7,18,5
41,30,7,19,29
41,30,7,20,11
41,30,7,21,4
41,30,7,22,7
41,30,7,23,20
41,30,7,24,18
41,30,7,25,9
41,30,7,26,25
41,30,7,27,10
41,30,7,28,30
41,30,7,29,8
41,30,7,30,27
41,30,8,1,7
41,30,8,2,5
41,30,8,3,16
41,30,8,4,13
41,30,8,5,2
41,30,8,6,18
41,30,8,7,26
41,30,8,8,27
41,30,8,9,23
41,30,8,10,20
41,30,8,11,30
41,30,8,12,21
41,30,8,13,3
41,30,8,14,22
41,30,8,15,11
41,30,8,16,19
41,30,8,17,10
41,30,8,18,9
41,30,8,19,6
41,30,8,20,14
41,30,8,21,4
41,30,8,22,12
41,30,8,23,1
41,30,8,24,15
41,30,8,25,25
41,30,8,26,17
41,30,8,27,29
41,30,8,28,28
41,30,8,29,24
41,30,8,30,8
41,30,9,1,10
41,30,9,2,2
41,30,9,3,13
41,30,9,4,8
41,30,9,5,4
41,30,9,6,3
41,30,9,7,9
41,30,9,8,23
41,30,9,9,6
41,30,9,10,27
41,30,9,11,29
41,30,9,12,25
41,30,9,13,19
41,30,9,14,12
41,30,9,15,1
41,30,9,16,21
41,30,9,17,28
41,30,9,18,14
41,30,9,19,18
41,30,9,20,17
41,30,9,21,11
41,30,9,22,5
41,30,9,23,30
41,30,9,24,26
41,30,9,25,16
41,30,9,26,7
41,30,9,27,24
41,30,9,28,22
41,30,9,29,20
41,30,9,30,15
42,30,1,1,23
42,30,1,2,21
42,30,1,3,3
42,30,1,4,6
42,30,1,5,20
42,30,1,6,26
42,30,1,7,17
42,30,1,8,7
42,30,1,9,24
42,30,1,10,8
42,30,1,11,14
42,30,1,12,5
42,30,1,13,9
42,30,1,14,29
42,30,1,15,4
42,30,1,16,12
42,30,1,17,1
42,30,1,18,2
42,30,1,19,11
42,30,1,20,16
42,30,1,21,28
42,30,1,22,22
42,30,1,23,10
42,30,1,24,30
42,30,1,25,25
42,30,1,26,13
42,30,1,27,18
42,30,1,28,19
42,30,1,29,15
42,30,1,30,27
42,30,2,1,25
42,30,2,2,30
42,30,2,3,4
42,30,2,4,19
42,30,2,5,22
42,30,2,6,12
42,30,2,7,7
42,30,2,8,2
42,30,2,9,9
42,30,2,10,5
42,30,2,11,8
42,30,2,12,29
42,30,2,13,13
42,30,2,14,17
42,30,2,15,16
42,30,2,16,15
42,30,2,17,23
42,30,2,18,1
42,30,2,19,18
42,30,2,20,10
42,30,2,21,20
42,30,2,22,21
42,30,2,23,14
42,30,2,24,27
42,30,2,25,24
42,30,2,26,3
42,30,2,27,6
42,30,2,28,26
42,30,2,29,11
42,30,2,30,28
42,30,3,1,18
42,30,3,2,14
42,30,3,3,7
42,30,3,4,19
42,30,3,5,17
42,30,3,6,9
42,30,3,7,26
42,30,3,8,5
42,30,3,9,16
42,30,3,10,29
42,30,3,11,2
42,30,3,12,27
42,30,3,13,3
42,30,3,14,21
42,30,3,15,10
42,30,3,16,6
42,30,3,17,22
42,30,3,18,11
42,30,3,19,1
42,30,3,20,4
42,30,3,21,12
42,30,3,22,30
42,30,3,23,13
42,30,3,24,28
42,30,3,25,15
42,30,3,26,20
42,30,3,27,24
42,30,3,28,8
42,30,3,29,23
42,30,3,30,25
42,30,4,1,19
42,30,4,2,25
42,30,4,3,6
42,30,4,4,5
42,30,4,5,1
42,30,4,6,4
42,30,4,7,21
42,30,4,8,20
42,30,4,9,10
42,30,4,10,30
42,30,4,11,11
42,30,4,12,12
42,30,4,13,3
42,30,4,14,16
42,30,4,15,2
42,30,4,16,28
42,30,4,17,7
42,30,4,18,13
42,30,4,19,24
42,30,4,20,26
42,30,4,21,14
42,30,4,22,8
42,30,4,23,23
42,30,4,24,18
42,30,4,25,15
42,30,4,26,29
42,30,4,27,27
42,30,4,28,22
42,30,4,29,17
42,30,4,30,9
42,30,5,1,15
42,30,5,2,10
42,30,5,3,2
42,30,5,4,13
42,30,5,5,23
42,30,5,6,22
42,30,5,7,3
42,30,5,8,25
42,30,5,9,28
42,30,5,10,17
42,30,5,11,30
42,30,5,12,14
42,30,5,13,26
42,30,5,14,7
42,30,5,15,29
42,30,5,16,20
42,30,5,17,5
42,30,5,18,27
42,30,5,19,12
42,30,5,20,24
42,30,5,21,1
42,30,5,22,4
42,30,5,23,6
42,30,5,24,8
42,30,5,25,9
42,30,5,26,19
42,30,5,27,11
42,30,5,28,16
42,30,5,29,21
42,30,5,30,18
42,30,6,1,29
42,30,6,2,15
42,30,6,3,21
42,30,6,4,19
42,30,6,5,28
42,30,6,6,18
42,30,6,7,30
42,30,6,8,10
42,30,6,9,20
42,30,6,10,16
42,30,6,11,8
42,30,6,12,22
42,30,6,13,13
42,30,6,14,4
42,30,6,15,11
42,30,6,16,14
42,30,6,17,25
42,30,6,18,23
42,30,6,19,5
42,30,6,20,24
42,30,6,21,26
42,30,6,22,9
42,30,6,23,12
42,30,6,24,1
42,30,6,25,7
42,30,6,26,3
42,30,6,27,6
42,30,6,28,17
42,30,6,29,27
42,30,6,30,2
42,30,7,1,24
42,30,7,2,16
42,30,7,3,17
42,30,7,4,28
42,30,7,5,2
42,30,7,6,10
42,30,7,7,30
42,30,7,8,8
42,30,7,9,23
42,30,7,10,20
42,30,7,11,7
42,30,7,12,22
42,30,7,13,14
42,30,7,14,6
42,30,7,15,13
42,30,7,16,19
42,30,7,17,21
42,30,7,18,15
42,30,7,19,12
42,30,7,20,5
42,30,7,21,29
42,30,7,22,9
42,30,7,23,25
42,30,7,24,11
42,30,7,25,4
42,30,7,26,18
42,30,7,27,27
42,30,7,28,1
42,30,7,29,3
42,30,7,30,26
42,30,8,1,2
42,30,8,2,13
42,30,8,3,16
42,30,8,4,5
42,30,8,5,27
42,30,8,6,26
42,30,8,7,18
42,30,8,8,11
42,30,8,9,19
42,30,8,10,10
42,30,8,11,9
42,30,8,12,6
42,30,8,13,14
42,30,8,14,4
42,30,8,15,12
42,30,8,16,1
42,30,8,17,22
42,30,8,18,3
42,30,8,19,21
42,30,8,20,30
42,30,8,21,23
42,30,8,22,20
42,30,8,23,15
42,30,8,24,17
42,30,8,25,25
42,30,8,26,28
42,30,8,27,29
42,30,8,28,24
42,30,8,29,7
42,30,8,30,8
42,30,9,1,8
42,30,9,2,16
42,30,9,3,26
42,30,9,4,30
42,30,9,5,5
42,30,9,6,11
42,30,9,7,17
42,30,9,8,18
42,30,9,9,14
42,30,9,10,12
42,30,9,11,19
42,30,9,12,25
42,30,9,13,29
42,30,9,14,27
42,30,9,15,6
42,30,9,16,1
42,30,9,17,28
42,30,9,18,21
42,30,9,19,22
42,30,9,20,24
42,30,9,21,7
42,30,9,22,15
42,30,9,23,10
42,30,9,24,23
42,30,9,25,9
42,30,9,26,3
42,30,9,27,4
42,30,9,28,2
42,30,9,29,20
42,30,9,30,13
43,30,1,1,24
43,30,1,2,8
43,30,1,3,4
43,30,1,4,12
43,30,1,5,1
43,30,1,6,11
43,30,1,7,2
43,30,1,8,16
43,30,1,9,28
43,30,1,10,22
43,30,1,11,10
43,30,1,12,30
43,30,1,13,25
43,30,1,14,13
43,30,1,15,18
43,30,1,16,15
43,30,1,17,27
43,30,1,18,19
43,30,1,19,6
43,30,1,20,20
43,30,1,21,26
43,30,1,22,17
43,30,1,23,7
43,30,1,24,5
43,30,1,25,9
43,30,1,26,3
43,30,1,27,21
43,30,1,28,23
43,30,1,29,29
43,30,1,30,14
43,30,2,1,3
43,30,2,2,6
43,30,2,3,26
43,30,2,4,11
43,30,2,5,28
43,30,2,6,25
43,30,2,7,30
43,30,2,8,4
43,30,2,9,19
43,30,2,10,22
43,30,2,11,12
43,30,2,12,7
43,30,2,13,2
43,30,2,14,9
43,30,2,15,5
43,30,2,16,8
43,30,2,17,24
43,30,2,18,29
43,30,2,19,13
43,30,2,20,17
43,30,2,21,16
43,30,2,22,15
43,30,2,23,23
43,30,2,24,1
43,30,2,25,10
43,30,2,26,18
43,30,2,27,20
43,30,2,28,21
43,30,2,29,14
43,30,2,30,27
43,30,3,1,21
43,30,3,2,3
43,30,3,3,27
43,30,3,4,2
43,30,3,5,29
43,30,3,6,16
43,30,3,7,5
43,30,3,8,9
43,30,3,9,19
43,30,3,10,17
43,30,3,11,26
43,30,3,12,25
43,30,3,13,23
43,30,3,14,7
43,30,3,15,14
43,30,3,16,18
43,30,3,17,24
43,30,3,18,12
43,30,3,19,30
43,30,3,20,20
43,30,3,21,15
43,30,3,22,28
43,30,3,23,13
43,30,3,24,1
43,30,3,25,4
43,30,3,26,8
43,30,3,27,6
43,30,3,28,22
43,30,3,29,11
43,30,3,30,10
43,30,4,1,21
43,30,4,2,13
43,30,4,3,26
43,30,4,4,14
43,30,4,5,5
43,30,4,6,8
43,30,4,7,4
43,30,4,8,1
43,30,4,9,23
43,30,4,10,18
43,30,4,11,15
43,30,4,12,27
43,30,4,13,22
43,30,4,14,6
43,30,4,15,25
43,30,4,16,19
43,30,4,17,9
43,30,4,18,17
43,30,4,19,29
43,30,4,20,2
43,30,4,21,3
43,30,4,22,16
43,30,4,23,12
43,30,4,24,11
43,30,4,25,30
43,30,4,26,28
43,30,4,27,10
43,30,4,28,20
43,30,4,29,24
43,30,4,30,7
43,30,5,1,23
43,30,5,2,13
43,30,5,3,22
43,30,5,4,2
43,30,5,5,3
43,30,5,6,17
43,30,5,7,14
43,30,5,8,30
43,30,5,9,10
43,30,5,10,18
43,30,5,11,15
43,30,5,12,11
43,30,5,13,19
43,30,5,14,9
43,30,5,15,8
43,30,5,16,12
43,30,5,17,7
43,30,5,18,26
43,30,5,19,25
43,30,5,20,28
43,30,5,21,29
43,30,5,22,20
43,30,5,23,5
43,30,5,24,27
43,30,5,25,24
43,30,5,26,1
43,30,5,27,4
43,30,5,28,6
43,30,5,29,16
43,30,5,30,21
43,30,6,1,30
43,30,6,2,10
43,30,6,3,17
43,30,6,4,27
43,30,6,5,9
43,30,6,6,12
43,30,6,7,1
43,30,6,8,24
43,30,6,9,26
43,30,6,10,23
43,30,6,11,25
43,30,6,12,14
43,30,6,13,4
43,30,6,14,13
43,30,6,15,8
43,30,6,16,20
43,30,6,17,16
43,30,6,18,22
43,30,6,19,11
43,30,6,20,5
43,30,6,21,6
43,30,6,22,2
43,30,6,23,29
43,30,6,24,3
43,30,6,25,7
43,30,6,26,15
43,30,6,27,21
43,30,6,28,19
43,30,6,29,28
43,30,6,30,18
43,30,7,1,11
43,30,7,2,4
43,30,7,3,30
43,30,7,4,18
43,30,7,5,20
43,30,7,6,8
43,30,7,7,23
43,30,7,8,27
43,30,7,9,24
43,30,7,10,14
43,30,7,11,22
43,30,7,12,7
43,30,7,13,6
43,30,7,14,13
43,30,7,15,21
43,30,7,16,19
43,30,7,17,17
43,30,7,18,15
43,30,7,19,16
43,30,7,20,3
43,30,7,21,12
43,30,7,22,28
43,30,7,23,2
43,30,7,24,10
43,30,7,25,25
43,30,7,26,9
43,30,7,27,29
43,30,7,28,5
43,30,7,29,1
43,30,7,30,26
43,30,8,1,18
43,30,8,2,26
43,30,8,3,27
43,30,8,4,5
43,30,8,5,16
43,30,8,6,13
43,30,8,7,2
43,30,8,8,23
43,30,8,9,3
43,30,8,10,21
43,30,8,11,30
43,30,8,12,20
43,30,8,13,1
43,30,8,14,28
43,30,8,15,8
43,30,8,16,7
43,30,8,17,24
43,30,8,18,29
43,30,8,19,15
43,30,8,20,25
43,30,8,21,17
43,30,8,22,12
43,30,8,23,22
43,30,8,24,4
43,30,8,25,14
43,30,8,26,6
43,30,8,27,9
43,30,8,28,10
43,30,8,29,19
43,30,8,30,11
43,30,9,1,11
43,30,9,2,14
43,30,9,3,19
43,30,9,4,12
43,30,9,5,25
43,30,9,6,29
43,30,9,7,1
43,30,9,8,27
43,30,9,9,6
43,30,9,10,23
43,30,9,11,9
43,30,9,12,3
43,30,9,13,4
43,30,9,14,10
43,30,9,15,15
43,30,9,16,2
43,30,9,17,13
43,30,9,18,8
43,30,9,19,20
43,30,9,20,16
43,30,9,21,26
43,30,9,22,30
43,30,9,23,5
43,30,9,24,7
43,30,9,25,24
43,30,9,26,22
43,30,9,27,21
43,30,9,28,28
43,30,9,29,18
43,30,9,30,17
44,30,1,1,2
44,30,1,2,28
44,30,1,3,10
44,30,1,4,23
44,30,1,5,21
44,30,1,6,3
44,30,1,7,9
44,30,1,8,5
44,30,1,9,7
44,30,1,10,17
44,30,1,11,26
44,30,1,12,20
44,30,1,13,6
44,30,1,14,27
44,30,1,15,15
44,30,1,16,13
44,30,1,17,18
44,30,1,18,19
44,30,1,19,25
44,30,1,20,30
44,30,1,21,29
44,30,1,22,14
44,30,1,23,24
44,30,1,24,8
44,30,1,25,4
44,30,1,26,12
44,30,1,27,1
44,30,1,28,11
44,30,1,29,16
44,30,1,30,22
44,30,2,1,11
44,30,2,2,28
44,30,2,3,25
44,30,2,4,30
44,30,2,5,4
44,30,2,6,19
44,30,2,7,22
44,30,2,8,12
44,30,2,9,7
44,30,2,10,2
44,30,2,11,9
44,30,2,12,5
44,30,2,13,8
44,30,2,14,13
44,30,2,15,29
44,30,2,16,24
44,30,2,17,3
44,30,2,18,6
44,30,2,19,26
44,30,2,20,21
44,30,2,21,14
44,30,2,22,27
44,30,2,23,17
44,30,2,24,16
44,30,2,25,23
44,30,2,26,15
44,30,2,27,1
44,30,2,28,18
44,30,2,29,10
44,30,2,30,20
44,30,3,1,11
44,30,3,2,22
44,30,3,3,6
44,30,3,4,10
44,30,3,5,21
44,30,3,6,3
44,30,3,7,27
44,30,3,8,2
44,30,3,9,29
44,30,3,10,16
44,30,3,11,5
44,30,3,12,9
44,30,3,13,19
44,30,3,14,17
44,30,3,15,26
44,30,3,16,23
44,30,3,17,25
44,30,3,18,7
44,30,3,19,14
44,30,3,20,20
44,30,3,21,15
44,30,3,22,28
44,30,3,23,13
44,30,3,24,30
44,30,3,25,12
44,30,3,26,24
44,30,3,27,18
44,30,3,28,8
44,30,3,29,4
44,30,3,30,1
44,30,4,1,15
44,30,4,2,27
44,30,4,3,29
44,30,4,4,17
44,30,4,5,22
44,30,4,6,6
44,30,4,7,25
44,30,4,8,19
44,30,4,9,9
44,30,4,10,2
44,30,4,11,16
44,30,4,12,3
44,30,4,13,11
44,30,4,14,30
44,30,4,15,12
44,30,4,16,28
44,30,4,17,10
44,30,4,18,20
44,30,4,19,24
44,30,4,20,7
44,30,4,21,13
44,30,4,22,21
44,30,4,23,26
44,30,4,24,18
44,30,4,25,14
44,30,4,26,8
44,30,4,27,4
44,30,4,28,1
44,30,4,29,5
44,30,4,30,23
44,30,5,1,26
44,30,5,2,25
44,30,5,3,3
44,30,5,4,28
44,30,5,5,23
44,30,5,6,13
44,30,5,7,22
44,30,5,8,2
44,30,5,9,17
44,30,5,10,14
44,30,5,11,30
44,30,5,12,10
44,30,5,13,15
44,30,5,14,18
44,30,5,15,11
44,30,5,16,19
44,30,5,17,9
44,30,5,18,7
44,30,5,19,8
44,30,5,20,12
44,30,5,21,24
44,30,5,22,1
44,30,5,23,4
44,30,5,24,6
44,30,5,25,16
44,30,5,26,21
44,30,5,27,5
44,30,5,28,20
44,30,5,29,27
44,30,5,30,29
44,30,6,1,6
44,30,6,2,5
44,30,6,3,23
44,30,6,4,25
44,30,6,5,14
44,30,6,6,4
44,30,6,7,13
44,30,6,8,16
44,30,6,9,8
44,30,6,10,20
44,30,6,11,10
44,30,6,12,30
44,30,6,13,17
44,30,6,14,27
44,30,6,15,18
44,30,6,16,28
44,30,6,17,19
44,30,6,18,21
44,30,6,19,15
44,30,6,20,9
44,30,6,21,2
44,30,6,22,12
44,30,6,23,26
44,30,6,24,24
44,30,6,25,1
44,30,6,26,7
44,30,6,27,3
44,30,6,28,29
44,30,6,29,22
44,30,6,30,11
44,30,7,1,15
44,30,7,2,12
44,30,7,3,5
44,30,7,4,29
44,30,7,5,9
44,30,7,6,25
44,30,7,7,10
44,30,7,8,30
44,30,7,9,8
44,30,7,10,23
44,30,7,11,27
44,30,7,12,18
44,30,7,13,4
44,30,7,14,11
44,30,7,15,1
44,30,7,16,3
44,30,7,17,26
44,30,7,18,6
44,30,7,19,7
44,30,7,20,20
44,30,7,21,22
44,30,7,22,14
44,30,7,23,24
44,30,7,24,13
44,30,7,25,16
44,30,7,26,19
44,30,7,27,17
44,30,7,28,21
44,30,7,29,28
44,30,7,30,2
44,30,8,1,20
44,30,8,2,28
44,30,8,3,8
44,30,8,4,7
44,30,8,5,24
44,30,8,6,29
44,30,8,7,15
44,30,8,8,25
44,30,8,9,17
44,30,8,10,6
44,30,8,11,1
44,30,8,12,12
44,30,8,13,4
44,30,8,14,14
44,30,8,15,9
44,30,8,16,10
44,30,8,17,19
44,30,8,18,11
44,30,8,19,18
44,30,8,20,22
44,30,8,21,3
44,30,8,22,26
44,30,8,23,27
44,30,8,24,21
44,30,8,25,30
44,30,8,26,23
44,30,8,27,5
44,30,8,28,16
44,30,8,29,13
44,30,8,30,2
44,30,9,1,1
44,30,9,2,6
44,30,9,3,21
44,30,9,4,28
44,30,9,5,18
44,30,9,6,17
44,30,9,7,11
44,30,9,8,14
44,30,9,9,12
44,30,9,10,19
44,30,9,11,25
44,30,9,12,29
44,30,9,13,27
44,30,9,14,23
44,30,9,15,9
44,30,9,16,15
44,30,9,17,10
44,30,9,18,3
44,30,9,19,4
44,30,9,20,8
44,30,9,21,13
44,30,9,22,2
44,30,9,23,20
44,30,9,24,16
44,30,9,25,26
44,30,9,26,30
44,30,9,27,5
44,30,9,28,7
44,30,9,29,24
44,30,9,30,22
45,30,1,1,8
45,30,1,2,24
45,30,1,3,5
45,30,1,4,7
45,30,1,5,17
45,30,1,6,26
45,30,1,7,20
45,30,1,8,6
45,30,1,9,9
45,30,1,10,3
45,30,1,11,21
45,30,1,12,23
45,30,1,13,30
45,30,1,14,19
45,30,1,15,27
45,30,1,16,15
45,30,1,17,18
45,30,1,18,13
45,30,1,19,25
45,30,1,20,10
45,30,1,21,22
45,30,1,22,28
45,30,1,23,16
45,30,1,24,2
45,30,1,25,11
45,30,1,26,1
45,30,1,27,12
45,30,1,28,4
45,30,1,29,14
45,30,1,30,29
45,30,2,1,16
45,30,2,2,23
45,30,2,3,15
45,30,2,4,1
45,30,2,5,18
45,30,2,6,10
45,30,2,7,20
45,30,2,8,25
45,30,2,9,30
45,30,2,10,4
45,30,2,11,19
45,30,2,12,22
45,30,2,13,12
45,30,2,14,7
45,30,2,15,2
45,30,2,16,9
45,30,2,17,5
45,30,2,18,8
45,30,2,19,13
45,30,2,20,29
45,30,2,21,24
45,30,2,22,17
45,30,2,23,27
45,30,2,24,3
45,30,2,25,14
45,30,2,26,6
45,30,2,27,28
45,30,2,28,26
45,30,2,29,11
45,30,2,30,21
45,30,3,1,28
45,30,3,2,13
45,30,3,3,1
45,30,3,4,11
45,30,3,5,22
45,30,3,6,10
45,30,3,7,6
45,30,3,8,4
45,30,3,9,8
45,30,3,10,12
45,30,3,11,30
45,30,3,12,24
45,30,3,13,20
45,30,3,14,15
45,30,3,15,14
45,30,3,16,18
45,30,3,17,2
45,30,3,18,27
45,30,3,19,3
45,30,3,20,21
45,30,3,21,29
45,30,3,22,16
45,30,3,23,5
45,30,3,24,9
45,30,3,25,26
45,30,3,26,23
45,30,3,27,25
45,30,3,28,17
45,30,3,29,19
45,30,3,30,7
45,30,4,1,21
45,30,4,2,20
45,30,4,3,10
45,30,4,4,30
45,30,4,5,11
45,30,4,6,3
45,30,4,7,16
45,30,4,8,2
45,30,4,9,12
45,30,4,10,28
45,30,4,11,29
45,30,4,12,19
45,30,4,13,9
45,30,4,14,25
45,30,4,15,17
45,30,4,16,22
45,30,4,17,6
45,30,4,18,27
45,30,4,19,15
45,30,4,20,23
45,30,4,21,5
45,30,4,22,1
45,30,4,23,8
45,30,4,24,4
45,30,4,25,18
45,30,4,26,14
45,30,4,27,24
45,30,4,28,7
45,30,4,29,13
45,30,4,30,26
45,30,5,1,11
45,30,5,2,19
45,30,5,3,9
45,30,5,4,16
45,30,5,5,21
45,30,5,6,6
45,30,5,7,4
45,30,5,8,1
45,30,5,9,8
45,30,5,10,24
45,30,5,11,12
45,30,5,12,29
45,30,5,13,27
45,30,5,14,20
45,30,5,15,5
45,30,5,16,28
45,30,5,17,7
45,30,5,18,26
45,30,5,19,25
45,30,5,20,3
45,30,5,21,23
45,30,5,22,13
45,30,5,23,22
45,30,5,24,2
45,30,5,25,17
45,30,5,26,14
45,30,5,27,30
45,30,5,28,10
45,30,5,29,15
45,30,5,30,18
45,30,6,1,30
45,30,6,2,28
45,30,6,3,19
45,30,6,4,21
45,30,6,5,15
45,30,6,6,18
45,30,6,7,9
45,30,6,8,12
45,30,6,9,26
45,30,6,10,24
45,30,6,11,1
45,30,6,12,7
45,30,6,13,2
45,30,6,14,29
45,30,6,15,3
45,30,6,16,27
45,30,6,17,6
45,30,6,18,5
45,30,6,19,23
45,30,6,20,25
45,30,6,21,11
45,30,6,22,14
45,30,6,23,4
45,30,6,24,13
45,30,6,25,22
45,30,6,26,8
45,30,6,27,16
45,30,6,28,20
45,30,6,29,17
45,30,6,30,10
45,30,7,1,17
45,30,7,2,16
45,30,7,3,13
45,30,7,4,24
45,30,7,5,14
45,30,7,6,6
45,30,7,7,22
45,30,7,8,7
45,30,7,9,20
45,30,7,10,27
45,30,7,11,23
45,30,7,12,8
45,30,7,13,18
45,30,7,14,30
45,30,7,15,4
45,30,7,16,11
45,30,7,17,10
45,30,7,18,25
45,30,7,19,9
45,30,7,20,29
45,30,7,21,1
45,30,7,22,5
45,30,7,23,26
45,30,7,24,3
45,30,7,25,12
45,30,7,26,19
45,30,7,27,15
45,30,7,28,21
45,30,7,29,28
45,30,7,30,2
45,30,8,1,5
45,30,8,2,16
45,30,8,3,13
45,30,8,4,2
45,30,8,5,20
45,30,8,6,8
45,30,8,7,7
45,30,8,8,24
45,30,8,9,29
45,30,8,10,28
45,30,8,11,15
45,30,8,12,25
45,30,8,13,17
45,30,8,14,19
45,30,8,15,10
45,30,8,16,9
45,30,8,17,6
45,30,8,18,14
45,30,8,19,4
45,30,8,20,12
45,30,8,21,1
45,30,8,22,11
45,30,8,23,18
45,30,8,24,22
45,30,8,25,3
45,30,8,26,21
45,30,8,27,30
45,30,8,28,23
45,30,8,29,26
45,30,8,30,27
45,30,9,1,11
45,30,9,2,17
45,30,9,3,5
45,30,9,4,30
45,30,9,5,26
45,30,9,6,16
45,30,9,7,7
45,30,9,8,24
45,30,9,9,22
45,30,9,10,20
45,30,9,11,8
45,30,9,12,4
45,30,9,13,13
45,30,9,14,3
45,30,9,15,2
45,30,9,16,9
45,30,9,17,23
45,30,9,18,10
45,30,9,19,15
45,30,9,20,6
45,30,9,21,27
45,30,9,22,29
45,30,9,23,25
45,30,9,24,19
45,30,9,25,1
45,30,9,26,12
45,30,9,27,21
45,30,9,28,28
45,30,9,29,14
45,30,9,30,18
46,30,1,1,13
46,30,1,2,25
46,30,1,3,18
46,30,1,4,15
46,30,1,5,27
46,30,1,6,19
46,30,1,7,6
46,30,1,8,20
46,30,1,9,26
46,30,1,10,17
46,30,1,11,7
46,30,1,12,5
46,30,1,13,9
46,30,1,14,3
46,30,1,15,21
46,30,1,16,23
46,30,1,17,29
46,30,1,18,14
46,30,1,19,24
46,30,1,20,8
46,30,1,21,4
46,30,1,22,12
46,30,1,23,1
46,30,1,24,11
46,30,1,25,16
46,30,1,26,2
46,30,1,27,28
46,30,1,28,22
46,30,1,29,10
46,30,1,30,30
46,30,2,1,16
46,30,2,2,23
46,30,2,3,15
46,30,2,4,1
46,30,2,5,10
46,30,2,6,18
46,30,2,7,20
46,30,2,8,21
46,30,2,9,11
46,30,2,10,28
46,30,2,11,25
46,30,2,12,30
46,30,2,13,4
46,30,2,14,19
46,30,2,15,22
46,30,2,16,12
46,30,2,17,7
46,30,2,18,2
46,30,2,19,9
46,30,2,20,5
46,30,2,21,8
46,30,2,22,13
46,30,2,23,29
46,30,2,24,24
46,30,2,25,3
46,30,2,26,6
46,30,2,27,26
46,30,2,28,14
46,30,2,29,27
46,30,2,30,17
46,30,3,1,10
46,30,3,2,6
46,30,3,3,22
46,30,3,4,11
46,30,3,5,1
46,30,3,6,4
46,30,3,7,8
46,30,3,8,18
46,30,3,9,24
46,30,3,10,12
46,30,3,11,30
46,30,3,12,20
46,30,3,13,13
46,30,3,14,15
46,30,3,15,28
46,30,3,16,14
46,30,3,17,7
46,30,3,18,25
46,30,3,19,23
46,30,3,20,26
46,30,3,21,17
46,30,3,22,19
46,30,3,23,9
46,30,3,24,5
46,30,3,25,21
46,30,3,26,3
46,30,3,27,16
46,30,3,28,29
46,30,3,29,2
46,30,3,30,27
46,30,4,1,21
46,30,4,2,13
46,30,4,3,26
46,30,4,4,14
46,30,4,5,8
46,30,4,6,4
46,30,4,7,1
46,30,4,8,5
46,30,4,9,23
46,30,4,10,18
46,30,4,11,15
46,30,4,12,27
46,30,4,13,22
46,30,4,14,6
46,30,4,15,25
46,30,4,16,19
46,30,4,17,9
46,30,4,18,17
46,30,4,19,29
46,30,4,20,2
46,30,4,21,16
46,30,4,22,3
46,30,4,23,11
46,30,4,24,30
46,30,4,25,12
46,30,4,26,28
46,30,4,27,10
46,30,4,28,20
46,30,4,29,24
46,30,4,30,7
46,30,5,1,25
46,30,5,2,3
46,30,5,3,23
46,30,5,4,13
46,30,5,5,22
46,30,5,6,2
46,30,5,7,17
46,30,5,8,14
46,30,5,9,30
46,30,5,10,10
46,30,5,11,15
46,30,5,12,18
46,30,5,13,11
46,30,5,14,19
46,30,5,15,21
46,30,5,16,16
46,30,5,17,6
46,30,5,18,4
46,30,5,19,1
46,30,5,20,9
46,30,5,21,8
46,30,5,22,24
46,30,5,23,27
46,30,5,24,5
46,30,5,25,20
46,30,5,26,29
46,30,5,27,12
46,30,5,28,7
46,30,5,29,26
46,30,5,30,28
46,30,6,1,21
46,30,6,2,19
46,30,6,3,28
46,30,6,4,18
46,30,6,5,30
46,30,6,6,10
46,30,6,7,17
46,30,6,8,27
46,30,6,9,2
46,30,6,10,29
46,30,6,11,6
46,30,6,12,22
46,30,6,13,20
46,30,6,14,8
46,30,6,15,16
46,30,6,16,13
46,30,6,17,11
46,30,6,18,4
46,30,6,19,14
46,30,6,20,25
46,30,6,21,23
46,30,6,22,5
46,30,6,23,3
46,30,6,24,7
46,30,6,25,1
46,30,6,26,24
46,30,6,27,26
46,30,6,28,12
46,30,6,29,9
46,30,6,30,15
46,30,7,1,17
46,30,7,2,21
46,30,7,3,28
46,30,7,4,2
46,30,7,5,15
46,30,7,6,12
46,30,7,7,5
46,30,7,8,1
46,30,7,9,29
46,30,7,10,9
46,30,7,11,25
46,30,7,12,10
46,30,7,13,30
46,30,7,14,11
46,30,7,15,4
46,30,7,16,18
46,30,7,17,8
46,30,7,18,23
46,30,7,19,27
46,30,7,20,20
46,30,7,21,7
46,30,7,22,22
46,30,7,23,24
46,30,7,24,14
46,30,7,25,6
46,30,7,26,13
46,30,7,27,16
46,30,7,28,26
46,30,7,29,3
46,30,7,30,19
46,30,8,1,30
46,30,8,2,19
46,30,8,3,10
46,30,8,4,9
46,30,8,5,6
46,30,8,6,14
46,30,8,7,11
46,30,8,8,18
46,30,8,9,22
46,30,8,10,3
46,30,8,11,23
46,30,8,12,21
46,30,8,13,26
46,30,8,14,27
46,30,8,15,5
46,30,8,16,16
46,30,8,17,13
46,30,8,18,2
46,30,8,19,20
46,30,8,20,1
46,30,8,21,28
46,30,8,22,8
46,30,8,23,7
46,30,8,24,24
46,30,8,25,29
46,30,8,26,25
46,30,8,27,15
46,30,8,28,17
46,30,8,29,4
46,30,8,30,12
46,30,9,1,11
46,30,9,2,14
46,30,9,3,19
46,30,9,4,25
46,30,9,5,29
46,30,9,6,27
46,30,9,7,23
46,30,9,8,9
46,30,9,9,3
46,30,9,10,4
46,30,9,11,6
46,30,9,12,10
46,30,9,13,15
46,30,9,14,2
46,30,9,15,13
46,30,9,16,8
46,30,9,17,16
46,30,9,18,20
46,30,9,19,7
46,30,9,20,26
46,30,9,21,30
46,30,9,22,5
46,30,9,23,24
46,30,9,24,22
46,30,9,25,21
46,30,9,26,1
46,30,9,27,12
46,30,9,28,28
46,30,9,29,18
46,30,9,30,17
47,30,1,1,8
47,30,1,2,4
47,30,1,3,12
47,30,1,4,1
47,30,1,5,2
47,30,1,6,11
47,30,1,7,16
47,30,1,8,28
47,30,1,9,22
47,30,1,10,10
47,30,1,11,30
47,30,1,12,25
47,30,1,13,13
47,30,1,14,18
47,30,1,15,19
47,30,1,16,15
47,30,1,17,27
47,30,1,18,6
47,30,1,19,20
47,30,1,20,26
47,30,1,21,17
47,30,1,22,7
47,30,1,23,5
47,30,1,24,9
47,30,1,25,3
47,30,1,26,21
47,30,1,27,23
47,30,1,28,29
47,30,1,29,14
47,30,1,30,24
47,30,2,1,13
47,30,2,2,29
47,30,2,3,24
47,30,2,4,8
47,30,2,5,5
47,30,2,6,9
47,30,2,7,2
47,30,2,8,7
47,30,2,9,12
47,30,2,10,22
47,30,2,11,19
47,30,2,12,4
47,30,2,13,25
47,30,2,14,30
47,30,2,15,28
47,30,2,16,3
47,30,2,17,6
47,30,2,18,26
47,30,2,19,11
47,30,2,20,21
47,30,2,21,14
47,30,2,22,20
47,30,2,23,18
47,30,2,24,1
47,30,2,25,10
47,30,2,26,23
47,30,2,27,15
47,30,2,28,16
47,30,2,29,17
47,30,2,30,27
47,30,3,1,11
47,30,3,2,22
47,30,3,3,6
47,30,3,4,8
47,30,3,5,4
47,30,3,6,1
47,30,3,7,12
47,30,3,8,24
47,30,3,9,18
47,30,3,10,14
47,30,3,11,30
47,30,3,12,20
47,30,3,13,15
47,30,3,14,13
47,30,3,15,28
47,30,3,16,7
47,30,3,17,25
47,30,3,18,23
47,30,3,19,26
47,30,3,20,17
47,30,3,21,19
47,30,3,22,9
47,30,3,23,5
47,30,3,24,16
47,30,3,25,29
47,30,3,26,2
47,30,3,27,27
47,30,3,28,3
47,30,3,29,21
47,30,3,30,10
47,30,4,1,21
47,30,4,2,4
47,30,4,3,8
47,30,4,4,1
47,30,4,5,5
47,30,4,6,14
47,30,4,7,26
47,30,4,8,13
47,30,4,9,7
47,30,4,10,24
47,30,4,11,18
47,30,4,12,23
47,30,4,13,15
47,30,4,14,6
47,30,4,15,25
47,30,4,16,19
47,30,4,17,9
47,30,4,18,17
47,30,4,19,22
47,30,4,20,27
47,30,4,21,29
47,30,4,22,16
47,30,4,23,3
47,30,4,24,11
47,30,4,25,30
47,30,4,26,12
47,30,4,27,2
47,30,4,28,28
47,30,4,29,10
47,30,4,30,20
47,30,5,1,23
47,30,5,2,13
47,30,5,3,22
47,30,5,4,2
47,30,5,5,17
47,30,5,6,14
47,30,5,7,30
47,30,5,8,10
47,30,5,9,18
47,30,5,10,15
47,30,5,11,21
47,30,5,12,16
47,30,5,13,11
47,30,5,14,19
47,30,5,15,6
47,30,5,16,4
47,30,5,17,1
47,30,5,18,24
47,30,5,19,5
47,30,5,20,20
47,30,5,21,27
47,30,5,22,29
47,30,5,23,12
47,30,5,24,8
47,30,5,25,9
47,30,5,26,7
47,30,5,27,26
47,30,5,28,28
47,30,5,29,25
47,30,5,30,3
47,30,6,1,30
47,30,6,2,19
47,30,6,3,21
47,30,6,4,15
47,30,6,5,28
47,30,6,6,18
47,30,6,7,17
47,30,6,8,27
47,30,6,9,2
47,30,6,10,9
47,30,6,11,12
47,30,6,12,1
47,30,6,13,24
47,30,6,14,26
47,30,6,15,29
47,30,6,16,7
47,30,6,17,3
47,30,6,18,6
47,30,6,19,5
47,30,6,20,23
47,30,6,21,25
47,30,6,22,14
47,30,6,23,4
47,30,6,24,13
47,30,6,25,11
47,30,6,26,22
47,30,6,27,8
47,30,6,28,16
47,30,6,29,20
47,30,6,30,10
47,30,7,1,10
47,30,7,2,25
47,30,7,3,9
47,30,7,4,11
47,30,7,5,4
47,30,7,6,30
47,30,7,7,18
47,30,7,8,8
47,30,7,9,23
47,30,7,10,27
47,30,7,11,20
47,30,7,12,7
47,30,7,13,22
47,30,7,14,14
47,30,7,15,24
47,30,7,16,6
47,30,7,17,13
47,30,7,18,16
47,30,7,19,26
47,30,7,20,3
47,30,7,21,19
47,30,7,22,17
47,30,7,23,21
47,30,7,24,15
47,30,7,25,12
47,30,7,26,1
47,30,7,27,5
47,30,7,28,29
47,30,7,29,28
47,30,7,30,2
47,30,8,1,20
47,30,8,2,2
47,30,8,3,13
47,30,8,4,16
47,30,8,5,5
47,30,8,6,27
47,30,8,7,26
47,30,8,8,18
47,30,8,9,11
47,30,8,10,19
47,30,8,11,10
47,30,8,12,9
47,30,8,13,6
47,30,8,14,14
47,30,8,15,4
47,30,8,16,22
47,30,8,17,3
47,30,8,18,21
47,30,8,19,23
47,30,8,20,30
47,30,8,21,1
47,30,8,22,12
47,30,8,23,17
47,30,8,24,25
47,30,8,25,15
47,30,8,26,29
47,30,8,27,24
47,30,8,28,7
47,30,8,29,8
47,30,8,30,28
47,30,9,1,11
47,30,9,2,17
47,30,9,3,18
47,30,9,4,14
47,30,9,5,28
47,30,9,6,21
47,30,9,7,1
47,30,9,8,12
47,30,9,9,19
47,30,9,10,25
47,30,9,11,29
47,30,9,12,27
47,30,9,13,6
47,30,9,14,23
47,30,9,15,9
47,30,9,16,3
47,30,9,17,4
47,30,9,18,10
47,30,9,19,15
47,30,9,20,2
47,30,9,21,13
47,30,9,22,8
47,30,9,23,20
47,30,9,24,16
47,30,9,25,26
47,30,9,26,30
47,30,9,27,5
47,30,9,28,7
47,30,9,29,24
47,30,9,30,22
48,30,1,1,23
48,30,1,2,21
48,30,1,3,3
48,30,1,4,9
48,30,1,5,5
48,30,1,6,24
48,30,1,7,8
48,30,1,8,14
48,30,1,9,4
48,30,1,10,12
48,30,1,11,29
48,30,1,12,11
48,30,1,13,1
48,30,1,14,2
48,30,1,15,16
48,30,1,16,28
48,30,1,17,22
48,30,1,18,10
48,30,1,19,30
48,30,1,20,25
48,30,1,21,13
48,30,1,22,18
48,30,1,23,19
48,30,1,24,15
48,30,1,25,27
48,30,1,26,6
48,30,1,27,20
48,30,1,28,26
48,30,1,29,17
48,30,1,30,7
48,30,2,1,5
48,30,2,2,13
48,30,2,3,29
48,30,2,4,8
48,30,2,5,24
48,30,2,6,17
48,30,2,7,27
48,30,2,8,16
48,30,2,9,15
48,30,2,10,23
48,30,2,11,1
48,30,2,12,10
48,30,2,13,18
48,30,2,14,20
48,30,2,15,14
48,30,2,16,21
48,30,2,17,3
48,30,2,18,6
48,30,2,19,26
48,30,2,20,11
48,30,2,21,28
48,30,2,22,25
48,30,2,23,30
48,30,2,24,4
48,30,2,25,19
48,30,2,26,22
48,30,2,27,12
48,30,2,28,7
48,30,2,29,2
48,30,2,30,9
48,30,3,1,10
48,30,3,2,21
48,30,3,3,3
48,30,3,4,27
48,30,3,5,2
48,30,3,6,29
48,30,3,7,16
48,30,3,8,5
48,30,3,9,9
48,30,3,10,19
48,30,3,11,17
48,30,3,12,26
48,30,3,13,23
48,30,3,14,25
48,30,3,15,18
48,30,3,16,14
48,30,3,17,7
48,30,3,18,28
48,30,3,19,15
48,30,3,20,20
48,30,3,21,13
48,30,3,22,30
48,30,3,23,24
48,30,3,24,12
48,30,3,25,1
48,30,3,26,4
48,30,3,27,8
48,30,3,28,6
48,30,3,29,11
48,30,3,30,22
48,30,4,1,20
48,30,4,2,21
48,30,4,3,7
48,30,4,4,24
48,30,4,5,13
48,30,4,6,26
48,30,4,7,14
48,30,4,8,8
48,30,4,9,4
48,30,4,10,1
48,30,4,11,5
48,30,4,12,18
48,30,4,13,15
48,30,4,14,23
48,30,4,15,27
48,30,4,16,22
48,30,4,17,6
48,30,4,18,25
48,30,4,19,19
48,30,4,20,9
48,30,4,21,17
48,30,4,22,29
48,30,4,23,28
48,30,4,24,2
48,30,4,25,16
48,30,4,26,3
48,30,4,27,12
48,30,4,28,11
48,30,4,29,30
48,30,4,30,10
48,30,5,1,3
48,30,5,2,23
48,30,5,3,13
48,30,5,4,22
48,30,5,5,2
48,30,5,6,17
48,30,5,7,14
48,30,5,8,30
48,30,5,9,10
48,30,5,10,15
48,30,5,11,18
48,30,5,12,11
48,30,5,13,19
48,30,5,14,16
48,30,5,15,21
48,30,5,16,6
48,30,5,17,4
48,30,5,18,1
48,30,5,19,9
48,30,5,20,8
48,30,5,21,24
48,30,5,22,12
48,30,5,23,27
48,30,5,24,5
48,30,5,25,20
48,30,5,26,29
48,30,5,27,7
48,30,5,28,26
48,30,5,29,28
48,30,5,30,25
48,30,6,1,14
48,30,6,2,4
48,30,6,3,13
48,30,6,4,11
48,30,6,5,22
48,30,6,6,16
48,30,6,7,8
48,30,6,8,20
48,30,6,9,10
48,30,6,10,30
48,30,6,11,17
48,30,6,12,27
48,30,6,13,18
48,30,6,14,28
48,30,6,15,19
48,30,6,16,21
48,30,6,17,15
48,30,6,18,2
48,30,6,19,9
48,30,6,20,12
48,30,6,21,26
48,30,6,22,24
48,30,6,23,1
48,30,6,24,29
48,30,6,25,7
48,30,6,26,3
48,30,6,27,6
48,30,6,28,5
48,30,6,29,23
48,30,6,30,25
48,30,7,1,17
48,30,7,2,19
48,30,7,3,21
48,30,7,4,28
48,30,7,5,2
48,30,7,6,15
48,30,7,7,12
48,30,7,8,5
48,30,7,9,3
48,30,7,10,26
48,30,7,11,1
48,30,7,12,29
48,30,7,13,9
48,30,7,14,25
48,30,7,15,10
48,30,7,16,11
48,30,7,17,4
48,30,7,18,30
48,30,7,19,18
48,30,7,20,8
48,30,7,21,23
48,30,7,22,27
48,30,7,23,20
48,30,7,24,7
48,30,7,25,22
48,30,7,26,14
48,30,7,27,24
48,30,7,28,6
48,30,7,29,13
48,30,7,30,16
48,30,8,1,4
48,30,8,2,14
48,30,8,3,6
48,30,8,4,9
48,30,8,5,10
48,30,8,6,19
48,30,8,7,11
48,30,8,8,18
48,30,8,9,26
48,30,8,10,27
48,30,8,11,5
48,30,8,12,16
48,30,8,13,13
48,30,8,14,2
48,30,8,15,23
48,30,8,16,3
48,30,8,17,22
48,30,8,18,21
48,30,8,19,12
48,30,8,20,1
48,30,8,21,30
48,30,8,22,20
48,30,8,23,8
48,30,8,24,7
48,30,8,25,24
48,30,8,26,29
48,30,8,27,28
48,30,8,28,15
48,30,8,29,25
48,30,8,30,17
48,30,9,1,28
48,30,9,2,21
48,30,9,3,12
48,30,9,4,19
48,30,9,5,25
48,30,9,6,29
48,30,9,7,1
48,30,9,8,27
48,30,9,9,6
48,30,9,10,23
48,30,9,11,9
48,30,9,12,3
48,30,9,13,4
48,30,9,14,8
48,30,9,15,13
48,30,9,16,2
48,30,9,17,10
48,30,9,18,15
48,30,9,19,20
48,30,9,20,16
48,30,9,21,26
48,30,9,22,30
48,30,9,23,5
48,30,9,24,11
48,30,9,25,17
48,30,9,26,18
48,30,9,27,14
48,30,9,28,22
48,30,9,29,24
48,30,9,30,7
49,30,1,1,7
49,30,1,2,17
49,30,1,3,26
49,30,1,4,20
49,30,1,5,6
49,30,1,6,27
49,30,1,7,15
49,30,1,8,13
49,30,1,9,18
49,30,1,10,19
49,30,1,11,25
49,30,1,12,30
49,30,1,13,10
49,30,1,14,22
49,30,1,15,28
49,30,1,16,16
49,30,1,17,2
49,30,1,18,1
49,30,1,19,11
49,30,1,20,12
49,30,1,21,29
49,30,1,22,23
49,30,1,23,21
49,30,1,24,3
49,30,1,25,9
49,30,1,26,5
49,30,1,27,14
49,30,1,28,4
49,30,1,29,8
49,30,1,30,24
49,30,2,1,5
49,30,2,2,9
49,30,2,3,2
49,30,2,4,7
49,30,2,5,12
49,30,2,6,22
49,30,2,7,19
49,30,2,8,4
49,30,2,9,30
49,30,2,10,25
49,30,2,11,28
49,30,2,12,8
49,30,2,13,13
49,30,2,14,29
49,30,2,15,24
49,30,2,16,3
49,30,2,17,6
49,30,2,18,26
49,30,2,19,11
49,30,2,20,21
49,30,2,21,14
49,30,2,22,27
49,30,2,23,17
49,30,2,24,16
49,30,2,25,15
49,30,2,26,10
49,30,2,27,20
49,30,2,28,18
49,30,2,29,1
49,30,2,30,23
49,30,3,1,11
49,30,3,2,22
49,30,3,3,6
49,30,3,4,10
49,30,3,5,21
49,30,3,6,3
49,30,3,7,27
49,30,3,8,2
49,30,3,9,29
49,30,3,10,16
49,30,3,11,5
49,30,3,12,9
49,30,3,13,19
49,30,3,14,17
49,30,3,15,26
49,30,3,16,23
49,30,3,17,25
49,30,3,18,7
49,30,3,19,14
49,30,3,20,20
49,30,3,21,15
49,30,3,22,28
49,30,3,23,13
49,30,3,24,30
49,30,3,25,12
49,30,3,26,24
49,30,3,27,18
49,30,3,28,8
49,30,3,29,4
49,30,3,30,1
49,30,4,1,21
49,30,4,2,4
49,30,4,3,8
49,30,4,4,1
49,30,4,5,5
49,30,4,6,23
49,30,4,7,6
49,30,4,8,25
49,30,4,9,22
49,30,4,10,17
49,30,4,11,9
49,30,4,12,19
49,30,4,13,16
49,30,4,14,3
49,30,4,15,11
49,30,4,16,30
49,30,4,17,20
49,30,4,18,10
49,30,4,19,28
49,30,4,20,12
49,30,4,21,2
49,30,4,22,29
49,30,4,23,27
49,30,4,24,15
49,30,4,25,18
49,30,4,26,24
49,30,4,27,7
49,30,4,28,13
49,30,4,29,26
49,30,4,30,14
49,30,5,1,21
49,30,5,2,16
49,30,5,3,6
49,30,5,4,4
49,30,5,5,1
49,30,5,6,24
49,30,5,7,27
49,30,5,8,5
49,30,5,9,20
49,30,5,10,29
49,30,5,11,28
49,30,5,12,25
49,30,5,13,3
49,30,5,14,23
49,30,5,15,13
49,30,5,16,22
49,30,5,17,2
49,30,5,18,26
49,30,5,19,17
49,30,5,20,14
49,30,5,21,7
49,30,5,22,12
49,30,5,23,8
49,30,5,24,9
49,30,5,25,19
49,30,5,26,11
49,30,5,27,30
49,30,5,28,10
49,30,5,29,18
49,30,5,30,15
49,30,6,1,30
49,30,6,2,10
49,30,6,3,20
49,30,6,4,16
49,30,6,5,8
49,30,6,6,13
49,30,6,7,4
49,30,6,8,14
49,30,6,9,25
49,30,6,10,23
49,30,6,11,11
49,30,6,12,22
49,30,6,13,17
49,30,6,14,27
49,30,6,15,18
49,30,6,16,28
49,30,6,17,19
49,30,6,18,21
49,30,6,19,15
49,30,6,20,2
49,30,6,21,29
49,30,6,22,6
49,30,6,23,5
49,30,6,24,3
49,30,6,25,7
49,30,6,26,9
49,30,6,27,12
49,30,6,28,1
49,30,6,29,24
49,30,6,30,26
49,30,7,1,2
49,30,7,2,28
49,30,7,3,21
49,30,7,4,17
49,30,7,5,19
49,30,7,6,16
49,30,7,7,13
49,30,7,8,3
49,30,7,9,26
49,30,7,10,6
49,30,7,11,14
49,30,7,12,24
49,30,7,13,22
49,30,7,14,7
49,30,7,15,20
49,30,7,16,27
49,30,7,17,23
49,30,7,18,8
49,30,7,19,18
49,30,7,20,4
49,30,7,21,11
49,30,7,22,30
49,30,7,23,10
49,30,7,24,25
49,30,7,25,9
49,30,7,26,29
49,30,7,27,5
49,30,7,28,1
49,30,7,29,12
49,30,7,30,15
49,30,8,1,17
49,30,8,2,25
49,30,8,3,15
49,30,8,4,29
49,30,8,5,24
49,30,8,6,7
49,30,8,7,8
49,30,8,8,28
49,30,8,9,20
49,30,8,10,2
49,30,8,11,13
49,30,8,12,16
49,30,8,13,5
49,30,8,14,27
49,30,8,15,26
49,30,8,16,18
49,30,8,17,11
49,30,8,18,22
49,30,8,19,3
49,30,8,20,21
49,30,8,21,23
49,30,8,22,30
49,30,8,23,1
49,30,8,24,12
49,30,8,25,4
49,30,8,26,19
49,30,8,27,10
49,30,8,28,9
49,30,8,29,6
49,30,8,30,14
49,30,9,1,4
49,30,9,2,3
49,30,9,3,9
49,30,9,4,23
49,30,9,5,6
49,30,9,6,27
49,30,9,7,29
49,30,9,8,25
49,30,9,9,19
49,30,9,10,12
49,30,9,11,1
49,30,9,12,21
49,30,9,13,28
49,30,9,14,14
49,30,9,15,18
49,30,9,16,17
49,30,9,17,11
49,30,9,18,5
49,30,9,19,30
49,30,9,20,26
49,30,9,21,16
49,30,9,22,7
49,30,9,23,24
49,30,9,24,22
49,30,9,25,20
49,30,9,26,15
49,30,9,27,10
49,30,9,28,2
49,30,9,29,13
49,30,9,30,8
50,30,1,1,13
50,30,1,2,15
50,30,1,3,27
50,30,1,4,6
50,30,1,5,20
50,30,1,6,26
50,30,1,7,17
50,30,1,8,7
50,30,1,9,24
50,30,1,10,8
50,30,1,11,4
50,30,1,12,12
50,30,1,13,1
50,30,1,14,11
50,30,1,15,2
50,30,1,16,16
50,30,1,17,28
50,30,1,18,22
50,30,1,19,29
50,30,1,20,14
50,30,1,21,5
50,30,1,22,9
50,30,1,23,3
50,30,1,24,21
50,30,1,25,23
50,30,1,26,10
50,30,1,27,30
50,30,1,28,25
50,30,1,29,19
50,30,1,30,18
50,30,2,1,6
50,30,2,2,3
50,30,2,3,24
50,30,2,4,8
50,30,2,5,29
50,30,2,6,13
50,30,2,7,5
50,30,2,8,9
50,30,2,9,2
50,30,2,10,7
50,30,2,11,12
50,30,2,12,22
50,30,2,13,19
50,30,2,14,4
50,30,2,15,30
50,30,2,16,25
50,30,2,17,11
50,30,2,18,28
50,30,2,19,26
50,30,2,20,21
50,30,2,21,20
50,30,2,22,18
50,30,2,23,1
50,30,2,24,10
50,30,2,25,23
50,30,2,26,15
50,30,2,27,16
50,30,2,28,17
50,30,2,29,27
50,30,2,30,14
50,30,3,1,16
50,30,3,2,29
50,30,3,3,27
50,30,3,4,2
50,30,3,5,10
50,30,3,6,6
50,30,3,7,8
50,30,3,8,22
50,30,3,9,4
50,30,3,10,11
50,30,3,11,1
50,30,3,12,13
50,30,3,13,28
50,30,3,14,15
50,30,3,15,20
50,30,3,16,30
50,30,3,17,12
50,30,3,18,24
50,30,3,19,14
50,30,3,20,18
50,30,3,21,7
50,30,3,22,25
50,30,3,23,23
50,30,3,24,26
50,30,3,25,17
50,30,3,26,19
50,30,3,27,9
50,30,3,28,5
50,30,3,29,21
50,30,3,30,3
50,30,4,1,24
50,30,4,2,7
50,30,4,3,13
50,30,4,4,26
50,30,4,5,14
50,30,4,6,8
50,30,4,7,1
50,30,4,8,4
50,30,4,9,23
50,30,4,10,18
50,30,4,11,15
50,30,4,12,27
50,30,4,13,22
50,30,4,14,17
50,30,4,15,9
50,30,4,16,19
50,30,4,17,25
50,30,4,18,6
50,30,4,19,16
50,30,4,20,3
50,30,4,21,2
50,30,4,22,11
50,30,4,23,30
50,30,4,24,12
50,30,4,25,28
50,30,4,26,29
50,30,4,27,10
50,30,4,28,20
50,30,4,29,21
50,30,4,30,5
50,30,5,1,28
50,30,5,2,25
50,30,5,3,3
50,30,5,4,26
50,30,5,5,7
50,30,5,6,12
50,30,5,7,29
50,30,5,8,20
50,30,5,9,27
50,30,5,10,5
50,30,5,11,24
50,30,5,12,1
50,30,5,13,4
50,30,5,14,6
50,30,5,15,8
50,30,5,16,9
50,30,5,17,11
50,30,5,18,19
50,30,5,19,16
50,30,5,20,21
50,30,5,21,18
50,30,5,22,15
50,30,5,23,10
50,30,5,24,30
50,30,5,25,14
50,30,5,26,17
50,30,5,27,2
50,30,5,28,22
50,30,5,29,13
50,30,5,30,23
50,30,6,1,16
50,30,6,2,13
50,30,6,3,4
50,30,6,4,14
50,30,6,5,25
50,30,6,6,23
50,30,6,7,5
50,30,6,8,3
50,30,6,9,7
50,30,6,10,29
50,30,6,11,1
50,30,6,12,24
50,30,6,13,26
50,30,6,14,12
50,30,6,15,9
50,30,6,16,2
50,30,6,17,15
50,30,6,18,21
50,30,6,19,19
50,30,6,20,28
50,30,6,21,18
50,30,6,22,27
50,30,6,23,6
50,30,6,24,11
50,30,6,25,22
50,30,6,26,17
50,30,6,27,8
50,30,6,28,20
50,30,6,29,10
50,30,6,30,30
50,30,7,1,15
50,30,7,2,12
50,30,7,3,3
50,30,7,4,5
50,30,7,5,26
50,30,7,6,1
50,30,7,7,29
50,30,7,8,9
50,30,7,9,25
50,30,7,10,10
50,30,7,11,11
50,30,7,12,30
50,30,7,13,4
50,30,7,14,18
50,30,7,15,8
50,30,7,16,27
50,30,7,17,23
50,30,7,18,20
50,30,7,19,7
50,30,7,20,22
50,30,7,21,14
50,30,7,22,24
50,30,7,23,16
50,30,7,24,13
50,30,7,25,6
50,30,7,26,19
50,30,7,27,17
50,30,7,28,21
50,30,7,29,28
50,30,7,30,2
50,30,8,1,9
50,30,8,2,6
50,30,8,3,14
50,30,8,4,17
50,30,8,5,15
50,30,8,6,12
50,30,8,7,1
50,30,8,8,30
50,30,8,9,21
50,30,8,10,3
50,30,8,11,22
50,30,8,12,27
50,30,8,13,26
50,30,8,14,23
50,30,8,15,5
50,30,8,16,16
50,30,8,17,13
50,30,8,18,2
50,30,8,19,20
50,30,8,20,28
50,30,8,21,24
50,30,8,22,7
50,30,8,23,29
50,30,8,24,8
50,30,8,25,25
50,30,8,26,19
50,30,8,27,10
50,30,8,28,11
50,30,8,29,18
50,30,8,30,4
50,30,9,1,2
50,30,9,2,13
50,30,9,3,8
50,30,9,4,4
50,30,9,5,3
50,30,9,6,9
50,30,9,7,23
50,30,9,8,29
50,30,9,9,27
50,30,9,10,6
50,30,9,11,25
50,30,9,12,19
50,30,9,13,12
50,30,9,14,1
50,30,9,15,14
50,30,9,16,18
50,30,9,17,11
50,30,9,18,17
50,30,9,19,28
50,30,9,20,21
50,30,9,21,22
50,30,9,22,5
50,30,9,23,24
50,30,9,24,7
50,30,9,25,30
50,30,9,26,26
50,30,9,27,16
50,30,9,28,20
50,30,9,29,15
50,30,9,30,10
51,30,1,1,24
51,30,1,2,14
51,30,1,3,5
51,30,1,4,7
51,30,1,5,17
51,30,1,6,26
51,30,1,7,20
51,30,1,8,6
51,30,1,9,9
51,30,1,10,3
51,30,1,11,21
51,30,1,12,23
51,30,1,13,29
51,30,1,14,10
51,30,1,15,30
51,30,1,16,25
51,30,1,17,18
51,30,1,18,19
51,30,1,19,15
51,30,1,20,27
51,30,1,21,13
51,30,1,22,22
51,30,1,23,28
51,30,1,24,16
51,30,1,25,2
51,30,1,26,1
51,30,1,27,11
51,30,1,28,12
51,30,1,29,4
51,30,1,30,8
51,30,2,1,5
51,30,2,2,9
51,30,2,3,2
51,30,2,4,7
51,30,2,5,12
51,30,2,6,22
51,30,2,7,19
51,30,2,8,4
51,30,2,9,30
51,30,2,10,25
51,30,2,11,28
51,30,2,12,8
51,30,2,13,24
51,30,2,14,3
51,30,2,15,6
51,30,2,16,26
51,30,2,17,11
51,30,2,18,21
51,30,2,19,20
51,30,2,20,18
51,30,2,21,1
51,30,2,22,10
51,30,2,23,14
51,30,2,24,27
51,30,2,25,15
51,30,2,26,23
51,30,2,27,16
51,30,2,28,17
51,30,2,29,13
51,30,2,30,29
51,30,3,1,18
51,30,3,2,14
51,30,3,3,24
51,30,3,4,12
51,30,3,5,30
51,30,3,6,13
51,30,3,7,28
51,30,3,8,15
51,30,3,9,20
51,30,3,10,7
51,30,3,11,19
51,30,3,12,9
51,30,3,13,17
51,30,3,14,25
51,30,3,15,23
51,30,3,16,26
51,30,3,17,5
51,30,3,18,16
51,30,3,19,29
51,30,3,20,2
51,30,3,21,27
51,30,3,22,3
51,30,3,23,21
51,30,3,24,10
51,30,3,25,6
51,30,3,26,22
51,30,3,27,11
51,30,3,28,1
51,30,3,29,4
51,30,3,30,8
51,30,4,1,24
51,30,4,2,18
51,30,4,3,7
51,30,4,4,14
51,30,4,5,26
51,30,4,6,13
51,30,4,7,21
51,30,4,8,8
51,30,4,9,4
51,30,4,10,1
51,30,4,11,5
51,30,4,12,23
51,30,4,13,15
51,30,4,14,27
51,30,4,15,22
51,30,4,16,6
51,30,4,17,25
51,30,4,18,17
51,30,4,19,9
51,30,4,20,19
51,30,4,21,16
51,30,4,22,3
51,30,4,23,11
51,30,4,24,2
51,30,4,25,12
51,30,4,26,30
51,30,4,27,20
51,30,4,28,10
51,30,4,29,28
51,30,4,30,29
51,30,5,1,12
51,30,5,2,21
51,30,5,3,16
51,30,5,4,6
51,30,5,5,4
51,30,5,6,1
51,30,5,7,24
51,30,5,8,5
51,30,5,9,20
51,30,5,10,27
51,30,5,11,29
51,30,5,12,23
51,30,5,13,13
51,30,5,14,22
51,30,5,15,2
51,30,5,16,3
51,30,5,17,25
51,30,5,18,28
51,30,5,19,26
51,30,5,20,7
51,30,5,21,17
51,30,5,22,14
51,30,5,23,30
51,30,5,24,10
51,30,5,25,18
51,30,5,26,15
51,30,5,27,11
51,30,5,28,19
51,30,5,29,9
51,30,5,30,8
51,30,6,1,30
51,30,6,2,10
51,30,6,3,20
51,30,6,4,16
51,30,6,5,8
51,30,6,6,13
51,30,6,7,4
51,30,6,8,14
51,30,6,9,25
51,30,6,10,23
51,30,6,11,5
51,30,6,12,11
51,30,6,13,22
51,30,6,14,27
51,30,6,15,17
51,30,6,16,6
51,30,6,17,3
51,30,6,18,7
51,30,6,19,1
51,30,6,20,24
51,30,6,21,26
51,30,6,22,12
51,30,6,23,29
51,30,6,24,9
51,30,6,25,2
51,30,6,26,28
51,30,6,27,15
51,30,6,28,21
51,30,6,29,19
51,30,6,30,18
51,30,7,1,24
51,30,7,2,16
51,30,7,3,13
51,30,7,4,26
51,30,7,5,3
51,30,7,6,19
51,30,7,7,17
51,30,7,8,21
51,30,7,9,28
51,30,7,10,2
51,30,7,11,15
51,30,7,12,12
51,30,7,13,1
51,30,7,14,5
51,30,7,15,29
51,30,7,16,9
51,30,7,17,25
51,30,7,18,10
51,30,7,19,11
51,30,7,20,30
51,30,7,21,4
51,30,7,22,18
51,30,7,23,8
51,30,7,24,23
51,30,7,25,27
51,30,7,26,20
51,30,7,27,7
51,30,7,28,22
51,30,7,29,6
51,30,7,30,14
51,30,8,1,1
51,30,8,2,12
51,30,8,3,30
51,30,8,4,20
51,30,8,5,28
51,30,8,6,15
51,30,8,7,4
51,30,8,8,21
51,30,8,9,23
51,30,8,10,2
51,30,8,11,13
51,30,8,12,16
51,30,8,13,5
51,30,8,14,27
51,30,8,15,26
51,30,8,16,18
51,30,8,17,3
51,30,8,18,22
51,30,8,19,11
51,30,8,20,19
51,30,8,21,10
51,30,8,22,14
51,30,8,23,9
51,30,8,24,6
51,30,8,25,17
51,30,8,26,25
51,30,8,27,29
51,30,8,28,24
51,30,8,29,7
51,30,8,30,8
51,30,9,1,21
51,30,9,2,22
51,30,9,3,24
51,30,9,4,5
51,30,9,5,7
51,30,9,6,30
51,30,9,7,20
51,30,9,8,26
51,30,9,9,2
51,30,9,10,16
51,30,9,11,13
51,30,9,12,8
51,30,9,13,4
51,30,9,14,3
51,30,9,15,15
51,30,9,16,10
51,30,9,17,9
51,30,9,18,23
51,30,9,19,6
51,30,9,20,27
51,30,9,21,1
51,30,9,22,29
51,30,9,23,25
51,30,9,24,12
51,30,9,25,19
51,30,9,26,14
51,30,9,27,11
51,30,9,28,17
51,30,9,29,18
51,30,9,30,28
52,30,1,1,23
52,30,1,2,29
52,30,1,3,14
52,30,1,4,24
52,30,1,5,8
52,30,1,6,4
52,30,1,7,12
52,30,1,8,11
52,30,1,9,1
52,30,1,10,2
52,30,1,11,16
52,30,1,12,28
52,30,1,13,22
52,30,1,14,10
52,30,1,15,30
52,30,1,16,25
52,30,1,17,13
52,30,1,18,18
52,30,1,19,19
52,30,1,20,15
52,30,1,21,27
52,30,1,22,6
52,30,1,23,20
52,30,1,24,26
52,30,1,25,17
52,30,1,26,7
52,30,1,27,5
52,30,1,28,9
52,30,1,29,3
52,30,1,30,21
52,30,2,1,5
52,30,2,2,9
52,30,2,3,2
52,30,2,4,7
52,30,2,5,12
52,30,2,6,22
52,30,2,7,19
52,30,2,8,4
52,30,2,9,30
52,30,2,10,25
52,30,2,11,28
52,30,2,12,11
52,30,2,13,20
52,30,2,14,18
52,30,2,15,10
52,30,2,16,1
52,30,2,17,15
52,30,2,18,23
52,30,2,19,16
52,30,2,20,17
52,30,2,21,27
52,30,2,22,14
52,30,2,23,21
52,30,2,24,26
52,30,2,25,6
52,30,2,26,3
52,30,2,27,24
52,30,2,28,29
52,30,2,29,13
52,30,2,30,8
52,30,3,1,10
52,30,3,2,21
52,30,3,3,3
52,30,3,4,27
52,30,3,5,2
52,30,3,6,29
52,30,3,7,16
52,30,3,8,5
52,30,3,9,9
52,30,3,10,26
52,30,3,11,17
52,30,3,12,19
52,30,3,13,25
52,30,3,14,23
52,30,3,15,18
52,30,3,16,7
52,30,3,17,14
52,30,3,18,24
52,30,3,19,20
52,30,3,20,28
52,30,3,21,15
52,30,3,22,30
52,30,3,23,12
52,30,3,24,13
52,30,3,25,1
52,30,3,26,4
52,30,3,27,8
52,30,3,28,6
52,30,3,29,22
52,30,3,30,11
52,30,4,1,21
52,30,4,2,20
52,30,4,3,10
52,30,4,4,30
52,30,4,5,11
52,30,4,6,12
52,30,4,7,28
52,30,4,8,2
52,30,4,9,3
52,30,4,10,16
52,30,4,11,29
52,30,4,12,24
52,30,4,13,7
52,30,4,14,13
52,30,4,15,26
52,30,4,16,18
52,30,4,17,15
52,30,4,18,27
52,30,4,19,19
52,30,4,20,9
52,30,4,21,17
52,30,4,22,22
52,30,4,23,6
52,30,4,24,25
52,30,4,25,5
52,30,4,26,23
52,30,4,27,1
52,30,4,28,4
52,30,4,29,8
52,30,4,30,14
52,30,5,1,5
52,30,5,2,20
52,30,5,3,27
52,30,5,4,29
52,30,5,5,28
52,30,5,6,25
52,30,5,7,3
52,30,5,8,26
52,30,5,9,7
52,30,5,10,12
52,30,5,11,24
52,30,5,12,1
52,30,5,13,4
52,30,5,14,6
52,30,5,15,16
52,30,5,16,21
52,30,5,17,8
52,30,5,18,9
52,30,5,19,19
52,30,5,20,11
52,30,5,21,18
52,30,5,22,15
52,30,5,23,10
52,30,5,24,30
52,30,5,25,14
52,30,5,26,17
52,30,5,27,2
52,30,5,28,22
52,30,5,29,13
52,30,5,30,23
52,30,6,1,26
52,30,6,2,24
52,30,6,3,1
52,30,6,4,12
52,30,6,5,9
52,30,6,6,15
52,30,6,7,21
52,30,6,8,19
52,30,6,9,28
52,30,6,10,18
52,30,6,11,27
52,30,6,12,17
52,30,6,13,30
52,30,6,14,10
52,30,6,15,20
52,30,6,16,16
52,30,6,17,8
52,30,6,18,22
52,30,6,19,13
52,30,6,20,11
52,30,6,21,4
52,30,6,22,14
52,30,6,23,25
52,30,6,24,23
52,30,6,25,5
52,30,6,26,6
52,30,6,27,3
52,30,6,28,7
52,30,6,29,29
52,30,6,30,2
52,30,7,1,24
52,30,7,2,14
52,30,7,3,6
52,30,7,4,22
52,30,7,5,7
52,30,7,6,20
52,30,7,7,27
52,30,7,8,23
52,30,7,9,8
52,30,7,10,18
52,30,7,11,4
52,30,7,12,11
52,30,7,13,30
52,30,7,14,10
52,30,7,15,25
52,30,7,16,9
52,30,7,17,29
52,30,7,18,5
52,30,7,19,1
52,30,7,20,12
52,30,7,21,2
52,30,7,22,28
52,30,7,23,15
52,30,7,24,21
52,30,7,25,17
52,30,7,26,19
52,30,7,27,3
52,30,7,28,26
52,30,7,29,13
52,30,7,30,16
52,30,8,1,17
52,30,8,2,25
52,30,8,3,15
52,30,8,4,28
52,30,8,5,29
52,30,8,6,24
52,30,8,7,7
52,30,8,8,8
52,30,8,9,20
52,30,8,10,2
52,30,8,11,13
52,30,8,12,16
52,30,8,13,5
52,30,8,14,27
52,30,8,15,26
52,30,8,16,23
52,30,8,17,30
52,30,8,18,21
52,30,8,19,3
52,30,8,20,22
52,30,8,21,1
52,30,8,22,12
52,30,8,23,4
52,30,8,24,18
52,30,8,25,11
52,30,8,26,14
52,30,8,27,6
52,30,8,28,9
52,30,8,29,10
52,30,8,30,19
52,30,9,1,4
52,30,9,2,8
52,30,9,3,13
52,30,9,4,2
52,30,9,5,10
52,30,9,6,15
52,30,9,7,20
52,30,9,8,16
52,30,9,9,7
52,30,9,10,24
52,30,9,11,22
52,30,9,12,26
52,30,9,13,30
52,30,9,14,5
52,30,9,15,11
52,30,9,16,17
52,30,9,17,18
52,30,9,18,14
52,30,9,19,28
52,30,9,20,21
52,30,9,21,12
52,30,9,22,19
52,30,9,23,25
52,30,9,24,29
52,30,9,25,1
52,30,9,26,6
52,30,9,27,27
52,30,9,28,23
52,30,9,29,9
52,30,9,30,3
53,30,1,1,27
53,30,1,2,15
53,30,1,3,13
53,30,1,4,18
53,30,1,5,19
53,30,1,6,25
53,30,1,7,30
53,30,1,8,10
53,30,1,9,22
53,30,1,10,28
53,30,1,11,16
53,30,1,12,2
53,30,1,13,1
53,30,1,14,11
53,30,1,15,12
53,30,1,16,4
53,30,1,17,8
53,30,1,18,24
53,30,1,19,14
53,30,1,20,29
53,30,1,21,23
53,30,1,22,21
53,30,1,23,3
53,30,1,24,5
53,30,1,25,9
53,30,1,26,7
53,30,1,27,17
53,30,1,28,26
53,30,1,29,20
53,30,1,30,6
53,30,2,1,16
53,30,2,2,15
53,30,2,3,23
53,30,2,4,1
53,30,2,5,10
53,30,2,6,20
53,30,2,7,18
53,30,2,8,25
53,30,2,9,30
53,30,2,10,4
53,30,2,11,19
53,30,2,12,22
53,30,2,13,12
53,30,2,14,7
53,30,2,15,2
53,30,2,16,9
53,30,2,17,5
53,30,2,18,13
53,30,2,19,29
53,30,2,20,8
53,30,2,21,24
53,30,2,22,3
53,30,2,23,6
53,30,2,24,28
53,30,2,25,11
53,30,2,26,26
53,30,2,27,21
53,30,2,28,14
53,30,2,29,27
53,30,2,30,17
53,30,3,1,19
53,30,3,2,9
53,30,3,3,5
53,30,3,4,21
53,30,3,5,10
53,30,3,6,3
53,30,3,7,16
53,30,3,8,27
53,30,3,9,29
53,30,3,10,2
53,30,3,11,6
53,30,3,12,22
53,30,3,13,11
53,30,3,14,1
53,30,3,15,4
53,30,3,16,8
53,30,3,17,12
53,30,3,18,30
53,30,3,19,13
53,30,3,20,28
53,30,3,21,15
53,30,3,22,20
53,30,3,23,24
53,30,3,24,14
53,30,3,25,18
53,30,3,26,23
53,30,3,27,25
53,30,3,28,7
53,30,3,29,26
53,30,3,30,17
53,30,4,1,18
53,30,4,2,24
53,30,4,3,7
53,30,4,4,13
53,30,4,5,21
53,30,4,6,26
53,30,4,7,14
53,30,4,8,8
53,30,4,9,4
53,30,4,10,1
53,30,4,11,5
53,30,4,12,23
53,30,4,13,15
53,30,4,14,22
53,30,4,15,6
53,30,4,16,25
53,30,4,17,19
53,30,4,18,9
53,30,4,19,17
53,30,4,20,27
53,30,4,21,29
53,30,4,22,2
53,30,4,23,16
53,30,4,24,3
53,30,4,25,11
53,30,4,26,30
53,30,4,27,20
53,30,4,28,10
53,30,4,29,12
53,30,4,30,28
53,30,5,1,1
53,30,5,2,4
53,30,5,3,6
53,30,5,4,16
53,30,5,5,21
53,30,5,6,15
53,30,5,7,18
53,30,5,8,10
53,30,5,9,11
53,30,5,10,19
53,30,5,11,9
53,30,5,12,30
53,30,5,13,17
53,30,5,14,14
53,30,5,15,8
53,30,5,16,24
53,30,5,17,12
53,30,5,18,7
53,30,5,19,26
53,30,5,20,25
53,30,5,21,3
53,30,5,22,2
53,30,5,23,22
53,30,5,24,13
53,30,5,25,23
53,30,5,26,28
53,30,5,27,29
53,30,5,28,20
53,30,5,29,27
53,30,5,30,5
53,30,6,1,30
53,30,6,2,10
53,30,6,3,20
53,30,6,4,16
53,30,6,5,8
53,30,6,6,13
53,30,6,7,4
53,30,6,8,14
53,30,6,9,11
53,30,6,10,22
53,30,6,11,6
53,30,6,12,5
53,30,6,13,25
53,30,6,14,23
53,30,6,15,24
53,30,6,16,26
53,30,6,17,12
53,30,6,18,1
53,30,6,19,7
53,30,6,20,3
53,30,6,21,29
53,30,6,22,9
53,30,6,23,21
53,30,6,24,19
53,30,6,25,15
53,30,6,26,28
53,30,6,27,2
53,30,6,28,18
53,30,6,29,27
53,30,6,30,17
53,30,7,1,10
53,30,7,2,25
53,30,7,3,9
53,30,7,4,29
53,30,7,5,5
53,30,7,6,12
53,30,7,7,15
53,30,7,8,2
53,30,7,9,28
53,30,7,10,21
53,30,7,11,17
53,30,7,12,19
53,30,7,13,16
53,30,7,14,13
53,30,7,15,3
53,30,7,16,1
53,30,7,17,26
53,30,7,18,6
53,30,7,19,14
53,30,7,20,24
53,30,7,21,22
53,30,7,22,7
53,30,7,23,20
53,30,7,24,27
53,30,7,25,23
53,30,7,26,8
53,30,7,27,18
53,30,7,28,4
53,30,7,29,11
53,30,7,30,30
53,30,8,1,17
53,30,8,2,25
53,30,8,3,15
53,30,8,4,29
53,30,8,5,24
53,30,8,6,7
53,30,8,7,8
53,30,8,8,28
53,30,8,9,20
53,30,8,10,2
53,30,8,11,13
53,30,8,12,16
53,30,8,13,5
53,30,8,14,23
53,30,8,15,30
53,30,8,16,21
53,30,8,17,27
53,30,8,18,26
53,30,8,19,3
53,30,8,20,22
53,30,8,21,18
53,30,8,22,11
53,30,8,23,19
53,30,8,24,10
53,30,8,25,4
53,30,8,26,12
53,30,8,27,1
53,30,8,28,14
53,30,8,29,9
53,30,8,30,6
53,30,9,1,11
53,30,9,2,17
53,30,9,3,5
53,30,9,4,30
53,30,9,5,26
53,30,9,6,16
53,30,9,7,7
53,30,9,8,24
53,30,9,9,22
53,30,9,10,20
53,30,9,11,13
53,30,9,12,8
53,30,9,13,4
53,30,9,14,3
53,30,9,15,2
53,30,9,16,9
53,30,9,17,10
53,30,9,18,15
53,30,9,19,23
53,30,9,20,6
53,30,9,21,27
53,30,9,22,29
53,30,9,23,25
53,30,9,24,19
53,30,9,25,12
53,30,9,26,1
53,30,9,27,21
53,30,9,28,28
53,30,9,29,14
53,30,9,30,18
54,30,1,1,23
54,30,1,2,21
54,30,1,3,3
54,30,1,4,9
54,30,1,5,5
54,30,1,6,14
54,30,1,7,24
54,30,1,8,8
54,30,1,9,4
54,30,1,10,12
54,30,1,11,1
54,30,1,12,11
54,30,1,13,2
54,30,1,14,16
54,30,1,15,29
54,30,1,16,22
54,30,1,17,28
54,30,1,18,10
54,30,1,19,30
54,30,1,20,25
54,30,1,21,13
54,30,1,22,18
54,30,1,23,19
54,30,1,24,15
54,30,1,25,27
54,30,1,26,6
54,30,1,27,20
54,30,1,28,26
54,30,1,29,17
54,30,1,30,7
54,30,2,1,8
54,30,2,2,5
54,30,2,3,9
54,30,2,4,2
54,30,2,5,7
54,30,2,6,12
54,30,2,7,22
54,30,2,8,19
54,30,2,9,4
54,30,2,10,30
54,30,2,11,25
54,30,2,12,28
54,30,2,13,24
54,30,2,14,3
54,30,2,15,6
54,30,2,16,26
54,30,2,17,11
54,30,2,18,21
54,30,2,19,14
54,30,2,20,20
54,30,2,21,18
54,30,2,22,1
54,30,2,23,10
54,30,2,24,27
54,30,2,25,15
54,30,2,26,23
54,30,2,27,16
54,30,2,28,17
54,30,2,29,29
54,30,2,30,13
54,30,3,1,18
54,30,3,2,7
54,30,3,3,14
54,30,3,4,24
54,30,3,5,20
54,30,3,6,28
54,30,3,7,15
54,30,3,8,30
54,30,3,9,12
54,30,3,10,13
54,30,3,11,1
54,30,3,12,4
54,30,3,13,8
54,30,3,14,11
54,30,3,15,22
54,30,3,16,6
54,30,3,17,10
54,30,3,18,2
54,30,3,19,27
54,30,3,20,3
54,30,3,21,21
54,30,3,22,5
54,30,3,23,16
54,30,3,24,29
54,30,3,25,9
54,30,3,26,26
54,30,3,27,17
54,30,3,28,19
54,30,3,29,25
54,30,3,30,23
54,30,4,1,20
54,30,4,2,10
54,30,4,3,28
54,30,4,4,12
54,30,4,5,30
54,30,4,6,11
54,30,4,7,3
54,30,4,8,16
54,30,4,9,2
54,30,4,10,29
54,30,4,11,27
54,30,4,12,17
54,30,4,13,9
54,30,4,14,19
54,30,4,15,25
54,30,4,16,6
54,30,4,17,22
54,30,4,18,15
54,30,4,19,23
54,30,4,20,18
54,30,4,21,24
54,30,4,22,7
54,30,4,23,13
54,30,4,24,26
54,30,4,25,14
54,30,4,26,5
54,30,4,27,1
54,30,4,28,8
54,30,4,29,4
54,30,4,30,21
54,30,5,1,13
54,30,5,2,22
54,30,5,3,2
54,30,5,4,17
54,30,5,5,30
54,30,5,6,10
54,30,5,7,18
54,30,5,8,15
54,30,5,9,11
54,30,5,10,14
54,30,5,11,3
54,30,5,12,25
54,30,5,13,26
54,30,5,14,7
54,30,5,15,8
54,30,5,16,9
54,30,5,17,19
54,30,5,18,16
54,30,5,19,21
54,30,5,20,6
54,30,5,21,4
54,30,5,22,1
54,30,5,23,24
54,30,5,24,27
54,30,5,25,5
54,30,5,26,20
54,30,5,27,29
54,30,5,28,12
54,30,5,29,28
54,30,5,30,23
54,30,6,1,15
54,30,6,2,21
54,30,6,3,19
54,30,6,4,28
54,30,6,5,18
54,30,6,6,2
54,30,6,7,27
54,30,6,8,17
54,30,6,9,30
54,30,6,10,10
54,30,6,11,29
54,30,6,12,6
54,30,6,13,22
54,30,6,14,20
54,30,6,15,8
54,30,6,16,16
54,30,6,17,13
54,30,6,18,11
54,30,6,19,4
54,30,6,20,14
54,30,6,21,5
54,30,6,22,25
54,30,6,23,23
54,30,6,24,7
54,30,6,25,3
54,30,6,26,9
54,30,6,27,12
54,30,6,28,1
54,30,6,29,24
54,30,6,30,26
54,30,7,1,1
54,30,7,2,5
54,30,7,3,29
54,30,7,4,9
54,30,7,5,25
54,30,7,6,10
54,30,7,7,11
54,30,7,8,4
54,30,7,9,30
54,30,7,10,18
54,30,7,11,8
54,30,7,12,27
54,30,7,13,23
54,30,7,14,20
54,30,7,15,7
54,30,7,16,24
54,30,7,17,14
54,30,7,18,22
54,30,7,19,6
54,30,7,20,26
54,30,7,21,3
54,30,7,22,13
54,30,7,23,16
54,30,7,24,19
54,30,7,25,17
54,30,7,26,21
54,30,7,27,28
54,30,7,28,2
54,30,7,29,15
54,30,7,30,12
54,30,8,1,17
54,30,8,2,25
54,30,8,3,15
54,30,8,4,29
54,30,8,5,24
54,30,8,6,7
54,30,8,7,8
54,30,8,8,28
54,30,8,9,20
54,30,8,10,2
54,30,8,11,13
54,30,8,12,16
54,30,8,13,5
54,30,8,14,23
54,30,8,15,30
54,30,8,16,21
54,30,8,17,27
54,30,8,18,26
54,30,8,19,3
54,30,8,20,22
54,30,8,21,18
54,30,8,22,11
54,30,8,23,19
54,30,8,24,10
54,30,8,25,9
54,30,8,26,6
54,30,8,27,14
54,30,8,28,4
54,30,8,29,12
54,30,8,30,1
54,30,9,1,11
54,30,9,2,17
54,30,9,3,18
54,30,9,4,14
54,30,9,5,28
54,30,9,6,21
54,30,9,7,1
54,30,9,8,12
54,30,9,9,19
54,30,9,10,25
54,30,9,11,29
54,30,9,12,27
54,30,9,13,6
54,30,9,14,23
54,30,9,15,9
54,30,9,16,3
54,30,9,17,4
54,30,9,18,8
54,30,9,19,13
54,30,9,20,2
54,30,9,21,10
54,30,9,22,15
54,30,9,23,20
54,30,9,24,16
54,30,9,25,26
54,30,9,26,30
54,30,9,27,5
54,30,9,28,7
54,30,9,29,24
54,30,9,30,22
55,30,1,1,27
55,30,1,2,15
55,30,1,3,13
55,30,1,4,18
55,30,1,5,19
55,30,1,6,25
55,30,1,7,30
55,30,1,8,10
55,30,1,9,22
55,30,1,10,28
55,30,1,11,16
55,30,1,12,2
55,30,1,13,11
55,30,1,14,1
55,30,1,15,12
55,30,1,16,4
55,30,1,17,8
55,30,1,18,24
55,30,1,19,14
55,30,1,20,29
55,30,1,21,23
55,30,1,22,21
55,30,1,23,3
55,30,1,24,5
55,30,1,25,9
55,30,1,26,7
55,30,1,27,17
55,30,1,28,26
55,30,1,29,20
55,30,1,30,6
55,30,2,1,18
55,30,2,2,20
55,30,2,3,11
55,30,2,4,28
55,30,2,5,19
55,30,2,6,4
55,30,2,7,30
55,30,2,8,25
55,30,2,9,22
55,30,2,10,12
55,30,2,11,7
55,30,2,12,2
55,30,2,13,9
55,30,2,14,5
55,30,2,15,8
55,30,2,16,24
55,30,2,17,3
55,30,2,18,6
55,30,2,19,26
55,30,2,20,21
55,30,2,21,14
55,30,2,22,29
55,30,2,23,13
55,30,2,24,17
55,30,2,25,27
55,30,2,26,16
55,30,2,27,15
55,30,2,28,23
55,30,2,29,1
55,30,2,30,10
55,30,3,1,10
55,30,3,2,21
55,30,3,3,3
55,30,3,4,27
55,30,3,5,2
55,30,3,6,29
55,30,3,7,16
55,30,3,8,5
55,30,3,9,9
55,30,3,10,19
55,30,3,11,17
55,30,3,12,26
55,30,3,13,23
55,30,3,14,25
55,30,3,15,18
55,30,3,16,7
55,30,3,17,14
55,30,3,18,20
55,30,3,19,15
55,30,3,20,28
55,30,3,21,13
55,30,3,22,30
55,30,3,23,12
55,30,3,24,24
55,30,3,25,8
55,30,3,26,4
55,30,3,27,1
55,30,3,28,6
55,30,3,29,22
55,30,3,30,11
55,30,4,1,21
55,30,4,2,13
55,30,4,3,26
55,30,4,4,14
55,30,4,5,8
55,30,4,6,4
55,30,4,7,1
55,30,4,8,5
55,30,4,9,23
55,30,4,10,18
55,30,4,11,15
55,30,4,12,27
55,30,4,13,22
55,30,4,14,6
55,30,4,15,25
55,30,4,16,17
55,30,4,17,9
55,30,4,18,19
55,30,4,19,16
55,30,4,20,3
55,30,4,21,2
55,30,4,22,12
55,30,4,23,11
55,30,4,24,30
55,30,4,25,28
55,30,4,26,10
55,30,4,27,20
55,30,4,28,29
55,30,4,29,24
55,30,4,30,7
55,30,5,1,23
55,30,5,2,28
55,30,5,3,25
55,30,5,4,26
55,30,5,5,7
55,30,5,6,29
55,30,5,7,12
55,30,5,8,20
55,30,5,9,27
55,30,5,10,5
55,30,5,11,24
55,30,5,12,1
55,30,5,13,4
55,30,5,14,6
55,30,5,15,8
55,30,5,16,9
55,30,5,17,16
55,30,5,18,21
55,30,5,19,19
55,30,5,20,11
55,30,5,21,18
55,30,5,22,15
55,30,5,23,10
55,30,5,24,30
55,30,5,25,14
55,30,5,26,17
55,30,5,27,3
55,30,5,28,2
55,30,5,29,22
55,30,5,30,13
55,30,6,1,26
55,30,6,2,24
55,30,6,3,1
55,30,6,4,12
55,30,6,5,9
55,30,6,6,15
55,30,6,7,21
55,30,6,8,19
55,30,6,9,28
55,30,6,10,18
55,30,6,11,2
55,30,6,12,29
55,30,6,13,3
55,30,6,14,6
55,30,6,15,27
55,30,6,16,17
55,30,6,17,10
55,30,6,18,30
55,30,6,19,22
55,30,6,20,20
55,30,6,21,8
55,30,6,22,16
55,30,6,23,13
55,30,6,24,11
55,30,6,25,4
55,30,6,26,14
55,30,6,27,25
55,30,6,28,23
55,30,6,29,5
55,30,6,30,7
55,30,7,1,17
55,30,7,2,21
55,30,7,3,28
55,30,7,4,2
55,30,7,5,15
55,30,7,6,12
55,30,7,7,19
55,30,7,8,3
55,30,7,9,1
55,30,7,10,5
55,30,7,11,29
55,30,7,12,9
55,30,7,13,25
55,30,7,14,10
55,30,7,15,11
55,30,7,16,26
55,30,7,17,4
55,30,7,18,30
55,30,7,19,18
55,30,7,20,8
55,30,7,21,27
55,30,7,22,23
55,30,7,23,20
55,30,7,24,7
55,30,7,25,22
55,30,7,26,14
55,30,7,27,24
55,30,7,28,6
55,30,7,29,13
55,30,7,30,16
55,30,8,1,17
55,30,8,2,6
55,30,8,3,9
55,30,8,4,10
55,30,8,5,19
55,30,8,6,11
55,30,8,7,18
55,30,8,8,14
55,30,8,9,4
55,30,8,10,12
55,30,8,11,22
55,30,8,12,3
55,30,8,13,21
55,30,8,14,27
55,30,8,15,26
55,30,8,16,5
55,30,8,17,23
55,30,8,18,16
55,30,8,19,13
55,30,8,20,2
55,30,8,21,30
55,30,8,22,1
55,30,8,23,20
55,30,8,24,28
55,30,8,25,8
55,30,8,26,7
55,30,8,27,24
55,30,8,28,29
55,30,8,29,15
55,30,8,30,25
55,30,9,1,11
55,30,9,2,17
55,30,9,3,18
55,30,9,4,14
55,30,9,5,28
55,30,9,6,21
55,30,9,7,1
55,30,9,8,12
55,30,9,9,19
55,30,9,10,25
55,30,9,11,29
55,30,9,12,27
55,30,9,13,6
55,30,9,14,23
55,30,9,15,10
55,30,9,16,15
55,30,9,17,2
55,30,9,18,9
55,30,9,19,3
55,30,9,20,4
55,30,9,21,8
55,30,9,22,13
55,30,9,23,20
55,30,9,24,16
55,30,9,25,7
55,30,9,26,24
55,30,9,27,22
55,30,9,28,5
55,30,9,29,30
55,30,9,30,26
56,30,1,1,4
56,30,1,2,8
56,30,1,3,24
56,30,1,4,14
56,30,1,5,5
56,30,1,6,7
56,30,1,7,17
56,30,1,8,9
56,30,1,9,3
56,30,1,10,26
56,30,1,11,20
56,30,1,12,21
56,30,1,13,23
56,30,1,14,29
56,30,1,15,10
56,30,1,16,6
56,30,1,17,30
56,30,1,18,25
56,30,1,19,19
56,30,1,20,18
56,30,1,21,27
56,30,1,22,15
56,30,1,23,13
56,30,1,24,22
56,30,1,25,28
56,30,1,26,16
56,30,1,27,2
56,30,1,28,11
56,30,1,29,1
56,30,1,30,12
56,30,2,1,13
56,30,2,2,29
56,30,2,3,5
56,30,2,4,9
56,30,2,5,2
56,30,2,6,8
56,30,2,7,7
56,30,2,8,12
56,30,2,9,22
56,30,2,10,24
56,30,2,11,3
56,30,2,12,6
56,30,2,13,28
56,30,2,14,19
56,30,2,15,4
56,30,2,16,30
56,30,2,17,25
56,30,2,18,26
56,30,2,19,11
56,30,2,20,21
56,30,2,21,14
56,30,2,22,27
56,30,2,23,17
56,30,2,24,16
56,30,2,25,20
56,30,2,26,18
56,30,2,27,10
56,30,2,28,1
56,30,2,29,15
56,30,2,30,23
56,30,3,1,5
56,30,3,2,16
56,30,3,3,29
56,30,3,4,2
56,30,3,5,27
56,30,3,6,3
56,30,3,7,21
56,30,3,8,10
56,30,3,9,6
56,30,3,10,22
56,30,3,11,11
56,30,3,12,1
56,30,3,13,4
56,30,3,14,8
56,30,3,15,18
56,30,3,16,23
56,30,3,17,26
56,30,3,18,25
56,30,3,19,24
56,30,3,20,12
56,30,3,21,30
56,30,3,22,14
56,30,3,23,20
56,30,3,24,13
56,30,3,25,15
56,30,3,26,28
56,30,3,27,7
56,30,3,28,17
56,30,3,29,19
56,30,3,30,9
56,30,4,1,21
56,30,4,2,20
56,30,4,3,10
56,30,4,4,30
56,30,4,5,11
56,30,4,6,12
56,30,4,7,28
56,30,4,8,3
56,30,4,9,16
56,30,4,10,2
56,30,4,11,29
56,30,4,12,24
56,30,4,13,7
56,30,4,14,13
56,30,4,15,26
56,30,4,16,18
56,30,4,17,14
56,30,4,18,15
56,30,4,19,27
56,30,4,20,9
56,30,4,21,19
56,30,4,22,17
56,30,4,23,22
56,30,4,24,6
56,30,4,25,25
56,30,4,26,23
56,30,4,27,5
56,30,4,28,1
56,30,4,29,8
56,30,4,30,4
56,30,5,1,2
56,30,5,2,22
56,30,5,3,13
56,30,5,4,23
56,30,5,5,3
56,30,5,6,25
56,30,5,7,28
56,30,5,8,20
56,30,5,9,5
56,30,5,10,27
56,30,5,11,29
56,30,5,12,26
56,30,5,13,7
56,30,5,14,12
56,30,5,15,24
56,30,5,16,1
56,30,5,17,8
56,30,5,18,14
56,30,5,19,17
56,30,5,20,30
56,30,5,21,9
56,30,5,22,4
56,30,5,23,6
56,30,5,24,19
56,30,5,25,11
56,30,5,26,16
56,30,5,27,21
56,30,5,28,18
56,30,5,29,15
56,30,5,30,10
56,30,6,1,10
56,30,6,2,30
56,30,6,3,18
56,30,6,4,28
56,30,6,5,19
56,30,6,6,21
56,30,6,7,15
56,30,6,8,27
56,30,6,9,17
56,30,6,10,2
56,30,6,11,9
56,30,6,12,26
56,30,6,13,24
56,30,6,14,12
56,30,6,15,1
56,30,6,16,7
56,30,6,17,29
56,30,6,18,3
56,30,6,19,6
56,30,6,20,5
56,30,6,21,23
56,30,6,22,25
56,30,6,23,14
56,30,6,24,4
56,30,6,25,13
56,30,6,26,11
56,30,6,27,22
56,30,6,28,8
56,30,6,29,16
56,30,6,30,20
56,30,7,1,17
56,30,7,2,16
56,30,7,3,13
56,30,7,4,19
56,30,7,5,3
56,30,7,6,26
56,30,7,7,6
56,30,7,8,14
56,30,7,9,24
56,30,7,10,22
56,30,7,11,7
56,30,7,12,20
56,30,7,13,21
56,30,7,14,15
56,30,7,15,12
56,30,7,16,1
56,30,7,17,5
56,30,7,18,29
56,30,7,19,11
56,30,7,20,4
56,30,7,21,18
56,30,7,22,27
56,30,7,23,23
56,30,7,24,8
56,30,7,25,30
56,30,7,26,10
56,30,7,27,25
56,30,7,28,9
56,30,7,29,28
56,30,7,30,2
56,30,8,1,18
56,30,8,2,11
56,30,8,3,19
56,30,8,4,10
56,30,8,5,9
56,30,8,6,6
56,30,8,7,17
56,30,8,8,25
56,30,8,9,14
56,30,8,10,4
56,30,8,11,12
56,30,8,12,15
56,30,8,13,1
56,30,8,14,29
56,30,8,15,28
56,30,8,16,24
56,30,8,17,7
56,30,8,18,8
56,30,8,19,20
56,30,8,20,30
56,30,8,21,21
56,30,8,22,3
56,30,8,23,22
56,30,8,24,23
56,30,8,25,26
56,30,8,26,27
56,30,8,27,2
56,30,8,28,13
56,30,8,29,16
56,30,8,30,5
56,30,9,1,19
56,30,9,2,25
56,30,9,3,29
56,30,9,4,27
56,30,9,5,6
56,30,9,6,23
56,30,9,7,9
56,30,9,8,3
56,30,9,9,4
56,30,9,10,8
56,30,9,11,10
56,30,9,12,13
56,30,9,13,2
56,30,9,14,15
56,30,9,15,1
56,30,9,16,12
56,30,9,17,20
56,30,9,18,16
56,30,9,19,7
56,30,9,20,24
56,30,9,21,26
56,30,9,22,30
56,30,9,23,5
56,30,9,24,22
56,30,9,25,21
56,30,9,26,28
56,30,9,27,14
56,30,9,28,18
56,30,9,29,17
56,30,9,30,11
57,30,1,1,24
57,30,1,2,8
57,30,1,3,4
57,30,1,4,12
57,30,1,5,1
57,30,1,6,11
57,30,1,7,2
57,30,1,8,16
57,30,1,9,28
57,30,1,10,22
57,30,1,11,29
57,30,1,12,14
57,30,1,13,3
57,30,1,14,21
57,30,1,15,23
57,30,1,16,10
57,30,1,17,30
57,30,1,18,25
57,30,1,19,13
57,30,1,20,18
57,30,1,21,19
57,30,1,22,15
57,30,1,23,27
57,30,1,24,6
57,30,1,25,20
57,30,1,26,26
57,30,1,27,17
57,30,1,28,7
57,30,1,29,9
57,30,1,30,5
57,30,2,1,6
57,30,2,2,3
57,30,2,3,14
57,30,2,4,24
57,30,2,5,8
57,30,2,6,29
57,30,2,7,13
57,30,2,8,17
57,30,2,9,16
57,30,2,10,27
57,30,2,11,15
57,30,2,12,23
57,30,2,13,1
57,30,2,14,18
57,30,2,15,20
57,30,2,16,10
57,30,2,17,21
57,30,2,18,11
57,30,2,19,26
57,30,2,20,28
57,30,2,21,25
57,30,2,22,30
57,30,2,23,4
57,30,2,24,19
57,30,2,25,22
57,30,2,26,12
57,30,2,27,7
57,30,2,28,2
57,30,2,29,9
57,30,2,30,5
57,30,3,1,11
57,30,3,2,1
57,30,3,3,12
57,30,3,4,30
57,30,3,5,13
57,30,3,6,28
57,30,3,7,15
57,30,3,8,20
57,30,3,9,24
57,30,3,10,14
57,30,3,11,7
57,30,3,12,18
57,30,3,13,25
57,30,3,14,23
57,30,3,15,26
57,30,3,16,17
57,30,3,17,19
57,30,3,18,9
57,30,3,19,5
57,30,3,20,21
57,30,3,21,3
57,30,3,22,16
57,30,3,23,29
57,30,3,24,27
57,30,3,25,2
57,30,3,26,10
57,30,3,27,8
57,30,3,28,4
57,30,3,29,6
57,30,3,30,22
57,30,4,1,14
57,30,4,2,8
57,30,4,3,4
57,30,4,4,1
57,30,4,5,5
57,30,4,6,23
57,30,4,7,18
57,30,4,8,15
57,30,4,9,27
57,30,4,10,22
57,30,4,11,6
57,30,4,12,25
57,30,4,13,17
57,30,4,14,9
57,30,4,15,19
57,30,4,16,29
57,30,4,17,2
57,30,4,18,16
57,30,4,19,3
57,30,4,20,11
57,30,4,21,12
57,30,4,22,30
57,30,4,23,28
57,30,4,24,10
57,30,4,25,20
57,30,4,26,24
57,30,4,27,7
57,30,4,28,21
57,30,4,29,13
57,30,4,30,26
57,30,5,1,5
57,30,5,2,27
57,30,5,3,24
57,30,5,4,1
57,30,5,5,4
57,30,5,6,6
57,30,5,7,16
57,30,5,8,21
57,30,5,9,19
57,30,5,10,11
57,30,5,11,18
57,30,5,12,15
57,30,5,13,10
57,30,5,14,30
57,30,5,15,14
57,30,5,16,17
57,30,5,17,2
57,30,5,18,22
57,30,5,19,13
57,30,5,20,23
57,30,5,21,3
57,30,5,22,28
57,30,5,23,25
57,30,5,24,26
57,30,5,25,7
57,30,5,26,9
57,30,5,27,8
57,30,5,28,12
57,30,5,29,29
57,30,5,30,20
57,30,6,1,22
57,30,6,2,11
57,30,6,3,13
57,30,6,4,4
57,30,6,5,14
57,30,6,6,25
57,30,6,7,23
57,30,6,8,5
57,30,6,9,6
57,30,6,10,3
57,30,6,11,29
57,30,6,12,7
57,30,6,13,1
57,30,6,14,24
57,30,6,15,12
57,30,6,16,26
57,30,6,17,9
57,30,6,18,2
57,30,6,19,15
57,30,6,20,28
57,30,6,21,21
57,30,6,22,19
57,30,6,23,18
57,30,6,24,17
57,30,6,25,27
57,30,6,26,30
57,30,6,27,10
57,30,6,28,20
57,30,6,29,16
57,30,6,30,8
57,30,7,1,24
57,30,7,2,14
57,30,7,3,6
57,30,7,4,13
57,30,7,5,16
57,30,7,6,26
57,30,7,7,3
57,30,7,8,19
57,30,7,9,17
57,30,7,10,21
57,30,7,11,15
57,30,7,12,12
57,30,7,13,1
57,30,7,14,5
57,30,7,15,29
57,30,7,16,28
57,30,7,17,2
57,30,7,18,9
57,30,7,19,25
57,30,7,20,10
57,30,7,21,11
57,30,7,22,4
57,30,7,23,30
57,30,7,24,18
57,30,7,25,8
57,30,7,26,27
57,30,7,27,23
57,30,7,28,20
57,30,7,29,7
57,30,7,30,22
57,30,8,1,28
57,30,8,2,29
57,30,8,3,24
57,30,8,4,7
57,30,8,5,8
57,30,8,6,15
57,30,8,7,25
57,30,8,8,17
57,30,8,9,6
57,30,8,10,9
57,30,8,11,10
57,30,8,12,19
57,30,8,13,11
57,30,8,14,18
57,30,8,15,14
57,30,8,16,4
57,30,8,17,12
57,30,8,18,1
57,30,8,19,30
57,30,8,20,21
57,30,8,21,3
57,30,8,22,22
57,30,8,23,26
57,30,8,24,27
57,30,8,25,23
57,30,8,26,5
57,30,8,27,16
57,30,8,28,13
57,30,8,29,2
57,30,8,30,20
57,30,9,1,4
57,30,9,2,3
57,30,9,3,9
57,30,9,4,23
57,30,9,5,6
57,30,9,6,27
57,30,9,7,29
57,30,9,8,25
57,30,9,9,19
57,30,9,10,12
57,30,9,11,1
57,30,9,12,21
57,30,9,13,28
57,30,9,14,14
57,30,9,15,18
57,30,9,16,11
57,30,9,17,17
57,30,9,18,22
57,30,9,19,24
57,30,9,20,7
57,30,9,21,5
57,30,9,22,30
57,30,9,23,26
57,30,9,24,16
57,30,9,25,20
57,30,9,26,15
57,30,9,27,10
57,30,9,28,2
57,30,9,29,13
57,30,9,30,8
58,30,1,1,8
58,30,1,2,24
58,30,1,3,7
58,30,1,4,17
58,30,1,5,26
58,30,1,6,20
58,30,1,7,6
58,30,1,8,27
58,30,1,9,15
58,30,1,10,19
58,30,1,11,18
58,30,1,12,13
58,30,1,13,25
58,30,1,14,30
58,30,1,15,10
58,30,1,16,22
58,30,1,17,28
58,30,1,18,16
58,30,1,19,2
58,30,1,20,1
58,30,1,21,11
58,30,1,22,12
58,30,1,23,4
58,30,1,24,14
58,30,1,25,29
58,30,1,26,23
58,30,1,27,21
58,30,1,28,3
58,30,1,29,9
58,30,1,30,5
58,30,2,1,25
58,30,2,2,30
58,30,2,3,4
58,30,2,4,19
58,30,2,5,22
58,30,2,6,12
58,30,2,7,7
58,30,2,8,2
58,30,2,9,9
58,30,2,10,5
58,30,2,11,13
58,30,2,12,8
58,30,2,13,29
58,30,2,14,24
58,30,2,15,3
58,30,2,16,14
58,30,2,17,27
58,30,2,18,17
58,30,2,19,16
58,30,2,20,15
58,30,2,21,23
58,30,2,22,1
58,30,2,23,18
58,30,2,24,20
58,30,2,25,10
58,30,2,26,21
58,30,2,27,6
58,30,2,28,26
58,30,2,29,11
58,30,2,30,28
58,30,3,1,13
58,30,3,2,28
58,30,3,3,15
58,30,3,4,20
58,30,3,5,14
58,30,3,6,7
58,30,3,7,19
58,30,3,8,9
58,30,3,9,5
58,30,3,10,21
58,30,3,11,10
58,30,3,12,3
58,30,3,13,27
58,30,3,14,16
58,30,3,15,29
58,30,3,16,2
58,30,3,17,26
58,30,3,18,17
58,30,3,19,25
58,30,3,20,23
58,30,3,21,18
58,30,3,22,4
58,30,3,23,8
58,30,3,24,6
58,30,3,25,22
58,30,3,26,11
58,30,3,27,1
58,30,3,28,24
58,30,3,29,12
58,30,3,30,30
58,30,4,1,11
58,30,4,2,30
58,30,4,3,10
58,30,4,4,20
58,30,4,5,24
58,30,4,6,7
58,30,4,7,26
58,30,4,8,13
58,30,4,9,21
58,30,4,10,14
58,30,4,11,8
58,30,4,12,4
58,30,4,13,1
58,30,4,14,5
58,30,4,15,23
58,30,4,16,18
58,30,4,17,15
58,30,4,18,27
58,30,4,19,22
58,30,4,20,6
58,30,4,21,25
58,30,4,22,19
58,30,4,23,9
58,30,4,24,17
58,30,4,25,29
58,30,4,26,28
58,30,4,27,12
58,30,4,28,2
58,30,4,29,16
58,30,4,30,3
58,30,5,1,16
58,30,5,2,21
58,30,5,3,15
58,30,5,4,18
58,30,5,5,10
58,30,5,6,30
58,30,5,7,14
58,30,5,8,17
58,30,5,9,2
58,30,5,10,22
58,30,5,11,13
58,30,5,12,23
58,30,5,13,3
58,30,5,14,28
58,30,5,15,25
58,30,5,16,26
58,30,5,17,7
58,30,5,18,29
58,30,5,19,20
58,30,5,20,5
58,30,5,21,27
58,30,5,22,12
58,30,5,23,8
58,30,5,24,9
58,30,5,25,11
58,30,5,26,19
58,30,5,27,24
58,30,5,28,1
58,30,5,29,4
58,30,5,30,6
58,30,6,1,9
58,30,6,2,26
58,30,6,3,24
58,30,6,4,12
58,30,6,5,1
58,30,6,6,7
58,30,6,7,5
58,30,6,8,23
58,30,6,9,25
58,30,6,10,14
58,30,6,11,4
58,30,6,12,13
58,30,6,13,16
58,30,6,14,8
58,30,6,15,20
58,30,6,16,10
58,30,6,17,30
58,30,6,18,17
58,30,6,19,22
58,30,6,20,11
58,30,6,21,6
58,30,6,22,3
58,30,6,23,29
58,30,6,24,2
58,30,6,25,27
58,30,6,26,18
58,30,6,27,28
58,30,6,28,19
58,30,6,29,21
58,30,6,30,15
58,30,7,1,17
58,30,7,2,19
58,30,7,3,21
58,30,7,4,28
58,30,7,5,2
58,30,7,6,15
58,30,7,7,12
58,30,7,8,3
58,30,7,9,26
58,30,7,10,1
58,30,7,11,5
58,30,7,12,29
58,30,7,13,9
58,30,7,14,25
58,30,7,15,10
58,30,7,16,11
58,30,7,17,4
58,30,7,18,30
58,30,7,19,18
58,30,7,20,8
58,30,7,21,23
58,30,7,22,27
58,30,7,23,20
58,30,7,24,7
58,30,7,25,22
58,30,7,26,24
58,30,7,27,14
58,30,7,28,6
58,30,7,29,13
58,30,7,30,16
58,30,8,1,2
58,30,8,2,13
58,30,8,3,16
58,30,8,4,5
58,30,8,5,23
58,30,8,6,21
58,30,8,7,27
58,30,8,8,26
58,30,8,9,3
58,30,8,10,22
58,30,8,11,18
58,30,8,12,11
58,30,8,13,19
58,30,8,14,10
58,30,8,15,9
58,30,8,16,6
58,30,8,17,14
58,30,8,18,4
58,30,8,19,17
58,30,8,20,25
58,30,8,21,15
58,30,8,22,29
58,30,8,23,24
58,30,8,24,7
58,30,8,25,8
58,30,8,26,28
58,30,8,27,12
58,30,8,28,1
58,30,8,29,30
58,30,8,30,20
58,30,9,1,11
58,30,9,2,17
58,30,9,3,21
58,30,9,4,28
58,30,9,5,18
58,30,9,6,14
58,30,9,7,12
58,30,9,8,19
58,30,9,9,25
58,30,9,10,29
58,30,9,11,27
58,30,9,12,1
58,30,9,13,6
58,30,9,14,23
58,30,9,15,9
58,30,9,16,3
58,30,9,17,4
58,30,9,18,10
58,30,9,19,15
58,30,9,20,20
58,30,9,21,2
58,30,9,22,13
58,30,9,23,8
58,30,9,24,16
58,30,9,25,26
58,30,9,26,30
58,30,9,27,5
58,30,9,28,7
58,30,9,29,24
58,30,9,30,22
59,30,1,1,25
59,30,1,2,18
59,30,1,3,13
59,30,1,4,15
59,30,1,5,27
59,30,1,6,19
59,30,1,7,6
59,30,1,8,20
59,30,1,9,26
59,30,1,10,17
59,30,1,11,7
59,30,1,12,9
59,30,1,13,5
59,30,1,14,24
59,30,1,15,8
59,30,1,16,14
59,30,1,17,3
59,30,1,18,21
59,30,1,19,23
59,30,1,20,29
59,30,1,21,4
59,30,1,22,12
59,30,1,23,1
59,30,1,24,11
59,30,1,25,16
59,30,1,26,2
59,30,1,27,28
59,30,1,28,22
59,30,1,29,10
59,30,1,30,30
59,30,2,1,22
59,30,2,2,19
59,30,2,3,4
59,30,2,4,30
59,30,2,5,25
59,30,2,6,28
59,30,2,7,11
59,30,2,8,26
59,30,2,9,6
59,30,2,10,3
59,30,2,11,21
59,30,2,12,14
59,30,2,13,20
59,30,2,14,18
59,30,2,15,1
59,30,2,16,10
59,30,2,17,23
59,30,2,18,15
59,30,2,19,16
59,30,2,20,27
59,30,2,21,17
59,30,2,22,24
59,30,2,23,29
59,30,2,24,13
59,30,2,25,8
59,30,2,26,5
59,30,2,27,9
59,30,2,28,2
59,30,2,29,7
59,30,2,30,12
59,30,3,1,7
59,30,3,2,25
59,30,3,3,23
59,30,3,4,17
59,30,3,5,26
59,30,3,6,19
59,30,3,7,9
59,30,3,8,5
59,30,3,9,16
59,30,3,10,21
59,30,3,11,3
59,30,3,12,29
59,30,3,13,27
59,30,3,14,2
59,30,3,15,10
59,30,3,16,6
59,30,3,17,22
59,30,3,18,11
59,30,3,19,1
59,30,3,20,4
59,30,3,21,8
59,30,3,22,18
59,30,3,23,24
59,30,3,24,12
59,30,3,25,30
59,30,3,26,13
59,30,3,27,28
59,30,3,28,15
59,30,3,29,20
59,30,3,30,14
59,30,4,1,25
59,30,4,2,6
59,30,4,3,22
59,30,4,4,23
59,30,4,5,5
59,30,4,6,1
59,30,4,7,4
59,30,4,8,8
59,30,4,9,14
59,30,4,10,26
59,30,4,11,13
59,30,4,12,21
59,30,4,13,7
59,30,4,14,24
59,30,4,15,18
59,30,4,16,15
59,30,4,17,29
59,30,4,18,28
59,30,4,19,10
59,30,4,20,20
59,30,4,21,30
59,30,4,22,12
59,30,4,23,11
59,30,4,24,3
59,30,4,25,16
59,30,4,26,2
59,30,4,27,27
59,30,4,28,17
59,30,4,29,9
59,30,4,30,19
59,30,5,1,14
59,30,5,2,17
59,30,5,3,3
59,30,5,4,2
59,30,5,5,22
59,30,5,6,13
59,30,5,7,23
59,30,5,8,28
59,30,5,9,25
59,30,5,10,26
59,30,5,11,29
59,30,5,12,20
59,30,5,13,5
59,30,5,14,27
59,30,5,15,7
59,30,5,16,12
59,30,5,17,24
59,30,5,18,1
59,30,5,19,4
59,30,5,20,21
59,30,5,21,16
59,30,5,22,6
59,30,5,23,8
59,30,5,24,9
59,30,5,25,19
59,30,5,26,11
59,30,5,27,18
59,30,5,28,15
59,30,5,29,10
59,30,5,30,30
59,30,6,1,23
59,30,6,2,5
59,30,6,3,7
59,30,6,4,1
59,30,6,5,24
59,30,6,6,26
59,30,6,7,12
59,30,6,8,9
59,30,6,9,15
59,30,6,10,21
59,30,6,11,19
59,30,6,12,28
59,30,6,13,18
59,30,6,14,30
59,30,6,15,10
59,30,6,16,17
59,30,6,17,27
59,30,6,18,2
59,30,6,19,29
59,30,6,20,3
59,30,6,21,6
59,30,6,22,11
59,30,6,23,22
59,30,6,24,20
59,30,6,25,8
59,30,6,26,16
59,30,6,27,13
59,30,6,28,4
59,30,6,29,14
59,30,6,30,25
59,30,7,1,15
59,30,7,2,19
59,30,7,3,21
59,30,7,4,17
59,30,7,5,28
59,30,7,6,2
59,30,7,7,10
59,30,7,8,25
59,30,7,9,9
59,30,7,10,29
59,30,7,11,5
59,30,7,12,1
59,30,7,13,11
59,30,7,14,30
59,30,7,15,4
59,30,7,16,18
59,30,7,17,8
59,30,7,18,23
59,30,7,19,27
59,30,7,20,20
59,30,7,21,7
59,30,7,22,22
59,30,7,23,14
59,30,7,24,24
59,30,7,25,6
59,30,7,26,13
59,30,7,27,16
59,30,7,28,26
59,30,7,29,3
59,30,7,30,12
59,30,8,1,9
59,30,8,2,14
59,30,8,3,6
59,30,8,4,17
59,30,8,5,25
59,30,8,6,15
59,30,8,7,29
59,30,8,8,24
59,30,8,9,7
59,30,8,10,8
59,30,8,11,28
59,30,8,12,20
59,30,8,13,1
59,30,8,14,12
59,30,8,15,4
59,30,8,16,30
59,30,8,17,21
59,30,8,18,23
59,30,8,19,2
59,30,8,20,13
59,30,8,21,16
59,30,8,22,5
59,30,8,23,27
59,30,8,24,26
59,30,8,25,3
59,30,8,26,22
59,30,8,27,18
59,30,8,28,11
59,30,8,29,19
59,30,8,30,10
59,30,9,1,4
59,30,9,2,3
59,30,9,3,9
59,30,9,4,23
59,30,9,5,27
59,30,9,6,29
59,30,9,7,25
59,30,9,8,19
59,30,9,9,12
59,30,9,10,1
59,30,9,11,6
59,30,9,12,10
59,30,9,13,15
59,30,9,14,21
59,30,9,15,28
59,30,9,16,14
59,30,9,17,18
59,30,9,18,17
59,30,9,19,11
59,30,9,20,5
59,30,9,21,30
59,30,9,22,26
59,30,9,23,16
59,30,9,24,7
59,30,9,25,24
59,30,9,26,22
59,30,9,27,20
59,30,9,28,2
59,30,9,29,13
59,30,9,30,8
60,30,1,1,24
60,30,1,2,8
60,30,1,3,14
60,30,1,4,29
60,30,1,5,21
60,30,1,6,23
60,30,1,7,10
60,30,1,8,22
60,30,1,9,28
60,30,1,10,16
60,30,1,11,11
60,30,1,12,12
60,30,1,13,4
60,30,1,14,1
60,30,1,15,2
60,30,1,16,13
60,30,1,17,25
60,30,1,18,30
60,30,1,19,19
60,30,1,20,18
60,30,1,21,15
60,30,1,22,27
60,30,1,23,6
60,30,1,24,20
60,30,1,25,26
60,30,1,26,17
60,30,1,27,7
60,30,1,28,5
60,30,1,29,9
60,30,1,30,3
60,30,2,1,22
60,30,2,2,12
60,30,2,3,7
60,30,2,4,2
60,30,2,5,9
60,30,2,6,5
60,30,2,7,8
60,30,2,8,13
60,30,2,9,29
60,30,2,10,24
60,30,2,11,3
60,30,2,12,6
60,30,2,13,21
60,30,2,14,14
60,30,2,15,27
60,30,2,16,17
60,30,2,17,16
60,30,2,18,15
60,30,2,19,23
60,30,2,20,1
60,30,2,21,10
60,30,2,22,20
60,30,2,23,18
60,30,2,24,11
60,30,2,25,26
60,30,2,26,28
60,30,2,27,30
60,30,2,28,25
60,30,2,29,4
60,30,2,30,19
60,30,3,1,11
60,30,3,2,1
60,30,3,3,4
60,30,3,4,8
60,30,3,5,18
60,30,3,6,14
60,30,3,7,24
60,30,3,8,12
60,30,3,9,30
60,30,3,10,20
60,30,3,11,13
60,30,3,12,15
60,30,3,13,28
60,30,3,14,7
60,30,3,15,25
60,30,3,16,23
60,30,3,17,26
60,30,3,18,17
60,30,3,19,19
60,30,3,20,9
60,30,3,21,5
60,30,3,22,21
60,30,3,23,16
60,30,3,24,29
60,30,3,25,2
60,30,3,26,27
60,30,3,27,3
60,30,3,28,10
60,30,3,29,6
60,30,3,30,22
60,30,4,1,25
60,30,4,2,19
60,30,4,3,9
60,30,4,4,17
60,30,4,5,22
60,30,4,6,27
60,30,4,7,29
60,30,4,8,28
60,30,4,9,12
60,30,4,10,2
60,30,4,11,16
60,30,4,12,3
60,30,4,13,11
60,30,4,14,30
60,30,4,15,10
60,30,4,16,20
60,30,4,17,21
60,30,4,18,13
60,30,4,19,7
60,30,4,20,24
60,30,4,21,26
60,30,4,22,14
60,30,4,23,18
60,30,4,24,15
60,30,4,25,23
60,30,4,26,8
60,30,4,27,4
60,30,4,28,1
60,30,4,29,5
60,30,4,30,6
60,30,5,1,11
60,30,5,2,19
60,30,5,3,9
60,30,5,4,8
60,30,5,5,12
60,30,5,6,29
60,30,5,7,20
60,30,5,8,27
60,30,5,9,5
60,30,5,10,24
60,30,5,11,1
60,30,5,12,4
60,30,5,13,6
60,30,5,14,16
60,30,5,15,21
60,30,5,16,15
60,30,5,17,18
60,30,5,18,10
60,30,5,19,30
60,30,5,20,14
60,30,5,21,17
60,30,5,22,2
60,30,5,23,13
60,30,5,24,22
60,30,5,25,23
60,30,5,26,3
60,30,5,27,25
60,30,5,28,28
60,30,5,29,26
60,30,5,30,7
60,30,6,1,17
60,30,6,2,18
60,30,6,3,28
60,30,6,4,19
60,30,6,5,21
60,30,6,6,15
60,30,6,7,9
60,30,6,8,12
60,30,6,9,1
60,30,6,10,26
60,30,6,11,24
60,30,6,12,7
60,30,6,13,3
60,30,6,14,29
60,30,6,15,2
60,30,6,16,27
60,30,6,17,6
60,30,6,18,5
60,30,6,19,23
60,30,6,20,25
60,30,6,21,14
60,30,6,22,4
60,30,6,23,13
60,30,6,24,11
60,30,6,25,22
60,30,6,26,8
60,30,6,27,16
60,30,6,28,20
60,30,6,29,10
60,30,6,30,30
60,30,7,1,24
60,30,7,2,14
60,30,7,3,6
60,30,7,4,22
60,30,7,5,7
60,30,7,6,20
60,30,7,7,27
60,30,7,8,23
60,30,7,9,8
60,30,7,10,18
60,30,7,11,30
60,30,7,12,10
60,30,7,13,25
60,30,7,14,9
60,30,7,15,11
60,30,7,16,4
60,30,7,17,26
60,30,7,18,3
60,30,7,19,1
60,30,7,20,29
60,30,7,21,5
60,30,7,22,12
60,30,7,23,15
60,30,7,24,2
60,30,7,25,28
60,30,7,26,21
60,30,7,27,17
60,30,7,28,19
60,30,7,29,16
60,30,7,30,13
60,30,8,1,28
60,30,8,2,29
60,30,8,3,24
60,30,8,4,7
60,30,8,5,8
60,30,8,6,20
60,30,8,7,1
60,30,8,8,30
60,30,8,9,23
60,30,8,10,2
60,30,8,11,13
60,30,8,12,16
60,30,8,13,5
60,30,8,14,27
60,30,8,15,26
60,30,8,16,18
60,30,8,17,11
60,30,8,18,22
60,30,8,19,3
60,30,8,20,21
60,30,8,21,12
60,30,8,22,4
60,30,8,23,14
60,30,8,24,6
60,30,8,25,9
60,30,8,26,10
60,30,8,27,19
60,30,8,28,17
60,30,8,29,25
60,30,8,30,15
60,30,9,1,17
60,30,9,2,22
60,30,9,3,24
60,30,9,4,5
60,30,9,5,30
60,30,9,6,26
60,30,9,7,16
60,30,9,8,7
60,30,9,9,20
60,30,9,10,15
60,30,9,11,10
60,30,9,12,2
60,30,9,13,13
60,30,9,14,8
60,30,9,15,4
60,30,9,16,3
60,30,9,17,9
60,30,9,18,23
60,30,9,19,6
60,30,9,20,27
60,30,9,21,29
60,30,9,22,25
60,30,9,23,19
60,30,9,24,12
60,30,9,25,1
60,30,9,26,21
60,30,9,27,28
60,30,9,28,14
60,30,9,29,18
60,30,9,30,11
61,30,1,1,12
61,30,1,2,4
61,30,1,3,8
61,30,1,4,14
61,30,1,5,24
61,30,1,6,5
61,30,1,7,7
61,30,1,8,9
61,30,1,9,17
61,30,1,10,26
61,30,1,11,20
61,30,1,12,6
61,30,1,13,3
61,30,1,14,21
61,30,1,15,27
61,30,1,16,15
61,30,1,17,19
61,30,1,18,18
61,30,1,19,13
61,30,1,20,25
61,30,1,21,30
61,30,1,22,23
61,30,1,23,10
61,30,1,24,29
61,30,1,25,22
61,30,1,26,28
61,30,1,27,16
61,30,1,28,2
61,30,1,29,11
61,30,1,30,1
61,30,2,1,3
61,30,2,2,14
61,30,2,3,15
61,30,2,4,23
61,30,2,5,16
61,30,2,6,17
61,30,2,7,27
61,30,2,8,29
61,30,2,9,13
61,30,2,10,8
61,30,2,11,24
61,30,2,12,5
61,30,2,13,9
61,30,2,14,2
61,30,2,15,7
61,30,2,16,12
61,30,2,17,22
61,30,2,18,28
61,30,2,19,19
61,30,2,20,4
61,30,2,21,30
61,30,2,22,25
61,30,2,23,11
61,30,2,24,26
61,30,2,25,6
61,30,2,26,21
61,30,2,27,20
61,30,2,28,18
61,30,2,29,1
61,30,2,30,10
61,30,3,1,23
61,30,3,2,26
61,30,3,3,17
61,30,3,4,25
61,30,3,5,19
61,30,3,6,9
61,30,3,7,5
61,30,3,8,21
61,30,3,9,3
61,30,3,10,16
61,30,3,11,29
61,30,3,12,27
61,30,3,13,2
61,30,3,14,10
61,30,3,15,6
61,30,3,16,22
61,30,3,17,8
61,30,3,18,4
61,30,3,19,1
61,30,3,20,11
61,30,3,21,24
61,30,3,22,12
61,30,3,23,30
61,30,3,24,13
61,30,3,25,20
61,30,3,26,15
61,30,3,27,28
61,30,3,28,7
61,30,3,29,14
61,30,3,30,18
61,30,4,1,8
61,30,4,2,14
61,30,4,3,18
61,30,4,4,24
61,30,4,5,26
61,30,4,6,13
61,30,4,7,7
61,30,4,8,21
61,30,4,9,20
61,30,4,10,10
61,30,4,11,28
61,30,4,12,12
61,30,4,13,30
61,30,4,14,11
61,30,4,15,2
61,30,4,16,3
61,30,4,17,16
61,30,4,18,29
61,30,4,19,27
61,30,4,20,17
61,30,4,21,9
61,30,4,22,19
61,30,4,23,25
61,30,4,24,22
61,30,4,25,6
61,30,4,26,15
61,30,4,27,23
61,30,4,28,5
61,30,4,29,1
61,30,4,30,4
61,30,5,1,9
61,30,5,2,11
61,30,5,3,18
61,30,5,4,15
61,30,5,5,10
61,30,5,6,30
61,30,5,7,14
61,30,5,8,17
61,30,5,9,3
61,30,5,10,2
61,30,5,11,22
61,30,5,12,13
61,30,5,13,23
61,30,5,14,25
61,30,5,15,28
61,30,5,16,26
61,30,5,17,7
61,30,5,18,8
61,30,5,19,12
61,30,5,20,29
61,30,5,21,27
61,30,5,22,20
61,30,5,23,5
61,30,5,24,24
61,30,5,25,1
61,30,5,26,4
61,30,5,27,6
61,30,5,28,16
61,30,5,29,21
61,30,5,30,19
61,30,6,1,27
61,30,6,2,29
61,30,6,3,6
61,30,6,4,3
61,30,6,5,7
61,30,6,6,5
61,30,6,7,23
61,30,6,8,25
61,30,6,9,14
61,30,6,10,4
61,30,6,11,13
61,30,6,12,11
61,30,6,13,22
61,30,6,14,8
61,30,6,15,16
61,30,6,16,20
61,30,6,17,17
61,30,6,18,10
61,30,6,19,30
61,30,6,20,18
61,30,6,21,28
61,30,6,22,19
61,30,6,23,21
61,30,6,24,15
61,30,6,25,9
61,30,6,26,26
61,30,6,27,24
61,30,6,28,1
61,30,6,29,12
61,30,6,30,2
61,30,7,1,15
61,30,7,2,12
61,30,7,3,3
61,30,7,4,26
61,30,7,5,13
61,30,7,6,16
61,30,7,7,24
61,30,7,8,14
61,30,7,9,6
61,30,7,10,22
61,30,7,11,7
61,30,7,12,20
61,30,7,13,27
61,30,7,14,23
61,30,7,15,8
61,30,7,16,18
61,30,7,17,4
61,30,7,18,30
61,30,7,19,11
61,30,7,20,25
61,30,7,21,10
61,30,7,22,2
61,30,7,23,28
61,30,7,24,9
61,30,7,25,29
61,30,7,26,5
61,30,7,27,1
61,30,7,28,19
61,30,7,29,17
61,30,7,30,21
61,30,8,1,16
61,30,8,2,27
61,30,8,3,3
61,30,8,4,22
61,30,8,5,26
61,30,8,6,18
61,30,8,7,11
61,30,8,8,19
61,30,8,9,10
61,30,8,10,9
61,30,8,11,6
61,30,8,12,14
61,30,8,13,4
61,30,8,14,12
61,30,8,15,1
61,30,8,16,30
61,30,8,17,21
61,30,8,18,23
61,30,8,19,17
61,30,8,20,25
61,30,8,21,15
61,30,8,22,8
61,30,8,23,7
61,30,8,24,24
61,30,8,25,29
61,30,8,26,28
61,30,8,27,20
61,30,8,28,2
61,30,8,29,13
61,30,8,30,5
61,30,9,1,18
61,30,9,2,28
61,30,9,3,21
61,30,9,4,1
61,30,9,5,14
61,30,9,6,12
61,30,9,7,19
61,30,9,8,25
61,30,9,9,29
61,30,9,10,27
61,30,9,11,6
61,30,9,12,23
61,30,9,13,9
61,30,9,14,10
61,30,9,15,15
61,30,9,16,2
61,30,9,17,3
61,30,9,18,4
61,30,9,19,8
61,30,9,20,13
61,30,9,21,20
61,30,9,22,16
61,30,9,23,26
61,30,9,24,30
61,30,9,25,5
61,30,9,26,7
61,30,9,27,24
61,30,9,28,22
61,30,9,29,17
61,30,9,30,11
62,30,1,1,13
62,30,1,2,18
62,30,1,3,15
62,30,1,4,27
62,30,1,5,19
62,30,1,6,6
62,30,1,7,20
62,30,1,8,26
62,30,1,9,17
62,30,1,10,7
62,30,1,11,5
62,30,1,12,9
62,30,1,13,3
62,30,1,14,21
62,30,1,15,23
62,30,1,16,29
62,30,1,17,14
62,30,1,18,24
62,30,1,19,8
62,30,1,20,4
62,30,1,21,12
62,30,1,22,1
62,30,1,23,11
62,30,1,24,2
62,30,1,25,16
62,30,1,26,28
62,30,1,27,22
62,30,1,28,10
62,30,1,29,30
62,30,1,30,25
62,30,2,1,23
62,30,2,2,10
62,30,2,3,1
62,30,2,4,18
62,30,2,5,20
62,30,2,6,25
62,30,2,7,30
62,30,2,8,4
62,30,2,9,19
62,30,2,10,22
62,30,2,11,12
62,30,2,12,7
62,30,2,13,2
62,30,2,14,9
62,30,2,15,5
62,30,2,16,13
62,30,2,17,29
62,30,2,18,8
62,30,2,19,24
62,30,2,20,3
62,30,2,21,6
62,30,2,22,28
62,30,2,23,26
62,30,2,24,11
62,30,2,25,21
62,30,2,26,14
62,30,2,27,27
62,30,2,28,17
62,30,2,29,16
62,30,2,30,15
62,30,3,1,19
62,30,3,2,7
62,30,3,3,28
62,30,3,4,15
62,30,3,5,13
62,30,3,6,20
62,30,3,7,30
62,30,3,8,12
62,30,3,9,1
62,30,3,10,11
62,30,3,11,22
62,30,3,12,6
62,30,3,13,4
62,30,3,14,8
62,30,3,15,24
62,30,3,16,14
62,30,3,17,18
62,30,3,18,23
62,30,3,19,25
62,30,3,20,17
62,30,3,21,26
62,30,3,22,2
62,30,3,23,27
62,30,3,24,10
62,30,3,25,21
62,30,3,26,3
62,30,3,27,29
62,30,3,28,16
62,30,3,29,5
62,30,3,30,9
62,30,4,1,11
62,30,4,2,30
62,30,4,3,10
62,30,4,4,20
62,30,4,5,21
62,30,4,6,4
62,30,4,7,8
62,30,4,8,14
62,30,4,9,26
62,30,4,10,13
62,30,4,11,7
62,30,4,12,24
62,30,4,13,18
62,30,4,14,1
62,30,4,15,5
62,30,4,16,23
62,30,4,17,15
62,30,4,18,6
62,30,4,19,25
62,30,4,20,19
62,30,4,21,9
62,30,4,22,17
62,30,4,23,22
62,30,4,24,27
62,30,4,25,29
62,30,4,26,28
62,30,4,27,12
62,30,4,28,2
62,30,4,29,3
62,30,4,30,16
62,30,5,1,23
62,30,5,2,13
62,30,5,3,22
62,30,5,4,2
62,30,5,5,17
62,30,5,6,30
62,30,5,7,10
62,30,5,8,15
62,30,5,9,18
62,30,5,10,21
62,30,5,11,16
62,30,5,12,6
62,30,5,13,4
62,30,5,14,1
62,30,5,15,24
62,30,5,16,27
62,30,5,17,5
62,30,5,18,20
62,30,5,19,29
62,30,5,20,12
62,30,5,21,8
62,30,5,22,9
62,30,5,23,19
62,30,5,24,11
62,30,5,25,7
62,30,5,26,26
62,30,5,27,28
62,30,5,28,25
62,30,5,29,3
62,30,5,30,14
62,30,6,1,30
62,30,6,2,10
62,30,6,3,20
62,30,6,4,8
62,30,6,5,16
62,30,6,6,13
62,30,6,7,4
62,30,6,8,14
62,30,6,9,25
62,30,6,10,23
62,30,6,11,5
62,30,6,12,24
62,30,6,13,26
62,30,6,14,1
62,30,6,15,12
62,30,6,16,9
62,30,6,17,21
62,30,6,18,19
62,30,6,19,28
62,30,6,20,15
62,30,6,21,18
62,30,6,22,2
62,30,6,23,29
62,30,6,24,7
62,30,6,25,3
62,30,6,26,6
62,30,6,27,27
62,30,6,28,17
62,30,6,29,11
62,30,6,30,22
62,30,7,1,2
62,30,7,2,28
62,30,7,3,17
62,30,7,4,19
62,30,7,5,16
62,30,7,6,13
62,30,7,7,24
62,30,7,8,14
62,30,7,9,6
62,30,7,10,22
62,30,7,11,7
62,30,7,12,20
62,30,7,13,27
62,30,7,14,23
62,30,7,15,8
62,30,7,16,18
62,30,7,17,30
62,30,7,18,4
62,30,7,19,11
62,30,7,20,10
62,30,7,21,25
62,30,7,22,9
62,30,7,23,29
62,30,7,24,5
62,30,7,25,1
62,30,7,26,26
62,30,7,27,3
62,30,7,28,12
62,30,7,29,15
62,30,7,30,21
62,30,8,1,2
62,30,8,2,20
62,30,8,3,8
62,30,8,4,7
62,30,8,5,24
62,30,8,6,29
62,30,8,7,28
62,30,8,8,15
62,30,8,9,25
62,30,8,10,17
62,30,8,11,19
62,30,8,12,10
62,30,8,13,9
62,30,8,14,6
62,30,8,15,14
62,30,8,16,4
62,30,8,17,12
62,30,8,18,1
62,30,8,19,30
62,30,8,20,21
62,30,8,21,3
62,30,8,22,22
62,30,8,23,11
62,30,8,24,18
62,30,8,25,26
62,30,8,26,27
62,30,8,27,23
62,30,8,28,5
62,30,8,29,16
62,30,8,30,13
62,30,9,1,26
62,30,9,2,16
62,30,9,3,8
62,30,9,4,4
62,30,9,5,3
62,30,9,6,9
62,30,9,7,23
62,30,9,8,6
62,30,9,9,27
62,30,9,10,29
62,30,9,11,25
62,30,9,12,19
62,30,9,13,12
62,30,9,14,1
62,30,9,15,10
62,30,9,16,15
62,30,9,17,2
62,30,9,18,13
62,30,9,19,20
62,30,9,20,7
62,30,9,21,24
62,30,9,22,22
62,30,9,23,21
62,30,9,24,28
62,30,9,25,14
62,30,9,26,18
62,30,9,27,17
62,30,9,28,11
62,30,9,29,5
62,30,9,30,30
63,30,1,1,10
63,30,1,2,23
63,30,1,3,21
63,30,1,4,3
63,30,1,5,9
63,30,1,6,5
63,30,1,7,7
63,30,1,8,17
63,30,1,9,26
63,30,1,10,20
63,30,1,11,6
63,30,1,12,19
63,30,1,13,27
63,30,1,14,15
63,30,1,15,18
63,30,1,16,13
63,30,1,17,25
63,30,1,18,30
63,30,1,19,28
63,30,1,20,2
63,30,1,21,16
63,30,1,22,11
63,30,1,23,1
63,30,1,24,12
63,30,1,25,4
63,30,1,26,8
63,30,1,27,24
63,30,1,28,14
63,30,1,29,29
63,30,1,30,22
63,30,2,1,16
63,30,2,2,23
63,30,2,3,15
63,30,2,4,1
63,30,2,5,10
63,30,2,6,18
63,30,2,7,20
63,30,2,8,21
63,30,2,9,11
63,30,2,10,26
63,30,2,11,6
63,30,2,12,3
63,30,2,13,24
63,30,2,14,29
63,30,2,15,13
63,30,2,16,8
63,30,2,17,5
63,30,2,18,9
63,30,2,19,2
63,30,2,20,7
63,30,2,21,12
63,30,2,22,22
63,30,2,23,19
63,30,2,24,4
63,30,2,25,30
63,30,2,26,25
63,30,2,27,28
63,30,2,28,14
63,30,2,29,27
63,30,2,30,17
63,30,3,1,25
63,30,3,2,23
63,30,3,3,14
63,30,3,4,20
63,30,3,5,15
63,30,3,6,7
63,30,3,7,28
63,30,3,8,13
63,30,3,9,30
63,30,3,10,12
63,30,3,11,24
63,30,3,12,18
63,30,3,13,8
63,30,3,14,4
63,30,3,15,1
63,30,3,16,11
63,30,3,17,22
63,30,3,18,6
63,30,3,19,10
63,30,3,20,2
63,30,3,21,29
63,30,3,22,27
63,30,3,23,3
63,30,3,24,21
63,30,3,25,16
63,30,3,26,5
63,30,3,27,9
63,30,3,28,19
63,30,3,29,17
63,30,3,30,26
63,30,4,1,21
63,30,4,2,4
63,30,4,3,8
63,30,4,4,1
63,30,4,5,5
63,30,4,6,14
63,30,4,7,26
63,30,4,8,13
63,30,4,9,7
63,30,4,10,24
63,30,4,11,18
63,30,4,12,23
63,30,4,13,15
63,30,4,14,27
63,30,4,15,22
63,30,4,16,6
63,30,4,17,25
63,30,4,18,17
63,30,4,19,19
63,30,4,20,9
63,30,4,21,29
63,30,4,22,2
63,30,4,23,28
63,30,4,24,12
63,30,4,25,3
63,30,4,26,16
63,30,4,27,11
63,30,4,28,30
63,30,4,29,10
63,30,4,30,20
63,30,5,1,30
63,30,5,2,17
63,30,5,3,2
63,30,5,4,22
63,30,5,5,13
63,30,5,6,23
63,30,5,7,3
63,30,5,8,14
63,30,5,9,26
63,30,5,10,25
63,30,5,11,28
63,30,5,12,7
63,30,5,13,12
63,30,5,14,29
63,30,5,15,20
63,30,5,16,27
63,30,5,17,5
63,30,5,18,24
63,30,5,19,8
63,30,5,20,9
63,30,5,21,1
63,30,5,22,4
63,30,5,23,6
63,30,5,24,16
63,30,5,25,21
63,30,5,26,19
63,30,5,27,11
63,30,5,28,18
63,30,5,29,15
63,30,5,30,10
63,30,6,1,30
63,30,6,2,10
63,30,6,3,20
63,30,6,4,8
63,30,6,5,16
63,30,6,6,13
63,30,6,7,4
63,30,6,8,14
63,30,6,9,22
63,30,6,10,11
63,30,6,11,25
63,30,6,12,23
63,30,6,13,5
63,30,6,14,6
63,30,6,15,17
63,30,6,16,27
63,30,6,17,2
63,30,6,18,29
63,30,6,19,3
63,30,6,20,7
63,30,6,21,9
63,30,6,22,12
63,30,6,23,1
63,30,6,24,24
63,30,6,25,26
63,30,6,26,21
63,30,6,27,15
63,30,6,28,19
63,30,6,29,28
63,30,6,30,18
63,30,7,1,28
63,30,7,2,2
63,30,7,3,10
63,30,7,4,30
63,30,7,5,4
63,30,7,6,18
63,30,7,7,8
63,30,7,8,23
63,30,7,9,27
63,30,7,10,20
63,30,7,11,7
63,30,7,12,22
63,30,7,13,6
63,30,7,14,14
63,30,7,15,24
63,30,7,16,16
63,30,7,17,13
63,30,7,18,26
63,30,7,19,3
63,30,7,20,1
63,30,7,21,11
63,30,7,22,25
63,30,7,23,9
63,30,7,24,29
63,30,7,25,5
63,30,7,26,12
63,30,7,27,15
63,30,7,28,21
63,30,7,29,19
63,30,7,30,17
63,30,8,1,14
63,30,8,2,4
63,30,8,3,12
63,30,8,4,1
63,30,8,5,28
63,30,8,6,8
63,30,8,7,7
63,30,8,8,24
63,30,8,9,29
63,30,8,10,15
63,30,8,11,25
63,30,8,12,17
63,30,8,13,6
63,30,8,14,9
63,30,8,15,10
63,30,8,16,19
63,30,8,17,11
63,30,8,18,18
63,30,8,19,26
63,30,8,20,27
63,30,8,21,5
63,30,8,22,16
63,30,8,23,13
63,30,8,24,2
63,30,8,25,23
63,30,8,26,20
63,30,8,27,30
63,30,8,28,21
63,30,8,29,3
63,30,8,30,22
63,30,9,1,23
63,30,9,2,9
63,30,9,3,3
63,30,9,4,4
63,30,9,5,8
63,30,9,6,13
63,30,9,7,2
63,30,9,8,10
63,30,9,9,15
63,30,9,10,20
63,30,9,11,16
63,30,9,12,26
63,30,9,13,30
63,30,9,14,5
63,30,9,15,7
63,30,9,16,24
63,30,9,17,22
63,30,9,18,17
63,30,9,19,11
63,30,9,20,18
63,30,9,21,14
63,30,9,22,28
63,30,9,23,21
63,30,9,24,1
63,30,9,25,12
63,30,9,26,19
63,30,9,27,25
63,30,9,28,29
63,30,9,29,27
63,30,9,30,6
64,30,1,1,27
64,30,1,2,15
64,30,1,3,19
64,30,1,4,18
64,30,1,5,13
64,30,1,6,25
64,30,1,7,30
64,30,1,8,10
64,30,1,9,22
64,30,1,10,28
64,30,1,11,16
64,30,1,12,2
64,30,1,13,11
64,30,1,14,1
64,30,1,15,12
64,30,1,16,29
64,30,1,17,23
64,30,1,18,14
64,30,1,19,4
64,30,1,20,8
64,30,1,21,24
64,30,1,22,3
64,30,1,23,21
64,30,1,24,6
64,30,1,25,9
64,30,1,26,5
64,30,1,27,7
64,30,1,28,17
64,30,1,29,26
64,30,1,30,20
64,30,2,1,11
64,30,2,2,20
64,30,2,3,18
64,30,2,4,10
64,30,2,5,1
64,30,2,6,23
64,30,2,7,15
64,30,2,8,16
64,30,2,9,27
64,30,2,10,14
64,30,2,11,17
64,30,2,12,29
64,30,2,13,13
64,30,2,14,8
64,30,2,15,24
64,30,2,16,3
64,30,2,17,6
64,30,2,18,21
64,30,2,19,26
64,30,2,20,5
64,30,2,21,9
64,30,2,22,2
64,30,2,23,7
64,30,2,24,12
64,30,2,25,22
64,30,2,26,19
64,30,2,27,28
64,30,2,28,4
64,30,2,29,30
64,30,2,30,25
64,30,3,1,10
64,30,3,2,6
64,30,3,3,8
64,30,3,4,22
64,30,3,5,4
64,30,3,6,11
64,30,3,7,1
64,30,3,8,12
64,30,3,9,24
64,30,3,10,30
64,30,3,11,18
64,30,3,12,14
64,30,3,13,20
64,30,3,14,15
64,30,3,15,28
64,30,3,16,13
64,30,3,17,7
64,30,3,18,25
64,30,3,19,23
64,30,3,20,17
64,30,3,21,19
64,30,3,22,9
64,30,3,23,26
64,30,3,24,5
64,30,3,25,21
64,30,3,26,16
64,30,3,27,3
64,30,3,28,29
64,30,3,29,27
64,30,3,30,2
64,30,4,1,19
64,30,4,2,16
64,30,4,3,2
64,30,4,4,3
64,30,4,5,12
64,30,4,6,11
64,30,4,7,30
64,30,4,8,28
64,30,4,9,10
64,30,4,10,20
64,30,4,11,29
64,30,4,12,9
64,30,4,13,17
64,30,4,14,22
64,30,4,15,6
64,30,4,16,27
64,30,4,17,15
64,30,4,18,23
64,30,4,19,18
64,30,4,20,24
64,30,4,21,7
64,30,4,22,13
64,30,4,23,21
64,30,4,24,26
64,30,4,25,14
64,30,4,26,8
64,30,4,27,4
64,30,4,28,1
64,30,4,29,5
64,30,4,30,25
64,30,5,1,15
64,30,5,2,18
64,30,5,3,10
64,30,5,4,30
64,30,5,5,14
64,30,5,6,17
64,30,5,7,2
64,30,5,8,22
64,30,5,9,13
64,30,5,10,23
64,30,5,11,3
64,30,5,12,25
64,30,5,13,28
64,30,5,14,26
64,30,5,15,7
64,30,5,16,29
64,30,5,17,12
64,30,5,18,8
64,30,5,19,24
64,30,5,20,27
64,30,5,21,20
64,30,5,22,5
64,30,5,23,1
64,30,5,24,4
64,30,5,25,6
64,30,5,26,9
64,30,5,27,19
64,30,5,28,11
64,30,5,29,16
64,30,5,30,21
64,30,6,1,20
64,30,6,2,10
64,30,6,3,30
64,30,6,4,17
64,30,6,5,27
64,30,6,6,18
64,30,6,7,28
64,30,6,8,19
64,30,6,9,15
64,30,6,10,21
64,30,6,11,9
64,30,6,12,2
64,30,6,13,12
64,30,6,14,1
64,30,6,15,26
64,30,6,16,24
64,30,6,17,7
64,30,6,18,3
64,30,6,19,29
64,30,6,20,6
64,30,6,21,5
64,30,6,22,23
64,30,6,23,25
64,30,6,24,14
64,30,6,25,4
64,30,6,26,13
64,30,6,27,11
64,30,6,28,22
64,30,6,29,8
64,30,6,30,16
64,30,7,1,24
64,30,7,2,23
64,30,7,3,27
64,30,7,4,20
64,30,7,5,7
64,30,7,6,22
64,30,7,7,14
64,30,7,8,6
64,30,7,9,4
64,30,7,10,18
64,30,7,11,8
64,30,7,12,30
64,30,7,13,11
64,30,7,14,10
64,30,7,15,25
64,30,7,16,9
64,30,7,17,29
64,30,7,18,5
64,30,7,19,1
64,30,7,20,26
64,30,7,21,3
64,30,7,22,13
64,30,7,23,16
64,30,7,24,19
64,30,7,25,12
64,30,7,26,15
64,30,7,27,21
64,30,7,28,17
64,30,7,29,28
64,30,7,30,2
64,30,8,1,1
64,30,8,2,20
64,30,8,3,30
64,30,8,4,23
64,30,8,5,2
64,30,8,6,13
64,30,8,7,16
64,30,8,8,5
64,30,8,9,27
64,30,8,10,26
64,30,8,11,21
64,30,8,12,3
64,30,8,13,22
64,30,8,14,18
64,30,8,15,11
64,30,8,16,19
64,30,8,17,10
64,30,8,18,9
64,30,8,19,6
64,30,8,20,14
64,30,8,21,4
64,30,8,22,12
64,30,8,23,17
64,30,8,24,25
64,30,8,25,15
64,30,8,26,29
64,30,8,27,24
64,30,8,28,7
64,30,8,29,8
64,30,8,30,28
64,30,9,1,30
64,30,9,2,5
64,30,9,3,11
64,30,9,4,17
64,30,9,5,18
64,30,9,6,14
64,30,9,7,28
64,30,9,8,21
64,30,9,9,22
64,30,9,10,24
64,30,9,11,7
64,30,9,12,1
64,30,9,13,12
64,30,9,14,19
64,30,9,15,25
64,30,9,16,29
64,30,9,17,27
64,30,9,18,6
64,30,9,19,23
64,30,9,20,9
64,30,9,21,3
64,30,9,22,4
64,30,9,23,10
64,30,9,24,8
64,30,9,25,13
64,30,9,26,2
64,30,9,27,15
64,30,9,28,20
64,30,9,29,16
64,30,9,30,26
65,30,1,1,2
65,30,1,2,1
65,30,1,3,4
65,30,1,4,12
65,30,1,5,11
65,30,1,6,16
65,30,1,7,28
65,30,1,8,22
65,30,1,9,10
65,30,1,10,29
65,30,1,11,14
65,30,1,12,8
65,30,1,13,24
65,30,1,14,5
65,30,1,15,7
65,30,1,16,17
65,30,1,17,9
65,30,1,18,3
65,30,1,19,21
65,30,1,20,23
65,30,1,21,30
65,30,1,22,25
65,30,1,23,19
65,30,1,24,6
65,30,1,25,20
65,30,1,26,26
65,30,1,27,27
65,30,1,28,15
65,30,1,29,18
65,30,1,30,13
65,30,2,1,16
65,30,2,2,23
65,30,2,3,15
65,30,2,4,1
65,30,2,5,10
65,30,2,6,18
65,30,2,7,20
65,30,2,8,14
65,30,2,9,21
65,30,2,10,11
65,30,2,11,26
65,30,2,12,28
65,30,2,13,25
65,30,2,14,30
65,30,2,15,4
65,30,2,16,19
65,30,2,17,22
65,30,2,18,12
65,30,2,19,7
65,30,2,20,2
65,30,2,21,9
65,30,2,22,5
65,30,2,23,13
65,30,2,24,29
65,30,2,25,8
65,30,2,26,24
65,30,2,27,3
65,30,2,28,6
65,30,2,29,27
65,30,2,30,17
65,30,3,1,19
65,30,3,2,9
65,30,3,3,17
65,30,3,4,26
65,30,3,5,25
65,30,3,6,23
65,30,3,7,5
65,30,3,8,16
65,30,3,9,29
65,30,3,10,2
65,30,3,11,27
65,30,3,12,3
65,30,3,13,21
65,30,3,14,6
65,30,3,15,10
65,30,3,16,22
65,30,3,17,11
65,30,3,18,1
65,30,3,19,4
65,30,3,20,8
65,30,3,21,18
65,30,3,22,24
65,30,3,23,12
65,30,3,24,30
65,30,3,25,14
65,30,3,26,20
65,30,3,27,15
65,30,3,28,13
65,30,3,29,28
65,30,3,30,7
65,30,4,1,19
65,30,4,2,9
65,30,4,3,17
65,30,4,4,22
65,30,4,5,6
65,30,4,6,25
65,30,4,7,23
65,30,4,8,5
65,30,4,9,1
65,30,4,10,4
65,30,4,11,8
65,30,4,12,14
65,30,4,13,26
65,30,4,14,13
65,30,4,15,21
65,30,4,16,7
65,30,4,17,24
65,30,4,18,18
65,30,4,19,15
65,30,4,20,27
65,30,4,21,29
65,30,4,22,28
65,30,4,23,10
65,30,4,24,20
65,30,4,25,30
65,30,4,26,11
65,30,4,27,12
65,30,4,28,2
65,30,4,29,3
65,30,4,30,16
65,30,5,1,11
65,30,5,2,19
65,30,5,3,9
65,30,5,4,8
65,30,5,5,12
65,30,5,6,29
65,30,5,7,7
65,30,5,8,28
65,30,5,9,26
65,30,5,10,25
65,30,5,11,3
65,30,5,12,23
65,30,5,13,13
65,30,5,14,22
65,30,5,15,2
65,30,5,16,17
65,30,5,17,14
65,30,5,18,30
65,30,5,19,10
65,30,5,20,18
65,30,5,21,15
65,30,5,22,21
65,30,5,23,16
65,30,5,24,6
65,30,5,25,4
65,30,5,26,1
65,30,5,27,24
65,30,5,28,27
65,30,5,29,20
65,30,5,30,5
65,30,6,1,7
65,30,6,2,1
65,30,6,3,24
65,30,6,4,26
65,30,6,5,12
65,30,6,6,9
65,30,6,7,21
65,30,6,8,19
65,30,6,9,28
65,30,6,10,15
65,30,6,11,18
65,30,6,12,30
65,30,6,13,10
65,30,6,14,17
65,30,6,15,27
65,30,6,16,2
65,30,6,17,29
65,30,6,18,3
65,30,6,19,6
65,30,6,20,22
65,30,6,21,20
65,30,6,22,8
65,30,6,23,16
65,30,6,24,13
65,30,6,25,11
65,30,6,26,4
65,30,6,27,14
65,30,6,28,25
65,30,6,29,23
65,30,6,30,5
65,30,7,1,2
65,30,7,2,28
65,30,7,3,21
65,30,7,4,17
65,30,7,5,19
65,30,7,6,16
65,30,7,7,13
65,30,7,8,3
65,30,7,9,26
65,30,7,10,6
65,30,7,11,22
65,30,7,12,14
65,30,7,13,24
65,30,7,14,7
65,30,7,15,20
65,30,7,16,27
65,30,7,17,23
65,30,7,18,8
65,30,7,19,18
65,30,7,20,4
65,30,7,21,11
65,30,7,22,30
65,30,7,23,10
65,30,7,24,25
65,30,7,25,9
65,30,7,26,29
65,30,7,27,5
65,30,7,28,1
65,30,7,29,12
65,30,7,30,15
65,30,8,1,1
65,30,8,2,12
65,30,8,3,4
65,30,8,4,14
65,30,8,5,6
65,30,8,6,9
65,30,8,7,10
65,30,8,8,19
65,30,8,9,11
65,30,8,10,18
65,30,8,11,22
65,30,8,12,3
65,30,8,13,26
65,30,8,14,27
65,30,8,15,23
65,30,8,16,5
65,30,8,17,16
65,30,8,18,13
65,30,8,19,2
65,30,8,20,21
65,30,8,21,30
65,30,8,22,20
65,30,8,23,28
65,30,8,24,8
65,30,8,25,7
65,30,8,26,24
65,30,8,27,29
65,30,8,28,15
65,30,8,29,25
65,30,8,30,17
65,30,9,1,11
65,30,9,2,17
65,30,9,3,18
65,30,9,4,14
65,30,9,5,28
65,30,9,6,21
65,30,9,7,12
65,30,9,8,19
65,30,9,9,1
65,30,9,10,25
65,30,9,11,29
65,30,9,12,27
65,30,9,13,6
65,30,9,14,23
65,30,9,15,9
65,30,9,16,3
65,30,9,17,4
65,30,9,18,10
65,30,9,19,15
65,30,9,20,2
65,30,9,21,13
65,30,9,22,8
65,30,9,23,20
65,30,9,24,16
65,30,9,25,7
65,30,9,26,24
65,30,9,27,22
65,30,9,28,26
65,30,9,29,30
65,30,9,30,5
66,30,1,1,23
66,30,1,2,29
66,30,1,3,12
66,30,1,4,1
66,30,1,5,11
66,30,1,6,2
66,30,1,7,16
66,30,1,8,28
66,30,1,9,22
66,30,1,10,10
66,30,1,11,30
66,30,1,12,25
66,30,1,13,19
66,30,1,14,18
66,30,1,15,13
66,30,1,16,15
66,30,1,17,27
66,30,1,18,6
66,30,1,19,20
66,30,1,20,26
66,30,1,21,17
66,30,1,22,7
66,30,1,23,5
66,30,1,24,9
66,30,1,25,3
66,30,1,26,14
66,30,1,27,24
66,30,1,28,8
66,30,1,29,4
66,30,1,30,21
66,30,2,1,19
66,30,2,2,4
66,30,2,3,30
66,30,2,4,25
66,30,2,5,28
66,30,2,6,11
66,30,2,7,26
66,30,2,8,6
66,30,2,9,3
66,30,2,10,21
66,30,2,11,20
66,30,2,12,18
66,30,2,13,1
66,30,2,14,10
66,30,2,15,14
66,30,2,16,15
66,30,2,17,23
66,30,2,18,16
66,30,2,19,27
66,30,2,20,17
66,30,2,21,24
66,30,2,22,29
66,30,2,23,13
66,30,2,24,8
66,30,2,25,5
66,30,2,26,9
66,30,2,27,2
66,30,2,28,7
66,30,2,29,12
66,30,2,30,22
66,30,3,1,18
66,30,3,2,23
66,30,3,3,25
66,30,3,4,26
66,30,3,5,17
66,30,3,6,19
66,30,3,7,9
66,30,3,8,5
66,30,3,9,16
66,30,3,10,29
66,30,3,11,2
66,30,3,12,27
66,30,3,13,3
66,30,3,14,21
66,30,3,15,10
66,30,3,16,6
66,30,3,17,22
66,30,3,18,11
66,30,3,19,1
66,30,3,20,4
66,30,3,21,8
66,30,3,22,24
66,30,3,23,12
66,30,3,24,30
66,30,3,25,13
66,30,3,26,28
66,30,3,27,15
66,30,3,28,20
66,30,3,29,14
66,30,3,30,7
66,30,4,1,19
66,30,4,2,25
66,30,4,3,9
66,30,4,4,6
66,30,4,5,22
66,30,4,6,17
66,30,4,7,27
66,30,4,8,15
66,30,4,9,23
66,30,4,10,5
66,30,4,11,1
66,30,4,12,4
66,30,4,13,8
66,30,4,14,14
66,30,4,15,18
66,30,4,16,24
66,30,4,17,7
66,30,4,18,26
66,30,4,19,13
66,30,4,20,21
66,30,4,21,20
66,30,4,22,10
66,30,4,23,28
66,30,4,24,29
66,30,4,25,2
66,30,4,26,12
66,30,4,27,30
66,30,4,28,11
66,30,4,29,3
66,30,4,30,16
66,30,5,1,14
66,30,5,2,30
66,30,5,3,10
66,30,5,4,15
66,30,5,5,18
66,30,5,6,11
66,30,5,7,19
66,30,5,8,9
66,30,5,9,8
66,30,5,10,21
66,30,5,11,16
66,30,5,12,6
66,30,5,13,4
66,30,5,14,1
66,30,5,15,24
66,30,5,16,5
66,30,5,17,27
66,30,5,18,20
66,30,5,19,29
66,30,5,20,12
66,30,5,21,7
66,30,5,22,26
66,30,5,23,28
66,30,5,24,25
66,30,5,25,3
66,30,5,26,23
66,30,5,27,13
66,30,5,28,22
66,30,5,29,2
66,30,5,30,17
66,30,6,1,13
66,30,6,2,4
66,30,6,3,14
66,30,6,4,25
66,30,6,5,23
66,30,6,6,5
66,30,6,7,26
66,30,6,8,24
66,30,6,9,1
66,30,6,10,12
66,30,6,11,9
66,30,6,12,7
66,30,6,13,3
66,30,6,14,29
66,30,6,15,2
66,30,6,16,6
66,30,6,17,11
66,30,6,18,22
66,30,6,19,27
66,30,6,20,15
66,30,6,21,21
66,30,6,22,19
66,30,6,23,28
66,30,6,24,18
66,30,6,25,17
66,30,6,26,30
66,30,6,27,10
66,30,6,28,20
66,30,6,29,8
66,30,6,30,16
66,30,7,1,26
66,30,7,2,3
66,30,7,3,12
66,30,7,4,15
66,30,7,5,21
66,30,7,6,19
66,30,7,7,17
66,30,7,8,16
66,30,7,9,13
66,30,7,10,24
66,30,7,11,14
66,30,7,12,6
66,30,7,13,22
66,30,7,14,7
66,30,7,15,20
66,30,7,16,27
66,30,7,17,23
66,30,7,18,8
66,30,7,19,18
66,30,7,20,30
66,30,7,21,4
66,30,7,22,11
66,30,7,23,10
66,30,7,24,25
66,30,7,25,9
66,30,7,26,2
66,30,7,27,28
66,30,7,28,29
66,30,7,29,5
66,30,7,30,1
66,30,8,1,26
66,30,8,2,27
66,30,8,3,5
66,30,8,4,16
66,30,8,5,13
66,30,8,6,2
66,30,8,7,23
66,30,8,8,3
66,30,8,9,22
66,30,8,10,21
66,30,8,11,30
66,30,8,12,20
66,30,8,13,8
66,30,8,14,7
66,30,8,15,24
66,30,8,16,29
66,30,8,17,28
66,30,8,18,15
66,30,8,19,25
66,30,8,20,17
66,30,8,21,1
66,30,8,22,12
66,30,8,23,4
66,30,8,24,14
66,30,8,25,6
66,30,8,26,9
66,30,8,27,10
66,30,8,28,19
66,30,8,29,11
66,30,8,30,18
66,30,9,1,8
66,30,9,2,13
66,30,9,3,2
66,30,9,4,10
66,30,9,5,15
66,30,9,6,20
66,30,9,7,16
66,30,9,8,7
66,30,9,9,24
66,30,9,10,22
66,30,9,11,26
66,30,9,12,30
66,30,9,13,5
66,30,9,14,11
66,30,9,15,17
66,30,9,16,18
66,30,9,17,14
66,30,9,18,28
66,30,9,19,21
66,30,9,20,1
66,30,9,21,12
66,30,9,22,19
66,30,9,23,25
66,30,9,24,29
66,30,9,25,27
66,30,9,26,6
66,30,9,27,23
66,30,9,28,9
66,30,9,29,3
66,30,9,30,4
67,30,1,1,27
67,30,1,2,15
67,30,1,3,19
67,30,1,4,18
67,30,1,5,13
67,30,1,6,25
67,30,1,7,30
67,30,1,8,10
67,30,1,9,22
67,30,1,10,28
67,30,1,11,16
67,30,1,12,2
67,30,1,13,1
67,30,1,14,11
67,30,1,15,12
67,30,1,16,4
67,30,1,17,14
67,30,1,18,29
67,30,1,19,23
67,30,1,20,21
67,30,1,21,3
67,30,1,22,5
67,30,1,23,9
67,30,1,24,7
67,30,1,25,24
67,30,1,26,8
67,30,1,27,17
67,30,1,28,26
67,30,1,29,20
67,30,1,30,6
67,30,2,1,25
67,30,2,2,30
67,30,2,3,4
67,30,2,4,19
67,30,2,5,22
67,30,2,6,12
67,30,2,7,7
67,30,2,8,2
67,30,2,9,9
67,30,2,10,5
67,30,2,11,8
67,30,2,12,29
67,30,2,13,13
67,30,2,14,17
67,30,2,15,27
67,30,2,16,16
67,30,2,17,15
67,30,2,18,23
67,30,2,19,1
67,30,2,20,10
67,30,2,21,20
67,30,2,22,18
67,30,2,23,11
67,30,2,24,26
67,30,2,25,28
67,30,2,26,6
67,30,2,27,21
67,30,2,28,14
67,30,2,29,3
67,30,2,30,24
67,30,3,1,2
67,30,3,2,29
67,30,3,3,16
67,30,3,4,27
67,30,3,5,3
67,30,3,6,21
67,30,3,7,5
67,30,3,8,9
67,30,3,9,26
67,30,3,10,17
67,30,3,11,19
67,30,3,12,25
67,30,3,13,23
67,30,3,14,18
67,30,3,15,24
67,30,3,16,14
67,30,3,17,7
67,30,3,18,20
67,30,3,19,15
67,30,3,20,28
67,30,3,21,13
67,30,3,22,30
67,30,3,23,12
67,30,3,24,1
67,30,3,25,4
67,30,3,26,8
67,30,3,27,6
67,30,3,28,22
67,30,3,29,11
67,30,3,30,10
67,30,4,1,25
67,30,4,2,6
67,30,4,3,22
67,30,4,4,17
67,30,4,5,9
67,30,4,6,19
67,30,4,7,29
67,30,4,8,2
67,30,4,9,16
67,30,4,10,3
67,30,4,11,12
67,30,4,12,11
67,30,4,13,30
67,30,4,14,28
67,30,4,15,10
67,30,4,16,20
67,30,4,17,7
67,30,4,18,24
67,30,4,19,13
67,30,4,20,26
67,30,4,21,21
67,30,4,22,4
67,30,4,23,8
67,30,4,24,1
67,30,4,25,5
67,30,4,26,14
67,30,4,27,23
67,30,4,28,18
67,30,4,29,15
67,30,4,30,27
67,30,5,1,15
67,30,5,2,18
67,30,5,3,10
67,30,5,4,30
67,30,5,5,14
67,30,5,6,17
67,30,5,7,26
67,30,5,8,25
67,30,5,9,28
67,30,5,10,3
67,30,5,11,2
67,30,5,12,22
67,30,5,13,13
67,30,5,14,23
67,30,5,15,20
67,30,5,16,5
67,30,5,17,27
67,30,5,18,29
67,30,5,19,7
67,30,5,20,12
67,30,5,21,24
67,30,5,22,1
67,30,5,23,4
67,30,5,24,6
67,30,5,25,16
67,30,5,26,21
67,30,5,27,19
67,30,5,28,11
67,30,5,29,9
67,30,5,30,8
67,30,6,1,14
67,30,6,2,4
67,30,6,3,13
67,30,6,4,8
67,30,6,5,16
67,30,6,6,20
67,30,6,7,22
67,30,6,8,11
67,30,6,9,6
67,30,6,10,3
67,30,6,11,29
67,30,6,12,2
67,30,6,13,27
67,30,6,14,17
67,30,6,15,10
67,30,6,16,30
67,30,6,17,18
67,30,6,18,28
67,30,6,19,15
67,30,6,20,19
67,30,6,21,21
67,30,6,22,9
67,30,6,23,12
67,30,6,24,1
67,30,6,25,24
67,30,6,26,26
67,30,6,27,7
67,30,6,28,5
67,30,6,29,23
67,30,6,30,25
67,30,7,1,24
67,30,7,2,23
67,30,7,3,27
67,30,7,4,8
67,30,7,5,18
67,30,7,6,30
67,30,7,7,4
67,30,7,8,11
67,30,7,9,10
67,30,7,10,25
67,30,7,11,9
67,30,7,12,29
67,30,7,13,5
67,30,7,14,12
67,30,7,15,15
67,30,7,16,21
67,30,7,17,28
67,30,7,18,2
67,30,7,19,17
67,30,7,20,19
67,30,7,21,3
67,30,7,22,1
67,30,7,23,26
67,30,7,24,13
67,30,7,25,16
67,30,7,26,6
67,30,7,27,14
67,30,7,28,22
67,30,7,29,7
67,30,7,30,20
67,30,8,1,19
67,30,8,2,10
67,30,8,3,9
67,30,8,4,6
67,30,8,5,14
67,30,8,6,4
67,30,8,7,12
67,30,8,8,1
67,30,8,9,30
67,30,8,10,21
67,30,8,11,23
67,30,8,12,20
67,30,8,13,28
67,30,8,14,8
67,30,8,15,7
67,30,8,16,24
67,30,8,17,29
67,30,8,18,15
67,30,8,19,25
67,30,8,20,17
67,30,8,21,11
67,30,8,22,18
67,30,8,23,22
67,30,8,24,3
67,30,8,25,26
67,30,8,26,27
67,30,8,27,5
67,30,8,28,16
67,30,8,29,13
67,30,8,30,2
67,30,9,1,15
67,30,9,2,10
67,30,9,3,2
67,30,9,4,13
67,30,9,5,8
67,30,9,6,20
67,30,9,7,7
67,30,9,8,24
67,30,9,9,22
67,30,9,10,5
67,30,9,11,30
67,30,9,12,26
67,30,9,13,16
67,30,9,14,4
67,30,9,15,3
67,30,9,16,9
67,30,9,17,23
67,30,9,18,6
67,30,9,19,27
67,30,9,20,29
67,30,9,21,25
67,30,9,22,19
67,30,9,23,12
67,30,9,24,1
67,30,9,25,21
67,30,9,26,28
67,30,9,27,18
67,30,9,28,14
67,30,9,29,11
67,30,9,30,17
68,30,1,1,13
68,30,1,2,28
68,30,1,3,16
68,30,1,4,2
68,30,1,5,1
68,30,1,6,11
68,30,1,7,12
68,30,1,8,4
68,30,1,9,14
68,30,1,10,8
68,30,1,11,24
68,30,1,12,7
68,30,1,13,5
68,30,1,14,9
68,30,1,15,17
68,30,1,16,26
68,30,1,17,20
68,30,1,18,6
68,30,1,19,3
68,30,1,20,21
68,30,1,21,23
68,30,1,22,29
68,30,1,23,10
68,30,1,24,22
68,30,1,25,30
68,30,1,26,25
68,30,1,27,18
68,30,1,28,19
68,30,1,29,15
68,30,1,30,27
68,30,2,1,18
68,30,2,2,1
68,30,2,3,23
68,30,2,4,15
68,30,2,5,16
68,30,2,6,17
68,30,2,7,27
68,30,2,8,13
68,30,2,9,29
68,30,2,10,8
68,30,2,11,5
68,30,2,12,9
68,30,2,13,2
68,30,2,14,7
68,30,2,15,12
68,30,2,16,22
68,30,2,17,24
68,30,2,18,3
68,30,2,19,14
68,30,2,20,6
68,30,2,21,19
68,30,2,22,4
68,30,2,23,30
68,30,2,24,25
68,30,2,25,28
68,30,2,26,26
68,30,2,27,11
68,30,2,28,21
68,30,2,29,10
68,30,2,30,20
68,30,3,1,12
68,30,3,2,1
68,30,3,3,4
68,30,3,4,8
68,30,3,5,11
68,30,3,6,22
68,30,3,7,6
68,30,3,8,2
68,30,3,9,29
68,30,3,10,16
68,30,3,11,27
68,30,3,12,3
68,30,3,13,10
68,30,3,14,21
68,30,3,15,5
68,30,3,16,9
68,30,3,17,19
68,30,3,18,17
68,30,3,19,26
68,30,3,20,25
68,30,3,21,23
68,30,3,22,18
68,30,3,23,24
68,30,3,24,14
68,30,3,25,7
68,30,3,26,28
68,30,3,27,15
68,30,3,28,20
68,30,3,29,13
68,30,3,30,30
68,30,4,1,24
68,30,4,2,7
68,30,4,3,13
68,30,4,4,26
68,30,4,5,18
68,30,4,6,14
68,30,4,7,21
68,30,4,8,8
68,30,4,9,4
68,30,4,10,1
68,30,4,11,5
68,30,4,12,23
68,30,4,13,15
68,30,4,14,29
68,30,4,15,27
68,30,4,16,22
68,30,4,17,6
68,30,4,18,25
68,30,4,19,17
68,30,4,20,9
68,30,4,21,19
68,30,4,22,16
68,30,4,23,3
68,30,4,24,2
68,30,4,25,12
68,30,4,26,11
68,30,4,27,30
68,30,4,28,10
68,30,4,29,20
68,30,4,30,28
68,30,5,1,23
68,30,5,2,15
68,30,5,3,18
68,30,5,4,21
68,30,5,5,16
68,30,5,6,11
68,30,5,7,19
68,30,5,8,6
68,30,5,9,4
68,30,5,10,1
68,30,5,11,9
68,30,5,12,10
68,30,5,13,30
68,30,5,14,17
68,30,5,15,14
68,30,5,16,8
68,30,5,17,12
68,30,5,18,24
68,30,5,19,5
68,30,5,20,27
68,30,5,21,20
68,30,5,22,29
68,30,5,23,7
68,30,5,24,26
68,30,5,25,28
68,30,5,26,25
68,30,5,27,3
68,30,5,28,2
68,30,5,29,22
68,30,5,30,13
68,30,6,1,21
68,30,6,2,9
68,30,6,3,12
68,30,6,4,26
68,30,6,5,24
68,30,6,6,1
68,30,6,7,7
68,30,6,8,5
68,30,6,9,11
68,30,6,10,23
68,30,6,11,25
68,30,6,12,14
68,30,6,13,4
68,30,6,14,13
68,30,6,15,16
68,30,6,16,8
68,30,6,17,20
68,30,6,18,22
68,30,6,19,6
68,30,6,20,3
68,30,6,21,29
68,30,6,22,2
68,30,6,23,27
68,30,6,24,17
68,30,6,25,10
68,30,6,26,30
68,30,6,27,18
68,30,6,28,28
68,30,6,29,15
68,30,6,30,19
68,30,7,1,24
68,30,7,2,14
68,30,7,3,22
68,30,7,4,6
68,30,7,5,7
68,30,7,6,20
68,30,7,7,27
68,30,7,8,23
68,30,7,9,8
68,30,7,10,18
68,30,7,11,4
68,30,7,12,30
68,30,7,13,11
68,30,7,14,10
68,30,7,15,25
68,30,7,16,9
68,30,7,17,29
68,30,7,18,5
68,30,7,19,1
68,30,7,20,26
68,30,7,21,13
68,30,7,22,16
68,30,7,23,3
68,30,7,24,19
68,30,7,25,17
68,30,7,26,21
68,30,7,27,15
68,30,7,28,12
68,30,7,29,28
68,30,7,30,2
68,30,8,1,1
68,30,8,2,12
68,30,8,3,4
68,30,8,4,14
68,30,8,5,6
68,30,8,6,9
68,30,8,7,10
68,30,8,8,19
68,30,8,9,11
68,30,8,10,18
68,30,8,11,22
68,30,8,12,3
68,30,8,13,21
68,30,8,14,26
68,30,8,15,27
68,30,8,16,23
68,30,8,17,30
68,30,8,18,20
68,30,8,19,5
68,30,8,20,16
68,30,8,21,13
68,30,8,22,2
68,30,8,23,28
68,30,8,24,8
68,30,8,25,7
68,30,8,26,24
68,30,8,27,29
68,30,8,28,15
68,30,8,29,25
68,30,8,30,17
68,30,9,1,11
68,30,9,2,17
68,30,9,3,18
68,30,9,4,14
68,30,9,5,12
68,30,9,6,19
68,30,9,7,25
68,30,9,8,29
68,30,9,9,27
68,30,9,10,6
68,30,9,11,23
68,30,9,12,9
68,30,9,13,3
68,30,9,14,4
68,30,9,15,10
68,30,9,16,15
68,30,9,17,1
68,30,9,18,21
68,30,9,19,28
68,30,9,20,22
68,30,9,21,24
68,30,9,22,7
68,30,9,23,20
68,30,9,24,2
68,30,9,25,13
68,30,9,26,8
68,30,9,27,16
68,30,9,28,26
68,30,9,29,30
68,30,9,30,5
69,30,1,1,29
69,30,1,2,14
69,30,1,3,24
69,30,1,4,8
69,30,1,5,4
69,30,1,6,12
69,30,1,7,1
69,30,1,8,11
69,30,1,9,2
69,30,1,10,16
69,30,1,11,28
69,30,1,12,22
69,30,1,13,10
69,30,1,14,30
69,30,1,15,25
69,30,1,16,13
69,30,1,17,18
69,30,1,18,15
69,30,1,19,27
69,30,1,20,19
69,30,1,21,6
69,30,1,22,20
69,30,1,23,26
69,30,1,24,17
69,30,1,25,7
69,30,1,26,9
69,30,1,27,5
69,30,1,28,3
69,30,1,29,21
69,30,1,30,23
69,30,2,1,11
69,30,2,2,26
69,30,2,3,6
69,30,2,4,3
69,30,2,5,24
69,30,2,6,29
69,30,2,7,8
69,30,2,8,13
69,30,2,9,5
69,30,2,10,9
69,30,2,11,2
69,30,2,12,7
69,30,2,13,12
69,30,2,14,22
69,30,2,15,28
69,30,2,16,19
69,30,2,17,4
69,30,2,18,30
69,30,2,19,25
69,30,2,20,18
69,30,2,21,20
69,30,2,22,1
69,30,2,23,10
69,30,2,24,23
69,30,2,25,15
69,30,2,26,16
69,30,2,27,17
69,30,2,28,27
69,30,2,29,14
69,30,2,30,21
69,30,3,1,2
69,30,3,2,27
69,30,3,3,3
69,30,3,4,21
69,30,3,5,10
69,30,3,6,6
69,30,3,7,22
69,30,3,8,11
69,30,3,9,1
69,30,3,10,4
69,30,3,11,8
69,30,3,12,24
69,30,3,13,12
69,30,3,14,30
69,30,3,15,13
69,30,3,16,28
69,30,3,17,15
69,30,3,18,20
69,30,3,19,14
69,30,3,20,18
69,30,3,21,23
69,30,3,22,25
69,30,3,23,7
69,30,3,24,19
69,30,3,25,17
69,30,3,26,26
69,30,3,27,9
69,30,3,28,5
69,30,3,29,16
69,30,3,30,29
69,30,4,1,18
69,30,4,2,15
69,30,4,3,29
69,30,4,4,28
69,30,4,5,10
69,30,4,6,20
69,30,4,7,30
69,30,4,8,12
69,30,4,9,11
69,30,4,10,3
69,30,4,11,16
69,30,4,12,2
69,30,4,13,27
69,30,4,14,17
69,30,4,15,9
69,30,4,16,19
69,30,4,17,25
69,30,4,18,6
69,30,4,19,22
69,30,4,20,23
69,30,4,21,5
69,30,4,22,1
69,30,4,23,4
69,30,4,24,8
69,30,4,25,14
69,30,4,26,26
69,30,4,27,13
69,30,4,28,21
69,30,4,29,7
69,30,4,30,24
69,30,5,1,13
69,30,5,2,22
69,30,5,3,2
69,30,5,4,17
69,30,5,5,14
69,30,5,6,30
69,30,5,7,10
69,30,5,8,15
69,30,5,9,18
69,30,5,10,11
69,30,5,11,19
69,30,5,12,21
69,30,5,13,16
69,30,5,14,6
69,30,5,15,4
69,30,5,16,1
69,30,5,17,24
69,30,5,18,9
69,30,5,19,8
69,30,5,20,12
69,30,5,21,27
69,30,5,22,5
69,30,5,23,20
69,30,5,24,29
69,30,5,25,7
69,30,5,26,26
69,30,5,27,28
69,30,5,28,25
69,30,5,29,3
69,30,5,30,23
69,30,6,1,7
69,30,6,2,5
69,30,6,3,3
69,30,6,4,29
69,30,6,5,2
69,30,6,6,1
69,30,6,7,24
69,30,6,8,26
69,30,6,9,12
69,30,6,10,9
69,30,6,11,21
69,30,6,12,15
69,30,6,13,19
69,30,6,14,28
69,30,6,15,18
69,30,6,16,27
69,30,6,17,17
69,30,6,18,30
69,30,6,19,10
69,30,6,20,20
69,30,6,21,22
69,30,6,22,8
69,30,6,23,16
69,30,6,24,13
69,30,6,25,4
69,30,6,26,14
69,30,6,27,25
69,30,6,28,23
69,30,6,29,11
69,30,6,30,6
69,30,7,1,6
69,30,7,2,14
69,30,7,3,24
69,30,7,4,22
69,30,7,5,7
69,30,7,6,20
69,30,7,7,27
69,30,7,8,23
69,30,7,9,8
69,30,7,10,18
69,30,7,11,30
69,30,7,12,4
69,30,7,13,11
69,30,7,14,10
69,30,7,15,25
69,30,7,16,9
69,30,7,17,29
69,30,7,18,5
69,30,7,19,1
69,30,7,20,26
69,30,7,21,3
69,30,7,22,12
69,30,7,23,15
69,30,7,24,2
69,30,7,25,28
69,30,7,26,21
69,30,7,27,17
69,30,7,28,19
69,30,7,29,16
69,30,7,30,13
69,30,8,1,19
69,30,8,2,10
69,30,8,3,9
69,30,8,4,6
69,30,8,5,17
69,30,8,6,25
69,30,8,7,15
69,30,8,8,29
69,30,8,9,24
69,30,8,10,7
69,30,8,11,8
69,30,8,12,28
69,30,8,13,20
69,30,8,14,1
69,30,8,15,12
69,30,8,16,30
69,30,8,17,23
69,30,8,18,2
69,30,8,19,13
69,30,8,20,16
69,30,8,21,5
69,30,8,22,27
69,30,8,23,21
69,30,8,24,3
69,30,8,25,26
69,30,8,26,22
69,30,8,27,18
69,30,8,28,11
69,30,8,29,4
69,30,8,30,14
69,30,9,1,29
69,30,9,2,27
69,30,9,3,6
69,30,9,4,23
69,30,9,5,9
69,30,9,6,3
69,30,9,7,4
69,30,9,8,8
69,30,9,9,13
69,30,9,10,2
69,30,9,11,10
69,30,9,12,15
69,30,9,13,20
69,30,9,14,16
69,30,9,15,26
69,30,9,16,30
69,30,9,17,5
69,30,9,18,7
69,30,9,19,24
69,30,9,20,22
69,30,9,21,21
69,30,9,22,28
69,30,9,23,18
69,30,9,24,17
69,30,9,25,11
69,30,9,26,14
69,30,9,27,19
69,30,9,28,12
69,30,9,29,1
69,30,9,30,25
70,30,1,1,13
70,30,1,2,15
70,30,1,3,27
70,30,1,4,6
70,30,1,5,20
70,30,1,6,26
70,30,1,7,17
70,30,1,8,7
70,30,1,9,24
70,30,1,10,8
70,30,1,11,4
70,30,1,12,1
70,30,1,13,2
70,30,1,14,11
70,30,1,15,12
70,30,1,16,14
70,30,1,17,5
70,30,1,18,9
70,30,1,19,3
70,30,1,20,29
70,30,1,21,21
70,30,1,22,23
70,30,1,23,16
70,30,1,24,22
70,30,1,25,28
70,30,1,26,10
70,30,1,27,30
70,30,1,28,25
70,30,1,29,18
70,30,1,30,19
70,30,2,1,5
70,30,2,2,9
70,30,2,3,2
70,30,2,4,7
70,30,2,5,12
70,30,2,6,22
70,30,2,7,19
70,30,2,8,4
70,30,2,9,30
70,30,2,10,25
70,30,2,11,18
70,30,2,12,1
70,30,2,13,23
70,30,2,14,15
70,30,2,15,16
70,30,2,16,17
70,30,2,17,27
70,30,2,18,13
70,30,2,19,29
70,30,2,20,8
70,30,2,21,24
70,30,2,22,14
70,30,2,23,10
70,30,2,24,20
70,30,2,25,11
70,30,2,26,28
70,30,2,27,26
70,30,2,28,21
70,30,2,29,6
70,30,2,30,3
70,30,3,1,28
70,30,3,2,15
70,30,3,3,13
70,30,3,4,20
70,30,3,5,30
70,30,3,6,12
70,30,3,7,1
70,30,3,8,11
70,30,3,9,4
70,30,3,10,24
70,30,3,11,14
70,30,3,12,7
70,30,3,13,25
70,30,3,14,18
70,30,3,15,8
70,30,3,16,22
70,30,3,17,6
70,30,3,18,23
70,30,3,19,26
70,30,3,20,17
70,30,3,21,19
70,30,3,22,9
70,30,3,23,2
70,30,3,24,10
70,30,3,25,27
70,30,3,26,29
70,30,3,27,16
70,30,3,28,3
70,30,3,29,5
70,30,3,30,21
70,30,4,1,16
70,30,4,2,3
70,30,4,3,2
70,30,4,4,12
70,30,4,5,30
70,30,4,6,11
70,30,4,7,29
70,30,4,8,28
70,30,4,9,10
70,30,4,10,20
70,30,4,11,21
70,30,4,12,7
70,30,4,13,24
70,30,4,14,13
70,30,4,15,26
70,30,4,16,14
70,30,4,17,4
70,30,4,18,8
70,30,4,19,1
70,30,4,20,5
70,30,4,21,23
70,30,4,22,18
70,30,4,23,15
70,30,4,24,27
70,30,4,25,17
70,30,4,26,22
70,30,4,27,6
70,30,4,28,25
70,30,4,29,19
70,30,4,30,9
70,30,5,1,11
70,30,5,2,19
70,30,5,3,9
70,30,5,4,8
70,30,5,5,7
70,30,5,6,14
70,30,5,7,30
70,30,5,8,10
70,30,5,9,18
70,30,5,10,16
70,30,5,11,6
70,30,5,12,12
70,30,5,13,29
70,30,5,14,26
70,30,5,15,17
70,30,5,16,2
70,30,5,17,22
70,30,5,18,13
70,30,5,19,23
70,30,5,20,3
70,30,5,21,28
70,30,5,22,25
70,30,5,23,20
70,30,5,24,5
70,30,5,25,27
70,30,5,26,24
70,30,5,27,1
70,30,5,28,4
70,30,5,29,21
70,30,5,30,15
70,30,6,1,8
70,30,6,2,16
70,30,6,3,20
70,30,6,4,22
70,30,6,5,6
70,30,6,6,11
70,30,6,7,13
70,30,6,8,4
70,30,6,9,14
70,30,6,10,25
70,30,6,11,23
70,30,6,12,5
70,30,6,13,7
70,30,6,14,3
70,30,6,15,29
70,30,6,16,1
70,30,6,17,24
70,30,6,18,12
70,30,6,19,9
70,30,6,20,26
70,30,6,21,15
70,30,6,22,2
70,30,6,23,27
70,30,6,24,17
70,30,6,25,10
70,30,6,26,30
70,30,6,27,18
70,30,6,28,28
70,30,6,29,19
70,30,6,30,21
70,30,7,1,3
70,30,7,2,26
70,30,7,3,13
70,30,7,4,16
70,30,7,5,24
70,30,7,6,14
70,30,7,7,6
70,30,7,8,22
70,30,7,9,7
70,30,7,10,20
70,30,7,11,27
70,30,7,12,23
70,30,7,13,8
70,30,7,14,18
70,30,7,15,4
70,30,7,16,11
70,30,7,17,30
70,30,7,18,10
70,30,7,19,25
70,30,7,20,9
70,30,7,21,29
70,30,7,22,5
70,30,7,23,1
70,30,7,24,12
70,30,7,25,15
70,30,7,26,21
70,30,7,27,19
70,30,7,28,17
70,30,7,29,2
70,30,7,30,28
70,30,8,1,15
70,30,8,2,25
70,30,8,3,17
70,30,8,4,6
70,30,8,5,9
70,30,8,6,10
70,30,8,7,19
70,30,8,8,11
70,30,8,9,18
70,30,8,10,22
70,30,8,11,3
70,30,8,12,21
70,30,8,13,12
70,30,8,14,4
70,30,8,15,14
70,30,8,16,1
70,30,8,17,30
70,30,8,18,23
70,30,8,19,26
70,30,8,20,27
70,30,8,21,5
70,30,8,22,16
70,30,8,23,13
70,30,8,24,2
70,30,8,25,20
70,30,8,26,8
70,30,8,27,7
70,30,8,28,24
70,30,8,29,28
70,30,8,30,29
70,30,9,1,22
70,30,9,2,24
70,30,9,3,7
70,30,9,4,5
70,30,9,5,30
70,30,9,6,26
70,30,9,7,16
70,30,9,8,8
70,30,9,9,13
70,30,9,10,2
70,30,9,11,20
70,30,9,12,15
70,30,9,13,10
70,30,9,14,4
70,30,9,15,3
70,30,9,16,9
70,30,9,17,23
70,30,9,18,6
70,30,9,19,27
70,30,9,20,29
70,30,9,21,25
70,30,9,22,19
70,30,9,23,12
70,30,9,24,1
70,30,9,25,21
70,30,9,26,28
70,30,9,27,14
70,30,9,28,18
70,30,9,29,17
70,30,9,30,11
71,30,1,1,8
71,30,1,2,24
71,30,1,3,7
71,30,1,4,5
71,30,1,5,9
71,30,1,6,17
71,30,1,7,26
71,30,1,8,20
71,30,1,9,6
71,30,1,10,27
71,30,1,11,15
71,30,1,12,13
71,30,1,13,18
71,30,1,14,19
71,30,1,15,25
71,30,1,16,30
71,30,1,17,10
71,30,1,18,23
71,30,1,19,21
71,30,1,20,3
71,30,1,21,14
71,30,1,22,29
71,30,1,23,22
71,30,1,24,28
71,30,1,25,16
71,30,1,26,2
71,30,1,27,11
71,30,1,28,1
71,30,1,29,12
71,30,1,30,4
71,30,2,1,5
71,30,2,2,9
71,30,2,3,2
71,30,2,4,7
71,30,2,5,12
71,30,2,6,22
71,30,2,7,19
71,30,2,8,4
71,30,2,9,30
71,30,2,10,25
71,30,2,11,28
71,30,2,12,11
71,30,2,13,20
71,30,2,14,18
71,30,2,15,1
71,30,2,16,10
71,30,2,17,21
71,30,2,18,26
71,30,2,19,6
71,30,2,20,3
71,30,2,21,14
71,30,2,22,15
71,30,2,23,23
71,30,2,24,16
71,30,2,25,27
71,30,2,26,17
71,30,2,27,13
71,30,2,28,29
71,30,2,29,24
71,30,2,30,8
71,30,3,1,13
71,30,3,2,30
71,30,3,3,12
71,30,3,4,1
71,30,3,5,11
71,30,3,6,22
71,30,3,7,6
71,30,3,8,10
71,30,3,9,21
71,30,3,10,5
71,30,3,11,16
71,30,3,12,3
71,30,3,13,29
71,30,3,14,27
71,30,3,15,2
71,30,3,16,8
71,30,3,17,4
71,30,3,18,24
71,30,3,19,18
71,30,3,20,23
71,30,3,21,25
71,30,3,22,26
71,30,3,23,17
71,30,3,24,9
71,30,3,25,19
71,30,3,26,7
71,30,3,27,14
71,30,3,28,20
71,30,3,29,15
71,30,3,30,28
71,30,4,1,21
71,30,4,2,20
71,30,4,3,10
71,30,4,4,30
71,30,4,5,11
71,30,4,6,12
71,30,4,7,3
71,30,4,8,16
71,30,4,9,2
71,30,4,10,28
71,30,4,11,7
71,30,4,12,13
71,30,4,13,26
71,30,4,14,14
71,30,4,15,24
71,30,4,16,18
71,30,4,17,15
71,30,4,18,29
71,30,4,19,27
71,30,4,20,17
71,30,4,21,9
71,30,4,22,19
71,30,4,23,25
71,30,4,24,6
71,30,4,25,22
71,30,4,26,23
71,30,4,27,5
71,30,4,28,1
71,30,4,29,8
71,30,4,30,4
71,30,5,1,5
71,30,5,2,27
71,30,5,3,20
71,30,5,4,29
71,30,5,5,12
71,30,5,6,24
71,30,5,7,1
71,30,5,8,4
71,30,5,9,6
71,30,5,10,16
71,30,5,11,21
71,30,5,12,15
71,30,5,13,18
71,30,5,14,11
71,30,5,15,19
71,30,5,16,9
71,30,5,17,8
71,30,5,18,10
71,30,5,19,30
71,30,5,20,17
71,30,5,21,2
71,30,5,22,22
71,30,5,23,13
71,30,5,24,23
71,30,5,25,3
71,30,5,26,14
71,30,5,27,7
71,30,5,28,26
71,30,5,29,25
71,30,5,30,28
71,30,6,1,30
71,30,6,2,28
71,30,6,3,19
71,30,6,4,21
71,30,6,5,15
71,30,6,6,18
71,30,6,7,17
71,30,6,8,27
71,30,6,9,2
71,30,6,10,9
71,30,6,11,12
71,30,6,12,26
71,30,6,13,24
71,30,6,14,1
71,30,6,15,29
71,30,6,16,7
71,30,6,17,3
71,30,6,18,6
71,30,6,19,5
71,30,6,20,23
71,30,6,21,25
71,30,6,22,14
71,30,6,23,4
71,30,6,24,13
71,30,6,25,11
71,30,6,26,22
71,30,6,27,8
71,30,6,28,16
71,30,6,29,20
71,30,6,30,10
71,30,7,1,2
71,30,7,2,28
71,30,7,3,17
71,30,7,4,19
71,30,7,5,21
71,30,7,6,15
71,30,7,7,12
71,30,7,8,3
71,30,7,9,16
71,30,7,10,13
71,30,7,11,26
71,30,7,12,6
71,30,7,13,14
71,30,7,14,24
71,30,7,15,22
71,30,7,16,7
71,30,7,17,20
71,30,7,18,27
71,30,7,19,23
71,30,7,20,8
71,30,7,21,18
71,30,7,22,4
71,30,7,23,11
71,30,7,24,30
71,30,7,25,10
71,30,7,26,25
71,30,7,27,9
71,30,7,28,29
71,30,7,29,5
71,30,7,30,1
71,30,8,1,17
71,30,8,2,25
71,30,8,3,15
71,30,8,4,29
71,30,8,5,24
71,30,8,6,7
71,30,8,7,8
71,30,8,8,28
71,30,8,9,20
71,30,8,10,2
71,30,8,11,13
71,30,8,12,16
71,30,8,13,5
71,30,8,14,27
71,30,8,15,26
71,30,8,16,18
71,30,8,17,11
71,30,8,18,19
71,30,8,19,10
71,30,8,20,9
71,30,8,21,22
71,30,8,22,3
71,30,8,23,21
71,30,8,24,23
71,30,8,25,30
71,30,8,26,1
71,30,8,27,12
71,30,8,28,4
71,30,8,29,14
71,30,8,30,6
71,30,9,1,19
71,30,9,2,25
71,30,9,3,29
71,30,9,4,27
71,30,9,5,23
71,30,9,6,9
71,30,9,7,3
71,30,9,8,4
71,30,9,9,8
71,30,9,10,13
71,30,9,11,2
71,30,9,12,15
71,30,9,13,10
71,30,9,14,6
71,30,9,15,1
71,30,9,16,20
71,30,9,17,16
71,30,9,18,26
71,30,9,19,30
71,30,9,20,5
71,30,9,21,7
71,30,9,22,24
71,30,9,23,22
71,30,9,24,17
71,30,9,25,11
71,30,9,26,18
71,30,9,27,14
71,30,9,28,28
71,30,9,29,21
71,30,9,30,12
72,30,1,1,7
72,30,1,2,24
72,30,1,3,8
72,30,1,4,5
72,30,1,5,9
72,30,1,6,3
72,30,1,7,21
72,30,1,8,14
72,30,1,9,4
72,30,1,10,12
72,30,1,11,1
72,30,1,12,2
72,30,1,13,11
72,30,1,14,16
72,30,1,15,29
72,30,1,16,22
72,30,1,17,28
72,30,1,18,10
72,30,1,19,23
72,30,1,20,30
72,30,1,21,25
72,30,1,22,13
72,30,1,23,18
72,30,1,24,19
72,30,1,25,15
72,30,1,26,27
72,30,1,27,6
72,30,1,28,20
72,30,1,29,26
72,30,1,30,17
72,30,2,1,3
72,30,2,2,24
72,30,2,3,29
72,30,2,4,13
72,30,2,5,8
72,30,2,6,5
72,30,2,7,9
72,30,2,8,2
72,30,2,9,7
72,30,2,10,12
72,30,2,11,22
72,30,2,12,19
72,30,2,13,4
72,30,2,14,30
72,30,2,15,25
72,30,2,16,28
72,30,2,17,6
72,30,2,18,26
72,30,2,19,11
72,30,2,20,21
72,30,2,21,20
72,30,2,22,18
72,30,2,23,1
72,30,2,24,10
72,30,2,25,23
72,30,2,26,15
72,30,2,27,16
72,30,2,28,17
72,30,2,29,27
72,30,2,30,14
72,30,3,1,10
72,30,3,2,21
72,30,3,3,3
72,30,3,4,27
72,30,3,5,2
72,30,3,6,29
72,30,3,7,16
72,30,3,8,5
72,30,3,9,9
72,30,3,10,19
72,30,3,11,17
72,30,3,12,26
72,30,3,13,25
72,30,3,14,23
72,30,3,15,18
72,30,3,16,24
72,30,3,17,14
72,30,3,18,7
72,30,3,19,28
72,30,3,20,15
72,30,3,21,20
72,30,3,22,30
72,30,3,23,12
72,30,3,24,13
72,30,3,25,1
72,30,3,26,11
72,30,3,27,4
72,30,3,28,8
72,30,3,29,6
72,30,3,30,22
72,30,4,1,21
72,30,4,2,20
72,30,4,3,10
72,30,4,4,30
72,30,4,5,11
72,30,4,6,12
72,30,4,7,3
72,30,4,8,16
72,30,4,9,2
72,30,4,10,28
72,30,4,11,29
72,30,4,12,27
72,30,4,13,17
72,30,4,14,9
72,30,4,15,19
72,30,4,16,22
72,30,4,17,6
72,30,4,18,25
72,30,4,19,15
72,30,4,20,23
72,30,4,21,5
72,30,4,22,18
72,30,4,23,24
72,30,4,24,7
72,30,4,25,13
72,30,4,26,26
72,30,4,27,14
72,30,4,28,8
72,30,4,29,1
72,30,4,30,4
72,30,5,1,23
72,30,5,2,3
72,30,5,3,25
72,30,5,4,28
72,30,5,5,26
72,30,5,6,7
72,30,5,7,12
72,30,5,8,29
72,30,5,9,20
72,30,5,10,5
72,30,5,11,27
72,30,5,12,24
72,30,5,13,1
72,30,5,14,4
72,30,5,15,6
72,30,5,16,16
72,30,5,17,21
72,30,5,18,8
72,30,5,19,9
72,30,5,20,19
72,30,5,21,11
72,30,5,22,18
72,30,5,23,15
72,30,5,24,10
72,30,5,25,30
72,30,5,26,14
72,30,5,27,17
72,30,5,28,2
72,30,5,29,22
72,30,5,30,13
72,30,6,1,30
72,30,6,2,18
72,30,6,3,28
72,30,6,4,19
72,30,6,5,21
72,30,6,6,15
72,30,6,7,9
72,30,6,8,12
72,30,6,9,1
72,30,6,10,26
72,30,6,11,24
72,30,6,12,7
72,30,6,13,2
72,30,6,14,29
72,30,6,15,3
72,30,6,16,5
72,30,6,17,23
72,30,6,18,25
72,30,6,19,6
72,30,6,20,11
72,30,6,21,14
72,30,6,22,4
72,30,6,23,13
72,30,6,24,22
72,30,6,25,8
72,30,6,26,16
72,30,6,27,20
72,30,6,28,27
72,30,6,29,17
72,30,6,30,10
72,30,7,1,10
72,30,7,2,30
72,30,7,3,18
72,30,7,4,8
72,30,7,5,27
72,30,7,6,23
72,30,7,7,20
72,30,7,8,7
72,30,7,9,22
72,30,7,10,6
72,30,7,11,14
72,30,7,12,24
72,30,7,13,13
72,30,7,14,16
72,30,7,15,26
72,30,7,16,3
72,30,7,17,19
72,30,7,18,17
72,30,7,19,21
72,30,7,20,28
72,30,7,21,2
72,30,7,22,15
72,30,7,23,12
72,30,7,24,5
72,30,7,25,1
72,30,7,26,29
72,30,7,27,9
72,30,7,28,25
72,30,7,29,11
72,30,7,30,4
72,30,8,1,17
72,30,8,2,25
72,30,8,3,15
72,30,8,4,29
72,30,8,5,24
72,30,8,6,7
72,30,8,7,8
72,30,8,8,28
72,30,8,9,20
72,30,8,10,2
72,30,8,11,13
72,30,8,12,16
72,30,8,13,5
72,30,8,14,23
72,30,8,15,30
72,30,8,16,27
72,30,8,17,26
72,30,8,18,21
72,30,8,19,3
72,30,8,20,22
72,30,8,21,1
72,30,8,22,12
72,30,8,23,4
72,30,8,24,14
72,30,8,25,6
72,30,8,26,9
72,30,8,27,10
72,30,8,28,19
72,30,8,29,11
72,30,8,30,18
72,30,9,1,11
72,30,9,2,5
72,30,9,3,30
72,30,9,4,26
72,30,9,5,7
72,30,9,6,16
72,30,9,7,20
72,30,9,8,2
72,30,9,9,13
72,30,9,10,8
72,30,9,11,15
72,30,9,12,10
72,30,9,13,4
72,30,9,14,3
72,30,9,15,9
72,30,9,16,23
72,30,9,17,6
72,30,9,18,27
72,30,9,19,29
72,30,9,20,25
72,30,9,21,19
72,30,9,22,12
72,30,9,23,1
72,30,9,24,21
72,30,9,25,28
72,30,9,26,14
72,30,9,27,24
72,30,9,28,22
72,30,9,29,18
72,30,9,30,17
73,30,1,1,8
73,30,1,2,24
73,30,1,3,7
73,30,1,4,17
73,30,1,5,26
73,30,1,6,20
73,30,1,7,6
73,30,1,8,27
73,30,1,9,15
73,30,1,10,13
73,30,1,11,18
73,30,1,12,19
73,30,1,13,25
73,30,1,14,30
73,30,1,15,10
73,30,1,16,22
73,30,1,17,28
73,30,1,18,2
73,30,1,19,16
73,30,1,20,1
73,30,1,21,11
73,30,1,22,12
73,30,1,23,4
73,30,1,24,14
73,30,1,25,29
73,30,1,26,23
73,30,1,27,21
73,30,1,28,3
73,30,1,29,9
73,30,1,30,5
73,30,2,1,13
73,30,2,2,14
73,30,2,3,27
73,30,2,4,17
73,30,2,5,16
73,30,2,6,23
73,30,2,7,15
73,30,2,8,10
73,30,2,9,1
73,30,2,10,18
73,30,2,11,20
73,30,2,12,21
73,30,2,13,11
73,30,2,14,26
73,30,2,15,6
73,30,2,16,3
73,30,2,17,24
73,30,2,18,28
73,30,2,19,25
73,30,2,20,30
73,30,2,21,4
73,30,2,22,19
73,30,2,23,22
73,30,2,24,12
73,30,2,25,7
73,30,2,26,2
73,30,2,27,9
73,30,2,28,5
73,30,2,29,8
73,30,2,30,29
73,30,3,1,11
73,30,3,2,22
73,30,3,3,6
73,30,3,4,10
73,30,3,5,21
73,30,3,6,5
73,30,3,7,16
73,30,3,8,3
73,30,3,9,27
73,30,3,10,29
73,30,3,11,2
73,30,3,12,9
73,30,3,13,19
73,30,3,14,17
73,30,3,15,26
73,30,3,16,23
73,30,3,17,25
73,30,3,18,7
73,30,3,19,28
73,30,3,20,15
73,30,3,21,13
73,30,3,22,20
73,30,3,23,14
73,30,3,24,18
73,30,3,25,30
73,30,3,26,12
73,30,3,27,24
73,30,3,28,1
73,30,3,29,4
73,30,3,30,8
73,30,4,1,21
73,30,4,2,4
73,30,4,3,8
73,30,4,4,1
73,30,4,5,5
73,30,4,6,23
73,30,4,7,14
73,30,4,8,26
73,30,4,9,13
73,30,4,10,7
73,30,4,11,24
73,30,4,12,18
73,30,4,13,15
73,30,4,14,29
73,30,4,15,27
73,30,4,16,22
73,30,4,17,6
73,30,4,18,25
73,30,4,19,19
73,30,4,20,9
73,30,4,21,17
73,30,4,22,16
73,30,4,23,3
73,30,4,24,2
73,30,4,25,11
73,30,4,26,12
73,30,4,27,30
73,30,4,28,28
73,30,4,29,10
73,30,4,30,20
73,30,5,1,10
73,30,5,2,15
73,30,5,3,18
73,30,5,4,21
73,30,5,5,16
73,30,5,6,4
73,30,5,7,1
73,30,5,8,6
73,30,5,9,24
73,30,5,10,5
73,30,5,11,27
73,30,5,12,20
73,30,5,13,29
73,30,5,14,12
73,30,5,15,8
73,30,5,16,9
73,30,5,17,19
73,30,5,18,11
73,30,5,19,7
73,30,5,20,28
73,30,5,21,26
73,30,5,22,25
73,30,5,23,3
73,30,5,24,23
73,30,5,25,13
73,30,5,26,22
73,30,5,27,2
73,30,5,28,17
73,30,5,29,14
73,30,5,30,30
73,30,6,1,26
73,30,6,2,5
73,30,6,3,23
73,30,6,4,25
73,30,6,5,14
73,30,6,6,11
73,30,6,7,4
73,30,6,8,13
73,30,6,9,16
73,30,6,10,8
73,30,6,11,20
73,30,6,12,22
73,30,6,13,6
73,30,6,14,3
73,30,6,15,7
73,30,6,16,29
73,30,6,17,2
73,30,6,18,27
73,30,6,19,17
73,30,6,20,10
73,30,6,21,30
73,30,6,22,18
73,30,6,23,28
73,30,6,24,19
73,30,6,25,21
73,30,6,26,15
73,30,6,27,9
73,30,6,28,12
73,30,6,29,1
73,30,6,30,24
73,30,7,1,10
73,30,7,2,2
73,30,7,3,28
73,30,7,4,17
73,30,7,5,21
73,30,7,6,15
73,30,7,7,12
73,30,7,8,19
73,30,7,9,16
73,30,7,10,13
73,30,7,11,24
73,30,7,12,14
73,30,7,13,6
73,30,7,14,22
73,30,7,15,7
73,30,7,16,20
73,30,7,17,27
73,30,7,18,23
73,30,7,19,8
73,30,7,20,30
73,30,7,21,18
73,30,7,22,4
73,30,7,23,26
73,30,7,24,3
73,30,7,25,1
73,30,7,26,11
73,30,7,27,5
73,30,7,28,29
73,30,7,29,9
73,30,7,30,25
73,30,8,1,18
73,30,8,2,11
73,30,8,3,19
73,30,8,4,17
73,30,8,5,25
73,30,8,6,15
73,30,8,7,29
73,30,8,8,24
73,30,8,9,7
73,30,8,10,8
73,30,8,11,28
73,30,8,12,20
73,30,8,13,2
73,30,8,14,13
73,30,8,15,16
73,30,8,16,5
73,30,8,17,27
73,30,8,18,26
73,30,8,19,23
73,30,8,20,3
73,30,8,21,22
73,30,8,22,21
73,30,8,23,30
73,30,8,24,1
73,30,8,25,12
73,30,8,26,4
73,30,8,27,14
73,30,8,28,6
73,30,8,29,9
73,30,8,30,10
73,30,9,1,4
73,30,9,2,3
73,30,9,3,9
73,30,9,4,23
73,30,9,5,27
73,30,9,6,29
73,30,9,7,25
73,30,9,8,19
73,30,9,9,12
73,30,9,10,21
73,30,9,11,28
73,30,9,12,14
73,30,9,13,18
73,30,9,14,17
73,30,9,15,11
73,30,9,16,5
73,30,9,17,30
73,30,9,18,26
73,30,9,19,16
73,30,9,20,7
73,30,9,21,24
73,30,9,22,22
73,30,9,23,1
73,30,9,24,6
73,30,9,25,10
73,30,9,26,15
73,30,9,27,20
73,30,9,28,2
73,30,9,29,13
73,30,9,30,8
74,30,1,1,8
74,30,1,2,4
74,30,1,3,12
74,30,1,4,1
74,30,1,5,2
74,30,1,6,11
74,30,1,7,16
74,30,1,8,28
74,30,1,9,22
74,30,1,10,29
74,30,1,11,23
74,30,1,12,10
74,30,1,13,30
74,30,1,14,25
74,30,1,15,13
74,30,1,16,18
74,30,1,17,19
74,30,1,18,15
74,30,1,19,27
74,30,1,20,6
74,30,1,21,20
74,30,1,22,26
74,30,1,23,17
74,30,1,24,7
74,30,1,25,9
74,30,1,26,5
74,30,1,27,3
74,30,1,28,21
74,30,1,29,14
74,30,1,30,24
74,30,2,1,13
74,30,2,2,17
74,30,2,3,16
74,30,2,4,27
74,30,2,5,15
74,30,2,6,23
74,30,2,7,1
74,30,2,8,18
74,30,2,9,20
74,30,2,10,10
74,30,2,11,14
74,30,2,12,21
74,30,2,13,11
74,30,2,14,26
74,30,2,15,6
74,30,2,16,28
74,30,2,17,25
74,30,2,18,30
74,30,2,19,4
74,30,2,20,19
74,30,2,21,22
74,30,2,22,12
74,30,2,23,7
74,30,2,24,2
74,30,2,25,9
74,30,2,26,5
74,30,2,27,8
74,30,2,28,3
74,30,2,29,24
74,30,2,30,29
74,30,3,1,11
74,30,3,2,22
74,30,3,3,6
74,30,3,4,10
74,30,3,5,21
74,30,3,6,3
74,30,3,7,5
74,30,3,8,16
74,30,3,9,29
74,30,3,10,27
74,30,3,11,2
74,30,3,12,9
74,30,3,13,26
74,30,3,14,17
74,30,3,15,25
74,30,3,16,23
74,30,3,17,18
74,30,3,18,24
74,30,3,19,14
74,30,3,20,7
74,30,3,21,19
74,30,3,22,28
74,30,3,23,15
74,30,3,24,20
74,30,3,25,13
74,30,3,26,30
74,30,3,27,12
74,30,3,28,8
74,30,3,29,4
74,30,3,30,1
74,30,4,1,21
74,30,4,2,7
74,30,4,3,24
74,30,4,4,13
74,30,4,5,26
74,30,4,6,4
74,30,4,7,8
74,30,4,8,1
74,30,4,9,5
74,30,4,10,14
74,30,4,11,18
74,30,4,12,23
74,30,4,13,15
74,30,4,14,6
74,30,4,15,25
74,30,4,16,19
74,30,4,17,9
74,30,4,18,17
74,30,4,19,22
74,30,4,20,27
74,30,4,21,29
74,30,4,22,16
74,30,4,23,3
74,30,4,24,11
74,30,4,25,30
74,30,4,26,12
74,30,4,27,2
74,30,4,28,28
74,30,4,29,10
74,30,4,30,20
74,30,5,1,23
74,30,5,2,13
74,30,5,3,22
74,30,5,4,2
74,30,5,5,17
74,30,5,6,14
74,30,5,7,30
74,30,5,8,10
74,30,5,9,15
74,30,5,10,18
74,30,5,11,11
74,30,5,12,19
74,30,5,13,21
74,30,5,14,16
74,30,5,15,6
74,30,5,16,4
74,30,5,17,1
74,30,5,18,24
74,30,5,19,9
74,30,5,20,8
74,30,5,21,12
74,30,5,22,27
74,30,5,23,5
74,30,5,24,20
74,30,5,25,29
74,30,5,26,7
74,30,5,27,26
74,30,5,28,28
74,30,5,29,25
74,30,5,30,3
74,30,6,1,30
74,30,6,2,10
74,30,6,3,20
74,30,6,4,8
74,30,6,5,16
74,30,6,6,13
74,30,6,7,4
74,30,6,8,14
74,30,6,9,25
74,30,6,10,23
74,30,6,11,5
74,30,6,12,11
74,30,6,13,22
74,30,6,14,6
74,30,6,15,3
74,30,6,16,29
74,30,6,17,7
74,30,6,18,1
74,30,6,19,24
74,30,6,20,26
74,30,6,21,12
74,30,6,22,9
74,30,6,23,2
74,30,6,24,15
74,30,6,25,21
74,30,6,26,19
74,30,6,27,28
74,30,6,28,18
74,30,6,29,27
74,30,6,30,17
74,30,7,1,13
74,30,7,2,16
74,30,7,3,17
74,30,7,4,19
74,30,7,5,21
74,30,7,6,28
74,30,7,7,2
74,30,7,8,15
74,30,7,9,12
74,30,7,10,3
74,30,7,11,26
74,30,7,12,1
74,30,7,13,5
74,30,7,14,29
74,30,7,15,9
74,30,7,16,25
74,30,7,17,10
74,30,7,18,11
74,30,7,19,4
74,30,7,20,30
74,30,7,21,18
74,30,7,22,8
74,30,7,23,27
74,30,7,24,23
74,30,7,25,20
74,30,7,26,7
74,30,7,27,6
74,30,7,28,22
74,30,7,29,14
74,30,7,30,24
74,30,8,1,19
74,30,8,2,11
74,30,8,3,18
74,30,8,4,22
74,30,8,5,3
74,30,8,6,26
74,30,8,7,27
74,30,8,8,5
74,30,8,9,16
74,30,8,10,13
74,30,8,11,2
74,30,8,12,23
74,30,8,13,21
74,30,8,14,30
74,30,8,15,20
74,30,8,16,28
74,30,8,17,8
74,30,8,18,7
74,30,8,19,24
74,30,8,20,29
74,30,8,21,25
74,30,8,22,17
74,30,8,23,15
74,30,8,24,1
74,30,8,25,12
74,30,8,26,4
74,30,8,27,14
74,30,8,28,6
74,30,8,29,9
74,30,8,30,10
74,30,9,1,29
74,30,9,2,25
74,30,9,3,19
74,30,9,4,12
74,30,9,5,1
74,30,9,6,21
74,30,9,7,28
74,30,9,8,14
74,30,9,9,18
74,30,9,10,11
74,30,9,11,17
74,30,9,12,22
74,30,9,13,24
74,30,9,14,7
74,30,9,15,5
74,30,9,16,30
74,30,9,17,26
74,30,9,18,16
74,30,9,19,20
74,30,9,20,15
74,30,9,21,10
74,30,9,22,2
74,30,9,23,13
74,30,9,24,8
74,30,9,25,4
74,30,9,26,3
74,30,9,27,9
74,30,9,28,23
74,30,9,29,6
74,30,9,30,27
75,30,1,1,7
75,30,1,2,17
75,30,1,3,26
75,30,1,4,20
75,30,1,5,6
75,30,1,6,27
75,30,1,7,15
75,30,1,8,19
75,30,1,9,18
75,30,1,10,13
75,30,1,11,25
75,30,1,12,30
75,30,1,13,10
75,30,1,14,22
75,30,1,15,28
75,30,1,16,16
75,30,1,17,2
75,30,1,18,11
75,30,1,19,1
75,30,1,20,12
75,30,1,21,4
75,30,1,22,14
75,30,1,23,29
75,30,1,24,23
75,30,1,25,21
75,30,1,26,3
75,30,1,27,9
75,30,1,28,5
75,30,1,29,8
75,30,1,30,24
75,30,2,1,25
75,30,2,2,30
75,30,2,3,4
75,30,2,4,19
75,30,2,5,22
75,30,2,6,12
75,30,2,7,7
75,30,2,8,2
75,30,2,9,9
75,30,2,10,5
75,30,2,11,8
75,30,2,12,13
75,30,2,13,29
75,30,2,14,24
75,30,2,15,17
75,30,2,16,16
75,30,2,17,27
75,30,2,18,15
75,30,2,19,23
75,30,2,20,1
75,30,2,21,18
75,30,2,22,20
75,30,2,23,10
75,30,2,24,21
75,30,2,25,14
75,30,2,26,3
75,30,2,27,6
75,30,2,28,26
75,30,2,29,11
75,30,2,30,28
75,30,3,1,13
75,30,3,2,15
75,30,3,3,28
75,30,3,4,7
75,30,3,5,14
75,30,3,6,20
75,30,3,7,30
75,30,3,8,12
75,30,3,9,24
75,30,3,10,18
75,30,3,11,23
75,30,3,12,25
75,30,3,13,26
75,30,3,14,17
75,30,3,15,19
75,30,3,16,9
75,30,3,17,5
75,30,3,18,16
75,30,3,19,29
75,30,3,20,2
75,30,3,21,27
75,30,3,22,3
75,30,3,23,21
75,30,3,24,10
75,30,3,25,8
75,30,3,26,4
75,30,3,27,6
75,30,3,28,22
75,30,3,29,11
75,30,3,30,1
75,30,4,1,21
75,30,4,2,20
75,30,4,3,10
75,30,4,4,30
75,30,4,5,11
75,30,4,6,12
75,30,4,7,28
75,30,4,8,3
75,30,4,9,16
75,30,4,10,2
75,30,4,11,29
75,30,4,12,27
75,30,4,13,9
75,30,4,14,19
75,30,4,15,17
75,30,4,16,22
75,30,4,17,6
75,30,4,18,25
75,30,4,19,23
75,30,4,20,15
75,30,4,21,18
75,30,4,22,24
75,30,4,23,7
75,30,4,24,13
75,30,4,25,26
75,30,4,26,14
75,30,4,27,8
75,30,4,28,5
75,30,4,29,1
75,30,4,30,4
75,30,5,1,21
75,30,5,2,16
75,30,5,3,6
75,30,5,4,4
75,30,5,5,1
75,30,5,6,24
75,30,5,7,27
75,30,5,8,5
75,30,5,9,20
75,30,5,10,29
75,30,5,11,12
75,30,5,12,8
75,30,5,13,9
75,30,5,14,19
75,30,5,15,11
75,30,5,16,7
75,30,5,17,28
75,30,5,18,26
75,30,5,19,25
75,30,5,20,3
75,30,5,21,23
75,30,5,22,13
75,30,5,23,22
75,30,5,24,2
75,30,5,25,17
75,30,5,26,14
75,30,5,27,30
75,30,5,28,10
75,30,5,29,18
75,30,5,30,15
75,30,6,1,30
75,30,6,2,10
75,30,6,3,20
75,30,6,4,16
75,30,6,5,8
75,30,6,6,13
75,30,6,7,4
75,30,6,8,14
75,30,6,9,25
75,30,6,10,23
75,30,6,11,5
75,30,6,12,11
75,30,6,13,22
75,30,6,14,17
75,30,6,15,27
75,30,6,16,18
75,30,6,17,28
75,30,6,18,2
75,30,6,19,29
75,30,6,20,6
75,30,6,21,3
75,30,6,22,7
75,30,6,23,1
75,30,6,24,24
75,30,6,25,26
75,30,6,26,12
75,30,6,27,9
75,30,6,28,15
75,30,6,29,21
75,30,6,30,19
75,30,7,1,2
75,30,7,2,28
75,30,7,3,17
75,30,7,4,16
75,30,7,5,13
75,30,7,6,19
75,30,7,7,21
75,30,7,8,15
75,30,7,9,12
75,30,7,10,3
75,30,7,11,26
75,30,7,12,6
75,30,7,13,14
75,30,7,14,24
75,30,7,15,22
75,30,7,16,7
75,30,7,17,20
75,30,7,18,27
75,30,7,19,23
75,30,7,20,8
75,30,7,21,18
75,30,7,22,4
75,30,7,23,11
75,30,7,24,30
75,30,7,25,10
75,30,7,26,25
75,30,7,27,9
75,30,7,28,29
75,30,7,29,5
75,30,7,30,1
75,30,8,1,17
75,30,8,2,19
75,30,8,3,10
75,30,8,4,9
75,30,8,5,11
75,30,8,6,18
75,30,8,7,6
75,30,8,8,14
75,30,8,9,4
75,30,8,10,12
75,30,8,11,1
75,30,8,12,30
75,30,8,13,21
75,30,8,14,3
75,30,8,15,22
75,30,8,16,26
75,30,8,17,27
75,30,8,18,5
75,30,8,19,16
75,30,8,20,13
75,30,8,21,2
75,30,8,22,23
75,30,8,23,20
75,30,8,24,8
75,30,8,25,7
75,30,8,26,24
75,30,8,27,29
75,30,8,28,28
75,30,8,29,15
75,30,8,30,25
75,30,9,1,4
75,30,9,2,3
75,30,9,3,9
75,30,9,4,23
75,30,9,5,6
75,30,9,6,27
75,30,9,7,29
75,30,9,8,25
75,30,9,9,19
75,30,9,10,12
75,30,9,11,1
75,30,9,12,21
75,30,9,13,28
75,30,9,14,14
75,30,9,15,18
75,30,9,16,17
75,30,9,17,11
75,30,9,18,5
75,30,9,19,30
75,30,9,20,26
75,30,9,21,16
75,30,9,22,20
75,30,9,23,7
75,30,9,24,24
75,30,9,25,22
75,30,9,26,15
75,30,9,27,10
75,30,9,28,2
75,30,9,29,13
75,30,9,30,8
76,30,1,1,13
76,30,1,2,22
76,30,1,3,28
76,30,1,4,16
76,30,1,5,2
76,30,1,6,11
76,30,1,7,1
76,30,1,8,12
76,30,1,9,4
76,30,1,10,8
76,30,1,11,24
76,30,1,12,14
76,30,1,13,29
76,30,1,14,23
76,30,1,15,21
76,30,1,16,3
76,30,1,17,5
76,30,1,18,9
76,30,1,19,7
76,30,1,20,17
76,30,1,21,26
76,30,1,22,20
76,30,1,23,6
76,30,1,24,10
76,30,1,25,30
76,30,1,26,25
76,30,1,27,19
76,30,1,28,18
76,30,1,29,15
76,30,1,30,27
76,30,2,1,16
76,30,2,2,17
76,30,2,3,13
76,30,2,4,29
76,30,2,5,8
76,30,2,6,5
76,30,2,7,9
76,30,2,8,2
76,30,2,9,7
76,30,2,10,12
76,30,2,11,22
76,30,2,12,19
76,30,2,13,4
76,30,2,14,30
76,30,2,15,25
76,30,2,16,28
76,30,2,17,24
76,30,2,18,3
76,30,2,19,6
76,30,2,20,26
76,30,2,21,11
76,30,2,22,21
76,30,2,23,14
76,30,2,24,20
76,30,2,25,18
76,30,2,26,10
76,30,2,27,1
76,30,2,28,23
76,30,2,29,15
76,30,2,30,27
76,30,3,1,11
76,30,3,2,1
76,30,3,3,13
76,30,3,4,28
76,30,3,5,15
76,30,3,6,30
76,30,3,7,12
76,30,3,8,4
76,30,3,9,24
76,30,3,10,20
76,30,3,11,18
76,30,3,12,14
76,30,3,13,7
76,30,3,14,25
76,30,3,15,23
76,30,3,16,26
76,30,3,17,17
76,30,3,18,19
76,30,3,19,9
76,30,3,20,5
76,30,3,21,16
76,30,3,22,29
76,30,3,23,2
76,30,3,24,21
76,30,3,25,3
76,30,3,26,27
76,30,3,27,10
76,30,3,28,6
76,30,3,29,8
76,30,3,30,22
76,30,4,1,21
76,30,4,2,20
76,30,4,3,10
76,30,4,4,30
76,30,4,5,11
76,30,4,6,12
76,30,4,7,28
76,30,4,8,2
76,30,4,9,3
76,30,4,10,16
76,30,4,11,29
76,30,4,12,9
76,30,4,13,19
76,30,4,14,25
76,30,4,15,6
76,30,4,16,22
76,30,4,17,17
76,30,4,18,27
76,30,4,19,15
76,30,4,20,23
76,30,4,21,5
76,30,4,22,1
76,30,4,23,4
76,30,4,24,8
76,30,4,25,14
76,30,4,26,18
76,30,4,27,24
76,30,4,28,7
76,30,4,29,26
76,30,4,30,13
76,30,5,1,19
76,30,5,2,11
76,30,5,3,18
76,30,5,4,15
76,30,5,5,10
76,30,5,6,30
76,30,5,7,14
76,30,5,8,17
76,30,5,9,2
76,30,5,10,22
76,30,5,11,13
76,30,5,12,23
76,30,5,13,3
76,30,5,14,25
76,30,5,15,28
76,30,5,16,26
76,30,5,17,7
76,30,5,18,12
76,30,5,19,29
76,30,5,20,20
76,30,5,21,5
76,30,5,22,27
76,30,5,23,24
76,30,5,24,8
76,30,5,25,9
76,30,5,26,1
76,30,5,27,4
76,30,5,28,6
76,30,5,29,16
76,30,5,30,21
76,30,6,1,26
76,30,6,2,24
76,30,6,3,1
76,30,6,4,7
76,30,6,5,5
76,30,6,6,23
76,30,6,7,25
76,30,6,8,14
76,30,6,9,4
76,30,6,10,13
76,30,6,11,16
76,30,6,12,8
76,30,6,13,11
76,30,6,14,22
76,30,6,15,6
76,30,6,16,3
76,30,6,17,29
76,30,6,18,2
76,30,6,19,27
76,30,6,20,17
76,30,6,21,20
76,30,6,22,10
76,30,6,23,30
76,30,6,24,18
76,30,6,25,28
76,30,6,26,19
76,30,6,27,21
76,30,6,28,15
76,30,6,29,9
76,30,6,30,12
76,30,7,1,2
76,30,7,2,28
76,30,7,3,17
76,30,7,4,19
76,30,7,5,16
76,30,7,6,13
76,30,7,7,24
76,30,7,8,14
76,30,7,9,6
76,30,7,10,22
76,30,7,11,7
76,30,7,12,20
76,30,7,13,27
76,30,7,14,23
76,30,7,15,8
76,30,7,16,18
76,30,7,17,30
76,30,7,18,4
76,30,7,19,11
76,30,7,20,10
76,30,7,21,25
76,30,7,22,9
76,30,7,23,29
76,30,7,24,5
76,30,7,25,1
76,30,7,26,26
76,30,7,27,3
76,30,7,28,12
76,30,7,29,15
76,30,7,30,21
76,30,8,1,2
76,30,8,2,13
76,30,8,3,16
76,30,8,4,5
76,30,8,5,27
76,30,8,6,26
76,30,8,7,18
76,30,8,8,11
76,30,8,9,19
76,30,8,10,10
76,30,8,11,9
76,30,8,12,6
76,30,8,13,14
76,30,8,14,17
76,30,8,15,25
76,30,8,16,29
76,30,8,17,24
76,30,8,18,7
76,30,8,19,8
76,30,8,20,28
76,30,8,21,15
76,30,8,22,4
76,30,8,23,12
76,30,8,24,1
76,30,8,25,20
76,30,8,26,30
76,30,8,27,21
76,30,8,28,3
76,30,8,29,22
76,30,8,30,23
76,30,9,1,4
76,30,9,2,3
76,30,9,3,9
76,30,9,4,23
76,30,9,5,27
76,30,9,6,29
76,30,9,7,25
76,30,9,8,19
76,30,9,9,14
76,30,9,10,18
76,30,9,11,17
76,30,9,12,11
76,30,9,13,5
76,30,9,14,30
76,30,9,15,26
76,30,9,16,16
76,30,9,17,8
76,30,9,18,13
76,30,9,19,2
76,30,9,20,20
76,30,9,21,7
76,30,9,22,24
76,30,9,23,22
76,30,9,24,28
76,30,9,25,21
76,30,9,26,12
76,30,9,27,1
76,30,9,28,6
76,30,9,29,15
76,30,9,30,10
77,30,1,1,1
77,30,1,2,2
77,30,1,3,13
77,30,1,4,15
77,30,1,5,27
77,30,1,6,20
77,30,1,7,26
77,30,1,8,17
77,30,1,9,7
77,30,1,10,24
77,30,1,11,8
77,30,1,12,4
77,30,1,13,12
77,30,1,14,11
77,30,1,15,16
77,30,1,16,28
77,30,1,17,22
77,30,1,18,10
77,30,1,19,30
77,30,1,20,25
77,30,1,21,18
77,30,1,22,19
77,30,1,23,6
77,30,1,24,9
77,30,1,25,5
77,30,1,26,3
77,30,1,27,21
77,30,1,28,23
77,30,1,29,29
77,30,1,30,14
77,30,2,1,25
77,30,2,2,30
77,30,2,3,4
77,30,2,4,19
77,30,2,5,22
77,30,2,6,12
77,30,2,7,7
77,30,2,8,2
77,30,2,9,9
77,30,2,10,5
77,30,2,11,13
77,30,2,12,29
77,30,2,13,8
77,30,2,14,24
77,30,2,15,3
77,30,2,16,6
77,30,2,17,26
77,30,2,18,11
77,30,2,19,21
77,30,2,20,14
77,30,2,21,27
77,30,2,22,17
77,30,2,23,16
77,30,2,24,15
77,30,2,25,23
77,30,2,26,1
77,30,2,27,10
77,30,2,28,20
77,30,2,29,18
77,30,2,30,28
77,30,3,1,10
77,30,3,2,21
77,30,3,3,3
77,30,3,4,27
77,30,3,5,2
77,30,3,6,29
77,30,3,7,16
77,30,3,8,5
77,30,3,9,9
77,30,3,10,19
77,30,3,11,17
77,30,3,12,26
77,30,3,13,23
77,30,3,14,25
77,30,3,15,7
77,30,3,16,14
77,30,3,17,20
77,30,3,18,15
77,30,3,19,28
77,30,3,20,13
77,30,3,21,30
77,30,3,22,12
77,30,3,23,24
77,30,3,24,18
77,30,3,25,8
77,30,3,26,4
77,30,3,27,1
77,30,3,28,11
77,30,3,29,22
77,30,3,30,6
77,30,4,1,20
77,30,4,2,10
77,30,4,3,30
77,30,4,4,11
77,30,4,5,12
77,30,4,6,3
77,30,4,7,16
77,30,4,8,2
77,30,4,9,28
77,30,4,10,29
77,30,4,11,27
77,30,4,12,17
77,30,4,13,9
77,30,4,14,19
77,30,4,15,22
77,30,4,16,6
77,30,4,17,25
77,30,4,18,5
77,30,4,19,23
77,30,4,20,15
77,30,4,21,18
77,30,4,22,14
77,30,4,23,8
77,30,4,24,1
77,30,4,25,4
77,30,4,26,26
77,30,4,27,24
77,30,4,28,7
77,30,4,29,13
77,30,4,30,21
77,30,5,1,21
77,30,5,2,16
77,30,5,3,6
77,30,5,4,4
77,30,5,5,1
77,30,5,6,24
77,30,5,7,5
77,30,5,8,20
77,30,5,9,27
77,30,5,10,29
77,30,5,11,12
77,30,5,12,7
77,30,5,13,26
77,30,5,14,28
77,30,5,15,25
77,30,5,16,3
77,30,5,17,2
77,30,5,18,22
77,30,5,19,23
77,30,5,20,13
77,30,5,21,17
77,30,5,22,14
77,30,5,23,30
77,30,5,24,10
77,30,5,25,18
77,30,5,26,15
77,30,5,27,19
77,30,5,28,11
77,30,5,29,9
77,30,5,30,8
77,30,6,1,30
77,30,6,2,29
77,30,6,3,2
77,30,6,4,17
77,30,6,5,27
77,30,6,6,18
77,30,6,7,28
77,30,6,8,15
77,30,6,9,19
77,30,6,10,21
77,30,6,11,9
77,30,6,12,12
77,30,6,13,26
77,30,6,14,24
77,30,6,15,1
77,30,6,16,7
77,30,6,17,3
77,30,6,18,6
77,30,6,19,5
77,30,6,20,23
77,30,6,21,22
77,30,6,22,11
77,30,6,23,25
77,30,6,24,14
77,30,6,25,4
77,30,6,26,13
77,30,6,27,16
77,30,6,28,8
77,30,6,29,20
77,30,6,30,10
77,30,7,1,2
77,30,7,2,28
77,30,7,3,17
77,30,7,4,21
77,30,7,5,19
77,30,7,6,3
77,30,7,7,16
77,30,7,8,13
77,30,7,9,26
77,30,7,10,6
77,30,7,11,14
77,30,7,12,22
77,30,7,13,7
77,30,7,14,20
77,30,7,15,24
77,30,7,16,23
77,30,7,17,27
77,30,7,18,8
77,30,7,19,18
77,30,7,20,4
77,30,7,21,11
77,30,7,22,30
77,30,7,23,10
77,30,7,24,25
77,30,7,25,9
77,30,7,26,29
77,30,7,27,5
77,30,7,28,1
77,30,7,29,12
77,30,7,30,15
77,30,8,1,17
77,30,8,2,25
77,30,8,3,15
77,30,8,4,28
77,30,8,5,29
77,30,8,6,24
77,30,8,7,7
77,30,8,8,8
77,30,8,9,20
77,30,8,10,2
77,30,8,11,13
77,30,8,12,16
77,30,8,13,5
77,30,8,14,27
77,30,8,15,26
77,30,8,16,23
77,30,8,17,30
77,30,8,18,1
77,30,8,19,12
77,30,8,20,4
77,30,8,21,14
77,30,8,22,6
77,30,8,23,9
77,30,8,24,10
77,30,8,25,19
77,30,8,26,11
77,30,8,27,18
77,30,8,28,22
77,30,8,29,3
77,30,8,30,21
77,30,9,1,30
77,30,9,2,26
77,30,9,3,16
77,30,9,4,8
77,30,9,5,4
77,30,9,6,3
77,30,9,7,9
77,30,9,8,23
77,30,9,9,6
77,30,9,10,27
77,30,9,11,29
77,30,9,12,25
77,30,9,13,19
77,30,9,14,12
77,30,9,15,1
77,30,9,16,10
77,30,9,17,15
77,30,9,18,2
77,30,9,19,13
77,30,9,20,20
77,30,9,21,7
77,30,9,22,24
77,30,9,23,22
77,30,9,24,21
77,30,9,25,28
77,30,9,26,14
77,30,9,27,18
77,30,9,28,17
77,30,9,29,11
77,30,9,30,5
78,30,1,1,13
78,30,1,2,15
78,30,1,3,27
78,30,1,4,6
78,30,1,5,20
78,30,1,6,26
78,30,1,7,17
78,30,1,8,7
78,30,1,9,5
78,30,1,10,9
78,30,1,11,3
78,30,1,12,21
78,30,1,13,23
78,30,1,14,29
78,30,1,15,14
78,30,1,16,24
78,30,1,17,8
78,30,1,18,4
78,30,1,19,12
78,30,1,20,1
78,30,1,21,2
78,30,1,22,11
78,30,1,23,16
78,30,1,24,28
78,30,1,25,22
78,30,1,26,10
78,30,1,27,30
78,30,1,28,25
78,30,1,29,19
78,30,1,30,18
78,30,2,1,27
78,30,2,2,17
78,30,2,3,16
78,30,2,4,15
78,30,2,5,23
78,30,2,6,1
78,30,2,7,18
78,30,2,8,10
78,30,2,9,20
78,30,2,10,14
78,30,2,11,21
78,30,2,12,3
78,30,2,13,6
78,30,2,14,26
78,30,2,15,11
78,30,2,16,28
78,30,2,17,25
78,30,2,18,30
78,30,2,19,19
78,30,2,20,4
78,30,2,21,22
78,30,2,22,12
78,30,2,23,7
78,30,2,24,2
78,30,2,25,9
78,30,2,26,5
78,30,2,27,8
78,30,2,28,24
78,30,2,29,29
78,30,2,30,13
78,30,3,1,9
78,30,3,2,19
78,30,3,3,17
78,30,3,4,26
78,30,3,5,23
78,30,3,6,25
78,30,3,7,7
78,30,3,8,28
78,30,3,9,15
78,30,3,10,20
78,30,3,11,14
78,30,3,12,18
78,30,3,13,24
78,30,3,14,12
78,30,3,15,30
78,30,3,16,13
78,30,3,17,1
78,30,3,18,4
78,30,3,19,8
78,30,3,20,6
78,30,3,21,22
78,30,3,22,11
78,30,3,23,10
78,30,3,24,21
78,30,3,25,3
78,30,3,26,27
78,30,3,27,2
78,30,3,28,29
78,30,3,29,16
78,30,3,30,5
78,30,4,1,21
78,30,4,2,4
78,30,4,3,1
78,30,4,4,8
78,30,4,5,14
78,30,4,6,5
78,30,4,7,23
78,30,4,8,18
78,30,4,9,15
78,30,4,10,29
78,30,4,11,27
78,30,4,12,17
78,30,4,13,22
78,30,4,14,6
78,30,4,15,25
78,30,4,16,19
78,30,4,17,9
78,30,4,18,16
78,30,4,19,3
78,30,4,20,11
78,30,4,21,12
78,30,4,22,2
78,30,4,23,28
78,30,4,24,30
78,30,4,25,10
78,30,4,26,20
78,30,4,27,24
78,30,4,28,7
78,30,4,29,13
78,30,4,30,26
78,30,5,1,23
78,30,5,2,13
78,30,5,3,22
78,30,5,4,2
78,30,5,5,17
78,30,5,6,14
78,30,5,7,30
78,30,5,8,10
78,30,5,9,15
78,30,5,10,18
78,30,5,11,11
78,30,5,12,19
78,30,5,13,21
78,30,5,14,16
78,30,5,15,6
78,30,5,16,9
78,30,5,17,8
78,30,5,18,4
78,30,5,19,1
78,30,5,20,24
78,30,5,21,12
78,30,5,22,27
78,30,5,23,5
78,30,5,24,20
78,30,5,25,29
78,30,5,26,7
78,30,5,27,26
78,30,5,28,28
78,30,5,29,25
78,30,5,30,3
78,30,6,1,30
78,30,6,2,10
78,30,6,3,20
78,30,6,4,16
78,30,6,5,8
78,30,6,6,13
78,30,6,7,4
78,30,6,8,14
78,30,6,9,22
78,30,6,10,11
78,30,6,11,25
78,30,6,12,23
78,30,6,13,5
78,30,6,14,6
78,30,6,15,2
78,30,6,16,29
78,30,6,17,3
78,30,6,18,7
78,30,6,19,9
78,30,6,20,12
78,30,6,21,1
78,30,6,22,24
78,30,6,23,26
78,30,6,24,15
78,30,6,25,21
78,30,6,26,19
78,30,6,27,28
78,30,6,28,18
78,30,6,29,27
78,30,6,30,17
78,30,7,1,28
78,30,7,2,2
78,30,7,3,5
78,30,7,4,29
78,30,7,5,9
78,30,7,6,25
78,30,7,7,10
78,30,7,8,30
78,30,7,9,11
78,30,7,10,4
78,30,7,11,18
78,30,7,12,8
78,30,7,13,23
78,30,7,14,27
78,30,7,15,20
78,30,7,16,7
78,30,7,17,22
78,30,7,18,24
78,30,7,19,14
78,30,7,20,6
78,30,7,21,1
78,30,7,22,26
78,30,7,23,3
78,30,7,24,13
78,30,7,25,16
78,30,7,26,19
78,30,7,27,17
78,30,7,28,21
78,30,7,29,15
78,30,7,30,12
78,30,8,1,5
78,30,8,2,16
78,30,8,3,13
78,30,8,4,2
78,30,8,5,20
78,30,8,6,8
78,30,8,7,7
78,30,8,8,24
78,30,8,9,29
78,30,8,10,28
78,30,8,11,15
78,30,8,12,25
78,30,8,13,17
78,30,8,14,19
78,30,8,15,10
78,30,8,16,9
78,30,8,17,6
78,30,8,18,14
78,30,8,19,4
78,30,8,20,12
78,30,8,21,1
78,30,8,22,30
78,30,8,23,21
78,30,8,24,3
78,30,8,25,22
78,30,8,26,11
78,30,8,27,18
78,30,8,28,26
78,30,8,29,27
78,30,8,30,23
78,30,9,1,11
78,30,9,2,5
78,30,9,3,30
78,30,9,4,26
78,30,9,5,16
78,30,9,6,20
78,30,9,7,2
78,30,9,8,13
78,30,9,9,8
78,30,9,10,4
78,30,9,11,3
78,30,9,12,10
78,30,9,13,15
78,30,9,14,7
78,30,9,15,24
78,30,9,16,22
78,30,9,17,9
78,30,9,18,23
78,30,9,19,6
78,30,9,20,27
78,30,9,21,29
78,30,9,22,25
78,30,9,23,1
78,30,9,24,21
78,30,9,25,12
78,30,9,26,19
78,30,9,27,28
78,30,9,28,14
78,30,9,29,18
78,30,9,30,17
79,30,1,1,4
79,30,1,2,1
79,30,1,3,2
79,30,1,4,28
79,30,1,5,13
79,30,1,6,27
79,30,1,7,15
79,30,1,8,18
79,30,1,9,19
79,30,1,10,25
79,30,1,11,30
79,30,1,12,10
79,30,1,13,23
79,30,1,14,21
79,30,1,15,6
79,30,1,16,20
79,30,1,17,26
79,30,1,18,17
79,30,1,19,7
79,30,1,20,5
79,30,1,21,9
79,30,1,22,3
79,30,1,23,24
79,30,1,24,8
79,30,1,25,14
79,30,1,26,29
79,30,1,27,22
79,30,1,28,16
79,30,1,29,11
79,30,1,30,12
79,30,2,1,18
79,30,2,2,25
79,30,2,3,30
79,30,2,4,4
79,30,2,5,19
79,30,2,6,28
79,30,2,7,22
79,30,2,8,12
79,30,2,9,7
79,30,2,10,2
79,30,2,11,9
79,30,2,12,5
79,30,2,13,8
79,30,2,14,13
79,30,2,15,29
79,30,2,16,24
79,30,2,17,3
79,30,2,18,6
79,30,2,19,26
79,30,2,20,11
79,30,2,21,21
79,30,2,22,14
79,30,2,23,27
79,30,2,24,17
79,30,2,25,16
79,30,2,26,15
79,30,2,27,23
79,30,2,28,10
79,30,2,29,1
79,30,2,30,20
79,30,3,1,13
79,30,3,2,30
79,30,3,3,12
79,30,3,4,24
79,30,3,5,8
79,30,3,6,4
79,30,3,7,1
79,30,3,8,11
79,30,3,9,22
79,30,3,10,6
79,30,3,11,10
79,30,3,12,25
79,30,3,13,23
79,30,3,14,26
79,30,3,15,2
79,30,3,16,27
79,30,3,17,29
79,30,3,18,3
79,30,3,19,21
79,30,3,20,16
79,30,3,21,5
79,30,3,22,9
79,30,3,23,17
79,30,3,24,19
79,30,3,25,7
79,30,3,26,28
79,30,3,27,15
79,30,3,28,20
79,30,3,29,14
79,30,3,30,18
79,30,4,1,4
79,30,4,2,1
79,30,4,3,5
79,30,4,4,23
79,30,4,5,18
79,30,4,6,15
79,30,4,7,29
79,30,4,8,27
79,30,4,9,22
79,30,4,10,17
79,30,4,11,6
79,30,4,12,25
79,30,4,13,9
79,30,4,14,19
79,30,4,15,16
79,30,4,16,3
79,30,4,17,2
79,30,4,18,28
79,30,4,19,12
79,30,4,20,11
79,30,4,21,30
79,30,4,22,10
79,30,4,23,20
79,30,4,24,21
79,30,4,25,24
79,30,4,26,7
79,30,4,27,13
79,30,4,28,26
79,30,4,29,14
79,30,4,30,8
79,30,5,1,10
79,30,5,2,18
79,30,5,3,15
79,30,5,4,21
79,30,5,5,16
79,30,5,6,6
79,30,5,7,4
79,30,5,8,1
79,30,5,9,24
79,30,5,10,27
79,30,5,11,5
79,30,5,12,20
79,30,5,13,29
79,30,5,14,12
79,30,5,15,8
79,30,5,16,9
79,30,5,17,19
79,30,5,18,11
79,30,5,19,14
79,30,5,20,7
79,30,5,21,26
79,30,5,22,28
79,30,5,23,25
79,30,5,24,3
79,30,5,25,23
79,30,5,26,13
79,30,5,27,22
79,30,5,28,2
79,30,5,29,17
79,30,5,30,30
79,30,6,1,30
79,30,6,2,10
79,30,6,3,20
79,30,6,4,16
79,30,6,5,8
79,30,6,6,22
79,30,6,7,13
79,30,6,8,4
79,30,6,9,11
79,30,6,10,14
79,30,6,11,25
79,30,6,12,23
79,30,6,13,5
79,30,6,14,6
79,30,6,15,3
79,30,6,16,7
79,30,6,17,29
79,30,6,18,2
79,30,6,19,27
79,30,6,20,17
79,30,6,21,18
79,30,6,22,28
79,30,6,23,19
79,30,6,24,21
79,30,6,25,15
79,30,6,26,9
79,30,6,27,12
79,30,6,28,1
79,30,6,29,26
79,30,6,30,24
79,30,7,1,28
79,30,7,2,2
79,30,7,3,25
79,30,7,4,10
79,30,7,5,30
79,30,7,6,18
79,30,7,7,8
79,30,7,8,23
79,30,7,9,27
79,30,7,10,20
79,30,7,11,7
79,30,7,12,22
79,30,7,13,14
79,30,7,14,24
79,30,7,15,6
79,30,7,16,13
79,30,7,17,16
79,30,7,18,26
79,30,7,19,3
79,30,7,20,1
79,30,7,21,4
79,30,7,22,11
79,30,7,23,9
79,30,7,24,29
79,30,7,25,5
79,30,7,26,12
79,30,7,27,15
79,30,7,28,21
79,30,7,29,19
79,30,7,30,17
79,30,8,1,18
79,30,8,2,22
79,30,8,3,3
79,30,8,4,23
79,30,8,5,26
79,30,8,6,27
79,30,8,7,5
79,30,8,8,16
79,30,8,9,13
79,30,8,10,2
79,30,8,11,20
79,30,8,12,8
79,30,8,13,7
79,30,8,14,24
79,30,8,15,28
79,30,8,16,29
79,30,8,17,15
79,30,8,18,25
79,30,8,19,17
79,30,8,20,1
79,30,8,21,30
79,30,8,22,21
79,30,8,23,12
79,30,8,24,4
79,30,8,25,14
79,30,8,26,6
79,30,8,27,9
79,30,8,28,10
79,30,8,29,19
79,30,8,30,11
79,30,9,1,14
79,30,9,2,11
79,30,9,3,17
79,30,9,4,18
79,30,9,5,28
79,30,9,6,12
79,30,9,7,1
79,30,9,8,21
79,30,9,9,7
79,30,9,10,24
79,30,9,11,22
79,30,9,12,5
79,30,9,13,30
79,30,9,14,26
79,30,9,15,16
79,30,9,16,20
79,30,9,17,15
79,30,9,18,10
79,30,9,19,2
79,30,9,20,13
79,30,9,21,8
79,30,9,22,4
79,30,9,23,3
79,30,9,24,9
79,30,9,25,23
79,30,9,26,6
79,30,9,27,27
79,30,9,28,29
79,30,9,29,25
79,30,9,30,19
80,30,1,1,2
80,30,1,2,13
80,30,1,3,18
80,30,1,4,19
80,30,1,5,15
80,30,1,6,27
80,30,1,7,6
80,30,1,8,20
80,30,1,9,26
80,30,1,10,17
80,30,1,11,7
80,30,1,12,5
80,30,1,13,24
80,30,1,14,8
80,30,1,15,4
80,30,1,16,14
80,30,1,17,9
80,30,1,18,3
80,30,1,19,21
80,30,1,20,23
80,30,1,21,29
80,30,1,22,10
80,30,1,23,30
80,30,1,24,25
80,30,1,25,22
80,30,1,26,28
80,30,1,27,16
80,30,1,28,11
80,30,1,29,12
80,30,1,30,1
80,30,2,1,16
80,30,2,2,23
80,30,2,3,1
80,30,2,4,18
80,30,2,5,20
80,30,2,6,11
80,30,2,7,28
80,30,2,8,25
80,30,2,9,30
80,30,2,10,4
80,30,2,11,19
80,30,2,12,22
80,30,2,13,12
80,30,2,14,7
80,30,2,15,2
80,30,2,16,9
80,30,2,17,5
80,30,2,18,8
80,30,2,19,24
80,30,2,20,29
80,30,2,21,13
80,30,2,22,17
80,30,2,23,27
80,30,2,24,3
80,30,2,25,6
80,30,2,26,26
80,30,2,27,21
80,30,2,28,14
80,30,2,29,10
80,30,2,30,15
80,30,3,1,5
80,30,3,2,9
80,30,3,3,19
80,30,3,4,7
80,30,3,5,28
80,30,3,6,15
80,30,3,7,13
80,30,3,8,30
80,30,3,9,12
80,30,3,10,1
80,30,3,11,11
80,30,3,12,22
80,30,3,13,6
80,30,3,14,10
80,30,3,15,4
80,30,3,16,8
80,30,3,17,24
80,30,3,18,20
80,30,3,19,14
80,30,3,20,18
80,30,3,21,23
80,30,3,22,25
80,30,3,23,17
80,30,3,24,26
80,30,3,25,2
80,30,3,26,29
80,30,3,27,16
80,30,3,28,27
80,30,3,29,3
80,30,3,30,21
80,30,4,1,21
80,30,4,2,4
80,30,4,3,1
80,30,4,4,5
80,30,4,5,23
80,30,4,6,6
80,30,4,7,25
80,30,4,8,19
80,30,4,9,9
80,30,4,10,17
80,30,4,11,22
80,30,4,12,27
80,30,4,13,29
80,30,4,14,2
80,30,4,15,16
80,30,4,16,3
80,30,4,17,11
80,30,4,18,30
80,30,4,19,12
80,30,4,20,28
80,30,4,21,10
80,30,4,22,20
80,30,4,23,7
80,30,4,24,24
80,30,4,25,18
80,30,4,26,15
80,30,4,27,14
80,30,4,28,26
80,30,4,29,13
80,30,4,30,8
80,30,5,1,15
80,30,5,2,21
80,30,5,3,16
80,30,5,4,6
80,30,5,5,4
80,30,5,6,1
80,30,5,7,24
80,30,5,8,27
80,30,5,9,5
80,30,5,10,20
80,30,5,11,29
80,30,5,12,12
80,30,5,13,7
80,30,5,14,28
80,30,5,15,25
80,30,5,16,26
80,30,5,17,3
80,30,5,18,23
80,30,5,19,13
80,30,5,20,22
80,30,5,21,2
80,30,5,22,17
80,30,5,23,14
80,30,5,24,8
80,30,5,25,9
80,30,5,26,19
80,30,5,27,11
80,30,5,28,30
80,30,5,29,10
80,30,5,30,18
80,30,6,1,30
80,30,6,2,10
80,30,6,3,20
80,30,6,4,16
80,30,6,5,8
80,30,6,6,13
80,30,6,7,4
80,30,6,8,14
80,30,6,9,25
80,30,6,10,23
80,30,6,11,5
80,30,6,12,7
80,30,6,13,1
80,30,6,14,24
80,30,6,15,26
80,30,6,16,12
80,30,6,17,9
80,30,6,18,15
80,30,6,19,21
80,30,6,20,19
80,30,6,21,28
80,30,6,22,18
80,30,6,23,2
80,30,6,24,29
80,30,6,25,3
80,30,6,26,6
80,30,6,27,11
80,30,6,28,22
80,30,6,29,27
80,30,6,30,17
80,30,7,1,2
80,30,7,2,15
80,30,7,3,12
80,30,7,4,1
80,30,7,5,5
80,30,7,6,29
80,30,7,7,9
80,30,7,8,25
80,30,7,9,10
80,30,7,10,30
80,30,7,11,11
80,30,7,12,4
80,30,7,13,18
80,30,7,14,8
80,30,7,15,23
80,30,7,16,27
80,30,7,17,20
80,30,7,18,7
80,30,7,19,22
80,30,7,20,24
80,30,7,21,14
80,30,7,22,6
80,30,7,23,26
80,30,7,24,3
80,30,7,25,13
80,30,7,26,16
80,30,7,27,19
80,30,7,28,17
80,30,7,29,21
80,30,7,30,28
80,30,8,1,18
80,30,8,2,26
80,30,8,3,27
80,30,8,4,5
80,30,8,5,16
80,30,8,6,13
80,30,8,7,2
80,30,8,8,20
80,30,8,9,8
80,30,8,10,7
80,30,8,11,24
80,30,8,12,29
80,30,8,13,28
80,30,8,14,15
80,30,8,15,25
80,30,8,16,17
80,30,8,17,19
80,30,8,18,10
80,30,8,19,9
80,30,8,20,6
80,30,8,21,14
80,30,8,22,4
80,30,8,23,12
80,30,8,24,1
80,30,8,25,30
80,30,8,26,23
80,30,8,27,21
80,30,8,28,3
80,30,8,29,22
80,30,8,30,11
80,30,9,1,11
80,30,9,2,5
80,30,9,3,30
80,30,9,4,26
80,30,9,5,16
80,30,9,6,20
80,30,9,7,2
80,30,9,8,13
80,30,9,9,8
80,30,9,10,4
80,30,9,11,3
80,30,9,12,10
80,30,9,13,9
80,30,9,14,23
80,30,9,15,6
80,30,9,16,27
80,30,9,17,29
80,30,9,18,25
80,30,9,19,19
80,30,9,20,12
80,30,9,21,1
80,30,9,22,15
80,30,9,23,21
80,30,9,24,28
80,30,9,25,7
80,30,9,26,24
80,30,9,27,22
80,30,9,28,14
80,30,9,29,18
80,30,9,30,17
81,30,1,1,29
81,30,1,2,23
81,30,1,3,21
81,30,1,4,3
81,30,1,5,5
81,30,1,6,9
81,30,1,7,7
81,30,1,8,17
81,30,1,9,26
81,30,1,10,20
81,30,1,11,6
81,30,1,12,27
81,30,1,13,15
81,30,1,14,19
81,30,1,15,18
81,30,1,16,25
81,30,1,17,30
81,30,1,18,10
81,30,1,19,13
81,30,1,20,22
81,30,1,21,28
81,30,1,22,16
81,30,1,23,2
81,30,1,24,11
81,30,1,25,1
81,30,1,26,12
81,30,1,27,4
81,30,1,28,8
81,30,1,29,24
81,30,1,30,14
81,30,2,1,5
81,30,2,2,9
81,30,2,3,2
81,30,2,4,7
81,30,2,5,12
81,30,2,6,22
81,30,2,7,19
81,30,2,8,4
81,30,2,9,30
81,30,2,10,25
81,30,2,11,28
81,30,2,12,8
81,30,2,13,13
81,30,2,14,29
81,30,2,15,24
81,30,2,16,3
81,30,2,17,6
81,30,2,18,26
81,30,2,19,11
81,30,2,20,21
81,30,2,21,14
81,30,2,22,27
81,30,2,23,17
81,30,2,24,16
81,30,2,25,15
81,30,2,26,23
81,30,2,27,1
81,30,2,28,10
81,30,2,29,18
81,30,2,30,20
81,30,3,1,19
81,30,3,2,7
81,30,3,3,28
81,30,3,4,15
81,30,3,5,13
81,30,3,6,1
81,30,3,7,11
81,30,3,8,22
81,30,3,9,6
81,30,3,10,8
81,30,3,11,4
81,30,3,12,12
81,30,3,13,30
81,30,3,14,20
81,30,3,15,14
81,30,3,16,24
81,30,3,17,18
81,30,3,18,10
81,30,3,19,2
81,30,3,20,23
81,30,3,21,25
81,30,3,22,26
81,30,3,23,17
81,30,3,24,9
81,30,3,25,29
81,30,3,26,27
81,30,3,27,3
81,30,3,28,21
81,30,3,29,16
81,30,3,30,5
81,30,4,1,21
81,30,4,2,7
81,30,4,3,24
81,30,4,4,20
81,30,4,5,10
81,30,4,6,28
81,30,4,7,12
81,30,4,8,30
81,30,4,9,11
81,30,4,10,2
81,30,4,11,3
81,30,4,12,16
81,30,4,13,29
81,30,4,14,19
81,30,4,15,9
81,30,4,16,17
81,30,4,17,27
81,30,4,18,22
81,30,4,19,25
81,30,4,20,6
81,30,4,21,15
81,30,4,22,18
81,30,4,23,23
81,30,4,24,5
81,30,4,25,1
81,30,4,26,4
81,30,4,27,8
81,30,4,28,14
81,30,4,29,26
81,30,4,30,13
81,30,5,1,21
81,30,5,2,15
81,30,5,3,18
81,30,5,4,10
81,30,5,5,30
81,30,5,6,14
81,30,5,7,17
81,30,5,8,2
81,30,5,9,22
81,30,5,10,13
81,30,5,11,23
81,30,5,12,3
81,30,5,13,25
81,30,5,14,28
81,30,5,15,26
81,30,5,16,7
81,30,5,17,12
81,30,5,18,29
81,30,5,19,27
81,30,5,20,20
81,30,5,21,5
81,30,5,22,24
81,30,5,23,8
81,30,5,24,9
81,30,5,25,19
81,30,5,26,11
81,30,5,27,16
81,30,5,28,6
81,30,5,29,4
81,30,5,30,1
81,30,6,1,30
81,30,6,2,10
81,30,6,3,20
81,30,6,4,16
81,30,6,5,8
81,30,6,6,13
81,30,6,7,4
81,30,6,8,14
81,30,6,9,25
81,30,6,10,23
81,30,6,11,5
81,30,6,12,11
81,30,6,13,22
81,30,6,14,6
81,30,6,15,17
81,30,6,16,27
81,30,6,17,3
81,30,6,18,7
81,30,6,19,29
81,30,6,20,2
81,30,6,21,1
81,30,6,22,24
81,30,6,23,26
81,30,6,24,12
81,30,6,25,9
81,30,6,26,15
81,30,6,27,21
81,30,6,28,19
81,30,6,29,28
81,30,6,30,18
81,30,7,1,16
81,30,7,2,13
81,30,7,3,24
81,30,7,4,14
81,30,7,5,6
81,30,7,6,22
81,30,7,7,7
81,30,7,8,20
81,30,7,9,23
81,30,7,10,27
81,30,7,11,8
81,30,7,12,18
81,30,7,13,4
81,30,7,14,26
81,30,7,15,3
81,30,7,16,1
81,30,7,17,11
81,30,7,18,30
81,30,7,19,10
81,30,7,20,25
81,30,7,21,9
81,30,7,22,2
81,30,7,23,28
81,30,7,24,29
81,30,7,25,5
81,30,7,26,12
81,30,7,27,15
81,30,7,28,21
81,30,7,29,17
81,30,7,30,19
81,30,8,1,11
81,30,8,2,4
81,30,8,3,14
81,30,8,4,6
81,30,8,5,9
81,30,8,6,10
81,30,8,7,19
81,30,8,8,17
81,30,8,9,25
81,30,8,10,15
81,30,8,11,12
81,30,8,12,22
81,30,8,13,3
81,30,8,14,26
81,30,8,15,27
81,30,8,16,23
81,30,8,17,21
81,30,8,18,30
81,30,8,19,1
81,30,8,20,20
81,30,8,21,28
81,30,8,22,29
81,30,8,23,24
81,30,8,24,7
81,30,8,25,8
81,30,8,26,2
81,30,8,27,13
81,30,8,28,16
81,30,8,29,5
81,30,8,30,18
81,30,9,1,11
81,30,9,2,5
81,30,9,3,30
81,30,9,4,26
81,30,9,5,22
81,30,9,6,24
81,30,9,7,7
81,30,9,8,16
81,30,9,9,20
81,30,9,10,8
81,30,9,11,13
81,30,9,12,2
81,30,9,13,15
81,30,9,14,10
81,30,9,15,4
81,30,9,16,3
81,30,9,17,9
81,30,9,18,23
81,30,9,19,6
81,30,9,20,27
81,30,9,21,29
81,30,9,22,25
81,30,9,23,19
81,30,9,24,12
81,30,9,25,1
81,30,9,26,21
81,30,9,27,28
81,30,9,28,14
81,30,9,29,18
81,30,9,30,17
82,30,1,1,8
82,30,1,2,24
82,30,1,3,7
82,30,1,4,17
82,30,1,5,26
82,30,1,6,20
82,30,1,7,6
82,30,1,8,19
82,30,1,9,27
82,30,1,10,15
82,30,1,11,18
82,30,1,12,13
82,30,1,13,25
82,30,1,14,30
82,30,1,15,10
82,30,1,16,23
82,30,1,17,21
82,30,1,18,3
82,30,1,19,9
82,30,1,20,5
82,30,1,21,14
82,30,1,22,29
82,30,1,23,22
82,30,1,24,28
82,30,1,25,16
82,30,1,26,2
82,30,1,27,11
82,30,1,28,1
82,30,1,29,12
82,30,1,30,4
82,30,2,1,13
82,30,2,2,17
82,30,2,3,16
82,30,2,4,27
82,30,2,5,15
82,30,2,6,23
82,30,2,7,1
82,30,2,8,10
82,30,2,9,20
82,30,2,10,18
82,30,2,11,25
82,30,2,12,30
82,30,2,13,4
82,30,2,14,19
82,30,2,15,22
82,30,2,16,12
82,30,2,17,7
82,30,2,18,2
82,30,2,19,9
82,30,2,20,5
82,30,2,21,8
82,30,2,22,24
82,30,2,23,3
82,30,2,24,6
82,30,2,25,26
82,30,2,26,28
82,30,2,27,11
82,30,2,28,21
82,30,2,29,14
82,30,2,30,29
82,30,3,1,10
82,30,3,2,6
82,30,3,3,22
82,30,3,4,11
82,30,3,5,1
82,30,3,6,4
82,30,3,7,8
82,30,3,8,18
82,30,3,9,24
82,30,3,10,12
82,30,3,11,30
82,30,3,12,13
82,30,3,13,28
82,30,3,14,15
82,30,3,15,20
82,30,3,16,14
82,30,3,17,7
82,30,3,18,25
82,30,3,19,23
82,30,3,20,26
82,30,3,21,17
82,30,3,22,19
82,30,3,23,9
82,30,3,24,5
82,30,3,25,21
82,30,3,26,16
82,30,3,27,3
82,30,3,28,29
82,30,3,29,27
82,30,3,30,2
82,30,4,1,30
82,30,4,2,10
82,30,4,3,20
82,30,4,4,21
82,30,4,5,7
82,30,4,6,24
82,30,4,7,13
82,30,4,8,26
82,30,4,9,14
82,30,4,10,8
82,30,4,11,4
82,30,4,12,1
82,30,4,13,5
82,30,4,14,23
82,30,4,15,18
82,30,4,16,15
82,30,4,17,28
82,30,4,18,29
82,30,4,19,27
82,30,4,20,17
82,30,4,21,22
82,30,4,22,6
82,30,4,23,25
82,30,4,24,19
82,30,4,25,9
82,30,4,26,16
82,30,4,27,3
82,30,4,28,11
82,30,4,29,2
82,30,4,30,12
82,30,5,1,10
82,30,5,2,30
82,30,5,3,17
82,30,5,4,2
82,30,5,5,22
82,30,5,6,13
82,30,5,7,23
82,30,5,8,3
82,30,5,9,14
82,30,5,10,25
82,30,5,11,28
82,30,5,12,26
82,30,5,13,7
82,30,5,14,12
82,30,5,15,29
82,30,5,16,20
82,30,5,17,5
82,30,5,18,27
82,30,5,19,24
82,30,5,20,1
82,30,5,21,4
82,30,5,22,6
82,30,5,23,8
82,30,5,24,9
82,30,5,25,16
82,30,5,26,21
82,30,5,27,19
82,30,5,28,11
82,30,5,29,18
82,30,5,30,15
82,30,6,1,29
82,30,6,2,27
82,30,6,3,17
82,30,6,4,30
82,30,6,5,10
82,30,6,6,20
82,30,6,7,16
82,30,6,8,8
82,30,6,9,22
82,30,6,10,13
82,30,6,11,11
82,30,6,12,4
82,30,6,13,14
82,30,6,14,25
82,30,6,15,23
82,30,6,16,5
82,30,6,17,6
82,30,6,18,3
82,30,6,19,7
82,30,6,20,1
82,30,6,21,24
82,30,6,22,26
82,30,6,23,12
82,30,6,24,9
82,30,6,25,15
82,30,6,26,21
82,30,6,27,19
82,30,6,28,28
82,30,6,29,18
82,30,6,30,2
82,30,7,1,26
82,30,7,2,3
82,30,7,3,19
82,30,7,4,17
82,30,7,5,21
82,30,7,6,15
82,30,7,7,12
82,30,7,8,28
82,30,7,9,2
82,30,7,10,1
82,30,7,11,5
82,30,7,12,29
82,30,7,13,9
82,30,7,14,25
82,30,7,15,10
82,30,7,16,11
82,30,7,17,30
82,30,7,18,4
82,30,7,19,18
82,30,7,20,8
82,30,7,21,27
82,30,7,22,23
82,30,7,23,20
82,30,7,24,14
82,30,7,25,24
82,30,7,26,16
82,30,7,27,13
82,30,7,28,7
82,30,7,29,22
82,30,7,30,6
82,30,8,1,15
82,30,8,2,25
82,30,8,3,17
82,30,8,4,6
82,30,8,5,9
82,30,8,6,10
82,30,8,7,19
82,30,8,8,11
82,30,8,9,18
82,30,8,10,26
82,30,8,11,27
82,30,8,12,5
82,30,8,13,16
82,30,8,14,13
82,30,8,15,2
82,30,8,16,23
82,30,8,17,21
82,30,8,18,3
82,30,8,19,22
82,30,8,20,14
82,30,8,21,4
82,30,8,22,12
82,30,8,23,1
82,30,8,24,30
82,30,8,25,20
82,30,8,26,8
82,30,8,27,28
82,30,8,28,7
82,30,8,29,24
82,30,8,30,29
82,30,9,1,21
82,30,9,2,1
82,30,9,3,12
82,30,9,4,19
82,30,9,5,25
82,30,9,6,29
82,30,9,7,27
82,30,9,8,6
82,30,9,9,23
82,30,9,10,9
82,30,9,11,3
82,30,9,12,4
82,30,9,13,8
82,30,9,14,13
82,30,9,15,2
82,30,9,16,10
82,30,9,17,15
82,30,9,18,20
82,30,9,19,16
82,30,9,20,26
82,30,9,21,30
82,30,9,22,5
82,30,9,23,7
82,30,9,24,24
82,30,9,25,22
82,30,9,26,17
82,30,9,27,11
82,30,9,28,18
82,30,9,29,14
82,30,9,30,28
1,40,1,1,3
1,40,1,2,38
1,40,1,3,36
1,40,1,4,5
1,40,1,5,14
1,40,1,6,1
1,40,1,7,33
1,40,1,8,22
1,40,1,9,18
1,40,1,10,37
1,40,1,11,24
1,40,1,12,7
1,40,1,13,23
1,40,1,14,19
1,40,1,15,28
1,40,1,16,15
1,40,1,17,17
1,40,1,18,27
1,40,1,19,10
1,40,1,20,16
1,40,1,21,8
1,40,1,22,12
1,40,1,23,29
1,40,1,24,35
1,40,1,25,6
1,40,1,26,32
1,40,1,27,20
1,40,1,28,25
1,40,1,29,11
1,40,1,30,13
1,40,1,31,26
1,40,1,32,2
1,40,1,33,39
1,40,1,34,40
1,40,1,35,34
1,40,1,36,9
1,40,1,37,21
1,40,1,38,31
1,40,1,39,30
1,40,1,40,4
1,40,2,1,15
1,40,2,2,33
1,40,2,3,10
1,40,2,4,29
1,40,2,5,22
1,40,2,6,38
1,40,2,7,18
1,40,2,8,7
1,40,2,9,9
1,40,2,10,21
1,40,2,11,32
1,40,2,12,11
1,40,2,13,28
1,40,2,14,24
1,40,2,15,40
1,40,2,16,8
1,40,2,17,4
1,40,2,18,23
1,40,2,19,20
1,40,2,20,12
1,40,2,21,35
1,40,2,22,17
1,40,2,23,6
1,40,2,24,1
1,40,2,25,13
1,40,2,26,19
1,40,2,27,27
1,40,2,28,31
1,40,2,29,30
1,40,2,30,16
1,40,2,31,37
1,40,2,32,2
1,40,2,33,14
1,40,2,34,3
1,40,2,35,5
1,40,2,36,26
1,40,2,37,36
1,40,2,38,25
1,40,2,39,34
1,40,2,40,39
1,40,3,1,30
1,40,3,2,6
1,40,3,3,27
1,40,3,4,24
1,40,3,5,31
1,40,3,6,9
1,40,3,7,25
1,40,3,8,23
1,40,3,9,39
1,40,3,10,13
1,40,3,11,4
1,40,3,12,12
1,40,3,13,22
1,40,3,14,36
1,40,3,15,40
1,40,3,16,17
1,40,3,17,37
1,40,3,18,1
1,40,3,19,15
1,40,3,20,16
1,40,3,21,3
1,40,3,22,18
1,40,3,23,2
1,40,3,24,38
1,40,3,25,20
1,40,3,26,32
1,40,3,27,7
1,40,3,28,29
1,40,3,29,21
1,40,3,30,28
1,40,3,31,34
1,40,3,32,11
1,40,3,33,35
1,40,3,34,19
1,40,3,35,5
1,40,3,36,8
1,40,3,37,33
1,40,3,38,10
1,40,3,39,26
1,40,3,40,14
1,40,4,1,16
1,40,4,2,32
1,40,4,3,20
1,40,4,4,7
1,40,4,5,6
1,40,4,6,30
1,40,4,7,26
1,40,4,8,10
1,40,4,9,39
1,40,4,10,25
1,40,4,11,37
1,40,4,12,11
1,40,4,13,5
1,40,4,14,13
1,40,4,15,28
1,40,4,16,17
1,40,4,17,21
1,40,4,18,14
1,40,4,19,2
1,40,4,20,12
1,40,4,21,1
1,40,4,22,18
1,40,4,23,29
1,40,4,24,24
1,40,4,25,31
1,40,4,26,4
1,40,4,27,34
1,40,4,28,23
1,40,4,29,38
1,40,4,30,9
1,40,4,31,15
1,40,4,32,27
1,40,4,33,22
1,40,4,34,8
1,40,4,35,36
1,40,4,36,19
1,40,4,37,33
1,40,4,38,3
1,40,4,39,35
1,40,4,40,40
1,40,5,1,18
1,40,5,2,6
1,40,5,3,19
1,40,5,4,23
1,40,5,5,39
1,40,5,6,30
1,40,5,7,40
1,40,5,8,15
1,40,5,9,38
1,40,5,10,25
1,40,5,11,24
1,40,5,12,2
1,40,5,13,36
1,40,5,14,5
1,40,5,15,27
1,40,5,16,9
1,40,5,17,20
1,40,5,18,33
1,40,5,19,13
1,40,5,20,4
1,40,5,21,28
1,40,5,22,16
1,40,5,23,31
1,40,5,24,7
1,40,5,25,21
1,40,5,26,3
1,40,5,27,8
1,40,5,28,26
1,40,5,29,32
1,40,5,30,1
1,40,5,31,10
1,40,5,32,14
1,40,5,33,29
1,40,5,34,37
1,40,5,35,12
1,40,5,36,17
1,40,5,37,22
1,40,5,38,34
1,40,5,39,11
1,40,5,40,35
1,40,6,1,8
1,40,6,2,1
1,40,6,3,27
1,40,6,4,36
1,40,6,5,5
1,40,6,6,14
1,40,6,7,18
1,40,6,8,9
1,40,6,9,31
1,40,6,10,6
1,40,6,11,28
1,40,6,12,40
1,40,6,13,35
1,40,6,14,38
1,40,6,15,34
1,40,6,16,10
1,40,6,17,16
1,40,6,18,15
1,40,6,19,4
1,40,6,20,17
1,40,6,21,20
1,40,6,22,22
1,40,6,23,25
1,40,6,24,39
1,40,6,25,30
1,40,6,26,7
1,40,6,27,32
1,40,6,28,23
1,40,6,29,3
1,40,6,30,29
1,40,6,31,37
1,40,6,32,19
1,40,6,33,21
1,40,6,34,33
1,40,6,35,24
1,40,6,36,13
1,40,6,37,12
1,40,6,38,2
1,40,6,39,26
1,40,6,40,11
1,40,7,1,17
1,40,7,2,23
1,40,7,3,5
1,40,7,4,33
1,40,7,5,21
1,40,7,6,16
1,40,7,7,20
1,40,7,8,22
1,40,7,9,6
1,40,7,10,40
1,40,7,11,11
1,40,7,12,34
1,40,7,13,30
1,40,7,14,13
1,40,7,15,39
1,40,7,16,10
1,40,7,17,24
1,40,7,18,26
1,40,7,19,25
1,40,7,20,27
1,40,7,21,29
1,40,7,22,37
1,40,7,23,3
1,40,7,24,35
1,40,7,25,32
1,40,7,26,18
1,40,7,27,4
1,40,7,28,1
1,40,7,29,2
1,40,7,30,7
1,40,7,31,15
1,40,7,32,31
1,40,7,33,8
1,40,7,34,19
1,40,7,35,9
1,40,7,36,36
1,40,7,37,12
1,40,7,38,14
1,40,7,39,28
1,40,7,40,38
1,40,8,1,6
1,40,8,2,19
1,40,8,3,39
1,40,8,4,5
1,40,8,5,33
1,40,8,6,34
1,40,8,7,20
1,40,8,8,37
1,40,8,9,24
1,40,8,10,4
1,40,8,11,38
1,40,8,12,7
1,40,8,13,9
1,40,8,14,18
1,40,8,15,14
1,40,8,16,28
1,40,8,17,10
1,40,8,18,35
1,40,8,19,40
1,40,8,20,26
1,40,8,21,27
1,40,8,22,32
1,40,8,23,36
1,40,8,24,21
1,40,8,25,11
1,40,8,26,1
1,40,8,27,29
1,40,8,28,15
1,40,8,29,30
1,40,8,30,23
1,40,8,31,13
1,40,8,32,12
1,40,8,33,31
1,40,8,34,25
1,40,8,35,17
1,40,8,36,8
1,40,8,37,3
1,40,8,38,22
1,40,8,39,2
1,40,8,40,16
1,40,9,1,27
1,40,9,2,16
1,40,9,3,34
1,40,9,4,5
1,40,9,5,18
1,40,9,6,36
1,40,9,7,28
1,40,9,8,4
1,40,9,9,22
1,40,9,10,9
1,40,9,11,31
1,40,9,12,8
1,40,9,13,32
1,40,9,14,19
1,40,9,15,2
1,40,9,16,23
1,40,9,17,13
1,40,9,18,14
1,40,9,19,3
1,40,9,20,38
1,40,9,21,39
1,40,9,22,12
1,40,9,23,21
1,40,9,24,37
1,40,9,25,40
1,40,9,26,24
1,40,9,27,17
1,40,9,28,1
1,40,9,29,25
1,40,9,30,6
1,40,9,31,20
1,40,9,32,29
1,40,9,33,11
1,40,9,34,7
1,40,9,35,33
1,40,9,36,35
1,40,9,37,30
1,40,9,38,10
1,40,9,39,26
1,40,9,40,15
2,40,1,1,27
2,40,1,2,9
2,40,1,3,21
2,40,1,4,1
2,40,1,5,14
2,40,1,6,31
2,40,1,7,30
2,40,1,8,5
2,40,1,9,36
2,40,1,10,38
2,40,1,11,3
2,40,1,12,4
2,40,1,13,34
2,40,1,14,40
2,40,1,15,39
2,40,1,16,2
2,40,1,17,26
2,40,1,18,13
2,40,1,19,11
2,40,1,20,25
2,40,1,21,20
2,40,1,22,29
2,40,1,23,35
2,40,1,24,12
2,40,1,25,6
2,40,1,26,32
2,40,1,27,8
2,40,1,28,16
2,40,1,29,17
2,40,1,30,28
2,40,1,31,19
2,40,1,32,23
2,40,1,33,33
2,40,1,34,22
2,40,1,35,7
2,40,1,36,15
2,40,1,37,18
2,40,1,38,24
2,40,1,39,37
2,40,1,40,10
2,40,2,1,15
2,40,2,2,33
2,40,2,3,10
2,40,2,4,29
2,40,2,5,22
2,40,2,6,38
2,40,2,7,11
2,40,2,8,32
2,40,2,9,7
2,40,2,10,18
2,40,2,11,9
2,40,2,12,21
2,40,2,13,20
2,40,2,14,12
2,40,2,15,35
2,40,2,16,17
2,40,2,17,31
2,40,2,18,27
2,40,2,19,19
2,40,2,20,6
2,40,2,21,23
2,40,2,22,4
2,40,2,23,13
2,40,2,24,1
2,40,2,25,30
2,40,2,26,16
2,40,2,27,37
2,40,2,28,2
2,40,2,29,14
2,40,2,30,26
2,40,2,31,36
2,40,2,32,25
2,40,2,33,34
2,40,2,34,5
2,40,2,35,3
2,40,2,36,8
2,40,2,37,40
2,40,2,38,24
2,40,2,39,28
2,40,2,40,39
2,40,3,1,26
2,40,3,2,14
2,40,3,3,31
2,40,3,4,24
2,40,3,5,27
2,40,3,6,6
2,40,3,7,30
2,40,3,8,18
2,40,3,9,2
2,40,3,10,9
2,40,3,11,25
2,40,3,12,3
2,40,3,13,16
2,40,3,14,15
2,40,3,15,23
2,40,3,16,1
2,40,3,17,37
2,40,3,18,17
2,40,3,19,40
2,40,3,20,36
2,40,3,21,4
2,40,3,22,12
2,40,3,23,22
2,40,3,24,39
2,40,3,25,13
2,40,3,26,28
2,40,3,27,34
2,40,3,28,11
2,40,3,29,21
2,40,3,30,29
2,40,3,31,35
2,40,3,32,19
2,40,3,33,5
2,40,3,34,8
2,40,3,35,7
2,40,3,36,33
2,40,3,37,32
2,40,3,38,20
2,40,3,39,38
2,40,3,40,10
2,40,4,1,18
2,40,4,2,34
2,40,4,3,23
2,40,4,4,38
2,40,4,5,9
2,40,4,6,15
2,40,4,7,22
2,40,4,8,27
2,40,4,9,8
2,40,4,10,36
2,40,4,11,19
2,40,4,12,33
2,40,4,13,32
2,40,4,14,20
2,40,4,15,7
2,40,4,16,6
2,40,4,17,16
2,40,4,18,30
2,40,4,19,39
2,40,4,20,10
2,40,4,21,26
2,40,4,22,3
2,40,4,23,35
2,40,4,24,40
2,40,4,25,37
2,40,4,26,25
2,40,4,27,11
2,40,4,28,5
2,40,4,29,2
2,40,4,30,12
2,40,4,31,1
2,40,4,32,14
2,40,4,33,13
2,40,4,34,28
2,40,4,35,17
2,40,4,36,21
2,40,4,37,4
2,40,4,38,31
2,40,4,39,24
2,40,4,40,29
2,40,5,1,18
2,40,5,2,39
2,40,5,3,38
2,40,5,4,20
2,40,5,5,7
2,40,5,6,21
2,40,5,7,3
2,40,5,8,37
2,40,5,9,12
2,40,5,10,17
2,40,5,11,22
2,40,5,12,35
2,40,5,13,6
2,40,5,14,19
2,40,5,15,30
2,40,5,16,40
2,40,5,17,15
2,40,5,18,25
2,40,5,19,24
2,40,5,20,27
2,40,5,21,9
2,40,5,22,13
2,40,5,23,33
2,40,5,24,31
2,40,5,25,8
2,40,5,26,26
2,40,5,27,16
2,40,5,28,4
2,40,5,29,28
2,40,5,30,32
2,40,5,31,1
2,40,5,32,29
2,40,5,33,14
2,40,5,34,10
2,40,5,35,5
2,40,5,36,2
2,40,5,37,36
2,40,5,38,11
2,40,5,39,34
2,40,5,40,23
2,40,6,1,3
2,40,6,2,29
2,40,6,3,6
2,40,6,4,40
2,40,6,5,28
2,40,6,6,10
2,40,6,7,15
2,40,6,8,16
2,40,6,9,4
2,40,6,10,17
2,40,6,11,20
2,40,6,12,22
2,40,6,13,34
2,40,6,14,38
2,40,6,15,35
2,40,6,16,32
2,40,6,17,7
2,40,6,18,30
2,40,6,19,39
2,40,6,20,25
2,40,6,21,11
2,40,6,22,26
2,40,6,23,2
2,40,6,24,12
2,40,6,25,13
2,40,6,26,8
2,40,6,27,1
2,40,6,28,27
2,40,6,29,36
2,40,6,30,14
2,40,6,31,31
2,40,6,32,5
2,40,6,33,18
2,40,6,34,9
2,40,6,35,21
2,40,6,36,19
2,40,6,37,33
2,40,6,38,24
2,40,6,39,23
2,40,6,40,37
2,40,7,1,21
2,40,7,2,33
2,40,7,3,5
2,40,7,4,23
2,40,7,5,17
2,40,7,6,18
2,40,7,7,4
2,40,7,8,1
2,40,7,9,32
2,40,7,10,35
2,40,7,11,2
2,40,7,12,7
2,40,7,13,15
2,40,7,14,31
2,40,7,15,8
2,40,7,16,19
2,40,7,17,9
2,40,7,18,36
2,40,7,19,12
2,40,7,20,14
2,40,7,21,40
2,40,7,22,11
2,40,7,23,34
2,40,7,24,30
2,40,7,25,13
2,40,7,26,24
2,40,7,27,26
2,40,7,28,25
2,40,7,29,27
2,40,7,30,3
2,40,7,31,37
2,40,7,32,29
2,40,7,33,39
2,40,7,34,10
2,40,7,35,22
2,40,7,36,6
2,40,7,37,28
2,40,7,38,20
2,40,7,39,16
2,40,7,40,38
2,40,8,1,36
2,40,8,2,21
2,40,8,3,11
2,40,8,4,1
2,40,8,5,29
2,40,8,6,15
2,40,8,7,23
2,40,8,8,30
2,40,8,9,13
2,40,8,10,12
2,40,8,11,31
2,40,8,12,25
2,40,8,13,17
2,40,8,14,8
2,40,8,15,2
2,40,8,16,3
2,40,8,17,22
2,40,8,18,39
2,40,8,19,6
2,40,8,20,19
2,40,8,21,24
2,40,8,22,4
2,40,8,23,38
2,40,8,24,7
2,40,8,25,9
2,40,8,26,18
2,40,8,27,35
2,40,8,28,10
2,40,8,29,28
2,40,8,30,14
2,40,8,31,26
2,40,8,32,40
2,40,8,33,27
2,40,8,34,32
2,40,8,35,20
2,40,8,36,34
2,40,8,37,37
2,40,8,38,5
2,40,8,39,33
2,40,8,40,16
2,40,9,1,30
2,40,9,2,7
2,40,9,3,17
2,40,9,4,40
2,40,9,5,24
2,40,9,6,1
2,40,9,7,25
2,40,9,8,6
2,40,9,9,11
2,40,9,10,33
2,40,9,11,10
2,40,9,12,26
2,40,9,13,15
2,40,9,14,35
2,40,9,15,20
2,40,9,16,29
2,40,9,17,27
2,40,9,18,16
2,40,9,19,34
2,40,9,20,2
2,40,9,21,14
2,40,9,22,13
2,40,9,23,23
2,40,9,24,19
2,40,9,25,5
2,40,9,26,18
2,40,9,27,36
2,40,9,28,32
2,40,9,29,28
2,40,9,30,4
2,40,9,31,8
2,40,9,32,22
2,40,9,33,31
2,40,9,34,9
2,40,9,35,3
2,40,9,36,38
2,40,9,37,37
2,40,9,38,21
2,40,9,39,12
2,40,9,40,39
3,40,1,1,3
3,40,1,2,38
3,40,1,3,14
3,40,1,4,1
3,40,1,5,21
3,40,1,6,9
3,40,1,7,33
3,40,1,8,22
3,40,1,9,23
3,40,1,10,19
3,40,1,11,7
3,40,1,12,18
3,40,1,13,37
3,40,1,14,24
3,40,1,15,15
3,40,1,16,28
3,40,1,17,27
3,40,1,18,10
3,40,1,19,17
3,40,1,20,16
3,40,1,21,8
3,40,1,22,32
3,40,1,23,6
3,40,1,24,12
3,40,1,25,35
3,40,1,26,29
3,40,1,27,20
3,40,1,28,25
3,40,1,29,11
3,40,1,30,13
3,40,1,31,26
3,40,1,32,2
3,40,1,33,39
3,40,1,34,40
3,40,1,35,34
3,40,1,36,31
3,40,1,37,4
3,40,1,38,30
3,40,1,39,5
3,40,1,40,36
3,40,2,1,17
3,40,2,2,35
3,40,2,3,12
3,40,2,4,6
3,40,2,5,20
3,40,2,6,23
3,40,2,7,27
3,40,2,8,19
3,40,2,9,13
3,40,2,10,1
3,40,2,11,30
3,40,2,12,16
3,40,2,13,37
3,40,2,14,2
3,40,2,15,14
3,40,2,16,26
3,40,2,17,5
3,40,2,18,36
3,40,2,19,34
3,40,2,20,25
3,40,2,21,15
3,40,2,22,33
3,40,2,23,10
3,40,2,24,29
3,40,2,25,39
3,40,2,26,3
3,40,2,27,28
3,40,2,28,8
3,40,2,29,40
3,40,2,30,24
3,40,2,31,4
3,40,2,32,22
3,40,2,33,38
3,40,2,34,11
3,40,2,35,32
3,40,2,36,21
3,40,2,37,9
3,40,2,38,7
3,40,2,39,18
3,40,2,40,31
3,40,3,1,30
3,40,3,2,18
3,40,3,3,3
3,40,3,4,16
3,40,3,5,15
3,40,3,6,1
3,40,3,7,17
3,40,3,8,37
3,40,3,9,40
3,40,3,10,36
3,40,3,11,4
3,40,3,12,12
3,40,3,13,22
3,40,3,14,23
3,40,3,15,39
3,40,3,16,13
3,40,3,17,34
3,40,3,18,28
3,40,3,19,11
3,40,3,20,21
3,40,3,21,29
3,40,3,22,35
3,40,3,23,19
3,40,3,24,5
3,40,3,25,8
3,40,3,26,7
3,40,3,27,33
3,40,3,28,10
3,40,3,29,32
3,40,3,30,20
3,40,3,31,38
3,40,3,32,26
3,40,3,33,14
3,40,3,34,25
3,40,3,35,9
3,40,3,36,31
3,40,3,37,24
3,40,3,38,27
3,40,3,39,6
3,40,3,40,2
3,40,4,1,9
3,40,4,2,15
3,40,4,3,27
3,40,4,4,22
3,40,4,5,8
3,40,4,6,36
3,40,4,7,19
3,40,4,8,33
3,40,4,9,32
3,40,4,10,7
3,40,4,11,6
3,40,4,12,20
3,40,4,13,16
3,40,4,14,30
3,40,4,15,26
3,40,4,16,10
3,40,4,17,39
3,40,4,18,25
3,40,4,19,37
3,40,4,20,11
3,40,4,21,40
3,40,4,22,3
3,40,4,23,35
3,40,4,24,23
3,40,4,25,34
3,40,4,26,18
3,40,4,27,29
3,40,4,28,24
3,40,4,29,31
3,40,4,30,1
3,40,4,31,12
3,40,4,32,2
3,40,4,33,4
3,40,4,34,14
3,40,4,35,13
3,40,4,36,5
3,40,4,37,28
3,40,4,38,17
3,40,4,39,21
3,40,4,40,38
3,40,5,1,6
3,40,5,2,19
3,40,5,3,39
3,40,5,4,30
3,40,5,5,40
3,40,5,6,15
3,40,5,7,38
3,40,5,8,25
3,40,5,9,24
3,40,5,10,2
3,40,5,11,27
3,40,5,12,9
3,40,5,13,20
3,40,5,14,33
3,40,5,15,13
3,40,5,16,4
3,40,5,17,28
3,40,5,18,16
3,40,5,19,31
3,40,5,20,7
3,40,5,21,21
3,40,5,22,3
3,40,5,23,8
3,40,5,24,26
3,40,5,25,32
3,40,5,26,1
3,40,5,27,29
3,40,5,28,14
3,40,5,29,10
3,40,5,30,5
3,40,5,31,36
3,40,5,32,37
3,40,5,33,12
3,40,5,34,11
3,40,5,35,34
3,40,5,36,17
3,40,5,37,22
3,40,5,38,35
3,40,5,39,23
3,40,5,40,18
3,40,6,1,27
3,40,6,2,36
3,40,6,3,5
3,40,6,4,14
3,40,6,5,18
3,40,6,6,31
3,40,6,7,9
3,40,6,8,6
3,40,6,9,28
3,40,6,10,15
3,40,6,11,10
3,40,6,12,16
3,40,6,13,4
3,40,6,14,17
3,40,6,15,20
3,40,6,16,22
3,40,6,17,34
3,40,6,18,38
3,40,6,19,35
3,40,6,20,32
3,40,6,21,7
3,40,6,22,30
3,40,6,23,25
3,40,6,24,39
3,40,6,25,11
3,40,6,26,26
3,40,6,27,2
3,40,6,28,24
3,40,6,29,23
3,40,6,30,3
3,40,6,31,40
3,40,6,32,29
3,40,6,33,33
3,40,6,34,19
3,40,6,35,37
3,40,6,36,21
3,40,6,37,13
3,40,6,38,12
3,40,6,39,8
3,40,6,40,1
3,40,7,1,26
3,40,7,2,30
3,40,7,3,24
3,40,7,4,13
3,40,7,5,34
3,40,7,6,11
3,40,7,7,40
3,40,7,8,9
3,40,7,9,19
3,40,7,10,8
3,40,7,11,36
3,40,7,12,12
3,40,7,13,31
3,40,7,14,15
3,40,7,15,7
3,40,7,16,2
3,40,7,17,4
3,40,7,18,18
3,40,7,19,1
3,40,7,20,32
3,40,7,21,35
3,40,7,22,17
3,40,7,23,23
3,40,7,24,5
3,40,7,25,33
3,40,7,26,21
3,40,7,27,38
3,40,7,28,28
3,40,7,29,14
3,40,7,30,6
3,40,7,31,22
3,40,7,32,20
3,40,7,33,16
3,40,7,34,39
3,40,7,35,10
3,40,7,36,29
3,40,7,37,37
3,40,7,38,27
3,40,7,39,3
3,40,7,40,25
3,40,8,1,29
3,40,8,2,1
3,40,8,3,30
3,40,8,4,23
3,40,8,5,11
3,40,8,6,13
3,40,8,7,21
3,40,8,8,12
3,40,8,9,31
3,40,8,10,25
3,40,8,11,17
3,40,8,12,8
3,40,8,13,3
3,40,8,14,2
3,40,8,15,22
3,40,8,16,6
3,40,8,17,19
3,40,8,18,39
3,40,8,19,16
3,40,8,20,20
3,40,8,21,34
3,40,8,22,33
3,40,8,23,25
3,40,8,24,5
3,40,8,25,37
3,40,8,26,4
3,40,8,27,38
3,40,8,28,7
3,40,8,29,9
3,40,8,30,18
3,40,8,31,36
3,40,8,32,14
3,40,8,33,28
3,40,8,34,10
3,40,8,35,35
3,40,8,36,40
3,40,8,37,26
3,40,8,38,32
3,40,8,39,27
3,40,8,40,15
3,40,9,1,10
3,40,9,2,26
3,40,9,3,15
3,40,9,4,27
3,40,9,5,16
3,40,9,6,34
3,40,9,7,5
3,40,9,8,18
3,40,9,9,36
3,40,9,10,28
3,40,9,11,4
3,40,9,12,22
3,40,9,13,8
3,40,9,14,31
3,40,9,15,9
3,40,9,16,3
3,40,9,17,32
3,40,9,18,19
3,40,9,19,38
3,40,9,20,39
3,40,9,21,12
3,40,9,22,21
3,40,9,23,37
3,40,9,24,40
3,40,9,25,24
3,40,9,26,17
3,40,9,27,1
3,40,9,28,23
3,40,9,29,2
3,40,9,30,13
3,40,9,31,14
3,40,9,32,25
3,40,9,33,6
3,40,9,34,20
3,40,9,35,29
3,40,9,36,35
3,40,9,37,11
3,40,9,38,33
3,40,9,39,7
3,40,9,40,30
4,40,1,1,1
4,40,1,2,2
4,40,1,3,3
4,40,1,4,4
4,40,1,5,38
4,40,1,6,5
4,40,1,7,6
4,40,1,8,36
4,40,1,9,35
4,40,1,10,7
4,40,1,11,40
4,40,1,12,11
4,40,1,13,8
4,40,1,14,9
4,40,1,15,12
4,40,1,16,10
4,40,1,17,16
4,40,1,18,13
4,40,1,19,15
4,40,1,20,14
4,40,1,21,20
4,40,1,22,19
4,40,1,23,17
4,40,1,24,18
4,40,1,25,22
4,40,1,26,23
4,40,1,27,24
4,40,1,28,25
4,40,1,29,26
4,40,1,30,21
4,40,1,31,27
4,40,1,32,28
4,40,1,33,29
4,40,1,34,30
4,40,1,35,31
4,40,1,36,32
4,40,1,37,33
4,40,1,38,34
4,40,1,39,37
4,40,1,40,39
4,40,2,1,1
4,40,2,2,2
4,40,2,3,3
4,40,2,4,4
4,40,2,5,5
4,40,2,6,6
4,40,2,7,7
4,40,2,8,9
4,40,2,9,10
4,40,2,10,8
4,40,2,11,11
4,40,2,12,12
4,40,2,13,18
4,40,2,14,17
4,40,2,15,16
4,40,2,16,14
4,40,2,17,13
4,40,2,18,40
4,40,2,19,15
4,40,2,20,23
4,40,2,21,24
4,40,2,22,25
4,40,2,23,20
4,40,2,24,19
4,40,2,25,22
4,40,2,26,21
4,40,2,27,27
4,40,2,28,26
4,40,2,29,28
4,40,2,30,30
4,40,2,31,29
4,40,2,32,31
4,40,2,33,32
4,40,2,34,39
4,40,2,35,38
4,40,2,36,33
4,40,2,37,34
4,40,2,38,37
4,40,2,39,35
4,40,2,40,36
4,40,3,1,5
4,40,3,2,6
4,40,3,3,7
4,40,3,4,10
4,40,3,5,8
4,40,3,6,9
4,40,3,7,11
4,40,3,8,21
4,40,3,9,12
4,40,3,10,13
4,40,3,11,14
4,40,3,12,15
4,40,3,13,16
4,40,3,14,17
4,40,3,15,18
4,40,3,16,19
4,40,3,17,20
4,40,3,18,28
4,40,3,19,29
4,40,3,20,30
4,40,3,21,31
4,40,3,22,32
4,40,3,23,33
4,40,3,24,34
4,40,3,25,35
4,40,3,26,27
4,40,3,27,36
4,40,3,28,26
4,40,3,29,37
4,40,3,30,25
4,40,3,31,23
4,40,3,32,22
4,40,3,33,24
4,40,3,34,4
4,40,3,35,3
4,40,3,36,2
4,40,3,37,40
4,40,3,38,38
4,40,3,39,39
4,40,3,40,1
4,40,4,1,1
4,40,4,2,2
4,40,4,3,3
4,40,4,4,6
4,40,4,5,5
4,40,4,6,4
4,40,4,7,7
4,40,4,8,8
4,40,4,9,9
4,40,4,10,14
4,40,4,11,18
4,40,4,12,19
4,40,4,13,20
4,40,4,14,17
4,40,4,15,16
4,40,4,16,15
4,40,4,17,13
4,40,4,18,12
4,40,4,19,21
4,40,4,20,22
4,40,4,21,11
4,40,4,22,23
4,40,4,23,24
4,40,4,24,25
4,40,4,25,26
4,40,4,26,27
4,40,4,27,28
4,40,4,28,29
4,40,4,29,30
4,40,4,30,31
4,40,4,31,32
4,40,4,32,37
4,40,4,33,36
4,40,4,34,35
4,40,4,35,34
4,40,4,36,33
4,40,4,37,10
4,40,4,38,40
4,40,4,39,38
4,40,4,40,39
4,40,5,1,9
4,40,5,2,10
4,40,5,3,11
4,40,5,4,12
4,40,5,5,13
4,40,5,6,14
4,40,5,7,15
4,40,5,8,16
4,40,5,9,17
4,40,5,10,18
4,40,5,11,19
4,40,5,12,21
4,40,5,13,20
4,40,5,14,26
4,40,5,15,22
4,40,5,16,23
4,40,5,17,24
4,40,5,18,25
4,40,5,19,27
4,40,5,20,28
4,40,5,21,29
4,40,5,22,30
4,40,5,23,31
4,40,5,24,32
4,40,5,25,8
4,40,5,26,7
4,40,5,27,4
4,40,5,28,33
4,40,5,29,34
4,40,5,30,35
4,40,5,31,37
4,40,5,32,36
4,40,5,33,38
4,40,5,34,39
4,40,5,35,40
4,40,5,36,3
4,40,5,37,2
4,40,5,38,1
4,40,5,39,5
4,40,5,40,6
4,40,6,1,3
4,40,6,2,4
4,40,6,3,5
4,40,6,4,6
4,40,6,5,7
4,40,6,6,8
4,40,6,7,9
4,40,6,8,11
4,40,6,9,10
4,40,6,10,13
4,40,6,11,14
4,40,6,12,15
4,40,6,13,16
4,40,6,14,12
4,40,6,15,17
4,40,6,16,18
4,40,6,17,19
4,40,6,18,20
4,40,6,19,21
4,40,6,20,22
4,40,6,21,23
4,40,6,22,27
4,40,6,23,24
4,40,6,24,25
4,40,6,25,26
4,40,6,26,39
4,40,6,27,40
4,40,6,28,30
4,40,6,29,29
4,40,6,30,28
4,40,6,31,32
4,40,6,32,31
4,40,6,33,33
4,40,6,34,34
4,40,6,35,35
4,40,6,36,36
4,40,6,37,37
4,40,6,38,38
4,40,6,39,1
4,40,6,40,2
4,40,7,1,1
4,40,7,2,3
4,40,7,3,2
4,40,7,4,5
4,40,7,5,4
4,40,7,6,6
4,40,7,7,7
4,40,7,8,8
4,40,7,9,9
4,40,7,10,10
4,40,7,11,11
4,40,7,12,27
4,40,7,13,26
4,40,7,14,25
4,40,7,15,24
4,40,7,16,23
4,40,7,17,12
4,40,7,18,13
4,40,7,19,14
4,40,7,20,22
4,40,7,21,28
4,40,7,22,29
4,40,7,23,39
4,40,7,24,38
4,40,7,25,30
4,40,7,26,31
4,40,7,27,21
4,40,7,28,16
4,40,7,29,15
4,40,7,30,17
4,40,7,31,20
4,40,7,32,19
4,40,7,33,18
4,40,7,34,32
4,40,7,35,33
4,40,7,36,34
4,40,7,37,36
4,40,7,38,35
4,40,7,39,37
4,40,7,40,40
4,40,8,1,7
4,40,8,2,8
4,40,8,3,9
4,40,8,4,11
4,40,8,5,13
4,40,8,6,14
4,40,8,7,15
4,40,8,8,16
4,40,8,9,17
4,40,8,10,18
4,40,8,11,19
4,40,8,12,20
4,40,8,13,27
4,40,8,14,28
4,40,8,15,29
4,40,8,16,31
4,40,8,17,30
4,40,8,18,32
4,40,8,19,33
4,40,8,20,26
4,40,8,21,21
4,40,8,22,22
4,40,8,23,23
4,40,8,24,24
4,40,8,25,25
4,40,8,26,34
4,40,8,27,35
4,40,8,28,36
4,40,8,29,37
4,40,8,30,38
4,40,8,31,39
4,40,8,32,4
4,40,8,33,12
4,40,8,34,10
4,40,8,35,5
4,40,8,36,40
4,40,8,37,1
4,40,8,38,2
4,40,8,39,3
4,40,8,40,6
4,40,9,1,2
4,40,9,2,3
4,40,9,3,4
4,40,9,4,5
4,40,9,5,6
4,40,9,6,7
4,40,9,7,8
4,40,9,8,9
4,40,9,9,10
4,40,9,10,11
4,40,9,11,12
4,40,9,12,13
4,40,9,13,14
4,40,9,14,15
4,40,9,15,16
4,40,9,16,18
4,40,9,17,17
4,40,9,18,19
4,40,9,19,20
4,40,9,20,21
4,40,9,21,22
4,40,9,22,23
4,40,9,23,24
4,40,9,24,25
4,40,9,25,26
4,40,9,26,27
4,40,9,27,28
4,40,9,28,36
4,40,9,29,39
4,40,9,30,40
4,40,9,31,38
4,40,9,32,37
4,40,9,33,35
4,40,9,34,34
4,40,9,35,29
4,40,9,36,30
4,40,9,37,33
4,40,9,38,32
4,40,9,39,31
4,40,9,40,1
5,40,1,1,39
5,40,1,2,40
5,40,1,3,34
5,40,1,4,31
5,40,1,5,4
5,40,1,6,3
5,40,1,7,38
5,40,1,8,36
5,40,1,9,5
5,40,1,10,30
5,40,1,11,14
5,40,1,12,1
5,40,1,13,21
5,40,1,14,9
5,40,1,15,37
5,40,1,16,24
5,40,1,17,18
5,40,1,18,22
5,40,1,19,33
5,40,1,20,23
5,40,1,21,19
5,40,1,22,7
5,40,1,23,15
5,40,1,24,28
5,40,1,25,17
5,40,1,26,16
5,40,1,27,27
5,40,1,28,10
5,40,1,29,8
5,40,1,30,32
5,40,1,31,6
5,40,1,32,12
5,40,1,33,29
5,40,1,34,35
5,40,1,35,20
5,40,1,36,25
5,40,1,37,11
5,40,1,38,13
5,40,1,39,26
5,40,1,40,2
5,40,2,1,15
5,40,2,2,33
5,40,2,3,10
5,40,2,4,29
5,40,2,5,22
5,40,2,6,38
5,40,2,7,18
5,40,2,8,7
5,40,2,9,9
5,40,2,10,21
5,40,2,11,32
5,40,2,12,11
5,40,2,13,28
5,40,2,14,24
5,40,2,15,40
5,40,2,16,8
5,40,2,17,4
5,40,2,18,23
5,40,2,19,20
5,40,2,20,12
5,40,2,21,35
5,40,2,22,17
5,40,2,23,6
5,40,2,24,1
5,40,2,25,13
5,40,2,26,19
5,40,2,27,31
5,40,2,28,27
5,40,2,29,30
5,40,2,30,16
5,40,2,31,37
5,40,2,32,2
5,40,2,33,14
5,40,2,34,26
5,40,2,35,5
5,40,2,36,3
5,40,2,37,39
5,40,2,38,34
5,40,2,39,25
5,40,2,40,36
5,40,3,1,4
5,40,3,2,12
5,40,3,3,13
5,40,3,4,22
5,40,3,5,36
5,40,3,6,17
5,40,3,7,37
5,40,3,8,40
5,40,3,9,39
5,40,3,10,1
5,40,3,11,23
5,40,3,12,15
5,40,3,13,16
5,40,3,14,25
5,40,3,15,26
5,40,3,16,14
5,40,3,17,9
5,40,3,18,3
5,40,3,19,18
5,40,3,20,30
5,40,3,21,2
5,40,3,22,6
5,40,3,23,27
5,40,3,24,24
5,40,3,25,31
5,40,3,26,38
5,40,3,27,20
5,40,3,28,32
5,40,3,29,7
5,40,3,30,33
5,40,3,31,10
5,40,3,32,8
5,40,3,33,5
5,40,3,34,19
5,40,3,35,29
5,40,3,36,21
5,40,3,37,35
5,40,3,38,11
5,40,3,39,34
5,40,3,40,28
5,40,4,1,11
5,40,4,2,5
5,40,4,3,28
5,40,4,4,17
5,40,4,5,21
5,40,4,6,13
5,40,4,7,14
5,40,4,8,4
5,40,4,9,31
5,40,4,10,24
5,40,4,11,29
5,40,4,12,2
5,40,4,13,12
5,40,4,14,1
5,40,4,15,18
5,40,4,16,34
5,40,4,17,23
5,40,4,18,38
5,40,4,19,9
5,40,4,20,15
5,40,4,21,27
5,40,4,22,22
5,40,4,23,8
5,40,4,24,36
5,40,4,25,19
5,40,4,26,33
5,40,4,27,3
5,40,4,28,35
5,40,4,29,40
5,40,4,30,16
5,40,4,31,32
5,40,4,32,20
5,40,4,33,7
5,40,4,34,6
5,40,4,35,39
5,40,4,36,30
5,40,4,37,10
5,40,4,38,26
5,40,4,39,37
5,40,4,40,25
5,40,5,1,21
5,40,5,2,3
5,40,5,3,8
5,40,5,4,26
5,40,5,5,16
5,40,5,6,28
5,40,5,7,32
5,40,5,8,1
5,40,5,9,10
5,40,5,10,14
5,40,5,11,29
5,40,5,12,37
5,40,5,13,12
5,40,5,14,17
5,40,5,15,22
5,40,5,16,34
5,40,5,17,11
5,40,5,18,35
5,40,5,19,18
5,40,5,20,6
5,40,5,21,23
5,40,5,22,19
5,40,5,23,39
5,40,5,24,30
5,40,5,25,36
5,40,5,26,5
5,40,5,27,2
5,40,5,28,40
5,40,5,29,15
5,40,5,30,38
5,40,5,31,25
5,40,5,32,24
5,40,5,33,27
5,40,5,34,9
5,40,5,35,4
5,40,5,36,13
5,40,5,37,33
5,40,5,38,20
5,40,5,39,31
5,40,5,40,7
5,40,6,1,8
5,40,6,2,13
5,40,6,3,12
5,40,6,4,2
5,40,6,5,26
5,40,6,6,11
5,40,6,7,39
5,40,6,8,25
5,40,6,9,30
5,40,6,10,7
5,40,6,11,24
5,40,6,12,33
5,40,6,13,19
5,40,6,14,21
5,40,6,15,37
5,40,6,16,23
5,40,6,17,32
5,40,6,18,22
5,40,6,19,20
5,40,6,20,17
5,40,6,21,4
5,40,6,22,34
5,40,6,23,38
5,40,6,24,35
5,40,6,25,3
5,40,6,26,29
5,40,6,27,40
5,40,6,28,16
5,40,6,29,15
5,40,6,30,10
5,40,6,31,28
5,40,6,32,6
5,40,6,33,31
5,40,6,34,14
5,40,6,35,9
5,40,6,36,18
5,40,6,37,5
5,40,6,38,36
5,40,6,39,27
5,40,6,40,1
5,40,7,1,40
5,40,7,2,11
5,40,7,3,6
5,40,7,4,22
5,40,7,5,20
5,40,7,6,16
5,40,7,7,38
5,40,7,8,28
5,40,7,9,14
5,40,7,10,12
5,40,7,11,36
5,40,7,12,9
5,40,7,13,19
5,40,7,14,8
5,40,7,15,31
5,40,7,16,15
5,40,7,17,7
5,40,7,18,2
5,40,7,19,4
5,40,7,20,18
5,40,7,21,1
5,40,7,22,32
5,40,7,23,35
5,40,7,24,17
5,40,7,25,23
5,40,7,26,5
5,40,7,27,33
5,40,7,28,21
5,40,7,29,3
5,40,7,30,37
5,40,7,31,29
5,40,7,32,27
5,40,7,33,25
5,40,7,34,26
5,40,7,35,10
5,40,7,36,39
5,40,7,37,24
5,40,7,38,13
5,40,7,39,30
5,40,7,40,34
5,40,8,1,40
5,40,8,2,26
5,40,8,3,27
5,40,8,4,32
5,40,8,5,11
5,40,8,6,1
5,40,8,7,29
5,40,8,8,15
5,40,8,9,30
5,40,8,10,23
5,40,8,11,13
5,40,8,12,12
5,40,8,13,31
5,40,8,14,25
5,40,8,15,17
5,40,8,16,8
5,40,8,17,3
5,40,8,18,22
5,40,8,19,2
5,40,8,20,16
5,40,8,21,39
5,40,8,22,6
5,40,8,23,19
5,40,8,24,24
5,40,8,25,4
5,40,8,26,38
5,40,8,27,7
5,40,8,28,18
5,40,8,29,9
5,40,8,30,37
5,40,8,31,5
5,40,8,32,33
5,40,8,33,34
5,40,8,34,20
5,40,8,35,36
5,40,8,36,21
5,40,8,37,14
5,40,8,38,28
5,40,8,39,10
5,40,8,40,35
5,40,9,1,16
5,40,9,2,34
5,40,9,3,5
5,40,9,4,18
5,40,9,5,36
5,40,9,6,28
5,40,9,7,4
5,40,9,8,8
5,40,9,9,22
5,40,9,10,9
5,40,9,11,31
5,40,9,12,32
5,40,9,13,19
5,40,9,14,2
5,40,9,15,23
5,40,9,16,13
5,40,9,17,14
5,40,9,18,39
5,40,9,19,38
5,40,9,20,3
5,40,9,21,12
5,40,9,22,21
5,40,9,23,37
5,40,9,24,40
5,40,9,25,24
5,40,9,26,17
5,40,9,27,1
5,40,9,28,25
5,40,9,29,6
5,40,9,30,20
5,40,9,31,29
5,40,9,32,35
5,40,9,33,33
5,40,9,34,11
5,40,9,35,7
5,40,9,36,30
5,40,9,37,10
5,40,9,38,26
5,40,9,39,15
5,40,9,40,27
6,40,1,1,37
6,40,1,2,22
6,40,1,3,33
6,40,1,4,1
6,40,1,5,14
6,40,1,6,5
6,40,1,7,36
6,40,1,8,38
6,40,1,9,3
6,40,1,10,4
6,40,1,11,30
6,40,1,12,31
6,40,1,13,21
6,40,1,14,9
6,40,1,15,34
6,40,1,16,40
6,40,1,17,39
6,40,1,18,2
6,40,1,19,26
6,40,1,20,13
6,40,1,21,11
6,40,1,22,25
6,40,1,23,20
6,40,1,24,32
6,40,1,25,6
6,40,1,26,29
6,40,1,27,35
6,40,1,28,12
6,40,1,29,8
6,40,1,30,27
6,40,1,31,10
6,40,1,32,16
6,40,1,33,17
6,40,1,34,15
6,40,1,35,28
6,40,1,36,19
6,40,1,37,23
6,40,1,38,7
6,40,1,39,18
6,40,1,40,24
6,40,2,1,14
6,40,2,2,2
6,40,2,3,37
6,40,2,4,16
6,40,2,5,30
6,40,2,6,27
6,40,2,7,31
6,40,2,8,17
6,40,2,9,35
6,40,2,10,12
6,40,2,11,6
6,40,2,12,19
6,40,2,13,13
6,40,2,14,1
6,40,2,15,8
6,40,2,16,28
6,40,2,17,24
6,40,2,18,40
6,40,2,19,4
6,40,2,20,23
6,40,2,21,20
6,40,2,22,21
6,40,2,23,9
6,40,2,24,7
6,40,2,25,18
6,40,2,26,38
6,40,2,27,32
6,40,2,28,11
6,40,2,29,22
6,40,2,30,29
6,40,2,31,10
6,40,2,32,33
6,40,2,33,15
6,40,2,34,25
6,40,2,35,34
6,40,2,36,39
6,40,2,37,3
6,40,2,38,5
6,40,2,39,36
6,40,2,40,26
6,40,3,1,14
6,40,3,2,31
6,40,3,3,24
6,40,3,4,27
6,40,3,5,6
6,40,3,6,2
6,40,3,7,30
6,40,3,8,18
6,40,3,9,3
6,40,3,10,9
6,40,3,11,25
6,40,3,12,16
6,40,3,13,15
6,40,3,14,23
6,40,3,15,1
6,40,3,16,37
6,40,3,17,40
6,40,3,18,17
6,40,3,19,36
6,40,3,20,4
6,40,3,21,12
6,40,3,22,22
6,40,3,23,13
6,40,3,24,39
6,40,3,25,34
6,40,3,26,28
6,40,3,27,11
6,40,3,28,35
6,40,3,29,21
6,40,3,30,29
6,40,3,31,19
6,40,3,32,5
6,40,3,33,10
6,40,3,34,33
6,40,3,35,8
6,40,3,36,7
6,40,3,37,32
6,40,3,38,20
6,40,3,39,38
6,40,3,40,26
6,40,4,1,3
6,40,4,2,36
6,40,4,3,8
6,40,4,4,22
6,40,4,5,15
6,40,4,6,38
6,40,4,7,9
6,40,4,8,27
6,40,4,9,19
6,40,4,10,33
6,40,4,11,32
6,40,4,12,20
6,40,4,13,7
6,40,4,14,6
6,40,4,15,16
6,40,4,16,30
6,40,4,17,39
6,40,4,18,10
6,40,4,19,26
6,40,4,20,25
6,40,4,21,37
6,40,4,22,11
6,40,4,23,40
6,40,4,24,1
6,40,4,25,12
6,40,4,26,2
6,40,4,27,5
6,40,4,28,13
6,40,4,29,14
6,40,4,30,28
6,40,4,31,17
6,40,4,32,21
6,40,4,33,4
6,40,4,34,31
6,40,4,35,24
6,40,4,36,29
6,40,4,37,34
6,40,4,38,23
6,40,4,39,18
6,40,4,40,35
6,40,5,1,33
6,40,5,2,16
6,40,5,3,31
6,40,5,4,7
6,40,5,5,21
6,40,5,6,3
6,40,5,7,8
6,40,5,8,26
6,40,5,9,32
6,40,5,10,1
6,40,5,11,14
6,40,5,12,29
6,40,5,13,37
6,40,5,14,12
6,40,5,15,17
6,40,5,16,22
6,40,5,17,34
6,40,5,18,11
6,40,5,19,35
6,40,5,20,23
6,40,5,21,6
6,40,5,22,18
6,40,5,23,19
6,40,5,24,39
6,40,5,25,30
6,40,5,26,40
6,40,5,27,2
6,40,5,28,36
6,40,5,29,10
6,40,5,30,5
6,40,5,31,27
6,40,5,32,24
6,40,5,33,15
6,40,5,34,38
6,40,5,35,25
6,40,5,36,9
6,40,5,37,20
6,40,5,38,13
6,40,5,39,4
6,40,5,40,28
6,40,6,1,3
6,40,6,2,37
6,40,6,3,19
6,40,6,4,21
6,40,6,5,33
6,40,6,6,24
6,40,6,7,13
6,40,6,8,12
6,40,6,9,2
6,40,6,10,26
6,40,6,11,11
6,40,6,12,30
6,40,6,13,39
6,40,6,14,25
6,40,6,15,7
6,40,6,16,32
6,40,6,17,23
6,40,6,18,35
6,40,6,19,38
6,40,6,20,34
6,40,6,21,22
6,40,6,22,20
6,40,6,23,17
6,40,6,24,4
6,40,6,25,16
6,40,6,26,15
6,40,6,27,10
6,40,6,28,28
6,40,6,29,6
6,40,6,30,31
6,40,6,31,14
6,40,6,32,5
6,40,6,33,36
6,40,6,34,27
6,40,6,35,1
6,40,6,36,8
6,40,6,37,18
6,40,6,38,9
6,40,6,39,40
6,40,6,40,29
6,40,7,1,20
6,40,7,2,6
6,40,7,3,22
6,40,7,4,39
6,40,7,5,10
6,40,7,6,26
6,40,7,7,25
6,40,7,8,27
6,40,7,9,29
6,40,7,10,37
6,40,7,11,3
6,40,7,12,23
6,40,7,13,17
6,40,7,14,35
6,40,7,15,32
6,40,7,16,1
6,40,7,17,18
6,40,7,18,4
6,40,7,19,7
6,40,7,20,2
6,40,7,21,15
6,40,7,22,31
6,40,7,23,8
6,40,7,24,19
6,40,7,25,9
6,40,7,26,36
6,40,7,27,40
6,40,7,28,34
6,40,7,29,30
6,40,7,30,24
6,40,7,31,13
6,40,7,32,11
6,40,7,33,12
6,40,7,34,14
6,40,7,35,28
6,40,7,36,38
6,40,7,37,21
6,40,7,38,5
6,40,7,39,33
6,40,7,40,16
6,40,8,1,23
6,40,8,2,30
6,40,8,3,15
6,40,8,4,29
6,40,8,5,1
6,40,8,6,11
6,40,8,7,13
6,40,8,8,12
6,40,8,9,31
6,40,8,10,2
6,40,8,11,25
6,40,8,12,3
6,40,8,13,17
6,40,8,14,8
6,40,8,15,22
6,40,8,16,39
6,40,8,17,5
6,40,8,18,33
6,40,8,19,34
6,40,8,20,20
6,40,8,21,16
6,40,8,22,36
6,40,8,23,21
6,40,8,24,14
6,40,8,25,32
6,40,8,26,27
6,40,8,27,26
6,40,8,28,40
6,40,8,29,28
6,40,8,30,10
6,40,8,31,35
6,40,8,32,18
6,40,8,33,9
6,40,8,34,7
6,40,8,35,37
6,40,8,36,38
6,40,8,37,4
6,40,8,38,24
6,40,8,39,19
6,40,8,40,6
6,40,9,1,13
6,40,9,2,14
6,40,9,3,29
6,40,9,4,35
6,40,9,5,11
6,40,9,6,20
6,40,9,7,33
6,40,9,8,7
6,40,9,9,30
6,40,9,10,10
6,40,9,11,26
6,40,9,12,15
6,40,9,13,27
6,40,9,14,16
6,40,9,15,34
6,40,9,16,5
6,40,9,17,18
6,40,9,18,36
6,40,9,19,28
6,40,9,20,4
6,40,9,21,8
6,40,9,22,22
6,40,9,23,9
6,40,9,24,31
6,40,9,25,32
6,40,9,26,3
6,40,9,27,38
6,40,9,28,21
6,40,9,29,37
6,40,9,30,40
6,40,9,31,24
6,40,9,32,17
6,40,9,33,1
6,40,9,34,25
6,40,9,35,6
6,40,9,36,12
6,40,9,37,39
6,40,9,38,19
6,40,9,39,23
6,40,9,40,2
7,40,1,1,31
7,40,1,2,4
7,40,1,3,30
7,40,1,4,5
7,40,1,5,36
7,40,1,6,3
7,40,1,7,38
7,40,1,8,14
7,40,1,9,1
7,40,1,10,21
7,40,1,11,9
7,40,1,12,22
7,40,1,13,33
7,40,1,14,23
7,40,1,15,19
7,40,1,16,28
7,40,1,17,15
7,40,1,18,7
7,40,1,19,18
7,40,1,20,37
7,40,1,21,27
7,40,1,22,24
7,40,1,23,17
7,40,1,24,16
7,40,1,25,10
7,40,1,26,8
7,40,1,27,6
7,40,1,28,12
7,40,1,29,35
7,40,1,30,29
7,40,1,31,32
7,40,1,32,20
7,40,1,33,25
7,40,1,34,11
7,40,1,35,13
7,40,1,36,26
7,40,1,37,2
7,40,1,38,39
7,40,1,39,40
7,40,1,40,34
7,40,2,1,15
7,40,2,2,33
7,40,2,3,10
7,40,2,4,29
7,40,2,5,22
7,40,2,6,38
7,40,2,7,11
7,40,2,8,32
7,40,2,9,7
7,40,2,10,18
7,40,2,11,9
7,40,2,12,21
7,40,2,13,24
7,40,2,14,40
7,40,2,15,8
7,40,2,16,4
7,40,2,17,23
7,40,2,18,20
7,40,2,19,12
7,40,2,20,6
7,40,2,21,35
7,40,2,22,17
7,40,2,23,19
7,40,2,24,13
7,40,2,25,1
7,40,2,26,27
7,40,2,27,31
7,40,2,28,30
7,40,2,29,16
7,40,2,30,37
7,40,2,31,2
7,40,2,32,14
7,40,2,33,3
7,40,2,34,28
7,40,2,35,39
7,40,2,36,5
7,40,2,37,26
7,40,2,38,34
7,40,2,39,36
7,40,2,40,25
7,40,3,1,39
7,40,3,2,13
7,40,3,3,22
7,40,3,4,12
7,40,3,5,4
7,40,3,6,36
7,40,3,7,40
7,40,3,8,17
7,40,3,9,37
7,40,3,10,1
7,40,3,11,23
7,40,3,12,15
7,40,3,13,16
7,40,3,14,3
7,40,3,15,2
7,40,3,16,18
7,40,3,17,30
7,40,3,18,6
7,40,3,19,27
7,40,3,20,24
7,40,3,21,31
7,40,3,22,9
7,40,3,23,25
7,40,3,24,14
7,40,3,25,26
7,40,3,26,10
7,40,3,27,38
7,40,3,28,20
7,40,3,29,32
7,40,3,30,33
7,40,3,31,8
7,40,3,32,7
7,40,3,33,5
7,40,3,34,19
7,40,3,35,29
7,40,3,36,21
7,40,3,37,35
7,40,3,38,11
7,40,3,39,34
7,40,3,40,28
7,40,4,1,35
7,40,4,2,3
7,40,4,3,36
7,40,4,4,8
7,40,4,5,22
7,40,4,6,15
7,40,4,7,38
7,40,4,8,9
7,40,4,9,27
7,40,4,10,19
7,40,4,11,33
7,40,4,12,16
7,40,4,13,32
7,40,4,14,20
7,40,4,15,7
7,40,4,16,6
7,40,4,17,30
7,40,4,18,39
7,40,4,19,10
7,40,4,20,26
7,40,4,21,25
7,40,4,22,11
7,40,4,23,37
7,40,4,24,40
7,40,4,25,1
7,40,4,26,12
7,40,4,27,2
7,40,4,28,14
7,40,4,29,13
7,40,4,30,5
7,40,4,31,28
7,40,4,32,17
7,40,4,33,21
7,40,4,34,4
7,40,4,35,31
7,40,4,36,24
7,40,4,37,29
7,40,4,38,34
7,40,4,39,23
7,40,4,40,18
7,40,5,1,30
7,40,5,2,39
7,40,5,3,18
7,40,5,4,19
7,40,5,5,6
7,40,5,6,23
7,40,5,7,35
7,40,5,8,11
7,40,5,9,34
7,40,5,10,22
7,40,5,11,17
7,40,5,12,12
7,40,5,13,37
7,40,5,14,29
7,40,5,15,14
7,40,5,16,10
7,40,5,17,1
7,40,5,18,32
7,40,5,19,26
7,40,5,20,8
7,40,5,21,3
7,40,5,22,21
7,40,5,23,7
7,40,5,24,31
7,40,5,25,16
7,40,5,26,28
7,40,5,27,4
7,40,5,28,13
7,40,5,29,33
7,40,5,30,20
7,40,5,31,9
7,40,5,32,27
7,40,5,33,5
7,40,5,34,36
7,40,5,35,2
7,40,5,36,24
7,40,5,37,25
7,40,5,38,38
7,40,5,39,15
7,40,5,40,40
7,40,6,1,8
7,40,6,2,1
7,40,6,3,27
7,40,6,4,36
7,40,6,5,14
7,40,6,6,5
7,40,6,7,18
7,40,6,8,9
7,40,6,9,37
7,40,6,10,29
7,40,6,11,3
7,40,6,12,40
7,40,6,13,6
7,40,6,14,31
7,40,6,15,28
7,40,6,16,10
7,40,6,17,15
7,40,6,18,16
7,40,6,19,34
7,40,6,20,4
7,40,6,21,17
7,40,6,22,20
7,40,6,23,22
7,40,6,24,38
7,40,6,25,35
7,40,6,26,32
7,40,6,27,25
7,40,6,28,39
7,40,6,29,30
7,40,6,30,7
7,40,6,31,23
7,40,6,32,19
7,40,6,33,33
7,40,6,34,24
7,40,6,35,11
7,40,6,36,26
7,40,6,37,2
7,40,6,38,12
7,40,6,39,13
7,40,6,40,21
7,40,7,1,8
7,40,7,2,19
7,40,7,3,9
7,40,7,4,36
7,40,7,5,12
7,40,7,6,14
7,40,7,7,28
7,40,7,8,38
7,40,7,9,21
7,40,7,10,10
7,40,7,11,39
7,40,7,12,16
7,40,7,13,20
7,40,7,14,22
7,40,7,15,6
7,40,7,16,40
7,40,7,17,11
7,40,7,18,34
7,40,7,19,13
7,40,7,20,30
7,40,7,21,24
7,40,7,22,26
7,40,7,23,25
7,40,7,24,27
7,40,7,25,29
7,40,7,26,37
7,40,7,27,3
7,40,7,28,33
7,40,7,29,5
7,40,7,30,23
7,40,7,31,17
7,40,7,32,35
7,40,7,33,32
7,40,7,34,18
7,40,7,35,4
7,40,7,36,1
7,40,7,37,7
7,40,7,38,2
7,40,7,39,15
7,40,7,40,31
7,40,8,1,27
7,40,8,2,32
7,40,8,3,11
7,40,8,4,1
7,40,8,5,29
7,40,8,6,30
7,40,8,7,15
7,40,8,8,23
7,40,8,9,13
7,40,8,10,12
7,40,8,11,31
7,40,8,12,25
7,40,8,13,17
7,40,8,14,8
7,40,8,15,3
7,40,8,16,2
7,40,8,17,22
7,40,8,18,16
7,40,8,19,21
7,40,8,20,36
7,40,8,21,20
7,40,8,22,34
7,40,8,23,33
7,40,8,24,5
7,40,8,25,39
7,40,8,26,6
7,40,8,27,19
7,40,8,28,24
7,40,8,29,4
7,40,8,30,38
7,40,8,31,37
7,40,8,32,7
7,40,8,33,9
7,40,8,34,18
7,40,8,35,14
7,40,8,36,28
7,40,8,37,35
7,40,8,38,10
7,40,8,39,26
7,40,8,40,40
7,40,9,1,27
7,40,9,2,15
7,40,9,3,26
7,40,9,4,10
7,40,9,5,30
7,40,9,6,35
7,40,9,7,33
7,40,9,8,7
7,40,9,9,11
7,40,9,10,29
7,40,9,11,20
7,40,9,12,6
7,40,9,13,25
7,40,9,14,1
7,40,9,15,17
7,40,9,16,24
7,40,9,17,40
7,40,9,18,37
7,40,9,19,21
7,40,9,20,12
7,40,9,21,39
7,40,9,22,14
7,40,9,23,13
7,40,9,24,23
7,40,9,25,2
7,40,9,26,19
7,40,9,27,38
7,40,9,28,3
7,40,9,29,31
7,40,9,30,9
7,40,9,31,22
7,40,9,32,8
7,40,9,33,4
7,40,9,34,28
7,40,9,35,32
7,40,9,36,36
7,40,9,37,18
7,40,9,38,5
7,40,9,39,34
7,40,9,40,16
8,40,1,1,3
8,40,1,2,38
8,40,1,3,36
8,40,1,4,5
8,40,1,5,30
8,40,1,6,14
8,40,1,7,1
8,40,1,8,33
8,40,1,9,22
8,40,1,10,37
8,40,1,11,24
8,40,1,12,18
8,40,1,13,15
8,40,1,14,7
8,40,1,15,23
8,40,1,16,19
8,40,1,17,28
8,40,1,18,17
8,40,1,19,16
8,40,1,20,12
8,40,1,21,29
8,40,1,22,35
8,40,1,23,6
8,40,1,24,32
8,40,1,25,20
8,40,1,26,25
8,40,1,27,11
8,40,1,28,13
8,40,1,29,26
8,40,1,30,2
8,40,1,31,39
8,40,1,32,40
8,40,1,33,34
8,40,1,34,8
8,40,1,35,10
8,40,1,36,27
8,40,1,37,9
8,40,1,38,21
8,40,1,39,31
8,40,1,40,4
8,40,2,1,15
8,40,2,2,33
8,40,2,3,10
8,40,2,4,29
8,40,2,5,22
8,40,2,6,38
8,40,2,7,7
8,40,2,8,18
8,40,2,9,9
8,40,2,10,21
8,40,2,11,32
8,40,2,12,11
8,40,2,13,24
8,40,2,14,28
8,40,2,15,34
8,40,2,16,5
8,40,2,17,14
8,40,2,18,16
8,40,2,19,30
8,40,2,20,19
8,40,2,21,6
8,40,2,22,13
8,40,2,23,1
8,40,2,24,3
8,40,2,25,8
8,40,2,26,40
8,40,2,27,4
8,40,2,28,23
8,40,2,29,20
8,40,2,30,12
8,40,2,31,35
8,40,2,32,17
8,40,2,33,31
8,40,2,34,27
8,40,2,35,37
8,40,2,36,2
8,40,2,37,26
8,40,2,38,36
8,40,2,39,25
8,40,2,40,39
8,40,3,1,30
8,40,3,2,2
8,40,3,3,6
8,40,3,4,27
8,40,3,5,24
8,40,3,6,31
8,40,3,7,9
8,40,3,8,25
8,40,3,9,23
8,40,3,10,39
8,40,3,11,14
8,40,3,12,26
8,40,3,13,10
8,40,3,14,38
8,40,3,15,20
8,40,3,16,32
8,40,3,17,33
8,40,3,18,8
8,40,3,19,5
8,40,3,20,19
8,40,3,21,35
8,40,3,22,29
8,40,3,23,7
8,40,3,24,21
8,40,3,25,11
8,40,3,26,34
8,40,3,27,28
8,40,3,28,13
8,40,3,29,12
8,40,3,30,4
8,40,3,31,22
8,40,3,32,36
8,40,3,33,40
8,40,3,34,37
8,40,3,35,17
8,40,3,36,1
8,40,3,37,15
8,40,3,38,16
8,40,3,39,3
8,40,3,40,18
8,40,4,1,5
8,40,4,2,28
8,40,4,3,17
8,40,4,4,21
8,40,4,5,13
8,40,4,6,14
8,40,4,7,4
8,40,4,8,31
8,40,4,9,24
8,40,4,10,29
8,40,4,11,23
8,40,4,12,34
8,40,4,13,18
8,40,4,14,12
8,40,4,15,2
8,40,4,16,40
8,40,4,17,1
8,40,4,18,35
8,40,4,19,3
8,40,4,20,36
8,40,4,21,8
8,40,4,22,22
8,40,4,23,15
8,40,4,24,38
8,40,4,25,9
8,40,4,26,27
8,40,4,27,19
8,40,4,28,33
8,40,4,29,32
8,40,4,30,20
8,40,4,31,7
8,40,4,32,6
8,40,4,33,16
8,40,4,34,30
8,40,4,35,39
8,40,4,36,10
8,40,4,37,26
8,40,4,38,25
8,40,4,39,37
8,40,4,40,11
8,40,5,1,29
8,40,5,2,14
8,40,5,3,10
8,40,5,4,32
8,40,5,5,28
8,40,5,6,4
8,40,5,7,13
8,40,5,8,9
8,40,5,9,27
8,40,5,10,25
8,40,5,11,38
8,40,5,12,15
8,40,5,13,40
8,40,5,14,39
8,40,5,15,19
8,40,5,16,6
8,40,5,17,18
8,40,5,18,22
8,40,5,19,34
8,40,5,20,11
8,40,5,21,36
8,40,5,22,5
8,40,5,23,2
8,40,5,24,24
8,40,5,25,30
8,40,5,26,23
8,40,5,27,35
8,40,5,28,17
8,40,5,29,12
8,40,5,30,37
8,40,5,31,1
8,40,5,32,3
8,40,5,33,21
8,40,5,34,7
8,40,5,35,31
8,40,5,36,20
8,40,5,37,33
8,40,5,38,16
8,40,5,39,26
8,40,5,40,8
8,40,6,1,1
8,40,6,2,27
8,40,6,3,36
8,40,6,4,5
8,40,6,5,14
8,40,6,6,31
8,40,6,7,6
8,40,6,8,28
8,40,6,9,10
8,40,6,10,15
8,40,6,11,16
8,40,6,12,38
8,40,6,13,34
8,40,6,14,4
8,40,6,15,17
8,40,6,16,20
8,40,6,17,22
8,40,6,18,35
8,40,6,19,32
8,40,6,20,23
8,40,6,21,3
8,40,6,22,40
8,40,6,23,29
8,40,6,24,37
8,40,6,25,19
8,40,6,26,33
8,40,6,27,24
8,40,6,28,7
8,40,6,29,30
8,40,6,30,25
8,40,6,31,39
8,40,6,32,11
8,40,6,33,26
8,40,6,34,2
8,40,6,35,12
8,40,6,36,13
8,40,6,37,21
8,40,6,38,9
8,40,6,39,18
8,40,6,40,8
8,40,7,1,36
8,40,7,2,12
8,40,7,3,14
8,40,7,4,31
8,40,7,5,7
8,40,7,6,4
8,40,7,7,18
8,40,7,8,1
8,40,7,9,2
8,40,7,10,15
8,40,7,11,8
8,40,7,12,19
8,40,7,13,9
8,40,7,14,40
8,40,7,15,11
8,40,7,16,34
8,40,7,17,13
8,40,7,18,30
8,40,7,19,24
8,40,7,20,26
8,40,7,21,25
8,40,7,22,3
8,40,7,23,17
8,40,7,24,35
8,40,7,25,32
8,40,7,26,23
8,40,7,27,37
8,40,7,28,29
8,40,7,29,27
8,40,7,30,39
8,40,7,31,10
8,40,7,32,22
8,40,7,33,6
8,40,7,34,20
8,40,7,35,16
8,40,7,36,21
8,40,7,37,33
8,40,7,38,5
8,40,7,39,38
8,40,7,40,28
8,40,8,1,17
8,40,8,2,25
8,40,8,3,31
8,40,8,4,12
8,40,8,5,13
8,40,8,6,21
8,40,8,7,14
8,40,8,8,28
8,40,8,9,26
8,40,8,10,32
8,40,8,11,11
8,40,8,12,23
8,40,8,13,30
8,40,8,14,15
8,40,8,15,29
8,40,8,16,1
8,40,8,17,27
8,40,8,18,40
8,40,8,19,10
8,40,8,20,35
8,40,8,21,18
8,40,8,22,7
8,40,8,23,38
8,40,8,24,4
8,40,8,25,24
8,40,8,26,19
8,40,8,27,6
8,40,8,28,39
8,40,8,29,5
8,40,8,30,33
8,40,8,31,34
8,40,8,32,20
8,40,8,33,37
8,40,8,34,9
8,40,8,35,36
8,40,8,36,16
8,40,8,37,2
8,40,8,38,22
8,40,8,39,3
8,40,8,40,8
8,40,9,1,30
8,40,9,2,35
8,40,9,3,33
8,40,9,4,7
8,40,9,5,11
8,40,9,6,25
8,40,9,7,17
8,40,9,8,40
8,40,9,9,37
8,40,9,10,3
8,40,9,11,9
8,40,9,12,22
8,40,9,13,4
8,40,9,14,28
8,40,9,15,36
8,40,9,16,18
8,40,9,17,5
8,40,9,18,34
8,40,9,19,16
8,40,9,20,27
8,40,9,21,2
8,40,9,22,14
8,40,9,23,13
8,40,9,24,23
8,40,9,25,19
8,40,9,26,32
8,40,9,27,8
8,40,9,28,31
8,40,9,29,38
8,40,9,30,39
8,40,9,31,12
8,40,9,32,21
8,40,9,33,24
8,40,9,34,1
8,40,9,35,6
8,40,9,36,20
8,40,9,37,29
8,40,9,38,15
8,40,9,39,26
8,40,9,40,10
9,40,1,1,39
9,40,1,2,2
9,40,1,3,26
9,40,1,4,13
9,40,1,5,11
9,40,1,6,25
9,40,1,7,20
9,40,1,8,29
9,40,1,9,35
9,40,1,10,12
9,40,1,11,6
9,40,1,12,32
9,40,1,13,8
9,40,1,14,16
9,40,1,15,10
9,40,1,16,27
9,40,1,17,17
9,40,1,18,24
9,40,1,19,37
9,40,1,20,18
9,40,1,21,15
9,40,1,22,28
9,40,1,23,19
9,40,1,24,23
9,40,1,25,7
9,40,1,26,22
9,40,1,27,33
9,40,1,28,9
9,40,1,29,21
9,40,1,30,1
9,40,1,31,14
9,40,1,32,38
9,40,1,33,3
9,40,1,34,36
9,40,1,35,5
9,40,1,36,30
9,40,1,37,4
9,40,1,38,31
9,40,1,39,34
9,40,1,40,40
9,40,2,1,5
9,40,2,2,26
9,40,2,3,36
9,40,2,4,34
9,40,2,5,25
9,40,2,6,39
9,40,2,7,15
9,40,2,8,33
9,40,2,9,10
9,40,2,10,29
9,40,2,11,22
9,40,2,12,38
9,40,2,13,18
9,40,2,14,11
9,40,2,15,7
9,40,2,16,9
9,40,2,17,21
9,40,2,18,32
9,40,2,19,24
9,40,2,20,28
9,40,2,21,3
9,40,2,22,8
9,40,2,23,40
9,40,2,24,4
9,40,2,25,23
9,40,2,26,20
9,40,2,27,12
9,40,2,28,6
9,40,2,29,13
9,40,2,30,1
9,40,2,31,19
9,40,2,32,35
9,40,2,33,17
9,40,2,34,27
9,40,2,35,31
9,40,2,36,30
9,40,2,37,16
9,40,2,38,37
9,40,2,39,2
9,40,2,40,14
9,40,3,1,28
9,40,3,2,34
9,40,3,3,11
9,40,3,4,21
9,40,3,5,35
9,40,3,6,29
9,40,3,7,19
9,40,3,8,5
9,40,3,9,8
9,40,3,10,7
9,40,3,11,33
9,40,3,12,10
9,40,3,13,32
9,40,3,14,20
9,40,3,15,38
9,40,3,16,26
9,40,3,17,14
9,40,3,18,31
9,40,3,19,24
9,40,3,20,27
9,40,3,21,6
9,40,3,22,9
9,40,3,23,25
9,40,3,24,2
9,40,3,25,30
9,40,3,26,18
9,40,3,27,3
9,40,3,28,16
9,40,3,29,15
9,40,3,30,23
9,40,3,31,1
9,40,3,32,37
9,40,3,33,17
9,40,3,34,40
9,40,3,35,36
9,40,3,36,4
9,40,3,37,12
9,40,3,38,22
9,40,3,39,39
9,40,3,40,13
9,40,4,1,11
9,40,4,2,37
9,40,4,3,25
9,40,4,4,40
9,40,4,5,26
9,40,4,6,10
9,40,4,7,39
9,40,4,8,30
9,40,4,9,16
9,40,4,10,20
9,40,4,11,6
9,40,4,12,7
9,40,4,13,32
9,40,4,14,33
9,40,4,15,19
9,40,4,16,27
9,40,4,17,9
9,40,4,18,38
9,40,4,19,15
9,40,4,20,22
9,40,4,21,8
9,40,4,22,36
9,40,4,23,3
9,40,4,24,35
9,40,4,25,18
9,40,4,26,23
9,40,4,27,34
9,40,4,28,29
9,40,4,29,24
9,40,4,30,1
9,40,4,31,31
9,40,4,32,12
9,40,4,33,2
9,40,4,34,14
9,40,4,35,4
9,40,4,36,21
9,40,4,37,17
9,40,4,38,28
9,40,4,39,13
9,40,4,40,5
9,40,5,1,18
9,40,5,2,35
9,40,5,3,11
9,40,5,4,34
9,40,5,5,22
9,40,5,6,17
9,40,5,7,12
9,40,5,8,37
9,40,5,9,29
9,40,5,10,14
9,40,5,11,1
9,40,5,12,3
9,40,5,13,21
9,40,5,14,8
9,40,5,15,26
9,40,5,16,32
9,40,5,17,10
9,40,5,18,28
9,40,5,19,16
9,40,5,20,31
9,40,5,21,7
9,40,5,22,20
9,40,5,23,33
9,40,5,24,13
9,40,5,25,4
9,40,5,26,9
9,40,5,27,27
9,40,5,28,5
9,40,5,29,36
9,40,5,30,2
9,40,5,31,24
9,40,5,32,25
9,40,5,33,38
9,40,5,34,15
9,40,5,35,40
9,40,5,36,39
9,40,5,37,30
9,40,5,38,23
9,40,5,39,19
9,40,5,40,6
9,40,6,1,8
9,40,6,2,1
9,40,6,3,18
9,40,6,4,27
9,40,6,5,36
9,40,6,6,5
9,40,6,7,14
9,40,6,8,31
9,40,6,9,6
9,40,6,10,28
9,40,6,11,10
9,40,6,12,15
9,40,6,13,16
9,40,6,14,4
9,40,6,15,17
9,40,6,16,20
9,40,6,17,22
9,40,6,18,34
9,40,6,19,38
9,40,6,20,35
9,40,6,21,40
9,40,6,22,29
9,40,6,23,9
9,40,6,24,37
9,40,6,25,3
9,40,6,26,23
9,40,6,27,32
9,40,6,28,25
9,40,6,29,39
9,40,6,30,30
9,40,6,31,7
9,40,6,32,11
9,40,6,33,26
9,40,6,34,2
9,40,6,35,12
9,40,6,36,13
9,40,6,37,24
9,40,6,38,33
9,40,6,39,19
9,40,6,40,21
9,40,7,1,2
9,40,7,2,7
9,40,7,3,15
9,40,7,4,31
9,40,7,5,8
9,40,7,6,19
9,40,7,7,9
9,40,7,8,36
9,40,7,9,12
9,40,7,10,14
9,40,7,11,28
9,40,7,12,38
9,40,7,13,16
9,40,7,14,20
9,40,7,15,22
9,40,7,16,6
9,40,7,17,40
9,40,7,18,11
9,40,7,19,34
9,40,7,20,30
9,40,7,21,13
9,40,7,22,24
9,40,7,23,39
9,40,7,24,10
9,40,7,25,26
9,40,7,26,25
9,40,7,27,27
9,40,7,28,29
9,40,7,29,37
9,40,7,30,3
9,40,7,31,21
9,40,7,32,33
9,40,7,33,5
9,40,7,34,23
9,40,7,35,17
9,40,7,36,35
9,40,7,37,32
9,40,7,38,1
9,40,7,39,18
9,40,7,40,4
9,40,8,1,15
9,40,8,2,29
9,40,8,3,1
9,40,8,4,11
9,40,8,5,32
9,40,8,6,27
9,40,8,7,14
9,40,8,8,26
9,40,8,9,40
9,40,8,10,35
9,40,8,11,10
9,40,8,12,28
9,40,8,13,18
9,40,8,14,9
9,40,8,15,7
9,40,8,16,38
9,40,8,17,4
9,40,8,18,24
9,40,8,19,19
9,40,8,20,6
9,40,8,21,5
9,40,8,22,37
9,40,8,23,34
9,40,8,24,20
9,40,8,25,33
9,40,8,26,39
9,40,8,27,22
9,40,8,28,3
9,40,8,29,2
9,40,8,30,16
9,40,8,31,36
9,40,8,32,21
9,40,8,33,8
9,40,8,34,17
9,40,8,35,25
9,40,8,36,31
9,40,8,37,12
9,40,8,38,13
9,40,8,39,23
9,40,8,40,30
9,40,9,1,3
9,40,9,2,38
9,40,9,3,39
9,40,9,4,12
9,40,9,5,21
9,40,9,6,37
9,40,9,7,40
9,40,9,8,24
9,40,9,9,17
9,40,9,10,1
9,40,9,11,25
9,40,9,12,6
9,40,9,13,20
9,40,9,14,29
9,40,9,15,11
9,40,9,16,35
9,40,9,17,33
9,40,9,18,7
9,40,9,19,30
9,40,9,20,10
9,40,9,21,26
9,40,9,22,15
9,40,9,23,27
9,40,9,24,16
9,40,9,25,34
9,40,9,26,2
9,40,9,27,14
9,40,9,28,13
9,40,9,29,23
9,40,9,30,19
9,40,9,31,5
9,40,9,32,18
9,40,9,33,36
9,40,9,34,32
9,40,9,35,28
9,40,9,36,4
9,40,9,37,22
9,40,9,38,8
9,40,9,39,31
9,40,9,40,9
10,40,1,1,39
10,40,1,2,40
10,40,1,3,34
10,40,1,4,31
10,40,1,5,4
10,40,1,6,30
10,40,1,7,7
10,40,1,8,36
10,40,1,9,3
10,40,1,10,38
10,40,1,11,14
10,40,1,12,1
10,40,1,13,21
10,40,1,14,9
10,40,1,15,22
10,40,1,16,33
10,40,1,17,7
10,40,1,18,23
10,40,1,19,19
10,40,1,20,28
10,40,1,21,15
10,40,1,22,18
10,40,1,23,37
10,40,1,24,24
10,40,1,25,17
10,40,1,26,16
10,40,1,27,10
10,40,1,28,27
10,40,1,29,11
10,40,1,30,13
10,40,1,31,2
10,40,1,32,26
10,40,1,33,25
10,40,1,34,20
10,40,1,35,8
10,40,1,36,32
10,40,1,37,6
10,40,1,38,12
10,40,1,39,35
10,40,1,40,29
10,40,2,1,31
10,40,2,2,35
10,40,2,3,17
10,40,2,4,6
10,40,2,5,12
10,40,2,6,20
10,40,2,7,23
10,40,2,8,4
10,40,2,9,21
10,40,2,10,9
10,40,2,11,7
10,40,2,12,18
10,40,2,13,32
10,40,2,14,11
10,40,2,15,38
10,40,2,16,22
10,40,2,17,29
10,40,2,18,10
10,40,2,19,33
10,40,2,20,15
10,40,2,21,25
10,40,2,22,36
10,40,2,23,34
10,40,2,24,39
10,40,2,25,28
10,40,2,26,24
10,40,2,27,40
10,40,2,28,8
10,40,2,29,3
10,40,2,30,5
10,40,2,31,26
10,40,2,32,14
10,40,2,33,2
10,40,2,34,37
10,40,2,35,16
10,40,2,36,30
10,40,2,37,1
10,40,2,38,13
10,40,2,39,19
10,40,2,40,27
10,40,3,1,39
10,40,3,2,22
10,40,3,3,12
10,40,3,4,4
10,40,3,5,36
10,40,3,6,17
10,40,3,7,37
10,40,3,8,40
10,40,3,9,1
10,40,3,10,23
10,40,3,11,15
10,40,3,12,16
10,40,3,13,3
10,40,3,14,18
10,40,3,15,30
10,40,3,16,2
10,40,3,17,25
10,40,3,18,9
10,40,3,19,31
10,40,3,20,24
10,40,3,21,6
10,40,3,22,27
10,40,3,23,38
10,40,3,24,14
10,40,3,25,26
10,40,3,26,10
10,40,3,27,20
10,40,3,28,32
10,40,3,29,33
10,40,3,30,8
10,40,3,31,7
10,40,3,32,5
10,40,3,33,19
10,40,3,34,29
10,40,3,35,21
10,40,3,36,35
10,40,3,37,11
10,40,3,38,34
10,40,3,39,28
10,40,3,40,13
10,40,4,1,21
10,40,4,2,17
10,40,4,3,28
10,40,4,4,13
10,40,4,5,5
10,40,4,6,2
10,40,4,7,12
10,40,4,8,1
10,40,4,9,18
10,40,4,10,35
10,40,4,11,3
10,40,4,12,40
10,40,4,13,37
10,40,4,14,11
10,40,4,15,25
10,40,4,16,10
10,40,4,17,39
10,40,4,18,30
10,40,4,19,26
10,40,4,20,16
10,40,4,21,20
10,40,4,22,6
10,40,4,23,7
10,40,4,24,32
10,40,4,25,33
10,40,4,26,19
10,40,4,27,36
10,40,4,28,8
10,40,4,29,22
10,40,4,30,27
10,40,4,31,15
10,40,4,32,9
10,40,4,33,38
10,40,4,34,23
10,40,4,35,34
10,40,4,36,29
10,40,4,37,24
10,40,4,38,31
10,40,4,39,4
10,40,4,40,14
10,40,5,1,18
10,40,5,2,6
10,40,5,3,19
10,40,5,4,23
10,40,5,5,35
10,40,5,6,11
10,40,5,7,34
10,40,5,8,22
10,40,5,9,17
10,40,5,10,12
10,40,5,11,37
10,40,5,12,29
10,40,5,13,14
10,40,5,14,1
10,40,5,15,32
10,40,5,16,26
10,40,5,17,8
10,40,5,18,3
10,40,5,19,21
10,40,5,20,7
10,40,5,21,31
10,40,5,22,16
10,40,5,23,28
10,40,5,24,4
10,40,5,25,13
10,40,5,26,33
10,40,5,27,20
10,40,5,28,9
10,40,5,29,27
10,40,5,30,5
10,40,5,31,10
10,40,5,32,36
10,40,5,33,2
10,40,5,34,24
10,40,5,35,25
10,40,5,36,38
10,40,5,37,15
10,40,5,38,40
10,40,5,39,30
10,40,5,40,39
10,40,6,1,11
10,40,6,2,26
10,40,6,3,2
10,40,6,4,12
10,40,6,5,13
10,40,6,6,24
10,40,6,7,33
10,40,6,8,19
10,40,6,9,21
10,40,6,10,37
10,40,6,11,9
10,40,6,12,8
10,40,6,13,18
10,40,6,14,1
10,40,6,15,27
10,40,6,16,36
10,40,6,17,5
10,40,6,18,14
10,40,6,19,31
10,40,6,20,6
10,40,6,21,28
10,40,6,22,40
10,40,6,23,29
10,40,6,24,3
10,40,6,25,23
10,40,6,26,35
10,40,6,27,38
10,40,6,28,34
10,40,6,29,16
10,40,6,30,10
10,40,6,31,15
10,40,6,32,4
10,40,6,33,17
10,40,6,34,20
10,40,6,35,22
10,40,6,36,25
10,40,6,37,39
10,40,6,38,30
10,40,6,39,7
10,40,6,40,32
10,40,7,1,17
10,40,7,2,23
10,40,7,3,5
10,40,7,4,33
10,40,7,5,21
10,40,7,6,16
10,40,7,7,20
10,40,7,8,22
10,40,7,9,6
10,40,7,10,36
10,40,7,11,40
10,40,7,12,11
10,40,7,13,34
10,40,7,14,30
10,40,7,15,13
10,40,7,16,24
10,40,7,17,39
10,40,7,18,10
10,40,7,19,26
10,40,7,20,27
10,40,7,21,25
10,40,7,22,3
10,40,7,23,37
10,40,7,24,29
10,40,7,25,38
10,40,7,26,28
10,40,7,27,14
10,40,7,28,4
10,40,7,29,18
10,40,7,30,1
10,40,7,31,32
10,40,7,32,35
10,40,7,33,2
10,40,7,34,7
10,40,7,35,15
10,40,7,36,8
10,40,7,37,19
10,40,7,38,9
10,40,7,39,12
10,40,7,40,31
10,40,8,1,20
10,40,8,2,34
10,40,8,3,33
10,40,8,4,5
10,40,8,5,39
10,40,8,6,6
10,40,8,7,19
10,40,8,8,24
10,40,8,9,4
10,40,8,10,38
10,40,8,11,37
10,40,8,12,7
10,40,8,13,9
10,40,8,14,18
10,40,8,15,28
10,40,8,16,35
10,40,8,17,10
10,40,8,18,40
10,40,8,19,26
10,40,8,20,14
10,40,8,21,32
10,40,8,22,27
10,40,8,23,1
10,40,8,24,29
10,40,8,25,15
10,40,8,26,30
10,40,8,27,23
10,40,8,28,11
10,40,8,29,21
10,40,8,30,13
10,40,8,31,12
10,40,8,32,31
10,40,8,33,25
10,40,8,34,17
10,40,8,35,8
10,40,8,36,3
10,40,8,37,22
10,40,8,38,38
10,40,8,39,16
10,40,8,40,36
10,40,9,1,25
10,40,9,2,17
10,40,9,3,1
10,40,9,4,24
10,40,9,5,40
10,40,9,6,37
10,40,9,7,21
10,40,9,8,12
10,40,9,9,39
10,40,9,10,38
10,40,9,11,3
10,40,9,12,9
10,40,9,13,31
10,40,9,14,22
10,40,9,15,8
10,40,9,16,4
10,40,9,17,28
10,40,9,18,36
10,40,9,19,32
10,40,9,20,19
10,40,9,21,23
10,40,9,22,13
10,40,9,23,14
10,40,9,24,2
10,40,9,25,18
10,40,9,26,5
10,40,9,27,34
10,40,9,28,16
10,40,9,29,27
10,40,9,30,15
10,40,9,31,26
10,40,9,32,10
10,40,9,33,30
10,40,9,34,7
10,40,9,35,33
10,40,9,36,35
10,40,9,37,29
10,40,9,38,20
10,40,9,39,11
10,40,9,40,6
11,40,1,1,3
11,40,1,2,38
11,40,1,3,36
11,40,1,4,5
11,40,1,5,14
11,40,1,6,1
11,40,1,7,33
11,40,1,8,23
11,40,1,9,7
11,40,1,10,19
11,40,1,11,28
11,40,1,12,15
11,40,1,13,18
11,40,1,14,22
11,40,1,15,37
11,40,1,16,24
11,40,1,17,17
11,40,1,18,16
11,40,1,19,10
11,40,1,20,27
11,40,1,21,8
11,40,1,22,12
11,40,1,23,29
11,40,1,24,35
11,40,1,25,6
11,40,1,26,32
11,40,1,27,20
11,40,1,28,25
11,40,1,29,11
11,40,1,30,13
11,40,1,31,26
11,40,1,32,2
11,40,1,33,39
11,40,1,34,40
11,40,1,35,34
11,40,1,36,9
11,40,1,37,21
11,40,1,38,31
11,40,1,39,4
11,40,1,40,30
11,40,2,1,15
11,40,2,2,33
11,40,2,3,10
11,40,2,4,29
11,40,2,5,22
11,40,2,6,38
11,40,2,7,11
11,40,2,8,32
11,40,2,9,7
11,40,2,10,18
11,40,2,11,9
11,40,2,12,21
11,40,2,13,23
11,40,2,14,20
11,40,2,15,12
11,40,2,16,6
11,40,2,17,17
11,40,2,18,35
11,40,2,19,19
11,40,2,20,13
11,40,2,21,1
11,40,2,22,4
11,40,2,23,40
11,40,2,24,24
11,40,2,25,28
11,40,2,26,8
11,40,2,27,30
11,40,2,28,27
11,40,2,29,31
11,40,2,30,37
11,40,2,31,16
11,40,2,32,3
11,40,2,33,39
11,40,2,34,34
11,40,2,35,5
11,40,2,36,14
11,40,2,37,2
11,40,2,38,26
11,40,2,39,36
11,40,2,40,25
11,40,3,1,30
11,40,3,2,6
11,40,3,3,27
11,40,3,4,24
11,40,3,5,31
11,40,3,6,38
11,40,3,7,20
11,40,3,8,32
11,40,3,9,10
11,40,3,10,33
11,40,3,11,8
11,40,3,12,5
11,40,3,13,19
11,40,3,14,7
11,40,3,15,29
11,40,3,16,21
11,40,3,17,35
11,40,3,18,11
11,40,3,19,34
11,40,3,20,28
11,40,3,21,13
11,40,3,22,39
11,40,3,23,22
11,40,3,24,12
11,40,3,25,4
11,40,3,26,36
11,40,3,27,17
11,40,3,28,37
11,40,3,29,40
11,40,3,30,1
11,40,3,31,23
11,40,3,32,15
11,40,3,33,25
11,40,3,34,16
11,40,3,35,3
11,40,3,36,18
11,40,3,37,2
11,40,3,38,9
11,40,3,39,14
11,40,3,40,26
11,40,4,1,7
11,40,4,2,6
11,40,4,3,20
11,40,4,4,32
11,40,4,5,16
11,40,4,6,30
11,40,4,7,39
11,40,4,8,10
11,40,4,9,26
11,40,4,10,25
11,40,4,11,37
11,40,4,12,11
11,40,4,13,5
11,40,4,14,13
11,40,4,15,14
11,40,4,16,4
11,40,4,17,28
11,40,4,18,17
11,40,4,19,21
11,40,4,20,31
11,40,4,21,2
11,40,4,22,12
11,40,4,23,1
11,40,4,24,40
11,40,4,25,3
11,40,4,26,35
11,40,4,27,18
11,40,4,28,29
11,40,4,29,24
11,40,4,30,34
11,40,4,31,23
11,40,4,32,8
11,40,4,33,36
11,40,4,34,33
11,40,4,35,19
11,40,4,36,22
11,40,4,37,15
11,40,4,38,9
11,40,4,39,38
11,40,4,40,27
11,40,5,1,18
11,40,5,2,35
11,40,5,3,22
11,40,5,4,17
11,40,5,5,12
11,40,5,6,34
11,40,5,7,11
11,40,5,8,37
11,40,5,9,29
11,40,5,10,14
11,40,5,11,1
11,40,5,12,3
11,40,5,13,21
11,40,5,14,7
11,40,5,15,31
11,40,5,16,8
11,40,5,17,26
11,40,5,18,32
11,40,5,19,10
11,40,5,20,28
11,40,5,21,16
11,40,5,22,33
11,40,5,23,20
11,40,5,24,13
11,40,5,25,4
11,40,5,26,9
11,40,5,27,27
11,40,5,28,5
11,40,5,29,36
11,40,5,30,2
11,40,5,31,24
11,40,5,32,25
11,40,5,33,38
11,40,5,34,15
11,40,5,35,40
11,40,5,36,30
11,40,5,37,39
11,40,5,38,23
11,40,5,39,19
11,40,5,40,6
11,40,6,1,1
11,40,6,2,27
11,40,6,3,36
11,40,6,4,5
11,40,6,5,14
11,40,6,6,31
11,40,6,7,18
11,40,6,8,8
11,40,6,9,9
11,40,6,10,29
11,40,6,11,40
11,40,6,12,6
11,40,6,13,28
11,40,6,14,10
11,40,6,15,15
11,40,6,16,16
11,40,6,17,4
11,40,6,18,17
11,40,6,19,20
11,40,6,20,22
11,40,6,21,34
11,40,6,22,38
11,40,6,23,35
11,40,6,24,3
11,40,6,25,23
11,40,6,26,32
11,40,6,27,7
11,40,6,28,30
11,40,6,29,39
11,40,6,30,25
11,40,6,31,11
11,40,6,32,26
11,40,6,33,2
11,40,6,34,12
11,40,6,35,13
11,40,6,36,24
11,40,6,37,33
11,40,6,38,19
11,40,6,39,37
11,40,6,40,21
11,40,7,1,8
11,40,7,2,25
11,40,7,3,3
11,40,7,4,27
11,40,7,5,29
11,40,7,6,37
11,40,7,7,23
11,40,7,8,17
11,40,7,9,35
11,40,7,10,32
11,40,7,11,1
11,40,7,12,18
11,40,7,13,4
11,40,7,14,2
11,40,7,15,7
11,40,7,16,15
11,40,7,17,31
11,40,7,18,8
11,40,7,19,19
11,40,7,20,9
11,40,7,21,36
11,40,7,22,12
11,40,7,23,14
11,40,7,24,28
11,40,7,25,38
11,40,7,26,21
11,40,7,27,33
11,40,7,28,5
11,40,7,29,16
11,40,7,30,20
11,40,7,31,22
11,40,7,32,6
11,40,7,33,40
11,40,7,34,11
11,40,7,35,34
11,40,7,36,13
11,40,7,37,30
11,40,7,38,24
11,40,7,39,39
11,40,7,40,10
11,40,8,1,15
11,40,8,2,29
11,40,8,3,30
11,40,8,4,1
11,40,8,5,11
11,40,8,6,32
11,40,8,7,27
11,40,8,8,26
11,40,8,9,40
11,40,8,10,28
11,40,8,11,14
11,40,8,12,10
11,40,8,13,35
11,40,8,14,18
11,40,8,15,9
11,40,8,16,7
11,40,8,17,38
11,40,8,18,4
11,40,8,19,24
11,40,8,20,19
11,40,8,21,6
11,40,8,22,5
11,40,8,23,37
11,40,8,24,20
11,40,8,25,34
11,40,8,26,33
11,40,8,27,39
11,40,8,28,16
11,40,8,29,36
11,40,8,30,21
11,40,8,31,12
11,40,8,32,31
11,40,8,33,2
11,40,8,34,22
11,40,8,35,3
11,40,8,36,8
11,40,8,37,17
11,40,8,38,25
11,40,8,39,13
11,40,8,40,23
11,40,9,1,30
11,40,9,2,7
11,40,9,3,33
11,40,9,4,11
11,40,9,5,35
11,40,9,6,29
11,40,9,7,20
11,40,9,8,6
11,40,9,9,25
11,40,9,10,17
11,40,9,11,1
11,40,9,12,24
11,40,9,13,40
11,40,9,14,37
11,40,9,15,21
11,40,9,16,12
11,40,9,17,39
11,40,9,18,38
11,40,9,19,3
11,40,9,20,9
11,40,9,21,31
11,40,9,22,22
11,40,9,23,8
11,40,9,24,4
11,40,9,25,28
11,40,9,26,36
11,40,9,27,32
11,40,9,28,19
11,40,9,29,23
11,40,9,30,13
11,40,9,31,14
11,40,9,32,2
11,40,9,33,18
11,40,9,34,5
11,40,9,35,34
11,40,9,36,16
11,40,9,37,27
11,40,9,38,15
11,40,9,39,26
11,40,9,40,10
12,40,1,1,34
12,40,1,2,40
12,40,1,3,39
12,40,1,4,2
12,40,1,5,26
12,40,1,6,13
12,40,1,7,11
12,40,1,8,25
12,40,1,9,20
12,40,1,10,32
12,40,1,11,6
12,40,1,12,29
12,40,1,13,35
12,40,1,14,12
12,40,1,15,8
12,40,1,16,10
12,40,1,17,16
12,40,1,18,17
12,40,1,19,15
12,40,1,20,28
12,40,1,21,19
12,40,1,22,7
12,40,1,23,23
12,40,1,24,33
12,40,1,25,22
12,40,1,26,18
12,40,1,27,24
12,40,1,28,37
12,40,1,29,27
12,40,1,30,9
12,40,1,31,21
12,40,1,32,1
12,40,1,33,14
12,40,1,34,38
12,40,1,35,3
12,40,1,36,36
12,40,1,37,5
12,40,1,38,30
12,40,1,39,4
12,40,1,40,31
12,40,2,1,40
12,40,2,2,4
12,40,2,3,23
12,40,2,4,20
12,40,2,5,12
12,40,2,6,35
12,40,2,7,17
12,40,2,8,6
12,40,2,9,13
12,40,2,10,19
12,40,2,11,27
12,40,2,12,31
12,40,2,13,30
12,40,2,14,16
12,40,2,15,37
12,40,2,16,2
12,40,2,17,14
12,40,2,18,5
12,40,2,19,26
12,40,2,20,36
12,40,2,21,25
12,40,2,22,34
12,40,2,23,39
12,40,2,24,3
12,40,2,25,1
12,40,2,26,8
12,40,2,27,28
12,40,2,28,24
12,40,2,29,32
12,40,2,30,21
12,40,2,31,9
12,40,2,32,7
12,40,2,33,18
12,40,2,34,38
12,40,2,35,11
12,40,2,36,22
12,40,2,37,29
12,40,2,38,10
12,40,2,39,33
12,40,2,40,15
12,40,3,1,39
12,40,3,2,13
12,40,3,3,22
12,40,3,4,12
12,40,3,5,4
12,40,3,6,36
12,40,3,7,17
12,40,3,8,37
12,40,3,9,40
12,40,3,10,1
12,40,3,11,23
12,40,3,12,15
12,40,3,13,16
12,40,3,14,3
12,40,3,15,18
12,40,3,16,2
12,40,3,17,25
12,40,3,18,9
12,40,3,19,30
12,40,3,20,6
12,40,3,21,27
12,40,3,22,24
12,40,3,23,31
12,40,3,24,14
12,40,3,25,26
12,40,3,26,10
12,40,3,27,38
12,40,3,28,20
12,40,3,29,32
12,40,3,30,7
12,40,3,31,33
12,40,3,32,8
12,40,3,33,5
12,40,3,34,19
12,40,3,35,29
12,40,3,36,21
12,40,3,37,35
12,40,3,38,11
12,40,3,39,28
12,40,3,40,34
12,40,4,1,35
12,40,4,2,3
12,40,4,3,33
12,40,4,4,19
12,40,4,5,36
12,40,4,6,8
12,40,4,7,22
12,40,4,8,27
12,40,4,9,15
12,40,4,10,9
12,40,4,11,38
12,40,4,12,23
12,40,4,13,34
12,40,4,14,18
12,40,4,15,29
12,40,4,16,24
12,40,4,17,31
12,40,4,18,4
12,40,4,19,21
12,40,4,20,17
12,40,4,21,28
12,40,4,22,14
12,40,4,23,13
12,40,4,24,5
12,40,4,25,2
12,40,4,26,12
12,40,4,27,1
12,40,4,28,40
12,40,4,29,37
12,40,4,30,11
12,40,4,31,25
12,40,4,32,39
12,40,4,33,30
12,40,4,34,10
12,40,4,35,26
12,40,4,36,6
12,40,4,37,7
12,40,4,38,20
12,40,4,39,32
12,40,4,40,16
12,40,5,1,10
12,40,5,2,32
12,40,5,3,1
12,40,5,4,14
12,40,5,5,29
12,40,5,6,37
12,40,5,7,12
12,40,5,8,17
12,40,5,9,22
12,40,5,10,34
12,40,5,11,11
12,40,5,12,35
12,40,5,13,23
12,40,5,14,6
12,40,5,15,18
12,40,5,16,19
12,40,5,17,39
12,40,5,18,30
12,40,5,19,40
12,40,5,20,15
12,40,5,21,38
12,40,5,22,25
12,40,5,23,24
12,40,5,24,2
12,40,5,25,27
12,40,5,26,9
12,40,5,27,20
12,40,5,28,33
12,40,5,29,13
12,40,5,30,4
12,40,5,31,28
12,40,5,32,16
12,40,5,33,31
12,40,5,34,7
12,40,5,35,21
12,40,5,36,3
12,40,5,37,8
12,40,5,38,26
12,40,5,39,5
12,40,5,40,36
12,40,6,1,13
12,40,6,2,12
12,40,6,3,2
12,40,6,4,26
12,40,6,5,11
12,40,6,6,24
12,40,6,7,7
12,40,6,8,30
12,40,6,9,39
12,40,6,10,25
12,40,6,11,32
12,40,6,12,35
12,40,6,13,38
12,40,6,14,22
12,40,6,15,20
12,40,6,16,17
12,40,6,17,4
12,40,6,18,34
12,40,6,19,16
12,40,6,20,15
12,40,6,21,10
12,40,6,22,28
12,40,6,23,6
12,40,6,24,31
12,40,6,25,14
12,40,6,26,5
12,40,6,27,36
12,40,6,28,27
12,40,6,29,1
12,40,6,30,8
12,40,6,31,18
12,40,6,32,9
12,40,6,33,29
12,40,6,34,40
12,40,6,35,3
12,40,6,36,23
12,40,6,37,37
12,40,6,38,33
12,40,6,39,19
12,40,6,40,21
12,40,7,1,8
12,40,7,2,19
12,40,7,3,9
12,40,7,4,36
12,40,7,5,40
12,40,7,6,11
12,40,7,7,34
12,40,7,8,13
12,40,7,9,30
12,40,7,10,24
12,40,7,11,39
12,40,7,12,10
12,40,7,13,22
12,40,7,14,6
12,40,7,15,20
12,40,7,16,16
12,40,7,17,21
12,40,7,18,5
12,40,7,19,29
12,40,7,20,37
12,40,7,21,27
12,40,7,22,26
12,40,7,23,25
12,40,7,24,3
12,40,7,25,17
12,40,7,26,23
12,40,7,27,33
12,40,7,28,38
12,40,7,29,28
12,40,7,30,14
12,40,7,31,12
12,40,7,32,31
12,40,7,33,7
12,40,7,34,4
12,40,7,35,18
12,40,7,36,1
12,40,7,37,32
12,40,7,38,35
12,40,7,39,2
12,40,7,40,15
12,40,8,1,31
12,40,8,2,12
12,40,8,3,13
12,40,8,4,23
12,40,8,5,30
12,40,8,6,15
12,40,8,7,29
12,40,8,8,1
12,40,8,9,11
12,40,8,10,32
12,40,8,11,27
12,40,8,12,26
12,40,8,13,40
12,40,8,14,35
12,40,8,15,10
12,40,8,16,28
12,40,8,17,14
12,40,8,18,9
12,40,8,19,18
12,40,8,20,7
12,40,8,21,38
12,40,8,22,4
12,40,8,23,24
12,40,8,24,19
12,40,8,25,6
12,40,8,26,39
12,40,8,27,5
12,40,8,28,33
12,40,8,29,37
12,40,8,30,34
12,40,8,31,20
12,40,8,32,36
12,40,8,33,21
12,40,8,34,16
12,40,8,35,2
12,40,8,36,22
12,40,8,37,3
12,40,8,38,8
12,40,8,39,17
12,40,8,40,25
12,40,9,1,5
12,40,9,2,18
12,40,9,3,36
12,40,9,4,28
12,40,9,5,4
12,40,9,6,8
12,40,9,7,22
12,40,9,8,31
12,40,9,9,9
12,40,9,10,3
12,40,9,11,38
12,40,9,12,39
12,40,9,13,12
12,40,9,14,21
12,40,9,15,37
12,40,9,16,40
12,40,9,17,24
12,40,9,18,17
12,40,9,19,1
12,40,9,20,25
12,40,9,21,6
12,40,9,22,20
12,40,9,23,29
12,40,9,24,35
12,40,9,25,33
12,40,9,26,11
12,40,9,27,7
12,40,9,28,30
12,40,9,29,10
12,40,9,30,26
12,40,9,31,15
12,40,9,32,27
12,40,9,33,16
12,40,9,34,34
12,40,9,35,2
12,40,9,36,14
12,40,9,37,13
12,40,9,38,23
12,40,9,39,19
12,40,9,40,32
13,40,1,1,39
13,40,1,2,40
13,40,1,3,34
13,40,1,4,31
13,40,1,5,4
13,40,1,6,3
13,40,1,7,30
13,40,1,8,5
13,40,1,9,36
13,40,1,10,38
13,40,1,11,14
13,40,1,12,21
13,40,1,13,9
13,40,1,14,1
13,40,1,15,22
13,40,1,16,33
13,40,1,17,23
13,40,1,18,19
13,40,1,19,28
13,40,1,20,7
13,40,1,21,15
13,40,1,22,18
13,40,1,23,24
13,40,1,24,37
13,40,1,25,17
13,40,1,26,12
13,40,1,27,29
13,40,1,28,35
13,40,1,29,6
13,40,1,30,32
13,40,1,31,25
13,40,1,32,20
13,40,1,33,8
13,40,1,34,16
13,40,1,35,10
13,40,1,36,27
13,40,1,37,11
13,40,1,38,13
13,40,1,39,26
13,40,1,40,2
13,40,2,1,31
13,40,2,2,27
13,40,2,3,17
13,40,2,4,35
13,40,2,5,12
13,40,2,6,6
13,40,2,7,20
13,40,2,8,23
13,40,2,9,4
13,40,2,10,21
13,40,2,11,9
13,40,2,12,7
13,40,2,13,18
13,40,2,14,32
13,40,2,15,11
13,40,2,16,38
13,40,2,17,22
13,40,2,18,29
13,40,2,19,10
13,40,2,20,33
13,40,2,21,15
13,40,2,22,25
13,40,2,23,36
13,40,2,24,26
13,40,2,25,34
13,40,2,26,5
13,40,2,27,14
13,40,2,28,2
13,40,2,29,37
13,40,2,30,16
13,40,2,31,3
13,40,2,32,39
13,40,2,33,28
13,40,2,34,24
13,40,2,35,40
13,40,2,36,8
13,40,2,37,1
13,40,2,38,13
13,40,2,39,19
13,40,2,40,30
13,40,3,1,4
13,40,3,2,12
13,40,3,3,13
13,40,3,4,28
13,40,3,5,34
13,40,3,6,11
13,40,3,7,35
13,40,3,8,21
13,40,3,9,29
13,40,3,10,19
13,40,3,11,5
13,40,3,12,10
13,40,3,13,33
13,40,3,14,8
13,40,3,15,7
13,40,3,16,32
13,40,3,17,20
13,40,3,18,38
13,40,3,19,26
13,40,3,20,14
13,40,3,21,31
13,40,3,22,24
13,40,3,23,27
13,40,3,24,6
13,40,3,25,30
13,40,3,26,18
13,40,3,27,2
13,40,3,28,9
13,40,3,29,25
13,40,3,30,39
13,40,3,31,22
13,40,3,32,36
13,40,3,33,40
13,40,3,34,23
13,40,3,35,3
13,40,3,36,16
13,40,3,37,15
13,40,3,38,1
13,40,3,39,37
13,40,3,40,17
13,40,4,1,38
13,40,4,2,9
13,40,4,3,15
13,40,4,4,27
13,40,4,5,22
13,40,4,6,8
13,40,4,7,36
13,40,4,8,19
13,40,4,9,33
13,40,4,10,32
13,40,4,11,20
13,40,4,12,7
13,40,4,13,6
13,40,4,14,30
13,40,4,15,39
13,40,4,16,25
13,40,4,17,37
13,40,4,18,11
13,40,4,19,5
13,40,4,20,28
13,40,4,21,17
13,40,4,22,21
13,40,4,23,31
13,40,4,24,4
13,40,4,25,14
13,40,4,26,13
13,40,4,27,2
13,40,4,28,12
13,40,4,29,1
13,40,4,30,24
13,40,4,31,29
13,40,4,32,18
13,40,4,33,40
13,40,4,34,26
13,40,4,35,10
13,40,4,36,16
13,40,4,37,3
13,40,4,38,35
13,40,4,39,34
13,40,4,40,23
13,40,5,1,7
13,40,5,2,21
13,40,5,3,3
13,40,5,4,8
13,40,5,5,26
13,40,5,6,32
13,40,5,7,1
13,40,5,8,37
13,40,5,9,12
13,40,5,10,17
13,40,5,11,29
13,40,5,12,14
13,40,5,13,10
13,40,5,14,11
13,40,5,15,34
13,40,5,16,22
13,40,5,17,35
13,40,5,18,18
13,40,5,19,6
13,40,5,20,19
13,40,5,21,23
13,40,5,22,39
13,40,5,23,30
13,40,5,24,40
13,40,5,25,15
13,40,5,26,38
13,40,5,27,25
13,40,5,28,24
13,40,5,29,2
13,40,5,30,36
13,40,5,31,5
13,40,5,32,27
13,40,5,33,9
13,40,5,34,20
13,40,5,35,33
13,40,5,36,13
13,40,5,37,4
13,40,5,38,28
13,40,5,39,16
13,40,5,40,31
13,40,6,1,8
13,40,6,2,1
13,40,6,3,27
13,40,6,4,36
13,40,6,5,18
13,40,6,6,5
13,40,6,7,14
13,40,6,8,31
13,40,6,9,15
13,40,6,10,4
13,40,6,11,17
13,40,6,12,25
13,40,6,13,39
13,40,6,14,11
13,40,6,15,26
13,40,6,16,2
13,40,6,17,12
13,40,6,18,13
13,40,6,19,24
13,40,6,20,30
13,40,6,21,7
13,40,6,22,32
13,40,6,23,35
13,40,6,24,22
13,40,6,25,20
13,40,6,26,34
13,40,6,27,38
13,40,6,28,16
13,40,6,29,10
13,40,6,30,28
13,40,6,31,6
13,40,6,32,40
13,40,6,33,3
13,40,6,34,23
13,40,6,35,33
13,40,6,36,19
13,40,6,37,37
13,40,6,38,29
13,40,6,39,9
13,40,6,40,21
13,40,7,1,40
13,40,7,2,9
13,40,7,3,19
13,40,7,4,8
13,40,7,5,36
13,40,7,6,12
13,40,7,7,31
13,40,7,8,15
13,40,7,9,7
13,40,7,10,2
13,40,7,11,4
13,40,7,12,18
13,40,7,13,1
13,40,7,14,32
13,40,7,15,35
13,40,7,16,17
13,40,7,17,23
13,40,7,18,5
13,40,7,19,33
13,40,7,20,21
13,40,7,21,38
13,40,7,22,28
13,40,7,23,14
13,40,7,24,6
13,40,7,25,22
13,40,7,26,20
13,40,7,27,16
13,40,7,28,10
13,40,7,29,39
13,40,7,30,37
13,40,7,31,3
13,40,7,32,29
13,40,7,33,27
13,40,7,34,25
13,40,7,35,26
13,40,7,36,24
13,40,7,37,30
13,40,7,38,13
13,40,7,39,34
13,40,7,40,11
13,40,8,1,17
13,40,8,2,8
13,40,8,3,3
13,40,8,4,22
13,40,8,5,6
13,40,8,6,19
13,40,8,7,39
13,40,8,8,5
13,40,8,9,24
13,40,8,10,4
13,40,8,11,38
13,40,8,12,7
13,40,8,13,18
13,40,8,14,35
13,40,8,15,10
13,40,8,16,28
13,40,8,17,9
13,40,8,18,14
13,40,8,19,26
13,40,8,20,40
13,40,8,21,27
13,40,8,22,32
13,40,8,23,11
13,40,8,24,1
13,40,8,25,29
13,40,8,26,15
13,40,8,27,30
13,40,8,28,23
13,40,8,29,13
13,40,8,30,21
13,40,8,31,36
13,40,8,32,37
13,40,8,33,20
13,40,8,34,34
13,40,8,35,33
13,40,8,36,16
13,40,8,37,12
13,40,8,38,31
13,40,8,39,2
13,40,8,40,25
13,40,9,1,18
13,40,9,2,36
13,40,9,3,28
13,40,9,4,4
13,40,9,5,22
13,40,9,6,9
13,40,9,7,31
13,40,9,8,8
13,40,9,9,32
13,40,9,10,19
13,40,9,11,39
13,40,9,12,38
13,40,9,13,3
13,40,9,14,12
13,40,9,15,21
13,40,9,16,37
13,40,9,17,40
13,40,9,18,24
13,40,9,19,1
13,40,9,20,17
13,40,9,21,25
13,40,9,22,6
13,40,9,23,20
13,40,9,24,11
13,40,9,25,7
13,40,9,26,33
13,40,9,27,35
13,40,9,28,29
13,40,9,29,30
13,40,9,30,10
13,40,9,31,26
13,40,9,32,15
13,40,9,33,27
13,40,9,34,16
13,40,9,35,34
13,40,9,36,2
13,40,9,37,14
13,40,9,38,13
13,40,9,39,23
13,40,9,40,5
14,40,1,1,24
14,40,1,2,18
14,40,1,3,15
14,40,1,4,7
14,40,1,5,23
14,40,1,6,19
14,40,1,7,28
14,40,1,8,17
14,40,1,9,16
14,40,1,10,8
14,40,1,11,32
14,40,1,12,6
14,40,1,13,12
14,40,1,14,35
14,40,1,15,29
14,40,1,16,20
14,40,1,17,25
14,40,1,18,11
14,40,1,19,13
14,40,1,20,26
14,40,1,21,2
14,40,1,22,39
14,40,1,23,40
14,40,1,24,34
14,40,1,25,4
14,40,1,26,3
14,40,1,27,38
14,40,1,28,36
14,40,1,29,5
14,40,1,30,30
14,40,1,31,14
14,40,1,32,1
14,40,1,33,31
14,40,1,34,21
14,40,1,35,9
14,40,1,36,33
14,40,1,37,22
14,40,1,38,27
14,40,1,39,10
14,40,1,40,37
14,40,2,1,24
14,40,2,2,28
14,40,2,3,39
14,40,2,4,34
14,40,2,5,25
14,40,2,6,36
14,40,2,7,26
14,40,2,8,14
14,40,2,9,2
14,40,2,10,37
14,40,2,11,16
14,40,2,12,5
14,40,2,13,3
14,40,2,14,30
14,40,2,15,27
14,40,2,16,31
14,40,2,17,35
14,40,2,18,17
14,40,2,19,19
14,40,2,20,13
14,40,2,21,6
14,40,2,22,12
14,40,2,23,20
14,40,2,24,23
14,40,2,25,1
14,40,2,26,8
14,40,2,27,40
14,40,2,28,4
14,40,2,29,9
14,40,2,30,7
14,40,2,31,21
14,40,2,32,32
14,40,2,33,11
14,40,2,34,18
14,40,2,35,38
14,40,2,36,22
14,40,2,37,29
14,40,2,38,10
14,40,2,39,33
14,40,2,40,15
14,40,3,1,26
14,40,3,2,14
14,40,3,3,39
14,40,3,4,13
14,40,3,5,12
14,40,3,6,4
14,40,3,7,22
14,40,3,8,36
14,40,3,9,17
14,40,3,10,37
14,40,3,11,40
14,40,3,12,1
14,40,3,13,23
14,40,3,14,15
14,40,3,15,16
14,40,3,16,25
14,40,3,17,9
14,40,3,18,31
14,40,3,19,24
14,40,3,20,27
14,40,3,21,6
14,40,3,22,30
14,40,3,23,18
14,40,3,24,3
14,40,3,25,2
14,40,3,26,38
14,40,3,27,20
14,40,3,28,32
14,40,3,29,7
14,40,3,30,29
14,40,3,31,21
14,40,3,32,28
14,40,3,33,34
14,40,3,34,11
14,40,3,35,35
14,40,3,36,19
14,40,3,37,5
14,40,3,38,8
14,40,3,39,33
14,40,3,40,10
14,40,4,1,35
14,40,4,2,3
14,40,4,3,36
14,40,4,4,8
14,40,4,5,22
14,40,4,6,15
14,40,4,7,9
14,40,4,8,38
14,40,4,9,27
14,40,4,10,19
14,40,4,11,33
14,40,4,12,32
14,40,4,13,20
14,40,4,14,7
14,40,4,15,6
14,40,4,16,16
14,40,4,17,30
14,40,4,18,39
14,40,4,19,10
14,40,4,20,26
14,40,4,21,25
14,40,4,22,37
14,40,4,23,11
14,40,4,24,40
14,40,4,25,18
14,40,4,26,23
14,40,4,27,34
14,40,4,28,29
14,40,4,29,24
14,40,4,30,31
14,40,4,31,4
14,40,4,32,21
14,40,4,33,17
14,40,4,34,28
14,40,4,35,5
14,40,4,36,13
14,40,4,37,14
14,40,4,38,2
14,40,4,39,12
14,40,4,40,1
14,40,5,1,10
14,40,5,2,28
14,40,5,3,4
14,40,5,4,9
14,40,5,5,20
14,40,5,6,13
14,40,5,7,33
14,40,5,8,16
14,40,5,9,31
14,40,5,10,7
14,40,5,11,21
14,40,5,12,3
14,40,5,13,8
14,40,5,14,26
14,40,5,15,32
14,40,5,16,27
14,40,5,17,25
14,40,5,18,38
14,40,5,19,24
14,40,5,20,15
14,40,5,21,40
14,40,5,22,2
14,40,5,23,30
14,40,5,24,39
14,40,5,25,19
14,40,5,26,6
14,40,5,27,18
14,40,5,28,23
14,40,5,29,35
14,40,5,30,22
14,40,5,31,17
14,40,5,32,12
14,40,5,33,37
14,40,5,34,1
14,40,5,35,29
14,40,5,36,34
14,40,5,37,11
14,40,5,38,14
14,40,5,39,36
14,40,5,40,5
14,40,6,1,3
14,40,6,2,40
14,40,6,3,29
14,40,6,4,37
14,40,6,5,19
14,40,6,6,33
14,40,6,7,24
14,40,6,8,11
14,40,6,9,26
14,40,6,10,2
14,40,6,11,12
14,40,6,12,13
14,40,6,13,21
14,40,6,14,8
14,40,6,15,1
14,40,6,16,27
14,40,6,17,36
14,40,6,18,14
14,40,6,19,5
14,40,6,20,18
14,40,6,21,9
14,40,6,22,23
14,40,6,23,7
14,40,6,24,30
14,40,6,25,39
14,40,6,26,25
14,40,6,27,32
14,40,6,28,35
14,40,6,29,38
14,40,6,30,34
14,40,6,31,4
14,40,6,32,17
14,40,6,33,20
14,40,6,34,22
14,40,6,35,16
14,40,6,36,15
14,40,6,37,10
14,40,6,38,28
14,40,6,39,31
14,40,6,40,6
14,40,7,1,33
14,40,7,2,5
14,40,7,3,23
14,40,7,4,17
14,40,7,5,37
14,40,7,6,29
14,40,7,7,26
14,40,7,8,27
14,40,7,9,25
14,40,7,10,3
14,40,7,11,16
14,40,7,12,20
14,40,7,13,22
14,40,7,14,6
14,40,7,15,38
14,40,7,16,28
14,40,7,17,18
14,40,7,18,32
14,40,7,19,35
14,40,7,20,1
14,40,7,21,4
14,40,7,22,2
14,40,7,23,7
14,40,7,24,15
14,40,7,25,8
14,40,7,26,19
14,40,7,27,9
14,40,7,28,36
14,40,7,29,31
14,40,7,30,12
14,40,7,31,14
14,40,7,32,40
14,40,7,33,11
14,40,7,34,34
14,40,7,35,30
14,40,7,36,13
14,40,7,37,24
14,40,7,38,39
14,40,7,39,10
14,40,7,40,21
14,40,8,1,6
14,40,8,2,19
14,40,8,3,24
14,40,8,4,4
14,40,8,5,38
14,40,8,6,7
14,40,8,7,18
14,40,8,8,35
14,40,8,9,10
14,40,8,10,28
14,40,8,11,14
14,40,8,12,26
14,40,8,13,40
14,40,8,14,27
14,40,8,15,32
14,40,8,16,11
14,40,8,17,1
14,40,8,18,29
14,40,8,19,15
14,40,8,20,30
14,40,8,21,23
14,40,8,22,13
14,40,8,23,12
14,40,8,24,31
14,40,8,25,25
14,40,8,26,17
14,40,8,27,8
14,40,8,28,3
14,40,8,29,22
14,40,8,30,2
14,40,8,31,16
14,40,8,32,21
14,40,8,33,36
14,40,8,34,20
14,40,8,35,34
14,40,8,36,9
14,40,8,37,37
14,40,8,38,33
14,40,8,39,5
14,40,8,40,39
14,40,9,1,30
14,40,9,2,10
14,40,9,3,26
14,40,9,4,15
14,40,9,5,27
14,40,9,6,16
14,40,9,7,34
14,40,9,8,5
14,40,9,9,18
14,40,9,10,36
14,40,9,11,28
14,40,9,12,4
14,40,9,13,22
14,40,9,14,9
14,40,9,15,31
14,40,9,16,8
14,40,9,17,32
14,40,9,18,19
14,40,9,19,2
14,40,9,20,23
14,40,9,21,13
14,40,9,22,14
14,40,9,23,39
14,40,9,24,38
14,40,9,25,3
14,40,9,26,12
14,40,9,27,21
14,40,9,28,37
14,40,9,29,40
14,40,9,30,24
14,40,9,31,17
14,40,9,32,1
14,40,9,33,25
14,40,9,34,6
14,40,9,35,20
14,40,9,36,29
14,40,9,37,35
14,40,9,38,11
14,40,9,39,33
14,40,9,40,7
15,40,1,1,12
15,40,1,2,35
15,40,1,3,29
15,40,1,4,20
15,40,1,5,25
15,40,1,6,11
15,40,1,7,13
15,40,1,8,26
15,40,1,9,2
15,40,1,10,39
15,40,1,11,40
15,40,1,12,34
15,40,1,13,9
15,40,1,14,21
15,40,1,15,31
15,40,1,16,4
15,40,1,17,30
15,40,1,18,5
15,40,1,19,36
15,40,1,20,3
15,40,1,21,38
15,40,1,22,14
15,40,1,23,1
15,40,1,24,33
15,40,1,25,22
15,40,1,26,18
15,40,1,27,7
15,40,1,28,23
15,40,1,29,19
15,40,1,30,28
15,40,1,31,15
15,40,1,32,24
15,40,1,33,37
15,40,1,34,27
15,40,1,35,17
15,40,1,36,16
15,40,1,37,10
15,40,1,38,8
15,40,1,39,32
15,40,1,40,6
15,40,2,1,15
15,40,2,2,33
15,40,2,3,10
15,40,2,4,29
15,40,2,5,22
15,40,2,6,38
15,40,2,7,18
15,40,2,8,7
15,40,2,9,9
15,40,2,10,21
15,40,2,11,11
15,40,2,12,32
15,40,2,13,24
15,40,2,14,40
15,40,2,15,4
15,40,2,16,23
15,40,2,17,20
15,40,2,18,12
15,40,2,19,6
15,40,2,20,35
15,40,2,21,17
15,40,2,22,31
15,40,2,23,27
15,40,2,24,19
15,40,2,25,13
15,40,2,26,1
15,40,2,27,8
15,40,2,28,30
15,40,2,29,37
15,40,2,30,2
15,40,2,31,14
15,40,2,32,16
15,40,2,33,28
15,40,2,34,3
15,40,2,35,5
15,40,2,36,26
15,40,2,37,36
15,40,2,38,25
15,40,2,39,34
15,40,2,40,39
15,40,3,1,30
15,40,3,2,6
15,40,3,3,27
15,40,3,4,24
15,40,3,5,31
15,40,3,6,9
15,40,3,7,25
15,40,3,8,14
15,40,3,9,26
15,40,3,10,10
15,40,3,11,38
15,40,3,12,20
15,40,3,13,32
15,40,3,14,33
15,40,3,15,7
15,40,3,16,8
15,40,3,17,5
15,40,3,18,19
15,40,3,19,29
15,40,3,20,35
15,40,3,21,21
15,40,3,22,11
15,40,3,23,34
15,40,3,24,28
15,40,3,25,13
15,40,3,26,39
15,40,3,27,22
15,40,3,28,12
15,40,3,29,4
15,40,3,30,36
15,40,3,31,40
15,40,3,32,17
15,40,3,33,37
15,40,3,34,1
15,40,3,35,23
15,40,3,36,15
15,40,3,37,16
15,40,3,38,3
15,40,3,39,2
15,40,3,40,18
15,40,4,1,11
15,40,4,2,5
15,40,4,3,28
15,40,4,4,17
15,40,4,5,21
15,40,4,6,31
15,40,4,7,4
15,40,4,8,14
15,40,4,9,13
15,40,4,10,2
15,40,4,11,12
15,40,4,12,1
15,40,4,13,24
15,40,4,14,29
15,40,4,15,18
15,40,4,16,34
15,40,4,17,23
15,40,4,18,38
15,40,4,19,9
15,40,4,20,15
15,40,4,21,27
15,40,4,22,22
15,40,4,23,8
15,40,4,24,36
15,40,4,25,19
15,40,4,26,33
15,40,4,27,35
15,40,4,28,3
15,40,4,29,40
15,40,4,30,26
15,40,4,31,16
15,40,4,32,32
15,40,4,33,20
15,40,4,34,7
15,40,4,35,6
15,40,4,36,30
15,40,4,37,39
15,40,4,38,10
15,40,4,39,25
15,40,4,40,37
15,40,5,1,18
15,40,5,2,39
15,40,5,3,30
15,40,5,4,40
15,40,5,5,15
15,40,5,6,38
15,40,5,7,25
15,40,5,8,24
15,40,5,9,2
15,40,5,10,27
15,40,5,11,9
15,40,5,12,20
15,40,5,13,33
15,40,5,14,13
15,40,5,15,4
15,40,5,16,28
15,40,5,17,16
15,40,5,18,31
15,40,5,19,7
15,40,5,20,21
15,40,5,21,3
15,40,5,22,8
15,40,5,23,26
15,40,5,24,32
15,40,5,25,10
15,40,5,26,5
15,40,5,27,36
15,40,5,28,14
15,40,5,29,1
15,40,5,30,29
15,40,5,31,37
15,40,5,32,12
15,40,5,33,17
15,40,5,34,34
15,40,5,35,11
15,40,5,36,22
15,40,5,37,35
15,40,5,38,23
15,40,5,39,6
15,40,5,40,19
15,40,6,1,13
15,40,6,2,12
15,40,6,3,2
15,40,6,4,26
15,40,6,5,11
15,40,6,6,39
15,40,6,7,30
15,40,6,8,25
15,40,6,9,17
15,40,6,10,20
15,40,6,11,22
15,40,6,12,7
15,40,6,13,32
15,40,6,14,35
15,40,6,15,38
15,40,6,16,34
15,40,6,17,4
15,40,6,18,16
15,40,6,19,15
15,40,6,20,10
15,40,6,21,28
15,40,6,22,31
15,40,6,23,14
15,40,6,24,5
15,40,6,25,36
15,40,6,26,27
15,40,6,27,1
15,40,6,28,18
15,40,6,29,8
15,40,6,30,9
15,40,6,31,6
15,40,6,32,40
15,40,6,33,29
15,40,6,34,3
15,40,6,35,23
15,40,6,36,37
15,40,6,37,21
15,40,6,38,19
15,40,6,39,33
15,40,6,40,24
15,40,7,1,17
15,40,7,2,35
15,40,7,3,32
15,40,7,4,1
15,40,7,5,18
15,40,7,6,4
15,40,7,7,2
15,40,7,8,7
15,40,7,9,15
15,40,7,10,31
15,40,7,11,8
15,40,7,12,19
15,40,7,13,9
15,40,7,14,36
15,40,7,15,12
15,40,7,16,14
15,40,7,17,28
15,40,7,18,38
15,40,7,19,16
15,40,7,20,20
15,40,7,21,22
15,40,7,22,6
15,40,7,23,40
15,40,7,24,11
15,40,7,25,34
15,40,7,26,30
15,40,7,27,13
15,40,7,28,24
15,40,7,29,39
15,40,7,30,10
15,40,7,31,21
15,40,7,32,33
15,40,7,33,5
15,40,7,34,23
15,40,7,35,37
15,40,7,36,29
15,40,7,37,26
15,40,7,38,27
15,40,7,39,25
15,40,7,40,3
15,40,8,1,6
15,40,8,2,19
15,40,8,3,24
15,40,8,4,4
15,40,8,5,38
15,40,8,6,7
15,40,8,7,9
15,40,8,8,18
15,40,8,9,14
15,40,8,10,28
15,40,8,11,10
15,40,8,12,35
15,40,8,13,40
15,40,8,14,26
15,40,8,15,27
15,40,8,16,32
15,40,8,17,11
15,40,8,18,1
15,40,8,19,29
15,40,8,20,15
15,40,8,21,30
15,40,8,22,23
15,40,8,23,13
15,40,8,24,21
15,40,8,25,36
15,40,8,26,12
15,40,8,27,31
15,40,8,28,25
15,40,8,29,17
15,40,8,30,8
15,40,8,31,3
15,40,8,32,22
15,40,8,33,2
15,40,8,34,16
15,40,8,35,20
15,40,8,36,34
15,40,8,37,37
15,40,8,38,33
15,40,8,39,5
15,40,8,40,39
15,40,9,1,30
15,40,9,2,10
15,40,9,3,26
15,40,9,4,15
15,40,9,5,27
15,40,9,6,16
15,40,9,7,34
15,40,9,8,5
15,40,9,9,18
15,40,9,10,36
15,40,9,11,28
15,40,9,12,4
15,40,9,13,22
15,40,9,14,8
15,40,9,15,9
15,40,9,16,31
15,40,9,17,32
15,40,9,18,19
15,40,9,19,2
15,40,9,20,23
15,40,9,21,13
15,40,9,22,14
15,40,9,23,39
15,40,9,24,38
15,40,9,25,3
15,40,9,26,12
15,40,9,27,21
15,40,9,28,37
15,40,9,29,40
15,40,9,30,24
15,40,9,31,17
15,40,9,32,1
15,40,9,33,25
15,40,9,34,6
15,40,9,35,20
15,40,9,36,29
15,40,9,37,35
15,40,9,38,11
15,40,9,39,33
15,40,9,40,7
16,40,1,1,12
16,40,1,2,6
16,40,1,3,32
16,40,1,4,20
16,40,1,5,8
16,40,1,6,16
16,40,1,7,10
16,40,1,8,27
16,40,1,9,17
16,40,1,10,28
16,40,1,11,19
16,40,1,12,23
16,40,1,13,7
16,40,1,14,15
16,40,1,15,18
16,40,1,16,24
16,40,1,17,37
16,40,1,18,22
16,40,1,19,33
16,40,1,20,9
16,40,1,21,21
16,40,1,22,1
16,40,1,23,14
16,40,1,24,31
16,40,1,25,30
16,40,1,26,5
16,40,1,27,36
16,40,1,28,38
16,40,1,29,3
16,40,1,30,4
16,40,1,31,34
16,40,1,32,40
16,40,1,33,39
16,40,1,34,2
16,40,1,35,26
16,40,1,36,13
16,40,1,37,11
16,40,1,38,25
16,40,1,39,29
16,40,1,40,35
16,40,2,1,36
16,40,2,2,26
16,40,2,3,5
16,40,2,4,14
16,40,2,5,2
16,40,2,6,37
16,40,2,7,16
16,40,2,8,3
16,40,2,9,30
16,40,2,10,27
16,40,2,11,31
16,40,2,12,19
16,40,2,13,13
16,40,2,14,1
16,40,2,15,17
16,40,2,16,35
16,40,2,17,12
16,40,2,18,6
16,40,2,19,20
16,40,2,20,23
16,40,2,21,4
16,40,2,22,40
16,40,2,23,24
16,40,2,24,28
16,40,2,25,8
16,40,2,26,21
16,40,2,27,9
16,40,2,28,7
16,40,2,29,18
16,40,2,30,32
16,40,2,31,11
16,40,2,32,38
16,40,2,33,22
16,40,2,34,29
16,40,2,35,10
16,40,2,36,33
16,40,2,37,15
16,40,2,38,25
16,40,2,39,39
16,40,2,40,34
16,40,3,1,30
16,40,3,2,6
16,40,3,3,27
16,40,3,4,24
16,40,3,5,31
16,40,3,6,38
16,40,3,7,20
16,40,3,8,32
16,40,3,9,7
16,40,3,10,33
16,40,3,11,10
16,40,3,12,8
16,40,3,13,5
16,40,3,14,19
16,40,3,15,29
16,40,3,16,21
16,40,3,17,35
16,40,3,18,11
16,40,3,19,34
16,40,3,20,28
16,40,3,21,13
16,40,3,22,39
16,40,3,23,22
16,40,3,24,12
16,40,3,25,4
16,40,3,26,36
16,40,3,27,17
16,40,3,28,37
16,40,3,29,40
16,40,3,30,1
16,40,3,31,23
16,40,3,32,15
16,40,3,33,16
16,40,3,34,25
16,40,3,35,9
16,40,3,36,14
16,40,3,37,26
16,40,3,38,2
16,40,3,39,3
16,40,3,40,18
16,40,4,1,38
16,40,4,2,23
16,40,4,3,34
16,40,4,4,29
16,40,4,5,24
16,40,4,6,31
16,40,4,7,21
16,40,4,8,17
16,40,4,9,28
16,40,4,10,4
16,40,4,11,14
16,40,4,12,13
16,40,4,13,5
16,40,4,14,2
16,40,4,15,12
16,40,4,16,1
16,40,4,17,18
16,40,4,18,35
16,40,4,19,3
16,40,4,20,40
16,40,4,21,37
16,40,4,22,11
16,40,4,23,25
16,40,4,24,26
16,40,4,25,10
16,40,4,26,30
16,40,4,27,39
16,40,4,28,16
16,40,4,29,32
16,40,4,30,20
16,40,4,31,6
16,40,4,32,7
16,40,4,33,33
16,40,4,34,36
16,40,4,35,19
16,40,4,36,8
16,40,4,37,22
16,40,4,38,27
16,40,4,39,15
16,40,4,40,9
16,40,5,1,38
16,40,5,2,25
16,40,5,3,24
16,40,5,4,2
16,40,5,5,27
16,40,5,6,36
16,40,5,7,5
16,40,5,8,9
16,40,5,9,20
16,40,5,10,4
16,40,5,11,13
16,40,5,12,33
16,40,5,13,16
16,40,5,14,31
16,40,5,15,7
16,40,5,16,21
16,40,5,17,3
16,40,5,18,8
16,40,5,19,26
16,40,5,20,28
16,40,5,21,32
16,40,5,22,1
16,40,5,23,10
16,40,5,24,14
16,40,5,25,29
16,40,5,26,37
16,40,5,27,12
16,40,5,28,17
16,40,5,29,22
16,40,5,30,34
16,40,5,31,11
16,40,5,32,35
16,40,5,33,23
16,40,5,34,6
16,40,5,35,18
16,40,5,36,19
16,40,5,37,39
16,40,5,38,30
16,40,5,39,40
16,40,5,40,15
16,40,6,1,1
16,40,6,2,8
16,40,6,3,21
16,40,6,4,19
16,40,6,5,33
16,40,6,6,24
16,40,6,7,13
16,40,6,8,12
16,40,6,9,2
16,40,6,10,26
16,40,6,11,11
16,40,6,12,30
16,40,6,13,7
16,40,6,14,32
16,40,6,15,39
16,40,6,16,25
16,40,6,17,35
16,40,6,18,22
16,40,6,19,20
16,40,6,20,17
16,40,6,21,4
16,40,6,22,34
16,40,6,23,38
16,40,6,24,16
16,40,6,25,15
16,40,6,26,10
16,40,6,27,40
16,40,6,28,28
16,40,6,29,6
16,40,6,30,23
16,40,6,31,3
16,40,6,32,29
16,40,6,33,37
16,40,6,34,9
16,40,6,35,31
16,40,6,36,18
16,40,6,37,14
16,40,6,38,5
16,40,6,39,36
16,40,6,40,27
16,40,7,1,30
16,40,7,2,34
16,40,7,3,11
16,40,7,4,40
16,40,7,5,9
16,40,7,6,19
16,40,7,7,36
16,40,7,8,8
16,40,7,9,12
16,40,7,10,6
16,40,7,11,22
16,40,7,12,20
16,40,7,13,16
16,40,7,14,38
16,40,7,15,28
16,40,7,16,14
16,40,7,17,31
16,40,7,18,15
16,40,7,19,7
16,40,7,20,2
16,40,7,21,4
16,40,7,22,18
16,40,7,23,1
16,40,7,24,32
16,40,7,25,35
16,40,7,26,17
16,40,7,27,23
16,40,7,28,5
16,40,7,29,33
16,40,7,30,21
16,40,7,31,10
16,40,7,32,37
16,40,7,33,3
16,40,7,34,29
16,40,7,35,27
16,40,7,36,25
16,40,7,37,26
16,40,7,38,39
16,40,7,39,24
16,40,7,40,13
16,40,8,1,35
16,40,8,2,10
16,40,8,3,28
16,40,8,4,14
16,40,8,5,26
16,40,8,6,40
16,40,8,7,27
16,40,8,8,32
16,40,8,9,11
16,40,8,10,1
16,40,8,11,30
16,40,8,12,29
16,40,8,13,15
16,40,8,14,23
16,40,8,15,21
16,40,8,16,13
16,40,8,17,12
16,40,8,18,31
16,40,8,19,25
16,40,8,20,17
16,40,8,21,8
16,40,8,22,3
16,40,8,23,2
16,40,8,24,22
16,40,8,25,16
16,40,8,26,36
16,40,8,27,20
16,40,8,28,34
16,40,8,29,33
16,40,8,30,5
16,40,8,31,39
16,40,8,32,6
16,40,8,33,19
16,40,8,34,24
16,40,8,35,4
16,40,8,36,38
16,40,8,37,7
16,40,8,38,37
16,40,8,39,9
16,40,8,40,18
16,40,9,1,16
16,40,9,2,34
16,40,9,3,5
16,40,9,4,18
16,40,9,5,36
16,40,9,6,28
16,40,9,7,4
16,40,9,8,8
16,40,9,9,22
16,40,9,10,9
16,40,9,11,31
16,40,9,12,3
16,40,9,13,38
16,40,9,14,32
16,40,9,15,19
16,40,9,16,2
16,40,9,17,23
16,40,9,18,13
16,40,9,19,14
16,40,9,20,39
16,40,9,21,12
16,40,9,22,21
16,40,9,23,37
16,40,9,24,40
16,40,9,25,24
16,40,9,26,17
16,40,9,27,1
16,40,9,28,25
16,40,9,29,6
16,40,9,30,20
16,40,9,31,29
16,40,9,32,11
16,40,9,33,7
16,40,9,34,33
16,40,9,35,35
16,40,9,36,30
16,40,9,37,10
16,40,9,38,26
16,40,9,39,15
16,40,9,40,27
17,40,1,1,29
17,40,1,2,35
17,40,1,3,12
17,40,1,4,6
17,40,1,5,32
17,40,1,6,20
17,40,1,7,8
17,40,1,8,10
17,40,1,9,16
17,40,1,10,17
17,40,1,11,28
17,40,1,12,19
17,40,1,13,23
17,40,1,14,7
17,40,1,15,15
17,40,1,16,18
17,40,1,17,24
17,40,1,18,37
17,40,1,19,22
17,40,1,20,33
17,40,1,21,1
17,40,1,22,14
17,40,1,23,38
17,40,1,24,3
17,40,1,25,36
17,40,1,26,5
17,40,1,27,30
17,40,1,28,4
17,40,1,29,31
17,40,1,30,21
17,40,1,31,9
17,40,1,32,27
17,40,1,33,11
17,40,1,34,34
17,40,1,35,40
17,40,1,36,39
17,40,1,37,2
17,40,1,38,26
17,40,1,39,13
17,40,1,40,25
17,40,2,1,15
17,40,2,2,33
17,40,2,3,10
17,40,2,4,29
17,40,2,5,22
17,40,2,6,38
17,40,2,7,18
17,40,2,8,7
17,40,2,9,9
17,40,2,10,21
17,40,2,11,11
17,40,2,12,32
17,40,2,13,20
17,40,2,14,12
17,40,2,15,35
17,40,2,16,17
17,40,2,17,6
17,40,2,18,23
17,40,2,19,4
17,40,2,20,13
17,40,2,21,19
17,40,2,22,27
17,40,2,23,31
17,40,2,24,30
17,40,2,25,1
17,40,2,26,8
17,40,2,27,40
17,40,2,28,24
17,40,2,29,28
17,40,2,30,3
17,40,2,31,16
17,40,2,32,37
17,40,2,33,2
17,40,2,34,14
17,40,2,35,5
17,40,2,36,26
17,40,2,37,36
17,40,2,38,34
17,40,2,39,25
17,40,2,40,39
17,40,3,1,4
17,40,3,2,12
17,40,3,3,22
17,40,3,4,36
17,40,3,5,17
17,40,3,6,37
17,40,3,7,40
17,40,3,8,1
17,40,3,9,23
17,40,3,10,15
17,40,3,11,16
17,40,3,12,3
17,40,3,13,18
17,40,3,14,30
17,40,3,15,2
17,40,3,16,6
17,40,3,17,27
17,40,3,18,24
17,40,3,19,31
17,40,3,20,9
17,40,3,21,25
17,40,3,22,14
17,40,3,23,26
17,40,3,24,38
17,40,3,25,20
17,40,3,26,32
17,40,3,27,33
17,40,3,28,8
17,40,3,29,7
17,40,3,30,5
17,40,3,31,19
17,40,3,32,10
17,40,3,33,35
17,40,3,34,29
17,40,3,35,21
17,40,3,36,11
17,40,3,37,34
17,40,3,38,28
17,40,3,39,39
17,40,3,40,13
17,40,4,1,38
17,40,4,2,9
17,40,4,3,15
17,40,4,4,27
17,40,4,5,22
17,40,4,6,8
17,40,4,7,36
17,40,4,8,19
17,40,4,9,33
17,40,4,10,32
17,40,4,11,20
17,40,4,12,7
17,40,4,13,6
17,40,4,14,16
17,40,4,15,30
17,40,4,16,10
17,40,4,17,26
17,40,4,18,37
17,40,4,19,25
17,40,4,20,39
17,40,4,21,11
17,40,4,22,40
17,40,4,23,3
17,40,4,24,35
17,40,4,25,1
17,40,4,26,12
17,40,4,27,2
17,40,4,28,5
17,40,4,29,13
17,40,4,30,14
17,40,4,31,28
17,40,4,32,17
17,40,4,33,21
17,40,4,34,4
17,40,4,35,31
17,40,4,36,24
17,40,4,37,29
17,40,4,38,18
17,40,4,39,34
17,40,4,40,23
17,40,5,1,7
17,40,5,2,31
17,40,5,3,33
17,40,5,4,20
17,40,5,5,13
17,40,5,6,4
17,40,5,7,9
17,40,5,8,27
17,40,5,9,24
17,40,5,10,25
17,40,5,11,38
17,40,5,12,15
17,40,5,13,40
17,40,5,14,2
17,40,5,15,30
17,40,5,16,39
17,40,5,17,19
17,40,5,18,18
17,40,5,19,6
17,40,5,20,23
17,40,5,21,35
17,40,5,22,22
17,40,5,23,17
17,40,5,24,12
17,40,5,25,37
17,40,5,26,34
17,40,5,27,11
17,40,5,28,29
17,40,5,29,14
17,40,5,30,10
17,40,5,31,36
17,40,5,32,5
17,40,5,33,28
17,40,5,34,16
17,40,5,35,32
17,40,5,36,1
17,40,5,37,26
17,40,5,38,8
17,40,5,39,3
17,40,5,40,21
17,40,6,1,11
17,40,6,2,26
17,40,6,3,2
17,40,6,4,12
17,40,6,5,13
17,40,6,6,24
17,40,6,7,33
17,40,6,8,19
17,40,6,9,21
17,40,6,10,8
17,40,6,11,1
17,40,6,12,27
17,40,6,13,36
17,40,6,14,5
17,40,6,15,14
17,40,6,16,31
17,40,6,17,15
17,40,6,18,16
17,40,6,19,4
17,40,6,20,17
17,40,6,21,20
17,40,6,22,22
17,40,6,23,25
17,40,6,24,39
17,40,6,25,30
17,40,6,26,7
17,40,6,27,32
17,40,6,28,35
17,40,6,29,38
17,40,6,30,34
17,40,6,31,10
17,40,6,32,28
17,40,6,33,6
17,40,6,34,40
17,40,6,35,18
17,40,6,36,9
17,40,6,37,37
17,40,6,38,29
17,40,6,39,3
17,40,6,40,23
17,40,7,1,8
17,40,7,2,19
17,40,7,3,9
17,40,7,4,36
17,40,7,5,12
17,40,7,6,14
17,40,7,7,28
17,40,7,8,38
17,40,7,9,16
17,40,7,10,20
17,40,7,11,22
17,40,7,12,6
17,40,7,13,11
17,40,7,14,40
17,40,7,15,34
17,40,7,16,30
17,40,7,17,13
17,40,7,18,24
17,40,7,19,39
17,40,7,20,10
17,40,7,21,21
17,40,7,22,33
17,40,7,23,5
17,40,7,24,23
17,40,7,25,37
17,40,7,26,29
17,40,7,27,27
17,40,7,28,26
17,40,7,29,25
17,40,7,30,3
17,40,7,31,17
17,40,7,32,35
17,40,7,33,32
17,40,7,34,1
17,40,7,35,18
17,40,7,36,4
17,40,7,37,2
17,40,7,38,7
17,40,7,39,15
17,40,7,40,31
17,40,8,1,19
17,40,8,2,6
17,40,8,3,22
17,40,8,4,3
17,40,8,5,8
17,40,8,6,17
17,40,8,7,25
17,40,8,8,2
17,40,8,9,31
17,40,8,10,12
17,40,8,11,13
17,40,8,12,23
17,40,8,13,30
17,40,8,14,15
17,40,8,15,29
17,40,8,16,1
17,40,8,17,11
17,40,8,18,32
17,40,8,19,27
17,40,8,20,40
17,40,8,21,10
17,40,8,22,35
17,40,8,23,28
17,40,8,24,26
17,40,8,25,14
17,40,8,26,18
17,40,8,27,9
17,40,8,28,7
17,40,8,29,38
17,40,8,30,4
17,40,8,31,24
17,40,8,32,5
17,40,8,33,37
17,40,8,34,34
17,40,8,35,20
17,40,8,36,36
17,40,8,37,21
17,40,8,38,16
17,40,8,39,33
17,40,8,40,39
17,40,9,1,9
17,40,9,2,31
17,40,9,3,22
17,40,9,4,8
17,40,9,5,4
17,40,9,6,28
17,40,9,7,36
17,40,9,8,32
17,40,9,9,19
17,40,9,10,18
17,40,9,11,5
17,40,9,12,34
17,40,9,13,16
17,40,9,14,27
17,40,9,15,2
17,40,9,16,23
17,40,9,17,13
17,40,9,18,14
17,40,9,19,29
17,40,9,20,15
17,40,9,21,26
17,40,9,22,10
17,40,9,23,30
17,40,9,24,35
17,40,9,25,33
17,40,9,26,7
17,40,9,27,11
17,40,9,28,20
17,40,9,29,6
17,40,9,30,25
17,40,9,31,1
17,40,9,32,17
17,40,9,33,24
17,40,9,34,40
17,40,9,35,37
17,40,9,36,21
17,40,9,37,12
17,40,9,38,39
17,40,9,39,38
17,40,9,40,3
18,40,1,1,38
18,40,1,2,3
18,40,1,3,36
18,40,1,4,5
18,40,1,5,30
18,40,1,6,4
18,40,1,7,31
18,40,1,8,14
18,40,1,9,1
18,40,1,10,21
18,40,1,11,9
18,40,1,12,33
18,40,1,13,22
18,40,1,14,7
18,40,1,15,23
18,40,1,16,19
18,40,1,17,28
18,40,1,18,15
18,40,1,19,18
18,40,1,20,24
18,40,1,21,37
18,40,1,22,27
18,40,1,23,10
18,40,1,24,17
18,40,1,25,16
18,40,1,26,8
18,40,1,27,20
18,40,1,28,32
18,40,1,29,6
18,40,1,30,12
18,40,1,31,35
18,40,1,32,29
18,40,1,33,25
18,40,1,34,11
18,40,1,35,13
18,40,1,36,26
18,40,1,37,2
18,40,1,38,34
18,40,1,39,40
18,40,1,40,39
18,40,2,1,36
18,40,2,2,25
18,40,2,3,34
18,40,2,4,26
18,40,2,5,5
18,40,2,6,14
18,40,2,7,2
18,40,2,8,37
18,40,2,9,16
18,40,2,10,30
18,40,2,11,27
18,40,2,12,31
18,40,2,13,17
18,40,2,14,35
18,40,2,15,12
18,40,2,16,6
18,40,2,17,19
18,40,2,18,13
18,40,2,19,1
18,40,2,20,20
18,40,2,21,23
18,40,2,22,4
18,40,2,23,8
18,40,2,24,40
18,40,2,25,24
18,40,2,26,28
18,40,2,27,3
18,40,2,28,39
18,40,2,29,32
18,40,2,30,21
18,40,2,31,9
18,40,2,32,7
18,40,2,33,11
18,40,2,34,18
18,40,2,35,38
18,40,2,36,22
18,40,2,37,29
18,40,2,38,10
18,40,2,39,33
18,40,2,40,15
18,40,3,1,4
18,40,3,2,12
18,40,3,3,22
18,40,3,4,36
18,40,3,5,40
18,40,3,6,37
18,40,3,7,17
18,40,3,8,1
18,40,3,9,23
18,40,3,10,15
18,40,3,11,16
18,40,3,12,25
18,40,3,13,9
18,40,3,14,3
18,40,3,15,18
18,40,3,16,2
18,40,3,17,30
18,40,3,18,6
18,40,3,19,27
18,40,3,20,24
18,40,3,21,31
18,40,3,22,14
18,40,3,23,26
18,40,3,24,38
18,40,3,25,10
18,40,3,26,20
18,40,3,27,32
18,40,3,28,33
18,40,3,29,8
18,40,3,30,7
18,40,3,31,5
18,40,3,32,19
18,40,3,33,29
18,40,3,34,21
18,40,3,35,35
18,40,3,36,11
18,40,3,37,34
18,40,3,38,28
18,40,3,39,13
18,40,3,40,39
18,40,4,1,36
18,40,4,2,8
18,40,4,3,22
18,40,4,4,35
18,40,4,5,32
18,40,4,6,27
18,40,4,7,3
18,40,4,8,33
18,40,4,9,19
18,40,4,10,15
18,40,4,11,9
18,40,4,12,18
18,40,4,13,29
18,40,4,14,24
18,40,4,15,34
18,40,4,16,23
18,40,4,17,38
18,40,4,18,31
18,40,4,19,21
18,40,4,20,17
18,40,4,21,28
18,40,4,22,4
18,40,4,23,14
18,40,4,24,13
18,40,4,25,5
18,40,4,26,2
18,40,4,27,12
18,40,4,28,1
18,40,4,29,40
18,40,4,30,11
18,40,4,31,25
18,40,4,32,37
18,40,4,33,26
18,40,4,34,10
18,40,4,35,39
18,40,4,36,6
18,40,4,37,30
18,40,4,38,20
18,40,4,39,16
18,40,4,40,7
18,40,5,1,31
18,40,5,2,16
18,40,5,3,28
18,40,5,4,7
18,40,5,5,21
18,40,5,6,3
18,40,5,7,8
18,40,5,8,26
18,40,5,9,29
18,40,5,10,32
18,40,5,11,1
18,40,5,12,14
18,40,5,13,37
18,40,5,14,12
18,40,5,15,17
18,40,5,16,11
18,40,5,17,25
18,40,5,18,2
18,40,5,19,10
18,40,5,20,9
18,40,5,21,20
18,40,5,22,4
18,40,5,23,13
18,40,5,24,33
18,40,5,25,39
18,40,5,26,30
18,40,5,27,5
18,40,5,28,27
18,40,5,29,36
18,40,5,30,24
18,40,5,31,34
18,40,5,32,22
18,40,5,33,35
18,40,5,34,23
18,40,5,35,15
18,40,5,36,38
18,40,5,37,40
18,40,5,38,18
18,40,5,39,6
18,40,5,40,19
18,40,6,1,21
18,40,6,2,37
18,40,6,3,7
18,40,6,4,32
18,40,6,5,35
18,40,6,6,38
18,40,6,7,25
18,40,6,8,22
18,40,6,9,20
18,40,6,10,17
18,40,6,11,4
18,40,6,12,15
18,40,6,13,34
18,40,6,14,16
18,40,6,15,10
18,40,6,16,28
18,40,6,17,6
18,40,6,18,31
18,40,6,19,24
18,40,6,20,2
18,40,6,21,26
18,40,6,22,11
18,40,6,23,30
18,40,6,24,39
18,40,6,25,33
18,40,6,26,19
18,40,6,27,13
18,40,6,28,8
18,40,6,29,3
18,40,6,30,23
18,40,6,31,29
18,40,6,32,40
18,40,6,33,9
18,40,6,34,18
18,40,6,35,12
18,40,6,36,5
18,40,6,37,14
18,40,6,38,27
18,40,6,39,1
18,40,6,40,36
18,40,7,1,5
18,40,7,2,16
18,40,7,3,20
18,40,7,4,24
18,40,7,5,22
18,40,7,6,6
18,40,7,7,40
18,40,7,8,13
18,40,7,9,30
18,40,7,10,39
18,40,7,11,10
18,40,7,12,25
18,40,7,13,27
18,40,7,14,26
18,40,7,15,3
18,40,7,16,23
18,40,7,17,37
18,40,7,18,29
18,40,7,19,17
18,40,7,20,35
18,40,7,21,1
18,40,7,22,34
18,40,7,23,11
18,40,7,24,38
18,40,7,25,33
18,40,7,26,21
18,40,7,27,28
18,40,7,28,14
18,40,7,29,12
18,40,7,30,8
18,40,7,31,36
18,40,7,32,9
18,40,7,33,19
18,40,7,34,31
18,40,7,35,15
18,40,7,36,18
18,40,7,37,4
18,40,7,38,2
18,40,7,39,7
18,40,7,40,32
18,40,8,1,19
18,40,8,2,6
18,40,8,3,39
18,40,8,4,5
18,40,8,5,24
18,40,8,6,4
18,40,8,7,38
18,40,8,8,7
18,40,8,9,18
18,40,8,10,9
18,40,8,11,28
18,40,8,12,10
18,40,8,13,35
18,40,8,14,40
18,40,8,15,26
18,40,8,16,14
18,40,8,17,27
18,40,8,18,32
18,40,8,19,11
18,40,8,20,1
18,40,8,21,29
18,40,8,22,15
18,40,8,23,30
18,40,8,24,23
18,40,8,25,13
18,40,8,26,21
18,40,8,27,36
18,40,8,28,12
18,40,8,29,31
18,40,8,30,25
18,40,8,31,17
18,40,8,32,8
18,40,8,33,3
18,40,8,34,22
18,40,8,35,2
18,40,8,36,16
18,40,8,37,20
18,40,8,38,34
18,40,8,39,33
18,40,8,40,37
18,40,9,1,30
18,40,9,2,7
18,40,9,3,33
18,40,9,4,10
18,40,9,5,26
18,40,9,6,15
18,40,9,7,35
18,40,9,8,11
18,40,9,9,20
18,40,9,10,29
18,40,9,11,14
18,40,9,12,13
18,40,9,13,23
18,40,9,14,2
18,40,9,15,27
18,40,9,16,16
18,40,9,17,34
18,40,9,18,5
18,40,9,19,19
18,40,9,20,18
18,40,9,21,32
18,40,9,22,36
18,40,9,23,28
18,40,9,24,4
18,40,9,25,8
18,40,9,26,22
18,40,9,27,31
18,40,9,28,9
18,40,9,29,3
18,40,9,30,38
18,40,9,31,39
18,40,9,32,12
18,40,9,33,21
18,40,9,34,37
18,40,9,35,40
18,40,9,36,24
18,40,9,37,1
18,40,9,38,17
18,40,9,39,25
18,40,9,40,6
19,40,1,1,34
19,40,1,2,40
19,40,1,3,39
19,40,1,4,2
19,40,1,5,26
19,40,1,6,13
19,40,1,7,11
19,40,1,8,25
19,40,1,9,20
19,40,1,10,32
19,40,1,11,6
19,40,1,12,29
19,40,1,13,35
19,40,1,14,12
19,40,1,15,8
19,40,1,16,16
19,40,1,17,17
19,40,1,18,28
19,40,1,19,23
19,40,1,20,19
19,40,1,21,15
19,40,1,22,7
19,40,1,23,18
19,40,1,24,24
19,40,1,25,37
19,40,1,26,26
19,40,1,27,10
19,40,1,28,22
19,40,1,29,33
19,40,1,30,9
19,40,1,31,21
19,40,1,32,1
19,40,1,33,14
19,40,1,34,38
19,40,1,35,3
19,40,1,36,36
19,40,1,37,5
19,40,1,38,30
19,40,1,39,4
19,40,1,40,31
19,40,2,1,36
19,40,2,2,34
19,40,2,3,25
19,40,2,4,39
19,40,2,5,3
19,40,2,6,5
19,40,2,7,26
19,40,2,8,14
19,40,2,9,2
19,40,2,10,37
19,40,2,11,16
19,40,2,12,30
19,40,2,13,31
19,40,2,14,27
19,40,2,15,19
19,40,2,16,17
19,40,2,17,35
19,40,2,18,12
19,40,2,19,6
19,40,2,20,13
19,40,2,21,1
19,40,2,22,20
19,40,2,23,23
19,40,2,24,4
19,40,2,25,8
19,40,2,26,40
19,40,2,27,24
19,40,2,28,28
19,40,2,29,32
19,40,2,30,21
19,40,2,31,9
19,40,2,32,7
19,40,2,33,18
19,40,2,34,11
19,40,2,35,38
19,40,2,36,22
19,40,2,37,29
19,40,2,38,10
19,40,2,39,33
19,40,2,40,15
19,40,3,1,17
19,40,3,2,36
19,40,3,3,4
19,40,3,4,12
19,40,3,5,22
19,40,3,6,13
19,40,3,7,28
19,40,3,8,34
19,40,3,9,39
19,40,3,10,11
19,40,3,11,21
19,40,3,12,35
19,40,3,13,29
19,40,3,14,19
19,40,3,15,5
19,40,3,16,8
19,40,3,17,7
19,40,3,18,33
19,40,3,19,10
19,40,3,20,32
19,40,3,21,20
19,40,3,22,38
19,40,3,23,26
19,40,3,24,14
19,40,3,25,31
19,40,3,26,24
19,40,3,27,27
19,40,3,28,6
19,40,3,29,9
19,40,3,30,25
19,40,3,31,2
19,40,3,32,18
19,40,3,33,30
19,40,3,34,3
19,40,3,35,16
19,40,3,36,15
19,40,3,37,23
19,40,3,38,1
19,40,3,39,37
19,40,3,40,40
19,40,4,1,27
19,40,4,2,15
19,40,4,3,9
19,40,4,4,38
19,40,4,5,23
19,40,4,6,34
19,40,4,7,29
19,40,4,8,24
19,40,4,9,31
19,40,4,10,4
19,40,4,11,21
19,40,4,12,17
19,40,4,13,28
19,40,4,14,14
19,40,4,15,13
19,40,4,16,5
19,40,4,17,11
19,40,4,18,37
19,40,4,19,25
19,40,4,20,39
19,40,4,21,30
19,40,4,22,10
19,40,4,23,26
19,40,4,24,40
19,40,4,25,2
19,40,4,26,12
19,40,4,27,1
19,40,4,28,18
19,40,4,29,35
19,40,4,30,3
19,40,4,31,16
19,40,4,32,6
19,40,4,33,7
19,40,4,34,32
19,40,4,35,33
19,40,4,36,19
19,40,4,37,36
19,40,4,38,8
19,40,4,39,22
19,40,4,40,27
19,40,5,1,38
19,40,5,2,25
19,40,5,3,24
19,40,5,4,27
19,40,5,5,9
19,40,5,6,20
19,40,5,7,33
19,40,5,8,13
19,40,5,9,4
19,40,5,10,28
19,40,5,11,16
19,40,5,12,31
19,40,5,13,7
19,40,5,14,21
19,40,5,15,3
19,40,5,16,8
19,40,5,17,26
19,40,5,18,32
19,40,5,19,1
19,40,5,20,37
19,40,5,21,12
19,40,5,22,17
19,40,5,23,22
19,40,5,24,34
19,40,5,25,11
19,40,5,26,29
19,40,5,27,14
19,40,5,28,10
19,40,5,29,5
19,40,5,30,36
19,40,5,31,35
19,40,5,32,23
19,40,5,33,6
19,40,5,34,18
19,40,5,35,19
19,40,5,36,2
19,40,5,37,30
19,40,5,38,39
19,40,5,39,40
19,40,5,40,15
19,40,6,1,12
19,40,6,2,13
19,40,6,3,2
19,40,6,4,26
19,40,6,5,11
19,40,6,6,39
19,40,6,7,30
19,40,6,8,25
19,40,6,9,22
19,40,6,10,20
19,40,6,11,17
19,40,6,12,4
19,40,6,13,34
19,40,6,14,16
19,40,6,15,15
19,40,6,16,10
19,40,6,17,38
19,40,6,18,35
19,40,6,19,32
19,40,6,20,7
19,40,6,21,24
19,40,6,22,33
19,40,6,23,23
19,40,6,24,3
19,40,6,25,40
19,40,6,26,28
19,40,6,27,6
19,40,6,28,29
19,40,6,29,37
19,40,6,30,19
19,40,6,31,21
19,40,6,32,9
19,40,6,33,31
19,40,6,34,14
19,40,6,35,18
19,40,6,36,5
19,40,6,37,36
19,40,6,38,27
19,40,6,39,1
19,40,6,40,8
19,40,7,1,30
19,40,7,2,13
19,40,7,3,34
19,40,7,4,11
19,40,7,5,40
19,40,7,6,9
19,40,7,7,19
19,40,7,8,8
19,40,7,9,36
19,40,7,10,12
19,40,7,11,31
19,40,7,12,15
19,40,7,13,7
19,40,7,14,2
19,40,7,15,4
19,40,7,16,18
19,40,7,17,1
19,40,7,18,32
19,40,7,19,35
19,40,7,20,17
19,40,7,21,23
19,40,7,22,5
19,40,7,23,33
19,40,7,24,21
19,40,7,25,38
19,40,7,26,28
19,40,7,27,14
19,40,7,28,16
19,40,7,29,20
19,40,7,30,22
19,40,7,31,6
19,40,7,32,39
19,40,7,33,10
19,40,7,34,37
19,40,7,35,29
19,40,7,36,27
19,40,7,37,3
19,40,7,38,25
19,40,7,39,26
19,40,7,40,24
19,40,8,1,17
19,40,8,2,25
19,40,8,3,31
19,40,8,4,12
19,40,8,5,13
19,40,8,6,23
19,40,8,7,30
19,40,8,8,15
19,40,8,9,29
19,40,8,10,1
19,40,8,11,11
19,40,8,12,21
19,40,8,13,36
19,40,8,14,32
19,40,8,15,27
19,40,8,16,14
19,40,8,17,26
19,40,8,18,40
19,40,8,19,28
19,40,8,20,10
19,40,8,21,35
19,40,8,22,18
19,40,8,23,9
19,40,8,24,7
19,40,8,25,38
19,40,8,26,4
19,40,8,27,24
19,40,8,28,19
19,40,8,29,6
19,40,8,30,39
19,40,8,31,5
19,40,8,32,37
19,40,8,33,20
19,40,8,34,34
19,40,8,35,33
19,40,8,36,16
19,40,8,37,2
19,40,8,38,22
19,40,8,39,3
19,40,8,40,8
19,40,9,1,27
19,40,9,2,2
19,40,9,3,23
19,40,9,4,13
19,40,9,5,14
19,40,9,6,20
19,40,9,7,29
19,40,9,8,15
19,40,9,9,26
19,40,9,10,10
19,40,9,11,30
19,40,9,12,35
19,40,9,13,33
19,40,9,14,7
19,40,9,15,11
19,40,9,16,6
19,40,9,17,25
19,40,9,18,17
19,40,9,19,1
19,40,9,20,24
19,40,9,21,40
19,40,9,22,37
19,40,9,23,21
19,40,9,24,12
19,40,9,25,39
19,40,9,26,38
19,40,9,27,3
19,40,9,28,9
19,40,9,29,31
19,40,9,30,19
19,40,9,31,32
19,40,9,32,8
19,40,9,33,22
19,40,9,34,4
19,40,9,35,28
19,40,9,36,36
19,40,9,37,18
19,40,9,38,5
19,40,9,39,34
19,40,9,40,16
20,40,1,1,39
20,40,1,2,40
20,40,1,3,34
20,40,1,4,4
20,40,1,5,3
20,40,1,6,38
20,40,1,7,36
20,40,1,8,5
20,40,1,9,30
20,40,1,10,31
20,40,1,11,14
20,40,1,12,1
20,40,1,13,21
20,40,1,14,9
20,40,1,15,33
20,40,1,16,22
20,40,1,17,23
20,40,1,18,19
20,40,1,19,7
20,40,1,20,28
20,40,1,21,15
20,40,1,22,18
20,40,1,23,37
20,40,1,24,24
20,40,1,25,27
20,40,1,26,17
20,40,1,27,16
20,40,1,28,10
20,40,1,29,8
20,40,1,30,32
20,40,1,31,6
20,40,1,32,12
20,40,1,33,35
20,40,1,34,29
20,40,1,35,20
20,40,1,36,25
20,40,1,37,11
20,40,1,38,13
20,40,1,39,26
20,40,1,40,2
20,40,2,1,15
20,40,2,2,33
20,40,2,3,10
20,40,2,4,29
20,40,2,5,22
20,40,2,6,38
20,40,2,7,18
20,40,2,8,7
20,40,2,9,9
20,40,2,10,21
20,40,2,11,11
20,40,2,12,32
20,40,2,13,20
20,40,2,14,23
20,40,2,15,12
20,40,2,16,35
20,40,2,17,6
20,40,2,18,4
20,40,2,19,17
20,40,2,20,31
20,40,2,21,27
20,40,2,22,19
20,40,2,23,13
20,40,2,24,40
20,40,2,25,24
20,40,2,26,8
20,40,2,27,1
20,40,2,28,30
20,40,2,29,28
20,40,2,30,3
20,40,2,31,16
20,40,2,32,37
20,40,2,33,2
20,40,2,34,14
20,40,2,35,39
20,40,2,36,5
20,40,2,37,26
20,40,2,38,34
20,40,2,39,25
20,40,2,40,36
20,40,3,1,28
20,40,3,2,34
20,40,3,3,11
20,40,3,4,21
20,40,3,5,35
20,40,3,6,29
20,40,3,7,19
20,40,3,8,5
20,40,3,9,8
20,40,3,10,7
20,40,3,11,33
20,40,3,12,32
20,40,3,13,10
20,40,3,14,20
20,40,3,15,38
20,40,3,16,26
20,40,3,17,14
20,40,3,18,31
20,40,3,19,24
20,40,3,20,27
20,40,3,21,6
20,40,3,22,30
20,40,3,23,2
20,40,3,24,9
20,40,3,25,25
20,40,3,26,18
20,40,3,27,3
20,40,3,28,16
20,40,3,29,15
20,40,3,30,23
20,40,3,31,1
20,40,3,32,39
20,40,3,33,40
20,40,3,34,37
20,40,3,35,17
20,40,3,36,36
20,40,3,37,22
20,40,3,38,13
20,40,3,39,12
20,40,3,40,4
20,40,4,1,6
20,40,4,2,7
20,40,4,3,20
20,40,4,4,32
20,40,4,5,33
20,40,4,6,19
20,40,4,7,27
20,40,4,8,9
20,40,4,9,38
20,40,4,10,15
20,40,4,11,22
20,40,4,12,8
20,40,4,13,36
20,40,4,14,3
20,40,4,15,35
20,40,4,16,23
20,40,4,17,34
20,40,4,18,18
20,40,4,19,29
20,40,4,20,24
20,40,4,21,1
20,40,4,22,12
20,40,4,23,31
20,40,4,24,2
20,40,4,25,4
20,40,4,26,14
20,40,4,27,13
20,40,4,28,21
20,40,4,29,17
20,40,4,30,28
20,40,4,31,5
20,40,4,32,11
20,40,4,33,40
20,40,4,34,37
20,40,4,35,25
20,40,4,36,39
20,40,4,37,10
20,40,4,38,26
20,40,4,39,30
20,40,4,40,16
20,40,5,1,18
20,40,5,2,6
20,40,5,3,23
20,40,5,4,35
20,40,5,5,11
20,40,5,6,34
20,40,5,7,22
20,40,5,8,17
20,40,5,9,12
20,40,5,10,37
20,40,5,11,29
20,40,5,12,14
20,40,5,13,10
20,40,5,14,32
20,40,5,15,1
20,40,5,16,3
20,40,5,17,8
20,40,5,18,21
20,40,5,19,26
20,40,5,20,7
20,40,5,21,31
20,40,5,22,16
20,40,5,23,28
20,40,5,24,33
20,40,5,25,20
20,40,5,26,13
20,40,5,27,4
20,40,5,28,9
20,40,5,29,27
20,40,5,30,5
20,40,5,31,36
20,40,5,32,19
20,40,5,33,2
20,40,5,34,24
20,40,5,35,25
20,40,5,36,38
20,40,5,37,15
20,40,5,38,40
20,40,5,39,30
20,40,5,40,39
20,40,6,1,11
20,40,6,2,26
20,40,6,3,2
20,40,6,4,12
20,40,6,5,13
20,40,6,6,8
20,40,6,7,1
20,40,6,8,27
20,40,6,9,36
20,40,6,10,14
20,40,6,11,5
20,40,6,12,18
20,40,6,13,31
20,40,6,14,9
20,40,6,15,21
20,40,6,16,24
20,40,6,17,33
20,40,6,18,19
20,40,6,19,37
20,40,6,20,23
20,40,6,21,3
20,40,6,22,29
20,40,6,23,40
20,40,6,24,6
20,40,6,25,28
20,40,6,26,10
20,40,6,27,15
20,40,6,28,16
20,40,6,29,4
20,40,6,30,34
20,40,6,31,17
20,40,6,32,20
20,40,6,33,22
20,40,6,34,38
20,40,6,35,35
20,40,6,36,32
20,40,6,37,25
20,40,6,38,39
20,40,6,39,30
20,40,6,40,7
20,40,7,1,25
20,40,7,2,26
20,40,7,3,24
20,40,7,4,30
20,40,7,5,13
20,40,7,6,34
20,40,7,7,39
20,40,7,8,10
20,40,7,9,11
20,40,7,10,22
20,40,7,11,20
20,40,7,12,16
20,40,7,13,6
20,40,7,14,40
20,40,7,15,19
20,40,7,16,8
20,40,7,17,9
20,40,7,18,36
20,40,7,19,21
20,40,7,20,38
20,40,7,21,33
20,40,7,22,28
20,40,7,23,14
20,40,7,24,12
20,40,7,25,31
20,40,7,26,15
20,40,7,27,7
20,40,7,28,2
20,40,7,29,4
20,40,7,30,18
20,40,7,31,1
20,40,7,32,32
20,40,7,33,35
20,40,7,34,5
20,40,7,35,23
20,40,7,36,17
20,40,7,37,37
20,40,7,38,29
20,40,7,39,3
20,40,7,40,27
20,40,8,1,15
20,40,8,2,23
20,40,8,3,13
20,40,8,4,12
20,40,8,5,31
20,40,8,6,25
20,40,8,7,17
20,40,8,8,8
20,40,8,9,2
20,40,8,10,21
20,40,8,11,16
20,40,8,12,3
20,40,8,13,22
20,40,8,14,36
20,40,8,15,20
20,40,8,16,34
20,40,8,17,33
20,40,8,18,5
20,40,8,19,39
20,40,8,20,6
20,40,8,21,19
20,40,8,22,37
20,40,8,23,24
20,40,8,24,4
20,40,8,25,38
20,40,8,26,7
20,40,8,27,18
20,40,8,28,9
20,40,8,29,14
20,40,8,30,28
20,40,8,31,35
20,40,8,32,10
20,40,8,33,26
20,40,8,34,40
20,40,8,35,27
20,40,8,36,32
20,40,8,37,11
20,40,8,38,30
20,40,8,39,1
20,40,8,40,29
20,40,9,1,30
20,40,9,2,10
20,40,9,3,26
20,40,9,4,15
20,40,9,5,27
20,40,9,6,16
20,40,9,7,34
20,40,9,8,2
20,40,9,9,14
20,40,9,10,13
20,40,9,11,23
20,40,9,12,19
20,40,9,13,5
20,40,9,14,18
20,40,9,15,32
20,40,9,16,36
20,40,9,17,28
20,40,9,18,4
20,40,9,19,22
20,40,9,20,8
20,40,9,21,31
20,40,9,22,9
20,40,9,23,3
20,40,9,24,38
20,40,9,25,39
20,40,9,26,12
20,40,9,27,21
20,40,9,28,37
20,40,9,29,40
20,40,9,30,24
20,40,9,31,17
20,40,9,32,1
20,40,9,33,25
20,40,9,34,6
20,40,9,35,20
20,40,9,36,29
20,40,9,37,35
20,40,9,38,11
20,40,9,39,33
20,40,9,40,7
21,40,1,1,3
21,40,1,2,4
21,40,1,3,34
21,40,1,4,40
21,40,1,5,39
21,40,1,6,2
21,40,1,7,26
21,40,1,8,13
21,40,1,9,11
21,40,1,10,25
21,40,1,11,29
21,40,1,12,35
21,40,1,13,12
21,40,1,14,6
21,40,1,15,32
21,40,1,16,20
21,40,1,17,8
21,40,1,18,16
21,40,1,19,17
21,40,1,20,10
21,40,1,21,27
21,40,1,22,24
21,40,1,23,15
21,40,1,24,28
21,40,1,25,19
21,40,1,26,23
21,40,1,27,7
21,40,1,28,18
21,40,1,29,37
21,40,1,30,22
21,40,1,31,33
21,40,1,32,9
21,40,1,33,21
21,40,1,34,31
21,40,1,35,1
21,40,1,36,14
21,40,1,37,30
21,40,1,38,5
21,40,1,39,36
21,40,1,40,38
21,40,2,1,15
21,40,2,2,25
21,40,2,3,36
21,40,2,4,26
21,40,2,5,34
21,40,2,6,5
21,40,2,7,14
21,40,2,8,2
21,40,2,9,37
21,40,2,10,16
21,40,2,11,30
21,40,2,12,31
21,40,2,13,27
21,40,2,14,35
21,40,2,15,17
21,40,2,16,19
21,40,2,17,12
21,40,2,18,6
21,40,2,19,13
21,40,2,20,1
21,40,2,21,3
21,40,2,22,8
21,40,2,23,20
21,40,2,24,23
21,40,2,25,4
21,40,2,26,40
21,40,2,27,24
21,40,2,28,28
21,40,2,29,39
21,40,2,30,21
21,40,2,31,9
21,40,2,32,7
21,40,2,33,32
21,40,2,34,11
21,40,2,35,18
21,40,2,36,38
21,40,2,37,22
21,40,2,38,29
21,40,2,39,10
21,40,2,40,33
21,40,3,1,30
21,40,3,2,18
21,40,3,3,3
21,40,3,4,2
21,40,3,5,16
21,40,3,6,15
21,40,3,7,1
21,40,3,8,23
21,40,3,9,37
21,40,3,10,17
21,40,3,11,40
21,40,3,12,36
21,40,3,13,4
21,40,3,14,12
21,40,3,15,22
21,40,3,16,39
21,40,3,17,13
21,40,3,18,28
21,40,3,19,34
21,40,3,20,11
21,40,3,21,21
21,40,3,22,29
21,40,3,23,35
21,40,3,24,19
21,40,3,25,5
21,40,3,26,8
21,40,3,27,7
21,40,3,28,33
21,40,3,29,10
21,40,3,30,26
21,40,3,31,14
21,40,3,32,25
21,40,3,33,9
21,40,3,34,31
21,40,3,35,32
21,40,3,36,20
21,40,3,37,38
21,40,3,38,24
21,40,3,39,27
21,40,3,40,6
21,40,4,1,7
21,40,4,2,20
21,40,4,3,32
21,40,4,4,33
21,40,4,5,19
21,40,4,6,27
21,40,4,7,9
21,40,4,8,38
21,40,4,9,15
21,40,4,10,22
21,40,4,11,8
21,40,4,12,36
21,40,4,13,3
21,40,4,14,35
21,40,4,15,18
21,40,4,16,23
21,40,4,17,34
21,40,4,18,29
21,40,4,19,24
21,40,4,20,31
21,40,4,21,21
21,40,4,22,17
21,40,4,23,28
21,40,4,24,4
21,40,4,25,14
21,40,4,26,13
21,40,4,27,5
21,40,4,28,2
21,40,4,29,12
21,40,4,30,1
21,40,4,31,40
21,40,4,32,37
21,40,4,33,11
21,40,4,34,25
21,40,4,35,26
21,40,4,36,10
21,40,4,37,39
21,40,4,38,30
21,40,4,39,16
21,40,4,40,6
21,40,5,1,18
21,40,5,2,39
21,40,5,3,30
21,40,5,4,40
21,40,5,5,15
21,40,5,6,38
21,40,5,7,25
21,40,5,8,24
21,40,5,9,2
21,40,5,10,27
21,40,5,11,9
21,40,5,12,20
21,40,5,13,33
21,40,5,14,13
21,40,5,15,4
21,40,5,16,28
21,40,5,17,26
21,40,5,18,16
21,40,5,19,31
21,40,5,20,7
21,40,5,21,8
21,40,5,22,21
21,40,5,23,3
21,40,5,24,32
21,40,5,25,5
21,40,5,26,36
21,40,5,27,10
21,40,5,28,14
21,40,5,29,1
21,40,5,30,29
21,40,5,31,37
21,40,5,32,11
21,40,5,33,34
21,40,5,34,12
21,40,5,35,17
21,40,5,36,22
21,40,5,37,35
21,40,5,38,23
21,40,5,39,19
21,40,5,40,6
21,40,6,1,1
21,40,6,2,27
21,40,6,3,36
21,40,6,4,14
21,40,6,5,5
21,40,6,6,18
21,40,6,7,9
21,40,6,8,31
21,40,6,9,6
21,40,6,10,28
21,40,6,11,10
21,40,6,12,15
21,40,6,13,16
21,40,6,14,4
21,40,6,15,17
21,40,6,16,20
21,40,6,17,22
21,40,6,18,34
21,40,6,19,38
21,40,6,20,35
21,40,6,21,25
21,40,6,22,39
21,40,6,23,30
21,40,6,24,7
21,40,6,25,32
21,40,6,26,40
21,40,6,27,29
21,40,6,28,3
21,40,6,29,23
21,40,6,30,37
21,40,6,31,19
21,40,6,32,33
21,40,6,33,21
21,40,6,34,24
21,40,6,35,11
21,40,6,36,26
21,40,6,37,2
21,40,6,38,12
21,40,6,39,13
21,40,6,40,8
21,40,7,1,25
21,40,7,2,26
21,40,7,3,24
21,40,7,4,30
21,40,7,5,13
21,40,7,6,34
21,40,7,7,11
21,40,7,8,40
21,40,7,9,19
21,40,7,10,8
21,40,7,11,9
21,40,7,12,36
21,40,7,13,15
21,40,7,14,31
21,40,7,15,12
21,40,7,16,6
21,40,7,17,22
21,40,7,18,39
21,40,7,19,10
21,40,7,20,20
21,40,7,21,16
21,40,7,22,38
21,40,7,23,28
21,40,7,24,14
21,40,7,25,7
21,40,7,26,2
21,40,7,27,4
21,40,7,28,1
21,40,7,29,32
21,40,7,30,35
21,40,7,31,18
21,40,7,32,21
21,40,7,33,33
21,40,7,34,5
21,40,7,35,23
21,40,7,36,17
21,40,7,37,37
21,40,7,38,29
21,40,7,39,27
21,40,7,40,3
21,40,8,1,19
21,40,8,2,24
21,40,8,3,4
21,40,8,4,38
21,40,8,5,7
21,40,8,6,18
21,40,8,7,9
21,40,8,8,28
21,40,8,9,35
21,40,8,10,10
21,40,8,11,40
21,40,8,12,26
21,40,8,13,14
21,40,8,14,32
21,40,8,15,27
21,40,8,16,11
21,40,8,17,1
21,40,8,18,29
21,40,8,19,15
21,40,8,20,30
21,40,8,21,23
21,40,8,22,13
21,40,8,23,21
21,40,8,24,36
21,40,8,25,12
21,40,8,26,31
21,40,8,27,25
21,40,8,28,17
21,40,8,29,8
21,40,8,30,2
21,40,8,31,3
21,40,8,32,22
21,40,8,33,16
21,40,8,34,20
21,40,8,35,34
21,40,8,36,37
21,40,8,37,33
21,40,8,38,5
21,40,8,39,39
21,40,8,40,6
21,40,9,1,30
21,40,9,2,10
21,40,9,3,26
21,40,9,4,15
21,40,9,5,27
21,40,9,6,16
21,40,9,7,34
21,40,9,8,5
21,40,9,9,18
21,40,9,10,36
21,40,9,11,28
21,40,9,12,4
21,40,9,13,22
21,40,9,14,9
21,40,9,15,31
21,40,9,16,8
21,40,9,17,32
21,40,9,18,19
21,40,9,19,2
21,40,9,20,23
21,40,9,21,13
21,40,9,22,14
21,40,9,23,39
21,40,9,24,38
21,40,9,25,3
21,40,9,26,12
21,40,9,27,21
21,40,9,28,37
21,40,9,29,40
21,40,9,30,24
21,40,9,31,17
21,40,9,32,1
21,40,9,33,25
21,40,9,34,6
21,40,9,35,20
21,40,9,36,29
21,40,9,37,35
21,40,9,38,11
21,40,9,39,33
21,40,9,40,7
22,40,1,1,39
22,40,1,2,40
22,40,1,3,34
22,40,1,4,31
22,40,1,5,4
22,40,1,6,30
22,40,1,7,3
22,40,1,8,5
22,40,1,9,36
22,40,1,10,38
22,40,1,11,14
22,40,1,12,1
22,40,1,13,21
22,40,1,14,9
22,40,1,15,22
22,40,1,16,33
22,40,1,17,23
22,40,1,18,19
22,40,1,19,7
22,40,1,20,28
22,40,1,21,15
22,40,1,22,18
22,40,1,23,37
22,40,1,24,24
22,40,1,25,17
22,40,1,26,16
22,40,1,27,8
22,40,1,28,20
22,40,1,29,32
22,40,1,30,6
22,40,1,31,12
22,40,1,32,35
22,40,1,33,29
22,40,1,34,25
22,40,1,35,10
22,40,1,36,27
22,40,1,37,11
22,40,1,38,13
22,40,1,39,26
22,40,1,40,2
22,40,2,1,15
22,40,2,2,33
22,40,2,3,10
22,40,2,4,29
22,40,2,5,22
22,40,2,6,38
22,40,2,7,18
22,40,2,8,7
22,40,2,9,11
22,40,2,10,32
22,40,2,11,21
22,40,2,12,9
22,40,2,13,23
22,40,2,14,20
22,40,2,15,12
22,40,2,16,35
22,40,2,17,17
22,40,2,18,6
22,40,2,19,4
22,40,2,20,24
22,40,2,21,40
22,40,2,22,8
22,40,2,23,1
22,40,2,24,13
22,40,2,25,19
22,40,2,26,27
22,40,2,27,31
22,40,2,28,30
22,40,2,29,37
22,40,2,30,16
22,40,2,31,2
22,40,2,32,14
22,40,2,33,3
22,40,2,34,28
22,40,2,35,39
22,40,2,36,5
22,40,2,37,26
22,40,2,38,34
22,40,2,39,36
22,40,2,40,25
22,40,3,1,4
22,40,3,2,12
22,40,3,3,22
22,40,3,4,36
22,40,3,5,17
22,40,3,6,40
22,40,3,7,37
22,40,3,8,39
22,40,3,9,1
22,40,3,10,23
22,40,3,11,15
22,40,3,12,16
22,40,3,13,3
22,40,3,14,30
22,40,3,15,18
22,40,3,16,2
22,40,3,17,25
22,40,3,18,9
22,40,3,19,6
22,40,3,20,27
22,40,3,21,24
22,40,3,22,31
22,40,3,23,14
22,40,3,24,26
22,40,3,25,10
22,40,3,26,38
22,40,3,27,20
22,40,3,28,32
22,40,3,29,33
22,40,3,30,7
22,40,3,31,8
22,40,3,32,5
22,40,3,33,19
22,40,3,34,29
22,40,3,35,21
22,40,3,36,35
22,40,3,37,11
22,40,3,38,34
22,40,3,39,28
22,40,3,40,13
22,40,4,1,27
22,40,4,2,22
22,40,4,3,8
22,40,4,4,36
22,40,4,5,19
22,40,4,6,33
22,40,4,7,3
22,40,4,8,35
22,40,4,9,40
22,40,4,10,16
22,40,4,11,32
22,40,4,12,20
22,40,4,13,7
22,40,4,14,6
22,40,4,15,30
22,40,4,16,26
22,40,4,17,10
22,40,4,18,39
22,40,4,19,25
22,40,4,20,37
22,40,4,21,11
22,40,4,22,5
22,40,4,23,13
22,40,4,24,28
22,40,4,25,17
22,40,4,26,21
22,40,4,27,4
22,40,4,28,14
22,40,4,29,2
22,40,4,30,12
22,40,4,31,31
22,40,4,32,24
22,40,4,33,1
22,40,4,34,29
22,40,4,35,18
22,40,4,36,34
22,40,4,37,23
22,40,4,38,15
22,40,4,39,38
22,40,4,40,9
22,40,5,1,18
22,40,5,2,6
22,40,5,3,23
22,40,5,4,35
22,40,5,5,22
22,40,5,6,11
22,40,5,7,34
22,40,5,8,17
22,40,5,9,12
22,40,5,10,37
22,40,5,11,29
22,40,5,12,14
22,40,5,13,10
22,40,5,14,32
22,40,5,15,1
22,40,5,16,26
22,40,5,17,8
22,40,5,18,3
22,40,5,19,21
22,40,5,20,7
22,40,5,21,31
22,40,5,22,16
22,40,5,23,28
22,40,5,24,4
22,40,5,25,13
22,40,5,26,33
22,40,5,27,20
22,40,5,28,9
22,40,5,29,27
22,40,5,30,5
22,40,5,31,36
22,40,5,32,2
22,40,5,33,24
22,40,5,34,25
22,40,5,35,38
22,40,5,36,15
22,40,5,37,40
22,40,5,38,30
22,40,5,39,39
22,40,5,40,19
22,40,6,1,2
22,40,6,2,12
22,40,6,3,13
22,40,6,4,24
22,40,6,5,33
22,40,6,6,19
22,40,6,7,21
22,40,6,8,8
22,40,6,9,1
22,40,6,10,27
22,40,6,11,36
22,40,6,12,14
22,40,6,13,5
22,40,6,14,18
22,40,6,15,9
22,40,6,16,37
22,40,6,17,3
22,40,6,18,29
22,40,6,19,40
22,40,6,20,6
22,40,6,21,31
22,40,6,22,28
22,40,6,23,10
22,40,6,24,15
22,40,6,25,16
22,40,6,26,4
22,40,6,27,17
22,40,6,28,20
22,40,6,29,22
22,40,6,30,34
22,40,6,31,38
22,40,6,32,35
22,40,6,33,23
22,40,6,34,32
22,40,6,35,7
22,40,6,36,25
22,40,6,37,39
22,40,6,38,30
22,40,6,39,11
22,40,6,40,26
22,40,7,1,34
22,40,7,2,11
22,40,7,3,40
22,40,7,4,9
22,40,7,5,19
22,40,7,6,8
22,40,7,7,36
22,40,7,8,12
22,40,7,9,31
22,40,7,10,15
22,40,7,11,7
22,40,7,12,2
22,40,7,13,4
22,40,7,14,18
22,40,7,15,1
22,40,7,16,32
22,40,7,17,35
22,40,7,18,17
22,40,7,19,23
22,40,7,20,5
22,40,7,21,33
22,40,7,22,21
22,40,7,23,38
22,40,7,24,28
22,40,7,25,14
22,40,7,26,6
22,40,7,27,20
22,40,7,28,16
22,40,7,29,22
22,40,7,30,10
22,40,7,31,39
22,40,7,32,29
22,40,7,33,37
22,40,7,34,3
22,40,7,35,27
22,40,7,36,25
22,40,7,37,26
22,40,7,38,24
22,40,7,39,13
22,40,7,40,30
22,40,8,1,35
22,40,8,2,10
22,40,8,3,28
22,40,8,4,18
22,40,8,5,9
22,40,8,6,7
22,40,8,7,38
22,40,8,8,4
22,40,8,9,24
22,40,8,10,19
22,40,8,11,6
22,40,8,12,39
22,40,8,13,5
22,40,8,14,37
22,40,8,15,34
22,40,8,16,20
22,40,8,17,33
22,40,8,18,16
22,40,8,19,2
22,40,8,20,22
22,40,8,21,3
22,40,8,22,8
22,40,8,23,17
22,40,8,24,25
22,40,8,25,31
22,40,8,26,12
22,40,8,27,36
22,40,8,28,21
22,40,8,29,13
22,40,8,30,23
22,40,8,31,30
22,40,8,32,15
22,40,8,33,29
22,40,8,34,1
22,40,8,35,11
22,40,8,36,32
22,40,8,37,27
22,40,8,38,14
22,40,8,39,26
22,40,8,40,40
22,40,9,1,16
22,40,9,2,34
22,40,9,3,5
22,40,9,4,18
22,40,9,5,36
22,40,9,6,28
22,40,9,7,4
22,40,9,8,8
22,40,9,9,22
22,40,9,10,9
22,40,9,11,31
22,40,9,12,32
22,40,9,13,19
22,40,9,14,38
22,40,9,15,3
22,40,9,16,39
22,40,9,17,12
22,40,9,18,21
22,40,9,19,37
22,40,9,20,40
22,40,9,21,24
22,40,9,22,17
22,40,9,23,1
22,40,9,24,25
22,40,9,25,6
22,40,9,26,20
22,40,9,27,11
22,40,9,28,7
22,40,9,29,33
22,40,9,30,35
22,40,9,31,30
22,40,9,32,10
22,40,9,33,26
22,40,9,34,15
22,40,9,35,29
22,40,9,36,14
22,40,9,37,13
22,40,9,38,23
22,40,9,39,2
22,40,9,40,27
23,40,1,1,39
23,40,1,2,40
23,40,1,3,34
23,40,1,4,31
23,40,1,5,4
23,40,1,6,3
23,40,1,7,38
23,40,1,8,36
23,40,1,9,5
23,40,1,10,30
23,40,1,11,14
23,40,1,12,1
23,40,1,13,21
23,40,1,14,9
23,40,1,15,22
23,40,1,16,33
23,40,1,17,23
23,40,1,18,19
23,40,1,19,28
23,40,1,20,7
23,40,1,21,15
23,40,1,22,18
23,40,1,23,37
23,40,1,24,24
23,40,1,25,27
23,40,1,26,17
23,40,1,27,16
23,40,1,28,10
23,40,1,29,8
23,40,1,30,12
23,40,1,31,29
23,40,1,32,35
23,40,1,33,6
23,40,1,34,32
23,40,1,35,20
23,40,1,36,25
23,40,1,37,11
23,40,1,38,13
23,40,1,39,26
23,40,1,40,2
23,40,2,1,15
23,40,2,2,33
23,40,2,3,10
23,40,2,4,29
23,40,2,5,22
23,40,2,6,38
23,40,2,7,18
23,40,2,8,7
23,40,2,9,9
23,40,2,10,21
23,40,2,11,11
23,40,2,12,32
23,40,2,13,28
23,40,2,14,24
23,40,2,15,40
23,40,2,16,4
23,40,2,17,23
23,40,2,18,20
23,40,2,19,12
23,40,2,20,6
23,40,2,21,35
23,40,2,22,17
23,40,2,23,31
23,40,2,24,27
23,40,2,25,19
23,40,2,26,13
23,40,2,27,1
23,40,2,28,8
23,40,2,29,30
23,40,2,30,16
23,40,2,31,37
23,40,2,32,2
23,40,2,33,14
23,40,2,34,26
23,40,2,35,5
23,40,2,36,3
23,40,2,37,39
23,40,2,38,34
23,40,2,39,36
23,40,2,40,25
23,40,3,1,26
23,40,3,2,14
23,40,3,3,31
23,40,3,4,24
23,40,3,5,27
23,40,3,6,6
23,40,3,7,30
23,40,3,8,18
23,40,3,9,2
23,40,3,10,3
23,40,3,11,9
23,40,3,12,25
23,40,3,13,16
23,40,3,14,15
23,40,3,15,23
23,40,3,16,1
23,40,3,17,37
23,40,3,18,17
23,40,3,19,40
23,40,3,20,36
23,40,3,21,4
23,40,3,22,12
23,40,3,23,22
23,40,3,24,39
23,40,3,25,13
23,40,3,26,28
23,40,3,27,34
23,40,3,28,11
23,40,3,29,21
23,40,3,30,29
23,40,3,31,35
23,40,3,32,19
23,40,3,33,5
23,40,3,34,33
23,40,3,35,8
23,40,3,36,7
23,40,3,37,32
23,40,3,38,20
23,40,3,39,38
23,40,3,40,10
23,40,4,1,11
23,40,4,2,25
23,40,4,3,39
23,40,4,4,10
23,40,4,5,26
23,40,4,6,30
23,40,4,7,6
23,40,4,8,7
23,40,4,9,20
23,40,4,10,32
23,40,4,11,16
23,40,4,12,33
23,40,4,13,19
23,40,4,14,36
23,40,4,15,8
23,40,4,16,22
23,40,4,17,27
23,40,4,18,15
23,40,4,19,9
23,40,4,20,38
23,40,4,21,23
23,40,4,22,34
23,40,4,23,18
23,40,4,24,3
23,40,4,25,35
23,40,4,26,1
23,40,4,27,29
23,40,4,28,24
23,40,4,29,31
23,40,4,30,4
23,40,4,31,21
23,40,4,32,17
23,40,4,33,28
23,40,4,34,5
23,40,4,35,13
23,40,4,36,14
23,40,4,37,2
23,40,4,38,12
23,40,4,39,40
23,40,4,40,37
23,40,5,1,1
23,40,5,2,32
23,40,5,3,26
23,40,5,4,8
23,40,5,5,3
23,40,5,6,21
23,40,5,7,7
23,40,5,8,31
23,40,5,9,16
23,40,5,10,28
23,40,5,11,4
23,40,5,12,13
23,40,5,13,33
23,40,5,14,20
23,40,5,15,9
23,40,5,16,27
23,40,5,17,24
23,40,5,18,25
23,40,5,19,38
23,40,5,20,15
23,40,5,21,40
23,40,5,22,2
23,40,5,23,30
23,40,5,24,39
23,40,5,25,19
23,40,5,26,18
23,40,5,27,6
23,40,5,28,23
23,40,5,29,35
23,40,5,30,22
23,40,5,31,17
23,40,5,32,12
23,40,5,33,37
23,40,5,34,34
23,40,5,35,11
23,40,5,36,36
23,40,5,37,5
23,40,5,38,10
23,40,5,39,14
23,40,5,40,29
23,40,6,1,1
23,40,6,2,8
23,40,6,3,21
23,40,6,4,13
23,40,6,5,12
23,40,6,6,2
23,40,6,7,26
23,40,6,8,11
23,40,6,9,24
23,40,6,10,33
23,40,6,11,19
23,40,6,12,37
23,40,6,13,29
23,40,6,14,3
23,40,6,15,23
23,40,6,16,32
23,40,6,17,7
23,40,6,18,30
23,40,6,19,39
23,40,6,20,25
23,40,6,21,35
23,40,6,22,38
23,40,6,23,22
23,40,6,24,20
23,40,6,25,17
23,40,6,26,4
23,40,6,27,34
23,40,6,28,16
23,40,6,29,15
23,40,6,30,10
23,40,6,31,28
23,40,6,32,40
23,40,6,33,6
23,40,6,34,31
23,40,6,35,9
23,40,6,36,18
23,40,6,37,14
23,40,6,38,5
23,40,6,39,36
23,40,6,40,27
23,40,7,1,17
23,40,7,2,35
23,40,7,3,32
23,40,7,4,1
23,40,7,5,18
23,40,7,6,4
23,40,7,7,2
23,40,7,8,7
23,40,7,9,15
23,40,7,10,31
23,40,7,11,8
23,40,7,12,19
23,40,7,13,9
23,40,7,14,36
23,40,7,15,12
23,40,7,16,14
23,40,7,17,28
23,40,7,18,38
23,40,7,19,16
23,40,7,20,20
23,40,7,21,22
23,40,7,22,6
23,40,7,23,40
23,40,7,24,11
23,40,7,25,34
23,40,7,26,30
23,40,7,27,13
23,40,7,28,24
23,40,7,29,39
23,40,7,30,10
23,40,7,31,21
23,40,7,32,33
23,40,7,33,5
23,40,7,34,23
23,40,7,35,37
23,40,7,36,29
23,40,7,37,26
23,40,7,38,27
23,40,7,39,25
23,40,7,40,3
23,40,8,1,20
23,40,8,2,34
23,40,8,3,33
23,40,8,4,5
23,40,8,5,39
23,40,8,6,6
23,40,8,7,19
23,40,8,8,24
23,40,8,9,4
23,40,8,10,38
23,40,8,11,37
23,40,8,12,7
23,40,8,13,9
23,40,8,14,18
23,40,8,15,28
23,40,8,16,10
23,40,8,17,35
23,40,8,18,40
23,40,8,19,26
23,40,8,20,27
23,40,8,21,32
23,40,8,22,1
23,40,8,23,29
23,40,8,24,15
23,40,8,25,23
23,40,8,26,30
23,40,8,27,11
23,40,8,28,13
23,40,8,29,12
23,40,8,30,31
23,40,8,31,25
23,40,8,32,17
23,40,8,33,8
23,40,8,34,3
23,40,8,35,22
23,40,8,36,2
23,40,8,37,16
23,40,8,38,21
23,40,8,39,14
23,40,8,40,36
23,40,9,1,27
23,40,9,2,15
23,40,9,3,26
23,40,9,4,10
23,40,9,5,30
23,40,9,6,7
23,40,9,7,11
23,40,9,8,33
23,40,9,9,35
23,40,9,10,29
23,40,9,11,20
23,40,9,12,6
23,40,9,13,25
23,40,9,14,1
23,40,9,15,17
23,40,9,16,24
23,40,9,17,40
23,40,9,18,37
23,40,9,19,21
23,40,9,20,12
23,40,9,21,39
23,40,9,22,38
23,40,9,23,3
23,40,9,24,9
23,40,9,25,31
23,40,9,26,22
23,40,9,27,8
23,40,9,28,4
23,40,9,29,28
23,40,9,30,36
23,40,9,31,32
23,40,9,32,18
23,40,9,33,5
23,40,9,34,16
23,40,9,35,34
23,40,9,36,19
23,40,9,37,14
23,40,9,38,13
23,40,9,39,23
23,40,9,40,2
24,40,1,1,26
24,40,1,2,39
24,40,1,3,2
24,40,1,4,40
24,40,1,5,13
24,40,1,6,11
24,40,1,7,34
24,40,1,8,9
24,40,1,9,21
24,40,1,10,31
24,40,1,11,4
24,40,1,12,30
24,40,1,13,3
24,40,1,14,5
24,40,1,15,36
24,40,1,16,38
24,40,1,17,14
24,40,1,18,1
24,40,1,19,33
24,40,1,20,23
24,40,1,21,19
24,40,1,22,28
24,40,1,23,7
24,40,1,24,22
24,40,1,25,15
24,40,1,26,18
24,40,1,27,37
24,40,1,28,24
24,40,1,29,17
24,40,1,30,16
24,40,1,31,27
24,40,1,32,10
24,40,1,33,8
24,40,1,34,12
24,40,1,35,35
24,40,1,36,29
24,40,1,37,6
24,40,1,38,32
24,40,1,39,20
24,40,1,40,25
24,40,2,1,15
24,40,2,2,33
24,40,2,3,10
24,40,2,4,29
24,40,2,5,22
24,40,2,6,38
24,40,2,7,18
24,40,2,8,7
24,40,2,9,9
24,40,2,10,21
24,40,2,11,11
24,40,2,12,32
24,40,2,13,24
24,40,2,14,40
24,40,2,15,4
24,40,2,16,23
24,40,2,17,20
24,40,2,18,12
24,40,2,19,35
24,40,2,20,17
24,40,2,21,6
24,40,2,22,13
24,40,2,23,1
24,40,2,24,19
24,40,2,25,27
24,40,2,26,31
24,40,2,27,30
24,40,2,28,16
24,40,2,29,37
24,40,2,30,2
24,40,2,31,14
24,40,2,32,26
24,40,2,33,36
24,40,2,34,34
24,40,2,35,5
24,40,2,36,3
24,40,2,37,8
24,40,2,38,28
24,40,2,39,39
24,40,2,40,25
24,40,3,1,4
24,40,3,2,12
24,40,3,3,13
24,40,3,4,22
24,40,3,5,36
24,40,3,6,17
24,40,3,7,37
24,40,3,8,40
24,40,3,9,39
24,40,3,10,1
24,40,3,11,23
24,40,3,12,15
24,40,3,13,16
24,40,3,14,25
24,40,3,15,9
24,40,3,16,3
24,40,3,17,18
24,40,3,18,2
24,40,3,19,30
24,40,3,20,6
24,40,3,21,27
24,40,3,22,24
24,40,3,23,31
24,40,3,24,14
24,40,3,25,26
24,40,3,26,38
24,40,3,27,20
24,40,3,28,32
24,40,3,29,7
24,40,3,30,33
24,40,3,31,8
24,40,3,32,10
24,40,3,33,5
24,40,3,34,19
24,40,3,35,29
24,40,3,36,35
24,40,3,37,21
24,40,3,38,11
24,40,3,39,34
24,40,3,40,28
24,40,4,1,6
24,40,4,2,7
24,40,4,3,20
24,40,4,4,16
24,40,4,5,32
24,40,4,6,33
24,40,4,7,19
24,40,4,8,27
24,40,4,9,9
24,40,4,10,38
24,40,4,11,15
24,40,4,12,23
24,40,4,13,34
24,40,4,14,29
24,40,4,15,24
24,40,4,16,31
24,40,4,17,21
24,40,4,18,17
24,40,4,19,28
24,40,4,20,4
24,40,4,21,14
24,40,4,22,13
24,40,4,23,5
24,40,4,24,2
24,40,4,25,12
24,40,4,26,1
24,40,4,27,18
24,40,4,28,22
24,40,4,29,8
24,40,4,30,36
24,40,4,31,35
24,40,4,32,3
24,40,4,33,40
24,40,4,34,26
24,40,4,35,37
24,40,4,36,11
24,40,4,37,25
24,40,4,38,10
24,40,4,39,39
24,40,4,40,30
24,40,5,1,3
24,40,5,2,21
24,40,5,3,7
24,40,5,4,31
24,40,5,5,8
24,40,5,6,26
24,40,5,7,16
24,40,5,8,33
24,40,5,9,20
24,40,5,10,13
24,40,5,11,4
24,40,5,12,28
24,40,5,13,9
24,40,5,14,27
24,40,5,15,24
24,40,5,16,25
24,40,5,17,38
24,40,5,18,15
24,40,5,19,40
24,40,5,20,2
24,40,5,21,30
24,40,5,22,39
24,40,5,23,23
24,40,5,24,19
24,40,5,25,6
24,40,5,26,18
24,40,5,27,35
24,40,5,28,11
24,40,5,29,34
24,40,5,30,22
24,40,5,31,17
24,40,5,32,12
24,40,5,33,37
24,40,5,34,29
24,40,5,35,14
24,40,5,36,10
24,40,5,37,36
24,40,5,38,5
24,40,5,39,32
24,40,5,40,1
24,40,6,1,15
24,40,6,2,4
24,40,6,3,17
24,40,6,4,20
24,40,6,5,22
24,40,6,6,34
24,40,6,7,16
24,40,6,8,10
24,40,6,9,38
24,40,6,10,28
24,40,6,11,6
24,40,6,12,40
24,40,6,13,29
24,40,6,14,3
24,40,6,15,35
24,40,6,16,32
24,40,6,17,23
24,40,6,18,37
24,40,6,19,9
24,40,6,20,31
24,40,6,21,14
24,40,6,22,5
24,40,6,23,36
24,40,6,24,27
24,40,6,25,1
24,40,6,26,18
24,40,6,27,8
24,40,6,28,21
24,40,6,29,19
24,40,6,30,33
24,40,6,31,24
24,40,6,32,13
24,40,6,33,12
24,40,6,34,2
24,40,6,35,26
24,40,6,36,11
24,40,6,37,7
24,40,6,38,30
24,40,6,39,39
24,40,6,40,25
24,40,7,1,35
24,40,7,2,32
24,40,7,3,1
24,40,7,4,18
24,40,7,5,4
24,40,7,6,2
24,40,7,7,7
24,40,7,8,15
24,40,7,9,31
24,40,7,10,8
24,40,7,11,19
24,40,7,12,9
24,40,7,13,36
24,40,7,14,12
24,40,7,15,14
24,40,7,16,28
24,40,7,17,38
24,40,7,18,16
24,40,7,19,20
24,40,7,20,6
24,40,7,21,22
24,40,7,22,11
24,40,7,23,40
24,40,7,24,34
24,40,7,25,30
24,40,7,26,13
24,40,7,27,24
24,40,7,28,39
24,40,7,29,10
24,40,7,30,26
24,40,7,31,25
24,40,7,32,27
24,40,7,33,29
24,40,7,34,37
24,40,7,35,3
24,40,7,36,21
24,40,7,37,33
24,40,7,38,5
24,40,7,39,23
24,40,7,40,17
24,40,8,1,6
24,40,8,2,19
24,40,8,3,24
24,40,8,4,4
24,40,8,5,38
24,40,8,6,7
24,40,8,7,9
24,40,8,8,18
24,40,8,9,35
24,40,8,10,10
24,40,8,11,28
24,40,8,12,40
24,40,8,13,26
24,40,8,14,14
24,40,8,15,27
24,40,8,16,32
24,40,8,17,11
24,40,8,18,1
24,40,8,19,29
24,40,8,20,15
24,40,8,21,30
24,40,8,22,23
24,40,8,23,13
24,40,8,24,12
24,40,8,25,31
24,40,8,26,25
24,40,8,27,17
24,40,8,28,8
24,40,8,29,3
24,40,8,30,22
24,40,8,31,2
24,40,8,32,16
24,40,8,33,21
24,40,8,34,36
24,40,8,35,20
24,40,8,36,34
24,40,8,37,37
24,40,8,38,33
24,40,8,39,5
24,40,8,40,39
24,40,9,1,27
24,40,9,2,16
24,40,9,3,34
24,40,9,4,5
24,40,9,5,18
24,40,9,6,2
24,40,9,7,14
24,40,9,8,13
24,40,9,9,23
24,40,9,10,19
24,40,9,11,32
24,40,9,12,36
24,40,9,13,28
24,40,9,14,4
24,40,9,15,22
24,40,9,16,8
24,40,9,17,31
24,40,9,18,9
24,40,9,19,3
24,40,9,20,38
24,40,9,21,39
24,40,9,22,12
24,40,9,23,21
24,40,9,24,37
24,40,9,25,40
24,40,9,26,24
24,40,9,27,17
24,40,9,28,1
24,40,9,29,25
24,40,9,30,6
24,40,9,31,20
24,40,9,32,29
24,40,9,33,35
24,40,9,34,33
24,40,9,35,11
24,40,9,36,7
24,40,9,37,30
24,40,9,38,10
24,40,9,39,26
24,40,9,40,15
25,40,1,1,39
25,40,1,2,40
25,40,1,3,34
25,40,1,4,4
25,40,1,5,3
25,40,1,6,38
25,40,1,7,36
25,40,1,8,5
25,40,1,9,30
25,40,1,10,31
25,40,1,11,14
25,40,1,12,1
25,40,1,13,21
25,40,1,14,9
25,40,1,15,33
25,40,1,16,22
25,40,1,17,37
25,40,1,18,24
25,40,1,19,18
25,40,1,20,7
25,40,1,21,23
25,40,1,22,19
25,40,1,23,15
25,40,1,24,28
25,40,1,25,17
25,40,1,26,16
25,40,1,27,12
25,40,1,28,29
25,40,1,29,35
25,40,1,30,6
25,40,1,31,32
25,40,1,32,8
25,40,1,33,10
25,40,1,34,20
25,40,1,35,25
25,40,1,36,27
25,40,1,37,11
25,40,1,38,13
25,40,1,39,26
25,40,1,40,2
25,40,2,1,36
25,40,2,2,25
25,40,2,3,15
25,40,2,4,33
25,40,2,5,10
25,40,2,6,29
25,40,2,7,22
25,40,2,8,38
25,40,2,9,18
25,40,2,10,7
25,40,2,11,11
25,40,2,12,32
25,40,2,13,21
25,40,2,14,9
25,40,2,15,20
25,40,2,16,35
25,40,2,17,12
25,40,2,18,23
25,40,2,19,6
25,40,2,20,17
25,40,2,21,31
25,40,2,22,27
25,40,2,23,19
25,40,2,24,13
25,40,2,25,4
25,40,2,26,1
25,40,2,27,30
25,40,2,28,8
25,40,2,29,40
25,40,2,30,24
25,40,2,31,28
25,40,2,32,3
25,40,2,33,16
25,40,2,34,37
25,40,2,35,2
25,40,2,36,14
25,40,2,37,39
25,40,2,38,34
25,40,2,39,5
25,40,2,40,26
25,40,3,1,7
25,40,3,2,32
25,40,3,3,20
25,40,3,4,38
25,40,3,5,31
25,40,3,6,24
25,40,3,7,27
25,40,3,8,6
25,40,3,9,2
25,40,3,10,30
25,40,3,11,18
25,40,3,12,3
25,40,3,13,16
25,40,3,14,15
25,40,3,15,23
25,40,3,16,1
25,40,3,17,17
25,40,3,18,37
25,40,3,19,40
25,40,3,20,36
25,40,3,21,4
25,40,3,22,12
25,40,3,23,22
25,40,3,24,39
25,40,3,25,13
25,40,3,26,28
25,40,3,27,34
25,40,3,28,25
25,40,3,29,9
25,40,3,30,14
25,40,3,31,26
25,40,3,32,11
25,40,3,33,35
25,40,3,34,21
25,40,3,35,29
25,40,3,36,19
25,40,3,37,10
25,40,3,38,5
25,40,3,39,33
25,40,3,40,8
25,40,4,1,27
25,40,4,2,19
25,40,4,3,33
25,40,4,4,32
25,40,4,5,20
25,40,4,6,7
25,40,4,7,6
25,40,4,8,16
25,40,4,9,30
25,40,4,10,39
25,40,4,11,10
25,40,4,12,26
25,40,4,13,25
25,40,4,14,11
25,40,4,15,37
25,40,4,16,40
25,40,4,17,3
25,40,4,18,35
25,40,4,19,36
25,40,4,20,8
25,40,4,21,18
25,40,4,22,1
25,40,4,23,12
25,40,4,24,2
25,40,4,25,5
25,40,4,26,13
25,40,4,27,14
25,40,4,28,28
25,40,4,29,17
25,40,4,30,21
25,40,4,31,4
25,40,4,32,31
25,40,4,33,24
25,40,4,34,29
25,40,4,35,34
25,40,4,36,23
25,40,4,37,22
25,40,4,38,15
25,40,4,39,38
25,40,4,40,9
25,40,5,1,18
25,40,5,2,19
25,40,5,3,39
25,40,5,4,30
25,40,5,5,40
25,40,5,6,15
25,40,5,7,38
25,40,5,8,25
25,40,5,9,24
25,40,5,10,2
25,40,5,11,27
25,40,5,12,9
25,40,5,13,20
25,40,5,14,4
25,40,5,15,13
25,40,5,16,33
25,40,5,17,31
25,40,5,18,7
25,40,5,19,21
25,40,5,20,3
25,40,5,21,8
25,40,5,22,26
25,40,5,23,16
25,40,5,24,28
25,40,5,25,32
25,40,5,26,1
25,40,5,27,29
25,40,5,28,14
25,40,5,29,10
25,40,5,30,5
25,40,5,31,36
25,40,5,32,11
25,40,5,33,34
25,40,5,34,37
25,40,5,35,12
25,40,5,36,17
25,40,5,37,22
25,40,5,38,35
25,40,5,39,23
25,40,5,40,6
25,40,6,1,4
25,40,6,2,20
25,40,6,3,22
25,40,6,4,34
25,40,6,5,16
25,40,6,6,15
25,40,6,7,10
25,40,6,8,38
25,40,6,9,35
25,40,6,10,28
25,40,6,11,31
25,40,6,12,6
25,40,6,13,40
25,40,6,14,3
25,40,6,15,29
25,40,6,16,9
25,40,6,17,18
25,40,6,18,14
25,40,6,19,5
25,40,6,20,36
25,40,6,21,27
25,40,6,22,1
25,40,6,23,8
25,40,6,24,21
25,40,6,25,12
25,40,6,26,13
25,40,6,27,2
25,40,6,28,26
25,40,6,29,11
25,40,6,30,24
25,40,6,31,19
25,40,6,32,37
25,40,6,33,33
25,40,6,34,23
25,40,6,35,32
25,40,6,36,7
25,40,6,37,30
25,40,6,38,39
25,40,6,39,25
25,40,6,40,17
25,40,7,1,35
25,40,7,2,18
25,40,7,3,4
25,40,7,4,21
25,40,7,5,33
25,40,7,6,5
25,40,7,7,23
25,40,7,8,17
25,40,7,9,3
25,40,7,10,37
25,40,7,11,29
25,40,7,12,27
25,40,7,13,25
25,40,7,14,26
25,40,7,15,10
25,40,7,16,39
25,40,7,17,24
25,40,7,18,13
25,40,7,19,30
25,40,7,20,34
25,40,7,21,11
25,40,7,22,40
25,40,7,23,6
25,40,7,24,22
25,40,7,25,20
25,40,7,26,16
25,40,7,27,38
25,40,7,28,28
25,40,7,29,14
25,40,7,30,12
25,40,7,31,36
25,40,7,32,9
25,40,7,33,19
25,40,7,34,8
25,40,7,35,31
25,40,7,36,15
25,40,7,37,7
25,40,7,38,2
25,40,7,39,1
25,40,7,40,32
25,40,8,1,15
25,40,8,2,23
25,40,8,3,17
25,40,8,4,8
25,40,8,5,2
25,40,8,6,3
25,40,8,7,22
25,40,8,8,6
25,40,8,9,19
25,40,8,10,39
25,40,8,11,5
25,40,8,12,24
25,40,8,13,4
25,40,8,14,38
25,40,8,15,7
25,40,8,16,18
25,40,8,17,35
25,40,8,18,10
25,40,8,19,28
25,40,8,20,9
25,40,8,21,37
25,40,8,22,33
25,40,8,23,34
25,40,8,24,20
25,40,8,25,14
25,40,8,26,26
25,40,8,27,40
25,40,8,28,27
25,40,8,29,32
25,40,8,30,36
25,40,8,31,16
25,40,8,32,25
25,40,8,33,31
25,40,8,34,12
25,40,8,35,21
25,40,8,36,13
25,40,8,37,11
25,40,8,38,30
25,40,8,39,1
25,40,8,40,29
25,40,9,1,16
25,40,9,2,27
25,40,9,3,2
25,40,9,4,15
25,40,9,5,26
25,40,9,6,10
25,40,9,7,30
25,40,9,8,35
25,40,9,9,33
25,40,9,10,7
25,40,9,11,11
25,40,9,12,29
25,40,9,13,20
25,40,9,14,6
25,40,9,15,14
25,40,9,16,13
25,40,9,17,23
25,40,9,18,25
25,40,9,19,17
25,40,9,20,1
25,40,9,21,24
25,40,9,22,40
25,40,9,23,37
25,40,9,24,21
25,40,9,25,12
25,40,9,26,39
25,40,9,27,19
25,40,9,28,32
25,40,9,29,38
25,40,9,30,3
25,40,9,31,9
25,40,9,32,31
25,40,9,33,22
25,40,9,34,8
25,40,9,35,4
25,40,9,36,28
25,40,9,37,36
25,40,9,38,18
25,40,9,39,5
25,40,9,40,34
26,40,1,1,39
26,40,1,2,40
26,40,1,3,2
26,40,1,4,26
26,40,1,5,13
26,40,1,6,11
26,40,1,7,25
26,40,1,8,20
26,40,1,9,29
26,40,1,10,35
26,40,1,11,12
26,40,1,12,6
26,40,1,13,32
26,40,1,14,8
26,40,1,15,16
26,40,1,16,10
26,40,1,17,27
26,40,1,18,37
26,40,1,19,24
26,40,1,20,17
26,40,1,21,28
26,40,1,22,15
26,40,1,23,18
26,40,1,24,22
26,40,1,25,7
26,40,1,26,19
26,40,1,27,23
26,40,1,28,33
26,40,1,29,1
26,40,1,30,21
26,40,1,31,9
26,40,1,32,31
26,40,1,33,14
26,40,1,34,38
26,40,1,35,3
26,40,1,36,36
26,40,1,37,5
26,40,1,38,30
26,40,1,39,4
26,40,1,40,34
26,40,2,1,36
26,40,2,2,25
26,40,2,3,15
26,40,2,4,33
26,40,2,5,10
26,40,2,6,29
26,40,2,7,22
26,40,2,8,38
26,40,2,9,18
26,40,2,10,7
26,40,2,11,9
26,40,2,12,21
26,40,2,13,11
26,40,2,14,32
26,40,2,15,24
26,40,2,16,28
26,40,2,17,40
26,40,2,18,4
26,40,2,19,23
26,40,2,20,20
26,40,2,21,12
26,40,2,22,35
26,40,2,23,17
26,40,2,24,31
26,40,2,25,27
26,40,2,26,19
26,40,2,27,6
26,40,2,28,13
26,40,2,29,1
26,40,2,30,8
26,40,2,31,30
26,40,2,32,16
26,40,2,33,37
26,40,2,34,2
26,40,2,35,14
26,40,2,36,5
26,40,2,37,3
26,40,2,38,39
26,40,2,39,34
26,40,2,40,26
26,40,3,1,30
26,40,3,2,6
26,40,3,3,18
26,40,3,4,3
26,40,3,5,2
26,40,3,6,27
26,40,3,7,24
26,40,3,8,31
26,40,3,9,9
26,40,3,10,25
26,40,3,11,16
26,40,3,12,15
26,40,3,13,23
26,40,3,14,1
26,40,3,15,37
26,40,3,16,40
26,40,3,17,17
26,40,3,18,36
26,40,3,19,4
26,40,3,20,12
26,40,3,21,22
26,40,3,22,39
26,40,3,23,13
26,40,3,24,28
26,40,3,25,34
26,40,3,26,11
26,40,3,27,21
26,40,3,28,29
26,40,3,29,35
26,40,3,30,19
26,40,3,31,5
26,40,3,32,8
26,40,3,33,7
26,40,3,34,33
26,40,3,35,10
26,40,3,36,26
26,40,3,37,14
26,40,3,38,32
26,40,3,39,20
26,40,3,40,38
26,40,4,1,21
26,40,4,2,17
26,40,4,3,28
26,40,4,4,4
26,40,4,5,14
26,40,4,6,13
26,40,4,7,5
26,40,4,8,2
26,40,4,9,12
26,40,4,10,1
26,40,4,11,35
26,40,4,12,40
26,40,4,13,37
26,40,4,14,11
26,40,4,15,25
26,40,4,16,39
26,40,4,17,10
26,40,4,18,26
26,40,4,19,30
26,40,4,20,16
26,40,4,21,20
26,40,4,22,6
26,40,4,23,7
26,40,4,24,32
26,40,4,25,33
26,40,4,26,19
26,40,4,27,27
26,40,4,28,9
26,40,4,29,38
26,40,4,30,15
26,40,4,31,22
26,40,4,32,8
26,40,4,33,36
26,40,4,34,3
26,40,4,35,23
26,40,4,36,18
26,40,4,37,34
26,40,4,38,29
26,40,4,39,24
26,40,4,40,31
26,40,5,1,38
26,40,5,2,27
26,40,5,3,9
26,40,5,4,20
26,40,5,5,33
26,40,5,6,13
26,40,5,7,4
26,40,5,8,28
26,40,5,9,16
26,40,5,10,31
26,40,5,11,7
26,40,5,12,21
26,40,5,13,3
26,40,5,14,8
26,40,5,15,26
26,40,5,16,32
26,40,5,17,1
26,40,5,18,5
26,40,5,19,36
26,40,5,20,10
26,40,5,21,14
26,40,5,22,29
26,40,5,23,37
26,40,5,24,12
26,40,5,25,17
26,40,5,26,22
26,40,5,27,34
26,40,5,28,11
26,40,5,29,35
26,40,5,30,23
26,40,5,31,6
26,40,5,32,18
26,40,5,33,19
26,40,5,34,39
26,40,5,35,30
26,40,5,36,2
26,40,5,37,40
26,40,5,38,15
26,40,5,39,24
26,40,5,40,25
26,40,6,1,39
26,40,6,2,30
26,40,6,3,7
26,40,6,4,32
26,40,6,5,23
26,40,6,6,33
26,40,6,7,24
26,40,6,8,11
26,40,6,9,26
26,40,6,10,2
26,40,6,11,12
26,40,6,12,13
26,40,6,13,19
26,40,6,14,21
26,40,6,15,37
26,40,6,16,3
26,40,6,17,29
26,40,6,18,9
26,40,6,19,18
26,40,6,20,8
26,40,6,21,1
26,40,6,22,27
26,40,6,23,36
26,40,6,24,5
26,40,6,25,14
26,40,6,26,31
26,40,6,27,6
26,40,6,28,40
26,40,6,29,28
26,40,6,30,10
26,40,6,31,15
26,40,6,32,16
26,40,6,33,4
26,40,6,34,17
26,40,6,35,20
26,40,6,36,22
26,40,6,37,34
26,40,6,38,38
26,40,6,39,35
26,40,6,40,25
26,40,7,1,8
26,40,7,2,19
26,40,7,3,9
26,40,7,4,40
26,40,7,5,11
26,40,7,6,34
26,40,7,7,13
26,40,7,8,30
26,40,7,9,24
26,40,7,10,39
26,40,7,11,10
26,40,7,12,22
26,40,7,13,6
26,40,7,14,36
26,40,7,15,12
26,40,7,16,14
26,40,7,17,28
26,40,7,18,38
26,40,7,19,16
26,40,7,20,20
26,40,7,21,21
26,40,7,22,33
26,40,7,23,5
26,40,7,24,26
26,40,7,25,25
26,40,7,26,27
26,40,7,27,29
26,40,7,28,37
26,40,7,29,3
26,40,7,30,23
26,40,7,31,17
26,40,7,32,35
26,40,7,33,32
26,40,7,34,1
26,40,7,35,18
26,40,7,36,4
26,40,7,37,7
26,40,7,38,2
26,40,7,39,31
26,40,7,40,15
26,40,8,1,35
26,40,8,2,18
26,40,8,3,7
26,40,8,4,38
26,40,8,5,4
26,40,8,6,24
26,40,8,7,19
26,40,8,8,6
26,40,8,9,39
26,40,8,10,5
26,40,8,11,37
26,40,8,12,9
26,40,8,13,28
26,40,8,14,14
26,40,8,15,34
26,40,8,16,33
26,40,8,17,20
26,40,8,18,36
26,40,8,19,16
26,40,8,20,2
26,40,8,21,22
26,40,8,22,3
26,40,8,23,8
26,40,8,24,17
26,40,8,25,25
26,40,8,26,31
26,40,8,27,12
26,40,8,28,21
26,40,8,29,13
26,40,8,30,23
26,40,8,31,30
26,40,8,32,15
26,40,8,33,29
26,40,8,34,1
26,40,8,35,11
26,40,8,36,32
26,40,8,37,27
26,40,8,38,26
26,40,8,39,40
26,40,8,40,10
26,40,9,1,22
26,40,9,2,28
26,40,9,3,4
26,40,9,4,8
26,40,9,5,36
26,40,9,6,18
26,40,9,7,5
26,40,9,8,34
26,40,9,9,16
26,40,9,10,27
26,40,9,11,2
26,40,9,12,19
26,40,9,13,23
26,40,9,14,13
26,40,9,15,14
26,40,9,16,29
26,40,9,17,15
26,40,9,18,26
26,40,9,19,10
26,40,9,20,30
26,40,9,21,35
26,40,9,22,33
26,40,9,23,7
26,40,9,24,11
26,40,9,25,20
26,40,9,26,6
26,40,9,27,25
26,40,9,28,17
26,40,9,29,1
26,40,9,30,24
26,40,9,31,40
26,40,9,32,37
26,40,9,33,21
26,40,9,34,12
26,40,9,35,39
26,40,9,36,38
26,40,9,37,3
26,40,9,38,9
26,40,9,39,31
26,40,9,40,32
27,40,1,1,3
27,40,1,2,30
27,40,1,3,5
27,40,1,4,36
27,40,1,5,38
27,40,1,6,14
27,40,1,7,9
27,40,1,8,21
27,40,1,9,1
27,40,1,10,33
27,40,1,11,22
27,40,1,12,23
27,40,1,13,7
27,40,1,14,37
27,40,1,15,27
27,40,1,16,10
27,40,1,17,24
27,40,1,18,18
27,40,1,19,15
27,40,1,20,19
27,40,1,21,28
27,40,1,22,17
27,40,1,23,16
27,40,1,24,8
27,40,1,25,12
27,40,1,26,29
27,40,1,27,35
27,40,1,28,6
27,40,1,29,32
27,40,1,30,20
27,40,1,31,25
27,40,1,32,11
27,40,1,33,13
27,40,1,34,26
27,40,1,35,2
27,40,1,36,40
27,40,1,37,39
27,40,1,38,34
27,40,1,39,31
27,40,1,40,4
27,40,2,1,31
27,40,2,2,27
27,40,2,3,19
27,40,2,4,17
27,40,2,5,35
27,40,2,6,12
27,40,2,7,6
27,40,2,8,20
27,40,2,9,23
27,40,2,10,4
27,40,2,11,21
27,40,2,12,9
27,40,2,13,7
27,40,2,14,18
27,40,2,15,32
27,40,2,16,11
27,40,2,17,38
27,40,2,18,22
27,40,2,19,24
27,40,2,20,40
27,40,2,21,8
27,40,2,22,1
27,40,2,23,13
27,40,2,24,30
27,40,2,25,16
27,40,2,26,37
27,40,2,27,2
27,40,2,28,14
27,40,2,29,3
27,40,2,30,28
27,40,2,31,29
27,40,2,32,10
27,40,2,33,39
27,40,2,34,5
27,40,2,35,26
27,40,2,36,34
27,40,2,37,33
27,40,2,38,15
27,40,2,39,25
27,40,2,40,36
27,40,3,1,30
27,40,3,2,18
27,40,3,3,2
27,40,3,4,25
27,40,3,5,9
27,40,3,6,6
27,40,3,7,27
27,40,3,8,24
27,40,3,9,31
27,40,3,10,14
27,40,3,11,26
27,40,3,12,38
27,40,3,13,10
27,40,3,14,20
27,40,3,15,32
27,40,3,16,33
27,40,3,17,7
27,40,3,18,8
27,40,3,19,5
27,40,3,20,19
27,40,3,21,29
27,40,3,22,21
27,40,3,23,35
27,40,3,24,11
27,40,3,25,34
27,40,3,26,28
27,40,3,27,4
27,40,3,28,12
27,40,3,29,17
27,40,3,30,37
27,40,3,31,36
27,40,3,32,1
27,40,3,33,40
27,40,3,34,22
27,40,3,35,13
27,40,3,36,39
27,40,3,37,23
27,40,3,38,15
27,40,3,39,16
27,40,3,40,3
27,40,4,1,21
27,40,4,2,17
27,40,4,3,28
27,40,4,4,5
27,40,4,5,13
27,40,4,6,14
27,40,4,7,4
27,40,4,8,31
27,40,4,9,2
27,40,4,10,12
27,40,4,11,1
27,40,4,12,40
27,40,4,13,37
27,40,4,14,11
27,40,4,15,25
27,40,4,16,26
27,40,4,17,10
27,40,4,18,39
27,40,4,19,30
27,40,4,20,16
27,40,4,21,20
27,40,4,22,6
27,40,4,23,7
27,40,4,24,32
27,40,4,25,3
27,40,4,26,35
27,40,4,27,33
27,40,4,28,36
27,40,4,29,19
27,40,4,30,8
27,40,4,31,22
27,40,4,32,15
27,40,4,33,27
27,40,4,34,9
27,40,4,35,38
27,40,4,36,23
27,40,4,37,34
27,40,4,38,18
27,40,4,39,29
27,40,4,40,24
27,40,5,1,20
27,40,5,2,33
27,40,5,3,13
27,40,5,4,4
27,40,5,5,9
27,40,5,6,27
27,40,5,7,28
27,40,5,8,16
27,40,5,9,31
27,40,5,10,7
27,40,5,11,21
27,40,5,12,3
27,40,5,13,8
27,40,5,14,26
27,40,5,15,32
27,40,5,16,1
27,40,5,17,29
27,40,5,18,14
27,40,5,19,10
27,40,5,20,5
27,40,5,21,36
27,40,5,22,2
27,40,5,23,24
27,40,5,24,25
27,40,5,25,38
27,40,5,26,15
27,40,5,27,40
27,40,5,28,30
27,40,5,29,39
27,40,5,30,19
27,40,5,31,6
27,40,5,32,18
27,40,5,33,35
27,40,5,34,23
27,40,5,35,11
27,40,5,36,34
27,40,5,37,22
27,40,5,38,17
27,40,5,39,12
27,40,5,40,37
27,40,6,1,21
27,40,6,2,8
27,40,6,3,1
27,40,6,4,27
27,40,6,5,36
27,40,6,6,5
27,40,6,7,14
27,40,6,8,18
27,40,6,9,9
27,40,6,10,29
27,40,6,11,3
27,40,6,12,40
27,40,6,13,6
27,40,6,14,28
27,40,6,15,31
27,40,6,16,10
27,40,6,17,15
27,40,6,18,16
27,40,6,19,4
27,40,6,20,17
27,40,6,21,20
27,40,6,22,22
27,40,6,23,34
27,40,6,24,38
27,40,6,25,35
27,40,6,26,32
27,40,6,27,23
27,40,6,28,37
27,40,6,29,19
27,40,6,30,33
27,40,6,31,7
27,40,6,32,25
27,40,6,33,39
27,40,6,34,30
27,40,6,35,11
27,40,6,36,26
27,40,6,37,2
27,40,6,38,12
27,40,6,39,13
27,40,6,40,24
27,40,7,1,8
27,40,7,2,19
27,40,7,3,9
27,40,7,4,36
27,40,7,5,12
27,40,7,6,14
27,40,7,7,28
27,40,7,8,38
27,40,7,9,21
27,40,7,10,33
27,40,7,11,5
27,40,7,12,23
27,40,7,13,16
27,40,7,14,20
27,40,7,15,22
27,40,7,16,6
27,40,7,17,11
27,40,7,18,40
27,40,7,19,34
27,40,7,20,13
27,40,7,21,30
27,40,7,22,24
27,40,7,23,39
27,40,7,24,10
27,40,7,25,26
27,40,7,26,29
27,40,7,27,37
27,40,7,28,27
27,40,7,29,25
27,40,7,30,3
27,40,7,31,17
27,40,7,32,35
27,40,7,33,32
27,40,7,34,1
27,40,7,35,18
27,40,7,36,4
27,40,7,37,2
27,40,7,38,7
27,40,7,39,31
27,40,7,40,15
27,40,8,1,6
27,40,8,2,19
27,40,8,3,24
27,40,8,4,4
27,40,8,5,38
27,40,8,6,7
27,40,8,7,18
27,40,8,8,9
27,40,8,9,28
27,40,8,10,10
27,40,8,11,35
27,40,8,12,40
27,40,8,13,26
27,40,8,14,14
27,40,8,15,27
27,40,8,16,32
27,40,8,17,11
27,40,8,18,1
27,40,8,19,29
27,40,8,20,15
27,40,8,21,30
27,40,8,22,23
27,40,8,23,13
27,40,8,24,12
27,40,8,25,31
27,40,8,26,25
27,40,8,27,17
27,40,8,28,8
27,40,8,29,3
27,40,8,30,22
27,40,8,31,2
27,40,8,32,16
27,40,8,33,21
27,40,8,34,36
27,40,8,35,20
27,40,8,36,34
27,40,8,37,37
27,40,8,38,5
27,40,8,39,33
27,40,8,40,39
27,40,9,1,18
27,40,9,2,5
27,40,9,3,34
27,40,9,4,16
27,40,9,5,2
27,40,9,6,27
27,40,9,7,15
27,40,9,8,26
27,40,9,9,10
27,40,9,10,30
27,40,9,11,35
27,40,9,12,33
27,40,9,13,7
27,40,9,14,11
27,40,9,15,20
27,40,9,16,29
27,40,9,17,14
27,40,9,18,13
27,40,9,19,23
27,40,9,20,19
27,40,9,21,39
27,40,9,22,6
27,40,9,23,25
27,40,9,24,17
27,40,9,25,1
27,40,9,26,24
27,40,9,27,40
27,40,9,28,37
27,40,9,29,21
27,40,9,30,12
27,40,9,31,38
27,40,9,32,3
27,40,9,33,9
27,40,9,34,31
27,40,9,35,32
27,40,9,36,8
27,40,9,37,22
27,40,9,38,4
27,40,9,39,28
27,40,9,40,36
28,40,1,1,38
28,40,1,2,3
28,40,1,3,36
28,40,1,4,5
28,40,1,5,30
28,40,1,6,4
28,40,1,7,31
28,40,1,8,34
28,40,1,9,40
28,40,1,10,39
28,40,1,11,2
28,40,1,12,26
28,40,1,13,13
28,40,1,14,11
28,40,1,15,25
28,40,1,16,20
28,40,1,17,32
28,40,1,18,6
28,40,1,19,35
28,40,1,20,29
28,40,1,21,12
28,40,1,22,8
28,40,1,23,10
28,40,1,24,27
28,40,1,25,16
28,40,1,26,17
28,40,1,27,28
28,40,1,28,15
28,40,1,29,24
28,40,1,30,37
28,40,1,31,18
28,40,1,32,7
28,40,1,33,19
28,40,1,34,23
28,40,1,35,22
28,40,1,36,33
28,40,1,37,9
28,40,1,38,21
28,40,1,39,1
28,40,1,40,14
28,40,2,1,15
28,40,2,2,25
28,40,2,3,36
28,40,2,4,34
28,40,2,5,39
28,40,2,6,5
28,40,2,7,26
28,40,2,8,14
28,40,2,9,2
28,40,2,10,37
28,40,2,11,16
28,40,2,12,30
28,40,2,13,27
28,40,2,14,31
28,40,2,15,35
28,40,2,16,17
28,40,2,17,19
28,40,2,18,13
28,40,2,19,1
28,40,2,20,6
28,40,2,21,12
28,40,2,22,20
28,40,2,23,23
28,40,2,24,4
28,40,2,25,8
28,40,2,26,3
28,40,2,27,28
28,40,2,28,40
28,40,2,29,24
28,40,2,30,21
28,40,2,31,9
28,40,2,32,7
28,40,2,33,18
28,40,2,34,32
28,40,2,35,11
28,40,2,36,38
28,40,2,37,22
28,40,2,38,29
28,40,2,39,10
28,40,2,40,33
28,40,3,1,30
28,40,3,2,18
28,40,3,3,3
28,40,3,4,16
28,40,3,5,15
28,40,3,6,1
28,40,3,7,17
28,40,3,8,37
28,40,3,9,40
28,40,3,10,36
28,40,3,11,4
28,40,3,12,12
28,40,3,13,22
28,40,3,14,13
28,40,3,15,39
28,40,3,16,34
28,40,3,17,28
28,40,3,18,21
28,40,3,19,29
28,40,3,20,11
28,40,3,21,35
28,40,3,22,19
28,40,3,23,5
28,40,3,24,8
28,40,3,25,7
28,40,3,26,33
28,40,3,27,32
28,40,3,28,20
28,40,3,29,38
28,40,3,30,10
28,40,3,31,26
28,40,3,32,14
28,40,3,33,23
28,40,3,34,25
28,40,3,35,9
28,40,3,36,31
28,40,3,37,24
28,40,3,38,27
28,40,3,39,6
28,40,3,40,2
28,40,4,1,27
28,40,4,2,19
28,40,4,3,33
28,40,4,4,32
28,40,4,5,20
28,40,4,6,7
28,40,4,7,6
28,40,4,8,16
28,40,4,9,30
28,40,4,10,39
28,40,4,11,10
28,40,4,12,26
28,40,4,13,25
28,40,4,14,37
28,40,4,15,11
28,40,4,16,5
28,40,4,17,28
28,40,4,18,17
28,40,4,19,21
28,40,4,20,4
28,40,4,21,14
28,40,4,22,13
28,40,4,23,2
28,40,4,24,12
28,40,4,25,31
28,40,4,26,24
28,40,4,27,1
28,40,4,28,40
28,40,4,29,35
28,40,4,30,3
28,40,4,31,36
28,40,4,32,18
28,40,4,33,29
28,40,4,34,34
28,40,4,35,23
28,40,4,36,8
28,40,4,37,22
28,40,4,38,15
28,40,4,39,38
28,40,4,40,9
28,40,5,1,18
28,40,5,2,6
28,40,5,3,23
28,40,5,4,19
28,40,5,5,39
28,40,5,6,30
28,40,5,7,40
28,40,5,8,15
28,40,5,9,38
28,40,5,10,25
28,40,5,11,24
28,40,5,12,2
28,40,5,13,36
28,40,5,14,5
28,40,5,15,27
28,40,5,16,9
28,40,5,17,20
28,40,5,18,33
28,40,5,19,13
28,40,5,20,4
28,40,5,21,28
28,40,5,22,16
28,40,5,23,31
28,40,5,24,7
28,40,5,25,21
28,40,5,26,3
28,40,5,27,8
28,40,5,28,26
28,40,5,29,32
28,40,5,30,1
28,40,5,31,10
28,40,5,32,14
28,40,5,33,29
28,40,5,34,37
28,40,5,35,12
28,40,5,36,17
28,40,5,37,34
28,40,5,38,11
28,40,5,39,22
28,40,5,40,35
28,40,6,1,27
28,40,6,2,1
28,40,6,3,8
28,40,6,4,13
28,40,6,5,12
28,40,6,6,2
28,40,6,7,26
28,40,6,8,11
28,40,6,9,30
28,40,6,10,39
28,40,6,11,25
28,40,6,12,17
28,40,6,13,20
28,40,6,14,22
28,40,6,15,4
28,40,6,16,34
28,40,6,17,16
28,40,6,18,15
28,40,6,19,10
28,40,6,20,38
28,40,6,21,35
28,40,6,22,32
28,40,6,23,7
28,40,6,24,24
28,40,6,25,33
28,40,6,26,19
28,40,6,27,21
28,40,6,28,37
28,40,6,29,23
28,40,6,30,3
28,40,6,31,29
28,40,6,32,40
28,40,6,33,6
28,40,6,34,28
28,40,6,35,31
28,40,6,36,9
28,40,6,37,18
28,40,6,38,14
28,40,6,39,5
28,40,6,40,36
28,40,7,1,25
28,40,7,2,26
28,40,7,3,24
28,40,7,4,30
28,40,7,5,13
28,40,7,6,34
28,40,7,7,11
28,40,7,8,40
28,40,7,9,9
28,40,7,10,19
28,40,7,11,8
28,40,7,12,36
28,40,7,13,12
28,40,7,14,31
28,40,7,15,15
28,40,7,16,2
28,40,7,17,7
28,40,7,18,14
28,40,7,19,6
28,40,7,20,22
28,40,7,21,20
28,40,7,22,16
28,40,7,23,38
28,40,7,24,28
28,40,7,25,4
28,40,7,26,18
28,40,7,27,1
28,40,7,28,32
28,40,7,29,35
28,40,7,30,17
28,40,7,31,23
28,40,7,32,5
28,40,7,33,33
28,40,7,34,21
28,40,7,35,10
28,40,7,36,39
28,40,7,37,37
28,40,7,38,29
28,40,7,39,27
28,40,7,40,3
28,40,8,1,15
28,40,8,2,23
28,40,8,3,13
28,40,8,4,12
28,40,8,5,31
28,40,8,6,25
28,40,8,7,17
28,40,8,8,8
28,40,8,9,3
28,40,8,10,2
28,40,8,11,22
28,40,8,12,16
28,40,8,13,33
28,40,8,14,39
28,40,8,15,6
28,40,8,16,19
28,40,8,17,24
28,40,8,18,4
28,40,8,19,38
28,40,8,20,5
28,40,8,21,34
28,40,8,22,20
28,40,8,23,36
28,40,8,24,21
28,40,8,25,37
28,40,8,26,7
28,40,8,27,9
28,40,8,28,18
28,40,8,29,14
28,40,8,30,28
28,40,8,31,10
28,40,8,32,35
28,40,8,33,40
28,40,8,34,26
28,40,8,35,27
28,40,8,36,32
28,40,8,37,11
28,40,8,38,1
28,40,8,39,30
28,40,8,40,29
28,40,9,1,30
28,40,9,2,10
28,40,9,3,26
28,40,9,4,15
28,40,9,5,27
28,40,9,6,16
28,40,9,7,34
28,40,9,8,5
28,40,9,9,18
28,40,9,10,36
28,40,9,11,28
28,40,9,12,4
28,40,9,13,22
28,40,9,14,8
28,40,9,15,31
28,40,9,16,9
28,40,9,17,3
28,40,9,18,38
28,40,9,19,39
28,40,9,20,32
28,40,9,21,19
28,40,9,22,2
28,40,9,23,23
28,40,9,24,13
28,40,9,25,14
28,40,9,26,12
28,40,9,27,21
28,40,9,28,37
28,40,9,29,40
28,40,9,30,24
28,40,9,31,17
28,40,9,32,1
28,40,9,33,25
28,40,9,34,6
28,40,9,35,20
28,40,9,36,29
28,40,9,37,11
28,40,9,38,7
28,40,9,39,33
28,40,9,40,35
29,40,1,1,3
29,40,1,2,38
29,40,1,3,36
29,40,1,4,5
29,40,1,5,30
29,40,1,6,4
29,40,1,7,31
29,40,1,8,34
29,40,1,9,40
29,40,1,10,39
29,40,1,11,2
29,40,1,12,26
29,40,1,13,13
29,40,1,14,11
29,40,1,15,25
29,40,1,16,20
29,40,1,17,32
29,40,1,18,6
29,40,1,19,12
29,40,1,20,35
29,40,1,21,29
29,40,1,22,8
29,40,1,23,16
29,40,1,24,17
29,40,1,25,28
29,40,1,26,19
29,40,1,27,23
29,40,1,28,7
29,40,1,29,15
29,40,1,30,18
29,40,1,31,24
29,40,1,32,37
29,40,1,33,27
29,40,1,34,10
29,40,1,35,22
29,40,1,36,33
29,40,1,37,9
29,40,1,38,21
29,40,1,39,1
29,40,1,40,14
29,40,2,1,15
29,40,2,2,33
29,40,2,3,10
29,40,2,4,29
29,40,2,5,22
29,40,2,6,38
29,40,2,7,18
29,40,2,8,7
29,40,2,9,9
29,40,2,10,21
29,40,2,11,11
29,40,2,12,32
29,40,2,13,24
29,40,2,14,40
29,40,2,15,4
29,40,2,16,23
29,40,2,17,20
29,40,2,18,12
29,40,2,19,6
29,40,2,20,17
29,40,2,21,35
29,40,2,22,31
29,40,2,23,27
29,40,2,24,19
29,40,2,25,13
29,40,2,26,1
29,40,2,27,30
29,40,2,28,16
29,40,2,29,37
29,40,2,30,2
29,40,2,31,14
29,40,2,32,26
29,40,2,33,5
29,40,2,34,3
29,40,2,35,8
29,40,2,36,28
29,40,2,37,39
29,40,2,38,34
29,40,2,39,36
29,40,2,40,25
29,40,3,1,4
29,40,3,2,12
29,40,3,3,22
29,40,3,4,13
29,40,3,5,39
29,40,3,6,36
29,40,3,7,40
29,40,3,8,37
29,40,3,9,17
29,40,3,10,1
29,40,3,11,23
29,40,3,12,15
29,40,3,13,16
29,40,3,14,3
29,40,3,15,18
29,40,3,16,30
29,40,3,17,2
29,40,3,18,25
29,40,3,19,9
29,40,3,20,31
29,40,3,21,24
29,40,3,22,6
29,40,3,23,27
29,40,3,24,38
29,40,3,25,20
29,40,3,26,32
29,40,3,27,7
29,40,3,28,33
29,40,3,29,10
29,40,3,30,26
29,40,3,31,14
29,40,3,32,11
29,40,3,33,35
29,40,3,34,8
29,40,3,35,5
29,40,3,36,19
29,40,3,37,29
29,40,3,38,21
29,40,3,39,34
29,40,3,40,28
29,40,4,1,11
29,40,4,2,39
29,40,4,3,6
29,40,4,4,7
29,40,4,5,32
29,40,4,6,20
29,40,4,7,16
29,40,4,8,30
29,40,4,9,10
29,40,4,10,26
29,40,4,11,25
29,40,4,12,37
29,40,4,13,40
29,40,4,14,35
29,40,4,15,3
29,40,4,16,33
29,40,4,17,19
29,40,4,18,36
29,40,4,19,8
29,40,4,20,22
29,40,4,21,27
29,40,4,22,15
29,40,4,23,9
29,40,4,24,38
29,40,4,25,23
29,40,4,26,34
29,40,4,27,29
29,40,4,28,24
29,40,4,29,18
29,40,4,30,1
29,40,4,31,12
29,40,4,32,2
29,40,4,33,5
29,40,4,34,13
29,40,4,35,14
29,40,4,36,4
29,40,4,37,31
29,40,4,38,21
29,40,4,39,17
29,40,4,40,28
29,40,5,1,18
29,40,5,2,6
29,40,5,3,35
29,40,5,4,22
29,40,5,5,17
29,40,5,6,12
29,40,5,7,37
29,40,5,8,29
29,40,5,9,14
29,40,5,10,1
29,40,5,11,32
29,40,5,12,26
29,40,5,13,8
29,40,5,14,3
29,40,5,15,21
29,40,5,16,7
29,40,5,17,31
29,40,5,18,16
29,40,5,19,28
29,40,5,20,4
29,40,5,21,13
29,40,5,22,33
29,40,5,23,20
29,40,5,24,9
29,40,5,25,27
29,40,5,26,24
29,40,5,27,25
29,40,5,28,38
29,40,5,29,15
29,40,5,30,40
29,40,5,31,2
29,40,5,32,5
29,40,5,33,36
29,40,5,34,10
29,40,5,35,11
29,40,5,36,34
29,40,5,37,23
29,40,5,38,30
29,40,5,39,39
29,40,5,40,19
29,40,6,1,1
29,40,6,2,27
29,40,6,3,36
29,40,6,4,5
29,40,6,5,14
29,40,6,6,18
29,40,6,7,9
29,40,6,8,6
29,40,6,9,31
29,40,6,10,28
29,40,6,11,10
29,40,6,12,15
29,40,6,13,16
29,40,6,14,4
29,40,6,15,17
29,40,6,16,20
29,40,6,17,34
29,40,6,18,22
29,40,6,19,38
29,40,6,20,35
29,40,6,21,32
29,40,6,22,7
29,40,6,23,30
29,40,6,24,39
29,40,6,25,25
29,40,6,26,11
29,40,6,27,26
29,40,6,28,2
29,40,6,29,12
29,40,6,30,13
29,40,6,31,24
29,40,6,32,33
29,40,6,33,23
29,40,6,34,3
29,40,6,35,40
29,40,6,36,29
29,40,6,37,37
29,40,6,38,19
29,40,6,39,21
29,40,6,40,8
29,40,7,1,35
29,40,7,2,32
29,40,7,3,1
29,40,7,4,2
29,40,7,5,7
29,40,7,6,15
29,40,7,7,31
29,40,7,8,8
29,40,7,9,19
29,40,7,10,9
29,40,7,11,36
29,40,7,12,40
29,40,7,13,11
29,40,7,14,34
29,40,7,15,30
29,40,7,16,13
29,40,7,17,24
29,40,7,18,26
29,40,7,19,25
29,40,7,20,27
29,40,7,21,29
29,40,7,22,37
29,40,7,23,3
29,40,7,24,23
29,40,7,25,5
29,40,7,26,33
29,40,7,27,21
29,40,7,28,10
29,40,7,29,39
29,40,7,30,22
29,40,7,31,6
29,40,7,32,12
29,40,7,33,14
29,40,7,34,28
29,40,7,35,38
29,40,7,36,16
29,40,7,37,20
29,40,7,38,4
29,40,7,39,18
29,40,7,40,17
29,40,8,1,36
29,40,8,2,14
29,40,8,3,26
29,40,8,4,40
29,40,8,5,28
29,40,8,6,10
29,40,8,7,35
29,40,8,8,18
29,40,8,9,9
29,40,8,10,7
29,40,8,11,38
29,40,8,12,4
29,40,8,13,24
29,40,8,14,19
29,40,8,15,6
29,40,8,16,39
29,40,8,17,22
29,40,8,18,3
29,40,8,19,2
29,40,8,20,8
29,40,8,21,17
29,40,8,22,25
29,40,8,23,31
29,40,8,24,12
29,40,8,25,13
29,40,8,26,21
29,40,8,27,23
29,40,8,28,30
29,40,8,29,11
29,40,8,30,1
29,40,8,31,29
29,40,8,32,15
29,40,8,33,32
29,40,8,34,27
29,40,8,35,16
29,40,8,36,20
29,40,8,37,34
29,40,8,38,37
29,40,8,39,5
29,40,8,40,33
29,40,9,1,30
29,40,9,2,7
29,40,9,3,33
29,40,9,4,11
29,40,9,5,20
29,40,9,6,6
29,40,9,7,25
29,40,9,8,17
29,40,9,9,1
29,40,9,10,24
29,40,9,11,40
29,40,9,12,37
29,40,9,13,21
29,40,9,14,12
29,40,9,15,39
29,40,9,16,38
29,40,9,17,3
29,40,9,18,9
29,40,9,19,31
29,40,9,20,8
29,40,9,21,22
29,40,9,22,4
29,40,9,23,28
29,40,9,24,36
29,40,9,25,18
29,40,9,26,5
29,40,9,27,34
29,40,9,28,16
29,40,9,29,27
29,40,9,30,15
29,40,9,31,26
29,40,9,32,10
29,40,9,33,35
29,40,9,34,29
29,40,9,35,14
29,40,9,36,13
29,40,9,37,23
29,40,9,38,19
29,40,9,39,32
29,40,9,40,2
30,40,1,1,3
30,40,1,2,38
30,40,1,3,36
30,40,1,4,5
30,40,1,5,30
30,40,1,6,4
30,40,1,7,31
30,40,1,8,14
30,40,1,9,1
30,40,1,10,21
30,40,1,11,34
30,40,1,12,40
30,40,1,13,39
30,40,1,14,2
30,40,1,15,9
30,40,1,16,13
30,40,1,17,26
30,40,1,18,29
30,40,1,19,35
30,40,1,20,12
30,40,1,21,6
30,40,1,22,32
30,40,1,23,25
30,40,1,24,20
30,40,1,25,11
30,40,1,26,8
30,40,1,27,27
30,40,1,28,10
30,40,1,29,16
30,40,1,30,17
30,40,1,31,24
30,40,1,32,37
30,40,1,33,18
30,40,1,34,15
30,40,1,35,28
30,40,1,36,7
30,40,1,37,19
30,40,1,38,23
30,40,1,39,22
30,40,1,40,33
30,40,2,1,15
30,40,2,2,33
30,40,2,3,10
30,40,2,4,29
30,40,2,5,22
30,40,2,6,38
30,40,2,7,11
30,40,2,8,32
30,40,2,9,18
30,40,2,10,7
30,40,2,11,9
30,40,2,12,21
30,40,2,13,20
30,40,2,14,12
30,40,2,15,35
30,40,2,16,17
30,40,2,17,6
30,40,2,18,23
30,40,2,19,4
30,40,2,20,40
30,40,2,21,24
30,40,2,22,28
30,40,2,23,8
30,40,2,24,1
30,40,2,25,13
30,40,2,26,19
30,40,2,27,27
30,40,2,28,31
30,40,2,29,30
30,40,2,30,37
30,40,2,31,16
30,40,2,32,2
30,40,2,33,14
30,40,2,34,26
30,40,2,35,5
30,40,2,36,3
30,40,2,37,36
30,40,2,38,34
30,40,2,39,39
30,40,2,40,25
30,40,3,1,28
30,40,3,2,11
30,40,3,3,35
30,40,3,4,21
30,40,3,5,29
30,40,3,6,19
30,40,3,7,5
30,40,3,8,7
30,40,3,9,8
30,40,3,10,33
30,40,3,11,10
30,40,3,12,32
30,40,3,13,20
30,40,3,14,38
30,40,3,15,26
30,40,3,16,14
30,40,3,17,31
30,40,3,18,24
30,40,3,19,27
30,40,3,20,6
30,40,3,21,9
30,40,3,22,25
30,40,3,23,2
30,40,3,24,18
30,40,3,25,3
30,40,3,26,30
30,40,3,27,16
30,40,3,28,15
30,40,3,29,23
30,40,3,30,1
30,40,3,31,40
30,40,3,32,37
30,40,3,33,17
30,40,3,34,36
30,40,3,35,4
30,40,3,36,12
30,40,3,37,22
30,40,3,38,39
30,40,3,39,13
30,40,3,40,34
30,40,4,1,24
30,40,4,2,31
30,40,4,3,4
30,40,4,4,21
30,40,4,5,17
30,40,4,6,28
30,40,4,7,14
30,40,4,8,13
30,40,4,9,5
30,40,4,10,2
30,40,4,11,12
30,40,4,12,1
30,40,4,13,40
30,40,4,14,11
30,40,4,15,37
30,40,4,16,25
30,40,4,17,39
30,40,4,18,10
30,40,4,19,26
30,40,4,20,30
30,40,4,21,6
30,40,4,22,7
30,40,4,23,16
30,40,4,24,20
30,40,4,25,32
30,40,4,26,3
30,40,4,27,35
30,40,4,28,33
30,40,4,29,19
30,40,4,30,36
30,40,4,31,27
30,40,4,32,9
30,40,4,33,38
30,40,4,34,15
30,40,4,35,22
30,40,4,36,8
30,40,4,37,23
30,40,4,38,34
30,40,4,39,18
30,40,4,40,29
30,40,5,1,20
30,40,5,2,33
30,40,5,3,13
30,40,5,4,4
30,40,5,5,9
30,40,5,6,27
30,40,5,7,5
30,40,5,8,36
30,40,5,9,2
30,40,5,10,24
30,40,5,11,25
30,40,5,12,38
30,40,5,13,15
30,40,5,14,40
30,40,5,15,39
30,40,5,16,30
30,40,5,17,23
30,40,5,18,19
30,40,5,19,6
30,40,5,20,18
30,40,5,21,35
30,40,5,22,22
30,40,5,23,34
30,40,5,24,11
30,40,5,25,10
30,40,5,26,14
30,40,5,27,29
30,40,5,28,17
30,40,5,29,12
30,40,5,30,37
30,40,5,31,3
30,40,5,32,1
30,40,5,33,8
30,40,5,34,21
30,40,5,35,7
30,40,5,36,31
30,40,5,37,26
30,40,5,38,32
30,40,5,39,28
30,40,5,40,16
30,40,6,1,11
30,40,6,2,26
30,40,6,3,2
30,40,6,4,12
30,40,6,5,13
30,40,6,6,24
30,40,6,7,33
30,40,6,8,37
30,40,6,9,19
30,40,6,10,21
30,40,6,11,8
30,40,6,12,1
30,40,6,13,27
30,40,6,14,9
30,40,6,15,18
30,40,6,16,5
30,40,6,17,36
30,40,6,18,14
30,40,6,19,31
30,40,6,20,15
30,40,6,21,10
30,40,6,22,28
30,40,6,23,6
30,40,6,24,40
30,40,6,25,16
30,40,6,26,4
30,40,6,27,17
30,40,6,28,20
30,40,6,29,22
30,40,6,30,34
30,40,6,31,38
30,40,6,32,35
30,40,6,33,29
30,40,6,34,3
30,40,6,35,23
30,40,6,36,32
30,40,6,37,25
30,40,6,38,39
30,40,6,39,30
30,40,6,40,7
30,40,7,1,33
30,40,7,2,36
30,40,7,3,9
30,40,7,4,40
30,40,7,5,19
30,40,7,6,8
30,40,7,7,12
30,40,7,8,31
30,40,7,9,15
30,40,7,10,14
30,40,7,11,28
30,40,7,12,38
30,40,7,13,7
30,40,7,14,2
30,40,7,15,4
30,40,7,16,18
30,40,7,17,1
30,40,7,18,32
30,40,7,19,35
30,40,7,20,17
30,40,7,21,23
30,40,7,22,5
30,40,7,23,3
30,40,7,24,37
30,40,7,25,29
30,40,7,26,27
30,40,7,27,25
30,40,7,28,26
30,40,7,29,24
30,40,7,30,13
30,40,7,31,30
30,40,7,32,34
30,40,7,33,11
30,40,7,34,6
30,40,7,35,39
30,40,7,36,10
30,40,7,37,22
30,40,7,38,20
30,40,7,39,16
30,40,7,40,21
30,40,8,1,34
30,40,8,2,20
30,40,8,3,36
30,40,8,4,16
30,40,8,5,12
30,40,8,6,21
30,40,8,7,13
30,40,8,8,31
30,40,8,9,2
30,40,8,10,22
30,40,8,11,3
30,40,8,12,8
30,40,8,13,17
30,40,8,14,25
30,40,8,15,23
30,40,8,16,15
30,40,8,17,30
30,40,8,18,29
30,40,8,19,1
30,40,8,20,11
30,40,8,21,32
30,40,8,22,27
30,40,8,23,14
30,40,8,24,26
30,40,8,25,40
30,40,8,26,35
30,40,8,27,10
30,40,8,28,28
30,40,8,29,18
30,40,8,30,9
30,40,8,31,7
30,40,8,32,4
30,40,8,33,38
30,40,8,34,24
30,40,8,35,37
30,40,8,36,5
30,40,8,37,19
30,40,8,38,6
30,40,8,39,39
30,40,8,40,33
30,40,9,1,22
30,40,9,2,31
30,40,9,3,9
30,40,9,4,3
30,40,9,5,38
30,40,9,6,39
30,40,9,7,12
30,40,9,8,21
30,40,9,9,37
30,40,9,10,40
30,40,9,11,24
30,40,9,12,1
30,40,9,13,17
30,40,9,14,25
30,40,9,15,6
30,40,9,16,20
30,40,9,17,11
30,40,9,18,29
30,40,9,19,35
30,40,9,20,33
30,40,9,21,7
30,40,9,22,30
30,40,9,23,10
30,40,9,24,26
30,40,9,25,15
30,40,9,26,14
30,40,9,27,13
30,40,9,28,23
30,40,9,29,32
30,40,9,30,19
30,40,9,31,2
30,40,9,32,27
30,40,9,33,16
30,40,9,34,34
30,40,9,35,5
30,40,9,36,18
30,40,9,37,36
30,40,9,38,28
30,40,9,39,4
30,40,9,40,8
31,40,1,1,29
31,40,1,2,26
31,40,1,3,2
31,40,1,4,39
31,40,1,5,40
31,40,1,6,34
31,40,1,7,31
31,40,1,8,4
31,40,1,9,3
31,40,1,10,38
31,40,1,11,36
31,40,1,12,5
31,40,1,13,30
31,40,1,14,14
31,40,1,15,1
31,40,1,16,21
31,40,1,17,9
31,40,1,18,22
31,40,1,19,33
31,40,1,20,23
31,40,1,21,19
31,40,1,22,7
31,40,1,23,15
31,40,1,24,28
31,40,1,25,17
31,40,1,26,16
31,40,1,27,8
31,40,1,28,32
31,40,1,29,6
31,40,1,30,12
31,40,1,31,35
31,40,1,32,20
31,40,1,33,25
31,40,1,34,13
31,40,1,35,11
31,40,1,36,10
31,40,1,37,27
31,40,1,38,37
31,40,1,39,24
31,40,1,40,18
31,40,2,1,31
31,40,2,2,37
31,40,2,3,16
31,40,2,4,2
31,40,2,5,14
31,40,2,6,3
31,40,2,7,5
31,40,2,8,26
31,40,2,9,36
31,40,2,10,25
31,40,2,11,34
31,40,2,12,39
31,40,2,13,15
31,40,2,14,33
31,40,2,15,10
31,40,2,16,29
31,40,2,17,22
31,40,2,18,38
31,40,2,19,18
31,40,2,20,7
31,40,2,21,9
31,40,2,22,21
31,40,2,23,32
31,40,2,24,11
31,40,2,25,28
31,40,2,26,24
31,40,2,27,40
31,40,2,28,8
31,40,2,29,4
31,40,2,30,23
31,40,2,31,20
31,40,2,32,12
31,40,2,33,35
31,40,2,34,17
31,40,2,35,6
31,40,2,36,13
31,40,2,37,1
31,40,2,38,19
31,40,2,39,27
31,40,2,40,30
31,40,3,1,4
31,40,3,2,12
31,40,3,3,13
31,40,3,4,22
31,40,3,5,36
31,40,3,6,40
31,40,3,7,37
31,40,3,8,17
31,40,3,9,1
31,40,3,10,23
31,40,3,11,15
31,40,3,12,16
31,40,3,13,25
31,40,3,14,9
31,40,3,15,3
31,40,3,16,18
31,40,3,17,2
31,40,3,18,30
31,40,3,19,6
31,40,3,20,27
31,40,3,21,24
31,40,3,22,31
31,40,3,23,14
31,40,3,24,26
31,40,3,25,10
31,40,3,26,38
31,40,3,27,20
31,40,3,28,32
31,40,3,29,33
31,40,3,30,8
31,40,3,31,7
31,40,3,32,5
31,40,3,33,19
31,40,3,34,29
31,40,3,35,21
31,40,3,36,35
31,40,3,37,11
31,40,3,38,34
31,40,3,39,28
31,40,3,40,39
31,40,4,1,24
31,40,4,2,29
31,40,4,3,18
31,40,4,4,34
31,40,4,5,23
31,40,4,6,38
31,40,4,7,9
31,40,4,8,15
31,40,4,9,27
31,40,4,10,22
31,40,4,11,8
31,40,4,12,36
31,40,4,13,19
31,40,4,14,33
31,40,4,15,35
31,40,4,16,3
31,40,4,17,32
31,40,4,18,16
31,40,4,19,20
31,40,4,20,7
31,40,4,21,6
31,40,4,22,30
31,40,4,23,39
31,40,4,24,10
31,40,4,25,26
31,40,4,26,25
31,40,4,27,11
31,40,4,28,37
31,40,4,29,40
31,40,4,30,1
31,40,4,31,12
31,40,4,32,2
31,40,4,33,5
31,40,4,34,13
31,40,4,35,28
31,40,4,36,17
31,40,4,37,21
31,40,4,38,14
31,40,4,39,4
31,40,4,40,31
31,40,5,1,20
31,40,5,2,25
31,40,5,3,38
31,40,5,4,15
31,40,5,5,40
31,40,5,6,24
31,40,5,7,2
31,40,5,8,5
31,40,5,9,36
31,40,5,10,30
31,40,5,11,39
31,40,5,12,23
31,40,5,13,19
31,40,5,14,6
31,40,5,15,18
31,40,5,16,35
31,40,5,17,11
31,40,5,18,34
31,40,5,19,22
31,40,5,20,17
31,40,5,21,12
31,40,5,22,37
31,40,5,23,29
31,40,5,24,14
31,40,5,25,10
31,40,5,26,32
31,40,5,27,1
31,40,5,28,26
31,40,5,29,8
31,40,5,30,3
31,40,5,31,21
31,40,5,32,7
31,40,5,33,31
31,40,5,34,16
31,40,5,35,28
31,40,5,36,27
31,40,5,37,9
31,40,5,38,4
31,40,5,39,13
31,40,5,40,33
31,40,6,1,11
31,40,6,2,26
31,40,6,3,2
31,40,6,4,12
31,40,6,5,13
31,40,6,6,24
31,40,6,7,21
31,40,6,8,8
31,40,6,9,1
31,40,6,10,27
31,40,6,11,36
31,40,6,12,5
31,40,6,13,14
31,40,6,14,31
31,40,6,15,6
31,40,6,16,28
31,40,6,17,10
31,40,6,18,15
31,40,6,19,16
31,40,6,20,4
31,40,6,21,17
31,40,6,22,20
31,40,6,23,22
31,40,6,24,34
31,40,6,25,38
31,40,6,26,40
31,40,6,27,29
31,40,6,28,9
31,40,6,29,18
31,40,6,30,37
31,40,6,31,19
31,40,6,32,33
31,40,6,33,3
31,40,6,34,23
31,40,6,35,35
31,40,6,36,32
31,40,6,37,7
31,40,6,38,30
31,40,6,39,39
31,40,6,40,25
31,40,7,1,40
31,40,7,2,11
31,40,7,3,34
31,40,7,4,13
31,40,7,5,30
31,40,7,6,24
31,40,7,7,39
31,40,7,8,10
31,40,7,9,26
31,40,7,10,25
31,40,7,11,27
31,40,7,12,29
31,40,7,13,37
31,40,7,14,3
31,40,7,15,17
31,40,7,16,35
31,40,7,17,32
31,40,7,18,1
31,40,7,19,2
31,40,7,20,7
31,40,7,21,15
31,40,7,22,31
31,40,7,23,8
31,40,7,24,19
31,40,7,25,9
31,40,7,26,36
31,40,7,27,12
31,40,7,28,14
31,40,7,29,4
31,40,7,30,18
31,40,7,31,23
31,40,7,32,5
31,40,7,33,33
31,40,7,34,21
31,40,7,35,38
31,40,7,36,28
31,40,7,37,16
31,40,7,38,20
31,40,7,39,22
31,40,7,40,6
31,40,8,1,8
31,40,8,2,17
31,40,8,3,25
31,40,8,4,31
31,40,8,5,12
31,40,8,6,36
31,40,8,7,21
31,40,8,8,13
31,40,8,9,23
31,40,8,10,30
31,40,8,11,15
31,40,8,12,29
31,40,8,13,1
31,40,8,14,11
31,40,8,15,32
31,40,8,16,27
31,40,8,17,14
31,40,8,18,26
31,40,8,19,40
31,40,8,20,28
31,40,8,21,10
31,40,8,22,35
31,40,8,23,18
31,40,8,24,9
31,40,8,25,7
31,40,8,26,38
31,40,8,27,4
31,40,8,28,24
31,40,8,29,37
31,40,8,30,34
31,40,8,31,20
31,40,8,32,33
31,40,8,33,5
31,40,8,34,39
31,40,8,35,19
31,40,8,36,6
31,40,8,37,16
31,40,8,38,2
31,40,8,39,22
31,40,8,40,3
31,40,9,1,16
31,40,9,2,27
31,40,9,3,15
31,40,9,4,26
31,40,9,5,10
31,40,9,6,30
31,40,9,7,7
31,40,9,8,33
31,40,9,9,35
31,40,9,10,29
31,40,9,11,20
31,40,9,12,11
31,40,9,13,6
31,40,9,14,25
31,40,9,15,17
31,40,9,16,1
31,40,9,17,24
31,40,9,18,40
31,40,9,19,37
31,40,9,20,21
31,40,9,21,12
31,40,9,22,39
31,40,9,23,38
31,40,9,24,3
31,40,9,25,9
31,40,9,26,31
31,40,9,27,22
31,40,9,28,8
31,40,9,29,4
31,40,9,30,28
31,40,9,31,36
31,40,9,32,32
31,40,9,33,19
31,40,9,34,23
31,40,9,35,13
31,40,9,36,14
31,40,9,37,2
31,40,9,38,18
31,40,9,39,5
31,40,9,40,34
32,40,1,1,37
32,40,1,2,22
32,40,1,3,33
32,40,1,4,1
32,40,1,5,9
32,40,1,6,21
32,40,1,7,14
32,40,1,8,38
32,40,1,9,36
32,40,1,10,3
32,40,1,11,5
32,40,1,12,30
32,40,1,13,4
32,40,1,14,31
32,40,1,15,34
32,40,1,16,40
32,40,1,17,39
32,40,1,18,2
32,40,1,19,26
32,40,1,20,13
32,40,1,21,11
32,40,1,22,25
32,40,1,23,20
32,40,1,24,32
32,40,1,25,6
32,40,1,26,35
32,40,1,27,29
32,40,1,28,12
32,40,1,29,17
32,40,1,30,28
32,40,1,31,16
32,40,1,32,8
32,40,1,33,10
32,40,1,34,27
32,40,1,35,15
32,40,1,36,19
32,40,1,37,23
32,40,1,38,7
32,40,1,39,18
32,40,1,40,24
32,40,2,1,15
32,40,2,2,33
32,40,2,3,10
32,40,2,4,29
32,40,2,5,22
32,40,2,6,38
32,40,2,7,18
32,40,2,8,7
32,40,2,9,11
32,40,2,10,32
32,40,2,11,21
32,40,2,12,9
32,40,2,13,20
32,40,2,14,23
32,40,2,15,4
32,40,2,16,40
32,40,2,17,24
32,40,2,18,28
32,40,2,19,8
32,40,2,20,1
32,40,2,21,13
32,40,2,22,6
32,40,2,23,12
32,40,2,24,35
32,40,2,25,17
32,40,2,26,19
32,40,2,27,27
32,40,2,28,31
32,40,2,29,30
32,40,2,30,16
32,40,2,31,37
32,40,2,32,2
32,40,2,33,14
32,40,2,34,3
32,40,2,35,5
32,40,2,36,26
32,40,2,37,36
32,40,2,38,34
32,40,2,39,39
32,40,2,40,25
32,40,3,1,28
32,40,3,2,34
32,40,3,3,11
32,40,3,4,21
32,40,3,5,35
32,40,3,6,29
32,40,3,7,19
32,40,3,8,5
32,40,3,9,8
32,40,3,10,7
32,40,3,11,33
32,40,3,12,32
32,40,3,13,20
32,40,3,14,38
32,40,3,15,10
32,40,3,16,26
32,40,3,17,14
32,40,3,18,31
32,40,3,19,24
32,40,3,20,27
32,40,3,21,6
32,40,3,22,30
32,40,3,23,2
32,40,3,24,9
32,40,3,25,25
32,40,3,26,18
32,40,3,27,3
32,40,3,28,16
32,40,3,29,15
32,40,3,30,23
32,40,3,31,1
32,40,3,32,17
32,40,3,33,37
32,40,3,34,40
32,40,3,35,36
32,40,3,36,4
32,40,3,37,12
32,40,3,38,22
32,40,3,39,39
32,40,3,40,13
32,40,4,1,6
32,40,4,2,30
32,40,4,3,39
32,40,4,4,10
32,40,4,5,26
32,40,4,6,37
32,40,4,7,25
32,40,4,8,11
32,40,4,9,40
32,40,4,10,5
32,40,4,11,17
32,40,4,12,28
32,40,4,13,21
32,40,4,14,13
32,40,4,15,14
32,40,4,16,4
32,40,4,17,31
32,40,4,18,2
32,40,4,19,12
32,40,4,20,24
32,40,4,21,1
32,40,4,22,29
32,40,4,23,18
32,40,4,24,34
32,40,4,25,23
32,40,4,26,38
32,40,4,27,9
32,40,4,28,15
32,40,4,29,27
32,40,4,30,22
32,40,4,31,8
32,40,4,32,36
32,40,4,33,35
32,40,4,34,3
32,40,4,35,19
32,40,4,36,33
32,40,4,37,16
32,40,4,38,32
32,40,4,39,20
32,40,4,40,7
32,40,5,1,36
32,40,5,2,2
32,40,5,3,24
32,40,5,4,25
32,40,5,5,38
32,40,5,6,15
32,40,5,7,40
32,40,5,8,30
32,40,5,9,39
32,40,5,10,19
32,40,5,11,18
32,40,5,12,6
32,40,5,13,23
32,40,5,14,35
32,40,5,15,22
32,40,5,16,11
32,40,5,17,34
32,40,5,18,17
32,40,5,19,12
32,40,5,20,37
32,40,5,21,29
32,40,5,22,14
32,40,5,23,10
32,40,5,24,1
32,40,5,25,32
32,40,5,26,26
32,40,5,27,8
32,40,5,28,3
32,40,5,29,21
32,40,5,30,7
32,40,5,31,31
32,40,5,32,16
32,40,5,33,28
32,40,5,34,4
32,40,5,35,13
32,40,5,36,33
32,40,5,37,20
32,40,5,38,9
32,40,5,39,27
32,40,5,40,5
32,40,6,1,8
32,40,6,2,1
32,40,6,3,27
32,40,6,4,36
32,40,6,5,5
32,40,6,6,14
32,40,6,7,18
32,40,6,8,9
32,40,6,9,31
32,40,6,10,6
32,40,6,11,28
32,40,6,12,10
32,40,6,13,15
32,40,6,14,16
32,40,6,15,4
32,40,6,16,17
32,40,6,17,20
32,40,6,18,22
32,40,6,19,34
32,40,6,20,38
32,40,6,21,35
32,40,6,22,25
32,40,6,23,39
32,40,6,24,30
32,40,6,25,7
32,40,6,26,32
32,40,6,27,23
32,40,6,28,3
32,40,6,29,40
32,40,6,30,29
32,40,6,31,37
32,40,6,32,33
32,40,6,33,19
32,40,6,34,21
32,40,6,35,24
32,40,6,36,11
32,40,6,37,26
32,40,6,38,2
32,40,6,39,12
32,40,6,40,13
32,40,7,1,16
32,40,7,2,20
32,40,7,3,22
32,40,7,4,6
32,40,7,5,40
32,40,7,6,11
32,40,7,7,34
32,40,7,8,13
32,40,7,9,30
32,40,7,10,24
32,40,7,11,39
32,40,7,12,10
32,40,7,13,26
32,40,7,14,25
32,40,7,15,27
32,40,7,16,29
32,40,7,17,37
32,40,7,18,3
32,40,7,19,23
32,40,7,20,5
32,40,7,21,33
32,40,7,22,21
32,40,7,23,38
32,40,7,24,28
32,40,7,25,14
32,40,7,26,12
32,40,7,27,36
32,40,7,28,9
32,40,7,29,19
32,40,7,30,8
32,40,7,31,31
32,40,7,32,15
32,40,7,33,7
32,40,7,34,2
32,40,7,35,4
32,40,7,36,18
32,40,7,37,1
32,40,7,38,32
32,40,7,39,35
32,40,7,40,17
32,40,8,1,19
32,40,8,2,24
32,40,8,3,4
32,40,8,4,38
32,40,8,5,7
32,40,8,6,18
32,40,8,7,9
32,40,8,8,28
32,40,8,9,10
32,40,8,10,35
32,40,8,11,40
32,40,8,12,26
32,40,8,13,14
32,40,8,14,27
32,40,8,15,32
32,40,8,16,11
32,40,8,17,1
32,40,8,18,29
32,40,8,19,15
32,40,8,20,30
32,40,8,21,23
32,40,8,22,13
32,40,8,23,21
32,40,8,24,36
32,40,8,25,12
32,40,8,26,16
32,40,8,27,31
32,40,8,28,2
32,40,8,29,25
32,40,8,30,17
32,40,8,31,8
32,40,8,32,3
32,40,8,33,22
32,40,8,34,20
32,40,8,35,34
32,40,8,36,37
32,40,8,37,33
32,40,8,38,5
32,40,8,39,39
32,40,8,40,6
32,40,9,1,23
32,40,9,2,2
32,40,9,3,27
32,40,9,4,16
32,40,9,5,34
32,40,9,6,19
32,40,9,7,5
32,40,9,8,18
32,40,9,9,32
32,40,9,10,36
32,40,9,11,28
32,40,9,12,4
32,40,9,13,8
32,40,9,14,22
32,40,9,15,31
32,40,9,16,9
32,40,9,17,3
32,40,9,18,38
32,40,9,19,39
32,40,9,20,12
32,40,9,21,21
32,40,9,22,37
32,40,9,23,40
32,40,9,24,24
32,40,9,25,17
32,40,9,26,1
32,40,9,27,25
32,40,9,28,6
32,40,9,29,29
32,40,9,30,20
32,40,9,31,11
32,40,9,32,7
32,40,9,33,33
32,40,9,34,35
32,40,9,35,30
32,40,9,36,10
32,40,9,37,26
32,40,9,38,15
32,40,9,39,14
32,40,9,40,13
33,40,1,1,27
33,40,1,2,37
33,40,1,3,22
33,40,1,4,33
33,40,1,5,7
33,40,1,6,23
33,40,1,7,19
33,40,1,8,28
33,40,1,9,15
33,40,1,10,18
33,40,1,11,24
33,40,1,12,17
33,40,1,13,10
33,40,1,14,16
33,40,1,15,8
33,40,1,16,32
33,40,1,17,6
33,40,1,18,12
33,40,1,19,35
33,40,1,20,29
33,40,1,21,20
33,40,1,22,25
33,40,1,23,11
33,40,1,24,13
33,40,1,25,26
33,40,1,26,2
33,40,1,27,39
33,40,1,28,40
33,40,1,29,34
33,40,1,30,31
33,40,1,31,4
33,40,1,32,3
33,40,1,33,30
33,40,1,34,5
33,40,1,35,36
33,40,1,36,38
33,40,1,37,14
33,40,1,38,1
33,40,1,39,21
33,40,1,40,9
33,40,2,1,28
33,40,2,2,24
33,40,2,3,22
33,40,2,4,38
33,40,2,5,11
33,40,2,6,32
33,40,2,7,7
33,40,2,8,18
33,40,2,9,9
33,40,2,10,21
33,40,2,11,40
33,40,2,12,4
33,40,2,13,23
33,40,2,14,20
33,40,2,15,12
33,40,2,16,6
33,40,2,17,13
33,40,2,18,1
33,40,2,19,19
33,40,2,20,17
33,40,2,21,35
33,40,2,22,31
33,40,2,23,27
33,40,2,24,30
33,40,2,25,16
33,40,2,26,37
33,40,2,27,2
33,40,2,28,14
33,40,2,29,5
33,40,2,30,26
33,40,2,31,36
33,40,2,32,25
33,40,2,33,34
33,40,2,34,15
33,40,2,35,33
33,40,2,36,10
33,40,2,37,29
33,40,2,38,39
33,40,2,39,3
33,40,2,40,8
33,40,3,1,26
33,40,3,2,38
33,40,3,3,20
33,40,3,4,32
33,40,3,5,10
33,40,3,6,33
33,40,3,7,8
33,40,3,8,7
33,40,3,9,5
33,40,3,10,19
33,40,3,11,29
33,40,3,12,21
33,40,3,13,35
33,40,3,14,11
33,40,3,15,34
33,40,3,16,28
33,40,3,17,13
33,40,3,18,39
33,40,3,19,22
33,40,3,20,12
33,40,3,21,4
33,40,3,22,36
33,40,3,23,40
33,40,3,24,37
33,40,3,25,17
33,40,3,26,1
33,40,3,27,23
33,40,3,28,15
33,40,3,29,16
33,40,3,30,25
33,40,3,31,9
33,40,3,32,3
33,40,3,33,18
33,40,3,34,30
33,40,3,35,2
33,40,3,36,6
33,40,3,37,27
33,40,3,38,24
33,40,3,39,31
33,40,3,40,14
33,40,4,1,40
33,40,4,2,37
33,40,4,3,25
33,40,4,4,11
33,40,4,5,5
33,40,4,6,28
33,40,4,7,17
33,40,4,8,21
33,40,4,9,13
33,40,4,10,14
33,40,4,11,4
33,40,4,12,31
33,40,4,13,2
33,40,4,14,12
33,40,4,15,1
33,40,4,16,24
33,40,4,17,29
33,40,4,18,34
33,40,4,19,23
33,40,4,20,38
33,40,4,21,9
33,40,4,22,15
33,40,4,23,22
33,40,4,24,8
33,40,4,25,18
33,40,4,26,36
33,40,4,27,27
33,40,4,28,19
33,40,4,29,33
33,40,4,30,32
33,40,4,31,20
33,40,4,32,7
33,40,4,33,6
33,40,4,34,16
33,40,4,35,30
33,40,4,36,39
33,40,4,37,10
33,40,4,38,26
33,40,4,39,3
33,40,4,40,35
33,40,5,1,10
33,40,5,2,11
33,40,5,3,34
33,40,5,4,22
33,40,5,5,17
33,40,5,6,12
33,40,5,7,37
33,40,5,8,29
33,40,5,9,14
33,40,5,10,1
33,40,5,11,32
33,40,5,12,26
33,40,5,13,8
33,40,5,14,3
33,40,5,15,21
33,40,5,16,7
33,40,5,17,31
33,40,5,18,16
33,40,5,19,28
33,40,5,20,4
33,40,5,21,13
33,40,5,22,33
33,40,5,23,20
33,40,5,24,9
33,40,5,25,27
33,40,5,26,25
33,40,5,27,38
33,40,5,28,24
33,40,5,29,15
33,40,5,30,40
33,40,5,31,2
33,40,5,32,30
33,40,5,33,39
33,40,5,34,19
33,40,5,35,18
33,40,5,36,6
33,40,5,37,35
33,40,5,38,23
33,40,5,39,36
33,40,5,40,5
33,40,6,1,40
33,40,6,2,6
33,40,6,3,31
33,40,6,4,28
33,40,6,5,10
33,40,6,6,15
33,40,6,7,16
33,40,6,8,4
33,40,6,9,34
33,40,6,10,17
33,40,6,11,20
33,40,6,12,22
33,40,6,13,38
33,40,6,14,35
33,40,6,15,32
33,40,6,16,25
33,40,6,17,39
33,40,6,18,30
33,40,6,19,7
33,40,6,20,11
33,40,6,21,26
33,40,6,22,2
33,40,6,23,12
33,40,6,24,13
33,40,6,25,24
33,40,6,26,33
33,40,6,27,19
33,40,6,28,21
33,40,6,29,8
33,40,6,30,1
33,40,6,31,27
33,40,6,32,36
33,40,6,33,5
33,40,6,34,14
33,40,6,35,18
33,40,6,36,9
33,40,6,37,37
33,40,6,38,23
33,40,6,39,3
33,40,6,40,29
33,40,7,1,33
33,40,7,2,5
33,40,7,3,23
33,40,7,4,17
33,40,7,5,35
33,40,7,6,32
33,40,7,7,18
33,40,7,8,1
33,40,7,9,4
33,40,7,10,2
33,40,7,11,7
33,40,7,12,15
33,40,7,13,31
33,40,7,14,8
33,40,7,15,19
33,40,7,16,9
33,40,7,17,36
33,40,7,18,12
33,40,7,19,14
33,40,7,20,28
33,40,7,21,38
33,40,7,22,16
33,40,7,23,20
33,40,7,24,6
33,40,7,25,22
33,40,7,26,11
33,40,7,27,40
33,40,7,28,34
33,40,7,29,30
33,40,7,30,13
33,40,7,31,24
33,40,7,32,39
33,40,7,33,10
33,40,7,34,26
33,40,7,35,25
33,40,7,36,27
33,40,7,37,29
33,40,7,38,37
33,40,7,39,3
33,40,7,40,21
33,40,8,1,36
33,40,8,2,14
33,40,8,3,26
33,40,8,4,40
33,40,8,5,28
33,40,8,6,10
33,40,8,7,35
33,40,8,8,18
33,40,8,9,9
33,40,8,10,7
33,40,8,11,38
33,40,8,12,4
33,40,8,13,24
33,40,8,14,19
33,40,8,15,6
33,40,8,16,39
33,40,8,17,5
33,40,8,18,37
33,40,8,19,33
33,40,8,20,34
33,40,8,21,20
33,40,8,22,16
33,40,8,23,2
33,40,8,24,22
33,40,8,25,3
33,40,8,26,8
33,40,8,27,17
33,40,8,28,25
33,40,8,29,31
33,40,8,30,12
33,40,8,31,13
33,40,8,32,23
33,40,8,33,15
33,40,8,34,30
33,40,8,35,29
33,40,8,36,1
33,40,8,37,11
33,40,8,38,32
33,40,8,39,27
33,40,8,40,21
33,40,9,1,14
33,40,9,2,6
33,40,9,3,25
33,40,9,4,17
33,40,9,5,1
33,40,9,6,24
33,40,9,7,40
33,40,9,8,37
33,40,9,9,21
33,40,9,10,12
33,40,9,11,39
33,40,9,12,38
33,40,9,13,3
33,40,9,14,32
33,40,9,15,31
33,40,9,16,9
33,40,9,17,8
33,40,9,18,22
33,40,9,19,4
33,40,9,20,28
33,40,9,21,36
33,40,9,22,18
33,40,9,23,19
33,40,9,24,5
33,40,9,25,34
33,40,9,26,16
33,40,9,27,27
33,40,9,28,2
33,40,9,29,23
33,40,9,30,13
33,40,9,31,15
33,40,9,32,26
33,40,9,33,10
33,40,9,34,30
33,40,9,35,35
33,40,9,36,33
33,40,9,37,7
33,40,9,38,11
33,40,9,39,20
33,40,9,40,29
34,40,1,1,34
34,40,1,2,40
34,40,1,3,39
34,40,1,4,2
34,40,1,5,13
34,40,1,6,11
34,40,1,7,26
34,40,1,8,25
34,40,1,9,20
34,40,1,10,32
34,40,1,11,6
34,40,1,12,35
34,40,1,13,29
34,40,1,14,12
34,40,1,15,8
34,40,1,16,16
34,40,1,17,10
34,40,1,18,27
34,40,1,19,17
34,40,1,20,28
34,40,1,21,15
34,40,1,22,24
34,40,1,23,37
34,40,1,24,18
34,40,1,25,7
34,40,1,26,19
34,40,1,27,23
34,40,1,28,22
34,40,1,29,33
34,40,1,30,9
34,40,1,31,21
34,40,1,32,1
34,40,1,33,14
34,40,1,34,31
34,40,1,35,30
34,40,1,36,5
34,40,1,37,36
34,40,1,38,38
34,40,1,39,3
34,40,1,40,4
34,40,2,1,36
34,40,2,2,25
34,40,2,3,34
34,40,2,4,26
34,40,2,5,5
34,40,2,6,14
34,40,2,7,2
34,40,2,8,37
34,40,2,9,16
34,40,2,10,30
34,40,2,11,27
34,40,2,12,31
34,40,2,13,17
34,40,2,14,35
34,40,2,15,12
34,40,2,16,6
34,40,2,17,19
34,40,2,18,13
34,40,2,19,1
34,40,2,20,3
34,40,2,21,28
34,40,2,22,24
34,40,2,23,40
34,40,2,24,8
34,40,2,25,4
34,40,2,26,23
34,40,2,27,20
34,40,2,28,21
34,40,2,29,9
34,40,2,30,7
34,40,2,31,32
34,40,2,32,11
34,40,2,33,18
34,40,2,34,38
34,40,2,35,22
34,40,2,36,39
34,40,2,37,29
34,40,2,38,10
34,40,2,39,33
34,40,2,40,15
34,40,3,1,1
34,40,3,2,23
34,40,3,3,15
34,40,3,4,16
34,40,3,5,25
34,40,3,6,9
34,40,3,7,3
34,40,3,8,18
34,40,3,9,2
34,40,3,10,30
34,40,3,11,6
34,40,3,12,27
34,40,3,13,24
34,40,3,14,31
34,40,3,15,14
34,40,3,16,26
34,40,3,17,38
34,40,3,18,20
34,40,3,19,32
34,40,3,20,10
34,40,3,21,33
34,40,3,22,8
34,40,3,23,5
34,40,3,24,19
34,40,3,25,7
34,40,3,26,29
34,40,3,27,21
34,40,3,28,35
34,40,3,29,11
34,40,3,30,34
34,40,3,31,28
34,40,3,32,13
34,40,3,33,39
34,40,3,34,22
34,40,3,35,12
34,40,3,36,4
34,40,3,37,36
34,40,3,38,40
34,40,3,39,37
34,40,3,40,17
34,40,4,1,20
34,40,4,2,7
34,40,4,3,6
34,40,4,4,16
34,40,4,5,30
34,40,4,6,39
34,40,4,7,10
34,40,4,8,26
34,40,4,9,25
34,40,4,10,37
34,40,4,11,11
34,40,4,12,5
34,40,4,13,28
34,40,4,14,17
34,40,4,15,21
34,40,4,16,4
34,40,4,17,14
34,40,4,18,13
34,40,4,19,2
34,40,4,20,31
34,40,4,21,12
34,40,4,22,24
34,40,4,23,1
34,40,4,24,29
34,40,4,25,18
34,40,4,26,34
34,40,4,27,23
34,40,4,28,38
34,40,4,29,9
34,40,4,30,15
34,40,4,31,22
34,40,4,32,27
34,40,4,33,19
34,40,4,34,36
34,40,4,35,8
34,40,4,36,35
34,40,4,37,40
34,40,4,38,3
34,40,4,39,33
34,40,4,40,32
34,40,5,1,18
34,40,5,2,6
34,40,5,3,19
34,40,5,4,23
34,40,5,5,30
34,40,5,6,39
34,40,5,7,40
34,40,5,8,15
34,40,5,9,38
34,40,5,10,25
34,40,5,11,24
34,40,5,12,2
34,40,5,13,27
34,40,5,14,9
34,40,5,15,20
34,40,5,16,33
34,40,5,17,13
34,40,5,18,4
34,40,5,19,28
34,40,5,20,16
34,40,5,21,31
34,40,5,22,7
34,40,5,23,21
34,40,5,24,3
34,40,5,25,8
34,40,5,26,26
34,40,5,27,32
34,40,5,28,1
34,40,5,29,14
34,40,5,30,10
34,40,5,31,5
34,40,5,32,36
34,40,5,33,11
34,40,5,34,29
34,40,5,35,37
34,40,5,36,12
34,40,5,37,17
34,40,5,38,22
34,40,5,39,34
34,40,5,40,35
34,40,6,1,1
34,40,6,2,8
34,40,6,3,21
34,40,6,4,13
34,40,6,5,12
34,40,6,6,2
34,40,6,7,26
34,40,6,8,11
34,40,6,9,24
34,40,6,10,33
34,40,6,11,19
34,40,6,12,37
34,40,6,13,23
34,40,6,14,32
34,40,6,15,7
34,40,6,16,30
34,40,6,17,39
34,40,6,18,25
34,40,6,19,35
34,40,6,20,38
34,40,6,21,22
34,40,6,22,20
34,40,6,23,17
34,40,6,24,4
34,40,6,25,34
34,40,6,26,16
34,40,6,27,10
34,40,6,28,15
34,40,6,29,31
34,40,6,30,28
34,40,6,31,6
34,40,6,32,40
34,40,6,33,3
34,40,6,34,29
34,40,6,35,9
34,40,6,36,18
34,40,6,37,5
34,40,6,38,14
34,40,6,39,36
34,40,6,40,27
34,40,7,1,23
34,40,7,2,5
34,40,7,3,33
34,40,7,4,21
34,40,7,5,16
34,40,7,6,20
34,40,7,7,22
34,40,7,8,10
34,40,7,9,39
34,40,7,10,37
34,40,7,11,3
34,40,7,12,29
34,40,7,13,27
34,40,7,14,25
34,40,7,15,26
34,40,7,16,24
34,40,7,17,13
34,40,7,18,30
34,40,7,19,34
34,40,7,20,11
34,40,7,21,40
34,40,7,22,9
34,40,7,23,19
34,40,7,24,8
34,40,7,25,36
34,40,7,26,6
34,40,7,27,38
34,40,7,28,28
34,40,7,29,14
34,40,7,30,12
34,40,7,31,31
34,40,7,32,15
34,40,7,33,7
34,40,7,34,2
34,40,7,35,1
34,40,7,36,4
34,40,7,37,18
34,40,7,38,32
34,40,7,39,35
34,40,7,40,17
34,40,8,1,38
34,40,8,2,7
34,40,8,3,18
34,40,8,4,9
34,40,8,5,37
34,40,8,6,34
34,40,8,7,20
34,40,8,8,36
34,40,8,9,14
34,40,8,10,28
34,40,8,11,10
34,40,8,12,35
34,40,8,13,40
34,40,8,14,26
34,40,8,15,27
34,40,8,16,32
34,40,8,17,11
34,40,8,18,1
34,40,8,19,29
34,40,8,20,15
34,40,8,21,30
34,40,8,22,23
34,40,8,23,13
34,40,8,24,21
34,40,8,25,12
34,40,8,26,31
34,40,8,27,25
34,40,8,28,17
34,40,8,29,8
34,40,8,30,3
34,40,8,31,2
34,40,8,32,16
34,40,8,33,22
34,40,8,34,39
34,40,8,35,33
34,40,8,36,5
34,40,8,37,6
34,40,8,38,19
34,40,8,39,24
34,40,8,40,4
34,40,9,1,2
34,40,9,2,34
34,40,9,3,16
34,40,9,4,27
34,40,9,5,15
34,40,9,6,26
34,40,9,7,10
34,40,9,8,35
34,40,9,9,30
34,40,9,10,33
34,40,9,11,7
34,40,9,12,11
34,40,9,13,20
34,40,9,14,29
34,40,9,15,14
34,40,9,16,6
34,40,9,17,25
34,40,9,18,17
34,40,9,19,1
34,40,9,20,24
34,40,9,21,40
34,40,9,22,37
34,40,9,23,21
34,40,9,24,12
34,40,9,25,39
34,40,9,26,38
34,40,9,27,3
34,40,9,28,9
34,40,9,29,31
34,40,9,30,8
34,40,9,31,22
34,40,9,32,4
34,40,9,33,28
34,40,9,34,36
34,40,9,35,32
34,40,9,36,19
34,40,9,37,18
34,40,9,38,5
34,40,9,39,23
34,40,9,40,13
35,40,1,1,36
35,40,1,2,38
35,40,1,3,3
35,40,1,4,5
35,40,1,5,4
35,40,1,6,30
35,40,1,7,14
35,40,1,8,1
35,40,1,9,21
35,40,1,10,31
35,40,1,11,9
35,40,1,12,34
35,40,1,13,40
35,40,1,14,39
35,40,1,15,2
35,40,1,16,26
35,40,1,17,13
35,40,1,18,11
35,40,1,19,25
35,40,1,20,20
35,40,1,21,32
35,40,1,22,6
35,40,1,23,35
35,40,1,24,29
35,40,1,25,12
35,40,1,26,8
35,40,1,27,16
35,40,1,28,10
35,40,1,29,27
35,40,1,30,17
35,40,1,31,24
35,40,1,32,37
35,40,1,33,18
35,40,1,34,15
35,40,1,35,22
35,40,1,36,33
35,40,1,37,7
35,40,1,38,28
35,40,1,39,19
35,40,1,40,23
35,40,2,1,38
35,40,2,2,11
35,40,2,3,32
35,40,2,4,18
35,40,2,5,7
35,40,2,6,9
35,40,2,7,21
35,40,2,8,24
35,40,2,9,28
35,40,2,10,40
35,40,2,11,4
35,40,2,12,23
35,40,2,13,20
35,40,2,14,12
35,40,2,15,6
35,40,2,16,8
35,40,2,17,1
35,40,2,18,13
35,40,2,19,35
35,40,2,20,17
35,40,2,21,19
35,40,2,22,27
35,40,2,23,31
35,40,2,24,30
35,40,2,25,37
35,40,2,26,16
35,40,2,27,2
35,40,2,28,14
35,40,2,29,3
35,40,2,30,5
35,40,2,31,39
35,40,2,32,26
35,40,2,33,34
35,40,2,34,36
35,40,2,35,25
35,40,2,36,15
35,40,2,37,33
35,40,2,38,10
35,40,2,39,29
35,40,2,40,22
35,40,3,1,30
35,40,3,2,18
35,40,3,3,3
35,40,3,4,2
35,40,3,5,9
35,40,3,6,25
35,40,3,7,16
35,40,3,8,15
35,40,3,9,23
35,40,3,10,1
35,40,3,11,37
35,40,3,12,40
35,40,3,13,17
35,40,3,14,36
35,40,3,15,4
35,40,3,16,12
35,40,3,17,22
35,40,3,18,13
35,40,3,19,39
35,40,3,20,28
35,40,3,21,34
35,40,3,22,14
35,40,3,23,26
35,40,3,24,11
35,40,3,25,35
35,40,3,26,21
35,40,3,27,29
35,40,3,28,19
35,40,3,29,5
35,40,3,30,10
35,40,3,31,33
35,40,3,32,8
35,40,3,33,7
35,40,3,34,32
35,40,3,35,20
35,40,3,36,38
35,40,3,37,31
35,40,3,38,24
35,40,3,39,27
35,40,3,40,6
35,40,4,1,39
35,40,4,2,25
35,40,4,3,11
35,40,4,4,37
35,40,4,5,40
35,40,4,6,5
35,40,4,7,1
35,40,4,8,12
35,40,4,9,2
35,40,4,10,13
35,40,4,11,14
35,40,4,12,28
35,40,4,13,17
35,40,4,14,21
35,40,4,15,4
35,40,4,16,31
35,40,4,17,24
35,40,4,18,29
35,40,4,19,34
35,40,4,20,18
35,40,4,21,23
35,40,4,22,35
35,40,4,23,3
35,40,4,24,36
35,40,4,25,8
35,40,4,26,22
35,40,4,27,15
35,40,4,28,38
35,40,4,29,9
35,40,4,30,27
35,40,4,31,19
35,40,4,32,33
35,40,4,33,16
35,40,4,34,32
35,40,4,35,20
35,40,4,36,7
35,40,4,37,6
35,40,4,38,26
35,40,4,39,10
35,40,4,40,30
35,40,5,1,18
35,40,5,2,6
35,40,5,3,35
35,40,5,4,19
35,40,5,5,23
35,40,5,6,39
35,40,5,7,30
35,40,5,8,40
35,40,5,9,15
35,40,5,10,38
35,40,5,11,25
35,40,5,12,24
35,40,5,13,2
35,40,5,14,36
35,40,5,15,5
35,40,5,16,27
35,40,5,17,9
35,40,5,18,4
35,40,5,19,13
35,40,5,20,20
35,40,5,21,33
35,40,5,22,28
35,40,5,23,16
35,40,5,24,31
35,40,5,25,7
35,40,5,26,26
35,40,5,27,8
35,40,5,28,21
35,40,5,29,3
35,40,5,30,32
35,40,5,31,10
35,40,5,32,1
35,40,5,33,14
35,40,5,34,29
35,40,5,35,11
35,40,5,36,34
35,40,5,37,37
35,40,5,38,12
35,40,5,39,17
35,40,5,40,22
35,40,6,1,14
35,40,6,2,31
35,40,6,3,15
35,40,6,4,10
35,40,6,5,28
35,40,6,6,6
35,40,6,7,16
35,40,6,8,34
35,40,6,9,4
35,40,6,10,17
35,40,6,11,20
35,40,6,12,22
35,40,6,13,38
35,40,6,14,35
35,40,6,15,32
35,40,6,16,25
35,40,6,17,39
35,40,6,18,30
35,40,6,19,7
35,40,6,20,40
35,40,6,21,23
35,40,6,22,3
35,40,6,23,29
35,40,6,24,37
35,40,6,25,33
35,40,6,26,19
35,40,6,27,21
35,40,6,28,24
35,40,6,29,11
35,40,6,30,26
35,40,6,31,2
35,40,6,32,13
35,40,6,33,12
35,40,6,34,8
35,40,6,35,9
35,40,6,36,18
35,40,6,37,1
35,40,6,38,27
35,40,6,39,36
35,40,6,40,5
35,40,7,1,17
35,40,7,2,23
35,40,7,3,37
35,40,7,4,3
35,40,7,5,29
35,40,7,6,27
35,40,7,7,25
35,40,7,8,26
35,40,7,9,10
35,40,7,10,39
35,40,7,11,24
35,40,7,12,30
35,40,7,13,13
35,40,7,14,34
35,40,7,15,11
35,40,7,16,40
35,40,7,17,22
35,40,7,18,20
35,40,7,19,16
35,40,7,20,21
35,40,7,21,33
35,40,7,22,5
35,40,7,23,38
35,40,7,24,6
35,40,7,25,28
35,40,7,26,14
35,40,7,27,12
35,40,7,28,36
35,40,7,29,9
35,40,7,30,19
35,40,7,31,8
35,40,7,32,31
35,40,7,33,15
35,40,7,34,7
35,40,7,35,2
35,40,7,36,4
35,40,7,37,18
35,40,7,38,1
35,40,7,39,32
35,40,7,40,35
35,40,8,1,15
35,40,8,2,32
35,40,8,3,27
35,40,8,4,40
35,40,8,5,26
35,40,8,6,14
35,40,8,7,28
35,40,8,8,10
35,40,8,9,35
35,40,8,10,18
35,40,8,11,9
35,40,8,12,7
35,40,8,13,37
35,40,8,14,38
35,40,8,15,4
35,40,8,16,24
35,40,8,17,19
35,40,8,18,6
35,40,8,19,39
35,40,8,20,5
35,40,8,21,33
35,40,8,22,34
35,40,8,23,20
35,40,8,24,36
35,40,8,25,16
35,40,8,26,2
35,40,8,27,22
35,40,8,28,3
35,40,8,29,8
35,40,8,30,17
35,40,8,31,25
35,40,8,32,31
35,40,8,33,12
35,40,8,34,21
35,40,8,35,13
35,40,8,36,23
35,40,8,37,30
35,40,8,38,11
35,40,8,39,1
35,40,8,40,29
35,40,9,1,17
35,40,9,2,1
35,40,9,3,24
35,40,9,4,40
35,40,9,5,37
35,40,9,6,21
35,40,9,7,12
35,40,9,8,3
35,40,9,9,38
35,40,9,10,39
35,40,9,11,9
35,40,9,12,31
35,40,9,13,22
35,40,9,14,8
35,40,9,15,4
35,40,9,16,28
35,40,9,17,36
35,40,9,18,32
35,40,9,19,18
35,40,9,20,5
35,40,9,21,19
35,40,9,22,23
35,40,9,23,13
35,40,9,24,14
35,40,9,25,2
35,40,9,26,34
35,40,9,27,16
35,40,9,28,27
35,40,9,29,15
35,40,9,30,29
35,40,9,31,26
35,40,9,32,35
35,40,9,33,10
35,40,9,34,33
35,40,9,35,30
35,40,9,36,7
35,40,9,37,11
35,40,9,38,20
35,40,9,39,6
35,40,9,40,25
36,40,1,1,38
36,40,1,2,36
36,40,1,3,5
36,40,1,4,14
36,40,1,5,1
36,40,1,6,33
36,40,1,7,22
36,40,1,8,7
36,40,1,9,23
36,40,1,10,19
36,40,1,11,15
36,40,1,12,28
36,40,1,13,17
36,40,1,14,16
36,40,1,15,8
36,40,1,16,20
36,40,1,17,32
36,40,1,18,6
36,40,1,19,12
36,40,1,20,35
36,40,1,21,29
36,40,1,22,25
36,40,1,23,10
36,40,1,24,11
36,40,1,25,27
36,40,1,26,24
36,40,1,27,37
36,40,1,28,18
36,40,1,29,9
36,40,1,30,13
36,40,1,31,26
36,40,1,32,2
36,40,1,33,39
36,40,1,34,40
36,40,1,35,21
36,40,1,36,31
36,40,1,37,34
36,40,1,38,4
36,40,1,39,30
36,40,1,40,3
36,40,2,1,15
36,40,2,2,33
36,40,2,3,10
36,40,2,4,29
36,40,2,5,22
36,40,2,6,38
36,40,2,7,18
36,40,2,8,11
36,40,2,9,32
36,40,2,10,7
36,40,2,11,9
36,40,2,12,21
36,40,2,13,4
36,40,2,14,23
36,40,2,15,20
36,40,2,16,12
36,40,2,17,6
36,40,2,18,13
36,40,2,19,1
36,40,2,20,19
36,40,2,21,17
36,40,2,22,35
36,40,2,23,31
36,40,2,24,27
36,40,2,25,30
36,40,2,26,37
36,40,2,27,16
36,40,2,28,2
36,40,2,29,14
36,40,2,30,8
36,40,2,31,40
36,40,2,32,24
36,40,2,33,28
36,40,2,34,3
36,40,2,35,39
36,40,2,36,5
36,40,2,37,26
36,40,2,38,34
36,40,2,39,25
36,40,2,40,36
36,40,3,1,30
36,40,3,2,6
36,40,3,3,27
36,40,3,4,24
36,40,3,5,31
36,40,3,6,38
36,40,3,7,20
36,40,3,8,32
36,40,3,9,7
36,40,3,10,33
36,40,3,11,8
36,40,3,12,5
36,40,3,13,19
36,40,3,14,29
36,40,3,15,21
36,40,3,16,28
36,40,3,17,34
36,40,3,18,11
36,40,3,19,35
36,40,3,20,10
36,40,3,21,26
36,40,3,22,14
36,40,3,23,13
36,40,3,24,39
36,40,3,25,22
36,40,3,26,12
36,40,3,27,4
36,40,3,28,36
36,40,3,29,40
36,40,3,30,37
36,40,3,31,17
36,40,3,32,1
36,40,3,33,23
36,40,3,34,25
36,40,3,35,9
36,40,3,36,15
36,40,3,37,16
36,40,3,38,3
36,40,3,39,2
36,40,3,40,18
36,40,4,1,7
36,40,4,2,6
36,40,4,3,20
36,40,4,4,16
36,40,4,5,30
36,40,4,6,39
36,40,4,7,10
36,40,4,8,26
36,40,4,9,25
36,40,4,10,37
36,40,4,11,11
36,40,4,12,40
36,40,4,13,1
36,40,4,14,12
36,40,4,15,2
36,40,4,16,5
36,40,4,17,13
36,40,4,18,14
36,40,4,19,4
36,40,4,20,28
36,40,4,21,17
36,40,4,22,21
36,40,4,23,31
36,40,4,24,24
36,40,4,25,29
36,40,4,26,34
36,40,4,27,23
36,40,4,28,18
36,40,4,29,35
36,40,4,30,3
36,40,4,31,36
36,40,4,32,8
36,40,4,33,22
36,40,4,34,15
36,40,4,35,38
36,40,4,36,9
36,40,4,37,27
36,40,4,38,19
36,40,4,39,33
36,40,4,40,32
36,40,5,1,18
36,40,5,2,19
36,40,5,3,6
36,40,5,4,23
36,40,5,5,35
36,40,5,6,22
36,40,5,7,11
36,40,5,8,34
36,40,5,9,17
36,40,5,10,12
36,40,5,11,37
36,40,5,12,29
36,40,5,13,1
36,40,5,14,8
36,40,5,15,3
36,40,5,16,21
36,40,5,17,7
36,40,5,18,31
36,40,5,19,26
36,40,5,20,32
36,40,5,21,14
36,40,5,22,10
36,40,5,23,28
36,40,5,24,16
36,40,5,25,33
36,40,5,26,20
36,40,5,27,13
36,40,5,28,4
36,40,5,29,9
36,40,5,30,27
36,40,5,31,5
36,40,5,32,36
36,40,5,33,2
36,40,5,34,24
36,40,5,35,25
36,40,5,36,38
36,40,5,37,15
36,40,5,38,40
36,40,5,39,30
36,40,5,40,39
36,40,6,1,36
36,40,6,2,5
36,40,6,3,14
36,40,6,4,31
36,40,6,5,6
36,40,6,6,28
36,40,6,7,10
36,40,6,8,15
36,40,6,9,16
36,40,6,10,4
36,40,6,11,17
36,40,6,12,20
36,40,6,13,22
36,40,6,14,34
36,40,6,15,38
36,40,6,16,35
36,40,6,17,25
36,40,6,18,39
36,40,6,19,30
36,40,6,20,7
36,40,6,21,32
36,40,6,22,23
36,40,6,23,3
36,40,6,24,40
36,40,6,25,29
36,40,6,26,37
36,40,6,27,19
36,40,6,28,33
36,40,6,29,24
36,40,6,30,11
36,40,6,31,26
36,40,6,32,2
36,40,6,33,12
36,40,6,34,13
36,40,6,35,21
36,40,6,36,9
36,40,6,37,18
36,40,6,38,8
36,40,6,39,1
36,40,6,40,27
36,40,7,1,25
36,40,7,2,27
36,40,7,3,3
36,40,7,4,29
36,40,7,5,37
36,40,7,6,17
36,40,7,7,23
36,40,7,8,5
36,40,7,9,33
36,40,7,10,21
36,40,7,11,35
36,40,7,12,32
36,40,7,13,1
36,40,7,14,18
36,40,7,15,4
36,40,7,16,2
36,40,7,17,7
36,40,7,18,15
36,40,7,19,31
36,40,7,20,8
36,40,7,21,19
36,40,7,22,9
36,40,7,23,36
36,40,7,24,12
36,40,7,25,14
36,40,7,26,28
36,40,7,27,38
36,40,7,28,16
36,40,7,29,20
36,40,7,30,22
36,40,7,31,6
36,40,7,32,40
36,40,7,33,11
36,40,7,34,10
36,40,7,35,39
36,40,7,36,34
36,40,7,37,13
36,40,7,38,24
36,40,7,39,30
36,40,7,40,26
36,40,8,1,15
36,40,8,2,29
36,40,8,3,1
36,40,8,4,30
36,40,8,5,11
36,40,8,6,32
36,40,8,7,27
36,40,8,8,40
36,40,8,9,26
36,40,8,10,14
36,40,8,11,28
36,40,8,12,10
36,40,8,13,35
36,40,8,14,18
36,40,8,15,9
36,40,8,16,7
36,40,8,17,38
36,40,8,18,4
36,40,8,19,24
36,40,8,20,19
36,40,8,21,6
36,40,8,22,39
36,40,8,23,5
36,40,8,24,33
36,40,8,25,37
36,40,8,26,34
36,40,8,27,20
36,40,8,28,36
36,40,8,29,16
36,40,8,30,22
36,40,8,31,3
36,40,8,32,2
36,40,8,33,8
36,40,8,34,17
36,40,8,35,25
36,40,8,36,31
36,40,8,37,12
36,40,8,38,21
36,40,8,39,13
36,40,8,40,23
36,40,9,1,30
36,40,9,2,7
36,40,9,3,33
36,40,9,4,35
36,40,9,5,11
36,40,9,6,29
36,40,9,7,20
36,40,9,8,6
36,40,9,9,25
36,40,9,10,17
36,40,9,11,1
36,40,9,12,24
36,40,9,13,40
36,40,9,14,37
36,40,9,15,21
36,40,9,16,12
36,40,9,17,39
36,40,9,18,38
36,40,9,19,3
36,40,9,20,31
36,40,9,21,9
36,40,9,22,22
36,40,9,23,8
36,40,9,24,4
36,40,9,25,28
36,40,9,26,36
36,40,9,27,32
36,40,9,28,18
36,40,9,29,5
36,40,9,30,19
36,40,9,31,23
36,40,9,32,14
36,40,9,33,13
36,40,9,34,2
36,40,9,35,34
36,40,9,36,16
36,40,9,37,27
36,40,9,38,15
36,40,9,39,26
36,40,9,40,10
37,40,1,1,24
37,40,1,2,18
37,40,1,3,15
37,40,1,4,28
37,40,1,5,17
37,40,1,6,16
37,40,1,7,8
37,40,1,8,32
37,40,1,9,6
37,40,1,10,12
37,40,1,11,35
37,40,1,12,29
37,40,1,13,20
37,40,1,14,10
37,40,1,15,27
37,40,1,16,25
37,40,1,17,11
37,40,1,18,13
37,40,1,19,26
37,40,1,20,2
37,40,1,21,39
37,40,1,22,40
37,40,1,23,34
37,40,1,24,31
37,40,1,25,4
37,40,1,26,30
37,40,1,27,5
37,40,1,28,36
37,40,1,29,3
37,40,1,30,38
37,40,1,31,14
37,40,1,32,1
37,40,1,33,21
37,40,1,34,9
37,40,1,35,33
37,40,1,36,23
37,40,1,37,19
37,40,1,38,7
37,40,1,39,22
37,40,1,40,37
37,40,2,1,34
37,40,2,2,36
37,40,2,3,25
37,40,2,4,15
37,40,2,5,33
37,40,2,6,10
37,40,2,7,29
37,40,2,8,22
37,40,2,9,38
37,40,2,10,11
37,40,2,11,18
37,40,2,12,7
37,40,2,13,9
37,40,2,14,21
37,40,2,15,32
37,40,2,16,24
37,40,2,17,40
37,40,2,18,4
37,40,2,19,23
37,40,2,20,20
37,40,2,21,12
37,40,2,22,6
37,40,2,23,35
37,40,2,24,17
37,40,2,25,31
37,40,2,26,27
37,40,2,27,19
37,40,2,28,13
37,40,2,29,1
37,40,2,30,30
37,40,2,31,37
37,40,2,32,16
37,40,2,33,2
37,40,2,34,14
37,40,2,35,26
37,40,2,36,5
37,40,2,37,3
37,40,2,38,8
37,40,2,39,28
37,40,2,40,39
37,40,3,1,7
37,40,3,2,8
37,40,3,3,5
37,40,3,4,19
37,40,3,5,29
37,40,3,6,21
37,40,3,7,35
37,40,3,8,11
37,40,3,9,34
37,40,3,10,28
37,40,3,11,13
37,40,3,12,39
37,40,3,13,22
37,40,3,14,12
37,40,3,15,4
37,40,3,16,36
37,40,3,17,40
37,40,3,18,37
37,40,3,19,17
37,40,3,20,1
37,40,3,21,23
37,40,3,22,15
37,40,3,23,16
37,40,3,24,3
37,40,3,25,18
37,40,3,26,2
37,40,3,27,30
37,40,3,28,6
37,40,3,29,9
37,40,3,30,25
37,40,3,31,14
37,40,3,32,26
37,40,3,33,31
37,40,3,34,24
37,40,3,35,27
37,40,3,36,10
37,40,3,37,38
37,40,3,38,20
37,40,3,39,32
37,40,3,40,33
37,40,4,1,6
37,40,4,2,7
37,40,4,3,20
37,40,4,4,16
37,40,4,5,32
37,40,4,6,33
37,40,4,7,19
37,40,4,8,27
37,40,4,9,9
37,40,4,10,38
37,40,4,11,15
37,40,4,12,22
37,40,4,13,8
37,40,4,14,36
37,40,4,15,23
37,40,4,16,34
37,40,4,17,18
37,40,4,18,29
37,40,4,19,24
37,40,4,20,31
37,40,4,21,4
37,40,4,22,21
37,40,4,23,17
37,40,4,24,28
37,40,4,25,14
37,40,4,26,13
37,40,4,27,5
37,40,4,28,2
37,40,4,29,12
37,40,4,30,1
37,40,4,31,35
37,40,4,32,3
37,40,4,33,40
37,40,4,34,37
37,40,4,35,11
37,40,4,36,25
37,40,4,37,26
37,40,4,38,10
37,40,4,39,39
37,40,4,40,30
37,40,5,1,10
37,40,5,2,14
37,40,5,3,29
37,40,5,4,1
37,40,5,5,3
37,40,5,6,21
37,40,5,7,8
37,40,5,8,26
37,40,5,9,32
37,40,5,10,7
37,40,5,11,31
37,40,5,12,16
37,40,5,13,28
37,40,5,14,33
37,40,5,15,20
37,40,5,16,13
37,40,5,17,4
37,40,5,18,9
37,40,5,19,27
37,40,5,20,38
37,40,5,21,25
37,40,5,22,24
37,40,5,23,15
37,40,5,24,40
37,40,5,25,2
37,40,5,26,30
37,40,5,27,39
37,40,5,28,18
37,40,5,29,19
37,40,5,30,6
37,40,5,31,23
37,40,5,32,35
37,40,5,33,11
37,40,5,34,34
37,40,5,35,22
37,40,5,36,17
37,40,5,37,12
37,40,5,38,37
37,40,5,39,36
37,40,5,40,5
37,40,6,1,11
37,40,6,2,26
37,40,6,3,2
37,40,6,4,12
37,40,6,5,13
37,40,6,6,24
37,40,6,7,33
37,40,6,8,19
37,40,6,9,21
37,40,6,10,8
37,40,6,11,1
37,40,6,12,27
37,40,6,13,36
37,40,6,14,5
37,40,6,15,14
37,40,6,16,31
37,40,6,17,15
37,40,6,18,4
37,40,6,19,17
37,40,6,20,20
37,40,6,21,22
37,40,6,22,34
37,40,6,23,16
37,40,6,24,10
37,40,6,25,38
37,40,6,26,28
37,40,6,27,40
37,40,6,28,6
37,40,6,29,35
37,40,6,30,32
37,40,6,31,3
37,40,6,32,29
37,40,6,33,9
37,40,6,34,18
37,40,6,35,37
37,40,6,36,23
37,40,6,37,7
37,40,6,38,25
37,40,6,39,39
37,40,6,40,30
37,40,7,1,12
37,40,7,2,14
37,40,7,3,28
37,40,7,4,38
37,40,7,5,6
37,40,7,6,22
37,40,7,7,20
37,40,7,8,16
37,40,7,9,21
37,40,7,10,33
37,40,7,11,5
37,40,7,12,23
37,40,7,13,17
37,40,7,14,18
37,40,7,15,4
37,40,7,16,1
37,40,7,17,32
37,40,7,18,35
37,40,7,19,2
37,40,7,20,7
37,40,7,21,31
37,40,7,22,15
37,40,7,23,8
37,40,7,24,19
37,40,7,25,9
37,40,7,26,36
37,40,7,27,40
37,40,7,28,11
37,40,7,29,34
37,40,7,30,13
37,40,7,31,30
37,40,7,32,24
37,40,7,33,39
37,40,7,34,10
37,40,7,35,26
37,40,7,36,25
37,40,7,37,27
37,40,7,38,29
37,40,7,39,37
37,40,7,40,3
37,40,8,1,34
37,40,8,2,20
37,40,8,3,33
37,40,8,4,39
37,40,8,5,5
37,40,8,6,6
37,40,8,7,19
37,40,8,8,24
37,40,8,9,4
37,40,8,10,38
37,40,8,11,7
37,40,8,12,18
37,40,8,13,9
37,40,8,14,37
37,40,8,15,14
37,40,8,16,28
37,40,8,17,10
37,40,8,18,35
37,40,8,19,40
37,40,8,20,26
37,40,8,21,27
37,40,8,22,32
37,40,8,23,11
37,40,8,24,1
37,40,8,25,29
37,40,8,26,15
37,40,8,27,30
37,40,8,28,23
37,40,8,29,13
37,40,8,30,12
37,40,8,31,31
37,40,8,32,25
37,40,8,33,17
37,40,8,34,8
37,40,8,35,3
37,40,8,36,22
37,40,8,37,2
37,40,8,38,16
37,40,8,39,21
37,40,8,40,36
37,40,9,1,23
37,40,9,2,13
37,40,9,3,14
37,40,9,4,39
37,40,9,5,38
37,40,9,6,3
37,40,9,7,12
37,40,9,8,21
37,40,9,9,37
37,40,9,10,40
37,40,9,11,24
37,40,9,12,1
37,40,9,13,17
37,40,9,14,25
37,40,9,15,6
37,40,9,16,20
37,40,9,17,11
37,40,9,18,7
37,40,9,19,33
37,40,9,20,29
37,40,9,21,35
37,40,9,22,30
37,40,9,23,10
37,40,9,24,26
37,40,9,25,15
37,40,9,26,27
37,40,9,27,16
37,40,9,28,34
37,40,9,29,5
37,40,9,30,18
37,40,9,31,36
37,40,9,32,28
37,40,9,33,4
37,40,9,34,22
37,40,9,35,8
37,40,9,36,31
37,40,9,37,9
37,40,9,38,32
37,40,9,39,19
37,40,9,40,2
38,40,1,1,28
38,40,1,2,17
38,40,1,3,16
38,40,1,4,12
38,40,1,5,29
38,40,1,6,35
38,40,1,7,6
38,40,1,8,32
38,40,1,9,20
38,40,1,10,25
38,40,1,11,26
38,40,1,12,2
38,40,1,13,39
38,40,1,14,40
38,40,1,15,13
38,40,1,16,11
38,40,1,17,8
38,40,1,18,10
38,40,1,19,27
38,40,1,20,24
38,40,1,21,37
38,40,1,22,9
38,40,1,23,34
38,40,1,24,21
38,40,1,25,22
38,40,1,26,18
38,40,1,27,15
38,40,1,28,7
38,40,1,29,33
38,40,1,30,1
38,40,1,31,31
38,40,1,32,14
38,40,1,33,30
38,40,1,34,4
38,40,1,35,5
38,40,1,36,36
38,40,1,37,3
38,40,1,38,38
38,40,1,39,23
38,40,1,40,19
38,40,2,1,18
38,40,2,2,7
38,40,2,3,9
38,40,2,4,21
38,40,2,5,23
38,40,2,6,20
38,40,2,7,6
38,40,2,8,12
38,40,2,9,17
38,40,2,10,35
38,40,2,11,31
38,40,2,12,27
38,40,2,13,19
38,40,2,14,13
38,40,2,15,1
38,40,2,16,4
38,40,2,17,40
38,40,2,18,8
38,40,2,19,30
38,40,2,20,16
38,40,2,21,37
38,40,2,22,2
38,40,2,23,14
38,40,2,24,26
38,40,2,25,5
38,40,2,26,3
38,40,2,27,28
38,40,2,28,24
38,40,2,29,32
38,40,2,30,11
38,40,2,31,39
38,40,2,32,34
38,40,2,33,36
38,40,2,34,25
38,40,2,35,15
38,40,2,36,33
38,40,2,37,10
38,40,2,38,29
38,40,2,39,22
38,40,2,40,38
38,40,3,1,30
38,40,3,2,17
38,40,3,3,1
38,40,3,4,37
38,40,3,5,40
38,40,3,6,36
38,40,3,7,4
38,40,3,8,12
38,40,3,9,22
38,40,3,10,13
38,40,3,11,39
38,40,3,12,23
38,40,3,13,15
38,40,3,14,16
38,40,3,15,25
38,40,3,16,9
38,40,3,17,3
38,40,3,18,18
38,40,3,19,2
38,40,3,20,31
38,40,3,21,14
38,40,3,22,26
38,40,3,23,11
38,40,3,24,34
38,40,3,25,28
38,40,3,26,21
38,40,3,27,29
38,40,3,28,35
38,40,3,29,19
38,40,3,30,5
38,40,3,31,10
38,40,3,32,33
38,40,3,33,8
38,40,3,34,7
38,40,3,35,32
38,40,3,36,20
38,40,3,37,38
38,40,3,38,24
38,40,3,39,27
38,40,3,40,6
38,40,4,1,21
38,40,4,2,4
38,40,4,3,17
38,40,4,4,28
38,40,4,5,14
38,40,4,6,13
38,40,4,7,5
38,40,4,8,11
38,40,4,9,37
38,40,4,10,25
38,40,4,11,39
38,40,4,12,30
38,40,4,13,10
38,40,4,14,26
38,40,4,15,40
38,40,4,16,35
38,40,4,17,3
38,40,4,18,16
38,40,4,19,6
38,40,4,20,7
38,40,4,21,20
38,40,4,22,32
38,40,4,23,33
38,40,4,24,19
38,40,4,25,36
38,40,4,26,8
38,40,4,27,22
38,40,4,28,27
38,40,4,29,15
38,40,4,30,9
38,40,4,31,38
38,40,4,32,23
38,40,4,33,34
38,40,4,34,18
38,40,4,35,29
38,40,4,36,1
38,40,4,37,12
38,40,4,38,2
38,40,4,39,31
38,40,4,40,24
38,40,5,1,21
38,40,5,2,7
38,40,5,3,20
38,40,5,4,31
38,40,5,5,33
38,40,5,6,16
38,40,5,7,13
38,40,5,8,4
38,40,5,9,28
38,40,5,10,9
38,40,5,11,27
38,40,5,12,5
38,40,5,13,36
38,40,5,14,2
38,40,5,15,24
38,40,5,16,25
38,40,5,17,38
38,40,5,18,15
38,40,5,19,40
38,40,5,20,30
38,40,5,21,39
38,40,5,22,19
38,40,5,23,6
38,40,5,24,18
38,40,5,25,23
38,40,5,26,35
38,40,5,27,11
38,40,5,28,10
38,40,5,29,32
38,40,5,30,26
38,40,5,31,8
38,40,5,32,1
38,40,5,33,14
38,40,5,34,29
38,40,5,35,34
38,40,5,36,22
38,40,5,37,17
38,40,5,38,12
38,40,5,39,37
38,40,5,40,3
38,40,6,1,8
38,40,6,2,21
38,40,6,3,19
38,40,6,4,33
38,40,6,5,13
38,40,6,6,12
38,40,6,7,2
38,40,6,8,26
38,40,6,9,11
38,40,6,10,24
38,40,6,11,7
38,40,6,12,30
38,40,6,13,39
38,40,6,14,25
38,40,6,15,32
38,40,6,16,23
38,40,6,17,35
38,40,6,18,22
38,40,6,19,20
38,40,6,20,17
38,40,6,21,4
38,40,6,22,34
38,40,6,23,38
38,40,6,24,3
38,40,6,25,37
38,40,6,26,29
38,40,6,27,40
38,40,6,28,16
38,40,6,29,15
38,40,6,30,10
38,40,6,31,28
38,40,6,32,6
38,40,6,33,9
38,40,6,34,18
38,40,6,35,31
38,40,6,36,5
38,40,6,37,14
38,40,6,38,36
38,40,6,39,27
38,40,6,40,1
38,40,7,1,2
38,40,7,2,15
38,40,7,3,8
38,40,7,4,19
38,40,7,5,9
38,40,7,6,36
38,40,7,7,31
38,40,7,8,12
38,40,7,9,40
38,40,7,10,6
38,40,7,11,14
38,40,7,12,28
38,40,7,13,38
38,40,7,14,16
38,40,7,15,20
38,40,7,16,22
38,40,7,17,11
38,40,7,18,34
38,40,7,19,13
38,40,7,20,30
38,40,7,21,24
38,40,7,22,39
38,40,7,23,10
38,40,7,24,21
38,40,7,25,33
38,40,7,26,5
38,40,7,27,23
38,40,7,28,37
38,40,7,29,29
38,40,7,30,27
38,40,7,31,26
38,40,7,32,25
38,40,7,33,3
38,40,7,34,17
38,40,7,35,18
38,40,7,36,4
38,40,7,37,7
38,40,7,38,1
38,40,7,39,32
38,40,7,40,35
38,40,8,1,15
38,40,8,2,23
38,40,8,3,17
38,40,8,4,25
38,40,8,5,8
38,40,8,6,3
38,40,8,7,22
38,40,8,8,2
38,40,8,9,31
38,40,8,10,12
38,40,8,11,13
38,40,8,12,21
38,40,8,13,16
38,40,8,14,36
38,40,8,15,20
38,40,8,16,34
38,40,8,17,33
38,40,8,18,39
38,40,8,19,5
38,40,8,20,6
38,40,8,21,19
38,40,8,22,24
38,40,8,23,37
38,40,8,24,38
38,40,8,25,4
38,40,8,26,7
38,40,8,27,9
38,40,8,28,18
38,40,8,29,14
38,40,8,30,28
38,40,8,31,10
38,40,8,32,35
38,40,8,33,40
38,40,8,34,26
38,40,8,35,27
38,40,8,36,32
38,40,8,37,11
38,40,8,38,1
38,40,8,39,30
38,40,8,40,29
38,40,9,1,39
38,40,9,2,38
38,40,9,3,3
38,40,9,4,9
38,40,9,5,31
38,40,9,6,22
38,40,9,7,8
38,40,9,8,4
38,40,9,9,28
38,40,9,10,36
38,40,9,11,32
38,40,9,12,18
38,40,9,13,5
38,40,9,14,19
38,40,9,15,34
38,40,9,16,16
38,40,9,17,27
38,40,9,18,2
38,40,9,19,23
38,40,9,20,13
38,40,9,21,14
38,40,9,22,29
38,40,9,23,15
38,40,9,24,26
38,40,9,25,10
38,40,9,26,35
38,40,9,27,33
38,40,9,28,30
38,40,9,29,7
38,40,9,30,11
38,40,9,31,20
38,40,9,32,6
38,40,9,33,25
38,40,9,34,17
38,40,9,35,1
38,40,9,36,24
38,40,9,37,40
38,40,9,38,37
38,40,9,39,21
38,40,9,40,12
39,40,1,1,28
39,40,1,2,19
39,40,1,3,23
39,40,1,4,7
39,40,1,5,33
39,40,1,6,22
39,40,1,7,1
39,40,1,8,14
39,40,1,9,38
39,40,1,10,36
39,40,1,11,5
39,40,1,12,3
39,40,1,13,4
39,40,1,14,30
39,40,1,15,31
39,40,1,16,21
39,40,1,17,9
39,40,1,18,34
39,40,1,19,40
39,40,1,20,39
39,40,1,21,2
39,40,1,22,26
39,40,1,23,13
39,40,1,24,11
39,40,1,25,25
39,40,1,26,20
39,40,1,27,32
39,40,1,28,6
39,40,1,29,35
39,40,1,30,29
39,40,1,31,12
39,40,1,32,8
39,40,1,33,16
39,40,1,34,10
39,40,1,35,27
39,40,1,36,37
39,40,1,37,24
39,40,1,38,18
39,40,1,39,15
39,40,1,40,17
39,40,2,1,36
39,40,2,2,26
39,40,2,3,5
39,40,2,4,14
39,40,2,5,2
39,40,2,6,37
39,40,2,7,16
39,40,2,8,30
39,40,2,9,27
39,40,2,10,31
39,40,2,11,17
39,40,2,12,35
39,40,2,13,19
39,40,2,14,1
39,40,2,15,13
39,40,2,16,6
39,40,2,17,12
39,40,2,18,20
39,40,2,19,23
39,40,2,20,4
39,40,2,21,21
39,40,2,22,9
39,40,2,23,7
39,40,2,24,18
39,40,2,25,38
39,40,2,26,22
39,40,2,27,11
39,40,2,28,32
39,40,2,29,40
39,40,2,30,8
39,40,2,31,24
39,40,2,32,28
39,40,2,33,3
39,40,2,34,39
39,40,2,35,29
39,40,2,36,10
39,40,2,37,33
39,40,2,38,15
39,40,2,39,25
39,40,2,40,34
39,40,3,1,21
39,40,3,2,29
39,40,3,3,7
39,40,3,4,32
39,40,3,5,20
39,40,3,6,38
39,40,3,7,27
39,40,3,8,6
39,40,3,9,30
39,40,3,10,3
39,40,3,11,18
39,40,3,12,2
39,40,3,13,24
39,40,3,14,31
39,40,3,15,9
39,40,3,16,25
39,40,3,17,16
39,40,3,18,15
39,40,3,19,23
39,40,3,20,1
39,40,3,21,17
39,40,3,22,37
39,40,3,23,40
39,40,3,24,36
39,40,3,25,4
39,40,3,26,12
39,40,3,27,22
39,40,3,28,13
39,40,3,29,39
39,40,3,30,14
39,40,3,31,26
39,40,3,32,10
39,40,3,33,33
39,40,3,34,8
39,40,3,35,5
39,40,3,36,19
39,40,3,37,35
39,40,3,38,11
39,40,3,39,34
39,40,3,40,28
39,40,4,1,21
39,40,4,2,17
39,40,4,3,28
39,40,4,4,14
39,40,4,5,13
39,40,4,6,5
39,40,4,7,11
39,40,4,8,37
39,40,4,9,25
39,40,4,10,39
39,40,4,11,10
39,40,4,12,26
39,40,4,13,30
39,40,4,14,6
39,40,4,15,7
39,40,4,16,20
39,40,4,17,32
39,40,4,18,16
39,40,4,19,33
39,40,4,20,19
39,40,4,21,27
39,40,4,22,9
39,40,4,23,38
39,40,4,24,15
39,40,4,25,22
39,40,4,26,8
39,40,4,27,36
39,40,4,28,3
39,40,4,29,35
39,40,4,30,40
39,40,4,31,1
39,40,4,32,12
39,40,4,33,2
39,40,4,34,18
39,40,4,35,23
39,40,4,36,34
39,40,4,37,29
39,40,4,38,24
39,40,4,39,31
39,40,4,40,4
39,40,5,1,18
39,40,5,2,39
39,40,5,3,30
39,40,5,4,40
39,40,5,5,15
39,40,5,6,38
39,40,5,7,25
39,40,5,8,24
39,40,5,9,2
39,40,5,10,27
39,40,5,11,9
39,40,5,12,20
39,40,5,13,33
39,40,5,14,13
39,40,5,15,4
39,40,5,16,28
39,40,5,17,16
39,40,5,18,31
39,40,5,19,7
39,40,5,20,21
39,40,5,21,3
39,40,5,22,8
39,40,5,23,26
39,40,5,24,32
39,40,5,25,14
39,40,5,26,29
39,40,5,27,1
39,40,5,28,37
39,40,5,29,12
39,40,5,30,17
39,40,5,31,22
39,40,5,32,34
39,40,5,33,11
39,40,5,34,10
39,40,5,35,5
39,40,5,36,36
39,40,5,37,35
39,40,5,38,23
39,40,5,39,19
39,40,5,40,6
39,40,6,1,39
39,40,6,2,30
39,40,6,3,11
39,40,6,4,26
39,40,6,5,2
39,40,6,6,12
39,40,6,7,13
39,40,6,8,24
39,40,6,9,33
39,40,6,10,19
39,40,6,11,37
39,40,6,12,21
39,40,6,13,8
39,40,6,14,1
39,40,6,15,27
39,40,6,16,36
39,40,6,17,5
39,40,6,18,14
39,40,6,19,18
39,40,6,20,9
39,40,6,21,31
39,40,6,22,6
39,40,6,23,28
39,40,6,24,10
39,40,6,25,15
39,40,6,26,16
39,40,6,27,4
39,40,6,28,17
39,40,6,29,20
39,40,6,30,22
39,40,6,31,34
39,40,6,32,38
39,40,6,33,35
39,40,6,34,40
39,40,6,35,29
39,40,6,36,3
39,40,6,37,23
39,40,6,38,32
39,40,6,39,7
39,40,6,40,25
39,40,7,1,15
39,40,7,2,2
39,40,7,3,7
39,40,7,4,4
39,40,7,5,18
39,40,7,6,1
39,40,7,7,32
39,40,7,8,35
39,40,7,9,17
39,40,7,10,23
39,40,7,11,3
39,40,7,12,25
39,40,7,13,27
39,40,7,14,29
39,40,7,15,37
39,40,7,16,5
39,40,7,17,26
39,40,7,18,24
39,40,7,19,30
39,40,7,20,13
39,40,7,21,34
39,40,7,22,40
39,40,7,23,11
39,40,7,24,39
39,40,7,25,10
39,40,7,26,33
39,40,7,27,21
39,40,7,28,16
39,40,7,29,20
39,40,7,30,22
39,40,7,31,6
39,40,7,32,38
39,40,7,33,28
39,40,7,34,14
39,40,7,35,12
39,40,7,36,36
39,40,7,37,9
39,40,7,38,19
39,40,7,39,8
39,40,7,40,31
39,40,8,1,32
39,40,8,2,27
39,40,8,3,26
39,40,8,4,40
39,40,8,5,35
39,40,8,6,10
39,40,8,7,28
39,40,8,8,14
39,40,8,9,9
39,40,8,10,18
39,40,8,11,7
39,40,8,12,38
39,40,8,13,4
39,40,8,14,24
39,40,8,15,19
39,40,8,16,6
39,40,8,17,39
39,40,8,18,5
39,40,8,19,33
39,40,8,20,37
39,40,8,21,34
39,40,8,22,20
39,40,8,23,36
39,40,8,24,16
39,40,8,25,2
39,40,8,26,22
39,40,8,27,3
39,40,8,28,8
39,40,8,29,17
39,40,8,30,25
39,40,8,31,31
39,40,8,32,12
39,40,8,33,13
39,40,8,34,23
39,40,8,35,30
39,40,8,36,15
39,40,8,37,29
39,40,8,38,1
39,40,8,39,11
39,40,8,40,21
39,40,9,1,27
39,40,9,2,16
39,40,9,3,34
39,40,9,4,5
39,40,9,5,18
39,40,9,6,36
39,40,9,7,28
39,40,9,8,4
39,40,9,9,22
39,40,9,10,8
39,40,9,11,31
39,40,9,12,9
39,40,9,13,3
39,40,9,14,38
39,40,9,15,39
39,40,9,16,12
39,40,9,17,21
39,40,9,18,37
39,40,9,19,40
39,40,9,20,24
39,40,9,21,17
39,40,9,22,1
39,40,9,23,25
39,40,9,24,6
39,40,9,25,20
39,40,9,26,29
39,40,9,27,35
39,40,9,28,33
39,40,9,29,11
39,40,9,30,7
39,40,9,31,30
39,40,9,32,10
39,40,9,33,26
39,40,9,34,15
39,40,9,35,14
39,40,9,36,13
39,40,9,37,23
39,40,9,38,19
39,40,9,39,32
39,40,9,40,2
40,40,1,1,3
40,40,1,2,4
40,40,1,3,34
40,40,1,4,40
40,40,1,5,39
40,40,1,6,2
40,40,1,7,31
40,40,1,8,30
40,40,1,9,5
40,40,1,10,36
40,40,1,11,38
40,40,1,12,14
40,40,1,13,1
40,40,1,14,21
40,40,1,15,9
40,40,1,16,26
40,40,1,17,13
40,40,1,18,11
40,40,1,19,25
40,40,1,20,20
40,40,1,21,32
40,40,1,22,6
40,40,1,23,35
40,40,1,24,29
40,40,1,25,12
40,40,1,26,17
40,40,1,27,28
40,40,1,28,19
40,40,1,29,23
40,40,1,30,7
40,40,1,31,15
40,40,1,32,16
40,40,1,33,8
40,40,1,34,10
40,40,1,35,27
40,40,1,36,37
40,40,1,37,24
40,40,1,38,18
40,40,1,39,22
40,40,1,40,33
40,40,2,1,15
40,40,2,2,33
40,40,2,3,10
40,40,2,4,29
40,40,2,5,22
40,40,2,6,38
40,40,2,7,11
40,40,2,8,32
40,40,2,9,21
40,40,2,10,9
40,40,2,11,7
40,40,2,12,18
40,40,2,13,20
40,40,2,14,35
40,40,2,15,12
40,40,2,16,17
40,40,2,17,6
40,40,2,18,23
40,40,2,19,13
40,40,2,20,19
40,40,2,21,27
40,40,2,22,31
40,40,2,23,30
40,40,2,24,1
40,40,2,25,4
40,40,2,26,40
40,40,2,27,24
40,40,2,28,8
40,40,2,29,16
40,40,2,30,37
40,40,2,31,2
40,40,2,32,14
40,40,2,33,3
40,40,2,34,28
40,40,2,35,39
40,40,2,36,5
40,40,2,37,26
40,40,2,38,34
40,40,2,39,25
40,40,2,40,36
40,40,3,1,30
40,40,3,2,18
40,40,3,3,3
40,40,3,4,16
40,40,3,5,15
40,40,3,6,1
40,40,3,7,17
40,40,3,8,37
40,40,3,9,40
40,40,3,10,36
40,40,3,11,4
40,40,3,12,12
40,40,3,13,22
40,40,3,14,13
40,40,3,15,39
40,40,3,16,23
40,40,3,17,2
40,40,3,18,6
40,40,3,19,27
40,40,3,20,24
40,40,3,21,31
40,40,3,22,9
40,40,3,23,25
40,40,3,24,14
40,40,3,25,26
40,40,3,26,38
40,40,3,27,20
40,40,3,28,32
40,40,3,29,7
40,40,3,30,33
40,40,3,31,10
40,40,3,32,8
40,40,3,33,5
40,40,3,34,19
40,40,3,35,35
40,40,3,36,11
40,40,3,37,34
40,40,3,38,28
40,40,3,39,21
40,40,3,40,29
40,40,4,1,27
40,40,4,2,9
40,40,4,3,38
40,40,4,4,15
40,40,4,5,22
40,40,4,6,19
40,40,4,7,7
40,40,4,8,6
40,40,4,9,20
40,40,4,10,32
40,40,4,11,33
40,40,4,12,36
40,40,4,13,8
40,40,4,14,23
40,40,4,15,34
40,40,4,16,18
40,40,4,17,35
40,40,4,18,3
40,40,4,19,16
40,40,4,20,30
40,40,4,21,39
40,40,4,22,10
40,40,4,23,26
40,40,4,24,40
40,40,4,25,1
40,40,4,26,29
40,40,4,27,24
40,40,4,28,31
40,40,4,29,12
40,40,4,30,37
40,40,4,31,25
40,40,4,32,11
40,40,4,33,5
40,40,4,34,2
40,40,4,35,13
40,40,4,36,14
40,40,4,37,4
40,40,4,38,28
40,40,4,39,17
40,40,4,40,21
40,40,5,1,18
40,40,5,2,39
40,40,5,3,40
40,40,5,4,15
40,40,5,5,38
40,40,5,6,25
40,40,5,7,24
40,40,5,8,27
40,40,5,9,9
40,40,5,10,20
40,40,5,11,33
40,40,5,12,13
40,40,5,13,4
40,40,5,14,28
40,40,5,15,16
40,40,5,16,31
40,40,5,17,7
40,40,5,18,21
40,40,5,19,3
40,40,5,20,8
40,40,5,21,26
40,40,5,22,32
40,40,5,23,1
40,40,5,24,5
40,40,5,25,2
40,40,5,26,36
40,40,5,27,10
40,40,5,28,14
40,40,5,29,29
40,40,5,30,37
40,40,5,31,12
40,40,5,32,17
40,40,5,33,34
40,40,5,34,11
40,40,5,35,22
40,40,5,36,23
40,40,5,37,35
40,40,5,38,30
40,40,5,39,19
40,40,5,40,6
40,40,6,1,1
40,40,6,2,27
40,40,6,3,36
40,40,6,4,14
40,40,6,5,31
40,40,6,6,15
40,40,6,7,4
40,40,6,8,17
40,40,6,9,20
40,40,6,10,22
40,40,6,11,25
40,40,6,12,39
40,40,6,13,30
40,40,6,14,7
40,40,6,15,32
40,40,6,16,35
40,40,6,17,38
40,40,6,18,34
40,40,6,19,16
40,40,6,20,10
40,40,6,21,28
40,40,6,22,6
40,40,6,23,40
40,40,6,24,23
40,40,6,25,3
40,40,6,26,29
40,40,6,27,9
40,40,6,28,18
40,40,6,29,5
40,40,6,30,8
40,40,6,31,37
40,40,6,32,33
40,40,6,33,24
40,40,6,34,11
40,40,6,35,26
40,40,6,36,2
40,40,6,37,13
40,40,6,38,12
40,40,6,39,19
40,40,6,40,21
40,40,7,1,25
40,40,7,2,26
40,40,7,3,24
40,40,7,4,30
40,40,7,5,13
40,40,7,6,34
40,40,7,7,11
40,40,7,8,40
40,40,7,9,9
40,40,7,10,19
40,40,7,11,8
40,40,7,12,36
40,40,7,13,12
40,40,7,14,31
40,40,7,15,15
40,40,7,16,7
40,40,7,17,2
40,40,7,18,1
40,40,7,19,32
40,40,7,20,35
40,40,7,21,18
40,40,7,22,4
40,40,7,23,14
40,40,7,24,28
40,40,7,25,38
40,40,7,26,6
40,40,7,27,22
40,40,7,28,20
40,40,7,29,16
40,40,7,30,21
40,40,7,31,33
40,40,7,32,5
40,40,7,33,23
40,40,7,34,17
40,40,7,35,10
40,40,7,36,39
40,40,7,37,29
40,40,7,38,37
40,40,7,39,3
40,40,7,40,27
40,40,8,1,15
40,40,8,2,23
40,40,8,3,17
40,40,8,4,8
40,40,8,5,3
40,40,8,6,22
40,40,8,7,6
40,40,8,8,19
40,40,8,9,24
40,40,8,10,4
40,40,8,11,38
40,40,8,12,7
40,40,8,13,18
40,40,8,14,35
40,40,8,15,10
40,40,8,16,28
40,40,8,17,9
40,40,8,18,37
40,40,8,19,5
40,40,8,20,39
40,40,8,21,33
40,40,8,22,34
40,40,8,23,20
40,40,8,24,16
40,40,8,25,2
40,40,8,26,25
40,40,8,27,31
40,40,8,28,12
40,40,8,29,36
40,40,8,30,21
40,40,8,31,13
40,40,8,32,14
40,40,8,33,26
40,40,8,34,40
40,40,8,35,27
40,40,8,36,32
40,40,8,37,11
40,40,8,38,30
40,40,8,39,1
40,40,8,40,29
40,40,9,1,30
40,40,9,2,10
40,40,9,3,26
40,40,9,4,15
40,40,9,5,27
40,40,9,6,16
40,40,9,7,34
40,40,9,8,5
40,40,9,9,18
40,40,9,10,36
40,40,9,11,28
40,40,9,12,4
40,40,9,13,8
40,40,9,14,22
40,40,9,15,31
40,40,9,16,9
40,40,9,17,3
40,40,9,18,32
40,40,9,19,19
40,40,9,20,2
40,40,9,21,23
40,40,9,22,13
40,40,9,23,14
40,40,9,24,39
40,40,9,25,38
40,40,9,26,12
40,40,9,27,21
40,40,9,28,37
40,40,9,29,40
40,40,9,30,24
40,40,9,31,17
40,40,9,32,1
40,40,9,33,25
40,40,9,34,6
40,40,9,35,20
40,40,9,36,29
40,40,9,37,11
40,40,9,38,35
40,40,9,39,33
40,40,9,40,7
41,40,1,1,39
41,40,1,2,34
41,40,1,3,31
41,40,1,4,4
41,40,1,5,30
41,40,1,6,5
41,40,1,7,3
41,40,1,8,38
41,40,1,9,36
41,40,1,10,14
41,40,1,11,1
41,40,1,12,21
41,40,1,13,9
41,40,1,14,33
41,40,1,15,22
41,40,1,16,37
41,40,1,17,24
41,40,1,18,18
41,40,1,19,23
41,40,1,20,7
41,40,1,21,19
41,40,1,22,15
41,40,1,23,28
41,40,1,24,17
41,40,1,25,27
41,40,1,26,10
41,40,1,27,16
41,40,1,28,8
41,40,1,29,12
41,40,1,30,29
41,40,1,31,35
41,40,1,32,6
41,40,1,33,32
41,40,1,34,20
41,40,1,35,25
41,40,1,36,11
41,40,1,37,13
41,40,1,38,26
41,40,1,39,2
41,40,1,40,40
41,40,2,1,18
41,40,2,2,7
41,40,2,3,9
41,40,2,4,21
41,40,2,5,11
41,40,2,6,32
41,40,2,7,24
41,40,2,8,40
41,40,2,9,4
41,40,2,10,23
41,40,2,11,20
41,40,2,12,12
41,40,2,13,6
41,40,2,14,35
41,40,2,15,17
41,40,2,16,13
41,40,2,17,1
41,40,2,18,19
41,40,2,19,27
41,40,2,20,31
41,40,2,21,30
41,40,2,22,16
41,40,2,23,37
41,40,2,24,2
41,40,2,25,14
41,40,2,26,26
41,40,2,27,5
41,40,2,28,36
41,40,2,29,34
41,40,2,30,25
41,40,2,31,39
41,40,2,32,28
41,40,2,33,8
41,40,2,34,3
41,40,2,35,15
41,40,2,36,33
41,40,2,37,10
41,40,2,38,29
41,40,2,39,22
41,40,2,40,38
41,40,3,1,7
41,40,3,2,8
41,40,3,3,5
41,40,3,4,19
41,40,3,5,29
41,40,3,6,21
41,40,3,7,11
41,40,3,8,35
41,40,3,9,10
41,40,3,10,33
41,40,3,11,32
41,40,3,12,20
41,40,3,13,38
41,40,3,14,26
41,40,3,15,14
41,40,3,16,31
41,40,3,17,24
41,40,3,18,27
41,40,3,19,6
41,40,3,20,2
41,40,3,21,18
41,40,3,22,3
41,40,3,23,9
41,40,3,24,25
41,40,3,25,16
41,40,3,26,15
41,40,3,27,23
41,40,3,28,1
41,40,3,29,39
41,40,3,30,40
41,40,3,31,37
41,40,3,32,17
41,40,3,33,36
41,40,3,34,22
41,40,3,35,12
41,40,3,36,4
41,40,3,37,13
41,40,3,38,28
41,40,3,39,34
41,40,3,40,30
41,40,4,1,11
41,40,4,2,40
41,40,4,3,3
41,40,4,4,35
41,40,4,5,18
41,40,4,6,1
41,40,4,7,12
41,40,4,8,2
41,40,4,9,5
41,40,4,10,13
41,40,4,11,14
41,40,4,12,4
41,40,4,13,28
41,40,4,14,17
41,40,4,15,21
41,40,4,16,31
41,40,4,17,24
41,40,4,18,29
41,40,4,19,34
41,40,4,20,23
41,40,4,21,38
41,40,4,22,9
41,40,4,23,15
41,40,4,24,27
41,40,4,25,22
41,40,4,26,8
41,40,4,27,36
41,40,4,28,19
41,40,4,29,33
41,40,4,30,32
41,40,4,31,7
41,40,4,32,6
41,40,4,33,20
41,40,4,34,16
41,40,4,35,30
41,40,4,36,39
41,40,4,37,10
41,40,4,38,26
41,40,4,39,25
41,40,4,40,37
41,40,5,1,38
41,40,5,2,27
41,40,5,3,9
41,40,5,4,20
41,40,5,5,33
41,40,5,6,13
41,40,5,7,4
41,40,5,8,28
41,40,5,9,16
41,40,5,10,31
41,40,5,11,7
41,40,5,12,26
41,40,5,13,8
41,40,5,14,21
41,40,5,15,3
41,40,5,16,1
41,40,5,17,32
41,40,5,18,5
41,40,5,19,36
41,40,5,20,10
41,40,5,21,14
41,40,5,22,29
41,40,5,23,37
41,40,5,24,11
41,40,5,25,34
41,40,5,26,12
41,40,5,27,17
41,40,5,28,22
41,40,5,29,35
41,40,5,30,23
41,40,5,31,2
41,40,5,32,6
41,40,5,33,19
41,40,5,34,30
41,40,5,35,18
41,40,5,36,39
41,40,5,37,40
41,40,5,38,15
41,40,5,39,24
41,40,5,40,25
41,40,6,1,3
41,40,6,2,29
41,40,6,3,40
41,40,6,4,23
41,40,6,5,37
41,40,6,6,9
41,40,6,7,6
41,40,6,8,28
41,40,6,9,10
41,40,6,10,16
41,40,6,11,15
41,40,6,12,31
41,40,6,13,14
41,40,6,14,5
41,40,6,15,18
41,40,6,16,36
41,40,6,17,27
41,40,6,18,1
41,40,6,19,8
41,40,6,20,21
41,40,6,21,19
41,40,6,22,33
41,40,6,23,24
41,40,6,24,13
41,40,6,25,12
41,40,6,26,2
41,40,6,27,26
41,40,6,28,11
41,40,6,29,39
41,40,6,30,30
41,40,6,31,25
41,40,6,32,7
41,40,6,33,32
41,40,6,34,35
41,40,6,35,38
41,40,6,36,34
41,40,6,37,4
41,40,6,38,17
41,40,6,39,20
41,40,6,40,22
41,40,7,1,35
41,40,7,2,38
41,40,7,3,21
41,40,7,4,33
41,40,7,5,5
41,40,7,6,23
41,40,7,7,17
41,40,7,8,3
41,40,7,9,37
41,40,7,10,29
41,40,7,11,27
41,40,7,12,25
41,40,7,13,26
41,40,7,14,10
41,40,7,15,39
41,40,7,16,24
41,40,7,17,13
41,40,7,18,30
41,40,7,19,34
41,40,7,20,11
41,40,7,21,40
41,40,7,22,9
41,40,7,23,19
41,40,7,24,8
41,40,7,25,36
41,40,7,26,6
41,40,7,27,22
41,40,7,28,20
41,40,7,29,16
41,40,7,30,28
41,40,7,31,14
41,40,7,32,12
41,40,7,33,31
41,40,7,34,15
41,40,7,35,7
41,40,7,36,2
41,40,7,37,4
41,40,7,38,18
41,40,7,39,1
41,40,7,40,32
41,40,8,1,12
41,40,8,2,21
41,40,8,3,36
41,40,8,4,31
41,40,8,5,25
41,40,8,6,17
41,40,8,7,8
41,40,8,8,3
41,40,8,9,2
41,40,8,10,22
41,40,8,11,16
41,40,8,12,39
41,40,8,13,6
41,40,8,14,19
41,40,8,15,5
41,40,8,16,33
41,40,8,17,34
41,40,8,18,20
41,40,8,19,37
41,40,8,20,24
41,40,8,21,4
41,40,8,22,38
41,40,8,23,7
41,40,8,24,9
41,40,8,25,18
41,40,8,26,14
41,40,8,27,28
41,40,8,28,10
41,40,8,29,35
41,40,8,30,26
41,40,8,31,40
41,40,8,32,27
41,40,8,33,32
41,40,8,34,11
41,40,8,35,1
41,40,8,36,29
41,40,8,37,15
41,40,8,38,30
41,40,8,39,23
41,40,8,40,13
41,40,9,1,16
41,40,9,2,25
41,40,9,3,6
41,40,9,4,20
41,40,9,5,11
41,40,9,6,7
41,40,9,7,33
41,40,9,8,30
41,40,9,9,10
41,40,9,10,35
41,40,9,11,26
41,40,9,12,29
41,40,9,13,15
41,40,9,14,14
41,40,9,15,13
41,40,9,16,23
41,40,9,17,2
41,40,9,18,27
41,40,9,19,34
41,40,9,20,38
41,40,9,21,3
41,40,9,22,32
41,40,9,23,22
41,40,9,24,9
41,40,9,25,31
41,40,9,26,8
41,40,9,27,4
41,40,9,28,28
41,40,9,29,36
41,40,9,30,18
41,40,9,31,5
41,40,9,32,19
41,40,9,33,39
41,40,9,34,40
41,40,9,35,37
41,40,9,36,21
41,40,9,37,12
41,40,9,38,24
41,40,9,39,1
41,40,9,40,17
42,40,1,1,39
42,40,1,2,40
42,40,1,3,34
42,40,1,4,31
42,40,1,5,4
42,40,1,6,3
42,40,1,7,30
42,40,1,8,5
42,40,1,9,36
42,40,1,10,38
42,40,1,11,14
42,40,1,12,1
42,40,1,13,21
42,40,1,14,9
42,40,1,15,22
42,40,1,16,33
42,40,1,17,23
42,40,1,18,19
42,40,1,19,28
42,40,1,20,15
42,40,1,21,17
42,40,1,22,24
42,40,1,23,18
42,40,1,24,7
42,40,1,25,37
42,40,1,26,16
42,40,1,27,12
42,40,1,28,6
42,40,1,29,32
42,40,1,30,8
42,40,1,31,10
42,40,1,32,27
42,40,1,33,20
42,40,1,34,25
42,40,1,35,35
42,40,1,36,29
42,40,1,37,11
42,40,1,38,13
42,40,1,39,26
42,40,1,40,2
42,40,2,1,28
42,40,2,2,3
42,40,2,3,5
42,40,2,4,26
42,40,2,5,36
42,40,2,6,25
42,40,2,7,15
42,40,2,8,33
42,40,2,9,10
42,40,2,10,29
42,40,2,11,22
42,40,2,12,38
42,40,2,13,18
42,40,2,14,7
42,40,2,15,9
42,40,2,16,20
42,40,2,17,12
42,40,2,18,35
42,40,2,19,17
42,40,2,20,31
42,40,2,21,27
42,40,2,22,30
42,40,2,23,37
42,40,2,24,16
42,40,2,25,2
42,40,2,26,14
42,40,2,27,19
42,40,2,28,13
42,40,2,29,6
42,40,2,30,1
42,40,2,31,8
42,40,2,32,40
42,40,2,33,4
42,40,2,34,23
42,40,2,35,24
42,40,2,36,21
42,40,2,37,32
42,40,2,38,11
42,40,2,39,34
42,40,2,40,39
42,40,3,1,26
42,40,3,2,39
42,40,3,3,13
42,40,3,4,22
42,40,3,5,12
42,40,3,6,4
42,40,3,7,36
42,40,3,8,17
42,40,3,9,37
42,40,3,10,40
42,40,3,11,1
42,40,3,12,23
42,40,3,13,15
42,40,3,14,16
42,40,3,15,25
42,40,3,16,3
42,40,3,17,9
42,40,3,18,2
42,40,3,19,18
42,40,3,20,30
42,40,3,21,6
42,40,3,22,27
42,40,3,23,24
42,40,3,24,31
42,40,3,25,38
42,40,3,26,20
42,40,3,27,32
42,40,3,28,7
42,40,3,29,29
42,40,3,30,21
42,40,3,31,28
42,40,3,32,34
42,40,3,33,11
42,40,3,34,35
42,40,3,35,19
42,40,3,36,5
42,40,3,37,8
42,40,3,38,33
42,40,3,39,10
42,40,3,40,14
42,40,4,1,38
42,40,4,2,9
42,40,4,3,15
42,40,4,4,27
42,40,4,5,22
42,40,4,6,8
42,40,4,7,36
42,40,4,8,19
42,40,4,9,33
42,40,4,10,32
42,40,4,11,20
42,40,4,12,7
42,40,4,13,6
42,40,4,14,16
42,40,4,15,30
42,40,4,16,39
42,40,4,17,10
42,40,4,18,26
42,40,4,19,25
42,40,4,20,37
42,40,4,21,11
42,40,4,22,40
42,40,4,23,5
42,40,4,24,28
42,40,4,25,17
42,40,4,26,21
42,40,4,27,4
42,40,4,28,14
42,40,4,29,13
42,40,4,30,2
42,40,4,31,31
42,40,4,32,12
42,40,4,33,24
42,40,4,34,1
42,40,4,35,29
42,40,4,36,18
42,40,4,37,34
42,40,4,38,23
42,40,4,39,35
42,40,4,40,3
42,40,5,1,7
42,40,5,2,21
42,40,5,3,3
42,40,5,4,37
42,40,5,5,12
42,40,5,6,17
42,40,5,7,34
42,40,5,8,11
42,40,5,9,29
42,40,5,10,1
42,40,5,11,8
42,40,5,12,31
42,40,5,13,26
42,40,5,14,32
42,40,5,15,14
42,40,5,16,10
42,40,5,17,22
42,40,5,18,35
42,40,5,19,18
42,40,5,20,6
42,40,5,21,23
42,40,5,22,19
42,40,5,23,39
42,40,5,24,30
42,40,5,25,36
42,40,5,26,5
42,40,5,27,2
42,40,5,28,40
42,40,5,29,15
42,40,5,30,38
42,40,5,31,25
42,40,5,32,24
42,40,5,33,27
42,40,5,34,9
42,40,5,35,13
42,40,5,36,4
42,40,5,37,28
42,40,5,38,16
42,40,5,39,33
42,40,5,40,20
42,40,6,1,15
42,40,6,2,16
42,40,6,3,4
42,40,6,4,17
42,40,6,5,20
42,40,6,6,22
42,40,6,7,25
42,40,6,8,39
42,40,6,9,30
42,40,6,10,11
42,40,6,11,26
42,40,6,12,2
42,40,6,13,12
42,40,6,14,13
42,40,6,15,24
42,40,6,16,7
42,40,6,17,33
42,40,6,18,19
42,40,6,19,21
42,40,6,20,8
42,40,6,21,1
42,40,6,22,27
42,40,6,23,36
42,40,6,24,5
42,40,6,25,14
42,40,6,26,31
42,40,6,27,18
42,40,6,28,9
42,40,6,29,37
42,40,6,30,29
42,40,6,31,6
42,40,6,32,28
42,40,6,33,40
42,40,6,34,3
42,40,6,35,23
42,40,6,36,32
42,40,6,37,35
42,40,6,38,38
42,40,6,39,34
42,40,6,40,10
42,40,7,1,19
42,40,7,2,8
42,40,7,3,15
42,40,7,4,2
42,40,7,5,1
42,40,7,6,32
42,40,7,7,35
42,40,7,8,17
42,40,7,9,3
42,40,7,10,25
42,40,7,11,26
42,40,7,12,30
42,40,7,13,13
42,40,7,14,24
42,40,7,15,27
42,40,7,16,29
42,40,7,17,37
42,40,7,18,10
42,40,7,19,39
42,40,7,20,22
42,40,7,21,11
42,40,7,22,34
42,40,7,23,40
42,40,7,24,6
42,40,7,25,20
42,40,7,26,16
42,40,7,27,21
42,40,7,28,33
42,40,7,29,5
42,40,7,30,23
42,40,7,31,38
42,40,7,32,28
42,40,7,33,18
42,40,7,34,4
42,40,7,35,7
42,40,7,36,14
42,40,7,37,12
42,40,7,38,31
42,40,7,39,36
42,40,7,40,9
42,40,8,1,32
42,40,8,2,21
42,40,8,3,11
42,40,8,4,1
42,40,8,5,29
42,40,8,6,15
42,40,8,7,30
42,40,8,8,23
42,40,8,9,13
42,40,8,10,12
42,40,8,11,31
42,40,8,12,25
42,40,8,13,17
42,40,8,14,8
42,40,8,15,3
42,40,8,16,2
42,40,8,17,22
42,40,8,18,6
42,40,8,19,19
42,40,8,20,24
42,40,8,21,4
42,40,8,22,5
42,40,8,23,39
42,40,8,24,33
42,40,8,25,16
42,40,8,26,20
42,40,8,27,34
42,40,8,28,37
42,40,8,29,38
42,40,8,30,7
42,40,8,31,9
42,40,8,32,18
42,40,8,33,35
42,40,8,34,10
42,40,8,35,28
42,40,8,36,14
42,40,8,37,26
42,40,8,38,40
42,40,8,39,27
42,40,8,40,36
42,40,9,1,23
42,40,9,2,13
42,40,9,3,14
42,40,9,4,2
42,40,9,5,29
42,40,9,6,20
42,40,9,7,11
42,40,9,8,7
42,40,9,9,33
42,40,9,10,35
42,40,9,11,30
42,40,9,12,10
42,40,9,13,26
42,40,9,14,15
42,40,9,15,27
42,40,9,16,16
42,40,9,17,34
42,40,9,18,5
42,40,9,19,18
42,40,9,20,36
42,40,9,21,28
42,40,9,22,4
42,40,9,23,8
42,40,9,24,22
42,40,9,25,31
42,40,9,26,9
42,40,9,27,3
42,40,9,28,37
42,40,9,29,40
42,40,9,30,24
42,40,9,31,17
42,40,9,32,1
42,40,9,33,25
42,40,9,34,6
42,40,9,35,12
42,40,9,36,21
42,40,9,37,38
42,40,9,38,39
42,40,9,39,32
42,40,9,40,19
43,40,1,1,39
43,40,1,2,40
43,40,1,3,34
43,40,1,4,31
43,40,1,5,4
43,40,1,6,3
43,40,1,7,30
43,40,1,8,5
43,40,1,9,36
43,40,1,10,38
43,40,1,11,14
43,40,1,12,21
43,40,1,13,9
43,40,1,14,1
43,40,1,15,33
43,40,1,16,22
43,40,1,17,7
43,40,1,18,23
43,40,1,19,19
43,40,1,20,28
43,40,1,21,15
43,40,1,22,18
43,40,1,23,24
43,40,1,24,37
43,40,1,25,27
43,40,1,26,17
43,40,1,27,16
43,40,1,28,10
43,40,1,29,8
43,40,1,30,12
43,40,1,31,29
43,40,1,32,35
43,40,1,33,6
43,40,1,34,32
43,40,1,35,20
43,40,1,36,25
43,40,1,37,11
43,40,1,38,13
43,40,1,39,26
43,40,1,40,2
43,40,2,1,15
43,40,2,2,25
43,40,2,3,36
43,40,2,4,34
43,40,2,5,26
43,40,2,6,5
43,40,2,7,14
43,40,2,8,2
43,40,2,9,39
43,40,2,10,3
43,40,2,11,16
43,40,2,12,37
43,40,2,13,30
43,40,2,14,31
43,40,2,15,27
43,40,2,16,17
43,40,2,17,35
43,40,2,18,19
43,40,2,19,13
43,40,2,20,6
43,40,2,21,12
43,40,2,22,20
43,40,2,23,23
43,40,2,24,1
43,40,2,25,4
43,40,2,26,8
43,40,2,27,40
43,40,2,28,24
43,40,2,29,28
43,40,2,30,32
43,40,2,31,21
43,40,2,32,9
43,40,2,33,7
43,40,2,34,11
43,40,2,35,18
43,40,2,36,38
43,40,2,37,22
43,40,2,38,29
43,40,2,39,10
43,40,2,40,33
43,40,3,1,4
43,40,3,2,17
43,40,3,3,37
43,40,3,4,40
43,40,3,5,1
43,40,3,6,23
43,40,3,7,15
43,40,3,8,16
43,40,3,9,25
43,40,3,10,3
43,40,3,11,18
43,40,3,12,30
43,40,3,13,2
43,40,3,14,9
43,40,3,15,31
43,40,3,16,24
43,40,3,17,27
43,40,3,18,6
43,40,3,19,38
43,40,3,20,14
43,40,3,21,26
43,40,3,22,10
43,40,3,23,20
43,40,3,24,32
43,40,3,25,7
43,40,3,26,33
43,40,3,27,8
43,40,3,28,5
43,40,3,29,19
43,40,3,30,29
43,40,3,31,21
43,40,3,32,35
43,40,3,33,11
43,40,3,34,34
43,40,3,35,28
43,40,3,36,13
43,40,3,37,39
43,40,3,38,22
43,40,3,39,36
43,40,3,40,12
43,40,4,1,40
43,40,4,2,26
43,40,4,3,10
43,40,4,4,39
43,40,4,5,30
43,40,4,6,16
43,40,4,7,32
43,40,4,8,20
43,40,4,9,7
43,40,4,10,6
43,40,4,11,33
43,40,4,12,19
43,40,4,13,27
43,40,4,14,9
43,40,4,15,38
43,40,4,16,15
43,40,4,17,22
43,40,4,18,8
43,40,4,19,36
43,40,4,20,3
43,40,4,21,35
43,40,4,22,23
43,40,4,23,18
43,40,4,24,34
43,40,4,25,29
43,40,4,26,24
43,40,4,27,1
43,40,4,28,31
43,40,4,29,12
43,40,4,30,2
43,40,4,31,4
43,40,4,32,21
43,40,4,33,17
43,40,4,34,28
43,40,4,35,14
43,40,4,36,13
43,40,4,37,5
43,40,4,38,11
43,40,4,39,25
43,40,4,40,37
43,40,5,1,38
43,40,5,2,15
43,40,5,3,40
43,40,5,4,39
43,40,5,5,30
43,40,5,6,19
43,40,5,7,6
43,40,5,8,18
43,40,5,9,35
43,40,5,10,23
43,40,5,11,22
43,40,5,12,11
43,40,5,13,34
43,40,5,14,17
43,40,5,15,12
43,40,5,16,37
43,40,5,17,29
43,40,5,18,14
43,40,5,19,1
43,40,5,20,3
43,40,5,21,21
43,40,5,22,7
43,40,5,23,8
43,40,5,24,31
43,40,5,25,26
43,40,5,26,32
43,40,5,27,16
43,40,5,28,28
43,40,5,29,10
43,40,5,30,4
43,40,5,31,13
43,40,5,32,33
43,40,5,33,20
43,40,5,34,9
43,40,5,35,5
43,40,5,36,36
43,40,5,37,27
43,40,5,38,2
43,40,5,39,24
43,40,5,40,25
43,40,6,1,12
43,40,6,2,13
43,40,6,3,21
43,40,6,4,19
43,40,6,5,33
43,40,6,6,24
43,40,6,7,2
43,40,6,8,7
43,40,6,9,26
43,40,6,10,11
43,40,6,11,30
43,40,6,12,39
43,40,6,13,32
43,40,6,14,25
43,40,6,15,35
43,40,6,16,38
43,40,6,17,22
43,40,6,18,34
43,40,6,19,20
43,40,6,20,4
43,40,6,21,17
43,40,6,22,16
43,40,6,23,15
43,40,6,24,10
43,40,6,25,23
43,40,6,26,3
43,40,6,27,40
43,40,6,28,28
43,40,6,29,6
43,40,6,30,31
43,40,6,31,29
43,40,6,32,37
43,40,6,33,9
43,40,6,34,18
43,40,6,35,5
43,40,6,36,14
43,40,6,37,36
43,40,6,38,8
43,40,6,39,27
43,40,6,40,1
43,40,7,1,26
43,40,7,2,30
43,40,7,3,24
43,40,7,4,13
43,40,7,5,34
43,40,7,6,11
43,40,7,7,40
43,40,7,8,39
43,40,7,9,10
43,40,7,10,22
43,40,7,11,6
43,40,7,12,36
43,40,7,13,9
43,40,7,14,19
43,40,7,15,8
43,40,7,16,12
43,40,7,17,31
43,40,7,18,15
43,40,7,19,7
43,40,7,20,2
43,40,7,21,1
43,40,7,22,32
43,40,7,23,35
43,40,7,24,18
43,40,7,25,4
43,40,7,26,14
43,40,7,27,28
43,40,7,28,38
43,40,7,29,16
43,40,7,30,20
43,40,7,31,21
43,40,7,32,33
43,40,7,33,5
43,40,7,34,23
43,40,7,35,17
43,40,7,36,3
43,40,7,37,37
43,40,7,38,29
43,40,7,39,27
43,40,7,40,25
43,40,8,1,19
43,40,8,2,24
43,40,8,3,4
43,40,8,4,38
43,40,8,5,7
43,40,8,6,18
43,40,8,7,9
43,40,8,8,28
43,40,8,9,10
43,40,8,10,35
43,40,8,11,40
43,40,8,12,26
43,40,8,13,14
43,40,8,14,27
43,40,8,15,32
43,40,8,16,11
43,40,8,17,1
43,40,8,18,29
43,40,8,19,15
43,40,8,20,30
43,40,8,21,23
43,40,8,22,13
43,40,8,23,21
43,40,8,24,36
43,40,8,25,20
43,40,8,26,34
43,40,8,27,33
43,40,8,28,16
43,40,8,29,12
43,40,8,30,31
43,40,8,31,25
43,40,8,32,17
43,40,8,33,8
43,40,8,34,2
43,40,8,35,3
43,40,8,36,22
43,40,8,37,39
43,40,8,38,5
43,40,8,39,37
43,40,8,40,6
43,40,9,1,34
43,40,9,2,27
43,40,9,3,2
43,40,9,4,6
43,40,9,5,14
43,40,9,6,13
43,40,9,7,29
43,40,9,8,20
43,40,9,9,35
43,40,9,10,33
43,40,9,11,7
43,40,9,12,11
43,40,9,13,30
43,40,9,14,10
43,40,9,15,26
43,40,9,16,15
43,40,9,17,23
43,40,9,18,5
43,40,9,19,19
43,40,9,20,18
43,40,9,21,39
43,40,9,22,32
43,40,9,23,36
43,40,9,24,28
43,40,9,25,38
43,40,9,26,4
43,40,9,27,8
43,40,9,28,22
43,40,9,29,31
43,40,9,30,9
43,40,9,31,3
43,40,9,32,12
43,40,9,33,21
43,40,9,34,37
43,40,9,35,40
43,40,9,36,24
43,40,9,37,17
43,40,9,38,1
43,40,9,39,25
43,40,9,40,16
44,40,1,1,24
44,40,1,2,18
44,40,1,3,37
44,40,1,4,10
44,40,1,5,17
44,40,1,6,15
44,40,1,7,7
44,40,1,8,28
44,40,1,9,19
44,40,1,10,23
44,40,1,11,33
44,40,1,12,22
44,40,1,13,9
44,40,1,14,1
44,40,1,15,14
44,40,1,16,38
44,40,1,17,3
44,40,1,18,36
44,40,1,19,5
44,40,1,20,30
44,40,1,21,4
44,40,1,22,31
44,40,1,23,21
44,40,1,24,34
44,40,1,25,40
44,40,1,26,39
44,40,1,27,2
44,40,1,28,26
44,40,1,29,13
44,40,1,30,11
44,40,1,31,27
44,40,1,32,25
44,40,1,33,20
44,40,1,34,32
44,40,1,35,6
44,40,1,36,35
44,40,1,37,29
44,40,1,38,12
44,40,1,39,8
44,40,1,40,16
44,40,2,1,6
44,40,2,2,4
44,40,2,3,23
44,40,2,4,20
44,40,2,5,12
44,40,2,6,35
44,40,2,7,17
44,40,2,8,31
44,40,2,9,27
44,40,2,10,19
44,40,2,11,13
44,40,2,12,1
44,40,2,13,30
44,40,2,14,37
44,40,2,15,16
44,40,2,16,2
44,40,2,17,14
44,40,2,18,26
44,40,2,19,5
44,40,2,20,3
44,40,2,21,8
44,40,2,22,40
44,40,2,23,24
44,40,2,24,28
44,40,2,25,36
44,40,2,26,34
44,40,2,27,25
44,40,2,28,39
44,40,2,29,15
44,40,2,30,33
44,40,2,31,10
44,40,2,32,29
44,40,2,33,22
44,40,2,34,38
44,40,2,35,11
44,40,2,36,32
44,40,2,37,21
44,40,2,38,9
44,40,2,39,7
44,40,2,40,18
44,40,3,1,26
44,40,3,2,38
44,40,3,3,20
44,40,3,4,10
44,40,3,5,32
44,40,3,6,33
44,40,3,7,8
44,40,3,8,5
44,40,3,9,19
44,40,3,10,35
44,40,3,11,11
44,40,3,12,34
44,40,3,13,28
44,40,3,14,21
44,40,3,15,29
44,40,3,16,7
44,40,3,17,27
44,40,3,18,24
44,40,3,19,31
44,40,3,20,14
44,40,3,21,39
44,40,3,22,13
44,40,3,23,12
44,40,3,24,4
44,40,3,25,22
44,40,3,26,36
44,40,3,27,17
44,40,3,28,37
44,40,3,29,40
44,40,3,30,1
44,40,3,31,23
44,40,3,32,15
44,40,3,33,16
44,40,3,34,25
44,40,3,35,9
44,40,3,36,3
44,40,3,37,18
44,40,3,38,2
44,40,3,39,6
44,40,3,40,30
44,40,4,1,13
44,40,4,2,28
44,40,4,3,21
44,40,4,4,17
44,40,4,5,5
44,40,4,6,2
44,40,4,7,4
44,40,4,8,31
44,40,4,9,12
44,40,4,10,1
44,40,4,11,24
44,40,4,12,29
44,40,4,13,18
44,40,4,14,34
44,40,4,15,23
44,40,4,16,38
44,40,4,17,9
44,40,4,18,15
44,40,4,19,27
44,40,4,20,22
44,40,4,21,8
44,40,4,22,36
44,40,4,23,35
44,40,4,24,3
44,40,4,25,19
44,40,4,26,33
44,40,4,27,32
44,40,4,28,20
44,40,4,29,7
44,40,4,30,6
44,40,4,31,16
44,40,4,32,30
44,40,4,33,39
44,40,4,34,10
44,40,4,35,26
44,40,4,36,40
44,40,4,37,37
44,40,4,38,25
44,40,4,39,11
44,40,4,40,14
44,40,5,1,18
44,40,5,2,6
44,40,5,3,23
44,40,5,4,36
44,40,5,5,35
44,40,5,6,22
44,40,5,7,17
44,40,5,8,12
44,40,5,9,37
44,40,5,10,34
44,40,5,11,11
44,40,5,12,29
44,40,5,13,1
44,40,5,14,3
44,40,5,15,21
44,40,5,16,7
44,40,5,17,31
44,40,5,18,8
44,40,5,19,26
44,40,5,20,32
44,40,5,21,14
44,40,5,22,10
44,40,5,23,28
44,40,5,24,16
44,40,5,25,33
44,40,5,26,13
44,40,5,27,4
44,40,5,28,20
44,40,5,29,9
44,40,5,30,27
44,40,5,31,5
44,40,5,32,24
44,40,5,33,25
44,40,5,34,38
44,40,5,35,15
44,40,5,36,40
44,40,5,37,39
44,40,5,38,30
44,40,5,39,2
44,40,5,40,19
44,40,6,1,29
44,40,6,2,3
44,40,6,3,40
44,40,6,4,6
44,40,6,5,31
44,40,6,6,28
44,40,6,7,10
44,40,6,8,15
44,40,6,9,16
44,40,6,10,4
44,40,6,11,17
44,40,6,12,20
44,40,6,13,22
44,40,6,14,34
44,40,6,15,38
44,40,6,16,35
44,40,6,17,32
44,40,6,18,7
44,40,6,19,30
44,40,6,20,25
44,40,6,21,39
44,40,6,22,11
44,40,6,23,26
44,40,6,24,2
44,40,6,25,12
44,40,6,26,13
44,40,6,27,24
44,40,6,28,23
44,40,6,29,33
44,40,6,30,19
44,40,6,31,37
44,40,6,32,21
44,40,6,33,8
44,40,6,34,1
44,40,6,35,27
44,40,6,36,36
44,40,6,37,5
44,40,6,38,14
44,40,6,39,18
44,40,6,40,9
44,40,7,1,17
44,40,7,2,3
44,40,7,3,37
44,40,7,4,29
44,40,7,5,27
44,40,7,6,25
44,40,7,7,26
44,40,7,8,24
44,40,7,9,30
44,40,7,10,13
44,40,7,11,39
44,40,7,12,10
44,40,7,13,23
44,40,7,14,5
44,40,7,15,33
44,40,7,16,21
44,40,7,17,16
44,40,7,18,20
44,40,7,19,22
44,40,7,20,11
44,40,7,21,34
44,40,7,22,40
44,40,7,23,6
44,40,7,24,38
44,40,7,25,28
44,40,7,26,14
44,40,7,27,12
44,40,7,28,36
44,40,7,29,9
44,40,7,30,19
44,40,7,31,8
44,40,7,32,31
44,40,7,33,15
44,40,7,34,7
44,40,7,35,2
44,40,7,36,4
44,40,7,37,18
44,40,7,38,1
44,40,7,39,32
44,40,7,40,35
44,40,8,1,25
44,40,8,2,17
44,40,8,3,8
44,40,8,4,3
44,40,8,5,22
44,40,8,6,6
44,40,8,7,19
44,40,8,8,24
44,40,8,9,39
44,40,8,10,5
44,40,8,11,37
44,40,8,12,38
44,40,8,13,4
44,40,8,14,7
44,40,8,15,18
44,40,8,16,9
44,40,8,17,28
44,40,8,18,10
44,40,8,19,35
44,40,8,20,40
44,40,8,21,26
44,40,8,22,14
44,40,8,23,27
44,40,8,24,32
44,40,8,25,1
44,40,8,26,29
44,40,8,27,15
44,40,8,28,30
44,40,8,29,23
44,40,8,30,11
44,40,8,31,21
44,40,8,32,36
44,40,8,33,20
44,40,8,34,34
44,40,8,35,33
44,40,8,36,16
44,40,8,37,2
44,40,8,38,31
44,40,8,39,12
44,40,8,40,13
44,40,9,1,20
44,40,9,2,29
44,40,9,3,11
44,40,9,4,7
44,40,9,5,33
44,40,9,6,35
44,40,9,7,30
44,40,9,8,10
44,40,9,9,26
44,40,9,10,15
44,40,9,11,27
44,40,9,12,16
44,40,9,13,34
44,40,9,14,2
44,40,9,15,5
44,40,9,16,18
44,40,9,17,36
44,40,9,18,28
44,40,9,19,4
44,40,9,20,8
44,40,9,21,22
44,40,9,22,9
44,40,9,23,31
44,40,9,24,32
44,40,9,25,19
44,40,9,26,23
44,40,9,27,13
44,40,9,28,14
44,40,9,29,39
44,40,9,30,38
44,40,9,31,3
44,40,9,32,12
44,40,9,33,21
44,40,9,34,37
44,40,9,35,40
44,40,9,36,24
44,40,9,37,17
44,40,9,38,1
44,40,9,39,25
44,40,9,40,6
45,40,1,1,39
45,40,1,2,2
45,40,1,3,26
45,40,1,4,29
45,40,1,5,35
45,40,1,6,12
45,40,1,7,6
45,40,1,8,32
45,40,1,9,25
45,40,1,10,20
45,40,1,11,13
45,40,1,12,11
45,40,1,13,8
45,40,1,14,16
45,40,1,15,10
45,40,1,16,17
45,40,1,17,28
45,40,1,18,15
45,40,1,19,19
45,40,1,20,7
45,40,1,21,23
45,40,1,22,33
45,40,1,23,22
45,40,1,24,18
45,40,1,25,37
45,40,1,26,24
45,40,1,27,27
45,40,1,28,9
45,40,1,29,21
45,40,1,30,1
45,40,1,31,14
45,40,1,32,38
45,40,1,33,36
45,40,1,34,3
45,40,1,35,5
45,40,1,36,30
45,40,1,37,4
45,40,1,38,31
45,40,1,39,34
45,40,1,40,40
45,40,2,1,25
45,40,2,2,36
45,40,2,3,26
45,40,2,4,5
45,40,2,5,14
45,40,2,6,2
45,40,2,7,3
45,40,2,8,16
45,40,2,9,37
45,40,2,10,30
45,40,2,11,31
45,40,2,12,27
45,40,2,13,19
45,40,2,14,17
45,40,2,15,35
45,40,2,16,12
45,40,2,17,20
45,40,2,18,6
45,40,2,19,23
45,40,2,20,13
45,40,2,21,1
45,40,2,22,4
45,40,2,23,8
45,40,2,24,40
45,40,2,25,21
45,40,2,26,9
45,40,2,27,7
45,40,2,28,18
45,40,2,29,32
45,40,2,30,11
45,40,2,31,38
45,40,2,32,24
45,40,2,33,22
45,40,2,34,28
45,40,2,35,29
45,40,2,36,10
45,40,2,37,33
45,40,2,38,15
45,40,2,39,39
45,40,2,40,34
45,40,3,1,38
45,40,3,2,20
45,40,3,3,32
45,40,3,4,7
45,40,3,5,33
45,40,3,6,8
45,40,3,7,5
45,40,3,8,10
45,40,3,9,19
45,40,3,10,29
45,40,3,11,21
45,40,3,12,35
45,40,3,13,11
45,40,3,14,34
45,40,3,15,28
45,40,3,16,13
45,40,3,17,12
45,40,3,18,4
45,40,3,19,22
45,40,3,20,39
45,40,3,21,36
45,40,3,22,17
45,40,3,23,40
45,40,3,24,37
45,40,3,25,1
45,40,3,26,23
45,40,3,27,26
45,40,3,28,14
45,40,3,29,15
45,40,3,30,25
45,40,3,31,9
45,40,3,32,16
45,40,3,33,3
45,40,3,34,2
45,40,3,35,18
45,40,3,36,31
45,40,3,37,24
45,40,3,38,6
45,40,3,39,30
45,40,3,40,27
45,40,4,1,9
45,40,4,2,38
45,40,4,3,23
45,40,4,4,34
45,40,4,5,29
45,40,4,6,24
45,40,4,7,31
45,40,4,8,4
45,40,4,9,21
45,40,4,10,17
45,40,4,11,28
45,40,4,12,14
45,40,4,13,13
45,40,4,14,5
45,40,4,15,2
45,40,4,16,12
45,40,4,17,1
45,40,4,18,18
45,40,4,19,15
45,40,4,20,8
45,40,4,21,22
45,40,4,22,36
45,40,4,23,40
45,40,4,24,11
45,40,4,25,37
45,40,4,26,25
45,40,4,27,26
45,40,4,28,10
45,40,4,29,39
45,40,4,30,30
45,40,4,31,35
45,40,4,32,3
45,40,4,33,16
45,40,4,34,6
45,40,4,35,7
45,40,4,36,20
45,40,4,37,32
45,40,4,38,33
45,40,4,39,19
45,40,4,40,27
45,40,5,1,18
45,40,5,2,39
45,40,5,3,30
45,40,5,4,40
45,40,5,5,38
45,40,5,6,15
45,40,5,7,25
45,40,5,8,24
45,40,5,9,2
45,40,5,10,27
45,40,5,11,9
45,40,5,12,20
45,40,5,13,13
45,40,5,14,33
45,40,5,15,7
45,40,5,16,31
45,40,5,17,21
45,40,5,18,3
45,40,5,19,8
45,40,5,20,16
45,40,5,21,4
45,40,5,22,28
45,40,5,23,26
45,40,5,24,32
45,40,5,25,1
45,40,5,26,5
45,40,5,27,36
45,40,5,28,10
45,40,5,29,14
45,40,5,30,29
45,40,5,31,37
45,40,5,32,12
45,40,5,33,17
45,40,5,34,22
45,40,5,35,34
45,40,5,36,11
45,40,5,37,35
45,40,5,38,23
45,40,5,39,19
45,40,5,40,6
45,40,6,1,1
45,40,6,2,27
45,40,6,3,36
45,40,6,4,5
45,40,6,5,18
45,40,6,6,9
45,40,6,7,37
45,40,6,8,21
45,40,6,9,19
45,40,6,10,33
45,40,6,11,24
45,40,6,12,23
45,40,6,13,3
45,40,6,14,29
45,40,6,15,14
45,40,6,16,31
45,40,6,17,6
45,40,6,18,40
45,40,6,19,35
45,40,6,20,28
45,40,6,21,38
45,40,6,22,34
45,40,6,23,10
45,40,6,24,15
45,40,6,25,16
45,40,6,26,4
45,40,6,27,17
45,40,6,28,20
45,40,6,29,22
45,40,6,30,32
45,40,6,31,7
45,40,6,32,25
45,40,6,33,30
45,40,6,34,39
45,40,6,35,11
45,40,6,36,26
45,40,6,37,2
45,40,6,38,13
45,40,6,39,12
45,40,6,40,8
45,40,7,1,26
45,40,7,2,24
45,40,7,3,30
45,40,7,4,13
45,40,7,5,34
45,40,7,6,11
45,40,7,7,40
45,40,7,8,9
45,40,7,9,19
45,40,7,10,8
45,40,7,11,36
45,40,7,12,12
45,40,7,13,31
45,40,7,14,15
45,40,7,15,7
45,40,7,16,2
45,40,7,17,1
45,40,7,18,32
45,40,7,19,35
45,40,7,20,17
45,40,7,21,18
45,40,7,22,4
45,40,7,23,14
45,40,7,24,6
45,40,7,25,22
45,40,7,26,39
45,40,7,27,10
45,40,7,28,20
45,40,7,29,16
45,40,7,30,38
45,40,7,31,28
45,40,7,32,21
45,40,7,33,33
45,40,7,34,5
45,40,7,35,23
45,40,7,36,3
45,40,7,37,25
45,40,7,38,27
45,40,7,39,37
45,40,7,40,29
45,40,8,1,15
45,40,8,2,29
45,40,8,3,1
45,40,8,4,11
45,40,8,5,32
45,40,8,6,27
45,40,8,7,26
45,40,8,8,40
45,40,8,9,10
45,40,8,10,35
45,40,8,11,28
45,40,8,12,14
45,40,8,13,18
45,40,8,14,9
45,40,8,15,7
45,40,8,16,4
45,40,8,17,38
45,40,8,18,24
45,40,8,19,19
45,40,8,20,6
45,40,8,21,39
45,40,8,22,5
45,40,8,23,33
45,40,8,24,37
45,40,8,25,34
45,40,8,26,20
45,40,8,27,36
45,40,8,28,16
45,40,8,29,22
45,40,8,30,3
45,40,8,31,2
45,40,8,32,8
45,40,8,33,17
45,40,8,34,25
45,40,8,35,31
45,40,8,36,12
45,40,8,37,13
45,40,8,38,21
45,40,8,39,23
45,40,8,40,30
45,40,9,1,16
45,40,9,2,34
45,40,9,3,5
45,40,9,4,18
45,40,9,5,36
45,40,9,6,28
45,40,9,7,4
45,40,9,8,22
45,40,9,9,9
45,40,9,10,8
45,40,9,11,31
45,40,9,12,32
45,40,9,13,19
45,40,9,14,3
45,40,9,15,38
45,40,9,16,39
45,40,9,17,12
45,40,9,18,21
45,40,9,19,37
45,40,9,20,40
45,40,9,21,24
45,40,9,22,17
45,40,9,23,1
45,40,9,24,25
45,40,9,25,6
45,40,9,26,14
45,40,9,27,13
45,40,9,28,23
45,40,9,29,2
45,40,9,30,20
45,40,9,31,11
45,40,9,32,7
45,40,9,33,33
45,40,9,34,29
45,40,9,35,35
45,40,9,36,30
45,40,9,37,10
45,40,9,38,26
45,40,9,39,15
45,40,9,40,27
46,40,1,1,34
46,40,1,2,40
46,40,1,3,39
46,40,1,4,2
46,40,1,5,26
46,40,1,6,13
46,40,1,7,11
46,40,1,8,25
46,40,1,9,29
46,40,1,10,35
46,40,1,11,12
46,40,1,12,6
46,40,1,13,32
46,40,1,14,20
46,40,1,15,8
46,40,1,16,16
46,40,1,17,10
46,40,1,18,27
46,40,1,19,37
46,40,1,20,24
46,40,1,21,17
46,40,1,22,15
46,40,1,23,28
46,40,1,24,19
46,40,1,25,23
46,40,1,26,7
46,40,1,27,18
46,40,1,28,22
46,40,1,29,33
46,40,1,30,9
46,40,1,31,21
46,40,1,32,1
46,40,1,33,14
46,40,1,34,36
46,40,1,35,38
46,40,1,36,3
46,40,1,37,5
46,40,1,38,30
46,40,1,39,4
46,40,1,40,31
46,40,2,1,15
46,40,2,2,25
46,40,2,3,36
46,40,2,4,34
46,40,2,5,39
46,40,2,6,5
46,40,2,7,26
46,40,2,8,14
46,40,2,9,2
46,40,2,10,37
46,40,2,11,16
46,40,2,12,30
46,40,2,13,27
46,40,2,14,31
46,40,2,15,35
46,40,2,16,17
46,40,2,17,19
46,40,2,18,13
46,40,2,19,6
46,40,2,20,12
46,40,2,21,20
46,40,2,22,23
46,40,2,23,1
46,40,2,24,4
46,40,2,25,8
46,40,2,26,3
46,40,2,27,28
46,40,2,28,24
46,40,2,29,40
46,40,2,30,21
46,40,2,31,9
46,40,2,32,7
46,40,2,33,18
46,40,2,34,32
46,40,2,35,11
46,40,2,36,38
46,40,2,37,22
46,40,2,38,29
46,40,2,39,10
46,40,2,40,33
46,40,3,1,34
46,40,3,2,28
46,40,3,3,13
46,40,3,4,12
46,40,3,5,4
46,40,3,6,22
46,40,3,7,36
46,40,3,8,17
46,40,3,9,37
46,40,3,10,40
46,40,3,11,1
46,40,3,12,39
46,40,3,13,23
46,40,3,14,15
46,40,3,15,16
46,40,3,16,3
46,40,3,17,18
46,40,3,18,2
46,40,3,19,30
46,40,3,20,25
46,40,3,21,9
46,40,3,22,6
46,40,3,23,27
46,40,3,24,24
46,40,3,25,31
46,40,3,26,14
46,40,3,27,26
46,40,3,28,38
46,40,3,29,20
46,40,3,30,32
46,40,3,31,33
46,40,3,32,10
46,40,3,33,8
46,40,3,34,7
46,40,3,35,5
46,40,3,36,19
46,40,3,37,29
46,40,3,38,21
46,40,3,39,35
46,40,3,40,11
46,40,4,1,40
46,40,4,2,1
46,40,4,3,12
46,40,4,4,2
46,40,4,5,5
46,40,4,6,13
46,40,4,7,14
46,40,4,8,4
46,40,4,9,28
46,40,4,10,17
46,40,4,11,21
46,40,4,12,31
46,40,4,13,24
46,40,4,14,29
46,40,4,15,18
46,40,4,16,34
46,40,4,17,23
46,40,4,18,22
46,40,4,19,15
46,40,4,20,38
46,40,4,21,9
46,40,4,22,27
46,40,4,23,8
46,40,4,24,36
46,40,4,25,19
46,40,4,26,33
46,40,4,27,35
46,40,4,28,3
46,40,4,29,32
46,40,4,30,20
46,40,4,31,7
46,40,4,32,6
46,40,4,33,16
46,40,4,34,30
46,40,4,35,39
46,40,4,36,10
46,40,4,37,26
46,40,4,38,37
46,40,4,39,25
46,40,4,40,11
46,40,5,1,20
46,40,5,2,33
46,40,5,3,7
46,40,5,4,21
46,40,5,5,3
46,40,5,6,8
46,40,5,7,31
46,40,5,8,16
46,40,5,9,26
46,40,5,10,32
46,40,5,11,1
46,40,5,12,29
46,40,5,13,37
46,40,5,14,12
46,40,5,15,17
46,40,5,16,22
46,40,5,17,34
46,40,5,18,11
46,40,5,19,14
46,40,5,20,10
46,40,5,21,28
46,40,5,22,4
46,40,5,23,13
46,40,5,24,9
46,40,5,25,5
46,40,5,26,36
46,40,5,27,35
46,40,5,28,18
46,40,5,29,6
46,40,5,30,23
46,40,5,31,19
46,40,5,32,39
46,40,5,33,30
46,40,5,34,2
46,40,5,35,40
46,40,5,36,15
46,40,5,37,38
46,40,5,38,25
46,40,5,39,24
46,40,5,40,27
46,40,6,1,31
46,40,6,2,15
46,40,6,3,16
46,40,6,4,4
46,40,6,5,17
46,40,6,6,20
46,40,6,7,22
46,40,6,8,34
46,40,6,9,38
46,40,6,10,35
46,40,6,11,32
46,40,6,12,25
46,40,6,13,39
46,40,6,14,30
46,40,6,15,7
46,40,6,16,11
46,40,6,17,26
46,40,6,18,2
46,40,6,19,12
46,40,6,20,13
46,40,6,21,24
46,40,6,22,33
46,40,6,23,23
46,40,6,24,37
46,40,6,25,19
46,40,6,26,21
46,40,6,27,8
46,40,6,28,9
46,40,6,29,18
46,40,6,30,1
46,40,6,31,27
46,40,6,32,36
46,40,6,33,5
46,40,6,34,14
46,40,6,35,29
46,40,6,36,3
46,40,6,37,40
46,40,6,38,6
46,40,6,39,28
46,40,6,40,10
46,40,7,1,23
46,40,7,2,1
46,40,7,3,18
46,40,7,4,2
46,40,7,5,7
46,40,7,6,15
46,40,7,7,31
46,40,7,8,4
46,40,7,9,8
46,40,7,10,19
46,40,7,11,9
46,40,7,12,12
46,40,7,13,14
46,40,7,14,28
46,40,7,15,36
46,40,7,16,38
46,40,7,17,21
46,40,7,18,33
46,40,7,19,26
46,40,7,20,10
46,40,7,21,5
46,40,7,22,16
46,40,7,23,40
46,40,7,24,6
46,40,7,25,20
46,40,7,26,22
46,40,7,27,39
46,40,7,28,13
46,40,7,29,24
46,40,7,30,25
46,40,7,31,27
46,40,7,32,3
46,40,7,33,29
46,40,7,34,37
46,40,7,35,34
46,40,7,36,11
46,40,7,37,30
46,40,7,38,17
46,40,7,39,35
46,40,7,40,32
46,40,8,1,12
46,40,8,2,30
46,40,8,3,11
46,40,8,4,29
46,40,8,5,15
46,40,8,6,1
46,40,8,7,32
46,40,8,8,40
46,40,8,9,27
46,40,8,10,39
46,40,8,11,2
46,40,8,12,25
46,40,8,13,8
46,40,8,14,17
46,40,8,15,5
46,40,8,16,33
46,40,8,17,23
46,40,8,18,13
46,40,8,19,37
46,40,8,20,34
46,40,8,21,22
46,40,8,22,3
46,40,8,23,14
46,40,8,24,28
46,40,8,25,35
46,40,8,26,10
46,40,8,27,26
46,40,8,28,18
46,40,8,29,9
46,40,8,30,38
46,40,8,31,7
46,40,8,32,4
46,40,8,33,24
46,40,8,34,19
46,40,8,35,6
46,40,8,36,20
46,40,8,37,16
46,40,8,38,31
46,40,8,39,36
46,40,8,40,21
46,40,9,1,17
46,40,9,2,1
46,40,9,3,24
46,40,9,4,40
46,40,9,5,37
46,40,9,6,21
46,40,9,7,3
46,40,9,8,38
46,40,9,9,12
46,40,9,10,39
46,40,9,11,14
46,40,9,12,13
46,40,9,13,23
46,40,9,14,19
46,40,9,15,32
46,40,9,16,31
46,40,9,17,9
46,40,9,18,22
46,40,9,19,8
46,40,9,20,4
46,40,9,21,28
46,40,9,22,36
46,40,9,23,18
46,40,9,24,5
46,40,9,25,34
46,40,9,26,16
46,40,9,27,27
46,40,9,28,2
46,40,9,29,15
46,40,9,30,26
46,40,9,31,10
46,40,9,32,30
46,40,9,33,7
46,40,9,34,33
46,40,9,35,35
46,40,9,36,29
46,40,9,37,20
46,40,9,38,11
46,40,9,39,6
46,40,9,40,25
47,40,1,1,39
47,40,1,2,40
47,40,1,3,34
47,40,1,4,31
47,40,1,5,4
47,40,1,6,30
47,40,1,7,3
47,40,1,8,5
47,40,1,9,36
47,40,1,10,38
47,40,1,11,14
47,40,1,12,1
47,40,1,13,21
47,40,1,14,9
47,40,1,15,33
47,40,1,16,22
47,40,1,17,23
47,40,1,18,19
47,40,1,19,7
47,40,1,20,15
47,40,1,21,28
47,40,1,22,17
47,40,1,23,18
47,40,1,24,37
47,40,1,25,24
47,40,1,26,16
47,40,1,27,12
47,40,1,28,29
47,40,1,29,35
47,40,1,30,6
47,40,1,31,32
47,40,1,32,25
47,40,1,33,20
47,40,1,34,8
47,40,1,35,10
47,40,1,36,27
47,40,1,37,11
47,40,1,38,13
47,40,1,39,26
47,40,1,40,2
47,40,2,1,36
47,40,2,2,26
47,40,2,3,5
47,40,2,4,14
47,40,2,5,2
47,40,2,6,37
47,40,2,7,16
47,40,2,8,30
47,40,2,9,27
47,40,2,10,31
47,40,2,11,35
47,40,2,12,17
47,40,2,13,19
47,40,2,14,13
47,40,2,15,6
47,40,2,16,12
47,40,2,17,20
47,40,2,18,23
47,40,2,19,4
47,40,2,20,1
47,40,2,21,3
47,40,2,22,8
47,40,2,23,40
47,40,2,24,24
47,40,2,25,28
47,40,2,26,32
47,40,2,27,11
47,40,2,28,21
47,40,2,29,9
47,40,2,30,7
47,40,2,31,18
47,40,2,32,38
47,40,2,33,22
47,40,2,34,29
47,40,2,35,10
47,40,2,36,33
47,40,2,37,15
47,40,2,38,39
47,40,2,39,34
47,40,2,40,25
47,40,3,1,4
47,40,3,2,12
47,40,3,3,22
47,40,3,4,13
47,40,3,5,39
47,40,3,6,36
47,40,3,7,17
47,40,3,8,37
47,40,3,9,40
47,40,3,10,1
47,40,3,11,23
47,40,3,12,15
47,40,3,13,16
47,40,3,14,3
47,40,3,15,18
47,40,3,16,30
47,40,3,17,2
47,40,3,18,6
47,40,3,19,27
47,40,3,20,24
47,40,3,21,31
47,40,3,22,9
47,40,3,23,25
47,40,3,24,14
47,40,3,25,26
47,40,3,26,38
47,40,3,27,10
47,40,3,28,20
47,40,3,29,32
47,40,3,30,33
47,40,3,31,8
47,40,3,32,7
47,40,3,33,5
47,40,3,34,19
47,40,3,35,29
47,40,3,36,21
47,40,3,37,35
47,40,3,38,11
47,40,3,39,34
47,40,3,40,28
47,40,4,1,11
47,40,4,2,37
47,40,4,3,25
47,40,4,4,26
47,40,4,5,10
47,40,4,6,39
47,40,4,7,30
47,40,4,8,16
47,40,4,9,6
47,40,4,10,7
47,40,4,11,20
47,40,4,12,32
47,40,4,13,33
47,40,4,14,3
47,40,4,15,35
47,40,4,16,19
47,40,4,17,36
47,40,4,18,8
47,40,4,19,22
47,40,4,20,27
47,40,4,21,15
47,40,4,22,9
47,40,4,23,38
47,40,4,24,23
47,40,4,25,34
47,40,4,26,18
47,40,4,27,29
47,40,4,28,24
47,40,4,29,1
47,40,4,30,40
47,40,4,31,12
47,40,4,32,2
47,40,4,33,31
47,40,4,34,4
47,40,4,35,14
47,40,4,36,13
47,40,4,37,21
47,40,4,38,17
47,40,4,39,28
47,40,4,40,5
47,40,5,1,18
47,40,5,2,39
47,40,5,3,30
47,40,5,4,40
47,40,5,5,15
47,40,5,6,38
47,40,5,7,25
47,40,5,8,24
47,40,5,9,2
47,40,5,10,36
47,40,5,11,5
47,40,5,12,27
47,40,5,13,9
47,40,5,14,20
47,40,5,15,33
47,40,5,16,13
47,40,5,17,4
47,40,5,18,28
47,40,5,19,16
47,40,5,20,31
47,40,5,21,7
47,40,5,22,21
47,40,5,23,3
47,40,5,24,8
47,40,5,25,26
47,40,5,26,32
47,40,5,27,1
47,40,5,28,10
47,40,5,29,14
47,40,5,30,29
47,40,5,31,37
47,40,5,32,12
47,40,5,33,17
47,40,5,34,34
47,40,5,35,11
47,40,5,36,22
47,40,5,37,35
47,40,5,38,23
47,40,5,39,6
47,40,5,40,19
47,40,6,1,31
47,40,6,2,14
47,40,6,3,5
47,40,6,4,36
47,40,6,5,27
47,40,6,6,1
47,40,6,7,8
47,40,6,8,18
47,40,6,9,9
47,40,6,10,37
47,40,6,11,21
47,40,6,12,19
47,40,6,13,33
47,40,6,14,24
47,40,6,15,13
47,40,6,16,12
47,40,6,17,2
47,40,6,18,26
47,40,6,19,11
47,40,6,20,39
47,40,6,21,25
47,40,6,22,30
47,40,6,23,7
47,40,6,24,32
47,40,6,25,23
47,40,6,26,3
47,40,6,27,29
47,40,6,28,40
47,40,6,29,35
47,40,6,30,38
47,40,6,31,22
47,40,6,32,20
47,40,6,33,17
47,40,6,34,4
47,40,6,35,34
47,40,6,36,16
47,40,6,37,15
47,40,6,38,10
47,40,6,39,28
47,40,6,40,6
47,40,7,1,25
47,40,7,2,26
47,40,7,3,24
47,40,7,4,30
47,40,7,5,13
47,40,7,6,34
47,40,7,7,40
47,40,7,8,11
47,40,7,9,9
47,40,7,10,19
47,40,7,11,8
47,40,7,12,36
47,40,7,13,6
47,40,7,14,22
47,40,7,15,39
47,40,7,16,10
47,40,7,17,20
47,40,7,18,16
47,40,7,19,38
47,40,7,20,28
47,40,7,21,14
47,40,7,22,12
47,40,7,23,31
47,40,7,24,15
47,40,7,25,7
47,40,7,26,2
47,40,7,27,4
47,40,7,28,18
47,40,7,29,1
47,40,7,30,32
47,40,7,31,35
47,40,7,32,17
47,40,7,33,23
47,40,7,34,5
47,40,7,35,33
47,40,7,36,21
47,40,7,37,3
47,40,7,38,37
47,40,7,39,29
47,40,7,40,27
47,40,8,1,17
47,40,8,2,25
47,40,8,3,31
47,40,8,4,12
47,40,8,5,36
47,40,8,6,21
47,40,8,7,13
47,40,8,8,23
47,40,8,9,30
47,40,8,10,15
47,40,8,11,29
47,40,8,12,1
47,40,8,13,11
47,40,8,14,32
47,40,8,15,27
47,40,8,16,14
47,40,8,17,26
47,40,8,18,40
47,40,8,19,28
47,40,8,20,10
47,40,8,21,35
47,40,8,22,18
47,40,8,23,9
47,40,8,24,7
47,40,8,25,38
47,40,8,26,4
47,40,8,27,24
47,40,8,28,19
47,40,8,29,6
47,40,8,30,39
47,40,8,31,5
47,40,8,32,37
47,40,8,33,33
47,40,8,34,34
47,40,8,35,20
47,40,8,36,16
47,40,8,37,2
47,40,8,38,22
47,40,8,39,3
47,40,8,40,8
47,40,9,1,14
47,40,9,2,13
47,40,9,3,23
47,40,9,4,19
47,40,9,5,32
47,40,9,6,31
47,40,9,7,9
47,40,9,8,22
47,40,9,9,8
47,40,9,10,4
47,40,9,11,28
47,40,9,12,36
47,40,9,13,18
47,40,9,14,5
47,40,9,15,34
47,40,9,16,16
47,40,9,17,27
47,40,9,18,2
47,40,9,19,15
47,40,9,20,26
47,40,9,21,10
47,40,9,22,30
47,40,9,23,7
47,40,9,24,33
47,40,9,25,35
47,40,9,26,29
47,40,9,27,20
47,40,9,28,11
47,40,9,29,6
47,40,9,30,25
47,40,9,31,1
47,40,9,32,17
47,40,9,33,24
47,40,9,34,40
47,40,9,35,37
47,40,9,36,21
47,40,9,37,12
47,40,9,38,3
47,40,9,39,38
47,40,9,40,39
48,40,1,1,11
48,40,1,2,13
48,40,1,3,26
48,40,1,4,2
48,40,1,5,39
48,40,1,6,40
48,40,1,7,34
48,40,1,8,9
48,40,1,9,21
48,40,1,10,31
48,40,1,11,30
48,40,1,12,4
48,40,1,13,3
48,40,1,14,38
48,40,1,15,36
48,40,1,16,5
48,40,1,17,14
48,40,1,18,1
48,40,1,19,22
48,40,1,20,33
48,40,1,21,23
48,40,1,22,19
48,40,1,23,28
48,40,1,24,7
48,40,1,25,15
48,40,1,26,18
48,40,1,27,37
48,40,1,28,24
48,40,1,29,17
48,40,1,30,27
48,40,1,31,10
48,40,1,32,16
48,40,1,33,8
48,40,1,34,12
48,40,1,35,35
48,40,1,36,29
48,40,1,37,6
48,40,1,38,32
48,40,1,39,20
48,40,1,40,25
48,40,2,1,15
48,40,2,2,25
48,40,2,3,36
48,40,2,4,34
48,40,2,5,39
48,40,2,6,26
48,40,2,7,5
48,40,2,8,3
48,40,2,9,14
48,40,2,10,2
48,40,2,11,37
48,40,2,12,16
48,40,2,13,30
48,40,2,14,31
48,40,2,15,27
48,40,2,16,35
48,40,2,17,17
48,40,2,18,19
48,40,2,19,13
48,40,2,20,1
48,40,2,21,8
48,40,2,22,6
48,40,2,23,12
48,40,2,24,20
48,40,2,25,23
48,40,2,26,4
48,40,2,27,40
48,40,2,28,28
48,40,2,29,24
48,40,2,30,11
48,40,2,31,32
48,40,2,32,21
48,40,2,33,9
48,40,2,34,7
48,40,2,35,18
48,40,2,36,38
48,40,2,37,22
48,40,2,38,29
48,40,2,39,10
48,40,2,40,33
48,40,3,1,28
48,40,3,2,4
48,40,3,3,12
48,40,3,4,13
48,40,3,5,39
48,40,3,6,22
48,40,3,7,36
48,40,3,8,17
48,40,3,9,40
48,40,3,10,37
48,40,3,11,1
48,40,3,12,23
48,40,3,13,15
48,40,3,14,16
48,40,3,15,25
48,40,3,16,9
48,40,3,17,3
48,40,3,18,18
48,40,3,19,30
48,40,3,20,2
48,40,3,21,6
48,40,3,22,27
48,40,3,23,24
48,40,3,24,31
48,40,3,25,14
48,40,3,26,26
48,40,3,27,38
48,40,3,28,10
48,40,3,29,20
48,40,3,30,32
48,40,3,31,7
48,40,3,32,33
48,40,3,33,8
48,40,3,34,5
48,40,3,35,19
48,40,3,36,29
48,40,3,37,21
48,40,3,38,35
48,40,3,39,11
48,40,3,40,34
48,40,4,1,23
48,40,4,2,38
48,40,4,3,9
48,40,4,4,15
48,40,4,5,27
48,40,4,6,22
48,40,4,7,8
48,40,4,8,36
48,40,4,9,19
48,40,4,10,33
48,40,4,11,32
48,40,4,12,20
48,40,4,13,7
48,40,4,14,6
48,40,4,15,16
48,40,4,16,3
48,40,4,17,35
48,40,4,18,30
48,40,4,19,26
48,40,4,20,10
48,40,4,21,39
48,40,4,22,25
48,40,4,23,11
48,40,4,24,37
48,40,4,25,40
48,40,4,26,5
48,40,4,27,28
48,40,4,28,17
48,40,4,29,21
48,40,4,30,13
48,40,4,31,14
48,40,4,32,4
48,40,4,33,31
48,40,4,34,2
48,40,4,35,12
48,40,4,36,1
48,40,4,37,24
48,40,4,38,18
48,40,4,39,29
48,40,4,40,34
48,40,5,1,37
48,40,5,2,29
48,40,5,3,14
48,40,5,4,1
48,40,5,5,32
48,40,5,6,26
48,40,5,7,8
48,40,5,8,3
48,40,5,9,21
48,40,5,10,7
48,40,5,11,31
48,40,5,12,16
48,40,5,13,28
48,40,5,14,4
48,40,5,15,13
48,40,5,16,33
48,40,5,17,20
48,40,5,18,9
48,40,5,19,27
48,40,5,20,25
48,40,5,21,24
48,40,5,22,38
48,40,5,23,15
48,40,5,24,40
48,40,5,25,2
48,40,5,26,5
48,40,5,27,36
48,40,5,28,10
48,40,5,29,30
48,40,5,30,39
48,40,5,31,18
48,40,5,32,19
48,40,5,33,6
48,40,5,34,23
48,40,5,35,35
48,40,5,36,11
48,40,5,37,34
48,40,5,38,22
48,40,5,39,17
48,40,5,40,12
48,40,6,1,11
48,40,6,2,26
48,40,6,3,2
48,40,6,4,12
48,40,6,5,13
48,40,6,6,24
48,40,6,7,33
48,40,6,8,37
48,40,6,9,19
48,40,6,10,21
48,40,6,11,8
48,40,6,12,1
48,40,6,13,27
48,40,6,14,36
48,40,6,15,5
48,40,6,16,14
48,40,6,17,18
48,40,6,18,9
48,40,6,19,29
48,40,6,20,3
48,40,6,21,40
48,40,6,22,6
48,40,6,23,31
48,40,6,24,28
48,40,6,25,10
48,40,6,26,15
48,40,6,27,16
48,40,6,28,4
48,40,6,29,17
48,40,6,30,20
48,40,6,31,34
48,40,6,32,22
48,40,6,33,38
48,40,6,34,35
48,40,6,35,23
48,40,6,36,32
48,40,6,37,25
48,40,6,38,39
48,40,6,39,30
48,40,6,40,7
48,40,7,1,8
48,40,7,2,19
48,40,7,3,9
48,40,7,4,36
48,40,7,5,40
48,40,7,6,11
48,40,7,7,34
48,40,7,8,13
48,40,7,9,30
48,40,7,10,24
48,40,7,11,26
48,40,7,12,25
48,40,7,13,27
48,40,7,14,29
48,40,7,15,37
48,40,7,16,3
48,40,7,17,17
48,40,7,18,23
48,40,7,19,5
48,40,7,20,33
48,40,7,21,21
48,40,7,22,10
48,40,7,23,39
48,40,7,24,22
48,40,7,25,6
48,40,7,26,20
48,40,7,27,16
48,40,7,28,38
48,40,7,29,28
48,40,7,30,14
48,40,7,31,4
48,40,7,32,18
48,40,7,33,1
48,40,7,34,32
48,40,7,35,35
48,40,7,36,2
48,40,7,37,7
48,40,7,38,15
48,40,7,39,31
48,40,7,40,12
48,40,8,1,6
48,40,8,2,8
48,40,8,3,17
48,40,8,4,3
48,40,8,5,22
48,40,8,6,2
48,40,8,7,16
48,40,8,8,25
48,40,8,9,31
48,40,8,10,12
48,40,8,11,21
48,40,8,12,13
48,40,8,13,23
48,40,8,14,15
48,40,8,15,30
48,40,8,16,29
48,40,8,17,1
48,40,8,18,11
48,40,8,19,32
48,40,8,20,27
48,40,8,21,26
48,40,8,22,40
48,40,8,23,35
48,40,8,24,10
48,40,8,25,28
48,40,8,26,14
48,40,8,27,36
48,40,8,28,20
48,40,8,29,34
48,40,8,30,33
48,40,8,31,39
48,40,8,32,5
48,40,8,33,37
48,40,8,34,9
48,40,8,35,18
48,40,8,36,7
48,40,8,37,38
48,40,8,38,4
48,40,8,39,24
48,40,8,40,19
48,40,9,1,36
48,40,9,2,18
48,40,9,3,5
48,40,9,4,34
48,40,9,5,16
48,40,9,6,27
48,40,9,7,15
48,40,9,8,26
48,40,9,9,10
48,40,9,10,30
48,40,9,11,35
48,40,9,12,33
48,40,9,13,7
48,40,9,14,29
48,40,9,15,20
48,40,9,16,11
48,40,9,17,6
48,40,9,18,25
48,40,9,19,1
48,40,9,20,17
48,40,9,21,24
48,40,9,22,40
48,40,9,23,37
48,40,9,24,21
48,40,9,25,12
48,40,9,26,39
48,40,9,27,14
48,40,9,28,13
48,40,9,29,23
48,40,9,30,2
48,40,9,31,19
48,40,9,32,38
48,40,9,33,3
48,40,9,34,9
48,40,9,35,31
48,40,9,36,22
48,40,9,37,8
48,40,9,38,32
48,40,9,39,4
48,40,9,40,28
49,40,1,1,3
49,40,1,2,38
49,40,1,3,36
49,40,1,4,5
49,40,1,5,30
49,40,1,6,31
49,40,1,7,14
49,40,1,8,1
49,40,1,9,21
49,40,1,10,9
49,40,1,11,22
49,40,1,12,33
49,40,1,13,23
49,40,1,14,19
49,40,1,15,28
49,40,1,16,17
49,40,1,17,15
49,40,1,18,7
49,40,1,19,18
49,40,1,20,24
49,40,1,21,37
49,40,1,22,27
49,40,1,23,10
49,40,1,24,16
49,40,1,25,8
49,40,1,26,32
49,40,1,27,6
49,40,1,28,12
49,40,1,29,35
49,40,1,30,29
49,40,1,31,20
49,40,1,32,25
49,40,1,33,11
49,40,1,34,13
49,40,1,35,26
49,40,1,36,2
49,40,1,37,39
49,40,1,38,40
49,40,1,39,34
49,40,1,40,4
49,40,2,1,15
49,40,2,2,33
49,40,2,3,10
49,40,2,4,29
49,40,2,5,22
49,40,2,6,38
49,40,2,7,18
49,40,2,8,7
49,40,2,9,9
49,40,2,10,21
49,40,2,11,32
49,40,2,12,11
49,40,2,13,24
49,40,2,14,28
49,40,2,15,8
49,40,2,16,40
49,40,2,17,4
49,40,2,18,23
49,40,2,19,20
49,40,2,20,12
49,40,2,21,6
49,40,2,22,17
49,40,2,23,35
49,40,2,24,31
49,40,2,25,27
49,40,2,26,19
49,40,2,27,13
49,40,2,28,1
49,40,2,29,30
49,40,2,30,16
49,40,2,31,37
49,40,2,32,2
49,40,2,33,14
49,40,2,34,3
49,40,2,35,5
49,40,2,36,26
49,40,2,37,36
49,40,2,38,34
49,40,2,39,39
49,40,2,40,25
49,40,3,1,7
49,40,3,2,29
49,40,3,3,21
49,40,3,4,28
49,40,3,5,34
49,40,3,6,13
49,40,3,7,39
49,40,3,8,22
49,40,3,9,12
49,40,3,10,4
49,40,3,11,36
49,40,3,12,17
49,40,3,13,37
49,40,3,14,40
49,40,3,15,1
49,40,3,16,23
49,40,3,17,15
49,40,3,18,16
49,40,3,19,25
49,40,3,20,9
49,40,3,21,3
49,40,3,22,18
49,40,3,23,30
49,40,3,24,2
49,40,3,25,6
49,40,3,26,27
49,40,3,27,24
49,40,3,28,31
49,40,3,29,14
49,40,3,30,26
49,40,3,31,10
49,40,3,32,38
49,40,3,33,20
49,40,3,34,32
49,40,3,35,33
49,40,3,36,8
49,40,3,37,5
49,40,3,38,19
49,40,3,39,35
49,40,3,40,11
49,40,4,1,11
49,40,4,2,5
49,40,4,3,28
49,40,4,4,17
49,40,4,5,21
49,40,4,6,13
49,40,4,7,14
49,40,4,8,4
49,40,4,9,31
49,40,4,10,24
49,40,4,11,29
49,40,4,12,34
49,40,4,13,23
49,40,4,14,38
49,40,4,15,9
49,40,4,16,15
49,40,4,17,27
49,40,4,18,22
49,40,4,19,8
49,40,4,20,36
49,40,4,21,19
49,40,4,22,33
49,40,4,23,32
49,40,4,24,16
49,40,4,25,20
49,40,4,26,7
49,40,4,27,6
49,40,4,28,30
49,40,4,29,39
49,40,4,30,10
49,40,4,31,26
49,40,4,32,3
49,40,4,33,35
49,40,4,34,18
49,40,4,35,1
49,40,4,36,12
49,40,4,37,2
49,40,4,38,40
49,40,4,39,37
49,40,4,40,25
49,40,5,1,21
49,40,5,2,7
49,40,5,3,31
49,40,5,4,20
49,40,5,5,33
49,40,5,6,16
49,40,5,7,28
49,40,5,8,4
49,40,5,9,13
49,40,5,10,9
49,40,5,11,27
49,40,5,12,24
49,40,5,13,25
49,40,5,14,38
49,40,5,15,15
49,40,5,16,40
49,40,5,17,2
49,40,5,18,30
49,40,5,19,39
49,40,5,20,19
49,40,5,21,18
49,40,5,22,6
49,40,5,23,23
49,40,5,24,35
49,40,5,25,22
49,40,5,26,17
49,40,5,27,12
49,40,5,28,37
49,40,5,29,34
49,40,5,30,11
49,40,5,31,29
49,40,5,32,14
49,40,5,33,10
49,40,5,34,36
49,40,5,35,5
49,40,5,36,32
49,40,5,37,1
49,40,5,38,26
49,40,5,39,8
49,40,5,40,3
49,40,6,1,1
49,40,6,2,27
49,40,6,3,36
49,40,6,4,5
49,40,6,5,14
49,40,6,6,31
49,40,6,7,15
49,40,6,8,16
49,40,6,9,4
49,40,6,10,17
49,40,6,11,20
49,40,6,12,22
49,40,6,13,25
49,40,6,14,39
49,40,6,15,30
49,40,6,16,11
49,40,6,17,26
49,40,6,18,2
49,40,6,19,12
49,40,6,20,13
49,40,6,21,24
49,40,6,22,7
49,40,6,23,32
49,40,6,24,35
49,40,6,25,38
49,40,6,26,34
49,40,6,27,10
49,40,6,28,28
49,40,6,29,6
49,40,6,30,40
49,40,6,31,29
49,40,6,32,3
49,40,6,33,23
49,40,6,34,33
49,40,6,35,19
49,40,6,36,21
49,40,6,37,37
49,40,6,38,9
49,40,6,39,18
49,40,6,40,8
49,40,7,1,15
49,40,7,2,8
49,40,7,3,19
49,40,7,4,9
49,40,7,5,40
49,40,7,6,11
49,40,7,7,34
49,40,7,8,30
49,40,7,9,13
49,40,7,10,24
49,40,7,11,26
49,40,7,12,25
49,40,7,13,27
49,40,7,14,29
49,40,7,15,37
49,40,7,16,3
49,40,7,17,17
49,40,7,18,23
49,40,7,19,5
49,40,7,20,33
49,40,7,21,21
49,40,7,22,10
49,40,7,23,39
49,40,7,24,22
49,40,7,25,6
49,40,7,26,20
49,40,7,27,16
49,40,7,28,38
49,40,7,29,28
49,40,7,30,14
49,40,7,31,36
49,40,7,32,12
49,40,7,33,31
49,40,7,34,7
49,40,7,35,4
49,40,7,36,18
49,40,7,37,1
49,40,7,38,32
49,40,7,39,35
49,40,7,40,2
49,40,8,1,6
49,40,8,2,19
49,40,8,3,24
49,40,8,4,4
49,40,8,5,38
49,40,8,6,7
49,40,8,7,18
49,40,8,8,9
49,40,8,9,28
49,40,8,10,10
49,40,8,11,35
49,40,8,12,40
49,40,8,13,26
49,40,8,14,14
49,40,8,15,27
49,40,8,16,32
49,40,8,17,11
49,40,8,18,1
49,40,8,19,29
49,40,8,20,15
49,40,8,21,30
49,40,8,22,23
49,40,8,23,13
49,40,8,24,21
49,40,8,25,36
49,40,8,26,12
49,40,8,27,31
49,40,8,28,25
49,40,8,29,17
49,40,8,30,8
49,40,8,31,3
49,40,8,32,22
49,40,8,33,2
49,40,8,34,16
49,40,8,35,20
49,40,8,36,34
49,40,8,37,37
49,40,8,38,33
49,40,8,39,5
49,40,8,40,39
49,40,9,1,30
49,40,9,2,10
49,40,9,3,26
49,40,9,4,15
49,40,9,5,27
49,40,9,6,16
49,40,9,7,34
49,40,9,8,5
49,40,9,9,18
49,40,9,10,36
49,40,9,11,28
49,40,9,12,4
49,40,9,13,22
49,40,9,14,9
49,40,9,15,31
49,40,9,16,8
49,40,9,17,32
49,40,9,18,19
49,40,9,19,2
49,40,9,20,23
49,40,9,21,13
49,40,9,22,14
49,40,9,23,39
49,40,9,24,12
49,40,9,25,38
49,40,9,26,3
49,40,9,27,21
49,40,9,28,37
49,40,9,29,40
49,40,9,30,24
49,40,9,31,17
49,40,9,32,1
49,40,9,33,25
49,40,9,34,6
49,40,9,35,20
49,40,9,36,29
49,40,9,37,35
49,40,9,38,33
49,40,9,39,11
49,40,9,40,7
50,40,1,1,40
50,40,1,2,34
50,40,1,3,31
50,40,1,4,30
50,40,1,5,5
50,40,1,6,36
50,40,1,7,38
50,40,1,8,3
50,40,1,9,4
50,40,1,10,21
50,40,1,11,14
50,40,1,12,1
50,40,1,13,9
50,40,1,14,22
50,40,1,15,33
50,40,1,16,18
50,40,1,17,24
50,40,1,18,37
50,40,1,19,27
50,40,1,20,10
50,40,1,21,16
50,40,1,22,17
50,40,1,23,15
50,40,1,24,7
50,40,1,25,23
50,40,1,26,19
50,40,1,27,28
50,40,1,28,8
50,40,1,29,32
50,40,1,30,6
50,40,1,31,12
50,40,1,32,35
50,40,1,33,29
50,40,1,34,20
50,40,1,35,25
50,40,1,36,11
50,40,1,37,13
50,40,1,38,26
50,40,1,39,2
50,40,1,40,39
50,40,2,1,38
50,40,2,2,22
50,40,2,3,11
50,40,2,4,32
50,40,2,5,21
50,40,2,6,9
50,40,2,7,7
50,40,2,8,18
50,40,2,9,40
50,40,2,10,24
50,40,2,11,28
50,40,2,12,8
50,40,2,13,4
50,40,2,14,13
50,40,2,15,23
50,40,2,16,6
50,40,2,17,12
50,40,2,18,20
50,40,2,19,35
50,40,2,20,17
50,40,2,21,19
50,40,2,22,27
50,40,2,23,31
50,40,2,24,30
50,40,2,25,1
50,40,2,26,37
50,40,2,27,16
50,40,2,28,2
50,40,2,29,14
50,40,2,30,5
50,40,2,31,26
50,40,2,32,34
50,40,2,33,25
50,40,2,34,36
50,40,2,35,3
50,40,2,36,39
50,40,2,37,15
50,40,2,38,33
50,40,2,39,10
50,40,2,40,29
50,40,3,1,19
50,40,3,2,5
50,40,3,3,8
50,40,3,4,33
50,40,3,5,7
50,40,3,6,32
50,40,3,7,20
50,40,3,8,10
50,40,3,9,38
50,40,3,10,26
50,40,3,11,14
50,40,3,12,31
50,40,3,13,24
50,40,3,14,27
50,40,3,15,6
50,40,3,16,9
50,40,3,17,25
50,40,3,18,2
50,40,3,19,18
50,40,3,20,3
50,40,3,21,16
50,40,3,22,23
50,40,3,23,15
50,40,3,24,1
50,40,3,25,37
50,40,3,26,40
50,40,3,27,39
50,40,3,28,17
50,40,3,29,36
50,40,3,30,22
50,40,3,31,12
50,40,3,32,4
50,40,3,33,13
50,40,3,34,28
50,40,3,35,34
50,40,3,36,11
50,40,3,37,35
50,40,3,38,21
50,40,3,39,29
50,40,3,40,30
50,40,4,1,7
50,40,4,2,20
50,40,4,3,32
50,40,4,4,16
50,40,4,5,26
50,40,4,6,10
50,40,4,7,30
50,40,4,8,39
50,40,4,9,37
50,40,4,10,25
50,40,4,11,11
50,40,4,12,40
50,40,4,13,1
50,40,4,14,12
50,40,4,15,2
50,40,4,16,5
50,40,4,17,13
50,40,4,18,14
50,40,4,19,28
50,40,4,20,17
50,40,4,21,21
50,40,4,22,4
50,40,4,23,31
50,40,4,24,24
50,40,4,25,29
50,40,4,26,34
50,40,4,27,23
50,40,4,28,18
50,40,4,29,35
50,40,4,30,3
50,40,4,31,36
50,40,4,32,8
50,40,4,33,22
50,40,4,34,15
50,40,4,35,38
50,40,4,36,9
50,40,4,37,27
50,40,4,38,19
50,40,4,39,33
50,40,4,40,6
50,40,5,1,29
50,40,5,2,37
50,40,5,3,12
50,40,5,4,17
50,40,5,5,22
50,40,5,6,34
50,40,5,7,11
50,40,5,8,14
50,40,5,9,10
50,40,5,10,32
50,40,5,11,1
50,40,5,12,26
50,40,5,13,8
50,40,5,14,3
50,40,5,15,21
50,40,5,16,7
50,40,5,17,31
50,40,5,18,16
50,40,5,19,28
50,40,5,20,4
50,40,5,21,13
50,40,5,22,33
50,40,5,23,20
50,40,5,24,9
50,40,5,25,27
50,40,5,26,24
50,40,5,27,25
50,40,5,28,38
50,40,5,29,15
50,40,5,30,40
50,40,5,31,2
50,40,5,32,5
50,40,5,33,36
50,40,5,34,30
50,40,5,35,39
50,40,5,36,19
50,40,5,37,23
50,40,5,38,6
50,40,5,39,35
50,40,5,40,18
50,40,6,1,19
50,40,6,2,33
50,40,6,3,23
50,40,6,4,3
50,40,6,5,29
50,40,6,6,37
50,40,6,7,21
50,40,6,8,13
50,40,6,9,12
50,40,6,10,2
50,40,6,11,26
50,40,6,12,11
50,40,6,13,7
50,40,6,14,24
50,40,6,15,32
50,40,6,16,30
50,40,6,17,39
50,40,6,18,25
50,40,6,19,22
50,40,6,20,20
50,40,6,21,17
50,40,6,22,4
50,40,6,23,34
50,40,6,24,38
50,40,6,25,35
50,40,6,26,40
50,40,6,27,6
50,40,6,28,28
50,40,6,29,10
50,40,6,30,16
50,40,6,31,15
50,40,6,32,31
50,40,6,33,9
50,40,6,34,18
50,40,6,35,5
50,40,6,36,14
50,40,6,37,36
50,40,6,38,27
50,40,6,39,1
50,40,6,40,8
50,40,7,1,21
50,40,7,2,33
50,40,7,3,5
50,40,7,4,23
50,40,7,5,17
50,40,7,6,18
50,40,7,7,4
50,40,7,8,1
50,40,7,9,32
50,40,7,10,35
50,40,7,11,2
50,40,7,12,7
50,40,7,13,31
50,40,7,14,15
50,40,7,15,8
50,40,7,16,19
50,40,7,17,9
50,40,7,18,36
50,40,7,19,12
50,40,7,20,14
50,40,7,21,28
50,40,7,22,38
50,40,7,23,16
50,40,7,24,20
50,40,7,25,22
50,40,7,26,6
50,40,7,27,40
50,40,7,28,11
50,40,7,29,34
50,40,7,30,30
50,40,7,31,13
50,40,7,32,24
50,40,7,33,39
50,40,7,34,10
50,40,7,35,29
50,40,7,36,27
50,40,7,37,26
50,40,7,38,25
50,40,7,39,37
50,40,7,40,3
50,40,8,1,20
50,40,8,2,34
50,40,8,3,33
50,40,8,4,5
50,40,8,5,37
50,40,8,6,38
50,40,8,7,7
50,40,8,8,4
50,40,8,9,24
50,40,8,10,19
50,40,8,11,6
50,40,8,12,39
50,40,8,13,16
50,40,8,14,2
50,40,8,15,22
50,40,8,16,3
50,40,8,17,8
50,40,8,18,17
50,40,8,19,25
50,40,8,20,31
50,40,8,21,12
50,40,8,22,36
50,40,8,23,21
50,40,8,24,13
50,40,8,25,11
50,40,8,26,30
50,40,8,27,23
50,40,8,28,15
50,40,8,29,29
50,40,8,30,1
50,40,8,31,32
50,40,8,32,27
50,40,8,33,26
50,40,8,34,14
50,40,8,35,40
50,40,8,36,28
50,40,8,37,10
50,40,8,38,35
50,40,8,39,18
50,40,8,40,9
50,40,9,1,27
50,40,9,2,29
50,40,9,3,35
50,40,9,4,15
50,40,9,5,26
50,40,9,6,10
50,40,9,7,33
50,40,9,8,30
50,40,9,9,7
50,40,9,10,11
50,40,9,11,20
50,40,9,12,6
50,40,9,13,25
50,40,9,14,17
50,40,9,15,1
50,40,9,16,24
50,40,9,17,40
50,40,9,18,37
50,40,9,19,21
50,40,9,20,12
50,40,9,21,39
50,40,9,22,38
50,40,9,23,3
50,40,9,24,9
50,40,9,25,31
50,40,9,26,22
50,40,9,27,8
50,40,9,28,4
50,40,9,29,28
50,40,9,30,36
50,40,9,31,32
50,40,9,32,19
50,40,9,33,23
50,40,9,34,13
50,40,9,35,14
50,40,9,36,2
50,40,9,37,18
50,40,9,38,5
50,40,9,39,34
50,40,9,40,16
51,40,1,1,27
51,40,1,2,37
51,40,1,3,34
51,40,1,4,13
51,40,1,5,9
51,40,1,6,21
51,40,1,7,33
51,40,1,8,22
51,40,1,9,1
51,40,1,10,31
51,40,1,11,5
51,40,1,12,14
51,40,1,13,30
51,40,1,14,4
51,40,1,15,36
51,40,1,16,38
51,40,1,17,3
51,40,1,18,40
51,40,1,19,11
51,40,1,20,26
51,40,1,21,2
51,40,1,22,25
51,40,1,23,8
51,40,1,24,10
51,40,1,25,20
51,40,1,26,32
51,40,1,27,35
51,40,1,28,29
51,40,1,29,6
51,40,1,30,12
51,40,1,31,16
51,40,1,32,17
51,40,1,33,24
51,40,1,34,15
51,40,1,35,7
51,40,1,36,18
51,40,1,37,19
51,40,1,38,28
51,40,1,39,23
51,40,1,40,39
51,40,2,1,15
51,40,2,2,33
51,40,2,3,10
51,40,2,4,29
51,40,2,5,22
51,40,2,6,38
51,40,2,7,18
51,40,2,8,7
51,40,2,9,11
51,40,2,10,32
51,40,2,11,21
51,40,2,12,9
51,40,2,13,20
51,40,2,14,12
51,40,2,15,23
51,40,2,16,6
51,40,2,17,35
51,40,2,18,17
51,40,2,19,31
51,40,2,20,27
51,40,2,21,19
51,40,2,22,1
51,40,2,23,13
51,40,2,24,4
51,40,2,25,40
51,40,2,26,24
51,40,2,27,28
51,40,2,28,8
51,40,2,29,30
51,40,2,30,3
51,40,2,31,16
51,40,2,32,37
51,40,2,33,2
51,40,2,34,14
51,40,2,35,5
51,40,2,36,26
51,40,2,37,36
51,40,2,38,34
51,40,2,39,39
51,40,2,40,25
51,40,3,1,2
51,40,3,2,18
51,40,3,3,30
51,40,3,4,3
51,40,3,5,9
51,40,3,6,16
51,40,3,7,25
51,40,3,8,15
51,40,3,9,23
51,40,3,10,1
51,40,3,11,37
51,40,3,12,17
51,40,3,13,40
51,40,3,14,39
51,40,3,15,36
51,40,3,16,22
51,40,3,17,4
51,40,3,18,12
51,40,3,19,13
51,40,3,20,34
51,40,3,21,28
51,40,3,22,11
51,40,3,23,35
51,40,3,24,21
51,40,3,25,29
51,40,3,26,19
51,40,3,27,5
51,40,3,28,8
51,40,3,29,7
51,40,3,30,33
51,40,3,31,10
51,40,3,32,32
51,40,3,33,20
51,40,3,34,38
51,40,3,35,26
51,40,3,36,14
51,40,3,37,31
51,40,3,38,24
51,40,3,39,27
51,40,3,40,6
51,40,4,1,38
51,40,4,2,9
51,40,4,3,15
51,40,4,4,27
51,40,4,5,22
51,40,4,6,8
51,40,4,7,36
51,40,4,8,19
51,40,4,9,33
51,40,4,10,35
51,40,4,11,3
51,40,4,12,16
51,40,4,13,32
51,40,4,14,20
51,40,4,15,7
51,40,4,16,6
51,40,4,17,30
51,40,4,18,26
51,40,4,19,10
51,40,4,20,39
51,40,4,21,25
51,40,4,22,37
51,40,4,23,11
51,40,4,24,40
51,40,4,25,18
51,40,4,26,23
51,40,4,27,34
51,40,4,28,29
51,40,4,29,1
51,40,4,30,12
51,40,4,31,2
51,40,4,32,5
51,40,4,33,13
51,40,4,34,14
51,40,4,35,28
51,40,4,36,17
51,40,4,37,21
51,40,4,38,4
51,40,4,39,31
51,40,4,40,24
51,40,5,1,5
51,40,5,2,10
51,40,5,3,36
51,40,5,4,27
51,40,5,5,14
51,40,5,6,32
51,40,5,7,2
51,40,5,8,23
51,40,5,9,11
51,40,5,10,34
51,40,5,11,29
51,40,5,12,37
51,40,5,13,12
51,40,5,14,22
51,40,5,15,17
51,40,5,16,35
51,40,5,17,18
51,40,5,18,6
51,40,5,19,19
51,40,5,20,39
51,40,5,21,30
51,40,5,22,40
51,40,5,23,24
51,40,5,24,15
51,40,5,25,38
51,40,5,26,25
51,40,5,27,20
51,40,5,28,31
51,40,5,29,33
51,40,5,30,7
51,40,5,31,21
51,40,5,32,3
51,40,5,33,8
51,40,5,34,26
51,40,5,35,16
51,40,5,36,4
51,40,5,37,28
51,40,5,38,13
51,40,5,39,1
51,40,5,40,9
51,40,6,1,37
51,40,6,2,33
51,40,6,3,19
51,40,6,4,21
51,40,6,5,24
51,40,6,6,23
51,40,6,7,3
51,40,6,8,29
51,40,6,9,9
51,40,6,10,18
51,40,6,11,40
51,40,6,12,32
51,40,6,13,7
51,40,6,14,13
51,40,6,15,12
51,40,6,16,2
51,40,6,17,26
51,40,6,18,11
51,40,6,19,30
51,40,6,20,39
51,40,6,21,25
51,40,6,22,35
51,40,6,23,38
51,40,6,24,22
51,40,6,25,34
51,40,6,26,20
51,40,6,27,17
51,40,6,28,4
51,40,6,29,16
51,40,6,30,15
51,40,6,31,10
51,40,6,32,28
51,40,6,33,6
51,40,6,34,31
51,40,6,35,14
51,40,6,36,5
51,40,6,37,36
51,40,6,38,27
51,40,6,39,1
51,40,6,40,8
51,40,7,1,6
51,40,7,2,38
51,40,7,3,28
51,40,7,4,14
51,40,7,5,12
51,40,7,6,36
51,40,7,7,9
51,40,7,8,19
51,40,7,9,8
51,40,7,10,31
51,40,7,11,15
51,40,7,12,7
51,40,7,13,2
51,40,7,14,4
51,40,7,15,18
51,40,7,16,1
51,40,7,17,32
51,40,7,18,35
51,40,7,19,17
51,40,7,20,23
51,40,7,21,5
51,40,7,22,33
51,40,7,23,21
51,40,7,24,16
51,40,7,25,20
51,40,7,26,22
51,40,7,27,10
51,40,7,28,29
51,40,7,29,37
51,40,7,30,3
51,40,7,31,25
51,40,7,32,27
51,40,7,33,26
51,40,7,34,39
51,40,7,35,24
51,40,7,36,30
51,40,7,37,13
51,40,7,38,34
51,40,7,39,11
51,40,7,40,40
51,40,8,1,36
51,40,8,2,21
51,40,8,3,13
51,40,8,4,12
51,40,8,5,16
51,40,8,6,33
51,40,8,7,20
51,40,8,8,34
51,40,8,9,37
51,40,8,10,14
51,40,8,11,32
51,40,8,12,11
51,40,8,13,30
51,40,8,14,23
51,40,8,15,31
51,40,8,16,2
51,40,8,17,39
51,40,8,18,5
51,40,8,19,9
51,40,8,20,18
51,40,8,21,28
51,40,8,22,10
51,40,8,23,35
51,40,8,24,40
51,40,8,25,26
51,40,8,26,27
51,40,8,27,1
51,40,8,28,29
51,40,8,29,15
51,40,8,30,25
51,40,8,31,17
51,40,8,32,8
51,40,8,33,3
51,40,8,34,22
51,40,8,35,6
51,40,8,36,19
51,40,8,37,24
51,40,8,38,4
51,40,8,39,38
51,40,8,40,7
51,40,9,1,13
51,40,9,2,14
51,40,9,3,29
51,40,9,4,15
51,40,9,5,26
51,40,9,6,10
51,40,9,7,30
51,40,9,8,7
51,40,9,9,33
51,40,9,10,35
51,40,9,11,11
51,40,9,12,20
51,40,9,13,6
51,40,9,14,25
51,40,9,15,1
51,40,9,16,17
51,40,9,17,24
51,40,9,18,40
51,40,9,19,37
51,40,9,20,21
51,40,9,21,12
51,40,9,22,39
51,40,9,23,38
51,40,9,24,3
51,40,9,25,9
51,40,9,26,31
51,40,9,27,8
51,40,9,28,22
51,40,9,29,4
51,40,9,30,28
51,40,9,31,36
51,40,9,32,32
51,40,9,33,19
51,40,9,34,18
51,40,9,35,5
51,40,9,36,34
51,40,9,37,16
51,40,9,38,27
51,40,9,39,2
51,40,9,40,23
52,40,1,1,29
52,40,1,2,35
52,40,1,3,12
52,40,1,4,6
52,40,1,5,32
52,40,1,6,20
52,40,1,7,8
52,40,1,8,16
52,40,1,9,10
52,40,1,10,27
52,40,1,11,17
52,40,1,12,24
52,40,1,13,37
52,40,1,14,18
52,40,1,15,15
52,40,1,16,28
52,40,1,17,19
52,40,1,18,23
52,40,1,19,7
52,40,1,20,22
52,40,1,21,33
52,40,1,22,9
52,40,1,23,21
52,40,1,24,1
52,40,1,25,14
52,40,1,26,5
52,40,1,27,36
52,40,1,28,38
52,40,1,29,3
52,40,1,30,30
52,40,1,31,4
52,40,1,32,31
52,40,1,33,34
52,40,1,34,40
52,40,1,35,39
52,40,1,36,2
52,40,1,37,13
52,40,1,38,11
52,40,1,39,26
52,40,1,40,25
52,40,2,1,15
52,40,2,2,33
52,40,2,3,10
52,40,2,4,29
52,40,2,5,22
52,40,2,6,38
52,40,2,7,18
52,40,2,8,7
52,40,2,9,9
52,40,2,10,21
52,40,2,11,32
52,40,2,12,11
52,40,2,13,24
52,40,2,14,40
52,40,2,15,4
52,40,2,16,23
52,40,2,17,20
52,40,2,18,12
52,40,2,19,35
52,40,2,20,17
52,40,2,21,6
52,40,2,22,31
52,40,2,23,27
52,40,2,24,19
52,40,2,25,13
52,40,2,26,1
52,40,2,27,8
52,40,2,28,30
52,40,2,29,28
52,40,2,30,16
52,40,2,31,37
52,40,2,32,3
52,40,2,33,2
52,40,2,34,14
52,40,2,35,5
52,40,2,36,26
52,40,2,37,39
52,40,2,38,34
52,40,2,39,25
52,40,2,40,36
52,40,3,1,4
52,40,3,2,12
52,40,3,3,13
52,40,3,4,22
52,40,3,5,36
52,40,3,6,17
52,40,3,7,37
52,40,3,8,40
52,40,3,9,39
52,40,3,10,1
52,40,3,11,23
52,40,3,12,15
52,40,3,13,16
52,40,3,14,3
52,40,3,15,18
52,40,3,16,30
52,40,3,17,2
52,40,3,18,25
52,40,3,19,9
52,40,3,20,6
52,40,3,21,27
52,40,3,22,24
52,40,3,23,31
52,40,3,24,14
52,40,3,25,26
52,40,3,26,38
52,40,3,27,20
52,40,3,28,32
52,40,3,29,7
52,40,3,30,33
52,40,3,31,10
52,40,3,32,8
52,40,3,33,5
52,40,3,34,19
52,40,3,35,29
52,40,3,36,21
52,40,3,37,35
52,40,3,38,11
52,40,3,39,34
52,40,3,40,28
52,40,4,1,38
52,40,4,2,9
52,40,4,3,15
52,40,4,4,27
52,40,4,5,22
52,40,4,6,23
52,40,4,7,8
52,40,4,8,34
52,40,4,9,29
52,40,4,10,24
52,40,4,11,31
52,40,4,12,4
52,40,4,13,21
52,40,4,14,17
52,40,4,15,28
52,40,4,16,14
52,40,4,17,13
52,40,4,18,5
52,40,4,19,2
52,40,4,20,12
52,40,4,21,1
52,40,4,22,18
52,40,4,23,36
52,40,4,24,19
52,40,4,25,33
52,40,4,26,3
52,40,4,27,35
52,40,4,28,40
52,40,4,29,37
52,40,4,30,25
52,40,4,31,11
52,40,4,32,39
52,40,4,33,10
52,40,4,34,26
52,40,4,35,30
52,40,4,36,16
52,40,4,37,32
52,40,4,38,20
52,40,4,39,6
52,40,4,40,7
52,40,5,1,21
52,40,5,2,7
52,40,5,3,31
52,40,5,4,20
52,40,5,5,33
52,40,5,6,13
52,40,5,7,16
52,40,5,8,26
52,40,5,9,8
52,40,5,10,3
52,40,5,11,1
52,40,5,12,32
52,40,5,13,28
52,40,5,14,10
52,40,5,15,14
52,40,5,16,29
52,40,5,17,37
52,40,5,18,12
52,40,5,19,17
52,40,5,20,34
52,40,5,21,11
52,40,5,22,22
52,40,5,23,35
52,40,5,24,23
52,40,5,25,6
52,40,5,26,19
52,40,5,27,18
52,40,5,28,39
52,40,5,29,30
52,40,5,30,40
52,40,5,31,15
52,40,5,32,38
52,40,5,33,25
52,40,5,34,24
52,40,5,35,2
52,40,5,36,36
52,40,5,37,5
52,40,5,38,27
52,40,5,39,9
52,40,5,40,4
52,40,6,1,39
52,40,6,2,25
52,40,6,3,30
52,40,6,4,7
52,40,6,5,32
52,40,6,6,22
52,40,6,7,20
52,40,6,8,17
52,40,6,9,4
52,40,6,10,34
52,40,6,11,38
52,40,6,12,35
52,40,6,13,40
52,40,6,14,6
52,40,6,15,28
52,40,6,16,10
52,40,6,17,16
52,40,6,18,15
52,40,6,19,31
52,40,6,20,14
52,40,6,21,5
52,40,6,22,36
52,40,6,23,27
52,40,6,24,1
52,40,6,25,8
52,40,6,26,18
52,40,6,27,9
52,40,6,28,29
52,40,6,29,3
52,40,6,30,23
52,40,6,31,37
52,40,6,32,33
52,40,6,33,19
52,40,6,34,21
52,40,6,35,24
52,40,6,36,13
52,40,6,37,12
52,40,6,38,2
52,40,6,39,26
52,40,6,40,11
52,40,7,1,25
52,40,7,2,27
52,40,7,3,29
52,40,7,4,37
52,40,7,5,3
52,40,7,6,17
52,40,7,7,23
52,40,7,8,26
52,40,7,9,24
52,40,7,10,30
52,40,7,11,13
52,40,7,12,34
52,40,7,13,39
52,40,7,14,10
52,40,7,15,11
52,40,7,16,22
52,40,7,17,20
52,40,7,18,16
52,40,7,19,21
52,40,7,20,33
52,40,7,21,5
52,40,7,22,6
52,40,7,23,38
52,40,7,24,28
52,40,7,25,14
52,40,7,26,12
52,40,7,27,36
52,40,7,28,40
52,40,7,29,9
52,40,7,30,19
52,40,7,31,8
52,40,7,32,31
52,40,7,33,15
52,40,7,34,7
52,40,7,35,2
52,40,7,36,4
52,40,7,37,18
52,40,7,38,1
52,40,7,39,32
52,40,7,40,35
52,40,8,1,15
52,40,8,2,23
52,40,8,3,30
52,40,8,4,11
52,40,8,5,13
52,40,8,6,21
52,40,8,7,12
52,40,8,8,31
52,40,8,9,25
52,40,8,10,17
52,40,8,11,8
52,40,8,12,3
52,40,8,13,22
52,40,8,14,2
52,40,8,15,16
52,40,8,16,39
52,40,8,17,33
52,40,8,18,36
52,40,8,19,20
52,40,8,20,34
52,40,8,21,5
52,40,8,22,6
52,40,8,23,19
52,40,8,24,24
52,40,8,25,4
52,40,8,26,38
52,40,8,27,37
52,40,8,28,7
52,40,8,29,9
52,40,8,30,18
52,40,8,31,14
52,40,8,32,28
52,40,8,33,10
52,40,8,34,35
52,40,8,35,40
52,40,8,36,26
52,40,8,37,27
52,40,8,38,32
52,40,8,39,1
52,40,8,40,29
52,40,9,1,16
52,40,9,2,27
52,40,9,3,15
52,40,9,4,26
52,40,9,5,10
52,40,9,6,30
52,40,9,7,35
52,40,9,8,33
52,40,9,9,7
52,40,9,10,11
52,40,9,11,29
52,40,9,12,20
52,40,9,13,6
52,40,9,14,25
52,40,9,15,1
52,40,9,16,24
52,40,9,17,40
52,40,9,18,17
52,40,9,19,37
52,40,9,20,21
52,40,9,21,12
52,40,9,22,39
52,40,9,23,38
52,40,9,24,3
52,40,9,25,9
52,40,9,26,22
52,40,9,27,31
52,40,9,28,8
52,40,9,29,4
52,40,9,30,28
52,40,9,31,36
52,40,9,32,32
52,40,9,33,19
52,40,9,34,23
52,40,9,35,13
52,40,9,36,14
52,40,9,37,2
52,40,9,38,18
52,40,9,39,5
52,40,9,40,34
53,40,1,1,34
53,40,1,2,40
53,40,1,3,39
53,40,1,4,2
53,40,1,5,26
53,40,1,6,13
53,40,1,7,11
53,40,1,8,25
53,40,1,9,29
53,40,1,10,35
53,40,1,11,12
53,40,1,12,6
53,40,1,13,32
53,40,1,14,20
53,40,1,15,8
53,40,1,16,10
53,40,1,17,16
53,40,1,18,17
53,40,1,19,28
53,40,1,20,15
53,40,1,21,19
53,40,1,22,23
53,40,1,23,7
53,40,1,24,24
53,40,1,25,27
53,40,1,26,37
53,40,1,27,18
53,40,1,28,22
53,40,1,29,33
53,40,1,30,9
53,40,1,31,21
53,40,1,32,1
53,40,1,33,14
53,40,1,34,31
53,40,1,35,30
53,40,1,36,4
53,40,1,37,5
53,40,1,38,36
53,40,1,39,38
53,40,1,40,3
53,40,2,1,23
53,40,2,2,20
53,40,2,3,35
53,40,2,4,12
53,40,2,5,17
53,40,2,6,6
53,40,2,7,31
53,40,2,8,27
53,40,2,9,19
53,40,2,10,13
53,40,2,11,1
53,40,2,12,30
53,40,2,13,16
53,40,2,14,37
53,40,2,15,2
53,40,2,16,14
53,40,2,17,26
53,40,2,18,5
53,40,2,19,36
53,40,2,20,34
53,40,2,21,25
53,40,2,22,15
53,40,2,23,33
53,40,2,24,10
53,40,2,25,29
53,40,2,26,39
53,40,2,27,3
53,40,2,28,28
53,40,2,29,8
53,40,2,30,40
53,40,2,31,24
53,40,2,32,22
53,40,2,33,38
53,40,2,34,11
53,40,2,35,32
53,40,2,36,18
53,40,2,37,7
53,40,2,38,9
53,40,2,39,21
53,40,2,40,4
53,40,3,1,28
53,40,3,2,34
53,40,3,3,13
53,40,3,4,12
53,40,3,5,4
53,40,3,6,22
53,40,3,7,39
53,40,3,8,36
53,40,3,9,40
53,40,3,10,37
53,40,3,11,17
53,40,3,12,1
53,40,3,13,23
53,40,3,14,15
53,40,3,15,16
53,40,3,16,25
53,40,3,17,9
53,40,3,18,3
53,40,3,19,18
53,40,3,20,2
53,40,3,21,30
53,40,3,22,6
53,40,3,23,27
53,40,3,24,24
53,40,3,25,31
53,40,3,26,14
53,40,3,27,26
53,40,3,28,38
53,40,3,29,20
53,40,3,30,32
53,40,3,31,10
53,40,3,32,33
53,40,3,33,8
53,40,3,34,7
53,40,3,35,5
53,40,3,36,19
53,40,3,37,29
53,40,3,38,21
53,40,3,39,35
53,40,3,40,11
53,40,4,1,11
53,40,4,2,5
53,40,4,3,17
53,40,4,4,21
53,40,4,5,28
53,40,4,6,13
53,40,4,7,14
53,40,4,8,4
53,40,4,9,31
53,40,4,10,2
53,40,4,11,12
53,40,4,12,24
53,40,4,13,1
53,40,4,14,29
53,40,4,15,18
53,40,4,16,34
53,40,4,17,23
53,40,4,18,38
53,40,4,19,9
53,40,4,20,15
53,40,4,21,27
53,40,4,22,22
53,40,4,23,8
53,40,4,24,36
53,40,4,25,19
53,40,4,26,33
53,40,4,27,35
53,40,4,28,3
53,40,4,29,40
53,40,4,30,32
53,40,4,31,16
53,40,4,32,20
53,40,4,33,7
53,40,4,34,6
53,40,4,35,30
53,40,4,36,26
53,40,4,37,10
53,40,4,38,39
53,40,4,39,25
53,40,4,40,37
53,40,5,1,10
53,40,5,2,14
53,40,5,3,29
53,40,5,4,37
53,40,5,5,12
53,40,5,6,34
53,40,5,7,11
53,40,5,8,17
53,40,5,9,22
53,40,5,10,35
53,40,5,11,18
53,40,5,12,6
53,40,5,13,23
53,40,5,14,19
53,40,5,15,39
53,40,5,16,30
53,40,5,17,40
53,40,5,18,15
53,40,5,19,38
53,40,5,20,25
53,40,5,21,24
53,40,5,22,2
53,40,5,23,36
53,40,5,24,5
53,40,5,25,27
53,40,5,26,9
53,40,5,27,20
53,40,5,28,13
53,40,5,29,33
53,40,5,30,4
53,40,5,31,28
53,40,5,32,16
53,40,5,33,31
53,40,5,34,7
53,40,5,35,21
53,40,5,36,3
53,40,5,37,8
53,40,5,38,26
53,40,5,39,32
53,40,5,40,1
53,40,6,1,1
53,40,6,2,27
53,40,6,3,36
53,40,6,4,5
53,40,6,5,14
53,40,6,6,31
53,40,6,7,15
53,40,6,8,4
53,40,6,9,17
53,40,6,10,20
53,40,6,11,22
53,40,6,12,34
53,40,6,13,16
53,40,6,14,10
53,40,6,15,38
53,40,6,16,35
53,40,6,17,40
53,40,6,18,28
53,40,6,19,6
53,40,6,20,29
53,40,6,21,3
53,40,6,22,23
53,40,6,23,32
53,40,6,24,7
53,40,6,25,25
53,40,6,26,39
53,40,6,27,30
53,40,6,28,11
53,40,6,29,26
53,40,6,30,2
53,40,6,31,12
53,40,6,32,13
53,40,6,33,24
53,40,6,34,33
53,40,6,35,19
53,40,6,36,21
53,40,6,37,37
53,40,6,38,9
53,40,6,39,18
53,40,6,40,8
53,40,7,1,35
53,40,7,2,32
53,40,7,3,1
53,40,7,4,18
53,40,7,5,4
53,40,7,6,2
53,40,7,7,7
53,40,7,8,15
53,40,7,9,31
53,40,7,10,8
53,40,7,11,19
53,40,7,12,9
53,40,7,13,36
53,40,7,14,12
53,40,7,15,14
53,40,7,16,28
53,40,7,17,38
53,40,7,18,16
53,40,7,19,20
53,40,7,20,22
53,40,7,21,6
53,40,7,22,40
53,40,7,23,11
53,40,7,24,34
53,40,7,25,30
53,40,7,26,13
53,40,7,27,24
53,40,7,28,39
53,40,7,29,10
53,40,7,30,26
53,40,7,31,25
53,40,7,32,27
53,40,7,33,29
53,40,7,34,37
53,40,7,35,3
53,40,7,36,17
53,40,7,37,23
53,40,7,38,5
53,40,7,39,33
53,40,7,40,21
53,40,8,1,8
53,40,8,2,3
53,40,8,3,22
53,40,8,4,6
53,40,8,5,19
53,40,8,6,39
53,40,8,7,5
53,40,8,8,33
53,40,8,9,34
53,40,8,10,20
53,40,8,11,37
53,40,8,12,24
53,40,8,13,4
53,40,8,14,38
53,40,8,15,7
53,40,8,16,9
53,40,8,17,18
53,40,8,18,35
53,40,8,19,10
53,40,8,20,28
53,40,8,21,14
53,40,8,22,26
53,40,8,23,40
53,40,8,24,27
53,40,8,25,32
53,40,8,26,36
53,40,8,27,16
53,40,8,28,12
53,40,8,29,21
53,40,8,30,13
53,40,8,31,11
53,40,8,32,1
53,40,8,33,29
53,40,8,34,30
53,40,8,35,15
53,40,8,36,23
53,40,8,37,31
53,40,8,38,2
53,40,8,39,25
53,40,8,40,17
53,40,9,1,27
53,40,9,2,16
53,40,9,3,34
53,40,9,4,5
53,40,9,5,18
53,40,9,6,36
53,40,9,7,28
53,40,9,8,4
53,40,9,9,22
53,40,9,10,8
53,40,9,11,31
53,40,9,12,9
53,40,9,13,3
53,40,9,14,38
53,40,9,15,39
53,40,9,16,12
53,40,9,17,21
53,40,9,18,37
53,40,9,19,40
53,40,9,20,24
53,40,9,21,17
53,40,9,22,1
53,40,9,23,25
53,40,9,24,6
53,40,9,25,20
53,40,9,26,29
53,40,9,27,11
53,40,9,28,7
53,40,9,29,33
53,40,9,30,35
53,40,9,31,30
53,40,9,32,10
53,40,9,33,26
53,40,9,34,15
53,40,9,35,14
53,40,9,36,13
53,40,9,37,23
53,40,9,38,19
53,40,9,39,32
53,40,9,40,2
54,40,1,1,40
54,40,1,2,39
54,40,1,3,2
54,40,1,4,26
54,40,1,5,13
54,40,1,6,11
54,40,1,7,25
54,40,1,8,20
54,40,1,9,32
54,40,1,10,6
54,40,1,11,35
54,40,1,12,29
54,40,1,13,12
54,40,1,14,8
54,40,1,15,27
54,40,1,16,10
54,40,1,17,16
54,40,1,18,17
54,40,1,19,28
54,40,1,20,15
54,40,1,21,19
54,40,1,22,23
54,40,1,23,7
54,40,1,24,18
54,40,1,25,24
54,40,1,26,37
54,40,1,27,22
54,40,1,28,33
54,40,1,29,1
54,40,1,30,9
54,40,1,31,21
54,40,1,32,14
54,40,1,33,38
54,40,1,34,36
54,40,1,35,5
54,40,1,36,30
54,40,1,37,31
54,40,1,38,4
54,40,1,39,3
54,40,1,40,34
54,40,2,1,25
54,40,2,2,34
54,40,2,3,39
54,40,2,4,15
54,40,2,5,33
54,40,2,6,10
54,40,2,7,29
54,40,2,8,28
54,40,2,9,24
54,40,2,10,22
54,40,2,11,11
54,40,2,12,38
54,40,2,13,7
54,40,2,14,18
54,40,2,15,9
54,40,2,16,21
54,40,2,17,32
54,40,2,18,40
54,40,2,19,4
54,40,2,20,23
54,40,2,21,20
54,40,2,22,12
54,40,2,23,6
54,40,2,24,35
54,40,2,25,17
54,40,2,26,13
54,40,2,27,1
54,40,2,28,8
54,40,2,29,30
54,40,2,30,19
54,40,2,31,27
54,40,2,32,31
54,40,2,33,16
54,40,2,34,37
54,40,2,35,2
54,40,2,36,14
54,40,2,37,3
54,40,2,38,5
54,40,2,39,26
54,40,2,40,36
54,40,3,1,7
54,40,3,2,29
54,40,3,3,19
54,40,3,4,21
54,40,3,5,35
54,40,3,6,11
54,40,3,7,34
54,40,3,8,28
54,40,3,9,39
54,40,3,10,13
54,40,3,11,22
54,40,3,12,12
54,40,3,13,4
54,40,3,14,36
54,40,3,15,40
54,40,3,16,37
54,40,3,17,17
54,40,3,18,1
54,40,3,19,23
54,40,3,20,15
54,40,3,21,25
54,40,3,22,16
54,40,3,23,9
54,40,3,24,3
54,40,3,25,30
54,40,3,26,18
54,40,3,27,2
54,40,3,28,6
54,40,3,29,27
54,40,3,30,24
54,40,3,31,31
54,40,3,32,14
54,40,3,33,26
54,40,3,34,38
54,40,3,35,10
54,40,3,36,20
54,40,3,37,32
54,40,3,38,33
54,40,3,39,8
54,40,3,40,5
54,40,4,1,35
54,40,4,2,40
54,40,4,3,37
54,40,4,4,11
54,40,4,5,25
54,40,4,6,26
54,40,4,7,10
54,40,4,8,39
54,40,4,9,30
54,40,4,10,16
54,40,4,11,6
54,40,4,12,7
54,40,4,13,20
54,40,4,14,32
54,40,4,15,33
54,40,4,16,19
54,40,4,17,36
54,40,4,18,8
54,40,4,19,22
54,40,4,20,27
54,40,4,21,15
54,40,4,22,9
54,40,4,23,38
54,40,4,24,23
54,40,4,25,34
54,40,4,26,29
54,40,4,27,24
54,40,4,28,31
54,40,4,29,4
54,40,4,30,21
54,40,4,31,17
54,40,4,32,28
54,40,4,33,14
54,40,4,34,13
54,40,4,35,5
54,40,4,36,2
54,40,4,37,12
54,40,4,38,1
54,40,4,39,18
54,40,4,40,3
54,40,5,1,18
54,40,5,2,19
54,40,5,3,39
54,40,5,4,30
54,40,5,5,40
54,40,5,6,2
54,40,5,7,36
54,40,5,8,5
54,40,5,9,15
54,40,5,10,24
54,40,5,11,25
54,40,5,12,38
54,40,5,13,27
54,40,5,14,9
54,40,5,15,20
54,40,5,16,33
54,40,5,17,13
54,40,5,18,4
54,40,5,19,10
54,40,5,20,28
54,40,5,21,16
54,40,5,22,31
54,40,5,23,7
54,40,5,24,21
54,40,5,25,3
54,40,5,26,8
54,40,5,27,26
54,40,5,28,32
54,40,5,29,1
54,40,5,30,14
54,40,5,31,29
54,40,5,32,37
54,40,5,33,12
54,40,5,34,17
54,40,5,35,22
54,40,5,36,34
54,40,5,37,11
54,40,5,38,35
54,40,5,39,23
54,40,5,40,6
54,40,6,1,7
54,40,6,2,30
54,40,6,3,39
54,40,6,4,25
54,40,6,5,32
54,40,6,6,23
54,40,6,7,3
54,40,6,8,29
54,40,6,9,40
54,40,6,10,35
54,40,6,11,38
54,40,6,12,22
54,40,6,13,34
54,40,6,14,20
54,40,6,15,17
54,40,6,16,4
54,40,6,17,16
54,40,6,18,15
54,40,6,19,10
54,40,6,20,28
54,40,6,21,6
54,40,6,22,31
54,40,6,23,14
54,40,6,24,9
54,40,6,25,18
54,40,6,26,5
54,40,6,27,36
54,40,6,28,27
54,40,6,29,1
54,40,6,30,8
54,40,6,31,37
54,40,6,32,21
54,40,6,33,19
54,40,6,34,33
54,40,6,35,13
54,40,6,36,12
54,40,6,37,2
54,40,6,38,24
54,40,6,39,26
54,40,6,40,11
54,40,7,1,3
54,40,7,2,37
54,40,7,3,29
54,40,7,4,27
54,40,7,5,25
54,40,7,6,26
54,40,7,7,10
54,40,7,8,39
54,40,7,9,24
54,40,7,10,13
54,40,7,11,30
54,40,7,12,34
54,40,7,13,11
54,40,7,14,40
54,40,7,15,6
54,40,7,16,22
54,40,7,17,20
54,40,7,18,16
54,40,7,19,21
54,40,7,20,38
54,40,7,21,28
54,40,7,22,14
54,40,7,23,12
54,40,7,24,36
54,40,7,25,9
54,40,7,26,19
54,40,7,27,8
54,40,7,28,31
54,40,7,29,15
54,40,7,30,7
54,40,7,31,2
54,40,7,32,4
54,40,7,33,18
54,40,7,34,1
54,40,7,35,32
54,40,7,36,35
54,40,7,37,17
54,40,7,38,23
54,40,7,39,5
54,40,7,40,33
54,40,8,1,2
54,40,8,2,22
54,40,8,3,3
54,40,8,4,8
54,40,8,5,17
54,40,8,6,25
54,40,8,7,31
54,40,8,8,16
54,40,8,9,12
54,40,8,10,13
54,40,8,11,21
54,40,8,12,36
54,40,8,13,11
54,40,8,14,23
54,40,8,15,30
54,40,8,16,15
54,40,8,17,29
54,40,8,18,1
54,40,8,19,32
54,40,8,20,27
54,40,8,21,14
54,40,8,22,26
54,40,8,23,40
54,40,8,24,35
54,40,8,25,10
54,40,8,26,28
54,40,8,27,18
54,40,8,28,9
54,40,8,29,37
54,40,8,30,7
54,40,8,31,38
54,40,8,32,4
54,40,8,33,24
54,40,8,34,19
54,40,8,35,6
54,40,8,36,5
54,40,8,37,39
54,40,8,38,33
54,40,8,39,34
54,40,8,40,20
54,40,9,1,27
54,40,9,2,16
54,40,9,3,34
54,40,9,4,5
54,40,9,5,18
54,40,9,6,2
54,40,9,7,13
54,40,9,8,14
54,40,9,9,23
54,40,9,10,19
54,40,9,11,32
54,40,9,12,36
54,40,9,13,28
54,40,9,14,4
54,40,9,15,22
54,40,9,16,8
54,40,9,17,31
54,40,9,18,9
54,40,9,19,3
54,40,9,20,38
54,40,9,21,39
54,40,9,22,12
54,40,9,23,21
54,40,9,24,37
54,40,9,25,40
54,40,9,26,24
54,40,9,27,17
54,40,9,28,1
54,40,9,29,25
54,40,9,30,6
54,40,9,31,20
54,40,9,32,11
54,40,9,33,7
54,40,9,34,33
54,40,9,35,35
54,40,9,36,29
54,40,9,37,15
54,40,9,38,10
54,40,9,39,30
54,40,9,40,26
55,40,1,1,12
55,40,1,2,6
55,40,1,3,32
55,40,1,4,20
55,40,1,5,8
55,40,1,6,16
55,40,1,7,17
55,40,1,8,10
55,40,1,9,27
55,40,1,10,37
55,40,1,11,24
55,40,1,12,18
55,40,1,13,15
55,40,1,14,28
55,40,1,15,19
55,40,1,16,7
55,40,1,17,23
55,40,1,18,22
55,40,1,19,33
55,40,1,20,9
55,40,1,21,21
55,40,1,22,1
55,40,1,23,14
55,40,1,24,38
55,40,1,25,36
55,40,1,26,3
55,40,1,27,5
55,40,1,28,30
55,40,1,29,4
55,40,1,30,31
55,40,1,31,34
55,40,1,32,40
55,40,1,33,39
55,40,1,34,2
55,40,1,35,26
55,40,1,36,13
55,40,1,37,11
55,40,1,38,25
55,40,1,39,29
55,40,1,40,35
55,40,2,1,18
55,40,2,2,7
55,40,2,3,9
55,40,2,4,21
55,40,2,5,23
55,40,2,6,20
55,40,2,7,12
55,40,2,8,6
55,40,2,9,17
55,40,2,10,35
55,40,2,11,31
55,40,2,12,27
55,40,2,13,19
55,40,2,14,13
55,40,2,15,1
55,40,2,16,4
55,40,2,17,40
55,40,2,18,8
55,40,2,19,30
55,40,2,20,16
55,40,2,21,37
55,40,2,22,2
55,40,2,23,14
55,40,2,24,3
55,40,2,25,28
55,40,2,26,24
55,40,2,27,32
55,40,2,28,11
55,40,2,29,39
55,40,2,30,5
55,40,2,31,26
55,40,2,32,34
55,40,2,33,36
55,40,2,34,25
55,40,2,35,15
55,40,2,36,33
55,40,2,37,10
55,40,2,38,29
55,40,2,39,22
55,40,2,40,38
55,40,3,1,7
55,40,3,2,29
55,40,3,3,21
55,40,3,4,28
55,40,3,5,34
55,40,3,6,39
55,40,3,7,13
55,40,3,8,22
55,40,3,9,12
55,40,3,10,4
55,40,3,11,36
55,40,3,12,40
55,40,3,13,37
55,40,3,14,17
55,40,3,15,1
55,40,3,16,23
55,40,3,17,15
55,40,3,18,16
55,40,3,19,25
55,40,3,20,9
55,40,3,21,3
55,40,3,22,18
55,40,3,23,2
55,40,3,24,30
55,40,3,25,6
55,40,3,26,27
55,40,3,27,24
55,40,3,28,31
55,40,3,29,14
55,40,3,30,26
55,40,3,31,38
55,40,3,32,20
55,40,3,33,32
55,40,3,34,10
55,40,3,35,11
55,40,3,36,35
55,40,3,37,19
55,40,3,38,5
55,40,3,39,8
55,40,3,40,33
55,40,4,1,27
55,40,4,2,9
55,40,4,3,38
55,40,4,4,15
55,40,4,5,23
55,40,4,6,34
55,40,4,7,29
55,40,4,8,24
55,40,4,9,31
55,40,4,10,4
55,40,4,11,17
55,40,4,12,21
55,40,4,13,28
55,40,4,14,14
55,40,4,15,13
55,40,4,16,5
55,40,4,17,2
55,40,4,18,12
55,40,4,19,1
55,40,4,20,18
55,40,4,21,40
55,40,4,22,37
55,40,4,23,11
55,40,4,24,25
55,40,4,25,26
55,40,4,26,10
55,40,4,27,30
55,40,4,28,39
55,40,4,29,16
55,40,4,30,32
55,40,4,31,20
55,40,4,32,6
55,40,4,33,7
55,40,4,34,19
55,40,4,35,33
55,40,4,36,3
55,40,4,37,35
55,40,4,38,36
55,40,4,39,8
55,40,4,40,22
55,40,5,1,18
55,40,5,2,6
55,40,5,3,19
55,40,5,4,23
55,40,5,5,39
55,40,5,6,30
55,40,5,7,2
55,40,5,8,40
55,40,5,9,15
55,40,5,10,24
55,40,5,11,25
55,40,5,12,38
55,40,5,13,27
55,40,5,14,9
55,40,5,15,20
55,40,5,16,33
55,40,5,17,13
55,40,5,18,4
55,40,5,19,16
55,40,5,20,31
55,40,5,21,7
55,40,5,22,21
55,40,5,23,3
55,40,5,24,8
55,40,5,25,26
55,40,5,26,28
55,40,5,27,32
55,40,5,28,1
55,40,5,29,29
55,40,5,30,14
55,40,5,31,10
55,40,5,32,5
55,40,5,33,36
55,40,5,34,37
55,40,5,35,12
55,40,5,36,17
55,40,5,37,22
55,40,5,38,34
55,40,5,39,11
55,40,5,40,35
55,40,6,1,12
55,40,6,2,13
55,40,6,3,8
55,40,6,4,1
55,40,6,5,27
55,40,6,6,36
55,40,6,7,5
55,40,6,8,18
55,40,6,9,9
55,40,6,10,37
55,40,6,11,19
55,40,6,12,21
55,40,6,13,33
55,40,6,14,24
55,40,6,15,23
55,40,6,16,3
55,40,6,17,29
55,40,6,18,40
55,40,6,19,6
55,40,6,20,31
55,40,6,21,14
55,40,6,22,28
55,40,6,23,10
55,40,6,24,16
55,40,6,25,15
55,40,6,26,4
55,40,6,27,17
55,40,6,28,20
55,40,6,29,22
55,40,6,30,34
55,40,6,31,38
55,40,6,32,35
55,40,6,33,32
55,40,6,34,25
55,40,6,35,39
55,40,6,36,30
55,40,6,37,7
55,40,6,38,11
55,40,6,39,26
55,40,6,40,2
55,40,7,1,25
55,40,7,2,26
55,40,7,3,24
55,40,7,4,13
55,40,7,5,30
55,40,7,6,34
55,40,7,7,11
55,40,7,8,40
55,40,7,9,9
55,40,7,10,19
55,40,7,11,8
55,40,7,12,36
55,40,7,13,12
55,40,7,14,31
55,40,7,15,15
55,40,7,16,7
55,40,7,17,2
55,40,7,18,1
55,40,7,19,32
55,40,7,20,35
55,40,7,21,18
55,40,7,22,4
55,40,7,23,14
55,40,7,24,28
55,40,7,25,38
55,40,7,26,6
55,40,7,27,22
55,40,7,28,20
55,40,7,29,16
55,40,7,30,39
55,40,7,31,10
55,40,7,32,21
55,40,7,33,33
55,40,7,34,5
55,40,7,35,23
55,40,7,36,17
55,40,7,37,37
55,40,7,38,29
55,40,7,39,27
55,40,7,40,3
55,40,8,1,15
55,40,8,2,23
55,40,8,3,13
55,40,8,4,12
55,40,8,5,31
55,40,8,6,25
55,40,8,7,17
55,40,8,8,8
55,40,8,9,3
55,40,8,10,2
55,40,8,11,22
55,40,8,12,16
55,40,8,13,36
55,40,8,14,20
55,40,8,15,34
55,40,8,16,33
55,40,8,17,5
55,40,8,18,39
55,40,8,19,6
55,40,8,20,19
55,40,8,21,24
55,40,8,22,4
55,40,8,23,38
55,40,8,24,37
55,40,8,25,7
55,40,8,26,9
55,40,8,27,18
55,40,8,28,14
55,40,8,29,28
55,40,8,30,10
55,40,8,31,35
55,40,8,32,40
55,40,8,33,26
55,40,8,34,27
55,40,8,35,32
55,40,8,36,21
55,40,8,37,11
55,40,8,38,1
55,40,8,39,30
55,40,8,40,29
55,40,9,1,30
55,40,9,2,10
55,40,9,3,26
55,40,9,4,15
55,40,9,5,27
55,40,9,6,16
55,40,9,7,34
55,40,9,8,5
55,40,9,9,18
55,40,9,10,2
55,40,9,11,23
55,40,9,12,13
55,40,9,13,14
55,40,9,14,19
55,40,9,15,32
55,40,9,16,36
55,40,9,17,28
55,40,9,18,4
55,40,9,19,8
55,40,9,20,22
55,40,9,21,31
55,40,9,22,9
55,40,9,23,3
55,40,9,24,38
55,40,9,25,39
55,40,9,26,12
55,40,9,27,21
55,40,9,28,37
55,40,9,29,40
55,40,9,30,24
55,40,9,31,1
55,40,9,32,17
55,40,9,33,25
55,40,9,34,6
55,40,9,35,20
55,40,9,36,29
55,40,9,37,35
55,40,9,38,33
55,40,9,39,11
55,40,9,40,7
56,40,1,1,40
56,40,1,2,39
56,40,1,3,2
56,40,1,4,26
56,40,1,5,29
56,40,1,6,35
56,40,1,7,12
56,40,1,8,6
56,40,1,9,32
56,40,1,10,20
56,40,1,11,25
56,40,1,12,13
56,40,1,13,11
56,40,1,14,8
56,40,1,15,16
56,40,1,16,17
56,40,1,17,10
56,40,1,18,27
56,40,1,19,37
56,40,1,20,24
56,40,1,21,18
56,40,1,22,15
56,40,1,23,28
56,40,1,24,19
56,40,1,25,7
56,40,1,26,23
56,40,1,27,22
56,40,1,28,33
56,40,1,29,9
56,40,1,30,21
56,40,1,31,1
56,40,1,32,14
56,40,1,33,31
56,40,1,34,30
56,40,1,35,5
56,40,1,36,36
56,40,1,37,38
56,40,1,38,3
56,40,1,39,4
56,40,1,40,34
56,40,2,1,36
56,40,2,2,26
56,40,2,3,5
56,40,2,4,14
56,40,2,5,2
56,40,2,6,37
56,40,2,7,16
56,40,2,8,30
56,40,2,9,27
56,40,2,10,31
56,40,2,11,19
56,40,2,12,17
56,40,2,13,35
56,40,2,14,12
56,40,2,15,6
56,40,2,16,13
56,40,2,17,1
56,40,2,18,20
56,40,2,19,23
56,40,2,20,4
56,40,2,21,8
56,40,2,22,3
56,40,2,23,40
56,40,2,24,28
56,40,2,25,24
56,40,2,26,32
56,40,2,27,21
56,40,2,28,9
56,40,2,29,7
56,40,2,30,11
56,40,2,31,18
56,40,2,32,38
56,40,2,33,22
56,40,2,34,29
56,40,2,35,39
56,40,2,36,10
56,40,2,37,33
56,40,2,38,34
56,40,2,39,15
56,40,2,40,25
56,40,3,1,1
56,40,3,2,37
56,40,3,3,17
56,40,3,4,40
56,40,3,5,36
56,40,3,6,4
56,40,3,7,12
56,40,3,8,22
56,40,3,9,13
56,40,3,10,39
56,40,3,11,28
56,40,3,12,34
56,40,3,13,11
56,40,3,14,35
56,40,3,15,21
56,40,3,16,29
56,40,3,17,19
56,40,3,18,5
56,40,3,19,8
56,40,3,20,7
56,40,3,21,33
56,40,3,22,10
56,40,3,23,32
56,40,3,24,20
56,40,3,25,38
56,40,3,26,26
56,40,3,27,14
56,40,3,28,31
56,40,3,29,24
56,40,3,30,27
56,40,3,31,6
56,40,3,32,9
56,40,3,33,25
56,40,3,34,23
56,40,3,35,15
56,40,3,36,16
56,40,3,37,3
56,40,3,38,2
56,40,3,39,18
56,40,3,40,30
56,40,4,1,27
56,40,4,2,15
56,40,4,3,9
56,40,4,4,38
56,40,4,5,23
56,40,4,6,34
56,40,4,7,29
56,40,4,8,24
56,40,4,9,31
56,40,4,10,21
56,40,4,11,17
56,40,4,12,28
56,40,4,13,4
56,40,4,14,14
56,40,4,15,13
56,40,4,16,5
56,40,4,17,2
56,40,4,18,12
56,40,4,19,1
56,40,4,20,18
56,40,4,21,8
56,40,4,22,22
56,40,4,23,36
56,40,4,24,19
56,40,4,25,33
56,40,4,26,3
56,40,4,27,35
56,40,4,28,40
56,40,4,29,11
56,40,4,30,37
56,40,4,31,25
56,40,4,32,26
56,40,4,33,10
56,40,4,34,30
56,40,4,35,39
56,40,4,36,16
56,40,4,37,20
56,40,4,38,32
56,40,4,39,6
56,40,4,40,7
56,40,5,1,39
56,40,5,2,30
56,40,5,3,40
56,40,5,4,15
56,40,5,5,38
56,40,5,6,25
56,40,5,7,24
56,40,5,8,2
56,40,5,9,27
56,40,5,10,9
56,40,5,11,20
56,40,5,12,13
56,40,5,13,33
56,40,5,14,31
56,40,5,15,7
56,40,5,16,21
56,40,5,17,3
56,40,5,18,8
56,40,5,19,26
56,40,5,20,16
56,40,5,21,28
56,40,5,22,4
56,40,5,23,5
56,40,5,24,32
56,40,5,25,1
56,40,5,26,36
56,40,5,27,10
56,40,5,28,14
56,40,5,29,29
56,40,5,30,37
56,40,5,31,12
56,40,5,32,17
56,40,5,33,22
56,40,5,34,34
56,40,5,35,11
56,40,5,36,35
56,40,5,37,23
56,40,5,38,6
56,40,5,39,19
56,40,5,40,18
56,40,6,1,13
56,40,6,2,12
56,40,6,3,2
56,40,6,4,26
56,40,6,5,11
56,40,6,6,30
56,40,6,7,39
56,40,6,8,25
56,40,6,9,7
56,40,6,10,24
56,40,6,11,32
56,40,6,12,33
56,40,6,13,23
56,40,6,14,19
56,40,6,15,21
56,40,6,16,37
56,40,6,17,3
56,40,6,18,35
56,40,6,19,22
56,40,6,20,20
56,40,6,21,17
56,40,6,22,4
56,40,6,23,34
56,40,6,24,38
56,40,6,25,16
56,40,6,26,15
56,40,6,27,10
56,40,6,28,28
56,40,6,29,40
56,40,6,30,29
56,40,6,31,6
56,40,6,32,9
56,40,6,33,18
56,40,6,34,31
56,40,6,35,14
56,40,6,36,5
56,40,6,37,36
56,40,6,38,27
56,40,6,39,1
56,40,6,40,8
56,40,7,1,34
56,40,7,2,11
56,40,7,3,40
56,40,7,4,19
56,40,7,5,8
56,40,7,6,9
56,40,7,7,36
56,40,7,8,12
56,40,7,9,31
56,40,7,10,15
56,40,7,11,7
56,40,7,12,2
56,40,7,13,14
56,40,7,14,6
56,40,7,15,22
56,40,7,16,20
56,40,7,17,16
56,40,7,18,38
56,40,7,19,28
56,40,7,20,4
56,40,7,21,1
56,40,7,22,32
56,40,7,23,35
56,40,7,24,18
56,40,7,25,21
56,40,7,26,33
56,40,7,27,5
56,40,7,28,23
56,40,7,29,17
56,40,7,30,10
56,40,7,31,39
56,40,7,32,13
56,40,7,33,37
56,40,7,34,29
56,40,7,35,3
56,40,7,36,27
56,40,7,37,25
56,40,7,38,26
56,40,7,39,24
56,40,7,40,30
56,40,8,1,17
56,40,8,2,8
56,40,8,3,6
56,40,8,4,19
56,40,8,5,3
56,40,8,6,22
56,40,8,7,39
56,40,8,8,24
56,40,8,9,4
56,40,8,10,38
56,40,8,11,5
56,40,8,12,7
56,40,8,13,37
56,40,8,14,33
56,40,8,15,34
56,40,8,16,20
56,40,8,17,16
56,40,8,18,2
56,40,8,19,25
56,40,8,20,31
56,40,8,21,12
56,40,8,22,36
56,40,8,23,9
56,40,8,24,18
56,40,8,25,14
56,40,8,26,28
56,40,8,27,35
56,40,8,28,10
56,40,8,29,26
56,40,8,30,40
56,40,8,31,27
56,40,8,32,32
56,40,8,33,21
56,40,8,34,13
56,40,8,35,11
56,40,8,36,1
56,40,8,37,29
56,40,8,38,15
56,40,8,39,30
56,40,8,40,23
56,40,9,1,27
56,40,9,2,16
56,40,9,3,34
56,40,9,4,5
56,40,9,5,18
56,40,9,6,36
56,40,9,7,28
56,40,9,8,4
56,40,9,9,22
56,40,9,10,9
56,40,9,11,31
56,40,9,12,8
56,40,9,13,32
56,40,9,14,19
56,40,9,15,2
56,40,9,16,23
56,40,9,17,13
56,40,9,18,14
56,40,9,19,39
56,40,9,20,38
56,40,9,21,3
56,40,9,22,12
56,40,9,23,21
56,40,9,24,37
56,40,9,25,40
56,40,9,26,24
56,40,9,27,17
56,40,9,28,1
56,40,9,29,25
56,40,9,30,6
56,40,9,31,20
56,40,9,32,29
56,40,9,33,11
56,40,9,34,7
56,40,9,35,33
56,40,9,36,35
56,40,9,37,30
56,40,9,38,10
56,40,9,39,26
56,40,9,40,15
57,40,1,1,36
57,40,1,2,14
57,40,1,3,1
57,40,1,4,21
57,40,1,5,9
57,40,1,6,22
57,40,1,7,33
57,40,1,8,7
57,40,1,9,23
57,40,1,10,19
57,40,1,11,15
57,40,1,12,28
57,40,1,13,17
57,40,1,14,16
57,40,1,15,8
57,40,1,16,6
57,40,1,17,12
57,40,1,18,35
57,40,1,19,29
57,40,1,20,32
57,40,1,21,20
57,40,1,22,25
57,40,1,23,10
57,40,1,24,24
57,40,1,25,18
57,40,1,26,37
57,40,1,27,27
57,40,1,28,11
57,40,1,29,13
57,40,1,30,26
57,40,1,31,2
57,40,1,32,39
57,40,1,33,40
57,40,1,34,34
57,40,1,35,31
57,40,1,36,4
57,40,1,37,5
57,40,1,38,30
57,40,1,39,3
57,40,1,40,38
57,40,2,1,28
57,40,2,2,39
57,40,2,3,3
57,40,2,4,5
57,40,2,5,34
57,40,2,6,25
57,40,2,7,36
57,40,2,8,26
57,40,2,9,14
57,40,2,10,2
57,40,2,11,37
57,40,2,12,16
57,40,2,13,30
57,40,2,14,31
57,40,2,15,27
57,40,2,16,35
57,40,2,17,17
57,40,2,18,19
57,40,2,19,13
57,40,2,20,1
57,40,2,21,6
57,40,2,22,12
57,40,2,23,20
57,40,2,24,23
57,40,2,25,4
57,40,2,26,8
57,40,2,27,40
57,40,2,28,24
57,40,2,29,32
57,40,2,30,21
57,40,2,31,9
57,40,2,32,7
57,40,2,33,18
57,40,2,34,38
57,40,2,35,11
57,40,2,36,22
57,40,2,37,29
57,40,2,38,10
57,40,2,39,33
57,40,2,40,15
57,40,3,1,30
57,40,3,2,18
57,40,3,3,2
57,40,3,4,3
57,40,3,5,16
57,40,3,6,15
57,40,3,7,1
57,40,3,8,37
57,40,3,9,17
57,40,3,10,40
57,40,3,11,36
57,40,3,12,4
57,40,3,13,12
57,40,3,14,22
57,40,3,15,23
57,40,3,16,39
57,40,3,17,13
57,40,3,18,28
57,40,3,19,34
57,40,3,20,11
57,40,3,21,35
57,40,3,22,21
57,40,3,23,29
57,40,3,24,19
57,40,3,25,5
57,40,3,26,8
57,40,3,27,7
57,40,3,28,33
57,40,3,29,32
57,40,3,30,10
57,40,3,31,20
57,40,3,32,38
57,40,3,33,26
57,40,3,34,14
57,40,3,35,31
57,40,3,36,24
57,40,3,37,27
57,40,3,38,6
57,40,3,39,9
57,40,3,40,25
57,40,4,1,35
57,40,4,2,36
57,40,4,3,8
57,40,4,4,22
57,40,4,5,15
57,40,4,6,27
57,40,4,7,9
57,40,4,8,38
57,40,4,9,23
57,40,4,10,34
57,40,4,11,18
57,40,4,12,29
57,40,4,13,24
57,40,4,14,31
57,40,4,15,21
57,40,4,16,17
57,40,4,17,28
57,40,4,18,4
57,40,4,19,14
57,40,4,20,13
57,40,4,21,5
57,40,4,22,2
57,40,4,23,12
57,40,4,24,1
57,40,4,25,40
57,40,4,26,37
57,40,4,27,11
57,40,4,28,25
57,40,4,29,26
57,40,4,30,10
57,40,4,31,39
57,40,4,32,30
57,40,4,33,16
57,40,4,34,20
57,40,4,35,6
57,40,4,36,7
57,40,4,37,32
57,40,4,38,33
57,40,4,39,19
57,40,4,40,3
57,40,5,1,27
57,40,5,2,2
57,40,5,3,24
57,40,5,4,25
57,40,5,5,38
57,40,5,6,15
57,40,5,7,40
57,40,5,8,30
57,40,5,9,39
57,40,5,10,19
57,40,5,11,18
57,40,5,12,6
57,40,5,13,23
57,40,5,14,35
57,40,5,15,11
57,40,5,16,34
57,40,5,17,22
57,40,5,18,17
57,40,5,19,12
57,40,5,20,37
57,40,5,21,29
57,40,5,22,14
57,40,5,23,10
57,40,5,24,32
57,40,5,25,1
57,40,5,26,26
57,40,5,27,8
57,40,5,28,3
57,40,5,29,21
57,40,5,30,7
57,40,5,31,31
57,40,5,32,16
57,40,5,33,33
57,40,5,34,20
57,40,5,35,13
57,40,5,36,4
57,40,5,37,28
57,40,5,38,9
57,40,5,39,5
57,40,5,40,36
57,40,6,1,31
57,40,6,2,6
57,40,6,3,28
57,40,6,4,10
57,40,6,5,15
57,40,6,6,16
57,40,6,7,4
57,40,6,8,17
57,40,6,9,20
57,40,6,10,34
57,40,6,11,22
57,40,6,12,38
57,40,6,13,35
57,40,6,14,40
57,40,6,15,3
57,40,6,16,23
57,40,6,17,32
57,40,6,18,25
57,40,6,19,39
57,40,6,20,30
57,40,6,21,7
57,40,6,22,11
57,40,6,23,26
57,40,6,24,2
57,40,6,25,12
57,40,6,26,13
57,40,6,27,24
57,40,6,28,33
57,40,6,29,19
57,40,6,30,21
57,40,6,31,37
57,40,6,32,29
57,40,6,33,9
57,40,6,34,18
57,40,6,35,8
57,40,6,36,1
57,40,6,37,27
57,40,6,38,36
57,40,6,39,5
57,40,6,40,14
57,40,7,1,21
57,40,7,2,38
57,40,7,3,28
57,40,7,4,14
57,40,7,5,12
57,40,7,6,36
57,40,7,7,9
57,40,7,8,19
57,40,7,9,8
57,40,7,10,31
57,40,7,11,15
57,40,7,12,7
57,40,7,13,2
57,40,7,14,4
57,40,7,15,18
57,40,7,16,1
57,40,7,17,32
57,40,7,18,35
57,40,7,19,17
57,40,7,20,23
57,40,7,21,5
57,40,7,22,33
57,40,7,23,37
57,40,7,24,29
57,40,7,25,3
57,40,7,26,27
57,40,7,27,25
57,40,7,28,26
57,40,7,29,24
57,40,7,30,30
57,40,7,31,13
57,40,7,32,34
57,40,7,33,11
57,40,7,34,40
57,40,7,35,6
57,40,7,36,22
57,40,7,37,20
57,40,7,38,16
57,40,7,39,39
57,40,7,40,10
57,40,8,1,1
57,40,8,2,30
57,40,8,3,11
57,40,8,4,32
57,40,8,5,27
57,40,8,6,40
57,40,8,7,26
57,40,8,8,14
57,40,8,9,28
57,40,8,10,10
57,40,8,11,35
57,40,8,12,18
57,40,8,13,9
57,40,8,14,7
57,40,8,15,38
57,40,8,16,4
57,40,8,17,24
57,40,8,18,19
57,40,8,19,6
57,40,8,20,39
57,40,8,21,5
57,40,8,22,37
57,40,8,23,33
57,40,8,24,34
57,40,8,25,20
57,40,8,26,36
57,40,8,27,21
57,40,8,28,13
57,40,8,29,12
57,40,8,30,16
57,40,8,31,2
57,40,8,32,22
57,40,8,33,3
57,40,8,34,8
57,40,8,35,17
57,40,8,36,25
57,40,8,37,31
57,40,8,38,23
57,40,8,39,15
57,40,8,40,29
57,40,9,1,7
57,40,9,2,33
57,40,9,3,11
57,40,9,4,29
57,40,9,5,35
57,40,9,6,20
57,40,9,7,6
57,40,9,8,25
57,40,9,9,17
57,40,9,10,1
57,40,9,11,24
57,40,9,12,40
57,40,9,13,37
57,40,9,14,21
57,40,9,15,12
57,40,9,16,39
57,40,9,17,38
57,40,9,18,3
57,40,9,19,9
57,40,9,20,31
57,40,9,21,8
57,40,9,22,22
57,40,9,23,4
57,40,9,24,36
57,40,9,25,28
57,40,9,26,32
57,40,9,27,18
57,40,9,28,5
57,40,9,29,19
57,40,9,30,2
57,40,9,31,34
57,40,9,32,16
57,40,9,33,27
57,40,9,34,23
57,40,9,35,13
57,40,9,36,14
57,40,9,37,15
57,40,9,38,26
57,40,9,39,10
57,40,9,40,30
58,40,1,1,12
58,40,1,2,35
58,40,1,3,29
58,40,1,4,25
58,40,1,5,26
58,40,1,6,2
58,40,1,7,39
58,40,1,8,40
58,40,1,9,34
58,40,1,10,4
58,40,1,11,3
58,40,1,12,38
58,40,1,13,36
58,40,1,14,5
58,40,1,15,30
58,40,1,16,31
58,40,1,17,14
58,40,1,18,1
58,40,1,19,21
58,40,1,20,9
58,40,1,21,33
58,40,1,22,22
58,40,1,23,23
58,40,1,24,19
58,40,1,25,28
58,40,1,26,17
58,40,1,27,15
58,40,1,28,7
58,40,1,29,18
58,40,1,30,24
58,40,1,31,37
58,40,1,32,27
58,40,1,33,13
58,40,1,34,11
58,40,1,35,10
58,40,1,36,16
58,40,1,37,8
58,40,1,38,20
58,40,1,39,32
58,40,1,40,6
58,40,2,1,18
58,40,2,2,38
58,40,2,3,22
58,40,2,4,29
58,40,2,5,10
58,40,2,6,33
58,40,2,7,15
58,40,2,8,25
58,40,2,9,36
58,40,2,10,34
58,40,2,11,39
58,40,2,12,3
58,40,2,13,5
58,40,2,14,26
58,40,2,15,14
58,40,2,16,2
58,40,2,17,37
58,40,2,18,16
58,40,2,19,30
58,40,2,20,31
58,40,2,21,27
58,40,2,22,35
58,40,2,23,17
58,40,2,24,19
58,40,2,25,1
58,40,2,26,13
58,40,2,27,6
58,40,2,28,12
58,40,2,29,20
58,40,2,30,23
58,40,2,31,4
58,40,2,32,8
58,40,2,33,28
58,40,2,34,24
58,40,2,35,40
58,40,2,36,21
58,40,2,37,9
58,40,2,38,32
58,40,2,39,11
58,40,2,40,7
58,40,3,1,7
58,40,3,2,33
58,40,3,3,8
58,40,3,4,5
58,40,3,5,19
58,40,3,6,29
58,40,3,7,21
58,40,3,8,35
58,40,3,9,11
58,40,3,10,34
58,40,3,11,28
58,40,3,12,13
58,40,3,13,39
58,40,3,14,22
58,40,3,15,12
58,40,3,16,4
58,40,3,17,36
58,40,3,18,17
58,40,3,19,40
58,40,3,20,37
58,40,3,21,1
58,40,3,22,23
58,40,3,23,15
58,40,3,24,16
58,40,3,25,3
58,40,3,26,30
58,40,3,27,18
58,40,3,28,2
58,40,3,29,6
58,40,3,30,27
58,40,3,31,24
58,40,3,32,31
58,40,3,33,9
58,40,3,34,25
58,40,3,35,14
58,40,3,36,26
58,40,3,37,10
58,40,3,38,38
58,40,3,39,20
58,40,3,40,32
58,40,4,1,11
58,40,4,2,25
58,40,4,3,39
58,40,4,4,10
58,40,4,5,26
58,40,4,6,30
58,40,4,7,6
58,40,4,8,7
58,40,4,9,20
58,40,4,10,16
58,40,4,11,32
58,40,4,12,33
58,40,4,13,19
58,40,4,14,36
58,40,4,15,8
58,40,4,16,22
58,40,4,17,27
58,40,4,18,9
58,40,4,19,38
58,40,4,20,15
58,40,4,21,23
58,40,4,22,34
58,40,4,23,18
58,40,4,24,35
58,40,4,25,3
58,40,4,26,40
58,40,4,27,1
58,40,4,28,29
58,40,4,29,24
58,40,4,30,31
58,40,4,31,12
58,40,4,32,2
58,40,4,33,14
58,40,4,34,4
58,40,4,35,21
58,40,4,36,17
58,40,4,37,28
58,40,4,38,13
58,40,4,39,5
58,40,4,40,37
58,40,5,1,18
58,40,5,2,35
58,40,5,3,23
58,40,5,4,6
58,40,5,5,19
58,40,5,6,39
58,40,5,7,30
58,40,5,8,2
58,40,5,9,40
58,40,5,10,15
58,40,5,11,38
58,40,5,12,25
58,40,5,13,24
58,40,5,14,27
58,40,5,15,9
58,40,5,16,20
58,40,5,17,7
58,40,5,18,21
58,40,5,19,3
58,40,5,20,8
58,40,5,21,31
58,40,5,22,33
58,40,5,23,13
58,40,5,24,4
58,40,5,25,16
58,40,5,26,28
58,40,5,27,26
58,40,5,28,32
58,40,5,29,5
58,40,5,30,36
58,40,5,31,10
58,40,5,32,1
58,40,5,33,14
58,40,5,34,29
58,40,5,35,37
58,40,5,36,12
58,40,5,37,17
58,40,5,38,22
58,40,5,39,34
58,40,5,40,11
58,40,6,1,14
58,40,6,2,5
58,40,6,3,36
58,40,6,4,27
58,40,6,5,1
58,40,6,6,8
58,40,6,7,12
58,40,6,8,13
58,40,6,9,2
58,40,6,10,26
58,40,6,11,11
58,40,6,12,24
58,40,6,13,33
58,40,6,14,19
58,40,6,15,21
58,40,6,16,37
58,40,6,17,29
58,40,6,18,3
58,40,6,19,23
58,40,6,20,32
58,40,6,21,7
58,40,6,22,30
58,40,6,23,39
58,40,6,24,25
58,40,6,25,22
58,40,6,26,20
58,40,6,27,17
58,40,6,28,4
58,40,6,29,34
58,40,6,30,38
58,40,6,31,35
58,40,6,32,40
58,40,6,33,6
58,40,6,34,28
58,40,6,35,10
58,40,6,36,16
58,40,6,37,15
58,40,6,38,31
58,40,6,39,9
58,40,6,40,18
58,40,7,1,17
58,40,7,2,23
58,40,7,3,3
58,40,7,4,37
58,40,7,5,29
58,40,7,6,27
58,40,7,7,25
58,40,7,8,26
58,40,7,9,24
58,40,7,10,30
58,40,7,11,13
58,40,7,12,34
58,40,7,13,11
58,40,7,14,40
58,40,7,15,19
58,40,7,16,8
58,40,7,17,9
58,40,7,18,36
58,40,7,19,6
58,40,7,20,22
58,40,7,21,39
58,40,7,22,10
58,40,7,23,20
58,40,7,24,16
58,40,7,25,5
58,40,7,26,33
58,40,7,27,21
58,40,7,28,38
58,40,7,29,28
58,40,7,30,14
58,40,7,31,12
58,40,7,32,31
58,40,7,33,15
58,40,7,34,7
58,40,7,35,2
58,40,7,36,4
58,40,7,37,18
58,40,7,38,1
58,40,7,39,32
58,40,7,40,35
58,40,8,1,27
58,40,8,2,32
58,40,8,3,11
58,40,8,4,1
58,40,8,5,29
58,40,8,6,15
58,40,8,7,30
58,40,8,8,23
58,40,8,9,13
58,40,8,10,12
58,40,8,11,31
58,40,8,12,25
58,40,8,13,17
58,40,8,14,8
58,40,8,15,3
58,40,8,16,22
58,40,8,17,2
58,40,8,18,16
58,40,8,19,21
58,40,8,20,36
58,40,8,21,20
58,40,8,22,34
58,40,8,23,33
58,40,8,24,39
58,40,8,25,6
58,40,8,26,19
58,40,8,27,24
58,40,8,28,5
58,40,8,29,4
58,40,8,30,38
58,40,8,31,37
58,40,8,32,7
58,40,8,33,9
58,40,8,34,18
58,40,8,35,14
58,40,8,36,28
58,40,8,37,10
58,40,8,38,35
58,40,8,39,40
58,40,8,40,26
58,40,9,1,16
58,40,9,2,34
58,40,9,3,5
58,40,9,4,18
58,40,9,5,36
58,40,9,6,28
58,40,9,7,22
58,40,9,8,9
58,40,9,9,31
58,40,9,10,8
58,40,9,11,4
58,40,9,12,32
58,40,9,13,19
58,40,9,14,2
58,40,9,15,14
58,40,9,16,13
58,40,9,17,23
58,40,9,18,39
58,40,9,19,38
58,40,9,20,3
58,40,9,21,12
58,40,9,22,21
58,40,9,23,37
58,40,9,24,40
58,40,9,25,24
58,40,9,26,17
58,40,9,27,1
58,40,9,28,25
58,40,9,29,6
58,40,9,30,20
58,40,9,31,11
58,40,9,32,7
58,40,9,33,30
58,40,9,34,10
58,40,9,35,33
58,40,9,36,35
58,40,9,37,29
58,40,9,38,26
58,40,9,39,15
58,40,9,40,27
59,40,1,1,28
59,40,1,2,19
59,40,1,3,23
59,40,1,4,7
59,40,1,5,18
59,40,1,6,33
59,40,1,7,22
59,40,1,8,1
59,40,1,9,14
59,40,1,10,38
59,40,1,11,3
59,40,1,12,36
59,40,1,13,5
59,40,1,14,30
59,40,1,15,4
59,40,1,16,31
59,40,1,17,34
59,40,1,18,40
59,40,1,19,39
59,40,1,20,2
59,40,1,21,26
59,40,1,22,13
59,40,1,23,11
59,40,1,24,25
59,40,1,25,29
59,40,1,26,35
59,40,1,27,12
59,40,1,28,6
59,40,1,29,32
59,40,1,30,20
59,40,1,31,8
59,40,1,32,10
59,40,1,33,27
59,40,1,34,9
59,40,1,35,21
59,40,1,36,37
59,40,1,37,24
59,40,1,38,15
59,40,1,39,16
59,40,1,40,17
59,40,2,1,25
59,40,2,2,34
59,40,2,3,36
59,40,2,4,26
59,40,2,5,5
59,40,2,6,14
59,40,2,7,2
59,40,2,8,37
59,40,2,9,16
59,40,2,10,30
59,40,2,11,27
59,40,2,12,31
59,40,2,13,17
59,40,2,14,35
59,40,2,15,12
59,40,2,16,6
59,40,2,17,19
59,40,2,18,13
59,40,2,19,1
59,40,2,20,3
59,40,2,21,8
59,40,2,22,28
59,40,2,23,39
59,40,2,24,24
59,40,2,25,40
59,40,2,26,4
59,40,2,27,23
59,40,2,28,20
59,40,2,29,9
59,40,2,30,18
59,40,2,31,7
59,40,2,32,21
59,40,2,33,32
59,40,2,34,11
59,40,2,35,38
59,40,2,36,22
59,40,2,37,29
59,40,2,38,10
59,40,2,39,33
59,40,2,40,15
59,40,3,1,15
59,40,3,2,23
59,40,3,3,1
59,40,3,4,17
59,40,3,5,37
59,40,3,6,40
59,40,3,7,36
59,40,3,8,4
59,40,3,9,12
59,40,3,10,22
59,40,3,11,39
59,40,3,12,13
59,40,3,13,34
59,40,3,14,28
59,40,3,15,11
59,40,3,16,35
59,40,3,17,21
59,40,3,18,29
59,40,3,19,7
59,40,3,20,19
59,40,3,21,5
59,40,3,22,8
59,40,3,23,33
59,40,3,24,32
59,40,3,25,20
59,40,3,26,10
59,40,3,27,38
59,40,3,28,26
59,40,3,29,14
59,40,3,30,31
59,40,3,31,24
59,40,3,32,27
59,40,3,33,6
59,40,3,34,9
59,40,3,35,25
59,40,3,36,2
59,40,3,37,30
59,40,3,38,18
59,40,3,39,3
59,40,3,40,16
59,40,4,1,21
59,40,4,2,17
59,40,4,3,28
59,40,4,4,4
59,40,4,5,14
59,40,4,6,13
59,40,4,7,5
59,40,4,8,2
59,40,4,9,12
59,40,4,10,1
59,40,4,11,40
59,40,4,12,37
59,40,4,13,25
59,40,4,14,11
59,40,4,15,39
59,40,4,16,10
59,40,4,17,26
59,40,4,18,30
59,40,4,19,6
59,40,4,20,7
59,40,4,21,20
59,40,4,22,32
59,40,4,23,16
59,40,4,24,33
59,40,4,25,19
59,40,4,26,27
59,40,4,27,36
59,40,4,28,3
59,40,4,29,35
59,40,4,30,8
59,40,4,31,22
59,40,4,32,15
59,40,4,33,9
59,40,4,34,38
59,40,4,35,23
59,40,4,36,34
59,40,4,37,18
59,40,4,38,29
59,40,4,39,24
59,40,4,40,31
59,40,5,1,13
59,40,5,2,9
59,40,5,3,27
59,40,5,4,25
59,40,5,5,38
59,40,5,6,24
59,40,5,7,15
59,40,5,8,40
59,40,5,9,2
59,40,5,10,30
59,40,5,11,39
59,40,5,12,18
59,40,5,13,19
59,40,5,14,6
59,40,5,15,23
59,40,5,16,35
59,40,5,17,22
59,40,5,18,17
59,40,5,19,12
59,40,5,20,37
59,40,5,21,34
59,40,5,22,11
59,40,5,23,29
59,40,5,24,14
59,40,5,25,10
59,40,5,26,36
59,40,5,27,5
59,40,5,28,4
59,40,5,29,28
59,40,5,30,32
59,40,5,31,1
59,40,5,32,3
59,40,5,33,21
59,40,5,34,8
59,40,5,35,26
59,40,5,36,16
59,40,5,37,31
59,40,5,38,7
59,40,5,39,20
59,40,5,40,33
59,40,6,1,14
59,40,6,2,5
59,40,6,3,36
59,40,6,4,27
59,40,6,5,1
59,40,6,6,8
59,40,6,7,18
59,40,6,8,9
59,40,6,9,21
59,40,6,10,13
59,40,6,11,12
59,40,6,12,2
59,40,6,13,26
59,40,6,14,11
59,40,6,15,30
59,40,6,16,39
59,40,6,17,25
59,40,6,18,17
59,40,6,19,4
59,40,6,20,20
59,40,6,21,15
59,40,6,22,16
59,40,6,23,34
59,40,6,24,22
59,40,6,25,38
59,40,6,26,10
59,40,6,27,28
59,40,6,28,35
59,40,6,29,32
59,40,6,30,7
59,40,6,31,24
59,40,6,32,33
59,40,6,33,23
59,40,6,34,19
59,40,6,35,37
59,40,6,36,3
59,40,6,37,29
59,40,6,38,40
59,40,6,39,6
59,40,6,40,31
59,40,7,1,9
59,40,7,2,36
59,40,7,3,19
59,40,7,4,8
59,40,7,5,31
59,40,7,6,12
59,40,7,7,14
59,40,7,8,7
59,40,7,9,15
59,40,7,10,2
59,40,7,11,1
59,40,7,12,32
59,40,7,13,35
59,40,7,14,17
59,40,7,15,18
59,40,7,16,4
59,40,7,17,23
59,40,7,18,5
59,40,7,19,3
59,40,7,20,37
59,40,7,21,29
59,40,7,22,27
59,40,7,23,25
59,40,7,24,26
59,40,7,25,24
59,40,7,26,30
59,40,7,27,13
59,40,7,28,39
59,40,7,29,10
59,40,7,30,33
59,40,7,31,21
59,40,7,32,38
59,40,7,33,28
59,40,7,34,6
59,40,7,35,16
59,40,7,36,20
59,40,7,37,22
59,40,7,38,34
59,40,7,39,11
59,40,7,40,40
59,40,8,1,20
59,40,8,2,34
59,40,8,3,33
59,40,8,4,37
59,40,8,5,5
59,40,8,6,38
59,40,8,7,4
59,40,8,8,24
59,40,8,9,19
59,40,8,10,6
59,40,8,11,39
59,40,8,12,16
59,40,8,13,2
59,40,8,14,22
59,40,8,15,3
59,40,8,16,8
59,40,8,17,17
59,40,8,18,25
59,40,8,19,31
59,40,8,20,12
59,40,8,21,21
59,40,8,22,13
59,40,8,23,23
59,40,8,24,30
59,40,8,25,15
59,40,8,26,29
59,40,8,27,1
59,40,8,28,11
59,40,8,29,32
59,40,8,30,27
59,40,8,31,40
59,40,8,32,35
59,40,8,33,10
59,40,8,34,26
59,40,8,35,28
59,40,8,36,14
59,40,8,37,18
59,40,8,38,7
59,40,8,39,9
59,40,8,40,36
59,40,9,1,13
59,40,9,2,14
59,40,9,3,39
59,40,9,4,12
59,40,9,5,21
59,40,9,6,37
59,40,9,7,40
59,40,9,8,24
59,40,9,9,1
59,40,9,10,17
59,40,9,11,25
59,40,9,12,6
59,40,9,13,2
59,40,9,14,20
59,40,9,15,29
59,40,9,16,11
59,40,9,17,7
59,40,9,18,33
59,40,9,19,35
59,40,9,20,30
59,40,9,21,10
59,40,9,22,26
59,40,9,23,15
59,40,9,24,27
59,40,9,25,16
59,40,9,26,34
59,40,9,27,5
59,40,9,28,18
59,40,9,29,36
59,40,9,30,28
59,40,9,31,4
59,40,9,32,8
59,40,9,33,22
59,40,9,34,9
59,40,9,35,31
59,40,9,36,32
59,40,9,37,3
59,40,9,38,38
59,40,9,39,19
59,40,9,40,23
60,40,1,1,34
60,40,1,2,4
60,40,1,3,3
60,40,1,4,38
60,40,1,5,36
60,40,1,6,5
60,40,1,7,30
60,40,1,8,31
60,40,1,9,14
60,40,1,10,1
60,40,1,11,21
60,40,1,12,9
60,40,1,13,33
60,40,1,14,22
60,40,1,15,18
60,40,1,16,37
60,40,1,17,24
60,40,1,18,15
60,40,1,19,7
60,40,1,20,23
60,40,1,21,19
60,40,1,22,28
60,40,1,23,17
60,40,1,24,16
60,40,1,25,8
60,40,1,26,10
60,40,1,27,27
60,40,1,28,11
60,40,1,29,20
60,40,1,30,32
60,40,1,31,6
60,40,1,32,12
60,40,1,33,35
60,40,1,34,29
60,40,1,35,25
60,40,1,36,13
60,40,1,37,26
60,40,1,38,2
60,40,1,39,39
60,40,1,40,40
60,40,2,1,15
60,40,2,2,25
60,40,2,3,34
60,40,2,4,36
60,40,2,5,26
60,40,2,6,5
60,40,2,7,39
60,40,2,8,3
60,40,2,9,14
60,40,2,10,2
60,40,2,11,37
60,40,2,12,16
60,40,2,13,30
60,40,2,14,27
60,40,2,15,31
60,40,2,16,35
60,40,2,17,17
60,40,2,18,19
60,40,2,19,13
60,40,2,20,6
60,40,2,21,12
60,40,2,22,20
60,40,2,23,23
60,40,2,24,4
60,40,2,25,1
60,40,2,26,8
60,40,2,27,40
60,40,2,28,28
60,40,2,29,24
60,40,2,30,32
60,40,2,31,21
60,40,2,32,9
60,40,2,33,7
60,40,2,34,18
60,40,2,35,38
60,40,2,36,11
60,40,2,37,22
60,40,2,38,29
60,40,2,39,10
60,40,2,40,33
60,40,3,1,4
60,40,3,2,12
60,40,3,3,22
60,40,3,4,39
60,40,3,5,13
60,40,3,6,28
60,40,3,7,34
60,40,3,8,11
60,40,3,9,35
60,40,3,10,21
60,40,3,11,29
60,40,3,12,19
60,40,3,13,5
60,40,3,14,10
60,40,3,15,33
60,40,3,16,8
60,40,3,17,7
60,40,3,18,32
60,40,3,19,20
60,40,3,20,38
60,40,3,21,26
60,40,3,22,14
60,40,3,23,31
60,40,3,24,24
60,40,3,25,27
60,40,3,26,6
60,40,3,27,30
60,40,3,28,18
60,40,3,29,2
60,40,3,30,9
60,40,3,31,25
60,40,3,32,3
60,40,3,33,16
60,40,3,34,15
60,40,3,35,23
60,40,3,36,1
60,40,3,37,37
60,40,3,38,17
60,40,3,39,40
60,40,3,40,36
60,40,4,1,1
60,40,4,2,12
60,40,4,3,2
60,40,4,4,5
60,40,4,5,13
60,40,4,6,14
60,40,4,7,4
60,40,4,8,28
60,40,4,9,17
60,40,4,10,21
60,40,4,11,31
60,40,4,12,24
60,40,4,13,29
60,40,4,14,18
60,40,4,15,34
60,40,4,16,23
60,40,4,17,38
60,40,4,18,9
60,40,4,19,15
60,40,4,20,27
60,40,4,21,22
60,40,4,22,8
60,40,4,23,36
60,40,4,24,19
60,40,4,25,33
60,40,4,26,32
60,40,4,27,7
60,40,4,28,6
60,40,4,29,20
60,40,4,30,16
60,40,4,31,30
60,40,4,32,39
60,40,4,33,10
60,40,4,34,26
60,40,4,35,37
60,40,4,36,25
60,40,4,37,11
60,40,4,38,40
60,40,4,39,3
60,40,4,40,35
60,40,5,1,20
60,40,5,2,33
60,40,5,3,13
60,40,5,4,4
60,40,5,5,16
60,40,5,6,28
60,40,5,7,26
60,40,5,8,31
60,40,5,9,7
60,40,5,10,21
60,40,5,11,3
60,40,5,12,8
60,40,5,13,32
60,40,5,14,1
60,40,5,15,14
60,40,5,16,29
60,40,5,17,37
60,40,5,18,12
60,40,5,19,17
60,40,5,20,34
60,40,5,21,11
60,40,5,22,22
60,40,5,23,35
60,40,5,24,18
60,40,5,25,6
60,40,5,26,23
60,40,5,27,19
60,40,5,28,39
60,40,5,29,30
60,40,5,30,40
60,40,5,31,15
60,40,5,32,38
60,40,5,33,25
60,40,5,34,24
60,40,5,35,2
60,40,5,36,36
60,40,5,37,10
60,40,5,38,5
60,40,5,39,27
60,40,5,40,9
60,40,6,1,25
60,40,6,2,39
60,40,6,3,30
60,40,6,4,7
60,40,6,5,24
60,40,6,6,11
60,40,6,7,26
60,40,6,8,2
60,40,6,9,12
60,40,6,10,13
60,40,6,11,21
60,40,6,12,8
60,40,6,13,1
60,40,6,14,27
60,40,6,15,36
60,40,6,16,5
60,40,6,17,14
60,40,6,18,31
60,40,6,19,6
60,40,6,20,28
60,40,6,21,40
60,40,6,22,3
60,40,6,23,29
60,40,6,24,9
60,40,6,25,18
60,40,6,26,19
60,40,6,27,37
60,40,6,28,33
60,40,6,29,23
60,40,6,30,32
60,40,6,31,35
60,40,6,32,38
60,40,6,33,34
60,40,6,34,10
60,40,6,35,15
60,40,6,36,16
60,40,6,37,4
60,40,6,38,17
60,40,6,39,20
60,40,6,40,22
60,40,7,1,8
60,40,7,2,19
60,40,7,3,9
60,40,7,4,40
60,40,7,5,11
60,40,7,6,34
60,40,7,7,13
60,40,7,8,30
60,40,7,9,24
60,40,7,10,39
60,40,7,11,10
60,40,7,12,26
60,40,7,13,25
60,40,7,14,27
60,40,7,15,29
60,40,7,16,37
60,40,7,17,3
60,40,7,18,23
60,40,7,19,5
60,40,7,20,33
60,40,7,21,21
60,40,7,22,16
60,40,7,23,20
60,40,7,24,22
60,40,7,25,6
60,40,7,26,14
60,40,7,27,28
60,40,7,28,38
60,40,7,29,4
60,40,7,30,18
60,40,7,31,17
60,40,7,32,35
60,40,7,33,32
60,40,7,34,1
60,40,7,35,2
60,40,7,36,7
60,40,7,37,15
60,40,7,38,31
60,40,7,39,12
60,40,7,40,36
60,40,8,1,6
60,40,8,2,19
60,40,8,3,24
60,40,8,4,4
60,40,8,5,38
60,40,8,6,7
60,40,8,7,9
60,40,8,8,18
60,40,8,9,28
60,40,8,10,10
60,40,8,11,35
60,40,8,12,40
60,40,8,13,26
60,40,8,14,14
60,40,8,15,27
60,40,8,16,32
60,40,8,17,11
60,40,8,18,1
60,40,8,19,29
60,40,8,20,15
60,40,8,21,30
60,40,8,22,23
60,40,8,23,13
60,40,8,24,21
60,40,8,25,12
60,40,8,26,31
60,40,8,27,25
60,40,8,28,17
60,40,8,29,8
60,40,8,30,3
60,40,8,31,2
60,40,8,32,16
60,40,8,33,36
60,40,8,34,20
60,40,8,35,34
60,40,8,36,37
60,40,8,37,33
60,40,8,38,5
60,40,8,39,39
60,40,8,40,22
60,40,9,1,14
60,40,9,2,13
60,40,9,3,23
60,40,9,4,2
60,40,9,5,19
60,40,9,6,32
60,40,9,7,8
60,40,9,8,31
60,40,9,9,9
60,40,9,10,22
60,40,9,11,4
60,40,9,12,28
60,40,9,13,36
60,40,9,14,18
60,40,9,15,5
60,40,9,16,34
60,40,9,17,16
60,40,9,18,27
60,40,9,19,15
60,40,9,20,26
60,40,9,21,10
60,40,9,22,30
60,40,9,23,7
60,40,9,24,33
60,40,9,25,35
60,40,9,26,29
60,40,9,27,20
60,40,9,28,11
60,40,9,29,6
60,40,9,30,25
60,40,9,31,17
60,40,9,32,1
60,40,9,33,24
60,40,9,34,40
60,40,9,35,37
60,40,9,36,21
60,40,9,37,3
60,40,9,38,38
60,40,9,39,12
60,40,9,40,39
61,40,1,1,9
61,40,1,2,21
61,40,1,3,1
61,40,1,4,14
61,40,1,5,31
61,40,1,6,30
61,40,1,7,4
61,40,1,8,3
61,40,1,9,5
61,40,1,10,36
61,40,1,11,38
61,40,1,12,33
61,40,1,13,22
61,40,1,14,37
61,40,1,15,24
61,40,1,16,18
61,40,1,17,15
61,40,1,18,7
61,40,1,19,23
61,40,1,20,19
61,40,1,21,28
61,40,1,22,17
61,40,1,23,27
61,40,1,24,10
61,40,1,25,16
61,40,1,26,8
61,40,1,27,11
61,40,1,28,25
61,40,1,29,20
61,40,1,30,32
61,40,1,31,6
61,40,1,32,12
61,40,1,33,35
61,40,1,34,29
61,40,1,35,26
61,40,1,36,39
61,40,1,37,40
61,40,1,38,2
61,40,1,39,34
61,40,1,40,13
61,40,2,1,39
61,40,2,2,28
61,40,2,3,24
61,40,2,4,40
61,40,2,5,4
61,40,2,6,8
61,40,2,7,1
61,40,2,8,13
61,40,2,9,19
61,40,2,10,17
61,40,2,11,35
61,40,2,12,12
61,40,2,13,6
61,40,2,14,23
61,40,2,15,20
61,40,2,16,32
61,40,2,17,21
61,40,2,18,9
61,40,2,19,7
61,40,2,20,18
61,40,2,21,38
61,40,2,22,11
61,40,2,23,22
61,40,2,24,29
61,40,2,25,10
61,40,2,26,33
61,40,2,27,15
61,40,2,28,25
61,40,2,29,34
61,40,2,30,36
61,40,2,31,26
61,40,2,32,5
61,40,2,33,3
61,40,2,34,14
61,40,2,35,2
61,40,2,36,37
61,40,2,37,31
61,40,2,38,27
61,40,2,39,30
61,40,2,40,16
61,40,3,1,14
61,40,3,2,31
61,40,3,3,24
61,40,3,4,27
61,40,3,5,6
61,40,3,6,30
61,40,3,7,18
61,40,3,8,2
61,40,3,9,3
61,40,3,10,16
61,40,3,11,9
61,40,3,12,25
61,40,3,13,15
61,40,3,14,23
61,40,3,15,1
61,40,3,16,37
61,40,3,17,40
61,40,3,18,17
61,40,3,19,36
61,40,3,20,4
61,40,3,21,12
61,40,3,22,22
61,40,3,23,13
61,40,3,24,39
61,40,3,25,34
61,40,3,26,28
61,40,3,27,21
61,40,3,28,11
61,40,3,29,29
61,40,3,30,35
61,40,3,31,19
61,40,3,32,7
61,40,3,33,5
61,40,3,34,8
61,40,3,35,33
61,40,3,36,32
61,40,3,37,10
61,40,3,38,20
61,40,3,39,38
61,40,3,40,26
61,40,4,1,3
61,40,4,2,35
61,40,4,3,1
61,40,4,4,12
61,40,4,5,2
61,40,4,6,13
61,40,4,7,14
61,40,4,8,4
61,40,4,9,31
61,40,4,10,18
61,40,4,11,29
61,40,4,12,24
61,40,4,13,34
61,40,4,14,23
61,40,4,15,38
61,40,4,16,9
61,40,4,17,15
61,40,4,18,27
61,40,4,19,22
61,40,4,20,8
61,40,4,21,36
61,40,4,22,19
61,40,4,23,33
61,40,4,24,32
61,40,4,25,20
61,40,4,26,7
61,40,4,27,6
61,40,4,28,16
61,40,4,29,30
61,40,4,30,10
61,40,4,31,39
61,40,4,32,25
61,40,4,33,26
61,40,4,34,37
61,40,4,35,11
61,40,4,36,40
61,40,4,37,5
61,40,4,38,28
61,40,4,39,17
61,40,4,40,21
61,40,5,1,36
61,40,5,2,5
61,40,5,3,2
61,40,5,4,24
61,40,5,5,15
61,40,5,6,40
61,40,5,7,38
61,40,5,8,25
61,40,5,9,27
61,40,5,10,9
61,40,5,11,20
61,40,5,12,13
61,40,5,13,33
61,40,5,14,4
61,40,5,15,16
61,40,5,16,28
61,40,5,17,26
61,40,5,18,31
61,40,5,19,7
61,40,5,20,8
61,40,5,21,21
61,40,5,22,3
61,40,5,23,32
61,40,5,24,10
61,40,5,25,1
61,40,5,26,14
61,40,5,27,29
61,40,5,28,37
61,40,5,29,12
61,40,5,30,17
61,40,5,31,22
61,40,5,32,34
61,40,5,33,11
61,40,5,34,35
61,40,5,35,23
61,40,5,36,6
61,40,5,37,19
61,40,5,38,18
61,40,5,39,39
61,40,5,40,30
61,40,6,1,37
61,40,6,2,19
61,40,6,3,21
61,40,6,4,33
61,40,6,5,24
61,40,6,6,13
61,40,6,7,12
61,40,6,8,2
61,40,6,9,26
61,40,6,10,11
61,40,6,11,30
61,40,6,12,39
61,40,6,13,25
61,40,6,14,7
61,40,6,15,32
61,40,6,16,23
61,40,6,17,35
61,40,6,18,22
61,40,6,19,20
61,40,6,20,17
61,40,6,21,4
61,40,6,22,34
61,40,6,23,38
61,40,6,24,3
61,40,6,25,29
61,40,6,26,40
61,40,6,27,16
61,40,6,28,15
61,40,6,29,10
61,40,6,30,28
61,40,6,31,6
61,40,6,32,31
61,40,6,33,14
61,40,6,34,5
61,40,6,35,36
61,40,6,36,27
61,40,6,37,1
61,40,6,38,8
61,40,6,39,18
61,40,6,40,9
61,40,7,1,27
61,40,7,2,29
61,40,7,3,37
61,40,7,4,3
61,40,7,5,25
61,40,7,6,26
61,40,7,7,24
61,40,7,8,30
61,40,7,9,13
61,40,7,10,34
61,40,7,11,11
61,40,7,12,40
61,40,7,13,9
61,40,7,14,19
61,40,7,15,8
61,40,7,16,36
61,40,7,17,12
61,40,7,18,31
61,40,7,19,15
61,40,7,20,7
61,40,7,21,2
61,40,7,22,4
61,40,7,23,18
61,40,7,24,1
61,40,7,25,32
61,40,7,26,35
61,40,7,27,17
61,40,7,28,23
61,40,7,29,5
61,40,7,30,33
61,40,7,31,21
61,40,7,32,38
61,40,7,33,28
61,40,7,34,14
61,40,7,35,16
61,40,7,36,20
61,40,7,37,6
61,40,7,38,22
61,40,7,39,39
61,40,7,40,10
61,40,8,1,13
61,40,8,2,21
61,40,8,3,36
61,40,8,4,12
61,40,8,5,31
61,40,8,6,25
61,40,8,7,17
61,40,8,8,8
61,40,8,9,3
61,40,8,10,22
61,40,8,11,2
61,40,8,12,16
61,40,8,13,33
61,40,8,14,39
61,40,8,15,6
61,40,8,16,19
61,40,8,17,5
61,40,8,18,24
61,40,8,19,4
61,40,8,20,38
61,40,8,21,7
61,40,8,22,18
61,40,8,23,9
61,40,8,24,28
61,40,8,25,10
61,40,8,26,35
61,40,8,27,40
61,40,8,28,26
61,40,8,29,14
61,40,8,30,37
61,40,8,31,34
61,40,8,32,20
61,40,8,33,32
61,40,8,34,27
61,40,8,35,1
61,40,8,36,29
61,40,8,37,15
61,40,8,38,30
61,40,8,39,11
61,40,8,40,23
61,40,9,1,35
61,40,9,2,29
61,40,9,3,14
61,40,9,4,13
61,40,9,5,23
61,40,9,6,19
61,40,9,7,2
61,40,9,8,27
61,40,9,9,16
61,40,9,10,34
61,40,9,11,5
61,40,9,12,18
61,40,9,13,36
61,40,9,14,28
61,40,9,15,4
61,40,9,16,22
61,40,9,17,8
61,40,9,18,32
61,40,9,19,31
61,40,9,20,9
61,40,9,21,3
61,40,9,22,38
61,40,9,23,39
61,40,9,24,12
61,40,9,25,21
61,40,9,26,37
61,40,9,27,40
61,40,9,28,24
61,40,9,29,17
61,40,9,30,1
61,40,9,31,25
61,40,9,32,6
61,40,9,33,20
61,40,9,34,33
61,40,9,35,11
61,40,9,36,7
61,40,9,37,30
61,40,9,38,10
61,40,9,39,26
61,40,9,40,15
62,40,1,1,28
62,40,1,2,17
62,40,1,3,16
62,40,1,4,32
62,40,1,5,6
62,40,1,6,12
62,40,1,7,35
62,40,1,8,29
62,40,1,9,20
62,40,1,10,25
62,40,1,11,26
62,40,1,12,2
62,40,1,13,39
62,40,1,14,40
62,40,1,15,34
62,40,1,16,31
62,40,1,17,30
62,40,1,18,4
62,40,1,19,3
62,40,1,20,38
62,40,1,21,36
62,40,1,22,5
62,40,1,23,14
62,40,1,24,1
62,40,1,25,21
62,40,1,26,9
62,40,1,27,33
62,40,1,28,22
62,40,1,29,37
62,40,1,30,27
62,40,1,31,11
62,40,1,32,13
62,40,1,33,8
62,40,1,34,10
62,40,1,35,24
62,40,1,36,18
62,40,1,37,15
62,40,1,38,7
62,40,1,39,23
62,40,1,40,19
62,40,2,1,15
62,40,2,2,33
62,40,2,3,10
62,40,2,4,29
62,40,2,5,22
62,40,2,6,38
62,40,2,7,18
62,40,2,8,7
62,40,2,9,9
62,40,2,10,21
62,40,2,11,4
62,40,2,12,23
62,40,2,13,20
62,40,2,14,12
62,40,2,15,35
62,40,2,16,17
62,40,2,17,6
62,40,2,18,13
62,40,2,19,19
62,40,2,20,27
62,40,2,21,31
62,40,2,22,30
62,40,2,23,1
62,40,2,24,8
62,40,2,25,40
62,40,2,26,32
62,40,2,27,11
62,40,2,28,24
62,40,2,29,28
62,40,2,30,3
62,40,2,31,16
62,40,2,32,37
62,40,2,33,2
62,40,2,34,14
62,40,2,35,5
62,40,2,36,39
62,40,2,37,34
62,40,2,38,26
62,40,2,39,36
62,40,2,40,25
62,40,3,1,30
62,40,3,2,6
62,40,3,3,27
62,40,3,4,38
62,40,3,5,20
62,40,3,6,32
62,40,3,7,7
62,40,3,8,29
62,40,3,9,21
62,40,3,10,28
62,40,3,11,34
62,40,3,12,11
62,40,3,13,35
62,40,3,14,19
62,40,3,15,5
62,40,3,16,8
62,40,3,17,33
62,40,3,18,10
62,40,3,19,26
62,40,3,20,14
62,40,3,21,24
62,40,3,22,31
62,40,3,23,9
62,40,3,24,25
62,40,3,25,23
62,40,3,26,39
62,40,3,27,13
62,40,3,28,22
62,40,3,29,12
62,40,3,30,4
62,40,3,31,36
62,40,3,32,40
62,40,3,33,37
62,40,3,34,17
62,40,3,35,1
62,40,3,36,15
62,40,3,37,16
62,40,3,38,3
62,40,3,39,2
62,40,3,40,18
62,40,4,1,7
62,40,4,2,6
62,40,4,3,30
62,40,4,4,39
62,40,4,5,10
62,40,4,6,26
62,40,4,7,25
62,40,4,8,11
62,40,4,9,37
62,40,4,10,40
62,40,4,11,5
62,40,4,12,13
62,40,4,13,28
62,40,4,14,17
62,40,4,15,21
62,40,4,16,4
62,40,4,17,31
62,40,4,18,14
62,40,4,19,2
62,40,4,20,12
62,40,4,21,1
62,40,4,22,24
62,40,4,23,29
62,40,4,24,34
62,40,4,25,23
62,40,4,26,38
62,40,4,27,9
62,40,4,28,15
62,40,4,29,27
62,40,4,30,22
62,40,4,31,8
62,40,4,32,18
62,40,4,33,36
62,40,4,34,35
62,40,4,35,3
62,40,4,36,19
62,40,4,37,33
62,40,4,38,16
62,40,4,39,32
62,40,4,40,20
62,40,5,1,37
62,40,5,2,12
62,40,5,3,17
62,40,5,4,22
62,40,5,5,35
62,40,5,6,6
62,40,5,7,18
62,40,5,8,19
62,40,5,9,39
62,40,5,10,30
62,40,5,11,40
62,40,5,12,15
62,40,5,13,38
62,40,5,14,25
62,40,5,15,24
62,40,5,16,2
62,40,5,17,23
62,40,5,18,34
62,40,5,19,11
62,40,5,20,36
62,40,5,21,5
62,40,5,22,27
62,40,5,23,9
62,40,5,24,20
62,40,5,25,33
62,40,5,26,13
62,40,5,27,4
62,40,5,28,28
62,40,5,29,10
62,40,5,30,14
62,40,5,31,29
62,40,5,32,1
62,40,5,33,32
62,40,5,34,16
62,40,5,35,26
62,40,5,36,31
62,40,5,37,7
62,40,5,38,8
62,40,5,39,21
62,40,5,40,3
62,40,6,1,1
62,40,6,2,8
62,40,6,3,13
62,40,6,4,12
62,40,6,5,2
62,40,6,6,26
62,40,6,7,11
62,40,6,8,39
62,40,6,9,30
62,40,6,10,24
62,40,6,11,33
62,40,6,12,19
62,40,6,13,21
62,40,6,14,37
62,40,6,15,9
62,40,6,16,18
62,40,6,17,29
62,40,6,18,3
62,40,6,19,23
62,40,6,20,32
62,40,6,21,7
62,40,6,22,25
62,40,6,23,35
62,40,6,24,40
62,40,6,25,6
62,40,6,26,28
62,40,6,27,10
62,40,6,28,38
62,40,6,29,22
62,40,6,30,20
62,40,6,31,17
62,40,6,32,4
62,40,6,33,34
62,40,6,34,16
62,40,6,35,15
62,40,6,36,31
62,40,6,37,14
62,40,6,38,5
62,40,6,39,36
62,40,6,40,27
62,40,7,1,25
62,40,7,2,27
62,40,7,3,29
62,40,7,4,37
62,40,7,5,3
62,40,7,6,5
62,40,7,7,23
62,40,7,8,17
62,40,7,9,35
62,40,7,10,32
62,40,7,11,1
62,40,7,12,18
62,40,7,13,4
62,40,7,14,7
62,40,7,15,2
62,40,7,16,15
62,40,7,17,31
62,40,7,18,8
62,40,7,19,19
62,40,7,20,9
62,40,7,21,36
62,40,7,22,12
62,40,7,23,14
62,40,7,24,28
62,40,7,25,38
62,40,7,26,33
62,40,7,27,21
62,40,7,28,16
62,40,7,29,20
62,40,7,30,22
62,40,7,31,6
62,40,7,32,40
62,40,7,33,11
62,40,7,34,34
62,40,7,35,30
62,40,7,36,13
62,40,7,37,24
62,40,7,38,39
62,40,7,39,10
62,40,7,40,26
62,40,8,1,15
62,40,8,2,29
62,40,8,3,1
62,40,8,4,11
62,40,8,5,32
62,40,8,6,27
62,40,8,7,26
62,40,8,8,40
62,40,8,9,35
62,40,8,10,10
62,40,8,11,28
62,40,8,12,14
62,40,8,13,9
62,40,8,14,18
62,40,8,15,7
62,40,8,16,38
62,40,8,17,4
62,40,8,18,24
62,40,8,19,19
62,40,8,20,6
62,40,8,21,39
62,40,8,22,5
62,40,8,23,33
62,40,8,24,37
62,40,8,25,34
62,40,8,26,20
62,40,8,27,36
62,40,8,28,16
62,40,8,29,2
62,40,8,30,22
62,40,8,31,3
62,40,8,32,8
62,40,8,33,17
62,40,8,34,25
62,40,8,35,31
62,40,8,36,12
62,40,8,37,21
62,40,8,38,13
62,40,8,39,23
62,40,8,40,30
62,40,9,1,16
62,40,9,2,34
62,40,9,3,5
62,40,9,4,18
62,40,9,5,36
62,40,9,6,28
62,40,9,7,4
62,40,9,8,22
62,40,9,9,8
62,40,9,10,31
62,40,9,11,9
62,40,9,12,3
62,40,9,13,38
62,40,9,14,39
62,40,9,15,12
62,40,9,16,21
62,40,9,17,37
62,40,9,18,40
62,40,9,19,24
62,40,9,20,17
62,40,9,21,1
62,40,9,22,25
62,40,9,23,6
62,40,9,24,20
62,40,9,25,29
62,40,9,26,11
62,40,9,27,7
62,40,9,28,33
62,40,9,29,35
62,40,9,30,30
62,40,9,31,10
62,40,9,32,26
62,40,9,33,15
62,40,9,34,14
62,40,9,35,13
62,40,9,36,23
62,40,9,37,19
62,40,9,38,32
62,40,9,39,2
62,40,9,40,27
63,40,1,1,34
63,40,1,2,4
63,40,1,3,3
63,40,1,4,38
63,40,1,5,36
63,40,1,6,5
63,40,1,7,30
63,40,1,8,31
63,40,1,9,14
63,40,1,10,21
63,40,1,11,1
63,40,1,12,9
63,40,1,13,33
63,40,1,14,22
63,40,1,15,23
63,40,1,16,19
63,40,1,17,28
63,40,1,18,7
63,40,1,19,15
63,40,1,20,18
63,40,1,21,24
63,40,1,22,37
63,40,1,23,27
63,40,1,24,17
63,40,1,25,16
63,40,1,26,10
63,40,1,27,8
63,40,1,28,32
63,40,1,29,6
63,40,1,30,12
63,40,1,31,35
63,40,1,32,29
63,40,1,33,20
63,40,1,34,25
63,40,1,35,11
63,40,1,36,13
63,40,1,37,26
63,40,1,38,2
63,40,1,39,39
63,40,1,40,40
63,40,2,1,15
63,40,2,2,33
63,40,2,3,10
63,40,2,4,29
63,40,2,5,22
63,40,2,6,38
63,40,2,7,18
63,40,2,8,7
63,40,2,9,11
63,40,2,10,32
63,40,2,11,21
63,40,2,12,9
63,40,2,13,23
63,40,2,14,20
63,40,2,15,35
63,40,2,16,12
63,40,2,17,6
63,40,2,18,17
63,40,2,19,31
63,40,2,20,27
63,40,2,21,19
63,40,2,22,13
63,40,2,23,1
63,40,2,24,4
63,40,2,25,40
63,40,2,26,24
63,40,2,27,28
63,40,2,28,8
63,40,2,29,30
63,40,2,30,37
63,40,2,31,16
63,40,2,32,2
63,40,2,33,14
63,40,2,34,3
63,40,2,35,39
63,40,2,36,5
63,40,2,37,26
63,40,2,38,36
63,40,2,39,34
63,40,2,40,25
63,40,3,1,30
63,40,3,2,18
63,40,3,3,3
63,40,3,4,16
63,40,3,5,15
63,40,3,6,1
63,40,3,7,37
63,40,3,8,17
63,40,3,9,40
63,40,3,10,36
63,40,3,11,4
63,40,3,12,12
63,40,3,13,22
63,40,3,14,39
63,40,3,15,13
63,40,3,16,28
63,40,3,17,34
63,40,3,18,11
63,40,3,19,21
63,40,3,20,29
63,40,3,21,35
63,40,3,22,19
63,40,3,23,5
63,40,3,24,8
63,40,3,25,7
63,40,3,26,33
63,40,3,27,32
63,40,3,28,20
63,40,3,29,10
63,40,3,30,38
63,40,3,31,26
63,40,3,32,14
63,40,3,33,23
63,40,3,34,25
63,40,3,35,9
63,40,3,36,31
63,40,3,37,24
63,40,3,38,27
63,40,3,39,6
63,40,3,40,2
63,40,4,1,27
63,40,4,2,19
63,40,4,3,32
63,40,4,4,20
63,40,4,5,7
63,40,4,6,6
63,40,4,7,16
63,40,4,8,33
63,40,4,9,36
63,40,4,10,8
63,40,4,11,22
63,40,4,12,15
63,40,4,13,23
63,40,4,14,34
63,40,4,15,29
63,40,4,16,18
63,40,4,17,35
63,40,4,18,3
63,40,4,19,30
63,40,4,20,39
63,40,4,21,10
63,40,4,22,26
63,40,4,23,40
63,40,4,24,1
63,40,4,25,12
63,40,4,26,37
63,40,4,27,25
63,40,4,28,11
63,40,4,29,2
63,40,4,30,5
63,40,4,31,28
63,40,4,32,17
63,40,4,33,21
63,40,4,34,13
63,40,4,35,14
63,40,4,36,4
63,40,4,37,31
63,40,4,38,24
63,40,4,39,38
63,40,4,40,9
63,40,5,1,18
63,40,5,2,6
63,40,5,3,19
63,40,5,4,23
63,40,5,5,35
63,40,5,6,22
63,40,5,7,11
63,40,5,8,34
63,40,5,9,17
63,40,5,10,12
63,40,5,11,37
63,40,5,12,29
63,40,5,13,14
63,40,5,14,10
63,40,5,15,1
63,40,5,16,32
63,40,5,17,26
63,40,5,18,8
63,40,5,19,3
63,40,5,20,21
63,40,5,21,7
63,40,5,22,31
63,40,5,23,16
63,40,5,24,28
63,40,5,25,4
63,40,5,26,13
63,40,5,27,33
63,40,5,28,20
63,40,5,29,9
63,40,5,30,27
63,40,5,31,5
63,40,5,32,36
63,40,5,33,2
63,40,5,34,24
63,40,5,35,25
63,40,5,36,38
63,40,5,37,15
63,40,5,38,40
63,40,5,39,30
63,40,5,40,39
63,40,6,1,19
63,40,6,2,33
63,40,6,3,13
63,40,6,4,12
63,40,6,5,2
63,40,6,6,26
63,40,6,7,11
63,40,6,8,24
63,40,6,9,32
63,40,6,10,7
63,40,6,11,30
63,40,6,12,39
63,40,6,13,25
63,40,6,14,22
63,40,6,15,20
63,40,6,16,17
63,40,6,17,4
63,40,6,18,34
63,40,6,19,16
63,40,6,20,15
63,40,6,21,10
63,40,6,22,38
63,40,6,23,35
63,40,6,24,23
63,40,6,25,3
63,40,6,26,40
63,40,6,27,28
63,40,6,28,6
63,40,6,29,31
63,40,6,30,29
63,40,6,31,37
63,40,6,32,9
63,40,6,33,18
63,40,6,34,14
63,40,6,35,5
63,40,6,36,36
63,40,6,37,27
63,40,6,38,1
63,40,6,39,8
63,40,6,40,21
63,40,7,1,23
63,40,7,2,37
63,40,7,3,29
63,40,7,4,10
63,40,7,5,39
63,40,7,6,11
63,40,7,7,40
63,40,7,8,34
63,40,7,9,13
63,40,7,10,30
63,40,7,11,24
63,40,7,12,26
63,40,7,13,27
63,40,7,14,25
63,40,7,15,3
63,40,7,16,17
63,40,7,17,35
63,40,7,18,32
63,40,7,19,1
63,40,7,20,18
63,40,7,21,4
63,40,7,22,2
63,40,7,23,7
63,40,7,24,15
63,40,7,25,31
63,40,7,26,8
63,40,7,27,19
63,40,7,28,9
63,40,7,29,36
63,40,7,30,12
63,40,7,31,14
63,40,7,32,28
63,40,7,33,38
63,40,7,34,6
63,40,7,35,22
63,40,7,36,20
63,40,7,37,16
63,40,7,38,21
63,40,7,39,33
63,40,7,40,5
63,40,8,1,36
63,40,8,2,32
63,40,8,3,27
63,40,8,4,14
63,40,8,5,26
63,40,8,6,40
63,40,8,7,28
63,40,8,8,10
63,40,8,9,35
63,40,8,10,18
63,40,8,11,9
63,40,8,12,7
63,40,8,13,38
63,40,8,14,4
63,40,8,15,24
63,40,8,16,19
63,40,8,17,6
63,40,8,18,39
63,40,8,19,5
63,40,8,20,37
63,40,8,21,34
63,40,8,22,20
63,40,8,23,33
63,40,8,24,16
63,40,8,25,2
63,40,8,26,22
63,40,8,27,3
63,40,8,28,8
63,40,8,29,17
63,40,8,30,25
63,40,8,31,31
63,40,8,32,12
63,40,8,33,13
63,40,8,34,23
63,40,8,35,15
63,40,8,36,29
63,40,8,37,30
63,40,8,38,1
63,40,8,39,11
63,40,8,40,21
63,40,9,1,27
63,40,9,2,15
63,40,9,3,26
63,40,9,4,10
63,40,9,5,30
63,40,9,6,35
63,40,9,7,33
63,40,9,8,7
63,40,9,9,11
63,40,9,10,20
63,40,9,11,29
63,40,9,12,6
63,40,9,13,25
63,40,9,14,1
63,40,9,15,17
63,40,9,16,24
63,40,9,17,40
63,40,9,18,37
63,40,9,19,21
63,40,9,20,12
63,40,9,21,39
63,40,9,22,14
63,40,9,23,13
63,40,9,24,23
63,40,9,25,2
63,40,9,26,19
63,40,9,27,32
63,40,9,28,38
63,40,9,29,3
63,40,9,30,31
63,40,9,31,9
63,40,9,32,22
63,40,9,33,8
63,40,9,34,4
63,40,9,35,28
63,40,9,36,36
63,40,9,37,18
63,40,9,38,5
63,40,9,39,34
63,40,9,40,16
64,40,1,1,23
64,40,1,2,19
64,40,1,3,28
64,40,1,4,7
64,40,1,5,15
64,40,1,6,18
64,40,1,7,24
64,40,1,8,37
64,40,1,9,22
64,40,1,10,33
64,40,1,11,1
64,40,1,12,9
64,40,1,13,21
64,40,1,14,14
64,40,1,15,36
64,40,1,16,38
64,40,1,17,3
64,40,1,18,5
64,40,1,19,30
64,40,1,20,4
64,40,1,21,31
64,40,1,22,34
64,40,1,23,40
64,40,1,24,2
64,40,1,25,39
64,40,1,26,26
64,40,1,27,13
64,40,1,28,11
64,40,1,29,25
64,40,1,30,20
64,40,1,31,32
64,40,1,32,6
64,40,1,33,35
64,40,1,34,29
64,40,1,35,12
64,40,1,36,16
64,40,1,37,8
64,40,1,38,10
64,40,1,39,27
64,40,1,40,17
64,40,2,1,4
64,40,2,2,1
64,40,2,3,13
64,40,2,4,23
64,40,2,5,20
64,40,2,6,6
64,40,2,7,12
64,40,2,8,35
64,40,2,9,17
64,40,2,10,31
64,40,2,11,27
64,40,2,12,19
64,40,2,13,30
64,40,2,14,37
64,40,2,15,16
64,40,2,16,2
64,40,2,17,14
64,40,2,18,3
64,40,2,19,5
64,40,2,20,34
64,40,2,21,26
64,40,2,22,36
64,40,2,23,25
64,40,2,24,39
64,40,2,25,15
64,40,2,26,33
64,40,2,27,28
64,40,2,28,10
64,40,2,29,29
64,40,2,30,8
64,40,2,31,24
64,40,2,32,40
64,40,2,33,32
64,40,2,34,11
64,40,2,35,22
64,40,2,36,38
64,40,2,37,21
64,40,2,38,7
64,40,2,39,18
64,40,2,40,9
64,40,3,1,28
64,40,3,2,13
64,40,3,3,12
64,40,3,4,4
64,40,3,5,22
64,40,3,6,36
64,40,3,7,39
64,40,3,8,40
64,40,3,9,37
64,40,3,10,17
64,40,3,11,1
64,40,3,12,23
64,40,3,13,15
64,40,3,14,16
64,40,3,15,25
64,40,3,16,9
64,40,3,17,3
64,40,3,18,2
64,40,3,19,18
64,40,3,20,30
64,40,3,21,6
64,40,3,22,27
64,40,3,23,24
64,40,3,24,31
64,40,3,25,14
64,40,3,26,26
64,40,3,27,38
64,40,3,28,20
64,40,3,29,32
64,40,3,30,10
64,40,3,31,33
64,40,3,32,8
64,40,3,33,7
64,40,3,34,5
64,40,3,35,19
64,40,3,36,29
64,40,3,37,35
64,40,3,38,11
64,40,3,39,21
64,40,3,40,34
64,40,4,1,38
64,40,4,2,9
64,40,4,3,15
64,40,4,4,23
64,40,4,5,34
64,40,4,6,29
64,40,4,7,18
64,40,4,8,8
64,40,4,9,22
64,40,4,10,27
64,40,4,11,36
64,40,4,12,19
64,40,4,13,33
64,40,4,14,16
64,40,4,15,32
64,40,4,16,20
64,40,4,17,7
64,40,4,18,6
64,40,4,19,30
64,40,4,20,39
64,40,4,21,10
64,40,4,22,26
64,40,4,23,3
64,40,4,24,35
64,40,4,25,40
64,40,4,26,37
64,40,4,27,25
64,40,4,28,11
64,40,4,29,1
64,40,4,30,12
64,40,4,31,2
64,40,4,32,14
64,40,4,33,4
64,40,4,34,31
64,40,4,35,13
64,40,4,36,5
64,40,4,37,28
64,40,4,38,17
64,40,4,39,21
64,40,4,40,24
64,40,5,1,18
64,40,5,2,6
64,40,5,3,19
64,40,5,4,35
64,40,5,5,23
64,40,5,6,22
64,40,5,7,11
64,40,5,8,34
64,40,5,9,17
64,40,5,10,29
64,40,5,11,12
64,40,5,12,37
64,40,5,13,1
64,40,5,14,14
64,40,5,15,32
64,40,5,16,26
64,40,5,17,8
64,40,5,18,3
64,40,5,19,21
64,40,5,20,7
64,40,5,21,31
64,40,5,22,16
64,40,5,23,33
64,40,5,24,20
64,40,5,25,13
64,40,5,26,4
64,40,5,27,28
64,40,5,28,9
64,40,5,29,27
64,40,5,30,10
64,40,5,31,5
64,40,5,32,36
64,40,5,33,2
64,40,5,34,24
64,40,5,35,25
64,40,5,36,38
64,40,5,37,15
64,40,5,38,40
64,40,5,39,30
64,40,5,40,39
64,40,6,1,25
64,40,6,2,30
64,40,6,3,39
64,40,6,4,11
64,40,6,5,26
64,40,6,6,2
64,40,6,7,12
64,40,6,8,13
64,40,6,9,24
64,40,6,10,7
64,40,6,11,32
64,40,6,12,23
64,40,6,13,33
64,40,6,14,19
64,40,6,15,37
64,40,6,16,21
64,40,6,17,9
64,40,6,18,8
64,40,6,19,18
64,40,6,20,1
64,40,6,21,27
64,40,6,22,36
64,40,6,23,5
64,40,6,24,14
64,40,6,25,29
64,40,6,26,3
64,40,6,27,40
64,40,6,28,6
64,40,6,29,31
64,40,6,30,28
64,40,6,31,10
64,40,6,32,15
64,40,6,33,16
64,40,6,34,34
64,40,6,35,38
64,40,6,36,35
64,40,6,37,22
64,40,6,38,20
64,40,6,39,17
64,40,6,40,4
64,40,7,1,15
64,40,7,2,7
64,40,7,3,2
64,40,7,4,4
64,40,7,5,18
64,40,7,6,1
64,40,7,7,32
64,40,7,8,35
64,40,7,9,17
64,40,7,10,23
64,40,7,11,5
64,40,7,12,33
64,40,7,13,37
64,40,7,14,3
64,40,7,15,29
64,40,7,16,27
64,40,7,17,25
64,40,7,18,26
64,40,7,19,24
64,40,7,20,30
64,40,7,21,13
64,40,7,22,34
64,40,7,23,11
64,40,7,24,40
64,40,7,25,6
64,40,7,26,22
64,40,7,27,39
64,40,7,28,10
64,40,7,29,20
64,40,7,30,16
64,40,7,31,21
64,40,7,32,38
64,40,7,33,28
64,40,7,34,14
64,40,7,35,12
64,40,7,36,36
64,40,7,37,9
64,40,7,38,19
64,40,7,39,8
64,40,7,40,31
64,40,8,1,35
64,40,8,2,10
64,40,8,3,28
64,40,8,4,26
64,40,8,5,40
64,40,8,6,27
64,40,8,7,14
64,40,8,8,32
64,40,8,9,11
64,40,8,10,1
64,40,8,11,29
64,40,8,12,15
64,40,8,13,30
64,40,8,14,23
64,40,8,15,13
64,40,8,16,21
64,40,8,17,36
64,40,8,18,12
64,40,8,19,16
64,40,8,20,31
64,40,8,21,25
64,40,8,22,2
64,40,8,23,17
64,40,8,24,8
64,40,8,25,3
64,40,8,26,22
64,40,8,27,39
64,40,8,28,6
64,40,8,29,19
64,40,8,30,24
64,40,8,31,5
64,40,8,32,33
64,40,8,33,34
64,40,8,34,20
64,40,8,35,37
64,40,8,36,38
64,40,8,37,4
64,40,8,38,7
64,40,8,39,9
64,40,8,40,18
64,40,9,1,14
64,40,9,2,29
64,40,9,3,15
64,40,9,4,26
64,40,9,5,10
64,40,9,6,35
64,40,9,7,30
64,40,9,8,33
64,40,9,9,7
64,40,9,10,11
64,40,9,11,20
64,40,9,12,6
64,40,9,13,25
64,40,9,14,1
64,40,9,15,17
64,40,9,16,24
64,40,9,17,40
64,40,9,18,37
64,40,9,19,21
64,40,9,20,3
64,40,9,21,12
64,40,9,22,38
64,40,9,23,39
64,40,9,24,31
64,40,9,25,9
64,40,9,26,22
64,40,9,27,8
64,40,9,28,4
64,40,9,29,32
64,40,9,30,28
64,40,9,31,36
64,40,9,32,19
64,40,9,33,18
64,40,9,34,5
64,40,9,35,34
64,40,9,36,16
64,40,9,37,27
64,40,9,38,23
64,40,9,39,2
64,40,9,40,13
65,40,1,1,38
65,40,1,2,3
65,40,1,3,36
65,40,1,4,5
65,40,1,5,30
65,40,1,6,4
65,40,1,7,31
65,40,1,8,14
65,40,1,9,1
65,40,1,10,21
65,40,1,11,9
65,40,1,12,34
65,40,1,13,40
65,40,1,14,39
65,40,1,15,2
65,40,1,16,26
65,40,1,17,13
65,40,1,18,11
65,40,1,19,25
65,40,1,20,20
65,40,1,21,32
65,40,1,22,6
65,40,1,23,35
65,40,1,24,29
65,40,1,25,12
65,40,1,26,8
65,40,1,27,27
65,40,1,28,10
65,40,1,29,16
65,40,1,30,17
65,40,1,31,28
65,40,1,32,19
65,40,1,33,23
65,40,1,34,7
65,40,1,35,15
65,40,1,36,18
65,40,1,37,24
65,40,1,38,37
65,40,1,39,22
65,40,1,40,33
65,40,2,1,15
65,40,2,2,33
65,40,2,3,10
65,40,2,4,29
65,40,2,5,22
65,40,2,6,38
65,40,2,7,18
65,40,2,8,7
65,40,2,9,11
65,40,2,10,32
65,40,2,11,21
65,40,2,12,9
65,40,2,13,20
65,40,2,14,35
65,40,2,15,17
65,40,2,16,12
65,40,2,17,6
65,40,2,18,23
65,40,2,19,13
65,40,2,20,19
65,40,2,21,27
65,40,2,22,31
65,40,2,23,30
65,40,2,24,1
65,40,2,25,4
65,40,2,26,8
65,40,2,27,40
65,40,2,28,24
65,40,2,29,28
65,40,2,30,3
65,40,2,31,16
65,40,2,32,37
65,40,2,33,2
65,40,2,34,14
65,40,2,35,26
65,40,2,36,5
65,40,2,37,36
65,40,2,38,34
65,40,2,39,39
65,40,2,40,25
65,40,3,1,2
65,40,3,2,6
65,40,3,3,27
65,40,3,4,24
65,40,3,5,31
65,40,3,6,9
65,40,3,7,25
65,40,3,8,23
65,40,3,9,39
65,40,3,10,13
65,40,3,11,28
65,40,3,12,34
65,40,3,13,11
65,40,3,14,14
65,40,3,15,26
65,40,3,16,35
65,40,3,17,21
65,40,3,18,29
65,40,3,19,19
65,40,3,20,10
65,40,3,21,5
65,40,3,22,8
65,40,3,23,33
65,40,3,24,7
65,40,3,25,32
65,40,3,26,20
65,40,3,27,38
65,40,3,28,30
65,40,3,29,18
65,40,3,30,3
65,40,3,31,16
65,40,3,32,15
65,40,3,33,1
65,40,3,34,37
65,40,3,35,17
65,40,3,36,40
65,40,3,37,36
65,40,3,38,22
65,40,3,39,12
65,40,3,40,4
65,40,4,1,26
65,40,4,2,10
65,40,4,3,30
65,40,4,4,39
65,40,4,5,6
65,40,4,6,7
65,40,4,7,20
65,40,4,8,32
65,40,4,9,16
65,40,4,10,33
65,40,4,11,3
65,40,4,12,35
65,40,4,13,19
65,40,4,14,36
65,40,4,15,8
65,40,4,16,22
65,40,4,17,27
65,40,4,18,9
65,40,4,19,38
65,40,4,20,15
65,40,4,21,23
65,40,4,22,34
65,40,4,23,18
65,40,4,24,29
65,40,4,25,24
65,40,4,26,31
65,40,4,27,4
65,40,4,28,21
65,40,4,29,17
65,40,4,30,28
65,40,4,31,14
65,40,4,32,13
65,40,4,33,2
65,40,4,34,12
65,40,4,35,1
65,40,4,36,5
65,40,4,37,40
65,40,4,38,37
65,40,4,39,11
65,40,4,40,25
65,40,5,1,18
65,40,5,2,6
65,40,5,3,23
65,40,5,4,19
65,40,5,5,39
65,40,5,6,30
65,40,5,7,2
65,40,5,8,40
65,40,5,9,15
65,40,5,10,24
65,40,5,11,38
65,40,5,12,25
65,40,5,13,27
65,40,5,14,9
65,40,5,15,13
65,40,5,16,33
65,40,5,17,20
65,40,5,18,31
65,40,5,19,7
65,40,5,20,21
65,40,5,21,3
65,40,5,22,8
65,40,5,23,26
65,40,5,24,16
65,40,5,25,4
65,40,5,26,28
65,40,5,27,5
65,40,5,28,36
65,40,5,29,10
65,40,5,30,32
65,40,5,31,1
65,40,5,32,14
65,40,5,33,29
65,40,5,34,37
65,40,5,35,12
65,40,5,36,17
65,40,5,37,22
65,40,5,38,34
65,40,5,39,11
65,40,5,40,35
65,40,6,1,1
65,40,6,2,27
65,40,6,3,36
65,40,6,4,14
65,40,6,5,5
65,40,6,6,18
65,40,6,7,9
65,40,6,8,31
65,40,6,9,6
65,40,6,10,28
65,40,6,11,10
65,40,6,12,15
65,40,6,13,16
65,40,6,14,34
65,40,6,15,4
65,40,6,16,22
65,40,6,17,20
65,40,6,18,17
65,40,6,19,25
65,40,6,20,39
65,40,6,21,30
65,40,6,22,7
65,40,6,23,32
65,40,6,24,35
65,40,6,25,38
65,40,6,26,40
65,40,6,27,29
65,40,6,28,3
65,40,6,29,23
65,40,6,30,33
65,40,6,31,24
65,40,6,32,11
65,40,6,33,26
65,40,6,34,2
65,40,6,35,12
65,40,6,36,13
65,40,6,37,21
65,40,6,38,19
65,40,6,39,37
65,40,6,40,8
65,40,7,1,23
65,40,7,2,5
65,40,7,3,33
65,40,7,4,21
65,40,7,5,38
65,40,7,6,28
65,40,7,7,14
65,40,7,8,12
65,40,7,9,36
65,40,7,10,9
65,40,7,11,19
65,40,7,12,8
65,40,7,13,31
65,40,7,14,15
65,40,7,15,7
65,40,7,16,2
65,40,7,17,4
65,40,7,18,18
65,40,7,19,1
65,40,7,20,32
65,40,7,21,35
65,40,7,22,17
65,40,7,23,3
65,40,7,24,37
65,40,7,25,29
65,40,7,26,27
65,40,7,27,25
65,40,7,28,26
65,40,7,29,24
65,40,7,30,30
65,40,7,31,13
65,40,7,32,34
65,40,7,33,40
65,40,7,34,11
65,40,7,35,6
65,40,7,36,22
65,40,7,37,20
65,40,7,38,39
65,40,7,39,10
65,40,7,40,16
65,40,8,1,15
65,40,8,2,29
65,40,8,3,1
65,40,8,4,11
65,40,8,5,32
65,40,8,6,27
65,40,8,7,26
65,40,8,8,40
65,40,8,9,10
65,40,8,10,35
65,40,8,11,28
65,40,8,12,14
65,40,8,13,18
65,40,8,14,9
65,40,8,15,7
65,40,8,16,38
65,40,8,17,4
65,40,8,18,24
65,40,8,19,19
65,40,8,20,6
65,40,8,21,39
65,40,8,22,5
65,40,8,23,33
65,40,8,24,37
65,40,8,25,34
65,40,8,26,20
65,40,8,27,36
65,40,8,28,16
65,40,8,29,2
65,40,8,30,22
65,40,8,31,3
65,40,8,32,8
65,40,8,33,17
65,40,8,34,25
65,40,8,35,31
65,40,8,36,12
65,40,8,37,21
65,40,8,38,13
65,40,8,39,23
65,40,8,40,30
65,40,9,1,27
65,40,9,2,15
65,40,9,3,26
65,40,9,4,10
65,40,9,5,30
65,40,9,6,35
65,40,9,7,29
65,40,9,8,20
65,40,9,9,33
65,40,9,10,11
65,40,9,11,7
65,40,9,12,6
65,40,9,13,25
65,40,9,14,1
65,40,9,15,17
65,40,9,16,24
65,40,9,17,40
65,40,9,18,37
65,40,9,19,21
65,40,9,20,12
65,40,9,21,39
65,40,9,22,38
65,40,9,23,3
65,40,9,24,9
65,40,9,25,31
65,40,9,26,8
65,40,9,27,22
65,40,9,28,4
65,40,9,29,28
65,40,9,30,36
65,40,9,31,18
65,40,9,32,5
65,40,9,33,34
65,40,9,34,16
65,40,9,35,2
65,40,9,36,19
65,40,9,37,32
65,40,9,38,23
65,40,9,39,13
65,40,9,40,14
66,40,1,1,34
66,40,1,2,40
66,40,1,3,39
66,40,1,4,2
66,40,1,5,26
66,40,1,6,13
66,40,1,7,11
66,40,1,8,25
66,40,1,9,20
66,40,1,10,32
66,40,1,11,6
66,40,1,12,35
66,40,1,13,29
66,40,1,14,12
66,40,1,15,8
66,40,1,16,16
66,40,1,17,10
66,40,1,18,27
66,40,1,19,17
66,40,1,20,28
66,40,1,21,15
66,40,1,22,24
66,40,1,23,37
66,40,1,24,18
66,40,1,25,7
66,40,1,26,19
66,40,1,27,23
66,40,1,28,22
66,40,1,29,33
66,40,1,30,9
66,40,1,31,21
66,40,1,32,1
66,40,1,33,14
66,40,1,34,31
66,40,1,35,30
66,40,1,36,5
66,40,1,37,36
66,40,1,38,38
66,40,1,39,3
66,40,1,40,4
66,40,2,1,40
66,40,2,2,24
66,40,2,3,21
66,40,2,4,9
66,40,2,5,7
66,40,2,6,18
66,40,2,7,32
66,40,2,8,11
66,40,2,9,38
66,40,2,10,22
66,40,2,11,29
66,40,2,12,10
66,40,2,13,33
66,40,2,14,15
66,40,2,15,25
66,40,2,16,34
66,40,2,17,36
66,40,2,18,26
66,40,2,19,5
66,40,2,20,3
66,40,2,21,39
66,40,2,22,28
66,40,2,23,8
66,40,2,24,1
66,40,2,25,30
66,40,2,26,16
66,40,2,27,14
66,40,2,28,2
66,40,2,29,37
66,40,2,30,31
66,40,2,31,27
66,40,2,32,19
66,40,2,33,13
66,40,2,34,17
66,40,2,35,35
66,40,2,36,6
66,40,2,37,12
66,40,2,38,20
66,40,2,39,23
66,40,2,40,4
66,40,3,1,28
66,40,3,2,34
66,40,3,3,11
66,40,3,4,21
66,40,3,5,29
66,40,3,6,35
66,40,3,7,19
66,40,3,8,5
66,40,3,9,8
66,40,3,10,7
66,40,3,11,33
66,40,3,12,10
66,40,3,13,32
66,40,3,14,20
66,40,3,15,38
66,40,3,16,26
66,40,3,17,14
66,40,3,18,31
66,40,3,19,24
66,40,3,20,27
66,40,3,21,6
66,40,3,22,9
66,40,3,23,25
66,40,3,24,2
66,40,3,25,30
66,40,3,26,18
66,40,3,27,3
66,40,3,28,16
66,40,3,29,15
66,40,3,30,23
66,40,3,31,1
66,40,3,32,37
66,40,3,33,17
66,40,3,34,40
66,40,3,35,36
66,40,3,36,4
66,40,3,37,12
66,40,3,38,22
66,40,3,39,39
66,40,3,40,13
66,40,4,1,35
66,40,4,2,40
66,40,4,3,11
66,40,4,4,37
66,40,4,5,25
66,40,4,6,26
66,40,4,7,10
66,40,4,8,39
66,40,4,9,30
66,40,4,10,16
66,40,4,11,20
66,40,4,12,6
66,40,4,13,7
66,40,4,14,32
66,40,4,15,33
66,40,4,16,19
66,40,4,17,27
66,40,4,18,9
66,40,4,19,38
66,40,4,20,15
66,40,4,21,23
66,40,4,22,34
66,40,4,23,29
66,40,4,24,24
66,40,4,25,31
66,40,4,26,21
66,40,4,27,17
66,40,4,28,28
66,40,4,29,4
66,40,4,30,14
66,40,4,31,13
66,40,4,32,5
66,40,4,33,2
66,40,4,34,12
66,40,4,35,1
66,40,4,36,18
66,40,4,37,22
66,40,4,38,8
66,40,4,39,36
66,40,4,40,3
66,40,5,1,5
66,40,5,2,36
66,40,5,3,10
66,40,5,4,14
66,40,5,5,29
66,40,5,6,37
66,40,5,7,12
66,40,5,8,17
66,40,5,9,34
66,40,5,10,11
66,40,5,11,22
66,40,5,12,35
66,40,5,13,23
66,40,5,14,6
66,40,5,15,18
66,40,5,16,19
66,40,5,17,39
66,40,5,18,30
66,40,5,19,40
66,40,5,20,15
66,40,5,21,38
66,40,5,22,25
66,40,5,23,24
66,40,5,24,2
66,40,5,25,27
66,40,5,26,9
66,40,5,27,20
66,40,5,28,33
66,40,5,29,13
66,40,5,30,4
66,40,5,31,28
66,40,5,32,16
66,40,5,33,31
66,40,5,34,7
66,40,5,35,21
66,40,5,36,3
66,40,5,37,8
66,40,5,38,26
66,40,5,39,32
66,40,5,40,1
66,40,6,1,13
66,40,6,2,12
66,40,6,3,2
66,40,6,4,26
66,40,6,5,11
66,40,6,6,24
66,40,6,7,33
66,40,6,8,19
66,40,6,9,21
66,40,6,10,37
66,40,6,11,23
66,40,6,12,32
66,40,6,13,7
66,40,6,14,30
66,40,6,15,39
66,40,6,16,25
66,40,6,17,22
66,40,6,18,20
66,40,6,19,17
66,40,6,20,4
66,40,6,21,34
66,40,6,22,38
66,40,6,23,35
66,40,6,24,3
66,40,6,25,29
66,40,6,26,40
66,40,6,27,16
66,40,6,28,15
66,40,6,29,10
66,40,6,30,28
66,40,6,31,6
66,40,6,32,31
66,40,6,33,14
66,40,6,34,5
66,40,6,35,18
66,40,6,36,9
66,40,6,37,1
66,40,6,38,27
66,40,6,39,36
66,40,6,40,8
66,40,7,1,24
66,40,7,2,13
66,40,7,3,30
66,40,7,4,34
66,40,7,5,11
66,40,7,6,40
66,40,7,7,9
66,40,7,8,19
66,40,7,9,8
66,40,7,10,36
66,40,7,11,12
66,40,7,12,6
66,40,7,13,22
66,40,7,14,39
66,40,7,15,10
66,40,7,16,20
66,40,7,17,16
66,40,7,18,38
66,40,7,19,28
66,40,7,20,14
66,40,7,21,31
66,40,7,22,15
66,40,7,23,7
66,40,7,24,2
66,40,7,25,4
66,40,7,26,18
66,40,7,27,1
66,40,7,28,32
66,40,7,29,35
66,40,7,30,21
66,40,7,31,33
66,40,7,32,5
66,40,7,33,23
66,40,7,34,17
66,40,7,35,37
66,40,7,36,29
66,40,7,37,3
66,40,7,38,27
66,40,7,39,25
66,40,7,40,26
66,40,8,1,13
66,40,8,2,23
66,40,8,3,30
66,40,8,4,15
66,40,8,5,29
66,40,8,6,1
66,40,8,7,11
66,40,8,8,32
66,40,8,9,27
66,40,8,10,26
66,40,8,11,14
66,40,8,12,28
66,40,8,13,40
66,40,8,14,10
66,40,8,15,35
66,40,8,16,18
66,40,8,17,9
66,40,8,18,7
66,40,8,19,38
66,40,8,20,4
66,40,8,21,24
66,40,8,22,19
66,40,8,23,6
66,40,8,24,39
66,40,8,25,5
66,40,8,26,37
66,40,8,27,33
66,40,8,28,34
66,40,8,29,20
66,40,8,30,36
66,40,8,31,16
66,40,8,32,2
66,40,8,33,22
66,40,8,34,3
66,40,8,35,8
66,40,8,36,17
66,40,8,37,25
66,40,8,38,31
66,40,8,39,12
66,40,8,40,21
66,40,9,1,15
66,40,9,2,26
66,40,9,3,10
66,40,9,4,30
66,40,9,5,35
66,40,9,6,29
66,40,9,7,20
66,40,9,8,33
66,40,9,9,7
66,40,9,10,11
66,40,9,11,6
66,40,9,12,25
66,40,9,13,1
66,40,9,14,17
66,40,9,15,24
66,40,9,16,40
66,40,9,17,37
66,40,9,18,21
66,40,9,19,12
66,40,9,20,39
66,40,9,21,38
66,40,9,22,3
66,40,9,23,9
66,40,9,24,31
66,40,9,25,22
66,40,9,26,8
66,40,9,27,4
66,40,9,28,28
66,40,9,29,36
66,40,9,30,32
66,40,9,31,19
66,40,9,32,23
66,40,9,33,13
66,40,9,34,14
66,40,9,35,2
66,40,9,36,18
66,40,9,37,5
66,40,9,38,34
66,40,9,39,16
66,40,9,40,27
67,40,1,1,3
67,40,1,2,38
67,40,1,3,36
67,40,1,4,5
67,40,1,5,30
67,40,1,6,14
67,40,1,7,1
67,40,1,8,21
67,40,1,9,9
67,40,1,10,22
67,40,1,11,33
67,40,1,12,18
67,40,1,13,24
67,40,1,14,37
67,40,1,15,7
67,40,1,16,15
67,40,1,17,19
67,40,1,18,23
67,40,1,19,28
67,40,1,20,17
67,40,1,21,16
67,40,1,22,8
67,40,1,23,10
67,40,1,24,27
67,40,1,25,11
67,40,1,26,25
67,40,1,27,20
67,40,1,28,32
67,40,1,29,6
67,40,1,30,12
67,40,1,31,35
67,40,1,32,29
67,40,1,33,26
67,40,1,34,13
67,40,1,35,2
67,40,1,36,39
67,40,1,37,40
67,40,1,38,34
67,40,1,39,31
67,40,1,40,4
67,40,2,1,18
67,40,2,2,7
67,40,2,3,9
67,40,2,4,21
67,40,2,5,32
67,40,2,6,11
67,40,2,7,38
67,40,2,8,22
67,40,2,9,29
67,40,2,10,10
67,40,2,11,33
67,40,2,12,15
67,40,2,13,25
67,40,2,14,34
67,40,2,15,36
67,40,2,16,26
67,40,2,17,5
67,40,2,18,14
67,40,2,19,2
67,40,2,20,37
67,40,2,21,16
67,40,2,22,30
67,40,2,23,27
67,40,2,24,31
67,40,2,25,17
67,40,2,26,6
67,40,2,27,19
67,40,2,28,13
67,40,2,29,1
67,40,2,30,8
67,40,2,31,3
67,40,2,32,39
67,40,2,33,28
67,40,2,34,24
67,40,2,35,40
67,40,2,36,4
67,40,2,37,23
67,40,2,38,20
67,40,2,39,12
67,40,2,40,35
67,40,3,1,4
67,40,3,2,12
67,40,3,3,22
67,40,3,4,13
67,40,3,5,39
67,40,3,6,36
67,40,3,7,40
67,40,3,8,37
67,40,3,9,17
67,40,3,10,1
67,40,3,11,23
67,40,3,12,15
67,40,3,13,16
67,40,3,14,25
67,40,3,15,9
67,40,3,16,3
67,40,3,17,18
67,40,3,18,2
67,40,3,19,30
67,40,3,20,6
67,40,3,21,27
67,40,3,22,24
67,40,3,23,31
67,40,3,24,14
67,40,3,25,26
67,40,3,26,10
67,40,3,27,38
67,40,3,28,20
67,40,3,29,32
67,40,3,30,33
67,40,3,31,8
67,40,3,32,7
67,40,3,33,5
67,40,3,34,19
67,40,3,35,29
67,40,3,36,21
67,40,3,37,35
67,40,3,38,11
67,40,3,39,34
67,40,3,40,28
67,40,4,1,27
67,40,4,2,9
67,40,4,3,38
67,40,4,4,15
67,40,4,5,22
67,40,4,6,8
67,40,4,7,23
67,40,4,8,34
67,40,4,9,29
67,40,4,10,24
67,40,4,11,31
67,40,4,12,4
67,40,4,13,28
67,40,4,14,21
67,40,4,15,17
67,40,4,16,5
67,40,4,17,13
67,40,4,18,14
67,40,4,19,2
67,40,4,20,12
67,40,4,21,1
67,40,4,22,18
67,40,4,23,36
67,40,4,24,35
67,40,4,25,3
67,40,4,26,40
67,40,4,27,37
67,40,4,28,25
67,40,4,29,11
67,40,4,30,39
67,40,4,31,10
67,40,4,32,26
67,40,4,33,30
67,40,4,34,16
67,40,4,35,20
67,40,4,36,6
67,40,4,37,7
67,40,4,38,32
67,40,4,39,33
67,40,4,40,19
67,40,5,1,21
67,40,5,2,3
67,40,5,3,8
67,40,5,4,26
67,40,5,5,32
67,40,5,6,1
67,40,5,7,14
67,40,5,8,29
67,40,5,9,37
67,40,5,10,12
67,40,5,11,17
67,40,5,12,22
67,40,5,13,34
67,40,5,14,11
67,40,5,15,35
67,40,5,16,23
67,40,5,17,6
67,40,5,18,19
67,40,5,19,18
67,40,5,20,39
67,40,5,21,30
67,40,5,22,2
67,40,5,23,40
67,40,5,24,15
67,40,5,25,24
67,40,5,26,25
67,40,5,27,38
67,40,5,28,27
67,40,5,29,9
67,40,5,30,20
67,40,5,31,13
67,40,5,32,4
67,40,5,33,28
67,40,5,34,5
67,40,5,35,36
67,40,5,36,10
67,40,5,37,16
67,40,5,38,33
67,40,5,39,31
67,40,5,40,7
67,40,6,1,11
67,40,6,2,26
67,40,6,3,2
67,40,6,4,12
67,40,6,5,13
67,40,6,6,24
67,40,6,7,33
67,40,6,8,19
67,40,6,9,21
67,40,6,10,37
67,40,6,11,29
67,40,6,12,9
67,40,6,13,18
67,40,6,14,8
67,40,6,15,1
67,40,6,16,27
67,40,6,17,36
67,40,6,18,5
67,40,6,19,14
67,40,6,20,31
67,40,6,21,6
67,40,6,22,28
67,40,6,23,10
67,40,6,24,15
67,40,6,25,16
67,40,6,26,34
67,40,6,27,4
67,40,6,28,17
67,40,6,29,20
67,40,6,30,22
67,40,6,31,38
67,40,6,32,35
67,40,6,33,40
67,40,6,34,3
67,40,6,35,23
67,40,6,36,32
67,40,6,37,7
67,40,6,38,30
67,40,6,39,25
67,40,6,40,39
67,40,7,1,30
67,40,7,2,13
67,40,7,3,24
67,40,7,4,39
67,40,7,5,10
67,40,7,6,26
67,40,7,7,25
67,40,7,8,27
67,40,7,9,29
67,40,7,10,37
67,40,7,11,3
67,40,7,12,23
67,40,7,13,5
67,40,7,14,33
67,40,7,15,21
67,40,7,16,18
67,40,7,17,17
67,40,7,18,35
67,40,7,19,32
67,40,7,20,1
67,40,7,21,4
67,40,7,22,2
67,40,7,23,7
67,40,7,24,15
67,40,7,25,31
67,40,7,26,12
67,40,7,27,14
67,40,7,28,28
67,40,7,29,38
67,40,7,30,16
67,40,7,31,20
67,40,7,32,22
67,40,7,33,6
67,40,7,34,36
67,40,7,35,9
67,40,7,36,19
67,40,7,37,8
67,40,7,38,40
67,40,7,39,11
67,40,7,40,34
67,40,8,1,6
67,40,8,2,19
67,40,8,3,24
67,40,8,4,4
67,40,8,5,38
67,40,8,6,7
67,40,8,7,9
67,40,8,8,18
67,40,8,9,28
67,40,8,10,14
67,40,8,11,26
67,40,8,12,10
67,40,8,13,35
67,40,8,14,40
67,40,8,15,27
67,40,8,16,32
67,40,8,17,21
67,40,8,18,36
67,40,8,19,20
67,40,8,20,34
67,40,8,21,37
67,40,8,22,5
67,40,8,23,33
67,40,8,24,16
67,40,8,25,12
67,40,8,26,11
67,40,8,27,1
67,40,8,28,29
67,40,8,29,15
67,40,8,30,30
67,40,8,31,23
67,40,8,32,13
67,40,8,33,31
67,40,8,34,25
67,40,8,35,17
67,40,8,36,8
67,40,8,37,2
67,40,8,38,3
67,40,8,39,22
67,40,8,40,39
67,40,9,1,40
67,40,9,2,37
67,40,9,3,21
67,40,9,4,12
67,40,9,5,39
67,40,9,6,38
67,40,9,7,3
67,40,9,8,9
67,40,9,9,31
67,40,9,10,8
67,40,9,11,22
67,40,9,12,4
67,40,9,13,28
67,40,9,14,36
67,40,9,15,32
67,40,9,16,19
67,40,9,17,18
67,40,9,18,5
67,40,9,19,2
67,40,9,20,23
67,40,9,21,13
67,40,9,22,14
67,40,9,23,27
67,40,9,24,16
67,40,9,25,34
67,40,9,26,15
67,40,9,27,26
67,40,9,28,10
67,40,9,29,30
67,40,9,30,7
67,40,9,31,33
67,40,9,32,35
67,40,9,33,11
67,40,9,34,20
67,40,9,35,29
67,40,9,36,6
67,40,9,37,25
67,40,9,38,17
67,40,9,39,1
67,40,9,40,24
68,40,1,1,38
68,40,1,2,3
68,40,1,3,36
68,40,1,4,5
68,40,1,5,30
68,40,1,6,4
68,40,1,7,31
68,40,1,8,34
68,40,1,9,40
68,40,1,10,39
68,40,1,11,2
68,40,1,12,26
68,40,1,13,13
68,40,1,14,11
68,40,1,15,25
68,40,1,16,20
68,40,1,17,29
68,40,1,18,35
68,40,1,19,12
68,40,1,20,6
68,40,1,21,32
68,40,1,22,8
68,40,1,23,16
68,40,1,24,10
68,40,1,25,27
68,40,1,26,17
68,40,1,27,15
68,40,1,28,24
68,40,1,29,18
68,40,1,30,37
68,40,1,31,22
68,40,1,32,9
68,40,1,33,21
68,40,1,34,1
68,40,1,35,14
68,40,1,36,33
68,40,1,37,7
68,40,1,38,19
68,40,1,39,28
68,40,1,40,23
68,40,2,1,15
68,40,2,2,25
68,40,2,3,36
68,40,2,4,26
68,40,2,5,14
68,40,2,6,2
68,40,2,7,37
68,40,2,8,16
68,40,2,9,31
68,40,2,10,27
68,40,2,11,30
68,40,2,12,19
68,40,2,13,17
68,40,2,14,35
68,40,2,15,12
68,40,2,16,20
68,40,2,17,23
68,40,2,18,6
68,40,2,19,13
68,40,2,20,1
68,40,2,21,4
68,40,2,22,40
68,40,2,23,8
68,40,2,24,3
68,40,2,25,5
68,40,2,26,34
68,40,2,27,39
68,40,2,28,28
68,40,2,29,24
68,40,2,30,32
68,40,2,31,21
68,40,2,32,9
68,40,2,33,7
68,40,2,34,11
68,40,2,35,18
68,40,2,36,38
68,40,2,37,22
68,40,2,38,29
68,40,2,39,10
68,40,2,40,33
68,40,3,1,30
68,40,3,2,38
68,40,3,3,20
68,40,3,4,32
68,40,3,5,7
68,40,3,6,8
68,40,3,7,33
68,40,3,8,10
68,40,3,9,5
68,40,3,10,19
68,40,3,11,29
68,40,3,12,21
68,40,3,13,34
68,40,3,14,28
68,40,3,15,11
68,40,3,16,35
68,40,3,17,26
68,40,3,18,39
68,40,3,19,13
68,40,3,20,22
68,40,3,21,12
68,40,3,22,4
68,40,3,23,36
68,40,3,24,17
68,40,3,25,37
68,40,3,26,40
68,40,3,27,1
68,40,3,28,23
68,40,3,29,15
68,40,3,30,16
68,40,3,31,25
68,40,3,32,9
68,40,3,33,3
68,40,3,34,18
68,40,3,35,2
68,40,3,36,14
68,40,3,37,31
68,40,3,38,24
68,40,3,39,6
68,40,3,40,27
68,40,4,1,39
68,40,4,2,30
68,40,4,3,16
68,40,4,4,20
68,40,4,5,6
68,40,4,6,7
68,40,4,7,32
68,40,4,8,33
68,40,4,9,19
68,40,4,10,27
68,40,4,11,9
68,40,4,12,38
68,40,4,13,15
68,40,4,14,22
68,40,4,15,8
68,40,4,16,23
68,40,4,17,34
68,40,4,18,29
68,40,4,19,24
68,40,4,20,31
68,40,4,21,4
68,40,4,22,21
68,40,4,23,17
68,40,4,24,28
68,40,4,25,14
68,40,4,26,13
68,40,4,27,5
68,40,4,28,2
68,40,4,29,12
68,40,4,30,1
68,40,4,31,18
68,40,4,32,36
68,40,4,33,35
68,40,4,34,3
68,40,4,35,40
68,40,4,36,26
68,40,4,37,37
68,40,4,38,10
68,40,4,39,25
68,40,4,40,11
68,40,5,1,10
68,40,5,2,14
68,40,5,3,29
68,40,5,4,37
68,40,5,5,12
68,40,5,6,17
68,40,5,7,22
68,40,5,8,34
68,40,5,9,11
68,40,5,10,35
68,40,5,11,23
68,40,5,12,6
68,40,5,13,18
68,40,5,14,19
68,40,5,15,39
68,40,5,16,30
68,40,5,17,2
68,40,5,18,40
68,40,5,19,15
68,40,5,20,24
68,40,5,21,25
68,40,5,22,38
68,40,5,23,20
68,40,5,24,27
68,40,5,25,9
68,40,5,26,13
68,40,5,27,33
68,40,5,28,31
68,40,5,29,7
68,40,5,30,21
68,40,5,31,3
68,40,5,32,8
68,40,5,33,26
68,40,5,34,1
68,40,5,35,32
68,40,5,36,28
68,40,5,37,16
68,40,5,38,4
68,40,5,39,5
68,40,5,40,36
68,40,6,1,15
68,40,6,2,16
68,40,6,3,4
68,40,6,4,17
68,40,6,5,20
68,40,6,6,34
68,40,6,7,22
68,40,6,8,25
68,40,6,9,39
68,40,6,10,30
68,40,6,11,7
68,40,6,12,32
68,40,6,13,35
68,40,6,14,38
68,40,6,15,10
68,40,6,16,28
68,40,6,17,40
68,40,6,18,3
68,40,6,19,23
68,40,6,20,33
68,40,6,21,24
68,40,6,22,11
68,40,6,23,26
68,40,6,24,2
68,40,6,25,12
68,40,6,26,13
68,40,6,27,19
68,40,6,28,37
68,40,6,29,29
68,40,6,30,6
68,40,6,31,31
68,40,6,32,9
68,40,6,33,21
68,40,6,34,8
68,40,6,35,18
68,40,6,36,1
68,40,6,37,27
68,40,6,38,36
68,40,6,39,5
68,40,6,40,14
68,40,7,1,25
68,40,7,2,26
68,40,7,3,24
68,40,7,4,30
68,40,7,5,13
68,40,7,6,39
68,40,7,7,34
68,40,7,8,11
68,40,7,9,40
68,40,7,10,9
68,40,7,11,19
68,40,7,12,8
68,40,7,13,36
68,40,7,14,6
68,40,7,15,22
68,40,7,16,10
68,40,7,17,20
68,40,7,18,12
68,40,7,19,31
68,40,7,20,15
68,40,7,21,14
68,40,7,22,28
68,40,7,23,38
68,40,7,24,16
68,40,7,25,21
68,40,7,26,33
68,40,7,27,7
68,40,7,28,2
68,40,7,29,4
68,40,7,30,18
68,40,7,31,1
68,40,7,32,32
68,40,7,33,35
68,40,7,34,17
68,40,7,35,23
68,40,7,36,5
68,40,7,37,3
68,40,7,38,37
68,40,7,39,29
68,40,7,40,27
68,40,8,1,15
68,40,8,2,23
68,40,8,3,30
68,40,8,4,11
68,40,8,5,13
68,40,8,6,21
68,40,8,7,12
68,40,8,8,31
68,40,8,9,25
68,40,8,10,17
68,40,8,11,8
68,40,8,12,3
68,40,8,13,2
68,40,8,14,22
68,40,8,15,16
68,40,8,16,36
68,40,8,17,20
68,40,8,18,34
68,40,8,19,33
68,40,8,20,39
68,40,8,21,6
68,40,8,22,19
68,40,8,23,5
68,40,8,24,24
68,40,8,25,4
68,40,8,26,38
68,40,8,27,37
68,40,8,28,7
68,40,8,29,9
68,40,8,30,18
68,40,8,31,14
68,40,8,32,28
68,40,8,33,10
68,40,8,34,35
68,40,8,35,40
68,40,8,36,26
68,40,8,37,27
68,40,8,38,32
68,40,8,39,1
68,40,8,40,29
68,40,9,1,30
68,40,9,2,7
68,40,9,3,11
68,40,9,4,33
68,40,9,5,35
68,40,9,6,29
68,40,9,7,20
68,40,9,8,6
68,40,9,9,25
68,40,9,10,17
68,40,9,11,1
68,40,9,12,24
68,40,9,13,40
68,40,9,14,37
68,40,9,15,21
68,40,9,16,12
68,40,9,17,39
68,40,9,18,14
68,40,9,19,13
68,40,9,20,23
68,40,9,21,19
68,40,9,22,32
68,40,9,23,38
68,40,9,24,3
68,40,9,25,9
68,40,9,26,31
68,40,9,27,22
68,40,9,28,8
68,40,9,29,4
68,40,9,30,28
68,40,9,31,36
68,40,9,32,18
68,40,9,33,5
68,40,9,34,2
68,40,9,35,34
68,40,9,36,16
68,40,9,37,27
68,40,9,38,15
68,40,9,39,26
68,40,9,40,10
69,40,1,1,11
69,40,1,2,25
69,40,1,3,20
69,40,1,4,29
69,40,1,5,35
69,40,1,6,12
69,40,1,7,6
69,40,1,8,32
69,40,1,9,8
69,40,1,10,10
69,40,1,11,16
69,40,1,12,17
69,40,1,13,28
69,40,1,14,15
69,40,1,15,24
69,40,1,16,18
69,40,1,17,7
69,40,1,18,19
69,40,1,19,23
69,40,1,20,33
69,40,1,21,22
69,40,1,22,37
69,40,1,23,27
69,40,1,24,9
69,40,1,25,21
69,40,1,26,1
69,40,1,27,14
69,40,1,28,36
69,40,1,29,38
69,40,1,30,3
69,40,1,31,5
69,40,1,32,30
69,40,1,33,4
69,40,1,34,31
69,40,1,35,34
69,40,1,36,40
69,40,1,37,39
69,40,1,38,2
69,40,1,39,26
69,40,1,40,13
69,40,2,1,15
69,40,2,2,33
69,40,2,3,10
69,40,2,4,29
69,40,2,5,22
69,40,2,6,38
69,40,2,7,18
69,40,2,8,7
69,40,2,9,9
69,40,2,10,21
69,40,2,11,32
69,40,2,12,11
69,40,2,13,24
69,40,2,14,28
69,40,2,15,39
69,40,2,16,3
69,40,2,17,8
69,40,2,18,40
69,40,2,19,4
69,40,2,20,23
69,40,2,21,20
69,40,2,22,12
69,40,2,23,35
69,40,2,24,17
69,40,2,25,6
69,40,2,26,13
69,40,2,27,1
69,40,2,28,19
69,40,2,29,27
69,40,2,30,31
69,40,2,31,30
69,40,2,32,16
69,40,2,33,37
69,40,2,34,2
69,40,2,35,14
69,40,2,36,5
69,40,2,37,26
69,40,2,38,36
69,40,2,39,34
69,40,2,40,25
69,40,3,1,40
69,40,3,2,36
69,40,3,3,4
69,40,3,4,12
69,40,3,5,22
69,40,3,6,39
69,40,3,7,13
69,40,3,8,28
69,40,3,9,34
69,40,3,10,11
69,40,3,11,21
69,40,3,12,29
69,40,3,13,35
69,40,3,14,19
69,40,3,15,5
69,40,3,16,8
69,40,3,17,7
69,40,3,18,33
69,40,3,19,32
69,40,3,20,20
69,40,3,21,38
69,40,3,22,10
69,40,3,23,26
69,40,3,24,14
69,40,3,25,31
69,40,3,26,24
69,40,3,27,27
69,40,3,28,6
69,40,3,29,9
69,40,3,30,25
69,40,3,31,2
69,40,3,32,18
69,40,3,33,30
69,40,3,34,3
69,40,3,35,16
69,40,3,36,15
69,40,3,37,23
69,40,3,38,1
69,40,3,39,37
69,40,3,40,17
69,40,4,1,34
69,40,4,2,23
69,40,4,3,18
69,40,4,4,29
69,40,4,5,24
69,40,4,6,31
69,40,4,7,4
69,40,4,8,28
69,40,4,9,17
69,40,4,10,21
69,40,4,11,14
69,40,4,12,13
69,40,4,13,5
69,40,4,14,2
69,40,4,15,12
69,40,4,16,1
69,40,4,17,35
69,40,4,18,40
69,40,4,19,37
69,40,4,20,11
69,40,4,21,25
69,40,4,22,26
69,40,4,23,10
69,40,4,24,30
69,40,4,25,39
69,40,4,26,6
69,40,4,27,7
69,40,4,28,20
69,40,4,29,32
69,40,4,30,16
69,40,4,31,33
69,40,4,32,3
69,40,4,33,19
69,40,4,34,36
69,40,4,35,8
69,40,4,36,22
69,40,4,37,27
69,40,4,38,15
69,40,4,39,9
69,40,4,40,38
69,40,5,1,36
69,40,5,2,5
69,40,5,3,10
69,40,5,4,14
69,40,5,5,29
69,40,5,6,32
69,40,5,7,28
69,40,5,8,4
69,40,5,9,9
69,40,5,10,27
69,40,5,11,20
69,40,5,12,13
69,40,5,13,33
69,40,5,14,16
69,40,5,15,26
69,40,5,16,31
69,40,5,17,7
69,40,5,18,8
69,40,5,19,21
69,40,5,20,3
69,40,5,21,1
69,40,5,22,37
69,40,5,23,12
69,40,5,24,17
69,40,5,25,22
69,40,5,26,34
69,40,5,27,11
69,40,5,28,35
69,40,5,29,23
69,40,5,30,6
69,40,5,31,18
69,40,5,32,19
69,40,5,33,39
69,40,5,34,30
69,40,5,35,40
69,40,5,36,15
69,40,5,37,38
69,40,5,38,25
69,40,5,39,24
69,40,5,40,2
69,40,6,1,37
69,40,6,2,29
69,40,6,3,3
69,40,6,4,23
69,40,6,5,7
69,40,6,6,30
69,40,6,7,39
69,40,6,8,25
69,40,6,9,32
69,40,6,10,35
69,40,6,11,38
69,40,6,12,22
69,40,6,13,20
69,40,6,14,17
69,40,6,15,4
69,40,6,16,34
69,40,6,17,16
69,40,6,18,15
69,40,6,19,10
69,40,6,20,28
69,40,6,21,40
69,40,6,22,6
69,40,6,23,31
69,40,6,24,14
69,40,6,25,5
69,40,6,26,36
69,40,6,27,27
69,40,6,28,1
69,40,6,29,8
69,40,6,30,18
69,40,6,31,21
69,40,6,32,13
69,40,6,33,12
69,40,6,34,2
69,40,6,35,26
69,40,6,36,2
69,40,6,37,24
69,40,6,38,33
69,40,6,39,19
69,40,6,40,9
69,40,7,1,40
69,40,7,2,9
69,40,7,3,19
69,40,7,4,36
69,40,7,5,8
69,40,7,6,12
69,40,7,7,31
69,40,7,8,15
69,40,7,9,7
69,40,7,10,14
69,40,7,11,4
69,40,7,12,2
69,40,7,13,1
69,40,7,14,32
69,40,7,15,35
69,40,7,16,18
69,40,7,17,28
69,40,7,18,38
69,40,7,19,21
69,40,7,20,33
69,40,7,21,5
69,40,7,22,23
69,40,7,23,17
69,40,7,24,3
69,40,7,25,37
69,40,7,26,29
69,40,7,27,27
69,40,7,28,25
69,40,7,29,26
69,40,7,30,10
69,40,7,31,16
69,40,7,32,20
69,40,7,33,6
69,40,7,34,22
69,40,7,35,39
69,40,7,36,24
69,40,7,37,13
69,40,7,38,30
69,40,7,39,34
69,40,7,40,11
69,40,8,1,19
69,40,8,2,24
69,40,8,3,4
69,40,8,4,38
69,40,8,5,7
69,40,8,6,18
69,40,8,7,9
69,40,8,8,28
69,40,8,9,10
69,40,8,10,35
69,40,8,11,40
69,40,8,12,26
69,40,8,13,14
69,40,8,14,27
69,40,8,15,32
69,40,8,16,11
69,40,8,17,1
69,40,8,18,29
69,40,8,19,15
69,40,8,20,23
69,40,8,21,30
69,40,8,22,13
69,40,8,23,21
69,40,8,24,12
69,40,8,25,36
69,40,8,26,16
69,40,8,27,31
69,40,8,28,25
69,40,8,29,17
69,40,8,30,8
69,40,8,31,2
69,40,8,32,3
69,40,8,33,22
69,40,8,34,20
69,40,8,35,34
69,40,8,36,37
69,40,8,37,33
69,40,8,38,5
69,40,8,39,39
69,40,8,40,6
69,40,9,1,18
69,40,9,2,36
69,40,9,3,28
69,40,9,4,4
69,40,9,5,22
69,40,9,6,9
69,40,9,7,31
69,40,9,8,8
69,40,9,9,32
69,40,9,10,19
69,40,9,11,38
69,40,9,12,3
69,40,9,13,12
69,40,9,14,21
69,40,9,15,37
69,40,9,16,40
69,40,9,17,24
69,40,9,18,17
69,40,9,19,1
69,40,9,20,25
69,40,9,21,39
69,40,9,22,14
69,40,9,23,6
69,40,9,24,20
69,40,9,25,11
69,40,9,26,7
69,40,9,27,30
69,40,9,28,10
69,40,9,29,26
69,40,9,30,15
69,40,9,31,35
69,40,9,32,33
69,40,9,33,29
69,40,9,34,13
69,40,9,35,23
69,40,9,36,2
69,40,9,37,27
69,40,9,38,16
69,40,9,39,34
69,40,9,40,5
70,40,1,1,37
70,40,1,2,24
70,40,1,3,18
70,40,1,4,22
70,40,1,5,33
70,40,1,6,1
70,40,1,7,14
70,40,1,8,38
70,40,1,9,3
70,40,1,10,36
70,40,1,11,5
70,40,1,12,30
70,40,1,13,4
70,40,1,14,31
70,40,1,15,21
70,40,1,16,9
70,40,1,17,34
70,40,1,18,40
70,40,1,19,39
70,40,1,20,2
70,40,1,21,26
70,40,1,22,13
70,40,1,23,11
70,40,1,24,25
70,40,1,25,20
70,40,1,26,32
70,40,1,27,6
70,40,1,28,35
70,40,1,29,29
70,40,1,30,12
70,40,1,31,8
70,40,1,32,16
70,40,1,33,17
70,40,1,34,15
70,40,1,35,28
70,40,1,36,19
70,40,1,37,7
70,40,1,38,23
70,40,1,39,27
70,40,1,40,10
70,40,2,1,40
70,40,2,2,24
70,40,2,3,28
70,40,2,4,8
70,40,2,5,1
70,40,2,6,13
70,40,2,7,19
70,40,2,8,6
70,40,2,9,12
70,40,2,10,20
70,40,2,11,23
70,40,2,12,4
70,40,2,13,32
70,40,2,14,11
70,40,2,15,22
70,40,2,16,38
70,40,2,17,21
70,40,2,18,9
70,40,2,19,7
70,40,2,20,18
70,40,2,21,29
70,40,2,22,10
70,40,2,23,33
70,40,2,24,15
70,40,2,25,25
70,40,2,26,34
70,40,2,27,39
70,40,2,28,3
70,40,2,29,5
70,40,2,30,26
70,40,2,31,36
70,40,2,32,2
70,40,2,33,14
70,40,2,34,37
70,40,2,35,16
70,40,2,36,30
70,40,2,37,27
70,40,2,38,31
70,40,2,39,17
70,40,2,40,35
70,40,3,1,4
70,40,3,2,17
70,40,3,3,37
70,40,3,4,1
70,40,3,5,15
70,40,3,6,16
70,40,3,7,3
70,40,3,8,18
70,40,3,9,30
70,40,3,10,2
70,40,3,11,6
70,40,3,12,27
70,40,3,13,38
70,40,3,14,20
70,40,3,15,32
70,40,3,16,7
70,40,3,17,8
70,40,3,18,5
70,40,3,19,19
70,40,3,20,29
70,40,3,21,21
70,40,3,22,11
70,40,3,23,34
70,40,3,24,28
70,40,3,25,13
70,40,3,26,12
70,40,3,27,22
70,40,3,28,36
70,40,3,29,40
70,40,3,30,23
70,40,3,31,25
70,40,3,32,9
70,40,3,33,31
70,40,3,34,24
70,40,3,35,14
70,40,3,36,26
70,40,3,37,10
70,40,3,38,33
70,40,3,39,35
70,40,3,40,39
70,40,4,1,21
70,40,4,2,17
70,40,4,3,28
70,40,4,4,5
70,40,4,5,11
70,40,4,6,25
70,40,4,7,37
70,40,4,8,13
70,40,4,9,14
70,40,4,10,4
70,40,4,11,31
70,40,4,12,2
70,40,4,13,12
70,40,4,14,1
70,40,4,15,40
70,40,4,16,26
70,40,4,17,10
70,40,4,18,39
70,40,4,19,30
70,40,4,20,16
70,40,4,21,3
70,40,4,22,35
70,40,4,23,18
70,40,4,24,29
70,40,4,25,24
70,40,4,26,34
70,40,4,27,23
70,40,4,28,8
70,40,4,29,36
70,40,4,30,19
70,40,4,31,33
70,40,4,32,32
70,40,4,33,20
70,40,4,34,7
70,40,4,35,6
70,40,4,36,27
70,40,4,37,22
70,40,4,38,15
70,40,4,39,9
70,40,4,40,38
70,40,5,1,20
70,40,5,2,7
70,40,5,3,21
70,40,5,4,3
70,40,5,5,1
70,40,5,6,37
70,40,5,7,12
70,40,5,8,17
70,40,5,9,22
70,40,5,10,35
70,40,5,11,34
70,40,5,12,11
70,40,5,13,29
70,40,5,14,14
70,40,5,15,32
70,40,5,16,26
70,40,5,17,8
70,40,5,18,31
70,40,5,19,33
70,40,5,20,16
70,40,5,21,28
70,40,5,22,10
70,40,5,23,5
70,40,5,24,36
70,40,5,25,23
70,40,5,26,6
70,40,5,27,18
70,40,5,28,19
70,40,5,29,2
70,40,5,30,4
70,40,5,31,13
70,40,5,32,9
70,40,5,33,27
70,40,5,34,24
70,40,5,35,15
70,40,5,36,40
70,40,5,37,30
70,40,5,38,39
70,40,5,39,38
70,40,5,40,25
70,40,6,1,39
70,40,6,2,11
70,40,6,3,26
70,40,6,4,2
70,40,6,5,12
70,40,6,6,8
70,40,6,7,1
70,40,6,8,27
70,40,6,9,36
70,40,6,10,14
70,40,6,11,31
70,40,6,12,10
70,40,6,13,15
70,40,6,14,16
70,40,6,15,4
70,40,6,16,17
70,40,6,17,20
70,40,6,18,22
70,40,6,19,25
70,40,6,20,30
70,40,6,21,24
70,40,6,22,13
70,40,6,23,21
70,40,6,24,18
70,40,6,25,5
70,40,6,26,9
70,40,6,27,6
70,40,6,28,28
70,40,6,29,40
70,40,6,30,29
70,40,6,31,37
70,40,6,32,19
70,40,6,33,33
70,40,6,34,7
70,40,6,35,32
70,40,6,36,35
70,40,6,37,38
70,40,6,38,34
70,40,6,39,3
70,40,6,40,23
70,40,7,1,30
70,40,7,2,24
70,40,7,3,26
70,40,7,4,25
70,40,7,5,27
70,40,7,6,29
70,40,7,7,37
70,40,7,8,3
70,40,7,9,23
70,40,7,10,17
70,40,7,11,35
70,40,7,12,32
70,40,7,13,1
70,40,7,14,18
70,40,7,15,5
70,40,7,16,33
70,40,7,17,21
70,40,7,18,10
70,40,7,19,39
70,40,7,20,13
70,40,7,21,16
70,40,7,22,38
70,40,7,23,28
70,40,7,24,4
70,40,7,25,2
70,40,7,26,7
70,40,7,27,14
70,40,7,28,20
70,40,7,29,12
70,40,7,30,31
70,40,7,31,15
70,40,7,32,8
70,40,7,33,19
70,40,7,34,9
70,40,7,35,40
70,40,7,36,34
70,40,7,37,11
70,40,7,38,36
70,40,7,39,6
70,40,7,40,22
70,40,8,1,29
70,40,8,2,1
70,40,8,3,32
70,40,8,4,27
70,40,8,5,26
70,40,8,6,40
70,40,8,7,10
70,40,8,8,35
70,40,8,9,28
70,40,8,10,18
70,40,8,11,7
70,40,8,12,38
70,40,8,13,4
70,40,8,14,24
70,40,8,15,19
70,40,8,16,6
70,40,8,17,8
70,40,8,18,17
70,40,8,19,25
70,40,8,20,31
70,40,8,21,12
70,40,8,22,13
70,40,8,23,23
70,40,8,24,30
70,40,8,25,11
70,40,8,26,21
70,40,8,27,16
70,40,8,28,2
70,40,8,29,3
70,40,8,30,22
70,40,8,31,39
70,40,8,32,5
70,40,8,33,37
70,40,8,34,9
70,40,8,35,34
70,40,8,36,33
70,40,8,37,20
70,40,8,38,36
70,40,8,39,14
70,40,8,40,15
70,40,9,1,13
70,40,9,2,23
70,40,9,3,19
70,40,9,4,39
70,40,9,5,14
70,40,9,6,2
70,40,9,7,36
70,40,9,8,32
70,40,9,9,38
70,40,9,10,12
70,40,9,11,29
70,40,9,12,15
70,40,9,13,27
70,40,9,14,34
70,40,9,15,5
70,40,9,16,18
70,40,9,17,28
70,40,9,18,4
70,40,9,19,8
70,40,9,20,22
70,40,9,21,31
70,40,9,22,9
70,40,9,23,3
70,40,9,24,21
70,40,9,25,37
70,40,9,26,40
70,40,9,27,24
70,40,9,28,1
70,40,9,29,17
70,40,9,30,25
70,40,9,31,6
70,40,9,32,20
70,40,9,33,11
70,40,9,34,7
70,40,9,35,33
70,40,9,36,35
70,40,9,37,30
70,40,9,38,10
70,40,9,39,26
70,40,9,40,16
71,40,1,1,39
71,40,1,2,34
71,40,1,3,31
71,40,1,4,4
71,40,1,5,30
71,40,1,6,5
71,40,1,7,3
71,40,1,8,38
71,40,1,9,36
71,40,1,10,14
71,40,1,11,1
71,40,1,12,21
71,40,1,13,9
71,40,1,14,33
71,40,1,15,22
71,40,1,16,37
71,40,1,17,27
71,40,1,18,24
71,40,1,19,18
71,40,1,20,15
71,40,1,21,7
71,40,1,22,23
71,40,1,23,19
71,40,1,24,28
71,40,1,25,17
71,40,1,26,16
71,40,1,27,10
71,40,1,28,8
71,40,1,29,12
71,40,1,30,35
71,40,1,31,29
71,40,1,32,6
71,40,1,33,32
71,40,1,34,20
71,40,1,35,25
71,40,1,36,11
71,40,1,37,13
71,40,1,38,26
71,40,1,39,2
71,40,1,40,40
71,40,2,1,18
71,40,2,2,7
71,40,2,3,9
71,40,2,4,21
71,40,2,5,23
71,40,2,6,20
71,40,2,7,12
71,40,2,8,35
71,40,2,9,17
71,40,2,10,6
71,40,2,11,13
71,40,2,12,19
71,40,2,13,27
71,40,2,14,31
71,40,2,15,30
71,40,2,16,1
71,40,2,17,4
71,40,2,18,16
71,40,2,19,37
71,40,2,20,2
71,40,2,21,14
71,40,2,22,5
71,40,2,23,26
71,40,2,24,36
71,40,2,25,34
71,40,2,26,25
71,40,2,27,3
71,40,2,28,8
71,40,2,29,40
71,40,2,30,24
71,40,2,31,28
71,40,2,32,39
71,40,2,33,15
71,40,2,34,33
71,40,2,35,10
71,40,2,36,29
71,40,2,37,22
71,40,2,38,38
71,40,2,39,11
71,40,2,40,32
71,40,3,1,4
71,40,3,2,12
71,40,3,3,22
71,40,3,4,13
71,40,3,5,28
71,40,3,6,34
71,40,3,7,11
71,40,3,8,35
71,40,3,9,21
71,40,3,10,29
71,40,3,11,19
71,40,3,12,5
71,40,3,13,8
71,40,3,14,7
71,40,3,15,33
71,40,3,16,10
71,40,3,17,32
71,40,3,18,20
71,40,3,19,38
71,40,3,20,26
71,40,3,21,14
71,40,3,22,31
71,40,3,23,24
71,40,3,24,27
71,40,3,25,6
71,40,3,26,30
71,40,3,27,18
71,40,3,28,2
71,40,3,29,9
71,40,3,30,25
71,40,3,31,3
71,40,3,32,16
71,40,3,33,15
71,40,3,34,23
71,40,3,35,39
71,40,3,36,36
71,40,3,37,40
71,40,3,38,1
71,40,3,39,37
71,40,3,40,17
71,40,4,1,27
71,40,4,2,19
71,40,4,3,33
71,40,4,4,32
71,40,4,5,7
71,40,4,6,6
71,40,4,7,20
71,40,4,8,16
71,40,4,9,30
71,40,4,10,39
71,40,4,11,10
71,40,4,12,26
71,40,4,13,25
71,40,4,14,37
71,40,4,15,11
71,40,4,16,5
71,40,4,17,28
71,40,4,18,17
71,40,4,19,21
71,40,4,20,4
71,40,4,21,14
71,40,4,22,13
71,40,4,23,2
71,40,4,24,12
71,40,4,25,31
71,40,4,26,24
71,40,4,27,1
71,40,4,28,40
71,40,4,29,35
71,40,4,30,3
71,40,4,31,36
71,40,4,32,8
71,40,4,33,18
71,40,4,34,29
71,40,4,35,34
71,40,4,36,23
71,40,4,37,22
71,40,4,38,15
71,40,4,39,9
71,40,4,40,38
71,40,5,1,36
71,40,5,2,5
71,40,5,3,27
71,40,5,4,9
71,40,5,5,20
71,40,5,6,33
71,40,5,7,13
71,40,5,8,4
71,40,5,9,28
71,40,5,10,16
71,40,5,11,31
71,40,5,12,7
71,40,5,13,21
71,40,5,14,3
71,40,5,15,8
71,40,5,16,26
71,40,5,17,32
71,40,5,18,1
71,40,5,19,10
71,40,5,20,14
71,40,5,21,29
71,40,5,22,37
71,40,5,23,12
71,40,5,24,17
71,40,5,25,22
71,40,5,26,34
71,40,5,27,11
71,40,5,28,35
71,40,5,29,23
71,40,5,30,6
71,40,5,31,18
71,40,5,32,19
71,40,5,33,39
71,40,5,34,30
71,40,5,35,40
71,40,5,36,15
71,40,5,37,38
71,40,5,38,25
71,40,5,39,24
71,40,5,40,2
71,40,6,1,14
71,40,6,2,5
71,40,6,3,36
71,40,6,4,27
71,40,6,5,1
71,40,6,6,8
71,40,6,7,13
71,40,6,8,12
71,40,6,9,2
71,40,6,10,26
71,40,6,11,11
71,40,6,12,30
71,40,6,13,39
71,40,6,14,25
71,40,6,15,17
71,40,6,16,4
71,40,6,17,15
71,40,6,18,16
71,40,6,19,20
71,40,6,20,22
71,40,6,21,34
71,40,6,22,38
71,40,6,23,35
71,40,6,24,32
71,40,6,25,7
71,40,6,26,24
71,40,6,27,33
71,40,6,28,19
71,40,6,29,21
71,40,6,30,37
71,40,6,31,23
71,40,6,32,3
71,40,6,33,29
71,40,6,34,40
71,40,6,35,6
71,40,6,36,28
71,40,6,37,10
71,40,6,38,31
71,40,6,39,9
71,40,6,40,18
71,40,7,1,40
71,40,7,2,9
71,40,7,3,19
71,40,7,4,8
71,40,7,5,36
71,40,7,6,6
71,40,7,7,22
71,40,7,8,20
71,40,7,9,16
71,40,7,10,21
71,40,7,11,38
71,40,7,12,28
71,40,7,13,14
71,40,7,14,12
71,40,7,15,31
71,40,7,16,15
71,40,7,17,7
71,40,7,18,2
71,40,7,19,4
71,40,7,20,18
71,40,7,21,1
71,40,7,22,32
71,40,7,23,35
71,40,7,24,17
71,40,7,25,23
71,40,7,26,5
71,40,7,27,33
71,40,7,28,10
71,40,7,29,39
71,40,7,30,37
71,40,7,31,3
71,40,7,32,29
71,40,7,33,27
71,40,7,34,25
71,40,7,35,26
71,40,7,36,24
71,40,7,37,13
71,40,7,38,30
71,40,7,39,34
71,40,7,40,11
71,40,8,1,20
71,40,8,2,34
71,40,8,3,33
71,40,8,4,39
71,40,8,5,6
71,40,8,6,19
71,40,8,7,24
71,40,8,8,5
71,40,8,9,4
71,40,8,10,38
71,40,8,11,37
71,40,8,12,7
71,40,8,13,9
71,40,8,14,18
71,40,8,15,28
71,40,8,16,10
71,40,8,17,35
71,40,8,18,40
71,40,8,19,26
71,40,8,20,14
71,40,8,21,27
71,40,8,22,32
71,40,8,23,36
71,40,8,24,21
71,40,8,25,11
71,40,8,26,1
71,40,8,27,29
71,40,8,28,15
71,40,8,29,30
71,40,8,30,23
71,40,8,31,13
71,40,8,32,12
71,40,8,33,31
71,40,8,34,25
71,40,8,35,17
71,40,8,36,8
71,40,8,37,3
71,40,8,38,22
71,40,8,39,2
71,40,8,40,16
71,40,9,1,16
71,40,9,2,34
71,40,9,3,5
71,40,9,4,18
71,40,9,5,36
71,40,9,6,28
71,40,9,7,4
71,40,9,8,22
71,40,9,9,8
71,40,9,10,31
71,40,9,11,9
71,40,9,12,3
71,40,9,13,32
71,40,9,14,19
71,40,9,15,2
71,40,9,16,23
71,40,9,17,13
71,40,9,18,14
71,40,9,19,39
71,40,9,20,38
71,40,9,21,12
71,40,9,22,21
71,40,9,23,37
71,40,9,24,40
71,40,9,25,24
71,40,9,26,17
71,40,9,27,1
71,40,9,28,25
71,40,9,29,6
71,40,9,30,20
71,40,9,31,29
71,40,9,32,11
71,40,9,33,7
71,40,9,34,33
71,40,9,35,35
71,40,9,36,30
71,40,9,37,10
71,40,9,38,26
71,40,9,39,15
71,40,9,40,27
72,40,1,1,23
72,40,1,2,19
72,40,1,3,28
72,40,1,4,7
72,40,1,5,15
72,40,1,6,17
72,40,1,7,16
72,40,1,8,10
72,40,1,9,8
72,40,1,10,20
72,40,1,11,32
72,40,1,12,6
72,40,1,13,12
72,40,1,14,35
72,40,1,15,29
72,40,1,16,25
72,40,1,17,11
72,40,1,18,13
72,40,1,19,26
72,40,1,20,2
72,40,1,21,39
72,40,1,22,40
72,40,1,23,34
72,40,1,24,31
72,40,1,25,4
72,40,1,26,3
72,40,1,27,30
72,40,1,28,5
72,40,1,29,36
72,40,1,30,38
72,40,1,31,14
72,40,1,32,21
72,40,1,33,1
72,40,1,34,9
72,40,1,35,27
72,40,1,36,37
72,40,1,37,24
72,40,1,38,18
72,40,1,39,22
72,40,1,40,33
72,40,2,1,31
72,40,2,2,17
72,40,2,3,35
72,40,2,4,6
72,40,2,5,12
72,40,2,6,20
72,40,2,7,23
72,40,2,8,4
72,40,2,9,40
72,40,2,10,24
72,40,2,11,32
72,40,2,12,11
72,40,2,13,21
72,40,2,14,9
72,40,2,15,7
72,40,2,16,18
72,40,2,17,38
72,40,2,18,22
72,40,2,19,29
72,40,2,20,10
72,40,2,21,33
72,40,2,22,15
72,40,2,23,28
72,40,2,24,39
72,40,2,25,25
72,40,2,26,34
72,40,2,27,36
72,40,2,28,26
72,40,2,29,5
72,40,2,30,3
72,40,2,31,8
72,40,2,32,14
72,40,2,33,2
72,40,2,34,37
72,40,2,35,16
72,40,2,36,30
72,40,2,37,1
72,40,2,38,13
72,40,2,39,19
72,40,2,40,27
72,40,3,1,4
72,40,3,2,12
72,40,3,3,22
72,40,3,4,39
72,40,3,5,13
72,40,3,6,28
72,40,3,7,34
72,40,3,8,11
72,40,3,9,21
72,40,3,10,29
72,40,3,11,35
72,40,3,12,19
72,40,3,13,5
72,40,3,14,8
72,40,3,15,7
72,40,3,16,33
72,40,3,17,10
72,40,3,18,32
72,40,3,19,20
72,40,3,20,38
72,40,3,21,26
72,40,3,22,14
72,40,3,23,31
72,40,3,24,24
72,40,3,25,27
72,40,3,26,6
72,40,3,27,9
72,40,3,28,25
72,40,3,29,2
72,40,3,30,30
72,40,3,31,18
72,40,3,32,3
72,40,3,33,16
72,40,3,34,15
72,40,3,35,23
72,40,3,36,1
72,40,3,37,37
72,40,3,38,40
72,40,3,39,17
72,40,3,40,36
72,40,4,1,11
72,40,4,2,5
72,40,4,3,13
72,40,4,4,14
72,40,4,5,28
72,40,4,6,17
72,40,4,7,21
72,40,4,8,4
72,40,4,9,31
72,40,4,10,24
72,40,4,11,29
72,40,4,12,34
72,40,4,13,23
72,40,4,14,38
72,40,4,15,9
72,40,4,16,15
72,40,4,17,27
72,40,4,18,22
72,40,4,19,8
72,40,4,20,36
72,40,4,21,19
72,40,4,22,33
72,40,4,23,32
72,40,4,24,20
72,40,4,25,7
72,40,4,26,6
72,40,4,27,16
72,40,4,28,30
72,40,4,29,39
72,40,4,30,10
72,40,4,31,26
72,40,4,32,3
72,40,4,33,35
72,40,4,34,40
72,40,4,35,25
72,40,4,36,37
72,40,4,37,18
72,40,4,38,1
72,40,4,39,12
72,40,4,40,2
72,40,5,1,7
72,40,5,2,21
72,40,5,3,3
72,40,5,4,8
72,40,5,5,26
72,40,5,6,32
72,40,5,7,1
72,40,5,8,29
72,40,5,9,37
72,40,5,10,12
72,40,5,11,17
72,40,5,12,34
72,40,5,13,11
72,40,5,14,22
72,40,5,15,35
72,40,5,16,18
72,40,5,17,6
72,40,5,18,23
72,40,5,19,19
72,40,5,20,39
72,40,5,21,30
72,40,5,22,40
72,40,5,23,15
72,40,5,24,38
72,40,5,25,25
72,40,5,26,24
72,40,5,27,2
72,40,5,28,36
72,40,5,29,10
72,40,5,30,5
72,40,5,31,14
72,40,5,32,28
72,40,5,33,27
72,40,5,34,9
72,40,5,35,4
72,40,5,36,16
72,40,5,37,13
72,40,5,38,33
72,40,5,39,20
72,40,5,40,31
72,40,6,1,14
72,40,6,2,31
72,40,6,3,6
72,40,6,4,40
72,40,6,5,28
72,40,6,6,10
72,40,6,7,15
72,40,6,8,16
72,40,6,9,38
72,40,6,10,34
72,40,6,11,4
72,40,6,12,17
72,40,6,13,20
72,40,6,14,22
72,40,6,15,25
72,40,6,16,35
72,40,6,17,32
72,40,6,18,7
72,40,6,19,30
72,40,6,20,39
72,40,6,21,11
72,40,6,22,26
72,40,6,23,2
72,40,6,24,12
72,40,6,25,13
72,40,6,26,24
72,40,6,27,33
72,40,6,28,19
72,40,6,29,21
72,40,6,30,8
72,40,6,31,1
72,40,6,32,27
72,40,6,33,36
72,40,6,34,5
72,40,6,35,18
72,40,6,36,9
72,40,6,37,37
72,40,6,38,23
72,40,6,39,3
72,40,6,40,29
72,40,7,1,34
72,40,7,2,11
72,40,7,3,40
72,40,7,4,9
72,40,7,5,19
72,40,7,6,8
72,40,7,7,36
72,40,7,8,12
72,40,7,9,14
72,40,7,10,31
72,40,7,11,15
72,40,7,12,7
72,40,7,13,2
72,40,7,14,4
72,40,7,15,18
72,40,7,16,1
72,40,7,17,32
72,40,7,18,35
72,40,7,19,28
72,40,7,20,38
72,40,7,21,21
72,40,7,22,33
72,40,7,23,5
72,40,7,24,23
72,40,7,25,17
72,40,7,26,37
72,40,7,27,3
72,40,7,28,29
72,40,7,29,27
72,40,7,30,25
72,40,7,31,26
72,40,7,32,24
72,40,7,33,30
72,40,7,34,13
72,40,7,35,39
72,40,7,36,10
72,40,7,37,22
72,40,7,38,6
72,40,7,39,20
72,40,7,40,16
72,40,8,1,15
72,40,8,2,29
72,40,8,3,1
72,40,8,4,11
72,40,8,5,32
72,40,8,6,27
72,40,8,7,14
72,40,8,8,26
72,40,8,9,40
72,40,8,10,28
72,40,8,11,10
72,40,8,12,35
72,40,8,13,18
72,40,8,14,9
72,40,8,15,7
72,40,8,16,38
72,40,8,17,4
72,40,8,18,24
72,40,8,19,19
72,40,8,20,6
72,40,8,21,5
72,40,8,22,37
72,40,8,23,39
72,40,8,24,33
72,40,8,25,34
72,40,8,26,20
72,40,8,27,16
72,40,8,28,22
72,40,8,29,2
72,40,8,30,3
72,40,8,31,8
72,40,8,32,17
72,40,8,33,25
72,40,8,34,31
72,40,8,35,12
72,40,8,36,36
72,40,8,37,21
72,40,8,38,13
72,40,8,39,23
72,40,8,40,30
72,40,9,1,18
72,40,9,2,36
72,40,9,3,28
72,40,9,4,4
72,40,9,5,22
72,40,9,6,8
72,40,9,7,31
72,40,9,8,9
72,40,9,9,3
72,40,9,10,38
72,40,9,11,39
72,40,9,12,12
72,40,9,13,21
72,40,9,14,37
72,40,9,15,40
72,40,9,16,24
72,40,9,17,17
72,40,9,18,1
72,40,9,19,25
72,40,9,20,6
72,40,9,21,20
72,40,9,22,29
72,40,9,23,11
72,40,9,24,7
72,40,9,25,33
72,40,9,26,35
72,40,9,27,30
72,40,9,28,10
72,40,9,29,26
72,40,9,30,15
72,40,9,31,14
72,40,9,32,13
72,40,9,33,23
72,40,9,34,19
72,40,9,35,32
72,40,9,36,2
72,40,9,37,34
72,40,9,38,27
72,40,9,39,5
72,40,9,40,16
73,40,1,1,39
73,40,1,2,40
73,40,1,3,34
73,40,1,4,31
73,40,1,5,4
73,40,1,6,3
73,40,1,7,38
73,40,1,8,36
73,40,1,9,5
73,40,1,10,30
73,40,1,11,14
73,40,1,12,1
73,40,1,13,21
73,40,1,14,9
73,40,1,15,33
73,40,1,16,22
73,40,1,17,23
73,40,1,18,19
73,40,1,19,28
73,40,1,20,7
73,40,1,21,15
73,40,1,22,18
73,40,1,23,37
73,40,1,24,24
73,40,1,25,17
73,40,1,26,16
73,40,1,27,10
73,40,1,28,27
73,40,1,29,11
73,40,1,30,8
73,40,1,31,20
73,40,1,32,32
73,40,1,33,6
73,40,1,34,12
73,40,1,35,35
73,40,1,36,29
73,40,1,37,25
73,40,1,38,13
73,40,1,39,26
73,40,1,40,2
73,40,2,1,15
73,40,2,2,33
73,40,2,3,10
73,40,2,4,29
73,40,2,5,22
73,40,2,6,38
73,40,2,7,18
73,40,2,8,7
73,40,2,9,9
73,40,2,10,21
73,40,2,11,32
73,40,2,12,11
73,40,2,13,24
73,40,2,14,28
73,40,2,15,40
73,40,2,16,8
73,40,2,17,4
73,40,2,18,23
73,40,2,19,20
73,40,2,20,12
73,40,2,21,6
73,40,2,22,35
73,40,2,23,17
73,40,2,24,1
73,40,2,25,13
73,40,2,26,19
73,40,2,27,31
73,40,2,28,27
73,40,2,29,30
73,40,2,30,16
73,40,2,31,37
73,40,2,32,2
73,40,2,33,14
73,40,2,34,3
73,40,2,35,5
73,40,2,36,26
73,40,2,37,36
73,40,2,38,39
73,40,2,39,34
73,40,2,40,25
73,40,3,1,28
73,40,3,2,34
73,40,3,3,21
73,40,3,4,29
73,40,3,5,11
73,40,3,6,35
73,40,3,7,19
73,40,3,8,5
73,40,3,9,10
73,40,3,10,8
73,40,3,11,7
73,40,3,12,33
73,40,3,13,32
73,40,3,14,20
73,40,3,15,38
73,40,3,16,26
73,40,3,17,14
73,40,3,18,31
73,40,3,19,24
73,40,3,20,27
73,40,3,21,6
73,40,3,22,30
73,40,3,23,18
73,40,3,24,2
73,40,3,25,9
73,40,3,26,25
73,40,3,27,3
73,40,3,28,16
73,40,3,29,15
73,40,3,30,23
73,40,3,31,1
73,40,3,32,17
73,40,3,33,37
73,40,3,34,40
73,40,3,35,36
73,40,3,36,4
73,40,3,37,12
73,40,3,38,22
73,40,3,39,39
73,40,3,40,13
73,40,4,1,7
73,40,4,2,6
73,40,4,3,20
73,40,4,4,32
73,40,4,5,33
73,40,4,6,19
73,40,4,7,27
73,40,4,8,9
73,40,4,9,38
73,40,4,10,15
73,40,4,11,22
73,40,4,12,8
73,40,4,13,36
73,40,4,14,18
73,40,4,15,23
73,40,4,16,34
73,40,4,17,29
73,40,4,18,24
73,40,4,19,31
73,40,4,20,21
73,40,4,21,17
73,40,4,22,28
73,40,4,23,4
73,40,4,24,14
73,40,4,25,13
73,40,4,26,5
73,40,4,27,2
73,40,4,28,12
73,40,4,29,1
73,40,4,30,11
73,40,4,31,25
73,40,4,32,37
73,40,4,33,40
73,40,4,34,35
73,40,4,35,3
73,40,4,36,26
73,40,4,37,10
73,40,4,38,39
73,40,4,39,30
73,40,4,40,16
73,40,5,1,18
73,40,5,2,19
73,40,5,3,39
73,40,5,4,30
73,40,5,5,2
73,40,5,6,40
73,40,5,7,15
73,40,5,8,38
73,40,5,9,25
73,40,5,10,24
73,40,5,11,27
73,40,5,12,9
73,40,5,13,20
73,40,5,14,7
73,40,5,15,21
73,40,5,16,3
73,40,5,17,8
73,40,5,18,31
73,40,5,19,26
73,40,5,20,16
73,40,5,21,33
73,40,5,22,13
73,40,5,23,4
73,40,5,24,28
73,40,5,25,32
73,40,5,26,1
73,40,5,27,29
73,40,5,28,14
73,40,5,29,10
73,40,5,30,5
73,40,5,31,36
73,40,5,32,37
73,40,5,33,12
73,40,5,34,17
73,40,5,35,22
73,40,5,36,34
73,40,5,37,11
73,40,5,38,35
73,40,5,39,23
73,40,5,40,6
73,40,6,1,15
73,40,6,2,16
73,40,6,3,4
73,40,6,4,17
73,40,6,5,20
73,40,6,6,22
73,40,6,7,25
73,40,6,8,39
73,40,6,9,30
73,40,6,10,7
73,40,6,11,32
73,40,6,12,35
73,40,6,13,38
73,40,6,14,34
73,40,6,15,23
73,40,6,16,11
73,40,6,17,26
73,40,6,18,2
73,40,6,19,12
73,40,6,20,13
73,40,6,21,24
73,40,6,22,33
73,40,6,23,19
73,40,6,24,21
73,40,6,25,8
73,40,6,26,1
73,40,6,27,27
73,40,6,28,36
73,40,6,29,5
73,40,6,30,14
73,40,6,31,18
73,40,6,32,9
73,40,6,33,37
73,40,6,34,3
73,40,6,35,29
73,40,6,36,40
73,40,6,37,6
73,40,6,38,28
73,40,6,39,31
73,40,6,40,10
73,40,7,1,25
73,40,7,2,3
73,40,7,3,37
73,40,7,4,29
73,40,7,5,27
73,40,7,6,26
73,40,7,7,10
73,40,7,8,39
73,40,7,9,24
73,40,7,10,30
73,40,7,11,13
73,40,7,12,34
73,40,7,13,11
73,40,7,14,40
73,40,7,15,19
73,40,7,16,9
73,40,7,17,36
73,40,7,18,8
73,40,7,19,15
73,40,7,20,31
73,40,7,21,12
73,40,7,22,6
73,40,7,23,22
73,40,7,24,20
73,40,7,25,16
73,40,7,26,14
73,40,7,27,28
73,40,7,28,38
73,40,7,29,21
73,40,7,30,33
73,40,7,31,5
73,40,7,32,23
73,40,7,33,18
73,40,7,34,4
73,40,7,35,7
73,40,7,36,2
73,40,7,37,1
73,40,7,38,32
73,40,7,39,35
73,40,7,40,17
73,40,8,1,15
73,40,8,2,29
73,40,8,3,1
73,40,8,4,11
73,40,8,5,32
73,40,8,6,27
73,40,8,7,40
73,40,8,8,35
73,40,8,9,10
73,40,8,10,28
73,40,8,11,26
73,40,8,12,14
73,40,8,13,9
73,40,8,14,18
73,40,8,15,7
73,40,8,16,38
73,40,8,17,4
73,40,8,18,24
73,40,8,19,19
73,40,8,20,6
73,40,8,21,39
73,40,8,22,5
73,40,8,23,37
73,40,8,24,20
73,40,8,25,34
73,40,8,26,33
73,40,8,27,16
73,40,8,28,2
73,40,8,29,22
73,40,8,30,3
73,40,8,31,8
73,40,8,32,17
73,40,8,33,25
73,40,8,34,31
73,40,8,35,12
73,40,8,36,36
73,40,8,37,21
73,40,8,38,13
73,40,8,39,23
73,40,8,40,30
73,40,9,1,27
73,40,9,2,15
73,40,9,3,26
73,40,9,4,10
73,40,9,5,30
73,40,9,6,7
73,40,9,7,33
73,40,9,8,35
73,40,9,9,29
73,40,9,10,20
73,40,9,11,11
73,40,9,12,6
73,40,9,13,25
73,40,9,14,17
73,40,9,15,1
73,40,9,16,24
73,40,9,17,40
73,40,9,18,37
73,40,9,19,21
73,40,9,20,12
73,40,9,21,39
73,40,9,22,38
73,40,9,23,3
73,40,9,24,9
73,40,9,25,31
73,40,9,26,8
73,40,9,27,22
73,40,9,28,4
73,40,9,29,28
73,40,9,30,36
73,40,9,31,32
73,40,9,32,19
73,40,9,33,23
73,40,9,34,14
73,40,9,35,13
73,40,9,36,2
73,40,9,37,18
73,40,9,38,5
73,40,9,39,34
73,40,9,40,16
74,40,1,1,39
74,40,1,2,40
74,40,1,3,34
74,40,1,4,31
74,40,1,5,4
74,40,1,6,30
74,40,1,7,3
74,40,1,8,38
74,40,1,9,36
74,40,1,10,5
74,40,1,11,14
74,40,1,12,1
74,40,1,13,21
74,40,1,14,9
74,40,1,15,33
74,40,1,16,22
74,40,1,17,27
74,40,1,18,37
74,40,1,19,24
74,40,1,20,18
74,40,1,21,7
74,40,1,22,23
74,40,1,23,19
74,40,1,24,15
74,40,1,25,28
74,40,1,26,17
74,40,1,27,16
74,40,1,28,10
74,40,1,29,8
74,40,1,30,32
74,40,1,31,6
74,40,1,32,12
74,40,1,33,35
74,40,1,34,29
74,40,1,35,20
74,40,1,36,25
74,40,1,37,11
74,40,1,38,13
74,40,1,39,26
74,40,1,40,2
74,40,2,1,36
74,40,2,2,25
74,40,2,3,15
74,40,2,4,33
74,40,2,5,10
74,40,2,6,29
74,40,2,7,22
74,40,2,8,38
74,40,2,9,11
74,40,2,10,32
74,40,2,11,18
74,40,2,12,7
74,40,2,13,9
74,40,2,14,21
74,40,2,15,20
74,40,2,16,35
74,40,2,17,17
74,40,2,18,12
74,40,2,19,6
74,40,2,20,23
74,40,2,21,4
74,40,2,22,13
74,40,2,23,19
74,40,2,24,27
74,40,2,25,31
74,40,2,26,30
74,40,2,27,16
74,40,2,28,37
74,40,2,29,2
74,40,2,30,14
74,40,2,31,26
74,40,2,32,5
74,40,2,33,3
74,40,2,34,1
74,40,2,35,8
74,40,2,36,40
74,40,2,37,24
74,40,2,38,28
74,40,2,39,39
74,40,2,40,34
74,40,3,1,4
74,40,3,2,36
74,40,3,3,17
74,40,3,4,37
74,40,3,5,40
74,40,3,6,1
74,40,3,7,23
74,40,3,8,15
74,40,3,9,16
74,40,3,10,25
74,40,3,11,3
74,40,3,12,18
74,40,3,13,30
74,40,3,14,2
74,40,3,15,6
74,40,3,16,27
74,40,3,17,24
74,40,3,18,31
74,40,3,19,9
74,40,3,20,14
74,40,3,21,26
74,40,3,22,38
74,40,3,23,20
74,40,3,24,32
74,40,3,25,7
74,40,3,26,8
74,40,3,27,33
74,40,3,28,10
74,40,3,29,5
74,40,3,30,19
74,40,3,31,29
74,40,3,32,21
74,40,3,33,35
74,40,3,34,11
74,40,3,35,34
74,40,3,36,28
74,40,3,37,39
74,40,3,38,13
74,40,3,39,22
74,40,3,40,12
74,40,4,1,38
74,40,4,2,9
74,40,4,3,15
74,40,4,4,27
74,40,4,5,22
74,40,4,6,8
74,40,4,7,36
74,40,4,8,19
74,40,4,9,33
74,40,4,10,32
74,40,4,11,20
74,40,4,12,7
74,40,4,13,6
74,40,4,14,16
74,40,4,15,30
74,40,4,16,39
74,40,4,17,10
74,40,4,18,26
74,40,4,19,25
74,40,4,20,37
74,40,4,21,11
74,40,4,22,5
74,40,4,23,17
74,40,4,24,21
74,40,4,25,28
74,40,4,26,13
74,40,4,27,40
74,40,4,28,3
74,40,4,29,35
74,40,4,30,1
74,40,4,31,12
74,40,4,32,2
74,40,4,33,14
74,40,4,34,4
74,40,4,35,31
74,40,4,36,24
74,40,4,37,29
74,40,4,38,18
74,40,4,39,34
74,40,4,40,23
74,40,5,1,20
74,40,5,2,9
74,40,5,3,27
74,40,5,4,24
74,40,5,5,25
74,40,5,6,38
74,40,5,7,15
74,40,5,8,40
74,40,5,9,2
74,40,5,10,30
74,40,5,11,39
74,40,5,12,18
74,40,5,13,19
74,40,5,14,6
74,40,5,15,23
74,40,5,16,36
74,40,5,17,5
74,40,5,18,35
74,40,5,19,11
74,40,5,20,22
74,40,5,21,34
74,40,5,22,17
74,40,5,23,12
74,40,5,24,37
74,40,5,25,29
74,40,5,26,14
74,40,5,27,10
74,40,5,28,32
74,40,5,29,1
74,40,5,30,3
74,40,5,31,21
74,40,5,32,8
74,40,5,33,7
74,40,5,34,31
74,40,5,35,26
74,40,5,36,16
74,40,5,37,28
74,40,5,38,4
74,40,5,39,13
74,40,5,40,33
74,40,6,1,2
74,40,6,2,12
74,40,6,3,13
74,40,6,4,21
74,40,6,5,8
74,40,6,6,1
74,40,6,7,27
74,40,6,8,36
74,40,6,9,5
74,40,6,10,14
74,40,6,11,18
74,40,6,12,9
74,40,6,13,31
74,40,6,14,6
74,40,6,15,28
74,40,6,16,10
74,40,6,17,15
74,40,6,18,16
74,40,6,19,4
74,40,6,20,17
74,40,6,21,20
74,40,6,22,22
74,40,6,23,34
74,40,6,24,38
74,40,6,25,35
74,40,6,26,40
74,40,6,27,29
74,40,6,28,37
74,40,6,29,3
74,40,6,30,23
74,40,6,31,19
74,40,6,32,33
74,40,6,33,24
74,40,6,34,32
74,40,6,35,7
74,40,6,36,25
74,40,6,37,30
74,40,6,38,39
74,40,6,39,11
74,40,6,40,26
74,40,7,1,40
74,40,7,2,11
74,40,7,3,34
74,40,7,4,13
74,40,7,5,30
74,40,7,6,24
74,40,7,7,39
74,40,7,8,10
74,40,7,9,26
74,40,7,10,25
74,40,7,11,27
74,40,7,12,3
74,40,7,13,29
74,40,7,14,37
74,40,7,15,23
74,40,7,16,17
74,40,7,17,35
74,40,7,18,32
74,40,7,19,1
74,40,7,20,2
74,40,7,21,7
74,40,7,22,15
74,40,7,23,8
74,40,7,24,19
74,40,7,25,9
74,40,7,26,36
74,40,7,27,12
74,40,7,28,31
74,40,7,29,4
74,40,7,30,18
74,40,7,31,14
74,40,7,32,28
74,40,7,33,38
74,40,7,34,33
74,40,7,35,5
74,40,7,36,21
74,40,7,37,16
74,40,7,38,20
74,40,7,39,22
74,40,7,40,6
74,40,8,1,15
74,40,8,2,29
74,40,8,3,1
74,40,8,4,11
74,40,8,5,32
74,40,8,6,27
74,40,8,7,14
74,40,8,8,26
74,40,8,9,40
74,40,8,10,35
74,40,8,11,10
74,40,8,12,28
74,40,8,13,18
74,40,8,14,9
74,40,8,15,7
74,40,8,16,38
74,40,8,17,4
74,40,8,18,24
74,40,8,19,19
74,40,8,20,6
74,40,8,21,39
74,40,8,22,5
74,40,8,23,37
74,40,8,24,33
74,40,8,25,34
74,40,8,26,20
74,40,8,27,36
74,40,8,28,16
74,40,8,29,2
74,40,8,30,22
74,40,8,31,3
74,40,8,32,8
74,40,8,33,17
74,40,8,34,25
74,40,8,35,31
74,40,8,36,12
74,40,8,37,21
74,40,8,38,13
74,40,8,39,23
74,40,8,40,30
74,40,9,1,16
74,40,9,2,27
74,40,9,3,15
74,40,9,4,26
74,40,9,5,10
74,40,9,6,30
74,40,9,7,35
74,40,9,8,33
74,40,9,9,7
74,40,9,10,11
74,40,9,11,29
74,40,9,12,20
74,40,9,13,6
74,40,9,14,25
74,40,9,15,17
74,40,9,16,1
74,40,9,17,24
74,40,9,18,40
74,40,9,19,37
74,40,9,20,21
74,40,9,21,3
74,40,9,22,38
74,40,9,23,12
74,40,9,24,39
74,40,9,25,14
74,40,9,26,13
74,40,9,27,23
74,40,9,28,2
74,40,9,29,19
74,40,9,30,32
74,40,9,31,31
74,40,9,32,9
74,40,9,33,22
74,40,9,34,8
74,40,9,35,4
74,40,9,36,28
74,40,9,37,36
74,40,9,38,18
74,40,9,39,5
74,40,9,40,34
75,40,1,1,38
75,40,1,2,3
75,40,1,3,4
75,40,1,4,30
75,40,1,5,5
75,40,1,6,36
75,40,1,7,14
75,40,1,8,31
75,40,1,9,34
75,40,1,10,40
75,40,1,11,39
75,40,1,12,2
75,40,1,13,26
75,40,1,14,13
75,40,1,15,11
75,40,1,16,25
75,40,1,17,20
75,40,1,18,32
75,40,1,19,6
75,40,1,20,35
75,40,1,21,29
75,40,1,22,12
75,40,1,23,8
75,40,1,24,16
75,40,1,25,10
75,40,1,26,17
75,40,1,27,27
75,40,1,28,37
75,40,1,29,24
75,40,1,30,18
75,40,1,31,15
75,40,1,32,28
75,40,1,33,19
75,40,1,34,23
75,40,1,35,7
75,40,1,36,22
75,40,1,37,33
75,40,1,38,9
75,40,1,39,21
75,40,1,40,1
75,40,2,1,15
75,40,2,2,33
75,40,2,3,10
75,40,2,4,29
75,40,2,5,22
75,40,2,6,38
75,40,2,7,18
75,40,2,8,7
75,40,2,9,11
75,40,2,10,32
75,40,2,11,21
75,40,2,12,9
75,40,2,13,20
75,40,2,14,23
75,40,2,15,12
75,40,2,16,6
75,40,2,17,35
75,40,2,18,17
75,40,2,19,31
75,40,2,20,27
75,40,2,21,19
75,40,2,22,13
75,40,2,23,1
75,40,2,24,4
75,40,2,25,40
75,40,2,26,8
75,40,2,27,24
75,40,2,28,28
75,40,2,29,30
75,40,2,30,16
75,40,2,31,37
75,40,2,32,2
75,40,2,33,14
75,40,2,34,3
75,40,2,35,5
75,40,2,36,26
75,40,2,37,39
75,40,2,38,34
75,40,2,39,36
75,40,2,40,25
75,40,3,1,30
75,40,3,2,6
75,40,3,3,27
75,40,3,4,24
75,40,3,5,31
75,40,3,6,9
75,40,3,7,25
75,40,3,8,14
75,40,3,9,26
75,40,3,10,10
75,40,3,11,38
75,40,3,12,20
75,40,3,13,32
75,40,3,14,33
75,40,3,15,7
75,40,3,16,8
75,40,3,17,5
75,40,3,18,19
75,40,3,19,35
75,40,3,20,29
75,40,3,21,21
75,40,3,22,11
75,40,3,23,34
75,40,3,24,28
75,40,3,25,13
75,40,3,26,39
75,40,3,27,22
75,40,3,28,12
75,40,3,29,4
75,40,3,30,36
75,40,3,31,40
75,40,3,32,17
75,40,3,33,37
75,40,3,34,1
75,40,3,35,23
75,40,3,36,15
75,40,3,37,16
75,40,3,38,3
75,40,3,39,2
75,40,3,40,18
75,40,4,1,39
75,40,4,2,30
75,40,4,3,6
75,40,4,4,7
75,40,4,5,20
75,40,4,6,16
75,40,4,7,32
75,40,4,8,33
75,40,4,9,19
75,40,4,10,27
75,40,4,11,9
75,40,4,12,38
75,40,4,13,15
75,40,4,14,22
75,40,4,15,8
75,40,4,16,36
75,40,4,17,23
75,40,4,18,34
75,40,4,19,18
75,40,4,20,29
75,40,4,21,24
75,40,4,22,31
75,40,4,23,4
75,40,4,24,21
75,40,4,25,17
75,40,4,26,28
75,40,4,27,14
75,40,4,28,5
75,40,4,29,13
75,40,4,30,2
75,40,4,31,12
75,40,4,32,1
75,40,4,33,35
75,40,4,34,3
75,40,4,35,40
75,40,4,36,37
75,40,4,37,11
75,40,4,38,25
75,40,4,39,26
75,40,4,40,10
75,40,5,1,18
75,40,5,2,6
75,40,5,3,19
75,40,5,4,23
75,40,5,5,39
75,40,5,6,30
75,40,5,7,40
75,40,5,8,15
75,40,5,9,38
75,40,5,10,25
75,40,5,11,24
75,40,5,12,2
75,40,5,13,27
75,40,5,14,36
75,40,5,15,5
75,40,5,16,9
75,40,5,17,20
75,40,5,18,4
75,40,5,19,13
75,40,5,20,33
75,40,5,21,16
75,40,5,22,28
75,40,5,23,26
75,40,5,24,31
75,40,5,25,7
75,40,5,26,8
75,40,5,27,3
75,40,5,28,21
75,40,5,29,1
75,40,5,30,32
75,40,5,31,10
75,40,5,32,14
75,40,5,33,29
75,40,5,34,37
75,40,5,35,12
75,40,5,36,17
75,40,5,37,34
75,40,5,38,11
75,40,5,39,22
75,40,5,40,35
75,40,6,1,15
75,40,6,2,16
75,40,6,3,4
75,40,6,4,17
75,40,6,5,20
75,40,6,6,22
75,40,6,7,25
75,40,6,8,39
75,40,6,9,30
75,40,6,10,7
75,40,6,11,32
75,40,6,12,35
75,40,6,13,38
75,40,6,14,34
75,40,6,15,40
75,40,6,16,3
75,40,6,17,23
75,40,6,18,33
75,40,6,19,24
75,40,6,20,11
75,40,6,21,26
75,40,6,22,2
75,40,6,23,13
75,40,6,24,12
75,40,6,25,21
75,40,6,26,19
75,40,6,27,37
75,40,6,28,8
75,40,6,29,1
75,40,6,30,27
75,40,6,31,36
75,40,6,32,5
75,40,6,33,18
75,40,6,34,9
75,40,6,35,29
75,40,6,36,6
75,40,6,37,14
75,40,6,38,31
75,40,6,39,28
75,40,6,40,10
75,40,7,1,25
75,40,7,2,26
75,40,7,3,24
75,40,7,4,30
75,40,7,5,13
75,40,7,6,34
75,40,7,7,11
75,40,7,8,40
75,40,7,9,9
75,40,7,10,19
75,40,7,11,8
75,40,7,12,36
75,40,7,13,6
75,40,7,14,22
75,40,7,15,39
75,40,7,16,10
75,40,7,17,20
75,40,7,18,16
75,40,7,19,38
75,40,7,20,28
75,40,7,21,14
75,40,7,22,12
75,40,7,23,31
75,40,7,24,15
75,40,7,25,7
75,40,7,26,2
75,40,7,27,4
75,40,7,28,18
75,40,7,29,1
75,40,7,30,32
75,40,7,31,35
75,40,7,32,17
75,40,7,33,23
75,40,7,34,5
75,40,7,35,33
75,40,7,36,21
75,40,7,37,29
75,40,7,38,27
75,40,7,39,37
75,40,7,40,3
75,40,8,1,15
75,40,8,2,29
75,40,8,3,1
75,40,8,4,27
75,40,8,5,32
75,40,8,6,40
75,40,8,7,26
75,40,8,8,10
75,40,8,9,35
75,40,8,10,28
75,40,8,11,14
75,40,8,12,18
75,40,8,13,9
75,40,8,14,7
75,40,8,15,38
75,40,8,16,4
75,40,8,17,24
75,40,8,18,19
75,40,8,19,6
75,40,8,20,39
75,40,8,21,5
75,40,8,22,37
75,40,8,23,33
75,40,8,24,34
75,40,8,25,20
75,40,8,26,36
75,40,8,27,21
75,40,8,28,16
75,40,8,29,2
75,40,8,30,22
75,40,8,31,3
75,40,8,32,8
75,40,8,33,17
75,40,8,34,25
75,40,8,35,31
75,40,8,36,12
75,40,8,37,13
75,40,8,38,11
75,40,8,39,30
75,40,8,40,23
75,40,9,1,30
75,40,9,2,10
75,40,9,3,26
75,40,9,4,15
75,40,9,5,27
75,40,9,6,16
75,40,9,7,34
75,40,9,8,2
75,40,9,9,5
75,40,9,10,18
75,40,9,11,36
75,40,9,12,28
75,40,9,13,4
75,40,9,14,8
75,40,9,15,22
75,40,9,16,9
75,40,9,17,31
75,40,9,18,32
75,40,9,19,19
75,40,9,20,23
75,40,9,21,13
75,40,9,22,14
75,40,9,23,39
75,40,9,24,38
75,40,9,25,3
75,40,9,26,12
75,40,9,27,21
75,40,9,28,37
75,40,9,29,40
75,40,9,30,24
75,40,9,31,17
75,40,9,32,1
75,40,9,33,25
75,40,9,34,6
75,40,9,35,20
75,40,9,36,29
75,40,9,37,11
75,40,9,38,35
75,40,9,39,33
75,40,9,40,7
76,40,1,1,9
76,40,1,2,21
76,40,1,3,1
76,40,1,4,14
76,40,1,5,31
76,40,1,6,30
76,40,1,7,5
76,40,1,8,36
76,40,1,9,38
76,40,1,10,3
76,40,1,11,4
76,40,1,12,34
76,40,1,13,40
76,40,1,14,39
76,40,1,15,2
76,40,1,16,26
76,40,1,17,13
76,40,1,18,11
76,40,1,19,25
76,40,1,20,29
76,40,1,21,35
76,40,1,22,12
76,40,1,23,6
76,40,1,24,32
76,40,1,25,20
76,40,1,26,8
76,40,1,27,16
76,40,1,28,17
76,40,1,29,28
76,40,1,30,19
76,40,1,31,23
76,40,1,32,7
76,40,1,33,15
76,40,1,34,18
76,40,1,35,33
76,40,1,36,22
76,40,1,37,37
76,40,1,38,24
76,40,1,39,10
76,40,1,40,27
76,40,2,1,31
76,40,2,2,27
76,40,2,3,17
76,40,2,4,35
76,40,2,5,19
76,40,2,6,13
76,40,2,7,6
76,40,2,8,12
76,40,2,9,20
76,40,2,10,23
76,40,2,11,1
76,40,2,12,4
76,40,2,13,8
76,40,2,14,40
76,40,2,15,21
76,40,2,16,9
76,40,2,17,7
76,40,2,18,18
76,40,2,19,32
76,40,2,20,24
76,40,2,21,28
76,40,2,22,11
76,40,2,23,38
76,40,2,24,22
76,40,2,25,29
76,40,2,26,10
76,40,2,27,33
76,40,2,28,15
76,40,2,29,25
76,40,2,30,36
76,40,2,31,34
76,40,2,32,39
76,40,2,33,26
76,40,2,34,5
76,40,2,35,3
76,40,2,36,14
76,40,2,37,2
76,40,2,38,16
76,40,2,39,37
76,40,2,40,30
76,40,3,1,17
76,40,3,2,4
76,40,3,3,12
76,40,3,4,36
76,40,3,5,37
76,40,3,6,40
76,40,3,7,22
76,40,3,8,13
76,40,3,9,39
76,40,3,10,28
76,40,3,11,34
76,40,3,12,11
76,40,3,13,21
76,40,3,14,29
76,40,3,15,35
76,40,3,16,19
76,40,3,17,5
76,40,3,18,8
76,40,3,19,7
76,40,3,20,33
76,40,3,21,32
76,40,3,22,20
76,40,3,23,10
76,40,3,24,38
76,40,3,25,26
76,40,3,26,14
76,40,3,27,31
76,40,3,28,24
76,40,3,29,27
76,40,3,30,6
76,40,3,31,30
76,40,3,32,2
76,40,3,33,18
76,40,3,34,3
76,40,3,35,9
76,40,3,36,25
76,40,3,37,16
76,40,3,38,23
76,40,3,39,15
76,40,3,40,1
76,40,4,1,27
76,40,4,2,9
76,40,4,3,38
76,40,4,4,15
76,40,4,5,22
76,40,4,6,23
76,40,4,7,34
76,40,4,8,29
76,40,4,9,24
76,40,4,10,31
76,40,4,11,21
76,40,4,12,17
76,40,4,13,28
76,40,4,14,4
76,40,4,15,14
76,40,4,16,13
76,40,4,17,5
76,40,4,18,2
76,40,4,19,12
76,40,4,20,1
76,40,4,21,18
76,40,4,22,8
76,40,4,23,36
76,40,4,24,35
76,40,4,25,40
76,40,4,26,37
76,40,4,27,11
76,40,4,28,25
76,40,4,29,39
76,40,4,30,10
76,40,4,31,26
76,40,4,32,30
76,40,4,33,16
76,40,4,34,6
76,40,4,35,7
76,40,4,36,20
76,40,4,37,32
76,40,4,38,3
76,40,4,39,33
76,40,4,40,19
76,40,5,1,18
76,40,5,2,39
76,40,5,3,30
76,40,5,4,40
76,40,5,5,15
76,40,5,6,38
76,40,5,7,25
76,40,5,8,24
76,40,5,9,2
76,40,5,10,27
76,40,5,11,9
76,40,5,12,20
76,40,5,13,4
76,40,5,14,13
76,40,5,15,33
76,40,5,16,7
76,40,5,17,31
76,40,5,18,16
76,40,5,19,28
76,40,5,20,26
76,40,5,21,8
76,40,5,22,21
76,40,5,23,3
76,40,5,24,32
76,40,5,25,1
76,40,5,26,37
76,40,5,27,12
76,40,5,28,17
76,40,5,29,22
76,40,5,30,34
76,40,5,31,11
76,40,5,32,29
76,40,5,33,14
76,40,5,34,10
76,40,5,35,5
76,40,5,36,36
76,40,5,37,35
76,40,5,38,23
76,40,5,39,19
76,40,5,40,6
76,40,6,1,14
76,40,6,2,5
76,40,6,3,36
76,40,6,4,27
76,40,6,5,1
76,40,6,6,8
76,40,6,7,12
76,40,6,8,13
76,40,6,9,2
76,40,6,10,26
76,40,6,11,11
76,40,6,12,39
76,40,6,13,25
76,40,6,14,30
76,40,6,15,7
76,40,6,16,24
76,40,6,17,33
76,40,6,18,19
76,40,6,19,21
76,40,6,20,37
76,40,6,21,23
76,40,6,22,32
76,40,6,23,35
76,40,6,24,22
76,40,6,25,20
76,40,6,26,17
76,40,6,27,4
76,40,6,28,15
76,40,6,29,16
76,40,6,30,34
76,40,6,31,38
76,40,6,32,10
76,40,6,33,28
76,40,6,34,40
76,40,6,35,3
76,40,6,36,29
76,40,6,37,6
76,40,6,38,31
76,40,6,39,9
76,40,6,40,18
76,40,7,1,24
76,40,7,2,30
76,40,7,3,13
76,40,7,4,34
76,40,7,5,11
76,40,7,6,40
76,40,7,7,9
76,40,7,8,19
76,40,7,9,8
76,40,7,10,36
76,40,7,11,12
76,40,7,12,31
76,40,7,13,15
76,40,7,14,7
76,40,7,15,2
76,40,7,16,4
76,40,7,17,18
76,40,7,18,1
76,40,7,19,32
76,40,7,20,35
76,40,7,21,17
76,40,7,22,23
76,40,7,23,5
76,40,7,24,33
76,40,7,25,21
76,40,7,26,38
76,40,7,27,28
76,40,7,28,14
76,40,7,29,6
76,40,7,30,22
76,40,7,31,20
76,40,7,32,16
76,40,7,33,10
76,40,7,34,39
76,40,7,35,37
76,40,7,36,3
76,40,7,37,29
76,40,7,38,27
76,40,7,39,25
76,40,7,40,26
76,40,8,1,15
76,40,8,2,29
76,40,8,3,1
76,40,8,4,30
76,40,8,5,23
76,40,8,6,11
76,40,8,7,13
76,40,8,8,21
76,40,8,9,12
76,40,8,10,36
76,40,8,11,31
76,40,8,12,25
76,40,8,13,17
76,40,8,14,8
76,40,8,15,3
76,40,8,16,22
76,40,8,17,2
76,40,8,18,16
76,40,8,19,20
76,40,8,20,34
76,40,8,21,33
76,40,8,22,39
76,40,8,23,6
76,40,8,24,19
76,40,8,25,5
76,40,8,26,24
76,40,8,27,4
76,40,8,28,38
76,40,8,29,37
76,40,8,30,7
76,40,8,31,9
76,40,8,32,18
76,40,8,33,14
76,40,8,34,28
76,40,8,35,10
76,40,8,36,35
76,40,8,37,40
76,40,8,38,26
76,40,8,39,27
76,40,8,40,32
76,40,9,1,16
76,40,9,2,34
76,40,9,3,5
76,40,9,4,18
76,40,9,5,36
76,40,9,6,28
76,40,9,7,22
76,40,9,8,4
76,40,9,9,8
76,40,9,10,31
76,40,9,11,9
76,40,9,12,3
76,40,9,13,38
76,40,9,14,32
76,40,9,15,19
76,40,9,16,39
76,40,9,17,12
76,40,9,18,21
76,40,9,19,37
76,40,9,20,40
76,40,9,21,24
76,40,9,22,17
76,40,9,23,1
76,40,9,24,25
76,40,9,25,6
76,40,9,26,20
76,40,9,27,29
76,40,9,28,14
76,40,9,29,13
76,40,9,30,23
76,40,9,31,2
76,40,9,32,35
76,40,9,33,11
76,40,9,34,33
76,40,9,35,7
76,40,9,36,30
76,40,9,37,10
76,40,9,38,26
76,40,9,39,15
76,40,9,40,27
77,40,1,1,39
77,40,1,2,2
77,40,1,3,26
77,40,1,4,13
77,40,1,5,11
77,40,1,6,25
77,40,1,7,20
77,40,1,8,29
77,40,1,9,35
77,40,1,10,12
77,40,1,11,6
77,40,1,12,32
77,40,1,13,8
77,40,1,14,27
77,40,1,15,10
77,40,1,16,16
77,40,1,17,17
77,40,1,18,28
77,40,1,19,15
77,40,1,20,19
77,40,1,21,23
77,40,1,22,7
77,40,1,23,18
77,40,1,24,24
77,40,1,25,37
77,40,1,26,22
77,40,1,27,33
77,40,1,28,1
77,40,1,29,14
77,40,1,30,5
77,40,1,31,36
77,40,1,32,38
77,40,1,33,3
77,40,1,34,30
77,40,1,35,4
77,40,1,36,31
77,40,1,37,21
77,40,1,38,9
77,40,1,39,34
77,40,1,40,40
77,40,2,1,15
77,40,2,2,33
77,40,2,3,10
77,40,2,4,29
77,40,2,5,22
77,40,2,6,38
77,40,2,7,18
77,40,2,8,7
77,40,2,9,9
77,40,2,10,21
77,40,2,11,32
77,40,2,12,11
77,40,2,13,24
77,40,2,14,40
77,40,2,15,4
77,40,2,16,23
77,40,2,17,20
77,40,2,18,12
77,40,2,19,6
77,40,2,20,13
77,40,2,21,1
77,40,2,22,19
77,40,2,23,17
77,40,2,24,35
77,40,2,25,31
77,40,2,26,27
77,40,2,27,30
77,40,2,28,16
77,40,2,29,37
77,40,2,30,2
77,40,2,31,14
77,40,2,32,26
77,40,2,33,5
77,40,2,34,3
77,40,2,35,8
77,40,2,36,28
77,40,2,37,39
77,40,2,38,34
77,40,2,39,36
77,40,2,40,25
77,40,3,1,4
77,40,3,2,12
77,40,3,3,13
77,40,3,4,28
77,40,3,5,34
77,40,3,6,11
77,40,3,7,35
77,40,3,8,21
77,40,3,9,29
77,40,3,10,19
77,40,3,11,5
77,40,3,12,8
77,40,3,13,7
77,40,3,14,32
77,40,3,15,20
77,40,3,16,38
77,40,3,17,33
77,40,3,18,10
77,40,3,19,26
77,40,3,20,14
77,40,3,21,31
77,40,3,22,24
77,40,3,23,27
77,40,3,24,6
77,40,3,25,9
77,40,3,26,25
77,40,3,27,2
77,40,3,28,30
77,40,3,29,18
77,40,3,30,3
77,40,3,31,16
77,40,3,32,15
77,40,3,33,23
77,40,3,34,39
77,40,3,35,1
77,40,3,36,37
77,40,3,37,40
77,40,3,38,22
77,40,3,39,36
77,40,3,40,17
77,40,4,1,11
77,40,4,2,37
77,40,4,3,25
77,40,4,4,26
77,40,4,5,10
77,40,4,6,30
77,40,4,7,39
77,40,4,8,16
77,40,4,9,32
77,40,4,10,20
77,40,4,11,6
77,40,4,12,7
77,40,4,13,27
77,40,4,14,9
77,40,4,15,38
77,40,4,16,15
77,40,4,17,22
77,40,4,18,8
77,40,4,19,36
77,40,4,20,19
77,40,4,21,33
77,40,4,22,3
77,40,4,23,35
77,40,4,24,23
77,40,4,25,34
77,40,4,26,18
77,40,4,27,29
77,40,4,28,24
77,40,4,29,31
77,40,4,30,21
77,40,4,31,17
77,40,4,32,28
77,40,4,33,4
77,40,4,34,14
77,40,4,35,13
77,40,4,36,5
77,40,4,37,2
77,40,4,38,12
77,40,4,39,1
77,40,4,40,40
77,40,5,1,18
77,40,5,2,6
77,40,5,3,23
77,40,5,4,35
77,40,5,5,22
77,40,5,6,11
77,40,5,7,34
77,40,5,8,17
77,40,5,9,12
77,40,5,10,37
77,40,5,11,29
77,40,5,12,14
77,40,5,13,1
77,40,5,14,3
77,40,5,15,21
77,40,5,16,7
77,40,5,17,31
77,40,5,18,8
77,40,5,19,26
77,40,5,20,32
77,40,5,21,10
77,40,5,22,28
77,40,5,23,16
77,40,5,24,33
77,40,5,25,13
77,40,5,26,4
77,40,5,27,20
77,40,5,28,9
77,40,5,29,27
77,40,5,30,5
77,40,5,31,36
77,40,5,32,2
77,40,5,33,24
77,40,5,34,25
77,40,5,35,38
77,40,5,36,15
77,40,5,37,40
77,40,5,38,30
77,40,5,39,39
77,40,5,40,19
77,40,6,1,15
77,40,6,2,16
77,40,6,3,4
77,40,6,4,17
77,40,6,5,20
77,40,6,6,22
77,40,6,7,34
77,40,6,8,38
77,40,6,9,35
77,40,6,10,32
77,40,6,11,7
77,40,6,12,30
77,40,6,13,39
77,40,6,14,25
77,40,6,15,11
77,40,6,16,26
77,40,6,17,2
77,40,6,18,12
77,40,6,19,13
77,40,6,20,24
77,40,6,21,33
77,40,6,22,19
77,40,6,23,21
77,40,6,24,8
77,40,6,25,1
77,40,6,26,27
77,40,6,27,36
77,40,6,28,5
77,40,6,29,18
77,40,6,30,9
77,40,6,31,37
77,40,6,32,23
77,40,6,33,3
77,40,6,34,29
77,40,6,35,40
77,40,6,36,6
77,40,6,37,14
77,40,6,38,31
77,40,6,39,28
77,40,6,40,10
77,40,7,1,17
77,40,7,2,35
77,40,7,3,32
77,40,7,4,1
77,40,7,5,18
77,40,7,6,4
77,40,7,7,2
77,40,7,8,7
77,40,7,9,15
77,40,7,10,31
77,40,7,11,8
77,40,7,12,19
77,40,7,13,9
77,40,7,14,36
77,40,7,15,12
77,40,7,16,14
77,40,7,17,28
77,40,7,18,38
77,40,7,19,16
77,40,7,20,20
77,40,7,21,22
77,40,7,22,6
77,40,7,23,40
77,40,7,24,11
77,40,7,25,34
77,40,7,26,13
77,40,7,27,30
77,40,7,28,24
77,40,7,29,39
77,40,7,30,10
77,40,7,31,21
77,40,7,32,33
77,40,7,33,5
77,40,7,34,23
77,40,7,35,37
77,40,7,36,29
77,40,7,37,27
77,40,7,38,26
77,40,7,39,25
77,40,7,40,3
77,40,8,1,23
77,40,8,2,30
77,40,8,3,15
77,40,8,4,29
77,40,8,5,1
77,40,8,6,11
77,40,8,7,32
77,40,8,8,27
77,40,8,9,26
77,40,8,10,40
77,40,8,11,10
77,40,8,12,35
77,40,8,13,28
77,40,8,14,18
77,40,8,15,9
77,40,8,16,7
77,40,8,17,38
77,40,8,18,4
77,40,8,19,24
77,40,8,20,19
77,40,8,21,6
77,40,8,22,39
77,40,8,23,5
77,40,8,24,37
77,40,8,25,14
77,40,8,26,34
77,40,8,27,33
77,40,8,28,22
77,40,8,29,3
77,40,8,30,8
77,40,8,31,17
77,40,8,32,2
77,40,8,33,16
77,40,8,34,20
77,40,8,35,36
77,40,8,36,21
77,40,8,37,12
77,40,8,38,31
77,40,8,39,25
77,40,8,40,13
77,40,9,1,30
77,40,9,2,10
77,40,9,3,26
77,40,9,4,15
77,40,9,5,27
77,40,9,6,16
77,40,9,7,34
77,40,9,8,5
77,40,9,9,18
77,40,9,10,36
77,40,9,11,28
77,40,9,12,4
77,40,9,13,22
77,40,9,14,8
77,40,9,15,31
77,40,9,16,9
77,40,9,17,3
77,40,9,18,38
77,40,9,19,32
77,40,9,20,19
77,40,9,21,2
77,40,9,22,23
77,40,9,23,13
77,40,9,24,14
77,40,9,25,39
77,40,9,26,12
77,40,9,27,21
77,40,9,28,37
77,40,9,29,40
77,40,9,30,24
77,40,9,31,1
77,40,9,32,17
77,40,9,33,25
77,40,9,34,6
77,40,9,35,20
77,40,9,36,29
77,40,9,37,35
77,40,9,38,33
77,40,9,39,11
77,40,9,40,7
78,40,1,1,31
78,40,1,2,4
78,40,1,3,3
78,40,1,4,38
78,40,1,5,36
78,40,1,6,5
78,40,1,7,30
78,40,1,8,14
78,40,1,9,21
78,40,1,10,1
78,40,1,11,9
78,40,1,12,33
78,40,1,13,22
78,40,1,14,23
78,40,1,15,19
78,40,1,16,28
78,40,1,17,7
78,40,1,18,15
78,40,1,19,18
78,40,1,20,17
78,40,1,21,24
78,40,1,22,37
78,40,1,23,27
78,40,1,24,10
78,40,1,25,8
78,40,1,26,16
78,40,1,27,12
78,40,1,28,29
78,40,1,29,35
78,40,1,30,6
78,40,1,31,32
78,40,1,32,20
78,40,1,33,25
78,40,1,34,11
78,40,1,35,13
78,40,1,36,26
78,40,1,37,2
78,40,1,38,39
78,40,1,39,40
78,40,1,40,34
78,40,2,1,15
78,40,2,2,33
78,40,2,3,10
78,40,2,4,29
78,40,2,5,22
78,40,2,6,38
78,40,2,7,11
78,40,2,8,32
78,40,2,9,18
78,40,2,10,7
78,40,2,11,9
78,40,2,12,21
78,40,2,13,20
78,40,2,14,23
78,40,2,15,4
78,40,2,16,40
78,40,2,17,24
78,40,2,18,28
78,40,2,19,8
78,40,2,20,1
78,40,2,21,13
78,40,2,22,6
78,40,2,23,12
78,40,2,24,35
78,40,2,25,17
78,40,2,26,19
78,40,2,27,31
78,40,2,28,27
78,40,2,29,30
78,40,2,30,16
78,40,2,31,37
78,40,2,32,2
78,40,2,33,14
78,40,2,34,3
78,40,2,35,39
78,40,2,36,5
78,40,2,37,26
78,40,2,38,36
78,40,2,39,34
78,40,2,40,25
78,40,3,1,30
78,40,3,2,6
78,40,3,3,27
78,40,3,4,24
78,40,3,5,31
78,40,3,6,14
78,40,3,7,26
78,40,3,8,38
78,40,3,9,20
78,40,3,10,32
78,40,3,11,7
78,40,3,12,33
78,40,3,13,10
78,40,3,14,8
78,40,3,15,5
78,40,3,16,19
78,40,3,17,29
78,40,3,18,21
78,40,3,19,35
78,40,3,20,11
78,40,3,21,34
78,40,3,22,28
78,40,3,23,13
78,40,3,24,39
78,40,3,25,22
78,40,3,26,12
78,40,3,27,4
78,40,3,28,36
78,40,3,29,17
78,40,3,30,40
78,40,3,31,37
78,40,3,32,1
78,40,3,33,23
78,40,3,34,15
78,40,3,35,16
78,40,3,36,25
78,40,3,37,9
78,40,3,38,3
78,40,3,39,2
78,40,3,40,18
78,40,4,1,20
78,40,4,2,7
78,40,4,3,6
78,40,4,4,16
78,40,4,5,30
78,40,4,6,39
78,40,4,7,10
78,40,4,8,26
78,40,4,9,25
78,40,4,10,37
78,40,4,11,11
78,40,4,12,40
78,40,4,13,5
78,40,4,14,17
78,40,4,15,28
78,40,4,16,21
78,40,4,17,13
78,40,4,18,14
78,40,4,19,4
78,40,4,20,2
78,40,4,21,12
78,40,4,22,31
78,40,4,23,1
78,40,4,24,24
78,40,4,25,29
78,40,4,26,18
78,40,4,27,34
78,40,4,28,23
78,40,4,29,35
78,40,4,30,3
78,40,4,31,33
78,40,4,32,19
78,40,4,33,36
78,40,4,34,8
78,40,4,35,22
78,40,4,36,15
78,40,4,37,38
78,40,4,38,9
78,40,4,39,27
78,40,4,40,32
78,40,5,1,18
78,40,5,2,6
78,40,5,3,23
78,40,5,4,35
78,40,5,5,11
78,40,5,6,34
78,40,5,7,22
78,40,5,8,17
78,40,5,9,12
78,40,5,10,37
78,40,5,11,29
78,40,5,12,14
78,40,5,13,1
78,40,5,14,3
78,40,5,15,21
78,40,5,16,8
78,40,5,17,7
78,40,5,18,31
78,40,5,19,26
78,40,5,20,32
78,40,5,21,10
78,40,5,22,28
78,40,5,23,16
78,40,5,24,33
78,40,5,25,20
78,40,5,26,13
78,40,5,27,4
78,40,5,28,36
78,40,5,29,5
78,40,5,30,9
78,40,5,31,27
78,40,5,32,2
78,40,5,33,24
78,40,5,34,25
78,40,5,35,38
78,40,5,36,15
78,40,5,37,40
78,40,5,38,30
78,40,5,39,39
78,40,5,40,19
78,40,6,1,8
78,40,6,2,1
78,40,6,3,27
78,40,6,4,36
78,40,6,5,5
78,40,6,6,18
78,40,6,7,9
78,40,6,8,14
78,40,6,9,31
78,40,6,10,6
78,40,6,11,28
78,40,6,12,10
78,40,6,13,15
78,40,6,14,16
78,40,6,15,4
78,40,6,16,17
78,40,6,17,20
78,40,6,18,22
78,40,6,19,34
78,40,6,20,38
78,40,6,21,40
78,40,6,22,35
78,40,6,23,29
78,40,6,24,3
78,40,6,25,23
78,40,6,26,32
78,40,6,27,25
78,40,6,28,39
78,40,6,29,30
78,40,6,30,7
78,40,6,31,37
78,40,6,32,21
78,40,6,33,19
78,40,6,34,33
78,40,6,35,24
78,40,6,36,11
78,40,6,37,26
78,40,6,38,2
78,40,6,39,12
78,40,6,40,13
78,40,7,1,26
78,40,7,2,25
78,40,7,3,27
78,40,7,4,29
78,40,7,5,37
78,40,7,6,3
78,40,7,7,23
78,40,7,8,17
78,40,7,9,35
78,40,7,10,32
78,40,7,11,1
78,40,7,12,18
78,40,7,13,4
78,40,7,14,7
78,40,7,15,2
78,40,7,16,15
78,40,7,17,31
78,40,7,18,14
78,40,7,19,12
78,40,7,20,8
78,40,7,21,19
78,40,7,22,9
78,40,7,23,36
78,40,7,24,28
78,40,7,25,6
78,40,7,26,22
78,40,7,27,20
78,40,7,28,16
78,40,7,29,38
78,40,7,30,21
78,40,7,31,33
78,40,7,32,5
78,40,7,33,10
78,40,7,34,40
78,40,7,35,11
78,40,7,36,39
78,40,7,37,34
78,40,7,38,13
78,40,7,39,30
78,40,7,40,24
78,40,8,1,23
78,40,8,2,30
78,40,8,3,15
78,40,8,4,29
78,40,8,5,1
78,40,8,6,11
78,40,8,7,32
78,40,8,8,27
78,40,8,9,14
78,40,8,10,26
78,40,8,11,40
78,40,8,12,28
78,40,8,13,10
78,40,8,14,35
78,40,8,15,18
78,40,8,16,9
78,40,8,17,7
78,40,8,18,38
78,40,8,19,4
78,40,8,20,24
78,40,8,21,19
78,40,8,22,6
78,40,8,23,39
78,40,8,24,5
78,40,8,25,37
78,40,8,26,33
78,40,8,27,34
78,40,8,28,20
78,40,8,29,36
78,40,8,30,21
78,40,8,31,16
78,40,8,32,2
78,40,8,33,22
78,40,8,34,3
78,40,8,35,8
78,40,8,36,17
78,40,8,37,25
78,40,8,38,31
78,40,8,39,12
78,40,8,40,13
78,40,9,1,30
78,40,9,2,7
78,40,9,3,33
78,40,9,4,35
78,40,9,5,29
78,40,9,6,20
78,40,9,7,11
78,40,9,8,6
78,40,9,9,25
78,40,9,10,17
78,40,9,11,1
78,40,9,12,24
78,40,9,13,40
78,40,9,14,37
78,40,9,15,21
78,40,9,16,12
78,40,9,17,39
78,40,9,18,38
78,40,9,19,3
78,40,9,20,9
78,40,9,21,31
78,40,9,22,22
78,40,9,23,8
78,40,9,24,4
78,40,9,25,28
78,40,9,26,36
78,40,9,27,32
78,40,9,28,19
78,40,9,29,23
78,40,9,30,14
78,40,9,31,13
78,40,9,32,2
78,40,9,33,18
78,40,9,34,5
78,40,9,35,34
78,40,9,36,16
78,40,9,37,27
78,40,9,38,15
78,40,9,39,26
78,40,9,40,10
79,40,1,1,34
79,40,1,2,4
79,40,1,3,3
79,40,1,4,38
79,40,1,5,36
79,40,1,6,5
79,40,1,7,30
79,40,1,8,31
79,40,1,9,14
79,40,1,10,1
79,40,1,11,21
79,40,1,12,9
79,40,1,13,22
79,40,1,14,33
79,40,1,15,23
79,40,1,16,19
79,40,1,17,7
79,40,1,18,28
79,40,1,19,17
79,40,1,20,15
79,40,1,21,18
79,40,1,22,24
79,40,1,23,37
79,40,1,24,27
79,40,1,25,10
79,40,1,26,16
79,40,1,27,8
79,40,1,28,29
79,40,1,29,35
79,40,1,30,12
79,40,1,31,6
79,40,1,32,32
79,40,1,33,20
79,40,1,34,25
79,40,1,35,11
79,40,1,36,13
79,40,1,37,26
79,40,1,38,2
79,40,1,39,39
79,40,1,40,40
79,40,2,1,25
79,40,2,2,15
79,40,2,3,33
79,40,2,4,10
79,40,2,5,29
79,40,2,6,22
79,40,2,7,38
79,40,2,8,18
79,40,2,9,7
79,40,2,10,9
79,40,2,11,21
79,40,2,12,32
79,40,2,13,11
79,40,2,14,24
79,40,2,15,40
79,40,2,16,4
79,40,2,17,23
79,40,2,18,20
79,40,2,19,12
79,40,2,20,35
79,40,2,21,17
79,40,2,22,6
79,40,2,23,13
79,40,2,24,19
79,40,2,25,27
79,40,2,26,31
79,40,2,27,30
79,40,2,28,1
79,40,2,29,8
79,40,2,30,28
79,40,2,31,3
79,40,2,32,16
79,40,2,33,37
79,40,2,34,2
79,40,2,35,14
79,40,2,36,5
79,40,2,37,26
79,40,2,38,36
79,40,2,39,34
79,40,2,40,39
79,40,3,1,30
79,40,3,2,6
79,40,3,3,27
79,40,3,4,24
79,40,3,5,31
79,40,3,6,2
79,40,3,7,18
79,40,3,8,3
79,40,3,9,9
79,40,3,10,25
79,40,3,11,16
79,40,3,12,15
79,40,3,13,23
79,40,3,14,1
79,40,3,15,37
79,40,3,16,17
79,40,3,17,36
79,40,3,18,40
79,40,3,19,39
79,40,3,20,22
79,40,3,21,12
79,40,3,22,4
79,40,3,23,13
79,40,3,24,28
79,40,3,25,34
79,40,3,26,11
79,40,3,27,21
79,40,3,28,29
79,40,3,29,35
79,40,3,30,7
79,40,3,31,19
79,40,3,32,5
79,40,3,33,8
79,40,3,34,33
79,40,3,35,32
79,40,3,36,20
79,40,3,37,10
79,40,3,38,26
79,40,3,39,14
79,40,3,40,38
79,40,4,1,7
79,40,4,2,6
79,40,4,3,20
79,40,4,4,16
79,40,4,5,26
79,40,4,6,10
79,40,4,7,30
79,40,4,8,39
79,40,4,9,25
79,40,4,10,37
79,40,4,11,11
79,40,4,12,5
79,40,4,13,17
79,40,4,14,21
79,40,4,15,28
79,40,4,16,13
79,40,4,17,2
79,40,4,18,12
79,40,4,19,14
79,40,4,20,4
79,40,4,21,31
79,40,4,22,24
79,40,4,23,1
79,40,4,24,29
79,40,4,25,40
79,40,4,26,3
79,40,4,27,35
79,40,4,28,18
79,40,4,29,34
79,40,4,30,23
79,40,4,31,38
79,40,4,32,9
79,40,4,33,15
79,40,4,34,27
79,40,4,35,22
79,40,4,36,8
79,40,4,37,36
79,40,4,38,19
79,40,4,39,33
79,40,4,40,32
79,40,5,1,18
79,40,5,2,6
79,40,5,3,23
79,40,5,4,35
79,40,5,5,11
79,40,5,6,34
79,40,5,7,22
79,40,5,8,17
79,40,5,9,12
79,40,5,10,37
79,40,5,11,29
79,40,5,12,14
79,40,5,13,10
79,40,5,14,1
79,40,5,15,32
79,40,5,16,26
79,40,5,17,8
79,40,5,18,3
79,40,5,19,21
79,40,5,20,7
79,40,5,21,31
79,40,5,22,16
79,40,5,23,28
79,40,5,24,4
79,40,5,25,13
79,40,5,26,33
79,40,5,27,20
79,40,5,28,9
79,40,5,29,27
79,40,5,30,5
79,40,5,31,36
79,40,5,32,2
79,40,5,33,24
79,40,5,34,25
79,40,5,35,38
79,40,5,36,15
79,40,5,37,40
79,40,5,38,30
79,40,5,39,39
79,40,5,40,19
79,40,6,1,18
79,40,6,2,14
79,40,6,3,9
79,40,6,4,31
79,40,6,5,6
79,40,6,6,28
79,40,6,7,10
79,40,6,8,15
79,40,6,9,16
79,40,6,10,34
79,40,6,11,4
79,40,6,12,17
79,40,6,13,20
79,40,6,14,22
79,40,6,15,38
79,40,6,16,40
79,40,6,17,29
79,40,6,18,3
79,40,6,19,35
79,40,6,20,25
79,40,6,21,39
79,40,6,22,30
79,40,6,23,7
79,40,6,24,32
79,40,6,25,23
79,40,6,26,37
79,40,6,27,21
79,40,6,28,19
79,40,6,29,33
79,40,6,30,24
79,40,6,31,11
79,40,6,32,26
79,40,6,33,2
79,40,6,34,13
79,40,6,35,12
79,40,6,36,8
79,40,6,37,1
79,40,6,38,27
79,40,6,39,36
79,40,6,40,5
79,40,7,1,23
79,40,7,2,17
79,40,7,3,35
79,40,7,4,32
79,40,7,5,1
79,40,7,6,18
79,40,7,7,4
79,40,7,8,7
79,40,7,9,2
79,40,7,10,15
79,40,7,11,31
79,40,7,12,12
79,40,7,13,8
79,40,7,14,19
79,40,7,15,9
79,40,7,16,36
79,40,7,17,40
79,40,7,18,11
79,40,7,19,34
79,40,7,20,13
79,40,7,21,30
79,40,7,22,24
79,40,7,23,39
79,40,7,24,10
79,40,7,25,26
79,40,7,26,27
79,40,7,27,25
79,40,7,28,3
79,40,7,29,37
79,40,7,30,29
79,40,7,31,22
79,40,7,32,6
79,40,7,33,20
79,40,7,34,16
79,40,7,35,38
79,40,7,36,28
79,40,7,37,14
79,40,7,38,21
79,40,7,39,33
79,40,7,40,5
79,40,8,1,13
79,40,8,2,11
79,40,8,3,23
79,40,8,4,30
79,40,8,5,15
79,40,8,6,29
79,40,8,7,1
79,40,8,8,32
79,40,8,9,27
79,40,8,10,40
79,40,8,11,26
79,40,8,12,14
79,40,8,13,28
79,40,8,14,10
79,40,8,15,35
79,40,8,16,18
79,40,8,17,9
79,40,8,18,7
79,40,8,19,38
79,40,8,20,4
79,40,8,21,24
79,40,8,22,19
79,40,8,23,6
79,40,8,24,39
79,40,8,25,5
79,40,8,26,37
79,40,8,27,34
79,40,8,28,33
79,40,8,29,20
79,40,8,30,36
79,40,8,31,21
79,40,8,32,12
79,40,8,33,16
79,40,8,34,2
79,40,8,35,22
79,40,8,36,3
79,40,8,37,8
79,40,8,38,17
79,40,8,39,25
79,40,8,40,31
79,40,9,1,28
79,40,9,2,4
79,40,9,3,8
79,40,9,4,22
79,40,9,5,31
79,40,9,6,9
79,40,9,7,3
79,40,9,8,38
79,40,9,9,39
79,40,9,10,12
79,40,9,11,21
79,40,9,12,37
79,40,9,13,40
79,40,9,14,24
79,40,9,15,17
79,40,9,16,1
79,40,9,17,25
79,40,9,18,6
79,40,9,19,20
79,40,9,20,11
79,40,9,21,7
79,40,9,22,33
79,40,9,23,29
79,40,9,24,35
79,40,9,25,30
79,40,9,26,10
79,40,9,27,26
79,40,9,28,15
79,40,9,29,2
79,40,9,30,27
79,40,9,31,16
79,40,9,32,34
79,40,9,33,5
79,40,9,34,18
79,40,9,35,36
79,40,9,36,32
79,40,9,37,19
79,40,9,38,23
79,40,9,39,13
79,40,9,40,14
80,40,1,1,3
80,40,1,2,38
80,40,1,3,23
80,40,1,4,19
80,40,1,5,7
80,40,1,6,15
80,40,1,7,28
80,40,1,8,17
80,40,1,9,16
80,40,1,10,8
80,40,1,11,32
80,40,1,12,6
80,40,1,13,12
80,40,1,14,35
80,40,1,15,29
80,40,1,16,20
80,40,1,17,25
80,40,1,18,11
80,40,1,19,13
80,40,1,20,26
80,40,1,21,2
80,40,1,22,39
80,40,1,23,40
80,40,1,24,34
80,40,1,25,10
80,40,1,26,27
80,40,1,27,37
80,40,1,28,24
80,40,1,29,18
80,40,1,30,22
80,40,1,31,33
80,40,1,32,9
80,40,1,33,21
80,40,1,34,1
80,40,1,35,14
80,40,1,36,31
80,40,1,37,4
80,40,1,38,30
80,40,1,39,5
80,40,1,40,36
80,40,2,1,15
80,40,2,2,25
80,40,2,3,36
80,40,2,4,26
80,40,2,5,14
80,40,2,6,2
80,40,2,7,37
80,40,2,8,16
80,40,2,9,30
80,40,2,10,31
80,40,2,11,27
80,40,2,12,19
80,40,2,13,17
80,40,2,14,35
80,40,2,15,12
80,40,2,16,6
80,40,2,17,20
80,40,2,18,23
80,40,2,19,4
80,40,2,20,40
80,40,2,21,24
80,40,2,22,32
80,40,2,23,21
80,40,2,24,9
80,40,2,25,7
80,40,2,26,18
80,40,2,27,11
80,40,2,28,38
80,40,2,29,22
80,40,2,30,28
80,40,2,31,8
80,40,2,32,1
80,40,2,33,13
80,40,2,34,3
80,40,2,35,5
80,40,2,36,34
80,40,2,37,39
80,40,2,38,29
80,40,2,39,10
80,40,2,40,33
80,40,3,1,30
80,40,3,2,2
80,40,3,3,6
80,40,3,4,27
80,40,3,5,24
80,40,3,6,31
80,40,3,7,9
80,40,3,8,25
80,40,3,9,23
80,40,3,10,14
80,40,3,11,26
80,40,3,12,38
80,40,3,13,20
80,40,3,14,32
80,40,3,15,10
80,40,3,16,33
80,40,3,17,7
80,40,3,18,8
80,40,3,19,5
80,40,3,20,19
80,40,3,21,35
80,40,3,22,11
80,40,3,23,29
80,40,3,24,21
80,40,3,25,28
80,40,3,26,34
80,40,3,27,39
80,40,3,28,13
80,40,3,29,22
80,40,3,30,12
80,40,3,31,4
80,40,3,32,36
80,40,3,33,40
80,40,3,34,17
80,40,3,35,37
80,40,3,36,1
80,40,3,37,15
80,40,3,38,16
80,40,3,39,3
80,40,3,40,18
80,40,4,1,11
80,40,4,2,5
80,40,4,3,28
80,40,4,4,17
80,40,4,5,21
80,40,4,6,13
80,40,4,7,14
80,40,4,8,4
80,40,4,9,31
80,40,4,10,24
80,40,4,11,29
80,40,4,12,34
80,40,4,13,23
80,40,4,14,38
80,40,4,15,9
80,40,4,16,15
80,40,4,17,27
80,40,4,18,22
80,40,4,19,8
80,40,4,20,36
80,40,4,21,19
80,40,4,22,33
80,40,4,23,32
80,40,4,24,20
80,40,4,25,7
80,40,4,26,6
80,40,4,27,16
80,40,4,28,30
80,40,4,29,39
80,40,4,30,10
80,40,4,31,26
80,40,4,32,3
80,40,4,33,35
80,40,4,34,18
80,40,4,35,1
80,40,4,36,12
80,40,4,37,2
80,40,4,38,40
80,40,4,39,37
80,40,4,40,25
80,40,5,1,18
80,40,5,2,6
80,40,5,3,35
80,40,5,4,22
80,40,5,5,17
80,40,5,6,12
80,40,5,7,37
80,40,5,8,29
80,40,5,9,1
80,40,5,10,3
80,40,5,11,21
80,40,5,12,7
80,40,5,13,31
80,40,5,14,33
80,40,5,15,20
80,40,5,16,13
80,40,5,17,4
80,40,5,18,9
80,40,5,19,27
80,40,5,20,25
80,40,5,21,38
80,40,5,22,15
80,40,5,23,40
80,40,5,24,24
80,40,5,25,2
80,40,5,26,5
80,40,5,27,28
80,40,5,28,16
80,40,5,29,8
80,40,5,30,26
80,40,5,31,32
80,40,5,32,14
80,40,5,33,10
80,40,5,34,11
80,40,5,35,34
80,40,5,36,23
80,40,5,37,36
80,40,5,38,30
80,40,5,39,39
80,40,5,40,19
80,40,6,1,1
80,40,6,2,8
80,40,6,3,21
80,40,6,4,13
80,40,6,5,12
80,40,6,6,2
80,40,6,7,26
80,40,6,8,11
80,40,6,9,24
80,40,6,10,7
80,40,6,11,30
80,40,6,12,39
80,40,6,13,25
80,40,6,14,32
80,40,6,15,35
80,40,6,16,22
80,40,6,17,20
80,40,6,18,17
80,40,6,19,4
80,40,6,20,34
80,40,6,21,16
80,40,6,22,10
80,40,6,23,15
80,40,6,24,31
80,40,6,25,14
80,40,6,26,5
80,40,6,27,18
80,40,6,28,9
80,40,6,29,6
80,40,6,30,28
80,40,6,31,38
80,40,6,32,40
80,40,6,33,29
80,40,6,34,3
80,40,6,35,23
80,40,6,36,33
80,40,6,37,19
80,40,6,38,37
80,40,6,39,36
80,40,6,40,27
80,40,7,1,25
80,40,7,2,3
80,40,7,3,17
80,40,7,4,35
80,40,7,5,32
80,40,7,6,1
80,40,7,7,18
80,40,7,8,4
80,40,7,9,2
80,40,7,10,7
80,40,7,11,15
80,40,7,12,31
80,40,7,13,8
80,40,7,14,19
80,40,7,15,9
80,40,7,16,36
80,40,7,17,12
80,40,7,18,6
80,40,7,19,40
80,40,7,20,11
80,40,7,21,34
80,40,7,22,30
80,40,7,23,13
80,40,7,24,24
80,40,7,25,39
80,40,7,26,10
80,40,7,27,22
80,40,7,28,14
80,40,7,29,28
80,40,7,30,20
80,40,7,31,16
80,40,7,32,38
80,40,7,33,21
80,40,7,34,33
80,40,7,35,5
80,40,7,36,3
80,40,7,37,37
80,40,7,38,29
80,40,7,39,26
80,40,7,40,27
80,40,8,1,15
80,40,8,2,29
80,40,8,3,1
80,40,8,4,11
80,40,8,5,32
80,40,8,6,27
80,40,8,7,26
80,40,8,8,40
80,40,8,9,10
80,40,8,10,35
80,40,8,11,28
80,40,8,12,18
80,40,8,13,7
80,40,8,14,38
80,40,8,15,4
80,40,8,16,24
80,40,8,17,19
80,40,8,18,6
80,40,8,19,39
80,40,8,20,22
80,40,8,21,3
80,40,8,22,8
80,40,8,23,17
80,40,8,24,25
80,40,8,25,31
80,40,8,26,12
80,40,8,27,2
80,40,8,28,16
80,40,8,29,33
80,40,8,30,5
80,40,8,31,37
80,40,8,32,9
80,40,8,33,14
80,40,8,34,34
80,40,8,35,20
80,40,8,36,36
80,40,8,37,21
80,40,8,38,13
80,40,8,39,23
80,40,8,40,30
80,40,9,1,30
80,40,9,2,10
80,40,9,3,26
80,40,9,4,15
80,40,9,5,27
80,40,9,6,16
80,40,9,7,34
80,40,9,8,5
80,40,9,9,18
80,40,9,10,36
80,40,9,11,28
80,40,9,12,4
80,40,9,13,8
80,40,9,14,22
80,40,9,15,31
80,40,9,16,9
80,40,9,17,38
80,40,9,18,3
80,40,9,19,21
80,40,9,20,37
80,40,9,21,40
80,40,9,22,24
80,40,9,23,17
80,40,9,24,1
80,40,9,25,25
80,40,9,26,6
80,40,9,27,12
80,40,9,28,39
80,40,9,29,32
80,40,9,30,19
80,40,9,31,2
80,40,9,32,23
80,40,9,33,13
80,40,9,34,14
80,40,9,35,20
80,40,9,36,29
80,40,9,37,35
80,40,9,38,11
80,40,9,39,33
80,40,9,40,7
81,40,1,1,3
81,40,1,2,38
81,40,1,3,36
81,40,1,4,5
81,40,1,5,30
81,40,1,6,14
81,40,1,7,1
81,40,1,8,33
81,40,1,9,23
81,40,1,10,19
81,40,1,11,7
81,40,1,12,22
81,40,1,13,18
81,40,1,14,15
81,40,1,15,28
81,40,1,16,17
81,40,1,17,16
81,40,1,18,12
81,40,1,19,29
81,40,1,20,35
81,40,1,21,6
81,40,1,22,32
81,40,1,23,8
81,40,1,24,10
81,40,1,25,27
81,40,1,26,24
81,40,1,27,37
81,40,1,28,9
81,40,1,29,21
81,40,1,30,20
81,40,1,31,25
81,40,1,32,11
81,40,1,33,13
81,40,1,34,26
81,40,1,35,2
81,40,1,36,39
81,40,1,37,40
81,40,1,38,34
81,40,1,39,31
81,40,1,40,4
81,40,2,1,15
81,40,2,2,33
81,40,2,3,10
81,40,2,4,29
81,40,2,5,22
81,40,2,6,38
81,40,2,7,18
81,40,2,8,7
81,40,2,9,11
81,40,2,10,32
81,40,2,11,21
81,40,2,12,9
81,40,2,13,20
81,40,2,14,35
81,40,2,15,17
81,40,2,16,12
81,40,2,17,6
81,40,2,18,23
81,40,2,19,31
81,40,2,20,27
81,40,2,21,19
81,40,2,22,13
81,40,2,23,1
81,40,2,24,4
81,40,2,25,40
81,40,2,26,8
81,40,2,27,30
81,40,2,28,16
81,40,2,29,37
81,40,2,30,2
81,40,2,31,14
81,40,2,32,26
81,40,2,33,5
81,40,2,34,3
81,40,2,35,24
81,40,2,36,28
81,40,2,37,39
81,40,2,38,34
81,40,2,39,36
81,40,2,40,25
81,40,3,1,30
81,40,3,2,6
81,40,3,3,27
81,40,3,4,38
81,40,3,5,20
81,40,3,6,32
81,40,3,7,7
81,40,3,8,29
81,40,3,9,21
81,40,3,10,28
81,40,3,11,34
81,40,3,12,11
81,40,3,13,35
81,40,3,14,19
81,40,3,15,5
81,40,3,16,8
81,40,3,17,33
81,40,3,18,10
81,40,3,19,26
81,40,3,20,14
81,40,3,21,39
81,40,3,22,13
81,40,3,23,22
81,40,3,24,12
81,40,3,25,4
81,40,3,26,36
81,40,3,27,17
81,40,3,28,37
81,40,3,29,40
81,40,3,30,23
81,40,3,31,25
81,40,3,32,9
81,40,3,33,31
81,40,3,34,24
81,40,3,35,2
81,40,3,36,18
81,40,3,37,3
81,40,3,38,16
81,40,3,39,15
81,40,3,40,1
81,40,4,1,27
81,40,4,2,22
81,40,4,3,8
81,40,4,4,36
81,40,4,5,19
81,40,4,6,33
81,40,4,7,32
81,40,4,8,20
81,40,4,9,7
81,40,4,10,6
81,40,4,11,16
81,40,4,12,30
81,40,4,13,39
81,40,4,14,10
81,40,4,15,26
81,40,4,16,25
81,40,4,17,37
81,40,4,18,11
81,40,4,19,40
81,40,4,20,3
81,40,4,21,35
81,40,4,22,18
81,40,4,23,1
81,40,4,24,12
81,40,4,25,2
81,40,4,26,5
81,40,4,27,13
81,40,4,28,14
81,40,4,29,28
81,40,4,30,17
81,40,4,31,21
81,40,4,32,4
81,40,4,33,31
81,40,4,34,24
81,40,4,35,29
81,40,4,36,34
81,40,4,37,23
81,40,4,38,38
81,40,4,39,9
81,40,4,40,15
81,40,5,1,18
81,40,5,2,39
81,40,5,3,30
81,40,5,4,40
81,40,5,5,15
81,40,5,6,38
81,40,5,7,25
81,40,5,8,24
81,40,5,9,2
81,40,5,10,27
81,40,5,11,9
81,40,5,12,20
81,40,5,13,7
81,40,5,14,21
81,40,5,15,31
81,40,5,16,33
81,40,5,17,13
81,40,5,18,4
81,40,5,19,16
81,40,5,20,28
81,40,5,21,26
81,40,5,22,8
81,40,5,23,3
81,40,5,24,32
81,40,5,25,1
81,40,5,26,5
81,40,5,27,36
81,40,5,28,10
81,40,5,29,14
81,40,5,30,29
81,40,5,31,37
81,40,5,32,12
81,40,5,33,17
81,40,5,34,34
81,40,5,35,22
81,40,5,36,11
81,40,5,37,35
81,40,5,38,23
81,40,5,39,6
81,40,5,40,19
81,40,6,1,1
81,40,6,2,27
81,40,6,3,36
81,40,6,4,5
81,40,6,5,14
81,40,6,6,31
81,40,6,7,15
81,40,6,8,18
81,40,6,9,9
81,40,6,10,6
81,40,6,11,28
81,40,6,12,10
81,40,6,13,16
81,40,6,14,4
81,40,6,15,17
81,40,6,16,20
81,40,6,17,22
81,40,6,18,25
81,40,6,19,39
81,40,6,20,30
81,40,6,21,7
81,40,6,22,32
81,40,6,23,35
81,40,6,24,38
81,40,6,25,34
81,40,6,26,40
81,40,6,27,29
81,40,6,28,3
81,40,6,29,23
81,40,6,30,11
81,40,6,31,26
81,40,6,32,2
81,40,6,33,12
81,40,6,34,13
81,40,6,35,24
81,40,6,36,33
81,40,6,37,19
81,40,6,38,37
81,40,6,39,21
81,40,6,40,8
81,40,7,1,25
81,40,7,2,3
81,40,7,3,17
81,40,7,4,35
81,40,7,5,32
81,40,7,6,1
81,40,7,7,18
81,40,7,8,4
81,40,7,9,2
81,40,7,10,7
81,40,7,11,15
81,40,7,12,31
81,40,7,13,8
81,40,7,14,19
81,40,7,15,9
81,40,7,16,36
81,40,7,17,12
81,40,7,18,14
81,40,7,19,28
81,40,7,20,38
81,40,7,21,16
81,40,7,22,20
81,40,7,23,22
81,40,7,24,6
81,40,7,25,40
81,40,7,26,11
81,40,7,27,34
81,40,7,28,30
81,40,7,29,13
81,40,7,30,24
81,40,7,31,39
81,40,7,32,10
81,40,7,33,21
81,40,7,34,33
81,40,7,35,5
81,40,7,36,23
81,40,7,37,37
81,40,7,38,29
81,40,7,39,27
81,40,7,40,26
81,40,8,1,15
81,40,8,2,29
81,40,8,3,1
81,40,8,4,11
81,40,8,5,32
81,40,8,6,27
81,40,8,7,26
81,40,8,8,40
81,40,8,9,35
81,40,8,10,10
81,40,8,11,28
81,40,8,12,14
81,40,8,13,21
81,40,8,14,36
81,40,8,15,20
81,40,8,16,34
81,40,8,17,37
81,40,8,18,9
81,40,8,19,18
81,40,8,20,7
81,40,8,21,38
81,40,8,22,4
81,40,8,23,24
81,40,8,24,19
81,40,8,25,6
81,40,8,26,39
81,40,8,27,5
81,40,8,28,33
81,40,8,29,16
81,40,8,30,22
81,40,8,31,2
81,40,8,32,3
81,40,8,33,8
81,40,8,34,17
81,40,8,35,25
81,40,8,36,31
81,40,8,37,12
81,40,8,38,13
81,40,8,39,23
81,40,8,40,30
81,40,9,1,14
81,40,9,2,39
81,40,9,3,38
81,40,9,4,3
81,40,9,5,12
81,40,9,6,21
81,40,9,7,37
81,40,9,8,40
81,40,9,9,24
81,40,9,10,17
81,40,9,11,1
81,40,9,12,25
81,40,9,13,6
81,40,9,14,20
81,40,9,15,29
81,40,9,16,11
81,40,9,17,33
81,40,9,18,7
81,40,9,19,30
81,40,9,20,35
81,40,9,21,10
81,40,9,22,26
81,40,9,23,15
81,40,9,24,27
81,40,9,25,16
81,40,9,26,34
81,40,9,27,5
81,40,9,28,18
81,40,9,29,36
81,40,9,30,28
81,40,9,31,4
81,40,9,32,22
81,40,9,33,9
81,40,9,34,31
81,40,9,35,8
81,40,9,36,32
81,40,9,37,19
81,40,9,38,2
81,40,9,39,23
81,40,9,40,13
82,40,1,1,27
82,40,1,2,11
82,40,1,3,13
82,40,1,4,26
82,40,1,5,2
82,40,1,6,39
82,40,1,7,40
82,40,1,8,34
82,40,1,9,31
82,40,1,10,4
82,40,1,11,30
82,40,1,12,5
82,40,1,13,3
82,40,1,14,38
82,40,1,15,36
82,40,1,16,14
82,40,1,17,21
82,40,1,18,1
82,40,1,19,9
82,40,1,20,33
82,40,1,21,22
82,40,1,22,37
82,40,1,23,24
82,40,1,24,18
82,40,1,25,7
82,40,1,26,23
82,40,1,27,19
82,40,1,28,15
82,40,1,29,28
82,40,1,30,17
82,40,1,31,16
82,40,1,32,32
82,40,1,33,6
82,40,1,34,12
82,40,1,35,35
82,40,1,36,29
82,40,1,37,25
82,40,1,38,20
82,40,1,39,8
82,40,1,40,10
82,40,2,1,31
82,40,2,2,35
82,40,2,3,17
82,40,2,4,12
82,40,2,5,6
82,40,2,6,20
82,40,2,7,23
82,40,2,8,4
82,40,2,9,40
82,40,2,10,21
82,40,2,11,9
82,40,2,12,7
82,40,2,13,18
82,40,2,14,32
82,40,2,15,11
82,40,2,16,38
82,40,2,17,22
82,40,2,18,29
82,40,2,19,10
82,40,2,20,33
82,40,2,21,15
82,40,2,22,39
82,40,2,23,28
82,40,2,24,24
82,40,2,25,8
82,40,2,26,3
82,40,2,27,34
82,40,2,28,25
82,40,2,29,36
82,40,2,30,26
82,40,2,31,5
82,40,2,32,14
82,40,2,33,2
82,40,2,34,37
82,40,2,35,16
82,40,2,36,30
82,40,2,37,1
82,40,2,38,13
82,40,2,39,19
82,40,2,40,27
82,40,3,1,11
82,40,3,2,34
82,40,3,3,28
82,40,3,4,13
82,40,3,5,39
82,40,3,6,22
82,40,3,7,12
82,40,3,8,4
82,40,3,9,36
82,40,3,10,17
82,40,3,11,37
82,40,3,12,40
82,40,3,13,1
82,40,3,14,23
82,40,3,15,15
82,40,3,16,16
82,40,3,17,25
82,40,3,18,3
82,40,3,19,9
82,40,3,20,2
82,40,3,21,18
82,40,3,22,30
82,40,3,23,6
82,40,3,24,27
82,40,3,25,24
82,40,3,26,31
82,40,3,27,14
82,40,3,28,26
82,40,3,29,10
82,40,3,30,38
82,40,3,31,20
82,40,3,32,32
82,40,3,33,33
82,40,3,34,7
82,40,3,35,8
82,40,3,36,5
82,40,3,37,19
82,40,3,38,29
82,40,3,39,21
82,40,3,40,35
82,40,4,1,35
82,40,4,2,8
82,40,4,3,22
82,40,4,4,15
82,40,4,5,38
82,40,4,6,9
82,40,4,7,27
82,40,4,8,36
82,40,4,9,19
82,40,4,10,33
82,40,4,11,32
82,40,4,12,16
82,40,4,13,20
82,40,4,14,7
82,40,4,15,6
82,40,4,16,30
82,40,4,17,26
82,40,4,18,10
82,40,4,19,39
82,40,4,20,25
82,40,4,21,11
82,40,4,22,37
82,40,4,23,5
82,40,4,24,28
82,40,4,25,17
82,40,4,26,21
82,40,4,27,4
82,40,4,28,14
82,40,4,29,13
82,40,4,30,2
82,40,4,31,31
82,40,4,32,24
82,40,4,33,29
82,40,4,34,34
82,40,4,35,23
82,40,4,36,18
82,40,4,37,1
82,40,4,38,12
82,40,4,39,40
82,40,4,40,3
82,40,5,1,18
82,40,5,2,6
82,40,5,3,19
82,40,5,4,30
82,40,5,5,39
82,40,5,6,40
82,40,5,7,15
82,40,5,8,38
82,40,5,9,25
82,40,5,10,24
82,40,5,11,2
82,40,5,12,27
82,40,5,13,9
82,40,5,14,20
82,40,5,15,4
82,40,5,16,13
82,40,5,17,33
82,40,5,18,31
82,40,5,19,7
82,40,5,20,21
82,40,5,21,3
82,40,5,22,8
82,40,5,23,26
82,40,5,24,16
82,40,5,25,28
82,40,5,26,32
82,40,5,27,1
82,40,5,28,29
82,40,5,29,14
82,40,5,30,10
82,40,5,31,5
82,40,5,32,36
82,40,5,33,23
82,40,5,34,11
82,40,5,35,37
82,40,5,36,12
82,40,5,37,17
82,40,5,38,34
82,40,5,39,22
82,40,5,40,35
82,40,6,1,29
82,40,6,2,9
82,40,6,3,18
82,40,6,4,5
82,40,6,5,14
82,40,6,6,36
82,40,6,7,27
82,40,6,8,1
82,40,6,9,8
82,40,6,10,12
82,40,6,11,13
82,40,6,12,2
82,40,6,13,26
82,40,6,14,11
82,40,6,15,30
82,40,6,16,39
82,40,6,17,25
82,40,6,18,17
82,40,6,19,20
82,40,6,20,22
82,40,6,21,34
82,40,6,22,4
82,40,6,23,16
82,40,6,24,15
82,40,6,25,10
82,40,6,26,28
82,40,6,27,31
82,40,6,28,6
82,40,6,29,40
82,40,6,30,38
82,40,6,31,35
82,40,6,32,32
82,40,6,33,7
82,40,6,34,24
82,40,6,35,33
82,40,6,36,19
82,40,6,37,21
82,40,6,38,37
82,40,6,39,23
82,40,6,40,3
82,40,7,1,15
82,40,7,2,8
82,40,7,3,19
82,40,7,4,9
82,40,7,5,36
82,40,7,6,40
82,40,7,7,11
82,40,7,8,34
82,40,7,9,30
82,40,7,10,13
82,40,7,11,24
82,40,7,12,39
82,40,7,13,10
82,40,7,14,26
82,40,7,15,25
82,40,7,16,27
82,40,7,17,29
82,40,7,18,37
82,40,7,19,3
82,40,7,20,23
82,40,7,21,5
82,40,7,22,33
82,40,7,23,21
82,40,7,24,16
82,40,7,25,20
82,40,7,26,22
82,40,7,27,6
82,40,7,28,38
82,40,7,29,28
82,40,7,30,17
82,40,7,31,35
82,40,7,32,32
82,40,7,33,1
82,40,7,34,2
82,40,7,35,7
82,40,7,36,4
82,40,7,37,18
82,40,7,38,14
82,40,7,39,12
82,40,7,40,31
82,40,8,1,18
82,40,8,2,28
82,40,8,3,10
82,40,8,4,35
82,40,8,5,40
82,40,8,6,26
82,40,8,7,14
82,40,8,8,27
82,40,8,9,32
82,40,8,10,11
82,40,8,11,1
82,40,8,12,29
82,40,8,13,15
82,40,8,14,30
82,40,8,15,23
82,40,8,16,13
82,40,8,17,12
82,40,8,18,31
82,40,8,19,25
82,40,8,20,17
82,40,8,21,8
82,40,8,22,3
82,40,8,23,22
82,40,8,24,2
82,40,8,25,16
82,40,8,26,21
82,40,8,27,36
82,40,8,28,20
82,40,8,29,34
82,40,8,30,33
82,40,8,31,39
82,40,8,32,6
82,40,8,33,19
82,40,8,34,5
82,40,8,35,24
82,40,8,36,4
82,40,8,37,38
82,40,8,38,37
82,40,8,39,7
82,40,8,40,9
82,40,9,1,39
82,40,9,2,38
82,40,9,3,3
82,40,9,4,9
82,40,9,5,31
82,40,9,6,22
82,40,9,7,8
82,40,9,8,4
82,40,9,9,28
82,40,9,10,36
82,40,9,11,32
82,40,9,12,19
82,40,9,13,18
82,40,9,14,5
82,40,9,15,2
82,40,9,16,34
82,40,9,17,16
82,40,9,18,27
82,40,9,19,15
82,40,9,20,26
82,40,9,21,10
82,40,9,22,30
82,40,9,23,7
82,40,9,24,33
82,40,9,25,35
82,40,9,26,29
82,40,9,27,20
82,40,9,28,11
82,40,9,29,6
82,40,9,30,14
82,40,9,31,13
82,40,9,32,23
82,40,9,33,25
82,40,9,34,1
82,40,9,35,17
82,40,9,36,24
82,40,9,37,40
82,40,9,38,37
82,40,9,39,21
82,40,9,40,12
