participant,trial,reportIndex,report
1,1,1,Silent
1,2,1,Search
1,2,2,Evaluation
1,2,3,Decision: Single Indicator
1,3,1,Search
1,3,2,Encoding
1,3,3,Decision: No justification
1,4,1,Metacognitive
1,5,1,Elaboration: Indicator based
1,5,2,Decision: Single Indicator
1,6,1,Search
1,7,1,Decision: Single Indicator
1,8,1,Encoding
1,8,2,Decision: No justification
1,9,1,Encoding
1,10,1,Search
1,10,2,Elaboration: Indicator based
1,10,3,Decision: Single Indicator
1,11,1,Encoding
1,11,2,Encoding
1,11,3,Evaluation
1,11,4,Decision: No justification
1,12,1,Encoding
1,12,2,Elaboration: Indicator based
1,12,3,Decision: No justification
1,13,1,Search
1,13,2,Search
1,13,3,Encoding
1,13,4,Encoding
1,13,5,Encoding
1,13,6,Encoding
1,13,7,Metacognitive
1,13,8,Elaboration: Indicator based
1,13,9,Decision: No justification
1,14,1,Encoding
1,14,2,Encoding
1,14,3,Decision: No justification
1,15,1,Search
1,15,2,Search
1,15,3,Search
1,15,4,Encoding
1,15,5,Encoding
1,15,6,Encoding
1,15,7,Encoding
1,15,8,Encoding
1,15,9,Metacognitive
1,15,10,Elaboration: Indicator based
1,15,11,Elaboration: Indicator based
1,15,12,Decision: No justification
1,16,1,Search
1,16,2,Encoding
1,16,3,Encoding
1,16,4,Encoding
1,16,5,Elaboration: Indicator based
1,16,6,Decision: No justification
1,17,1,Encoding
1,17,2,Encoding
1,17,3,Decision: No justification
1,18,1,Encoding
1,18,2,Encoding
1,18,3,Decision: No justification
1,19,1,Encoding
1,19,2,Encoding
1,19,3,Decision: No justification
1,20,1,Encoding
1,20,2,Encoding
1,21,1,Encoding
1,21,2,Encoding
1,21,3,Decision: Single Indicator
1,21,4,Decision: Single Indicator
1,22,1,Search
1,22,2,Encoding
1,22,3,Encoding
1,22,4,Encoding
1,22,5,Encoding
1,22,6,Decision: No justification
1,23,1,Search
1,23,2,Encoding
1,23,3,Encoding
1,23,4,Elaboration: Indicator based
1,23,5,Elaboration: Indicator based
1,23,6,Decision: No justification
1,24,1,Encoding
1,24,2,Encoding
1,24,3,Decision: No justification
1,25,1,Search
1,25,2,Encoding
1,25,3,Encoding
1,25,4,Encoding
1,25,5,Elaboration: Indicator based
1,25,6,Decision: Single Indicator
1,26,1,Encoding
1,26,2,Encoding
1,26,3,Decision: No justification
1,27,1,Encoding
1,27,2,Encoding
1,27,3,Decision: No justification
1,28,1,Encoding
1,28,2,Encoding
1,28,3,Decision: Single Indicator
1,29,1,Encoding
1,29,2,Encoding
1,29,3,Decision: No justification
1,30,1,Encoding
1,30,2,Encoding
1,30,3,Decision: No justification
1,31,1,Search
1,31,2,Encoding
1,31,3,Encoding
1,31,4,Elaboration: Indicator based
1,31,5,Elaboration: Indicator based
1,31,6,Decision: No justification
1,32,1,Encoding
1,32,2,Elaboration: Indicator based
1,32,3,Decision: No justification
1,33,1,Search
1,33,2,Encoding
1,33,3,Encoding
1,33,4,Encoding
1,33,5,Elaboration: Indicator based
1,33,6,Decision: No justification
1,34,1,Encoding
1,34,2,Encoding
1,34,3,Encoding
1,34,4,Elaboration: Indicator based
1,34,5,Decision: No justification
1,35,1,Encoding
1,35,2,Elaboration: Indicator based
1,35,3,Decision: No justification
1,36,1,Search
1,36,2,Search
1,36,3,Search
1,36,4,Search
1,36,5,Encoding
1,36,6,Encoding
1,36,7,Encoding
1,36,8,Encoding
1,36,9,Evaluation
1,36,10,Metacognitive
1,36,11,Elaboration: Indicator based
1,36,12,Elaboration: Indicator based
1,36,13,Elaboration: Stock based
1,36,14,Decision: No justification
1,37,1,Encoding
1,37,2,Encoding
1,37,3,Decision: No justification
1,38,1,Search
1,38,2,Search
1,38,3,Encoding
1,38,4,Encoding
1,38,5,Encoding
1,38,6,Encoding
1,38,7,Encoding
1,38,8,Evaluation
1,38,9,Uncategorized
1,38,10,Uncategorized
1,38,11,Elaboration: Indicator based
1,38,12,Elaboration: Indicator based
1,38,13,Elaboration: Indicator based
1,38,14,Elaboration: Holistic
1,39,1,Search
1,39,2,Encoding
1,39,3,Encoding
1,39,4,Elaboration: Indicator based
1,39,5,Elaboration: Indicator based
1,39,6,Decision: No justification
1,40,1,Search
1,40,2,Search
1,40,3,Encoding
1,40,4,Encoding
1,40,5,Elaboration: Indicator based
1,40,6,Elaboration: Indicator based
1,40,7,Elaboration: Indicator based
1,40,8,Decision: No justification
1,41,1,Encoding
1,41,2,Elaboration: Indicator based
1,41,3,Elaboration: Indicator based
1,41,4,Decision: No justification
1,42,1,Encoding
1,42,2,Elaboration: Indicator based
1,42,3,Elaboration: Indicator based
1,42,4,Decision: No justification
1,43,1,Encoding
1,43,2,Decision: No justification
1,44,1,Search
1,44,2,Encoding
1,44,3,Elaboration: Indicator based
1,44,4,Decision: No justification
1,45,1,Encoding
1,45,2,Elaboration: Indicator based
1,45,3,Decision: No justification
1,46,1,Search
1,46,2,Encoding
1,46,3,Encoding
1,46,4,Elaboration: Indicator based
1,46,5,Decision: No justification
1,47,1,Encoding
1,47,2,Decision: No justification
1,48,1,Encoding
1,48,2,Elaboration: Indicator based
1,48,3,Elaboration: Indicator based
1,48,4,Decision: No justification
1,49,1,Encoding
1,49,2,Elaboration: Indicator based
1,49,3,Elaboration: Indicator based
1,49,4,Decision: No justification
1,50,1,Encoding
1,50,2,Evaluation
1,50,3,Elaboration: Indicator based
1,50,4,Decision: No justification
1,51,1,Encoding
1,51,2,Encoding
1,51,3,Elaboration: Stock based
1,51,4,Elaboration: Stock based
1,51,5,Decision: No justification
1,52,1,Encoding
1,52,2,Encoding
1,52,3,Encoding
1,52,4,Elaboration: Stock based
1,52,5,Decision: No justification
1,53,1,Encoding
1,53,2,Encoding
1,53,3,Elaboration: Indicator based
1,53,4,Elaboration: Indicator based
1,53,5,Decision: No justification
1,54,1,Elaboration: Indicator based
1,54,2,Elaboration: Indicator based
1,54,3,Elaboration: Indicator based
1,54,4,Decision: No justification
1,55,1,Encoding
1,55,2,Decision: No justification
1,56,1,Encoding
1,56,2,Decision: No justification
1,57,1,Search
1,57,2,Encoding
1,57,3,Elaboration: Indicator based
1,57,4,Elaboration: Indicator based
1,57,5,Decision: No justification
1,58,1,Elaboration: Indicator based
1,58,2,Decision: No justification
1,59,1,Search
1,59,2,Encoding
1,59,3,Encoding
1,59,4,Elaboration: Indicator based
1,59,5,Decision: No justification
1,60,1,Encoding
1,60,2,Encoding
1,60,3,Elaboration: Indicator based
1,61,1,Search
1,61,2,Encoding
1,61,3,Encoding
1,61,4,Elaboration: Indicator based
1,61,5,Decision: No justification
1,62,1,Encoding
1,62,2,Encoding
1,62,3,Elaboration: Indicator based
1,63,1,Elaboration: Indicator based
1,63,2,Elaboration: Indicator based
1,63,3,Elaboration: Indicator based
1,63,4,Decision: No justification
1,64,1,Elaboration: Indicator based
1,64,2,Elaboration: Indicator based
1,64,3,Decision: No justification
1,65,1,Search
1,65,2,Encoding
1,65,3,Elaboration: Indicator based
1,65,4,Elaboration: Indicator based
1,65,5,Decision: Single Indicator
1,66,1,Encoding
1,66,2,Encoding
1,66,3,Elaboration: Indicator based
1,66,4,Elaboration: Indicator based
1,66,5,Elaboration: Indicator based
1,66,6,Decision: No justification
1,67,1,Encoding
1,67,2,Elaboration: Indicator based
1,68,1,Search
1,68,2,Elaboration: Indicator based
1,68,3,Elaboration: Indicator based
1,68,4,Decision: No justification
1,69,1,Encoding
1,69,2,Encoding
1,69,3,Decision: No justification
1,70,1,Encoding
1,70,2,Encoding
1,70,3,Decision: No justification
1,71,1,Encoding
1,71,2,Encoding
1,71,3,Decision: No justification
1,72,1,Encoding
1,72,2,Encoding
1,72,3,Decision: No justification
1,73,1,Encoding
1,73,2,Encoding
1,73,3,Elaboration: Indicator based
1,73,4,Elaboration: Indicator based
1,73,5,Decision: No justification
1,74,1,Encoding
1,74,2,Elaboration: Indicator based
1,74,3,Elaboration: Indicator based
1,74,4,Decision: No justification
1,75,1,Encoding
1,75,2,Elaboration: Indicator based
1,75,3,Decision: No justification
1,76,1,Encoding
1,76,2,Encoding
1,76,3,Decision: No justification
1,77,1,Elaboration: Indicator based
1,77,2,Decision: No justification
1,78,1,Encoding
1,78,2,Elaboration: Indicator based
1,79,1,Search
1,79,2,Encoding
1,79,3,Encoding
1,79,4,Elaboration: Indicator based
1,79,5,Decision: No justification
1,80,1,Search
1,80,2,Encoding
1,80,3,Encoding
1,80,4,Elaboration: Indicator based
1,80,5,Elaboration: Indicator based
1,80,6,Elaboration: Indicator based
1,80,7,Decision: Guess
1,81,1,Encoding
1,81,2,Encoding
1,81,3,Elaboration: Indicator based
1,81,4,Elaboration: Indicator based
1,81,5,Elaboration: Indicator based
1,81,6,Decision: Guess
1,82,1,Encoding
1,82,2,Encoding
1,82,3,Decision: No justification
1,83,1,Encoding
1,83,2,Encoding
1,83,3,Decision: No justification
1,84,1,Encoding
1,84,2,Encoding
1,84,3,Decision: No justification
1,85,1,Encoding
1,85,2,Encoding
1,85,3,Decision: No justification
1,86,1,Encoding
1,86,2,Encoding
1,86,3,Decision: No justification
1,87,1,Encoding
1,87,2,Encoding
1,87,3,Decision: No justification
1,88,1,Encoding
1,88,2,Encoding
1,88,3,Decision: Single Indicator
1,89,1,Encoding
1,89,2,Elaboration: Indicator based
1,89,3,Elaboration: Indicator based
1,89,4,Decision: No justification
1,90,1,Elaboration: Indicator based
1,90,2,Decision: No justification
1,91,1,Encoding
1,91,2,Encoding
1,91,3,Decision: No justification
1,92,1,Encoding
1,92,2,Encoding
1,92,3,Decision: No justification
1,93,1,Encoding
1,93,2,Encoding
1,93,3,Decision: No justification
1,94,1,Encoding
1,94,2,Elaboration: Indicator based
1,94,3,Elaboration: Indicator based
1,94,4,Elaboration: Indicator based
1,94,5,Decision: No justification
1,95,1,Encoding
1,95,2,Elaboration: Indicator based
1,95,3,Decision: No justification
1,96,1,Encoding
1,96,2,Elaboration: Indicator based
1,96,3,Decision: No justification
1,97,1,Encoding
1,97,2,Elaboration: Indicator based
1,97,3,Elaboration: Indicator based
1,97,4,Decision: No justification
1,98,1,Encoding
1,98,2,Encoding
1,98,3,Decision: No justification
1,99,1,Encoding
1,99,2,Elaboration: Indicator based
1,99,3,Decision: No justification
1,100,1,Encoding
1,100,2,Elaboration: Indicator based
1,100,3,Elaboration: Indicator based
1,100,4,Elaboration: Indicator based
1,100,5,Decision: No justification
1,101,1,Elaboration: Indicator based
1,101,2,Elaboration: Indicator based
1,101,3,Decision: No justification
1,102,1,Encoding
1,102,2,Elaboration: Indicator based
1,102,3,Elaboration: Indicator based
1,102,4,Decision: No justification
1,103,1,Search
1,103,2,Encoding
1,103,3,Elaboration: Indicator based
1,103,4,Elaboration: Indicator based
1,103,5,Elaboration: Indicator based
1,103,6,Decision: No justification
1,104,1,Encoding
1,104,2,Elaboration: Indicator based
1,104,3,Decision: No justification
1,105,1,Encoding
1,105,2,Encoding
1,105,3,Decision: No justification
1,106,1,Search
1,106,2,Encoding
1,106,3,Encoding
1,106,4,Elaboration: Indicator based
1,106,5,Decision: No justification
1,107,1,Encoding
1,107,2,Elaboration: Indicator based
1,107,3,Decision: No justification
1,108,1,Encoding
1,108,2,Encoding
1,108,3,Decision: No justification
1,109,1,Encoding
1,109,2,Elaboration: Indicator based
1,109,3,Elaboration: Indicator based
1,109,4,Decision: No justification
1,110,1,Encoding
1,110,2,Elaboration: Indicator based
1,110,3,Elaboration: Indicator based
1,110,4,Decision: No justification
1,111,1,Elaboration: Indicator based
1,111,2,Decision: No justification
1,112,1,Encoding
1,112,2,Encoding
1,112,3,Decision: No justification
1,113,1,Search
1,113,2,Encoding
1,113,3,Encoding
1,113,4,Metacognitive
1,113,5,Elaboration: Indicator based
1,113,6,Elaboration: Indicator based
1,113,7,Elaboration: Indicator based
1,114,1,Elaboration: Indicator based
1,114,2,Decision: No justification
1,115,1,Encoding
1,115,2,Encoding
1,115,3,Decision: No justification
1,116,1,Encoding
1,116,2,Encoding
1,116,3,Decision: No justification
1,117,1,Search
1,117,2,Encoding
1,117,3,Encoding
1,117,4,Elaboration: Indicator based
1,117,5,Decision: No justification
1,118,1,Encoding
1,118,2,Elaboration: Indicator based
1,118,3,Elaboration: Indicator based
1,118,4,Decision: No justification
1,119,1,Search
1,119,2,Encoding
1,119,3,Elaboration: Indicator based
1,119,4,Elaboration: Indicator based
1,119,5,Elaboration: Indicator based
1,119,6,Decision: No justification
1,120,1,Encoding
1,120,2,Elaboration: Indicator based
1,120,3,Elaboration: Indicator based
2,1,1,Search
2,1,2,Search
2,1,3,Search
2,1,4,Encoding
2,1,5,Encoding
2,1,6,Decision: No justification
2,2,1,Search
2,2,2,Search
2,2,3,Search
2,2,4,Encoding
2,2,5,Encoding
2,2,6,Evaluation
2,2,7,Decision: No justification
2,3,1,Search
2,3,2,Decision: Single Indicator
2,4,1,Search
2,4,2,Search
2,4,3,Encoding
2,4,4,Encoding
2,4,5,Evaluation
2,4,6,Decision: No justification
2,5,1,Search
2,5,2,Search
2,5,3,Encoding
2,5,4,Decision: No justification
2,6,1,Search
2,6,2,Decision: No justification
2,7,1,Search
2,7,2,Search
2,7,3,Encoding
2,7,4,Decision: No justification
2,8,1,Search
2,8,2,Encoding
2,8,3,Decision: No justification
2,9,1,Search
2,9,2,Search
2,9,3,Search
2,9,4,Search
2,9,5,Encoding
2,9,6,Encoding
2,9,7,Encoding
2,9,8,Decision: No justification
2,10,1,Search
2,10,2,Search
2,10,3,Encoding
2,10,4,Encoding
2,10,5,Decision: No justification
2,11,1,Search
2,11,2,Search
2,11,3,Encoding
2,11,4,Encoding
2,11,5,Decision: Guess
2,12,1,Search
2,12,2,Search
2,12,3,Search
2,12,4,Encoding
2,12,5,Encoding
2,12,6,Encoding
2,12,7,Decision: Guess
2,13,1,Search
2,13,2,Search
2,13,3,Encoding
2,13,4,Encoding
2,13,5,Decision: Guess
2,14,1,Search
2,14,2,Search
2,14,3,Encoding
2,14,4,Encoding
2,14,5,Decision: No justification
2,15,1,Search
2,15,2,Search
2,15,3,Search
2,15,4,Search
2,15,5,Elaboration: Stock based
2,15,6,Decision: No justification
2,16,1,Search
2,16,2,Search
2,16,3,Search
2,16,4,Search
2,16,5,Decision: No justification
2,17,1,Search
2,17,2,Search
2,17,3,Decision: No justification
2,18,1,Search
2,18,2,Search
2,18,3,Search
2,18,4,Decision: No justification
2,19,1,Search
2,19,2,Search
2,19,3,Encoding
2,19,4,Encoding
2,19,5,Decision: No justification
2,20,1,Search
2,20,2,Search
2,20,3,Encoding
2,20,4,Decision: No justification
2,21,1,Search
2,21,2,Search
2,21,3,Search
2,21,4,Search
2,21,5,Decision: No justification
2,22,1,Search
2,22,2,Encoding
2,22,3,Decision: No justification
2,23,1,Search
2,23,2,Search
2,23,3,Encoding
2,23,4,Encoding
2,23,5,Decision: No justification
2,24,1,Search
2,24,2,Search
2,24,3,Search
2,24,4,Search
2,24,5,Encoding
2,24,6,Encoding
2,24,7,Encoding
2,24,8,Decision: No justification
2,25,1,Search
2,25,2,Search
2,25,3,Search
2,25,4,Encoding
2,25,5,Encoding
2,25,6,Encoding
2,25,7,Decision: No justification
2,26,1,Search
2,26,2,Search
2,26,3,Search
2,26,4,Search
2,26,5,Encoding
2,26,6,Encoding
2,26,7,Encoding
2,26,8,Decision: No justification
2,27,1,Search
2,27,2,Search
2,27,3,Encoding
2,27,4,Encoding
2,27,5,Decision: No justification
2,28,1,Search
2,28,2,Search
2,28,3,Search
2,28,4,Encoding
2,28,5,Encoding
2,28,6,Decision: No justification
2,29,1,Search
2,29,2,Encoding
2,29,3,Decision: No justification
2,30,1,Search
2,30,2,Search
2,30,3,Search
2,30,4,Encoding
2,30,5,Encoding
2,30,6,Encoding
2,30,7,Decision: No justification
2,31,1,Search
2,31,2,Search
2,31,3,Encoding
2,31,4,Encoding
2,31,5,Decision: No justification
2,32,1,Search
2,32,2,Search
2,32,3,Encoding
2,32,4,Encoding
2,32,5,Elaboration: Indicator based
2,32,6,Decision: No justification
2,33,1,Search
2,33,2,Search
2,33,3,Search
2,33,4,Encoding
2,33,5,Encoding
2,33,6,Encoding
2,33,7,Decision: No justification
2,34,1,Search
2,34,2,Search
2,34,3,Search
2,34,4,Encoding
2,34,5,Encoding
2,34,6,Decision: No justification
2,35,1,Search
2,35,2,Search
2,35,3,Encoding
2,35,4,Encoding
2,35,5,Encoding
2,35,6,Decision: No justification
2,36,1,Search
2,36,2,Encoding
2,36,3,Decision: No justification
2,37,1,Search
2,37,2,Search
2,37,3,Search
2,37,4,Encoding
2,37,5,Encoding
2,37,6,Decision: No justification
2,38,1,Search
2,38,2,Search
2,38,3,Decision: No justification
2,39,1,Search
2,39,2,Search
2,39,3,Search
2,39,4,Encoding
2,39,5,Encoding
2,39,6,Encoding
2,39,7,Decision: No justification
2,40,1,Search
2,40,2,Search
2,40,3,Search
2,40,4,Encoding
2,40,5,Encoding
2,40,6,Encoding
2,40,7,Decision: No justification
2,41,1,Search
2,41,2,Search
2,41,3,Search
2,41,4,Encoding
2,41,5,Encoding
2,41,6,Decision: No justification
2,42,1,Search
2,42,2,Encoding
2,42,3,Encoding
2,42,4,Decision: No justification
2,43,1,Search
2,43,2,Search
2,43,3,Encoding
2,43,4,Encoding
2,43,5,Decision: No justification
2,44,1,Search
2,44,2,Search
2,44,3,Encoding
2,44,4,Elaboration: Indicator based
2,44,5,Decision: No justification
2,45,1,Search
2,45,2,Search
2,45,3,Encoding
2,45,4,Encoding
2,45,5,Encoding
2,45,6,Decision: No justification
2,46,1,Search
2,46,2,Search
2,46,3,Search
2,46,4,Encoding
2,46,5,Encoding
2,46,6,Encoding
2,46,7,Decision: No justification
2,47,1,Encoding
2,47,2,Encoding
2,47,3,Encoding
2,47,4,Decision: No justification
2,48,1,Search
2,48,2,Search
2,48,3,Encoding
2,48,4,Encoding
2,48,5,Encoding
2,48,6,Decision: No justification
2,49,1,Encoding
2,49,2,Encoding
2,49,3,Decision: No justification
2,50,1,Search
2,50,2,Encoding
2,50,3,Encoding
2,50,4,Elaboration: Indicator based
2,50,5,Decision: No justification
2,51,1,Encoding
2,51,2,Decision: No justification
2,52,1,Search
2,52,2,Encoding
2,52,3,Encoding
2,52,4,Elaboration: Indicator based
2,52,5,Decision: No justification
2,53,1,Search
2,53,2,Encoding
2,53,3,Encoding
2,53,4,Encoding
2,53,5,Decision: No justification
2,54,1,Search
2,54,2,Encoding
2,54,3,Encoding
2,54,4,Elaboration: Indicator based
2,54,5,Decision: No justification
2,55,1,Search
2,55,2,Encoding
2,55,3,Decision: No justification
2,56,1,Encoding
2,56,2,Encoding
2,56,3,Decision: No justification
2,57,1,Encoding
2,57,2,Encoding
2,57,3,Decision: No justification
2,58,1,Search
2,58,2,Encoding
2,58,3,Encoding
2,58,4,Elaboration: Indicator based
2,58,5,Decision: No justification
2,59,1,Search
2,59,2,Encoding
2,59,3,Encoding
2,59,4,Elaboration: Indicator based
2,59,5,Decision: No justification
2,60,1,Encoding
2,60,2,Encoding
2,60,3,Elaboration: Indicator based
2,60,4,Decision: No justification
2,61,1,Encoding
2,61,2,Encoding
2,61,3,Decision: No justification
2,62,1,Encoding
2,62,2,Encoding
2,62,3,Encoding
2,62,4,Decision: No justification
2,63,1,Search
2,63,2,Encoding
2,63,3,Encoding
2,63,4,Elaboration: Indicator based
2,63,5,Decision: No justification
2,64,1,Encoding
2,64,2,Decision: No justification
2,65,1,Encoding
2,65,2,Encoding
2,65,3,Decision: No justification
2,66,1,Encoding
2,66,2,Encoding
2,66,3,Elaboration: Indicator based
2,66,4,Decision: No justification
2,67,1,Encoding
2,67,2,Encoding
2,67,3,Elaboration: Indicator based
2,67,4,Decision: No justification
2,68,1,Encoding
2,68,2,Encoding
2,68,3,Decision: No justification
2,69,1,Encoding
2,69,2,Encoding
2,69,3,Decision: No justification
2,70,1,Encoding
2,70,2,Encoding
2,70,3,Decision: No justification
2,71,1,Encoding
2,71,2,Encoding
2,71,3,Decision: No justification
2,72,1,Encoding
2,72,2,Decision: No justification
2,73,1,Encoding
2,73,2,Encoding
2,73,3,Encoding
2,73,4,Decision: No justification
2,74,1,Encoding
2,74,2,Encoding
2,74,3,Decision: No justification
2,75,1,Encoding
2,75,2,Encoding
2,75,3,Elaboration: Indicator based
2,75,4,Decision: No justification
2,76,1,Encoding
2,76,2,Encoding
2,76,3,Elaboration: Indicator based
2,76,4,Decision: No justification
2,77,1,Encoding
2,77,2,Decision: No justification
2,78,1,Encoding
2,78,2,Encoding
2,78,3,Decision: No justification
2,79,1,Encoding
2,79,2,Decision: No justification
2,80,1,Encoding
2,80,2,Encoding
2,80,3,Encoding
2,80,4,Decision: No justification
2,81,1,Encoding
2,81,2,Decision: No justification
2,82,1,Encoding
2,82,2,Encoding
2,82,3,Encoding
2,82,4,Decision: No justification
2,83,1,Encoding
2,83,2,Encoding
2,83,3,Elaboration: Indicator based
2,83,4,Decision: No justification
2,84,1,Encoding
2,84,2,Decision: No justification
2,85,1,Encoding
2,85,2,Encoding
2,85,3,Decision: No justification
2,86,1,Encoding
2,86,2,Encoding
2,86,3,Encoding
2,86,4,Encoding
2,86,5,Encoding
2,86,6,Decision: No justification
2,87,1,Encoding
2,87,2,Encoding
2,87,3,Encoding
2,87,4,Decision: Single Indicator
2,88,1,Encoding
2,88,2,Encoding
2,88,3,Decision: No justification
2,89,1,Encoding
2,89,2,Encoding
2,89,3,Decision: No justification
2,90,1,Encoding
2,90,2,Encoding
2,90,3,Decision: No justification
2,91,1,Encoding
2,91,2,Encoding
2,91,3,Encoding
2,91,4,Encoding
2,91,5,Encoding
2,91,6,Decision: No justification
2,92,1,Encoding
2,92,2,Encoding
2,92,3,Encoding
2,92,4,Encoding
2,92,5,Decision: No justification
2,93,1,Encoding
2,93,2,Encoding
2,93,3,Encoding
2,93,4,Decision: No justification
2,94,1,Encoding
2,94,2,Encoding
2,94,3,Encoding
2,94,4,Decision: No justification
2,95,1,Encoding
2,95,2,Encoding
2,95,3,Encoding
2,95,4,Decision: No justification
2,96,1,Encoding
2,96,2,Decision: No justification
2,97,1,Encoding
2,97,2,Decision: No justification
2,98,1,Encoding
2,98,2,Encoding
2,98,3,Decision: No justification
2,99,1,Encoding
2,99,2,Decision: No justification
2,100,1,Encoding
2,100,2,Decision: No justification
2,101,1,Encoding
2,101,2,Encoding
2,101,3,Decision: No justification
2,102,1,Encoding
2,102,2,Encoding
2,102,3,Decision: No justification
2,103,1,Encoding
2,103,2,Encoding
2,103,3,Elaboration: Stock based
2,103,4,Decision: No justification
2,104,1,Encoding
2,104,2,Encoding
2,104,3,Decision: No justification
2,105,1,Search
2,105,2,Encoding
2,105,3,Encoding
2,105,4,Elaboration: Indicator based
2,105,5,Decision: No justification
2,106,1,Encoding
2,106,2,Encoding
2,106,3,Encoding
2,106,4,Decision: No justification
2,107,1,Encoding
2,107,2,Encoding
2,107,3,Elaboration: Indicator based
2,107,4,Decision: No justification
2,108,1,Encoding
2,108,2,Encoding
2,108,3,Decision: No justification
2,109,1,Encoding
2,109,2,Encoding
2,109,3,Decision: No justification
2,110,1,Encoding
2,110,2,Encoding
2,110,3,Decision: No justification
2,111,1,Encoding
2,111,2,Encoding
2,111,3,Encoding
2,111,4,Encoding
2,111,5,Decision: No justification
2,112,1,Encoding
2,112,2,Encoding
2,112,3,Decision: No justification
2,113,1,Encoding
2,113,2,Encoding
2,113,3,Decision: No justification
2,114,1,Encoding
2,114,2,Decision: No justification
2,115,1,Encoding
2,115,2,Decision: No justification
2,116,1,Encoding
2,116,2,Encoding
2,116,3,Decision: No justification
2,117,1,Encoding
2,117,2,Encoding
2,117,3,Decision: No justification
2,118,1,Encoding
2,118,2,Encoding
2,118,3,Decision: No justification
2,119,1,Encoding
2,119,2,Encoding
2,119,3,Decision: No justification
2,120,1,Encoding
2,120,2,Encoding
2,120,3,Elaboration: Indicator based
2,120,4,Decision: No justification
3,1,1,Encoding
3,1,2,Encoding
3,1,3,Metacognitive
3,1,4,Metacognitive
3,1,5,Decision: Single Indicator
3,2,1,Search
3,2,2,Search
3,2,3,Metacognitive
3,2,4,Metacognitive
3,2,5,Metacognitive
3,2,6,Elaboration: Indicator based
3,2,7,Decision: Single Indicator
3,3,1,Search
3,3,2,Metacognitive
3,3,3,Elaboration: Indicator based
3,3,4,Decision: No justification
3,4,1,Search
3,4,2,Search
3,4,3,Metacognitive
3,4,4,Metacognitive
3,4,5,Decision: Guess
3,5,1,Search
3,6,1,Search
3,6,2,Metacognitive
3,7,1,Search
3,7,2,Elaboration: Indicator based
3,7,3,Decision: Guess
3,8,1,Metacognitive
3,9,1,Decision: Guess
3,10,1,Metacognitive
3,10,2,Metacognitive
3,11,1,Decision: Guess
3,12,1,Search
3,12,2,Evaluation
3,12,3,Metacognitive
3,12,4,Metacognitive
3,12,5,Uncategorized
3,12,6,Decision: Single Indicator
3,13,1,Evaluation
3,13,2,Metacognitive
3,13,3,Decision: Guess
3,14,1,Metacognitive
3,14,2,Metacognitive
3,15,1,Search
3,15,2,Search
3,15,3,Evaluation
3,16,1,Metacognitive
3,17,1,Search
3,17,2,Metacognitive
3,17,3,Elaboration: Indicator based
3,18,1,Metacognitive
3,19,1,Metacognitive
3,20,1,Silent
3,21,1,Metacognitive
3,21,2,Metacognitive
3,22,1,Metacognitive
3,23,1,Metacognitive
3,24,1,Metacognitive
3,24,2,Metacognitive
3,25,1,Search
3,25,2,Metacognitive
3,25,3,Elaboration: Indicator based
3,25,4,Decision: No justification
3,26,1,Evaluation
3,26,2,Metacognitive
3,26,3,Metacognitive
3,26,4,Decision: No justification
3,27,1,Metacognitive
3,27,2,Metacognitive
3,28,1,Search
3,28,2,Evaluation
3,29,1,Encoding
3,29,2,Decision: Single Indicator
3,30,1,Metacognitive
3,31,1,Metacognitive
3,32,1,Silent
3,33,1,Metacognitive
3,33,2,Metacognitive
3,33,3,Metacognitive
3,34,1,Metacognitive
3,35,1,Metacognitive
3,35,2,Metacognitive
3,36,1,Metacognitive
3,37,1,Metacognitive
3,37,2,Decision: Single Indicator
3,38,1,Metacognitive
3,39,1,Search
3,39,2,Metacognitive
3,39,3,Metacognitive
3,40,1,Metacognitive
3,40,2,Metacognitive
3,41,1,Metacognitive
3,42,1,Decision: Single Indicator
3,43,1,Metacognitive
3,44,1,Silent
3,45,1,Search
3,45,2,Evaluation
3,46,1,Metacognitive
3,47,1,Evaluation
3,47,2,Metacognitive
3,47,3,Metacognitive
3,48,1,Evaluation
3,49,1,Metacognitive
3,50,1,Metacognitive
3,51,1,Metacognitive
3,51,2,Metacognitive
3,52,1,Metacognitive
3,52,2,Metacognitive
3,53,1,Metacognitive
3,54,1,Metacognitive
3,55,1,Metacognitive
3,56,1,Metacognitive
3,57,1,Metacognitive
3,57,2,Metacognitive
3,58,1,Metacognitive
3,59,1,Silent
3,60,1,Metacognitive
3,61,1,Metacognitive
3,62,1,Metacognitive
3,63,1,Metacognitive
3,64,1,Silent
3,65,1,Metacognitive
3,66,1,Metacognitive
3,67,1,Metacognitive
3,68,1,Metacognitive
3,69,1,Silent
3,70,1,Evaluation
3,71,1,Metacognitive
3,72,1,Metacognitive
3,73,1,Silent
3,74,1,Silent
3,75,1,Evaluation
3,75,2,Metacognitive
3,76,1,Metacognitive
3,77,1,Silent
3,78,1,Metacognitive
3,79,1,Silent
3,80,1,Metacognitive
3,81,1,Metacognitive
3,82,1,Silent
3,83,1,Silent
3,84,1,Silent
3,85,1,Metacognitive
3,86,1,Metacognitive
3,87,1,Metacognitive
3,88,1,Metacognitive
3,88,2,Metacognitive
3,88,3,Metacognitive
3,89,1,Metacognitive
3,90,1,Search
3,90,2,Evaluation
3,91,1,Metacognitive
3,92,1,Metacognitive
3,93,1,Metacognitive
3,94,1,Evaluation
3,95,1,Metacognitive
3,96,1,Metacognitive
3,97,1,Silent
3,98,1,Metacognitive
3,99,1,Metacognitive
3,100,1,Evaluation
3,101,1,Metacognitive
3,102,1,Evaluation
3,102,2,Metacognitive
3,102,3,Metacognitive
3,103,1,Silent
3,104,1,Metacognitive
3,105,1,Silent
3,106,1,Metacognitive
3,107,1,Metacognitive
3,108,1,Silent
3,109,1,Metacognitive
3,110,1,Silent
3,111,1,Metacognitive
3,112,1,Metacognitive
3,113,1,Metacognitive
3,114,1,Metacognitive
3,115,1,Metacognitive
3,116,1,Metacognitive
3,117,1,Metacognitive
3,118,1,Silent
3,119,1,Metacognitive
3,120,1,Metacognitive
4,1,1,Search
4,1,2,Evaluation
4,1,3,Decision: No justification
4,2,1,Search
4,2,2,Search
4,2,3,Search
4,2,4,Search
4,2,5,Search
4,2,6,Metacognitive
4,2,7,Uncategorized
4,2,8,Elaboration: Stock based
4,2,9,Decision: No justification
4,3,1,Search
4,3,2,Metacognitive
4,3,3,Decision: No justification
4,4,1,Decision: Single Indicator
4,5,1,Search
4,5,2,Evaluation
4,5,3,Decision: No justification
4,6,1,Search
4,6,2,Decision: No justification
4,7,1,Search
4,7,2,Encoding
4,7,3,Evaluation
4,7,4,Elaboration: Indicator based
4,7,5,Decision: No justification
4,8,1,Search
4,8,2,Search
4,8,3,Encoding
4,8,4,Decision: No justification
4,9,1,Search
4,9,2,Decision: No justification
4,10,1,Decision: No justification
4,11,1,Search
4,11,2,Decision: No justification
4,12,1,Metacognitive
4,13,1,Decision: Single Indicator
4,14,1,Decision: No justification
4,15,1,Evaluation
4,15,2,Decision: Single Indicator
4,16,1,Search
4,16,2,Elaboration: Indicator based
4,16,3,Decision: No justification
4,17,1,Search
4,17,2,Decision: No justification
4,18,1,Search
4,18,2,Search
4,18,3,Elaboration: Indicator based
4,18,4,Decision: No justification
4,19,1,Search
4,19,2,Search
4,19,3,Search
4,19,4,Evaluation
4,19,5,Uncategorized
4,19,6,Elaboration: Indicator based
4,19,7,Decision: No justification
4,20,1,Search
4,20,2,Search
4,20,3,Evaluation
4,20,4,Uncategorized
4,20,5,Elaboration: Indicator based
4,20,6,Decision: No justification
4,21,1,Search
4,21,2,Decision: No justification
4,22,1,Search
4,22,2,Evaluation
4,22,3,Decision: No justification
4,23,1,Search
4,23,2,Decision: No justification
4,24,1,Search
4,24,2,Decision: No justification
4,25,1,Search
4,25,2,Search
4,25,3,Evaluation
4,25,4,Elaboration: Indicator based
4,25,5,Elaboration: Indicator based
4,25,6,Decision: No justification
4,26,1,Search
4,26,2,Search
4,26,3,Search
4,26,4,Elaboration: Indicator based
4,26,5,Elaboration: Indicator based
4,26,6,Elaboration: Indicator based
4,26,7,Decision: No justification
4,27,1,Search
4,27,2,Search
4,27,3,Elaboration: Indicator based
4,27,4,Elaboration: Indicator based
4,27,5,Decision: No justification
4,28,1,Search
4,28,2,Decision: No justification
4,29,1,Search
4,29,2,Search
4,29,3,Encoding
4,29,4,Evaluation
4,29,5,Elaboration: Indicator based
4,29,6,Decision: No justification
4,30,1,Search
4,30,2,Decision: No justification
4,31,1,Search
4,31,2,Search
4,31,3,Search
4,31,4,Elaboration: Indicator based
4,31,5,Elaboration: Indicator based
4,31,6,Elaboration: Indicator based
4,31,7,Decision: No justification
4,32,1,Search
4,32,2,Elaboration: Indicator based
4,32,3,Decision: No justification
4,33,1,Search
4,33,2,Encoding
4,33,3,Evaluation
4,33,4,Decision: No justification
4,34,1,Search
4,34,2,Search
4,34,3,Evaluation
4,34,4,Elaboration: Indicator based
4,34,5,Elaboration: Indicator based
4,34,6,Decision: Guess
4,35,1,Search
4,35,2,Decision: No justification
4,36,1,Search
4,36,2,Decision: No justification
4,37,1,Search
4,37,2,Elaboration: Indicator based
4,37,3,Decision: No justification
4,38,1,Search
4,38,2,Search
4,38,3,Elaboration: Indicator based
4,38,4,Decision: No justification
4,39,1,Search
4,39,2,Search
4,39,3,Evaluation
4,39,4,Elaboration: Indicator based
4,39,5,Elaboration: Indicator based
4,39,6,Decision: No justification
4,40,1,Search
4,40,2,Elaboration: Indicator based
4,40,3,Decision: No justification
4,41,1,Search
4,41,2,Encoding
4,41,3,Encoding
4,41,4,Encoding
4,41,5,Encoding
4,41,6,Elaboration: Indicator based
4,41,7,Elaboration: Indicator based
4,41,8,Decision: No justification
4,42,1,Search
4,42,2,Search
4,42,3,Encoding
4,42,4,Encoding
4,42,5,Encoding
4,42,6,Encoding
4,42,7,Elaboration: Indicator based
4,42,8,Decision: No justification
4,43,1,Search
4,43,2,Encoding
4,43,3,Encoding
4,43,4,Decision: No justification
4,44,1,Search
4,44,2,Encoding
4,44,3,Encoding
4,44,4,Encoding
4,44,5,Encoding
4,44,6,Decision: No justification
4,45,1,Search
4,45,2,Encoding
4,45,3,Encoding
4,45,4,Decision: No justification
4,46,1,Encoding
4,46,2,Encoding
4,46,3,Evaluation
4,46,4,Decision: No justification
4,47,1,Search
4,47,2,Encoding
4,47,3,Encoding
4,47,4,Encoding
4,47,5,Encoding
4,47,6,Encoding
4,47,7,Encoding
4,47,8,Decision: No justification
4,48,1,Search
4,48,2,Encoding
4,48,3,Encoding
4,48,4,Decision: No justification
4,49,1,Search
4,49,2,Encoding
4,49,3,Encoding
4,49,4,Evaluation
4,49,5,Decision: No justification
4,50,1,Search
4,50,2,Encoding
4,50,3,Encoding
4,50,4,Decision: No justification
4,51,1,Search
4,51,2,Search
4,51,3,Search
4,51,4,Encoding
4,51,5,Encoding
4,51,6,Encoding
4,51,7,Encoding
4,51,8,Encoding
4,51,9,Evaluation
4,51,10,Decision: Guess
4,52,1,Search
4,52,2,Encoding
4,52,3,Encoding
4,52,4,Evaluation
4,52,5,Decision: No justification
4,53,1,Search
4,53,2,Encoding
4,53,3,Encoding
4,53,4,Encoding
4,53,5,Decision: No justification
4,54,1,Search
4,54,2,Search
4,54,3,Encoding
4,54,4,Encoding
4,54,5,Encoding
4,54,6,Encoding
4,54,7,Decision: No justification
4,55,1,Search
4,55,2,Search
4,55,3,Encoding
4,55,4,Encoding
4,55,5,Encoding
4,55,6,Evaluation
4,55,7,Decision: No justification
4,56,1,Search
4,56,2,Search
4,56,3,Search
4,56,4,Encoding
4,56,5,Encoding
4,56,6,Encoding
4,56,7,Encoding
4,56,8,Encoding
4,56,9,Decision: No justification
4,57,1,Search
4,57,2,Search
4,57,3,Search
4,57,4,Encoding
4,57,5,Encoding
4,57,6,Encoding
4,57,7,Encoding
4,57,8,Encoding
4,57,9,Encoding
4,57,10,Decision: No justification
4,58,1,Search
4,58,2,Search
4,58,3,Encoding
4,58,4,Encoding
4,58,5,Encoding
4,58,6,Encoding
4,58,7,Evaluation
4,58,8,Decision: No justification
4,59,1,Search
4,59,2,Search
4,59,3,Encoding
4,59,4,Encoding
4,59,5,Elaboration: Indicator based
4,59,6,Decision: No justification
4,60,1,Search
4,60,2,Encoding
4,60,3,Encoding
4,60,4,Decision: No justification
4,61,1,Search
4,61,2,Search
4,61,3,Search
4,61,4,Encoding
4,61,5,Encoding
4,61,6,Encoding
4,61,7,Encoding
4,61,8,Encoding
4,61,9,Decision: No justification
4,62,1,Search
4,62,2,Search
4,62,3,Encoding
4,62,4,Encoding
4,62,5,Encoding
4,62,6,Encoding
4,62,7,Encoding
4,62,8,Elaboration: Indicator based
4,62,9,Decision: No justification
4,63,1,Search
4,63,2,Encoding
4,63,3,Encoding
4,63,4,Decision: No justification
4,64,1,Search
4,64,2,Search
4,64,3,Encoding
4,64,4,Encoding
4,64,5,Encoding
4,64,6,Encoding
4,64,7,Elaboration: Indicator based
4,64,8,Decision: No justification
4,65,1,Search
4,65,2,Encoding
4,65,3,Encoding
4,65,4,Decision: No justification
4,66,1,Search
4,66,2,Encoding
4,66,3,Encoding
4,66,4,Decision: No justification
4,67,1,Search
4,67,2,Search
4,67,3,Encoding
4,67,4,Encoding
4,67,5,Elaboration: Indicator based
4,67,6,Decision: No justification
4,68,1,Search
4,68,2,Search
4,68,3,Search
4,68,4,Encoding
4,68,5,Encoding
4,68,6,Encoding
4,68,7,Encoding
4,68,8,Encoding
4,68,9,Encoding
4,68,10,Decision: No justification
4,69,1,Search
4,69,2,Encoding
4,69,3,Encoding
4,69,4,Decision: No justification
4,70,1,Search
4,70,2,Search
4,70,3,Encoding
4,70,4,Encoding
4,70,5,Encoding
4,70,6,Evaluation
4,70,7,Elaboration: Indicator based
4,70,8,Decision: No justification
4,71,1,Search
4,71,2,Search
4,71,3,Encoding
4,71,4,Encoding
4,71,5,Encoding
4,71,6,Encoding
4,71,7,Decision: No justification
4,72,1,Search
4,72,2,Search
4,72,3,Encoding
4,72,4,Encoding
4,72,5,Encoding
4,72,6,Elaboration: Indicator based
4,72,7,Decision: No justification
4,73,1,Search
4,73,2,Encoding
4,73,3,Encoding
4,73,4,Decision: No justification
4,74,1,Search
4,74,2,Search
4,74,3,Encoding
4,74,4,Encoding
4,74,5,Encoding
4,74,6,Elaboration: Indicator based
4,74,7,Decision: No justification
4,75,1,Search
4,75,2,Encoding
4,75,3,Encoding
4,75,4,Evaluation
4,75,5,Decision: No justification
4,76,1,Search
4,76,2,Encoding
4,76,3,Encoding
4,76,4,Decision: No justification
4,77,1,Search
4,77,2,Encoding
4,77,3,Encoding
4,77,4,Decision: No justification
4,78,1,Search
4,78,2,Encoding
4,78,3,Encoding
4,78,4,Decision: No justification
4,79,1,Search
4,79,2,Encoding
4,79,3,Encoding
4,79,4,Decision: No justification
4,80,1,Search
4,80,2,Encoding
4,80,3,Encoding
4,80,4,Decision: No justification
4,81,1,Search
4,81,2,Encoding
4,81,3,Encoding
4,81,4,Decision: Single Indicator
4,82,1,Search
4,82,2,Encoding
4,82,3,Encoding
4,82,4,Decision: Single Indicator
4,83,1,Search
4,83,2,Encoding
4,83,3,Encoding
4,83,4,Evaluation
4,83,5,Decision: Single Indicator
4,84,1,Search
4,84,2,Encoding
4,84,3,Encoding
4,84,4,Evaluation
4,84,5,Decision: Single Indicator
4,85,1,Search
4,85,2,Encoding
4,85,3,Encoding
4,85,4,Decision: Single Indicator
4,86,1,Search
4,86,2,Search
4,86,3,Search
4,86,4,Encoding
4,86,5,Encoding
4,86,6,Encoding
4,86,7,Encoding
4,86,8,Encoding
4,86,9,Encoding
4,86,10,Evaluation
4,86,11,Metacognitive
4,86,12,Decision: No justification
4,87,1,Search
4,87,2,Encoding
4,87,3,Encoding
4,87,4,Decision: No justification
4,88,1,Search
4,88,2,Encoding
4,88,3,Encoding
4,88,4,Evaluation
4,88,5,Decision: No justification
4,89,1,Search
4,89,2,Search
4,89,3,Encoding
4,89,4,Encoding
4,89,5,Evaluation
4,89,6,Elaboration: Indicator based
4,89,7,Decision: No justification
4,90,1,Search
4,90,2,Encoding
4,90,3,Encoding
4,90,4,Decision: No justification
4,91,1,Search
4,91,2,Search
4,91,3,Search
4,91,4,Encoding
4,91,5,Encoding
4,91,6,Encoding
4,91,7,Encoding
4,91,8,Evaluation
4,91,9,Elaboration: Indicator based
4,91,10,Elaboration: Indicator based
4,91,11,Decision: No justification
4,92,1,Search
4,92,2,Encoding
4,92,3,Encoding
4,92,4,Encoding
4,92,5,Elaboration: Indicator based
4,92,6,Decision: Guess
4,93,1,Search
4,93,2,Search
4,93,3,Encoding
4,93,4,Encoding
4,93,5,Encoding
4,93,6,Encoding
4,93,7,Decision: No justification
4,94,1,Search
4,94,2,Search
4,94,3,Encoding
4,94,4,Encoding
4,94,5,Encoding
4,94,6,Elaboration: Indicator based
4,94,7,Elaboration: Indicator based
4,94,8,Decision: Guess
4,95,1,Search
4,95,2,Encoding
4,95,3,Evaluation
4,95,4,Elaboration: Indicator based
4,95,5,Decision: No justification
4,96,1,Search
4,96,2,Encoding
4,96,3,Encoding
4,96,4,Decision: No justification
4,97,1,Search
4,97,2,Encoding
4,97,3,Decision: No justification
4,98,1,Search
4,98,2,Encoding
4,98,3,Decision: No justification
4,99,1,Search
4,99,2,Encoding
4,99,3,Decision: No justification
4,100,1,Search
4,100,2,Encoding
4,100,3,Decision: No justification
4,101,1,Search
4,101,2,Encoding
4,101,3,Decision: No justification
4,102,1,Search
4,102,2,Encoding
4,102,3,Evaluation
4,102,4,Decision: No justification
4,103,1,Search
4,103,2,Metacognitive
4,103,3,Decision: No justification
4,104,1,Encoding
4,104,2,Evaluation
4,104,3,Decision: Single Indicator
4,105,1,Search
4,105,2,Encoding
4,105,3,Evaluation
4,105,4,Decision: No justification
4,106,1,Search
4,106,2,Encoding
4,106,3,Decision: No justification
4,107,1,Search
4,107,2,Encoding
4,107,3,Evaluation
4,107,4,Decision: No justification
4,108,1,Encoding
4,108,2,Evaluation
4,108,3,Decision: No justification
4,109,1,Search
4,109,2,Encoding
4,109,3,Evaluation
4,109,4,Decision: No justification
4,110,1,Search
4,110,2,Encoding
4,110,3,Evaluation
4,110,4,Decision: No justification
4,111,1,Search
4,111,2,Encoding
4,111,3,Decision: No justification
4,112,1,Search
4,112,2,Encoding
4,112,3,Evaluation
4,112,4,Decision: No justification
4,113,1,Search
4,113,2,Encoding
4,113,3,Evaluation
4,113,4,Decision: No justification
4,114,1,Search
4,114,2,Encoding
4,114,3,Evaluation
4,114,4,Decision: No justification
4,115,1,Encoding
4,115,2,Evaluation
4,115,3,Decision: No justification
4,116,1,Search
4,116,2,Encoding
4,116,3,Evaluation
4,116,4,Metacognitive
4,116,5,Decision: No justification
4,117,1,Search
4,117,2,Encoding
4,117,3,Evaluation
4,117,4,Decision: Single Indicator
4,118,1,Encoding
4,118,2,Metacognitive
4,118,3,Decision: No justification
4,119,1,Search
4,119,2,Encoding
4,119,3,Evaluation
4,119,4,Decision: No justification
4,120,1,Search
4,120,2,Encoding
4,120,3,Evaluation
4,120,4,Decision: No justification
5,1,1,Search
5,1,2,Search
5,1,3,Search
5,1,4,Search
5,1,5,Search
5,1,6,Encoding
5,1,7,Encoding
5,1,8,Encoding
5,1,9,Evaluation
5,1,10,Evaluation
5,1,11,Metacognitive
5,1,12,Elaboration: Indicator based
5,1,13,Elaboration: Holistic
5,1,14,Decision: No justification
5,1,15,Decision: Single Indicator
5,2,1,Search
5,2,2,Search
5,2,3,Search
5,2,4,Search
5,2,5,Search
5,2,6,Encoding
5,2,7,Encoding
5,2,8,Encoding
5,2,9,Encoding
5,2,10,Encoding
5,2,11,Evaluation
5,2,12,Metacognitive
5,2,13,Elaboration: Holistic
5,2,14,Decision: Mult-indicator
5,3,1,Search
5,3,2,Search
5,3,3,Search
5,3,4,Search
5,3,5,Search
5,3,6,Encoding
5,3,7,Encoding
5,3,8,Evaluation
5,3,9,Metacognitive
5,3,10,Elaboration: Stock based
5,3,11,Decision: Mult-indicator
5,4,1,Search
5,4,2,Search
5,4,3,Search
5,4,4,Search
5,4,5,Search
5,4,6,Search
5,4,7,Search
5,4,8,Encoding
5,4,9,Encoding
5,4,10,Encoding
5,4,11,Encoding
5,4,12,Encoding
5,4,13,Encoding
5,4,14,Encoding
5,4,15,Evaluation
5,4,16,Metacognitive
5,4,17,Metacognitive
5,4,18,Metacognitive
5,4,19,Metacognitive
5,4,20,Elaboration: Stock based
5,4,21,Elaboration: Holistic
5,4,22,Decision: No justification
5,5,1,Search
5,5,2,Search
5,5,3,Search
5,5,4,Search
5,5,5,Search
5,5,6,Encoding
5,5,7,Encoding
5,5,8,Encoding
5,5,9,Encoding
5,5,10,Encoding
5,5,11,Evaluation
5,5,12,Elaboration: Holistic
5,5,13,Decision: Mult-indicator
5,6,1,Search
5,6,2,Search
5,6,3,Search
5,6,4,Search
5,6,5,Search
5,6,6,Search
5,6,7,Encoding
5,6,8,Encoding
5,6,9,Encoding
5,6,10,Encoding
5,6,11,Evaluation
5,6,12,Decision: Mult-indicator
5,7,1,Search
5,7,2,Search
5,7,3,Search
5,7,4,Search
5,7,5,Encoding
5,7,6,Encoding
5,7,7,Encoding
5,7,8,Encoding
5,7,9,Evaluation
5,7,10,Decision: Mult-indicator
5,8,1,Search
5,8,2,Search
5,8,3,Search
5,8,4,Search
5,8,5,Search
5,8,6,Encoding
5,8,7,Encoding
5,8,8,Encoding
5,8,9,Encoding
5,8,10,Encoding
5,8,11,Evaluation
5,8,12,Uncategorized
5,8,13,Decision: No justification
5,9,1,Search
5,9,2,Search
5,9,3,Search
5,9,4,Search
5,9,5,Search
5,9,6,Encoding
5,9,7,Encoding
5,9,8,Encoding
5,9,9,Encoding
5,9,10,Encoding
5,9,11,Encoding
5,9,12,Evaluation
5,9,13,Decision: No justification
5,10,1,Search
5,10,2,Search
5,10,3,Search
5,10,4,Search
5,10,5,Search
5,10,6,Search
5,10,7,Search
5,10,8,Search
5,10,9,Search
5,10,10,Encoding
5,10,11,Encoding
5,10,12,Encoding
5,10,13,Encoding
5,10,14,Encoding
5,10,15,Encoding
5,10,16,Encoding
5,10,17,Elaboration: Indicator based
5,10,18,Decision: Mult-indicator
5,11,1,Search
5,11,2,Search
5,11,3,Search
5,11,4,Search
5,11,5,Search
5,11,6,Search
5,11,7,Search
5,11,8,Search
5,11,9,Encoding
5,11,10,Encoding
5,11,11,Encoding
5,11,12,Encoding
5,11,13,Encoding
5,11,14,Encoding
5,11,15,Evaluation
5,11,16,Elaboration: Holistic
5,11,17,Decision: No justification
5,12,1,Search
5,12,2,Search
5,12,3,Search
5,12,4,Search
5,12,5,Search
5,12,6,Search
5,12,7,Encoding
5,12,8,Encoding
5,12,9,Encoding
5,12,10,Encoding
5,12,11,Encoding
5,12,12,Encoding
5,12,13,Evaluation
5,12,14,Decision: Mult-indicator
5,13,1,Search
5,13,2,Search
5,13,3,Search
5,13,4,Search
5,13,5,Search
5,13,6,Search
5,13,7,Search
5,13,8,Encoding
5,13,9,Encoding
5,13,10,Encoding
5,13,11,Encoding
5,13,12,Encoding
5,13,13,Encoding
5,13,14,Encoding
5,13,15,Evaluation
5,13,16,Decision: Mult-indicator
5,14,1,Search
5,14,2,Search
5,14,3,Search
5,14,4,Search
5,14,5,Encoding
5,14,6,Encoding
5,14,7,Encoding
5,14,8,Encoding
5,14,9,Evaluation
5,14,10,Decision: No justification
5,15,1,Search
5,15,2,Search
5,15,3,Search
5,15,4,Search
5,15,5,Search
5,15,6,Search
5,15,7,Encoding
5,15,8,Encoding
5,15,9,Encoding
5,15,10,Encoding
5,15,11,Encoding
5,15,12,Encoding
5,15,13,Evaluation
5,15,14,Decision: No justification
5,16,1,Search
5,16,2,Search
5,16,3,Search
5,16,4,Search
5,16,5,Search
5,16,6,Search
5,16,7,Encoding
5,16,8,Encoding
5,16,9,Encoding
5,16,10,Encoding
5,16,11,Encoding
5,16,12,Encoding
5,16,13,Evaluation
5,16,14,Decision: No justification
5,17,1,Search
5,17,2,Search
5,17,3,Search
5,17,4,Encoding
5,17,5,Encoding
5,17,6,Encoding
5,17,7,Evaluation
5,17,8,Decision: No justification
5,18,1,Search
5,18,2,Search
5,18,3,Search
5,18,4,Search
5,18,5,Search
5,18,6,Encoding
5,18,7,Encoding
5,18,8,Encoding
5,18,9,Encoding
5,18,10,Encoding
5,18,11,Evaluation
5,18,12,Decision: No justification
5,19,1,Search
5,19,2,Search
5,19,3,Search
5,19,4,Search
5,19,5,Encoding
5,19,6,Encoding
5,19,7,Encoding
5,19,8,Encoding
5,19,9,Evaluation
5,19,10,Decision: No justification
5,20,1,Search
5,20,2,Search
5,20,3,Search
5,20,4,Search
5,20,5,Search
5,20,6,Search
5,20,7,Search
5,20,8,Encoding
5,20,9,Encoding
5,20,10,Encoding
5,20,11,Encoding
5,20,12,Encoding
5,20,13,Encoding
5,20,14,Encoding
5,20,15,Evaluation
5,20,16,Decision: No justification
5,21,1,Search
5,21,2,Search
5,21,3,Search
5,21,4,Search
5,21,5,Search
5,21,6,Search
5,21,7,Encoding
5,21,8,Encoding
5,21,9,Encoding
5,21,10,Encoding
5,21,11,Encoding
5,21,12,Encoding
5,21,13,Evaluation
5,21,14,Decision: No justification
5,22,1,Search
5,22,2,Search
5,22,3,Search
5,22,4,Search
5,22,5,Search
5,22,6,Search
5,22,7,Search
5,22,8,Encoding
5,22,9,Encoding
5,22,10,Encoding
5,22,11,Encoding
5,22,12,Encoding
5,22,13,Encoding
5,22,14,Encoding
5,22,15,Evaluation
5,22,16,Decision: No justification
5,23,1,Search
5,23,2,Search
5,23,3,Search
5,23,4,Search
5,23,5,Search
5,23,6,Encoding
5,23,7,Encoding
5,23,8,Encoding
5,23,9,Encoding
5,23,10,Decision: No justification
5,24,1,Search
5,24,2,Search
5,24,3,Search
5,24,4,Search
5,24,5,Search
5,24,6,Search
5,24,7,Search
5,24,8,Encoding
5,24,9,Encoding
5,24,10,Encoding
5,24,11,Encoding
5,24,12,Encoding
5,24,13,Encoding
5,24,14,Encoding
5,24,15,Evaluation
5,24,16,Decision: No justification
5,25,1,Search
5,25,2,Search
5,25,3,Search
5,25,4,Search
5,25,5,Search
5,25,6,Search
5,25,7,Encoding
5,25,8,Encoding
5,25,9,Encoding
5,25,10,Encoding
5,25,11,Encoding
5,25,12,Encoding
5,25,13,Encoding
5,25,14,Evaluation
5,25,15,Elaboration: Holistic
5,25,16,Decision: No justification
5,26,1,Search
5,26,2,Search
5,26,3,Search
5,26,4,Encoding
5,26,5,Encoding
5,26,6,Encoding
5,26,7,Evaluation
5,26,8,Decision: No justification
5,27,1,Search
5,27,2,Search
5,27,3,Search
5,27,4,Encoding
5,27,5,Encoding
5,27,6,Encoding
5,27,7,Evaluation
5,27,8,Decision: No justification
5,28,1,Search
5,28,2,Search
5,28,3,Search
5,28,4,Search
5,28,5,Search
5,28,6,Search
5,28,7,Search
5,28,8,Search
5,28,9,Encoding
5,28,10,Encoding
5,28,11,Encoding
5,28,12,Encoding
5,28,13,Encoding
5,28,14,Encoding
5,28,15,Decision: No justification
5,29,1,Search
5,29,2,Search
5,29,3,Search
5,29,4,Search
5,29,5,Search
5,29,6,Search
5,29,7,Encoding
5,29,8,Encoding
5,29,9,Encoding
5,29,10,Encoding
5,29,11,Encoding
5,29,12,Encoding
5,29,13,Encoding
5,29,14,Decision: No justification
5,30,1,Search
5,30,2,Search
5,30,3,Search
5,30,4,Search
5,30,5,Search
5,30,6,Search
5,30,7,Encoding
5,30,8,Encoding
5,30,9,Encoding
5,30,10,Encoding
5,30,11,Encoding
5,30,12,Encoding
5,30,13,Decision: No justification
5,31,1,Search
5,31,2,Search
5,31,3,Search
5,31,4,Search
5,31,5,Search
5,31,6,Search
5,31,7,Search
5,31,8,Search
5,31,9,Encoding
5,31,10,Encoding
5,31,11,Encoding
5,31,12,Encoding
5,31,13,Encoding
5,31,14,Encoding
5,31,15,Encoding
5,31,16,Evaluation
5,31,17,Elaboration: Holistic
5,32,1,Search
5,32,2,Search
5,32,3,Search
5,32,4,Search
5,32,5,Search
5,32,6,Search
5,32,7,Encoding
5,32,8,Encoding
5,32,9,Encoding
5,32,10,Encoding
5,32,11,Encoding
5,32,12,Encoding
5,32,13,Evaluation
5,32,14,Decision: Guess
5,33,1,Search
5,33,2,Search
5,33,3,Search
5,33,4,Search
5,33,5,Search
5,33,6,Search
5,33,7,Search
5,33,8,Encoding
5,33,9,Encoding
5,33,10,Encoding
5,33,11,Encoding
5,33,12,Encoding
5,33,13,Encoding
5,33,14,Encoding
5,33,15,Evaluation
5,33,16,Decision: No justification
5,34,1,Search
5,34,2,Search
5,34,3,Search
5,34,4,Search
5,34,5,Encoding
5,34,6,Encoding
5,34,7,Encoding
5,34,8,Encoding
5,34,9,Evaluation
5,34,10,Decision: Guess
5,35,1,Search
5,35,2,Search
5,35,3,Search
5,35,4,Search
5,35,5,Encoding
5,35,6,Encoding
5,35,7,Encoding
5,35,8,Encoding
5,35,9,Evaluation
5,35,10,Decision: No justification
5,36,1,Search
5,36,2,Search
5,36,3,Search
5,36,4,Search
5,36,5,Search
5,36,6,Search
5,36,7,Encoding
5,36,8,Encoding
5,36,9,Encoding
5,36,10,Encoding
5,36,11,Encoding
5,36,12,Encoding
5,36,13,Decision: No justification
5,37,1,Search
5,37,2,Search
5,37,3,Encoding
5,37,4,Encoding
5,37,5,Evaluation
5,37,6,Decision: Mult-indicator
5,38,1,Search
5,38,2,Search
5,38,3,Search
5,38,4,Encoding
5,38,5,Encoding
5,38,6,Encoding
5,38,7,Evaluation
5,38,8,Decision: No justification
5,39,1,Search
5,39,2,Search
5,39,3,Search
5,39,4,Search
5,39,5,Search
5,39,6,Encoding
5,39,7,Encoding
5,39,8,Encoding
5,39,9,Encoding
5,39,10,Encoding
5,39,11,Evaluation
5,39,12,Decision: No justification
5,40,1,Search
5,40,2,Search
5,40,3,Search
5,40,4,Encoding
5,40,5,Encoding
5,40,6,Encoding
5,40,7,Decision: No justification
5,41,1,Search
5,41,2,Search
5,41,3,Search
5,41,4,Encoding
5,41,5,Encoding
5,41,6,Encoding
5,41,7,Evaluation
5,41,8,Decision: No justification
5,42,1,Search
5,42,2,Search
5,42,3,Search
5,42,4,Search
5,42,5,Encoding
5,42,6,Encoding
5,42,7,Encoding
5,42,8,Encoding
5,42,9,Evaluation
5,42,10,Decision: No justification
5,43,1,Search
5,43,2,Search
5,43,3,Search
5,43,4,Search
5,43,5,Search
5,43,6,Search
5,43,7,Encoding
5,43,8,Encoding
5,43,9,Encoding
5,43,10,Encoding
5,43,11,Encoding
5,43,12,Encoding
5,43,13,Decision: No justification
5,44,1,Search
5,44,2,Search
5,44,3,Search
5,44,4,Encoding
5,44,5,Encoding
5,44,6,Encoding
5,44,7,Decision: No justification
5,45,1,Search
5,45,2,Search
5,45,3,Search
5,45,4,Encoding
5,45,5,Encoding
5,45,6,Encoding
5,45,7,Decision: No justification
5,46,1,Search
5,46,2,Search
5,46,3,Search
5,46,4,Search
5,46,5,Search
5,46,6,Search
5,46,7,Search
5,46,8,Search
5,46,9,Encoding
5,46,10,Encoding
5,46,11,Encoding
5,46,12,Encoding
5,46,13,Encoding
5,46,14,Encoding
5,46,15,Encoding
5,47,1,Search
5,47,2,Search
5,47,3,Search
5,47,4,Search
5,47,5,Search
5,47,6,Encoding
5,47,7,Encoding
5,47,8,Encoding
5,47,9,Encoding
5,47,10,Encoding
5,47,11,Decision: No justification
5,48,1,Search
5,48,2,Search
5,48,3,Search
5,48,4,Search
5,48,5,Search
5,48,6,Encoding
5,48,7,Encoding
5,48,8,Encoding
5,48,9,Encoding
5,48,10,Encoding
5,48,11,Decision: No justification
5,49,1,Search
5,49,2,Search
5,49,3,Encoding
5,49,4,Encoding
5,49,5,Evaluation
5,49,6,Decision: No justification
5,50,1,Search
5,50,2,Search
5,50,3,Search
5,50,4,Encoding
5,50,5,Encoding
5,50,6,Encoding
5,50,7,Evaluation
5,50,8,Decision: No justification
5,51,1,Search
5,51,2,Search
5,51,3,Search
5,51,4,Search
5,51,5,Encoding
5,51,6,Encoding
5,51,7,Encoding
5,51,8,Encoding
5,51,9,Evaluation
5,51,10,Decision: No justification
5,52,1,Search
5,52,2,Search
5,52,3,Search
5,52,4,Encoding
5,52,5,Encoding
5,52,6,Encoding
5,52,7,Decision: No justification
5,53,1,Search
5,53,2,Search
5,53,3,Search
5,53,4,Search
5,53,5,Search
5,53,6,Search
5,53,7,Encoding
5,53,8,Encoding
5,53,9,Encoding
5,53,10,Encoding
5,53,11,Encoding
5,53,12,Encoding
5,53,13,Evaluation
5,53,14,Decision: No justification
5,54,1,Search
5,54,2,Search
5,54,3,Search
5,54,4,Encoding
5,54,5,Encoding
5,54,6,Encoding
5,55,1,Search
5,55,2,Search
5,55,3,Search
5,55,4,Search
5,55,5,Search
5,55,6,Search
5,55,7,Encoding
5,55,8,Encoding
5,55,9,Encoding
5,55,10,Encoding
5,55,11,Encoding
5,55,12,Encoding
5,55,13,Evaluation
5,55,14,Decision: No justification
5,56,1,Search
5,56,2,Search
5,56,3,Search
5,56,4,Encoding
5,56,5,Encoding
5,56,6,Encoding
5,56,7,Decision: No justification
5,57,1,Search
5,57,2,Search
5,57,3,Search
5,57,4,Search
5,57,5,Search
5,57,6,Search
5,57,7,Search
5,57,8,Encoding
5,57,9,Encoding
5,57,10,Encoding
5,57,11,Encoding
5,57,12,Encoding
5,57,13,Encoding
5,57,14,Encoding
5,57,15,Decision: No justification
5,58,1,Search
5,58,2,Search
5,58,3,Search
5,58,4,Encoding
5,58,5,Encoding
5,58,6,Encoding
5,58,7,Decision: No justification
5,59,1,Search
5,59,2,Search
5,59,3,Search
5,59,4,Search
5,59,5,Search
5,59,6,Search
5,59,7,Search
5,59,8,Encoding
5,59,9,Encoding
5,59,10,Encoding
5,60,1,Search
5,60,2,Search
5,60,3,Search
5,60,4,Encoding
5,60,5,Encoding
5,60,6,Encoding
5,60,7,Evaluation
5,60,8,Decision: No justification
5,61,1,Search
5,61,2,Search
5,61,3,Search
5,61,4,Search
5,61,5,Search
5,61,6,Encoding
5,61,7,Encoding
5,61,8,Encoding
5,61,9,Encoding
5,61,10,Encoding
5,61,11,Decision: No justification
5,62,1,Search
5,62,2,Search
5,62,3,Search
5,62,4,Search
5,62,5,Encoding
5,62,6,Encoding
5,62,7,Encoding
5,62,8,Encoding
5,63,1,Search
5,63,2,Search
5,63,3,Search
5,63,4,Encoding
5,63,5,Encoding
5,63,6,Encoding
5,63,7,Decision: No justification
5,64,1,Search
5,64,2,Search
5,64,3,Search
5,64,4,Encoding
5,64,5,Encoding
5,64,6,Encoding
5,64,7,Evaluation
5,64,8,Decision: No justification
5,65,1,Search
5,65,2,Search
5,65,3,Search
5,65,4,Search
5,65,5,Encoding
5,65,6,Encoding
5,65,7,Encoding
5,65,8,Encoding
5,65,9,Evaluation
5,65,10,Decision: No justification
5,66,1,Search
5,66,2,Search
5,66,3,Search
5,66,4,Search
5,66,5,Search
5,66,6,Search
5,66,7,Search
5,66,8,Encoding
5,66,9,Encoding
5,66,10,Encoding
5,66,11,Encoding
5,66,12,Encoding
5,66,13,Encoding
5,66,14,Encoding
5,66,15,Evaluation
5,67,1,Search
5,67,2,Search
5,67,3,Search
5,67,4,Search
5,67,5,Encoding
5,67,6,Encoding
5,67,7,Encoding
5,67,8,Encoding
5,67,9,Evaluation
5,67,10,Decision: No justification
5,68,1,Search
5,68,2,Search
5,68,3,Encoding
5,68,4,Encoding
5,68,5,Evaluation
5,68,6,Decision: No justification
5,69,1,Search
5,69,2,Search
5,69,3,Search
5,69,4,Search
5,69,5,Search
5,69,6,Search
5,69,7,Search
5,69,8,Encoding
5,69,9,Encoding
5,69,10,Encoding
5,69,11,Encoding
5,69,12,Encoding
5,69,13,Encoding
5,69,14,Encoding
5,69,15,Evaluation
5,69,16,Decision: No justification
5,70,1,Search
5,70,2,Search
5,70,3,Search
5,70,4,Encoding
5,70,5,Metacognitive
5,70,6,Decision: No justification
5,71,1,Search
5,71,2,Search
5,71,3,Search
5,71,4,Search
5,71,5,Search
5,71,6,Search
5,71,7,Search
5,71,8,Search
5,71,9,Encoding
5,71,10,Encoding
5,71,11,Encoding
5,71,12,Encoding
5,71,13,Encoding
5,71,14,Encoding
5,71,15,Encoding
5,71,16,Encoding
5,71,17,Evaluation
5,72,1,Search
5,72,2,Search
5,72,3,Search
5,72,4,Search
5,72,5,Search
5,72,6,Search
5,72,7,Search
5,72,8,Encoding
5,72,9,Encoding
5,72,10,Encoding
5,72,11,Encoding
5,72,12,Encoding
5,72,13,Encoding
5,72,14,Encoding
5,72,15,Decision: No justification
5,73,1,Search
5,73,2,Search
5,73,3,Search
5,73,4,Encoding
5,73,5,Encoding
5,73,6,Encoding
5,73,7,Evaluation
5,73,8,Decision: No justification
5,74,1,Search
5,74,2,Search
5,74,3,Search
5,74,4,Encoding
5,74,5,Encoding
5,74,6,Encoding
5,74,7,Decision: No justification
5,75,1,Search
5,75,2,Search
5,75,3,Encoding
5,75,4,Encoding
5,75,5,Decision: No justification
5,76,1,Search
5,76,2,Search
5,76,3,Search
5,76,4,Search
5,76,5,Search
5,76,6,Search
5,76,7,Encoding
5,76,8,Encoding
5,76,9,Encoding
5,76,10,Encoding
5,76,11,Encoding
5,76,12,Encoding
5,76,13,Decision: No justification
5,77,1,Search
5,77,2,Search
5,77,3,Search
5,77,4,Search
5,77,5,Search
5,77,6,Search
5,77,7,Search
5,77,8,Encoding
5,77,9,Encoding
5,77,10,Encoding
5,77,11,Encoding
5,77,12,Encoding
5,77,13,Encoding
5,77,14,Encoding
5,77,15,Evaluation
5,77,16,Decision: No justification
5,78,1,Search
5,78,2,Search
5,78,3,Search
5,78,4,Search
5,78,5,Search
5,78,6,Search
5,78,7,Encoding
5,78,8,Encoding
5,78,9,Encoding
5,78,10,Encoding
5,78,11,Encoding
5,78,12,Encoding
5,78,13,Evaluation
5,78,14,Decision: No justification
5,79,1,Search
5,79,2,Search
5,79,3,Encoding
5,79,4,Encoding
5,79,5,Evaluation
5,79,6,Decision: No justification
5,80,1,Search
5,80,2,Search
5,80,3,Search
5,80,4,Encoding
5,80,5,Encoding
5,80,6,Encoding
5,80,7,Evaluation
5,80,8,Decision: No justification
5,81,1,Search
5,81,2,Search
5,81,3,Search
5,81,4,Encoding
5,81,5,Encoding
5,81,6,Encoding
5,81,7,Decision: No justification
5,82,1,Search
5,82,2,Search
5,82,3,Search
5,82,4,Search
5,82,5,Search
5,82,6,Encoding
5,82,7,Encoding
5,82,8,Encoding
5,82,9,Encoding
5,82,10,Decision: No justification
5,83,1,Search
5,83,2,Search
5,83,3,Search
5,83,4,Search
5,83,5,Encoding
5,83,6,Encoding
5,83,7,Encoding
5,83,8,Encoding
5,83,9,Decision: No justification
5,84,1,Search
5,84,2,Search
5,84,3,Encoding
5,84,4,Encoding
5,84,5,Evaluation
5,84,6,Decision: No justification
5,85,1,Search
5,85,2,Search
5,85,3,Search
5,85,4,Encoding
5,85,5,Encoding
5,85,6,Encoding
5,85,7,Decision: No justification
5,86,1,Search
5,86,2,Search
5,86,3,Search
5,86,4,Encoding
5,86,5,Encoding
5,86,6,Encoding
5,86,7,Decision: No justification
5,87,1,Search
5,87,2,Search
5,87,3,Search
5,87,4,Encoding
5,87,5,Encoding
5,87,6,Encoding
5,87,7,Decision: No justification
5,88,1,Search
5,88,2,Search
5,88,3,Search
5,88,4,Encoding
5,88,5,Encoding
5,88,6,Encoding
5,88,7,Evaluation
5,88,8,Decision: No justification
5,89,1,Search
5,89,2,Search
5,89,3,Search
5,89,4,Encoding
5,89,5,Encoding
5,89,6,Encoding
5,89,7,Decision: No justification
5,90,1,Search
5,90,2,Search
5,90,3,Search
5,90,4,Search
5,90,5,Evaluation
5,90,6,Decision: No justification
5,91,1,Search
5,91,2,Search
5,91,3,Search
5,91,4,Search
5,91,5,Search
5,91,6,Search
5,91,7,Encoding
5,91,8,Encoding
5,91,9,Encoding
5,91,10,Encoding
5,91,11,Encoding
5,91,12,Evaluation
5,91,13,Decision: No justification
5,92,1,Search
5,92,2,Search
5,92,3,Search
5,92,4,Encoding
5,92,5,Encoding
5,92,6,Encoding
5,92,7,Decision: No justification
5,93,1,Search
5,93,2,Search
5,93,3,Search
5,93,4,Search
5,93,5,Search
5,93,6,Search
5,93,7,Encoding
5,93,8,Encoding
5,93,9,Encoding
5,93,10,Encoding
5,93,11,Encoding
5,93,12,Encoding
5,93,13,Decision: No justification
5,94,1,Search
5,94,2,Search
5,94,3,Search
5,94,4,Encoding
5,94,5,Encoding
5,94,6,Encoding
5,94,7,Decision: No justification
5,95,1,Search
5,95,2,Search
5,95,3,Search
5,95,4,Search
5,95,5,Search
5,95,6,Encoding
5,95,7,Decision: No justification
5,96,1,Search
5,96,2,Search
5,96,3,Search
5,96,4,Encoding
5,96,5,Encoding
5,96,6,Encoding
5,96,7,Decision: No justification
5,97,1,Search
5,97,2,Search
5,97,3,Search
5,97,4,Search
5,97,5,Decision: No justification
5,98,1,Search
5,98,2,Search
5,98,3,Search
5,98,4,Search
5,98,5,Search
5,98,6,Evaluation
5,98,7,Decision: No justification
5,99,1,Search
5,99,2,Search
5,99,3,Search
5,99,4,Search
5,99,5,Search
5,99,6,Search
5,99,7,Evaluation
5,99,8,Decision: No justification
5,100,1,Search
5,100,2,Search
5,100,3,Search
5,100,4,Search
5,100,5,Search
5,100,6,Encoding
5,100,7,Encoding
5,100,8,Encoding
5,100,9,Encoding
5,100,10,Evaluation
5,100,11,Decision: No justification
5,101,1,Search
5,101,2,Search
5,101,3,Search
5,101,4,Search
5,101,5,Encoding
5,101,6,Encoding
5,101,7,Encoding
5,101,8,Encoding
5,101,9,Evaluation
5,101,10,Decision: No justification
5,102,1,Search
5,102,2,Search
5,102,3,Search
5,102,4,Search
5,102,5,Encoding
5,102,6,Encoding
5,102,7,Encoding
5,102,8,Encoding
5,102,9,Evaluation
5,102,10,Decision: No justification
5,103,1,Search
5,103,2,Search
5,103,3,Search
5,103,4,Search
5,103,5,Search
5,103,6,Encoding
5,103,7,Encoding
5,103,8,Evaluation
5,103,9,Decision: No justification
5,104,1,Search
5,104,2,Search
5,104,3,Search
5,104,4,Search
5,104,5,Search
5,104,6,Search
5,104,7,Encoding
5,104,8,Encoding
5,104,9,Encoding
5,104,10,Decision: No justification
5,105,1,Search
5,105,2,Search
5,105,3,Search
5,105,4,Search
5,105,5,Search
5,105,6,Search
5,105,7,Search
5,105,8,Evaluation
5,105,9,Decision: No justification
5,106,1,Search
5,106,2,Search
5,106,3,Search
5,106,4,Decision: No justification
5,107,1,Search
5,107,2,Search
5,107,3,Search
5,107,4,Search
5,107,5,Search
5,107,6,Decision: No justification
5,108,1,Search
5,108,2,Search
5,108,3,Search
5,108,4,Encoding
5,108,5,Encoding
5,108,6,Encoding
5,108,7,Decision: No justification
5,109,1,Search
5,109,2,Search
5,109,3,Search
5,109,4,Search
5,109,5,Search
5,109,6,Search
5,109,7,Search
5,109,8,Encoding
5,109,9,Encoding
5,109,10,Encoding
5,109,11,Evaluation
5,109,12,Decision: No justification
5,110,1,Search
5,110,2,Search
5,110,3,Search
5,110,4,Encoding
5,110,5,Encoding
5,110,6,Encoding
5,110,7,Decision: No justification
5,111,1,Search
5,111,2,Search
5,111,3,Search
5,111,4,Search
5,111,5,Decision: No justification
5,112,1,Search
5,112,2,Search
5,112,3,Search
5,112,4,Search
5,112,5,Search
5,112,6,Search
5,112,7,Search
5,112,8,Decision: No justification
5,113,1,Search
5,113,2,Search
5,113,3,Search
5,113,4,Encoding
5,113,5,Encoding
5,113,6,Encoding
5,113,7,Evaluation
5,113,8,Decision: No justification
5,114,1,Search
5,114,2,Search
5,114,3,Search
5,114,4,Encoding
5,114,5,Encoding
5,114,6,Encoding
5,114,7,Decision: No justification
5,115,1,Search
5,115,2,Search
5,115,3,Search
5,115,4,Search
5,115,5,Encoding
5,115,6,Encoding
5,115,7,Encoding
5,115,8,Encoding
5,115,9,Decision: No justification
5,116,1,Search
5,116,2,Search
5,116,3,Search
5,116,4,Encoding
5,116,5,Encoding
5,116,6,Encoding
5,116,7,Decision: No justification
5,117,1,Search
5,117,2,Search
5,117,3,Search
5,117,4,Search
5,117,5,Encoding
5,117,6,Encoding
5,117,7,Encoding
5,117,8,Encoding
5,117,9,Evaluation
5,117,10,Decision: No justification
5,118,1,Search
5,118,2,Search
5,118,3,Search
5,118,4,Encoding
5,118,5,Encoding
5,118,6,Encoding
5,118,7,Decision: No justification
5,119,1,Search
5,119,2,Search
5,119,3,Search
5,119,4,Search
5,119,5,Encoding
5,119,6,Encoding
5,119,7,Encoding
5,119,8,Encoding
5,119,9,Evaluation
5,119,10,Decision: No justification
5,120,1,Search
5,120,2,Search
5,120,3,Search
5,120,4,Encoding
5,120,5,Encoding
5,120,6,Encoding
5,120,7,Decision: No justification
6,1,1,Search
6,1,2,Encoding
6,1,3,Decision: Single Indicator
6,2,1,Search
6,2,2,Encoding
6,2,3,Encoding
6,3,1,Search
6,3,2,Search
6,3,3,Encoding
6,3,4,Encoding
6,4,1,Search
6,4,2,Encoding
6,4,3,Encoding
6,5,1,Search
6,5,2,Search
6,5,3,Search
6,5,4,Encoding
6,5,5,Encoding
6,5,6,Elaboration: Indicator based
6,6,1,Search
6,6,2,Search
6,6,3,Encoding
6,6,4,Encoding
6,6,5,Uncategorized
6,7,1,Search
6,7,2,Search
6,7,3,Encoding
6,7,4,Encoding
6,7,5,Evaluation
6,8,1,Search
6,9,1,Search
6,9,2,Search
6,9,3,Search
6,9,4,Decision: No justification
6,10,1,Search
6,10,2,Encoding
6,10,3,Encoding
6,11,1,Search
6,12,1,Search
6,13,1,Search
6,13,2,Decision: No justification
6,14,1,Search
6,14,2,Encoding
6,15,1,Search
6,15,2,Search
6,15,3,Search
6,15,4,Encoding
6,15,5,Encoding
6,16,1,Search
6,16,2,Encoding
6,16,3,Encoding
6,17,1,Search
6,17,2,Search
6,17,3,Search
6,17,4,Search
6,17,5,Encoding
6,17,6,Encoding
6,17,7,Decision: No justification
6,18,1,Search
6,18,2,Search
6,18,3,Encoding
6,18,4,Decision: No justification
6,19,1,Search
6,19,2,Uncategorized
6,20,1,Search
6,20,2,Search
6,20,3,Search
6,20,4,Search
6,20,5,Encoding
6,20,6,Decision: No justification
6,21,1,Search
6,21,2,Search
6,21,3,Search
6,21,4,Search
6,21,5,Encoding
6,21,6,Encoding
6,21,7,Evaluation
6,21,8,Metacognitive
6,21,9,Metacognitive
6,22,1,Search
6,22,2,Search
6,22,3,Encoding
6,22,4,Encoding
6,22,5,Evaluation
6,22,6,Decision: No justification
6,23,1,Search
6,23,2,Search
6,23,3,Encoding
6,23,4,Evaluation
6,23,5,Decision: No justification
6,24,1,Search
6,24,2,Encoding
6,24,3,Encoding
6,24,4,Evaluation
6,24,5,Metacognitive
6,24,6,Decision: No justification
6,25,1,Search
6,25,2,Search
6,25,3,Encoding
6,25,4,Encoding
6,25,5,Evaluation
6,25,6,Decision: No justification
6,26,1,Search
6,26,2,Search
6,26,3,Search
6,26,4,Encoding
6,26,5,Encoding
6,26,6,Evaluation
6,26,7,Elaboration: Holistic
6,26,8,Decision: Guess
6,27,1,Search
6,27,2,Encoding
6,27,3,Uncategorized
6,27,4,Decision: No justification
6,28,1,Search
6,28,2,Encoding
6,28,3,Evaluation
6,29,1,Search
6,29,2,Search
6,29,3,Encoding
6,29,4,Encoding
6,29,5,Decision: No justification
6,30,1,Search
6,30,2,Search
6,30,3,Encoding
6,30,4,Elaboration: Indicator based
6,30,5,Decision: No justification
6,30,6,Decision: Guess
6,31,1,Search
6,31,2,Search
6,31,3,Encoding
6,31,4,Encoding
6,31,5,Evaluation
6,31,6,Elaboration: Indicator based
6,31,7,Decision: No justification
6,31,8,Decision: No justification
6,32,1,Search
6,32,2,Search
6,32,3,Search
6,32,4,Encoding
6,32,5,Decision: No justification
6,33,1,Search
6,33,2,Search
6,33,3,Search
6,33,4,Search
6,33,5,Encoding
6,33,6,Encoding
6,33,7,Evaluation
6,33,8,Decision: No justification
6,33,9,Decision: No justification
6,34,1,Search
6,34,2,Search
6,34,3,Encoding
6,34,4,Encoding
6,34,5,Evaluation
6,34,6,Decision: No justification
6,35,1,Search
6,35,2,Search
6,35,3,Search
6,35,4,Encoding
6,35,5,Evaluation
6,35,6,Decision: No justification
6,36,1,Search
6,36,2,Search
6,36,3,Encoding
6,36,4,Evaluation
6,37,1,Search
6,37,2,Search
6,37,3,Encoding
6,37,4,Encoding
6,37,5,Decision: No justification
6,38,1,Search
6,38,2,Search
6,38,3,Encoding
6,38,4,Evaluation
6,38,5,Metacognitive
6,38,6,Decision: No justification
6,39,1,Search
6,39,2,Search
6,39,3,Evaluation
6,39,4,Elaboration: Holistic
6,39,5,Decision: No justification
6,40,1,Search
6,40,2,Search
6,40,3,Encoding
6,40,4,Evaluation
6,41,1,Search
6,41,2,Search
6,41,3,Encoding
6,41,4,Encoding
6,41,5,Decision: No justification
6,42,1,Search
6,42,2,Search
6,42,3,Encoding
6,42,4,Encoding
6,42,5,Evaluation
6,42,6,Decision: No justification
6,43,1,Search
6,43,2,Search
6,43,3,Evaluation
6,43,4,Decision: No justification
6,44,1,Search
6,44,2,Search
6,44,3,Encoding
6,44,4,Encoding
6,44,5,Evaluation
6,44,6,Decision: No justification
6,45,1,Search
6,45,2,Search
6,45,3,Encoding
6,45,4,Encoding
6,45,5,Evaluation
6,45,6,Decision: No justification
6,46,1,Search
6,46,2,Search
6,46,3,Encoding
6,46,4,Encoding
6,46,5,Evaluation
6,46,6,Decision: No justification
6,47,1,Search
6,47,2,Search
6,47,3,Encoding
6,47,4,Elaboration: Holistic
6,47,5,Decision: No justification
6,48,1,Search
6,48,2,Search
6,48,3,Search
6,48,4,Encoding
6,48,5,Decision: No justification
6,49,1,Search
6,49,2,Search
6,49,3,Search
6,49,4,Encoding
6,49,5,Encoding
6,49,6,Encoding
6,49,7,Evaluation
6,49,8,Decision: No justification
6,50,1,Search
6,50,2,Search
6,50,3,Search
6,50,4,Encoding
6,50,5,Encoding
6,50,6,Decision: No justification
6,50,7,Decision: Mult-indicator
6,51,1,Search
6,51,2,Search
6,51,3,Encoding
6,51,4,Encoding
6,51,5,Decision: No justification
6,52,1,Search
6,52,2,Search
6,52,3,Search
6,52,4,Encoding
6,52,5,Elaboration: Holistic
6,52,6,Decision: No justification
6,52,7,Decision: No justification
6,53,1,Search
6,53,2,Encoding
6,53,3,Encoding
6,53,4,Decision: No justification
6,53,5,Decision: Mult-indicator
6,54,1,Search
6,54,2,Search
6,54,3,Encoding
6,54,4,Decision: No justification
6,55,1,Search
6,55,2,Search
6,55,3,Encoding
6,55,4,Evaluation
6,55,5,Decision: No justification
6,56,1,Search
6,56,2,Search
6,56,3,Encoding
6,56,4,Encoding
6,56,5,Evaluation
6,56,6,Decision: Mult-indicator
6,57,1,Search
6,57,2,Search
6,57,3,Encoding
6,57,4,Encoding
6,57,5,Evaluation
6,57,6,Decision: No justification
6,58,1,Search
6,58,2,Search
6,58,3,Encoding
6,58,4,Encoding
6,58,5,Decision: No justification
6,59,1,Search
6,59,2,Search
6,59,3,Encoding
6,59,4,Encoding
6,59,5,Evaluation
6,59,6,Decision: No justification
6,60,1,Search
6,60,2,Search
6,60,3,Encoding
6,60,4,Encoding
6,60,5,Evaluation
6,60,6,Decision: No justification
6,61,1,Search
6,61,2,Search
6,61,3,Search
6,61,4,Evaluation
6,61,5,Elaboration: Holistic
6,61,6,Elaboration: Holistic
6,61,7,Decision: No justification
6,61,8,Decision: No justification
6,62,1,Search
6,62,2,Search
6,62,3,Encoding
6,62,4,Encoding
6,62,5,Evaluation
6,62,6,Decision: No justification
6,63,1,Search
6,63,2,Search
6,63,3,Encoding
6,63,4,Encoding
6,63,5,Decision: No justification
6,64,1,Search
6,64,2,Search
6,64,3,Encoding
6,64,4,Evaluation
6,64,5,Elaboration: Holistic
6,64,6,Decision: No justification
6,65,1,Search
6,65,2,Search
6,65,3,Encoding
6,65,4,Encoding
6,65,5,Evaluation
6,65,6,Decision: No justification
6,65,7,Decision: No justification
6,66,1,Search
6,66,2,Search
6,66,3,Encoding
6,66,4,Encoding
6,66,5,Decision: No justification
6,66,6,Decision: No justification
6,67,1,Encoding
6,67,2,Encoding
6,67,3,Decision: No justification
6,68,1,Encoding
6,68,2,Encoding
6,69,1,Search
6,69,2,Search
6,69,3,Encoding
6,69,4,Encoding
6,69,5,Evaluation
6,69,6,Decision: No justification
6,70,1,Search
6,70,2,Search
6,70,3,Encoding
6,70,4,Encoding
6,70,5,Evaluation
6,70,6,Decision: No justification
6,71,1,Search
6,71,2,Search
6,71,3,Encoding
6,71,4,Encoding
6,71,5,Evaluation
6,71,6,Decision: No justification
6,71,7,Decision: No justification
6,72,1,Search
6,72,2,Search
6,72,3,Decision: Single Indicator
6,73,1,Search
6,73,2,Search
6,73,3,Encoding
6,73,4,Encoding
6,73,5,Metacognitive
6,73,6,Decision: No justification
6,73,7,Decision: No justification
6,74,1,Search
6,74,2,Search
6,74,3,Encoding
6,74,4,Encoding
6,74,5,Decision: No justification
6,75,1,Search
6,75,2,Search
6,75,3,Encoding
6,75,4,Encoding
6,75,5,Evaluation
6,75,6,Decision: No justification
6,76,1,Search
6,76,2,Search
6,76,3,Encoding
6,76,4,Elaboration: Indicator based
6,76,5,Decision: No justification
6,77,1,Search
6,77,2,Search
6,77,3,Encoding
6,77,4,Encoding
6,77,5,Decision: No justification
6,77,6,Decision: No justification
6,78,1,Search
6,78,2,Search
6,78,3,Evaluation
6,78,4,Elaboration: Holistic
6,78,5,Decision: No justification
6,78,6,Decision: Guess
6,79,1,Search
6,79,2,Search
6,79,3,Evaluation
6,79,4,Decision: No justification
6,80,1,Search
6,80,2,Search
6,80,3,Encoding
6,80,4,Encoding
6,80,5,Evaluation
6,80,6,Decision: No justification
6,81,1,Search
6,81,2,Search
6,81,3,Encoding
6,81,4,Encoding
6,81,5,Encoding
6,81,6,Evaluation
6,81,7,Decision: No justification
6,82,1,Search
6,82,2,Search
6,82,3,Encoding
6,82,4,Encoding
6,82,5,Evaluation
6,82,6,Decision: No justification
6,83,1,Search
6,83,2,Encoding
6,83,3,Evaluation
6,83,4,Elaboration: Holistic
6,83,5,Decision: No justification
6,83,6,Decision: Guess
6,84,1,Search
6,84,2,Encoding
6,84,3,Decision: No justification
6,85,1,Search
6,85,2,Search
6,85,3,Evaluation
6,86,1,Search
6,86,2,Search
6,86,3,Decision: No justification
6,87,1,Search
6,87,2,Search
6,87,3,Encoding
6,87,4,Encoding
6,87,5,Elaboration: Holistic
6,87,6,Decision: No justification
6,88,1,Search
6,88,2,Search
6,88,3,Encoding
6,88,4,Encoding
6,88,5,Decision: No justification
6,89,1,Search
6,89,2,Search
6,89,3,Encoding
6,89,4,Encoding
6,89,5,Decision: Single Indicator
6,90,1,Search
6,90,2,Search
6,90,3,Encoding
6,90,4,Encoding
6,90,5,Evaluation
6,90,6,Elaboration: Holistic
6,90,7,Decision: No justification
6,91,1,Search
6,91,2,Search
6,91,3,Elaboration: Indicator based
6,91,4,Decision: No justification
6,92,1,Search
6,92,2,Search
6,92,3,Uncategorized
6,92,4,Decision: No justification
6,93,1,Search
6,93,2,Search
6,93,3,Encoding
6,93,4,Evaluation
6,93,5,Elaboration: Holistic
6,93,6,Decision: Single Indicator
6,94,1,Search
6,94,2,Search
6,94,3,Encoding
6,94,4,Encoding
6,94,5,Decision: No justification
6,95,1,Search
6,95,2,Search
6,95,3,Decision: No justification
6,96,1,Search
6,96,2,Search
6,96,3,Encoding
6,96,4,Encoding
6,96,5,Evaluation
6,96,6,Decision: No justification
6,97,1,Search
6,97,2,Search
6,97,3,Encoding
6,97,4,Decision: No justification
6,98,1,Search
6,98,2,Search
6,98,3,Encoding
6,98,4,Encoding
6,98,5,Elaboration: Holistic
6,98,6,Decision: No justification
6,99,1,Encoding
6,99,2,Encoding
6,99,3,Evaluation
6,100,1,Search
6,100,2,Search
6,101,1,Search
6,101,2,Encoding
6,101,3,Encoding
6,101,4,Evaluation
6,102,1,Search
6,102,2,Search
6,102,3,Encoding
6,102,4,Encoding
6,102,5,Evaluation
6,102,6,Decision: No justification
6,103,1,Search
6,103,2,Encoding
6,104,1,Search
6,104,2,Search
6,104,3,Encoding
6,104,4,Elaboration: Holistic
6,104,5,Decision: No justification
6,105,1,Search
6,105,2,Search
6,105,3,Encoding
6,105,4,Encoding
6,105,5,Evaluation
6,105,6,Decision: No justification
6,106,1,Search
6,106,2,Search
6,106,3,Encoding
6,106,4,Encoding
6,106,5,Evaluation
6,106,6,Decision: No justification
6,107,1,Search
6,107,2,Search
6,107,3,Encoding
6,107,4,Elaboration: Holistic
6,107,5,Decision: No justification
6,107,6,Decision: No justification
6,107,7,Decision: Guess
6,108,1,Search
6,108,2,Search
6,108,3,Encoding
6,108,4,Encoding
6,109,1,Search
6,109,2,Encoding
6,109,3,Encoding
6,109,4,Evaluation
6,109,5,Metacognitive
6,110,1,Encoding
6,110,2,Encoding
6,110,3,Evaluation
6,111,1,Search
6,111,2,Encoding
6,112,1,Silent
6,113,1,Search
6,113,2,Encoding
6,113,3,Encoding
6,113,4,Decision: No justification
6,114,1,Encoding
6,114,2,Encoding
6,114,3,Evaluation
6,115,1,Search
6,116,1,Encoding
6,116,2,Encoding
6,116,3,Evaluation
6,117,1,Search
6,117,2,Encoding
6,117,3,Encoding
6,117,4,Decision: No justification
6,118,1,Search
6,118,2,Encoding
6,118,3,Encoding
6,118,4,Evaluation
6,119,1,Encoding
6,119,2,Encoding
6,119,3,Evaluation
6,120,1,Encoding
6,120,2,Encoding
7,1,1,Search
7,1,2,Search
7,1,3,Search
7,1,4,Encoding
7,1,5,Encoding
7,1,6,Encoding
7,1,7,Encoding
7,1,8,Elaboration: Indicator based
7,1,9,Decision: No justification
7,2,1,Search
7,2,2,Search
7,2,3,Search
7,2,4,Search
7,2,5,Encoding
7,2,6,Encoding
7,2,7,Encoding
7,2,8,Encoding
7,2,9,Evaluation
7,2,10,Decision: No justification
7,3,1,Search
7,3,2,Search
7,3,3,Search
7,3,4,Search
7,3,5,Encoding
7,3,6,Encoding
7,3,7,Encoding
7,3,8,Evaluation
7,3,9,Decision: No justification
7,4,1,Search
7,4,2,Search
7,4,3,Search
7,4,4,Search
7,4,5,Encoding
7,4,6,Encoding
7,4,7,Encoding
7,4,8,Encoding
7,4,9,Encoding
7,4,10,Evaluation
7,4,11,Decision: No justification
7,5,1,Search
7,5,2,Search
7,5,3,Search
7,5,4,Search
7,5,5,Search
7,5,6,Search
7,5,7,Encoding
7,5,8,Encoding
7,5,9,Encoding
7,5,10,Encoding
7,5,11,Encoding
7,5,12,Encoding
7,5,13,Encoding
7,5,14,Evaluation
7,5,15,Elaboration: Holistic
7,5,16,Elaboration: Holistic
7,5,17,Decision: Mult-indicator
7,6,1,Search
7,6,2,Search
7,6,3,Search
7,6,4,Search
7,6,5,Encoding
7,6,6,Encoding
7,6,7,Encoding
7,6,8,Evaluation
7,6,9,Decision: No justification
7,7,1,Search
7,7,2,Search
7,7,3,Search
7,7,4,Search
7,7,5,Encoding
7,7,6,Encoding
7,7,7,Encoding
7,7,8,Encoding
7,7,9,Decision: No justification
7,8,1,Search
7,8,2,Search
7,8,3,Encoding
7,8,4,Encoding
7,8,5,Decision: No justification
7,9,1,Search
7,9,2,Search
7,9,3,Encoding
7,9,4,Encoding
7,9,5,Decision: No justification
7,10,1,Search
7,10,2,Search
7,10,3,Encoding
7,10,4,Encoding
7,10,5,Evaluation
7,10,6,Decision: No justification
7,11,1,Search
7,11,2,Search
7,11,3,Search
7,11,4,Search
7,11,5,Encoding
7,11,6,Encoding
7,11,7,Encoding
7,11,8,Encoding
7,11,9,Decision: No justification
7,12,1,Search
7,12,2,Search
7,12,3,Search
7,12,4,Search
7,12,5,Search
7,12,6,Encoding
7,12,7,Encoding
7,12,8,Encoding
7,12,9,Encoding
7,12,10,Encoding
7,12,11,Encoding
7,12,12,Elaboration: Indicator based
7,12,13,Decision: No justification
7,13,1,Search
7,13,2,Search
7,13,3,Encoding
7,13,4,Encoding
7,13,5,Encoding
7,13,6,Encoding
7,13,7,Evaluation
7,13,8,Decision: No justification
7,14,1,Search
7,14,2,Search
7,14,3,Search
7,14,4,Search
7,14,5,Search
7,14,6,Search
7,14,7,Search
7,14,8,Encoding
7,14,9,Encoding
7,14,10,Encoding
7,14,11,Encoding
7,14,12,Encoding
7,14,13,Encoding
7,14,14,Decision: No justification
7,15,1,Search
7,15,2,Search
7,15,3,Search
7,15,4,Search
7,15,5,Encoding
7,15,6,Encoding
7,15,7,Encoding
7,15,8,Encoding
7,15,9,Decision: No justification
7,16,1,Search
7,16,2,Search
7,16,3,Encoding
7,16,4,Encoding
7,16,5,Decision: No justification
7,17,1,Search
7,17,2,Search
7,17,3,Search
7,17,4,Search
7,17,5,Search
7,17,6,Search
7,17,7,Search
7,17,8,Encoding
7,17,9,Encoding
7,17,10,Encoding
7,17,11,Encoding
7,17,12,Encoding
7,17,13,Encoding
7,17,14,Encoding
7,17,15,Decision: No justification
7,18,1,Search
7,18,2,Search
7,18,3,Encoding
7,18,4,Encoding
7,18,5,Decision: No justification
7,19,1,Search
7,19,2,Search
7,19,3,Encoding
7,19,4,Encoding
7,19,5,Decision: No justification
7,20,1,Search
7,20,2,Search
7,20,3,Search
7,20,4,Search
7,20,5,Encoding
7,20,6,Encoding
7,20,7,Encoding
7,20,8,Encoding
7,20,9,Encoding
7,21,1,Search
7,21,2,Search
7,21,3,Search
7,21,4,Search
7,21,5,Search
7,21,6,Encoding
7,21,7,Encoding
7,21,8,Encoding
7,21,9,Encoding
7,21,10,Encoding
7,21,11,Encoding
7,21,12,Encoding
7,21,13,Encoding
7,21,14,Decision: No justification
7,22,1,Search
7,22,2,Search
7,22,3,Search
7,22,4,Search
7,22,5,Search
7,22,6,Encoding
7,22,7,Encoding
7,22,8,Encoding
7,22,9,Encoding
7,22,10,Encoding
7,22,11,Decision: No justification
7,23,1,Search
7,23,2,Search
7,23,3,Search
7,23,4,Encoding
7,23,5,Encoding
7,23,6,Encoding
7,23,7,Encoding
7,23,8,Encoding
7,23,9,Encoding
7,23,10,Evaluation
7,24,1,Search
7,24,2,Search
7,24,3,Encoding
7,24,4,Encoding
7,24,5,Encoding
7,24,6,Encoding
7,24,7,Decision: No justification
7,25,1,Search
7,25,2,Search
7,25,3,Encoding
7,25,4,Encoding
7,25,5,Encoding
7,25,6,Encoding
7,25,7,Decision: No justification
7,26,1,Search
7,26,2,Search
7,26,3,Search
7,26,4,Encoding
7,26,5,Encoding
7,26,6,Encoding
7,26,7,Encoding
7,26,8,Encoding
7,26,9,Encoding
7,26,10,Evaluation
7,26,11,Decision: No justification
7,27,1,Search
7,27,2,Encoding
7,27,3,Encoding
7,27,4,Encoding
7,27,5,Encoding
7,27,6,Encoding
7,27,7,Encoding
7,27,8,Encoding
7,27,9,Evaluation
7,28,1,Search
7,28,2,Encoding
7,28,3,Encoding
7,28,4,Encoding
7,28,5,Encoding
7,28,6,Encoding
7,28,7,Encoding
7,28,8,Decision: No justification
7,29,1,Search
7,29,2,Encoding
7,29,3,Encoding
7,29,4,Encoding
7,29,5,Encoding
7,29,6,Decision: No justification
7,30,1,Search
7,30,2,Search
7,30,3,Encoding
7,30,4,Encoding
7,30,5,Encoding
7,30,6,Encoding
7,30,7,Decision: No justification
7,31,1,Search
7,31,2,Encoding
7,31,3,Encoding
7,31,4,Encoding
7,31,5,Encoding
7,31,6,Decision: No justification
7,32,1,Search
7,32,2,Search
7,32,3,Search
7,32,4,Search
7,32,5,Encoding
7,32,6,Encoding
7,32,7,Encoding
7,32,8,Encoding
7,32,9,Encoding
7,32,10,Encoding
7,32,11,Elaboration: Holistic
7,32,12,Decision: No justification
7,33,1,Search
7,33,2,Search
7,33,3,Search
7,33,4,Search
7,33,5,Search
7,33,6,Search
7,33,7,Encoding
7,33,8,Encoding
7,33,9,Encoding
7,33,10,Encoding
7,33,11,Encoding
7,33,12,Encoding
7,33,13,Encoding
7,33,14,Encoding
7,33,15,Elaboration: Holistic
7,33,16,Decision: Mult-indicator
7,34,1,Search
7,34,2,Search
7,34,3,Encoding
7,34,4,Encoding
7,34,5,Encoding
7,34,6,Encoding
7,34,7,Encoding
7,34,8,Encoding
7,34,9,Encoding
7,34,10,Elaboration: Indicator based
7,34,11,Decision: No justification
7,35,1,Search
7,35,2,Search
7,35,3,Search
7,35,4,Search
7,35,5,Search
7,35,6,Search
7,35,7,Encoding
7,35,8,Encoding
7,35,9,Encoding
7,35,10,Encoding
7,35,11,Encoding
7,35,12,Encoding
7,35,13,Encoding
7,35,14,Encoding
7,35,15,Elaboration: Holistic
7,35,16,Decision: No justification
7,36,1,Search
7,36,2,Search
7,36,3,Search
7,36,4,Search
7,36,5,Encoding
7,36,6,Encoding
7,36,7,Encoding
7,36,8,Encoding
7,36,9,Encoding
7,36,10,Encoding
7,36,11,Decision: No justification
7,37,1,Search
7,37,2,Encoding
7,37,3,Encoding
7,37,4,Encoding
7,37,5,Encoding
7,37,6,Evaluation
7,38,1,Search
7,38,2,Search
7,38,3,Search
7,38,4,Search
7,38,5,Encoding
7,38,6,Encoding
7,38,7,Encoding
7,38,8,Encoding
7,38,9,Encoding
7,38,10,Decision: No justification
7,39,1,Search
7,39,2,Search
7,39,3,Encoding
7,39,4,Encoding
7,39,5,Encoding
7,39,6,Encoding
7,39,7,Encoding
7,39,8,Encoding
7,39,9,Encoding
7,39,10,Encoding
7,39,11,Elaboration: Holistic
7,39,12,Decision: No justification
7,40,1,Encoding
7,40,2,Encoding
7,40,3,Encoding
7,40,4,Encoding
7,40,5,Decision: No justification
7,41,1,Search
7,41,2,Encoding
7,41,3,Encoding
7,41,4,Encoding
7,41,5,Encoding
7,41,6,Decision: No justification
7,42,1,Search
7,42,2,Encoding
7,42,3,Encoding
7,43,1,Search
7,43,2,Encoding
7,43,3,Encoding
7,43,4,Encoding
7,43,5,Encoding
7,43,6,Decision: No justification
7,44,1,Search
7,44,2,Encoding
7,44,3,Encoding
7,44,4,Encoding
7,44,5,Encoding
7,44,6,Encoding
7,44,7,Encoding
7,44,8,Decision: No justification
7,45,1,Search
7,45,2,Encoding
7,45,3,Encoding
7,45,4,Encoding
7,45,5,Encoding
7,45,6,Encoding
7,45,7,Encoding
7,45,8,Encoding
7,45,9,Encoding
7,45,10,Decision: Single Indicator
7,46,1,Search
7,46,2,Search
7,46,3,Encoding
7,46,4,Encoding
7,46,5,Encoding
7,46,6,Encoding
7,46,7,Encoding
7,46,8,Encoding
7,46,9,Encoding
7,46,10,Encoding
7,46,11,Decision: No justification
7,47,1,Encoding
7,47,2,Encoding
7,47,3,Encoding
7,47,4,Encoding
7,47,5,Evaluation
7,48,1,Search
7,48,2,Search
7,48,3,Encoding
7,48,4,Encoding
7,48,5,Encoding
7,48,6,Encoding
7,48,7,Evaluation
7,49,1,Search
7,49,2,Encoding
7,49,3,Encoding
7,49,4,Encoding
7,49,5,Encoding
7,49,6,Encoding
7,49,7,Encoding
7,49,8,Encoding
7,49,9,Evaluation
7,50,1,Search
7,50,2,Search
7,50,3,Encoding
7,50,4,Encoding
7,50,5,Encoding
7,50,6,Encoding
7,50,7,Encoding
7,50,8,Encoding
7,50,9,Encoding
7,50,10,Encoding
7,50,11,Decision: No justification
7,51,1,Search
7,51,2,Encoding
7,51,3,Encoding
7,51,4,Encoding
7,51,5,Encoding
7,51,6,Encoding
7,51,7,Encoding
7,51,8,Encoding
7,51,9,Decision: No justification
7,52,1,Search
7,52,2,Encoding
7,52,3,Encoding
7,52,4,Encoding
7,52,5,Encoding
7,52,6,Encoding
7,52,7,Encoding
7,52,8,Encoding
7,52,9,Encoding
7,52,10,Evaluation
7,52,11,Elaboration: Holistic
7,52,12,Decision: No justification
7,52,13,Decision: Mult-indicator
7,53,1,Search
7,53,2,Encoding
7,53,3,Encoding
7,53,4,Encoding
7,53,5,Encoding
7,53,6,Encoding
7,53,7,Encoding
7,53,8,Encoding
7,53,9,Encoding
7,53,10,Decision: No justification
7,54,1,Encoding
7,54,2,Encoding
7,54,3,Encoding
7,54,4,Encoding
7,54,5,Evaluation
7,55,1,Search
7,55,2,Search
7,55,3,Encoding
7,55,4,Encoding
7,55,5,Evaluation
7,56,1,Search
7,56,2,Encoding
7,56,3,Encoding
7,56,4,Evaluation
7,57,1,Search
7,57,2,Search
7,57,3,Encoding
7,57,4,Encoding
7,57,5,Evaluation
7,58,1,Search
7,58,2,Search
7,58,3,Search
7,58,4,Encoding
7,58,5,Encoding
7,58,6,Encoding
7,58,7,Encoding
7,58,8,Encoding
7,58,9,Encoding
7,58,10,Evaluation
7,59,1,Search
7,59,2,Encoding
7,59,3,Encoding
7,59,4,Encoding
7,59,5,Encoding
7,60,1,Search
7,60,2,Encoding
7,60,3,Encoding
7,60,4,Encoding
7,60,5,Encoding
7,60,6,Encoding
7,60,7,Encoding
7,60,8,Decision: No justification
7,61,1,Encoding
7,61,2,Encoding
7,62,1,Encoding
7,62,2,Encoding
7,63,1,Encoding
7,63,2,Encoding
7,63,3,Encoding
7,63,4,Encoding
7,63,5,Encoding
7,63,6,Encoding
7,63,7,Encoding
7,63,8,Encoding
7,64,1,Encoding
7,64,2,Encoding
7,65,1,Encoding
7,65,2,Encoding
7,65,3,Encoding
7,65,4,Evaluation
7,66,1,Encoding
7,66,2,Encoding
7,67,1,Encoding
7,67,2,Encoding
7,67,3,Encoding
7,67,4,Encoding
7,67,5,Encoding
7,68,1,Encoding
7,68,2,Encoding
7,69,1,Encoding
7,69,2,Encoding
7,69,3,Encoding
7,69,4,Encoding
7,69,5,Encoding
7,69,6,Encoding
7,69,7,Encoding
7,69,8,Encoding
7,70,1,Encoding
7,70,2,Encoding
7,70,3,Encoding
7,70,4,Encoding
7,70,5,Encoding
7,71,1,Encoding
7,71,2,Encoding
7,71,3,Encoding
7,71,4,Encoding
7,71,5,Encoding
7,71,6,Encoding
7,72,1,Encoding
7,72,2,Encoding
7,73,1,Encoding
7,73,2,Encoding
7,73,3,Encoding
7,73,4,Encoding
7,73,5,Encoding
7,73,6,Encoding
7,73,7,Evaluation
7,74,1,Encoding
7,74,2,Encoding
7,74,3,Encoding
7,75,1,Encoding
7,75,2,Encoding
7,75,3,Encoding
7,75,4,Encoding
7,75,5,Encoding
7,75,6,Encoding
7,76,1,Encoding
7,76,2,Encoding
7,76,3,Encoding
7,77,1,Encoding
7,77,2,Encoding
7,77,3,Encoding
7,77,4,Evaluation
7,78,1,Encoding
7,78,2,Encoding
7,78,3,Encoding
7,78,4,Encoding
7,79,1,Encoding
7,79,2,Encoding
7,79,3,Encoding
7,79,4,Encoding
7,79,5,Encoding
7,79,6,Evaluation
7,80,1,Encoding
7,80,2,Encoding
7,80,3,Encoding
7,80,4,Encoding
7,80,5,Encoding
7,80,6,Encoding
7,81,1,Encoding
7,81,2,Encoding
7,81,3,Encoding
7,81,4,Encoding
7,82,1,Encoding
7,82,2,Encoding
7,82,3,Encoding
7,82,4,Encoding
7,83,1,Encoding
7,83,2,Encoding
7,83,3,Encoding
7,83,4,Encoding
7,84,1,Encoding
7,84,2,Encoding
7,84,3,Encoding
7,84,4,Encoding
7,85,1,Encoding
7,85,2,Encoding
7,85,3,Encoding
7,85,4,Encoding
7,85,5,Encoding
7,85,6,Encoding
7,86,1,Encoding
7,86,2,Encoding
7,86,3,Encoding
7,87,1,Encoding
7,87,2,Encoding
7,87,3,Encoding
7,87,4,Encoding
7,88,1,Encoding
7,88,2,Encoding
7,88,3,Encoding
7,88,4,Encoding
7,88,5,Encoding
7,88,6,Encoding
7,89,1,Encoding
7,89,2,Encoding
7,89,3,Encoding
7,89,4,Encoding
7,89,5,Encoding
7,89,6,Encoding
7,89,7,Evaluation
7,90,1,Encoding
7,90,2,Encoding
7,90,3,Encoding
7,90,4,Encoding
7,90,5,Encoding
7,90,6,Encoding
7,91,1,Encoding
7,91,2,Encoding
7,91,3,Encoding
7,91,4,Encoding
7,91,5,Encoding
7,92,1,Encoding
7,92,2,Encoding
7,92,3,Encoding
7,92,4,Encoding
7,92,5,Encoding
7,92,6,Encoding
7,93,1,Encoding
7,93,2,Encoding
7,94,1,Encoding
7,94,2,Encoding
7,94,3,Encoding
7,94,4,Encoding
7,95,1,Encoding
7,95,2,Encoding
7,95,3,Encoding
7,95,4,Encoding
7,95,5,Encoding
7,95,6,Encoding
7,95,7,Encoding
7,95,8,Encoding
7,95,9,Evaluation
7,96,1,Encoding
7,96,2,Encoding
7,96,3,Encoding
7,96,4,Encoding
7,96,5,Encoding
7,96,6,Encoding
7,96,7,Encoding
7,97,1,Encoding
7,97,2,Encoding
7,97,3,Encoding
7,97,4,Encoding
7,97,5,Encoding
7,97,6,Encoding
7,97,7,Encoding
7,97,8,Encoding
7,98,1,Encoding
7,98,2,Encoding
7,99,1,Encoding
7,99,2,Encoding
7,99,3,Encoding
7,99,4,Encoding
7,99,5,Encoding
7,99,6,Encoding
7,100,1,Encoding
7,100,2,Encoding
7,101,1,Encoding
7,101,2,Encoding
7,101,3,Encoding
7,101,4,Encoding
7,102,1,Encoding
7,102,2,Encoding
7,102,3,Encoding
7,102,4,Encoding
7,103,1,Encoding
7,103,2,Encoding
7,104,1,Encoding
7,104,2,Encoding
7,104,3,Encoding
7,104,4,Encoding
7,105,1,Encoding
7,105,2,Encoding
7,105,3,Encoding
7,105,4,Encoding
7,105,5,Encoding
7,105,6,Encoding
7,105,7,Evaluation
7,105,8,Decision: Mult-indicator
7,106,1,Encoding
7,106,2,Encoding
7,106,3,Encoding
7,106,4,Encoding
7,106,5,Decision: No justification
7,107,1,Encoding
7,107,2,Encoding
7,107,3,Encoding
7,107,4,Encoding
7,107,5,Decision: No justification
7,108,1,Encoding
7,108,2,Encoding
7,108,3,Encoding
7,108,4,Encoding
7,108,5,Encoding
7,108,6,Evaluation
7,109,1,Encoding
7,109,2,Encoding
7,109,3,Encoding
7,109,4,Encoding
7,109,5,Encoding
7,109,6,Decision: No justification
7,110,1,Encoding
7,110,2,Encoding
7,110,3,Encoding
7,111,1,Encoding
7,111,2,Encoding
7,111,3,Encoding
7,112,1,Encoding
7,112,2,Encoding
7,112,3,Encoding
7,112,4,Encoding
7,112,5,Encoding
7,112,6,Encoding
7,112,7,Encoding
7,112,8,Encoding
7,112,9,Evaluation
7,112,10,Decision: Single Indicator
7,113,1,Encoding
7,113,2,Encoding
7,113,3,Encoding
7,113,4,Encoding
7,113,5,Encoding
7,113,6,Encoding
7,113,7,Decision: No justification
7,114,1,Encoding
7,114,2,Encoding
7,114,3,Encoding
7,115,1,Encoding
7,115,2,Encoding
7,115,3,Encoding
7,115,4,Encoding
7,115,5,Encoding
7,115,6,Encoding
7,116,1,Encoding
7,116,2,Encoding
7,116,3,Encoding
7,117,1,Encoding
7,117,2,Encoding
7,117,3,Encoding
7,117,4,Encoding
7,117,5,Encoding
7,118,1,Encoding
7,118,2,Encoding
7,118,3,Encoding
7,118,4,Encoding
7,118,5,Encoding
7,118,6,Encoding
7,118,7,Encoding
7,118,8,Encoding
7,119,1,Encoding
7,119,2,Encoding
7,119,3,Encoding
7,120,1,Encoding
7,120,2,Encoding
7,120,3,Encoding
7,120,4,Encoding
7,120,5,Encoding
7,120,6,Encoding
7,120,7,Encoding
8,1,1,Search
8,1,2,Search
8,1,3,Search
8,1,4,Search
8,1,5,Search
8,1,6,Search
8,1,7,Search
8,1,8,Search
8,1,9,Search
8,1,10,Search
8,1,11,Search
8,1,12,Search
8,1,13,Encoding
8,1,14,Encoding
8,1,15,Encoding
8,1,16,Encoding
8,1,17,Encoding
8,1,18,Encoding
8,1,19,Encoding
8,1,20,Evaluation
8,1,21,Uncategorized
8,1,22,Uncategorized
8,1,23,Elaboration: Indicator based
8,1,24,Elaboration: Holistic
8,1,25,Decision: Mult-indicator
8,2,1,Search
8,2,2,Search
8,2,3,Search
8,2,4,Search
8,2,5,Search
8,2,6,Search
8,2,7,Search
8,2,8,Encoding
8,2,9,Encoding
8,2,10,Encoding
8,2,11,Evaluation
8,2,12,Metacognitive
8,2,13,Uncategorized
8,2,14,Elaboration: Indicator based
8,2,15,Elaboration: Indicator based
8,2,16,Elaboration: Stock based
8,2,17,Decision: No justification
8,2,18,Decision: No justification
8,3,1,Search
8,3,2,Search
8,3,3,Search
8,3,4,Search
8,3,5,Search
8,3,6,Search
8,3,7,Search
8,3,8,Encoding
8,3,9,Encoding
8,3,10,Encoding
8,3,11,Encoding
8,3,12,Encoding
8,3,13,Encoding
8,3,14,Encoding
8,3,15,Evaluation
8,3,16,Decision: Mult-indicator
8,4,1,Search
8,4,2,Search
8,4,3,Search
8,4,4,Search
8,4,5,Search
8,4,6,Search
8,4,7,Search
8,4,8,Search
8,4,9,Encoding
8,4,10,Encoding
8,4,11,Encoding
8,4,12,Encoding
8,4,13,Encoding
8,4,14,Encoding
8,4,15,Evaluation
8,4,16,Evaluation
8,4,17,Metacognitive
8,4,18,Metacognitive
8,4,19,Metacognitive
8,4,20,Elaboration: Indicator based
8,4,21,Decision: No justification
8,5,1,Search
8,5,2,Search
8,5,3,Search
8,5,4,Search
8,5,5,Search
8,5,6,Search
8,5,7,Encoding
8,5,8,Encoding
8,5,9,Encoding
8,5,10,Encoding
8,5,11,Encoding
8,5,12,Encoding
8,5,13,Encoding
8,5,14,Evaluation
8,5,15,Metacognitive
8,5,16,Decision: No justification
8,6,1,Search
8,6,2,Search
8,6,3,Search
8,6,4,Search
8,6,5,Encoding
8,6,6,Encoding
8,6,7,Encoding
8,6,8,Encoding
8,6,9,Encoding
8,6,10,Encoding
8,6,11,Evaluation
8,6,12,Decision: Mult-indicator
8,7,1,Search
8,7,2,Search
8,7,3,Search
8,7,4,Search
8,7,5,Encoding
8,7,6,Encoding
8,7,7,Encoding
8,7,8,Encoding
8,7,9,Encoding
8,7,10,Encoding
8,7,11,Evaluation
8,7,12,Decision: Mult-indicator
8,8,1,Search
8,8,2,Search
8,8,3,Search
8,8,4,Search
8,8,5,Encoding
8,8,6,Encoding
8,8,7,Encoding
8,8,8,Encoding
8,8,9,Encoding
8,8,10,Evaluation
8,8,11,Decision: No justification
8,9,1,Search
8,9,2,Search
8,9,3,Search
8,9,4,Search
8,9,5,Search
8,9,6,Search
8,9,7,Search
8,9,8,Search
8,9,9,Encoding
8,9,10,Encoding
8,9,11,Encoding
8,9,12,Encoding
8,9,13,Encoding
8,9,14,Encoding
8,9,15,Evaluation
8,9,16,Elaboration: Stock based
8,9,17,Elaboration: Stock based
8,9,18,Decision: Mult-indicator
8,10,1,Search
8,10,2,Search
8,10,3,Search
8,10,4,Search
8,10,5,Encoding
8,10,6,Encoding
8,10,7,Encoding
8,10,8,Encoding
8,10,9,Encoding
8,10,10,Evaluation
8,10,11,Decision: No justification
8,11,1,Search
8,11,2,Search
8,11,3,Search
8,11,4,Search
8,11,5,Search
8,11,6,Encoding
8,11,7,Encoding
8,11,8,Encoding
8,11,9,Encoding
8,11,10,Encoding
8,11,11,Encoding
8,11,12,Encoding
8,11,13,Evaluation
8,11,14,Metacognitive
8,11,15,Elaboration: Holistic
8,11,16,Decision: Mult-indicator
8,12,1,Search
8,12,2,Search
8,12,3,Search
8,12,4,Search
8,12,5,Search
8,12,6,Search
8,12,7,Encoding
8,12,8,Encoding
8,12,9,Encoding
8,12,10,Encoding
8,12,11,Encoding
8,12,12,Encoding
8,12,13,Encoding
8,12,14,Evaluation
8,12,15,Decision: No justification
8,13,1,Search
8,13,2,Search
8,13,3,Search
8,13,4,Search
8,13,5,Search
8,13,6,Search
8,13,7,Search
8,13,8,Encoding
8,13,9,Encoding
8,13,10,Encoding
8,13,11,Encoding
8,13,12,Encoding
8,13,13,Encoding
8,13,14,Encoding
8,13,15,Evaluation
8,13,16,Metacognitive
8,13,17,Elaboration: Stock based
8,13,18,Elaboration: Holistic
8,13,19,Elaboration: Holistic
8,13,20,Decision: Mult-indicator
8,14,1,Search
8,14,2,Search
8,14,3,Search
8,14,4,Search
8,14,5,Encoding
8,14,6,Encoding
8,14,7,Encoding
8,14,8,Encoding
8,14,9,Encoding
8,14,10,Evaluation
8,14,11,Decision: No justification
8,15,1,Search
8,15,2,Search
8,15,3,Search
8,15,4,Search
8,15,5,Search
8,15,6,Encoding
8,15,7,Encoding
8,15,8,Encoding
8,15,9,Encoding
8,15,10,Evaluation
8,15,11,Elaboration: Indicator based
8,15,12,Elaboration: Indicator based
8,15,13,Decision: No justification
8,16,1,Search
8,16,2,Search
8,16,3,Search
8,16,4,Search
8,16,5,Search
8,16,6,Search
8,16,7,Search
8,16,8,Search
8,16,9,Encoding
8,16,10,Encoding
8,16,11,Encoding
8,16,12,Encoding
8,16,13,Encoding
8,16,14,Encoding
8,16,15,Encoding
8,16,16,Evaluation
8,16,17,Elaboration: Indicator based
8,16,18,Elaboration: Holistic
8,16,19,Decision: Mult-indicator
8,17,1,Search
8,17,2,Search
8,17,3,Search
8,17,4,Search
8,17,5,Search
8,17,6,Search
8,17,7,Search
8,17,8,Encoding
8,17,9,Encoding
8,17,10,Encoding
8,17,11,Encoding
8,17,12,Encoding
8,17,13,Encoding
8,17,14,Encoding
8,17,15,Evaluation
8,17,16,Elaboration: Indicator based
8,17,17,Decision: No justification
8,18,1,Search
8,18,2,Search
8,18,3,Search
8,18,4,Search
8,18,5,Encoding
8,18,6,Encoding
8,18,7,Encoding
8,18,8,Encoding
8,18,9,Evaluation
8,18,10,Decision: No justification
8,19,1,Search
8,19,2,Search
8,19,3,Search
8,19,4,Search
8,19,5,Search
8,19,6,Encoding
8,19,7,Encoding
8,19,8,Encoding
8,19,9,Encoding
8,19,10,Evaluation
8,19,11,Elaboration: Indicator based
8,19,12,Decision: Single Indicator
8,20,1,Search
8,20,2,Search
8,20,3,Search
8,20,4,Encoding
8,20,5,Encoding
8,20,6,Encoding
8,20,7,Encoding
8,20,8,Encoding
8,20,9,Evaluation
8,20,10,Decision: No justification
8,21,1,Search
8,21,2,Search
8,21,3,Search
8,21,4,Search
8,21,5,Search
8,21,6,Encoding
8,21,7,Encoding
8,21,8,Encoding
8,21,9,Encoding
8,21,10,Evaluation
8,21,11,Elaboration: Indicator based
8,21,12,Decision: No justification
8,22,1,Search
8,22,2,Search
8,22,3,Search
8,22,4,Search
8,22,5,Search
8,22,6,Search
8,22,7,Search
8,22,8,Encoding
8,22,9,Encoding
8,22,10,Encoding
8,22,11,Encoding
8,22,12,Encoding
8,22,13,Encoding
8,22,14,Evaluation
8,22,15,Elaboration: Indicator based
8,22,16,Elaboration: Indicator based
8,22,17,Decision: Mult-indicator
8,23,1,Search
8,23,2,Search
8,23,3,Search
8,23,4,Encoding
8,23,5,Encoding
8,23,6,Encoding
8,23,7,Encoding
8,23,8,Evaluation
8,23,9,Decision: Mult-indicator
8,24,1,Search
8,24,2,Search
8,24,3,Search
8,24,4,Search
8,24,5,Search
8,24,6,Search
8,24,7,Search
8,24,8,Search
8,24,9,Encoding
8,24,10,Encoding
8,24,11,Encoding
8,24,12,Encoding
8,24,13,Encoding
8,24,14,Encoding
8,24,15,Encoding
8,24,16,Evaluation
8,24,17,Elaboration: Indicator based
8,24,18,Decision: Mult-indicator
8,25,1,Search
8,25,2,Search
8,25,3,Search
8,25,4,Search
8,25,5,Search
8,25,6,Search
8,25,7,Search
8,25,8,Encoding
8,25,9,Encoding
8,25,10,Encoding
8,25,11,Encoding
8,25,12,Encoding
8,25,13,Encoding
8,25,14,Encoding
8,25,15,Evaluation
8,25,16,Metacognitive
8,25,17,Elaboration: Indicator based
8,25,18,Decision: No justification
8,26,1,Search
8,26,2,Search
8,26,3,Search
8,26,4,Search
8,26,5,Search
8,26,6,Search
8,26,7,Search
8,26,8,Search
8,26,9,Encoding
8,26,10,Encoding
8,26,11,Encoding
8,26,12,Encoding
8,26,13,Encoding
8,26,14,Encoding
8,26,15,Encoding
8,26,16,Encoding
8,26,17,Evaluation
8,26,18,Decision: No justification
8,27,1,Search
8,27,2,Search
8,27,3,Search
8,27,4,Search
8,27,5,Search
8,27,6,Encoding
8,27,7,Encoding
8,27,8,Encoding
8,27,9,Encoding
8,27,10,Evaluation
8,27,11,Elaboration: Indicator based
8,27,12,Decision: No justification
8,28,1,Search
8,28,2,Search
8,28,3,Search
8,28,4,Search
8,28,5,Search
8,28,6,Search
8,28,7,Encoding
8,28,8,Encoding
8,28,9,Encoding
8,28,10,Encoding
8,28,11,Encoding
8,28,12,Encoding
8,28,13,Encoding
8,28,14,Evaluation
8,28,15,Elaboration: Indicator based
8,28,16,Elaboration: Holistic
8,28,17,Decision: No justification
8,29,1,Search
8,29,2,Search
8,29,3,Search
8,29,4,Search
8,29,5,Search
8,29,6,Encoding
8,29,7,Encoding
8,29,8,Encoding
8,29,9,Encoding
8,29,10,Encoding
8,29,11,Evaluation
8,29,12,Elaboration: Indicator based
8,29,13,Decision: No justification
8,30,1,Search
8,30,2,Search
8,30,3,Search
8,30,4,Encoding
8,30,5,Encoding
8,30,6,Encoding
8,30,7,Evaluation
8,30,8,Decision: No justification
8,31,1,Search
8,31,2,Search
8,31,3,Search
8,31,4,Search
8,31,5,Encoding
8,31,6,Encoding
8,31,7,Encoding
8,31,8,Encoding
8,31,9,Evaluation
8,31,10,Metacognitive
8,31,11,Elaboration: Indicator based
8,31,12,Decision: No justification
8,32,1,Search
8,32,2,Search
8,32,3,Search
8,32,4,Search
8,32,5,Search
8,32,6,Search
8,32,7,Search
8,32,8,Search
8,32,9,Search
8,32,10,Search
8,32,11,Encoding
8,32,12,Encoding
8,32,13,Encoding
8,32,14,Encoding
8,32,15,Encoding
8,32,16,Elaboration: Indicator based
8,32,17,Elaboration: Indicator based
8,32,18,Elaboration: Indicator based
8,32,19,Elaboration: Stock based
8,32,20,Decision: No justification
8,33,1,Search
8,33,2,Search
8,33,3,Search
8,33,4,Encoding
8,33,5,Encoding
8,33,6,Encoding
8,33,7,Evaluation
8,33,8,Decision: No justification
8,34,1,Search
8,34,2,Search
8,34,3,Search
8,34,4,Search
8,34,5,Search
8,34,6,Search
8,34,7,Encoding
8,34,8,Encoding
8,34,9,Encoding
8,34,10,Encoding
8,34,11,Evaluation
8,34,12,Elaboration: Indicator based
8,34,13,Elaboration: Indicator based
8,34,14,Decision: No justification
8,35,1,Search
8,35,2,Search
8,35,3,Search
8,35,4,Search
8,35,5,Encoding
8,35,6,Encoding
8,35,7,Encoding
8,35,8,Encoding
8,35,9,Evaluation
8,35,10,Elaboration: Indicator based
8,35,11,Elaboration: Indicator based
8,35,12,Elaboration: Indicator based
8,35,13,Elaboration: Holistic
8,35,14,Decision: No justification
8,36,1,Search
8,36,2,Search
8,36,3,Search
8,36,4,Search
8,36,5,Encoding
8,36,6,Encoding
8,36,7,Encoding
8,36,8,Decision: No justification
8,37,1,Search
8,37,2,Search
8,37,3,Search
8,37,4,Search
8,37,5,Search
8,37,6,Encoding
8,37,7,Encoding
8,37,8,Encoding
8,37,9,Evaluation
8,37,10,Elaboration: Indicator based
8,37,11,Elaboration: Indicator based
8,37,12,Elaboration: Indicator based
8,37,13,Decision: No justification
8,38,1,Search
8,38,2,Search
8,38,3,Search
8,38,4,Search
8,38,5,Search
8,38,6,Search
8,38,7,Encoding
8,38,8,Encoding
8,38,9,Encoding
8,38,10,Encoding
8,38,11,Evaluation
8,38,12,Elaboration: Indicator based
8,38,13,Elaboration: Indicator based
8,38,14,Decision: No justification
8,39,1,Search
8,39,2,Search
8,39,3,Encoding
8,39,4,Encoding
8,39,5,Elaboration: Indicator based
8,39,6,Decision: No justification
8,40,1,Search
8,40,2,Search
8,40,3,Search
8,40,4,Search
8,40,5,Search
8,40,6,Encoding
8,40,7,Encoding
8,40,8,Encoding
8,40,9,Encoding
8,40,10,Encoding
8,40,11,Encoding
8,40,12,Evaluation
8,40,13,Elaboration: Holistic
8,40,14,Elaboration: Holistic
8,40,15,Decision: No justification
8,41,1,Search
8,41,2,Search
8,41,3,Encoding
8,41,4,Evaluation
8,41,5,Elaboration: Indicator based
8,41,6,Decision: Single Indicator
8,42,1,Search
8,42,2,Search
8,42,3,Search
8,42,4,Encoding
8,42,5,Encoding
8,42,6,Encoding
8,42,7,Evaluation
8,42,8,Decision: No justification
8,43,1,Search
8,43,2,Search
8,43,3,Search
8,43,4,Search
8,43,5,Search
8,43,6,Search
8,43,7,Search
8,43,8,Search
8,43,9,Encoding
8,43,10,Encoding
8,43,11,Encoding
8,43,12,Encoding
8,43,13,Encoding
8,43,14,Encoding
8,43,15,Encoding
8,43,16,Encoding
8,43,17,Evaluation
8,43,18,Decision: Mult-indicator
8,44,1,Search
8,44,2,Search
8,44,3,Search
8,44,4,Search
8,44,5,Search
8,44,6,Search
8,44,7,Search
8,44,8,Encoding
8,44,9,Encoding
8,44,10,Encoding
8,44,11,Encoding
8,44,12,Encoding
8,44,13,Encoding
8,44,14,Evaluation
8,44,15,Elaboration: Indicator based
8,44,16,Decision: No justification
8,45,1,Search
8,45,2,Search
8,45,3,Search
8,45,4,Search
8,45,5,Search
8,45,6,Search
8,45,7,Encoding
8,45,8,Encoding
8,45,9,Encoding
8,45,10,Encoding
8,45,11,Evaluation
8,45,12,Elaboration: Indicator based
8,45,13,Elaboration: Indicator based
8,45,14,Decision: No justification
8,46,1,Search
8,46,2,Search
8,46,3,Search
8,46,4,Encoding
8,46,5,Encoding
8,46,6,Elaboration: Stock based
8,46,7,Decision: No justification
8,47,1,Search
8,47,2,Search
8,47,3,Search
8,47,4,Search
8,47,5,Search
8,47,6,Search
8,47,7,Encoding
8,47,8,Encoding
8,47,9,Encoding
8,47,10,Encoding
8,47,11,Encoding
8,47,12,Encoding
8,47,13,Evaluation
8,47,14,Elaboration: Indicator based
8,47,15,Elaboration: Holistic
8,47,16,Decision: No justification
8,48,1,Search
8,48,2,Search
8,48,3,Search
8,48,4,Encoding
8,48,5,Encoding
8,48,6,Encoding
8,48,7,Evaluation
8,48,8,Decision: No justification
8,49,1,Search
8,49,2,Search
8,49,3,Search
8,49,4,Encoding
8,49,5,Encoding
8,49,6,Encoding
8,49,7,Evaluation
8,49,8,Elaboration: Indicator based
8,49,9,Elaboration: Indicator based
8,49,10,Elaboration: Stock based
8,49,11,Decision: No justification
8,50,1,Search
8,50,2,Search
8,50,3,Encoding
8,50,4,Encoding
8,50,5,Encoding
8,50,6,Evaluation
8,50,7,Elaboration: Indicator based
8,50,8,Decision: No justification
8,51,1,Encoding
8,51,2,Encoding
8,51,3,Encoding
8,51,4,Encoding
8,51,5,Evaluation
8,51,6,Decision: No justification
8,52,1,Encoding
8,52,2,Encoding
8,52,3,Encoding
8,52,4,Encoding
8,52,5,Evaluation
8,52,6,Decision: No justification
8,53,1,Search
8,53,2,Search
8,53,3,Search
8,53,4,Search
8,53,5,Encoding
8,53,6,Encoding
8,53,7,Encoding
8,53,8,Encoding
8,53,9,Encoding
8,53,10,Encoding
8,53,11,Encoding
8,53,12,Encoding
8,53,13,Evaluation
8,53,14,Decision: No justification
8,53,15,Decision: No justification
8,54,1,Search
8,54,2,Search
8,54,3,Search
8,54,4,Search
8,54,5,Search
8,54,6,Encoding
8,54,7,Encoding
8,54,8,Encoding
8,54,9,Encoding
8,54,10,Encoding
8,54,11,Encoding
8,54,12,Encoding
8,54,13,Evaluation
8,54,14,Decision: No justification
8,55,1,Encoding
8,55,2,Encoding
8,55,3,Encoding
8,55,4,Evaluation
8,55,5,Decision: No justification
8,56,1,Search
8,56,2,Search
8,56,3,Search
8,56,4,Encoding
8,56,5,Encoding
8,56,6,Encoding
8,56,7,Encoding
8,56,8,Encoding
8,56,9,Encoding
8,56,10,Encoding
8,56,11,Encoding
8,56,12,Evaluation
8,56,13,Decision: Mult-indicator
8,57,1,Search
8,57,2,Encoding
8,57,3,Encoding
8,57,4,Encoding
8,57,5,Evaluation
8,57,6,Decision: No justification
8,58,1,Search
8,58,2,Search
8,58,3,Search
8,58,4,Search
8,58,5,Search
8,58,6,Encoding
8,58,7,Encoding
8,58,8,Encoding
8,58,9,Encoding
8,58,10,Encoding
8,58,11,Evaluation
8,58,12,Decision: No justification
8,59,1,Search
8,59,2,Search
8,59,3,Search
8,59,4,Search
8,59,5,Encoding
8,59,6,Encoding
8,59,7,Encoding
8,59,8,Encoding
8,59,9,Evaluation
8,59,10,Decision: No justification
8,59,11,Decision: No justification
8,60,1,Search
8,60,2,Search
8,60,3,Search
8,60,4,Encoding
8,60,5,Encoding
8,60,6,Encoding
8,60,7,Encoding
8,60,8,Evaluation
8,60,9,Elaboration: Indicator based
8,60,10,Elaboration: Stock based
8,60,11,Decision: No justification
8,61,1,Search
8,61,2,Search
8,61,3,Search
8,61,4,Search
8,61,5,Search
8,61,6,Encoding
8,61,7,Encoding
8,61,8,Encoding
8,61,9,Encoding
8,61,10,Encoding
8,61,11,Encoding
8,61,12,Evaluation
8,61,13,Elaboration: Indicator based
8,61,14,Decision: No justification
8,62,1,Search
8,62,2,Search
8,62,3,Search
8,62,4,Search
8,62,5,Search
8,62,6,Encoding
8,62,7,Encoding
8,62,8,Encoding
8,62,9,Encoding
8,62,10,Encoding
8,62,11,Encoding
8,62,12,Evaluation
8,62,13,Decision: No justification
8,63,1,Search
8,63,2,Search
8,63,3,Search
8,63,4,Search
8,63,5,Encoding
8,63,6,Encoding
8,63,7,Encoding
8,63,8,Encoding
8,63,9,Encoding
8,63,10,Evaluation
8,63,11,Metacognitive
8,63,12,Metacognitive
8,63,13,Elaboration: Indicator based
8,63,14,Decision: No justification
8,64,1,Search
8,64,2,Search
8,64,3,Search
8,64,4,Encoding
8,64,5,Encoding
8,64,6,Encoding
8,64,7,Encoding
8,64,8,Encoding
8,64,9,Evaluation
8,64,10,Elaboration: Indicator based
8,64,11,Elaboration: Stock based
8,64,12,Decision: No justification
8,65,1,Encoding
8,65,2,Encoding
8,65,3,Encoding
8,65,4,Evaluation
8,65,5,Decision: No justification
8,66,1,Search
8,66,2,Search
8,66,3,Search
8,66,4,Encoding
8,66,5,Encoding
8,66,6,Encoding
8,66,7,Encoding
8,66,8,Encoding
8,66,9,Elaboration: Indicator based
8,66,10,Elaboration: Holistic
8,66,11,Decision: No justification
8,67,1,Search
8,67,2,Search
8,67,3,Encoding
8,67,4,Encoding
8,67,5,Encoding
8,67,6,Encoding
8,67,7,Encoding
8,67,8,Evaluation
8,67,9,Elaboration: Stock based
8,67,10,Decision: No justification
8,68,1,Search
8,68,2,Search
8,68,3,Search
8,68,4,Search
8,68,5,Search
8,68,6,Encoding
8,68,7,Encoding
8,68,8,Encoding
8,68,9,Encoding
8,68,10,Encoding
8,68,11,Encoding
8,68,12,Encoding
8,68,13,Evaluation
8,68,14,Elaboration: Holistic
8,68,15,Decision: No justification
8,69,1,Search
8,69,2,Search
8,69,3,Search
8,69,4,Search
8,69,5,Search
8,69,6,Encoding
8,69,7,Encoding
8,69,8,Encoding
8,69,9,Encoding
8,69,10,Encoding
8,69,11,Evaluation
8,69,12,Decision: No justification
8,70,1,Search
8,70,2,Search
8,70,3,Search
8,70,4,Encoding
8,70,5,Encoding
8,70,6,Encoding
8,70,7,Encoding
8,70,8,Evaluation
8,70,9,Elaboration: Indicator based
8,70,10,Decision: No justification
8,71,1,Search
8,71,2,Search
8,71,3,Search
8,71,4,Search
8,71,5,Encoding
8,71,6,Encoding
8,71,7,Encoding
8,71,8,Evaluation
8,71,9,Elaboration: Indicator based
8,71,10,Decision: No justification
8,72,1,Search
8,72,2,Search
8,72,3,Search
8,72,4,Search
8,72,5,Encoding
8,72,6,Encoding
8,72,7,Encoding
8,72,8,Encoding
8,72,9,Encoding
8,72,10,Encoding
8,72,11,Evaluation
8,72,12,Elaboration: Holistic
8,72,13,Decision: No justification
8,73,1,Search
8,73,2,Search
8,73,3,Search
8,73,4,Encoding
8,73,5,Encoding
8,73,6,Encoding
8,73,7,Encoding
8,73,8,Encoding
8,73,9,Encoding
8,73,10,Evaluation
8,73,11,Elaboration: Indicator based
8,73,12,Elaboration: Indicator based
8,73,13,Elaboration: Holistic
8,73,14,Decision: Mult-indicator
8,74,1,Search
8,74,2,Search
8,74,3,Search
8,74,4,Search
8,74,5,Encoding
8,74,6,Encoding
8,74,7,Encoding
8,74,8,Encoding
8,74,9,Evaluation
8,74,10,Elaboration: Indicator based
8,74,11,Decision: No justification
8,75,1,Search
8,75,2,Search
8,75,3,Encoding
8,75,4,Encoding
8,75,5,Encoding
8,75,6,Encoding
8,75,7,Evaluation
8,75,8,Decision: No justification
8,76,1,Search
8,76,2,Search
8,76,3,Encoding
8,76,4,Encoding
8,76,5,Encoding
8,76,6,Encoding
8,76,7,Encoding
8,76,8,Uncategorized
8,76,9,Elaboration: Indicator based
8,76,10,Elaboration: Stock based
8,76,11,Decision: No justification
8,77,1,Encoding
8,77,2,Encoding
8,77,3,Encoding
8,77,4,Evaluation
8,77,5,Decision: No justification
8,78,1,Search
8,78,2,Encoding
8,78,3,Encoding
8,78,4,Encoding
8,78,5,Evaluation
8,78,6,Elaboration: Indicator based
8,78,7,Elaboration: Indicator based
8,78,8,Decision: No justification
8,79,1,Search
8,79,2,Search
8,79,3,Search
8,79,4,Search
8,79,5,Encoding
8,79,6,Encoding
8,79,7,Encoding
8,79,8,Encoding
8,79,9,Encoding
8,79,10,Encoding
8,79,11,Encoding
8,79,12,Evaluation
8,79,13,Elaboration: Indicator based
8,79,14,Decision: No justification
8,80,1,Search
8,80,2,Search
8,80,3,Search
8,80,4,Search
8,80,5,Search
8,80,6,Encoding
8,80,7,Encoding
8,80,8,Encoding
8,80,9,Encoding
8,80,10,Encoding
8,80,11,Evaluation
8,80,12,Elaboration: Indicator based
8,80,13,Elaboration: Stock based
8,80,14,Elaboration: Holistic
8,80,15,Decision: Mult-indicator
8,81,1,Search
8,81,2,Search
8,81,3,Search
8,81,4,Search
8,81,5,Search
8,81,6,Encoding
8,81,7,Encoding
8,81,8,Encoding
8,81,9,Evaluation
8,81,10,Elaboration: Indicator based
8,81,11,Decision: No justification
8,82,1,Search
8,82,2,Search
8,82,3,Search
8,82,4,Search
8,82,5,Search
8,82,6,Encoding
8,82,7,Encoding
8,82,8,Encoding
8,82,9,Encoding
8,82,10,Encoding
8,82,11,Evaluation
8,82,12,Elaboration: Indicator based
8,82,13,Decision: No justification
8,83,1,Search
8,83,2,Search
8,83,3,Search
8,83,4,Search
8,83,5,Search
8,83,6,Search
8,83,7,Encoding
8,83,8,Encoding
8,83,9,Encoding
8,83,10,Encoding
8,83,11,Encoding
8,83,12,Encoding
8,83,13,Evaluation
8,83,14,Decision: Mult-indicator
8,84,1,Search
8,84,2,Search
8,84,3,Search
8,84,4,Search
8,84,5,Search
8,84,6,Search
8,84,7,Search
8,84,8,Encoding
8,84,9,Encoding
8,84,10,Encoding
8,84,11,Encoding
8,84,12,Encoding
8,84,13,Encoding
8,84,14,Encoding
8,84,15,Metacognitive
8,84,16,Metacognitive
8,84,17,Metacognitive
8,84,18,Decision: No justification
8,85,1,Search
8,85,2,Search
8,85,3,Search
8,85,4,Search
8,85,5,Encoding
8,85,6,Encoding
8,85,7,Encoding
8,85,8,Encoding
8,85,9,Encoding
8,85,10,Encoding
8,85,11,Evaluation
8,85,12,Elaboration: Holistic
8,85,13,Decision: Mult-indicator
8,86,1,Search
8,86,2,Search
8,86,3,Search
8,86,4,Search
8,86,5,Encoding
8,86,6,Encoding
8,86,7,Encoding
8,86,8,Encoding
8,86,9,Evaluation
8,86,10,Elaboration: Stock based
8,86,11,Decision: Mult-indicator
8,87,1,Search
8,87,2,Search
8,87,3,Search
8,87,4,Encoding
8,87,5,Encoding
8,87,6,Encoding
8,87,7,Encoding
8,87,8,Evaluation
8,87,9,Elaboration: Indicator based
8,87,10,Decision: No justification
8,88,1,Encoding
8,88,2,Evaluation
8,88,3,Metacognitive
8,88,4,Elaboration: Indicator based
8,88,5,Decision: No justification
8,89,1,Search
8,89,2,Encoding
8,89,3,Encoding
8,89,4,Encoding
8,89,5,Elaboration: Indicator based
8,89,6,Elaboration: Holistic
8,89,7,Decision: No justification
8,90,1,Search
8,90,2,Search
8,90,3,Search
8,90,4,Encoding
8,90,5,Encoding
8,90,6,Encoding
8,90,7,Evaluation
8,90,8,Elaboration: Holistic
8,90,9,Decision: No justification
8,91,1,Search
8,91,2,Search
8,91,3,Search
8,91,4,Search
8,91,5,Encoding
8,91,6,Encoding
8,91,7,Encoding
8,91,8,Encoding
8,91,9,Encoding
8,91,10,Evaluation
8,91,11,Elaboration: Stock based
8,91,12,Decision: No justification
8,92,1,Search
8,92,2,Search
8,92,3,Search
8,92,4,Metacognitive
8,92,5,Elaboration: Indicator based
8,92,6,Elaboration: Indicator based
8,92,7,Elaboration: Indicator based
8,92,8,Decision: No justification
8,93,1,Search
8,93,2,Evaluation
8,93,3,Elaboration: Indicator based
8,93,4,Elaboration: Stock based
8,93,5,Decision: No justification
8,94,1,Search
8,94,2,Search
8,94,3,Search
8,94,4,Search
8,94,5,Search
8,94,6,Encoding
8,94,7,Encoding
8,94,8,Encoding
8,94,9,Encoding
8,94,10,Encoding
8,94,11,Encoding
8,94,12,Evaluation
8,94,13,Decision: No justification
8,95,1,Search
8,95,2,Search
8,95,3,Search
8,95,4,Search
8,95,5,Search
8,95,6,Search
8,95,7,Search
8,95,8,Encoding
8,95,9,Encoding
8,95,10,Encoding
8,95,11,Encoding
8,95,12,Encoding
8,95,13,Encoding
8,95,14,Evaluation
8,95,15,Elaboration: Indicator based
8,95,16,Decision: Mult-indicator
8,96,1,Search
8,96,2,Search
8,96,3,Search
8,96,4,Encoding
8,96,5,Encoding
8,96,6,Evaluation
8,96,7,Elaboration: Stock based
8,96,8,Decision: No justification
8,97,1,Search
8,97,2,Search
8,97,3,Search
8,97,4,Search
8,97,5,Search
8,97,6,Search
8,97,7,Encoding
8,97,8,Encoding
8,97,9,Encoding
8,97,10,Encoding
8,97,11,Evaluation
8,97,12,Elaboration: Indicator based
8,97,13,Elaboration: Indicator based
8,97,14,Decision: Mult-indicator
8,98,1,Search
8,98,2,Search
8,98,3,Search
8,98,4,Encoding
8,98,5,Encoding
8,98,6,Encoding
8,98,7,Evaluation
8,98,8,Decision: No justification
8,99,1,Search
8,99,2,Search
8,99,3,Search
8,99,4,Encoding
8,99,5,Encoding
8,99,6,Encoding
8,99,7,Encoding
8,99,8,Encoding
8,99,9,Evaluation
8,99,10,Decision: No justification
8,100,1,Search
8,100,2,Search
8,100,3,Search
8,100,4,Search
8,100,5,Search
8,100,6,Search
8,100,7,Search
8,100,8,Encoding
8,100,9,Encoding
8,100,10,Encoding
8,100,11,Encoding
8,100,12,Encoding
8,100,13,Encoding
8,100,14,Evaluation
8,100,15,Elaboration: Indicator based
8,100,16,Decision: No justification
8,101,1,Search
8,101,2,Search
8,101,3,Search
8,101,4,Search
8,101,5,Search
8,101,6,Encoding
8,101,7,Encoding
8,101,8,Encoding
8,101,9,Encoding
8,101,10,Encoding
8,101,11,Evaluation
8,101,12,Elaboration: Indicator based
8,101,13,Elaboration: Indicator based
8,101,14,Elaboration: Holistic
8,101,15,Decision: No justification
8,102,1,Search
8,102,2,Search
8,102,3,Search
8,102,4,Search
8,102,5,Encoding
8,102,6,Encoding
8,102,7,Encoding
8,102,8,Encoding
8,102,9,Encoding
8,102,10,Encoding
8,102,11,Encoding
8,102,12,Evaluation
8,102,13,Decision: Mult-indicator
8,103,1,Search
8,103,2,Encoding
8,103,3,Encoding
8,103,4,Encoding
8,103,5,Encoding
8,103,6,Encoding
8,103,7,Encoding
8,103,8,Evaluation
8,103,9,Decision: Mult-indicator
8,104,1,Search
8,104,2,Encoding
8,104,3,Encoding
8,104,4,Encoding
8,104,5,Encoding
8,104,6,Evaluation
8,104,7,Decision: No justification
8,105,1,Search
8,105,2,Search
8,105,3,Search
8,105,4,Search
8,105,5,Search
8,105,6,Search
8,105,7,Encoding
8,105,8,Encoding
8,105,9,Encoding
8,105,10,Encoding
8,105,11,Encoding
8,105,12,Encoding
8,105,13,Evaluation
8,105,14,Decision: Mult-indicator
8,106,1,Search
8,106,2,Encoding
8,106,3,Encoding
8,106,4,Encoding
8,106,5,Encoding
8,106,6,Encoding
8,106,7,Encoding
8,106,8,Evaluation
8,106,9,Metacognitive
8,106,10,Decision: Mult-indicator
8,107,1,Search
8,107,2,Search
8,107,3,Search
8,107,4,Encoding
8,107,5,Encoding
8,107,6,Encoding
8,107,7,Evaluation
8,107,8,Decision: No justification
8,108,1,Search
8,108,2,Search
8,108,3,Search
8,108,4,Encoding
8,108,5,Encoding
8,108,6,Encoding
8,108,7,Encoding
8,108,8,Evaluation
8,108,9,Elaboration: Indicator based
8,108,10,Elaboration: Holistic
8,108,11,Decision: No justification
8,109,1,Search
8,109,2,Search
8,109,3,Search
8,109,4,Search
8,109,5,Encoding
8,109,6,Encoding
8,109,7,Encoding
8,109,8,Evaluation
8,109,9,Elaboration: Indicator based
8,109,10,Elaboration: Indicator based
8,109,11,Elaboration: Stock based
8,109,12,Decision: Mult-indicator
8,110,1,Search
8,110,2,Search
8,110,3,Search
8,110,4,Search
8,110,5,Search
8,110,6,Encoding
8,110,7,Encoding
8,110,8,Encoding
8,110,9,Encoding
8,110,10,Encoding
8,110,11,Encoding
8,110,12,Encoding
8,110,13,Evaluation
8,110,14,Decision: Mult-indicator
8,111,1,Search
8,111,2,Search
8,111,3,Encoding
8,111,4,Encoding
8,111,5,Encoding
8,111,6,Encoding
8,111,7,Encoding
8,111,8,Evaluation
8,111,9,Decision: No justification
8,112,1,Encoding
8,112,2,Evaluation
8,112,3,Elaboration: Indicator based
8,112,4,Elaboration: Stock based
8,112,5,Decision: No justification
8,113,1,Encoding
8,113,2,Encoding
8,113,3,Encoding
8,113,4,Encoding
8,113,5,Evaluation
8,113,6,Elaboration: Indicator based
8,113,7,Elaboration: Stock based
8,113,8,Decision: No justification
8,114,1,Search
8,114,2,Search
8,114,3,Search
8,114,4,Search
8,114,5,Search
8,114,6,Encoding
8,114,7,Encoding
8,114,8,Encoding
8,114,9,Encoding
8,114,10,Encoding
8,114,11,Evaluation
8,114,12,Elaboration: Indicator based
8,114,13,Elaboration: Stock based
8,114,14,Elaboration: Stock based
8,114,15,Elaboration: Stock based
8,114,16,Decision: Mult-indicator
8,115,1,Search
8,115,2,Encoding
8,115,3,Encoding
8,115,4,Encoding
8,115,5,Evaluation
8,115,6,Elaboration: Indicator based
8,115,7,Elaboration: Stock based
8,115,8,Elaboration: Holistic
8,115,9,Decision: No justification
8,116,1,Encoding
8,116,2,Encoding
8,116,3,Encoding
8,116,4,Encoding
8,116,5,Evaluation
8,116,6,Decision: No justification
8,117,1,Encoding
8,117,2,Evaluation
8,117,3,Elaboration: Indicator based
8,117,4,Decision: No justification
8,118,1,Encoding
8,118,2,Encoding
8,118,3,Encoding
8,118,4,Encoding
8,118,5,Evaluation
8,118,6,Elaboration: Stock based
8,118,7,Elaboration: Holistic
8,118,8,Decision: No justification
8,119,1,Search
8,119,2,Search
8,119,3,Search
8,119,4,Search
8,119,5,Encoding
8,119,6,Encoding
8,119,7,Evaluation
8,119,8,Elaboration: Indicator based
8,119,9,Elaboration: Indicator based
8,119,10,Elaboration: Stock based
8,119,11,Decision: Mult-indicator
8,120,1,Encoding
8,120,2,Encoding
8,120,3,Encoding
8,120,4,Evaluation
8,120,5,Decision: No justification
9,1,1,Encoding
9,1,2,Metacognitive
9,1,3,Decision: No justification
9,2,1,Search
9,2,2,Search
9,2,3,Search
9,2,4,Encoding
9,2,5,Evaluation
9,2,6,Uncategorized
9,2,7,Elaboration: Indicator based
9,2,8,Elaboration: Indicator based
9,2,9,Decision: No justification
9,3,1,Search
9,3,2,Encoding
9,3,3,Encoding
9,3,4,Decision: Single Indicator
9,4,1,Search
9,4,2,Search
9,4,3,Search
9,4,4,Encoding
9,4,5,Encoding
9,4,6,Evaluation
9,4,7,Elaboration: Indicator based
9,4,8,Decision: No justification
9,5,1,Search
9,5,2,Search
9,5,3,Encoding
9,5,4,Elaboration: Indicator based
9,5,5,Elaboration: Indicator based
9,5,6,Decision: No justification
9,6,1,Metacognitive
9,7,1,Silent
9,8,1,Evaluation
9,9,1,Search
9,9,2,Uncategorized
9,10,1,Encoding
9,10,2,Evaluation
9,10,3,Metacognitive
9,10,4,Decision: No justification
9,11,1,Search
9,11,2,Search
9,11,3,Elaboration: Indicator based
9,11,4,Elaboration: Stock based
9,11,5,Decision: No justification
9,12,1,Metacognitive
9,12,2,Metacognitive
9,13,1,Evaluation
9,13,2,Elaboration: Holistic
9,13,3,Decision: No justification
9,14,1,Encoding
9,14,2,Evaluation
9,14,3,Metacognitive
9,14,4,Decision: No justification
9,15,1,Encoding
9,15,2,Metacognitive
9,15,3,Metacognitive
9,16,1,Silent
9,17,1,Silent
9,18,1,Search
9,18,2,Metacognitive
9,18,3,Metacognitive
9,18,4,Elaboration: Indicator based
9,18,5,Elaboration: Holistic
9,19,1,Silent
9,20,1,Search
9,20,2,Metacognitive
9,20,3,Elaboration: Stock based
9,21,1,Evaluation
9,21,2,Metacognitive
9,22,1,Silent
9,23,1,Silent
9,24,1,Silent
9,25,1,Encoding
9,25,2,Encoding
9,25,3,Metacognitive
9,25,4,Decision: No justification
9,26,1,Search
9,26,2,Encoding
9,26,3,Elaboration: Indicator based
9,26,4,Decision: No justification
9,27,1,Encoding
9,27,2,Encoding
9,27,3,Decision: No justification
9,28,1,Search
9,28,2,Encoding
9,28,3,Elaboration: Indicator based
9,28,4,Elaboration: Indicator based
9,28,5,Decision: No justification
9,29,1,Encoding
9,29,2,Encoding
9,29,3,Decision: No justification
9,30,1,Encoding
9,30,2,Encoding
9,31,1,Encoding
9,31,2,Encoding
9,32,1,Encoding
9,32,2,Encoding
9,33,1,Encoding
9,33,2,Encoding
9,33,3,Encoding
9,33,4,Encoding
9,33,5,Decision: No justification
9,34,1,Encoding
9,34,2,Encoding
9,35,1,Search
9,35,2,Encoding
9,35,3,Encoding
9,35,4,Encoding
9,35,5,Decision: No justification
9,35,6,Decision: Guess
9,36,1,Search
9,36,2,Encoding
9,36,3,Encoding
9,36,4,Encoding
9,37,1,Encoding
9,37,2,Evaluation
9,38,1,Search
9,38,2,Encoding
9,38,3,Encoding
9,38,4,Elaboration: Indicator based
9,38,5,Elaboration: Indicator based
9,38,6,Decision: Guess
9,39,1,Encoding
9,39,2,Encoding
9,40,1,Search
9,40,2,Search
9,40,3,Encoding
9,40,4,Encoding
9,40,5,Encoding
9,40,6,Encoding
9,40,7,Decision: No justification
9,41,1,Search
9,41,2,Encoding
9,41,3,Encoding
9,42,1,Encoding
9,42,2,Encoding
9,42,3,Encoding
9,42,4,Encoding
9,43,1,Encoding
9,43,2,Encoding
9,43,3,Encoding
9,43,4,Decision: No justification
9,44,1,Encoding
9,44,2,Encoding
9,44,3,Encoding
9,44,4,Encoding
9,45,1,Encoding
9,45,2,Encoding
9,46,1,Encoding
9,46,2,Encoding
9,46,3,Metacognitive
9,46,4,Decision: No justification
9,47,1,Search
9,47,2,Search
9,47,3,Search
9,47,4,Encoding
9,47,5,Encoding
9,47,6,Elaboration: Indicator based
9,47,7,Decision: No justification
9,48,1,Encoding
9,48,2,Encoding
9,48,3,Encoding
9,48,4,Encoding
9,48,5,Decision: Guess
9,49,1,Encoding
9,49,2,Encoding
9,49,3,Decision: No justification
9,50,1,Encoding
9,50,2,Encoding
9,50,3,Decision: No justification
9,51,1,Encoding
9,51,2,Encoding
9,52,1,Encoding
9,52,2,Encoding
9,53,1,Encoding
9,53,2,Encoding
9,53,3,Encoding
9,53,4,Encoding
9,54,1,Encoding
9,54,2,Encoding
9,55,1,Encoding
9,55,2,Encoding
9,56,1,Encoding
9,56,2,Encoding
9,57,1,Encoding
9,57,2,Encoding
9,58,1,Encoding
9,58,2,Encoding
9,58,3,Encoding
9,58,4,Encoding
9,59,1,Encoding
9,59,2,Encoding
9,59,3,Encoding
9,59,4,Decision: Guess
9,60,1,Encoding
9,60,2,Encoding
9,60,3,Encoding
9,61,1,Encoding
9,61,2,Encoding
9,61,3,Elaboration: Indicator based
9,62,1,Encoding
9,62,2,Encoding
9,63,1,Encoding
9,63,2,Encoding
9,64,1,Encoding
9,64,2,Encoding
9,65,1,Encoding
9,65,2,Encoding
9,66,1,Encoding
9,66,2,Encoding
9,66,3,Encoding
9,66,4,Encoding
9,67,1,Encoding
9,67,2,Encoding
9,67,3,Encoding
9,67,4,Encoding
9,68,1,Encoding
9,68,2,Encoding
9,69,1,Encoding
9,69,2,Encoding
9,70,1,Encoding
9,70,2,Encoding
9,71,1,Encoding
9,71,2,Encoding
9,72,1,Encoding
9,72,2,Encoding
9,72,3,Encoding
9,72,4,Elaboration: Indicator based
9,73,1,Encoding
9,73,2,Encoding
9,74,1,Encoding
9,74,2,Encoding
9,75,1,Encoding
9,75,2,Encoding
9,75,3,Encoding
9,75,4,Encoding
9,76,1,Encoding
9,76,2,Encoding
9,76,3,Encoding
9,77,1,Encoding
9,77,2,Encoding
9,78,1,Encoding
9,78,2,Encoding
9,78,3,Encoding
9,78,4,Encoding
9,79,1,Encoding
9,79,2,Encoding
9,80,1,Encoding
9,80,2,Encoding
9,81,1,Encoding
9,81,2,Encoding
9,81,3,Encoding
9,81,4,Elaboration: Indicator based
9,82,1,Encoding
9,82,2,Encoding
9,82,3,Encoding
9,82,4,Elaboration: Indicator based
9,83,1,Encoding
9,83,2,Encoding
9,83,3,Encoding
9,83,4,Encoding
9,84,1,Encoding
9,84,2,Encoding
9,85,1,Encoding
9,85,2,Encoding
9,86,1,Encoding
9,86,2,Encoding
9,86,3,Encoding
9,86,4,Encoding
9,87,1,Encoding
9,87,2,Encoding
9,87,3,Encoding
9,87,4,Encoding
9,88,1,Encoding
9,88,2,Encoding
9,88,3,Encoding
9,88,4,Encoding
9,89,1,Encoding
9,89,2,Encoding
9,90,1,Encoding
9,90,2,Encoding
9,91,1,Encoding
9,91,2,Encoding
9,92,1,Encoding
9,92,2,Encoding
9,92,3,Encoding
9,92,4,Encoding
9,93,1,Encoding
9,93,2,Encoding
9,93,3,Encoding
9,93,4,Encoding
9,94,1,Encoding
9,94,2,Encoding
9,95,1,Encoding
9,95,2,Encoding
9,95,3,Encoding
9,95,4,Encoding
9,96,1,Encoding
9,96,2,Encoding
9,96,3,Encoding
9,96,4,Encoding
9,97,1,Encoding
9,97,2,Encoding
9,97,3,Encoding
9,97,4,Encoding
9,98,1,Encoding
9,98,2,Encoding
9,99,1,Encoding
9,99,2,Encoding
9,100,1,Encoding
9,100,2,Encoding
9,101,1,Encoding
9,101,2,Encoding
9,101,3,Encoding
9,101,4,Encoding
9,102,1,Encoding
9,102,2,Encoding
9,103,1,Encoding
9,103,2,Encoding
9,104,1,Encoding
9,104,2,Encoding
9,105,1,Encoding
9,105,2,Encoding
9,106,1,Encoding
9,106,2,Encoding
9,106,3,Encoding
9,106,4,Encoding
9,107,1,Encoding
9,107,2,Encoding
9,107,3,Encoding
9,107,4,Encoding
9,108,1,Search
9,108,2,Encoding
9,108,3,Encoding
9,108,4,Encoding
9,108,5,Encoding
9,109,1,Encoding
9,109,2,Encoding
9,110,1,Encoding
9,110,2,Encoding
9,111,1,Encoding
9,111,2,Encoding
9,111,3,Encoding
9,111,4,Encoding
9,112,1,Encoding
9,112,2,Encoding
9,113,1,Encoding
9,113,2,Encoding
9,114,1,Encoding
9,114,2,Encoding
9,115,1,Encoding
9,115,2,Encoding
9,116,1,Encoding
9,116,2,Encoding
9,117,1,Encoding
9,117,2,Encoding
9,118,1,Encoding
9,118,2,Encoding
9,119,1,Encoding
9,119,2,Encoding
9,119,3,Encoding
9,119,4,Encoding
9,120,1,Encoding
9,120,2,Encoding
10,1,1,Search
10,1,2,Decision: Single Indicator
10,2,1,Search
10,2,2,Search
10,2,3,Search
10,2,4,Search
10,2,5,Elaboration: Indicator based
10,2,6,Elaboration: Indicator based
10,2,7,Elaboration: Indicator based
10,2,8,Decision: No justification
10,3,1,Search
10,3,2,Decision: No justification
10,4,1,Search
10,4,2,Search
10,4,3,Elaboration: Indicator based
10,4,4,Decision: Single Indicator
10,5,1,Search
10,5,2,Decision: No justification
10,6,1,Search
10,6,2,Search
10,6,3,Decision: Single Indicator
10,7,1,Search
10,7,2,Search
10,7,3,Decision: No justification
10,8,1,Search
10,8,2,Search
10,8,3,Search
10,8,4,Elaboration: Indicator based
10,8,5,Decision: No justification
10,9,1,Search
10,9,2,Elaboration: Indicator based
10,9,3,Decision: No justification
10,10,1,Search
10,10,2,Evaluation
10,10,3,Decision: No justification
10,11,1,Search
10,11,2,Decision: Single Indicator
10,12,1,Search
10,12,2,Search
10,12,3,Decision: Mult-indicator
10,13,1,Search
10,13,2,Search
10,13,3,Search
10,13,4,Decision: No justification
10,14,1,Search
10,14,2,Decision: No justification
10,14,3,Decision: Guess
10,15,1,Metacognitive
10,15,2,Elaboration: Indicator based
10,15,3,Decision: Guess
10,16,1,Search
10,16,2,Decision: Guess
10,17,1,Search
10,17,2,Search
10,17,3,Decision: Single Indicator
10,18,1,Search
10,18,2,Search
10,18,3,Elaboration: Indicator based
10,18,4,Decision: No justification
10,19,1,Search
10,19,2,Decision: No justification
10,20,1,Search
10,20,2,Search
10,20,3,Decision: No justification
10,21,1,Decision: No justification
10,22,1,Search
10,22,2,Evaluation
10,22,3,Decision: No justification
10,23,1,Search
10,23,2,Search
10,23,3,Search
10,23,4,Decision: No justification
10,24,1,Search
10,24,2,Decision: No justification
10,25,1,Search
10,25,2,Evaluation
10,25,3,Decision: No justification
10,26,1,Search
10,26,2,Evaluation
10,26,3,Metacognitive
10,27,1,Search
10,27,2,Search
10,27,3,Search
10,27,4,Decision: No justification
10,28,1,Search
10,28,2,Search
10,28,3,Evaluation
10,28,4,Metacognitive
10,28,5,Decision: No justification
10,29,1,Search
10,29,2,Search
10,29,3,Decision: No justification
10,30,1,Search
10,30,2,Decision: No justification
10,31,1,Search
10,31,2,Search
10,31,3,Decision: No justification
10,32,1,Search
10,32,2,Decision: No justification
10,33,1,Search
10,33,2,Metacognitive
10,33,3,Decision: No justification
10,34,1,Metacognitive
10,34,2,Decision: No justification
10,35,1,Search
10,35,2,Decision: No justification
10,36,1,Search
10,36,2,Search
10,36,3,Search
10,36,4,Search
10,36,5,Decision: No justification
10,37,1,Search
10,37,2,Decision: No justification
10,38,1,Search
10,38,2,Search
10,38,3,Search
10,38,4,Evaluation
10,38,5,Decision: No justification
10,39,1,Search
10,39,2,Decision: No justification
10,40,1,Search
10,40,2,Search
10,40,3,Decision: Guess
10,41,1,Search
10,41,2,Search
10,41,3,Decision: Guess
10,42,1,Decision: Guess
10,43,1,Search
10,43,2,Decision: No justification
10,44,1,Search
10,44,2,Elaboration: Indicator based
10,44,3,Decision: No justification
10,45,1,Decision: No justification
10,45,2,Decision: No justification
10,46,1,Search
10,46,2,Decision: No justification
10,47,1,Search
10,47,2,Search
10,47,3,Elaboration: Indicator based
10,47,4,Decision: Single Indicator
10,48,1,Search
10,48,2,Search
10,48,3,Search
10,48,4,Search
10,48,5,Evaluation
10,48,6,Elaboration: Holistic
10,48,7,Decision: Single Indicator
10,49,1,Search
10,49,2,Decision: No justification
10,50,1,Search
10,50,2,Decision: Single Indicator
10,51,1,Search
10,51,2,Decision: No justification
10,52,1,Search
10,52,2,Decision: No justification
10,53,1,Search
10,53,2,Search
10,53,3,Decision: Mult-indicator
10,54,1,Search
10,54,2,Decision: No justification
10,55,1,Search
10,56,1,Search
10,56,2,Evaluation
10,56,3,Decision: Single Indicator
10,57,1,Search
10,57,2,Decision: No justification
10,58,1,Search
10,58,2,Search
10,58,3,Elaboration: Indicator based
10,58,4,Decision: Single Indicator
10,59,1,Search
10,59,2,Search
10,59,3,Search
10,59,4,Elaboration: Indicator based
10,59,5,Elaboration: Indicator based
10,59,6,Decision: Single Indicator
10,60,1,Search
10,60,2,Search
10,60,3,Elaboration: Indicator based
10,60,4,Elaboration: Indicator based
10,60,5,Decision: No justification
10,61,1,Search
10,61,2,Search
10,61,3,Elaboration: Indicator based
10,61,4,Decision: Mult-indicator
10,62,1,Search
10,62,2,Decision: Single Indicator
10,63,1,Search
10,63,2,Evaluation
10,63,3,Decision: No justification
10,64,1,Search
10,64,2,Metacognitive
10,64,3,Decision: No justification
10,65,1,Search
10,65,2,Decision: No justification
10,66,1,Search
10,66,2,Search
10,66,3,Elaboration: Indicator based
10,66,4,Elaboration: Indicator based
10,66,5,Decision: No justification
10,67,1,Search
10,67,2,Search
10,67,3,Search
10,67,4,Search
10,67,5,Elaboration: Indicator based
10,67,6,Elaboration: Indicator based
10,67,7,Elaboration: Indicator based
10,67,8,Decision: No justification
10,68,1,Search
10,68,2,Decision: No justification
10,69,1,Search
10,69,2,Elaboration: Indicator based
10,69,3,Decision: No justification
10,70,1,Search
10,70,2,Decision: No justification
10,71,1,Search
10,71,2,Encoding
10,71,3,Decision: No justification
10,72,1,Search
10,72,2,Search
10,72,3,Evaluation
10,72,4,Metacognitive
10,72,5,Elaboration: Indicator based
10,72,6,Decision: No justification
10,73,1,Search
10,73,2,Decision: Single Indicator
10,74,1,Search
10,74,2,Decision: No justification
10,75,1,Search
10,75,2,Search
10,75,3,Elaboration: Indicator based
10,75,4,Decision: No justification
10,75,5,Decision: No justification
10,76,1,Search
10,76,2,Search
10,76,3,Elaboration: Indicator based
10,76,4,Decision: Single Indicator
10,77,1,Search
10,77,2,Decision: No justification
10,78,1,Search
10,78,2,Search
10,78,3,Elaboration: Indicator based
10,78,4,Decision: No justification
10,79,1,Search
10,79,2,Evaluation
10,79,3,Decision: No justification
10,80,1,Search
10,80,2,Decision: No justification
10,81,1,Search
10,81,2,Search
10,81,3,Search
10,81,4,Elaboration: Indicator based
10,81,5,Elaboration: Indicator based
10,81,6,Decision: Mult-indicator
10,82,1,Search
10,82,2,Search
10,82,3,Search
10,82,4,Search
10,82,5,Search
10,82,6,Elaboration: Indicator based
10,82,7,Decision: Mult-indicator
10,83,1,Search
10,83,2,Search
10,83,3,Elaboration: Indicator based
10,83,4,Decision: No justification
10,84,1,Search
10,84,2,Evaluation
10,84,3,Metacognitive
10,84,4,Decision: No justification
10,85,1,Search
10,85,2,Decision: No justification
10,86,1,Search
10,86,2,Search
10,86,3,Elaboration: Indicator based
10,86,4,Decision: No justification
10,86,5,Decision: No justification
10,87,1,Search
10,87,2,Decision: No justification
10,88,1,Search
10,88,2,Search
10,88,3,Search
10,88,4,Search
10,88,5,Elaboration: Indicator based
10,88,6,Elaboration: Indicator based
10,88,7,Elaboration: Indicator based
10,88,8,Decision: Mult-indicator
10,89,1,Search
10,89,2,Decision: No justification
10,90,1,Search
10,90,2,Decision: Single Indicator
10,91,1,Decision: Single Indicator
10,92,1,Search
10,92,2,Search
10,92,3,Elaboration: Indicator based
10,92,4,Decision: Single Indicator
10,93,1,Search
10,93,2,Elaboration: Indicator based
10,93,3,Decision: No justification
10,94,1,Search
10,94,2,Evaluation
10,94,3,Decision: Single Indicator
10,95,1,Search
10,95,2,Search
10,95,3,Evaluation
10,95,4,Elaboration: Indicator based
10,95,5,Decision: No justification
10,96,1,Search
10,96,2,Search
10,96,3,Elaboration: Indicator based
10,96,4,Decision: No justification
10,97,1,Search
10,97,2,Elaboration: Indicator based
10,97,3,Decision: No justification
10,97,4,Decision: No justification
10,98,1,Search
10,98,2,Evaluation
10,98,3,Decision: No justification
10,99,1,Search
10,99,2,Decision: Single Indicator
10,100,1,Search
10,100,2,Evaluation
10,100,3,Metacognitive
10,101,1,Search
10,101,2,Search
10,101,3,Search
10,101,4,Search
10,101,5,Elaboration: Indicator based
10,101,6,Elaboration: Indicator based
10,101,7,Decision: Mult-indicator
10,102,1,Search
10,102,2,Decision: Single Indicator
10,103,1,Search
10,103,2,Evaluation
10,103,3,Decision: Single Indicator
10,104,1,Search
10,104,2,Decision: Single Indicator
10,105,1,Search
10,105,2,Evaluation
10,105,3,Decision: Single Indicator
10,106,1,Search
10,106,2,Search
10,106,3,Elaboration: Indicator based
10,106,4,Decision: Single Indicator
10,107,1,Search
10,107,2,Search
10,107,3,Elaboration: Indicator based
10,107,4,Decision: Single Indicator
10,108,1,Search
10,108,2,Evaluation
10,108,3,Elaboration: Indicator based
10,108,4,Decision: Single Indicator
10,109,1,Search
10,109,2,Decision: No justification
10,110,1,Search
10,110,2,Encoding
10,110,3,Metacognitive
10,110,4,Decision: No justification
10,111,1,Search
10,111,2,Search
10,111,3,Evaluation
10,111,4,Elaboration: Indicator based
10,111,5,Decision: No justification
10,112,1,Search
10,112,2,Evaluation
10,112,3,Decision: No justification
10,113,1,Search
10,113,2,Evaluation
10,113,3,Decision: Single Indicator
10,114,1,Search
10,114,2,Evaluation
10,114,3,Decision: Single Indicator
10,115,1,Search
10,115,2,Evaluation
10,115,3,Decision: Single Indicator
10,116,1,Search
10,116,2,Search
10,116,3,Evaluation
10,116,4,Metacognitive
10,116,5,Decision: Single Indicator
10,117,1,Evaluation
10,117,2,Decision: No justification
10,118,1,Search
10,118,2,Decision: No justification
10,119,1,Search
10,119,2,Search
10,119,3,Elaboration: Indicator based
10,119,4,Decision: Single Indicator
10,120,1,Search
10,120,2,Decision: No justification
10,120,3,Decision: Single Indicator
11,1,1,Search
11,1,2,Search
11,1,3,Encoding
11,1,4,Encoding
11,1,5,Metacognitive
11,1,6,Elaboration: Indicator based
11,1,7,Elaboration: Indicator based
11,2,1,Search
11,2,2,Search
11,2,3,Search
11,2,4,Encoding
11,2,5,Encoding
11,2,6,Evaluation
11,2,7,Uncategorized
11,2,8,Elaboration: Indicator based
11,2,9,Elaboration: Indicator based
11,2,10,Elaboration: Indicator based
11,2,11,Decision: No justification
11,3,1,Search
11,3,2,Search
11,3,3,Encoding
11,3,4,Encoding
11,3,5,Encoding
11,3,6,Evaluation
11,3,7,Elaboration: Indicator based
11,3,8,Decision: No justification
11,4,1,Search
11,4,2,Search
11,4,3,Encoding
11,4,4,Encoding
11,4,5,Encoding
11,4,6,Evaluation
11,4,7,Decision: No justification
11,5,1,Encoding
11,5,2,Encoding
11,5,3,Encoding
11,5,4,Evaluation
11,5,5,Decision: No justification
11,6,1,Search
11,6,2,Search
11,6,3,Search
11,6,4,Encoding
11,6,5,Encoding
11,6,6,Encoding
11,6,7,Decision: No justification
11,7,1,Search
11,7,2,Search
11,7,3,Encoding
11,7,4,Encoding
11,7,5,Encoding
11,7,6,Encoding
11,7,7,Evaluation
11,7,8,Metacognitive
11,7,9,Elaboration: Indicator based
11,7,10,Elaboration: Indicator based
11,8,1,Search
11,8,2,Search
11,8,3,Search
11,8,4,Search
11,8,5,Encoding
11,8,6,Encoding
11,8,7,Encoding
11,8,8,Evaluation
11,8,9,Elaboration: Indicator based
11,8,10,Decision: No justification
11,9,1,Search
11,9,2,Search
11,9,3,Encoding
11,9,4,Encoding
11,9,5,Encoding
11,9,6,Evaluation
11,9,7,Decision: Single Indicator
11,10,1,Search
11,10,2,Encoding
11,10,3,Encoding
11,10,4,Encoding
11,10,5,Evaluation
11,10,6,Elaboration: Indicator based
11,10,7,Elaboration: Indicator based
11,10,8,Decision: Single Indicator
11,11,1,Search
11,11,2,Search
11,11,3,Search
11,11,4,Search
11,11,5,Encoding
11,11,6,Encoding
11,11,7,Encoding
11,11,8,Evaluation
11,11,9,Metacognitive
11,11,10,Metacognitive
11,11,11,Metacognitive
11,11,12,Uncategorized
11,11,13,Uncategorized
11,11,14,Elaboration: Indicator based
11,11,15,Elaboration: Indicator based
11,11,16,Decision: No justification
11,12,1,Search
11,12,2,Search
11,12,3,Search
11,12,4,Encoding
11,12,5,Encoding
11,12,6,Encoding
11,12,7,Encoding
11,12,8,Evaluation
11,12,9,Metacognitive
11,12,10,Decision: No justification
11,13,1,Search
11,13,2,Search
11,13,3,Encoding
11,13,4,Encoding
11,13,5,Encoding
11,13,6,Evaluation
11,13,7,Uncategorized
11,13,8,Elaboration: Indicator based
11,13,9,Elaboration: Indicator based
11,13,10,Elaboration: Indicator based
11,13,11,Decision: Single Indicator
11,14,1,Encoding
11,14,2,Encoding
11,14,3,Evaluation
11,14,4,Decision: Single Indicator
11,15,1,Search
11,15,2,Encoding
11,15,3,Encoding
11,15,4,Evaluation
11,15,5,Decision: No justification
11,16,1,Encoding
11,16,2,Encoding
11,16,3,Evaluation
11,16,4,Decision: No justification
11,17,1,Encoding
11,17,2,Encoding
11,17,3,Encoding
11,17,4,Evaluation
11,17,5,Elaboration: Indicator based
11,17,6,Decision: No justification
11,18,1,Search
11,18,2,Encoding
11,18,3,Encoding
11,18,4,Encoding
11,18,5,Evaluation
11,18,6,Elaboration: Indicator based
11,18,7,Decision: No justification
11,19,1,Search
11,19,2,Encoding
11,19,3,Encoding
11,19,4,Evaluation
11,19,5,Decision: No justification
11,20,1,Encoding
11,20,2,Encoding
11,20,3,Decision: No justification
11,21,1,Search
11,21,2,Search
11,21,3,Encoding
11,21,4,Encoding
11,21,5,Encoding
11,21,6,Metacognitive
11,21,7,Elaboration: Indicator based
11,21,8,Decision: No justification
11,22,1,Encoding
11,22,2,Encoding
11,22,3,Encoding
11,22,4,Elaboration: Indicator based
11,22,5,Decision: No justification
11,23,1,Encoding
11,23,2,Encoding
11,23,3,Evaluation
11,23,4,Decision: Single Indicator
11,24,1,Encoding
11,24,2,Encoding
11,24,3,Decision: No justification
11,25,1,Encoding
11,25,2,Encoding
11,25,3,Decision: No justification
11,26,1,Search
11,26,2,Encoding
11,26,3,Encoding
11,26,4,Encoding
11,26,5,Encoding
11,26,6,Elaboration: Indicator based
11,26,7,Elaboration: Indicator based
11,26,8,Decision: No justification
11,27,1,Metacognitive
11,28,1,Search
11,28,2,Encoding
11,28,3,Encoding
11,28,4,Encoding
11,28,5,Encoding
11,28,6,Evaluation
11,29,1,Evaluation
11,29,2,Metacognitive
11,29,3,Metacognitive
11,29,4,Elaboration: Indicator based
11,29,5,Decision: Guess
11,30,1,Search
11,30,2,Search
11,30,3,Search
11,30,4,Search
11,30,5,Encoding
11,30,6,Encoding
11,30,7,Encoding
11,30,8,Encoding
11,30,9,Evaluation
11,30,10,Decision: No justification
11,31,1,Search
11,31,2,Search
11,31,3,Search
11,31,4,Encoding
11,31,5,Encoding
11,31,6,Evaluation
11,31,7,Decision: No justification
11,32,1,Search
11,32,2,Search
11,32,3,Encoding
11,32,4,Encoding
11,32,5,Decision: No justification
11,33,1,Search
11,33,2,Search
11,33,3,Search
11,33,4,Encoding
11,33,5,Encoding
11,33,6,Evaluation
11,33,7,Decision: No justification
11,34,1,Search
11,34,2,Search
11,34,3,Search
11,34,4,Encoding
11,34,5,Encoding
11,34,6,Encoding
11,34,7,Encoding
11,34,8,Metacognitive
11,35,1,Evaluation
11,36,1,Search
11,36,2,Search
11,36,3,Encoding
11,36,4,Encoding
11,36,5,Decision: Single Indicator
11,37,1,Search
11,37,2,Search
11,37,3,Encoding
11,37,4,Encoding
11,37,5,Encoding
11,37,6,Encoding
11,37,7,Evaluation
11,37,8,Decision: Single Indicator
11,38,1,Search
11,38,2,Encoding
11,38,3,Encoding
11,38,4,Evaluation
11,38,5,Decision: No justification
11,39,1,Search
11,39,2,Search
11,39,3,Search
11,39,4,Encoding
11,39,5,Encoding
11,39,6,Encoding
11,39,7,Encoding
11,39,8,Decision: No justification
11,40,1,Encoding
11,40,2,Encoding
11,40,3,Evaluation
11,40,4,Metacognitive
11,41,1,Search
11,41,2,Evaluation
11,41,3,Metacognitive
11,41,4,Elaboration: Indicator based
11,41,5,Elaboration: Indicator based
11,41,6,Elaboration: Indicator based
11,41,7,Decision: Single Indicator
11,42,1,Search
11,42,2,Search
11,42,3,Encoding
11,42,4,Encoding
11,42,5,Encoding
11,42,6,Encoding
11,42,7,Decision: No justification
11,43,1,Metacognitive
11,44,1,Evaluation
11,44,2,Metacognitive
11,44,3,Metacognitive
11,44,4,Metacognitive
11,45,1,Search
11,45,2,Search
11,45,3,Encoding
11,45,4,Encoding
11,46,1,Search
11,46,2,Encoding
11,46,3,Uncategorized
11,47,1,Search
11,47,2,Encoding
11,47,3,Elaboration: Indicator based
11,47,4,Decision: No justification
11,48,1,Search
11,48,2,Encoding
11,48,3,Encoding
11,48,4,Evaluation
11,49,1,Metacognitive
11,50,1,Metacognitive
11,51,1,Silent
11,52,1,Encoding
11,52,2,Encoding
11,52,3,Encoding
11,52,4,Encoding
11,52,5,Evaluation
11,52,6,Decision: Guess
11,53,1,Search
11,53,2,Encoding
11,53,3,Encoding
11,53,4,Evaluation
11,54,1,Search
11,54,2,Encoding
11,54,3,Encoding
11,54,4,Evaluation
11,54,5,Elaboration: Indicator based
11,54,6,Elaboration: Indicator based
11,55,1,Search
11,55,2,Encoding
11,55,3,Encoding
11,55,4,Evaluation
11,55,5,Decision: Single Indicator
11,56,1,Search
11,56,2,Search
11,56,3,Evaluation
11,56,4,Elaboration: Indicator based
11,56,5,Elaboration: Indicator based
11,56,6,Decision: No justification
11,57,1,Silent
11,58,1,Evaluation
11,58,2,Metacognitive
11,59,1,Evaluation
11,60,1,Metacognitive
11,61,1,Silent
11,62,1,Metacognitive
11,62,2,Metacognitive
11,63,1,Silent
11,64,1,Metacognitive
11,65,1,Silent
11,66,1,Silent
11,67,1,Silent
11,68,1,Silent
11,69,1,Encoding
11,69,2,Decision: Single Indicator
11,70,1,Metacognitive
11,71,1,Metacognitive
11,72,1,Metacognitive
11,73,1,Silent
11,74,1,Silent
11,75,1,Metacognitive
11,76,1,Metacognitive
11,77,1,Metacognitive
11,78,1,Silent
11,79,1,Metacognitive
11,80,1,Silent
11,81,1,Metacognitive
11,82,1,Silent
11,83,1,Evaluation
11,83,2,Decision: Guess
11,84,1,Silent
11,85,1,Silent
11,86,1,Metacognitive
11,87,1,Silent
11,88,1,Silent
11,89,1,Silent
11,90,1,Silent
11,91,1,Silent
11,92,1,Decision: Single Indicator
11,93,1,Evaluation
11,93,2,Elaboration: Indicator based
11,93,3,Decision: Guess
11,94,1,Encoding
11,94,2,Encoding
11,94,3,Evaluation
11,94,4,Metacognitive
11,94,5,Decision: Guess
11,95,1,Silent
11,96,1,Evaluation
11,97,1,Metacognitive
11,98,1,Metacognitive
11,99,1,Silent
11,100,1,Silent
11,101,1,Silent
11,102,1,Silent
11,103,1,Evaluation
11,104,1,Encoding
11,104,2,Encoding
11,104,3,Evaluation
11,104,4,Decision: Single Indicator
11,104,5,Decision: Single Indicator
11,105,1,Search
11,105,2,Evaluation
11,105,3,Metacognitive
11,105,4,Elaboration: Indicator based
11,105,5,Decision: Guess
11,106,1,Encoding
11,106,2,Encoding
11,106,3,Evaluation
11,106,4,Metacognitive
11,106,5,Metacognitive
11,107,1,Encoding
11,107,2,Encoding
11,107,3,Evaluation
11,107,4,Metacognitive
11,107,5,Decision: Guess
11,108,1,Evaluation
11,108,2,Decision: Single Indicator
11,109,1,Evaluation
11,109,2,Evaluation
11,109,3,Evaluation
11,109,4,Metacognitive
11,109,5,Metacognitive
11,109,6,Decision: Guess
11,110,1,Silent
11,111,1,Metacognitive
11,112,1,Silent
11,113,1,Silent
11,114,1,Metacognitive
11,115,1,Silent
11,116,1,Silent
11,117,1,Metacognitive
11,118,1,Silent
11,119,1,Silent
11,120,1,Silent
12,1,1,Search
12,1,2,Search
12,1,3,Encoding
12,1,4,Evaluation
12,1,5,Metacognitive
12,1,6,Metacognitive
12,1,7,Decision: Mult-indicator
12,2,1,Search
12,2,2,Search
12,2,3,Evaluation
12,2,4,Metacognitive
12,2,5,Metacognitive
12,2,6,Elaboration: Indicator based
12,2,7,Elaboration: Indicator based
12,2,8,Decision: Single Indicator
12,3,1,Search
12,3,2,Search
12,3,3,Search
12,3,4,Search
12,3,5,Search
12,3,6,Search
12,3,7,Encoding
12,3,8,Evaluation
12,3,9,Metacognitive
12,3,10,Uncategorized
12,3,11,Elaboration: Indicator based
12,3,12,Elaboration: Indicator based
12,3,13,Decision: Single Indicator
12,4,1,Search
12,4,2,Search
12,4,3,Search
12,4,4,Search
12,4,5,Search
12,4,6,Encoding
12,4,7,Encoding
12,4,8,Encoding
12,4,9,Evaluation
12,4,10,Elaboration: Indicator based
12,4,11,Decision: Guess
12,5,1,Search
12,5,2,Search
12,5,3,Search
12,5,4,Search
12,5,5,Search
12,5,6,Search
12,5,7,Search
12,5,8,Encoding
12,5,9,Encoding
12,5,10,Encoding
12,5,11,Encoding
12,5,12,Encoding
12,5,13,Uncategorized
12,5,14,Uncategorized
12,5,15,Elaboration: Indicator based
12,5,16,Decision: Mult-indicator
12,6,1,Search
12,6,2,Search
12,6,3,Evaluation
12,6,4,Decision: No justification
12,6,5,Decision: Mult-indicator
12,7,1,Search
12,7,2,Search
12,7,3,Search
12,7,4,Search
12,7,5,Encoding
12,7,6,Encoding
12,7,7,Encoding
12,7,8,Encoding
12,7,9,Encoding
12,7,10,Evaluation
12,7,11,Metacognitive
12,7,12,Elaboration: Indicator based
12,7,13,Decision: Mult-indicator
12,8,1,Search
12,8,2,Search
12,8,3,Search
12,8,4,Search
12,8,5,Search
12,8,6,Search
12,8,7,Encoding
12,8,8,Encoding
12,8,9,Encoding
12,8,10,Encoding
12,8,11,Encoding
12,8,12,Encoding
12,8,13,Encoding
12,8,14,Metacognitive
12,8,15,Elaboration: Holistic
12,8,16,Decision: Mult-indicator
12,9,1,Search
12,9,2,Search
12,9,3,Search
12,9,4,Search
12,9,5,Encoding
12,9,6,Encoding
12,9,7,Encoding
12,9,8,Encoding
12,9,9,Encoding
12,9,10,Evaluation
12,9,11,Decision: Mult-indicator
12,10,1,Search
12,10,2,Search
12,10,3,Encoding
12,10,4,Encoding
12,10,5,Encoding
12,10,6,Encoding
12,10,7,Evaluation
12,10,8,Decision: No justification
12,11,1,Search
12,11,2,Search
12,11,3,Search
12,11,4,Search
12,11,5,Encoding
12,11,6,Encoding
12,11,7,Encoding
12,11,8,Elaboration: Indicator based
12,11,9,Elaboration: Indicator based
12,11,10,Elaboration: Indicator based
12,11,11,Elaboration: Holistic
12,11,12,Elaboration: Holistic
12,11,13,Decision: Mult-indicator
12,12,1,Search
12,12,2,Search
12,12,3,Encoding
12,12,4,Encoding
12,12,5,Encoding
12,12,6,Evaluation
12,12,7,Metacognitive
12,12,8,Elaboration: Indicator based
12,12,9,Decision: No justification
12,13,1,Search
12,13,2,Search
12,13,3,Search
12,13,4,Encoding
12,13,5,Encoding
12,13,6,Encoding
12,13,7,Encoding
12,13,8,Encoding
12,13,9,Evaluation
12,13,10,Decision: No justification
12,14,1,Search
12,14,2,Search
12,14,3,Search
12,14,4,Search
12,14,5,Encoding
12,14,6,Encoding
12,14,7,Encoding
12,14,8,Encoding
12,14,9,Decision: No justification
12,15,1,Search
12,15,2,Search
12,15,3,Search
12,15,4,Search
12,15,5,Search
12,15,6,Search
12,15,7,Encoding
12,15,8,Encoding
12,15,9,Encoding
12,15,10,Encoding
12,15,11,Encoding
12,15,12,Elaboration: Holistic
12,15,13,Decision: Single Indicator
12,16,1,Search
12,16,2,Encoding
12,16,3,Metacognitive
12,16,4,Elaboration: Indicator based
12,16,5,Decision: Mult-indicator
12,17,1,Search
12,17,2,Search
12,17,3,Search
12,17,4,Encoding
12,17,5,Encoding
12,17,6,Encoding
12,17,7,Encoding
12,17,8,Encoding
12,17,9,Evaluation
12,17,10,Decision: Mult-indicator
12,18,1,Search
12,18,2,Search
12,18,3,Search
12,18,4,Search
12,18,5,Encoding
12,18,6,Encoding
12,18,7,Encoding
12,18,8,Encoding
12,18,9,Elaboration: Indicator based
12,18,10,Decision: No justification
12,19,1,Search
12,19,2,Search
12,19,3,Encoding
12,19,4,Encoding
12,19,5,Encoding
12,19,6,Encoding
12,19,7,Evaluation
12,19,8,Decision: No justification
12,20,1,Search
12,20,2,Search
12,20,3,Search
12,20,4,Search
12,20,5,Encoding
12,20,6,Encoding
12,20,7,Encoding
12,20,8,Encoding
12,20,9,Decision: No justification
12,21,1,Search
12,21,2,Search
12,21,3,Search
12,21,4,Encoding
12,21,5,Encoding
12,21,6,Decision: Mult-indicator
12,22,1,Search
12,22,2,Search
12,22,3,Encoding
12,22,4,Encoding
12,22,5,Encoding
12,22,6,Encoding
12,22,7,Evaluation
12,22,8,Decision: Mult-indicator
12,23,1,Search
12,23,2,Search
12,23,3,Search
12,23,4,Search
12,23,5,Search
12,23,6,Encoding
12,23,7,Encoding
12,23,8,Encoding
12,23,9,Encoding
12,23,10,Encoding
12,23,11,Encoding
12,23,12,Evaluation
12,23,13,Decision: Mult-indicator
12,24,1,Search
12,24,2,Search
12,24,3,Search
12,24,4,Search
12,24,5,Search
12,24,6,Search
12,24,7,Encoding
12,24,8,Encoding
12,24,9,Encoding
12,24,10,Encoding
12,24,11,Encoding
12,24,12,Evaluation
12,24,13,Decision: Single Indicator
12,25,1,Search
12,25,2,Search
12,25,3,Search
12,25,4,Search
12,25,5,Encoding
12,25,6,Encoding
12,25,7,Encoding
12,25,8,Decision: No justification
12,26,1,Search
12,26,2,Search
12,26,3,Search
12,26,4,Search
12,26,5,Encoding
12,26,6,Encoding
12,26,7,Encoding
12,26,8,Evaluation
12,26,9,Elaboration: Indicator based
12,26,10,Decision: No justification
12,27,1,Search
12,27,2,Search
12,27,3,Search
12,27,4,Encoding
12,27,5,Encoding
12,27,6,Encoding
12,27,7,Encoding
12,27,8,Decision: No justification
12,28,1,Search
12,28,2,Search
12,28,3,Search
12,28,4,Encoding
12,28,5,Encoding
12,28,6,Encoding
12,28,7,Encoding
12,28,8,Metacognitive
12,28,9,Decision: No justification
12,29,1,Search
12,29,2,Search
12,29,3,Search
12,29,4,Search
12,29,5,Search
12,29,6,Encoding
12,29,7,Encoding
12,29,8,Encoding
12,29,9,Encoding
12,29,10,Elaboration: Indicator based
12,29,11,Elaboration: Holistic
12,29,12,Decision: Mult-indicator
12,30,1,Search
12,30,2,Search
12,30,3,Encoding
12,30,4,Encoding
12,30,5,Encoding
12,30,6,Encoding
12,30,7,Evaluation
12,30,8,Decision: No justification
12,31,1,Search
12,31,2,Search
12,31,3,Search
12,31,4,Search
12,31,5,Encoding
12,31,6,Encoding
12,31,7,Encoding
12,31,8,Encoding
12,31,9,Encoding
12,31,10,Encoding
12,31,11,Decision: Mult-indicator
12,32,1,Search
12,32,2,Search
12,32,3,Search
12,32,4,Search
12,32,5,Search
12,32,6,Encoding
12,32,7,Encoding
12,32,8,Encoding
12,32,9,Encoding
12,32,10,Encoding
12,32,11,Encoding
12,32,12,Decision: Mult-indicator
12,33,1,Search
12,33,2,Search
12,33,3,Search
12,33,4,Encoding
12,33,5,Encoding
12,33,6,Evaluation
12,33,7,Elaboration: Indicator based
12,33,8,Decision: Single Indicator
12,34,1,Search
12,34,2,Search
12,34,3,Search
12,34,4,Search
12,34,5,Encoding
12,34,6,Encoding
12,34,7,Encoding
12,34,8,Encoding
12,34,9,Encoding
12,34,10,Encoding
12,34,11,Metacognitive
12,34,12,Decision: Mult-indicator
12,35,1,Search
12,35,2,Search
12,35,3,Search
12,35,4,Encoding
12,35,5,Encoding
12,35,6,Encoding
12,35,7,Decision: Mult-indicator
12,36,1,Search
12,36,2,Search
12,36,3,Search
12,36,4,Search
12,36,5,Encoding
12,36,6,Encoding
12,36,7,Encoding
12,36,8,Decision: No justification
12,37,1,Search
12,37,2,Search
12,37,3,Search
12,37,4,Encoding
12,37,5,Encoding
12,37,6,Encoding
12,37,7,Decision: No justification
12,38,1,Search
12,38,2,Search
12,38,3,Search
12,38,4,Encoding
12,38,5,Encoding
12,38,6,Encoding
12,38,7,Encoding
12,38,8,Decision: No justification
12,39,1,Search
12,39,2,Search
12,39,3,Search
12,39,4,Encoding
12,39,5,Encoding
12,39,6,Encoding
12,39,7,Encoding
12,39,8,Decision: Single Indicator
12,40,1,Search
12,40,2,Search
12,40,3,Search
12,40,4,Search
12,40,5,Encoding
12,40,6,Encoding
12,40,7,Encoding
12,40,8,Encoding
12,40,9,Decision: No justification
12,41,1,Search
12,41,2,Search
12,41,3,Encoding
12,41,4,Encoding
12,41,5,Encoding
12,41,6,Decision: No justification
12,42,1,Search
12,42,2,Search
12,42,3,Search
12,42,4,Search
12,42,5,Search
12,42,6,Search
12,42,7,Search
12,42,8,Encoding
12,42,9,Encoding
12,42,10,Encoding
12,42,11,Encoding
12,42,12,Encoding
12,42,13,Encoding
12,42,14,Metacognitive
12,42,15,Decision: Mult-indicator
12,43,1,Search
12,43,2,Search
12,43,3,Search
12,43,4,Search
12,43,5,Search
12,43,6,Encoding
12,43,7,Encoding
12,43,8,Encoding
12,43,9,Encoding
12,43,10,Encoding
12,43,11,Elaboration: Holistic
12,43,12,Decision: No justification
12,44,1,Search
12,44,2,Search
12,44,3,Search
12,44,4,Search
12,44,5,Search
12,44,6,Search
12,44,7,Encoding
12,44,8,Encoding
12,44,9,Encoding
12,44,10,Encoding
12,44,11,Encoding
12,44,12,Elaboration: Indicator based
12,44,13,Decision: No justification
12,45,1,Search
12,45,2,Search
12,45,3,Search
12,45,4,Encoding
12,45,5,Encoding
12,45,6,Encoding
12,45,7,Encoding
12,45,8,Decision: No justification
12,46,1,Search
12,46,2,Search
12,46,3,Search
12,46,4,Search
12,46,5,Search
12,46,6,Search
12,46,7,Search
12,46,8,Encoding
12,46,9,Encoding
12,46,10,Encoding
12,46,11,Encoding
12,46,12,Encoding
12,46,13,Encoding
12,46,14,Encoding
12,46,15,Decision: Mult-indicator
12,47,1,Search
12,47,2,Search
12,47,3,Search
12,47,4,Search
12,47,5,Search
12,47,6,Search
12,47,7,Encoding
12,47,8,Encoding
12,47,9,Encoding
12,47,10,Encoding
12,47,11,Encoding
12,47,12,Evaluation
12,47,13,Metacognitive
12,47,14,Elaboration: Indicator based
12,47,15,Decision: Mult-indicator
12,48,1,Search
12,48,2,Search
12,48,3,Search
12,48,4,Search
12,48,5,Search
12,48,6,Encoding
12,48,7,Encoding
12,48,8,Encoding
12,48,9,Encoding
12,48,10,Encoding
12,48,11,Encoding
12,48,12,Decision: Mult-indicator
12,49,1,Search
12,49,2,Search
12,49,3,Search
12,49,4,Encoding
12,49,5,Encoding
12,49,6,Encoding
12,49,7,Encoding
12,49,8,Decision: Mult-indicator
12,50,1,Search
12,50,2,Encoding
12,50,3,Encoding
12,50,4,Decision: No justification
12,51,1,Search
12,51,2,Search
12,51,3,Encoding
12,51,4,Encoding
12,51,5,Encoding
12,51,6,Decision: Single Indicator
12,52,1,Search
12,52,2,Search
12,52,3,Search
12,52,4,Search
12,52,5,Encoding
12,52,6,Encoding
12,52,7,Encoding
12,52,8,Encoding
12,52,9,Decision: Single Indicator
12,53,1,Search
12,53,2,Search
12,53,3,Search
12,53,4,Search
12,53,5,Search
12,53,6,Encoding
12,53,7,Encoding
12,53,8,Encoding
12,53,9,Encoding
12,53,10,Encoding
12,53,11,Encoding
12,53,12,Evaluation
12,53,13,Decision: Mult-indicator
12,54,1,Search
12,54,2,Search
12,54,3,Search
12,54,4,Encoding
12,54,5,Encoding
12,54,6,Encoding
12,54,7,Decision: Single Indicator
12,55,1,Search
12,55,2,Encoding
12,55,3,Encoding
12,55,4,Encoding
12,55,5,Uncategorized
12,55,6,Decision: No justification
12,56,1,Search
12,56,2,Search
12,56,3,Search
12,56,4,Search
12,56,5,Encoding
12,56,6,Encoding
12,56,7,Encoding
12,56,8,Decision: No justification
12,57,1,Search
12,57,2,Search
12,57,3,Search
12,57,4,Search
12,57,5,Encoding
12,57,6,Encoding
12,57,7,Encoding
12,57,8,Encoding
12,57,9,Decision: No justification
12,58,1,Search
12,58,2,Search
12,58,3,Search
12,58,4,Encoding
12,58,5,Encoding
12,58,6,Encoding
12,58,7,Encoding
12,58,8,Metacognitive
12,58,9,Decision: Mult-indicator
12,59,1,Search
12,59,2,Search
12,59,3,Search
12,59,4,Search
12,59,5,Search
12,59,6,Search
12,59,7,Encoding
12,59,8,Encoding
12,59,9,Encoding
12,59,10,Encoding
12,59,11,Encoding
12,59,12,Encoding
12,59,13,Evaluation
12,59,14,Metacognitive
12,59,15,Metacognitive
12,59,16,Decision: No justification
12,60,1,Search
12,60,2,Search
12,60,3,Search
12,60,4,Encoding
12,60,5,Encoding
12,60,6,Encoding
12,60,7,Evaluation
12,60,8,Decision: No justification
12,61,1,Search
12,61,2,Search
12,61,3,Search
12,61,4,Search
12,61,5,Search
12,61,6,Search
12,61,7,Encoding
12,61,8,Encoding
12,61,9,Encoding
12,61,10,Encoding
12,61,11,Encoding
12,61,12,Encoding
12,61,13,Decision: No justification
12,61,14,Decision: Mult-indicator
12,62,1,Search
12,62,2,Search
12,62,3,Search
12,62,4,Search
12,62,5,Search
12,62,6,Encoding
12,62,7,Encoding
12,62,8,Encoding
12,62,9,Encoding
12,62,10,Encoding
12,62,11,Encoding
12,62,12,Elaboration: Stock based
12,62,13,Decision: No justification
12,63,1,Search
12,63,2,Search
12,63,3,Search
12,63,4,Search
12,63,5,Encoding
12,63,6,Encoding
12,63,7,Encoding
12,63,8,Encoding
12,63,9,Decision: Mult-indicator
12,64,1,Search
12,64,2,Search
12,64,3,Search
12,64,4,Encoding
12,64,5,Encoding
12,64,6,Encoding
12,64,7,Encoding
12,64,8,Decision: Mult-indicator
12,65,1,Search
12,65,2,Search
12,65,3,Search
12,65,4,Encoding
12,65,5,Encoding
12,65,6,Encoding
12,65,7,Decision: No justification
12,66,1,Search
12,66,2,Search
12,66,3,Encoding
12,66,4,Encoding
12,66,5,Encoding
12,66,6,Encoding
12,66,7,Decision: Mult-indicator
12,67,1,Search
12,67,2,Search
12,67,3,Search
12,67,4,Encoding
12,67,5,Encoding
12,67,6,Encoding
12,67,7,Decision: Mult-indicator
12,68,1,Search
12,68,2,Search
12,68,3,Search
12,68,4,Search
12,68,5,Encoding
12,68,6,Encoding
12,68,7,Encoding
12,68,8,Decision: No justification
12,69,1,Search
12,69,2,Search
12,69,3,Search
12,69,4,Search
12,69,5,Encoding
12,69,6,Encoding
12,69,7,Encoding
12,69,8,Encoding
12,69,9,Decision: No justification
12,70,1,Search
12,70,2,Search
12,70,3,Search
12,70,4,Search
12,70,5,Search
12,70,6,Encoding
12,70,7,Encoding
12,70,8,Encoding
12,70,9,Encoding
12,70,10,Encoding
12,70,11,Elaboration: Indicator based
12,70,12,Decision: Single Indicator
12,71,1,Search
12,71,2,Search
12,71,3,Search
12,71,4,Search
12,71,5,Encoding
12,71,6,Encoding
12,71,7,Encoding
12,71,8,Encoding
12,71,9,Decision: No justification
12,72,1,Search
12,72,2,Search
12,72,3,Search
12,72,4,Encoding
12,72,5,Encoding
12,72,6,Encoding
12,72,7,Encoding
12,72,8,Evaluation
12,72,9,Decision: No justification
12,73,1,Search
12,73,2,Search
12,73,3,Search
12,73,4,Search
12,73,5,Search
12,73,6,Encoding
12,73,7,Encoding
12,73,8,Encoding
12,73,9,Encoding
12,73,10,Encoding
12,73,11,Encoding
12,73,12,Evaluation
12,73,13,Decision: Mult-indicator
12,74,1,Search
12,74,2,Search
12,74,3,Search
12,74,4,Search
12,74,5,Search
12,74,6,Search
12,74,7,Encoding
12,74,8,Encoding
12,74,9,Encoding
12,74,10,Encoding
12,74,11,Encoding
12,74,12,Elaboration: Indicator based
12,74,13,Decision: No justification
12,75,1,Search
12,75,2,Search
12,75,3,Search
12,75,4,Encoding
12,75,5,Encoding
12,75,6,Encoding
12,75,7,Evaluation
12,75,8,Decision: No justification
12,76,1,Search
12,76,2,Search
12,76,3,Encoding
12,76,4,Encoding
12,76,5,Encoding
12,76,6,Evaluation
12,76,7,Decision: No justification
12,77,1,Search
12,77,2,Search
12,77,3,Search
12,77,4,Encoding
12,77,5,Encoding
12,77,6,Elaboration: Stock based
12,77,7,Decision: No justification
12,78,1,Search
12,78,2,Search
12,78,3,Search
12,78,4,Search
12,78,5,Search
12,78,6,Encoding
12,78,7,Encoding
12,78,8,Encoding
12,78,9,Encoding
12,78,10,Elaboration: Indicator based
12,78,11,Decision: No justification
12,79,1,Search
12,79,2,Search
12,79,3,Search
12,79,4,Search
12,79,5,Search
12,79,6,Search
12,79,7,Encoding
12,79,8,Encoding
12,79,9,Encoding
12,79,10,Encoding
12,79,11,Encoding
12,79,12,Encoding
12,79,13,Decision: Single Indicator
12,80,1,Search
12,80,2,Search
12,80,3,Search
12,80,4,Encoding
12,80,5,Encoding
12,80,6,Encoding
12,80,7,Decision: Mult-indicator
12,81,1,Search
12,81,2,Search
12,81,3,Search
12,81,4,Search
12,81,5,Encoding
12,81,6,Encoding
12,81,7,Encoding
12,81,8,Encoding
12,81,9,Decision: No justification
12,82,1,Search
12,82,2,Search
12,82,3,Search
12,82,4,Search
12,82,5,Search
12,82,6,Search
12,82,7,Encoding
12,82,8,Encoding
12,82,9,Encoding
12,82,10,Encoding
12,82,11,Encoding
12,82,12,Encoding
12,82,13,Decision: No justification
12,83,1,Search
12,83,2,Encoding
12,83,3,Encoding
12,83,4,Decision: Single Indicator
12,84,1,Search
12,84,2,Search
12,84,3,Search
12,84,4,Search
12,84,5,Encoding
12,84,6,Encoding
12,84,7,Encoding
12,84,8,Encoding
12,84,9,Encoding
12,84,10,Evaluation
12,84,11,Metacognitive
12,84,12,Decision: Mult-indicator
12,85,1,Search
12,85,2,Search
12,85,3,Search
12,85,4,Search
12,85,5,Search
12,85,6,Search
12,85,7,Encoding
12,85,8,Encoding
12,85,9,Encoding
12,85,10,Encoding
12,85,11,Encoding
12,85,12,Encoding
12,85,13,Decision: Mult-indicator
12,86,1,Search
12,86,2,Search
12,86,3,Search
12,86,4,Encoding
12,86,5,Encoding
12,86,6,Encoding
12,86,7,Encoding
12,86,8,Evaluation
12,86,9,Decision: No justification
12,87,1,Search
12,87,2,Search
12,87,3,Search
12,87,4,Search
12,87,5,Search
12,87,6,Encoding
12,87,7,Encoding
12,87,8,Encoding
12,87,9,Encoding
12,87,10,Encoding
12,87,11,Encoding
12,87,12,Decision: No justification
12,88,1,Search
12,88,2,Search
12,88,3,Search
12,88,4,Search
12,88,5,Search
12,88,6,Encoding
12,88,7,Encoding
12,88,8,Encoding
12,88,9,Encoding
12,88,10,Elaboration: Indicator based
12,88,11,Decision: No justification
12,89,1,Search
12,89,2,Search
12,89,3,Search
12,89,4,Encoding
12,89,5,Encoding
12,89,6,Encoding
12,89,7,Encoding
12,89,8,Evaluation
12,89,9,Decision: No justification
12,90,1,Search
12,90,2,Search
12,90,3,Search
12,90,4,Search
12,90,5,Encoding
12,90,6,Encoding
12,90,7,Encoding
12,90,8,Encoding
12,90,9,Decision: No justification
12,91,1,Search
12,91,2,Search
12,91,3,Search
12,91,4,Search
12,91,5,Search
12,91,6,Search
12,91,7,Encoding
12,91,8,Encoding
12,91,9,Encoding
12,91,10,Encoding
12,91,11,Encoding
12,91,12,Elaboration: Indicator based
12,91,13,Decision: Single Indicator
12,92,1,Search
12,92,2,Search
12,92,3,Search
12,92,4,Search
12,92,5,Encoding
12,92,6,Encoding
12,92,7,Encoding
12,92,8,Encoding
12,92,9,Decision: No justification
12,93,1,Search
12,93,2,Search
12,93,3,Search
12,93,4,Search
12,93,5,Search
12,93,6,Encoding
12,93,7,Encoding
12,93,8,Encoding
12,93,9,Encoding
12,93,10,Encoding
12,93,11,Evaluation
12,93,12,Decision: Mult-indicator
12,94,1,Search
12,94,2,Search
12,94,3,Search
12,94,4,Encoding
12,94,5,Encoding
12,94,6,Encoding
12,94,7,Decision: Mult-indicator
12,95,1,Search
12,95,2,Search
12,95,3,Search
12,95,4,Encoding
12,95,5,Encoding
12,95,6,Encoding
12,95,7,Encoding
12,95,8,Decision: Mult-indicator
12,96,1,Search
12,96,2,Search
12,96,3,Search
12,96,4,Encoding
12,96,5,Encoding
12,96,6,Encoding
12,96,7,Decision: Mult-indicator
12,97,1,Search
12,97,2,Search
12,97,3,Encoding
12,97,4,Encoding
12,97,5,Encoding
12,97,6,Decision: Mult-indicator
12,98,1,Search
12,98,2,Search
12,98,3,Search
12,98,4,Search
12,98,5,Encoding
12,98,6,Encoding
12,98,7,Encoding
12,98,8,Encoding
12,98,9,Decision: Mult-indicator
12,99,1,Search
12,99,2,Search
12,99,3,Search
12,99,4,Encoding
12,99,5,Encoding
12,99,6,Elaboration: Stock based
12,99,7,Decision: No justification
12,100,1,Search
12,100,2,Search
12,100,3,Encoding
12,100,4,Encoding
12,100,5,Encoding
12,100,6,Encoding
12,100,7,Decision: No justification
12,101,1,Search
12,101,2,Search
12,101,3,Search
12,101,4,Encoding
12,101,5,Encoding
12,101,6,Elaboration: Stock based
12,101,7,Decision: No justification
12,102,1,Search
12,102,2,Search
12,102,3,Search
12,102,4,Search
12,102,5,Search
12,102,6,Encoding
12,102,7,Encoding
12,102,8,Encoding
12,102,9,Encoding
12,102,10,Encoding
12,102,11,Evaluation
12,102,12,Decision: No justification
12,103,1,Search
12,103,2,Search
12,103,3,Search
12,103,4,Search
12,103,5,Search
12,103,6,Encoding
12,103,7,Encoding
12,103,8,Encoding
12,103,9,Encoding
12,103,10,Encoding
12,103,11,Decision: No justification
12,104,1,Search
12,104,2,Search
12,104,3,Search
12,104,4,Encoding
12,104,5,Encoding
12,104,6,Encoding
12,104,7,Decision: No justification
12,105,1,Search
12,105,2,Search
12,105,3,Search
12,105,4,Search
12,105,5,Search
12,105,6,Search
12,105,7,Encoding
12,105,8,Encoding
12,105,9,Encoding
12,105,10,Encoding
12,105,11,Encoding
12,105,12,Encoding
12,105,13,Evaluation
12,105,14,Decision: No justification
12,106,1,Search
12,106,2,Search
12,106,3,Search
12,106,4,Encoding
12,106,5,Encoding
12,106,6,Encoding
12,106,7,Decision: Mult-indicator
12,107,1,Search
12,107,2,Search
12,107,3,Search
12,107,4,Encoding
12,107,5,Encoding
12,107,6,Encoding
12,107,7,Encoding
12,107,8,Decision: No justification
12,108,1,Search
12,108,2,Search
12,108,3,Search
12,108,4,Encoding
12,108,5,Encoding
12,108,6,Encoding
12,108,7,Encoding
12,108,8,Evaluation
12,108,9,Decision: Mult-indicator
12,109,1,Search
12,109,2,Search
12,109,3,Search
12,109,4,Encoding
12,109,5,Encoding
12,109,6,Encoding
12,109,7,Evaluation
12,109,8,Decision: No justification
12,110,1,Search
12,110,2,Search
12,110,3,Encoding
12,110,4,Encoding
12,110,5,Decision: No justification
12,111,1,Search
12,111,2,Search
12,111,3,Encoding
12,111,4,Encoding
12,111,5,Decision: Single Indicator
12,112,1,Search
12,112,2,Search
12,112,3,Search
12,112,4,Search
12,112,5,Search
12,112,6,Search
12,112,7,Encoding
12,112,8,Encoding
12,112,9,Encoding
12,112,10,Encoding
12,112,11,Encoding
12,112,12,Encoding
12,112,13,Decision: Single Indicator
12,113,1,Search
12,113,2,Search
12,113,3,Search
12,113,4,Search
12,113,5,Search
12,113,6,Encoding
12,113,7,Encoding
12,113,8,Encoding
12,113,9,Encoding
12,113,10,Encoding
12,113,11,Decision: Mult-indicator
12,114,1,Search
12,114,2,Search
12,114,3,Search
12,114,4,Search
12,114,5,Search
12,114,6,Encoding
12,114,7,Encoding
12,114,8,Encoding
12,114,9,Encoding
12,114,10,Encoding
12,114,11,Encoding
12,114,12,Encoding
12,114,13,Encoding
12,114,14,Decision: No justification
12,115,1,Search
12,115,2,Search
12,115,3,Search
12,115,4,Encoding
12,115,5,Encoding
12,115,6,Encoding
12,115,7,Decision: No justification
12,116,1,Search
12,116,2,Search
12,116,3,Search
12,116,4,Encoding
12,116,5,Encoding
12,116,6,Encoding
12,116,7,Decision: Mult-indicator
12,117,1,Search
12,117,2,Search
12,117,3,Search
12,117,4,Encoding
12,117,5,Encoding
12,117,6,Encoding
12,117,7,Encoding
12,117,8,Decision: No justification
12,118,1,Search
12,118,2,Search
12,118,3,Encoding
12,118,4,Encoding
12,118,5,Encoding
12,118,6,Encoding
12,118,7,Decision: No justification
12,119,1,Search
12,119,2,Search
12,119,3,Search
12,119,4,Search
12,119,5,Encoding
12,119,6,Encoding
12,119,7,Encoding
12,119,8,Encoding
12,119,9,Encoding
12,119,10,Encoding
12,119,11,Decision: No justification
12,120,1,Search
12,120,2,Search
12,120,3,Search
12,120,4,Search
12,120,5,Encoding
12,120,6,Encoding
12,120,7,Encoding
12,120,8,Encoding
12,120,9,Encoding
12,120,10,Encoding
12,120,11,Decision: No justification
13,1,1,Search
13,1,2,Search
13,1,3,Search
13,1,4,Search
13,1,5,Search
13,1,6,Encoding
13,1,7,Encoding
13,1,8,Encoding
13,1,9,Encoding
13,1,10,Encoding
13,1,11,Evaluation
13,1,12,Decision: No justification
13,2,1,Search
13,2,2,Search
13,2,3,Search
13,2,4,Search
13,2,5,Search
13,2,6,Search
13,2,7,Encoding
13,2,8,Encoding
13,2,9,Encoding
13,2,10,Encoding
13,2,11,Encoding
13,2,12,Encoding
13,2,13,Encoding
13,2,14,Decision: No justification
13,3,1,Search
13,3,2,Search
13,3,3,Search
13,3,4,Search
13,3,5,Search
13,3,6,Search
13,3,7,Search
13,3,8,Search
13,3,9,Search
13,3,10,Search
13,3,11,Search
13,3,12,Search
13,3,13,Search
13,3,14,Encoding
13,3,15,Encoding
13,3,16,Encoding
13,3,17,Encoding
13,3,18,Encoding
13,3,19,Encoding
13,3,20,Encoding
13,3,21,Encoding
13,3,22,Elaboration: Indicator based
13,3,23,Elaboration: Indicator based
13,3,24,Elaboration: Holistic
13,3,25,Decision: No justification
13,4,1,Search
13,4,2,Search
13,4,3,Search
13,4,4,Search
13,4,5,Search
13,4,6,Search
13,4,7,Search
13,4,8,Search
13,4,9,Search
13,4,10,Encoding
13,4,11,Encoding
13,4,12,Encoding
13,4,13,Encoding
13,4,14,Evaluation
13,4,15,Uncategorized
13,4,16,Elaboration: Stock based
13,4,17,Decision: No justification
13,5,1,Search
13,5,2,Search
13,5,3,Search
13,5,4,Search
13,5,5,Encoding
13,5,6,Encoding
13,5,7,Encoding
13,5,8,Evaluation
13,5,9,Elaboration: Stock based
13,5,10,Decision: No justification
13,6,1,Search
13,6,2,Search
13,6,3,Search
13,6,4,Search
13,6,5,Search
13,6,6,Search
13,6,7,Search
13,6,8,Search
13,6,9,Encoding
13,6,10,Encoding
13,6,11,Encoding
13,6,12,Encoding
13,6,13,Encoding
13,6,14,Encoding
13,6,15,Encoding
13,6,16,Encoding
13,6,17,Evaluation
13,6,18,Uncategorized
13,6,19,Elaboration: Indicator based
13,6,20,Elaboration: Indicator based
13,6,21,Elaboration: Holistic
13,6,22,Elaboration: Holistic
13,6,23,Decision: Mult-indicator
13,7,1,Search
13,7,2,Search
13,7,3,Search
13,7,4,Search
13,7,5,Search
13,7,6,Search
13,7,7,Search
13,7,8,Encoding
13,7,9,Encoding
13,7,10,Encoding
13,7,11,Encoding
13,7,12,Encoding
13,7,13,Evaluation
13,8,1,Search
13,8,2,Search
13,8,3,Search
13,8,4,Search
13,8,5,Search
13,8,6,Search
13,8,7,Search
13,8,8,Encoding
13,8,9,Encoding
13,8,10,Encoding
13,8,11,Encoding
13,8,12,Encoding
13,8,13,Encoding
13,8,14,Encoding
13,8,15,Evaluation
13,8,16,Elaboration: Stock based
13,8,17,Decision: No justification
13,9,1,Search
13,9,2,Search
13,9,3,Search
13,9,4,Search
13,9,5,Search
13,9,6,Encoding
13,9,7,Encoding
13,9,8,Encoding
13,9,9,Encoding
13,9,10,Evaluation
13,9,11,Decision: No justification
13,10,1,Search
13,10,2,Search
13,10,3,Search
13,10,4,Search
13,10,5,Search
13,10,6,Search
13,10,7,Encoding
13,10,8,Encoding
13,10,9,Encoding
13,10,10,Encoding
13,10,11,Encoding
13,10,12,Elaboration: Holistic
13,10,13,Decision: No justification
13,11,1,Search
13,11,2,Search
13,11,3,Search
13,11,4,Search
13,11,5,Search
13,11,6,Encoding
13,11,7,Encoding
13,11,8,Encoding
13,11,9,Encoding
13,11,10,Encoding
13,11,11,Evaluation
13,12,1,Search
13,12,2,Search
13,12,3,Search
13,12,4,Encoding
13,12,5,Encoding
13,12,6,Evaluation
13,13,1,Search
13,13,2,Search
13,13,3,Encoding
13,13,4,Encoding
13,13,5,Evaluation
13,14,1,Search
13,14,2,Search
13,14,3,Search
13,14,4,Search
13,14,5,Encoding
13,14,6,Encoding
13,14,7,Encoding
13,14,8,Encoding
13,14,9,Decision: No justification
13,15,1,Search
13,15,2,Search
13,15,3,Search
13,15,4,Search
13,15,5,Search
13,15,6,Encoding
13,15,7,Encoding
13,15,8,Encoding
13,15,9,Encoding
13,15,10,Encoding
13,15,11,Elaboration: Stock based
13,15,12,Decision: No justification
13,16,1,Search
13,16,2,Search
13,16,3,Search
13,16,4,Encoding
13,16,5,Encoding
13,16,6,Encoding
13,16,7,Encoding
13,16,8,Encoding
13,16,9,Encoding
13,16,10,Evaluation
13,16,11,Decision: No justification
13,17,1,Search
13,17,2,Search
13,17,3,Search
13,17,4,Search
13,17,5,Encoding
13,17,6,Encoding
13,17,7,Encoding
13,17,8,Encoding
13,17,9,Evaluation
13,17,10,Decision: No justification
13,18,1,Search
13,18,2,Search
13,18,3,Search
13,18,4,Search
13,18,5,Encoding
13,18,6,Encoding
13,18,7,Encoding
13,18,8,Encoding
13,18,9,Elaboration: Indicator based
13,18,10,Decision: No justification
13,19,1,Search
13,19,2,Search
13,19,3,Search
13,19,4,Search
13,19,5,Search
13,19,6,Search
13,19,7,Encoding
13,19,8,Encoding
13,19,9,Encoding
13,19,10,Encoding
13,19,11,Encoding
13,19,12,Metacognitive
13,20,1,Search
13,20,2,Search
13,20,3,Search
13,20,4,Encoding
13,20,5,Encoding
13,20,6,Encoding
13,20,7,Decision: No justification
13,21,1,Search
13,21,2,Search
13,21,3,Search
13,21,4,Search
13,21,5,Search
13,21,6,Encoding
13,21,7,Encoding
13,21,8,Encoding
13,21,9,Encoding
13,21,10,Evaluation
13,21,11,Metacognitive
13,21,12,Decision: No justification
13,22,1,Search
13,22,2,Search
13,22,3,Search
13,22,4,Encoding
13,22,5,Encoding
13,22,6,Evaluation
13,22,7,Metacognitive
13,22,8,Elaboration: Stock based
13,22,9,Decision: No justification
13,23,1,Search
13,23,2,Search
13,23,3,Encoding
13,23,4,Encoding
13,23,5,Evaluation
13,23,6,Metacognitive
13,23,7,Decision: No justification
13,24,1,Search
13,24,2,Search
13,24,3,Search
13,24,4,Search
13,24,5,Search
13,24,6,Search
13,24,7,Encoding
13,24,8,Encoding
13,24,9,Encoding
13,24,10,Encoding
13,24,11,Encoding
13,24,12,Evaluation
13,25,1,Search
13,25,2,Search
13,25,3,Search
13,25,4,Search
13,25,5,Encoding
13,25,6,Encoding
13,25,7,Encoding
13,25,8,Evaluation
13,26,1,Search
13,26,2,Search
13,26,3,Search
13,26,4,Search
13,26,5,Encoding
13,26,6,Encoding
13,26,7,Encoding
13,26,8,Encoding
13,26,9,Encoding
13,26,10,Decision: No justification
13,27,1,Search
13,27,2,Search
13,27,3,Search
13,27,4,Search
13,27,5,Search
13,27,6,Encoding
13,27,7,Encoding
13,27,8,Encoding
13,27,9,Encoding
13,27,10,Decision: No justification
13,28,1,Search
13,28,2,Search
13,28,3,Search
13,28,4,Search
13,28,5,Search
13,28,6,Encoding
13,28,7,Encoding
13,28,8,Encoding
13,28,9,Encoding
13,28,10,Encoding
13,28,11,Encoding
13,28,12,Evaluation
13,28,13,Decision: No justification
13,29,1,Search
13,29,2,Search
13,29,3,Search
13,29,4,Search
13,29,5,Search
13,29,6,Encoding
13,29,7,Encoding
13,29,8,Encoding
13,29,9,Encoding
13,29,10,Encoding
13,29,11,Evaluation
13,29,12,Decision: No justification
13,30,1,Search
13,30,2,Search
13,30,3,Search
13,30,4,Encoding
13,30,5,Encoding
13,30,6,Encoding
13,30,7,Decision: No justification
13,31,1,Search
13,31,2,Search
13,31,3,Search
13,31,4,Encoding
13,31,5,Encoding
13,31,6,Encoding
13,31,7,Encoding
13,31,8,Encoding
13,31,9,Elaboration: Indicator based
13,31,10,Decision: No justification
13,32,1,Search
13,32,2,Search
13,32,3,Search
13,32,4,Encoding
13,32,5,Encoding
13,32,6,Encoding
13,32,7,Evaluation
13,32,8,Decision: No justification
13,33,1,Search
13,33,2,Search
13,33,3,Search
13,33,4,Search
13,33,5,Search
13,33,6,Encoding
13,33,7,Encoding
13,33,8,Encoding
13,33,9,Encoding
13,33,10,Encoding
13,33,11,Metacognitive
13,33,12,Decision: No justification
13,34,1,Search
13,34,2,Search
13,34,3,Encoding
13,34,4,Encoding
13,34,5,Encoding
13,34,6,Encoding
13,34,7,Encoding
13,34,8,Evaluation
13,34,9,Elaboration: Indicator based
13,34,10,Decision: No justification
13,35,1,Search
13,35,2,Search
13,35,3,Search
13,35,4,Search
13,35,5,Search
13,35,6,Search
13,35,7,Encoding
13,35,8,Encoding
13,35,9,Encoding
13,35,10,Encoding
13,35,11,Encoding
13,35,12,Encoding
13,35,13,Encoding
13,35,14,Elaboration: Indicator based
13,35,15,Decision: No justification
13,36,1,Search
13,36,2,Search
13,36,3,Search
13,36,4,Search
13,36,5,Search
13,36,6,Encoding
13,36,7,Encoding
13,36,8,Encoding
13,36,9,Encoding
13,36,10,Encoding
13,36,11,Encoding
13,36,12,Uncategorized
13,36,13,Decision: No justification
13,37,1,Search
13,37,2,Search
13,37,3,Search
13,37,4,Search
13,37,5,Encoding
13,37,6,Encoding
13,37,7,Encoding
13,37,8,Encoding
13,37,9,Decision: No justification
13,38,1,Search
13,38,2,Search
13,38,3,Search
13,38,4,Search
13,38,5,Encoding
13,38,6,Encoding
13,38,7,Encoding
13,38,8,Encoding
13,38,9,Encoding
13,38,10,Evaluation
13,38,11,Decision: No justification
13,39,1,Search
13,39,2,Search
13,39,3,Search
13,39,4,Encoding
13,39,5,Encoding
13,39,6,Encoding
13,39,7,Decision: No justification
13,40,1,Search
13,40,2,Search
13,40,3,Search
13,40,4,Search
13,40,5,Encoding
13,40,6,Encoding
13,40,7,Encoding
13,40,8,Encoding
13,40,9,Encoding
13,40,10,Decision: No justification
13,41,1,Search
13,41,2,Search
13,41,3,Encoding
13,41,4,Encoding
13,41,5,Encoding
13,41,6,Decision: No justification
13,42,1,Search
13,42,2,Search
13,42,3,Search
13,42,4,Encoding
13,42,5,Encoding
13,42,6,Encoding
13,42,7,Encoding
13,42,8,Evaluation
13,42,9,Elaboration: Indicator based
13,42,10,Elaboration: Indicator based
13,43,1,Search
13,43,2,Search
13,43,3,Encoding
13,43,4,Encoding
13,43,5,Encoding
13,43,6,Decision: No justification
13,44,1,Search
13,44,2,Search
13,44,3,Search
13,44,4,Encoding
13,44,5,Encoding
13,44,6,Encoding
13,44,7,Encoding
13,44,8,Encoding
13,44,9,Evaluation
13,45,1,Search
13,45,2,Search
13,45,3,Search
13,45,4,Encoding
13,45,5,Encoding
13,45,6,Encoding
13,45,7,Encoding
13,46,1,Search
13,46,2,Search
13,46,3,Encoding
13,46,4,Evaluation
13,46,5,Elaboration: Indicator based
13,46,6,Decision: Guess
13,47,1,Search
13,47,2,Search
13,47,3,Encoding
13,47,4,Encoding
13,47,5,Encoding
13,47,6,Decision: No justification
13,48,1,Search
13,48,2,Search
13,48,3,Encoding
13,48,4,Encoding
13,48,5,Encoding
13,48,6,Elaboration: Indicator based
13,48,7,Decision: No justification
13,49,1,Search
13,49,2,Search
13,49,3,Search
13,49,4,Search
13,49,5,Encoding
13,49,6,Encoding
13,49,7,Encoding
13,49,8,Encoding
13,49,9,Encoding
13,49,10,Evaluation
13,50,1,Search
13,50,2,Search
13,50,3,Search
13,50,4,Encoding
13,50,5,Encoding
13,50,6,Encoding
13,50,7,Evaluation
13,51,1,Search
13,51,2,Encoding
13,51,3,Encoding
13,51,4,Encoding
13,51,5,Metacognitive
13,52,1,Search
13,52,2,Search
13,52,3,Encoding
13,52,4,Encoding
13,52,5,Evaluation
13,53,1,Search
13,53,2,Search
13,53,3,Search
13,53,4,Encoding
13,53,5,Encoding
13,53,6,Encoding
13,53,7,Encoding
13,53,8,Evaluation
13,54,1,Search
13,54,2,Search
13,54,3,Search
13,54,4,Encoding
13,54,5,Encoding
13,54,6,Encoding
13,54,7,Evaluation
13,55,1,Search
13,55,2,Search
13,55,3,Search
13,55,4,Encoding
13,55,5,Elaboration: Indicator based
13,55,6,Elaboration: Indicator based
13,55,7,Decision: No justification
13,56,1,Search
13,56,2,Search
13,56,3,Encoding
13,56,4,Encoding
13,56,5,Encoding
13,56,6,Evaluation
13,57,1,Search
13,57,2,Search
13,57,3,Encoding
13,57,4,Encoding
13,57,5,Encoding
13,57,6,Decision: No justification
13,58,1,Search
13,58,2,Search
13,58,3,Search
13,58,4,Encoding
13,58,5,Encoding
13,58,6,Encoding
13,58,7,Encoding
13,58,8,Decision: No justification
13,59,1,Search
13,59,2,Search
13,59,3,Encoding
13,59,4,Encoding
13,59,5,Encoding
13,59,6,Evaluation
13,59,7,Decision: No justification
13,60,1,Search
13,60,2,Encoding
13,60,3,Encoding
13,60,4,Encoding
13,60,5,Encoding
13,60,6,Decision: No justification
13,61,1,Search
13,61,2,Search
13,61,3,Search
13,61,4,Encoding
13,61,5,Encoding
13,61,6,Encoding
13,61,7,Decision: No justification
13,62,1,Search
13,62,2,Search
13,62,3,Encoding
13,62,4,Encoding
13,62,5,Encoding
13,62,6,Encoding
13,62,7,Encoding
13,62,8,Evaluation
13,62,9,Decision: No justification
13,63,1,Search
13,63,2,Search
13,63,3,Search
13,63,4,Encoding
13,63,5,Encoding
13,63,6,Encoding
13,63,7,Encoding
13,63,8,Evaluation
13,63,9,Decision: No justification
13,64,1,Search
13,64,2,Search
13,64,3,Encoding
13,64,4,Encoding
13,64,5,Evaluation
13,64,6,Elaboration: Indicator based
13,64,7,Decision: No justification
13,65,1,Search
13,65,2,Encoding
13,65,3,Encoding
13,65,4,Evaluation
13,65,5,Decision: No justification
13,66,1,Search
13,66,2,Search
13,66,3,Search
13,66,4,Encoding
13,66,5,Encoding
13,66,6,Encoding
13,66,7,Encoding
13,67,1,Search
13,67,2,Search
13,67,3,Encoding
13,67,4,Encoding
13,67,5,Encoding
13,67,6,Decision: No justification
13,68,1,Search
13,68,2,Search
13,68,3,Encoding
13,68,4,Encoding
13,68,5,Encoding
13,68,6,Decision: No justification
13,69,1,Search
13,69,2,Search
13,69,3,Search
13,69,4,Search
13,69,5,Encoding
13,69,6,Encoding
13,69,7,Encoding
13,69,8,Encoding
13,69,9,Encoding
13,69,10,Evaluation
13,69,11,Decision: No justification
13,70,1,Search
13,70,2,Search
13,70,3,Encoding
13,70,4,Encoding
13,70,5,Elaboration: Indicator based
13,70,6,Decision: No justification
13,71,1,Search
13,71,2,Search
13,71,3,Encoding
13,71,4,Encoding
13,71,5,Encoding
13,71,6,Evaluation
13,72,1,Search
13,72,2,Search
13,72,3,Encoding
13,72,4,Encoding
13,72,5,Encoding
13,72,6,Decision: No justification
13,73,1,Search
13,73,2,Search
13,73,3,Encoding
13,73,4,Encoding
13,73,5,Evaluation
13,73,6,Decision: No justification
13,74,1,Search
13,74,2,Search
13,74,3,Encoding
13,74,4,Encoding
13,74,5,Evaluation
13,74,6,Decision: No justification
13,75,1,Search
13,75,2,Search
13,75,3,Search
13,75,4,Search
13,75,5,Search
13,75,6,Encoding
13,75,7,Encoding
13,75,8,Encoding
13,75,9,Encoding
13,75,10,Encoding
13,75,11,Evaluation
13,75,12,Decision: No justification
13,76,1,Search
13,76,2,Search
13,76,3,Encoding
13,76,4,Encoding
13,76,5,Evaluation
13,76,6,Decision: No justification
13,77,1,Search
13,77,2,Search
13,77,3,Search
13,77,4,Search
13,77,5,Search
13,77,6,Encoding
13,77,7,Encoding
13,77,8,Encoding
13,77,9,Encoding
13,77,10,Encoding
13,77,11,Evaluation
13,77,12,Uncategorized
13,77,13,Decision: No justification
13,78,1,Search
13,78,2,Search
13,78,3,Search
13,78,4,Search
13,78,5,Encoding
13,78,6,Encoding
13,78,7,Encoding
13,78,8,Elaboration: Indicator based
13,78,9,Decision: No justification
13,79,1,Search
13,79,2,Search
13,79,3,Encoding
13,79,4,Encoding
13,79,5,Encoding
13,79,6,Evaluation
13,80,1,Search
13,80,2,Search
13,80,3,Search
13,80,4,Encoding
13,80,5,Encoding
13,80,6,Encoding
13,80,7,Encoding
13,80,8,Evaluation
13,80,9,Decision: No justification
13,81,1,Search
13,81,2,Search
13,81,3,Search
13,81,4,Encoding
13,81,5,Encoding
13,81,6,Encoding
13,81,7,Evaluation
13,81,8,Decision: No justification
13,82,1,Search
13,82,2,Search
13,82,3,Encoding
13,82,4,Encoding
13,82,5,Evaluation
13,83,1,Search
13,83,2,Search
13,83,3,Search
13,83,4,Search
13,83,5,Encoding
13,83,6,Encoding
13,83,7,Encoding
13,83,8,Encoding
13,83,9,Evaluation
13,83,10,Decision: No justification
13,84,1,Search
13,84,2,Search
13,84,3,Encoding
13,84,4,Encoding
13,84,5,Encoding
13,84,6,Encoding
13,84,7,Evaluation
13,85,1,Search
13,85,2,Search
13,85,3,Search
13,85,4,Encoding
13,85,5,Encoding
13,85,6,Encoding
13,85,7,Encoding
13,85,8,Evaluation
13,86,1,Search
13,86,2,Search
13,86,3,Encoding
13,86,4,Encoding
13,86,5,Encoding
13,86,6,Encoding
13,86,7,Evaluation
13,86,8,Decision: No justification
13,87,1,Search
13,87,2,Encoding
13,87,3,Encoding
13,87,4,Encoding
13,87,5,Encoding
13,87,6,Evaluation
13,88,1,Search
13,88,2,Encoding
13,88,3,Encoding
13,88,4,Encoding
13,88,5,Evaluation
13,88,6,Decision: No justification
13,89,1,Encoding
13,89,2,Encoding
13,89,3,Encoding
13,89,4,Encoding
13,89,5,Decision: No justification
13,90,1,Encoding
13,90,2,Encoding
13,90,3,Decision: No justification
13,91,1,Search
13,91,2,Search
13,91,3,Search
13,91,4,Search
13,91,5,Encoding
13,91,6,Encoding
13,91,7,Encoding
13,91,8,Encoding
13,91,9,Encoding
13,91,10,Evaluation
13,92,1,Search
13,92,2,Search
13,92,3,Search
13,92,4,Encoding
13,92,5,Encoding
13,92,6,Encoding
13,92,7,Encoding
13,92,8,Encoding
13,92,9,Encoding
13,92,10,Evaluation
13,93,1,Search
13,93,2,Search
13,93,3,Encoding
13,93,4,Encoding
13,93,5,Encoding
13,93,6,Decision: No justification
13,94,1,Encoding
13,94,2,Encoding
13,94,3,Encoding
13,95,1,Search
13,95,2,Search
13,95,3,Search
13,95,4,Encoding
13,95,5,Encoding
13,95,6,Encoding
13,95,7,Encoding
13,96,1,Search
13,96,2,Encoding
13,96,3,Encoding
13,96,4,Encoding
13,97,1,Search
13,97,2,Encoding
13,97,3,Encoding
13,97,4,Encoding
13,97,5,Evaluation
13,98,1,Search
13,98,2,Search
13,98,3,Search
13,98,4,Encoding
13,98,5,Encoding
13,98,6,Encoding
13,98,7,Evaluation
13,98,8,Decision: No justification
13,99,1,Search
13,99,2,Search
13,99,3,Encoding
13,99,4,Encoding
13,99,5,Evaluation
13,100,1,Search
13,100,2,Search
13,100,3,Search
13,100,4,Encoding
13,100,5,Encoding
13,100,6,Encoding
13,100,7,Evaluation
13,101,1,Search
13,101,2,Search
13,101,3,Search
13,101,4,Encoding
13,101,5,Encoding
13,101,6,Encoding
13,101,7,Evaluation
13,102,1,Search
13,102,2,Encoding
13,102,3,Encoding
13,102,4,Encoding
13,102,5,Evaluation
13,103,1,Search
13,103,2,Encoding
13,103,3,Encoding
13,103,4,Encoding
13,103,5,Encoding
13,104,1,Encoding
13,104,2,Encoding
13,104,3,Encoding
13,104,4,Evaluation
13,105,1,Search
13,105,2,Encoding
13,105,3,Encoding
13,105,4,Encoding
13,105,5,Evaluation
13,105,6,Metacognitive
13,106,1,Search
13,106,2,Search
13,106,3,Encoding
13,106,4,Encoding
13,106,5,Encoding
13,106,6,Encoding
13,106,7,Encoding
13,107,1,Search
13,107,2,Search
13,107,3,Search
13,107,4,Encoding
13,107,5,Encoding
13,107,6,Encoding
13,107,7,Evaluation
13,108,1,Encoding
13,108,2,Encoding
13,108,3,Evaluation
13,109,1,Search
13,109,2,Search
13,109,3,Encoding
13,109,4,Encoding
13,110,1,Search
13,110,2,Encoding
13,110,3,Encoding
13,110,4,Encoding
13,110,5,Encoding
13,110,6,Evaluation
13,111,1,Search
13,111,2,Search
13,111,3,Search
13,111,4,Encoding
13,111,5,Encoding
13,111,6,Encoding
13,111,7,Evaluation
13,112,1,Search
13,112,2,Search
13,112,3,Encoding
13,112,4,Encoding
13,112,5,Evaluation
13,112,6,Decision: No justification
13,113,1,Search
13,113,2,Search
13,113,3,Encoding
13,113,4,Encoding
13,113,5,Evaluation
13,114,1,Search
13,114,2,Encoding
13,114,3,Encoding
13,114,4,Encoding
13,114,5,Encoding
13,114,6,Evaluation
13,115,1,Search
13,115,2,Search
13,115,3,Encoding
13,115,4,Encoding
13,115,5,Evaluation
13,116,1,Search
13,116,2,Encoding
13,116,3,Evaluation
13,117,1,Search
13,117,2,Encoding
13,118,1,Search
13,118,2,Search
13,118,3,Search
13,118,4,Encoding
13,118,5,Encoding
13,118,6,Encoding
13,119,1,Search
13,119,2,Search
13,119,3,Encoding
13,119,4,Encoding
13,120,1,Search
13,120,2,Search
13,120,3,Search
13,120,4,Encoding
13,120,5,Encoding
13,120,6,Encoding
13,120,7,Evaluation
14,1,1,Search
14,1,2,Search
14,1,3,Encoding
14,1,4,Encoding
14,1,5,Encoding
14,1,6,Encoding
14,1,7,Evaluation
14,1,8,Metacognitive
14,1,9,Metacognitive
14,2,1,Search
14,2,2,Search
14,2,3,Search
14,3,1,Search
14,3,2,Search
14,3,3,Search
14,3,4,Metacognitive
14,3,5,Elaboration: Indicator based
14,3,6,Decision: No justification
14,4,1,Encoding
14,4,2,Encoding
14,4,3,Elaboration: Stock based
14,4,4,Decision: No justification
14,4,5,Decision: Mult-indicator
14,5,1,Search
14,5,2,Search
14,5,3,Search
14,5,4,Evaluation
14,5,5,Decision: No justification
14,6,1,Search
14,6,2,Search
14,6,3,Search
14,6,4,Search
14,6,5,Search
14,7,1,Search
14,7,2,Search
14,7,3,Search
14,7,4,Search
14,7,5,Encoding
14,8,1,Search
14,9,1,Metacognitive
14,9,2,Metacognitive
14,9,3,Metacognitive
14,10,1,Search
14,10,2,Search
14,10,3,Encoding
14,10,4,Encoding
14,10,5,Encoding
14,10,6,Decision: No justification
14,11,1,Elaboration: Stock based
14,11,2,Decision: No justification
14,11,3,Decision: No justification
14,12,1,Encoding
14,12,2,Encoding
14,12,3,Encoding
14,12,4,Encoding
14,12,5,Decision: No justification
14,13,1,Search
14,13,2,Search
14,13,3,Search
14,13,4,Encoding
14,13,5,Encoding
14,13,6,Elaboration: Stock based
14,14,1,Encoding
14,14,2,Encoding
14,14,3,Encoding
14,14,4,Decision: No justification
14,15,1,Search
14,15,2,Search
14,15,3,Search
14,15,4,Decision: No justification
14,16,1,Search
14,16,2,Search
14,16,3,Encoding
14,16,4,Encoding
14,16,5,Evaluation
14,16,6,Elaboration: Holistic
14,16,7,Decision: No justification
14,17,1,Search
14,17,2,Encoding
14,17,3,Encoding
14,17,4,Encoding
14,17,5,Encoding
14,17,6,Encoding
14,17,7,Elaboration: Indicator based
14,17,8,Elaboration: Stock based
14,17,9,Decision: No justification
14,18,1,Encoding
14,18,2,Encoding
14,18,3,Encoding
14,18,4,Encoding
14,18,5,Encoding
14,18,6,Encoding
14,18,7,Evaluation
14,18,8,Metacognitive
14,18,9,Metacognitive
14,18,10,Metacognitive
14,18,11,Decision: Mult-indicator
14,19,1,Search
14,19,2,Encoding
14,19,3,Encoding
14,19,4,Evaluation
14,19,5,Decision: No justification
14,20,1,Search
14,20,2,Search
14,20,3,Encoding
14,20,4,Decision: No justification
14,21,1,Elaboration: Indicator based
14,21,2,Decision: No justification
14,22,1,Search
14,22,2,Search
14,22,3,Encoding
14,22,4,Uncategorized
14,22,5,Decision: No justification
14,23,1,Search
14,23,2,Search
14,23,3,Search
14,23,4,Evaluation
14,23,5,Metacognitive
14,23,6,Decision: No justification
14,24,1,Search
14,24,2,Search
14,24,3,Encoding
14,24,4,Encoding
14,24,5,Encoding
14,24,6,Encoding
14,24,7,Metacognitive
14,24,8,Metacognitive
14,24,9,Elaboration: Stock based
14,24,10,Decision: Mult-indicator
14,25,1,Search
14,25,2,Search
14,25,3,Encoding
14,25,4,Metacognitive
14,26,1,Search
14,26,2,Encoding
14,26,3,Encoding
14,26,4,Decision: No justification
14,27,1,Encoding
14,27,2,Encoding
14,27,3,Encoding
14,27,4,Decision: No justification
14,28,1,Encoding
14,28,2,Encoding
14,28,3,Encoding
14,28,4,Encoding
14,28,5,Elaboration: Indicator based
14,28,6,Decision: No justification
14,29,1,Search
14,29,2,Search
14,29,3,Search
14,29,4,Encoding
14,29,5,Encoding
14,29,6,Decision: No justification
14,30,1,Search
14,30,2,Encoding
14,30,3,Encoding
14,30,4,Elaboration: Indicator based
14,30,5,Decision: No justification
14,31,1,Encoding
14,31,2,Encoding
14,31,3,Metacognitive
14,31,4,Metacognitive
14,32,1,Search
14,32,2,Encoding
14,32,3,Encoding
14,32,4,Metacognitive
14,32,5,Uncategorized
14,32,6,Elaboration: Indicator based
14,32,7,Elaboration: Stock based
14,32,8,Decision: Mult-indicator
14,33,1,Encoding
14,33,2,Encoding
14,33,3,Encoding
14,33,4,Decision: No justification
14,34,1,Encoding
14,34,2,Encoding
14,34,3,Encoding
14,34,4,Encoding
14,34,5,Decision: No justification
14,35,1,Search
14,35,2,Encoding
14,35,3,Evaluation
14,35,4,Metacognitive
14,35,5,Decision: No justification
14,36,1,Search
14,36,2,Search
14,36,3,Decision: No justification
14,37,1,Search
14,37,2,Metacognitive
14,38,1,Decision: No justification
14,39,1,Encoding
14,39,2,Encoding
14,39,3,Evaluation
14,39,4,Decision: No justification
14,40,1,Search
14,40,2,Search
14,40,3,Search
14,40,4,Elaboration: Stock based
14,40,5,Decision: No justification
14,41,1,Encoding
14,41,2,Encoding
14,41,3,Encoding
14,41,4,Decision: No justification
14,42,1,Search
14,42,2,Search
14,42,3,Decision: No justification
14,42,4,Decision: Mult-indicator
14,43,1,Search
14,43,2,Search
14,43,3,Encoding
14,43,4,Evaluation
14,43,5,Decision: No justification
14,44,1,Search
14,44,2,Search
14,44,3,Search
14,44,4,Decision: No justification
14,45,1,Search
14,45,2,Encoding
14,45,3,Encoding
14,45,4,Metacognitive
14,45,5,Decision: No justification
14,46,1,Search
14,46,2,Search
14,46,3,Encoding
14,46,4,Encoding
14,46,5,Encoding
14,46,6,Encoding
14,46,7,Encoding
14,46,8,Encoding
14,46,9,Encoding
14,47,1,Search
14,47,2,Search
14,47,3,Search
14,47,4,Encoding
14,47,5,Metacognitive
14,47,6,Decision: No justification
14,48,1,Search
14,48,2,Metacognitive
14,48,3,Metacognitive
14,49,1,Encoding
14,49,2,Encoding
14,50,1,Metacognitive
14,51,1,Elaboration: Stock based
14,51,2,Elaboration: Stock based
14,51,3,Elaboration: Holistic
14,52,1,Encoding
14,52,2,Encoding
14,52,3,Decision: No justification
14,53,1,Search
14,53,2,Search
14,53,3,Search
14,53,4,Encoding
14,53,5,Encoding
14,53,6,Encoding
14,53,7,Encoding
14,53,8,Uncategorized
14,53,9,Decision: No justification
14,54,1,Search
14,54,2,Search
14,54,3,Encoding
14,55,1,Encoding
14,55,2,Metacognitive
14,55,3,Decision: No justification
14,56,1,Encoding
14,56,2,Evaluation
14,56,3,Metacognitive
14,57,1,Encoding
14,57,2,Encoding
14,57,3,Encoding
14,57,4,Decision: No justification
14,58,1,Search
14,58,2,Search
14,58,3,Decision: No justification
14,59,1,Search
14,59,2,Encoding
14,59,3,Decision: No justification
14,60,1,Encoding
14,60,2,Encoding
14,60,3,Elaboration: Stock based
14,60,4,Decision: No justification
14,61,1,Search
14,61,2,Encoding
14,61,3,Encoding
14,61,4,Encoding
14,61,5,Encoding
14,61,6,Encoding
14,61,7,Decision: Mult-indicator
14,62,1,Encoding
14,62,2,Encoding
14,62,3,Encoding
14,62,4,Decision: No justification
14,63,1,Encoding
14,63,2,Encoding
14,63,3,Silent
14,63,4,Decision: No justification
14,64,1,Search
14,64,2,Search
14,64,3,Encoding
14,64,4,Encoding
14,64,5,Decision: No justification
14,65,1,Search
14,65,2,Encoding
14,65,3,Encoding
14,65,4,Evaluation
14,66,1,Search
14,66,2,Encoding
14,66,3,Uncategorized
14,66,4,Decision: No justification
14,67,1,Search
14,67,2,Encoding
14,67,3,Metacognitive
14,68,1,Metacognitive
14,69,1,Search
14,69,2,Encoding
14,69,3,Encoding
14,69,4,Metacognitive
14,69,5,Decision: No justification
14,70,1,Search
14,70,2,Encoding
14,70,3,Encoding
14,70,4,Evaluation
14,70,5,Metacognitive
14,70,6,Decision: No justification
14,71,1,Encoding
14,71,2,Encoding
14,72,1,Search
14,72,2,Search
14,72,3,Encoding
14,72,4,Encoding
14,72,5,Encoding
14,72,6,Decision: No justification
14,73,1,Search
14,73,2,Encoding
14,73,3,Encoding
14,74,1,Decision: No justification
14,75,1,Search
14,75,2,Search
14,75,3,Encoding
14,75,4,Encoding
14,75,5,Encoding
14,75,6,Decision: No justification
14,76,1,Search
14,76,2,Encoding
14,76,3,Uncategorized
14,77,1,Search
14,77,2,Encoding
14,77,3,Decision: No justification
14,78,1,Search
14,78,2,Encoding
14,78,3,Encoding
14,78,4,Decision: No justification
14,79,1,Encoding
14,79,2,Uncategorized
14,79,3,Uncategorized
14,79,4,Decision: No justification
14,80,1,Search
14,80,2,Evaluation
14,80,3,Decision: No justification
14,81,1,Metacognitive
14,81,2,Metacognitive
14,82,1,Silent
14,83,1,Metacognitive
14,83,2,Decision: No justification
14,84,1,Metacognitive
14,84,2,Metacognitive
14,85,1,Search
14,85,2,Metacognitive
14,86,1,Encoding
14,86,2,Metacognitive
14,87,1,Silent
14,88,1,Encoding
14,88,2,Evaluation
14,89,1,Encoding
14,90,1,Search
14,90,2,Encoding
14,91,1,Search
14,91,2,Encoding
14,91,3,Decision: No justification
14,92,1,Search
14,92,2,Encoding
14,92,3,Metacognitive
14,93,1,Evaluation
14,93,2,Evaluation
14,94,1,Evaluation
14,94,2,Metacognitive
14,95,1,Search
14,95,2,Evaluation
14,95,3,Metacognitive
14,96,1,Encoding
14,96,2,Encoding
14,96,3,Decision: No justification
14,97,1,Search
14,97,2,Search
14,97,3,Metacognitive
14,97,4,Metacognitive
14,97,5,Decision: No justification
14,98,1,Encoding
14,98,2,Decision: No justification
14,99,1,Search
14,99,2,Search
14,99,3,Evaluation
14,99,4,Elaboration: Indicator based
14,99,5,Decision: No justification
14,100,1,Search
14,100,2,Encoding
14,100,3,Metacognitive
14,101,1,Search
14,101,2,Encoding
14,102,1,Encoding
14,102,2,Metacognitive
14,103,1,Encoding
14,104,1,Uncategorized
14,105,1,Metacognitive
14,105,2,Metacognitive
14,106,1,Silent
14,107,1,Encoding
14,108,1,Encoding
14,108,2,Metacognitive
14,109,1,Evaluation
14,110,1,Encoding
14,111,1,Encoding
14,111,2,Metacognitive
14,111,3,Decision: No justification
14,112,1,Encoding
14,112,2,Decision: No justification
14,113,1,Metacognitive
14,114,1,Silent
14,115,1,Metacognitive
14,115,2,Metacognitive
14,116,1,Metacognitive
14,117,1,Metacognitive
14,117,2,Metacognitive
14,118,1,Silent
14,119,1,Silent
14,120,1,Search
14,120,2,Encoding
14,120,3,Metacognitive
14,120,4,Decision: No justification
15,1,1,Search
15,1,2,Uncategorized
15,1,3,Decision: Single Indicator
15,2,1,Search
15,3,1,Search
15,3,2,Search
15,3,3,Search
15,3,4,Metacognitive
15,3,5,Uncategorized
15,3,6,Elaboration: Indicator based
15,3,7,Elaboration: Indicator based
15,3,8,Elaboration: Indicator based
15,3,9,Elaboration: Indicator based
15,3,10,Elaboration: Indicator based
15,4,1,Metacognitive
15,5,1,Metacognitive
15,6,1,Metacognitive
15,7,1,Silent
15,8,1,Search
15,8,2,Evaluation
15,8,3,Uncategorized
15,8,4,Elaboration: Indicator based
15,8,5,Decision: No justification
15,9,1,Search
15,9,2,Search
15,9,3,Evaluation
15,9,4,Elaboration: Indicator based
15,9,5,Elaboration: Indicator based
15,9,6,Decision: No justification
15,10,1,Search
15,10,2,Search
15,10,3,Search
15,10,4,Evaluation
15,10,5,Elaboration: Indicator based
15,10,6,Elaboration: Indicator based
15,10,7,Elaboration: Indicator based
15,10,8,Decision: Guess
15,10,9,Decision: Guess
15,11,1,Search
15,11,2,Evaluation
15,11,3,Elaboration: Indicator based
15,12,1,Search
15,12,2,Evaluation
15,12,3,Elaboration: Indicator based
15,12,4,Decision: No justification
15,13,1,Search
15,13,2,Search
15,13,3,Evaluation
15,13,4,Elaboration: Indicator based
15,13,5,Elaboration: Indicator based
15,13,6,Decision: No justification
15,14,1,Search
15,14,2,Evaluation
15,14,3,Elaboration: Indicator based
15,14,4,Decision: No justification
15,15,1,Encoding
15,15,2,Evaluation
15,15,3,Elaboration: Indicator based
15,15,4,Decision: No justification
15,16,1,Search
15,16,2,Evaluation
15,16,3,Elaboration: Indicator based
15,16,4,Decision: No justification
15,17,1,Search
15,17,2,Search
15,17,3,Evaluation
15,17,4,Evaluation
15,17,5,Elaboration: Indicator based
15,17,6,Elaboration: Indicator based
15,17,7,Decision: No justification
15,18,1,Search
15,18,2,Search
15,18,3,Search
15,18,4,Encoding
15,18,5,Encoding
15,18,6,Encoding
15,18,7,Encoding
15,18,8,Evaluation
15,18,9,Elaboration: Indicator based
15,18,10,Elaboration: Indicator based
15,18,11,Decision: Single Indicator
15,19,1,Search
15,19,2,Encoding
15,19,3,Encoding
15,19,4,Decision: No justification
15,20,1,Encoding
15,20,2,Encoding
15,20,3,Evaluation
15,20,4,Metacognitive
15,20,5,Decision: No justification
15,21,1,Encoding
15,21,2,Encoding
15,21,3,Evaluation
15,21,4,Decision: No justification
15,22,1,Encoding
15,22,2,Encoding
15,22,3,Evaluation
15,22,4,Decision: No justification
15,23,1,Search
15,23,2,Search
15,23,3,Encoding
15,23,4,Encoding
15,23,5,Encoding
15,23,6,Encoding
15,23,7,Encoding
15,23,8,Encoding
15,23,9,Evaluation
15,23,10,Decision: Single Indicator
15,24,1,Search
15,24,2,Encoding
15,24,3,Encoding
15,24,4,Evaluation
15,24,5,Decision: No justification
15,25,1,Search
15,25,2,Search
15,25,3,Encoding
15,25,4,Encoding
15,25,5,Encoding
15,25,6,Encoding
15,25,7,Evaluation
15,25,8,Decision: No justification
15,26,1,Search
15,26,2,Encoding
15,26,3,Encoding
15,26,4,Evaluation
15,26,5,Decision: No justification
15,27,1,Search
15,27,2,Search
15,27,3,Encoding
15,27,4,Encoding
15,27,5,Encoding
15,27,6,Encoding
15,27,7,Evaluation
15,27,8,Decision: No justification
15,28,1,Search
15,28,2,Search
15,28,3,Search
15,28,4,Encoding
15,28,5,Encoding
15,28,6,Encoding
15,28,7,Encoding
15,28,8,Encoding
15,28,9,Encoding
15,28,10,Evaluation
15,28,11,Decision: Single Indicator
15,29,1,Search
15,29,2,Encoding
15,29,3,Encoding
15,29,4,Evaluation
15,29,5,Decision: No justification
15,30,1,Search
15,30,2,Encoding
15,30,3,Encoding
15,30,4,Evaluation
15,30,5,Decision: No justification
15,31,1,Search
15,31,2,Encoding
15,31,3,Encoding
15,31,4,Evaluation
15,31,5,Decision: No justification
15,32,1,Search
15,32,2,Search
15,32,3,Search
15,32,4,Encoding
15,32,5,Encoding
15,32,6,Encoding
15,32,7,Encoding
15,32,8,Encoding
15,32,9,Encoding
15,32,10,Evaluation
15,32,11,Decision: No justification
15,33,1,Search
15,33,2,Encoding
15,33,3,Encoding
15,33,4,Decision: No justification
15,34,1,Search
15,34,2,Search
15,34,3,Encoding
15,34,4,Encoding
15,34,5,Encoding
15,34,6,Encoding
15,34,7,Evaluation
15,34,8,Decision: No justification
15,35,1,Search
15,35,2,Encoding
15,35,3,Encoding
15,35,4,Evaluation
15,35,5,Decision: No justification
15,36,1,Search
15,36,2,Encoding
15,36,3,Encoding
15,36,4,Evaluation
15,36,5,Decision: No justification
15,37,1,Search
15,37,2,Search
15,37,3,Search
15,37,4,Encoding
15,37,5,Encoding
15,37,6,Encoding
15,37,7,Encoding
15,37,8,Encoding
15,37,9,Encoding
15,37,10,Evaluation
15,37,11,Decision: No justification
15,38,1,Search
15,38,2,Search
15,38,3,Search
15,38,4,Search
15,38,5,Encoding
15,38,6,Encoding
15,38,7,Encoding
15,38,8,Encoding
15,38,9,Encoding
15,38,10,Encoding
15,38,11,Evaluation
15,38,12,Metacognitive
15,38,13,Elaboration: Stock based
15,38,14,Decision: No justification
15,39,1,Search
15,39,2,Search
15,39,3,Search
15,39,4,Search
15,39,5,Encoding
15,39,6,Encoding
15,39,7,Encoding
15,39,8,Encoding
15,39,9,Encoding
15,39,10,Encoding
15,39,11,Encoding
15,39,12,Encoding
15,39,13,Evaluation
15,39,14,Decision: Mult-indicator
15,40,1,Search
15,40,2,Encoding
15,40,3,Encoding
15,40,4,Evaluation
15,40,5,Decision: No justification
15,41,1,Search
15,41,2,Search
15,41,3,Encoding
15,41,4,Encoding
15,41,5,Encoding
15,41,6,Encoding
15,41,7,Evaluation
15,41,8,Decision: No justification
15,42,1,Search
15,42,2,Encoding
15,42,3,Encoding
15,42,4,Evaluation
15,42,5,Decision: No justification
15,43,1,Search
15,43,2,Encoding
15,43,3,Encoding
15,43,4,Evaluation
15,43,5,Decision: No justification
15,44,1,Search
15,44,2,Encoding
15,44,3,Encoding
15,44,4,Evaluation
15,44,5,Decision: No justification
15,45,1,Search
15,45,2,Search
15,45,3,Search
15,45,4,Encoding
15,45,5,Encoding
15,45,6,Encoding
15,45,7,Encoding
15,45,8,Encoding
15,45,9,Encoding
15,45,10,Evaluation
15,45,11,Metacognitive
15,45,12,Decision: Single Indicator
15,46,1,Search
15,46,2,Search
15,46,3,Search
15,46,4,Encoding
15,46,5,Encoding
15,46,6,Encoding
15,46,7,Encoding
15,46,8,Encoding
15,46,9,Encoding
15,46,10,Evaluation
15,46,11,Decision: No justification
15,47,1,Search
15,47,2,Encoding
15,47,3,Encoding
15,47,4,Evaluation
15,48,1,Search
15,48,2,Search
15,48,3,Encoding
15,48,4,Encoding
15,48,5,Encoding
15,48,6,Encoding
15,48,7,Decision: No justification
15,49,1,Search
15,49,2,Encoding
15,49,3,Encoding
15,49,4,Decision: No justification
15,50,1,Search
15,50,2,Encoding
15,50,3,Encoding
15,50,4,Decision: No justification
15,51,1,Search
15,51,2,Search
15,51,3,Encoding
15,51,4,Encoding
15,51,5,Encoding
15,51,6,Encoding
15,51,7,Evaluation
15,51,8,Decision: No justification
15,52,1,Search
15,52,2,Encoding
15,52,3,Encoding
15,52,4,Evaluation
15,52,5,Decision: No justification
15,53,1,Search
15,53,2,Encoding
15,53,3,Encoding
15,53,4,Decision: No justification
15,54,1,Search
15,54,2,Search
15,54,3,Encoding
15,54,4,Encoding
15,54,5,Encoding
15,54,6,Encoding
15,54,7,Evaluation
15,54,8,Decision: No justification
15,55,1,Search
15,55,2,Encoding
15,55,3,Encoding
15,55,4,Evaluation
15,55,5,Decision: No justification
15,56,1,Search
15,56,2,Encoding
15,56,3,Encoding
15,56,4,Decision: No justification
15,57,1,Search
15,57,2,Encoding
15,57,3,Encoding
15,57,4,Decision: No justification
15,58,1,Search
15,58,2,Encoding
15,58,3,Encoding
15,58,4,Evaluation
15,58,5,Decision: No justification
15,59,1,Search
15,59,2,Encoding
15,59,3,Encoding
15,59,4,Decision: No justification
15,60,1,Search
15,60,2,Encoding
15,60,3,Encoding
15,60,4,Evaluation
15,60,5,Decision: No justification
15,61,1,Search
15,61,2,Encoding
15,61,3,Encoding
15,61,4,Decision: No justification
15,62,1,Search
15,62,2,Encoding
15,62,3,Encoding
15,62,4,Decision: No justification
15,63,1,Search
15,63,2,Encoding
15,63,3,Encoding
15,63,4,Decision: No justification
15,64,1,Search
15,64,2,Search
15,64,3,Encoding
15,64,4,Encoding
15,64,5,Encoding
15,64,6,Encoding
15,64,7,Decision: No justification
15,65,1,Search
15,65,2,Search
15,65,3,Encoding
15,65,4,Encoding
15,65,5,Encoding
15,65,6,Encoding
15,65,7,Decision: No justification
15,66,1,Search
15,66,2,Search
15,66,3,Encoding
15,66,4,Encoding
15,66,5,Encoding
15,66,6,Encoding
15,66,7,Decision: No justification
15,67,1,Search
15,67,2,Encoding
15,67,3,Encoding
15,67,4,Decision: No justification
15,68,1,Search
15,68,2,Encoding
15,68,3,Encoding
15,68,4,Evaluation
15,68,5,Decision: No justification
15,69,1,Search
15,69,2,Search
15,69,3,Search
15,69,4,Search
15,69,5,Encoding
15,69,6,Encoding
15,69,7,Encoding
15,69,8,Encoding
15,69,9,Encoding
15,69,10,Encoding
15,69,11,Encoding
15,69,12,Encoding
15,69,13,Decision: No justification
15,70,1,Search
15,70,2,Search
15,70,3,Search
15,70,4,Encoding
15,70,5,Encoding
15,70,6,Encoding
15,70,7,Encoding
15,70,8,Encoding
15,70,9,Encoding
15,70,10,Evaluation
15,70,11,Decision: No justification
15,71,1,Search
15,71,2,Search
15,71,3,Search
15,71,4,Encoding
15,71,5,Encoding
15,71,6,Encoding
15,71,7,Encoding
15,71,8,Decision: No justification
15,72,1,Search
15,72,2,Search
15,72,3,Encoding
15,72,4,Encoding
15,72,5,Encoding
15,72,6,Encoding
15,72,7,Evaluation
15,72,8,Decision: No justification
15,73,1,Search
15,73,2,Search
15,73,3,Encoding
15,73,4,Encoding
15,73,5,Encoding
15,73,6,Encoding
15,73,7,Decision: No justification
15,74,1,Search
15,74,2,Search
15,74,3,Encoding
15,74,4,Encoding
15,74,5,Encoding
15,74,6,Encoding
15,74,7,Decision: No justification
15,75,1,Search
15,75,2,Encoding
15,75,3,Encoding
15,75,4,Decision: No justification
15,76,1,Search
15,76,2,Encoding
15,76,3,Encoding
15,76,4,Metacognitive
15,76,5,Decision: No justification
15,77,1,Search
15,77,2,Encoding
15,77,3,Encoding
15,77,4,Decision: No justification
15,78,1,Search
15,78,2,Encoding
15,78,3,Encoding
15,78,4,Decision: No justification
15,79,1,Search
15,79,2,Encoding
15,79,3,Encoding
15,79,4,Evaluation
15,79,5,Decision: No justification
15,80,1,Search
15,80,2,Search
15,80,3,Encoding
15,80,4,Encoding
15,80,5,Encoding
15,80,6,Encoding
15,80,7,Decision: No justification
15,81,1,Search
15,81,2,Search
15,81,3,Encoding
15,81,4,Encoding
15,81,5,Encoding
15,81,6,Encoding
15,81,7,Decision: No justification
15,82,1,Search
15,82,2,Search
15,82,3,Encoding
15,82,4,Encoding
15,82,5,Encoding
15,82,6,Encoding
15,82,7,Decision: No justification
15,83,1,Search
15,83,2,Encoding
15,83,3,Encoding
15,83,4,Decision: No justification
15,84,1,Search
15,84,2,Encoding
15,84,3,Encoding
15,84,4,Decision: No justification
15,85,1,Search
15,85,2,Encoding
15,85,3,Encoding
15,85,4,Decision: No justification
15,86,1,Search
15,86,2,Encoding
15,86,3,Encoding
15,86,4,Decision: No justification
15,87,1,Search
15,87,2,Search
15,87,3,Encoding
15,87,4,Encoding
15,87,5,Encoding
15,87,6,Encoding
15,87,7,Decision: No justification
15,88,1,Search
15,88,2,Encoding
15,88,3,Encoding
15,88,4,Decision: No justification
15,89,1,Search
15,89,2,Encoding
15,89,3,Encoding
15,89,4,Decision: No justification
15,90,1,Search
15,90,2,Encoding
15,90,3,Encoding
15,90,4,Decision: No justification
15,91,1,Search
15,91,2,Encoding
15,91,3,Encoding
15,91,4,Evaluation
15,91,5,Decision: No justification
15,92,1,Search
15,92,2,Search
15,92,3,Encoding
15,92,4,Encoding
15,92,5,Encoding
15,92,6,Encoding
15,92,7,Decision: No justification
15,93,1,Search
15,93,2,Search
15,93,3,Encoding
15,93,4,Encoding
15,93,5,Encoding
15,93,6,Encoding
15,93,7,Decision: No justification
15,94,1,Search
15,94,2,Encoding
15,94,3,Encoding
15,94,4,Decision: No justification
15,95,1,Search
15,95,2,Search
15,95,3,Encoding
15,95,4,Encoding
15,95,5,Encoding
15,95,6,Encoding
15,95,7,Evaluation
15,95,8,Decision: No justification
15,96,1,Search
15,96,2,Search
15,96,3,Encoding
15,96,4,Encoding
15,96,5,Encoding
15,96,6,Encoding
15,96,7,Evaluation
15,96,8,Decision: No justification
15,97,1,Search
15,97,2,Search
15,97,3,Encoding
15,97,4,Encoding
15,97,5,Encoding
15,97,6,Encoding
15,97,7,Decision: No justification
15,98,1,Search
15,98,2,Encoding
15,98,3,Encoding
15,98,4,Decision: No justification
15,99,1,Search
15,99,2,Search
15,99,3,Encoding
15,99,4,Encoding
15,99,5,Encoding
15,99,6,Encoding
15,99,7,Decision: No justification
15,100,1,Search
15,100,2,Search
15,100,3,Encoding
15,100,4,Encoding
15,100,5,Encoding
15,100,6,Encoding
15,100,7,Decision: No justification
15,101,1,Search
15,101,2,Search
15,101,3,Encoding
15,101,4,Encoding
15,101,5,Encoding
15,101,6,Encoding
15,101,7,Decision: No justification
15,102,1,Search
15,102,2,Search
15,102,3,Encoding
15,102,4,Encoding
15,102,5,Encoding
15,102,6,Encoding
15,102,7,Decision: No justification
15,103,1,Search
15,103,2,Encoding
15,103,3,Encoding
15,103,4,Decision: No justification
15,104,1,Search
15,104,2,Encoding
15,104,3,Encoding
15,104,4,Decision: No justification
15,105,1,Search
15,105,2,Encoding
15,105,3,Encoding
15,105,4,Decision: No justification
15,106,1,Search
15,106,2,Search
15,106,3,Encoding
15,106,4,Encoding
15,106,5,Encoding
15,106,6,Encoding
15,106,7,Decision: No justification
15,107,1,Search
15,107,2,Search
15,107,3,Encoding
15,107,4,Encoding
15,107,5,Encoding
15,107,6,Encoding
15,107,7,Decision: No justification
15,108,1,Search
15,108,2,Encoding
15,108,3,Encoding
15,108,4,Decision: No justification
15,109,1,Search
15,109,2,Uncategorized
15,110,1,Search
15,110,2,Encoding
15,110,3,Encoding
15,110,4,Decision: No justification
15,111,1,Search
15,111,2,Encoding
15,111,3,Encoding
15,111,4,Decision: No justification
15,112,1,Search
15,112,2,Search
15,112,3,Encoding
15,112,4,Encoding
15,112,5,Encoding
15,112,6,Encoding
15,112,7,Decision: No justification
15,113,1,Search
15,113,2,Encoding
15,113,3,Encoding
15,113,4,Decision: No justification
15,114,1,Search
15,114,2,Encoding
15,114,3,Encoding
15,114,4,Decision: No justification
15,115,1,Search
15,115,2,Encoding
15,115,3,Encoding
15,115,4,Decision: No justification
15,116,1,Search
15,116,2,Search
15,116,3,Encoding
15,116,4,Encoding
15,116,5,Encoding
15,116,6,Encoding
15,116,7,Decision: No justification
15,117,1,Search
15,117,2,Evaluation
15,117,3,Uncategorized
15,118,1,Search
15,118,2,Encoding
15,118,3,Encoding
15,118,4,Decision: No justification
15,119,1,Search
15,119,2,Encoding
15,119,3,Encoding
15,119,4,Decision: No justification
15,120,1,Search
15,120,2,Encoding
15,120,3,Encoding
15,120,4,Decision: No justification
16,1,1,Search
16,1,2,Search
16,1,3,Encoding
16,1,4,Metacognitive
16,1,5,Metacognitive
16,1,6,Metacognitive
16,1,7,Decision: No justification
16,2,1,Search
16,2,2,Search
16,2,3,Evaluation
16,2,4,Decision: No justification
16,3,1,Search
16,3,2,Search
16,3,3,Search
16,3,4,Decision: No justification
16,4,1,Search
16,4,2,Search
16,4,3,Decision: No justification
16,5,1,Search
16,5,2,Search
16,5,3,Encoding
16,5,4,Evaluation
16,5,5,Decision: No justification
16,6,1,Search
16,6,2,Search
16,6,3,Search
16,6,4,Search
16,6,5,Search
16,6,6,Encoding
16,6,7,Evaluation
16,6,8,Decision: No justification
16,7,1,Search
16,7,2,Encoding
16,7,3,Decision: No justification
16,8,1,Search
16,8,2,Evaluation
16,9,1,Search
16,9,2,Evaluation
16,9,3,Metacognitive
16,9,4,Decision: No justification
16,10,1,Search
16,10,2,Search
16,10,3,Encoding
16,10,4,Encoding
16,10,5,Evaluation
16,10,6,Metacognitive
16,10,7,Decision: No justification
16,11,1,Search
16,11,2,Evaluation
16,11,3,Elaboration: Indicator based
16,11,4,Elaboration: Indicator based
16,11,5,Decision: No justification
16,12,1,Search
16,12,2,Decision: No justification
16,13,1,Search
16,13,2,Search
16,13,3,Encoding
16,13,4,Decision: No justification
16,14,1,Search
16,14,2,Search
16,14,3,Search
16,14,4,Encoding
16,14,5,Encoding
16,14,6,Decision: No justification
16,14,7,Decision: No justification
16,15,1,Search
16,15,2,Search
16,15,3,Decision: No justification
16,16,1,Search
16,16,2,Encoding
16,16,3,Evaluation
16,16,4,Decision: No justification
16,17,1,Search
16,17,2,Search
16,17,3,Encoding
16,17,4,Encoding
16,17,5,Decision: No justification
16,18,1,Search
16,18,2,Encoding
16,18,3,Decision: No justification
16,19,1,Search
16,19,2,Search
16,19,3,Search
16,19,4,Encoding
16,19,5,Encoding
16,19,6,Evaluation
16,19,7,Decision: No justification
16,20,1,Search
16,20,2,Search
16,20,3,Encoding
16,20,4,Evaluation
16,20,5,Decision: No justification
16,21,1,Search
16,21,2,Encoding
16,21,3,Decision: No justification
16,22,1,Search
16,22,2,Encoding
16,22,3,Evaluation
16,22,4,Decision: No justification
16,23,1,Search
16,23,2,Search
16,23,3,Encoding
16,23,4,Decision: No justification
16,24,1,Search
16,24,2,Encoding
16,24,3,Evaluation
16,24,4,Decision: No justification
16,25,1,Search
16,25,2,Encoding
16,25,3,Decision: No justification
16,26,1,Metacognitive
16,27,1,Silent
16,28,1,Search
16,28,2,Encoding
16,28,3,Evaluation
16,28,4,Decision: No justification
16,29,1,Search
16,29,2,Encoding
16,29,3,Decision: No justification
16,30,1,Search
16,30,2,Search
16,30,3,Encoding
16,30,4,Encoding
16,30,5,Evaluation
16,30,6,Decision: No justification
16,31,1,Search
16,31,2,Search
16,31,3,Decision: No justification
16,32,1,Search
16,32,2,Search
16,32,3,Encoding
16,32,4,Decision: No justification
16,33,1,Search
16,33,2,Search
16,33,3,Search
16,33,4,Evaluation
16,33,5,Decision: No justification
16,34,1,Search
16,34,2,Search
16,34,3,Encoding
16,34,4,Decision: No justification
16,35,1,Search
16,35,2,Search
16,35,3,Search
16,35,4,Encoding
16,35,5,Encoding
16,35,6,Evaluation
16,35,7,Decision: No justification
16,36,1,Search
16,36,2,Encoding
16,36,3,Decision: No justification
16,37,1,Search
16,37,2,Search
16,37,3,Encoding
16,37,4,Encoding
16,37,5,Uncategorized
16,37,6,Decision: No justification
16,38,1,Search
16,38,2,Search
16,38,3,Encoding
16,38,4,Decision: No justification
16,39,1,Search
16,39,2,Search
16,39,3,Encoding
16,39,4,Encoding
16,39,5,Evaluation
16,39,6,Decision: No justification
16,40,1,Search
16,40,2,Search
16,40,3,Search
16,40,4,Encoding
16,40,5,Encoding
16,40,6,Decision: No justification
16,41,1,Search
16,41,2,Search
16,41,3,Encoding
16,41,4,Decision: No justification
16,42,1,Search
16,42,2,Search
16,42,3,Encoding
16,42,4,Decision: No justification
16,43,1,Search
16,43,2,Encoding
16,43,3,Decision: No justification
16,44,1,Search
16,44,2,Search
16,44,3,Encoding
16,44,4,Decision: No justification
16,45,1,Search
16,45,2,Search
16,45,3,Encoding
16,45,4,Encoding
16,45,5,Decision: No justification
16,46,1,Search
16,46,2,Search
16,46,3,Encoding
16,46,4,Encoding
16,46,5,Decision: No justification
16,47,1,Search
16,47,2,Search
16,47,3,Encoding
16,47,4,Encoding
16,47,5,Evaluation
16,47,6,Metacognitive
16,47,7,Decision: No justification
16,47,8,Decision: No justification
16,48,1,Search
16,48,2,Search
16,48,3,Search
16,48,4,Encoding
16,48,5,Encoding
16,48,6,Decision: No justification
16,49,1,Search
16,49,2,Search
16,49,3,Encoding
16,49,4,Evaluation
16,49,5,Decision: No justification
16,50,1,Search
16,50,2,Encoding
16,50,3,Encoding
16,50,4,Decision: No justification
16,51,1,Search
16,51,2,Search
16,51,3,Encoding
16,51,4,Evaluation
16,51,5,Decision: No justification
16,52,1,Search
16,52,2,Search
16,52,3,Search
16,52,4,Encoding
16,52,5,Encoding
16,52,6,Metacognitive
16,52,7,Decision: No justification
16,53,1,Search
16,53,2,Encoding
16,53,3,Encoding
16,53,4,Decision: No justification
16,54,1,Search
16,54,2,Search
16,54,3,Search
16,54,4,Search
16,54,5,Encoding
16,54,6,Decision: No justification
16,55,1,Search
16,55,2,Search
16,55,3,Search
16,55,4,Search
16,55,5,Decision: No justification
16,56,1,Search
16,56,2,Search
16,56,3,Search
16,56,4,Encoding
16,56,5,Encoding
16,56,6,Decision: No justification
16,57,1,Search
16,57,2,Search
16,57,3,Encoding
16,57,4,Decision: No justification
16,58,1,Search
16,58,2,Search
16,58,3,Encoding
16,58,4,Encoding
16,58,5,Decision: No justification
16,59,1,Search
16,59,2,Search
16,59,3,Search
16,59,4,Search
16,59,5,Encoding
16,59,6,Encoding
16,59,7,Decision: No justification
16,60,1,Search
16,60,2,Search
16,60,3,Search
16,60,4,Encoding
16,60,5,Encoding
16,60,6,Evaluation
16,60,7,Elaboration: Holistic
16,60,8,Decision: No justification
16,61,1,Search
16,61,2,Search
16,61,3,Decision: No justification
16,62,1,Search
16,62,2,Search
16,62,3,Search
16,62,4,Encoding
16,62,5,Encoding
16,62,6,Evaluation
16,62,7,Decision: No justification
16,63,1,Search
16,63,2,Search
16,63,3,Search
16,63,4,Encoding
16,63,5,Encoding
16,63,6,Decision: No justification
16,64,1,Search
16,64,2,Search
16,64,3,Encoding
16,64,4,Decision: No justification
16,65,1,Search
16,65,2,Search
16,65,3,Search
16,65,4,Search
16,65,5,Encoding
16,65,6,Encoding
16,65,7,Decision: No justification
16,66,1,Search
16,66,2,Search
16,66,3,Search
16,66,4,Search
16,66,5,Encoding
16,66,6,Encoding
16,66,7,Evaluation
16,66,8,Elaboration: Holistic
16,66,9,Elaboration: Holistic
16,66,10,Decision: No justification
16,67,1,Search
16,67,2,Search
16,67,3,Encoding
16,67,4,Encoding
16,67,5,Decision: No justification
16,68,1,Search
16,68,2,Search
16,68,3,Search
16,68,4,Decision: No justification
16,69,1,Search
16,69,2,Search
16,69,3,Decision: No justification
16,70,1,Search
16,70,2,Search
16,70,3,Encoding
16,70,4,Metacognitive
16,70,5,Decision: No justification
16,71,1,Search
16,71,2,Search
16,71,3,Search
16,71,4,Evaluation
16,72,1,Search
16,72,2,Search
16,72,3,Search
16,72,4,Encoding
16,72,5,Encoding
16,72,6,Decision: No justification
16,73,1,Search
16,73,2,Search
16,73,3,Search
16,73,4,Search
16,73,5,Encoding
16,73,6,Encoding
16,73,7,Evaluation
16,73,8,Decision: No justification
16,74,1,Search
16,74,2,Search
16,74,3,Encoding
16,74,4,Encoding
16,74,5,Evaluation
16,74,6,Decision: Guess
16,75,1,Search
16,75,2,Search
16,75,3,Search
16,75,4,Search
16,75,5,Decision: No justification
16,76,1,Search
16,76,2,Search
16,76,3,Encoding
16,76,4,Encoding
16,76,5,Evaluation
16,76,6,Decision: No justification
16,77,1,Search
16,77,2,Search
16,77,3,Search
16,77,4,Encoding
16,77,5,Encoding
16,77,6,Evaluation
16,77,7,Decision: No justification
16,78,1,Search
16,78,2,Search
16,78,3,Search
16,78,4,Encoding
16,78,5,Encoding
16,78,6,Decision: No justification
16,79,1,Search
16,79,2,Search
16,79,3,Evaluation
16,79,4,Decision: No justification
16,80,1,Search
16,80,2,Search
16,80,3,Encoding
16,80,4,Metacognitive
16,80,5,Decision: No justification
16,81,1,Search
16,81,2,Search
16,81,3,Decision: No justification
16,82,1,Search
16,82,2,Search
16,82,3,Search
16,82,4,Encoding
16,82,5,Decision: No justification
16,83,1,Search
16,83,2,Search
16,83,3,Encoding
16,83,4,Decision: No justification
16,84,1,Search
16,84,2,Search
16,84,3,Encoding
16,84,4,Decision: No justification
16,85,1,Search
16,85,2,Search
16,85,3,Decision: No justification
16,86,1,Search
16,86,2,Search
16,86,3,Search
16,86,4,Encoding
16,86,5,Decision: No justification
16,87,1,Search
16,87,2,Search
16,87,3,Search
16,87,4,Encoding
16,87,5,Uncategorized
16,87,6,Elaboration: Indicator based
16,87,7,Decision: No justification
16,88,1,Search
16,88,2,Search
16,88,3,Search
16,88,4,Evaluation
16,88,5,Decision: No justification
16,89,1,Search
16,89,2,Decision: No justification
16,90,1,Search
16,90,2,Search
16,90,3,Decision: No justification
16,91,1,Search
16,91,2,Search
16,91,3,Encoding
16,91,4,Encoding
16,91,5,Decision: No justification
16,92,1,Search
16,92,2,Search
16,92,3,Encoding
16,92,4,Encoding
16,92,5,Decision: No justification
16,93,1,Search
16,93,2,Search
16,93,3,Encoding
16,93,4,Encoding
16,93,5,Evaluation
16,93,6,Decision: No justification
16,94,1,Search
16,94,2,Search
16,94,3,Search
16,94,4,Search
16,94,5,Encoding
16,94,6,Evaluation
16,94,7,Elaboration: Indicator based
16,94,8,Decision: Guess
16,95,1,Search
16,95,2,Search
16,95,3,Encoding
16,95,4,Encoding
16,95,5,Decision: No justification
16,96,1,Search
16,96,2,Search
16,96,3,Search
16,96,4,Encoding
16,96,5,Encoding
16,96,6,Decision: No justification
16,97,1,Search
16,97,2,Search
16,97,3,Search
16,97,4,Search
16,97,5,Encoding
16,97,6,Encoding
16,97,7,Decision: No justification
16,98,1,Search
16,98,2,Search
16,98,3,Search
16,98,4,Encoding
16,98,5,Encoding
16,98,6,Evaluation
16,98,7,Decision: Single Indicator
16,99,1,Search
16,99,2,Search
16,99,3,Decision: No justification
16,100,1,Search
16,100,2,Search
16,100,3,Encoding
16,100,4,Encoding
16,100,5,Decision: No justification
16,100,6,Decision: No justification
16,101,1,Search
16,101,2,Search
16,101,3,Search
16,101,4,Search
16,101,5,Encoding
16,101,6,Encoding
16,101,7,Decision: No justification
16,102,1,Search
16,102,2,Search
16,102,3,Search
16,102,4,Encoding
16,102,5,Encoding
16,102,6,Elaboration: Indicator based
16,102,7,Decision: No justification
16,103,1,Search
16,103,2,Search
16,103,3,Search
16,103,4,Encoding
16,103,5,Encoding
16,103,6,Decision: No justification
16,104,1,Search
16,104,2,Search
16,104,3,Encoding
16,104,4,Encoding
16,104,5,Decision: No justification
16,105,1,Search
16,105,2,Search
16,105,3,Encoding
16,105,4,Encoding
16,105,5,Decision: No justification
16,106,1,Search
16,106,2,Search
16,106,3,Encoding
16,106,4,Encoding
16,106,5,Evaluation
16,106,6,Decision: No justification
16,107,1,Search
16,107,2,Search
16,107,3,Decision: No justification
16,108,1,Search
16,108,2,Search
16,108,3,Encoding
16,108,4,Decision: No justification
16,108,5,Decision: Mult-indicator
16,109,1,Search
16,109,2,Search
16,109,3,Encoding
16,109,4,Encoding
16,109,5,Decision: Guess
16,110,1,Search
16,110,2,Search
16,110,3,Encoding
16,110,4,Encoding
16,110,5,Encoding
16,110,6,Evaluation
16,110,7,Uncategorized
16,110,8,Decision: No justification
16,111,1,Search
16,111,2,Search
16,111,3,Encoding
16,111,4,Encoding
16,111,5,Decision: No justification
16,112,1,Search
16,112,2,Search
16,112,3,Search
16,112,4,Encoding
16,112,5,Encoding
16,112,6,Decision: No justification
16,113,1,Search
16,113,2,Search
16,113,3,Search
16,113,4,Encoding
16,113,5,Encoding
16,113,6,Elaboration: Indicator based
16,113,7,Decision: Guess
16,114,1,Search
16,114,2,Search
16,114,3,Encoding
16,114,4,Encoding
16,114,5,Decision: No justification
16,115,1,Search
16,115,2,Search
16,115,3,Search
16,115,4,Encoding
16,115,5,Encoding
16,115,6,Decision: No justification
16,116,1,Search
16,116,2,Search
16,116,3,Search
16,116,4,Search
16,116,5,Encoding
16,116,6,Encoding
16,116,7,Decision: Single Indicator
16,117,1,Search
16,117,2,Search
16,117,3,Encoding
16,117,4,Encoding
16,117,5,Evaluation
16,117,6,Decision: No justification
16,118,1,Search
16,118,2,Search
16,118,3,Search
16,118,4,Encoding
16,118,5,Decision: No justification
16,119,1,Search
16,119,2,Search
16,119,3,Encoding
16,119,4,Encoding
16,119,5,Decision: No justification
16,120,1,Search
16,120,2,Search
16,120,3,Search
16,120,4,Encoding
16,120,5,Encoding
16,120,6,Decision: No justification
17,1,1,Search
17,1,2,Search
17,1,3,Encoding
17,1,4,Encoding
17,1,5,Encoding
17,1,6,Decision: No justification
17,2,1,Search
17,2,2,Encoding
17,2,3,Metacognitive
17,2,4,Decision: No justification
17,3,1,Search
17,3,2,Search
17,3,3,Search
17,3,4,Search
17,3,5,Encoding
17,3,6,Encoding
17,3,7,Encoding
17,3,8,Encoding
17,3,9,Encoding
17,3,10,Evaluation
17,3,11,Metacognitive
17,3,12,Metacognitive
17,3,13,Elaboration: Indicator based
17,3,14,Elaboration: Holistic
17,3,15,Elaboration: Holistic
17,3,16,Elaboration: Holistic
17,3,17,Decision: No justification
17,4,1,Search
17,4,2,Search
17,4,3,Search
17,4,4,Encoding
17,4,5,Encoding
17,4,6,Encoding
17,4,7,Evaluation
17,4,8,Decision: No justification
17,5,1,Search
17,5,2,Search
17,5,3,Encoding
17,5,4,Encoding
17,5,5,Decision: No justification
17,6,1,Search
17,6,2,Search
17,6,3,Encoding
17,6,4,Decision: Single Indicator
17,7,1,Search
17,7,2,Search
17,7,3,Search
17,7,4,Encoding
17,7,5,Encoding
17,7,6,Decision: No justification
17,8,1,Search
17,8,2,Search
17,8,3,Encoding
17,8,4,Encoding
17,8,5,Metacognitive
17,8,6,Decision: No justification
17,9,1,Search
17,9,2,Encoding
17,9,3,Encoding
17,9,4,Metacognitive
17,9,5,Decision: No justification
17,10,1,Search
17,10,2,Search
17,10,3,Search
17,10,4,Search
17,10,5,Encoding
17,10,6,Encoding
17,10,7,Encoding
17,10,8,Encoding
17,10,9,Metacognitive
17,10,10,Decision: No justification
17,11,1,Search
17,11,2,Search
17,11,3,Encoding
17,11,4,Encoding
17,11,5,Encoding
17,11,6,Encoding
17,11,7,Evaluation
17,11,8,Metacognitive
17,11,9,Metacognitive
17,11,10,Metacognitive
17,11,11,Decision: No justification
17,11,12,Decision: Guess
17,12,1,Search
17,12,2,Search
17,12,3,Encoding
17,12,4,Encoding
17,12,5,Encoding
17,12,6,Metacognitive
17,12,7,Decision: No justification
17,13,1,Search
17,13,2,Encoding
17,13,3,Encoding
17,13,4,Encoding
17,13,5,Evaluation
17,13,6,Metacognitive
17,13,7,Decision: Single Indicator
17,14,1,Search
17,14,2,Encoding
17,14,3,Encoding
17,14,4,Evaluation
17,14,5,Decision: No justification
17,15,1,Evaluation
17,15,2,Metacognitive
17,16,1,Evaluation
17,17,1,Evaluation
17,18,1,Evaluation
17,19,1,Evaluation
17,20,1,Evaluation
17,21,1,Silent
17,22,1,Search
17,22,2,Encoding
17,22,3,Encoding
17,22,4,Metacognitive
17,22,5,Metacognitive
17,22,6,Metacognitive
17,23,1,Search
17,23,2,Search
17,23,3,Encoding
17,23,4,Encoding
17,23,5,Encoding
17,23,6,Encoding
17,23,7,Metacognitive
17,23,8,Metacognitive
17,23,9,Metacognitive
17,23,10,Metacognitive
17,24,1,Search
17,24,2,Search
17,24,3,Search
17,24,4,Encoding
17,24,5,Encoding
17,24,6,Encoding
17,24,7,Evaluation
17,24,8,Metacognitive
17,24,9,Metacognitive
17,24,10,Decision: No justification
17,25,1,Search
17,25,2,Encoding
17,25,3,Encoding
17,25,4,Evaluation
17,25,5,Metacognitive
17,25,6,Metacognitive
17,25,7,Decision: No justification
17,26,1,Search
17,26,2,Encoding
17,26,3,Encoding
17,26,4,Evaluation
17,26,5,Metacognitive
17,26,6,Metacognitive
17,26,7,Metacognitive
17,26,8,Metacognitive
17,26,9,Decision: No justification
17,27,1,Search
17,27,2,Search
17,27,3,Encoding
17,27,4,Encoding
17,27,5,Evaluation
17,27,6,Metacognitive
17,27,7,Decision: No justification
17,28,1,Evaluation
17,28,2,Metacognitive
17,29,1,Evaluation
17,30,1,Evaluation
17,31,1,Evaluation
17,32,1,Evaluation
17,33,1,Search
17,33,2,Search
17,33,3,Encoding
17,33,4,Encoding
17,33,5,Metacognitive
17,33,6,Decision: No justification
17,34,1,Search
17,34,2,Encoding
17,34,3,Encoding
17,34,4,Evaluation
17,34,5,Metacognitive
17,35,1,Search
17,35,2,Search
17,35,3,Search
17,35,4,Encoding
17,35,5,Encoding
17,35,6,Encoding
17,35,7,Metacognitive
17,35,8,Decision: No justification
17,36,1,Search
17,36,2,Search
17,36,3,Encoding
17,36,4,Encoding
17,36,5,Encoding
17,36,6,Metacognitive
17,36,7,Decision: No justification
17,37,1,Search
17,37,2,Search
17,37,3,Encoding
17,37,4,Encoding
17,37,5,Decision: No justification
17,38,1,Search
17,38,2,Search
17,38,3,Search
17,38,4,Encoding
17,38,5,Encoding
17,38,6,Encoding
17,38,7,Decision: No justification
17,39,1,Search
17,39,2,Search
17,39,3,Search
17,39,4,Encoding
17,39,5,Encoding
17,39,6,Encoding
17,39,7,Decision: No justification
17,40,1,Search
17,40,2,Search
17,40,3,Search
17,40,4,Search
17,40,5,Encoding
17,40,6,Encoding
17,40,7,Encoding
17,40,8,Encoding
17,40,9,Metacognitive
17,40,10,Metacognitive
17,40,11,Decision: No justification
17,41,1,Search
17,41,2,Search
17,41,3,Encoding
17,41,4,Encoding
17,41,5,Decision: No justification
17,42,1,Search
17,42,2,Search
17,42,3,Encoding
17,42,4,Encoding
17,42,5,Decision: No justification
17,43,1,Search
17,43,2,Search
17,43,3,Search
17,43,4,Search
17,43,5,Encoding
17,43,6,Encoding
17,43,7,Encoding
17,43,8,Encoding
17,43,9,Evaluation
17,43,10,Decision: No justification
17,44,1,Search
17,44,2,Search
17,44,3,Encoding
17,44,4,Encoding
17,44,5,Decision: No justification
17,45,1,Search
17,45,2,Search
17,45,3,Encoding
17,45,4,Encoding
17,45,5,Decision: No justification
17,46,1,Search
17,46,2,Encoding
17,46,3,Evaluation
17,46,4,Decision: No justification
17,47,1,Search
17,47,2,Search
17,47,3,Encoding
17,47,4,Encoding
17,47,5,Decision: No justification
17,48,1,Search
17,48,2,Search
17,48,3,Encoding
17,48,4,Encoding
17,48,5,Decision: No justification
17,49,1,Search
17,49,2,Search
17,49,3,Search
17,49,4,Encoding
17,49,5,Encoding
17,49,6,Encoding
17,49,7,Evaluation
17,49,8,Metacognitive
17,49,9,Metacognitive
17,49,10,Metacognitive
17,49,11,Metacognitive
17,49,12,Metacognitive
17,49,13,Decision: No justification
17,50,1,Search
17,50,2,Encoding
17,50,3,Evaluation
17,50,4,Metacognitive
17,50,5,Decision: No justification
17,51,1,Search
17,51,2,Search
17,51,3,Encoding
17,51,4,Encoding
17,51,5,Decision: No justification
17,52,1,Search
17,52,2,Encoding
17,52,3,Decision: No justification
17,53,1,Search
17,53,2,Encoding
17,53,3,Decision: No justification
17,54,1,Search
17,54,2,Encoding
17,54,3,Evaluation
17,54,4,Metacognitive
17,54,5,Decision: No justification
17,55,1,Search
17,55,2,Search
17,55,3,Search
17,55,4,Search
17,55,5,Search
17,55,6,Encoding
17,55,7,Encoding
17,55,8,Encoding
17,55,9,Encoding
17,55,10,Encoding
17,55,11,Encoding
17,55,12,Encoding
17,55,13,Evaluation
17,55,14,Decision: No justification
17,56,1,Search
17,56,2,Search
17,56,3,Encoding
17,56,4,Encoding
17,56,5,Decision: No justification
17,57,1,Search
17,57,2,Search
17,57,3,Encoding
17,57,4,Encoding
17,57,5,Metacognitive
17,57,6,Metacognitive
17,57,7,Decision: No justification
17,58,1,Search
17,58,2,Search
17,58,3,Search
17,58,4,Encoding
17,58,5,Encoding
17,58,6,Encoding
17,58,7,Evaluation
17,58,8,Metacognitive
17,58,9,Metacognitive
17,58,10,Decision: No justification
17,59,1,Search
17,59,2,Search
17,59,3,Search
17,59,4,Search
17,59,5,Search
17,59,6,Search
17,59,7,Encoding
17,59,8,Encoding
17,59,9,Encoding
17,59,10,Encoding
17,59,11,Encoding
17,59,12,Encoding
17,59,13,Encoding
17,59,14,Encoding
17,59,15,Evaluation
17,59,16,Uncategorized
17,59,17,Decision: No justification
17,60,1,Search
17,60,2,Search
17,60,3,Encoding
17,60,4,Encoding
17,60,5,Decision: No justification
17,61,1,Search
17,61,2,Search
17,61,3,Search
17,61,4,Search
17,61,5,Encoding
17,61,6,Encoding
17,61,7,Encoding
17,61,8,Encoding
17,61,9,Decision: No justification
17,62,1,Search
17,62,2,Search
17,62,3,Search
17,62,4,Search
17,62,5,Encoding
17,62,6,Encoding
17,62,7,Encoding
17,62,8,Encoding
17,62,9,Decision: No justification
17,63,1,Search
17,63,2,Search
17,63,3,Encoding
17,63,4,Encoding
17,63,5,Evaluation
17,63,6,Decision: No justification
17,64,1,Search
17,64,2,Search
17,64,3,Search
17,64,4,Encoding
17,64,5,Encoding
17,64,6,Encoding
17,64,7,Encoding
17,64,8,Decision: No justification
17,65,1,Search
17,65,2,Search
17,65,3,Search
17,65,4,Encoding
17,65,5,Encoding
17,65,6,Encoding
17,65,7,Elaboration: Indicator based
17,65,8,Decision: No justification
17,66,1,Search
17,66,2,Search
17,66,3,Search
17,66,4,Encoding
17,66,5,Encoding
17,66,6,Encoding
17,66,7,Elaboration: Indicator based
17,66,8,Decision: No justification
17,67,1,Search
17,67,2,Search
17,67,3,Encoding
17,67,4,Encoding
17,67,5,Decision: No justification
17,68,1,Search
17,68,2,Search
17,68,3,Search
17,68,4,Encoding
17,68,5,Encoding
17,68,6,Encoding
17,68,7,Encoding
17,68,8,Evaluation
17,68,9,Decision: No justification
17,69,1,Search
17,69,2,Encoding
17,69,3,Encoding
17,69,4,Encoding
17,69,5,Elaboration: Indicator based
17,70,1,Search
17,70,2,Search
17,70,3,Encoding
17,70,4,Encoding
17,70,5,Evaluation
17,70,6,Metacognitive
17,70,7,Metacognitive
17,70,8,Decision: No justification
17,71,1,Search
17,71,2,Search
17,71,3,Encoding
17,71,4,Encoding
17,71,5,Decision: No justification
17,72,1,Search
17,72,2,Encoding
17,72,3,Evaluation
17,72,4,Decision: No justification
17,73,1,Search
17,73,2,Search
17,73,3,Search
17,73,4,Encoding
17,73,5,Encoding
17,73,6,Encoding
17,73,7,Encoding
17,73,8,Decision: No justification
17,74,1,Search
17,74,2,Search
17,74,3,Search
17,74,4,Encoding
17,74,5,Encoding
17,74,6,Encoding
17,74,7,Elaboration: Indicator based
17,74,8,Decision: No justification
17,75,1,Search
17,75,2,Search
17,75,3,Encoding
17,75,4,Encoding
17,75,5,Decision: No justification
17,76,1,Search
17,76,2,Search
17,76,3,Search
17,76,4,Search
17,76,5,Encoding
17,76,6,Encoding
17,76,7,Encoding
17,76,8,Encoding
17,76,9,Encoding
17,76,10,Encoding
17,76,11,Decision: Single Indicator
17,77,1,Search
17,77,2,Search
17,77,3,Encoding
17,77,4,Encoding
17,77,5,Encoding
17,77,6,Encoding
17,77,7,Decision: No justification
17,78,1,Search
17,78,2,Search
17,78,3,Search
17,78,4,Encoding
17,78,5,Encoding
17,78,6,Encoding
17,78,7,Encoding
17,78,8,Decision: No justification
17,79,1,Search
17,79,2,Search
17,79,3,Encoding
17,79,4,Encoding
17,79,5,Decision: No justification
17,80,1,Search
17,80,2,Search
17,80,3,Search
17,80,4,Search
17,80,5,Encoding
17,80,6,Encoding
17,80,7,Encoding
17,80,8,Encoding
17,80,9,Decision: No justification
17,81,1,Search
17,81,2,Search
17,81,3,Encoding
17,81,4,Encoding
17,81,5,Decision: No justification
17,82,1,Search
17,82,2,Search
17,82,3,Search
17,82,4,Search
17,82,5,Encoding
17,82,6,Encoding
17,82,7,Encoding
17,82,8,Encoding
17,82,9,Encoding
17,82,10,Encoding
17,83,1,Search
17,83,2,Search
17,83,3,Encoding
17,83,4,Encoding
17,83,5,Evaluation
17,83,6,Decision: No justification
17,84,1,Search
17,84,2,Search
17,84,3,Encoding
17,84,4,Encoding
17,84,5,Decision: No justification
17,85,1,Search
17,85,2,Search
17,85,3,Encoding
17,85,4,Encoding
17,85,5,Decision: No justification
17,86,1,Search
17,86,2,Search
17,86,3,Encoding
17,86,4,Encoding
17,86,5,Decision: No justification
17,87,1,Search
17,87,2,Search
17,87,3,Search
17,87,4,Search
17,87,5,Search
17,87,6,Encoding
17,87,7,Encoding
17,87,8,Encoding
17,87,9,Encoding
17,87,10,Encoding
17,87,11,Encoding
17,87,12,Encoding
17,87,13,Encoding
17,87,14,Evaluation
17,87,15,Decision: No justification
17,88,1,Search
17,88,2,Search
17,88,3,Search
17,88,4,Search
17,88,5,Encoding
17,88,6,Encoding
17,88,7,Encoding
17,88,8,Encoding
17,88,9,Encoding
17,89,1,Search
17,89,2,Search
17,89,3,Encoding
17,89,4,Encoding
17,89,5,Decision: No justification
17,90,1,Search
17,90,2,Search
17,90,3,Encoding
17,90,4,Encoding
17,90,5,Decision: No justification
17,91,1,Search
17,91,2,Search
17,91,3,Encoding
17,91,4,Encoding
17,91,5,Decision: No justification
17,92,1,Search
17,92,2,Search
17,92,3,Encoding
17,92,4,Encoding
17,92,5,Decision: No justification
17,93,1,Search
17,93,2,Search
17,93,3,Encoding
17,93,4,Encoding
17,93,5,Evaluation
17,93,6,Metacognitive
17,93,7,Decision: No justification
17,94,1,Search
17,94,2,Search
17,94,3,Search
17,94,4,Encoding
17,94,5,Encoding
17,94,6,Evaluation
17,94,7,Decision: No justification
17,95,1,Search
17,95,2,Search
17,95,3,Search
17,95,4,Encoding
17,95,5,Encoding
17,95,6,Encoding
17,95,7,Decision: No justification
17,96,1,Search
17,96,2,Search
17,96,3,Search
17,96,4,Search
17,96,5,Search
17,96,6,Search
17,96,7,Encoding
17,96,8,Encoding
17,96,9,Encoding
17,96,10,Encoding
17,96,11,Encoding
17,96,12,Encoding
17,96,13,Encoding
17,96,14,Encoding
17,96,15,Evaluation
17,96,16,Elaboration: Holistic
17,96,17,Decision: No justification
17,97,1,Search
17,97,2,Search
17,97,3,Encoding
17,97,4,Encoding
17,97,5,Decision: No justification
17,98,1,Search
17,98,2,Search
17,98,3,Search
17,98,4,Encoding
17,98,5,Encoding
17,98,6,Encoding
17,98,7,Encoding
17,98,8,Metacognitive
17,99,1,Search
17,99,2,Search
17,99,3,Encoding
17,99,4,Encoding
17,99,5,Decision: No justification
17,100,1,Search
17,100,2,Search
17,100,3,Search
17,100,4,Search
17,100,5,Encoding
17,100,6,Encoding
17,100,7,Encoding
17,100,8,Encoding
17,100,9,Decision: No justification
17,101,1,Search
17,101,2,Encoding
17,101,3,Encoding
17,101,4,Decision: No justification
17,102,1,Search
17,102,2,Search
17,102,3,Encoding
17,102,4,Encoding
17,102,5,Decision: No justification
17,103,1,Search
17,103,2,Search
17,103,3,Search
17,103,4,Search
17,103,5,Search
17,103,6,Encoding
17,103,7,Encoding
17,103,8,Encoding
17,103,9,Encoding
17,103,10,Encoding
17,103,11,Encoding
17,103,12,Encoding
17,103,13,Decision: No justification
17,104,1,Search
17,104,2,Encoding
17,104,3,Encoding
17,104,4,Encoding
17,104,5,Elaboration: Indicator based
17,104,6,Decision: No justification
17,105,1,Search
17,105,2,Search
17,105,3,Encoding
17,105,4,Encoding
17,105,5,Decision: No justification
17,106,1,Search
17,106,2,Search
17,106,3,Encoding
17,106,4,Encoding
17,106,5,Decision: No justification
17,107,1,Search
17,107,2,Search
17,107,3,Encoding
17,107,4,Encoding
17,107,5,Evaluation
17,107,6,Decision: No justification
17,108,1,Search
17,108,2,Search
17,108,3,Search
17,108,4,Encoding
17,108,5,Encoding
17,108,6,Evaluation
17,108,7,Metacognitive
17,109,1,Search
17,109,2,Search
17,109,3,Search
17,109,4,Search
17,109,5,Encoding
17,109,6,Encoding
17,109,7,Encoding
17,109,8,Encoding
17,109,9,Encoding
17,109,10,Encoding
17,109,11,Decision: No justification
17,110,1,Search
17,110,2,Search
17,110,3,Encoding
17,110,4,Encoding
17,110,5,Decision: No justification
17,111,1,Search
17,111,2,Search
17,111,3,Encoding
17,111,4,Encoding
17,111,5,Metacognitive
17,111,6,Decision: No justification
17,112,1,Search
17,112,2,Search
17,112,3,Encoding
17,112,4,Encoding
17,112,5,Decision: No justification
17,113,1,Search
17,113,2,Search
17,113,3,Encoding
17,113,4,Encoding
17,113,5,Decision: No justification
17,114,1,Search
17,114,2,Search
17,114,3,Encoding
17,114,4,Encoding
17,114,5,Decision: No justification
17,115,1,Search
17,115,2,Search
17,115,3,Encoding
17,115,4,Encoding
17,115,5,Decision: No justification
17,116,1,Search
17,116,2,Search
17,116,3,Encoding
17,116,4,Encoding
17,116,5,Decision: No justification
17,117,1,Search
17,117,2,Search
17,117,3,Encoding
17,117,4,Encoding
17,117,5,Decision: No justification
17,118,1,Search
17,118,2,Search
17,118,3,Search
17,118,4,Encoding
17,118,5,Encoding
17,118,6,Metacognitive
17,118,7,Decision: No justification
17,119,1,Search
17,119,2,Search
17,119,3,Encoding
17,119,4,Encoding
17,119,5,Evaluation
17,119,6,Decision: No justification
17,120,1,Search
17,120,2,Search
17,120,3,Encoding
17,120,4,Encoding
17,120,5,Evaluation
17,120,6,Uncategorized
17,120,7,Decision: No justification
18,1,1,Search
18,1,2,Evaluation
18,1,3,Metacognitive
18,1,4,Metacognitive
18,1,5,Uncategorized
18,1,6,Elaboration: Holistic
18,1,7,Decision: Single Indicator
18,2,1,Search
18,2,2,Search
18,2,3,Evaluation
18,2,4,Metacognitive
18,2,5,Uncategorized
18,2,6,Elaboration: Holistic
18,2,7,Decision: No justification
18,3,1,Search
18,3,2,Search
18,3,3,Evaluation
18,3,4,Elaboration: Stock based
18,3,5,Decision: No justification
18,4,1,Metacognitive
18,4,2,Elaboration: Stock based
18,4,3,Decision: No justification
18,5,1,Evaluation
18,5,2,Metacognitive
18,5,3,Metacognitive
18,5,4,Elaboration: Stock based
18,5,5,Decision: No justification
18,6,1,Evaluation
18,6,2,Metacognitive
18,6,3,Elaboration: Stock based
18,6,4,Decision: No justification
18,7,1,Search
18,7,2,Search
18,7,3,Evaluation
18,7,4,Elaboration: Indicator based
18,7,5,Elaboration: Holistic
18,7,6,Decision: Single Indicator
18,8,1,Search
18,8,2,Search
18,8,3,Evaluation
18,8,4,Elaboration: Holistic
18,8,5,Elaboration: Holistic
18,8,6,Decision: Guess
18,9,1,Metacognitive
18,10,1,Metacognitive
18,11,1,Metacognitive
18,11,2,Metacognitive
18,12,1,Metacognitive
18,12,2,Metacognitive
18,12,3,Metacognitive
18,13,1,Search
18,13,2,Search
18,13,3,Metacognitive
18,13,4,Uncategorized
18,13,5,Decision: No justification
18,14,1,Metacognitive
18,15,1,Silent
18,16,1,Metacognitive
18,16,2,Metacognitive
18,17,1,Metacognitive
18,18,1,Metacognitive
18,19,1,Search
18,19,2,Metacognitive
18,19,3,Metacognitive
18,19,4,Metacognitive
18,20,1,Search
18,20,2,Evaluation
18,20,3,Uncategorized
18,20,4,Elaboration: Indicator based
18,21,1,Decision: No justification
18,22,1,Metacognitive
18,22,2,Metacognitive
18,23,1,Metacognitive
18,23,2,Metacognitive
18,24,1,Silent
18,25,1,Metacognitive
18,25,2,Metacognitive
18,26,1,Evaluation
18,27,1,Metacognitive
18,28,1,Metacognitive
18,28,2,Metacognitive
18,28,3,Decision: No justification
18,29,1,Decision: No justification
18,30,1,Search
18,30,2,Evaluation
18,30,3,Metacognitive
18,30,4,Elaboration: Indicator based
18,30,5,Decision: Guess
18,31,1,Evaluation
18,31,2,Decision: No justification
18,31,3,Decision: Single Indicator
18,32,1,Metacognitive
18,33,1,Evaluation
18,33,2,Decision: No justification
18,34,1,Metacognitive
18,35,1,Evaluation
18,35,2,Metacognitive
18,35,3,Metacognitive
18,35,4,Uncategorized
18,35,5,Uncategorized
18,36,1,Metacognitive
18,36,2,Metacognitive
18,37,1,Silent
18,38,1,Metacognitive
18,38,2,Metacognitive
18,39,1,Metacognitive
18,40,1,Metacognitive
18,41,1,Metacognitive
18,41,2,Metacognitive
18,42,1,Search
18,42,2,Metacognitive
18,42,3,Decision: No justification
18,43,1,Metacognitive
18,44,1,Decision: No justification
18,45,1,Silent
18,46,1,Metacognitive
18,47,1,Metacognitive
18,48,1,Metacognitive
18,49,1,Silent
18,50,1,Evaluation
18,50,2,Metacognitive
18,51,1,Metacognitive
18,51,2,Metacognitive
18,52,1,Metacognitive
18,53,1,Metacognitive
18,54,1,Metacognitive
18,55,1,Metacognitive
18,56,1,Silent
18,57,1,Metacognitive
18,58,1,Encoding
18,58,2,Encoding
18,58,3,Encoding
18,58,4,Encoding
18,58,5,Evaluation
18,58,6,Elaboration: Holistic
18,58,7,Decision: No justification
18,59,1,Decision: No justification
18,59,2,Decision: Mult-indicator
18,60,1,Evaluation
18,60,2,Decision: Guess
18,60,3,Decision: Guess
18,61,1,Decision: Mult-indicator
18,62,1,Decision: Mult-indicator
18,63,1,Evaluation
18,63,2,Metacognitive
18,63,3,Elaboration: Holistic
18,63,4,Decision: Single Indicator
18,64,1,Silent
18,65,1,Elaboration: Stock based
18,65,2,Decision: No justification
18,66,1,Metacognitive
18,66,2,Decision: No justification
18,67,1,Metacognitive
18,68,1,Elaboration: Stock based
18,68,2,Decision: No justification
18,69,1,Elaboration: Stock based
18,69,2,Decision: No justification
18,70,1,Search
18,70,2,Search
18,70,3,Evaluation
18,70,4,Metacognitive
18,70,5,Uncategorized
18,70,6,Elaboration: Holistic
18,70,7,Elaboration: Holistic
18,71,1,Decision: Mult-indicator
18,72,1,Decision: Mult-indicator
18,73,1,Evaluation
18,73,2,Elaboration: Holistic
18,73,3,Elaboration: Holistic
18,73,4,Decision: No justification
18,74,1,Silent
18,75,1,Metacognitive
18,76,1,Metacognitive
18,77,1,Metacognitive
18,78,1,Silent
18,79,1,Evaluation
18,80,1,Metacognitive
18,80,2,Metacognitive
18,81,1,Silent
18,82,1,Metacognitive
18,83,1,Metacognitive
18,83,2,Metacognitive
18,84,1,Silent
18,85,1,Metacognitive
18,86,1,Metacognitive
18,87,1,Decision: Single Indicator
18,88,1,Decision: Single Indicator
18,89,1,Evaluation
18,89,2,Elaboration: Indicator based
18,89,3,Decision: No justification
18,90,1,Decision: Single Indicator
18,91,1,Evaluation
18,91,2,Metacognitive
18,91,3,Elaboration: Stock based
18,92,1,Evaluation
18,92,2,Elaboration: Stock based
18,92,3,Decision: No justification
18,93,1,Metacognitive
18,93,2,Decision: No justification
18,94,1,Metacognitive
18,94,2,Decision: No justification
18,95,1,Evaluation
18,95,2,Metacognitive
18,95,3,Decision: Mult-indicator
18,96,1,Decision: Mult-indicator
18,97,1,Search
18,97,2,Search
18,97,3,Evaluation
18,97,4,Uncategorized
18,98,1,Evaluation
18,98,2,Metacognitive
18,98,3,Decision: No justification
18,99,1,Evaluation
18,99,2,Decision: No justification
18,100,1,Decision: No justification
18,101,1,Encoding
18,101,2,Metacognitive
18,101,3,Metacognitive
18,101,4,Elaboration: Holistic
18,102,1,Evaluation
18,102,2,Metacognitive
18,102,3,Elaboration: Holistic
18,102,4,Decision: No justification
18,103,1,Metacognitive
18,104,1,Evaluation
18,104,2,Metacognitive
18,105,1,Decision: No justification
18,106,1,Encoding
18,106,2,Decision: No justification
18,107,1,Evaluation
18,107,2,Elaboration: Stock based
18,107,3,Decision: No justification
18,108,1,Elaboration: Stock based
18,108,2,Elaboration: Holistic
18,108,3,Decision: No justification
18,109,1,Metacognitive
18,109,2,Metacognitive
18,110,1,Elaboration: Holistic
18,110,2,Decision: No justification
18,111,1,Decision: No justification
18,112,1,Decision: Mult-indicator
18,113,1,Decision: Single Indicator
18,114,1,Metacognitive
18,114,2,Decision: No justification
18,115,1,Metacognitive
18,115,2,Metacognitive
18,116,1,Silent
18,117,1,Silent
18,118,1,Search
18,118,2,Encoding
18,118,3,Encoding
18,118,4,Encoding
18,118,5,Encoding
18,118,6,Metacognitive
18,119,1,Encoding
18,119,2,Encoding
18,119,3,Encoding
18,119,4,Decision: Mult-indicator
18,120,1,Encoding
18,120,2,Encoding
18,120,3,Encoding
18,120,4,Decision: No justification
19,1,1,Search
19,1,2,Encoding
19,1,3,Encoding
19,1,4,Encoding
19,1,5,Elaboration: Indicator based
19,1,6,Decision: Single Indicator
19,2,1,Search
19,2,2,Search
19,2,3,Search
19,2,4,Search
19,2,5,Encoding
19,2,6,Encoding
19,2,7,Encoding
19,2,8,Encoding
19,2,9,Decision: No justification
19,3,1,Search
19,3,2,Search
19,3,3,Search
19,3,4,Search
19,3,5,Encoding
19,3,6,Encoding
19,3,7,Encoding
19,3,8,Encoding
19,3,9,Decision: No justification
19,4,1,Search
19,4,2,Search
19,4,3,Encoding
19,4,4,Encoding
19,4,5,Encoding
19,4,6,Elaboration: Indicator based
19,4,7,Decision: No justification
19,5,1,Search
19,5,2,Search
19,5,3,Search
19,5,4,Search
19,5,5,Search
19,5,6,Encoding
19,5,7,Encoding
19,5,8,Encoding
19,5,9,Encoding
19,5,10,Encoding
19,5,11,Elaboration: Indicator based
19,5,12,Elaboration: Indicator based
19,5,13,Elaboration: Indicator based
19,5,14,Decision: No justification
19,6,1,Search
19,6,2,Search
19,6,3,Encoding
19,6,4,Encoding
19,6,5,Decision: No justification
19,7,1,Search
19,7,2,Search
19,7,3,Search
19,7,4,Encoding
19,7,5,Encoding
19,7,6,Encoding
19,7,7,Elaboration: Indicator based
19,7,8,Decision: No justification
19,8,1,Search
19,8,2,Search
19,8,3,Search
19,8,4,Encoding
19,8,5,Encoding
19,8,6,Encoding
19,8,7,Encoding
19,8,8,Decision: No justification
19,9,1,Search
19,9,2,Search
19,9,3,Encoding
19,9,4,Encoding
19,9,5,Decision: No justification
19,10,1,Search
19,10,2,Search
19,10,3,Encoding
19,10,4,Encoding
19,10,5,Decision: No justification
19,11,1,Search
19,11,2,Search
19,11,3,Encoding
19,11,4,Encoding
19,11,5,Decision: No justification
19,12,1,Search
19,12,2,Search
19,12,3,Search
19,12,4,Search
19,12,5,Encoding
19,12,6,Encoding
19,12,7,Encoding
19,12,8,Encoding
19,12,9,Encoding
19,12,10,Elaboration: Indicator based
19,12,11,Decision: No justification
19,13,1,Search
19,13,2,Search
19,13,3,Encoding
19,13,4,Encoding
19,13,5,Decision: No justification
19,14,1,Search
19,14,2,Search
19,14,3,Search
19,14,4,Encoding
19,14,5,Encoding
19,14,6,Encoding
19,14,7,Encoding
19,14,8,Decision: No justification
19,15,1,Search
19,15,2,Search
19,15,3,Encoding
19,15,4,Encoding
19,15,5,Decision: No justification
19,16,1,Search
19,16,2,Search
19,16,3,Search
19,16,4,Search
19,16,5,Encoding
19,16,6,Encoding
19,16,7,Encoding
19,16,8,Encoding
19,16,9,Elaboration: Indicator based
19,16,10,Elaboration: Indicator based
19,16,11,Decision: No justification
19,17,1,Search
19,17,2,Evaluation
19,17,3,Decision: No justification
19,18,1,Search
19,18,2,Search
19,18,3,Search
19,18,4,Encoding
19,18,5,Encoding
19,18,6,Encoding
19,18,7,Elaboration: Indicator based
19,18,8,Decision: No justification
19,19,1,Search
19,19,2,Search
19,19,3,Encoding
19,19,4,Encoding
19,19,5,Decision: No justification
19,20,1,Search
19,20,2,Search
19,20,3,Encoding
19,20,4,Encoding
19,20,5,Decision: No justification
19,21,1,Search
19,21,2,Search
19,21,3,Encoding
19,21,4,Encoding
19,21,5,Decision: Single Indicator
19,22,1,Search
19,22,2,Search
19,22,3,Encoding
19,22,4,Encoding
19,22,5,Decision: No justification
19,23,1,Search
19,23,2,Search
19,23,3,Encoding
19,23,4,Encoding
19,23,5,Evaluation
19,23,6,Decision: Single Indicator
19,24,1,Search
19,24,2,Search
19,24,3,Search
19,24,4,Encoding
19,24,5,Encoding
19,24,6,Metacognitive
19,24,7,Elaboration: Indicator based
19,24,8,Elaboration: Indicator based
19,24,9,Decision: No justification
19,25,1,Search
19,25,2,Search
19,25,3,Search
19,25,4,Search
19,25,5,Encoding
19,25,6,Encoding
19,25,7,Encoding
19,25,8,Elaboration: Indicator based
19,25,9,Elaboration: Indicator based
19,25,10,Elaboration: Indicator based
19,25,11,Decision: No justification
19,26,1,Search
19,26,2,Search
19,26,3,Search
19,26,4,Encoding
19,26,5,Encoding
19,26,6,Encoding
19,26,7,Elaboration: Indicator based
19,26,8,Decision: No justification
19,27,1,Search
19,27,2,Search
19,27,3,Encoding
19,27,4,Encoding
19,27,5,Decision: No justification
19,28,1,Search
19,28,2,Search
19,28,3,Search
19,28,4,Search
19,28,5,Encoding
19,28,6,Encoding
19,28,7,Encoding
19,28,8,Encoding
19,28,9,Elaboration: Indicator based
19,28,10,Elaboration: Indicator based
19,28,11,Decision: No justification
19,29,1,Search
19,29,2,Search
19,29,3,Encoding
19,29,4,Encoding
19,29,5,Decision: No justification
19,30,1,Search
19,30,2,Search
19,30,3,Search
19,30,4,Encoding
19,30,5,Encoding
19,30,6,Encoding
19,30,7,Encoding
19,30,8,Elaboration: Indicator based
19,30,9,Elaboration: Indicator based
19,30,10,Decision: No justification
19,31,1,Search
19,31,2,Search
19,31,3,Encoding
19,31,4,Encoding
19,31,5,Decision: No justification
19,32,1,Search
19,32,2,Search
19,32,3,Search
19,32,4,Search
19,32,5,Search
19,32,6,Encoding
19,32,7,Encoding
19,32,8,Elaboration: Indicator based
19,32,9,Decision: Guess
19,33,1,Search
19,33,2,Search
19,33,3,Search
19,33,4,Encoding
19,33,5,Encoding
19,33,6,Encoding
19,33,7,Elaboration: Indicator based
19,33,8,Decision: No justification
19,34,1,Search
19,34,2,Search
19,34,3,Search
19,34,4,Encoding
19,34,5,Encoding
19,34,6,Encoding
19,34,7,Elaboration: Indicator based
19,34,8,Decision: No justification
19,35,1,Search
19,35,2,Search
19,35,3,Search
19,35,4,Search
19,35,5,Encoding
19,35,6,Encoding
19,35,7,Encoding
19,35,8,Encoding
19,35,9,Elaboration: Indicator based
19,35,10,Elaboration: Indicator based
19,35,11,Decision: No justification
19,36,1,Search
19,36,2,Search
19,36,3,Encoding
19,36,4,Encoding
19,36,5,Decision: No justification
19,37,1,Search
19,37,2,Search
19,37,3,Search
19,37,4,Search
19,37,5,Encoding
19,37,6,Encoding
19,37,7,Encoding
19,37,8,Elaboration: Indicator based
19,37,9,Elaboration: Indicator based
19,37,10,Elaboration: Indicator based
19,37,11,Decision: Guess
19,38,1,Search
19,38,2,Search
19,38,3,Encoding
19,38,4,Decision: Single Indicator
19,39,1,Search
19,39,2,Search
19,39,3,Search
19,39,4,Encoding
19,39,5,Encoding
19,39,6,Elaboration: Indicator based
19,39,7,Decision: Mult-indicator
19,40,1,Search
19,40,2,Search
19,40,3,Search
19,40,4,Encoding
19,40,5,Evaluation
19,40,6,Elaboration: Indicator based
19,40,7,Elaboration: Indicator based
19,40,8,Decision: Single Indicator
19,41,1,Search
19,41,2,Search
19,41,3,Search
19,41,4,Search
19,41,5,Search
19,41,6,Encoding
19,41,7,Encoding
19,41,8,Encoding
19,41,9,Encoding
19,41,10,Encoding
19,41,11,Elaboration: Indicator based
19,41,12,Elaboration: Indicator based
19,41,13,Decision: No justification
19,42,1,Search
19,42,2,Search
19,42,3,Search
19,42,4,Encoding
19,42,5,Encoding
19,42,6,Decision: No justification
19,43,1,Search
19,43,2,Search
19,43,3,Search
19,43,4,Encoding
19,43,5,Encoding
19,43,6,Encoding
19,43,7,Evaluation
19,43,8,Elaboration: Indicator based
19,43,9,Decision: No justification
19,44,1,Search
19,44,2,Search
19,44,3,Search
19,44,4,Search
19,44,5,Encoding
19,44,6,Encoding
19,44,7,Encoding
19,44,8,Elaboration: Indicator based
19,44,9,Elaboration: Indicator based
19,44,10,Decision: Single Indicator
19,45,1,Search
19,45,2,Search
19,45,3,Decision: Single Indicator
19,46,1,Search
19,46,2,Search
19,46,3,Search
19,46,4,Search
19,46,5,Encoding
19,46,6,Encoding
19,46,7,Elaboration: Indicator based
19,46,8,Decision: No justification
19,47,1,Search
19,47,2,Search
19,47,3,Search
19,47,4,Search
19,47,5,Encoding
19,47,6,Encoding
19,47,7,Encoding
19,47,8,Decision: No justification
19,48,1,Search
19,48,2,Search
19,48,3,Search
19,48,4,Encoding
19,48,5,Encoding
19,48,6,Encoding
19,48,7,Elaboration: Indicator based
19,48,8,Decision: No justification
19,49,1,Search
19,49,2,Search
19,49,3,Search
19,49,4,Encoding
19,49,5,Encoding
19,49,6,Decision: No justification
19,50,1,Search
19,50,2,Search
19,50,3,Search
19,50,4,Search
19,50,5,Search
19,50,6,Encoding
19,50,7,Encoding
19,50,8,Encoding
19,50,9,Elaboration: Indicator based
19,50,10,Decision: No justification
19,51,1,Search
19,51,2,Search
19,51,3,Search
19,51,4,Encoding
19,51,5,Encoding
19,51,6,Decision: No justification
19,52,1,Search
19,52,2,Search
19,52,3,Search
19,52,4,Encoding
19,52,5,Encoding
19,52,6,Elaboration: Stock based
19,52,7,Decision: No justification
19,53,1,Search
19,53,2,Search
19,53,3,Search
19,53,4,Search
19,53,5,Encoding
19,53,6,Encoding
19,53,7,Encoding
19,53,8,Metacognitive
19,53,9,Decision: No justification
19,54,1,Search
19,54,2,Search
19,54,3,Search
19,54,4,Encoding
19,54,5,Encoding
19,54,6,Evaluation
19,54,7,Decision: No justification
19,55,1,Search
19,55,2,Search
19,55,3,Search
19,55,4,Encoding
19,55,5,Encoding
19,55,6,Decision: No justification
19,56,1,Search
19,56,2,Search
19,56,3,Search
19,56,4,Encoding
19,56,5,Encoding
19,56,6,Evaluation
19,56,7,Decision: No justification
19,57,1,Search
19,57,2,Search
19,57,3,Search
19,57,4,Search
19,57,5,Encoding
19,57,6,Encoding
19,57,7,Encoding
19,57,8,Decision: No justification
19,58,1,Search
19,58,2,Search
19,58,3,Search
19,58,4,Search
19,58,5,Search
19,58,6,Encoding
19,58,7,Encoding
19,58,8,Encoding
19,58,9,Encoding
19,58,10,Encoding
19,58,11,Elaboration: Indicator based
19,58,12,Decision: No justification
19,59,1,Search
19,59,2,Search
19,59,3,Search
19,59,4,Search
19,59,5,Search
19,59,6,Encoding
19,59,7,Encoding
19,59,8,Encoding
19,59,9,Elaboration: Stock based
19,59,10,Decision: No justification
19,60,1,Search
19,60,2,Search
19,60,3,Search
19,60,4,Search
19,60,5,Encoding
19,60,6,Encoding
19,60,7,Encoding
19,60,8,Decision: Single Indicator
19,61,1,Search
19,61,2,Search
19,61,3,Search
19,61,4,Encoding
19,61,5,Encoding
19,61,6,Decision: No justification
19,62,1,Search
19,62,2,Search
19,62,3,Search
19,62,4,Search
19,62,5,Search
19,62,6,Encoding
19,62,7,Encoding
19,62,8,Encoding
19,62,9,Encoding
19,62,10,Encoding
19,62,11,Decision: No justification
19,63,1,Search
19,63,2,Search
19,63,3,Search
19,63,4,Search
19,63,5,Search
19,63,6,Encoding
19,63,7,Encoding
19,63,8,Encoding
19,63,9,Encoding
19,63,10,Elaboration: Indicator based
19,63,11,Elaboration: Indicator based
19,63,12,Elaboration: Indicator based
19,63,13,Elaboration: Indicator based
19,63,14,Decision: No justification
19,64,1,Search
19,64,2,Search
19,64,3,Search
19,64,4,Encoding
19,64,5,Encoding
19,64,6,Decision: No justification
19,65,1,Search
19,65,2,Search
19,65,3,Encoding
19,65,4,Encoding
19,65,5,Decision: No justification
19,66,1,Search
19,66,2,Search
19,66,3,Search
19,66,4,Search
19,66,5,Search
19,66,6,Encoding
19,66,7,Encoding
19,66,8,Encoding
19,66,9,Encoding
19,66,10,Decision: No justification
19,67,1,Search
19,67,2,Search
19,67,3,Search
19,67,4,Encoding
19,67,5,Encoding
19,67,6,Decision: No justification
19,68,1,Search
19,68,2,Search
19,68,3,Search
19,68,4,Search
19,68,5,Encoding
19,68,6,Encoding
19,68,7,Encoding
19,68,8,Decision: No justification
19,69,1,Search
19,69,2,Search
19,69,3,Search
19,69,4,Encoding
19,69,5,Encoding
19,69,6,Encoding
19,69,7,Decision: No justification
19,70,1,Search
19,70,2,Search
19,70,3,Search
19,70,4,Encoding
19,70,5,Encoding
19,70,6,Encoding
19,70,7,Decision: No justification
19,71,1,Search
19,71,2,Search
19,71,3,Search
19,71,4,Search
19,71,5,Encoding
19,71,6,Encoding
19,71,7,Encoding
19,71,8,Encoding
19,71,9,Evaluation
19,71,10,Decision: Single Indicator
19,72,1,Search
19,72,2,Search
19,72,3,Search
19,72,4,Encoding
19,72,5,Encoding
19,72,6,Encoding
19,72,7,Encoding
19,72,8,Decision: Single Indicator
19,73,1,Search
19,73,2,Search
19,73,3,Search
19,73,4,Encoding
19,73,5,Encoding
19,73,6,Decision: No justification
19,74,1,Search
19,74,2,Search
19,74,3,Search
19,74,4,Search
19,74,5,Search
19,74,6,Search
19,74,7,Encoding
19,74,8,Encoding
19,74,9,Encoding
19,74,10,Encoding
19,74,11,Decision: No justification
19,75,1,Search
19,75,2,Search
19,75,3,Search
19,75,4,Encoding
19,75,5,Encoding
19,75,6,Decision: No justification
19,76,1,Search
19,76,2,Search
19,76,3,Search
19,76,4,Encoding
19,76,5,Encoding
19,76,6,Decision: No justification
19,77,1,Search
19,77,2,Search
19,77,3,Search
19,77,4,Search
19,77,5,Encoding
19,77,6,Encoding
19,77,7,Encoding
19,77,8,Decision: No justification
19,78,1,Search
19,78,2,Search
19,78,3,Encoding
19,78,4,Encoding
19,78,5,Decision: No justification
19,79,1,Search
19,79,2,Search
19,79,3,Search
19,79,4,Search
19,79,5,Encoding
19,79,6,Encoding
19,79,7,Encoding
19,79,8,Decision: No justification
19,80,1,Search
19,80,2,Search
19,80,3,Search
19,80,4,Search
19,80,5,Search
19,80,6,Encoding
19,80,7,Encoding
19,80,8,Encoding
19,80,9,Encoding
19,80,10,Decision: Single Indicator
19,80,11,Decision: Single Indicator
19,81,1,Search
19,81,2,Search
19,81,3,Search
19,81,4,Search
19,81,5,Search
19,81,6,Search
19,81,7,Encoding
19,81,8,Encoding
19,81,9,Encoding
19,81,10,Encoding
19,81,11,Encoding
19,81,12,Decision: Mult-indicator
19,82,1,Search
19,82,2,Search
19,82,3,Search
19,82,4,Search
19,82,5,Search
19,82,6,Search
19,82,7,Search
19,82,8,Encoding
19,82,9,Encoding
19,82,10,Encoding
19,82,11,Encoding
19,82,12,Encoding
19,82,13,Encoding
19,82,14,Decision: No justification
19,83,1,Search
19,83,2,Search
19,83,3,Search
19,83,4,Encoding
19,83,5,Elaboration: Indicator based
19,83,6,Decision: No justification
19,84,1,Search
19,84,2,Search
19,84,3,Search
19,84,4,Encoding
19,84,5,Encoding
19,84,6,Encoding
19,84,7,Encoding
19,84,8,Decision: No justification
19,85,1,Search
19,85,2,Search
19,85,3,Encoding
19,85,4,Encoding
19,85,5,Decision: No justification
19,86,1,Search
19,86,2,Search
19,86,3,Search
19,86,4,Search
19,86,5,Search
19,86,6,Search
19,86,7,Encoding
19,86,8,Encoding
19,86,9,Encoding
19,86,10,Encoding
19,86,11,Encoding
19,86,12,Elaboration: Indicator based
19,86,13,Decision: No justification
19,87,1,Search
19,87,2,Search
19,87,3,Search
19,87,4,Encoding
19,87,5,Encoding
19,87,6,Elaboration: Indicator based
19,87,7,Decision: No justification
19,88,1,Search
19,88,2,Search
19,88,3,Search
19,88,4,Search
19,88,5,Search
19,88,6,Encoding
19,88,7,Encoding
19,88,8,Encoding
19,88,9,Encoding
19,88,10,Decision: Mult-indicator
19,89,1,Silent
19,90,1,Search
19,90,2,Search
19,90,3,Encoding
19,90,4,Encoding
19,90,5,Decision: No justification
19,91,1,Search
19,91,2,Search
19,91,3,Search
19,91,4,Encoding
19,91,5,Encoding
19,91,6,Decision: No justification
19,92,1,Search
19,92,2,Search
19,92,3,Search
19,92,4,Search
19,92,5,Encoding
19,92,6,Encoding
19,92,7,Encoding
19,92,8,Encoding
19,92,9,Decision: No justification
19,93,1,Search
19,93,2,Search
19,93,3,Search
19,93,4,Search
19,93,5,Encoding
19,93,6,Encoding
19,93,7,Encoding
19,93,8,Encoding
19,93,9,Encoding
19,93,10,Elaboration: Indicator based
19,93,11,Decision: No justification
19,94,1,Search
19,94,2,Search
19,94,3,Search
19,94,4,Encoding
19,94,5,Encoding
19,94,6,Decision: No justification
19,95,1,Search
19,95,2,Search
19,95,3,Search
19,95,4,Search
19,95,5,Encoding
19,95,6,Encoding
19,95,7,Encoding
19,95,8,Elaboration: Indicator based
19,95,9,Decision: No justification
19,96,1,Search
19,96,2,Search
19,96,3,Search
19,96,4,Search
19,96,5,Encoding
19,96,6,Encoding
19,96,7,Encoding
19,96,8,Encoding
19,96,9,Elaboration: Indicator based
19,96,10,Decision: No justification
19,96,11,Decision: No justification
19,97,1,Search
19,97,2,Search
19,97,3,Search
19,97,4,Search
19,97,5,Search
19,97,6,Encoding
19,97,7,Encoding
19,97,8,Encoding
19,97,9,Elaboration: Indicator based
19,97,10,Decision: No justification
19,98,1,Search
19,98,2,Search
19,98,3,Encoding
19,98,4,Encoding
19,98,5,Decision: No justification
19,99,1,Search
19,99,2,Search
19,99,3,Encoding
19,99,4,Encoding
19,99,5,Decision: No justification
19,100,1,Search
19,100,2,Search
19,100,3,Search
19,100,4,Search
19,100,5,Search
19,100,6,Encoding
19,100,7,Encoding
19,100,8,Encoding
19,100,9,Decision: No justification
19,101,1,Search
19,101,2,Search
19,101,3,Encoding
19,101,4,Encoding
19,101,5,Decision: Single Indicator
19,102,1,Search
19,102,2,Search
19,102,3,Encoding
19,102,4,Encoding
19,102,5,Decision: No justification
19,103,1,Search
19,103,2,Search
19,103,3,Search
19,103,4,Search
19,103,5,Search
19,103,6,Encoding
19,103,7,Encoding
19,103,8,Encoding
19,103,9,Encoding
19,103,10,Encoding
19,103,11,Encoding
19,103,12,Elaboration: Indicator based
19,103,13,Elaboration: Indicator based
19,103,14,Decision: No justification
19,104,1,Search
19,104,2,Search
19,104,3,Search
19,104,4,Search
19,104,5,Encoding
19,104,6,Encoding
19,104,7,Decision: No justification
19,105,1,Search
19,105,2,Search
19,105,3,Search
19,105,4,Encoding
19,105,5,Encoding
19,105,6,Encoding
19,105,7,Elaboration: Indicator based
19,105,8,Decision: No justification
19,106,1,Search
19,106,2,Search
19,106,3,Search
19,106,4,Encoding
19,106,5,Encoding
19,106,6,Encoding
19,106,7,Elaboration: Indicator based
19,106,8,Decision: No justification
19,107,1,Search
19,107,2,Search
19,107,3,Search
19,107,4,Search
19,107,5,Search
19,107,6,Encoding
19,107,7,Encoding
19,107,8,Encoding
19,107,9,Encoding
19,107,10,Elaboration: Indicator based
19,107,11,Elaboration: Indicator based
19,107,12,Decision: No justification
19,108,1,Search
19,108,2,Search
19,108,3,Encoding
19,108,4,Decision: No justification
19,109,1,Search
19,109,2,Search
19,109,3,Encoding
19,109,4,Encoding
19,109,5,Decision: No justification
19,110,1,Search
19,110,2,Search
19,110,3,Encoding
19,110,4,Encoding
19,110,5,Decision: No justification
19,111,1,Search
19,111,2,Search
19,111,3,Decision: No justification
19,112,1,Search
19,112,2,Search
19,112,3,Encoding
19,112,4,Encoding
19,112,5,Decision: No justification
19,113,1,Search
19,113,2,Search
19,113,3,Encoding
19,113,4,Encoding
19,113,5,Decision: No justification
19,114,1,Search
19,114,2,Search
19,114,3,Search
19,114,4,Encoding
19,114,5,Encoding
19,114,6,Encoding
19,114,7,Encoding
19,114,8,Decision: No justification
19,115,1,Search
19,115,2,Search
19,115,3,Search
19,115,4,Search
19,115,5,Search
19,115,6,Encoding
19,115,7,Encoding
19,115,8,Encoding
19,115,9,Encoding
19,115,10,Elaboration: Indicator based
19,115,11,Elaboration: Indicator based
19,115,12,Decision: No justification
19,116,1,Search
19,116,2,Search
19,116,3,Search
19,116,4,Search
19,116,5,Search
19,116,6,Encoding
19,116,7,Encoding
19,116,8,Encoding
19,116,9,Encoding
19,116,10,Encoding
19,116,11,Decision: No justification
19,117,1,Search
19,117,2,Search
19,117,3,Search
19,117,4,Decision: Single Indicator
19,118,1,Search
19,118,2,Search
19,118,3,Encoding
19,118,4,Encoding
19,118,5,Decision: No justification
19,119,1,Search
19,119,2,Search
19,119,3,Encoding
19,119,4,Encoding
19,119,5,Decision: No justification
19,120,1,Search
19,120,2,Search
19,120,3,Search
19,120,4,Search
19,120,5,Search
19,120,6,Search
19,120,7,Encoding
19,120,8,Encoding
19,120,9,Encoding
19,120,10,Encoding
19,120,11,Encoding
19,120,12,Encoding
19,120,13,Encoding
19,120,14,Elaboration: Indicator based
19,120,15,Decision: No justification
