participant,trial,condition,decision,reward,correct,trialStartSec
1,2,aloud,2,1,0,42.824
1,3,aloud,2,2,1,62.476
1,4,aloud,1,1,1,80.527
1,5,aloud,2,2,1,90.853
1,6,aloud,2,2,1,111.25
1,7,aloud,2,2,1,122.351
1,8,aloud,1,1,1,133.046
1,9,aloud,2,2,1,143.987
1,10,aloud,1,1,1,153.177
1,11,aloud,1,1,1,189.343
1,12,aloud,1,1,1,203.892
1,13,aloud,1,1,1,215.764
1,14,aloud,1,1,1,251.56
1,15,aloud,1,1,1,263.892
1,16,aloud,1,1,1,302.166
1,17,aloud,2,2,1,328.691
1,18,aloud,2,2,1,338.246
1,19,aloud,2,2,1,350.245
1,20,aloud,1,1,1,358.32
1,21,aloud,1,2,0,368.304
1,22,aloud,1,1,1,388.467
1,23,aloud,1,1,1,408.791
1,24,aloud,1,1,1,424.703
1,25,aloud,1,1,1,436.682
1,26,aloud,1,1,1,460.748
1,27,aloud,2,2,1,471.157
1,28,aloud,2,2,1,482.25
1,29,aloud,2,2,1,492.096
1,30,aloud,2,2,1,502.65
1,31,aloud,1,2,0,515.935
1,32,aloud,2,2,1,535.384
1,33,aloud,1,1,1,547.661
1,34,aloud,1,1,1,567.031
1,35,aloud,2,2,1,586.617
1,36,aloud,2,1,0,596.434
1,37,aloud,2,2,1,641.561
1,38,aloud,1,1,1,650.598
1,39,aloud,2,2,1,704.834
1,40,aloud,2,2,1,721.593
1,41,aloud,2,1,0,746.165
1,42,aloud,1,1,1,767.284
1,43,aloud,1,1,1,783.021
1,44,aloud,1,1,1,794.224
1,45,aloud,2,2,1,809.599
1,46,aloud,2,2,1,822.157
1,47,aloud,1,1,1,836.65
1,48,aloud,1,1,1,848.074
1,49,aloud,2,1,0,867.181
1,50,aloud,1,2,0,879.832
1,51,aloud,1,1,1,894.138
1,52,aloud,2,1,0,920.311
1,53,aloud,1,1,1,945.954
1,54,aloud,1,1,1,966.658
1,55,aloud,1,1,1,986.879
1,56,aloud,1,1,1,995.539
1,57,aloud,1,1,1,1009.137
1,58,aloud,2,1,0,1031.999
1,59,aloud,2,1,0,1047.572
1,60,aloud,1,2,0,1061.769
1,61,aloud,1,1,1,1079.511
1,62,aloud,2,2,1,1097.205
1,63,aloud,1,1,1,1111.317
1,64,aloud,1,2,0,1130.594
1,65,aloud,1,2,0,1146.544
1,66,aloud,2,2,1,1175.551
1,67,aloud,1,2,0,1207.735
1,68,aloud,1,1,1,1228.337
1,69,aloud,2,2,1,1262.513
1,70,aloud,1,1,1,1273.943
1,71,aloud,2,2,1,1284.744
1,72,aloud,2,2,1,1292.902
1,73,aloud,2,1,0,1301.992
1,74,aloud,1,1,1,1319.77
1,75,aloud,2,2,1,1335.285
1,76,aloud,1,1,1,1344.545
1,77,aloud,1,2,0,1354.608
1,78,aloud,2,2,1,1363.971
1,79,aloud,2,2,1,1374.535
1,80,aloud,2,2,1,1391.956
1,81,aloud,1,2,0,1422.494
1,82,aloud,1,1,1,1449.325
1,83,aloud,1,1,1,1465.242
1,84,aloud,2,1,0,1479.17
1,85,aloud,1,1,1,1490.258
1,86,aloud,1,1,1,1500.725
1,87,aloud,1,1,1,1512.27
1,88,aloud,2,2,1,1521.889
1,89,aloud,2,2,1,1537.306
1,90,aloud,2,2,1,1554.565
1,91,aloud,1,1,1,1567.365
1,92,aloud,1,2,0,1575.681
1,93,aloud,2,2,1,1585.282
1,94,aloud,2,2,1,1594.089
1,95,aloud,2,2,1,1618.306
1,96,aloud,2,1,0,1629.531
1,97,aloud,2,2,1,1639.265
1,98,aloud,2,1,0,1654.571
1,99,aloud,1,1,1,1665.588
1,100,aloud,2,2,1,1674.514
1,101,aloud,1,2,0,1694.405
1,102,aloud,1,1,1,1712.439
1,103,aloud,1,1,1,1730.689
1,104,aloud,2,2,1,1751.341
1,105,aloud,2,2,1,1764.32
1,106,aloud,2,2,1,1776.366
1,107,aloud,2,1,0,1797.049
1,108,aloud,1,2,0,1807.453
1,109,aloud,1,1,1,1820.238
1,110,aloud,1,1,1,1836.986
1,111,aloud,2,1,0,1852.146
1,112,aloud,2,2,1,1864.35
1,113,aloud,2,2,1,1872.705
1,114,aloud,2,2,1,1908.701
1,115,aloud,1,1,1,1920.513
1,116,aloud,1,2,0,1928.327
1,117,aloud,2,2,1,1935.376
1,118,aloud,2,2,1,1951.329
1,119,aloud,2,2,1,1976.207
1,120,aloud,1,2,0,2001.914
2,1,aloud,1,1,1,8.914
2,2,aloud,2,2,1,36.638
2,3,aloud,2,1,0,60.613
2,4,aloud,1,2,0,79.387
2,5,aloud,1,1,1,101.883
2,6,aloud,1,2,0,114.787
2,7,aloud,1,2,0,125.321
2,8,aloud,1,2,0,147.644
2,9,aloud,2,2,1,159.23
2,10,aloud,1,1,1,180.134
2,11,aloud,2,2,1,197.758
2,12,aloud,2,2,1,212.422
2,13,aloud,2,1,0,229.706
2,14,aloud,1,1,1,241.61
2,15,aloud,2,1,0,259.726
2,16,aloud,2,2,1,277.86
2,17,aloud,2,2,1,295.153
2,18,aloud,1,1,1,306.606
2,19,aloud,2,2,1,319.726
2,20,aloud,2,2,1,330.657
2,21,aloud,1,1,1,345.052
2,22,aloud,1,1,1,373.425
2,23,aloud,1,1,1,383.337
2,24,aloud,2,2,1,398.479
2,25,aloud,1,1,1,413.344
2,26,aloud,2,2,1,432.721
2,27,aloud,2,2,1,451.184
2,28,aloud,2,2,1,461.376
2,29,aloud,1,1,1,481.026
2,30,aloud,1,1,1,488.178
2,31,aloud,2,2,1,501.408
2,32,aloud,2,1,0,511.465
2,33,aloud,1,1,1,528.331
2,34,aloud,1,2,0,543.354
2,35,aloud,2,2,1,557.996
2,36,aloud,2,1,0,576.152
2,37,aloud,2,1,0,585.504
2,38,aloud,1,1,1,601.072
2,39,aloud,1,1,1,613.149
2,40,aloud,1,1,1,628.052
2,41,aloud,1,1,1,641.114
2,42,aloud,2,1,0,660.015
2,43,aloud,2,2,1,669.118
2,44,aloud,2,1,0,681.203
2,45,aloud,2,2,1,693.822
2,46,aloud,2,2,1,711.591
2,47,aloud,2,2,1,729.992
2,48,aloud,1,1,1,753.366
2,49,aloud,2,2,1,773.802
2,50,aloud,1,1,1,784.143
2,51,aloud,2,2,1,802.474
2,52,aloud,2,2,1,813.978
2,53,aloud,2,2,1,831.093
2,54,aloud,2,1,0,847.851
2,55,aloud,1,2,0,866.579
2,56,aloud,1,1,1,874.751
2,57,aloud,1,1,1,885.193
2,58,aloud,1,1,1,897.974
2,59,aloud,2,2,1,913.31
2,60,aloud,2,1,0,931.536
2,61,aloud,2,2,1,946.659
2,62,aloud,2,2,1,955.028
2,63,aloud,1,2,0,968.229
2,64,aloud,1,1,1,986.022
2,65,aloud,1,1,1,992.23
2,66,aloud,1,2,0,1001.905
2,67,aloud,2,2,1,1016.709
2,68,aloud,2,2,1,1031.72
2,69,aloud,2,2,1,1042.21
2,70,aloud,2,2,1,1051.272
2,71,aloud,2,2,1,1064.023
2,72,aloud,1,2,0,1076.415
2,73,aloud,1,1,1,1085.345
2,74,aloud,1,1,1,1100.745
2,75,aloud,1,1,1,1109.792
2,76,aloud,1,2,0,1122.319
2,77,aloud,1,2,0,1139.32
2,78,aloud,2,2,1,1148.734
2,79,aloud,2,2,1,1157.766
2,80,aloud,1,2,0,1168.098
2,81,aloud,2,1,0,1182.073
2,82,aloud,2,2,1,1190.772
2,83,aloud,2,2,1,1207.58
2,84,aloud,1,2,0,1223.701
2,85,aloud,2,2,1,1234.526
2,86,aloud,1,1,1,1245.405
2,87,aloud,1,1,1,1268.935
2,88,aloud,2,1,0,1286.103
2,89,aloud,1,2,0,1294.937
2,90,aloud,1,1,1,1304.322
2,91,aloud,1,2,0,1313.109
2,92,aloud,2,1,0,1337.165
2,93,aloud,1,2,0,1360.392
2,94,aloud,1,2,0,1372.261
2,95,aloud,2,1,0,1384.001
2,96,aloud,2,2,1,1400.062
2,97,aloud,1,1,1,1406.965
2,98,aloud,1,1,1,1414.866
2,99,aloud,1,1,1,1426.028
2,100,aloud,1,2,0,1432.203
2,101,aloud,1,1,1,1439.487
2,102,aloud,1,1,1,1447.949
2,103,aloud,1,2,0,1456.69
2,104,aloud,1,1,1,1471.271
2,105,aloud,2,1,0,1478.767
2,106,aloud,1,1,1,1493.01
2,107,aloud,1,2,0,1507.23
2,108,aloud,2,2,1,1526.566
2,109,aloud,1,1,1,1537.058
2,110,aloud,1,2,0,1547.092
2,111,aloud,2,1,0,1555.027
2,112,aloud,1,1,1,1570.373
2,113,aloud,1,1,1,1582.912
2,114,aloud,2,1,0,1591.393
2,115,aloud,1,1,1,1597.551
2,116,aloud,2,2,1,1608.304
2,117,aloud,1,1,1,1621.557
2,118,aloud,1,1,1,1632.444
2,119,aloud,1,1,1,1641.139
2,120,aloud,2,2,1,1650.565
3,1,aloud,2,2,1,24.864
3,2,aloud,2,2,1,51.413
3,3,aloud,1,1,1,102.999
3,4,aloud,1,1,1,123.103
3,5,aloud,1,1,1,184.132
3,6,aloud,2,2,1,196.379
3,7,aloud,2,2,1,210.388
3,8,aloud,1,2,0,240.488
3,9,aloud,1,2,0,304.266
3,10,aloud,1,1,1,322.566
3,11,aloud,1,2,0,337.633
3,12,aloud,2,2,1,345.59
3,13,aloud,2,2,1,394.13
3,14,aloud,1,1,1,418.733
3,15,aloud,2,1,0,437.237
3,16,aloud,2,2,1,472.158
3,17,aloud,2,1,0,499.694
3,18,aloud,2,1,0,526.409
3,19,aloud,2,1,0,542.543
3,20,aloud,2,1,0,560.057
3,21,aloud,2,2,1,566.338
3,22,aloud,2,1,0,577.664
3,23,aloud,2,1,0,589.125
3,24,aloud,2,1,0,601.569
3,25,aloud,1,1,1,620.629
3,26,aloud,2,2,1,651.257
3,27,aloud,1,2,0,677.417
3,28,aloud,1,1,1,693.729
3,29,aloud,2,2,1,711.219
3,30,aloud,1,1,1,726.816
3,31,aloud,1,1,1,757.011
3,32,aloud,1,1,1,772.48
3,33,aloud,1,2,0,785.966
3,34,aloud,2,1,0,803.718
3,35,aloud,2,2,1,821.162
3,36,aloud,2,2,1,842.043
3,37,aloud,2,2,1,860.895
3,38,aloud,1,1,1,882.803
3,39,aloud,1,2,0,899.586
3,40,aloud,2,2,1,924.224
3,41,aloud,1,1,1,946.129
3,42,aloud,2,1,0,959.764
3,43,aloud,2,2,1,972.215
3,44,aloud,1,1,1,999.939
3,45,aloud,2,1,0,1007.416
3,46,aloud,2,2,1,1031.665
3,47,aloud,2,2,1,1049.551
3,48,aloud,2,2,1,1081.511
3,49,aloud,2,2,1,1091.906
3,50,aloud,1,1,1,1109.61
3,51,aloud,2,1,0,1123.448
3,52,aloud,2,2,1,1185.297
3,53,aloud,2,2,1,1209.721
3,54,aloud,2,2,1,1233.271
3,55,aloud,1,1,1,1253.169
3,56,aloud,1,1,1,1265.846
3,57,aloud,2,2,1,1312.141
3,58,aloud,1,2,0,1354.523
3,59,aloud,1,1,1,1390.491
3,60,aloud,2,1,0,1398.081
3,61,aloud,1,1,1,1415.508
3,62,aloud,2,2,1,1427.437
3,63,aloud,2,2,1,1444.102
3,64,aloud,2,2,1,1470.276
3,65,aloud,2,2,1,1478.085
3,66,aloud,2,2,1,1489.541
3,67,aloud,1,1,1,1511.478
3,68,aloud,1,2,0,1527.958
3,69,aloud,1,1,1,1545.016
3,70,aloud,2,2,1,1553.161
3,71,aloud,2,2,1,1561.724
3,72,aloud,2,1,0,1574.818
3,73,aloud,1,1,1,1590.272
3,74,aloud,1,1,1,1597.666
3,75,aloud,1,2,0,1607.564
3,76,aloud,2,2,1,1621.472
3,77,aloud,1,1,1,1638.821
3,78,aloud,1,1,1,1649.0
3,79,aloud,2,2,1,1678.571
3,80,aloud,1,1,1,1686.63
3,81,aloud,1,1,1,1707.521
3,82,aloud,1,1,1,1720.951
3,83,aloud,1,1,1,1728.378
3,84,aloud,2,2,1,1733.841
3,85,aloud,1,2,0,1745.653
3,86,aloud,1,1,1,1776.596
3,87,aloud,1,1,1,1813.331
3,88,aloud,2,2,1,1827.343
3,89,aloud,1,1,1,1854.281
3,90,aloud,1,2,0,1866.733
3,91,aloud,2,2,1,1882.577
3,92,aloud,1,1,1,1897.856
3,93,aloud,1,1,1,1907.703
3,94,aloud,2,1,0,1925.921
3,95,aloud,2,1,0,1935.691
3,96,aloud,1,2,0,1946.191
3,97,aloud,2,2,1,1983.3
3,98,aloud,2,1,0,1991.231
3,99,aloud,1,1,1,2004.964
3,100,aloud,2,2,1,2024.302
3,101,aloud,1,1,1,2029.324
3,102,aloud,2,2,1,2049.166
3,103,aloud,2,2,1,2062.384
3,104,aloud,1,1,1,2069.828
3,105,aloud,2,2,1,2080.499
3,106,aloud,1,1,1,2088.088
3,107,aloud,1,1,1,2099.225
3,108,aloud,2,1,0,2110.039
3,109,aloud,2,2,1,2117.779
3,110,aloud,1,2,0,2127.063
3,111,aloud,2,1,0,2136.288
3,112,aloud,2,1,0,2148.568
3,113,aloud,2,2,1,2159.41
3,114,aloud,2,2,1,2176.195
3,115,aloud,1,1,1,2184.405
3,116,aloud,2,2,1,2203.857
3,117,aloud,1,1,1,2222.859
3,118,aloud,2,2,1,2233.767
3,119,aloud,2,2,1,2240.206
3,120,aloud,2,2,1,2254.439
4,1,aloud,2,2,1,14.325
4,2,aloud,2,1,0,41.09
4,3,aloud,2,2,1,69.401
4,4,aloud,1,1,1,92.508
4,5,aloud,1,2,0,105.78
4,6,aloud,2,2,1,117.289
4,7,aloud,1,1,1,124.838
4,8,aloud,1,1,1,139.122
4,9,aloud,2,2,1,148.777
4,10,aloud,1,1,1,154.963
4,11,aloud,2,2,1,161.078
4,12,aloud,2,2,1,168.644
4,13,aloud,1,1,1,175.183
4,14,aloud,2,2,1,181.556
4,15,aloud,2,1,0,187.142
4,16,aloud,2,2,1,193.12
4,17,aloud,1,1,1,203.79
4,18,aloud,2,2,1,210.168
4,19,aloud,2,2,1,220.461
4,20,aloud,1,2,0,237.163
4,21,aloud,2,2,1,253.714
4,22,aloud,1,2,0,260.22
4,23,aloud,2,2,1,265.812
4,24,aloud,1,1,1,272.016
4,25,aloud,1,1,1,277.563
4,26,aloud,2,2,1,289.275
4,27,aloud,1,1,1,301.226
4,28,aloud,2,2,1,310.24
4,29,aloud,1,2,0,316.5
4,30,aloud,1,1,1,326.367
4,31,aloud,1,1,1,331.813
4,32,aloud,1,1,1,342.999
4,33,aloud,2,1,0,348.475
4,34,aloud,2,1,0,355.534
4,35,aloud,2,2,1,367.618
4,36,aloud,1,1,1,373.487
4,37,aloud,1,1,1,379.02
4,38,aloud,2,2,1,384.209
4,39,aloud,2,1,0,393.095
4,40,aloud,1,1,1,401.765
4,41,aloud,1,1,1,410.157
4,42,aloud,1,1,1,424.948
4,43,aloud,2,2,1,437.882
4,44,aloud,2,2,1,443.65
4,45,aloud,1,1,1,452.672
4,46,aloud,1,2,0,458.304
4,47,aloud,1,1,1,463.495
4,48,aloud,2,2,1,475.708
4,49,aloud,2,1,0,482.066
4,50,aloud,1,1,1,487.492
4,51,aloud,2,2,1,493.268
4,52,aloud,2,1,0,505.802
4,53,aloud,2,2,1,511.32
4,54,aloud,2,2,1,518.055
4,55,aloud,1,2,0,527.828
4,56,aloud,2,2,1,536.376
4,57,aloud,2,2,1,547.34
4,58,aloud,1,2,0,559.654
4,59,aloud,1,1,1,568.414
4,60,aloud,2,2,1,577.768
4,61,aloud,1,1,1,583.221
4,62,aloud,1,1,1,594.526
4,63,aloud,2,2,1,606.484
4,64,aloud,2,2,1,611.931
4,65,aloud,1,1,1,623.22
4,66,aloud,1,1,1,629.786
4,67,aloud,2,2,1,635.191
4,68,aloud,2,2,1,643.606
4,69,aloud,2,2,1,656.108
4,70,aloud,2,1,0,664.289
4,71,aloud,2,2,1,673.084
4,72,aloud,2,2,1,681.265
4,73,aloud,1,1,1,690.201
4,74,aloud,1,1,1,696.3
4,75,aloud,2,1,0,705.668
4,76,aloud,2,2,1,711.982
4,77,aloud,2,2,1,718.675
4,78,aloud,2,2,1,724.433
4,79,aloud,2,2,1,730.042
4,80,aloud,1,1,1,735.506
4,81,aloud,1,1,1,740.959
4,82,aloud,2,2,1,746.225
4,83,aloud,2,1,0,754.229
4,84,aloud,1,2,0,759.238
4,85,aloud,1,1,1,764.394
4,86,aloud,2,1,0,770.477
4,87,aloud,2,2,1,797.213
4,88,aloud,2,1,0,802.771
4,89,aloud,2,1,0,807.538
4,90,aloud,1,1,1,815.167
4,91,aloud,1,2,0,820.695
4,92,aloud,1,1,1,835.941
4,93,aloud,1,1,1,847.259
4,94,aloud,1,1,1,854.806
4,95,aloud,1,2,0,866.938
4,96,aloud,2,2,1,873.556
4,97,aloud,1,1,1,879.775
4,98,aloud,1,1,1,885.016
4,99,aloud,2,2,1,889.856
4,100,aloud,2,2,1,894.111
4,101,aloud,1,1,1,898.922
4,102,aloud,1,2,0,903.676
4,103,aloud,1,1,1,908.467
4,104,aloud,1,1,1,915.731
4,105,aloud,2,1,0,921.259
4,106,aloud,2,2,1,927.195
4,107,aloud,2,1,0,932.471
4,108,aloud,2,1,0,936.844
4,109,aloud,2,1,0,941.331
4,110,aloud,2,2,1,948.523
4,111,aloud,1,1,1,953.236
4,112,aloud,2,2,1,961.021
4,113,aloud,2,2,1,966.98
4,114,aloud,2,1,0,973.637
4,115,aloud,2,2,1,979.447
4,116,aloud,1,1,1,984.973
4,117,aloud,1,2,0,990.349
4,118,aloud,2,2,1,996.225
4,119,aloud,2,2,1,1002.22
4,120,aloud,1,1,1,1007.984
5,1,aloud,1,1,1,13.769
5,2,aloud,2,2,1,91.71
5,3,aloud,2,1,0,207.12
5,4,aloud,1,1,1,278.211
5,5,aloud,1,1,1,454.491
5,6,aloud,1,1,1,540.284
5,7,aloud,2,1,0,613.243
5,8,aloud,2,2,1,678.333
5,9,aloud,2,2,1,739.581
5,10,aloud,1,1,1,795.423
5,11,aloud,2,1,0,871.343
5,12,aloud,1,2,0,954.463
5,13,aloud,1,1,1,1018.247
5,14,aloud,2,2,1,1071.57
5,15,aloud,2,2,1,1110.404
5,16,aloud,2,1,0,1158.591
5,17,aloud,1,2,0,1205.286
5,18,aloud,1,1,1,1232.343
5,19,aloud,1,1,1,1266.652
5,20,aloud,1,1,1,1292.694
5,21,aloud,2,2,1,1339.972
5,22,aloud,2,1,0,1373.622
5,23,aloud,2,2,1,1423.97
5,24,aloud,1,1,1,1444.671
5,25,aloud,1,1,1,1505.929
5,26,aloud,2,2,1,1551.442
5,27,aloud,1,1,1,1573.644
5,28,aloud,1,1,1,1598.647
5,29,aloud,2,2,1,1647.794
5,30,aloud,1,1,1,1689.91
5,31,aloud,1,1,1,1714.476
5,32,aloud,2,2,1,1768.124
5,33,aloud,1,1,1,1804.843
5,34,aloud,2,2,1,1836.44
5,35,aloud,2,2,1,1863.841
5,36,aloud,2,2,1,1884.465
5,37,aloud,1,1,1,1916.498
5,38,aloud,2,2,1,1943.045
5,39,aloud,2,2,1,1960.867
5,40,aloud,2,2,1,1985.441
5,41,aloud,1,1,1,2003.311
5,42,aloud,1,1,1,2014.541
5,43,aloud,2,2,1,2031.958
5,44,aloud,2,2,1,2056.469
5,45,aloud,2,2,1,2068.335
5,46,aloud,1,1,1,2079.717
5,47,aloud,2,2,1,2115.538
5,48,aloud,1,1,1,2148.414
5,49,aloud,2,2,1,2179.885
5,50,aloud,2,2,1,2192.919
5,51,aloud,2,2,1,2207.74
5,52,aloud,2,2,1,2224.936
5,53,aloud,1,2,0,2237.936
5,54,aloud,1,1,1,2265.916
5,55,aloud,1,1,1,2276.73
5,56,aloud,2,1,0,2316.863
5,57,aloud,2,2,1,2333.045
5,58,aloud,1,1,1,2362.787
5,59,aloud,1,1,1,2374.344
5,60,aloud,2,2,1,2398.855
5,61,aloud,2,2,1,2413.536
5,62,aloud,1,1,1,2436.799
5,63,aloud,2,2,1,2452.77
5,64,aloud,1,1,1,2463.658
5,65,aloud,1,2,0,2475.513
5,66,aloud,2,2,1,2501.665
5,67,aloud,1,1,1,2539.012
5,68,aloud,1,1,1,2559.748
5,69,aloud,2,1,0,2573.065
5,70,aloud,1,2,0,2608.689
5,71,aloud,1,2,0,2620.034
5,72,aloud,2,2,1,2658.062
5,73,aloud,2,1,0,2692.532
5,74,aloud,1,1,1,2710.989
5,75,aloud,1,1,1,2722.482
5,76,aloud,2,2,1,2735.38
5,77,aloud,2,1,0,2758.406
5,78,aloud,1,1,1,2791.356
5,79,aloud,2,2,1,2816.379
5,80,aloud,2,2,1,2827.894
5,81,aloud,1,1,1,2843.926
5,82,aloud,2,2,1,2856.467
5,83,aloud,2,2,1,2878.43
5,84,aloud,1,2,0,2893.912
5,85,aloud,2,2,1,2905.127
5,86,aloud,1,1,1,2920.863
5,87,aloud,1,1,1,2930.321
5,88,aloud,1,1,1,2940.61
5,89,aloud,2,2,1,2951.366
5,90,aloud,1,2,0,2965.769
5,91,aloud,2,1,0,2979.789
5,92,aloud,1,1,1,3002.108
5,93,aloud,1,1,1,3017.65
5,94,aloud,2,2,1,3037.589
5,95,aloud,1,1,1,3049.676
5,96,aloud,2,2,1,3065.11
5,97,aloud,2,2,1,3076.772
5,98,aloud,1,2,0,3088.569
5,99,aloud,1,1,1,3104.283
5,100,aloud,2,2,1,3127.754
5,101,aloud,2,1,0,3145.723
5,102,aloud,1,2,0,3165.6
5,103,aloud,1,1,1,3181.298
5,104,aloud,1,1,1,3198.479
5,105,aloud,2,1,0,3220.257
5,106,aloud,2,2,1,3239.287
5,107,aloud,2,2,1,3251.061
5,108,aloud,1,1,1,3268.597
5,109,aloud,2,1,0,3279.583
5,110,aloud,2,2,1,3303.005
5,111,aloud,2,2,1,3313.765
5,112,aloud,2,2,1,3325.718
5,113,aloud,1,2,0,3346.469
5,114,aloud,2,2,1,3357.872
5,115,aloud,1,1,1,3370.498
5,116,aloud,2,2,1,3382.715
5,117,aloud,1,1,1,3394.313
5,118,aloud,2,2,1,3416.123
5,119,aloud,2,1,0,3426.287
5,120,aloud,1,1,1,3437.642
6,1,aloud,1,1,1,53.54
6,2,aloud,2,2,1,113.845
6,3,aloud,1,1,1,139.223
6,4,aloud,1,1,1,180.268
6,5,aloud,1,1,1,213.022
6,6,aloud,1,1,1,254.812
6,7,aloud,1,2,0,283.33
6,8,aloud,2,2,1,310.482
6,9,aloud,2,2,1,342.354
6,10,aloud,2,1,0,384.807
6,11,aloud,1,1,1,404.404
6,12,aloud,1,1,1,430.991
6,13,aloud,1,2,0,439.56
6,14,aloud,2,2,1,455.906
6,15,aloud,2,2,1,479.99
6,16,aloud,2,2,1,505.607
6,17,aloud,1,1,1,522.257
6,18,aloud,1,1,1,592.923
6,19,aloud,1,1,1,626.598
6,20,aloud,2,2,1,645.923
6,21,aloud,2,1,0,673.83
6,22,aloud,1,1,1,715.019
6,23,aloud,2,2,1,736.182
6,24,aloud,1,1,1,755.944
6,25,aloud,2,1,0,787.905
6,26,aloud,1,2,0,806.333
6,27,aloud,2,2,1,851.642
6,28,aloud,1,2,0,871.185
6,29,aloud,1,1,1,881.114
6,30,aloud,2,2,1,891.661
6,31,aloud,1,1,1,916.562
6,32,aloud,2,1,0,944.065
6,33,aloud,1,2,0,963.032
6,34,aloud,1,1,1,1001.547
6,35,aloud,2,2,1,1016.227
6,36,aloud,1,2,0,1043.133
6,37,aloud,1,1,1,1071.849
6,38,aloud,1,1,1,1088.86
6,39,aloud,1,2,0,1106.44
6,40,aloud,1,2,0,1129.825
6,41,aloud,2,2,1,1148.985
6,42,aloud,1,1,1,1168.15
6,43,aloud,2,1,0,1191.257
6,44,aloud,2,1,0,1205.477
6,45,aloud,1,1,1,1216.405
6,46,aloud,1,1,1,1228.727
6,47,aloud,2,2,1,1243.717
6,48,aloud,2,1,0,1280.997
6,49,aloud,1,2,0,1299.106
6,50,aloud,2,2,1,1321.381
6,51,aloud,2,2,1,1352.646
6,52,aloud,1,2,0,1370.137
6,53,aloud,2,1,0,1401.952
6,54,aloud,1,1,1,1418.97
6,55,aloud,2,2,1,1433.132
6,56,aloud,2,1,0,1445.745
6,57,aloud,1,1,1,1475.794
6,58,aloud,2,1,0,1490.789
6,59,aloud,1,1,1,1501.779
6,60,aloud,1,1,1,1514.498
6,61,aloud,1,1,1,1541.103
6,62,aloud,2,2,1,1574.052
6,63,aloud,2,2,1,1589.411
6,64,aloud,1,1,1,1608.95
6,65,aloud,2,2,1,1618.832
6,66,aloud,1,2,0,1633.825
6,67,aloud,2,2,1,1653.27
6,68,aloud,2,2,1,1684.953
6,69,aloud,1,2,0,1693.68
6,70,aloud,1,1,1,1708.129
6,71,aloud,2,2,1,1723.263
6,72,aloud,1,2,0,1738.169
6,73,aloud,1,2,0,1745.761
6,74,aloud,2,1,0,1765.328
6,75,aloud,2,2,1,1776.762
6,76,aloud,1,2,0,1790.733
6,77,aloud,1,1,1,1802.074
6,78,aloud,1,2,0,1820.179
6,79,aloud,2,2,1,1835.28
6,80,aloud,2,2,1,1847.244
6,81,aloud,2,2,1,1856.287
6,82,aloud,2,2,1,1868.43
6,83,aloud,1,2,0,1879.353
6,84,aloud,2,1,0,1890.595
6,85,aloud,2,1,0,1896.269
6,86,aloud,1,1,1,1910.279
6,87,aloud,1,1,1,1921.708
6,88,aloud,1,2,0,1932.029
6,89,aloud,2,2,1,1944.209
6,90,aloud,2,1,0,1954.4
6,91,aloud,1,1,1,1966.51
6,92,aloud,2,1,0,1978.294
6,93,aloud,1,1,1,1988.965
6,94,aloud,1,1,1,1999.368
6,95,aloud,1,1,1,2009.458
6,96,aloud,1,2,0,2017.881
6,97,aloud,2,2,1,2032.63
6,98,aloud,2,1,0,2040.622
6,99,aloud,1,2,0,2051.41
6,100,aloud,2,1,0,2059.016
6,101,aloud,2,2,1,2064.986
6,102,aloud,1,2,0,2071.304
6,103,aloud,1,1,1,2077.899
6,104,aloud,2,2,1,2084.946
6,105,aloud,1,1,1,2098.068
6,106,aloud,2,2,1,2110.105
6,107,aloud,1,2,0,2123.642
6,108,aloud,2,2,1,2158.504
6,109,aloud,1,1,1,2165.607
6,110,aloud,1,1,1,2173.533
6,111,aloud,2,1,0,2177.933
6,112,aloud,1,2,0,2182.625
6,113,aloud,2,2,1,2187.542
6,114,aloud,2,1,0,2196.581
6,115,aloud,2,2,1,2203.902
6,116,aloud,1,1,1,2212.025
6,117,aloud,1,2,0,2224.284
6,118,aloud,2,1,0,2231.068
6,119,aloud,1,2,0,2241.085
6,120,aloud,2,1,0,2246.495
7,1,aloud,2,1,0,13.982
7,2,aloud,1,1,1,54.537
7,3,aloud,2,2,1,99.144
7,4,aloud,1,2,0,126.873
7,5,aloud,1,1,1,155.76
7,6,aloud,1,1,1,215.2
7,7,aloud,2,2,1,234.288
7,8,aloud,1,1,1,254.441
7,9,aloud,1,1,1,264.626
7,10,aloud,2,1,0,273.726
7,11,aloud,2,2,1,283.717
7,12,aloud,2,2,1,302.467
7,13,aloud,1,2,0,326.103
7,14,aloud,2,2,1,344.865
7,15,aloud,2,2,1,372.172
7,16,aloud,1,1,1,386.88
7,17,aloud,1,1,1,394.902
7,18,aloud,1,2,0,415.836
7,19,aloud,1,2,0,423.453
7,20,aloud,1,2,0,432.269
7,21,aloud,2,2,1,449.73
7,22,aloud,1,1,1,481.01
7,23,aloud,1,1,1,498.005
7,24,aloud,2,2,1,518.36
7,25,aloud,2,2,1,531.481
7,26,aloud,1,2,0,543.052
7,27,aloud,1,1,1,563.197
7,28,aloud,2,2,1,580.429
7,29,aloud,1,1,1,597.896
7,30,aloud,1,2,0,609.158
7,31,aloud,1,1,1,623.668
7,32,aloud,1,1,1,636.802
7,33,aloud,2,2,1,655.85
7,34,aloud,1,1,1,682.445
7,35,aloud,2,2,1,702.572
7,36,aloud,1,1,1,725.197
7,37,aloud,2,2,1,741.458
7,38,aloud,1,1,1,752.881
7,39,aloud,1,1,1,767.128
7,40,aloud,2,2,1,789.181
7,41,aloud,1,1,1,800.365
7,42,aloud,2,2,1,810.462
7,43,aloud,1,1,1,818.357
7,44,aloud,2,2,1,828.419
7,45,aloud,2,2,1,841.619
7,46,aloud,1,1,1,865.124
7,47,aloud,1,2,0,883.585
7,48,aloud,2,1,0,891.716
7,49,aloud,1,1,1,902.093
7,50,aloud,2,2,1,920.471
7,51,aloud,1,1,1,945.831
7,52,aloud,2,1,0,959.873
7,53,aloud,1,1,1,989.49
7,54,aloud,1,1,1,1008.472
7,55,aloud,2,2,1,1028.687
7,56,aloud,1,1,1,1034.924
7,57,aloud,2,2,1,1041.709
7,58,aloud,1,2,0,1047.955
7,59,aloud,1,2,0,1062.679
7,60,aloud,1,1,1,1074.007
7,61,aloud,1,1,1,1089.72
7,62,aloud,1,2,0,1097.165
7,63,aloud,2,2,1,1104.561
7,64,aloud,1,1,1,1119.329
7,65,aloud,1,1,1,1126.077
7,66,aloud,1,1,1,1136.356
7,67,aloud,2,2,1,1142.109
7,68,aloud,2,1,0,1152.044
7,69,aloud,1,1,1,1158.43
7,70,aloud,1,1,1,1172.988
7,71,aloud,2,2,1,1183.815
7,72,aloud,2,2,1,1194.852
7,73,aloud,2,1,0,1200.264
7,74,aloud,2,1,0,1214.448
7,75,aloud,1,1,1,1222.081
7,76,aloud,1,1,1,1234.428
7,77,aloud,2,1,0,1241.953
7,78,aloud,1,1,1,1250.493
7,79,aloud,1,2,0,1259.093
7,80,aloud,1,2,0,1270.042
7,81,aloud,2,2,1,1283.536
7,82,aloud,1,1,1,1291.689
7,83,aloud,2,2,1,1300.811
7,84,aloud,1,1,1,1309.409
7,85,aloud,2,2,1,1317.419
7,86,aloud,2,2,1,1329.167
7,87,aloud,1,1,1,1336.004
7,88,aloud,2,2,1,1344.73
7,89,aloud,2,1,0,1356.671
7,90,aloud,1,1,1,1368.418
7,91,aloud,2,1,0,1382.858
7,92,aloud,2,2,1,1397.127
7,93,aloud,2,2,1,1408.895
7,94,aloud,2,1,0,1414.749
7,95,aloud,1,2,0,1424.064
7,96,aloud,2,1,0,1441.031
7,97,aloud,2,2,1,1459.508
7,98,aloud,1,1,1,1480.44
7,99,aloud,2,2,1,1485.996
7,100,aloud,1,1,1,1497.31
7,101,aloud,2,2,1,1501.965
7,102,aloud,1,1,1,1509.792
7,103,aloud,2,1,0,1518.284
7,104,aloud,1,1,1,1524.29
7,105,aloud,1,2,0,1533.007
7,106,aloud,2,2,1,1556.754
7,107,aloud,2,2,1,1569.138
7,108,aloud,1,2,0,1578.193
7,109,aloud,1,1,1,1590.384
7,110,aloud,2,2,1,1602.212
7,111,aloud,1,1,1,1608.469
7,112,aloud,1,2,0,1615.062
7,113,aloud,2,2,1,1631.231
7,114,aloud,2,2,1,1642.229
7,115,aloud,2,2,1,1648.925
7,116,aloud,2,2,1,1660.363
7,117,aloud,2,2,1,1666.042
7,118,aloud,1,2,0,1675.598
7,119,aloud,1,1,1,1693.025
7,120,aloud,1,1,1,1699.882
8,1,aloud,2,1,0,61.499
8,2,aloud,2,2,1,135.161
8,3,aloud,1,2,0,217.028
8,4,aloud,1,1,1,279.536
8,5,aloud,2,1,0,330.429
8,6,aloud,2,2,1,378.93
8,7,aloud,2,2,1,417.736
8,8,aloud,2,2,1,454.257
8,9,aloud,1,1,1,486.123
8,10,aloud,1,1,1,545.504
8,11,aloud,2,2,1,578.594
8,12,aloud,1,1,1,627.477
8,13,aloud,1,1,1,659.02
8,14,aloud,1,1,1,712.466
8,15,aloud,1,1,1,735.248
8,16,aloud,1,1,1,771.26
8,17,aloud,2,1,0,816.956
8,18,aloud,1,1,1,857.856
8,19,aloud,2,2,1,880.914
8,20,aloud,2,2,1,910.531
8,21,aloud,1,1,1,933.458
8,22,aloud,2,2,1,959.158
8,23,aloud,2,2,1,994.786
8,24,aloud,1,2,0,1019.023
8,25,aloud,1,2,0,1057.19
8,26,aloud,2,1,0,1099.129
8,27,aloud,2,2,1,1141.584
8,28,aloud,2,2,1,1161.089
8,29,aloud,2,2,1,1192.062
8,30,aloud,2,2,1,1217.791
8,31,aloud,1,1,1,1236.413
8,32,aloud,2,2,1,1258.06
8,33,aloud,1,1,1,1289.989
8,34,aloud,2,2,1,1305.441
8,35,aloud,2,2,1,1330.602
8,36,aloud,2,2,1,1366.151
8,37,aloud,2,2,1,1381.103
8,38,aloud,2,2,1,1403.421
8,39,aloud,1,1,1,1428.791
8,40,aloud,1,1,1,1444.554
8,41,aloud,2,2,1,1474.688
8,42,aloud,2,2,1,1495.17
8,43,aloud,2,2,1,1508.169
8,44,aloud,1,1,1,1543.916
8,45,aloud,2,1,0,1572.351
8,46,aloud,1,1,1,1596.849
8,47,aloud,2,2,1,1612.744
8,48,aloud,2,2,1,1640.202
8,49,aloud,1,1,1,1653.43
8,50,aloud,1,1,1,1677.456
8,51,aloud,1,1,1,1690.47
8,52,aloud,1,2,0,1704.494
8,53,aloud,1,1,1,1719.775
8,54,aloud,2,2,1,1752.082
8,55,aloud,2,2,1,1780.03
8,56,aloud,2,2,1,1794.959
8,57,aloud,2,1,0,1824.665
8,58,aloud,2,2,1,1842.543
8,59,aloud,1,1,1,1863.6
8,60,aloud,1,2,0,1879.883
8,61,aloud,2,1,0,1904.299
8,62,aloud,1,1,1,1929.816
8,63,aloud,1,2,0,1950.95
8,64,aloud,2,2,1,1984.526
8,65,aloud,2,2,1,2013.663
8,66,aloud,1,1,1,2027.829
8,67,aloud,2,2,1,2050.123
8,68,aloud,1,1,1,2071.132
8,69,aloud,1,1,1,2098.674
8,70,aloud,1,1,1,2117.697
8,71,aloud,2,2,1,2137.162
8,72,aloud,2,1,0,2157.073
8,73,aloud,1,1,1,2189.766
8,74,aloud,1,2,0,2218.449
8,75,aloud,2,2,1,2239.61
8,76,aloud,2,2,1,2259.259
8,77,aloud,1,1,1,2291.077
8,78,aloud,1,1,1,2303.176
8,79,aloud,1,2,0,2324.528
8,80,aloud,2,1,0,2355.679
8,81,aloud,1,1,1,2386.394
8,82,aloud,1,1,1,2405.555
8,83,aloud,2,2,1,2427.973
8,84,aloud,1,1,1,2455.568
8,85,aloud,2,2,1,2497.663
8,86,aloud,2,1,0,2524.723
8,87,aloud,1,1,1,2546.545
8,88,aloud,2,1,0,2567.44
8,89,aloud,1,1,1,2581.933
8,90,aloud,1,1,1,2603.34
8,91,aloud,2,1,0,2622.179
8,92,aloud,1,1,1,2647.75
8,93,aloud,1,1,1,2667.128
8,94,aloud,2,2,1,2679.556
8,95,aloud,1,2,0,2701.895
8,96,aloud,1,1,1,2731.263
8,97,aloud,2,2,1,2745.637
8,98,aloud,2,2,1,2769.631
8,99,aloud,2,2,1,2781.89
8,100,aloud,1,1,1,2801.668
8,101,aloud,2,2,1,2830.674
8,102,aloud,2,1,0,2854.505
8,103,aloud,2,2,1,2886.346
8,104,aloud,1,1,1,2912.329
8,105,aloud,2,2,1,2927.788
8,106,aloud,1,2,0,2948.823
8,107,aloud,1,1,1,2975.097
8,108,aloud,1,2,0,2990.07
8,109,aloud,1,2,0,3013.359
8,110,aloud,2,1,0,3036.123
8,111,aloud,1,1,1,3059.699
8,112,aloud,2,2,1,3078.76
8,113,aloud,2,2,1,3093.987
8,114,aloud,2,1,0,3112.673
8,115,aloud,2,2,1,3147.774
8,116,aloud,1,1,1,3166.257
8,117,aloud,2,2,1,3180.834
8,118,aloud,2,2,1,3193.995
8,119,aloud,2,1,0,3215.267
8,120,aloud,1,1,1,3237.339
9,1,aloud,1,1,1,16.319
9,2,aloud,2,1,0,76.336
9,3,aloud,2,1,0,184.429
9,4,aloud,1,1,1,214.443
9,5,aloud,1,1,1,261.756
9,6,aloud,2,2,1,311.309
9,7,aloud,2,2,1,342.085
9,8,aloud,1,2,0,360.998
9,9,aloud,2,2,1,379.052
9,10,aloud,2,1,0,407.752
9,11,aloud,1,1,1,434.644
9,12,aloud,2,2,1,460.719
9,13,aloud,1,2,0,505.526
9,14,aloud,1,2,0,542.123
9,15,aloud,1,1,1,567.542
9,16,aloud,1,1,1,605.62
9,17,aloud,1,1,1,613.091
9,18,aloud,1,1,1,618.19
9,19,aloud,1,1,1,684.989
9,20,aloud,2,2,1,692.796
9,21,aloud,2,1,0,726.172
9,22,aloud,1,1,1,747.858
9,23,aloud,1,2,0,756.37
9,24,aloud,2,2,1,765.677
9,25,aloud,1,2,0,772.538
9,26,aloud,2,2,1,817.397
9,27,aloud,1,1,1,836.988
9,28,aloud,1,1,1,849.273
9,29,aloud,2,2,1,876.841
9,30,aloud,1,2,0,890.345
9,31,aloud,1,1,1,898.879
9,32,aloud,1,2,0,908.525
9,33,aloud,1,1,1,919.476
9,34,aloud,2,1,0,938.371
9,35,aloud,2,2,1,946.566
9,36,aloud,1,2,0,972.103
9,37,aloud,1,1,1,987.505
9,38,aloud,1,2,0,1001.984
9,39,aloud,1,1,1,1027.184
9,40,aloud,2,1,0,1034.682
9,41,aloud,2,1,0,1068.347
9,42,aloud,1,1,1,1081.224
9,43,aloud,2,2,1,1094.608
9,44,aloud,1,2,0,1110.408
9,45,aloud,2,2,1,1126.395
9,46,aloud,2,2,1,1142.636
9,47,aloud,1,2,0,1178.811
9,48,aloud,2,2,1,1198.811
9,49,aloud,2,2,1,1217.374
9,50,aloud,1,1,1,1231.964
9,51,aloud,1,1,1,1245.782
9,52,aloud,1,1,1,1255.395
9,53,aloud,2,2,1,1262.892
9,54,aloud,2,2,1,1275.339
9,55,aloud,2,2,1,1284.352
9,56,aloud,1,2,0,1292.065
9,57,aloud,2,2,1,1312.987
9,58,aloud,2,2,1,1320.42
9,59,aloud,1,1,1,1336.694
9,60,aloud,2,2,1,1352.868
9,61,aloud,1,1,1,1367.484
9,62,aloud,1,1,1,1380.227
9,63,aloud,2,1,0,1388.137
9,64,aloud,1,1,1,1396.903
9,65,aloud,2,2,1,1408.085
9,66,aloud,1,1,1,1415.696
9,67,aloud,2,1,0,1429.296
9,68,aloud,2,2,1,1443.461
9,69,aloud,1,1,1,1462.447
9,70,aloud,2,2,1,1471.59
9,71,aloud,2,2,1,1482.695
9,72,aloud,1,2,0,1491.531
9,73,aloud,2,1,0,1505.682
9,74,aloud,2,1,0,1515.458
9,75,aloud,2,2,1,1522.805
9,76,aloud,1,2,0,1534.176
9,77,aloud,1,1,1,1549.986
9,78,aloud,1,1,1,1558.092
9,79,aloud,1,1,1,1571.636
9,80,aloud,1,2,0,1580.591
9,81,aloud,1,2,0,1587.499
9,82,aloud,1,2,0,1602.4
9,83,aloud,1,1,1,1616.416
9,84,aloud,2,2,1,1637.435
9,85,aloud,1,1,1,1648.22
9,86,aloud,1,1,1,1655.483
9,87,aloud,1,1,1,1669.831
9,88,aloud,1,2,0,1686.131
9,89,aloud,1,1,1,1708.387
9,90,aloud,2,2,1,1718.504
9,91,aloud,2,1,0,1725.845
9,92,aloud,1,1,1,1732.388
9,93,aloud,1,2,0,1746.848
9,94,aloud,1,2,0,1761.607
9,95,aloud,1,1,1,1775.67
9,96,aloud,1,1,1,1789.986
9,97,aloud,2,2,1,1810.94
9,98,aloud,1,1,1,1828.416
9,99,aloud,2,2,1,1839.267
9,100,aloud,2,2,1,1850.729
9,101,aloud,1,1,1,1860.086
9,102,aloud,2,2,1,1873.492
9,103,aloud,2,2,1,1887.881
9,104,aloud,1,1,1,1897.952
9,105,aloud,2,2,1,1904.666
9,106,aloud,2,2,1,1914.463
9,107,aloud,2,1,0,1929.262
9,108,aloud,1,1,1,1943.592
9,109,aloud,1,1,1,1958.822
9,110,aloud,1,1,1,1967.885
9,111,aloud,2,2,1,1977.121
9,112,aloud,2,1,0,1991.444
9,113,aloud,2,2,1,2000.922
9,114,aloud,1,2,0,2012.041
9,115,aloud,1,2,0,2022.132
9,116,aloud,1,1,1,2034.384
9,117,aloud,2,2,1,2042.121
9,118,aloud,2,2,1,2050.499
9,119,aloud,1,1,1,2062.229
9,120,aloud,1,1,1,2077.985
10,1,aloud,1,1,1,25.902
10,2,aloud,1,1,1,47.854
10,3,aloud,2,1,0,84.309
10,4,aloud,1,1,1,99.254
10,5,aloud,1,1,1,116.571
10,6,aloud,2,2,1,127.807
10,7,aloud,2,2,1,142.402
10,8,aloud,2,2,1,154.336
10,9,aloud,2,2,1,186.573
10,10,aloud,2,1,0,198.533
10,11,aloud,1,1,1,210.819
10,12,aloud,2,2,1,220.431
10,13,aloud,2,2,1,237.54
10,14,aloud,2,2,1,257.625
10,15,aloud,1,1,1,271.064
10,16,aloud,1,1,1,282.146
10,17,aloud,1,1,1,295.202
10,18,aloud,1,1,1,308.884
10,19,aloud,1,1,1,331.16
10,20,aloud,2,2,1,339.792
10,21,aloud,1,1,1,359.305
10,22,aloud,1,1,1,367.718
10,23,aloud,2,2,1,379.949
10,24,aloud,1,2,0,403.796
10,25,aloud,1,2,0,414.088
10,26,aloud,2,2,1,430.141
10,27,aloud,1,1,1,445.704
10,28,aloud,2,1,0,464.347
10,29,aloud,2,2,1,482.73
10,30,aloud,2,2,1,497.742
10,31,aloud,1,1,1,506.8
10,32,aloud,2,2,1,520.206
10,33,aloud,2,1,0,528.555
10,34,aloud,1,1,1,538.628
10,35,aloud,2,2,1,550.633
10,36,aloud,2,2,1,558.697
10,37,aloud,2,1,0,581.516
10,38,aloud,1,2,0,589.596
10,39,aloud,1,1,1,609.246
10,40,aloud,1,1,1,621.033
10,41,aloud,2,1,0,634.379
10,42,aloud,1,1,1,648.268
10,43,aloud,2,2,1,656.3
10,44,aloud,1,2,0,671.066
10,45,aloud,2,2,1,693.819
10,46,aloud,2,2,1,702.738
10,47,aloud,1,2,0,712.205
10,48,aloud,1,2,0,726.444
10,49,aloud,2,2,1,762.899
10,50,aloud,1,1,1,771.95
10,51,aloud,1,1,1,780.272
10,52,aloud,1,1,1,787.917
10,53,aloud,2,2,1,795.053
10,54,aloud,2,2,1,807.717
10,55,aloud,2,2,1,814.436
10,56,aloud,1,2,0,820.316
10,57,aloud,2,2,1,827.356
10,58,aloud,2,2,1,833.217
10,59,aloud,1,1,1,843.859
10,60,aloud,2,2,1,860.788
10,61,aloud,1,1,1,872.412
10,62,aloud,1,1,1,885.504
10,63,aloud,2,1,0,893.998
10,64,aloud,1,1,1,901.374
10,65,aloud,2,2,1,909.694
10,66,aloud,1,1,1,917.463
10,67,aloud,1,1,1,928.115
10,68,aloud,2,2,1,944.402
10,69,aloud,1,1,1,951.7
10,70,aloud,2,2,1,959.735
10,71,aloud,2,2,1,966.416
10,72,aloud,1,2,0,974.035
10,73,aloud,2,1,0,991.194
10,74,aloud,2,1,0,999.106
10,75,aloud,2,2,1,1005.732
10,76,aloud,1,2,0,1020.822
10,77,aloud,1,1,1,1032.213
10,78,aloud,1,1,1,1040.79
10,79,aloud,1,1,1,1053.064
10,80,aloud,1,2,0,1060.403
10,81,aloud,2,2,1,1067.061
10,82,aloud,1,2,0,1086.182
10,83,aloud,1,1,1,1109.426
10,84,aloud,2,2,1,1122.762
10,85,aloud,1,1,1,1133.085
10,86,aloud,1,1,1,1138.76
10,87,aloud,1,1,1,1150.393
10,88,aloud,2,2,1,1158.528
10,89,aloud,1,1,1,1177.838
10,90,aloud,2,2,1,1185.003
10,91,aloud,2,1,0,1191.762
10,92,aloud,1,1,1,1198.601
10,93,aloud,1,2,0,1209.95
10,94,aloud,1,2,0,1220.268
10,95,aloud,1,1,1,1228.288
10,96,aloud,1,1,1,1239.565
10,97,aloud,2,2,1,1250.541
10,98,aloud,1,1,1,1262.353
10,99,aloud,2,2,1,1270.158
10,100,aloud,2,2,1,1277.84
10,101,aloud,1,1,1,1286.115
10,102,aloud,2,2,1,1307.34
10,103,aloud,2,2,1,1315.037
10,104,aloud,1,1,1,1322.648
10,105,aloud,2,2,1,1329.696
10,106,aloud,2,2,1,1336.256
10,107,aloud,2,1,0,1347.482
10,108,aloud,1,1,1,1358.586
10,109,aloud,1,1,1,1372.467
10,110,aloud,1,1,1,1380.585
10,111,aloud,2,2,1,1389.797
10,112,aloud,2,1,0,1402.294
10,113,aloud,2,2,1,1411.56
10,114,aloud,1,2,0,1420.99
10,115,aloud,1,2,0,1428.276
10,116,aloud,1,1,1,1435.206
10,117,aloud,2,2,1,1445.568
10,118,aloud,2,2,1,1453.013
10,119,aloud,1,1,1,1459.361
10,120,aloud,1,1,1,1474.304
11,1,aloud,1,1,1,20.44
11,2,aloud,2,1,0,82.502
11,3,aloud,1,1,1,114.915
11,4,aloud,2,2,1,147.487
11,5,aloud,1,2,0,178.254
11,6,aloud,2,2,1,195.97
11,7,aloud,2,2,1,235.786
11,8,aloud,2,2,1,263.469
11,9,aloud,2,2,1,291.975
11,10,aloud,1,1,1,318.332
11,11,aloud,1,2,0,344.079
11,12,aloud,1,1,1,396.273
11,13,aloud,2,2,1,429.654
11,14,aloud,1,1,1,467.708
11,15,aloud,1,2,0,480.84
11,16,aloud,1,2,0,490.948
11,17,aloud,2,2,1,502.664
11,18,aloud,2,2,1,519.927
11,19,aloud,2,2,1,532.219
11,20,aloud,2,2,1,546.863
11,21,aloud,2,2,1,554.937
11,22,aloud,1,1,1,582.996
11,23,aloud,2,2,1,602.941
11,24,aloud,2,1,0,611.769
11,25,aloud,1,1,1,620.414
11,26,aloud,2,2,1,627.75
11,27,aloud,2,2,1,646.92
11,28,aloud,2,1,0,669.112
11,29,aloud,2,1,0,690.549
11,30,aloud,1,2,0,708.367
11,31,aloud,1,1,1,728.08
11,32,aloud,2,2,1,738.966
11,33,aloud,1,2,0,744.577
11,34,aloud,1,2,0,757.24
11,35,aloud,1,2,0,767.974
11,36,aloud,1,1,1,775.658
11,37,aloud,1,1,1,784.629
11,38,aloud,1,2,0,793.141
11,39,aloud,1,1,1,807.479
11,40,aloud,2,2,1,818.308
11,41,aloud,1,2,0,831.157
11,42,aloud,2,2,1,847.116
11,43,aloud,1,1,1,860.625
11,44,aloud,2,2,1,878.308
11,45,aloud,1,1,1,889.086
11,46,aloud,1,1,1,896.501
11,47,aloud,1,1,1,904.13
11,48,aloud,1,2,0,909.636
11,49,aloud,1,1,1,916.519
11,50,aloud,2,2,1,924.14
11,51,aloud,2,2,1,929.511
11,52,aloud,1,2,0,945.225
11,53,aloud,2,2,1,954.505
11,54,aloud,1,1,1,959.355
11,55,aloud,2,2,1,970.436
11,56,aloud,2,1,0,979.858
11,57,aloud,1,1,1,989.171
11,58,aloud,2,2,1,1009.652
11,59,aloud,1,1,1,1024.199
11,60,aloud,1,1,1,1031.089
11,61,aloud,1,1,1,1037.508
11,62,aloud,1,1,1,1042.921
11,63,aloud,1,1,1,1048.798
11,64,aloud,2,2,1,1053.867
11,65,aloud,2,1,0,1060.162
11,66,aloud,1,2,0,1068.174
11,67,aloud,2,1,0,1073.36
11,68,aloud,2,2,1,1078.314
11,69,aloud,2,2,1,1082.742
11,70,aloud,1,1,1,1088.095
11,71,aloud,2,2,1,1092.66
11,72,aloud,2,2,1,1097.337
11,73,aloud,2,2,1,1101.564
11,74,aloud,1,1,1,1105.829
11,75,aloud,1,1,1,1110.06
11,76,aloud,1,1,1,1114.383
11,77,aloud,1,1,1,1118.877
11,78,aloud,2,1,0,1123.441
11,79,aloud,2,1,0,1127.901
11,80,aloud,1,2,0,1132.027
11,81,aloud,2,2,1,1136.726
11,82,aloud,1,2,0,1141.317
11,83,aloud,1,1,1,1149.959
11,84,aloud,1,1,1,1154.65
11,85,aloud,2,2,1,1160.072
11,86,aloud,1,1,1,1164.652
11,87,aloud,1,2,0,1169.528
11,88,aloud,2,2,1,1173.908
11,89,aloud,2,1,0,1178.156
11,90,aloud,2,2,1,1182.64
11,91,aloud,1,1,1,1187.424
11,92,aloud,1,1,1,1191.712
11,93,aloud,1,1,1,1196.104
11,94,aloud,2,1,0,1200.973
11,95,aloud,2,1,0,1205.997
11,96,aloud,1,1,1,1210.216
11,97,aloud,1,1,1,1214.335
11,98,aloud,1,2,0,1219.137
11,99,aloud,1,2,0,1223.604
11,100,aloud,2,1,0,1227.917
11,101,aloud,1,1,1,1231.855
11,102,aloud,1,1,1,1235.699
11,103,aloud,1,1,1,1239.6
11,104,aloud,2,2,1,1243.668
11,105,aloud,1,1,1,1252.175
11,106,aloud,2,2,1,1260.179
11,107,aloud,1,2,0,1264.7
11,108,aloud,1,2,0,1269.119
11,109,aloud,2,1,0,1273.982
11,110,aloud,2,2,1,1278.324
11,111,aloud,1,1,1,1282.79
11,112,aloud,2,2,1,1286.819
11,113,aloud,2,2,1,1291.58
11,114,aloud,1,1,1,1295.974
11,115,aloud,2,1,0,1300.227
11,116,aloud,2,2,1,1304.582
11,117,aloud,1,2,0,1308.629
11,118,aloud,1,1,1,1313.406
11,119,aloud,2,1,0,1317.541
11,120,aloud,1,1,1,1322.1
12,1,aloud,2,2,1,11.023
12,2,aloud,1,1,1,80.499
12,3,aloud,1,1,1,128.312
12,4,aloud,2,2,1,196.253
12,5,aloud,2,2,1,245.764
12,6,aloud,2,2,1,326.741
12,7,aloud,2,1,0,356.454
12,8,aloud,2,2,1,413.996
12,9,aloud,1,1,1,540.147
12,10,aloud,1,1,1,575.504
12,11,aloud,1,1,1,614.876
12,12,aloud,2,2,1,666.035
12,13,aloud,2,1,0,697.547
12,14,aloud,1,1,1,736.709
12,15,aloud,2,2,1,764.76
12,16,aloud,1,1,1,809.115
12,17,aloud,1,2,0,829.072
12,18,aloud,2,2,1,872.918
12,19,aloud,2,2,1,904.308
12,20,aloud,1,1,1,934.813
12,21,aloud,1,1,1,959.666
12,22,aloud,2,1,0,981.291
12,23,aloud,1,1,1,1003.132
12,24,aloud,2,1,0,1043.08
12,25,aloud,2,1,0,1089.618
12,26,aloud,2,2,1,1131.256
12,27,aloud,1,1,1,1158.409
12,28,aloud,2,2,1,1185.165
12,29,aloud,1,1,1,1216.143
12,30,aloud,1,2,0,1260.162
12,31,aloud,1,1,1,1283.078
12,32,aloud,1,1,1,1316.892
12,33,aloud,1,2,0,1359.136
12,34,aloud,2,2,1,1376.891
12,35,aloud,2,2,1,1416.148
12,36,aloud,2,2,1,1434.921
12,37,aloud,2,2,1,1455.299
12,38,aloud,2,2,1,1479.31
12,39,aloud,2,2,1,1514.241
12,40,aloud,1,1,1,1545.224
12,41,aloud,2,2,1,1569.428
12,42,aloud,1,1,1,1585.336
12,43,aloud,1,1,1,1638.109
12,44,aloud,2,2,1,1667.403
12,45,aloud,2,2,1,1700.322
12,46,aloud,1,1,1,1728.013
12,47,aloud,2,1,0,1779.931
12,48,aloud,2,2,1,1839.757
12,49,aloud,1,1,1,1878.089
12,50,aloud,1,1,1,1898.209
12,51,aloud,1,1,1,1914.671
12,52,aloud,2,2,1,1928.684
12,53,aloud,2,1,0,1945.437
12,54,aloud,2,2,1,1969.216
12,55,aloud,1,1,1,1990.344
12,56,aloud,2,2,1,2024.369
12,57,aloud,2,2,1,2043.627
12,58,aloud,2,2,1,2080.79
12,59,aloud,1,2,0,2107.497
12,60,aloud,1,2,0,2154.288
12,61,aloud,2,2,1,2171.375
12,62,aloud,1,1,1,2212.803
12,63,aloud,2,2,1,2252.784
12,64,aloud,2,2,1,2272.527
12,65,aloud,2,2,1,2295.566
12,66,aloud,1,1,1,2312.999
12,67,aloud,1,1,1,2327.7
12,68,aloud,1,1,1,2350.907
12,69,aloud,1,1,1,2366.776
12,70,aloud,2,2,1,2390.46
12,71,aloud,2,2,1,2423.858
12,72,aloud,1,2,0,2441.213
12,73,aloud,2,1,0,2459.741
12,74,aloud,1,1,1,2490.167
12,75,aloud,1,2,0,2520.224
12,76,aloud,1,1,1,2536.946
12,77,aloud,1,1,1,2555.673
12,78,aloud,1,1,1,2571.924
12,79,aloud,1,1,1,2597.444
12,80,aloud,1,1,1,2641.623
12,81,aloud,1,2,0,2662.732
12,82,aloud,2,1,0,2691.534
12,83,aloud,1,1,1,2727.969
12,84,aloud,2,1,0,2741.072
12,85,aloud,1,1,1,2780.765
12,86,aloud,1,2,0,2810.949
12,87,aloud,1,1,1,2832.503
12,88,aloud,1,1,1,2866.407
12,89,aloud,1,2,0,2894.058
12,90,aloud,2,2,1,2913.3
12,91,aloud,2,2,1,2932.396
12,92,aloud,2,2,1,2957.162
12,93,aloud,2,1,0,2977.398
12,94,aloud,2,2,1,3000.693
12,95,aloud,1,1,1,3018.679
12,96,aloud,2,2,1,3035.108
12,97,aloud,2,2,1,3049.023
12,98,aloud,2,2,1,3061.816
12,99,aloud,1,1,1,3081.372
12,100,aloud,1,1,1,3096.65
12,101,aloud,1,1,1,3115.162
12,102,aloud,1,1,1,3131.019
12,103,aloud,1,1,1,3151.991
12,104,aloud,2,2,1,3169.494
12,105,aloud,2,1,0,3180.215
12,106,aloud,2,2,1,3220.262
12,107,aloud,1,2,0,3238.086
12,108,aloud,1,2,0,3261.706
12,109,aloud,2,1,0,3276.298
12,110,aloud,1,1,1,3290.244
12,111,aloud,1,1,1,3310.763
12,112,aloud,2,2,1,3327.868
12,113,aloud,2,2,1,3368.82
12,114,aloud,2,2,1,3395.436
12,115,aloud,2,2,1,3431.7
12,116,aloud,2,2,1,3442.584
12,117,aloud,2,2,1,3457.336
12,118,aloud,1,1,1,3476.965
12,119,aloud,2,2,1,3493.785
12,120,aloud,2,1,0,3524.201
13,1,aloud,2,2,1,15.412
13,2,aloud,2,2,1,80.732
13,3,aloud,1,1,1,165.212
13,4,aloud,2,2,1,270.609
13,5,aloud,1,1,1,324.936
13,6,aloud,2,1,0,379.484
13,7,aloud,2,2,1,508.614
13,8,aloud,1,1,1,574.781
13,9,aloud,1,1,1,681.42
13,10,aloud,2,2,1,733.227
13,11,aloud,1,1,1,771.251
13,12,aloud,1,2,0,812.136
13,13,aloud,1,1,1,832.722
13,14,aloud,1,1,1,843.554
13,15,aloud,1,1,1,881.926
13,16,aloud,1,1,1,916.748
13,17,aloud,2,2,1,935.033
13,18,aloud,2,2,1,953.901
13,19,aloud,1,1,1,977.663
13,20,aloud,1,1,1,1017.5
13,21,aloud,1,2,0,1029.639
13,22,aloud,1,1,1,1062.352
13,23,aloud,1,2,0,1086.513
13,24,aloud,1,1,1,1105.645
13,25,aloud,1,1,1,1133.121
13,26,aloud,1,1,1,1156.082
13,27,aloud,1,1,1,1181.644
13,28,aloud,2,2,1,1218.494
13,29,aloud,2,2,1,1247.218
13,30,aloud,2,2,1,1270.274
13,31,aloud,2,2,1,1282.863
13,32,aloud,1,2,0,1304.637
13,33,aloud,1,2,0,1322.602
13,34,aloud,1,1,1,1347.236
13,35,aloud,1,1,1,1370.143
13,36,aloud,2,2,1,1397.436
13,37,aloud,2,2,1,1419.975
13,38,aloud,2,1,0,1445.186
13,39,aloud,2,2,1,1474.64
13,40,aloud,2,2,1,1497.952
13,41,aloud,1,1,1,1527.916
13,42,aloud,2,1,0,1539.713
13,43,aloud,1,1,1,1560.483
13,44,aloud,2,1,0,1582.353
13,45,aloud,1,1,1,1597.457
13,46,aloud,1,1,1,1621.376
13,47,aloud,1,1,1,1644.022
13,48,aloud,1,1,1,1661.324
13,49,aloud,2,2,1,1678.607
13,50,aloud,2,2,1,1703.728
13,51,aloud,2,2,1,1720.976
13,52,aloud,2,2,1,1732.525
13,53,aloud,2,2,1,1741.851
13,54,aloud,1,1,1,1757.157
13,55,aloud,2,2,1,1769.464
13,56,aloud,1,2,0,1785.106
13,57,aloud,1,1,1,1795.947
13,58,aloud,1,1,1,1805.489
13,59,aloud,2,1,0,1825.272
13,60,aloud,1,1,1,1838.089
13,61,aloud,2,2,1,1848.31
13,62,aloud,2,2,1,1863.221
13,63,aloud,1,2,0,1875.582
13,64,aloud,2,2,1,1893.194
13,65,aloud,2,2,1,1906.131
13,66,aloud,2,2,1,1917.694
13,67,aloud,2,2,1,1933.241
13,68,aloud,1,1,1,1942.377
13,69,aloud,1,2,0,1952.726
13,70,aloud,1,1,1,1974.017
13,71,aloud,1,2,0,1995.662
13,72,aloud,1,1,1,2011.002
13,73,aloud,2,2,1,2022.958
13,74,aloud,2,2,1,2031.545
13,75,aloud,2,1,0,2039.184
13,76,aloud,1,1,1,2059.693
13,77,aloud,2,2,1,2068.604
13,78,aloud,2,2,1,2085.615
13,79,aloud,2,2,1,2102.36
13,80,aloud,1,1,1,2112.648
13,81,aloud,2,1,0,2127.307
13,82,aloud,2,2,1,2137.953
13,83,aloud,2,1,0,2145.359
13,84,aloud,2,2,1,2158.964
13,85,aloud,2,2,1,2174.419
13,86,aloud,1,1,1,2186.04
13,87,aloud,2,2,1,2198.781
13,88,aloud,2,2,1,2207.715
13,89,aloud,1,2,0,2215.652
13,90,aloud,2,2,1,2227.648
13,91,aloud,2,1,0,2232.54
13,92,aloud,1,1,1,2248.674
13,93,aloud,2,2,1,2260.039
13,94,aloud,1,1,1,2272.156
13,95,aloud,2,2,1,2279.96
13,96,aloud,2,1,0,2290.334
13,97,aloud,1,2,0,2300.01
13,98,aloud,2,2,1,2310.956
13,99,aloud,2,2,1,2323.637
13,100,aloud,2,2,1,2333.69
13,101,aloud,2,2,1,2344.085
13,102,aloud,2,1,0,2356.857
13,103,aloud,1,1,1,2366.123
13,104,aloud,2,1,0,2377.272
13,105,aloud,1,1,1,2383.868
13,106,aloud,2,2,1,2392.743
13,107,aloud,2,1,0,2405.217
13,108,aloud,2,2,1,2414.869
13,109,aloud,2,1,0,2420.609
13,110,aloud,2,1,0,2428.363
13,111,aloud,1,2,0,2438.96
13,112,aloud,1,1,1,2447.56
13,113,aloud,1,1,1,2456.208
13,114,aloud,1,1,1,2465.327
13,115,aloud,2,1,0,2480.369
13,116,aloud,1,1,1,2493.818
13,117,aloud,2,2,1,2498.699
13,118,aloud,1,1,1,2507.459
13,119,aloud,2,2,1,2513.385
13,120,aloud,1,1,1,2518.932
14,1,aloud,1,2,0,11.356
14,2,aloud,2,2,1,62.604
14,3,aloud,2,2,1,82.392
14,4,aloud,2,2,1,112.395
14,5,aloud,1,2,0,141.927
14,6,aloud,1,2,0,166.631
14,7,aloud,2,2,1,185.273
14,8,aloud,1,1,1,199.425
14,9,aloud,1,1,1,219.121
14,10,aloud,2,2,1,240.323
14,11,aloud,2,1,0,254.049
14,12,aloud,1,1,1,261.621
14,13,aloud,1,2,0,276.838
14,14,aloud,1,1,1,290.052
14,15,aloud,1,1,1,299.144
14,16,aloud,1,1,1,315.781
14,17,aloud,1,1,1,333.931
14,18,aloud,1,2,0,353.579
14,19,aloud,2,2,1,388.74
14,20,aloud,2,2,1,405.684
14,21,aloud,1,1,1,424.676
14,22,aloud,2,2,1,435.198
14,23,aloud,1,2,0,449.354
14,24,aloud,2,2,1,467.446
14,25,aloud,1,1,1,496.705
14,26,aloud,2,2,1,512.211
14,27,aloud,2,2,1,525.472
14,28,aloud,2,2,1,535.52
14,29,aloud,1,1,1,548.84
14,30,aloud,2,2,1,560.455
14,31,aloud,2,2,1,571.333
14,32,aloud,2,2,1,590.574
14,33,aloud,2,2,1,607.408
14,34,aloud,1,1,1,619.378
14,35,aloud,1,2,0,626.28
14,36,aloud,1,1,1,638.247
14,37,aloud,2,2,1,646.34
14,38,aloud,2,1,0,653.868
14,39,aloud,1,2,0,668.154
14,40,aloud,1,1,1,678.964
14,41,aloud,1,1,1,686.835
14,42,aloud,1,1,1,699.05
14,43,aloud,1,2,0,712.825
14,44,aloud,2,2,1,726.894
14,45,aloud,1,1,1,737.057
14,46,aloud,1,1,1,749.612
14,47,aloud,1,1,1,765.257
14,48,aloud,1,1,1,790.376
14,49,aloud,1,2,0,800.21
14,50,aloud,2,1,0,805.69
14,51,aloud,1,2,0,814.543
14,52,aloud,2,2,1,832.486
14,53,aloud,1,1,1,840.947
14,54,aloud,1,2,0,857.904
14,55,aloud,1,1,1,867.975
14,56,aloud,2,1,0,880.637
14,57,aloud,2,2,1,905.672
14,58,aloud,2,2,1,912.575
14,59,aloud,1,1,1,918.862
14,60,aloud,1,1,1,928.577
14,61,aloud,2,2,1,944.742
14,62,aloud,2,2,1,955.489
14,63,aloud,2,2,1,966.456
14,64,aloud,1,1,1,975.592
14,65,aloud,2,2,1,996.412
14,66,aloud,2,2,1,1002.729
14,67,aloud,2,2,1,1008.312
14,68,aloud,1,1,1,1015.025
14,69,aloud,1,2,0,1022.189
14,70,aloud,2,1,0,1033.815
14,71,aloud,1,2,0,1043.061
14,72,aloud,1,1,1,1052.289
14,73,aloud,2,1,0,1060.78
14,74,aloud,2,2,1,1068.48
14,75,aloud,1,1,1,1073.737
14,76,aloud,1,1,1,1082.547
14,77,aloud,1,1,1,1090.339
14,78,aloud,1,1,1,1096.61
14,79,aloud,2,2,1,1104.462
14,80,aloud,2,2,1,1113.198
14,81,aloud,2,2,1,1119.01
14,82,aloud,1,1,1,1127.038
14,83,aloud,2,2,1,1140.377
14,84,aloud,2,2,1,1147.17
14,85,aloud,1,1,1,1158.492
14,86,aloud,2,1,0,1166.064
14,87,aloud,2,2,1,1173.765
14,88,aloud,2,2,1,1178.701
14,89,aloud,2,1,0,1184.175
14,90,aloud,2,1,0,1188.503
14,91,aloud,1,1,1,1192.563
14,92,aloud,2,2,1,1197.999
14,93,aloud,2,2,1,1203.339
14,94,aloud,2,2,1,1208.169
14,95,aloud,2,2,1,1213.893
14,96,aloud,1,1,1,1217.834
14,97,aloud,1,1,1,1223.463
14,98,aloud,2,2,1,1229.928
14,99,aloud,2,1,0,1234.902
14,100,aloud,2,2,1,1244.174
14,101,aloud,1,1,1,1250.967
14,102,aloud,1,1,1,1254.758
14,103,aloud,2,2,1,1258.599
14,104,aloud,2,2,1,1262.081
14,105,aloud,1,1,1,1266.769
14,106,aloud,2,2,1,1270.459
14,107,aloud,1,1,1,1274.687
14,108,aloud,1,1,1,1280.275
14,109,aloud,2,1,0,1283.567
14,110,aloud,2,2,1,1286.919
14,111,aloud,1,1,1,1289.612
14,112,aloud,2,1,0,1295.03
14,113,aloud,1,1,1,1298.506
14,114,aloud,1,1,1,1301.86
14,115,aloud,1,1,1,1304.612
14,116,aloud,1,2,0,1309.18
14,117,aloud,1,1,1,1312.585
14,118,aloud,2,1,0,1315.757
14,119,aloud,1,1,1,1319.26
14,120,aloud,2,1,0,1323.779
15,1,aloud,2,2,1,273.575
15,2,aloud,1,1,1,298.368
15,3,aloud,2,2,1,314.364
15,4,aloud,1,1,1,356.388
15,5,aloud,1,1,1,372.792
15,6,aloud,2,2,1,382.107
15,7,aloud,2,2,1,390.758
15,8,aloud,1,2,0,397.962
15,9,aloud,1,1,1,416.767
15,10,aloud,2,1,0,437.046
15,11,aloud,1,1,1,467.82
15,12,aloud,2,1,0,478.576
15,13,aloud,1,1,1,489.72
15,14,aloud,1,1,1,507.729
15,15,aloud,2,2,1,518.237
15,16,aloud,2,2,1,527.089
15,17,aloud,1,2,0,534.721
15,18,aloud,1,2,0,551.158
15,19,aloud,1,1,1,577.521
15,20,aloud,1,2,0,589.335
15,21,aloud,1,1,1,596.113
15,22,aloud,2,2,1,605.307
15,23,aloud,2,2,1,611.29
15,24,aloud,2,1,0,631.399
15,25,aloud,2,2,1,638.723
15,26,aloud,2,1,0,651.321
15,27,aloud,2,2,1,659.176
15,28,aloud,1,1,1,670.152
15,29,aloud,1,1,1,686.203
15,30,aloud,1,1,1,692.798
15,31,aloud,1,1,1,698.913
15,32,aloud,1,1,1,704.8
15,33,aloud,2,2,1,722.068
15,34,aloud,2,2,1,728.118
15,35,aloud,2,2,1,738.131
15,36,aloud,1,1,1,745.046
15,37,aloud,2,1,0,752.906
15,38,aloud,2,2,1,767.979
15,39,aloud,1,1,1,804.283
15,40,aloud,2,2,1,835.684
15,41,aloud,2,1,0,846.524
15,42,aloud,1,2,0,857.237
15,43,aloud,2,1,0,864.904
15,44,aloud,1,1,1,872.078
15,45,aloud,2,1,0,878.865
15,46,aloud,1,1,1,907.697
15,47,aloud,1,1,1,922.531
15,48,aloud,2,2,1,927.941
15,49,aloud,2,2,1,936.496
15,50,aloud,2,2,1,942.735
15,51,aloud,1,1,1,948.448
15,52,aloud,1,2,0,958.117
15,53,aloud,2,2,1,966.445
15,54,aloud,1,1,1,972.31
15,55,aloud,1,2,0,981.058
15,56,aloud,1,1,1,987.569
15,57,aloud,2,2,1,993.754
15,58,aloud,2,2,1,999.604
15,59,aloud,2,2,1,1006.162
15,60,aloud,2,1,0,1012.007
15,61,aloud,2,2,1,1018.605
15,62,aloud,1,1,1,1024.709
15,63,aloud,1,1,1,1030.129
15,64,aloud,2,2,1,1037.684
15,65,aloud,2,2,1,1047.465
15,66,aloud,2,2,1,1056.052
15,67,aloud,2,2,1,1064.342
15,68,aloud,2,1,0,1069.788
15,69,aloud,1,1,1,1076.057
15,70,aloud,2,1,0,1094.668
15,71,aloud,1,1,1,1109.62
15,72,aloud,1,2,0,1125.076
15,73,aloud,2,1,0,1137.496
15,74,aloud,2,2,1,1147.069
15,75,aloud,1,1,1,1156.425
15,76,aloud,2,2,1,1163.0
15,77,aloud,2,2,1,1182.919
15,78,aloud,1,2,0,1188.369
15,79,aloud,1,1,1,1197.72
15,80,aloud,2,2,1,1205.586
15,81,aloud,1,1,1,1215.979
15,82,aloud,2,2,1,1224.415
15,83,aloud,2,2,1,1232.662
15,84,aloud,1,1,1,1238.144
15,85,aloud,1,2,0,1244.682
15,86,aloud,2,2,1,1250.957
15,87,aloud,1,1,1,1257.037
15,88,aloud,1,1,1,1268.458
15,89,aloud,2,2,1,1274.588
15,90,aloud,2,2,1,1280.137
15,91,aloud,2,1,0,1285.418
15,92,aloud,2,2,1,1294.627
15,93,aloud,2,2,1,1303.803
15,94,aloud,2,2,1,1311.777
15,95,aloud,2,2,1,1318.768
15,96,aloud,2,1,0,1330.903
15,97,aloud,1,1,1,1341.683
15,98,aloud,1,1,1,1350.547
15,99,aloud,2,1,0,1357.294
15,100,aloud,1,2,0,1367.796
15,101,aloud,1,2,0,1377.044
15,102,aloud,1,1,1,1386.127
15,103,aloud,2,2,1,1396.496
15,104,aloud,2,2,1,1404.125
15,105,aloud,2,2,1,1409.676
15,106,aloud,2,2,1,1415.211
15,107,aloud,2,2,1,1425.526
15,108,aloud,1,1,1,1434.231
15,109,aloud,1,2,0,1439.65
15,110,aloud,2,1,0,1449.045
15,111,aloud,1,1,1,1456.92
15,112,aloud,1,1,1,1462.703
15,113,aloud,1,1,1,1472.061
15,114,aloud,1,1,1,1479.427
15,115,aloud,1,1,1,1484.386
15,116,aloud,2,1,0,1490.232
15,117,aloud,1,1,1,1499.224
15,118,aloud,2,2,1,1506.38
15,119,aloud,1,1,1,1513.408
15,120,aloud,2,2,1,1519.342
16,1,aloud,2,1,0,16.271
16,2,aloud,2,2,1,72.182
16,3,aloud,2,1,0,122.27
16,4,aloud,2,1,0,143.836
16,5,aloud,1,1,1,160.195
16,6,aloud,2,1,0,185.159
16,7,aloud,2,2,1,218.259
16,8,aloud,2,2,1,228.888
16,9,aloud,2,2,1,238.912
16,10,aloud,1,1,1,250.436
16,11,aloud,2,1,0,269.976
16,12,aloud,1,1,1,293.948
16,13,aloud,2,2,1,303.676
16,14,aloud,2,2,1,327.563
16,15,aloud,2,2,1,350.217
16,16,aloud,2,2,1,357.888
16,17,aloud,1,1,1,371.991
16,18,aloud,1,1,1,387.749
16,19,aloud,2,1,0,397.697
16,20,aloud,1,2,0,417.731
16,21,aloud,1,1,1,433.385
16,22,aloud,2,1,0,440.184
16,23,aloud,2,2,1,447.916
16,24,aloud,2,1,0,459.235
16,25,aloud,2,1,0,481.562
16,26,aloud,1,2,0,490.276
16,27,aloud,2,2,1,501.535
16,28,aloud,1,2,0,510.436
16,29,aloud,1,1,1,526.592
16,30,aloud,1,2,0,535.425
16,31,aloud,1,1,1,555.657
16,32,aloud,1,1,1,572.66
16,33,aloud,1,2,0,584.626
16,34,aloud,1,1,1,605.931
16,35,aloud,1,2,0,616.132
16,36,aloud,2,2,1,640.726
16,37,aloud,1,1,1,647.193
16,38,aloud,1,1,1,670.099
16,39,aloud,2,2,1,686.025
16,40,aloud,1,2,0,702.006
16,41,aloud,1,2,0,724.519
16,42,aloud,2,1,0,734.303
16,43,aloud,1,1,1,748.556
16,44,aloud,1,1,1,759.352
16,45,aloud,2,1,0,767.962
16,46,aloud,1,1,1,778.243
16,47,aloud,2,2,1,791.84
16,48,aloud,1,1,1,819.643
16,49,aloud,1,2,0,832.606
16,50,aloud,2,2,1,842.222
16,51,aloud,2,2,1,852.664
16,52,aloud,2,2,1,872.679
16,53,aloud,1,1,1,899.025
16,54,aloud,1,1,1,921.068
16,55,aloud,2,2,1,940.653
16,56,aloud,1,1,1,959.165
16,57,aloud,1,1,1,977.875
16,58,aloud,1,1,1,990.858
16,59,aloud,1,1,1,1006.241
16,60,aloud,2,1,0,1018.534
16,61,aloud,1,1,1,1043.145
16,62,aloud,1,2,0,1052.71
16,63,aloud,2,2,1,1066.398
16,64,aloud,1,1,1,1080.616
16,65,aloud,2,2,1,1093.594
16,66,aloud,1,2,0,1103.732
16,67,aloud,2,2,1,1125.278
16,68,aloud,1,2,0,1134.471
16,69,aloud,1,2,0,1143.299
16,70,aloud,1,1,1,1152.693
16,71,aloud,2,2,1,1166.429
16,72,aloud,1,2,0,1177.416
16,73,aloud,1,2,0,1196.54
16,74,aloud,1,1,1,1209.95
16,75,aloud,2,2,1,1225.774
16,76,aloud,1,2,0,1239.694
16,77,aloud,2,1,0,1258.114
16,78,aloud,1,2,0,1272.855
16,79,aloud,1,2,0,1282.518
16,80,aloud,2,2,1,1293.879
16,81,aloud,2,2,1,1309.552
16,82,aloud,2,2,1,1323.011
16,83,aloud,1,2,0,1337.891
16,84,aloud,2,1,0,1351.771
16,85,aloud,1,1,1,1365.426
16,86,aloud,1,1,1,1375.42
16,87,aloud,1,1,1,1389.505
16,88,aloud,1,2,0,1419.959
16,89,aloud,1,2,0,1437.502
16,90,aloud,1,1,1,1448.186
16,91,aloud,2,1,0,1456.222
16,92,aloud,1,1,1,1474.828
16,93,aloud,2,1,0,1487.745
16,94,aloud,2,1,0,1497.249
16,95,aloud,1,1,1,1517.747
16,96,aloud,2,2,1,1532.462
16,97,aloud,1,2,0,1548.684
16,98,aloud,2,1,0,1561.99
16,99,aloud,2,2,1,1579.666
16,100,aloud,1,1,1,1589.385
16,101,aloud,2,2,1,1615.752
16,102,aloud,2,2,1,1638.114
16,103,aloud,1,1,1,1658.964
16,104,aloud,2,2,1,1672.29
16,105,aloud,1,1,1,1683.929
16,106,aloud,1,2,0,1693.759
16,107,aloud,2,2,1,1705.666
16,108,aloud,2,2,1,1715.378
16,109,aloud,1,1,1,1730.783
16,110,aloud,2,1,0,1756.526
16,111,aloud,1,1,1,1789.531
16,112,aloud,2,2,1,1801.968
16,113,aloud,1,2,0,1816.358
16,114,aloud,1,1,1,1841.018
16,115,aloud,2,2,1,1850.018
16,116,aloud,1,1,1,1860.528
16,117,aloud,1,2,0,1882.378
16,118,aloud,2,1,0,1895.728
16,119,aloud,2,2,1,1906.424
16,120,aloud,2,1,0,1921.047
17,1,aloud,2,2,1,208.164
17,2,aloud,1,1,1,236.443
17,3,aloud,1,2,0,258.221
17,4,aloud,1,2,0,332.933
17,5,aloud,2,2,1,350.46
17,6,aloud,1,1,1,362.667
17,7,aloud,1,1,1,377.226
17,8,aloud,2,2,1,390.462
17,9,aloud,1,1,1,408.129
17,10,aloud,1,1,1,422.326
17,11,aloud,1,2,0,442.277
17,12,aloud,2,2,1,484.6
17,13,aloud,1,2,0,502.149
17,14,aloud,1,1,1,523.119
17,15,aloud,1,1,1,537.852
17,16,aloud,1,2,0,569.395
17,17,aloud,2,1,0,572.262
17,18,aloud,2,2,1,577.538
17,19,aloud,2,1,0,579.689
17,20,aloud,2,1,0,583.207
17,21,aloud,2,2,1,585.396
17,22,aloud,1,1,1,587.945
17,23,aloud,1,1,1,610.117
17,24,aloud,2,1,0,641.715
17,25,aloud,2,1,0,670.15
17,26,aloud,1,2,0,683.499
17,27,aloud,2,2,1,706.867
17,28,aloud,1,1,1,720.545
17,29,aloud,1,1,1,742.363
17,30,aloud,2,2,1,746.295
17,31,aloud,1,2,0,749.278
17,32,aloud,1,1,1,752.142
17,33,aloud,2,2,1,755.145
17,34,aloud,2,1,0,781.135
17,35,aloud,2,2,1,792.835
17,36,aloud,1,1,1,808.365
17,37,aloud,1,1,1,825.849
17,38,aloud,1,1,1,838.628
17,39,aloud,2,2,1,852.203
17,40,aloud,2,2,1,866.191
17,41,aloud,2,2,1,895.381
17,42,aloud,1,1,1,904.108
17,43,aloud,1,2,0,911.832
17,44,aloud,1,1,1,926.127
17,45,aloud,2,2,1,935.489
17,46,aloud,2,2,1,945.161
17,47,aloud,2,2,1,954.022
17,48,aloud,1,2,0,964.32
17,49,aloud,1,1,1,973.765
17,50,aloud,2,1,0,1002.119
17,51,aloud,2,2,1,1016.177
17,52,aloud,2,2,1,1027.566
17,53,aloud,1,1,1,1036.576
17,54,aloud,1,2,0,1045.83
17,55,aloud,1,1,1,1058.699
17,56,aloud,2,2,1,1079.07
17,57,aloud,1,1,1,1087.37
17,58,aloud,1,2,0,1098.48
17,59,aloud,1,1,1,1132.059
17,60,aloud,1,1,1,1167.006
17,61,aloud,2,2,1,1178.242
17,62,aloud,2,2,1,1193.736
17,63,aloud,1,2,0,1208.786
17,64,aloud,1,1,1,1219.817
17,65,aloud,2,2,1,1234.196
17,66,aloud,2,2,1,1253.368
17,67,aloud,2,2,1,1266.628
17,68,aloud,1,2,0,1275.712
17,69,aloud,2,1,0,1289.247
17,70,aloud,2,2,1,1305.198
17,71,aloud,1,1,1,1322.841
17,72,aloud,1,2,0,1331.06
17,73,aloud,2,2,1,1340.631
17,74,aloud,2,2,1,1353.328
17,75,aloud,2,2,1,1367.809
17,76,aloud,2,2,1,1376.392
17,77,aloud,2,2,1,1396.682
17,78,aloud,1,1,1,1408.032
17,79,aloud,1,1,1,1421.852
17,80,aloud,1,1,1,1430.078
17,81,aloud,1,1,1,1443.48
17,82,aloud,2,2,1,1453.421
17,83,aloud,2,1,0,1471.153
17,84,aloud,2,2,1,1480.238
17,85,aloud,2,1,0,1488.175
17,86,aloud,1,1,1,1497.581
17,87,aloud,1,1,1,1506.38
17,88,aloud,1,1,1,1531.633
17,89,aloud,1,1,1,1546.51
17,90,aloud,1,1,1,1554.9
17,91,aloud,2,2,1,1562.958
17,92,aloud,2,2,1,1569.688
17,93,aloud,2,1,0,1577.151
17,94,aloud,1,2,0,1590.59
17,95,aloud,1,1,1,1622.773
17,96,aloud,2,1,0,1640.286
17,97,aloud,1,2,0,1669.215
17,98,aloud,2,1,0,1679.101
17,99,aloud,2,2,1,1689.915
17,100,aloud,1,1,1,1702.905
17,101,aloud,2,2,1,1715.777
17,102,aloud,1,1,1,1725.521
17,103,aloud,1,1,1,1737.678
17,104,aloud,1,1,1,1764.896
17,105,aloud,1,1,1,1780.184
17,106,aloud,1,1,1,1789.583
17,107,aloud,1,2,0,1797.654
17,108,aloud,2,1,0,1806.097
17,109,aloud,2,2,1,1819.006
17,110,aloud,1,1,1,1833.526
17,111,aloud,1,1,1,1840.652
17,112,aloud,2,2,1,1869.994
17,113,aloud,2,2,1,1877.03
17,114,aloud,2,2,1,1883.978
17,115,aloud,2,2,1,1892.936
17,116,aloud,1,1,1,1901.345
17,117,aloud,2,2,1,1908.783
17,118,aloud,1,1,1,1915.077
17,119,aloud,1,1,1,1927.146
17,120,aloud,2,2,1,1964.009
18,1,aloud,2,1,0,278.725
18,2,aloud,1,1,1,343.662
18,3,aloud,1,1,1,370.527
18,4,aloud,2,2,1,384.896
18,5,aloud,1,1,1,403.268
18,6,aloud,2,2,1,421.153
18,7,aloud,1,1,1,434.812
18,8,aloud,2,2,1,464.212
18,9,aloud,1,1,1,491.177
18,10,aloud,2,2,1,504.338
18,11,aloud,2,2,1,514.894
18,12,aloud,2,2,1,540.638
18,13,aloud,1,1,1,570.766
18,14,aloud,2,2,1,589.763
18,15,aloud,2,2,1,597.485
18,16,aloud,1,1,1,606.459
18,17,aloud,1,1,1,621.285
18,18,aloud,1,1,1,642.443
18,19,aloud,2,2,1,653.453
18,20,aloud,2,2,1,669.311
18,21,aloud,1,1,1,682.018
18,22,aloud,1,1,1,690.702
18,23,aloud,1,1,1,702.109
18,24,aloud,2,2,1,711.471
18,25,aloud,2,2,1,719.403
18,26,aloud,2,1,0,730.267
18,27,aloud,1,1,1,741.722
18,28,aloud,2,2,1,767.532
18,29,aloud,2,2,1,779.754
18,30,aloud,2,1,0,784.806
18,31,aloud,1,2,0,808.983
18,32,aloud,2,2,1,815.839
18,33,aloud,2,1,0,843.007
18,34,aloud,2,2,1,848.435
18,35,aloud,1,2,0,856.823
18,36,aloud,2,1,0,876.65
18,37,aloud,1,1,1,890.463
18,38,aloud,1,1,1,899.541
18,39,aloud,2,2,1,913.039
18,40,aloud,2,1,0,926.495
18,41,aloud,2,1,0,938.159
18,42,aloud,2,2,1,957.912
18,43,aloud,1,1,1,976.713
18,44,aloud,1,1,1,995.501
18,45,aloud,1,1,1,1007.837
18,46,aloud,1,1,1,1015.367
18,47,aloud,1,1,1,1023.463
18,48,aloud,2,2,1,1030.687
18,49,aloud,1,1,1,1037.781
18,50,aloud,2,1,0,1044.508
18,51,aloud,2,2,1,1058.251
18,52,aloud,2,1,0,1069.661
18,53,aloud,2,2,1,1090.81
18,54,aloud,2,2,1,1100.595
18,55,aloud,2,2,1,1107.57
18,56,aloud,2,2,1,1115.178
18,57,aloud,1,2,0,1121.861
18,58,aloud,2,2,1,1129.093
18,59,aloud,2,2,1,1140.187
18,60,aloud,1,2,0,1147.09
18,61,aloud,2,2,1,1161.007
18,62,aloud,2,2,1,1168.698
18,63,aloud,2,1,0,1175.491
18,64,aloud,2,2,1,1191.012
18,65,aloud,1,2,0,1199.992
18,66,aloud,1,2,0,1207.526
18,67,aloud,2,2,1,1215.817
18,68,aloud,1,1,1,1223.902
18,69,aloud,1,1,1,1231.035
18,70,aloud,1,1,1,1238.545
18,71,aloud,1,1,1,1255.381
18,72,aloud,1,1,1,1267.091
18,73,aloud,2,2,1,1279.057
18,74,aloud,1,1,1,1290.034
18,75,aloud,1,1,1,1297.283
18,76,aloud,2,2,1,1304.375
18,77,aloud,2,1,0,1309.83
18,78,aloud,2,1,0,1315.186
18,79,aloud,2,2,1,1319.743
18,80,aloud,2,2,1,1327.506
18,81,aloud,2,1,0,1333.391
18,82,aloud,1,1,1,1337.869
18,83,aloud,1,2,0,1342.507
18,84,aloud,1,2,0,1347.802
18,85,aloud,1,1,1,1353.968
18,86,aloud,1,1,1,1358.343
18,87,aloud,1,1,1,1363.087
18,88,aloud,1,2,0,1368.221
18,89,aloud,2,2,1,1372.462
18,90,aloud,2,1,0,1378.934
18,91,aloud,1,2,0,1384.397
18,92,aloud,2,2,1,1398.638
18,93,aloud,1,1,1,1406.389
18,94,aloud,1,1,1,1415.146
18,95,aloud,2,1,0,1422.23
18,96,aloud,2,2,1,1439.349
18,97,aloud,1,1,1,1446.764
18,98,aloud,2,2,1,1464.401
18,99,aloud,2,1,0,1473.264
18,100,aloud,1,1,1,1481.568
18,101,aloud,1,1,1,1488.914
18,102,aloud,2,2,1,1525.04
18,103,aloud,2,2,1,1553.208
18,104,aloud,2,1,0,1560.693
18,105,aloud,1,2,0,1569.438
18,106,aloud,1,1,1,1577.236
18,107,aloud,1,1,1,1585.074
18,108,aloud,2,2,1,1591.599
18,109,aloud,2,2,1,1603.637
18,110,aloud,2,2,1,1613.599
18,111,aloud,1,1,1,1623.537
18,112,aloud,1,1,1,1629.944
18,113,aloud,2,2,1,1637.108
18,114,aloud,2,2,1,1646.111
18,115,aloud,2,2,1,1652.477
18,116,aloud,1,1,1,1659.238
18,117,aloud,2,2,1,1666.021
18,118,aloud,2,1,0,1672.449
18,119,aloud,2,2,1,1680.485
18,120,aloud,2,2,1,1688.194
19,1,aloud,1,1,1,232.592
19,2,aloud,2,2,1,277.655
19,3,aloud,1,1,1,311.16
19,4,aloud,2,2,1,342.774
19,5,aloud,1,1,1,371.211
19,6,aloud,1,2,0,418.086
19,7,aloud,2,2,1,436.193
19,8,aloud,2,2,1,459.462
19,9,aloud,2,2,1,487.417
19,10,aloud,1,1,1,502.316
19,11,aloud,2,2,1,518.236
19,12,aloud,2,2,1,533.433
19,13,aloud,2,1,0,561.963
19,14,aloud,1,1,1,575.704
19,15,aloud,1,1,1,594.274
19,16,aloud,2,2,1,606.214
19,17,aloud,1,2,0,645.794
19,18,aloud,1,1,1,658.231
19,19,aloud,1,2,0,677.371
19,20,aloud,2,2,1,689.326
19,21,aloud,1,1,1,703.108
19,22,aloud,1,1,1,720.307
19,23,aloud,1,1,1,737.589
19,24,aloud,2,2,1,757.893
19,25,aloud,2,1,0,783.369
19,26,aloud,2,2,1,812.447
19,27,aloud,2,2,1,849.372
19,28,aloud,1,2,0,859.993
19,29,aloud,1,1,1,887.314
19,30,aloud,2,1,0,902.336
19,31,aloud,2,2,1,929.156
19,32,aloud,1,1,1,941.131
19,33,aloud,1,1,1,963.417
19,34,aloud,2,2,1,983.219
19,35,aloud,1,2,0,1004.879
19,36,aloud,2,1,0,1036.348
19,37,aloud,2,1,0,1047.744
19,38,aloud,1,1,1,1081.75
19,39,aloud,1,1,1,1098.243
19,40,aloud,2,1,0,1121.937
19,41,aloud,1,1,1,1140.293
19,42,aloud,2,1,0,1171.233
19,43,aloud,1,2,0,1188.778
19,44,aloud,1,1,1,1213.656
19,45,aloud,1,2,0,1240.618
19,46,aloud,2,2,1,1252.232
19,47,aloud,1,2,0,1278.322
19,48,aloud,1,1,1,1302.551
19,49,aloud,2,2,1,1319.637
19,50,aloud,1,1,1,1335.135
19,51,aloud,2,2,1,1357.736
19,52,aloud,2,2,1,1376.649
19,53,aloud,2,2,1,1398.415
19,54,aloud,2,1,0,1426.993
19,55,aloud,1,2,0,1445.481
19,56,aloud,2,1,0,1460.388
19,57,aloud,1,1,1,1480.195
19,58,aloud,2,1,0,1501.357
19,59,aloud,2,2,1,1531.936
19,60,aloud,2,1,0,1553.504
19,61,aloud,2,2,1,1580.635
19,62,aloud,2,2,1,1594.717
19,63,aloud,2,2,1,1620.611
19,64,aloud,2,1,0,1651.718
19,65,aloud,1,1,1,1664.611
19,66,aloud,1,2,0,1676.195
19,67,aloud,2,2,1,1699.942
19,68,aloud,1,2,0,1711.363
19,69,aloud,2,2,1,1730.533
19,70,aloud,2,2,1,1745.655
19,71,aloud,1,2,0,1761.442
19,72,aloud,2,2,1,1790.8
19,73,aloud,1,1,1,1811.551
19,74,aloud,2,1,0,1822.58
19,75,aloud,1,1,1,1844.284
19,76,aloud,2,2,1,1861.508
19,77,aloud,2,2,1,1879.902
19,78,aloud,2,2,1,1893.778
19,79,aloud,2,2,1,1910.728
19,80,aloud,1,2,0,1933.353
19,81,aloud,1,1,1,1958.862
19,82,aloud,1,2,0,1998.421
19,83,aloud,2,2,1,2031.342
19,84,aloud,2,2,1,2048.791
19,85,aloud,2,2,1,2064.159
19,86,aloud,1,1,1,2079.536
19,87,aloud,1,1,1,2104.741
19,88,aloud,1,1,1,2120.127
19,90,aloud,1,1,1,2153.472
19,91,aloud,2,2,1,2166.072
19,92,aloud,2,1,0,2175.619
19,93,aloud,2,2,1,2204.216
19,94,aloud,1,2,0,2225.728
19,95,aloud,1,1,1,2239.077
19,96,aloud,1,2,0,2255.336
19,97,aloud,2,1,0,2279.584
19,98,aloud,1,1,1,2303.849
19,99,aloud,1,1,1,2315.447
19,100,aloud,1,2,0,2326.225
19,101,aloud,1,1,1,2350.617
19,102,aloud,2,1,0,2364.216
19,103,aloud,2,2,1,2374.535
19,104,aloud,1,1,1,2402.886
19,105,aloud,1,1,1,2419.927
19,106,aloud,1,1,1,2435.542
19,107,aloud,2,2,1,2455.688
19,108,aloud,2,2,1,2480.7
19,109,aloud,1,1,1,2496.313
19,110,aloud,1,2,0,2513.869
19,111,aloud,1,1,1,2526.803
19,112,aloud,1,1,1,2536.112
19,113,aloud,1,1,1,2547.001
19,114,aloud,1,1,1,2558.928
19,115,aloud,1,1,1,2576.815
19,116,aloud,1,2,0,2609.387
19,117,aloud,1,1,1,2636.835
19,118,aloud,1,1,1,2655.733
19,119,aloud,1,1,1,2671.681
19,120,aloud,2,2,1,2681.559
20,1,silent,2,2,1,11.178
20,2,silent,2,1,0,32.508
20,3,silent,2,2,1,59.838
20,4,silent,1,1,1,96.739
20,5,silent,1,2,0,111.142
20,6,silent,1,2,0,127.823
20,7,silent,2,2,1,149.813
20,8,silent,1,1,1,161.202
20,9,silent,2,2,1,169.219
20,10,silent,1,1,1,180.163
20,11,silent,1,1,1,189.532
20,12,silent,1,1,1,208.819
20,13,silent,1,1,1,219.702
20,14,silent,1,1,1,232.63
20,15,silent,1,1,1,243.832
20,16,silent,1,1,1,251.69
20,17,silent,2,2,1,259.334
20,18,silent,2,2,1,266.913
20,19,silent,2,2,1,272.615
20,20,silent,2,1,0,282.804
20,21,silent,1,2,0,293.647
20,22,silent,2,1,0,302.841
20,23,silent,1,1,1,319.454
20,24,silent,1,1,1,326.988
20,25,silent,2,1,0,332.599
20,26,silent,1,1,1,346.187
20,27,silent,2,2,1,352.241
20,28,silent,2,2,1,359.638
20,29,silent,2,2,1,364.933
20,30,silent,2,2,1,370.335
20,31,silent,1,2,0,385.395
20,32,silent,2,2,1,394.703
20,33,silent,2,1,0,400.585
20,34,silent,1,1,1,408.853
20,35,silent,2,2,1,418.653
20,36,silent,1,1,1,425.341
20,37,silent,2,2,1,435.37
20,38,silent,1,1,1,442.864
20,39,silent,2,2,1,452.617
20,40,silent,2,2,1,460.377
20,41,silent,2,1,0,465.548
20,42,silent,1,1,1,474.479
20,43,silent,2,1,0,480.337
20,44,silent,2,1,0,487.897
20,45,silent,2,2,1,504.692
20,46,silent,2,2,1,511.273
20,47,silent,1,1,1,519.12
20,48,silent,1,1,1,525.018
20,49,silent,2,1,0,528.863
20,50,silent,1,2,0,533.103
20,51,silent,1,1,1,537.389
20,52,silent,2,1,0,542.513
20,53,silent,1,1,1,548.797
20,54,silent,2,1,0,556.629
20,55,silent,1,1,1,562.982
20,56,silent,1,1,1,568.499
20,57,silent,2,1,0,572.618
20,58,silent,2,1,0,575.806
20,59,silent,2,1,0,579.363
20,60,silent,1,2,0,584.862
20,61,silent,2,1,0,591.612
20,62,silent,1,2,0,600.544
20,63,silent,1,1,1,604.771
20,64,silent,1,2,0,613.38
20,65,silent,1,2,0,619.486
20,66,silent,2,2,1,624.404
20,67,silent,1,2,0,631.478
20,68,silent,2,1,0,647.431
20,69,silent,1,2,0,657.419
20,70,silent,1,1,1,669.14
20,71,silent,1,2,0,674.052
20,72,silent,1,2,0,683.93
20,73,silent,2,1,0,691.74
20,74,silent,2,1,0,696.429
20,75,silent,2,2,1,703.244
20,76,silent,2,1,0,709.932
20,77,silent,2,2,1,714.944
20,78,silent,2,2,1,722.465
20,79,silent,2,2,1,730.039
20,80,silent,2,2,1,737.096
20,81,silent,2,2,1,744.16
20,82,silent,1,1,1,749.031
20,83,silent,1,1,1,755.002
20,84,silent,1,1,1,761.838
20,85,silent,1,1,1,770.554
20,86,silent,1,1,1,776.451
20,87,silent,1,1,1,781.736
20,88,silent,2,2,1,786.683
20,89,silent,2,2,1,791.287
20,90,silent,2,2,1,798.569
20,91,silent,2,1,0,802.982
20,92,silent,2,2,1,810.345
20,93,silent,1,2,0,818.663
20,94,silent,2,2,1,825.416
20,95,silent,2,2,1,830.168
20,96,silent,2,1,0,834.943
20,97,silent,2,2,1,841.49
20,98,silent,2,1,0,845.865
20,99,silent,1,1,1,850.382
20,100,silent,2,2,1,855.45
20,101,silent,1,2,0,861.234
20,102,silent,2,1,0,865.64
20,103,silent,1,1,1,871.687
20,104,silent,2,2,1,876.515
20,105,silent,1,2,0,882.314
20,106,silent,2,2,1,888.862
20,107,silent,1,1,1,894.561
20,108,silent,1,2,0,900.931
20,109,silent,1,1,1,905.628
20,110,silent,1,1,1,909.986
20,111,silent,2,1,0,914.303
20,112,silent,2,2,1,918.895
20,113,silent,2,2,1,922.596
20,114,silent,2,2,1,928.916
20,115,silent,1,1,1,933.434
20,116,silent,2,2,1,937.776
20,117,silent,2,2,1,944.304
20,118,silent,2,2,1,949.285
20,119,silent,2,2,1,953.622
20,120,silent,1,2,0,965.337
21,1,silent,2,1,0,13.782
21,2,silent,2,2,1,33.252
21,3,silent,2,1,0,49.555
21,4,silent,2,2,1,81.233
21,5,silent,2,1,0,103.81
21,6,silent,1,2,0,131.982
21,7,silent,2,2,1,145.438
21,8,silent,2,2,1,171.945
21,9,silent,1,2,0,188.658
21,10,silent,2,1,0,205.376
21,11,silent,2,2,1,223.756
21,12,silent,2,2,1,251.231
21,13,silent,2,1,0,268.767
21,14,silent,1,1,1,280.943
21,15,silent,1,1,1,295.153
21,16,silent,2,2,1,313.438
21,17,silent,2,2,1,333.744
21,18,silent,1,1,1,346.931
21,19,silent,2,2,1,361.871
21,20,silent,2,2,1,376.879
21,21,silent,1,1,1,388.092
21,22,silent,1,1,1,398.127
21,23,silent,1,1,1,409.418
21,24,silent,2,2,1,416.301
21,25,silent,2,1,0,426.286
21,26,silent,2,2,1,443.053
21,27,silent,2,2,1,456.261
21,28,silent,2,2,1,466.587
21,29,silent,1,1,1,481.667
21,30,silent,1,1,1,500.483
21,31,silent,2,2,1,513.949
21,32,silent,1,1,1,524.927
21,33,silent,1,1,1,542.569
21,34,silent,1,2,0,552.749
21,35,silent,1,2,0,565.83
21,36,silent,2,1,0,580.223
21,37,silent,2,1,0,600.185
21,38,silent,1,1,1,624.548
21,39,silent,1,1,1,633.678
21,40,silent,2,1,0,645.422
21,41,silent,1,1,1,657.836
21,42,silent,1,1,1,669.972
21,43,silent,1,2,0,686.839
21,44,silent,1,1,1,696.884
21,45,silent,1,2,0,708.136
21,46,silent,2,2,1,718.478
21,47,silent,2,2,1,742.141
21,48,silent,1,1,1,766.165
21,49,silent,2,2,1,779.162
21,50,silent,1,1,1,788.684
21,51,silent,2,2,1,802.424
21,52,silent,2,2,1,817.075
21,53,silent,2,2,1,826.567
21,54,silent,2,1,0,835.85
21,55,silent,1,2,0,850.177
21,56,silent,1,1,1,856.72
21,57,silent,1,1,1,864.852
21,58,silent,1,1,1,878.145
21,59,silent,2,2,1,888.307
21,60,silent,2,1,0,902.194
21,61,silent,2,2,1,911.363
21,62,silent,2,2,1,920.668
21,63,silent,1,2,0,926.757
21,64,silent,1,1,1,936.954
21,65,silent,1,1,1,948.348
21,66,silent,2,2,1,956.618
21,67,silent,2,2,1,969.37
21,68,silent,2,2,1,981.313
21,69,silent,2,2,1,989.176
21,70,silent,2,2,1,995.36
21,71,silent,1,2,0,1002.91
21,72,silent,2,2,1,1015.931
21,73,silent,1,1,1,1026.941
21,74,silent,1,1,1,1040.083
21,75,silent,1,1,1,1049.075
21,76,silent,2,2,1,1058.28
21,77,silent,2,2,1,1069.807
21,78,silent,2,2,1,1080.984
21,79,silent,2,2,1,1090.334
21,80,silent,1,2,0,1097.758
21,81,silent,1,1,1,1107.347
21,82,silent,2,2,1,1119.093
21,83,silent,2,2,1,1131.259
21,84,silent,2,2,1,1139.255
21,85,silent,2,2,1,1150.533
21,86,silent,2,1,0,1161.815
21,87,silent,1,1,1,1179.158
21,88,silent,2,1,0,1187.378
21,89,silent,2,2,1,1202.853
21,90,silent,1,1,1,1215.988
21,91,silent,2,2,1,1248.258
21,92,silent,2,1,0,1261.11
21,93,silent,1,2,0,1271.881
21,94,silent,2,2,1,1288.657
21,95,silent,1,1,1,1306.597
21,96,silent,2,2,1,1315.194
21,97,silent,2,1,0,1327.153
21,98,silent,1,1,1,1338.19
21,99,silent,1,1,1,1350.818
21,100,silent,2,2,1,1360.901
21,101,silent,1,1,1,1370.592
21,102,silent,1,1,1,1383.672
21,103,silent,2,2,1,1397.082
21,104,silent,1,1,1,1409.004
21,105,silent,1,1,1,1420.904
21,106,silent,1,1,1,1437.657
21,107,silent,2,2,1,1454.88
21,108,silent,2,2,1,1469.938
21,109,silent,1,1,1,1486.684
21,110,silent,1,2,0,1498.905
21,111,silent,1,1,1,1512.597
21,112,silent,2,1,0,1523.503
21,113,silent,1,1,1,1546.64
21,114,silent,1,1,1,1558.74
21,115,silent,1,1,1,1567.559
21,116,silent,2,2,1,1574.576
21,117,silent,1,1,1,1582.675
21,118,silent,2,1,0,1588.942
21,119,silent,1,1,1,1601.622
21,120,silent,2,2,1,1612.308
22,1,silent,2,2,1,9.368
22,2,silent,2,2,1,31.836
22,3,silent,1,1,1,88.442
22,4,silent,1,1,1,119.097
22,5,silent,1,1,1,138.65
22,6,silent,2,2,1,146.916
22,7,silent,2,2,1,161.875
22,8,silent,2,2,1,185.533
22,9,silent,2,2,1,197.421
22,10,silent,2,1,0,207.992
22,11,silent,2,2,1,240.394
22,12,silent,2,2,1,281.226
22,13,silent,1,2,0,313.207
22,14,silent,1,1,1,325.462
22,15,silent,1,1,1,338.199
22,16,silent,2,2,1,355.688
22,17,silent,2,1,0,362.446
22,18,silent,2,1,0,378.217
22,19,silent,1,1,1,391.437
22,20,silent,2,1,0,408.427
22,21,silent,2,2,1,439.018
22,22,silent,1,1,1,449.931
22,23,silent,1,1,1,464.414
22,24,silent,1,1,1,474.355
22,25,silent,1,1,1,484.713
22,26,silent,2,2,1,505.293
22,27,silent,1,2,0,533.179
22,28,silent,1,1,1,581.498
22,29,silent,2,2,1,590.406
22,30,silent,1,1,1,598.279
22,31,silent,1,1,1,609.686
22,32,silent,1,1,1,619.9
22,33,silent,1,2,0,626.217
22,34,silent,2,1,0,668.475
22,35,silent,2,2,1,676.346
22,36,silent,2,2,1,693.869
22,37,silent,2,2,1,705.901
22,38,silent,1,1,1,713.183
22,39,silent,1,2,0,726.688
22,40,silent,2,2,1,734.014
22,41,silent,1,1,1,743.165
22,42,silent,2,1,0,752.44
22,43,silent,2,2,1,764.858
22,44,silent,1,1,1,787.574
22,45,silent,1,1,1,794.274
22,46,silent,2,2,1,829.547
22,47,silent,2,2,1,839.847
22,48,silent,2,2,1,849.61
22,49,silent,2,2,1,857.091
22,50,silent,1,1,1,868.674
22,51,silent,2,1,0,875.53
22,52,silent,2,2,1,925.554
22,53,silent,2,2,1,933.674
22,54,silent,2,2,1,941.426
22,55,silent,1,1,1,952.622
22,56,silent,1,1,1,958.119
22,57,silent,2,2,1,963.409
22,58,silent,1,2,0,977.034
22,59,silent,1,1,1,984.76
22,60,silent,2,1,0,998.779
22,61,silent,1,1,1,1005.37
22,62,silent,2,2,1,1010.545
22,63,silent,2,2,1,1017.493
22,64,silent,2,2,1,1030.659
22,65,silent,2,2,1,1042.661
22,66,silent,1,2,0,1047.232
22,67,silent,1,1,1,1067.249
22,68,silent,1,2,0,1079.629
22,69,silent,1,1,1,1090.984
22,70,silent,2,2,1,1095.775
22,71,silent,2,2,1,1102.377
22,72,silent,2,1,0,1108.157
22,73,silent,1,1,1,1117.916
22,74,silent,1,1,1,1122.809
22,75,silent,1,2,0,1130.319
22,76,silent,2,2,1,1137.181
22,77,silent,1,1,1,1147.265
22,78,silent,1,1,1,1154.499
22,79,silent,2,2,1,1159.519
22,80,silent,1,1,1,1165.293
22,81,silent,1,1,1,1176.149
22,82,silent,1,1,1,1183.951
22,83,silent,1,1,1,1189.107
22,84,silent,2,2,1,1194.356
22,85,silent,1,2,0,1203.351
22,86,silent,1,1,1,1209.679
22,87,silent,1,1,1,1219.956
22,88,silent,2,2,1,1231.147
22,89,silent,1,1,1,1248.992
22,90,silent,1,2,0,1260.791
22,91,silent,2,2,1,1269.684
22,92,silent,1,1,1,1275.752
22,93,silent,1,1,1,1282.411
22,94,silent,2,1,0,1288.618
22,95,silent,2,1,0,1295.244
22,96,silent,1,2,0,1302.855
22,97,silent,2,2,1,1309.339
22,98,silent,2,1,0,1315.039
22,99,silent,1,1,1,1321.3
22,100,silent,2,2,1,1330.845
22,101,silent,1,1,1,1335.14
22,102,silent,2,2,1,1345.966
22,103,silent,2,2,1,1354.379
22,104,silent,1,1,1,1358.515
22,105,silent,2,2,1,1364.805
22,106,silent,1,1,1,1373.267
22,107,silent,1,1,1,1377.392
22,108,silent,2,1,0,1382.565
22,109,silent,2,2,1,1389.998
22,110,silent,1,2,0,1393.824
22,111,silent,2,1,0,1409.039
22,112,silent,2,1,0,1415.915
22,113,silent,2,2,1,1419.602
22,114,silent,2,2,1,1423.257
22,115,silent,1,1,1,1429.29
22,116,silent,2,2,1,1435.635
22,117,silent,1,1,1,1445.732
22,118,silent,2,2,1,1453.577
22,119,silent,2,2,1,1458.339
22,120,silent,2,2,1,1464.802
23,1,silent,2,2,1,10.705
23,2,silent,1,1,1,18.711
23,3,silent,2,2,1,29.748
23,4,silent,1,1,1,39.372
23,5,silent,1,2,0,46.158
23,6,silent,2,2,1,52.987
23,7,silent,1,1,1,59.648
23,8,silent,1,1,1,66.796
23,9,silent,2,2,1,73.157
23,10,silent,1,1,1,79.92
23,11,silent,2,2,1,87.011
23,12,silent,2,2,1,90.924
23,13,silent,1,1,1,97.363
23,14,silent,2,2,1,100.775
23,15,silent,2,1,0,105.92
23,16,silent,2,2,1,113.749
23,17,silent,1,1,1,118.721
23,18,silent,2,2,1,124.54
23,19,silent,2,2,1,129.12
23,20,silent,2,2,1,133.778
23,21,silent,2,2,1,138.821
23,22,silent,1,2,0,142.206
23,23,silent,2,2,1,145.368
23,24,silent,1,1,1,148.446
23,25,silent,2,1,0,152.983
23,26,silent,2,2,1,156.178
23,27,silent,1,1,1,161.016
23,28,silent,2,2,1,166.202
23,29,silent,1,2,0,171.344
23,30,silent,1,1,1,176.137
23,31,silent,1,1,1,178.855
23,32,silent,1,1,1,181.987
23,33,silent,2,1,0,189.672
23,34,silent,2,1,0,194.5
23,35,silent,2,2,1,197.385
23,36,silent,1,1,1,201.206
23,37,silent,1,1,1,208.323
23,38,silent,1,2,0,211.089
23,39,silent,1,1,1,215.004
23,40,silent,1,1,1,218.479
23,41,silent,1,1,1,221.583
23,42,silent,1,1,1,224.472
23,43,silent,2,2,1,227.372
23,44,silent,1,2,0,230.245
23,45,silent,1,1,1,233.709
23,46,silent,1,2,0,236.982
23,47,silent,2,1,0,240.453
23,48,silent,2,2,1,243.335
23,49,silent,2,1,0,247.333
23,50,silent,1,1,1,250.714
23,51,silent,1,2,0,254.228
23,52,silent,2,1,0,258.309
23,53,silent,1,2,0,261.104
23,54,silent,2,2,1,264.031
23,55,silent,1,2,0,267.453
23,56,silent,1,2,0,271.885
23,57,silent,2,2,1,274.743
23,58,silent,1,2,0,278.937
23,59,silent,1,1,1,282.447
23,60,silent,2,2,1,287.953
23,61,silent,1,1,1,292.11
23,62,silent,1,1,1,295.644
23,63,silent,2,2,1,299.025
23,64,silent,2,2,1,302.008
23,65,silent,1,1,1,305.188
23,66,silent,1,1,1,308.85
23,67,silent,1,2,0,312.198
23,68,silent,2,2,1,315.649
23,69,silent,2,2,1,319.586
23,70,silent,1,1,1,323.378
23,71,silent,2,2,1,327.087
23,72,silent,1,2,0,331.358
23,73,silent,1,1,1,334.422
23,74,silent,2,1,0,337.069
23,75,silent,2,1,0,339.888
23,76,silent,2,2,1,342.751
23,77,silent,2,2,1,345.498
23,78,silent,2,2,1,349.49
23,79,silent,2,2,1,352.465
23,80,silent,1,1,1,356.278
23,81,silent,1,1,1,359.027
23,82,silent,2,2,1,361.887
23,83,silent,2,1,0,364.566
23,84,silent,1,2,0,367.171
23,85,silent,1,1,1,370.219
23,86,silent,1,1,1,373.876
23,87,silent,2,2,1,376.916
23,88,silent,2,1,0,379.879
23,89,silent,1,1,1,382.685
23,90,silent,1,1,1,385.851
23,91,silent,1,2,0,388.795
23,92,silent,2,1,0,391.46
23,93,silent,2,1,0,394.192
23,94,silent,2,1,0,396.759
23,95,silent,1,2,0,399.388
23,96,silent,2,2,1,402.509
23,97,silent,1,1,1,405.38
23,98,silent,1,1,1,409.377
23,99,silent,2,2,1,413.541
23,100,silent,2,2,1,417.775
23,101,silent,2,1,0,420.737
23,102,silent,2,2,1,423.474
23,103,silent,1,1,1,426.275
23,104,silent,1,1,1,429.365
23,105,silent,1,1,1,432.326
23,106,silent,2,2,1,435.366
23,107,silent,2,1,0,438.567
23,108,silent,1,1,1,441.63
23,109,silent,2,1,0,444.662
23,110,silent,1,2,0,447.541
23,111,silent,1,1,1,450.314
23,112,silent,2,2,1,453.034
23,113,silent,2,2,1,455.804
23,114,silent,1,1,1,458.461
23,115,silent,2,2,1,461.152
23,116,silent,2,1,0,463.952
23,117,silent,1,2,0,467.032
23,118,silent,2,2,1,470.119
23,119,silent,2,2,1,473.775
23,120,silent,1,1,1,477.074
24,1,silent,1,1,1,25.177
24,2,silent,1,2,0,50.703
24,3,silent,2,1,0,73.912
24,4,silent,1,1,1,84.305
24,5,silent,2,1,0,97.732
24,6,silent,1,1,1,111.107
24,7,silent,2,1,0,120.091
24,8,silent,2,2,1,134.765
24,9,silent,2,2,1,141.367
24,10,silent,1,1,1,151.438
24,11,silent,1,1,1,158.766
24,12,silent,1,2,0,165.965
24,13,silent,1,1,1,182.112
24,14,silent,1,2,0,192.374
24,15,silent,2,2,1,202.222
24,16,silent,2,1,0,210.851
24,17,silent,1,2,0,216.623
24,18,silent,1,1,1,224.637
24,19,silent,1,1,1,232.551
24,20,silent,2,1,0,239.339
24,21,silent,2,2,1,244.521
24,22,silent,2,1,0,252.482
24,23,silent,2,2,1,258.409
24,24,silent,2,1,0,263.482
24,25,silent,2,1,0,281.944
24,26,silent,2,2,1,289.922
24,27,silent,2,1,0,294.588
24,28,silent,1,1,1,300.782
24,29,silent,2,2,1,305.147
24,30,silent,2,1,0,309.881
24,31,silent,1,1,1,315.71
24,32,silent,2,2,1,320.706
24,33,silent,1,1,1,326.147
24,34,silent,2,2,1,331.794
24,35,silent,1,2,0,338.73
24,36,silent,2,2,1,343.453
24,37,silent,2,1,0,348.978
24,38,silent,2,2,1,354.702
24,39,silent,2,2,1,360.595
24,40,silent,2,2,1,365.867
24,41,silent,1,1,1,373.2
24,42,silent,1,1,1,382.301
24,43,silent,1,2,0,388.217
24,44,silent,2,2,1,394.748
24,45,silent,1,2,0,399.298
24,46,silent,1,1,1,403.964
24,47,silent,2,2,1,409.493
24,48,silent,1,1,1,415.263
24,49,silent,2,2,1,419.019
24,50,silent,2,2,1,423.187
24,51,silent,2,2,1,426.754
24,52,silent,2,2,1,430.017
24,53,silent,2,2,1,433.572
24,54,silent,1,1,1,436.785
24,55,silent,1,1,1,440.101
24,56,silent,2,1,0,443.369
24,57,silent,1,2,0,446.708
24,58,silent,1,1,1,450.505
24,59,silent,2,1,0,453.796
24,60,silent,1,2,0,456.842
24,61,silent,2,2,1,460.029
24,62,silent,1,1,1,463.573
24,63,silent,2,2,1,467.134
24,64,silent,1,1,1,470.226
24,65,silent,1,2,0,473.36
24,66,silent,1,2,0,476.674
24,67,silent,1,1,1,479.538
24,68,silent,1,1,1,482.652
24,69,silent,1,1,1,485.968
24,70,silent,2,2,1,489.351
24,71,silent,2,2,1,493.443
24,72,silent,1,2,0,496.575
24,73,silent,1,1,1,499.564
24,74,silent,2,1,0,502.425
24,75,silent,2,1,0,506.276
24,76,silent,2,2,1,509.363
24,77,silent,1,1,1,512.222
24,78,silent,1,1,1,515.102
24,79,silent,1,2,0,518.342
24,80,silent,1,2,0,521.565
24,81,silent,1,1,1,524.489
24,82,silent,2,2,1,527.31
24,83,silent,2,2,1,530.2
24,84,silent,1,2,0,533.202
24,85,silent,2,2,1,536.475
24,86,silent,1,1,1,539.5
24,87,silent,2,1,0,542.662
24,88,silent,2,1,0,545.788
24,89,silent,2,2,1,548.769
24,90,silent,2,2,1,551.787
24,91,silent,2,1,0,554.8
24,92,silent,1,1,1,557.768
24,93,silent,2,1,0,560.507
24,94,silent,2,2,1,563.502
24,95,silent,2,1,0,566.235
24,96,silent,2,2,1,569.147
24,97,silent,1,2,0,571.977
24,98,silent,1,2,0,575.209
24,99,silent,1,1,1,578.067
24,100,silent,2,2,1,581.217
24,101,silent,1,1,1,584.701
24,102,silent,2,2,1,587.986
24,103,silent,1,1,1,590.858
24,104,silent,2,1,0,593.744
24,105,silent,2,1,0,596.264
24,106,silent,2,2,1,598.862
24,107,silent,1,2,0,601.48
24,108,silent,2,1,0,604.565
24,109,silent,2,1,0,607.627
24,110,silent,2,2,1,610.27
24,111,silent,2,2,1,613.296
24,112,silent,1,2,0,616.591
24,113,silent,2,2,1,620.402
24,114,silent,2,2,1,623.238
24,115,silent,1,1,1,626.402
24,116,silent,2,2,1,631.004
24,117,silent,1,1,1,634.141
24,118,silent,2,2,1,641.022
24,119,silent,1,1,1,644.398
24,120,silent,1,1,1,647.338
25,1,silent,1,1,1,9.66
25,2,silent,2,2,1,18.504
25,3,silent,2,1,0,29.88
25,4,silent,1,1,1,38.047
25,5,silent,1,1,1,48.03
25,6,silent,2,1,0,55.009
25,7,silent,1,2,0,59.548
25,8,silent,2,2,1,67.885
25,9,silent,1,2,0,82.24
25,10,silent,2,1,0,87.345
25,11,silent,1,1,1,94.77
25,12,silent,1,1,1,104.611
25,13,silent,2,2,1,109.381
25,14,silent,1,2,0,114.479
25,15,silent,2,2,1,119.478
25,16,silent,2,2,1,127.099
25,17,silent,1,1,1,136.174
25,18,silent,1,1,1,143.679
25,19,silent,1,1,1,148.51
25,20,silent,1,2,0,156.605
25,21,silent,1,1,1,162.91
25,22,silent,2,1,0,179.813
25,23,silent,2,2,1,185.95
25,24,silent,1,1,1,197.221
25,25,silent,2,1,0,208.001
25,26,silent,2,2,1,213.689
25,27,silent,1,2,0,222.907
25,28,silent,1,2,0,228.399
25,29,silent,2,1,0,237.244
25,30,silent,2,2,1,245.48
25,31,silent,1,1,1,254.434
25,32,silent,2,1,0,262.392
25,33,silent,1,2,0,269.502
25,34,silent,1,1,1,281.331
25,35,silent,2,2,1,292.925
25,36,silent,2,2,1,298.64
25,37,silent,1,1,1,305.675
25,38,silent,1,1,1,311.71
25,39,silent,2,2,1,317.898
25,40,silent,1,2,0,323.927
25,41,silent,1,2,0,329.847
25,42,silent,1,1,1,337.861
25,43,silent,1,1,1,344.017
25,44,silent,1,1,1,365.8
25,45,silent,1,1,1,371.341
25,46,silent,2,1,0,375.951
25,47,silent,1,2,0,378.352
25,48,silent,2,1,0,380.695
25,49,silent,2,2,1,390.313
25,50,silent,2,2,1,395.366
25,51,silent,2,2,1,402.65
25,52,silent,1,2,0,406.694
25,53,silent,1,1,1,412.134
25,54,silent,2,1,0,419.974
25,55,silent,1,2,0,429.725
25,56,silent,2,1,0,431.608
25,57,silent,1,1,1,435.735
25,58,silent,2,1,0,444.668
25,59,silent,1,1,1,451.349
25,60,silent,1,1,1,454.489
25,61,silent,1,1,1,458.522
25,62,silent,2,2,1,464.64
25,63,silent,2,2,1,471.327
25,64,silent,1,1,1,475.715
25,65,silent,2,2,1,480.986
25,66,silent,1,2,0,485.031
25,67,silent,2,2,1,487.785
25,68,silent,2,2,1,491.334
25,69,silent,2,2,1,499.338
25,70,silent,1,1,1,501.866
25,71,silent,1,2,0,504.271
25,72,silent,2,2,1,506.282
25,74,silent,2,1,0,511.321
25,75,silent,2,2,1,516.818
25,76,silent,2,2,1,522.923
25,77,silent,1,1,1,525.767
25,78,silent,2,2,1,530.73
25,79,silent,1,2,0,538.835
25,80,silent,2,2,1,541.428
25,81,silent,2,2,1,547.467
25,82,silent,2,2,1,551.196
25,83,silent,1,2,0,557.612
25,84,silent,2,1,0,561.874
25,85,silent,2,1,0,570.133
25,86,silent,1,1,1,576.378
25,87,silent,1,1,1,582.193
25,88,silent,1,2,0,590.984
25,89,silent,2,2,1,601.289
25,90,silent,1,1,1,607.608
25,91,silent,1,1,1,610.488
25,92,silent,1,1,1,613.104
25,93,silent,2,1,0,615.667
25,94,silent,1,1,1,618.642
25,95,silent,1,1,1,622.031
25,96,silent,2,2,1,627.171
25,97,silent,2,2,1,634.617
25,98,silent,1,1,1,643.08
25,99,silent,1,2,0,645.559
25,100,silent,1,1,1,648.446
25,101,silent,2,2,1,653.349
25,102,silent,2,2,1,659.229
25,103,silent,2,1,0,663.206
25,104,silent,2,2,1,666.861
25,105,silent,2,1,0,679.714
25,106,silent,1,2,0,684.98
25,107,silent,1,2,0,689.58
25,108,silent,1,2,0,693.863
25,109,silent,1,1,1,698.461
25,110,silent,1,1,1,706.28
25,111,silent,1,1,1,710.111
25,112,silent,2,2,1,715.7
25,113,silent,2,2,1,724.121
25,114,silent,2,1,0,732.388
25,115,silent,2,2,1,738.588
25,116,silent,1,1,1,744.26
25,117,silent,1,2,0,748.575
25,118,silent,1,1,1,757.161
25,119,silent,1,2,0,765.77
25,120,silent,2,1,0,773.115
26,1,silent,2,1,0,18.216
26,2,silent,1,1,1,34.31
26,3,silent,2,2,1,53.284
26,4,silent,2,2,1,64.565
26,5,silent,2,1,0,77.235
26,6,silent,2,1,0,85.72
26,7,silent,2,2,1,91.593
26,8,silent,1,1,1,116.762
26,9,silent,1,1,1,128.469
26,10,silent,1,1,1,152.631
26,11,silent,2,2,1,168.882
26,12,silent,2,2,1,185.207
26,13,silent,2,2,1,195.837
26,14,silent,2,2,1,212.015
26,15,silent,1,2,0,220.233
26,16,silent,1,1,1,230.288
26,17,silent,1,1,1,242.226
26,18,silent,2,2,1,257.195
26,19,silent,2,2,1,265.403
26,20,silent,1,2,0,274.169
26,21,silent,1,2,0,284.976
26,22,silent,2,1,0,291.113
26,23,silent,1,1,1,297.856
26,24,silent,2,2,1,308.345
26,25,silent,2,2,1,321.625
26,26,silent,1,2,0,330.791
26,27,silent,1,1,1,347.089
26,28,silent,1,2,0,358.242
26,29,silent,1,1,1,365.557
26,30,silent,1,2,0,373.638
26,31,silent,1,1,1,391.179
26,32,silent,1,1,1,406.385
26,33,silent,1,2,0,418.275
26,34,silent,1,1,1,430.724
26,35,silent,2,2,1,437.004
26,36,silent,1,1,1,447.032
26,37,silent,2,2,1,453.488
26,38,silent,1,1,1,461.147
26,39,silent,2,1,0,467.757
26,40,silent,2,2,1,476.973
26,41,silent,1,1,1,485.671
26,42,silent,1,2,0,497.079
26,43,silent,2,1,0,504.057
26,44,silent,1,2,0,510.304
26,45,silent,1,2,0,519.854
26,46,silent,1,1,1,527.429
26,47,silent,2,2,1,533.494
26,48,silent,2,1,0,538.933
26,49,silent,1,1,1,545.179
26,50,silent,2,2,1,550.993
26,51,silent,1,1,1,556.753
26,52,silent,1,1,1,563.483
26,53,silent,1,1,1,570.848
26,54,silent,2,1,0,579.462
26,55,silent,2,2,1,586.231
26,56,silent,1,1,1,591.414
26,57,silent,2,2,1,597.503
26,58,silent,2,2,1,605.804
26,59,silent,2,2,1,613.781
26,60,silent,1,1,1,618.793
26,61,silent,1,1,1,633.638
26,62,silent,1,2,0,645.113
26,63,silent,2,2,1,654.548
26,64,silent,1,1,1,660.269
26,65,silent,1,1,1,669.541
26,66,silent,2,1,0,674.934
26,67,silent,1,2,0,686.636
26,68,silent,2,1,0,698.011
26,69,silent,1,1,1,706.373
26,70,silent,2,1,0,712.665
26,71,silent,2,2,1,718.584
26,72,silent,1,2,0,726.896
26,73,silent,2,1,0,732.31
26,74,silent,2,1,0,745.088
26,75,silent,2,1,0,754.478
26,76,silent,1,1,1,773.217
26,77,silent,1,1,1,777.988
26,78,silent,1,1,1,784.196
26,79,silent,2,2,1,792.693
26,80,silent,2,2,1,798.385
26,81,silent,2,2,1,804.15
26,82,silent,1,1,1,812.231
26,83,silent,2,2,1,817.961
26,84,silent,1,1,1,822.954
26,85,silent,2,2,1,828.51
26,86,silent,2,2,1,840.716
26,87,silent,1,1,1,846.616
26,88,silent,2,2,1,858.809
26,89,silent,2,1,0,868.128
26,90,silent,1,1,1,882.53
26,91,silent,2,1,0,906.411
26,92,silent,2,2,1,924.065
26,93,silent,2,2,1,937.347
26,94,silent,2,1,0,944.88
26,95,silent,2,2,1,953.091
26,96,silent,1,1,1,962.902
26,97,silent,1,2,0,973.983
26,98,silent,1,1,1,979.571
26,99,silent,2,2,1,986.781
26,100,silent,2,1,0,998.55
26,101,silent,2,2,1,1003.533
26,102,silent,1,1,1,1008.629
26,103,silent,2,1,0,1014.341
26,104,silent,1,1,1,1025.299
26,105,silent,1,2,0,1030.416
26,106,silent,2,2,1,1035.353
26,107,silent,2,2,1,1042.042
26,108,silent,2,2,1,1048.254
26,109,silent,1,1,1,1059.053
26,110,silent,2,2,1,1067.591
26,111,silent,1,1,1,1075.549
26,112,silent,2,2,1,1080.653
26,113,silent,2,2,1,1089.673
26,114,silent,2,2,1,1098.593
26,115,silent,1,2,0,1106.745
26,116,silent,2,2,1,1116.466
26,117,silent,2,2,1,1120.915
26,118,silent,2,2,1,1128.913
26,119,silent,1,1,1,1133.842
26,120,silent,1,1,1,1138.468
27,1,silent,1,1,1,10.043
27,2,silent,2,2,1,25.602
27,3,silent,1,2,0,51.834
27,4,silent,1,1,1,65.937
27,5,silent,1,1,1,90.018
27,6,silent,2,2,1,106.087
27,7,silent,2,2,1,123.928
27,8,silent,2,2,1,137.633
27,9,silent,2,1,0,150.309
27,10,silent,1,1,1,162.479
27,11,silent,2,2,1,177.421
27,12,silent,1,1,1,189.901
27,13,silent,1,1,1,201.697
27,14,silent,1,1,1,220.317
27,15,silent,1,1,1,234.39
27,16,silent,1,1,1,247.087
27,17,silent,1,1,1,257.41
27,18,silent,1,1,1,268.52
27,19,silent,2,2,1,277.68
27,20,silent,2,2,1,289.067
27,21,silent,1,1,1,299.145
27,22,silent,2,2,1,304.772
27,23,silent,2,2,1,318.417
27,24,silent,1,2,0,325.764
27,25,silent,1,2,0,336.964
27,26,silent,2,1,0,353.633
27,27,silent,2,2,1,363.371
27,28,silent,2,2,1,373.849
27,29,silent,2,2,1,385.45
27,30,silent,2,2,1,392.04
27,31,silent,1,1,1,399.719
27,32,silent,2,2,1,408.719
27,33,silent,1,1,1,420.774
27,34,silent,2,2,1,427.598
27,35,silent,2,2,1,435.895
27,36,silent,2,2,1,447.216
27,37,silent,2,2,1,455.381
27,38,silent,2,2,1,462.984
27,39,silent,1,1,1,477.043
27,40,silent,2,1,0,482.958
27,41,silent,2,2,1,488.475
27,42,silent,2,2,1,496.21
27,43,silent,1,2,0,503.86
27,44,silent,1,1,1,515.82
27,45,silent,2,1,0,529.007
27,46,silent,1,1,1,539.407
27,47,silent,2,2,1,547.472
27,48,silent,2,2,1,559.713
27,49,silent,1,1,1,575.705
27,50,silent,1,1,1,586.681
27,51,silent,1,1,1,594.991
27,52,silent,1,2,0,602.539
27,53,silent,2,1,0,610.834
27,54,silent,2,2,1,621.483
27,55,silent,2,2,1,637.141
27,56,silent,1,2,0,648.453
27,57,silent,2,1,0,655.342
27,58,silent,2,2,1,671.128
27,59,silent,2,1,0,678.748
27,60,silent,2,2,1,691.189
27,61,silent,1,1,1,701.621
27,62,silent,2,1,0,709.473
27,63,silent,1,2,0,720.17
27,64,silent,1,2,0,728.005
27,65,silent,2,2,1,737.27
27,66,silent,1,1,1,746.51
27,67,silent,2,2,1,752.758
27,68,silent,1,1,1,758.733
27,69,silent,2,1,0,765.072
27,70,silent,1,1,1,771.148
27,71,silent,2,2,1,779.136
27,72,silent,2,1,0,789.312
27,73,silent,2,1,0,801.291
27,74,silent,1,2,0,808.898
27,75,silent,2,2,1,818.42
27,76,silent,2,2,1,826.825
27,77,silent,1,1,1,834.968
27,78,silent,1,1,1,841.978
27,79,silent,2,2,1,851.076
27,80,silent,1,1,1,862.197
27,81,silent,1,1,1,872.929
27,82,silent,2,1,0,880.459
27,83,silent,1,2,0,887.91
27,84,silent,1,1,1,893.058
27,85,silent,2,2,1,901.465
27,86,silent,2,1,0,916.437
27,87,silent,1,1,1,928.349
27,88,silent,2,1,0,934.615
27,89,silent,1,1,1,943.488
27,90,silent,1,1,1,956.877
27,91,silent,2,1,0,967.454
27,92,silent,2,1,0,975.235
27,93,silent,1,1,1,984.279
27,94,silent,2,2,1,995.622
27,95,silent,1,2,0,1003.466
27,96,silent,2,1,0,1014.728
27,97,silent,1,2,0,1021.55
27,98,silent,2,2,1,1029.772
27,99,silent,2,2,1,1038.487
27,100,silent,2,1,0,1048.105
27,101,silent,2,2,1,1058.134
27,102,silent,2,1,0,1066.557
27,103,silent,1,2,0,1078.651
27,104,silent,1,1,1,1092.47
27,105,silent,2,2,1,1099.276
27,106,silent,2,2,1,1111.096
27,107,silent,2,1,0,1119.703
27,108,silent,1,2,0,1128.153
27,109,silent,1,2,0,1138.038
27,110,silent,2,1,0,1146.801
27,111,silent,1,1,1,1165.784
27,112,silent,2,2,1,1172.23
27,113,silent,2,2,1,1177.161
27,114,silent,2,1,0,1189.385
27,115,silent,2,2,1,1202.35
27,116,silent,1,1,1,1220.4
27,117,silent,2,2,1,1236.334
27,118,silent,1,2,0,1246.345
27,119,silent,1,1,1,1251.424
27,120,silent,1,1,1,1263.684
28,1,silent,1,1,1,19.0
28,2,silent,2,1,0,43.133
28,3,silent,1,1,1,84.823
28,4,silent,1,1,1,101.295
28,5,silent,1,1,1,119.126
28,6,silent,2,2,1,147.37
28,7,silent,2,2,1,162.797
28,8,silent,2,2,1,178.477
28,9,silent,2,2,1,187.264
28,10,silent,1,1,1,197.953
28,11,silent,1,1,1,209.98
28,12,silent,2,2,1,216.115
28,13,silent,2,2,1,224.923
28,14,silent,2,2,1,242.555
28,15,silent,1,1,1,255.558
28,16,silent,1,1,1,268.878
28,17,silent,1,1,1,277.929
28,18,silent,1,1,1,284.665
28,19,silent,1,1,1,299.606
28,20,silent,1,2,0,307.457
28,21,silent,2,1,0,320.055
28,22,silent,1,1,1,335.736
28,23,silent,1,2,0,343.503
28,24,silent,2,2,1,367.649
28,25,silent,1,2,0,380.813
28,26,silent,1,2,0,390.689
28,27,silent,1,1,1,413.891
28,28,silent,1,1,1,422.996
28,29,silent,2,2,1,432.103
28,30,silent,1,2,0,441.401
28,31,silent,1,1,1,451.658
28,32,silent,2,2,1,459.65
28,33,silent,2,1,0,472.358
28,34,silent,1,1,1,486.539
28,35,silent,1,2,0,497.376
28,36,silent,1,2,0,512.304
28,37,silent,1,1,1,535.602
28,38,silent,2,2,1,551.924
28,39,silent,1,1,1,569.625
28,40,silent,2,1,0,577.863
28,41,silent,1,1,1,587.478
28,42,silent,2,1,0,603.636
28,43,silent,2,2,1,633.98
28,44,silent,1,2,0,644.194
28,45,silent,1,2,0,664.054
28,46,silent,2,2,1,684.095
28,47,silent,1,2,0,696.718
28,48,silent,2,2,1,704.613
28,49,silent,2,2,1,714.327
28,50,silent,1,1,1,720.7
28,51,silent,1,1,1,731.721
28,52,silent,1,1,1,748.075
28,53,silent,2,2,1,757.75
28,54,silent,2,2,1,768.403
28,55,silent,2,2,1,771.747
28,56,silent,1,2,0,816.059
28,57,silent,2,2,1,839.641
28,58,silent,1,2,0,850.453
28,59,silent,1,1,1,868.407
28,60,silent,2,2,1,881.72
28,61,silent,1,1,1,890.029
28,62,silent,1,1,1,898.733
28,63,silent,2,1,0,904.288
28,64,silent,2,1,0,930.305
28,65,silent,1,2,0,933.751
28,66,silent,1,1,1,938.29
28,67,silent,2,1,0,941.036
28,68,silent,2,2,1,945.401
28,69,silent,1,1,1,954.84
28,70,silent,2,2,1,964.48
28,71,silent,2,2,1,970.635
28,72,silent,1,2,0,974.871
28,73,silent,2,1,0,986.957
28,74,silent,2,1,0,992.115
28,75,silent,2,2,1,996.184
28,76,silent,1,2,0,1006.004
28,77,silent,1,1,1,1016.578
28,78,silent,2,1,0,1039.2
28,79,silent,2,1,0,1049.839
28,80,silent,1,2,0,1061.714
28,81,silent,2,2,1,1080.338
28,82,silent,2,2,1,1084.915
28,83,silent,1,1,1,1091.752
28,84,silent,2,2,1,1099.159
28,85,silent,2,1,0,1103.881
28,86,silent,1,1,1,1110.154
28,87,silent,1,1,1,1122.625
28,88,silent,2,2,1,1131.468
28,89,silent,2,1,0,1138.525
28,90,silent,2,2,1,1141.815
28,91,silent,2,1,0,1148.051
28,92,silent,1,1,1,1152.709
28,93,silent,2,2,1,1159.14
28,94,silent,2,2,1,1164.301
28,95,silent,1,1,1,1169.165
28,96,silent,1,1,1,1172.812
28,97,silent,2,2,1,1176.043
28,98,silent,1,1,1,1179.364
28,99,silent,1,2,0,1182.183
28,100,silent,1,2,0,1185.621
28,101,silent,1,1,1,1189.072
28,102,silent,1,2,0,1192.435
28,103,silent,1,2,0,1196.082
28,104,silent,1,1,1,1199.737
28,105,silent,2,2,1,1203.96
28,106,silent,1,2,0,1207.608
28,107,silent,2,1,0,1210.945
28,108,silent,1,1,1,1214.328
28,109,silent,2,1,0,1217.438
28,110,silent,1,1,1,1223.031
28,111,silent,2,2,1,1226.18
28,112,silent,1,1,1,1229.381
28,113,silent,2,2,1,1232.053
28,114,silent,1,2,0,1234.763
28,115,silent,2,2,1,1238.398
28,116,silent,1,1,1,1241.165
28,117,silent,2,2,1,1244.202
28,118,silent,2,2,1,1247.123
28,119,silent,1,1,1,1250.112
28,120,silent,2,1,0,1252.575
29,1,silent,1,1,1,12.471
29,2,silent,1,1,1,37.179
29,3,silent,1,1,1,79.822
29,4,silent,1,1,1,101.71
29,5,silent,1,1,1,121.453
29,6,silent,2,2,1,137.495
29,7,silent,2,2,1,150.847
29,8,silent,2,2,1,163.836
29,9,silent,2,2,1,177.86
29,10,silent,2,1,0,194.97
29,11,silent,1,1,1,210.273
29,12,silent,2,2,1,216.808
29,13,silent,2,2,1,224.809
29,14,silent,2,2,1,229.468
29,15,silent,1,1,1,234.063
29,16,silent,1,1,1,241.525
29,17,silent,1,1,1,252.179
29,18,silent,2,1,0,261.485
29,19,silent,1,1,1,282.273
29,20,silent,2,2,1,288.63
29,21,silent,1,1,1,293.428
29,22,silent,1,1,1,300.83
29,23,silent,2,2,1,307.08
29,24,silent,1,2,0,310.972
29,25,silent,1,2,0,317.927
29,26,silent,2,2,1,325.939
29,27,silent,1,1,1,329.824
29,28,silent,2,1,0,338.499
29,29,silent,2,2,1,342.983
29,30,silent,2,2,1,352.671
29,31,silent,1,1,1,358.56
29,32,silent,2,2,1,367.828
29,33,silent,2,1,0,374.011
29,34,silent,1,1,1,379.516
29,35,silent,2,2,1,382.953
29,36,silent,1,2,0,396.54
29,37,silent,2,1,0,406.853
29,38,silent,1,2,0,412.492
29,39,silent,1,1,1,416.051
29,40,silent,2,1,0,421.586
29,41,silent,2,1,0,427.046
29,42,silent,1,1,1,430.983
29,43,silent,2,2,1,441.663
29,44,silent,1,2,0,455.298
29,45,silent,1,2,0,464.444
29,46,silent,2,2,1,471.2
29,47,silent,1,2,0,479.867
29,48,silent,1,2,0,485.157
29,49,silent,2,2,1,498.199
29,50,silent,1,1,1,508.666
29,51,silent,1,1,1,516.6
29,52,silent,1,1,1,523.643
29,53,silent,2,2,1,529.553
29,54,silent,2,2,1,539.99
29,55,silent,2,2,1,550.754
29,56,silent,1,2,0,558.251
29,57,silent,2,2,1,571.349
29,58,silent,2,2,1,579.059
29,59,silent,1,1,1,589.304
29,60,silent,2,2,1,601.627
29,61,silent,1,1,1,611.882
29,62,silent,1,1,1,623.452
29,63,silent,2,1,0,629.109
29,64,silent,2,1,0,640.234
29,65,silent,2,2,1,646.734
29,66,silent,1,1,1,654.134
29,67,silent,2,1,0,660.365
29,68,silent,2,2,1,671.448
29,69,silent,1,1,1,680.089
29,70,silent,2,2,1,685.495
29,71,silent,2,2,1,691.581
29,72,silent,1,2,0,696.974
29,73,silent,2,1,0,711.695
29,74,silent,2,1,0,717.355
29,75,silent,2,2,1,723.021
29,76,silent,1,2,0,733.364
29,77,silent,1,1,1,739.267
29,78,silent,1,1,1,748.007
29,79,silent,1,1,1,752.906
29,80,silent,1,2,0,756.355
29,81,silent,1,2,0,760.214
29,82,silent,1,2,0,764.754
29,83,silent,1,1,1,779.413
29,84,silent,2,2,1,787.372
29,85,silent,1,1,1,793.207
29,86,silent,1,1,1,802.689
29,87,silent,1,1,1,810.533
29,88,silent,1,2,0,815.969
29,89,silent,1,1,1,822.449
29,90,silent,2,2,1,835.039
29,91,silent,2,1,0,840.802
29,92,silent,1,1,1,846.26
29,93,silent,1,2,0,855.504
29,94,silent,1,2,0,861.244
29,95,silent,1,1,1,866.851
29,96,silent,1,1,1,876.531
29,97,silent,2,2,1,883.797
29,98,silent,2,1,0,893.715
29,99,silent,2,2,1,897.705
29,100,silent,2,2,1,907.698
29,101,silent,1,1,1,911.606
29,102,silent,2,2,1,918.978
29,103,silent,2,2,1,928.298
29,104,silent,1,1,1,936.881
29,105,silent,2,2,1,942.252
29,106,silent,2,2,1,949.507
29,107,silent,2,1,0,958.91
29,108,silent,1,1,1,964.681
29,109,silent,1,1,1,968.605
29,110,silent,1,1,1,972.852
29,111,silent,2,2,1,977.353
29,112,silent,2,1,0,991.707
29,113,silent,2,2,1,998.494
29,114,silent,1,2,0,1002.596
29,115,silent,1,2,0,1007.916
29,116,silent,1,1,1,1013.039
29,117,silent,2,2,1,1018.527
29,118,silent,2,2,1,1026.926
29,119,silent,1,1,1,1033.934
29,120,silent,1,1,1,1041.771
30,1,silent,1,1,1,27.133
30,2,silent,1,1,1,59.647
30,3,silent,2,1,0,90.992
30,4,silent,2,2,1,124.883
30,5,silent,1,2,0,159.145
30,6,silent,2,2,1,194.698
30,7,silent,2,2,1,222.828
30,8,silent,2,2,1,254.108
30,9,silent,2,2,1,277.481
30,10,silent,1,1,1,291.441
30,11,silent,1,2,0,305.633
30,12,silent,1,1,1,331.78
30,13,silent,2,2,1,355.639
30,14,silent,1,1,1,374.711
30,15,silent,1,2,0,388.669
30,16,silent,2,2,1,414.28
30,17,silent,2,2,1,426.911
30,18,silent,2,2,1,448.486
30,19,silent,2,2,1,460.46
30,20,silent,2,2,1,475.487
30,21,silent,2,2,1,486.119
30,22,silent,1,1,1,500.813
30,23,silent,2,2,1,520.17
30,24,silent,1,1,1,541.209
30,25,silent,1,1,1,558.947
30,26,silent,2,2,1,569.63
30,27,silent,2,2,1,587.417
30,28,silent,1,1,1,597.547
30,29,silent,2,1,0,619.973
30,30,silent,1,2,0,631.006
30,31,silent,1,1,1,645.161
30,32,silent,1,2,0,666.525
30,33,silent,2,2,1,681.728
30,34,silent,1,2,0,693.285
30,35,silent,2,2,1,710.785
30,36,silent,1,1,1,723.463
30,37,silent,1,1,1,735.585
30,38,silent,2,2,1,748.812
30,39,silent,1,1,1,769.774
30,40,silent,2,2,1,792.07
30,41,silent,2,2,1,805.09
30,42,silent,2,2,1,824.327
30,43,silent,1,1,1,842.09
30,44,silent,1,2,0,853.27
30,45,silent,1,1,1,873.252
30,46,silent,1,1,1,883.012
30,47,silent,2,1,0,895.913
30,48,silent,1,2,0,906.73
30,49,silent,1,1,1,921.598
30,50,silent,2,2,1,936.201
30,51,silent,2,2,1,956.154
30,52,silent,2,2,1,967.234
30,53,silent,2,2,1,978.18
30,54,silent,1,1,1,990.254
30,55,silent,2,2,1,999.287
30,56,silent,2,1,0,1008.704
30,57,silent,2,1,0,1021.924
30,58,silent,2,2,1,1037.043
30,59,silent,2,1,0,1055.129
30,60,silent,1,1,1,1066.805
30,61,silent,1,1,1,1075.159
30,62,silent,1,1,1,1087.171
30,63,silent,1,1,1,1100.84
30,64,silent,2,2,1,1113.35
30,65,silent,1,1,1,1127.093
30,66,silent,2,2,1,1141.807
30,67,silent,1,1,1,1154.116
30,68,silent,2,2,1,1170.009
30,69,silent,2,2,1,1184.439
30,70,silent,1,1,1,1196.928
30,71,silent,2,2,1,1213.707
30,72,silent,2,2,1,1231.351
30,73,silent,2,2,1,1240.2
30,74,silent,1,1,1,1251.64
30,75,silent,2,1,0,1263.955
30,76,silent,1,1,1,1273.541
30,77,silent,1,1,1,1287.833
30,78,silent,1,1,1,1298.916
30,79,silent,2,1,0,1310.724
30,80,silent,2,2,1,1325.68
30,81,silent,2,2,1,1335.906
30,82,silent,1,2,0,1348.454
30,83,silent,1,1,1,1360.035
30,84,silent,1,1,1,1377.513
30,85,silent,2,2,1,1387.888
30,86,silent,1,1,1,1397.576
30,87,silent,2,2,1,1405.84
30,88,silent,1,2,0,1417.784
30,89,silent,1,1,1,1429.101
30,90,silent,1,2,0,1439.999
30,91,silent,1,1,1,1459.429
30,92,silent,2,1,0,1475.545
30,93,silent,1,1,1,1489.179
30,94,silent,1,1,1,1501.677
30,95,silent,1,1,1,1515.113
30,96,silent,1,1,1,1530.422
30,97,silent,1,1,1,1543.558
30,98,silent,1,2,0,1550.973
30,99,silent,2,2,1,1568.462
30,100,silent,1,1,1,1577.521
30,101,silent,2,1,0,1594.862
30,102,silent,2,1,0,1600.357
30,103,silent,1,1,1,1605.438
30,104,silent,2,2,1,1615.739
30,105,silent,1,1,1,1624.454
30,106,silent,2,2,1,1632.908
30,107,silent,2,2,1,1639.09
30,108,silent,2,2,1,1647.153
30,109,silent,1,1,1,1653.012
30,110,silent,1,2,0,1660.933
30,111,silent,2,1,0,1669.72
30,112,silent,1,2,0,1683.699
30,113,silent,1,2,0,1699.012
30,114,silent,2,1,0,1707.164
30,115,silent,1,1,1,1713.135
30,116,silent,2,2,1,1726.407
30,117,silent,2,2,1,1735.326
30,118,silent,2,1,0,1745.577
30,119,silent,1,1,1,1751.011
30,120,silent,1,1,1,1765.921
31,1,silent,2,2,1,12.888
31,2,silent,1,1,1,37.867
31,3,silent,1,1,1,69.815
31,4,silent,2,2,1,88.112
31,5,silent,2,2,1,99.335
31,6,silent,2,2,1,121.856
31,7,silent,2,1,0,141.997
31,8,silent,2,2,1,163.446
31,9,silent,1,1,1,177.774
31,10,silent,1,1,1,191.342
31,11,silent,1,1,1,204.704
31,12,silent,2,2,1,214.585
31,13,silent,1,1,1,239.911
31,14,silent,1,1,1,250.115
31,15,silent,2,2,1,256.823
31,16,silent,1,1,1,277.173
31,17,silent,2,2,1,285.712
31,18,silent,2,2,1,296.306
31,19,silent,2,2,1,303.162
31,20,silent,1,1,1,319.783
31,21,silent,1,1,1,333.127
31,22,silent,2,1,0,338.921
31,23,silent,1,1,1,352.442
31,24,silent,2,1,0,365.857
31,25,silent,2,1,0,384.898
31,26,silent,2,2,1,395.157
31,27,silent,1,1,1,402.859
31,28,silent,2,2,1,411.415
31,29,silent,1,1,1,420.623
31,30,silent,1,2,0,432.909
31,31,silent,1,1,1,442.128
31,32,silent,1,1,1,461.138
31,33,silent,1,2,0,470.316
31,34,silent,2,2,1,477.659
31,35,silent,2,2,1,490.943
31,36,silent,2,2,1,498.159
31,37,silent,2,2,1,506.36
31,38,silent,2,2,1,513.238
31,39,silent,2,2,1,522.107
31,40,silent,1,1,1,529.615
31,41,silent,2,2,1,545.826
31,42,silent,2,1,0,553.359
31,43,silent,1,1,1,560.747
31,44,silent,2,2,1,582.221
31,45,silent,2,2,1,590.979
31,46,silent,2,1,0,602.456
31,47,silent,2,1,0,610.403
31,48,silent,1,2,0,627.108
31,49,silent,1,1,1,636.905
31,50,silent,1,1,1,644.041
31,51,silent,1,1,1,650.378
31,52,silent,2,2,1,655.853
31,53,silent,2,1,0,665.362
31,54,silent,2,2,1,681.528
31,55,silent,1,1,1,690.284
31,56,silent,2,2,1,694.973
31,57,silent,2,2,1,702.347
31,58,silent,1,2,0,710.712
31,59,silent,1,2,0,716.438
31,60,silent,1,2,0,728.635
31,61,silent,2,2,1,736.315
31,62,silent,1,1,1,746.756
31,63,silent,1,2,0,760.105
31,64,silent,2,2,1,767.823
31,65,silent,2,2,1,776.826
31,66,silent,1,1,1,783.662
31,67,silent,1,1,1,790.651
31,68,silent,1,1,1,795.438
31,69,silent,1,1,1,800.052
31,70,silent,2,2,1,808.876
31,71,silent,2,2,1,818.059
31,72,silent,1,2,0,828.013
31,73,silent,1,1,1,836.573
31,74,silent,1,1,1,844.329
31,75,silent,1,2,0,855.919
31,76,silent,1,1,1,861.559
31,77,silent,1,1,1,869.031
31,78,silent,1,1,1,873.639
31,79,silent,1,1,1,882.054
31,80,silent,1,1,1,889.977
31,81,silent,1,2,0,897.207
31,82,silent,2,1,0,904.964
31,83,silent,1,1,1,927.112
31,84,silent,2,1,0,931.583
31,85,silent,1,1,1,943.618
31,86,silent,1,2,0,956.717
31,87,silent,1,1,1,974.983
31,88,silent,1,1,1,988.25
31,89,silent,1,2,0,993.126
31,90,silent,2,2,1,997.758
31,91,silent,1,2,0,1006.756
31,92,silent,2,2,1,1025.168
31,93,silent,2,1,0,1034.714
31,94,silent,2,2,1,1042.936
31,95,silent,1,1,1,1051.676
31,96,silent,2,2,1,1056.548
31,97,silent,2,2,1,1062.682
31,98,silent,2,2,1,1068.868
31,99,silent,1,1,1,1073.237
31,100,silent,2,1,0,1080.485
31,101,silent,1,1,1,1087.704
31,102,silent,1,1,1,1092.576
31,103,silent,2,1,0,1103.819
31,104,silent,2,2,1,1115.782
31,105,silent,2,1,0,1123.255
31,106,silent,2,2,1,1130.721
31,107,silent,1,2,0,1141.061
31,108,silent,1,2,0,1150.385
31,109,silent,2,1,0,1155.109
31,110,silent,1,1,1,1161.937
31,111,silent,1,1,1,1169.869
31,112,silent,2,2,1,1177.38
31,113,silent,1,2,0,1186.452
31,114,silent,1,2,0,1201.325
31,115,silent,2,2,1,1216.025
31,116,silent,2,2,1,1222.208
31,117,silent,2,2,1,1229.358
31,118,silent,1,1,1,1236.296
31,119,silent,2,2,1,1241.959
31,120,silent,1,1,1,1253.181
32,1,silent,2,2,1,14.453
32,2,silent,2,2,1,42.577
32,3,silent,1,1,1,78.602
32,4,silent,2,2,1,101.119
32,5,silent,1,1,1,120.575
32,6,silent,1,1,1,146.751
32,7,silent,2,2,1,171.343
32,8,silent,2,1,0,188.673
32,9,silent,1,1,1,224.835
32,10,silent,2,2,1,240.471
32,11,silent,2,1,0,256.576
32,12,silent,2,2,1,277.764
32,13,silent,1,1,1,292.703
32,14,silent,1,1,1,310.781
32,15,silent,1,1,1,327.517
32,16,silent,2,1,0,344.205
32,17,silent,2,2,1,361.067
32,18,silent,1,2,0,376.227
32,19,silent,2,1,0,399.155
32,20,silent,1,1,1,418.242
32,21,silent,2,2,1,432.355
32,22,silent,1,1,1,457.729
32,23,silent,2,2,1,474.697
32,24,silent,1,1,1,496.962
32,25,silent,1,1,1,514.773
32,26,silent,2,1,0,530.658
32,27,silent,1,1,1,559.5
32,28,silent,1,2,0,574.589
32,29,silent,2,2,1,593.379
32,30,silent,2,2,1,612.167
32,31,silent,2,2,1,627.641
32,32,silent,1,2,0,644.089
32,33,silent,2,2,1,712.377
32,34,silent,1,1,1,736.763
32,35,silent,1,1,1,750.799
32,36,silent,1,2,0,767.692
32,37,silent,2,2,1,786.514
32,38,silent,1,1,1,800.363
32,39,silent,2,2,1,816.775
32,40,silent,2,2,1,846.555
32,41,silent,1,1,1,862.599
32,42,silent,2,1,0,879.234
32,43,silent,1,1,1,899.307
32,44,silent,2,1,0,915.896
32,45,silent,2,1,0,930.708
32,46,silent,1,1,1,953.345
32,47,silent,1,1,1,970.048
32,48,silent,1,1,1,988.737
32,49,silent,2,2,1,1005.204
32,50,silent,2,2,1,1020.637
32,51,silent,2,2,1,1035.007
32,52,silent,2,2,1,1048.778
32,53,silent,2,2,1,1066.814
32,54,silent,1,1,1,1082.265
32,55,silent,2,2,1,1099.489
32,56,silent,2,2,1,1113.552
32,57,silent,1,1,1,1140.263
32,58,silent,2,1,0,1157.277
32,59,silent,1,1,1,1174.567
32,60,silent,1,1,1,1192.827
32,61,silent,2,2,1,1206.122
32,62,silent,2,2,1,1222.054
32,63,silent,2,2,1,1249.667
32,64,silent,2,2,1,1269.694
32,65,silent,2,2,1,1292.787
32,66,silent,2,2,1,1309.084
32,67,silent,1,2,0,1324.912
32,68,silent,1,1,1,1342.328
32,69,silent,1,2,0,1363.158
32,70,silent,1,1,1,1379.571
32,71,silent,1,2,0,1395.658
32,72,silent,1,1,1,1415.82
32,73,silent,2,2,1,1432.374
32,74,silent,1,2,0,1448.307
32,75,silent,2,1,0,1473.918
32,76,silent,1,1,1,1490.427
32,77,silent,2,2,1,1504.22
32,78,silent,2,2,1,1513.814
32,79,silent,2,2,1,1524.182
32,80,silent,1,1,1,1550.615
32,81,silent,1,1,1,1573.215
32,82,silent,2,2,1,1584.256
32,83,silent,1,1,1,1593.755
32,84,silent,2,2,1,1606.337
32,85,silent,1,2,0,1617.285
32,86,silent,1,1,1,1663.606
32,87,silent,2,2,1,1678.783
32,88,silent,2,2,1,1694.434
32,89,silent,1,2,0,1702.811
32,90,silent,2,2,1,1712.621
32,91,silent,2,1,0,1728.433
32,92,silent,1,1,1,1749.172
32,93,silent,2,2,1,1769.211
32,94,silent,1,1,1,1780.601
32,95,silent,2,2,1,1801.337
32,96,silent,2,1,0,1809.775
32,97,silent,1,2,0,1819.822
32,98,silent,2,2,1,1832.844
32,99,silent,2,2,1,1841.769
32,100,silent,1,2,0,1860.451
32,101,silent,2,2,1,1879.835
32,102,silent,2,1,0,1888.871
32,103,silent,2,1,0,1899.223
32,104,silent,2,1,0,1912.127
32,105,silent,1,1,1,1928.773
32,106,silent,1,2,0,1937.211
32,107,silent,1,1,1,1949.064
32,108,silent,1,2,0,1959.038
32,109,silent,1,1,1,1968.37
32,110,silent,2,1,0,1976.781
32,111,silent,1,2,0,1995.197
32,112,silent,1,1,1,2003.969
32,113,silent,1,1,1,2012.001
32,114,silent,1,1,1,2021.864
32,115,silent,2,1,0,2033.321
32,116,silent,1,1,1,2042.059
32,117,silent,2,2,1,2050.815
32,118,silent,1,1,1,2061.668
32,119,silent,1,2,0,2070.908
32,120,silent,2,1,0,2079.478
33,1,silent,1,2,0,13.133
33,2,silent,1,2,0,34.89
33,3,silent,2,2,1,57.701
33,4,silent,2,2,1,79.813
33,5,silent,2,2,1,90.957
33,6,silent,1,2,0,101.437
33,7,silent,2,2,1,119.677
33,8,silent,1,1,1,135.123
33,9,silent,1,1,1,144.66
33,10,silent,1,2,0,151.727
33,11,silent,2,1,0,161.822
33,12,silent,1,1,1,171.855
33,13,silent,2,2,1,181.243
33,14,silent,1,1,1,193.425
33,15,silent,1,1,1,202.813
33,16,silent,1,1,1,211.295
33,17,silent,1,1,1,222.872
33,18,silent,2,2,1,235.032
33,19,silent,2,2,1,247.829
33,20,silent,2,2,1,256.676
33,21,silent,1,1,1,268.759
33,22,silent,1,2,0,277.933
33,23,silent,1,2,0,296.185
33,24,silent,2,2,1,310.753
33,25,silent,2,1,0,329.856
33,26,silent,2,2,1,337.261
33,27,silent,2,2,1,350.82
33,28,silent,2,2,1,374.289
33,29,silent,1,1,1,386.883
33,30,silent,2,2,1,410.693
33,31,silent,2,2,1,420.263
33,32,silent,2,2,1,429.024
33,33,silent,2,2,1,443.895
33,34,silent,1,1,1,455.993
33,35,silent,2,2,1,464.64
33,36,silent,1,1,1,489.279
33,37,silent,2,2,1,499.982
33,38,silent,2,1,0,509.644
33,39,silent,2,2,1,520.181
33,40,silent,2,1,0,533.398
33,41,silent,1,1,1,556.679
33,42,silent,1,1,1,565.56
33,43,silent,1,2,0,574.764
33,44,silent,2,2,1,582.616
33,45,silent,1,1,1,595.377
33,46,silent,1,1,1,608.303
33,47,silent,1,1,1,624.472
33,48,silent,1,1,1,631.974
33,49,silent,2,2,1,647.246
33,50,silent,1,1,1,659.473
33,51,silent,1,2,0,669.068
33,52,silent,2,2,1,689.81
33,53,silent,2,1,0,698.677
33,54,silent,1,2,0,710.48
33,55,silent,1,1,1,720.726
33,56,silent,1,1,1,734.525
33,57,silent,2,2,1,750.68
33,58,silent,1,2,0,762.244
33,59,silent,2,1,0,771.072
33,60,silent,2,1,0,780.877
33,61,silent,2,2,1,790.156
33,62,silent,2,2,1,800.662
33,63,silent,2,2,1,807.978
33,64,silent,1,1,1,816.068
33,65,silent,2,2,1,823.908
33,66,silent,2,2,1,832.667
33,67,silent,2,2,1,840.612
33,68,silent,1,1,1,853.001
33,69,silent,1,2,0,865.454
33,70,silent,2,1,0,877.872
33,71,silent,2,2,1,886.843
33,72,silent,1,1,1,895.15
33,73,silent,2,1,0,904.273
33,74,silent,2,2,1,920.894
33,75,silent,1,1,1,941.073
33,76,silent,1,1,1,953.905
33,77,silent,1,1,1,966.548
33,78,silent,1,1,1,974.773
33,79,silent,1,2,0,983.197
33,80,silent,2,2,1,1007.631
33,81,silent,2,2,1,1018.319
33,82,silent,1,1,1,1025.739
33,83,silent,2,2,1,1034.72
33,84,silent,1,2,0,1044.153
33,85,silent,2,1,0,1053.861
33,86,silent,2,1,0,1061.276
33,87,silent,2,2,1,1074.878
33,88,silent,2,2,1,1083.881
33,89,silent,1,1,1,1104.612
33,90,silent,1,1,1,1113.596
33,91,silent,2,1,0,1123.927
33,92,silent,2,2,1,1132.374
33,93,silent,2,2,1,1139.938
33,94,silent,2,2,1,1147.631
33,95,silent,2,2,1,1157.312
33,96,silent,2,1,0,1166.365
33,97,silent,1,1,1,1173.632
33,98,silent,2,2,1,1184.81
33,99,silent,2,1,0,1191.914
33,100,silent,2,2,1,1199.562
33,101,silent,1,1,1,1208.421
33,102,silent,1,1,1,1216.161
33,103,silent,2,2,1,1224.49
33,104,silent,2,2,1,1231.527
33,105,silent,2,1,0,1243.763
33,106,silent,2,2,1,1271.32
33,107,silent,1,1,1,1279.531
33,108,silent,1,1,1,1288.157
33,109,silent,1,1,1,1300.687
33,110,silent,2,2,1,1313.976
33,111,silent,1,1,1,1321.473
33,112,silent,2,1,0,1329.94
33,113,silent,1,1,1,1337.837
33,114,silent,1,1,1,1347.177
33,115,silent,1,1,1,1354.59
33,116,silent,1,2,0,1362.817
33,117,silent,1,1,1,1374.184
33,118,silent,1,1,1,1393.746
33,119,silent,2,1,0,1404.034
33,120,silent,1,1,1,1413.687
34,1,silent,2,2,1,14.89
34,2,silent,1,1,1,50.057
34,3,silent,1,2,0,103.232
34,4,silent,1,1,1,139.609
34,5,silent,1,1,1,159.031
34,6,silent,2,2,1,175.884
34,7,silent,2,2,1,202.547
34,8,silent,1,2,0,219.122
34,9,silent,1,1,1,249.985
34,10,silent,2,1,0,272.569
34,11,silent,1,1,1,307.588
34,12,silent,2,1,0,330.115
34,13,silent,1,1,1,350.825
34,14,silent,1,1,1,373.179
34,15,silent,2,2,1,406.178
34,16,silent,2,2,1,421.277
34,17,silent,1,2,0,429.867
34,18,silent,1,2,0,449.003
34,19,silent,1,1,1,486.195
34,20,silent,1,2,0,494.002
34,21,silent,1,1,1,513.392
34,22,silent,2,2,1,531.483
34,23,silent,2,2,1,547.814
34,24,silent,2,1,0,587.084
34,25,silent,1,2,0,606.97
34,26,silent,2,1,0,627.052
34,27,silent,1,2,0,647.338
34,28,silent,1,1,1,658.968
34,29,silent,1,1,1,676.442
34,30,silent,1,1,1,689.549
34,31,silent,1,1,1,703.786
34,32,silent,1,1,1,711.768
34,33,silent,2,2,1,719.782
34,34,silent,2,2,1,735.918
34,35,silent,2,2,1,757.007
34,36,silent,1,1,1,767.038
34,37,silent,2,1,0,786.831
34,38,silent,2,2,1,819.618
34,39,silent,1,1,1,834.588
34,40,silent,2,2,1,845.714
34,41,silent,1,1,1,852.688
34,42,silent,1,2,0,865.545
34,43,silent,2,1,0,872.323
34,44,silent,1,1,1,890.196
34,45,silent,2,1,0,899.494
34,46,silent,1,1,1,918.027
34,47,silent,1,1,1,941.404
34,48,silent,2,2,1,951.995
34,49,silent,2,2,1,963.771
34,50,silent,2,2,1,969.192
34,51,silent,1,1,1,980.443
34,52,silent,1,2,0,992.62
34,53,silent,1,2,0,998.692
34,54,silent,1,1,1,1013.246
34,55,silent,1,2,0,1029.811
34,56,silent,1,1,1,1039.059
34,57,silent,2,2,1,1046.827
34,58,silent,2,2,1,1055.847
34,59,silent,2,2,1,1062.914
34,60,silent,2,1,0,1075.102
34,61,silent,2,2,1,1081.893
34,62,silent,2,1,0,1087.106
34,63,silent,1,1,1,1107.418
34,64,silent,2,2,1,1114.937
34,65,silent,2,2,1,1138.427
34,66,silent,2,2,1,1145.666
34,67,silent,2,2,1,1153.078
34,68,silent,2,1,0,1157.798
34,69,silent,1,1,1,1164.116
34,70,silent,1,1,1,1177.425
34,71,silent,1,1,1,1185.544
34,72,silent,2,2,1,1199.72
34,73,silent,2,1,0,1207.978
34,74,silent,2,2,1,1219.935
34,75,silent,1,1,1,1236.12
34,76,silent,2,2,1,1241.926
34,77,silent,2,2,1,1248.289
34,78,silent,1,2,0,1252.703
34,79,silent,1,1,1,1265.138
34,80,silent,2,2,1,1294.43
34,81,silent,1,1,1,1303.391
34,82,silent,2,2,1,1327.468
34,83,silent,2,2,1,1335.029
34,84,silent,1,1,1,1341.125
34,85,silent,1,2,0,1346.425
34,86,silent,2,2,1,1355.945
34,87,silent,1,1,1,1366.206
34,88,silent,1,1,1,1377.748
34,89,silent,1,2,0,1383.991
34,90,silent,2,2,1,1402.652
34,91,silent,2,1,0,1409.603
34,92,silent,1,2,0,1416.053
34,93,silent,1,2,0,1428.567
34,94,silent,2,2,1,1438.415
34,95,silent,2,2,1,1444.514
34,96,silent,2,1,0,1458.304
34,97,silent,2,1,0,1469.28
34,98,silent,1,1,1,1485.49
34,99,silent,2,1,0,1494.816
34,100,silent,2,2,1,1502.919
34,101,silent,1,2,0,1521.424
34,102,silent,1,1,1,1537.144
34,103,silent,2,2,1,1550.248
34,104,silent,2,2,1,1559.805
34,105,silent,2,2,1,1567.263
34,106,silent,1,2,0,1574.769
34,107,silent,2,2,1,1582.837
34,108,silent,1,1,1,1595.315
34,109,silent,2,2,1,1612.43
34,110,silent,2,1,0,1617.827
34,111,silent,1,1,1,1627.127
34,112,silent,2,1,0,1640.557
34,113,silent,1,1,1,1650.332
34,114,silent,1,1,1,1663.561
34,115,silent,1,1,1,1677.34
34,116,silent,1,1,1,1693.793
34,117,silent,1,1,1,1711.989
34,118,silent,2,2,1,1717.47
34,119,silent,1,1,1,1723.594
34,120,silent,2,2,1,1730.844
35,1,silent,2,1,0,29.028
35,2,silent,1,2,0,119.15
35,3,silent,2,1,0,175.74
35,4,silent,1,1,1,243.827
35,5,silent,2,1,0,383.811
35,6,silent,1,1,1,406.438
35,7,silent,2,2,1,423.901
35,8,silent,2,2,1,453.264
35,9,silent,1,2,0,484.135
35,10,silent,2,1,0,503.584
35,11,silent,1,1,1,512.775
35,12,silent,1,1,1,524.75
35,13,silent,1,2,0,533.356
35,14,silent,1,2,0,539.804
35,15,silent,2,2,1,560.071
35,16,silent,2,2,1,569.726
35,17,silent,1,1,1,580.246
35,18,silent,1,1,1,589.155
35,19,silent,1,1,1,596.641
35,20,silent,2,2,1,607.755
35,21,silent,1,1,1,629.09
35,22,silent,1,1,1,641.71
35,23,silent,2,2,1,656.598
35,24,silent,1,1,1,681.331
35,25,silent,1,1,1,691.94
35,26,silent,2,2,1,698.618
35,27,silent,2,2,1,716.439
35,28,silent,2,2,1,732.34
35,29,silent,2,1,0,739.301
35,30,silent,2,2,1,757.459
35,31,silent,1,1,1,776.424
35,32,silent,1,1,1,785.116
35,33,silent,1,2,0,798.77
35,34,silent,1,1,1,824.15
35,35,silent,2,2,1,833.404
35,36,silent,2,2,1,852.145
35,37,silent,1,1,1,860.797
35,38,silent,1,1,1,872.131
35,39,silent,1,2,0,885.255
35,40,silent,2,2,1,903.236
35,41,silent,2,2,1,924.107
35,42,silent,1,1,1,935.491
35,43,silent,2,1,0,958.315
35,44,silent,2,1,0,969.529
35,45,silent,1,1,1,978.263
35,46,silent,1,1,1,988.429
35,47,silent,2,2,1,996.918
35,48,silent,1,1,1,1042.172
35,49,silent,2,2,1,1049.455
35,50,silent,2,2,1,1062.669
35,51,silent,2,2,1,1071.839
35,52,silent,2,2,1,1082.618
35,53,silent,1,1,1,1101.898
35,54,silent,2,1,0,1133.733
35,55,silent,1,2,0,1141.921
35,56,silent,1,1,1,1151.533
35,57,silent,1,1,1,1156.729
35,58,silent,2,1,0,1170.263
35,59,silent,1,1,1,1193.276
35,60,silent,2,1,0,1200.821
35,61,silent,1,1,1,1213.731
35,62,silent,2,2,1,1220.644
35,63,silent,2,2,1,1225.924
35,64,silent,1,1,1,1233.308
35,65,silent,2,2,1,1238.58
35,66,silent,2,2,1,1248.184
35,67,silent,2,2,1,1254.399
35,68,silent,1,2,0,1263.574
35,69,silent,1,2,0,1275.819
35,70,silent,1,1,1,1282.111
35,71,silent,2,2,1,1291.308
35,72,silent,2,2,1,1296.454
35,73,silent,1,2,0,1303.308
35,74,silent,1,1,1,1311.245
35,75,silent,2,2,1,1325.534
35,76,silent,1,2,0,1334.601
35,77,silent,1,1,1,1343.618
35,78,silent,1,2,0,1349.519
35,79,silent,2,2,1,1354.584
35,80,silent,2,2,1,1362.866
35,81,silent,2,2,1,1368.719
35,82,silent,1,2,0,1375.109
35,83,silent,2,2,1,1388.666
35,84,silent,2,1,0,1394.686
35,85,silent,1,1,1,1410.689
35,86,silent,1,1,1,1416.422
35,87,silent,1,1,1,1422.094
35,88,silent,1,2,0,1446.226
35,89,silent,1,2,0,1460.839
35,90,silent,2,1,0,1473.263
35,91,silent,1,1,1,1481.077
35,92,silent,2,1,0,1490.497
35,93,silent,1,1,1,1498.364
35,94,silent,1,1,1,1504.108
35,95,silent,1,1,1,1510.658
35,96,silent,2,2,1,1518.779
35,97,silent,2,2,1,1532.132
35,98,silent,1,1,1,1554.179
35,99,silent,2,2,1,1566.191
35,100,silent,1,1,1,1579.167
35,101,silent,2,2,1,1589.516
35,102,silent,1,2,0,1596.68
35,103,silent,1,1,1,1606.748
35,104,silent,2,2,1,1616.819
35,105,silent,1,1,1,1630.893
35,106,silent,2,2,1,1639.144
35,107,silent,1,2,0,1644.771
35,108,silent,2,2,1,1658.996
35,109,silent,1,1,1,1669.405
35,110,silent,2,1,0,1674.631
35,111,silent,1,1,1,1679.648
35,112,silent,2,2,1,1687.65
35,113,silent,2,2,1,1695.276
35,114,silent,1,1,1,1707.566
35,115,silent,2,2,1,1713.425
35,116,silent,1,1,1,1722.173
35,117,silent,2,2,1,1730.395
35,118,silent,1,1,1,1736.295
35,119,silent,1,2,0,1755.77
35,120,silent,2,1,0,1767.387
36,1,silent,2,2,1,12.063
36,2,silent,1,1,1,24.748
36,3,silent,2,2,1,36.02
36,4,silent,1,2,0,44.518
36,5,silent,2,2,1,54.488
36,6,silent,1,1,1,65.132
36,7,silent,1,1,1,74.187
36,8,silent,2,2,1,82.764
36,9,silent,1,1,1,91.789
36,10,silent,1,1,1,103.917
36,11,silent,1,2,0,114.431
36,12,silent,2,2,1,133.645
36,13,silent,1,2,0,144.653
36,14,silent,1,1,1,158.003
36,15,silent,1,1,1,166.085
36,16,silent,2,2,1,177.5
36,17,silent,1,1,1,184.956
36,18,silent,2,2,1,192.562
36,19,silent,1,1,1,217.724
36,20,silent,1,1,1,223.805
36,21,silent,2,2,1,229.871
36,22,silent,1,1,1,247.411
36,23,silent,1,1,1,253.096
36,24,silent,2,1,0,264.072
36,25,silent,2,1,0,270.528
36,26,silent,1,2,0,279.945
36,27,silent,2,2,1,287.443
36,28,silent,1,1,1,297.319
36,29,silent,1,1,1,314.866
36,30,silent,2,2,1,321.567
36,31,silent,1,2,0,330.706
36,32,silent,1,1,1,337.427
36,33,silent,2,2,1,355.068
36,34,silent,2,1,0,373.115
36,35,silent,2,2,1,391.047
36,36,silent,1,1,1,401.906
36,37,silent,1,1,1,412.196
36,38,silent,1,1,1,418.006
36,39,silent,2,2,1,428.48
36,40,silent,2,2,1,438.096
36,41,silent,2,2,1,447.37
36,42,silent,1,1,1,453.384
36,43,silent,1,2,0,459.321
36,44,silent,1,1,1,468.627
36,45,silent,2,2,1,477.064
36,46,silent,2,2,1,483.337
36,47,silent,2,2,1,489.178
36,48,silent,1,2,0,496.063
36,49,silent,1,1,1,502.697
36,50,silent,1,1,1,517.227
36,51,silent,2,2,1,540.731
36,52,silent,2,2,1,547.162
36,53,silent,1,1,1,557.004
36,54,silent,1,2,0,563.506
36,55,silent,1,1,1,570.998
36,56,silent,2,2,1,592.482
36,57,silent,1,1,1,597.674
36,58,silent,2,2,1,602.445
36,59,silent,1,1,1,619.408
36,60,silent,1,1,1,637.145
36,61,silent,2,2,1,642.324
36,62,silent,2,2,1,650.227
36,63,silent,1,2,0,661.12
36,64,silent,1,1,1,667.143
36,65,silent,2,2,1,675.843
36,66,silent,2,2,1,685.539
36,67,silent,2,2,1,695.313
36,68,silent,1,2,0,702.447
36,69,silent,2,1,0,714.663
36,70,silent,2,2,1,727.41
36,71,silent,1,1,1,732.995
36,72,silent,1,2,0,737.972
36,73,silent,2,2,1,749.468
36,74,silent,2,2,1,759.066
36,75,silent,2,2,1,767.993
36,76,silent,2,2,1,772.911
36,77,silent,2,2,1,787.276
36,78,silent,1,1,1,796.144
36,79,silent,1,1,1,804.147
36,80,silent,1,1,1,809.257
36,81,silent,1,1,1,818.849
36,82,silent,2,2,1,824.156
36,83,silent,2,1,0,838.507
36,84,silent,2,2,1,844.048
36,85,silent,2,1,0,849.877
36,86,silent,1,1,1,855.609
36,87,silent,1,1,1,861.766
36,88,silent,1,1,1,877.063
36,89,silent,1,1,1,884.677
36,90,silent,1,1,1,891.713
36,91,silent,2,2,1,897.247
36,92,silent,2,2,1,902.105
36,93,silent,2,1,0,907.189
36,94,silent,1,2,0,912.132
36,95,silent,1,1,1,917.528
36,96,silent,1,1,1,926.966
36,97,silent,1,2,0,933.321
36,98,silent,2,1,0,940.962
36,99,silent,2,2,1,951.087
36,100,silent,1,1,1,956.715
36,101,silent,2,2,1,966.488
36,102,silent,1,1,1,972.166
36,103,silent,1,1,1,977.368
36,104,silent,1,1,1,992.966
36,105,silent,1,1,1,1000.833
36,106,silent,1,1,1,1005.777
36,107,silent,1,2,0,1010.588
36,108,silent,2,1,0,1016.086
36,109,silent,2,2,1,1020.766
36,110,silent,1,1,1,1040.603
36,111,silent,1,1,1,1046.484
36,112,silent,2,2,1,1051.639
36,113,silent,2,2,1,1056.778
36,114,silent,2,2,1,1061.83
36,115,silent,2,2,1,1067.56
36,116,silent,1,1,1,1071.738
36,117,silent,2,2,1,1076.3
36,118,silent,1,1,1,1080.871
36,119,silent,1,1,1,1086.29
36,120,silent,2,2,1,1091.135
37,1,silent,2,1,0,17.446
37,2,silent,1,1,1,59.426
37,3,silent,1,1,1,76.282
37,4,silent,2,2,1,94.586
37,5,silent,1,1,1,110.229
37,6,silent,2,2,1,119.364
37,7,silent,1,1,1,129.028
37,8,silent,1,2,0,141.512
37,9,silent,1,1,1,150.765
37,10,silent,2,2,1,166.541
37,11,silent,2,2,1,177.472
37,12,silent,2,2,1,185.006
37,13,silent,1,1,1,197.057
37,14,silent,1,2,0,205.166
37,15,silent,2,2,1,214.949
37,16,silent,2,1,0,224.027
37,17,silent,1,1,1,235.981
37,18,silent,1,1,1,265.43
37,19,silent,2,2,1,275.179
37,20,silent,2,2,1,282.163
37,21,silent,1,1,1,291.663
37,22,silent,2,1,0,307.462
37,23,silent,1,1,1,318.004
37,24,silent,2,2,1,332.48
37,25,silent,2,2,1,340.244
37,26,silent,1,1,1,350.305
37,27,silent,1,1,1,356.499
37,28,silent,2,2,1,371.707
37,29,silent,2,2,1,377.186
37,30,silent,1,1,1,387.753
37,31,silent,2,2,1,402.16
37,32,silent,1,2,0,409.362
37,33,silent,1,1,1,416.799
37,34,silent,2,2,1,423.29
37,35,silent,2,2,1,434.815
37,36,silent,2,1,0,441.832
37,37,silent,1,1,1,455.717
37,38,silent,1,1,1,463.897
37,39,silent,2,2,1,471.915
37,40,silent,2,1,0,478.177
37,41,silent,1,1,1,492.016
37,42,silent,2,2,1,502.911
37,43,silent,1,1,1,513.197
37,44,silent,1,1,1,519.581
37,45,silent,1,1,1,530.209
37,46,silent,2,1,0,535.466
37,47,silent,2,1,0,544.948
37,48,silent,1,2,0,558.415
37,49,silent,1,1,1,564.568
37,50,silent,2,1,0,570.874
37,51,silent,1,2,0,579.707
37,52,silent,1,1,1,585.692
37,53,silent,1,2,0,597.4
37,54,silent,2,2,1,604.117
37,55,silent,1,2,0,611.825
37,56,silent,2,2,1,620.024
37,57,silent,2,2,1,629.247
37,58,silent,2,2,1,641.862
37,59,silent,2,2,1,648.553
37,60,silent,2,2,1,655.605
37,61,silent,2,2,1,669.986
37,62,silent,2,2,1,678.574
37,63,silent,2,1,0,686.629
37,64,silent,2,2,1,698.643
37,65,silent,2,2,1,709.456
37,66,silent,2,2,1,715.842
37,67,silent,2,2,1,722.016
37,68,silent,2,1,0,727.904
37,69,silent,2,1,0,734.196
37,70,silent,1,1,1,741.369
37,71,silent,2,1,0,748.907
37,72,silent,1,1,1,755.689
37,73,silent,1,2,0,765.41
37,74,silent,1,1,1,770.298
37,75,silent,2,1,0,780.34
37,76,silent,2,2,1,787.699
37,77,silent,1,1,1,797.014
37,78,silent,2,1,0,804.572
37,79,silent,1,2,0,813.015
37,80,silent,2,2,1,831.974
37,81,silent,1,1,1,846.223
37,82,silent,1,1,1,855.341
37,83,silent,1,2,0,866.421
37,84,silent,2,2,1,878.665
37,85,silent,1,1,1,898.514
37,86,silent,1,1,1,912.025
37,87,silent,1,1,1,922.897
37,88,silent,2,2,1,932.849
37,89,silent,2,2,1,941.371
37,90,silent,2,1,0,950.25
37,91,silent,2,2,1,964.83
37,92,silent,2,2,1,981.272
37,93,silent,2,1,0,997.119
37,94,silent,1,1,1,1004.823
37,95,silent,2,1,0,1018.718
37,96,silent,2,2,1,1027.409
37,97,silent,1,1,1,1033.366
37,98,silent,2,2,1,1046.52
37,99,silent,2,1,0,1058.196
37,100,silent,2,1,0,1064.73
37,101,silent,2,1,0,1073.896
37,102,silent,1,2,0,1087.68
37,103,silent,2,2,1,1096.858
37,104,silent,2,1,0,1107.617
37,105,silent,2,2,1,1119.544
37,106,silent,1,1,1,1129.914
37,107,silent,1,1,1,1137.13
37,108,silent,2,2,1,1151.972
37,109,silent,2,2,1,1164.468
37,110,silent,2,2,1,1174.133
37,111,silent,1,1,1,1188.321
37,112,silent,1,1,1,1195.468
37,113,silent,2,2,1,1210.762
37,114,silent,2,2,1,1217.605
37,115,silent,2,2,1,1225.302
37,116,silent,2,1,0,1231.199
37,117,silent,2,2,1,1240.66
37,118,silent,1,1,1,1247.88
37,119,silent,1,2,0,1256.216
37,120,silent,1,2,0,1264.098
38,1,silent,1,1,1,144.404
38,2,silent,2,2,1,162.029
38,3,silent,2,1,0,175.13
38,4,silent,1,1,1,201.112
38,5,silent,1,1,1,219.571
38,6,silent,1,1,1,241.084
38,7,silent,1,2,0,261.178
38,8,silent,1,2,0,272.046
38,9,silent,1,2,0,285.894
38,10,silent,2,1,0,300.341
38,11,silent,1,1,1,311.766
38,12,silent,1,1,1,321.286
38,13,silent,1,2,0,328.931
38,14,silent,1,2,0,336.655
38,15,silent,2,2,1,356.498
38,16,silent,2,2,1,364.405
38,17,silent,1,1,1,374.747
38,18,silent,1,1,1,382.18
38,19,silent,1,1,1,389.984
38,20,silent,2,2,1,399.557
38,21,silent,1,1,1,408.909
38,22,silent,1,1,1,417.827
38,23,silent,2,2,1,424.095
38,24,silent,1,1,1,430.387
38,25,silent,1,1,1,436.422
38,26,silent,2,2,1,441.762
38,27,silent,2,2,1,448.92
38,28,silent,2,2,1,458.174
38,29,silent,2,1,0,466.09
38,30,silent,2,2,1,473.943
38,31,silent,1,1,1,482.104
38,32,silent,1,1,1,488.62
38,33,silent,2,2,1,499.21
38,34,silent,1,1,1,506.623
38,35,silent,2,2,1,513.726
38,36,silent,2,2,1,521.998
38,37,silent,1,1,1,528.137
38,38,silent,1,1,1,534.538
38,39,silent,2,2,1,542.244
38,40,silent,1,2,0,548.495
38,41,silent,1,2,0,555.638
38,42,silent,1,1,1,564.027
38,43,silent,2,1,0,569.921
38,44,silent,2,1,0,582.761
38,45,silent,1,1,1,593.74
38,46,silent,1,1,1,601.599
38,47,silent,2,2,1,608.226
38,48,silent,1,1,1,614.366
38,49,silent,2,2,1,620.877
38,50,silent,2,2,1,627.938
38,51,silent,2,2,1,635.344
38,52,silent,2,2,1,643.992
38,53,silent,1,1,1,652.62
38,54,silent,2,1,0,660.201
38,55,silent,2,2,1,668.645
38,56,silent,1,1,1,675.193
38,57,silent,2,1,0,682.084
38,58,silent,2,1,0,689.95
38,59,silent,1,1,1,698.541
38,60,silent,1,1,1,707.531
38,61,silent,1,1,1,715.976
38,62,silent,2,2,1,721.938
38,63,silent,2,2,1,727.88
38,64,silent,2,1,0,735.147
38,65,silent,2,2,1,742.024
38,66,silent,2,2,1,748.509
38,67,silent,2,2,1,754.793
38,68,silent,2,2,1,765.366
38,69,silent,2,2,1,775.377
38,70,silent,1,1,1,783.69
38,71,silent,2,2,1,790.723
38,72,silent,2,2,1,796.804
38,73,silent,2,2,1,804.319
38,74,silent,2,1,0,811.829
38,75,silent,2,2,1,818.754
38,76,silent,2,2,1,824.906
38,77,silent,2,1,0,832.516
38,78,silent,1,2,0,840.465
38,79,silent,2,2,1,846.395
38,80,silent,2,2,1,853.824
38,81,silent,2,2,1,860.997
38,82,silent,2,2,1,868.213
38,83,silent,2,2,1,875.428
38,84,silent,1,1,1,881.231
38,85,silent,2,1,0,888.912
38,86,silent,1,1,1,896.98
38,87,silent,1,1,1,903.367
38,88,silent,1,2,0,909.468
38,89,silent,2,2,1,917.533
38,90,silent,2,1,0,925.057
38,91,silent,1,1,1,931.472
38,92,silent,2,1,0,937.16
38,93,silent,1,1,1,943.485
38,94,silent,1,1,1,950.455
38,95,silent,1,1,1,957.207
38,96,silent,2,2,1,964.835
38,97,silent,2,2,1,972.294
38,98,silent,1,1,1,979.246
38,99,silent,1,2,0,986.181
38,100,silent,1,1,1,993.811
38,101,silent,2,2,1,1002.089
38,102,silent,1,2,0,1008.095
38,103,silent,2,1,0,1014.425
38,104,silent,1,2,0,1020.936
38,105,silent,1,1,1,1028.548
38,106,silent,2,2,1,1034.644
38,107,silent,1,2,0,1040.526
38,108,silent,1,2,0,1048.136
38,109,silent,1,1,1,1059.685
38,110,silent,2,1,0,1066.134
38,111,silent,1,1,1,1073.209
38,112,silent,2,2,1,1078.709
38,113,silent,2,2,1,1084.42
38,114,silent,1,1,1,1092.328
38,115,silent,2,2,1,1100.943
38,116,silent,1,1,1,1108.463
38,117,silent,2,2,1,1116.169
38,118,silent,1,1,1,1122.095
38,119,silent,1,2,0,1129.628
38,120,silent,1,1,1,1135.166
