participant,condition,conditionIndex,problem,sequenceLength,choicePosition,problemOrder,value1,value2,value3,value4
1,length4_neutral,0,1,4,3,8,49.0,39.0,25.0,81.0
1,length4_neutral,0,2,4,1,38,98.0,93.0,67.0,39.0
1,length4_neutral,0,3,4,2,37,52.0,1.0,85.0,50.0
1,length4_neutral,0,4,4,1,13,63.0,21.0,43.0,28.0
1,length4_neutral,0,5,4,1,7,3.0,93.0,67.0,77.0
1,length4_neutral,0,6,4,4,5,5.0,60.0,53.0,36.0
1,length4_neutral,0,7,4,2,29,12.0,91.0,36.0,95.0
1,length4_neutral,0,8,4,1,35,23.0,40.0,86.0,5.0
1,length4_neutral,0,9,4,2,26,56.0,72.0,22.0,25.0
1,length4_neutral,0,10,4,2,21,81.0,96.0,83.0,71.0
1,length4_neutral,0,11,4,2,16,11.0,98.0,61.0,64.0
1,length4_neutral,0,12,4,2,28,17.0,62.0,80.0,7.0
1,length4_neutral,0,13,4,1,10,42.0,36.0,91.0,16.0
1,length4_neutral,0,14,4,2,14,42.0,80.0,70.0,63.0
1,length4_neutral,0,15,4,3,36,3.0,28.0,25.0,84.0
1,length4_neutral,0,16,4,1,30,35.0,9.0,91.0,24.0
1,length4_neutral,0,17,4,4,20,22.0,26.0,24.0,21.0
1,length4_neutral,0,18,4,1,31,87.0,12.0,50.0,55.0
1,length4_neutral,0,19,4,1,17,36.0,7.0,15.0,44.0
1,length4_neutral,0,20,4,2,33,67.0,63.0,7.0,30.0
1,length4_neutral,0,21,4,2,4,62.0,81.0,72.0,61.0
1,length4_neutral,0,22,4,1,23,64.0,62.0,19.0,48.0
1,length4_neutral,0,23,4,1,9,79.0,69.0,97.0,43.0
1,length4_neutral,0,24,4,2,34,46.0,42.0,6.0,26.0
1,length4_neutral,0,25,4,1,3,62.0,9.0,70.0,94.0
1,length4_neutral,0,26,4,2,39,90.0,54.0,87.0,84.0
1,length4_neutral,0,27,4,1,1,74.0,75.0,43.0,78.0
1,length4_neutral,0,28,4,2,19,85.0,76.0,22.0,16.0
1,length4_neutral,0,29,4,2,40,56.0,34.0,22.0,64.0
1,length4_neutral,0,30,4,1,2,91.0,33.0,54.0,42.0
1,length4_neutral,0,31,4,3,18,50.0,69.0,72.0,20.0
1,length4_neutral,0,32,4,3,6,60.0,57.0,22.0,46.0
1,length4_neutral,0,33,4,1,11,10.0,37.0,84.0,36.0
1,length4_neutral,0,34,4,2,22,22.0,80.0,19.0,2.0
1,length4_neutral,0,35,4,1,24,35.0,86.0,84.0,77.0
1,length4_neutral,0,36,4,1,25,81.0,93.0,69.0,11.0
1,length4_neutral,0,37,4,1,32,67.0,27.0,37.0,45.0
1,length4_neutral,0,38,4,3,27,39.0,59.0,67.0,42.0
1,length4_neutral,0,39,4,3,12,7.0,35.0,27.0,3.0
1,length4_neutral,0,40,4,1,15,42.0,9.0,95.0,26.0
1,length4_plentiful,1,1,4,1,8,76.0,63.0,60.0,79.0
1,length4_plentiful,1,2,4,2,38,88.0,62.0,84.0,73.0
1,length4_plentiful,1,3,4,3,37,69.0,76.0,65.0,90.0
1,length4_plentiful,1,4,4,1,13,39.0,61.0,64.0,54.0
1,length4_plentiful,1,5,4,2,7,72.0,57.0,18.0,71.0
1,length4_plentiful,1,6,4,2,5,63.0,29.0,60.0,75.0
1,length4_plentiful,1,7,4,1,29,60.0,71.0,84.0,81.0
1,length4_plentiful,1,8,4,4,35,95.0,52.0,59.0,36.0
1,length4_plentiful,1,9,4,1,26,17.0,65.0,44.0,96.0
1,length4_plentiful,1,10,4,2,21,72.0,38.0,62.0,86.0
1,length4_plentiful,1,11,4,2,16,70.0,76.0,91.0,82.0
1,length4_plentiful,1,12,4,1,28,68.0,90.0,59.0,60.0
1,length4_plentiful,1,13,4,1,10,68.0,38.0,33.0,47.0
1,length4_plentiful,1,14,4,4,14,83.0,79.0,84.0,66.0
1,length4_plentiful,1,15,4,3,36,60.0,59.0,35.0,67.0
1,length4_plentiful,1,16,4,1,30,54.0,68.0,72.0,89.0
1,length4_plentiful,1,17,4,2,20,93.0,55.0,62.0,57.0
1,length4_plentiful,1,18,4,2,31,85.0,87.0,71.0,48.0
1,length4_plentiful,1,19,4,2,17,90.0,79.0,72.0,89.0
1,length4_plentiful,1,20,4,4,33,73.0,74.0,87.0,55.0
1,length4_plentiful,1,21,4,1,4,59.0,66.0,72.0,76.0
1,length4_plentiful,1,22,4,1,23,97.0,80.0,69.0,43.0
1,length4_plentiful,1,23,4,2,9,68.0,42.0,33.0,92.0
1,length4_plentiful,1,24,4,2,34,54.0,44.0,88.0,87.0
1,length4_plentiful,1,25,4,2,3,39.0,64.0,68.0,57.0
1,length4_plentiful,1,26,4,4,39,74.0,79.0,68.0,66.0
1,length4_plentiful,1,27,4,2,1,83.0,64.0,85.0,97.0
1,length4_plentiful,1,28,4,2,19,76.0,39.0,35.0,72.0
1,length4_plentiful,1,29,4,1,40,62.0,88.0,77.0,71.0
1,length4_plentiful,1,30,4,1,2,57.0,77.0,72.0,85.0
1,length4_plentiful,1,31,4,1,18,65.0,87.0,48.0,77.0
1,length4_plentiful,1,32,4,3,6,51.0,52.0,66.0,84.0
1,length4_plentiful,1,33,4,3,11,89.0,87.0,85.0,49.0
1,length4_plentiful,1,34,4,3,22,79.0,57.0,61.0,74.0
1,length4_plentiful,1,35,4,3,24,73.0,70.0,50.0,88.0
1,length4_plentiful,1,36,4,4,25,76.0,74.0,95.0,89.0
1,length4_plentiful,1,37,4,4,32,91.0,60.0,80.0,79.0
1,length4_plentiful,1,38,4,2,27,82.0,43.0,78.0,58.0
1,length4_plentiful,1,39,4,4,12,75.0,81.0,90.0,92.0
1,length4_plentiful,1,40,4,2,15,71.0,61.0,74.0,84.0
1,length8_neutral,2,1,8,1,8,56.0,15.0,66.0,36.0
1,length8_neutral,2,2,8,1,38,22.0,60.0,87.0,84.0
1,length8_neutral,2,3,8,1,37,63.0,74.0,38.0,46.0
1,length8_neutral,2,4,8,3,13,21.0,42.0,84.0,66.0
1,length8_neutral,2,5,8,2,7,93.0,3.0,8.0,59.0
1,length8_neutral,2,6,8,6,5,39.0,56.0,6.0,13.0
1,length8_neutral,2,7,8,2,29,37.0,60.0,82.0,84.0
1,length8_neutral,2,8,8,1,35,77.0,19.0,97.0,65.0
1,length8_neutral,2,9,8,3,26,14.0,26.0,59.0,37.0
1,length8_neutral,2,10,8,3,21,26.0,21.0,50.0,97.0
1,length8_neutral,2,11,8,3,16,58.0,2.0,87.0,9.0
1,length8_neutral,2,12,8,2,28,31.0,81.0,84.0,16.0
1,length8_neutral,2,13,8,3,10,28.0,24.0,62.0,55.0
1,length8_neutral,2,14,8,1,14,81.0,36.0,74.0,79.0
1,length8_neutral,2,15,8,3,36,85.0,12.0,40.0,50.0
1,length8_neutral,2,16,8,1,30,88.0,45.0,7.0,44.0
1,length8_neutral,2,17,8,2,20,42.0,98.0,63.0,28.0
1,length8_neutral,2,18,8,4,31,41.0,44.0,81.0,91.0
1,length8_neutral,2,19,8,2,17,49.0,63.0,15.0,81.0
1,length8_neutral,2,20,8,1,33,77.0,51.0,10.0,37.0
1,length8_neutral,2,21,8,1,4,87.0,95.0,62.0,79.0
1,length8_neutral,2,22,8,4,23,67.0,8.0,34.0,66.0
1,length8_neutral,2,23,8,3,9,8.0,30.0,59.0,32.0
1,length8_neutral,2,24,8,3,34,8.0,50.0,88.0,47.0
1,length8_neutral,2,25,8,3,3,10.0,8.0,27.0,33.0
1,length8_neutral,2,26,8,2,39,61.0,98.0,9.0,73.0
1,length8_neutral,2,27,8,2,1,62.0,72.0,16.0,4.0
1,length8_neutral,2,28,8,2,19,63.0,79.0,32.0,8.0
1,length8_neutral,2,29,8,1,40,92.0,8.0,20.0,75.0
1,length8_neutral,2,30,8,2,2,94.0,62.0,84.0,37.0
1,length8_neutral,2,31,8,1,18,94.0,87.0,24.0,12.0
1,length8_neutral,2,32,8,1,6,45.0,80.0,19.0,64.0
1,length8_neutral,2,33,8,3,11,77.0,66.0,91.0,36.0
1,length8_neutral,2,34,8,3,22,28.0,62.0,65.0,57.0
1,length8_neutral,2,35,8,3,24,7.0,39.0,73.0,35.0
1,length8_neutral,2,36,8,2,25,5.0,75.0,64.0,20.0
1,length8_neutral,2,37,8,2,32,2.0,49.0,12.0,5.0
1,length8_neutral,2,38,8,1,27,95.0,10.0,64.0,84.0
1,length8_neutral,2,39,8,1,12,93.0,5.0,57.0,61.0
1,length8_neutral,2,40,8,1,15,83.0,52.0,96.0,53.0
1,length8_plentiful,3,1,8,3,8,50.0,44.0,45.0,43.0
1,length8_plentiful,3,2,8,2,38,51.0,62.0,93.0,33.0
1,length8_plentiful,3,3,8,3,37,27.0,36.0,79.0,81.0
1,length8_plentiful,3,4,8,1,13,79.0,40.0,37.0,95.0
1,length8_plentiful,3,5,8,3,7,80.0,66.0,70.0,84.0
1,length8_plentiful,3,6,8,2,5,57.0,72.0,63.0,58.0
1,length8_plentiful,3,7,8,1,29,80.0,73.0,61.0,77.0
1,length8_plentiful,3,8,8,1,35,88.0,75.0,80.0,82.0
1,length8_plentiful,3,9,8,2,26,31.0,89.0,67.0,86.0
1,length8_plentiful,3,10,8,1,21,84.0,32.0,59.0,89.0
1,length8_plentiful,3,11,8,1,16,78.0,97.0,53.0,55.0
1,length8_plentiful,3,12,8,3,28,30.0,52.0,54.0,60.0
1,length8_plentiful,3,13,8,2,10,69.0,85.0,44.0,93.0
1,length8_plentiful,3,14,8,3,14,49.0,57.0,62.0,73.0
1,length8_plentiful,3,15,8,1,36,82.0,86.0,52.0,87.0
1,length8_plentiful,3,16,8,1,30,94.0,51.0,79.0,78.0
1,length8_plentiful,3,17,8,1,20,93.0,94.0,26.0,54.0
1,length8_plentiful,3,18,8,1,31,91.0,35.0,56.0,87.0
1,length8_plentiful,3,19,8,1,17,71.0,80.0,36.0,31.0
1,length8_plentiful,3,20,8,1,33,70.0,63.0,53.0,91.0
1,length8_plentiful,3,21,8,1,4,82.0,80.0,18.0,56.0
1,length8_plentiful,3,22,8,2,23,75.0,35.0,79.0,89.0
1,length8_plentiful,3,23,8,4,9,68.0,38.0,35.0,69.0
1,length8_plentiful,3,24,8,3,34,43.0,66.0,74.0,80.0
1,length8_plentiful,3,25,8,3,3,57.0,71.0,97.0,81.0
1,length8_plentiful,3,26,8,1,39,79.0,61.0,62.0,90.0
1,length8_plentiful,3,27,8,2,1,49.0,73.0,57.0,58.0
1,length8_plentiful,3,28,8,3,19,49.0,38.0,81.0,69.0
1,length8_plentiful,3,29,8,3,40,54.0,78.0,52.0,65.0
1,length8_plentiful,3,30,8,4,2,41.0,69.0,63.0,55.0
1,length8_plentiful,3,31,8,2,18,59.0,85.0,46.0,78.0
1,length8_plentiful,3,32,8,2,6,93.0,85.0,92.0,62.0
1,length8_plentiful,3,33,8,2,11,65.0,69.0,88.0,42.0
1,length8_plentiful,3,34,8,2,22,68.0,48.0,71.0,45.0
1,length8_plentiful,3,35,8,2,24,64.0,57.0,75.0,76.0
1,length8_plentiful,3,36,8,1,25,72.0,52.0,49.0,61.0
1,length8_plentiful,3,37,8,1,32,86.0,64.0,24.0,52.0
1,length8_plentiful,3,38,8,2,27,41.0,59.0,25.0,75.0
1,length8_plentiful,3,39,8,2,12,52.0,76.0,67.0,55.0
1,length8_plentiful,3,40,8,2,15,63.0,86.0,82.0,55.0
2,length4_neutral,0,1,4,4,31,49.0,39.0,25.0,81.0
2,length4_neutral,0,2,4,1,26,98.0,93.0,67.0,39.0
2,length4_neutral,0,3,4,3,35,52.0,1.0,85.0,50.0
2,length4_neutral,0,4,4,4,14,63.0,21.0,43.0,28.0
2,length4_neutral,0,5,4,2,22,3.0,93.0,67.0,77.0
2,length4_neutral,0,6,4,2,4,5.0,60.0,53.0,36.0
2,length4_neutral,0,7,4,2,6,12.0,91.0,36.0,95.0
2,length4_neutral,0,8,4,3,2,23.0,40.0,86.0,5.0
2,length4_neutral,0,9,4,2,19,56.0,72.0,22.0,25.0
2,length4_neutral,0,10,4,2,13,81.0,96.0,83.0,71.0
2,length4_neutral,0,11,4,2,30,11.0,98.0,61.0,64.0
2,length4_neutral,0,12,4,3,34,17.0,62.0,80.0,7.0
2,length4_neutral,0,13,4,3,5,42.0,36.0,91.0,16.0
2,length4_neutral,0,14,4,2,1,42.0,80.0,70.0,63.0
2,length4_neutral,0,15,4,4,40,3.0,28.0,25.0,84.0
2,length4_neutral,0,16,4,3,36,35.0,9.0,91.0,24.0
2,length4_neutral,0,17,4,4,20,22.0,26.0,24.0,21.0
2,length4_neutral,0,18,4,1,15,87.0,12.0,50.0,55.0
2,length4_neutral,0,19,4,4,21,36.0,7.0,15.0,44.0
2,length4_neutral,0,20,4,4,10,67.0,63.0,7.0,30.0
2,length4_neutral,0,21,4,2,39,62.0,81.0,72.0,61.0
2,length4_neutral,0,22,4,4,7,64.0,62.0,19.0,48.0
2,length4_neutral,0,23,4,3,27,79.0,69.0,97.0,43.0
2,length4_neutral,0,24,4,4,8,46.0,42.0,6.0,26.0
2,length4_neutral,0,25,4,1,11,62.0,9.0,70.0,94.0
2,length4_neutral,0,26,4,1,29,90.0,54.0,87.0,84.0
2,length4_neutral,0,27,4,1,32,74.0,75.0,43.0,78.0
2,length4_neutral,0,28,4,1,24,85.0,76.0,22.0,16.0
2,length4_neutral,0,29,4,4,23,56.0,34.0,22.0,64.0
2,length4_neutral,0,30,4,1,38,91.0,33.0,54.0,42.0
2,length4_neutral,0,31,4,4,9,50.0,69.0,72.0,20.0
2,length4_neutral,0,32,4,4,12,60.0,57.0,22.0,46.0
2,length4_neutral,0,33,4,3,3,10.0,37.0,84.0,36.0
2,length4_neutral,0,34,4,2,28,22.0,80.0,19.0,2.0
2,length4_neutral,0,35,4,2,18,35.0,86.0,84.0,77.0
2,length4_neutral,0,36,4,1,33,81.0,93.0,69.0,11.0
2,length4_neutral,0,37,4,4,37,67.0,27.0,37.0,45.0
2,length4_neutral,0,38,4,2,25,39.0,59.0,67.0,42.0
2,length4_neutral,0,39,4,4,16,7.0,35.0,27.0,3.0
2,length4_neutral,0,40,4,3,17,42.0,9.0,95.0,26.0
2,length4_plentiful,1,1,4,1,31,76.0,63.0,60.0,79.0
2,length4_plentiful,1,2,4,1,26,88.0,62.0,84.0,73.0
2,length4_plentiful,1,3,4,4,35,69.0,76.0,65.0,90.0
2,length4_plentiful,1,4,4,2,14,39.0,61.0,64.0,54.0
2,length4_plentiful,1,5,4,4,22,72.0,57.0,18.0,71.0
2,length4_plentiful,1,6,4,4,4,63.0,29.0,60.0,75.0
2,length4_plentiful,1,7,4,3,6,60.0,71.0,84.0,81.0
2,length4_plentiful,1,8,4,1,2,95.0,52.0,59.0,36.0
2,length4_plentiful,1,9,4,4,19,17.0,65.0,44.0,96.0
2,length4_plentiful,1,10,4,4,13,72.0,38.0,62.0,86.0
2,length4_plentiful,1,11,4,3,30,70.0,76.0,91.0,82.0
2,length4_plentiful,1,12,4,2,34,68.0,90.0,59.0,60.0
2,length4_plentiful,1,13,4,1,5,68.0,38.0,33.0,47.0
2,length4_plentiful,1,14,4,1,1,83.0,79.0,84.0,66.0
2,length4_plentiful,1,15,4,4,40,60.0,59.0,35.0,67.0
2,length4_plentiful,1,16,4,4,36,54.0,68.0,72.0,89.0
2,length4_plentiful,1,17,4,1,20,93.0,55.0,62.0,57.0
2,length4_plentiful,1,18,4,2,15,85.0,87.0,71.0,48.0
2,length4_plentiful,1,19,4,1,21,90.0,79.0,72.0,89.0
2,length4_plentiful,1,20,4,3,10,73.0,74.0,87.0,55.0
2,length4_plentiful,1,21,4,3,39,59.0,66.0,72.0,76.0
2,length4_plentiful,1,22,4,1,7,97.0,80.0,69.0,43.0
2,length4_plentiful,1,23,4,4,27,68.0,42.0,33.0,92.0
2,length4_plentiful,1,24,4,3,8,54.0,44.0,88.0,87.0
2,length4_plentiful,1,25,4,4,11,39.0,64.0,68.0,57.0
2,length4_plentiful,1,26,4,4,29,74.0,79.0,68.0,66.0
2,length4_plentiful,1,27,4,1,32,83.0,64.0,85.0,97.0
2,length4_plentiful,1,28,4,4,24,76.0,39.0,35.0,72.0
2,length4_plentiful,1,29,4,3,23,62.0,88.0,77.0,71.0
2,length4_plentiful,1,30,4,4,38,57.0,77.0,72.0,85.0
2,length4_plentiful,1,31,4,2,9,65.0,87.0,48.0,77.0
2,length4_plentiful,1,32,4,4,3,51.0,52.0,66.0,84.0
2,length4_plentiful,1,33,4,1,12,89.0,87.0,85.0,49.0
2,length4_plentiful,1,34,4,1,28,79.0,57.0,61.0,74.0
2,length4_plentiful,1,35,4,4,18,73.0,70.0,50.0,88.0
2,length4_plentiful,1,36,4,3,33,76.0,74.0,95.0,89.0
2,length4_plentiful,1,37,4,1,37,91.0,60.0,80.0,79.0
2,length4_plentiful,1,38,4,1,25,82.0,43.0,78.0,58.0
2,length4_plentiful,1,39,4,1,16,75.0,81.0,90.0,92.0
2,length4_plentiful,1,40,4,1,17,71.0,61.0,74.0,84.0
2,length8_neutral,2,1,8,5,31,56.0,15.0,66.0,36.0
2,length8_neutral,2,2,8,3,26,22.0,60.0,87.0,84.0
2,length8_neutral,2,3,8,8,35,63.0,74.0,38.0,46.0
2,length8_neutral,2,4,8,3,14,21.0,42.0,84.0,66.0
2,length8_neutral,2,5,8,1,22,93.0,3.0,8.0,59.0
2,length8_neutral,2,6,8,8,4,39.0,56.0,6.0,13.0
2,length8_neutral,2,7,8,8,6,37.0,60.0,82.0,84.0
2,length8_neutral,2,8,8,3,2,77.0,19.0,97.0,65.0
2,length8_neutral,2,9,8,8,19,14.0,26.0,59.0,37.0
2,length8_neutral,2,10,8,4,13,26.0,21.0,50.0,97.0
2,length8_neutral,2,11,8,3,30,58.0,2.0,87.0,9.0
2,length8_neutral,2,12,8,2,34,31.0,81.0,84.0,16.0
2,length8_neutral,2,13,8,8,5,28.0,24.0,62.0,55.0
2,length8_neutral,2,14,8,1,1,81.0,36.0,74.0,79.0
2,length8_neutral,2,15,8,1,40,85.0,12.0,40.0,50.0
2,length8_neutral,2,16,8,1,36,88.0,45.0,7.0,44.0
2,length8_neutral,2,17,8,2,20,42.0,98.0,63.0,28.0
2,length8_neutral,2,18,8,3,15,41.0,44.0,81.0,91.0
2,length8_neutral,2,19,8,4,21,49.0,63.0,15.0,81.0
2,length8_neutral,2,20,8,8,10,77.0,51.0,10.0,37.0
2,length8_neutral,2,21,8,1,39,87.0,95.0,62.0,79.0
2,length8_neutral,2,22,8,5,7,67.0,8.0,34.0,66.0
2,length8_neutral,2,23,8,8,27,8.0,30.0,59.0,32.0
2,length8_neutral,2,24,8,3,8,8.0,50.0,88.0,47.0
2,length8_neutral,2,25,8,7,11,10.0,8.0,27.0,33.0
2,length8_neutral,2,26,8,2,29,61.0,98.0,9.0,73.0
2,length8_neutral,2,27,8,6,32,62.0,72.0,16.0,4.0
2,length8_neutral,2,28,8,2,24,63.0,79.0,32.0,8.0
2,length8_neutral,2,29,8,1,23,92.0,8.0,20.0,75.0
2,length8_neutral,2,30,8,1,38,94.0,62.0,84.0,37.0
2,length8_neutral,2,31,8,1,9,94.0,87.0,24.0,12.0
2,length8_neutral,2,32,8,8,3,45.0,80.0,19.0,64.0
2,length8_neutral,2,33,8,3,12,77.0,66.0,91.0,36.0
2,length8_neutral,2,34,8,5,28,28.0,62.0,65.0,57.0
2,length8_neutral,2,35,8,3,18,7.0,39.0,73.0,35.0
2,length8_neutral,2,36,8,5,33,5.0,75.0,64.0,20.0
2,length8_neutral,2,37,8,8,37,2.0,49.0,12.0,5.0
2,length8_neutral,2,38,8,1,25,95.0,10.0,64.0,84.0
2,length8_neutral,2,39,8,1,16,93.0,5.0,57.0,61.0
2,length8_neutral,2,40,8,8,17,83.0,52.0,96.0,53.0
2,length8_plentiful,3,1,8,8,31,50.0,44.0,45.0,43.0
2,length8_plentiful,3,2,8,3,26,51.0,62.0,93.0,33.0
2,length8_plentiful,3,3,8,4,35,27.0,36.0,79.0,81.0
2,length8_plentiful,3,4,8,4,14,79.0,40.0,37.0,95.0
2,length8_plentiful,3,5,8,6,22,80.0,66.0,70.0,84.0
2,length8_plentiful,3,6,8,6,4,57.0,72.0,63.0,58.0
2,length8_plentiful,3,7,8,5,6,80.0,73.0,61.0,77.0
2,length8_plentiful,3,8,8,1,2,88.0,75.0,80.0,82.0
2,length8_plentiful,3,9,8,2,19,31.0,89.0,67.0,86.0
2,length8_plentiful,3,10,8,6,13,84.0,32.0,59.0,89.0
2,length8_plentiful,3,11,8,2,30,78.0,97.0,53.0,55.0
2,length8_plentiful,3,12,8,5,34,30.0,52.0,54.0,60.0
2,length8_plentiful,3,13,8,4,5,69.0,85.0,44.0,93.0
2,length8_plentiful,3,14,8,4,1,49.0,57.0,62.0,73.0
2,length8_plentiful,3,15,8,4,40,82.0,86.0,52.0,87.0
2,length8_plentiful,3,16,8,1,36,94.0,51.0,79.0,78.0
2,length8_plentiful,3,17,8,1,20,93.0,94.0,26.0,54.0
2,length8_plentiful,3,18,8,1,15,91.0,35.0,56.0,87.0
2,length8_plentiful,3,19,8,6,21,71.0,80.0,36.0,31.0
2,length8_plentiful,3,20,8,4,10,70.0,63.0,53.0,91.0
2,length8_plentiful,3,21,8,8,39,82.0,80.0,18.0,56.0
2,length8_plentiful,3,22,8,3,7,75.0,35.0,79.0,89.0
2,length8_plentiful,3,23,8,5,27,68.0,38.0,35.0,69.0
2,length8_plentiful,3,24,8,4,8,43.0,66.0,74.0,80.0
2,length8_plentiful,3,25,8,3,11,57.0,71.0,97.0,81.0
2,length8_plentiful,3,26,8,4,29,79.0,61.0,62.0,90.0
2,length8_plentiful,3,27,8,8,32,49.0,73.0,57.0,58.0
2,length8_plentiful,3,28,8,6,24,49.0,38.0,81.0,69.0
2,length8_plentiful,3,29,8,8,23,54.0,78.0,52.0,65.0
2,length8_plentiful,3,30,8,8,38,41.0,69.0,63.0,55.0
2,length8_plentiful,3,31,8,2,9,59.0,85.0,46.0,78.0
2,length8_plentiful,3,32,8,8,3,93.0,85.0,92.0,62.0
2,length8_plentiful,3,33,8,8,12,65.0,69.0,88.0,42.0
2,length8_plentiful,3,34,8,6,28,68.0,48.0,71.0,45.0
2,length8_plentiful,3,35,8,6,18,64.0,57.0,75.0,76.0
2,length8_plentiful,3,36,8,8,33,72.0,52.0,49.0,61.0
2,length8_plentiful,3,37,8,8,37,86.0,64.0,24.0,52.0
2,length8_plentiful,3,38,8,5,25,41.0,59.0,25.0,75.0
2,length8_plentiful,3,39,8,5,16,52.0,76.0,67.0,55.0
2,length8_plentiful,3,40,8,8,17,63.0,86.0,82.0,55.0
3,length4_neutral,0,1,4,1,26,95.0,66.0,15.0,13.0
3,length4_neutral,0,2,4,3,38,38.0,9.0,73.0,48.0
3,length4_neutral,0,3,4,2,31,51.0,77.0,12.0,2.0
3,length4_neutral,0,4,4,2,15,7.0,82.0,11.0,32.0
3,length4_neutral,0,5,4,2,3,16.0,84.0,17.0,89.0
3,length4_neutral,0,6,4,3,1,42.0,7.0,96.0,56.0
3,length4_neutral,0,7,4,4,9,75.0,29.0,37.0,26.0
3,length4_neutral,0,8,4,1,12,90.0,79.0,69.0,31.0
3,length4_neutral,0,9,4,3,36,4.0,10.0,13.0,8.0
3,length4_neutral,0,10,4,1,16,94.0,60.0,86.0,11.0
3,length4_neutral,0,11,4,1,4,95.0,10.0,97.0,77.0
3,length4_neutral,0,12,4,4,6,53.0,42.0,11.0,60.0
3,length4_neutral,0,13,4,1,14,72.0,83.0,90.0,94.0
3,length4_neutral,0,14,4,3,24,39.0,45.0,59.0,20.0
3,length4_neutral,0,15,4,1,5,84.0,98.0,24.0,26.0
3,length4_neutral,0,16,4,1,8,95.0,37.0,42.0,11.0
3,length4_neutral,0,17,4,2,39,9.0,89.0,1.0,12.0
3,length4_neutral,0,18,4,2,37,18.0,67.0,34.0,41.0
3,length4_neutral,0,19,4,3,27,7.0,19.0,67.0,1.0
3,length4_neutral,0,20,4,1,35,44.0,81.0,34.0,28.0
3,length4_neutral,0,21,4,2,13,19.0,61.0,91.0,40.0
3,length4_neutral,0,22,4,3,33,37.0,46.0,87.0,15.0
3,length4_neutral,0,23,4,2,11,9.0,62.0,2.0,36.0
3,length4_neutral,0,24,4,1,29,72.0,93.0,84.0,17.0
3,length4_neutral,0,25,4,2,7,49.0,75.0,71.0,13.0
3,length4_neutral,0,26,4,1,20,93.0,79.0,18.0,97.0
3,length4_neutral,0,27,4,1,22,88.0,70.0,72.0,52.0
3,length4_neutral,0,28,4,3,25,21.0,22.0,59.0,61.0
3,length4_neutral,0,29,4,1,18,83.0,7.0,13.0,96.0
3,length4_neutral,0,30,4,2,17,47.0,92.0,62.0,32.0
3,length4_neutral,0,31,4,3,2,5.0,4.0,68.0,52.0
3,length4_neutral,0,32,4,3,34,5.0,36.0,90.0,50.0
3,length4_neutral,0,33,4,1,40,86.0,92.0,15.0,12.0
3,length4_neutral,0,34,4,1,19,79.0,29.0,65.0,58.0
3,length4_neutral,0,35,4,3,32,7.0,21.0,54.0,40.0
3,length4_neutral,0,36,4,2,10,23.0,81.0,71.0,46.0
3,length4_neutral,0,37,4,2,30,25.0,88.0,13.0,79.0
3,length4_neutral,0,38,4,4,28,18.0,59.0,31.0,52.0
3,length4_neutral,0,39,4,3,23,9.0,42.0,53.0,25.0
3,length4_neutral,0,40,4,1,21,79.0,29.0,38.0,12.0
3,length4_plentiful,1,1,4,1,26,80.0,57.0,26.0,63.0
3,length4_plentiful,1,2,4,4,38,59.0,69.0,71.0,55.0
3,length4_plentiful,1,3,4,4,31,70.0,69.0,61.0,43.0
3,length4_plentiful,1,4,4,2,15,64.0,94.0,71.0,90.0
3,length4_plentiful,1,5,4,3,3,60.0,46.0,81.0,66.0
3,length4_plentiful,1,6,4,3,1,58.0,64.0,87.0,53.0
3,length4_plentiful,1,7,4,2,9,61.0,77.0,46.0,64.0
3,length4_plentiful,1,8,4,2,12,26.0,89.0,69.0,48.0
3,length4_plentiful,1,9,4,2,36,52.0,86.0,76.0,93.0
3,length4_plentiful,1,10,4,1,16,88.0,64.0,83.0,41.0
3,length4_plentiful,1,11,4,1,4,80.0,57.0,55.0,89.0
3,length4_plentiful,1,12,4,1,6,79.0,82.0,97.0,62.0
3,length4_plentiful,1,13,4,1,14,97.0,63.0,69.0,68.0
3,length4_plentiful,1,14,4,4,24,59.0,55.0,47.0,77.0
3,length4_plentiful,1,15,4,3,5,52.0,53.0,90.0,62.0
3,length4_plentiful,1,16,4,2,8,46.0,85.0,55.0,87.0
3,length4_plentiful,1,17,4,1,39,65.0,86.0,48.0,59.0
3,length4_plentiful,1,18,4,4,37,56.0,51.0,50.0,89.0
3,length4_plentiful,1,19,4,1,27,85.0,39.0,50.0,53.0
3,length4_plentiful,1,20,4,4,35,52.0,64.0,56.0,81.0
3,length4_plentiful,1,21,4,2,13,68.0,88.0,84.0,49.0
3,length4_plentiful,1,22,4,1,33,85.0,65.0,80.0,78.0
3,length4_plentiful,1,23,4,1,11,89.0,52.0,80.0,55.0
3,length4_plentiful,1,24,4,1,29,81.0,73.0,66.0,80.0
3,length4_plentiful,1,25,4,2,7,44.0,84.0,89.0,69.0
3,length4_plentiful,1,26,4,2,20,76.0,51.0,82.0,64.0
3,length4_plentiful,1,27,4,3,22,36.0,43.0,79.0,76.0
3,length4_plentiful,1,28,4,4,25,32.0,66.0,63.0,95.0
3,length4_plentiful,1,29,4,1,18,96.0,82.0,85.0,93.0
3,length4_plentiful,1,30,4,3,17,64.0,39.0,84.0,82.0
3,length4_plentiful,1,31,4,1,2,90.0,81.0,61.0,39.0
3,length4_plentiful,1,32,4,1,34,77.0,23.0,47.0,26.0
3,length4_plentiful,1,33,4,1,40,83.0,73.0,71.0,62.0
3,length4_plentiful,1,34,4,4,19,61.0,30.0,49.0,91.0
3,length4_plentiful,1,35,4,1,32,77.0,63.0,75.0,79.0
3,length4_plentiful,1,36,4,2,10,73.0,78.0,56.0,22.0
3,length4_plentiful,1,37,4,1,30,75.0,79.0,56.0,86.0
3,length4_plentiful,1,38,4,1,28,94.0,81.0,68.0,47.0
3,length4_plentiful,1,39,4,2,23,54.0,72.0,18.0,57.0
3,length4_plentiful,1,40,4,4,21,67.0,53.0,59.0,49.0
3,length8_neutral,2,1,8,7,26,35.0,77.0,15.0,1.0
3,length8_neutral,2,2,8,4,38,4.0,89.0,77.0,93.0
3,length8_neutral,2,3,8,8,31,71.0,77.0,83.0,22.0
3,length8_neutral,2,4,8,2,15,68.0,82.0,63.0,93.0
3,length8_neutral,2,5,8,7,3,26.0,4.0,39.0,14.0
3,length8_neutral,2,6,8,4,1,43.0,63.0,21.0,86.0
3,length8_neutral,2,7,8,1,9,88.0,26.0,31.0,78.0
3,length8_neutral,2,8,8,1,12,83.0,92.0,49.0,43.0
3,length8_neutral,2,9,8,8,36,76.0,31.0,21.0,16.0
3,length8_neutral,2,10,8,2,16,22.0,79.0,32.0,2.0
3,length8_neutral,2,11,8,2,4,1.0,85.0,89.0,24.0
3,length8_neutral,2,12,8,1,6,46.0,19.0,45.0,4.0
3,length8_neutral,2,13,8,3,14,64.0,42.0,83.0,7.0
3,length8_neutral,2,14,8,2,24,77.0,82.0,29.0,34.0
3,length8_neutral,2,15,8,4,5,73.0,14.0,13.0,90.0
3,length8_neutral,2,16,8,8,8,61.0,12.0,10.0,48.0
3,length8_neutral,2,17,8,6,39,46.0,43.0,51.0,6.0
3,length8_neutral,2,18,8,1,37,97.0,35.0,57.0,80.0
3,length8_neutral,2,19,8,8,27,30.0,62.0,45.0,46.0
3,length8_neutral,2,20,8,8,35,76.0,60.0,51.0,73.0
3,length8_neutral,2,21,8,4,13,13.0,12.0,15.0,83.0
3,length8_neutral,2,22,8,2,33,51.0,89.0,25.0,88.0
3,length8_neutral,2,23,8,3,11,80.0,40.0,83.0,57.0
3,length8_neutral,2,24,8,7,29,25.0,17.0,12.0,23.0
3,length8_neutral,2,25,8,4,7,16.0,48.0,56.0,79.0
3,length8_neutral,2,26,8,1,20,92.0,41.0,87.0,86.0
3,length8_neutral,2,27,8,3,22,7.0,55.0,96.0,23.0
3,length8_neutral,2,28,8,3,25,73.0,53.0,94.0,29.0
3,length8_neutral,2,29,8,1,18,94.0,87.0,35.0,57.0
3,length8_neutral,2,30,8,8,17,31.0,62.0,38.0,36.0
3,length8_neutral,2,31,8,4,2,52.0,1.0,65.0,96.0
3,length8_neutral,2,32,8,1,34,20.0,76.0,30.0,72.0
3,length8_neutral,2,33,8,7,40,31.0,67.0,45.0,8.0
3,length8_neutral,2,34,8,6,19,41.0,18.0,13.0,49.0
3,length8_neutral,2,35,8,1,32,93.0,53.0,59.0,67.0
3,length8_neutral,2,36,8,4,10,75.0,62.0,74.0,93.0
3,length8_neutral,2,37,8,1,30,94.0,77.0,85.0,11.0
3,length8_neutral,2,38,8,8,28,12.0,55.0,31.0,30.0
3,length8_neutral,2,39,8,8,23,72.0,62.0,33.0,45.0
3,length8_neutral,2,40,8,1,21,86.0,7.0,77.0,50.0
3,length8_plentiful,3,1,8,4,26,50.0,69.0,73.0,92.0
3,length8_plentiful,3,2,8,6,38,63.0,68.0,66.0,74.0
3,length8_plentiful,3,3,8,2,31,70.0,89.0,85.0,42.0
3,length8_plentiful,3,4,8,1,15,84.0,88.0,68.0,91.0
3,length8_plentiful,3,5,8,3,3,61.0,28.0,82.0,57.0
3,length8_plentiful,3,6,8,6,1,62.0,68.0,58.0,57.0
3,length8_plentiful,3,7,8,1,9,87.0,42.0,75.0,68.0
3,length8_plentiful,3,8,8,1,12,82.0,76.0,87.0,53.0
3,length8_plentiful,3,9,8,6,36,66.0,70.0,54.0,59.0
3,length8_plentiful,3,10,8,4,16,65.0,43.0,30.0,81.0
3,length8_plentiful,3,11,8,2,4,67.0,89.0,96.0,58.0
3,length8_plentiful,3,12,8,3,6,67.0,68.0,98.0,84.0
3,length8_plentiful,3,13,8,1,14,88.0,56.0,79.0,75.0
3,length8_plentiful,3,14,8,3,24,50.0,44.0,69.0,63.0
3,length8_plentiful,3,15,8,8,5,49.0,36.0,78.0,30.0
3,length8_plentiful,3,16,8,7,8,54.0,58.0,45.0,69.0
3,length8_plentiful,3,17,8,2,39,76.0,84.0,85.0,94.0
3,length8_plentiful,3,18,8,3,37,62.0,64.0,87.0,79.0
3,length8_plentiful,3,19,8,3,27,65.0,62.0,89.0,49.0
3,length8_plentiful,3,20,8,6,35,44.0,63.0,70.0,68.0
3,length8_plentiful,3,21,8,1,13,90.0,72.0,87.0,69.0
3,length8_plentiful,3,22,8,2,33,35.0,86.0,87.0,65.0
3,length8_plentiful,3,23,8,1,11,80.0,52.0,35.0,30.0
3,length8_plentiful,3,24,8,2,29,54.0,94.0,33.0,70.0
3,length8_plentiful,3,25,8,7,7,78.0,52.0,74.0,77.0
3,length8_plentiful,3,26,8,2,20,30.0,68.0,93.0,70.0
3,length8_plentiful,3,27,8,5,22,78.0,49.0,63.0,72.0
3,length8_plentiful,3,28,8,3,25,57.0,46.0,90.0,36.0
3,length8_plentiful,3,29,8,8,18,81.0,78.0,44.0,63.0
3,length8_plentiful,3,30,8,3,17,60.0,45.0,88.0,70.0
3,length8_plentiful,3,31,8,6,2,59.0,74.0,62.0,70.0
3,length8_plentiful,3,32,8,6,34,66.0,79.0,46.0,56.0
3,length8_plentiful,3,33,8,3,40,43.0,78.0,87.0,89.0
3,length8_plentiful,3,34,8,3,19,71.0,64.0,85.0,70.0
3,length8_plentiful,3,35,8,2,32,75.0,89.0,67.0,87.0
3,length8_plentiful,3,36,8,1,10,82.0,68.0,76.0,79.0
3,length8_plentiful,3,37,8,1,30,89.0,58.0,75.0,95.0
3,length8_plentiful,3,38,8,1,28,73.0,74.0,78.0,52.0
3,length8_plentiful,3,39,8,5,23,35.0,45.0,74.0,72.0
3,length8_plentiful,3,40,8,4,21,80.0,70.0,69.0,89.0
4,length4_neutral,0,1,4,4,13,49.0,39.0,25.0,81.0
4,length4_neutral,0,2,4,1,14,98.0,93.0,67.0,39.0
4,length4_neutral,0,3,4,3,18,52.0,1.0,85.0,50.0
4,length4_neutral,0,4,4,4,31,63.0,21.0,43.0,28.0
4,length4_neutral,0,5,4,2,37,3.0,93.0,67.0,77.0
4,length4_neutral,0,6,4,4,22,5.0,60.0,53.0,36.0
4,length4_neutral,0,7,4,2,6,12.0,91.0,36.0,95.0
4,length4_neutral,0,8,4,3,19,23.0,40.0,86.0,5.0
4,length4_neutral,0,9,4,4,27,56.0,72.0,22.0,25.0
4,length4_neutral,0,10,4,3,38,81.0,96.0,83.0,71.0
4,length4_neutral,0,11,4,4,30,11.0,98.0,61.0,64.0
4,length4_neutral,0,12,4,2,16,17.0,62.0,80.0,7.0
4,length4_neutral,0,13,4,4,40,42.0,36.0,91.0,16.0
4,length4_neutral,0,14,4,4,9,42.0,80.0,70.0,63.0
4,length4_neutral,0,15,4,4,12,3.0,28.0,25.0,84.0
4,length4_neutral,0,16,4,3,36,35.0,9.0,91.0,24.0
4,length4_neutral,0,17,4,4,25,22.0,26.0,24.0,21.0
4,length4_neutral,0,18,4,1,2,87.0,12.0,50.0,55.0
4,length4_neutral,0,19,4,4,23,36.0,7.0,15.0,44.0
4,length4_neutral,0,20,4,1,21,67.0,63.0,7.0,30.0
4,length4_neutral,0,21,4,3,32,62.0,81.0,72.0,61.0
4,length4_neutral,0,22,4,4,20,64.0,62.0,19.0,48.0
4,length4_neutral,0,23,4,1,24,79.0,69.0,97.0,43.0
4,length4_neutral,0,24,4,4,1,46.0,42.0,6.0,26.0
4,length4_neutral,0,25,4,1,17,62.0,9.0,70.0,94.0
4,length4_neutral,0,26,4,1,7,90.0,54.0,87.0,84.0
4,length4_neutral,0,27,4,1,5,74.0,75.0,43.0,78.0
4,length4_neutral,0,28,4,1,28,85.0,76.0,22.0,16.0
4,length4_neutral,0,29,4,1,15,56.0,34.0,22.0,64.0
4,length4_neutral,0,30,4,1,10,91.0,33.0,54.0,42.0
4,length4_neutral,0,31,4,3,39,50.0,69.0,72.0,20.0
4,length4_neutral,0,32,4,1,4,60.0,57.0,22.0,46.0
4,length4_neutral,0,33,4,3,29,10.0,37.0,84.0,36.0
4,length4_neutral,0,34,4,4,26,22.0,80.0,19.0,2.0
4,length4_neutral,0,35,4,3,3,35.0,86.0,84.0,77.0
4,length4_neutral,0,36,4,1,34,81.0,93.0,69.0,11.0
4,length4_neutral,0,37,4,4,33,67.0,27.0,37.0,45.0
4,length4_neutral,0,38,4,3,35,39.0,59.0,67.0,42.0
4,length4_neutral,0,39,4,3,11,7.0,35.0,27.0,3.0
4,length4_neutral,0,40,4,3,8,42.0,9.0,95.0,26.0
4,length4_plentiful,1,1,4,4,13,76.0,63.0,60.0,79.0
4,length4_plentiful,1,2,4,1,14,88.0,62.0,84.0,73.0
4,length4_plentiful,1,3,4,4,18,69.0,76.0,65.0,90.0
4,length4_plentiful,1,4,4,4,31,39.0,61.0,64.0,54.0
4,length4_plentiful,1,5,4,3,37,72.0,57.0,18.0,71.0
4,length4_plentiful,1,6,4,1,22,63.0,29.0,60.0,75.0
4,length4_plentiful,1,7,4,3,6,60.0,71.0,84.0,81.0
4,length4_plentiful,1,8,4,1,19,95.0,52.0,59.0,36.0
4,length4_plentiful,1,9,4,1,27,17.0,65.0,44.0,96.0
4,length4_plentiful,1,10,4,4,38,72.0,38.0,62.0,86.0
4,length4_plentiful,1,11,4,2,30,70.0,76.0,91.0,82.0
4,length4_plentiful,1,12,4,2,16,68.0,90.0,59.0,60.0
4,length4_plentiful,1,13,4,4,40,68.0,38.0,33.0,47.0
4,length4_plentiful,1,14,4,3,9,83.0,79.0,84.0,66.0
4,length4_plentiful,1,15,4,1,12,60.0,59.0,35.0,67.0
4,length4_plentiful,1,16,4,2,36,54.0,68.0,72.0,89.0
4,length4_plentiful,1,17,4,1,25,93.0,55.0,62.0,57.0
4,length4_plentiful,1,18,4,2,2,85.0,87.0,71.0,48.0
4,length4_plentiful,1,19,4,1,23,90.0,79.0,72.0,89.0
4,length4_plentiful,1,20,4,1,21,73.0,74.0,87.0,55.0
4,length4_plentiful,1,21,4,3,32,59.0,66.0,72.0,76.0
4,length4_plentiful,1,22,4,1,20,97.0,80.0,69.0,43.0
4,length4_plentiful,1,23,4,4,24,68.0,42.0,33.0,92.0
4,length4_plentiful,1,24,4,3,1,54.0,44.0,88.0,87.0
4,length4_plentiful,1,25,4,4,17,39.0,64.0,68.0,57.0
4,length4_plentiful,1,26,4,4,7,74.0,79.0,68.0,66.0
4,length4_plentiful,1,27,4,1,5,83.0,64.0,85.0,97.0
4,length4_plentiful,1,28,4,1,28,76.0,39.0,35.0,72.0
4,length4_plentiful,1,29,4,4,15,62.0,88.0,77.0,71.0
4,length4_plentiful,1,30,4,1,10,57.0,77.0,72.0,85.0
4,length4_plentiful,1,31,4,2,39,65.0,87.0,48.0,77.0
4,length4_plentiful,1,32,4,3,4,51.0,52.0,66.0,84.0
4,length4_plentiful,1,33,4,2,29,89.0,87.0,85.0,49.0
4,length4_plentiful,1,34,4,4,26,79.0,57.0,61.0,74.0
4,length4_plentiful,1,35,4,4,3,73.0,70.0,50.0,88.0
4,length4_plentiful,1,36,4,1,34,76.0,74.0,95.0,89.0
4,length4_plentiful,1,37,4,1,33,91.0,60.0,80.0,79.0
4,length4_plentiful,1,38,4,1,35,82.0,43.0,78.0,58.0
4,length4_plentiful,1,39,4,1,11,75.0,81.0,90.0,92.0
4,length4_plentiful,1,40,4,1,8,71.0,61.0,74.0,84.0
4,length8_neutral,2,1,8,5,13,56.0,15.0,66.0,36.0
4,length8_neutral,2,2,8,8,14,22.0,60.0,87.0,84.0
4,length8_neutral,2,3,8,8,18,63.0,74.0,38.0,46.0
4,length8_neutral,2,4,8,1,31,21.0,42.0,84.0,66.0
4,length8_neutral,2,5,8,2,37,93.0,3.0,8.0,59.0
4,length8_neutral,2,6,8,1,22,39.0,56.0,6.0,13.0
4,length8_neutral,2,7,8,4,6,37.0,60.0,82.0,84.0
4,length8_neutral,2,8,8,8,19,77.0,19.0,97.0,65.0
4,length8_neutral,2,9,8,1,27,14.0,26.0,59.0,37.0
4,length8_neutral,2,10,8,1,38,26.0,21.0,50.0,97.0
4,length8_neutral,2,11,8,8,30,58.0,2.0,87.0,9.0
4,length8_neutral,2,12,8,1,16,31.0,81.0,84.0,16.0
4,length8_neutral,2,13,8,3,40,28.0,24.0,62.0,55.0
4,length8_neutral,2,14,8,1,9,81.0,36.0,74.0,79.0
4,length8_neutral,2,15,8,1,12,85.0,12.0,40.0,50.0
4,length8_neutral,2,16,8,2,36,88.0,45.0,7.0,44.0
4,length8_neutral,2,17,8,7,25,42.0,98.0,63.0,28.0
4,length8_neutral,2,18,8,3,2,41.0,44.0,81.0,91.0
4,length8_neutral,2,19,8,1,23,49.0,63.0,15.0,81.0
4,length8_neutral,2,20,8,8,21,77.0,51.0,10.0,37.0
4,length8_neutral,2,21,8,8,32,87.0,95.0,62.0,79.0
4,length8_neutral,2,22,8,1,20,67.0,8.0,34.0,66.0
4,length8_neutral,2,23,8,8,24,8.0,30.0,59.0,32.0
4,length8_neutral,2,24,8,8,1,8.0,50.0,88.0,47.0
4,length8_neutral,2,25,8,4,17,10.0,8.0,27.0,33.0
4,length8_neutral,2,26,8,2,7,61.0,98.0,9.0,73.0
4,length8_neutral,2,27,8,1,5,62.0,72.0,16.0,4.0
4,length8_neutral,2,28,8,8,28,63.0,79.0,32.0,8.0
4,length8_neutral,2,29,8,1,15,92.0,8.0,20.0,75.0
4,length8_neutral,2,30,8,1,10,94.0,62.0,84.0,37.0
4,length8_neutral,2,31,8,1,39,94.0,87.0,24.0,12.0
4,length8_neutral,2,32,8,8,4,45.0,80.0,19.0,64.0
4,length8_neutral,2,33,8,3,29,77.0,66.0,91.0,36.0
4,length8_neutral,2,34,8,5,26,28.0,62.0,65.0,57.0
4,length8_neutral,2,35,8,8,3,7.0,39.0,73.0,35.0
4,length8_neutral,2,36,8,3,34,5.0,75.0,64.0,20.0
4,length8_neutral,2,37,8,5,33,2.0,49.0,12.0,5.0
4,length8_neutral,2,38,8,1,35,95.0,10.0,64.0,84.0
4,length8_neutral,2,39,8,1,11,93.0,5.0,57.0,61.0
4,length8_neutral,2,40,8,1,8,83.0,52.0,96.0,53.0
4,length8_plentiful,3,1,8,1,13,50.0,44.0,45.0,43.0
4,length8_plentiful,3,2,8,3,14,51.0,62.0,93.0,33.0
4,length8_plentiful,3,3,8,3,18,27.0,36.0,79.0,81.0
4,length8_plentiful,3,4,8,1,31,79.0,40.0,37.0,95.0
4,length8_plentiful,3,5,8,1,37,80.0,66.0,70.0,84.0
4,length8_plentiful,3,6,8,6,22,57.0,72.0,63.0,58.0
4,length8_plentiful,3,7,8,1,6,80.0,73.0,61.0,77.0
4,length8_plentiful,3,8,8,1,19,88.0,75.0,80.0,82.0
4,length8_plentiful,3,9,8,2,27,31.0,89.0,67.0,86.0
4,length8_plentiful,3,10,8,1,38,84.0,32.0,59.0,89.0
4,length8_plentiful,3,11,8,1,30,78.0,97.0,53.0,55.0
4,length8_plentiful,3,12,8,4,16,30.0,52.0,54.0,60.0
4,length8_plentiful,3,13,8,2,40,69.0,85.0,44.0,93.0
4,length8_plentiful,3,14,8,8,9,49.0,57.0,62.0,73.0
4,length8_plentiful,3,15,8,1,12,82.0,86.0,52.0,87.0
4,length8_plentiful,3,16,8,5,36,94.0,51.0,79.0,78.0
4,length8_plentiful,3,17,8,1,25,93.0,94.0,26.0,54.0
4,length8_plentiful,3,18,8,1,2,91.0,35.0,56.0,87.0
4,length8_plentiful,3,19,8,6,23,71.0,80.0,36.0,31.0
4,length8_plentiful,3,20,8,1,21,70.0,63.0,53.0,91.0
4,length8_plentiful,3,21,8,7,32,82.0,80.0,18.0,56.0
4,length8_plentiful,3,22,8,6,20,75.0,35.0,79.0,89.0
4,length8_plentiful,3,23,8,4,24,68.0,38.0,35.0,69.0
4,length8_plentiful,3,24,8,3,1,43.0,66.0,74.0,80.0
4,length8_plentiful,3,25,8,3,17,57.0,71.0,97.0,81.0
4,length8_plentiful,3,26,8,1,7,79.0,61.0,62.0,90.0
4,length8_plentiful,3,27,8,1,5,49.0,73.0,57.0,58.0
4,length8_plentiful,3,28,8,1,28,49.0,38.0,81.0,69.0
4,length8_plentiful,3,29,8,1,15,54.0,78.0,52.0,65.0
4,length8_plentiful,3,30,8,8,10,41.0,69.0,63.0,55.0
4,length8_plentiful,3,31,8,2,39,59.0,85.0,46.0,78.0
4,length8_plentiful,3,32,8,2,4,93.0,85.0,92.0,62.0
4,length8_plentiful,3,33,8,2,29,65.0,69.0,88.0,42.0
4,length8_plentiful,3,34,8,3,26,68.0,48.0,71.0,45.0
4,length8_plentiful,3,35,8,1,3,64.0,57.0,75.0,76.0
4,length8_plentiful,3,36,8,2,34,72.0,52.0,49.0,61.0
4,length8_plentiful,3,37,8,8,33,86.0,64.0,24.0,52.0
4,length8_plentiful,3,38,8,4,35,41.0,59.0,25.0,75.0
4,length8_plentiful,3,39,8,1,11,52.0,76.0,67.0,55.0
4,length8_plentiful,3,40,8,2,8,63.0,86.0,82.0,55.0
5,length4_neutral,0,1,4,4,20,49.0,39.0,25.0,81.0
5,length4_neutral,0,2,4,1,35,98.0,93.0,67.0,39.0
5,length4_neutral,0,3,4,3,10,52.0,1.0,85.0,50.0
5,length4_neutral,0,4,4,4,4,63.0,21.0,43.0,28.0
5,length4_neutral,0,5,4,2,22,3.0,93.0,67.0,77.0
5,length4_neutral,0,6,4,4,1,5.0,60.0,53.0,36.0
5,length4_neutral,0,7,4,2,25,12.0,91.0,36.0,95.0
5,length4_neutral,0,8,4,3,38,23.0,40.0,86.0,5.0
5,length4_neutral,0,9,4,4,16,56.0,72.0,22.0,25.0
5,length4_neutral,0,10,4,2,8,81.0,96.0,83.0,71.0
5,length4_neutral,0,11,4,2,21,11.0,98.0,61.0,64.0
5,length4_neutral,0,12,4,3,36,17.0,62.0,80.0,7.0
5,length4_neutral,0,13,4,3,2,42.0,36.0,91.0,16.0
5,length4_neutral,0,14,4,4,13,42.0,80.0,70.0,63.0
5,length4_neutral,0,15,4,4,18,3.0,28.0,25.0,84.0
5,length4_neutral,0,16,4,3,34,35.0,9.0,91.0,24.0
5,length4_neutral,0,17,4,4,9,22.0,26.0,24.0,21.0
5,length4_neutral,0,18,4,1,32,87.0,12.0,50.0,55.0
5,length4_neutral,0,19,4,4,6,36.0,7.0,15.0,44.0
5,length4_neutral,0,20,4,4,11,67.0,63.0,7.0,30.0
5,length4_neutral,0,21,4,2,3,62.0,81.0,72.0,61.0
5,length4_neutral,0,22,4,4,31,64.0,62.0,19.0,48.0
5,length4_neutral,0,23,4,3,15,79.0,69.0,97.0,43.0
5,length4_neutral,0,24,4,4,12,46.0,42.0,6.0,26.0
5,length4_neutral,0,25,4,4,27,62.0,9.0,70.0,94.0
5,length4_neutral,0,26,4,1,30,90.0,54.0,87.0,84.0
5,length4_neutral,0,27,4,2,40,74.0,75.0,43.0,78.0
5,length4_neutral,0,28,4,1,14,85.0,76.0,22.0,16.0
5,length4_neutral,0,29,4,4,23,56.0,34.0,22.0,64.0
5,length4_neutral,0,30,4,4,24,91.0,33.0,54.0,42.0
5,length4_neutral,0,31,4,3,26,50.0,69.0,72.0,20.0
5,length4_neutral,0,32,4,4,39,60.0,57.0,22.0,46.0
5,length4_neutral,0,33,4,3,28,10.0,37.0,84.0,36.0
5,length4_neutral,0,34,4,4,7,22.0,80.0,19.0,2.0
5,length4_neutral,0,35,4,2,37,35.0,86.0,84.0,77.0
5,length4_neutral,0,36,4,2,17,81.0,93.0,69.0,11.0
5,length4_neutral,0,37,4,4,5,67.0,27.0,37.0,45.0
5,length4_neutral,0,38,4,4,19,39.0,59.0,67.0,42.0
5,length4_neutral,0,39,4,4,29,7.0,35.0,27.0,3.0
5,length4_neutral,0,40,4,3,33,42.0,9.0,95.0,26.0
5,length4_plentiful,1,1,4,4,20,76.0,63.0,60.0,79.0
5,length4_plentiful,1,2,4,4,35,88.0,62.0,84.0,73.0
5,length4_plentiful,1,3,4,4,10,69.0,76.0,65.0,90.0
5,length4_plentiful,1,4,4,4,4,39.0,61.0,64.0,54.0
5,length4_plentiful,1,5,4,4,22,72.0,57.0,18.0,71.0
5,length4_plentiful,1,6,4,4,1,63.0,29.0,60.0,75.0
5,length4_plentiful,1,7,4,4,25,60.0,71.0,84.0,81.0
5,length4_plentiful,1,8,4,1,38,95.0,52.0,59.0,36.0
5,length4_plentiful,1,9,4,4,16,17.0,65.0,44.0,96.0
5,length4_plentiful,1,10,4,4,8,72.0,38.0,62.0,86.0
5,length4_plentiful,1,11,4,3,21,70.0,76.0,91.0,82.0
5,length4_plentiful,1,12,4,4,36,68.0,90.0,59.0,60.0
5,length4_plentiful,1,13,4,4,2,68.0,38.0,33.0,47.0
5,length4_plentiful,1,14,4,4,13,83.0,79.0,84.0,66.0
5,length4_plentiful,1,15,4,4,18,60.0,59.0,35.0,67.0
5,length4_plentiful,1,16,4,4,34,54.0,68.0,72.0,89.0
5,length4_plentiful,1,17,4,4,9,93.0,55.0,62.0,57.0
5,length4_plentiful,1,18,4,1,32,85.0,87.0,71.0,48.0
5,length4_plentiful,1,19,4,4,6,90.0,79.0,72.0,89.0
5,length4_plentiful,1,20,4,3,11,73.0,74.0,87.0,55.0
5,length4_plentiful,1,21,4,4,3,59.0,66.0,72.0,76.0
5,length4_plentiful,1,22,4,1,31,97.0,80.0,69.0,43.0
5,length4_plentiful,1,23,4,4,15,68.0,42.0,33.0,92.0
5,length4_plentiful,1,24,4,4,12,54.0,44.0,88.0,87.0
5,length4_plentiful,1,25,4,4,27,39.0,64.0,68.0,57.0
5,length4_plentiful,1,26,4,4,30,74.0,79.0,68.0,66.0
5,length4_plentiful,1,27,4,4,40,83.0,64.0,85.0,97.0
5,length4_plentiful,1,28,4,4,14,76.0,39.0,35.0,72.0
5,length4_plentiful,1,29,4,4,23,62.0,88.0,77.0,71.0
5,length4_plentiful,1,30,4,4,24,57.0,77.0,72.0,85.0
5,length4_plentiful,1,31,4,4,26,65.0,87.0,48.0,77.0
5,length4_plentiful,1,32,4,4,39,51.0,52.0,66.0,84.0
5,length4_plentiful,1,33,4,4,28,89.0,87.0,85.0,49.0
5,length4_plentiful,1,34,4,4,7,79.0,57.0,61.0,74.0
5,length4_plentiful,1,35,4,4,37,73.0,70.0,50.0,88.0
5,length4_plentiful,1,36,4,3,17,76.0,74.0,95.0,89.0
5,length4_plentiful,1,37,4,4,5,91.0,60.0,80.0,79.0
5,length4_plentiful,1,38,4,1,19,82.0,43.0,78.0,58.0
5,length4_plentiful,1,39,4,3,29,75.0,81.0,90.0,92.0
5,length4_plentiful,1,40,4,4,33,71.0,61.0,74.0,84.0
5,length8_neutral,2,1,8,5,20,56.0,15.0,66.0,36.0
5,length8_neutral,2,2,8,3,35,22.0,60.0,87.0,84.0
5,length8_neutral,2,3,8,8,10,63.0,74.0,38.0,46.0
5,length8_neutral,2,4,8,3,4,21.0,42.0,84.0,66.0
5,length8_neutral,2,5,8,1,22,93.0,3.0,8.0,59.0
5,length8_neutral,2,6,8,8,1,39.0,56.0,6.0,13.0
5,length8_neutral,2,7,8,4,25,37.0,60.0,82.0,84.0
5,length8_neutral,2,8,8,3,38,77.0,19.0,97.0,65.0
5,length8_neutral,2,9,8,8,16,14.0,26.0,59.0,37.0
5,length8_neutral,2,10,8,4,8,26.0,21.0,50.0,97.0
5,length8_neutral,2,11,8,5,21,58.0,2.0,87.0,9.0
5,length8_neutral,2,12,8,3,36,31.0,81.0,84.0,16.0
5,length8_neutral,2,13,8,3,2,28.0,24.0,62.0,55.0
5,length8_neutral,2,14,8,8,13,81.0,36.0,74.0,79.0
5,length8_neutral,2,15,8,1,18,85.0,12.0,40.0,50.0
5,length8_neutral,2,16,8,1,34,88.0,45.0,7.0,44.0
5,length8_neutral,2,17,8,8,9,42.0,98.0,63.0,28.0
5,length8_neutral,2,18,8,3,32,41.0,44.0,81.0,91.0
5,length8_neutral,2,19,8,7,6,49.0,63.0,15.0,81.0
5,length8_neutral,2,20,8,8,11,77.0,51.0,10.0,37.0
5,length8_neutral,2,21,8,1,3,87.0,95.0,62.0,79.0
5,length8_neutral,2,22,8,4,31,67.0,8.0,34.0,66.0
5,length8_neutral,2,23,8,8,15,8.0,30.0,59.0,32.0
5,length8_neutral,2,24,8,3,12,8.0,50.0,88.0,47.0
5,length8_neutral,2,25,8,7,27,10.0,8.0,27.0,33.0
5,length8_neutral,2,26,8,2,30,61.0,98.0,9.0,73.0
5,length8_neutral,2,27,8,6,40,62.0,72.0,16.0,4.0
5,length8_neutral,2,28,8,8,14,63.0,79.0,32.0,8.0
5,length8_neutral,2,29,8,7,23,92.0,8.0,20.0,75.0
5,length8_neutral,2,30,8,1,24,94.0,62.0,84.0,37.0
5,length8_neutral,2,31,8,1,26,94.0,87.0,24.0,12.0
5,length8_neutral,2,32,8,8,39,45.0,80.0,19.0,64.0
5,length8_neutral,2,33,8,8,28,77.0,66.0,91.0,36.0
5,length8_neutral,2,34,8,5,7,28.0,62.0,65.0,57.0
5,length8_neutral,2,35,8,8,37,7.0,39.0,73.0,35.0
5,length8_neutral,2,36,8,5,17,5.0,75.0,64.0,20.0
5,length8_neutral,2,37,8,6,5,2.0,49.0,12.0,5.0
5,length8_neutral,2,38,8,1,19,95.0,10.0,64.0,84.0
5,length8_neutral,2,39,8,1,29,93.0,5.0,57.0,61.0
5,length8_neutral,2,40,8,3,33,83.0,52.0,96.0,53.0
5,length8_plentiful,3,1,8,5,20,50.0,44.0,45.0,43.0
5,length8_plentiful,3,2,8,3,35,51.0,62.0,93.0,33.0
5,length8_plentiful,3,3,8,4,10,27.0,36.0,79.0,81.0
5,length8_plentiful,3,4,8,4,4,79.0,40.0,37.0,95.0
5,length8_plentiful,3,5,8,6,22,80.0,66.0,70.0,84.0
5,length8_plentiful,3,6,8,6,1,57.0,72.0,63.0,58.0
5,length8_plentiful,3,7,8,5,25,80.0,73.0,61.0,77.0
5,length8_plentiful,3,8,8,6,38,88.0,75.0,80.0,82.0
5,length8_plentiful,3,9,8,4,16,31.0,89.0,67.0,86.0
5,length8_plentiful,3,10,8,1,8,84.0,32.0,59.0,89.0
5,length8_plentiful,3,11,8,2,21,78.0,97.0,53.0,55.0
5,length8_plentiful,3,12,8,5,36,30.0,52.0,54.0,60.0
5,length8_plentiful,3,13,8,4,2,69.0,85.0,44.0,93.0
5,length8_plentiful,3,14,8,8,13,49.0,57.0,62.0,73.0
5,length8_plentiful,3,15,8,8,18,82.0,86.0,52.0,87.0
5,length8_plentiful,3,16,8,1,34,94.0,51.0,79.0,78.0
5,length8_plentiful,3,17,8,1,9,93.0,94.0,26.0,54.0
5,length8_plentiful,3,18,8,8,32,91.0,35.0,56.0,87.0
5,length8_plentiful,3,19,8,6,6,71.0,80.0,36.0,31.0
5,length8_plentiful,3,20,8,4,11,70.0,63.0,53.0,91.0
5,length8_plentiful,3,21,8,8,3,82.0,80.0,18.0,56.0
5,length8_plentiful,3,22,8,8,31,75.0,35.0,79.0,89.0
5,length8_plentiful,3,23,8,4,15,68.0,38.0,35.0,69.0
5,length8_plentiful,3,24,8,3,12,43.0,66.0,74.0,80.0
5,length8_plentiful,3,25,8,3,27,57.0,71.0,97.0,81.0
5,length8_plentiful,3,26,8,1,30,79.0,61.0,62.0,90.0
5,length8_plentiful,3,27,8,8,40,49.0,73.0,57.0,58.0
5,length8_plentiful,3,28,8,3,14,49.0,38.0,81.0,69.0
5,length8_plentiful,3,29,8,8,23,54.0,78.0,52.0,65.0
5,length8_plentiful,3,30,8,5,24,41.0,69.0,63.0,55.0
5,length8_plentiful,3,31,8,8,26,59.0,85.0,46.0,78.0
5,length8_plentiful,3,32,8,1,39,93.0,85.0,92.0,62.0
5,length8_plentiful,3,33,8,8,28,65.0,69.0,88.0,42.0
5,length8_plentiful,3,34,8,3,7,68.0,48.0,71.0,45.0
5,length8_plentiful,3,35,8,8,37,64.0,57.0,75.0,76.0
5,length8_plentiful,3,36,8,8,17,72.0,52.0,49.0,61.0
5,length8_plentiful,3,37,8,8,5,86.0,64.0,24.0,52.0
5,length8_plentiful,3,38,8,5,19,41.0,59.0,25.0,75.0
5,length8_plentiful,3,39,8,5,29,52.0,76.0,67.0,55.0
5,length8_plentiful,3,40,8,8,33,63.0,86.0,82.0,55.0
6,length4_neutral,0,1,4,4,11,95.0,66.0,15.0,13.0
6,length4_neutral,0,2,4,3,19,38.0,9.0,73.0,48.0
6,length4_neutral,0,3,4,4,28,51.0,77.0,12.0,2.0
6,length4_neutral,0,4,4,2,20,7.0,82.0,11.0,32.0
6,length4_neutral,0,5,4,2,26,16.0,84.0,17.0,89.0
6,length4_neutral,0,6,4,3,15,42.0,7.0,96.0,56.0
6,length4_neutral,0,7,4,4,37,75.0,29.0,37.0,26.0
6,length4_neutral,0,8,4,4,13,90.0,79.0,69.0,31.0
6,length4_neutral,0,9,4,4,7,4.0,10.0,13.0,8.0
6,length4_neutral,0,10,4,1,6,94.0,60.0,86.0,11.0
6,length4_neutral,0,11,4,3,12,95.0,10.0,97.0,77.0
6,length4_neutral,0,12,4,4,4,53.0,42.0,11.0,60.0
6,length4_neutral,0,13,4,2,33,72.0,83.0,90.0,94.0
6,length4_neutral,0,14,4,3,30,39.0,45.0,59.0,20.0
6,length4_neutral,0,15,4,1,22,84.0,98.0,24.0,26.0
6,length4_neutral,0,16,4,1,29,95.0,37.0,42.0,11.0
6,length4_neutral,0,17,4,2,8,9.0,89.0,1.0,12.0
6,length4_neutral,0,18,4,4,21,18.0,67.0,34.0,41.0
6,length4_neutral,0,19,4,3,36,7.0,19.0,67.0,1.0
6,length4_neutral,0,20,4,2,3,44.0,81.0,34.0,28.0
6,length4_neutral,0,21,4,3,25,19.0,61.0,91.0,40.0
6,length4_neutral,0,22,4,3,2,37.0,46.0,87.0,15.0
6,length4_neutral,0,23,4,4,32,9.0,62.0,2.0,36.0
6,length4_neutral,0,24,4,2,40,72.0,93.0,84.0,17.0
6,length4_neutral,0,25,4,2,18,49.0,75.0,71.0,13.0
6,length4_neutral,0,26,4,4,1,93.0,79.0,18.0,97.0
6,length4_neutral,0,27,4,4,27,88.0,70.0,72.0,52.0
6,length4_neutral,0,28,4,3,39,21.0,22.0,59.0,61.0
6,length4_neutral,0,29,4,4,23,83.0,7.0,13.0,96.0
6,length4_neutral,0,30,4,2,16,47.0,92.0,62.0,32.0
6,length4_neutral,0,31,4,3,17,5.0,4.0,68.0,52.0
6,length4_neutral,0,32,4,3,38,5.0,36.0,90.0,50.0
6,length4_neutral,0,33,4,2,14,86.0,92.0,15.0,12.0
6,length4_neutral,0,34,4,1,5,79.0,29.0,65.0,58.0
6,length4_neutral,0,35,4,4,35,7.0,21.0,54.0,40.0
6,length4_neutral,0,36,4,4,34,23.0,81.0,71.0,46.0
6,length4_neutral,0,37,4,2,10,25.0,88.0,13.0,79.0
6,length4_neutral,0,38,4,2,9,18.0,59.0,31.0,52.0
6,length4_neutral,0,39,4,4,31,9.0,42.0,53.0,25.0
6,length4_neutral,0,40,4,4,24,79.0,29.0,38.0,12.0
6,length4_plentiful,1,1,4,4,11,80.0,57.0,26.0,63.0
6,length4_plentiful,1,2,4,2,19,59.0,69.0,71.0,55.0
6,length4_plentiful,1,3,4,4,28,70.0,69.0,61.0,43.0
6,length4_plentiful,1,4,4,2,20,64.0,94.0,71.0,90.0
6,length4_plentiful,1,5,4,3,26,60.0,46.0,81.0,66.0
6,length4_plentiful,1,6,4,2,15,58.0,64.0,87.0,53.0
6,length4_plentiful,1,7,4,2,37,61.0,77.0,46.0,64.0
6,length4_plentiful,1,8,4,2,13,26.0,89.0,69.0,48.0
6,length4_plentiful,1,9,4,2,7,52.0,86.0,76.0,93.0
6,length4_plentiful,1,10,4,1,6,88.0,64.0,83.0,41.0
6,length4_plentiful,1,11,4,1,12,80.0,57.0,55.0,89.0
6,length4_plentiful,1,12,4,1,4,79.0,82.0,97.0,62.0
6,length4_plentiful,1,13,4,1,33,97.0,63.0,69.0,68.0
6,length4_plentiful,1,14,4,4,30,59.0,55.0,47.0,77.0
6,length4_plentiful,1,15,4,3,22,52.0,53.0,90.0,62.0
6,length4_plentiful,1,16,4,2,29,46.0,85.0,55.0,87.0
6,length4_plentiful,1,17,4,2,8,65.0,86.0,48.0,59.0
6,length4_plentiful,1,18,4,4,21,56.0,51.0,50.0,89.0
6,length4_plentiful,1,19,4,1,36,85.0,39.0,50.0,53.0
6,length4_plentiful,1,20,4,2,3,52.0,64.0,56.0,81.0
6,length4_plentiful,1,21,4,2,25,68.0,88.0,84.0,49.0
6,length4_plentiful,1,22,4,1,2,85.0,65.0,80.0,78.0
6,length4_plentiful,1,23,4,1,32,89.0,52.0,80.0,55.0
6,length4_plentiful,1,24,4,1,40,81.0,73.0,66.0,80.0
6,length4_plentiful,1,25,4,2,18,44.0,84.0,89.0,69.0
6,length4_plentiful,1,26,4,1,1,76.0,51.0,82.0,64.0
6,length4_plentiful,1,27,4,3,27,36.0,43.0,79.0,76.0
6,length4_plentiful,1,28,4,2,39,32.0,66.0,63.0,95.0
6,length4_plentiful,1,29,4,1,23,96.0,82.0,85.0,93.0
6,length4_plentiful,1,30,4,3,16,64.0,39.0,84.0,82.0
6,length4_plentiful,1,31,4,1,17,90.0,81.0,61.0,39.0
6,length4_plentiful,1,32,4,4,38,77.0,23.0,47.0,26.0
6,length4_plentiful,1,33,4,4,14,83.0,73.0,71.0,62.0
6,length4_plentiful,1,34,4,4,5,61.0,30.0,49.0,91.0
6,length4_plentiful,1,35,4,3,35,77.0,63.0,75.0,79.0
6,length4_plentiful,1,36,4,2,34,73.0,78.0,56.0,22.0
6,length4_plentiful,1,37,4,2,10,75.0,79.0,56.0,86.0
6,length4_plentiful,1,38,4,1,9,94.0,81.0,68.0,47.0
6,length4_plentiful,1,39,4,2,31,54.0,72.0,18.0,57.0
6,length4_plentiful,1,40,4,4,24,67.0,53.0,59.0,49.0
6,length8_neutral,2,1,8,7,11,35.0,77.0,15.0,1.0
6,length8_neutral,2,2,8,4,19,4.0,89.0,77.0,93.0
6,length8_neutral,2,3,8,8,28,71.0,77.0,83.0,22.0
6,length8_neutral,2,4,8,8,20,68.0,82.0,63.0,93.0
6,length8_neutral,2,5,8,8,26,26.0,4.0,39.0,14.0
6,length8_neutral,2,6,8,4,15,43.0,63.0,21.0,86.0
6,length8_neutral,2,7,8,1,37,88.0,26.0,31.0,78.0
6,length8_neutral,2,8,8,2,13,83.0,92.0,49.0,43.0
6,length8_neutral,2,9,8,7,7,76.0,31.0,21.0,16.0
6,length8_neutral,2,10,8,8,6,22.0,79.0,32.0,2.0
6,length8_neutral,2,11,8,2,12,1.0,85.0,89.0,24.0
6,length8_neutral,2,12,8,8,4,46.0,19.0,45.0,4.0
6,length8_neutral,2,13,8,7,33,64.0,42.0,83.0,7.0
6,length8_neutral,2,14,8,8,30,77.0,82.0,29.0,34.0
6,length8_neutral,2,15,8,4,22,73.0,14.0,13.0,90.0
6,length8_neutral,2,16,8,8,29,61.0,12.0,10.0,48.0
6,length8_neutral,2,17,8,8,8,46.0,43.0,51.0,6.0
6,length8_neutral,2,18,8,1,21,97.0,35.0,57.0,80.0
6,length8_neutral,2,19,8,8,36,30.0,62.0,45.0,46.0
6,length8_neutral,2,20,8,8,3,76.0,60.0,51.0,73.0
6,length8_neutral,2,21,8,8,25,13.0,12.0,15.0,83.0
6,length8_neutral,2,22,8,8,2,51.0,89.0,25.0,88.0
6,length8_neutral,2,23,8,3,32,80.0,40.0,83.0,57.0
6,length8_neutral,2,24,8,7,40,25.0,17.0,12.0,23.0
6,length8_neutral,2,25,8,5,18,16.0,48.0,56.0,79.0
6,length8_neutral,2,26,8,1,1,92.0,41.0,87.0,86.0
6,length8_neutral,2,27,8,8,27,7.0,55.0,96.0,23.0
6,length8_neutral,2,28,8,3,39,73.0,53.0,94.0,29.0
6,length8_neutral,2,29,8,1,23,94.0,87.0,35.0,57.0
6,length8_neutral,2,30,8,8,16,31.0,62.0,38.0,36.0
6,length8_neutral,2,31,8,8,17,52.0,1.0,65.0,96.0
6,length8_neutral,2,32,8,6,38,20.0,76.0,30.0,72.0
6,length8_neutral,2,33,8,7,14,31.0,67.0,45.0,8.0
6,length8_neutral,2,34,8,7,5,41.0,18.0,13.0,49.0
6,length8_neutral,2,35,8,1,35,93.0,53.0,59.0,67.0
6,length8_neutral,2,36,8,4,34,75.0,62.0,74.0,93.0
6,length8_neutral,2,37,8,1,10,94.0,77.0,85.0,11.0
6,length8_neutral,2,38,8,8,9,12.0,55.0,31.0,30.0
6,length8_neutral,2,39,8,8,31,72.0,62.0,33.0,45.0
6,length8_neutral,2,40,8,1,24,86.0,7.0,77.0,50.0
6,length8_plentiful,3,1,8,3,11,50.0,69.0,73.0,92.0
6,length8_plentiful,3,2,8,6,19,63.0,68.0,66.0,74.0
6,length8_plentiful,3,3,8,2,28,70.0,89.0,85.0,42.0
6,length8_plentiful,3,4,8,1,20,84.0,88.0,68.0,91.0
6,length8_plentiful,3,5,8,8,26,61.0,28.0,82.0,57.0
6,length8_plentiful,3,6,8,8,15,62.0,68.0,58.0,57.0
6,length8_plentiful,3,7,8,1,37,87.0,42.0,75.0,68.0
6,length8_plentiful,3,8,8,1,13,82.0,76.0,87.0,53.0
6,length8_plentiful,3,9,8,6,7,66.0,70.0,54.0,59.0
6,length8_plentiful,3,10,8,4,6,65.0,43.0,30.0,81.0
6,length8_plentiful,3,11,8,2,12,67.0,89.0,96.0,58.0
6,length8_plentiful,3,12,8,2,4,67.0,68.0,98.0,84.0
6,length8_plentiful,3,13,8,1,33,88.0,56.0,79.0,75.0
6,length8_plentiful,3,14,8,7,30,50.0,44.0,69.0,63.0
6,length8_plentiful,3,15,8,3,22,49.0,36.0,78.0,30.0
6,length8_plentiful,3,16,8,4,29,54.0,58.0,45.0,69.0
6,length8_plentiful,3,17,8,1,8,76.0,84.0,85.0,94.0
6,length8_plentiful,3,18,8,8,21,62.0,64.0,87.0,79.0
6,length8_plentiful,3,19,8,1,36,65.0,62.0,89.0,49.0
6,length8_plentiful,3,20,8,2,3,44.0,63.0,70.0,68.0
6,length8_plentiful,3,21,8,1,25,90.0,72.0,87.0,69.0
6,length8_plentiful,3,22,8,8,2,35.0,86.0,87.0,65.0
6,length8_plentiful,3,23,8,7,32,80.0,52.0,35.0,30.0
6,length8_plentiful,3,24,8,2,40,54.0,94.0,33.0,70.0
6,length8_plentiful,3,25,8,7,18,78.0,52.0,74.0,77.0
6,length8_plentiful,3,26,8,2,1,30.0,68.0,93.0,70.0
6,length8_plentiful,3,27,8,1,27,78.0,49.0,63.0,72.0
6,length8_plentiful,3,28,8,1,39,57.0,46.0,90.0,36.0
6,length8_plentiful,3,29,8,1,23,81.0,78.0,44.0,63.0
6,length8_plentiful,3,30,8,3,16,60.0,45.0,88.0,70.0
6,length8_plentiful,3,31,8,6,17,59.0,74.0,62.0,70.0
6,length8_plentiful,3,32,8,6,38,66.0,79.0,46.0,56.0
6,length8_plentiful,3,33,8,2,14,43.0,78.0,87.0,89.0
6,length8_plentiful,3,34,8,3,5,71.0,64.0,85.0,70.0
6,length8_plentiful,3,35,8,2,35,75.0,89.0,67.0,87.0
6,length8_plentiful,3,36,8,6,34,82.0,68.0,76.0,79.0
6,length8_plentiful,3,37,8,1,10,89.0,58.0,75.0,95.0
6,length8_plentiful,3,38,8,8,9,73.0,74.0,78.0,52.0
6,length8_plentiful,3,39,8,5,31,35.0,45.0,74.0,72.0
6,length8_plentiful,3,40,8,1,24,80.0,70.0,69.0,89.0
7,length4_neutral,0,1,4,4,34,49.0,39.0,25.0,81.0
7,length4_neutral,0,2,4,1,29,98.0,93.0,67.0,39.0
7,length4_neutral,0,3,4,3,25,52.0,1.0,85.0,50.0
7,length4_neutral,0,4,4,4,9,63.0,21.0,43.0,28.0
7,length4_neutral,0,5,4,2,2,3.0,93.0,67.0,77.0
7,length4_neutral,0,6,4,4,20,5.0,60.0,53.0,36.0
7,length4_neutral,0,7,4,2,26,12.0,91.0,36.0,95.0
7,length4_neutral,0,8,4,3,33,23.0,40.0,86.0,5.0
7,length4_neutral,0,9,4,2,7,56.0,72.0,22.0,25.0
7,length4_neutral,0,10,4,1,22,81.0,96.0,83.0,71.0
7,length4_neutral,0,11,4,2,16,11.0,98.0,61.0,64.0
7,length4_neutral,0,12,4,2,30,17.0,62.0,80.0,7.0
7,length4_neutral,0,13,4,3,13,42.0,36.0,91.0,16.0
7,length4_neutral,0,14,4,2,23,42.0,80.0,70.0,63.0
7,length4_neutral,0,15,4,4,1,3.0,28.0,25.0,84.0
7,length4_neutral,0,16,4,3,35,35.0,9.0,91.0,24.0
7,length4_neutral,0,17,4,4,15,22.0,26.0,24.0,21.0
7,length4_neutral,0,18,4,1,28,87.0,12.0,50.0,55.0
7,length4_neutral,0,19,4,4,3,36.0,7.0,15.0,44.0
7,length4_neutral,0,20,4,4,24,67.0,63.0,7.0,30.0
7,length4_neutral,0,21,4,2,21,62.0,81.0,72.0,61.0
7,length4_neutral,0,22,4,4,36,64.0,62.0,19.0,48.0
7,length4_neutral,0,23,4,1,5,79.0,69.0,97.0,43.0
7,length4_neutral,0,24,4,4,12,46.0,42.0,6.0,26.0
7,length4_neutral,0,25,4,3,10,62.0,9.0,70.0,94.0
7,length4_neutral,0,26,4,1,6,90.0,54.0,87.0,84.0
7,length4_neutral,0,27,4,2,17,74.0,75.0,43.0,78.0
7,length4_neutral,0,28,4,2,18,85.0,76.0,22.0,16.0
7,length4_neutral,0,29,4,4,32,56.0,34.0,22.0,64.0
7,length4_neutral,0,30,4,4,31,91.0,33.0,54.0,42.0
7,length4_neutral,0,31,4,2,14,50.0,69.0,72.0,20.0
7,length4_neutral,0,32,4,4,27,60.0,57.0,22.0,46.0
7,length4_neutral,0,33,4,3,39,10.0,37.0,84.0,36.0
7,length4_neutral,0,34,4,2,8,22.0,80.0,19.0,2.0
7,length4_neutral,0,35,4,2,38,35.0,86.0,84.0,77.0
7,length4_neutral,0,36,4,2,11,81.0,93.0,69.0,11.0
7,length4_neutral,0,37,4,1,40,67.0,27.0,37.0,45.0
7,length4_neutral,0,38,4,2,19,39.0,59.0,67.0,42.0
7,length4_neutral,0,39,4,4,4,7.0,35.0,27.0,3.0
7,length4_neutral,0,40,4,3,37,42.0,9.0,95.0,26.0
7,length4_plentiful,1,1,4,4,34,76.0,63.0,60.0,79.0
7,length4_plentiful,1,2,4,1,29,88.0,62.0,84.0,73.0
7,length4_plentiful,1,3,4,2,25,69.0,76.0,65.0,90.0
7,length4_plentiful,1,4,4,4,9,39.0,61.0,64.0,54.0
7,length4_plentiful,1,5,4,4,2,72.0,57.0,18.0,71.0
7,length4_plentiful,1,6,4,4,20,63.0,29.0,60.0,75.0
7,length4_plentiful,1,7,4,3,26,60.0,71.0,84.0,81.0
7,length4_plentiful,1,8,4,1,33,95.0,52.0,59.0,36.0
7,length4_plentiful,1,9,4,2,7,17.0,65.0,44.0,96.0
7,length4_plentiful,1,10,4,3,22,72.0,38.0,62.0,86.0
7,length4_plentiful,1,11,4,3,16,70.0,76.0,91.0,82.0
7,length4_plentiful,1,12,4,2,30,68.0,90.0,59.0,60.0
7,length4_plentiful,1,13,4,4,13,68.0,38.0,33.0,47.0
7,length4_plentiful,1,14,4,1,23,83.0,79.0,84.0,66.0
7,length4_plentiful,1,15,4,4,1,60.0,59.0,35.0,67.0
7,length4_plentiful,1,16,4,3,35,54.0,68.0,72.0,89.0
7,length4_plentiful,1,17,4,4,15,93.0,55.0,62.0,57.0
7,length4_plentiful,1,18,4,1,28,85.0,87.0,71.0,48.0
7,length4_plentiful,1,19,4,1,3,90.0,79.0,72.0,89.0
7,length4_plentiful,1,20,4,1,24,73.0,74.0,87.0,55.0
7,length4_plentiful,1,21,4,3,21,59.0,66.0,72.0,76.0
7,length4_plentiful,1,22,4,1,36,97.0,80.0,69.0,43.0
7,length4_plentiful,1,23,4,4,5,68.0,42.0,33.0,92.0
7,length4_plentiful,1,24,4,3,12,54.0,44.0,88.0,87.0
7,length4_plentiful,1,25,4,4,10,39.0,64.0,68.0,57.0
7,length4_plentiful,1,26,4,1,6,74.0,79.0,68.0,66.0
7,length4_plentiful,1,27,4,3,17,83.0,64.0,85.0,97.0
7,length4_plentiful,1,28,4,1,18,76.0,39.0,35.0,72.0
7,length4_plentiful,1,29,4,2,32,62.0,88.0,77.0,71.0
7,length4_plentiful,1,30,4,2,31,57.0,77.0,72.0,85.0
7,length4_plentiful,1,31,4,2,14,65.0,87.0,48.0,77.0
7,length4_plentiful,1,32,4,3,27,51.0,52.0,66.0,84.0
7,length4_plentiful,1,33,4,1,39,89.0,87.0,85.0,49.0
7,length4_plentiful,1,34,4,4,8,79.0,57.0,61.0,74.0
7,length4_plentiful,1,35,4,4,38,73.0,70.0,50.0,88.0
7,length4_plentiful,1,36,4,3,11,76.0,74.0,95.0,89.0
7,length4_plentiful,1,37,4,1,40,91.0,60.0,80.0,79.0
7,length4_plentiful,1,38,4,4,19,82.0,43.0,78.0,58.0
7,length4_plentiful,1,39,4,2,4,75.0,81.0,90.0,92.0
7,length4_plentiful,1,40,4,3,37,71.0,61.0,74.0,84.0
7,length8_neutral,2,1,8,3,34,56.0,15.0,66.0,36.0
7,length8_neutral,2,2,8,3,29,22.0,60.0,87.0,84.0
7,length8_neutral,2,3,8,2,25,63.0,74.0,38.0,46.0
7,length8_neutral,2,4,8,3,9,21.0,42.0,84.0,66.0
7,length8_neutral,2,5,8,1,2,93.0,3.0,8.0,59.0
7,length8_neutral,2,6,8,7,20,39.0,56.0,6.0,13.0
7,length8_neutral,2,7,8,3,26,37.0,60.0,82.0,84.0
7,length8_neutral,2,8,8,3,33,77.0,19.0,97.0,65.0
7,length8_neutral,2,9,8,3,7,14.0,26.0,59.0,37.0
7,length8_neutral,2,10,8,4,22,26.0,21.0,50.0,97.0
7,length8_neutral,2,11,8,3,16,58.0,2.0,87.0,9.0
7,length8_neutral,2,12,8,2,30,31.0,81.0,84.0,16.0
7,length8_neutral,2,13,8,8,13,28.0,24.0,62.0,55.0
7,length8_neutral,2,14,8,1,23,81.0,36.0,74.0,79.0
7,length8_neutral,2,15,8,1,1,85.0,12.0,40.0,50.0
7,length8_neutral,2,16,8,1,35,88.0,45.0,7.0,44.0
7,length8_neutral,2,17,8,2,15,42.0,98.0,63.0,28.0
7,length8_neutral,2,18,8,3,28,41.0,44.0,81.0,91.0
7,length8_neutral,2,19,8,4,3,49.0,63.0,15.0,81.0
7,length8_neutral,2,20,8,1,24,77.0,51.0,10.0,37.0
7,length8_neutral,2,21,8,1,21,87.0,95.0,62.0,79.0
7,length8_neutral,2,22,8,5,36,67.0,8.0,34.0,66.0
7,length8_neutral,2,23,8,8,5,8.0,30.0,59.0,32.0
7,length8_neutral,2,24,8,3,12,8.0,50.0,88.0,47.0
7,length8_neutral,2,25,8,4,10,10.0,8.0,27.0,33.0
7,length8_neutral,2,26,8,2,6,61.0,98.0,9.0,73.0
7,length8_neutral,2,27,8,6,17,62.0,72.0,16.0,4.0
7,length8_neutral,2,28,8,2,18,63.0,79.0,32.0,8.0
7,length8_neutral,2,29,8,1,32,92.0,8.0,20.0,75.0
7,length8_neutral,2,30,8,1,31,94.0,62.0,84.0,37.0
7,length8_neutral,2,31,8,1,14,94.0,87.0,24.0,12.0
7,length8_neutral,2,32,8,8,27,45.0,80.0,19.0,64.0
7,length8_neutral,2,33,8,1,39,77.0,66.0,91.0,36.0
7,length8_neutral,2,34,8,3,8,28.0,62.0,65.0,57.0
7,length8_neutral,2,35,8,3,38,7.0,39.0,73.0,35.0
7,length8_neutral,2,36,8,5,11,5.0,75.0,64.0,20.0
7,length8_neutral,2,37,8,8,40,2.0,49.0,12.0,5.0
7,length8_neutral,2,38,8,1,19,95.0,10.0,64.0,84.0
7,length8_neutral,2,39,8,6,4,93.0,5.0,57.0,61.0
7,length8_neutral,2,40,8,3,37,83.0,52.0,96.0,53.0
7,length8_plentiful,3,1,8,5,34,50.0,44.0,45.0,43.0
7,length8_plentiful,3,2,8,3,29,51.0,62.0,93.0,33.0
7,length8_plentiful,3,3,8,3,25,27.0,36.0,79.0,81.0
7,length8_plentiful,3,4,8,1,9,79.0,40.0,37.0,95.0
7,length8_plentiful,3,5,8,1,2,80.0,66.0,70.0,84.0
7,length8_plentiful,3,6,8,2,20,57.0,72.0,63.0,58.0
7,length8_plentiful,3,7,8,5,26,80.0,73.0,61.0,77.0
7,length8_plentiful,3,8,8,1,33,88.0,75.0,80.0,82.0
7,length8_plentiful,3,9,8,2,7,31.0,89.0,67.0,86.0
7,length8_plentiful,3,10,8,4,22,84.0,32.0,59.0,89.0
7,length8_plentiful,3,11,8,2,16,78.0,97.0,53.0,55.0
7,length8_plentiful,3,12,8,5,30,30.0,52.0,54.0,60.0
7,length8_plentiful,3,13,8,2,13,69.0,85.0,44.0,93.0
7,length8_plentiful,3,14,8,4,23,49.0,57.0,62.0,73.0
7,length8_plentiful,3,15,8,2,1,82.0,86.0,52.0,87.0
7,length8_plentiful,3,16,8,1,35,94.0,51.0,79.0,78.0
7,length8_plentiful,3,17,8,1,15,93.0,94.0,26.0,54.0
7,length8_plentiful,3,18,8,1,28,91.0,35.0,56.0,87.0
7,length8_plentiful,3,19,8,6,3,71.0,80.0,36.0,31.0
7,length8_plentiful,3,20,8,4,24,70.0,63.0,53.0,91.0
7,length8_plentiful,3,21,8,8,21,82.0,80.0,18.0,56.0
7,length8_plentiful,3,22,8,4,36,75.0,35.0,79.0,89.0
7,length8_plentiful,3,23,8,5,5,68.0,38.0,35.0,69.0
7,length8_plentiful,3,24,8,5,12,43.0,66.0,74.0,80.0
7,length8_plentiful,3,25,8,3,10,57.0,71.0,97.0,81.0
7,length8_plentiful,3,26,8,4,6,79.0,61.0,62.0,90.0
7,length8_plentiful,3,27,8,8,17,49.0,73.0,57.0,58.0
7,length8_plentiful,3,28,8,6,18,49.0,38.0,81.0,69.0
7,length8_plentiful,3,29,8,2,32,54.0,78.0,52.0,65.0
7,length8_plentiful,3,30,8,8,31,41.0,69.0,63.0,55.0
7,length8_plentiful,3,31,8,2,14,59.0,85.0,46.0,78.0
7,length8_plentiful,3,32,8,1,27,93.0,85.0,92.0,62.0
7,length8_plentiful,3,33,8,8,39,65.0,69.0,88.0,42.0
7,length8_plentiful,3,34,8,3,8,68.0,48.0,71.0,45.0
7,length8_plentiful,3,35,8,3,38,64.0,57.0,75.0,76.0
7,length8_plentiful,3,36,8,8,11,72.0,52.0,49.0,61.0
7,length8_plentiful,3,37,8,1,40,86.0,64.0,24.0,52.0
7,length8_plentiful,3,38,8,4,19,41.0,59.0,25.0,75.0
7,length8_plentiful,3,39,8,2,4,52.0,76.0,67.0,55.0
7,length8_plentiful,3,40,8,2,37,63.0,86.0,82.0,55.0
8,length4_neutral,0,1,4,4,1,49.0,39.0,25.0,81.0
8,length4_neutral,0,2,4,1,10,98.0,93.0,67.0,39.0
8,length4_neutral,0,3,4,3,6,52.0,1.0,85.0,50.0
8,length4_neutral,0,4,4,4,38,63.0,21.0,43.0,28.0
8,length4_neutral,0,5,4,2,8,3.0,93.0,67.0,77.0
8,length4_neutral,0,6,4,4,3,5.0,60.0,53.0,36.0
8,length4_neutral,0,7,4,2,25,12.0,91.0,36.0,95.0
8,length4_neutral,0,8,4,3,14,23.0,40.0,86.0,5.0
8,length4_neutral,0,9,4,2,12,56.0,72.0,22.0,25.0
8,length4_neutral,0,10,4,1,11,81.0,96.0,83.0,71.0
8,length4_neutral,0,11,4,2,4,11.0,98.0,61.0,64.0
8,length4_neutral,0,12,4,3,30,17.0,62.0,80.0,7.0
8,length4_neutral,0,13,4,3,5,42.0,36.0,91.0,16.0
8,length4_neutral,0,14,4,2,20,42.0,80.0,70.0,63.0
8,length4_neutral,0,15,4,4,36,3.0,28.0,25.0,84.0
8,length4_neutral,0,16,4,3,7,35.0,9.0,91.0,24.0
8,length4_neutral,0,17,4,3,23,22.0,26.0,24.0,21.0
8,length4_neutral,0,18,4,1,18,87.0,12.0,50.0,55.0
8,length4_neutral,0,19,4,4,31,36.0,7.0,15.0,44.0
8,length4_neutral,0,20,4,4,22,67.0,63.0,7.0,30.0
8,length4_neutral,0,21,4,1,32,62.0,81.0,72.0,61.0
8,length4_neutral,0,22,4,4,39,64.0,62.0,19.0,48.0
8,length4_neutral,0,23,4,3,24,79.0,69.0,97.0,43.0
8,length4_neutral,0,24,4,4,21,46.0,42.0,6.0,26.0
8,length4_neutral,0,25,4,1,16,62.0,9.0,70.0,94.0
8,length4_neutral,0,26,4,1,17,90.0,54.0,87.0,84.0
8,length4_neutral,0,27,4,1,26,74.0,75.0,43.0,78.0
8,length4_neutral,0,28,4,1,29,85.0,76.0,22.0,16.0
8,length4_neutral,0,29,4,4,15,56.0,34.0,22.0,64.0
8,length4_neutral,0,30,4,1,9,91.0,33.0,54.0,42.0
8,length4_neutral,0,31,4,3,27,50.0,69.0,72.0,20.0
8,length4_neutral,0,32,4,4,34,60.0,57.0,22.0,46.0
8,length4_neutral,0,33,4,2,19,10.0,37.0,84.0,36.0
8,length4_neutral,0,34,4,2,13,22.0,80.0,19.0,2.0
8,length4_neutral,0,35,4,2,28,35.0,86.0,84.0,77.0
8,length4_neutral,0,36,4,2,37,81.0,93.0,69.0,11.0
8,length4_neutral,0,37,4,4,2,67.0,27.0,37.0,45.0
8,length4_neutral,0,38,4,3,40,39.0,59.0,67.0,42.0
8,length4_neutral,0,39,4,4,33,7.0,35.0,27.0,3.0
8,length4_neutral,0,40,4,3,35,42.0,9.0,95.0,26.0
8,length4_plentiful,1,1,4,1,1,76.0,63.0,60.0,79.0
8,length4_plentiful,1,2,4,1,10,88.0,62.0,84.0,73.0
8,length4_plentiful,1,3,4,1,6,69.0,76.0,65.0,90.0
8,length4_plentiful,1,4,4,2,38,39.0,61.0,64.0,54.0
8,length4_plentiful,1,5,4,4,8,72.0,57.0,18.0,71.0
8,length4_plentiful,1,6,4,4,3,63.0,29.0,60.0,75.0
8,length4_plentiful,1,7,4,3,25,60.0,71.0,84.0,81.0
8,length4_plentiful,1,8,4,1,14,95.0,52.0,59.0,36.0
8,length4_plentiful,1,9,4,4,12,17.0,65.0,44.0,96.0
8,length4_plentiful,1,10,4,4,11,72.0,38.0,62.0,86.0
8,length4_plentiful,1,11,4,1,4,70.0,76.0,91.0,82.0
8,length4_plentiful,1,12,4,2,30,68.0,90.0,59.0,60.0
8,length4_plentiful,1,13,4,4,5,68.0,38.0,33.0,47.0
8,length4_plentiful,1,14,4,1,20,83.0,79.0,84.0,66.0
8,length4_plentiful,1,15,4,4,36,60.0,59.0,35.0,67.0
8,length4_plentiful,1,16,4,4,7,54.0,68.0,72.0,89.0
8,length4_plentiful,1,17,4,1,23,93.0,55.0,62.0,57.0
8,length4_plentiful,1,18,4,2,18,85.0,87.0,71.0,48.0
8,length4_plentiful,1,19,4,1,31,90.0,79.0,72.0,89.0
8,length4_plentiful,1,20,4,3,22,73.0,74.0,87.0,55.0
8,length4_plentiful,1,21,4,3,32,59.0,66.0,72.0,76.0
8,length4_plentiful,1,22,4,1,39,97.0,80.0,69.0,43.0
8,length4_plentiful,1,23,4,4,24,68.0,42.0,33.0,92.0
8,length4_plentiful,1,24,4,3,21,54.0,44.0,88.0,87.0
8,length4_plentiful,1,25,4,2,16,39.0,64.0,68.0,57.0
8,length4_plentiful,1,26,4,4,17,74.0,79.0,68.0,66.0
8,length4_plentiful,1,27,4,1,26,83.0,64.0,85.0,97.0
8,length4_plentiful,1,28,4,4,29,76.0,39.0,35.0,72.0
8,length4_plentiful,1,29,4,2,15,62.0,88.0,77.0,71.0
8,length4_plentiful,1,30,4,2,9,57.0,77.0,72.0,85.0
8,length4_plentiful,1,31,4,2,27,65.0,87.0,48.0,77.0
8,length4_plentiful,1,32,4,3,34,51.0,52.0,66.0,84.0
8,length4_plentiful,1,33,4,1,19,89.0,87.0,85.0,49.0
8,length4_plentiful,1,34,4,4,13,79.0,57.0,61.0,74.0
8,length4_plentiful,1,35,4,4,28,73.0,70.0,50.0,88.0
8,length4_plentiful,1,36,4,3,37,76.0,74.0,95.0,89.0
8,length4_plentiful,1,37,4,1,2,91.0,60.0,80.0,79.0
8,length4_plentiful,1,38,4,1,40,82.0,43.0,78.0,58.0
8,length4_plentiful,1,39,4,3,33,75.0,81.0,90.0,92.0
8,length4_plentiful,1,40,4,3,35,71.0,61.0,74.0,84.0
8,length8_neutral,2,1,8,3,1,56.0,15.0,66.0,36.0
8,length8_neutral,2,2,8,3,10,22.0,60.0,87.0,84.0
8,length8_neutral,2,3,8,8,6,63.0,74.0,38.0,46.0
8,length8_neutral,2,4,8,3,38,21.0,42.0,84.0,66.0
8,length8_neutral,2,5,8,1,8,93.0,3.0,8.0,59.0
8,length8_neutral,2,6,8,7,3,39.0,56.0,6.0,13.0
8,length8_neutral,2,7,8,3,25,37.0,60.0,82.0,84.0
8,length8_neutral,2,8,8,3,14,77.0,19.0,97.0,65.0
8,length8_neutral,2,9,8,8,12,14.0,26.0,59.0,37.0
8,length8_neutral,2,10,8,4,11,26.0,21.0,50.0,97.0
8,length8_neutral,2,11,8,3,4,58.0,2.0,87.0,9.0
8,length8_neutral,2,12,8,2,30,31.0,81.0,84.0,16.0
8,length8_neutral,2,13,8,7,5,28.0,24.0,62.0,55.0
8,length8_neutral,2,14,8,1,20,81.0,36.0,74.0,79.0
8,length8_neutral,2,15,8,1,36,85.0,12.0,40.0,50.0
8,length8_neutral,2,16,8,1,7,88.0,45.0,7.0,44.0
8,length8_neutral,2,17,8,8,23,42.0,98.0,63.0,28.0
8,length8_neutral,2,18,8,3,18,41.0,44.0,81.0,91.0
8,length8_neutral,2,19,8,7,31,49.0,63.0,15.0,81.0
8,length8_neutral,2,20,8,8,22,77.0,51.0,10.0,37.0
8,length8_neutral,2,21,8,1,32,87.0,95.0,62.0,79.0
8,length8_neutral,2,22,8,5,39,67.0,8.0,34.0,66.0
8,length8_neutral,2,23,8,8,24,8.0,30.0,59.0,32.0
8,length8_neutral,2,24,8,3,21,8.0,50.0,88.0,47.0
8,length8_neutral,2,25,8,6,16,10.0,8.0,27.0,33.0
8,length8_neutral,2,26,8,2,17,61.0,98.0,9.0,73.0
8,length8_neutral,2,27,8,6,26,62.0,72.0,16.0,4.0
8,length8_neutral,2,28,8,2,29,63.0,79.0,32.0,8.0
8,length8_neutral,2,29,8,8,15,92.0,8.0,20.0,75.0
8,length8_neutral,2,30,8,1,9,94.0,62.0,84.0,37.0
8,length8_neutral,2,31,8,1,27,94.0,87.0,24.0,12.0
8,length8_neutral,2,32,8,2,34,45.0,80.0,19.0,64.0
8,length8_neutral,2,33,8,8,19,77.0,66.0,91.0,36.0
8,length8_neutral,2,34,8,5,13,28.0,62.0,65.0,57.0
8,length8_neutral,2,35,8,8,28,7.0,39.0,73.0,35.0
8,length8_neutral,2,36,8,2,37,5.0,75.0,64.0,20.0
8,length8_neutral,2,37,8,7,2,2.0,49.0,12.0,5.0
8,length8_neutral,2,38,8,1,40,95.0,10.0,64.0,84.0
8,length8_neutral,2,39,8,1,33,93.0,5.0,57.0,61.0
8,length8_neutral,2,40,8,3,35,83.0,52.0,96.0,53.0
8,length8_plentiful,3,1,8,5,1,50.0,44.0,45.0,43.0
8,length8_plentiful,3,2,8,3,10,51.0,62.0,93.0,33.0
8,length8_plentiful,3,3,8,8,6,27.0,36.0,79.0,81.0
8,length8_plentiful,3,4,8,4,38,79.0,40.0,37.0,95.0
8,length8_plentiful,3,5,8,4,8,80.0,66.0,70.0,84.0
8,length8_plentiful,3,6,8,6,3,57.0,72.0,63.0,58.0
8,length8_plentiful,3,7,8,1,25,80.0,73.0,61.0,77.0
8,length8_plentiful,3,8,8,1,14,88.0,75.0,80.0,82.0
8,length8_plentiful,3,9,8,2,12,31.0,89.0,67.0,86.0
8,length8_plentiful,3,10,8,4,11,84.0,32.0,59.0,89.0
8,length8_plentiful,3,11,8,2,4,78.0,97.0,53.0,55.0
8,length8_plentiful,3,12,8,5,30,30.0,52.0,54.0,60.0
8,length8_plentiful,3,13,8,8,5,69.0,85.0,44.0,93.0
8,length8_plentiful,3,14,8,8,20,49.0,57.0,62.0,73.0
8,length8_plentiful,3,15,8,4,36,82.0,86.0,52.0,87.0
8,length8_plentiful,3,16,8,1,7,94.0,51.0,79.0,78.0
8,length8_plentiful,3,17,8,1,23,93.0,94.0,26.0,54.0
8,length8_plentiful,3,18,8,1,18,91.0,35.0,56.0,87.0
8,length8_plentiful,3,19,8,6,31,71.0,80.0,36.0,31.0
8,length8_plentiful,3,20,8,4,22,70.0,63.0,53.0,91.0
8,length8_plentiful,3,21,8,8,32,82.0,80.0,18.0,56.0
8,length8_plentiful,3,22,8,4,39,75.0,35.0,79.0,89.0
8,length8_plentiful,3,23,8,4,24,68.0,38.0,35.0,69.0
8,length8_plentiful,3,24,8,5,21,43.0,66.0,74.0,80.0
8,length8_plentiful,3,25,8,3,16,57.0,71.0,97.0,81.0
8,length8_plentiful,3,26,8,4,17,79.0,61.0,62.0,90.0
8,length8_plentiful,3,27,8,8,26,49.0,73.0,57.0,58.0
8,length8_plentiful,3,28,8,6,29,49.0,38.0,81.0,69.0
8,length8_plentiful,3,29,8,5,15,54.0,78.0,52.0,65.0
8,length8_plentiful,3,30,8,5,9,41.0,69.0,63.0,55.0
8,length8_plentiful,3,31,8,2,27,59.0,85.0,46.0,78.0
8,length8_plentiful,3,32,8,1,34,93.0,85.0,92.0,62.0
8,length8_plentiful,3,33,8,3,19,65.0,69.0,88.0,42.0
8,length8_plentiful,3,34,8,3,13,68.0,48.0,71.0,45.0
8,length8_plentiful,3,35,8,6,28,64.0,57.0,75.0,76.0
8,length8_plentiful,3,36,8,8,37,72.0,52.0,49.0,61.0
8,length8_plentiful,3,37,8,8,2,86.0,64.0,24.0,52.0
8,length8_plentiful,3,38,8,5,40,41.0,59.0,25.0,75.0
8,length8_plentiful,3,39,8,8,33,52.0,76.0,67.0,55.0
8,length8_plentiful,3,40,8,2,35,63.0,86.0,82.0,55.0
9,length4_neutral,0,1,4,4,38,49.0,39.0,25.0,81.0
9,length4_neutral,0,2,4,1,24,98.0,93.0,67.0,39.0
9,length4_neutral,0,3,4,3,33,52.0,1.0,85.0,50.0
9,length4_neutral,0,4,4,4,22,63.0,21.0,43.0,28.0
9,length4_neutral,0,5,4,3,9,3.0,93.0,67.0,77.0
9,length4_neutral,0,6,4,2,17,5.0,60.0,53.0,36.0
9,length4_neutral,0,7,4,2,34,12.0,91.0,36.0,95.0
9,length4_neutral,0,8,4,4,28,23.0,40.0,86.0,5.0
9,length4_neutral,0,9,4,2,26,56.0,72.0,22.0,25.0
9,length4_neutral,0,10,4,1,2,81.0,96.0,83.0,71.0
9,length4_neutral,0,11,4,2,3,11.0,98.0,61.0,64.0
9,length4_neutral,0,12,4,2,19,17.0,62.0,80.0,7.0
9,length4_neutral,0,13,4,4,32,42.0,36.0,91.0,16.0
9,length4_neutral,0,14,4,2,12,42.0,80.0,70.0,63.0
9,length4_neutral,0,15,4,4,6,3.0,28.0,25.0,84.0
9,length4_neutral,0,16,4,4,39,35.0,9.0,91.0,24.0
9,length4_neutral,0,17,4,4,13,22.0,26.0,24.0,21.0
9,length4_neutral,0,18,4,1,20,87.0,12.0,50.0,55.0
9,length4_neutral,0,19,4,4,1,36.0,7.0,15.0,44.0
9,length4_neutral,0,20,4,2,31,67.0,63.0,7.0,30.0
9,length4_neutral,0,21,4,2,18,62.0,81.0,72.0,61.0
9,length4_neutral,0,22,4,1,37,64.0,62.0,19.0,48.0
9,length4_neutral,0,23,4,1,7,79.0,69.0,97.0,43.0
9,length4_neutral,0,24,4,4,23,46.0,42.0,6.0,26.0
9,length4_neutral,0,25,4,3,27,62.0,9.0,70.0,94.0
9,length4_neutral,0,26,4,1,8,90.0,54.0,87.0,84.0
9,length4_neutral,0,27,4,2,5,74.0,75.0,43.0,78.0
9,length4_neutral,0,28,4,1,36,85.0,76.0,22.0,16.0
9,length4_neutral,0,29,4,4,16,56.0,34.0,22.0,64.0
9,length4_neutral,0,30,4,1,15,91.0,33.0,54.0,42.0
9,length4_neutral,0,31,4,3,21,50.0,69.0,72.0,20.0
9,length4_neutral,0,32,4,1,11,60.0,57.0,22.0,46.0
9,length4_neutral,0,33,4,3,14,10.0,37.0,84.0,36.0
9,length4_neutral,0,34,4,2,35,22.0,80.0,19.0,2.0
9,length4_neutral,0,35,4,2,25,35.0,86.0,84.0,77.0
9,length4_neutral,0,36,4,1,10,81.0,93.0,69.0,11.0
9,length4_neutral,0,37,4,1,30,67.0,27.0,37.0,45.0
9,length4_neutral,0,38,4,4,4,39.0,59.0,67.0,42.0
9,length4_neutral,0,39,4,4,40,7.0,35.0,27.0,3.0
9,length4_neutral,0,40,4,3,29,42.0,9.0,95.0,26.0
9,length4_plentiful,1,1,4,1,38,76.0,63.0,60.0,79.0
9,length4_plentiful,1,2,4,1,24,88.0,62.0,84.0,73.0
9,length4_plentiful,1,3,4,2,33,69.0,76.0,65.0,90.0
9,length4_plentiful,1,4,4,4,22,39.0,61.0,64.0,54.0
9,length4_plentiful,1,5,4,4,9,72.0,57.0,18.0,71.0
9,length4_plentiful,1,6,4,4,17,63.0,29.0,60.0,75.0
9,length4_plentiful,1,7,4,3,34,60.0,71.0,84.0,81.0
9,length4_plentiful,1,8,4,1,28,95.0,52.0,59.0,36.0
9,length4_plentiful,1,9,4,4,26,17.0,65.0,44.0,96.0
9,length4_plentiful,1,10,4,3,2,72.0,38.0,62.0,86.0
9,length4_plentiful,1,11,4,3,3,70.0,76.0,91.0,82.0
9,length4_plentiful,1,12,4,2,19,68.0,90.0,59.0,60.0
9,length4_plentiful,1,13,4,4,32,68.0,38.0,33.0,47.0
9,length4_plentiful,1,14,4,4,12,83.0,79.0,84.0,66.0
9,length4_plentiful,1,15,4,4,6,60.0,59.0,35.0,67.0
9,length4_plentiful,1,16,4,3,39,54.0,68.0,72.0,89.0
9,length4_plentiful,1,17,4,4,13,93.0,55.0,62.0,57.0
9,length4_plentiful,1,18,4,2,20,85.0,87.0,71.0,48.0
9,length4_plentiful,1,19,4,1,1,90.0,79.0,72.0,89.0
9,length4_plentiful,1,20,4,2,31,73.0,74.0,87.0,55.0
9,length4_plentiful,1,21,4,3,18,59.0,66.0,72.0,76.0
9,length4_plentiful,1,22,4,1,37,97.0,80.0,69.0,43.0
9,length4_plentiful,1,23,4,4,7,68.0,42.0,33.0,92.0
9,length4_plentiful,1,24,4,4,23,54.0,44.0,88.0,87.0
9,length4_plentiful,1,25,4,2,27,39.0,64.0,68.0,57.0
9,length4_plentiful,1,26,4,1,8,74.0,79.0,68.0,66.0
9,length4_plentiful,1,27,4,3,5,83.0,64.0,85.0,97.0
9,length4_plentiful,1,28,4,1,36,76.0,39.0,35.0,72.0
9,length4_plentiful,1,29,4,4,16,62.0,88.0,77.0,71.0
9,length4_plentiful,1,30,4,4,15,57.0,77.0,72.0,85.0
9,length4_plentiful,1,31,4,3,21,65.0,87.0,48.0,77.0
9,length4_plentiful,1,32,4,3,11,51.0,52.0,66.0,84.0
9,length4_plentiful,1,33,4,1,14,89.0,87.0,85.0,49.0
9,length4_plentiful,1,34,4,1,35,79.0,57.0,61.0,74.0
9,length4_plentiful,1,35,4,4,25,73.0,70.0,50.0,88.0
9,length4_plentiful,1,36,4,3,10,76.0,74.0,95.0,89.0
9,length4_plentiful,1,37,4,1,30,91.0,60.0,80.0,79.0
9,length4_plentiful,1,38,4,3,4,82.0,43.0,78.0,58.0
9,length4_plentiful,1,39,4,2,40,75.0,81.0,90.0,92.0
9,length4_plentiful,1,40,4,3,29,71.0,61.0,74.0,84.0
9,length8_neutral,2,1,8,5,38,56.0,15.0,66.0,36.0
9,length8_neutral,2,2,8,3,24,22.0,60.0,87.0,84.0
9,length8_neutral,2,3,8,8,33,63.0,74.0,38.0,46.0
9,length8_neutral,2,4,8,8,22,21.0,42.0,84.0,66.0
9,length8_neutral,2,5,8,8,9,93.0,3.0,8.0,59.0
9,length8_neutral,2,6,8,8,17,39.0,56.0,6.0,13.0
9,length8_neutral,2,7,8,4,34,37.0,60.0,82.0,84.0
9,length8_neutral,2,8,8,8,28,77.0,19.0,97.0,65.0
9,length8_neutral,2,9,8,8,26,14.0,26.0,59.0,37.0
9,length8_neutral,2,10,8,4,2,26.0,21.0,50.0,97.0
9,length8_neutral,2,11,8,6,3,58.0,2.0,87.0,9.0
9,length8_neutral,2,12,8,3,19,31.0,81.0,84.0,16.0
9,length8_neutral,2,13,8,7,32,28.0,24.0,62.0,55.0
9,length8_neutral,2,14,8,8,12,81.0,36.0,74.0,79.0
9,length8_neutral,2,15,8,6,6,85.0,12.0,40.0,50.0
9,length8_neutral,2,16,8,7,39,88.0,45.0,7.0,44.0
9,length8_neutral,2,17,8,2,13,42.0,98.0,63.0,28.0
9,length8_neutral,2,18,8,4,20,41.0,44.0,81.0,91.0
9,length8_neutral,2,19,8,4,1,49.0,63.0,15.0,81.0
9,length8_neutral,2,20,8,8,31,77.0,51.0,10.0,37.0
9,length8_neutral,2,21,8,1,18,87.0,95.0,62.0,79.0
9,length8_neutral,2,22,8,8,37,67.0,8.0,34.0,66.0
9,length8_neutral,2,23,8,8,7,8.0,30.0,59.0,32.0
9,length8_neutral,2,24,8,3,23,8.0,50.0,88.0,47.0
9,length8_neutral,2,25,8,8,27,10.0,8.0,27.0,33.0
9,length8_neutral,2,26,8,2,8,61.0,98.0,9.0,73.0
9,length8_neutral,2,27,8,8,5,62.0,72.0,16.0,4.0
9,length8_neutral,2,28,8,8,36,63.0,79.0,32.0,8.0
9,length8_neutral,2,29,8,1,16,92.0,8.0,20.0,75.0
9,length8_neutral,2,30,8,2,15,94.0,62.0,84.0,37.0
9,length8_neutral,2,31,8,2,21,94.0,87.0,24.0,12.0
9,length8_neutral,2,32,8,2,11,45.0,80.0,19.0,64.0
9,length8_neutral,2,33,8,8,14,77.0,66.0,91.0,36.0
9,length8_neutral,2,34,8,8,35,28.0,62.0,65.0,57.0
9,length8_neutral,2,35,8,8,25,7.0,39.0,73.0,35.0
9,length8_neutral,2,36,8,3,10,5.0,75.0,64.0,20.0
9,length8_neutral,2,37,8,8,30,2.0,49.0,12.0,5.0
9,length8_neutral,2,38,8,8,4,95.0,10.0,64.0,84.0
9,length8_neutral,2,39,8,7,40,93.0,5.0,57.0,61.0
9,length8_neutral,2,40,8,7,29,83.0,52.0,96.0,53.0
9,length8_plentiful,3,1,8,8,38,50.0,44.0,45.0,43.0
9,length8_plentiful,3,2,8,3,24,51.0,62.0,93.0,33.0
9,length8_plentiful,3,3,8,4,33,27.0,36.0,79.0,81.0
9,length8_plentiful,3,4,8,8,22,79.0,40.0,37.0,95.0
9,length8_plentiful,3,5,8,7,9,80.0,66.0,70.0,84.0
9,length8_plentiful,3,6,8,8,17,57.0,72.0,63.0,58.0
9,length8_plentiful,3,7,8,8,34,80.0,73.0,61.0,77.0
9,length8_plentiful,3,8,8,8,28,88.0,75.0,80.0,82.0
9,length8_plentiful,3,9,8,4,26,31.0,89.0,67.0,86.0
9,length8_plentiful,3,10,8,5,2,84.0,32.0,59.0,89.0
9,length8_plentiful,3,11,8,2,3,78.0,97.0,53.0,55.0
9,length8_plentiful,3,12,8,5,19,30.0,52.0,54.0,60.0
9,length8_plentiful,3,13,8,4,32,69.0,85.0,44.0,93.0
9,length8_plentiful,3,14,8,8,12,49.0,57.0,62.0,73.0
9,length8_plentiful,3,15,8,2,6,82.0,86.0,52.0,87.0
9,length8_plentiful,3,16,8,4,39,94.0,51.0,79.0,78.0
9,length8_plentiful,3,17,8,2,13,93.0,94.0,26.0,54.0
9,length8_plentiful,3,18,8,8,20,91.0,35.0,56.0,87.0
9,length8_plentiful,3,19,8,6,1,71.0,80.0,36.0,31.0
9,length8_plentiful,3,20,8,4,31,70.0,63.0,53.0,91.0
9,length8_plentiful,3,21,8,8,18,82.0,80.0,18.0,56.0
9,length8_plentiful,3,22,8,3,37,75.0,35.0,79.0,89.0
9,length8_plentiful,3,23,8,5,7,68.0,38.0,35.0,69.0
9,length8_plentiful,3,24,8,4,23,43.0,66.0,74.0,80.0
9,length8_plentiful,3,25,8,4,27,57.0,71.0,97.0,81.0
9,length8_plentiful,3,26,8,4,8,79.0,61.0,62.0,90.0
9,length8_plentiful,3,27,8,8,5,49.0,73.0,57.0,58.0
9,length8_plentiful,3,28,8,6,36,49.0,38.0,81.0,69.0
9,length8_plentiful,3,29,8,8,16,54.0,78.0,52.0,65.0
9,length8_plentiful,3,30,8,6,15,41.0,69.0,63.0,55.0
9,length8_plentiful,3,31,8,8,21,59.0,85.0,46.0,78.0
9,length8_plentiful,3,32,8,8,11,93.0,85.0,92.0,62.0
9,length8_plentiful,3,33,8,8,14,65.0,69.0,88.0,42.0
9,length8_plentiful,3,34,8,5,35,68.0,48.0,71.0,45.0
9,length8_plentiful,3,35,8,3,25,64.0,57.0,75.0,76.0
9,length8_plentiful,3,36,8,8,10,72.0,52.0,49.0,61.0
9,length8_plentiful,3,37,8,8,30,86.0,64.0,24.0,52.0
9,length8_plentiful,3,38,8,4,4,41.0,59.0,25.0,75.0
9,length8_plentiful,3,39,8,8,40,52.0,76.0,67.0,55.0
9,length8_plentiful,3,40,8,8,29,63.0,86.0,82.0,55.0
10,length4_neutral,0,1,4,4,37,49.0,39.0,25.0,81.0
10,length4_neutral,0,2,4,1,24,98.0,93.0,67.0,39.0
10,length4_neutral,0,3,4,1,34,52.0,1.0,85.0,50.0
10,length4_neutral,0,4,4,1,13,63.0,21.0,43.0,28.0
10,length4_neutral,0,5,4,2,2,3.0,93.0,67.0,77.0
10,length4_neutral,0,6,4,2,22,5.0,60.0,53.0,36.0
10,length4_neutral,0,7,4,2,30,12.0,91.0,36.0,95.0
10,length4_neutral,0,8,4,3,25,23.0,40.0,86.0,5.0
10,length4_neutral,0,9,4,1,17,56.0,72.0,22.0,25.0
10,length4_neutral,0,10,4,1,29,81.0,96.0,83.0,71.0
10,length4_neutral,0,11,4,2,9,11.0,98.0,61.0,64.0
10,length4_neutral,0,12,4,2,20,17.0,62.0,80.0,7.0
10,length4_neutral,0,13,4,3,27,42.0,36.0,91.0,16.0
10,length4_neutral,0,14,4,2,14,42.0,80.0,70.0,63.0
10,length4_neutral,0,15,4,2,15,3.0,28.0,25.0,84.0
10,length4_neutral,0,16,4,3,4,35.0,9.0,91.0,24.0
10,length4_neutral,0,17,4,4,38,22.0,26.0,24.0,21.0
10,length4_neutral,0,18,4,1,35,87.0,12.0,50.0,55.0
10,length4_neutral,0,19,4,4,36,36.0,7.0,15.0,44.0
10,length4_neutral,0,20,4,1,8,67.0,63.0,7.0,30.0
10,length4_neutral,0,21,4,1,10,62.0,81.0,72.0,61.0
10,length4_neutral,0,22,4,1,21,64.0,62.0,19.0,48.0
10,length4_neutral,0,23,4,1,40,79.0,69.0,97.0,43.0
10,length4_neutral,0,24,4,1,11,46.0,42.0,6.0,26.0
10,length4_neutral,0,25,4,1,5,62.0,9.0,70.0,94.0
10,length4_neutral,0,26,4,1,19,90.0,54.0,87.0,84.0
10,length4_neutral,0,27,4,1,28,74.0,75.0,43.0,78.0
10,length4_neutral,0,28,4,1,26,85.0,76.0,22.0,16.0
10,length4_neutral,0,29,4,4,7,56.0,34.0,22.0,64.0
10,length4_neutral,0,30,4,1,1,91.0,33.0,54.0,42.0
10,length4_neutral,0,31,4,1,16,50.0,69.0,72.0,20.0
10,length4_neutral,0,32,4,1,39,60.0,57.0,22.0,46.0
10,length4_neutral,0,33,4,3,6,10.0,37.0,84.0,36.0
10,length4_neutral,0,34,4,2,23,22.0,80.0,19.0,2.0
10,length4_neutral,0,35,4,2,3,35.0,86.0,84.0,77.0
10,length4_neutral,0,36,4,1,31,81.0,93.0,69.0,11.0
10,length4_neutral,0,37,4,4,12,67.0,27.0,37.0,45.0
10,length4_neutral,0,38,4,2,33,39.0,59.0,67.0,42.0
10,length4_neutral,0,39,4,4,32,7.0,35.0,27.0,3.0
10,length4_neutral,0,40,4,3,18,42.0,9.0,95.0,26.0
10,length4_plentiful,1,1,4,1,37,76.0,63.0,60.0,79.0
10,length4_plentiful,1,2,4,1,24,88.0,62.0,84.0,73.0
10,length4_plentiful,1,3,4,1,34,69.0,76.0,65.0,90.0
10,length4_plentiful,1,4,4,3,13,39.0,61.0,64.0,54.0
10,length4_plentiful,1,5,4,1,2,72.0,57.0,18.0,71.0
10,length4_plentiful,1,6,4,4,22,63.0,29.0,60.0,75.0
10,length4_plentiful,1,7,4,2,30,60.0,71.0,84.0,81.0
10,length4_plentiful,1,8,4,1,25,95.0,52.0,59.0,36.0
10,length4_plentiful,1,9,4,4,17,17.0,65.0,44.0,96.0
10,length4_plentiful,1,10,4,1,29,72.0,38.0,62.0,86.0
10,length4_plentiful,1,11,4,3,9,70.0,76.0,91.0,82.0
10,length4_plentiful,1,12,4,2,20,68.0,90.0,59.0,60.0
10,length4_plentiful,1,13,4,1,27,68.0,38.0,33.0,47.0
10,length4_plentiful,1,14,4,1,14,83.0,79.0,84.0,66.0
10,length4_plentiful,1,15,4,4,15,60.0,59.0,35.0,67.0
10,length4_plentiful,1,16,4,3,4,54.0,68.0,72.0,89.0
10,length4_plentiful,1,17,4,1,38,93.0,55.0,62.0,57.0
10,length4_plentiful,1,18,4,2,35,85.0,87.0,71.0,48.0
10,length4_plentiful,1,19,4,1,36,90.0,79.0,72.0,89.0
10,length4_plentiful,1,20,4,1,8,73.0,74.0,87.0,55.0
10,length4_plentiful,1,21,4,3,10,59.0,66.0,72.0,76.0
10,length4_plentiful,1,22,4,1,21,97.0,80.0,69.0,43.0
10,length4_plentiful,1,23,4,4,40,68.0,42.0,33.0,92.0
10,length4_plentiful,1,24,4,3,11,54.0,44.0,88.0,87.0
10,length4_plentiful,1,25,4,2,5,39.0,64.0,68.0,57.0
10,length4_plentiful,1,26,4,1,19,74.0,79.0,68.0,66.0
10,length4_plentiful,1,27,4,1,28,83.0,64.0,85.0,97.0
10,length4_plentiful,1,28,4,1,26,76.0,39.0,35.0,72.0
10,length4_plentiful,1,29,4,2,7,62.0,88.0,77.0,71.0
10,length4_plentiful,1,30,4,2,1,57.0,77.0,72.0,85.0
10,length4_plentiful,1,31,4,2,16,65.0,87.0,48.0,77.0
10,length4_plentiful,1,32,4,3,39,51.0,52.0,66.0,84.0
10,length4_plentiful,1,33,4,1,6,89.0,87.0,85.0,49.0
10,length4_plentiful,1,34,4,1,23,79.0,57.0,61.0,74.0
10,length4_plentiful,1,35,4,1,3,73.0,70.0,50.0,88.0
10,length4_plentiful,1,36,4,1,31,76.0,74.0,95.0,89.0
10,length4_plentiful,1,37,4,1,12,91.0,60.0,80.0,79.0
10,length4_plentiful,1,38,4,1,33,82.0,43.0,78.0,58.0
10,length4_plentiful,1,39,4,1,32,75.0,81.0,90.0,92.0
10,length4_plentiful,1,40,4,1,18,71.0,61.0,74.0,84.0
10,length8_neutral,2,1,8,5,37,56.0,15.0,66.0,36.0
10,length8_neutral,2,2,8,2,24,22.0,60.0,87.0,84.0
10,length8_neutral,2,3,8,8,34,63.0,74.0,38.0,46.0
10,length8_neutral,2,4,8,3,13,21.0,42.0,84.0,66.0
10,length8_neutral,2,5,8,1,2,93.0,3.0,8.0,59.0
10,length8_neutral,2,6,8,8,22,39.0,56.0,6.0,13.0
10,length8_neutral,2,7,8,3,30,37.0,60.0,82.0,84.0
10,length8_neutral,2,8,8,1,25,77.0,19.0,97.0,65.0
10,length8_neutral,2,9,8,5,17,14.0,26.0,59.0,37.0
10,length8_neutral,2,10,8,4,29,26.0,21.0,50.0,97.0
10,length8_neutral,2,11,8,3,9,58.0,2.0,87.0,9.0
10,length8_neutral,2,12,8,3,20,31.0,81.0,84.0,16.0
10,length8_neutral,2,13,8,7,27,28.0,24.0,62.0,55.0
10,length8_neutral,2,14,8,1,14,81.0,36.0,74.0,79.0
10,length8_neutral,2,15,8,1,15,85.0,12.0,40.0,50.0
10,length8_neutral,2,16,8,1,4,88.0,45.0,7.0,44.0
10,length8_neutral,2,17,8,2,38,42.0,98.0,63.0,28.0
10,length8_neutral,2,18,8,3,35,41.0,44.0,81.0,91.0
10,length8_neutral,2,19,8,7,36,49.0,63.0,15.0,81.0
10,length8_neutral,2,20,8,1,8,77.0,51.0,10.0,37.0
10,length8_neutral,2,21,8,1,10,87.0,95.0,62.0,79.0
10,length8_neutral,2,22,8,1,21,67.0,8.0,34.0,66.0
10,length8_neutral,2,23,8,8,40,8.0,30.0,59.0,32.0
10,length8_neutral,2,24,8,3,11,8.0,50.0,88.0,47.0
10,length8_neutral,2,25,8,8,5,10.0,8.0,27.0,33.0
10,length8_neutral,2,26,8,2,19,61.0,98.0,9.0,73.0
10,length8_neutral,2,27,8,2,28,62.0,72.0,16.0,4.0
10,length8_neutral,2,28,8,2,26,63.0,79.0,32.0,8.0
10,length8_neutral,2,29,8,1,7,92.0,8.0,20.0,75.0
10,length8_neutral,2,30,8,1,1,94.0,62.0,84.0,37.0
10,length8_neutral,2,31,8,2,16,94.0,87.0,24.0,12.0
10,length8_neutral,2,32,8,2,39,45.0,80.0,19.0,64.0
10,length8_neutral,2,33,8,3,6,77.0,66.0,91.0,36.0
10,length8_neutral,2,34,8,5,23,28.0,62.0,65.0,57.0
10,length8_neutral,2,35,8,8,3,7.0,39.0,73.0,35.0
10,length8_neutral,2,36,8,2,31,5.0,75.0,64.0,20.0
10,length8_neutral,2,37,8,6,12,2.0,49.0,12.0,5.0
10,length8_neutral,2,38,8,1,33,95.0,10.0,64.0,84.0
10,length8_neutral,2,39,8,1,32,93.0,5.0,57.0,61.0
10,length8_neutral,2,40,8,1,18,83.0,52.0,96.0,53.0
10,length8_plentiful,3,1,8,5,37,50.0,44.0,45.0,43.0
10,length8_plentiful,3,2,8,3,24,51.0,62.0,93.0,33.0
10,length8_plentiful,3,3,8,3,34,27.0,36.0,79.0,81.0
10,length8_plentiful,3,4,8,1,13,79.0,40.0,37.0,95.0
10,length8_plentiful,3,5,8,1,2,80.0,66.0,70.0,84.0
10,length8_plentiful,3,6,8,6,22,57.0,72.0,63.0,58.0
10,length8_plentiful,3,7,8,1,30,80.0,73.0,61.0,77.0
10,length8_plentiful,3,8,8,1,25,88.0,75.0,80.0,82.0
10,length8_plentiful,3,9,8,2,17,31.0,89.0,67.0,86.0
10,length8_plentiful,3,10,8,1,29,84.0,32.0,59.0,89.0
10,length8_plentiful,3,11,8,1,9,78.0,97.0,53.0,55.0
10,length8_plentiful,3,12,8,5,20,30.0,52.0,54.0,60.0
10,length8_plentiful,3,13,8,1,27,69.0,85.0,44.0,93.0
10,length8_plentiful,3,14,8,4,14,49.0,57.0,62.0,73.0
10,length8_plentiful,3,15,8,1,15,82.0,86.0,52.0,87.0
10,length8_plentiful,3,16,8,1,4,94.0,51.0,79.0,78.0
10,length8_plentiful,3,17,8,1,38,93.0,94.0,26.0,54.0
10,length8_plentiful,3,18,8,1,35,91.0,35.0,56.0,87.0
10,length8_plentiful,3,19,8,2,36,71.0,80.0,36.0,31.0
10,length8_plentiful,3,20,8,4,8,70.0,63.0,53.0,91.0
10,length8_plentiful,3,21,8,1,10,82.0,80.0,18.0,56.0
10,length8_plentiful,3,22,8,1,21,75.0,35.0,79.0,89.0
10,length8_plentiful,3,23,8,8,40,68.0,38.0,35.0,69.0
10,length8_plentiful,3,24,8,2,11,43.0,66.0,74.0,80.0
10,length8_plentiful,3,25,8,3,5,57.0,71.0,97.0,81.0
10,length8_plentiful,3,26,8,1,19,79.0,61.0,62.0,90.0
10,length8_plentiful,3,27,8,8,28,49.0,73.0,57.0,58.0
10,length8_plentiful,3,28,8,3,26,49.0,38.0,81.0,69.0
10,length8_plentiful,3,29,8,2,7,54.0,78.0,52.0,65.0
10,length8_plentiful,3,30,8,2,1,41.0,69.0,63.0,55.0
10,length8_plentiful,3,31,8,2,16,59.0,85.0,46.0,78.0
10,length8_plentiful,3,32,8,1,39,93.0,85.0,92.0,62.0
10,length8_plentiful,3,33,8,3,6,65.0,69.0,88.0,42.0
10,length8_plentiful,3,34,8,1,23,68.0,48.0,71.0,45.0
10,length8_plentiful,3,35,8,3,3,64.0,57.0,75.0,76.0
10,length8_plentiful,3,36,8,8,31,72.0,52.0,49.0,61.0
10,length8_plentiful,3,37,8,1,12,86.0,64.0,24.0,52.0
10,length8_plentiful,3,38,8,4,33,41.0,59.0,25.0,75.0
10,length8_plentiful,3,39,8,2,32,52.0,76.0,67.0,55.0
10,length8_plentiful,3,40,8,2,18,63.0,86.0,82.0,55.0
11,length4_neutral,0,1,4,3,4,49.0,39.0,25.0,81.0
11,length4_neutral,0,2,4,3,14,98.0,93.0,67.0,39.0
11,length4_neutral,0,3,4,3,34,52.0,1.0,85.0,50.0
11,length4_neutral,0,4,4,4,2,63.0,21.0,43.0,28.0
11,length4_neutral,0,5,4,2,5,3.0,93.0,67.0,77.0
11,length4_neutral,0,6,4,3,11,5.0,60.0,53.0,36.0
11,length4_neutral,0,7,4,2,36,12.0,91.0,36.0,95.0
11,length4_neutral,0,8,4,3,40,23.0,40.0,86.0,5.0
11,length4_neutral,0,9,4,4,28,56.0,72.0,22.0,25.0
11,length4_neutral,0,10,4,2,15,81.0,96.0,83.0,71.0
11,length4_neutral,0,11,4,2,32,11.0,98.0,61.0,64.0
11,length4_neutral,0,12,4,3,9,17.0,62.0,80.0,7.0
11,length4_neutral,0,13,4,3,31,42.0,36.0,91.0,16.0
11,length4_neutral,0,14,4,4,3,42.0,80.0,70.0,63.0
11,length4_neutral,0,15,4,4,10,3.0,28.0,25.0,84.0
11,length4_neutral,0,16,4,3,38,35.0,9.0,91.0,24.0
11,length4_neutral,0,17,4,4,39,22.0,26.0,24.0,21.0
11,length4_neutral,0,18,4,2,30,87.0,12.0,50.0,55.0
11,length4_neutral,0,19,4,4,26,36.0,7.0,15.0,44.0
11,length4_neutral,0,20,4,4,12,67.0,63.0,7.0,30.0
11,length4_neutral,0,21,4,1,20,62.0,81.0,72.0,61.0
11,length4_neutral,0,22,4,4,8,64.0,62.0,19.0,48.0
11,length4_neutral,0,23,4,2,22,79.0,69.0,97.0,43.0
11,length4_neutral,0,24,4,4,21,46.0,42.0,6.0,26.0
11,length4_neutral,0,25,4,4,17,62.0,9.0,70.0,94.0
11,length4_neutral,0,26,4,4,6,90.0,54.0,87.0,84.0
11,length4_neutral,0,27,4,2,24,74.0,75.0,43.0,78.0
11,length4_neutral,0,28,4,4,1,85.0,76.0,22.0,16.0
11,length4_neutral,0,29,4,4,18,56.0,34.0,22.0,64.0
11,length4_neutral,0,30,4,4,27,91.0,33.0,54.0,42.0
11,length4_neutral,0,31,4,3,23,50.0,69.0,72.0,20.0
11,length4_neutral,0,32,4,4,16,60.0,57.0,22.0,46.0
11,length4_neutral,0,33,4,4,37,10.0,37.0,84.0,36.0
11,length4_neutral,0,34,4,4,29,22.0,80.0,19.0,2.0
11,length4_neutral,0,35,4,2,25,35.0,86.0,84.0,77.0
11,length4_neutral,0,36,4,2,13,81.0,93.0,69.0,11.0
11,length4_neutral,0,37,4,4,35,67.0,27.0,37.0,45.0
11,length4_neutral,0,38,4,3,7,39.0,59.0,67.0,42.0
11,length4_neutral,0,39,4,4,33,7.0,35.0,27.0,3.0
11,length4_neutral,0,40,4,3,19,42.0,9.0,95.0,26.0
11,length4_plentiful,1,1,4,4,4,76.0,63.0,60.0,79.0
11,length4_plentiful,1,2,4,3,14,88.0,62.0,84.0,73.0
11,length4_plentiful,1,3,4,2,34,69.0,76.0,65.0,90.0
11,length4_plentiful,1,4,4,4,2,39.0,61.0,64.0,54.0
11,length4_plentiful,1,5,4,3,5,72.0,57.0,18.0,71.0
11,length4_plentiful,1,6,4,4,11,63.0,29.0,60.0,75.0
11,length4_plentiful,1,7,4,4,36,60.0,71.0,84.0,81.0
11,length4_plentiful,1,8,4,4,40,95.0,52.0,59.0,36.0
11,length4_plentiful,1,9,4,4,28,17.0,65.0,44.0,96.0
11,length4_plentiful,1,10,4,4,15,72.0,38.0,62.0,86.0
11,length4_plentiful,1,11,4,3,32,70.0,76.0,91.0,82.0
11,length4_plentiful,1,12,4,4,9,68.0,90.0,59.0,60.0
11,length4_plentiful,1,13,4,4,31,68.0,38.0,33.0,47.0
11,length4_plentiful,1,14,4,3,3,83.0,79.0,84.0,66.0
11,length4_plentiful,1,15,4,4,10,60.0,59.0,35.0,67.0
11,length4_plentiful,1,16,4,4,38,54.0,68.0,72.0,89.0
11,length4_plentiful,1,17,4,4,39,93.0,55.0,62.0,57.0
11,length4_plentiful,1,18,4,2,30,85.0,87.0,71.0,48.0
11,length4_plentiful,1,19,4,1,26,90.0,79.0,72.0,89.0
11,length4_plentiful,1,20,4,3,12,73.0,74.0,87.0,55.0
11,length4_plentiful,1,21,4,4,20,59.0,66.0,72.0,76.0
11,length4_plentiful,1,22,4,1,8,97.0,80.0,69.0,43.0
11,length4_plentiful,1,23,4,4,22,68.0,42.0,33.0,92.0
11,length4_plentiful,1,24,4,3,21,54.0,44.0,88.0,87.0
11,length4_plentiful,1,25,4,4,17,39.0,64.0,68.0,57.0
11,length4_plentiful,1,26,4,4,6,74.0,79.0,68.0,66.0
11,length4_plentiful,1,27,4,3,24,83.0,64.0,85.0,97.0
11,length4_plentiful,1,28,4,3,1,76.0,39.0,35.0,72.0
11,length4_plentiful,1,29,4,4,18,62.0,88.0,77.0,71.0
11,length4_plentiful,1,30,4,3,27,57.0,77.0,72.0,85.0
11,length4_plentiful,1,31,4,4,23,65.0,87.0,48.0,77.0
11,length4_plentiful,1,32,4,4,16,51.0,52.0,66.0,84.0
11,length4_plentiful,1,33,4,4,37,89.0,87.0,85.0,49.0
11,length4_plentiful,1,34,4,4,29,79.0,57.0,61.0,74.0
11,length4_plentiful,1,35,4,4,25,73.0,70.0,50.0,88.0
11,length4_plentiful,1,36,4,3,13,76.0,74.0,95.0,89.0
11,length4_plentiful,1,37,4,4,35,91.0,60.0,80.0,79.0
11,length4_plentiful,1,38,4,3,7,82.0,43.0,78.0,58.0
11,length4_plentiful,1,39,4,3,33,75.0,81.0,90.0,92.0
11,length4_plentiful,1,40,4,3,19,71.0,61.0,74.0,84.0
11,length8_neutral,2,1,8,5,4,56.0,15.0,66.0,36.0
11,length8_neutral,2,2,8,2,14,22.0,60.0,87.0,84.0
11,length8_neutral,2,3,8,8,34,63.0,74.0,38.0,46.0
11,length8_neutral,2,4,8,3,2,21.0,42.0,84.0,66.0
11,length8_neutral,2,5,8,7,5,93.0,3.0,8.0,59.0
11,length8_neutral,2,6,8,5,11,39.0,56.0,6.0,13.0
11,length8_neutral,2,7,8,5,36,37.0,60.0,82.0,84.0
11,length8_neutral,2,8,8,3,40,77.0,19.0,97.0,65.0
11,length8_neutral,2,9,8,5,28,14.0,26.0,59.0,37.0
11,length8_neutral,2,10,8,3,15,26.0,21.0,50.0,97.0
11,length8_neutral,2,11,8,3,32,58.0,2.0,87.0,9.0
11,length8_neutral,2,12,8,4,9,31.0,81.0,84.0,16.0
11,length8_neutral,2,13,8,5,31,28.0,24.0,62.0,55.0
11,length8_neutral,2,14,8,3,3,81.0,36.0,74.0,79.0
11,length8_neutral,2,15,8,6,10,85.0,12.0,40.0,50.0
11,length8_neutral,2,16,8,5,38,88.0,45.0,7.0,44.0
11,length8_neutral,2,17,8,2,39,42.0,98.0,63.0,28.0
11,length8_neutral,2,18,8,4,30,41.0,44.0,81.0,91.0
11,length8_neutral,2,19,8,2,26,49.0,63.0,15.0,81.0
11,length8_neutral,2,20,8,4,12,77.0,51.0,10.0,37.0
11,length8_neutral,2,21,8,1,20,87.0,95.0,62.0,79.0
11,length8_neutral,2,22,8,5,8,67.0,8.0,34.0,66.0
11,length8_neutral,2,23,8,4,22,8.0,30.0,59.0,32.0
11,length8_neutral,2,24,8,5,21,8.0,50.0,88.0,47.0
11,length8_neutral,2,25,8,5,17,10.0,8.0,27.0,33.0
11,length8_neutral,2,26,8,3,6,61.0,98.0,9.0,73.0
11,length8_neutral,2,27,8,5,24,62.0,72.0,16.0,4.0
11,length8_neutral,2,28,8,3,1,63.0,79.0,32.0,8.0
11,length8_neutral,2,29,8,6,18,92.0,8.0,20.0,75.0
11,length8_neutral,2,30,8,2,27,94.0,62.0,84.0,37.0
11,length8_neutral,2,31,8,1,23,94.0,87.0,24.0,12.0
11,length8_neutral,2,32,8,2,16,45.0,80.0,19.0,64.0
11,length8_neutral,2,33,8,4,37,77.0,66.0,91.0,36.0
11,length8_neutral,2,34,8,2,29,28.0,62.0,65.0,57.0
11,length8_neutral,2,35,8,7,25,7.0,39.0,73.0,35.0
11,length8_neutral,2,36,8,3,13,5.0,75.0,64.0,20.0
11,length8_neutral,2,37,8,6,35,2.0,49.0,12.0,5.0
11,length8_neutral,2,38,8,1,7,95.0,10.0,64.0,84.0
11,length8_neutral,2,39,8,3,33,93.0,5.0,57.0,61.0
11,length8_neutral,2,40,8,3,19,83.0,52.0,96.0,53.0
11,length8_plentiful,3,1,8,5,4,50.0,44.0,45.0,43.0
11,length8_plentiful,3,2,8,5,14,51.0,62.0,93.0,33.0
11,length8_plentiful,3,3,8,8,34,27.0,36.0,79.0,81.0
11,length8_plentiful,3,4,8,1,2,79.0,40.0,37.0,95.0
11,length8_plentiful,3,5,8,1,5,80.0,66.0,70.0,84.0
11,length8_plentiful,3,6,8,5,11,57.0,72.0,63.0,58.0
11,length8_plentiful,3,7,8,5,36,80.0,73.0,61.0,77.0
11,length8_plentiful,3,8,8,5,40,88.0,75.0,80.0,82.0
11,length8_plentiful,3,9,8,4,28,31.0,89.0,67.0,86.0
11,length8_plentiful,3,10,8,8,15,84.0,32.0,59.0,89.0
11,length8_plentiful,3,11,8,5,32,78.0,97.0,53.0,55.0
11,length8_plentiful,3,12,8,5,9,30.0,52.0,54.0,60.0
11,length8_plentiful,3,13,8,2,31,69.0,85.0,44.0,93.0
11,length8_plentiful,3,14,8,5,3,49.0,57.0,62.0,73.0
11,length8_plentiful,3,15,8,1,10,82.0,86.0,52.0,87.0
11,length8_plentiful,3,16,8,5,38,94.0,51.0,79.0,78.0
11,length8_plentiful,3,17,8,5,39,93.0,94.0,26.0,54.0
11,length8_plentiful,3,18,8,5,30,91.0,35.0,56.0,87.0
11,length8_plentiful,3,19,8,2,26,71.0,80.0,36.0,31.0
11,length8_plentiful,3,20,8,5,12,70.0,63.0,53.0,91.0
11,length8_plentiful,3,21,8,4,20,82.0,80.0,18.0,56.0
11,length8_plentiful,3,22,8,5,8,75.0,35.0,79.0,89.0
11,length8_plentiful,3,23,8,4,22,68.0,38.0,35.0,69.0
11,length8_plentiful,3,24,8,5,21,43.0,66.0,74.0,80.0
11,length8_plentiful,3,25,8,2,17,57.0,71.0,97.0,81.0
11,length8_plentiful,3,26,8,5,6,79.0,61.0,62.0,90.0
11,length8_plentiful,3,27,8,4,24,49.0,73.0,57.0,58.0
11,length8_plentiful,3,28,8,1,1,49.0,38.0,81.0,69.0
11,length8_plentiful,3,29,8,4,18,54.0,78.0,52.0,65.0
11,length8_plentiful,3,30,8,5,27,41.0,69.0,63.0,55.0
11,length8_plentiful,3,31,8,5,23,59.0,85.0,46.0,78.0
11,length8_plentiful,3,32,8,1,16,93.0,85.0,92.0,62.0
11,length8_plentiful,3,33,8,8,37,65.0,69.0,88.0,42.0
11,length8_plentiful,3,34,8,8,29,68.0,48.0,71.0,45.0
11,length8_plentiful,3,35,8,3,25,64.0,57.0,75.0,76.0
11,length8_plentiful,3,36,8,4,13,72.0,52.0,49.0,61.0
11,length8_plentiful,3,37,8,5,35,86.0,64.0,24.0,52.0
11,length8_plentiful,3,38,8,5,7,41.0,59.0,25.0,75.0
11,length8_plentiful,3,39,8,5,33,52.0,76.0,67.0,55.0
11,length8_plentiful,3,40,8,1,19,63.0,86.0,82.0,55.0
12,length4_neutral,0,1,4,1,28,49.0,39.0,25.0,81.0
12,length4_neutral,0,2,4,1,39,98.0,93.0,67.0,39.0
12,length4_neutral,0,3,4,3,32,52.0,1.0,85.0,50.0
12,length4_neutral,0,4,4,1,18,63.0,21.0,43.0,28.0
12,length4_neutral,0,5,4,2,31,3.0,93.0,67.0,77.0
12,length4_neutral,0,6,4,2,2,5.0,60.0,53.0,36.0
12,length4_neutral,0,7,4,2,30,12.0,91.0,36.0,95.0
12,length4_neutral,0,8,4,3,1,23.0,40.0,86.0,5.0
12,length4_neutral,0,9,4,2,13,56.0,72.0,22.0,25.0
12,length4_neutral,0,10,4,1,5,81.0,96.0,83.0,71.0
12,length4_neutral,0,11,4,2,24,11.0,98.0,61.0,64.0
12,length4_neutral,0,12,4,2,23,17.0,62.0,80.0,7.0
12,length4_neutral,0,13,4,3,12,42.0,36.0,91.0,16.0
12,length4_neutral,0,14,4,2,29,42.0,80.0,70.0,63.0
12,length4_neutral,0,15,4,4,9,3.0,28.0,25.0,84.0
12,length4_neutral,0,16,4,3,19,35.0,9.0,91.0,24.0
12,length4_neutral,0,17,4,2,7,22.0,26.0,24.0,21.0
12,length4_neutral,0,18,4,1,35,87.0,12.0,50.0,55.0
12,length4_neutral,0,19,4,4,6,36.0,7.0,15.0,44.0
12,length4_neutral,0,20,4,1,36,67.0,63.0,7.0,30.0
12,length4_neutral,0,21,4,2,27,62.0,81.0,72.0,61.0
12,length4_neutral,0,22,4,4,37,64.0,62.0,19.0,48.0
12,length4_neutral,0,23,4,1,16,79.0,69.0,97.0,43.0
12,length4_neutral,0,24,4,4,38,46.0,42.0,6.0,26.0
12,length4_neutral,0,25,4,1,8,62.0,9.0,70.0,94.0
12,length4_neutral,0,26,4,1,22,90.0,54.0,87.0,84.0
12,length4_neutral,0,27,4,2,14,74.0,75.0,43.0,78.0
12,length4_neutral,0,28,4,1,11,85.0,76.0,22.0,16.0
12,length4_neutral,0,29,4,4,15,56.0,34.0,22.0,64.0
12,length4_neutral,0,30,4,1,4,91.0,33.0,54.0,42.0
12,length4_neutral,0,31,4,1,17,50.0,69.0,72.0,20.0
12,length4_neutral,0,32,4,1,26,60.0,57.0,22.0,46.0
12,length4_neutral,0,33,4,3,20,10.0,37.0,84.0,36.0
12,length4_neutral,0,34,4,2,25,22.0,80.0,19.0,2.0
12,length4_neutral,0,35,4,2,40,35.0,86.0,84.0,77.0
12,length4_neutral,0,36,4,1,33,81.0,93.0,69.0,11.0
12,length4_neutral,0,37,4,4,10,67.0,27.0,37.0,45.0
12,length4_neutral,0,38,4,2,21,39.0,59.0,67.0,42.0
12,length4_neutral,0,39,4,2,34,7.0,35.0,27.0,3.0
12,length4_neutral,0,40,4,3,3,42.0,9.0,95.0,26.0
12,length4_plentiful,1,1,4,1,28,76.0,63.0,60.0,79.0
12,length4_plentiful,1,2,4,1,39,88.0,62.0,84.0,73.0
12,length4_plentiful,1,3,4,2,32,69.0,76.0,65.0,90.0
12,length4_plentiful,1,4,4,4,18,39.0,61.0,64.0,54.0
12,length4_plentiful,1,5,4,4,31,72.0,57.0,18.0,71.0
12,length4_plentiful,1,6,4,4,2,63.0,29.0,60.0,75.0
12,length4_plentiful,1,7,4,2,30,60.0,71.0,84.0,81.0
12,length4_plentiful,1,8,4,1,1,95.0,52.0,59.0,36.0
12,length4_plentiful,1,9,4,4,13,17.0,65.0,44.0,96.0
12,length4_plentiful,1,10,4,1,5,72.0,38.0,62.0,86.0
12,length4_plentiful,1,11,4,1,24,70.0,76.0,91.0,82.0
12,length4_plentiful,1,12,4,2,23,68.0,90.0,59.0,60.0
12,length4_plentiful,1,13,4,4,12,68.0,38.0,33.0,47.0
12,length4_plentiful,1,14,4,1,29,83.0,79.0,84.0,66.0
12,length4_plentiful,1,15,4,4,9,60.0,59.0,35.0,67.0
12,length4_plentiful,1,16,4,2,19,54.0,68.0,72.0,89.0
12,length4_plentiful,1,17,4,1,7,93.0,55.0,62.0,57.0
12,length4_plentiful,1,18,4,1,35,85.0,87.0,71.0,48.0
12,length4_plentiful,1,19,4,1,6,90.0,79.0,72.0,89.0
12,length4_plentiful,1,20,4,1,36,73.0,74.0,87.0,55.0
12,length4_plentiful,1,21,4,3,27,59.0,66.0,72.0,76.0
12,length4_plentiful,1,22,4,1,37,97.0,80.0,69.0,43.0
12,length4_plentiful,1,23,4,4,16,68.0,42.0,33.0,92.0
12,length4_plentiful,1,24,4,3,38,54.0,44.0,88.0,87.0
12,length4_plentiful,1,25,4,2,8,39.0,64.0,68.0,57.0
12,length4_plentiful,1,26,4,2,22,74.0,79.0,68.0,66.0
12,length4_plentiful,1,27,4,3,14,83.0,64.0,85.0,97.0
12,length4_plentiful,1,28,4,1,11,76.0,39.0,35.0,72.0
12,length4_plentiful,1,29,4,2,15,62.0,88.0,77.0,71.0
12,length4_plentiful,1,30,4,2,4,57.0,77.0,72.0,85.0
12,length4_plentiful,1,31,4,2,17,65.0,87.0,48.0,77.0
12,length4_plentiful,1,32,4,3,26,51.0,52.0,66.0,84.0
12,length4_plentiful,1,33,4,1,20,89.0,87.0,85.0,49.0
12,length4_plentiful,1,34,4,1,25,79.0,57.0,61.0,74.0
12,length4_plentiful,1,35,4,4,40,73.0,70.0,50.0,88.0
12,length4_plentiful,1,36,4,3,33,76.0,74.0,95.0,89.0
12,length4_plentiful,1,37,4,1,10,91.0,60.0,80.0,79.0
12,length4_plentiful,1,38,4,1,21,82.0,43.0,78.0,58.0
12,length4_plentiful,1,39,4,1,34,75.0,81.0,90.0,92.0
12,length4_plentiful,1,40,4,1,3,71.0,61.0,74.0,84.0
12,length8_neutral,2,1,8,5,28,56.0,15.0,66.0,36.0
12,length8_neutral,2,2,8,6,39,22.0,60.0,87.0,84.0
12,length8_neutral,2,3,8,8,32,63.0,74.0,38.0,46.0
12,length8_neutral,2,4,8,3,18,21.0,42.0,84.0,66.0
12,length8_neutral,2,5,8,1,31,93.0,3.0,8.0,59.0
12,length8_neutral,2,6,8,7,2,39.0,56.0,6.0,13.0
12,length8_neutral,2,7,8,3,30,37.0,60.0,82.0,84.0
12,length8_neutral,2,8,8,1,1,77.0,19.0,97.0,65.0
12,length8_neutral,2,9,8,8,13,14.0,26.0,59.0,37.0
12,length8_neutral,2,10,8,3,5,26.0,21.0,50.0,97.0
12,length8_neutral,2,11,8,5,24,58.0,2.0,87.0,9.0
12,length8_neutral,2,12,8,2,23,31.0,81.0,84.0,16.0
12,length8_neutral,2,13,8,8,12,28.0,24.0,62.0,55.0
12,length8_neutral,2,14,8,8,29,81.0,36.0,74.0,79.0
12,length8_neutral,2,15,8,1,9,85.0,12.0,40.0,50.0
12,length8_neutral,2,16,8,1,19,88.0,45.0,7.0,44.0
12,length8_neutral,2,17,8,2,7,42.0,98.0,63.0,28.0
12,length8_neutral,2,18,8,3,35,41.0,44.0,81.0,91.0
12,length8_neutral,2,19,8,4,6,49.0,63.0,15.0,81.0
12,length8_neutral,2,20,8,1,36,77.0,51.0,10.0,37.0
12,length8_neutral,2,21,8,1,27,87.0,95.0,62.0,79.0
12,length8_neutral,2,22,8,5,37,67.0,8.0,34.0,66.0
12,length8_neutral,2,23,8,8,16,8.0,30.0,59.0,32.0
12,length8_neutral,2,24,8,5,38,8.0,50.0,88.0,47.0
12,length8_neutral,2,25,8,4,8,10.0,8.0,27.0,33.0
12,length8_neutral,2,26,8,2,22,61.0,98.0,9.0,73.0
12,length8_neutral,2,27,8,2,14,62.0,72.0,16.0,4.0
12,length8_neutral,2,28,8,2,11,63.0,79.0,32.0,8.0
12,length8_neutral,2,29,8,1,15,92.0,8.0,20.0,75.0
12,length8_neutral,2,30,8,1,4,94.0,62.0,84.0,37.0
12,length8_neutral,2,31,8,1,17,94.0,87.0,24.0,12.0
12,length8_neutral,2,32,8,2,26,45.0,80.0,19.0,64.0
12,length8_neutral,2,33,8,3,20,77.0,66.0,91.0,36.0
12,length8_neutral,2,34,8,5,25,28.0,62.0,65.0,57.0
12,length8_neutral,2,35,8,7,40,7.0,39.0,73.0,35.0
12,length8_neutral,2,36,8,2,33,5.0,75.0,64.0,20.0
12,length8_neutral,2,37,8,6,10,2.0,49.0,12.0,5.0
12,length8_neutral,2,38,8,1,21,95.0,10.0,64.0,84.0
12,length8_neutral,2,39,8,1,34,93.0,5.0,57.0,61.0
12,length8_neutral,2,40,8,1,3,83.0,52.0,96.0,53.0
12,length8_plentiful,3,1,8,5,28,50.0,44.0,45.0,43.0
12,length8_plentiful,3,2,8,3,39,51.0,62.0,93.0,33.0
12,length8_plentiful,3,3,8,3,32,27.0,36.0,79.0,81.0
12,length8_plentiful,3,4,8,1,18,79.0,40.0,37.0,95.0
12,length8_plentiful,3,5,8,4,31,80.0,66.0,70.0,84.0
12,length8_plentiful,3,6,8,6,2,57.0,72.0,63.0,58.0
12,length8_plentiful,3,7,8,1,30,80.0,73.0,61.0,77.0
12,length8_plentiful,3,8,8,1,1,88.0,75.0,80.0,82.0
12,length8_plentiful,3,9,8,2,13,31.0,89.0,67.0,86.0
12,length8_plentiful,3,10,8,1,5,84.0,32.0,59.0,89.0
12,length8_plentiful,3,11,8,1,24,78.0,97.0,53.0,55.0
12,length8_plentiful,3,12,8,5,23,30.0,52.0,54.0,60.0
12,length8_plentiful,3,13,8,2,12,69.0,85.0,44.0,93.0
12,length8_plentiful,3,14,8,4,29,49.0,57.0,62.0,73.0
12,length8_plentiful,3,15,8,1,9,82.0,86.0,52.0,87.0
12,length8_plentiful,3,16,8,1,19,94.0,51.0,79.0,78.0
12,length8_plentiful,3,17,8,1,7,93.0,94.0,26.0,54.0
12,length8_plentiful,3,18,8,1,35,91.0,35.0,56.0,87.0
12,length8_plentiful,3,19,8,6,6,71.0,80.0,36.0,31.0
12,length8_plentiful,3,20,8,4,36,70.0,63.0,53.0,91.0
12,length8_plentiful,3,21,8,8,27,82.0,80.0,18.0,56.0
12,length8_plentiful,3,22,8,1,37,75.0,35.0,79.0,89.0
12,length8_plentiful,3,23,8,5,16,68.0,38.0,35.0,69.0
12,length8_plentiful,3,24,8,5,38,43.0,66.0,74.0,80.0
12,length8_plentiful,3,25,8,3,8,57.0,71.0,97.0,81.0
12,length8_plentiful,3,26,8,1,22,79.0,61.0,62.0,90.0
12,length8_plentiful,3,27,8,1,14,49.0,73.0,57.0,58.0
12,length8_plentiful,3,28,8,3,11,49.0,38.0,81.0,69.0
12,length8_plentiful,3,29,8,8,15,54.0,78.0,52.0,65.0
12,length8_plentiful,3,30,8,5,4,41.0,69.0,63.0,55.0
12,length8_plentiful,3,31,8,2,17,59.0,85.0,46.0,78.0
12,length8_plentiful,3,32,8,1,26,93.0,85.0,92.0,62.0
12,length8_plentiful,3,33,8,2,20,65.0,69.0,88.0,42.0
12,length8_plentiful,3,34,8,3,25,68.0,48.0,71.0,45.0
12,length8_plentiful,3,35,8,8,40,64.0,57.0,75.0,76.0
12,length8_plentiful,3,36,8,8,33,72.0,52.0,49.0,61.0
12,length8_plentiful,3,37,8,8,10,86.0,64.0,24.0,52.0
12,length8_plentiful,3,38,8,5,21,41.0,59.0,25.0,75.0
12,length8_plentiful,3,39,8,8,34,52.0,76.0,67.0,55.0
12,length8_plentiful,3,40,8,2,3,63.0,86.0,82.0,55.0
13,length4_neutral,0,1,4,4,11,49.0,39.0,25.0,81.0
13,length4_neutral,0,2,4,1,24,98.0,93.0,67.0,39.0
13,length4_neutral,0,3,4,3,13,52.0,1.0,85.0,50.0
13,length4_neutral,0,4,4,1,30,63.0,21.0,43.0,28.0
13,length4_neutral,0,5,4,2,14,3.0,93.0,67.0,77.0
13,length4_neutral,0,6,4,2,26,5.0,60.0,53.0,36.0
13,length4_neutral,0,7,4,2,2,12.0,91.0,36.0,95.0
13,length4_neutral,0,8,4,3,12,23.0,40.0,86.0,5.0
13,length4_neutral,0,9,4,4,18,56.0,72.0,22.0,25.0
13,length4_neutral,0,10,4,1,34,81.0,96.0,83.0,71.0
13,length4_neutral,0,11,4,2,39,11.0,98.0,61.0,64.0
13,length4_neutral,0,12,4,3,15,17.0,62.0,80.0,7.0
13,length4_neutral,0,13,4,3,22,42.0,36.0,91.0,16.0
13,length4_neutral,0,14,4,2,5,42.0,80.0,70.0,63.0
13,length4_neutral,0,15,4,4,20,3.0,28.0,25.0,84.0
13,length4_neutral,0,16,4,3,25,35.0,9.0,91.0,24.0
13,length4_neutral,0,17,4,4,1,22.0,26.0,24.0,21.0
13,length4_neutral,0,18,4,1,31,87.0,12.0,50.0,55.0
13,length4_neutral,0,19,4,4,21,36.0,7.0,15.0,44.0
13,length4_neutral,0,20,4,1,19,67.0,63.0,7.0,30.0
13,length4_neutral,0,21,4,2,35,62.0,81.0,72.0,61.0
13,length4_neutral,0,22,4,1,10,64.0,62.0,19.0,48.0
13,length4_neutral,0,23,4,1,32,79.0,69.0,97.0,43.0
13,length4_neutral,0,24,4,4,37,46.0,42.0,6.0,26.0
13,length4_neutral,0,25,4,1,3,62.0,9.0,70.0,94.0
13,length4_neutral,0,26,4,1,7,90.0,54.0,87.0,84.0
13,length4_neutral,0,27,4,1,8,74.0,75.0,43.0,78.0
13,length4_neutral,0,28,4,1,40,85.0,76.0,22.0,16.0
13,length4_neutral,0,29,4,4,23,56.0,34.0,22.0,64.0
13,length4_neutral,0,30,4,1,9,91.0,33.0,54.0,42.0
13,length4_neutral,0,31,4,2,17,50.0,69.0,72.0,20.0
13,length4_neutral,0,32,4,4,36,60.0,57.0,22.0,46.0
13,length4_neutral,0,33,4,3,28,10.0,37.0,84.0,36.0
13,length4_neutral,0,34,4,2,27,22.0,80.0,19.0,2.0
13,length4_neutral,0,35,4,2,16,35.0,86.0,84.0,77.0
13,length4_neutral,0,36,4,1,38,81.0,93.0,69.0,11.0
13,length4_neutral,0,37,4,1,29,67.0,27.0,37.0,45.0
13,length4_neutral,0,38,4,2,33,39.0,59.0,67.0,42.0
13,length4_neutral,0,39,4,4,6,7.0,35.0,27.0,3.0
13,length4_neutral,0,40,4,3,4,42.0,9.0,95.0,26.0
13,length4_plentiful,1,1,4,1,11,76.0,63.0,60.0,79.0
13,length4_plentiful,1,2,4,1,24,88.0,62.0,84.0,73.0
13,length4_plentiful,1,3,4,4,13,69.0,76.0,65.0,90.0
13,length4_plentiful,1,4,4,4,30,39.0,61.0,64.0,54.0
13,length4_plentiful,1,5,4,4,14,72.0,57.0,18.0,71.0
13,length4_plentiful,1,6,4,4,26,63.0,29.0,60.0,75.0
13,length4_plentiful,1,7,4,3,2,60.0,71.0,84.0,81.0
13,length4_plentiful,1,8,4,1,12,95.0,52.0,59.0,36.0
13,length4_plentiful,1,9,4,4,18,17.0,65.0,44.0,96.0
13,length4_plentiful,1,10,4,4,34,72.0,38.0,62.0,86.0
13,length4_plentiful,1,11,4,1,39,70.0,76.0,91.0,82.0
13,length4_plentiful,1,12,4,2,15,68.0,90.0,59.0,60.0
13,length4_plentiful,1,13,4,4,22,68.0,38.0,33.0,47.0
13,length4_plentiful,1,14,4,1,5,83.0,79.0,84.0,66.0
13,length4_plentiful,1,15,4,4,20,60.0,59.0,35.0,67.0
13,length4_plentiful,1,16,4,4,25,54.0,68.0,72.0,89.0
13,length4_plentiful,1,17,4,1,1,93.0,55.0,62.0,57.0
13,length4_plentiful,1,18,4,1,31,85.0,87.0,71.0,48.0
13,length4_plentiful,1,19,4,1,21,90.0,79.0,72.0,89.0
13,length4_plentiful,1,20,4,2,19,73.0,74.0,87.0,55.0
13,length4_plentiful,1,21,4,3,35,59.0,66.0,72.0,76.0
13,length4_plentiful,1,22,4,1,10,97.0,80.0,69.0,43.0
13,length4_plentiful,1,23,4,4,32,68.0,42.0,33.0,92.0
13,length4_plentiful,1,24,4,3,37,54.0,44.0,88.0,87.0
13,length4_plentiful,1,25,4,2,3,39.0,64.0,68.0,57.0
13,length4_plentiful,1,26,4,2,7,74.0,79.0,68.0,66.0
13,length4_plentiful,1,27,4,1,8,83.0,64.0,85.0,97.0
13,length4_plentiful,1,28,4,4,40,76.0,39.0,35.0,72.0
13,length4_plentiful,1,29,4,2,23,62.0,88.0,77.0,71.0
13,length4_plentiful,1,30,4,2,9,57.0,77.0,72.0,85.0
13,length4_plentiful,1,31,4,2,17,65.0,87.0,48.0,77.0
13,length4_plentiful,1,32,4,3,36,51.0,52.0,66.0,84.0
13,length4_plentiful,1,33,4,1,28,89.0,87.0,85.0,49.0
13,length4_plentiful,1,34,4,4,27,79.0,57.0,61.0,74.0
13,length4_plentiful,1,35,4,4,16,73.0,70.0,50.0,88.0
13,length4_plentiful,1,36,4,3,38,76.0,74.0,95.0,89.0
13,length4_plentiful,1,37,4,1,29,91.0,60.0,80.0,79.0
13,length4_plentiful,1,38,4,1,33,82.0,43.0,78.0,58.0
13,length4_plentiful,1,39,4,1,6,75.0,81.0,90.0,92.0
13,length4_plentiful,1,40,4,3,4,71.0,61.0,74.0,84.0
13,length8_neutral,2,1,8,3,11,56.0,15.0,66.0,36.0
13,length8_neutral,2,2,8,3,24,22.0,60.0,87.0,84.0
13,length8_neutral,2,3,8,2,13,63.0,74.0,38.0,46.0
13,length8_neutral,2,4,8,3,30,21.0,42.0,84.0,66.0
13,length8_neutral,2,5,8,1,14,93.0,3.0,8.0,59.0
13,length8_neutral,2,6,8,7,26,39.0,56.0,6.0,13.0
13,length8_neutral,2,7,8,3,2,37.0,60.0,82.0,84.0
13,length8_neutral,2,8,8,3,12,77.0,19.0,97.0,65.0
13,length8_neutral,2,9,8,5,18,14.0,26.0,59.0,37.0
13,length8_neutral,2,10,8,4,34,26.0,21.0,50.0,97.0
13,length8_neutral,2,11,8,1,39,58.0,2.0,87.0,9.0
13,length8_neutral,2,12,8,3,15,31.0,81.0,84.0,16.0
13,length8_neutral,2,13,8,7,22,28.0,24.0,62.0,55.0
13,length8_neutral,2,14,8,1,5,81.0,36.0,74.0,79.0
13,length8_neutral,2,15,8,6,20,85.0,12.0,40.0,50.0
13,length8_neutral,2,16,8,1,25,88.0,45.0,7.0,44.0
13,length8_neutral,2,17,8,2,1,42.0,98.0,63.0,28.0
13,length8_neutral,2,18,8,4,31,41.0,44.0,81.0,91.0
13,length8_neutral,2,19,8,7,21,49.0,63.0,15.0,81.0
13,length8_neutral,2,20,8,8,19,77.0,51.0,10.0,37.0
13,length8_neutral,2,21,8,1,35,87.0,95.0,62.0,79.0
13,length8_neutral,2,22,8,8,10,67.0,8.0,34.0,66.0
13,length8_neutral,2,23,8,8,32,8.0,30.0,59.0,32.0
13,length8_neutral,2,24,8,3,37,8.0,50.0,88.0,47.0
13,length8_neutral,2,25,8,7,3,10.0,8.0,27.0,33.0
13,length8_neutral,2,26,8,2,7,61.0,98.0,9.0,73.0
13,length8_neutral,2,27,8,6,8,62.0,72.0,16.0,4.0
13,length8_neutral,2,28,8,8,40,63.0,79.0,32.0,8.0
13,length8_neutral,2,29,8,1,23,92.0,8.0,20.0,75.0
13,length8_neutral,2,30,8,1,9,94.0,62.0,84.0,37.0
13,length8_neutral,2,31,8,1,17,94.0,87.0,24.0,12.0
13,length8_neutral,2,32,8,2,36,45.0,80.0,19.0,64.0
13,length8_neutral,2,33,8,3,28,77.0,66.0,91.0,36.0
13,length8_neutral,2,34,8,6,27,28.0,62.0,65.0,57.0
13,length8_neutral,2,35,8,8,16,7.0,39.0,73.0,35.0
13,length8_neutral,2,36,8,2,38,5.0,75.0,64.0,20.0
13,length8_neutral,2,37,8,6,29,2.0,49.0,12.0,5.0
13,length8_neutral,2,38,8,1,33,95.0,10.0,64.0,84.0
13,length8_neutral,2,39,8,1,6,93.0,5.0,57.0,61.0
13,length8_neutral,2,40,8,1,4,83.0,52.0,96.0,53.0
13,length8_plentiful,3,1,8,8,11,50.0,44.0,45.0,43.0
13,length8_plentiful,3,2,8,3,24,51.0,62.0,93.0,33.0
13,length8_plentiful,3,3,8,5,13,27.0,36.0,79.0,81.0
13,length8_plentiful,3,4,8,8,30,79.0,40.0,37.0,95.0
13,length8_plentiful,3,5,8,4,14,80.0,66.0,70.0,84.0
13,length8_plentiful,3,6,8,6,26,57.0,72.0,63.0,58.0
13,length8_plentiful,3,7,8,5,2,80.0,73.0,61.0,77.0
13,length8_plentiful,3,8,8,1,12,88.0,75.0,80.0,82.0
13,length8_plentiful,3,9,8,2,18,31.0,89.0,67.0,86.0
13,length8_plentiful,3,10,8,1,34,84.0,32.0,59.0,89.0
13,length8_plentiful,3,11,8,2,39,78.0,97.0,53.0,55.0
13,length8_plentiful,3,12,8,5,15,30.0,52.0,54.0,60.0
13,length8_plentiful,3,13,8,4,22,69.0,85.0,44.0,93.0
13,length8_plentiful,3,14,8,8,5,49.0,57.0,62.0,73.0
13,length8_plentiful,3,15,8,1,20,82.0,86.0,52.0,87.0
13,length8_plentiful,3,16,8,1,25,94.0,51.0,79.0,78.0
13,length8_plentiful,3,17,8,1,1,93.0,94.0,26.0,54.0
13,length8_plentiful,3,18,8,1,31,91.0,35.0,56.0,87.0
13,length8_plentiful,3,19,8,6,21,71.0,80.0,36.0,31.0
13,length8_plentiful,3,20,8,4,19,70.0,63.0,53.0,91.0
13,length8_plentiful,3,21,8,8,35,82.0,80.0,18.0,56.0
13,length8_plentiful,3,22,8,4,10,75.0,35.0,79.0,89.0
13,length8_plentiful,3,23,8,8,32,68.0,38.0,35.0,69.0
13,length8_plentiful,3,24,8,5,37,43.0,66.0,74.0,80.0
13,length8_plentiful,3,25,8,3,3,57.0,71.0,97.0,81.0
13,length8_plentiful,3,26,8,1,7,79.0,61.0,62.0,90.0
13,length8_plentiful,3,27,8,8,8,49.0,73.0,57.0,58.0
13,length8_plentiful,3,28,8,3,40,49.0,38.0,81.0,69.0
13,length8_plentiful,3,29,8,5,23,54.0,78.0,52.0,65.0
13,length8_plentiful,3,30,8,8,9,41.0,69.0,63.0,55.0
13,length8_plentiful,3,31,8,8,17,59.0,85.0,46.0,78.0
13,length8_plentiful,3,32,8,1,36,93.0,85.0,92.0,62.0
13,length8_plentiful,3,33,8,3,28,65.0,69.0,88.0,42.0
13,length8_plentiful,3,34,8,6,27,68.0,48.0,71.0,45.0
13,length8_plentiful,3,35,8,4,16,64.0,57.0,75.0,76.0
13,length8_plentiful,3,36,8,8,38,72.0,52.0,49.0,61.0
13,length8_plentiful,3,37,8,1,29,86.0,64.0,24.0,52.0
13,length8_plentiful,3,38,8,5,33,41.0,59.0,25.0,75.0
13,length8_plentiful,3,39,8,8,6,52.0,76.0,67.0,55.0
13,length8_plentiful,3,40,8,2,4,63.0,86.0,82.0,55.0
14,length4_neutral,0,1,4,4,26,49.0,39.0,25.0,81.0
14,length4_neutral,0,2,4,2,31,98.0,93.0,67.0,39.0
14,length4_neutral,0,3,4,4,7,52.0,1.0,85.0,50.0
14,length4_neutral,0,4,4,4,32,63.0,21.0,43.0,28.0
14,length4_neutral,0,5,4,2,17,3.0,93.0,67.0,77.0
14,length4_neutral,0,6,4,4,21,5.0,60.0,53.0,36.0
14,length4_neutral,0,7,4,2,11,12.0,91.0,36.0,95.0
14,length4_neutral,0,8,4,3,29,23.0,40.0,86.0,5.0
14,length4_neutral,0,9,4,4,40,56.0,72.0,22.0,25.0
14,length4_neutral,0,10,4,4,34,81.0,96.0,83.0,71.0
14,length4_neutral,0,11,4,2,33,11.0,98.0,61.0,64.0
14,length4_neutral,0,12,4,3,27,17.0,62.0,80.0,7.0
14,length4_neutral,0,13,4,4,37,42.0,36.0,91.0,16.0
14,length4_neutral,0,14,4,2,14,42.0,80.0,70.0,63.0
14,length4_neutral,0,15,4,4,23,3.0,28.0,25.0,84.0
14,length4_neutral,0,16,4,3,30,35.0,9.0,91.0,24.0
14,length4_neutral,0,17,4,3,9,22.0,26.0,24.0,21.0
14,length4_neutral,0,18,4,4,22,87.0,12.0,50.0,55.0
14,length4_neutral,0,19,4,4,5,36.0,7.0,15.0,44.0
14,length4_neutral,0,20,4,4,18,67.0,63.0,7.0,30.0
14,length4_neutral,0,21,4,1,3,62.0,81.0,72.0,61.0
14,length4_neutral,0,22,4,4,39,64.0,62.0,19.0,48.0
14,length4_neutral,0,23,4,3,24,79.0,69.0,97.0,43.0
14,length4_neutral,0,24,4,4,13,46.0,42.0,6.0,26.0
14,length4_neutral,0,25,4,4,20,62.0,9.0,70.0,94.0
14,length4_neutral,0,26,4,1,12,90.0,54.0,87.0,84.0
14,length4_neutral,0,27,4,4,2,74.0,75.0,43.0,78.0
14,length4_neutral,0,28,4,4,19,85.0,76.0,22.0,16.0
14,length4_neutral,0,29,4,4,1,56.0,34.0,22.0,64.0
14,length4_neutral,0,30,4,4,38,91.0,33.0,54.0,42.0
14,length4_neutral,0,31,4,3,6,50.0,69.0,72.0,20.0
14,length4_neutral,0,32,4,4,36,60.0,57.0,22.0,46.0
14,length4_neutral,0,33,4,3,25,10.0,37.0,84.0,36.0
14,length4_neutral,0,34,4,4,4,22.0,80.0,19.0,2.0
14,length4_neutral,0,35,4,2,28,35.0,86.0,84.0,77.0
14,length4_neutral,0,36,4,2,10,81.0,93.0,69.0,11.0
14,length4_neutral,0,37,4,4,15,67.0,27.0,37.0,45.0
14,length4_neutral,0,38,4,4,8,39.0,59.0,67.0,42.0
14,length4_neutral,0,39,4,4,16,7.0,35.0,27.0,3.0
14,length4_neutral,0,40,4,3,35,42.0,9.0,95.0,26.0
14,length4_plentiful,1,1,4,4,26,76.0,63.0,60.0,79.0
14,length4_plentiful,1,2,4,4,31,88.0,62.0,84.0,73.0
14,length4_plentiful,1,3,4,4,7,69.0,76.0,65.0,90.0
14,length4_plentiful,1,4,4,4,32,39.0,61.0,64.0,54.0
14,length4_plentiful,1,5,4,4,17,72.0,57.0,18.0,71.0
14,length4_plentiful,1,6,4,3,21,63.0,29.0,60.0,75.0
14,length4_plentiful,1,7,4,3,11,60.0,71.0,84.0,81.0
14,length4_plentiful,1,8,4,1,29,95.0,52.0,59.0,36.0
14,length4_plentiful,1,9,4,3,40,17.0,65.0,44.0,96.0
14,length4_plentiful,1,10,4,3,34,72.0,38.0,62.0,86.0
14,length4_plentiful,1,11,4,3,33,70.0,76.0,91.0,82.0
14,length4_plentiful,1,12,4,2,27,68.0,90.0,59.0,60.0
14,length4_plentiful,1,13,4,4,37,68.0,38.0,33.0,47.0
14,length4_plentiful,1,14,4,3,14,83.0,79.0,84.0,66.0
14,length4_plentiful,1,15,4,4,23,60.0,59.0,35.0,67.0
14,length4_plentiful,1,16,4,4,30,54.0,68.0,72.0,89.0
14,length4_plentiful,1,17,4,4,9,93.0,55.0,62.0,57.0
14,length4_plentiful,1,18,4,1,22,85.0,87.0,71.0,48.0
14,length4_plentiful,1,19,4,1,5,90.0,79.0,72.0,89.0
14,length4_plentiful,1,20,4,2,18,73.0,74.0,87.0,55.0
14,length4_plentiful,1,21,4,3,3,59.0,66.0,72.0,76.0
14,length4_plentiful,1,22,4,4,39,97.0,80.0,69.0,43.0
14,length4_plentiful,1,23,4,4,24,68.0,42.0,33.0,92.0
14,length4_plentiful,1,24,4,3,13,54.0,44.0,88.0,87.0
14,length4_plentiful,1,25,4,4,20,39.0,64.0,68.0,57.0
14,length4_plentiful,1,26,4,1,12,74.0,79.0,68.0,66.0
14,length4_plentiful,1,27,4,3,2,83.0,64.0,85.0,97.0
14,length4_plentiful,1,28,4,4,19,76.0,39.0,35.0,72.0
14,length4_plentiful,1,29,4,2,1,62.0,88.0,77.0,71.0
14,length4_plentiful,1,30,4,3,38,57.0,77.0,72.0,85.0
14,length4_plentiful,1,31,4,4,6,65.0,87.0,48.0,77.0
14,length4_plentiful,1,32,4,3,36,51.0,52.0,66.0,84.0
14,length4_plentiful,1,33,4,2,25,89.0,87.0,85.0,49.0
14,length4_plentiful,1,34,4,4,4,79.0,57.0,61.0,74.0
14,length4_plentiful,1,35,4,2,28,73.0,70.0,50.0,88.0
14,length4_plentiful,1,36,4,3,10,76.0,74.0,95.0,89.0
14,length4_plentiful,1,37,4,1,15,91.0,60.0,80.0,79.0
14,length4_plentiful,1,38,4,4,8,82.0,43.0,78.0,58.0
14,length4_plentiful,1,39,4,2,16,75.0,81.0,90.0,92.0
14,length4_plentiful,1,40,4,3,35,71.0,61.0,74.0,84.0
14,length8_neutral,2,1,8,5,26,56.0,15.0,66.0,36.0
14,length8_neutral,2,2,8,3,31,22.0,60.0,87.0,84.0
14,length8_neutral,2,3,8,8,7,63.0,74.0,38.0,46.0
14,length8_neutral,2,4,8,4,32,21.0,42.0,84.0,66.0
14,length8_neutral,2,5,8,1,17,93.0,3.0,8.0,59.0
14,length8_neutral,2,6,8,8,21,39.0,56.0,6.0,13.0
14,length8_neutral,2,7,8,8,11,37.0,60.0,82.0,84.0
14,length8_neutral,2,8,8,3,29,77.0,19.0,97.0,65.0
14,length8_neutral,2,9,8,8,40,14.0,26.0,59.0,37.0
14,length8_neutral,2,10,8,4,34,26.0,21.0,50.0,97.0
14,length8_neutral,2,11,8,3,33,58.0,2.0,87.0,9.0
14,length8_neutral,2,12,8,2,27,31.0,81.0,84.0,16.0
14,length8_neutral,2,13,8,7,37,28.0,24.0,62.0,55.0
14,length8_neutral,2,14,8,8,14,81.0,36.0,74.0,79.0
14,length8_neutral,2,15,8,6,23,85.0,12.0,40.0,50.0
14,length8_neutral,2,16,8,5,30,88.0,45.0,7.0,44.0
14,length8_neutral,2,17,8,2,9,42.0,98.0,63.0,28.0
14,length8_neutral,2,18,8,3,22,41.0,44.0,81.0,91.0
14,length8_neutral,2,19,8,7,5,49.0,63.0,15.0,81.0
14,length8_neutral,2,20,8,6,18,77.0,51.0,10.0,37.0
14,length8_neutral,2,21,8,2,3,87.0,95.0,62.0,79.0
14,length8_neutral,2,22,8,5,39,67.0,8.0,34.0,66.0
14,length8_neutral,2,23,8,8,24,8.0,30.0,59.0,32.0
14,length8_neutral,2,24,8,5,13,8.0,50.0,88.0,47.0
14,length8_neutral,2,25,8,8,20,10.0,8.0,27.0,33.0
14,length8_neutral,2,26,8,2,12,61.0,98.0,9.0,73.0
14,length8_neutral,2,27,8,6,2,62.0,72.0,16.0,4.0
14,length8_neutral,2,28,8,8,19,63.0,79.0,32.0,8.0
14,length8_neutral,2,29,8,1,1,92.0,8.0,20.0,75.0
14,length8_neutral,2,30,8,1,38,94.0,62.0,84.0,37.0
14,length8_neutral,2,31,8,2,6,94.0,87.0,24.0,12.0
14,length8_neutral,2,32,8,8,36,45.0,80.0,19.0,64.0
14,length8_neutral,2,33,8,3,25,77.0,66.0,91.0,36.0
14,length8_neutral,2,34,8,5,4,28.0,62.0,65.0,57.0
14,length8_neutral,2,35,8,2,28,7.0,39.0,73.0,35.0
14,length8_neutral,2,36,8,5,10,5.0,75.0,64.0,20.0
14,length8_neutral,2,37,8,8,15,2.0,49.0,12.0,5.0
14,length8_neutral,2,38,8,8,8,95.0,10.0,64.0,84.0
14,length8_neutral,2,39,8,1,16,93.0,5.0,57.0,61.0
14,length8_neutral,2,40,8,1,35,83.0,52.0,96.0,53.0
14,length8_plentiful,3,1,8,8,26,50.0,44.0,45.0,43.0
14,length8_plentiful,3,2,8,7,31,51.0,62.0,93.0,33.0
14,length8_plentiful,3,3,8,4,7,27.0,36.0,79.0,81.0
14,length8_plentiful,3,4,8,4,32,79.0,40.0,37.0,95.0
14,length8_plentiful,3,5,8,1,17,80.0,66.0,70.0,84.0
14,length8_plentiful,3,6,8,6,21,57.0,72.0,63.0,58.0
14,length8_plentiful,3,7,8,5,11,80.0,73.0,61.0,77.0
14,length8_plentiful,3,8,8,8,29,88.0,75.0,80.0,82.0
14,length8_plentiful,3,9,8,2,40,31.0,89.0,67.0,86.0
14,length8_plentiful,3,10,8,8,34,84.0,32.0,59.0,89.0
14,length8_plentiful,3,11,8,1,33,78.0,97.0,53.0,55.0
14,length8_plentiful,3,12,8,5,27,30.0,52.0,54.0,60.0
14,length8_plentiful,3,13,8,8,37,69.0,85.0,44.0,93.0
14,length8_plentiful,3,14,8,8,14,49.0,57.0,62.0,73.0
14,length8_plentiful,3,15,8,4,23,82.0,86.0,52.0,87.0
14,length8_plentiful,3,16,8,1,30,94.0,51.0,79.0,78.0
14,length8_plentiful,3,17,8,1,9,93.0,94.0,26.0,54.0
14,length8_plentiful,3,18,8,1,22,91.0,35.0,56.0,87.0
14,length8_plentiful,3,19,8,6,5,71.0,80.0,36.0,31.0
14,length8_plentiful,3,20,8,4,18,70.0,63.0,53.0,91.0
14,length8_plentiful,3,21,8,8,3,82.0,80.0,18.0,56.0
14,length8_plentiful,3,22,8,4,39,75.0,35.0,79.0,89.0
14,length8_plentiful,3,23,8,5,24,68.0,38.0,35.0,69.0
14,length8_plentiful,3,24,8,4,13,43.0,66.0,74.0,80.0
14,length8_plentiful,3,25,8,3,20,57.0,71.0,97.0,81.0
14,length8_plentiful,3,26,8,4,12,79.0,61.0,62.0,90.0
14,length8_plentiful,3,27,8,8,2,49.0,73.0,57.0,58.0
14,length8_plentiful,3,28,8,6,19,49.0,38.0,81.0,69.0
14,length8_plentiful,3,29,8,5,1,54.0,78.0,52.0,65.0
14,length8_plentiful,3,30,8,6,38,41.0,69.0,63.0,55.0
14,length8_plentiful,3,31,8,8,6,59.0,85.0,46.0,78.0
14,length8_plentiful,3,32,8,1,36,93.0,85.0,92.0,62.0
14,length8_plentiful,3,33,8,8,25,65.0,69.0,88.0,42.0
14,length8_plentiful,3,34,8,6,4,68.0,48.0,71.0,45.0
14,length8_plentiful,3,35,8,8,28,64.0,57.0,75.0,76.0
14,length8_plentiful,3,36,8,8,10,72.0,52.0,49.0,61.0
14,length8_plentiful,3,37,8,1,15,86.0,64.0,24.0,52.0
14,length8_plentiful,3,38,8,5,8,41.0,59.0,25.0,75.0
14,length8_plentiful,3,39,8,8,16,52.0,76.0,67.0,55.0
14,length8_plentiful,3,40,8,2,35,63.0,86.0,82.0,55.0
15,length4_neutral,0,1,4,1,18,95.0,66.0,15.0,13.0
15,length4_neutral,0,2,4,3,30,38.0,9.0,73.0,48.0
15,length4_neutral,0,3,4,2,9,51.0,77.0,12.0,2.0
15,length4_neutral,0,4,4,4,3,7.0,82.0,11.0,32.0
15,length4_neutral,0,5,4,2,27,16.0,84.0,17.0,89.0
15,length4_neutral,0,6,4,3,24,42.0,7.0,96.0,56.0
15,length4_neutral,0,7,4,1,26,75.0,29.0,37.0,26.0
15,length4_neutral,0,8,4,1,28,90.0,79.0,69.0,31.0
15,length4_neutral,0,9,4,4,31,4.0,10.0,13.0,8.0
15,length4_neutral,0,10,4,1,34,94.0,60.0,86.0,11.0
15,length4_neutral,0,11,4,1,38,95.0,10.0,97.0,77.0
15,length4_neutral,0,12,4,4,2,53.0,42.0,11.0,60.0
15,length4_neutral,0,13,4,1,5,72.0,83.0,90.0,94.0
15,length4_neutral,0,14,4,4,8,39.0,45.0,59.0,20.0
15,length4_neutral,0,15,4,1,37,84.0,98.0,24.0,26.0
15,length4_neutral,0,16,4,1,39,95.0,37.0,42.0,11.0
15,length4_neutral,0,17,4,2,12,9.0,89.0,1.0,12.0
15,length4_neutral,0,18,4,4,35,18.0,67.0,34.0,41.0
15,length4_neutral,0,19,4,3,15,7.0,19.0,67.0,1.0
15,length4_neutral,0,20,4,4,1,44.0,81.0,34.0,28.0
15,length4_neutral,0,21,4,3,22,19.0,61.0,91.0,40.0
15,length4_neutral,0,22,4,3,6,37.0,46.0,87.0,15.0
15,length4_neutral,0,23,4,4,40,9.0,62.0,2.0,36.0
15,length4_neutral,0,24,4,1,20,72.0,93.0,84.0,17.0
15,length4_neutral,0,25,4,2,36,49.0,75.0,71.0,13.0
15,length4_neutral,0,26,4,1,33,93.0,79.0,18.0,97.0
15,length4_neutral,0,27,4,1,13,88.0,70.0,72.0,52.0
15,length4_neutral,0,28,4,3,29,21.0,22.0,59.0,61.0
15,length4_neutral,0,29,4,1,4,83.0,7.0,13.0,96.0
15,length4_neutral,0,30,4,2,17,47.0,92.0,62.0,32.0
15,length4_neutral,0,31,4,3,21,5.0,4.0,68.0,52.0
15,length4_neutral,0,32,4,3,14,5.0,36.0,90.0,50.0
15,length4_neutral,0,33,4,1,32,86.0,92.0,15.0,12.0
15,length4_neutral,0,34,4,1,10,79.0,29.0,65.0,58.0
15,length4_neutral,0,35,4,3,7,7.0,21.0,54.0,40.0
15,length4_neutral,0,36,4,2,19,23.0,81.0,71.0,46.0
15,length4_neutral,0,37,4,2,23,25.0,88.0,13.0,79.0
15,length4_neutral,0,38,4,4,11,18.0,59.0,31.0,52.0
15,length4_neutral,0,39,4,3,16,9.0,42.0,53.0,25.0
15,length4_neutral,0,40,4,1,25,79.0,29.0,38.0,12.0
15,length4_plentiful,1,1,4,4,18,80.0,57.0,26.0,63.0
15,length4_plentiful,1,2,4,4,30,59.0,69.0,71.0,55.0
15,length4_plentiful,1,3,4,4,9,70.0,69.0,61.0,43.0
15,length4_plentiful,1,4,4,2,3,64.0,94.0,71.0,90.0
15,length4_plentiful,1,5,4,3,27,60.0,46.0,81.0,66.0
15,length4_plentiful,1,6,4,3,24,58.0,64.0,87.0,53.0
15,length4_plentiful,1,7,4,2,26,61.0,77.0,46.0,64.0
15,length4_plentiful,1,8,4,2,28,26.0,89.0,69.0,48.0
15,length4_plentiful,1,9,4,2,31,52.0,86.0,76.0,93.0
15,length4_plentiful,1,10,4,1,34,88.0,64.0,83.0,41.0
15,length4_plentiful,1,11,4,1,38,80.0,57.0,55.0,89.0
15,length4_plentiful,1,12,4,2,2,79.0,82.0,97.0,62.0
15,length4_plentiful,1,13,4,1,5,97.0,63.0,69.0,68.0
15,length4_plentiful,1,14,4,4,8,59.0,55.0,47.0,77.0
15,length4_plentiful,1,15,4,3,37,52.0,53.0,90.0,62.0
15,length4_plentiful,1,16,4,2,39,46.0,85.0,55.0,87.0
15,length4_plentiful,1,17,4,2,12,65.0,86.0,48.0,59.0
15,length4_plentiful,1,18,4,4,35,56.0,51.0,50.0,89.0
15,length4_plentiful,1,19,4,1,15,85.0,39.0,50.0,53.0
15,length4_plentiful,1,20,4,4,1,52.0,64.0,56.0,81.0
15,length4_plentiful,1,21,4,2,22,68.0,88.0,84.0,49.0
15,length4_plentiful,1,22,4,1,6,85.0,65.0,80.0,78.0
15,length4_plentiful,1,23,4,1,40,89.0,52.0,80.0,55.0
15,length4_plentiful,1,24,4,4,20,81.0,73.0,66.0,80.0
15,length4_plentiful,1,25,4,2,36,44.0,84.0,89.0,69.0
15,length4_plentiful,1,26,4,3,33,76.0,51.0,82.0,64.0
15,length4_plentiful,1,27,4,3,13,36.0,43.0,79.0,76.0
15,length4_plentiful,1,28,4,4,29,32.0,66.0,63.0,95.0
15,length4_plentiful,1,29,4,1,4,96.0,82.0,85.0,93.0
15,length4_plentiful,1,30,4,3,17,64.0,39.0,84.0,82.0
15,length4_plentiful,1,31,4,4,21,90.0,81.0,61.0,39.0
15,length4_plentiful,1,32,4,4,14,77.0,23.0,47.0,26.0
15,length4_plentiful,1,33,4,1,32,83.0,73.0,71.0,62.0
15,length4_plentiful,1,34,4,4,10,61.0,30.0,49.0,91.0
15,length4_plentiful,1,35,4,4,7,77.0,63.0,75.0,79.0
15,length4_plentiful,1,36,4,2,19,73.0,78.0,56.0,22.0
15,length4_plentiful,1,37,4,4,23,75.0,79.0,56.0,86.0
15,length4_plentiful,1,38,4,2,11,94.0,81.0,68.0,47.0
15,length4_plentiful,1,39,4,4,16,54.0,72.0,18.0,57.0
15,length4_plentiful,1,40,4,4,25,67.0,53.0,59.0,49.0
15,length8_neutral,2,1,8,2,18,35.0,77.0,15.0,1.0
15,length8_neutral,2,2,8,4,30,4.0,89.0,77.0,93.0
15,length8_neutral,2,3,8,2,9,71.0,77.0,83.0,22.0
15,length8_neutral,2,4,8,2,3,68.0,82.0,63.0,93.0
15,length8_neutral,2,5,8,8,27,26.0,4.0,39.0,14.0
15,length8_neutral,2,6,8,4,24,43.0,63.0,21.0,86.0
15,length8_neutral,2,7,8,1,26,88.0,26.0,31.0,78.0
15,length8_neutral,2,8,8,2,28,83.0,92.0,49.0,43.0
15,length8_neutral,2,9,8,8,31,76.0,31.0,21.0,16.0
15,length8_neutral,2,10,8,5,34,22.0,79.0,32.0,2.0
15,length8_neutral,2,11,8,3,38,1.0,85.0,89.0,24.0
15,length8_neutral,2,12,8,8,2,46.0,19.0,45.0,4.0
15,length8_neutral,2,13,8,3,5,64.0,42.0,83.0,7.0
15,length8_neutral,2,14,8,1,8,77.0,82.0,29.0,34.0
15,length8_neutral,2,15,8,1,37,73.0,14.0,13.0,90.0
15,length8_neutral,2,16,8,8,39,61.0,12.0,10.0,48.0
15,length8_neutral,2,17,8,6,12,46.0,43.0,51.0,6.0
15,length8_neutral,2,18,8,1,35,97.0,35.0,57.0,80.0
15,length8_neutral,2,19,8,8,15,30.0,62.0,45.0,46.0
15,length8_neutral,2,20,8,8,1,76.0,60.0,51.0,73.0
15,length8_neutral,2,21,8,4,22,13.0,12.0,15.0,83.0
15,length8_neutral,2,22,8,2,6,51.0,89.0,25.0,88.0
15,length8_neutral,2,23,8,8,40,80.0,40.0,83.0,57.0
15,length8_neutral,2,24,8,7,20,25.0,17.0,12.0,23.0
15,length8_neutral,2,25,8,4,36,16.0,48.0,56.0,79.0
15,length8_neutral,2,26,8,3,33,92.0,41.0,87.0,86.0
15,length8_neutral,2,27,8,3,13,7.0,55.0,96.0,23.0
15,length8_neutral,2,28,8,3,29,73.0,53.0,94.0,29.0
15,length8_neutral,2,29,8,8,4,94.0,87.0,35.0,57.0
15,length8_neutral,2,30,8,8,17,31.0,62.0,38.0,36.0
15,length8_neutral,2,31,8,4,21,52.0,1.0,65.0,96.0
15,length8_neutral,2,32,8,6,14,20.0,76.0,30.0,72.0
15,length8_neutral,2,33,8,7,32,31.0,67.0,45.0,8.0
15,length8_neutral,2,34,8,7,10,41.0,18.0,13.0,49.0
15,length8_neutral,2,35,8,8,7,93.0,53.0,59.0,67.0
15,length8_neutral,2,36,8,1,19,75.0,62.0,74.0,93.0
15,length8_neutral,2,37,8,1,23,94.0,77.0,85.0,11.0
15,length8_neutral,2,38,8,8,11,12.0,55.0,31.0,30.0
15,length8_neutral,2,39,8,1,16,72.0,62.0,33.0,45.0
15,length8_neutral,2,40,8,8,25,86.0,7.0,77.0,50.0
15,length8_plentiful,3,1,8,4,18,50.0,69.0,73.0,92.0
15,length8_plentiful,3,2,8,4,30,63.0,68.0,66.0,74.0
15,length8_plentiful,3,3,8,2,9,70.0,89.0,85.0,42.0
15,length8_plentiful,3,4,8,1,3,84.0,88.0,68.0,91.0
15,length8_plentiful,3,5,8,6,27,61.0,28.0,82.0,57.0
15,length8_plentiful,3,6,8,6,24,62.0,68.0,58.0,57.0
15,length8_plentiful,3,7,8,1,26,87.0,42.0,75.0,68.0
15,length8_plentiful,3,8,8,1,28,82.0,76.0,87.0,53.0
15,length8_plentiful,3,9,8,2,31,66.0,70.0,54.0,59.0
15,length8_plentiful,3,10,8,4,34,65.0,43.0,30.0,81.0
15,length8_plentiful,3,11,8,2,38,67.0,89.0,96.0,58.0
15,length8_plentiful,3,12,8,3,2,67.0,68.0,98.0,84.0
15,length8_plentiful,3,13,8,1,5,88.0,56.0,79.0,75.0
15,length8_plentiful,3,14,8,7,8,50.0,44.0,69.0,63.0
15,length8_plentiful,3,15,8,3,37,49.0,36.0,78.0,30.0
15,length8_plentiful,3,16,8,7,39,54.0,58.0,45.0,69.0
15,length8_plentiful,3,17,8,1,12,76.0,84.0,85.0,94.0
15,length8_plentiful,3,18,8,1,35,62.0,64.0,87.0,79.0
15,length8_plentiful,3,19,8,3,15,65.0,62.0,89.0,49.0
15,length8_plentiful,3,20,8,6,1,44.0,63.0,70.0,68.0
15,length8_plentiful,3,21,8,1,22,90.0,72.0,87.0,69.0
15,length8_plentiful,3,22,8,3,6,35.0,86.0,87.0,65.0
15,length8_plentiful,3,23,8,1,40,80.0,52.0,35.0,30.0
15,length8_plentiful,3,24,8,8,20,54.0,94.0,33.0,70.0
15,length8_plentiful,3,25,8,1,36,78.0,52.0,74.0,77.0
15,length8_plentiful,3,26,8,3,33,30.0,68.0,93.0,70.0
15,length8_plentiful,3,27,8,1,13,78.0,49.0,63.0,72.0
15,length8_plentiful,3,28,8,3,29,57.0,46.0,90.0,36.0
15,length8_plentiful,3,29,8,1,4,81.0,78.0,44.0,63.0
15,length8_plentiful,3,30,8,8,17,60.0,45.0,88.0,70.0
15,length8_plentiful,3,31,8,2,21,59.0,74.0,62.0,70.0
15,length8_plentiful,3,32,8,2,14,66.0,79.0,46.0,56.0
15,length8_plentiful,3,33,8,3,32,43.0,78.0,87.0,89.0
15,length8_plentiful,3,34,8,1,10,71.0,64.0,85.0,70.0
15,length8_plentiful,3,35,8,2,7,75.0,89.0,67.0,87.0
15,length8_plentiful,3,36,8,1,19,82.0,68.0,76.0,79.0
15,length8_plentiful,3,37,8,1,23,89.0,58.0,75.0,95.0
15,length8_plentiful,3,38,8,1,11,73.0,74.0,78.0,52.0
15,length8_plentiful,3,39,8,5,16,35.0,45.0,74.0,72.0
15,length8_plentiful,3,40,8,1,25,80.0,70.0,69.0,89.0
16,length4_neutral,0,1,4,1,37,95.0,66.0,15.0,13.0
16,length4_neutral,0,2,4,3,3,38.0,9.0,73.0,48.0
16,length4_neutral,0,3,4,4,29,51.0,77.0,12.0,2.0
16,length4_neutral,0,4,4,2,4,7.0,82.0,11.0,32.0
16,length4_neutral,0,5,4,2,32,16.0,84.0,17.0,89.0
16,length4_neutral,0,6,4,3,8,42.0,7.0,96.0,56.0
16,length4_neutral,0,7,4,1,36,75.0,29.0,37.0,26.0
16,length4_neutral,0,8,4,1,16,90.0,79.0,69.0,31.0
16,length4_neutral,0,9,4,4,21,4.0,10.0,13.0,8.0
16,length4_neutral,0,10,4,1,38,94.0,60.0,86.0,11.0
16,length4_neutral,0,11,4,1,7,95.0,10.0,97.0,77.0
16,length4_neutral,0,12,4,4,6,53.0,42.0,11.0,60.0
16,length4_neutral,0,13,4,2,2,72.0,83.0,90.0,94.0
16,length4_neutral,0,14,4,3,26,39.0,45.0,59.0,20.0
16,length4_neutral,0,15,4,1,9,84.0,98.0,24.0,26.0
16,length4_neutral,0,16,4,1,12,95.0,37.0,42.0,11.0
16,length4_neutral,0,17,4,2,30,9.0,89.0,1.0,12.0
16,length4_neutral,0,18,4,4,19,18.0,67.0,34.0,41.0
16,length4_neutral,0,19,4,3,5,7.0,19.0,67.0,1.0
16,length4_neutral,0,20,4,2,23,44.0,81.0,34.0,28.0
16,length4_neutral,0,21,4,3,35,19.0,61.0,91.0,40.0
16,length4_neutral,0,22,4,3,31,37.0,46.0,87.0,15.0
16,length4_neutral,0,23,4,4,34,9.0,62.0,2.0,36.0
16,length4_neutral,0,24,4,2,22,72.0,93.0,84.0,17.0
16,length4_neutral,0,25,4,2,28,49.0,75.0,71.0,13.0
16,length4_neutral,0,26,4,1,39,93.0,79.0,18.0,97.0
16,length4_neutral,0,27,4,1,1,88.0,70.0,72.0,52.0
16,length4_neutral,0,28,4,2,15,21.0,22.0,59.0,61.0
16,length4_neutral,0,29,4,1,24,83.0,7.0,13.0,96.0
16,length4_neutral,0,30,4,2,18,47.0,92.0,62.0,32.0
16,length4_neutral,0,31,4,3,14,5.0,4.0,68.0,52.0
16,length4_neutral,0,32,4,3,10,5.0,36.0,90.0,50.0
16,length4_neutral,0,33,4,1,25,86.0,92.0,15.0,12.0
16,length4_neutral,0,34,4,4,17,79.0,29.0,65.0,58.0
16,length4_neutral,0,35,4,3,11,7.0,21.0,54.0,40.0
16,length4_neutral,0,36,4,2,13,23.0,81.0,71.0,46.0
16,length4_neutral,0,37,4,2,40,25.0,88.0,13.0,79.0
16,length4_neutral,0,38,4,4,33,18.0,59.0,31.0,52.0
16,length4_neutral,0,39,4,3,27,9.0,42.0,53.0,25.0
16,length4_neutral,0,40,4,4,20,79.0,29.0,38.0,12.0
16,length4_plentiful,1,1,4,4,37,80.0,57.0,26.0,63.0
16,length4_plentiful,1,2,4,4,3,59.0,69.0,71.0,55.0
16,length4_plentiful,1,3,4,4,29,70.0,69.0,61.0,43.0
16,length4_plentiful,1,4,4,2,4,64.0,94.0,71.0,90.0
16,length4_plentiful,1,5,4,3,32,60.0,46.0,81.0,66.0
16,length4_plentiful,1,6,4,3,8,58.0,64.0,87.0,53.0
16,length4_plentiful,1,7,4,4,36,61.0,77.0,46.0,64.0
16,length4_plentiful,1,8,4,2,16,26.0,89.0,69.0,48.0
16,length4_plentiful,1,9,4,2,21,52.0,86.0,76.0,93.0
16,length4_plentiful,1,10,4,1,38,88.0,64.0,83.0,41.0
16,length4_plentiful,1,11,4,1,7,80.0,57.0,55.0,89.0
16,length4_plentiful,1,12,4,3,6,79.0,82.0,97.0,62.0
16,length4_plentiful,1,13,4,1,2,97.0,63.0,69.0,68.0
16,length4_plentiful,1,14,4,4,26,59.0,55.0,47.0,77.0
16,length4_plentiful,1,15,4,3,9,52.0,53.0,90.0,62.0
16,length4_plentiful,1,16,4,2,12,46.0,85.0,55.0,87.0
16,length4_plentiful,1,17,4,2,30,65.0,86.0,48.0,59.0
16,length4_plentiful,1,18,4,4,19,56.0,51.0,50.0,89.0
16,length4_plentiful,1,19,4,4,5,85.0,39.0,50.0,53.0
16,length4_plentiful,1,20,4,4,23,52.0,64.0,56.0,81.0
16,length4_plentiful,1,21,4,2,35,68.0,88.0,84.0,49.0
16,length4_plentiful,1,22,4,3,31,85.0,65.0,80.0,78.0
16,length4_plentiful,1,23,4,1,34,89.0,52.0,80.0,55.0
16,length4_plentiful,1,24,4,4,22,81.0,73.0,66.0,80.0
16,length4_plentiful,1,25,4,2,28,44.0,84.0,89.0,69.0
16,length4_plentiful,1,26,4,3,39,76.0,51.0,82.0,64.0
16,length4_plentiful,1,27,4,4,1,36.0,43.0,79.0,76.0
16,length4_plentiful,1,28,4,4,15,32.0,66.0,63.0,95.0
16,length4_plentiful,1,29,4,1,24,96.0,82.0,85.0,93.0
16,length4_plentiful,1,30,4,4,18,64.0,39.0,84.0,82.0
16,length4_plentiful,1,31,4,1,14,90.0,81.0,61.0,39.0
16,length4_plentiful,1,32,4,4,10,77.0,23.0,47.0,26.0
16,length4_plentiful,1,33,4,1,25,83.0,73.0,71.0,62.0
16,length4_plentiful,1,34,4,4,17,61.0,30.0,49.0,91.0
16,length4_plentiful,1,35,4,4,11,77.0,63.0,75.0,79.0
16,length4_plentiful,1,36,4,4,13,73.0,78.0,56.0,22.0
16,length4_plentiful,1,37,4,4,40,75.0,79.0,56.0,86.0
16,length4_plentiful,1,38,4,1,33,94.0,81.0,68.0,47.0
16,length4_plentiful,1,39,4,4,27,54.0,72.0,18.0,57.0
16,length4_plentiful,1,40,4,4,20,67.0,53.0,59.0,49.0
16,length8_neutral,2,1,8,7,37,35.0,77.0,15.0,1.0
16,length8_neutral,2,2,8,4,3,4.0,89.0,77.0,93.0
16,length8_neutral,2,3,8,8,29,71.0,77.0,83.0,22.0
16,length8_neutral,2,4,8,4,4,68.0,82.0,63.0,93.0
16,length8_neutral,2,5,8,7,32,26.0,4.0,39.0,14.0
16,length8_neutral,2,6,8,4,8,43.0,63.0,21.0,86.0
16,length8_neutral,2,7,8,8,36,88.0,26.0,31.0,78.0
16,length8_neutral,2,8,8,2,16,83.0,92.0,49.0,43.0
16,length8_neutral,2,9,8,8,21,76.0,31.0,21.0,16.0
16,length8_neutral,2,10,8,8,38,22.0,79.0,32.0,2.0
16,length8_neutral,2,11,8,2,7,1.0,85.0,89.0,24.0
16,length8_neutral,2,12,8,8,6,46.0,19.0,45.0,4.0
16,length8_neutral,2,13,8,7,2,64.0,42.0,83.0,7.0
16,length8_neutral,2,14,8,8,26,77.0,82.0,29.0,34.0
16,length8_neutral,2,15,8,4,9,73.0,14.0,13.0,90.0
16,length8_neutral,2,16,8,8,12,61.0,12.0,10.0,48.0
16,length8_neutral,2,17,8,8,30,46.0,43.0,51.0,6.0
16,length8_neutral,2,18,8,1,19,97.0,35.0,57.0,80.0
16,length8_neutral,2,19,8,8,5,30.0,62.0,45.0,46.0
16,length8_neutral,2,20,8,8,23,76.0,60.0,51.0,73.0
16,length8_neutral,2,21,8,8,35,13.0,12.0,15.0,83.0
16,length8_neutral,2,22,8,2,31,51.0,89.0,25.0,88.0
16,length8_neutral,2,23,8,3,34,80.0,40.0,83.0,57.0
16,length8_neutral,2,24,8,7,22,25.0,17.0,12.0,23.0
16,length8_neutral,2,25,8,8,28,16.0,48.0,56.0,79.0
16,length8_neutral,2,26,8,8,39,92.0,41.0,87.0,86.0
16,length8_neutral,2,27,8,3,1,7.0,55.0,96.0,23.0
16,length8_neutral,2,28,8,3,15,73.0,53.0,94.0,29.0
16,length8_neutral,2,29,8,8,24,94.0,87.0,35.0,57.0
16,length8_neutral,2,30,8,8,18,31.0,62.0,38.0,36.0
16,length8_neutral,2,31,8,4,14,52.0,1.0,65.0,96.0
16,length8_neutral,2,32,8,7,10,20.0,76.0,30.0,72.0
16,length8_neutral,2,33,8,7,25,31.0,67.0,45.0,8.0
16,length8_neutral,2,34,8,7,17,41.0,18.0,13.0,49.0
16,length8_neutral,2,35,8,1,11,93.0,53.0,59.0,67.0
16,length8_neutral,2,36,8,8,13,75.0,62.0,74.0,93.0
16,length8_neutral,2,37,8,1,40,94.0,77.0,85.0,11.0
16,length8_neutral,2,38,8,8,33,12.0,55.0,31.0,30.0
16,length8_neutral,2,39,8,7,27,72.0,62.0,33.0,45.0
16,length8_neutral,2,40,8,1,20,86.0,7.0,77.0,50.0
16,length8_plentiful,3,1,8,4,37,50.0,69.0,73.0,92.0
16,length8_plentiful,3,2,8,1,3,63.0,68.0,66.0,74.0
16,length8_plentiful,3,3,8,2,29,70.0,89.0,85.0,42.0
16,length8_plentiful,3,4,8,1,4,84.0,88.0,68.0,91.0
16,length8_plentiful,3,5,8,8,32,61.0,28.0,82.0,57.0
16,length8_plentiful,3,6,8,6,8,62.0,68.0,58.0,57.0
16,length8_plentiful,3,7,8,1,36,87.0,42.0,75.0,68.0
16,length8_plentiful,3,8,8,1,16,82.0,76.0,87.0,53.0
16,length8_plentiful,3,9,8,6,21,66.0,70.0,54.0,59.0
16,length8_plentiful,3,10,8,6,38,65.0,43.0,30.0,81.0
16,length8_plentiful,3,11,8,3,7,67.0,89.0,96.0,58.0
16,length8_plentiful,3,12,8,3,6,67.0,68.0,98.0,84.0
16,length8_plentiful,3,13,8,8,2,88.0,56.0,79.0,75.0
16,length8_plentiful,3,14,8,8,26,50.0,44.0,69.0,63.0
16,length8_plentiful,3,15,8,8,9,49.0,36.0,78.0,30.0
16,length8_plentiful,3,16,8,7,12,54.0,58.0,45.0,69.0
16,length8_plentiful,3,17,8,2,30,76.0,84.0,85.0,94.0
16,length8_plentiful,3,18,8,8,19,62.0,64.0,87.0,79.0
16,length8_plentiful,3,19,8,5,5,65.0,62.0,89.0,49.0
16,length8_plentiful,3,20,8,7,23,44.0,63.0,70.0,68.0
16,length8_plentiful,3,21,8,1,35,90.0,72.0,87.0,69.0
16,length8_plentiful,3,22,8,8,31,35.0,86.0,87.0,65.0
16,length8_plentiful,3,23,8,7,34,80.0,52.0,35.0,30.0
16,length8_plentiful,3,24,8,2,22,54.0,94.0,33.0,70.0
16,length8_plentiful,3,25,8,7,28,78.0,52.0,74.0,77.0
16,length8_plentiful,3,26,8,3,39,30.0,68.0,93.0,70.0
16,length8_plentiful,3,27,8,8,1,78.0,49.0,63.0,72.0
16,length8_plentiful,3,28,8,3,15,57.0,46.0,90.0,36.0
16,length8_plentiful,3,29,8,8,24,81.0,78.0,44.0,63.0
16,length8_plentiful,3,30,8,8,18,60.0,45.0,88.0,70.0
16,length8_plentiful,3,31,8,7,14,59.0,74.0,62.0,70.0
16,length8_plentiful,3,32,8,8,10,66.0,79.0,46.0,56.0
16,length8_plentiful,3,33,8,4,25,43.0,78.0,87.0,89.0
16,length8_plentiful,3,34,8,7,17,71.0,64.0,85.0,70.0
16,length8_plentiful,3,35,8,2,11,75.0,89.0,67.0,87.0
16,length8_plentiful,3,36,8,4,13,82.0,68.0,76.0,79.0
16,length8_plentiful,3,37,8,1,40,89.0,58.0,75.0,95.0
16,length8_plentiful,3,38,8,3,33,73.0,74.0,78.0,52.0
16,length8_plentiful,3,39,8,7,27,35.0,45.0,74.0,72.0
16,length8_plentiful,3,40,8,4,20,80.0,70.0,69.0,89.0
17,length4_neutral,0,1,4,4,17,49.0,39.0,25.0,81.0
17,length4_neutral,0,2,4,1,10,98.0,93.0,67.0,39.0
17,length4_neutral,0,3,4,3,8,52.0,1.0,85.0,50.0
17,length4_neutral,0,4,4,4,1,63.0,21.0,43.0,28.0
17,length4_neutral,0,5,4,2,28,3.0,93.0,67.0,77.0
17,length4_neutral,0,6,4,2,37,5.0,60.0,53.0,36.0
17,length4_neutral,0,7,4,2,36,12.0,91.0,36.0,95.0
17,length4_neutral,0,8,4,3,12,23.0,40.0,86.0,5.0
17,length4_neutral,0,9,4,4,22,56.0,72.0,22.0,25.0
17,length4_neutral,0,10,4,1,7,81.0,96.0,83.0,71.0
17,length4_neutral,0,11,4,2,39,11.0,98.0,61.0,64.0
17,length4_neutral,0,12,4,3,31,17.0,62.0,80.0,7.0
17,length4_neutral,0,13,4,3,34,42.0,36.0,91.0,16.0
17,length4_neutral,0,14,4,2,27,42.0,80.0,70.0,63.0
17,length4_neutral,0,15,4,4,16,3.0,28.0,25.0,84.0
17,length4_neutral,0,16,4,3,24,35.0,9.0,91.0,24.0
17,length4_neutral,0,17,4,4,35,22.0,26.0,24.0,21.0
17,length4_neutral,0,18,4,1,33,87.0,12.0,50.0,55.0
17,length4_neutral,0,19,4,4,32,36.0,7.0,15.0,44.0
17,length4_neutral,0,20,4,4,29,67.0,63.0,7.0,30.0
17,length4_neutral,0,21,4,2,4,62.0,81.0,72.0,61.0
17,length4_neutral,0,22,4,4,6,64.0,62.0,19.0,48.0
17,length4_neutral,0,23,4,1,23,79.0,69.0,97.0,43.0
17,length4_neutral,0,24,4,4,5,46.0,42.0,6.0,26.0
17,length4_neutral,0,25,4,3,25,62.0,9.0,70.0,94.0
17,length4_neutral,0,26,4,1,14,90.0,54.0,87.0,84.0
17,length4_neutral,0,27,4,2,19,74.0,75.0,43.0,78.0
17,length4_neutral,0,28,4,1,40,85.0,76.0,22.0,16.0
17,length4_neutral,0,29,4,4,21,56.0,34.0,22.0,64.0
17,length4_neutral,0,30,4,1,30,91.0,33.0,54.0,42.0
17,length4_neutral,0,31,4,2,2,50.0,69.0,72.0,20.0
17,length4_neutral,0,32,4,4,15,60.0,57.0,22.0,46.0
17,length4_neutral,0,33,4,3,38,10.0,37.0,84.0,36.0
17,length4_neutral,0,34,4,2,9,22.0,80.0,19.0,2.0
17,length4_neutral,0,35,4,2,20,35.0,86.0,84.0,77.0
17,length4_neutral,0,36,4,1,26,81.0,93.0,69.0,11.0
17,length4_neutral,0,37,4,4,13,67.0,27.0,37.0,45.0
17,length4_neutral,0,38,4,3,18,39.0,59.0,67.0,42.0
17,length4_neutral,0,39,4,4,3,7.0,35.0,27.0,3.0
17,length4_neutral,0,40,4,3,11,42.0,9.0,95.0,26.0
17,length4_plentiful,1,1,4,4,17,76.0,63.0,60.0,79.0
17,length4_plentiful,1,2,4,1,10,88.0,62.0,84.0,73.0
17,length4_plentiful,1,3,4,4,8,69.0,76.0,65.0,90.0
17,length4_plentiful,1,4,4,4,1,39.0,61.0,64.0,54.0
17,length4_plentiful,1,5,4,4,28,72.0,57.0,18.0,71.0
17,length4_plentiful,1,6,4,4,37,63.0,29.0,60.0,75.0
17,length4_plentiful,1,7,4,3,36,60.0,71.0,84.0,81.0
17,length4_plentiful,1,8,4,1,12,95.0,52.0,59.0,36.0
17,length4_plentiful,1,9,4,4,22,17.0,65.0,44.0,96.0
17,length4_plentiful,1,10,4,4,7,72.0,38.0,62.0,86.0
17,length4_plentiful,1,11,4,2,39,70.0,76.0,91.0,82.0
17,length4_plentiful,1,12,4,2,31,68.0,90.0,59.0,60.0
17,length4_plentiful,1,13,4,4,34,68.0,38.0,33.0,47.0
17,length4_plentiful,1,14,4,1,27,83.0,79.0,84.0,66.0
17,length4_plentiful,1,15,4,4,16,60.0,59.0,35.0,67.0
17,length4_plentiful,1,16,4,4,24,54.0,68.0,72.0,89.0
17,length4_plentiful,1,17,4,1,35,93.0,55.0,62.0,57.0
17,length4_plentiful,1,18,4,1,33,85.0,87.0,71.0,48.0
17,length4_plentiful,1,19,4,1,32,90.0,79.0,72.0,89.0
17,length4_plentiful,1,20,4,2,29,73.0,74.0,87.0,55.0
17,length4_plentiful,1,21,4,3,4,59.0,66.0,72.0,76.0
17,length4_plentiful,1,22,4,1,6,97.0,80.0,69.0,43.0
17,length4_plentiful,1,23,4,4,23,68.0,42.0,33.0,92.0
17,length4_plentiful,1,24,4,3,5,54.0,44.0,88.0,87.0
17,length4_plentiful,1,25,4,3,25,39.0,64.0,68.0,57.0
17,length4_plentiful,1,26,4,2,14,74.0,79.0,68.0,66.0
17,length4_plentiful,1,27,4,3,19,83.0,64.0,85.0,97.0
17,length4_plentiful,1,28,4,4,40,76.0,39.0,35.0,72.0
17,length4_plentiful,1,29,4,2,21,62.0,88.0,77.0,71.0
17,length4_plentiful,1,30,4,2,30,57.0,77.0,72.0,85.0
17,length4_plentiful,1,31,4,2,2,65.0,87.0,48.0,77.0
17,length4_plentiful,1,32,4,3,15,51.0,52.0,66.0,84.0
17,length4_plentiful,1,33,4,1,38,89.0,87.0,85.0,49.0
17,length4_plentiful,1,34,4,4,9,79.0,57.0,61.0,74.0
17,length4_plentiful,1,35,4,4,20,73.0,70.0,50.0,88.0
17,length4_plentiful,1,36,4,3,26,76.0,74.0,95.0,89.0
17,length4_plentiful,1,37,4,1,13,91.0,60.0,80.0,79.0
17,length4_plentiful,1,38,4,4,18,82.0,43.0,78.0,58.0
17,length4_plentiful,1,39,4,2,3,75.0,81.0,90.0,92.0
17,length4_plentiful,1,40,4,3,11,71.0,61.0,74.0,84.0
17,length8_neutral,2,1,8,5,17,56.0,15.0,66.0,36.0
17,length8_neutral,2,2,8,3,10,22.0,60.0,87.0,84.0
17,length8_neutral,2,3,8,8,8,63.0,74.0,38.0,46.0
17,length8_neutral,2,4,8,3,1,21.0,42.0,84.0,66.0
17,length8_neutral,2,5,8,8,28,93.0,3.0,8.0,59.0
17,length8_neutral,2,6,8,8,37,39.0,56.0,6.0,13.0
17,length8_neutral,2,7,8,4,36,37.0,60.0,82.0,84.0
17,length8_neutral,2,8,8,3,12,77.0,19.0,97.0,65.0
17,length8_neutral,2,9,8,8,22,14.0,26.0,59.0,37.0
17,length8_neutral,2,10,8,4,7,26.0,21.0,50.0,97.0
17,length8_neutral,2,11,8,3,39,58.0,2.0,87.0,9.0
17,length8_neutral,2,12,8,3,31,31.0,81.0,84.0,16.0
17,length8_neutral,2,13,8,7,34,28.0,24.0,62.0,55.0
17,length8_neutral,2,14,8,1,27,81.0,36.0,74.0,79.0
17,length8_neutral,2,15,8,6,16,85.0,12.0,40.0,50.0
17,length8_neutral,2,16,8,1,24,88.0,45.0,7.0,44.0
17,length8_neutral,2,17,8,2,35,42.0,98.0,63.0,28.0
17,length8_neutral,2,18,8,3,33,41.0,44.0,81.0,91.0
17,length8_neutral,2,19,8,4,32,49.0,63.0,15.0,81.0
17,length8_neutral,2,20,8,8,29,77.0,51.0,10.0,37.0
17,length8_neutral,2,21,8,1,4,87.0,95.0,62.0,79.0
17,length8_neutral,2,22,8,5,6,67.0,8.0,34.0,66.0
17,length8_neutral,2,23,8,8,23,8.0,30.0,59.0,32.0
17,length8_neutral,2,24,8,5,5,8.0,50.0,88.0,47.0
17,length8_neutral,2,25,8,8,25,10.0,8.0,27.0,33.0
17,length8_neutral,2,26,8,2,14,61.0,98.0,9.0,73.0
17,length8_neutral,2,27,8,6,19,62.0,72.0,16.0,4.0
17,length8_neutral,2,28,8,8,40,63.0,79.0,32.0,8.0
17,length8_neutral,2,29,8,1,21,92.0,8.0,20.0,75.0
17,length8_neutral,2,30,8,1,30,94.0,62.0,84.0,37.0
17,length8_neutral,2,31,8,1,2,94.0,87.0,24.0,12.0
17,length8_neutral,2,32,8,8,15,45.0,80.0,19.0,64.0
17,length8_neutral,2,33,8,3,38,77.0,66.0,91.0,36.0
17,length8_neutral,2,34,8,6,9,28.0,62.0,65.0,57.0
17,length8_neutral,2,35,8,8,20,7.0,39.0,73.0,35.0
17,length8_neutral,2,36,8,5,26,5.0,75.0,64.0,20.0
17,length8_neutral,2,37,8,5,13,2.0,49.0,12.0,5.0
17,length8_neutral,2,38,8,1,18,95.0,10.0,64.0,84.0
17,length8_neutral,2,39,8,6,3,93.0,5.0,57.0,61.0
17,length8_neutral,2,40,8,3,11,83.0,52.0,96.0,53.0
17,length8_plentiful,3,1,8,8,17,50.0,44.0,45.0,43.0
17,length8_plentiful,3,2,8,3,10,51.0,62.0,93.0,33.0
17,length8_plentiful,3,3,8,4,8,27.0,36.0,79.0,81.0
17,length8_plentiful,3,4,8,4,1,79.0,40.0,37.0,95.0
17,length8_plentiful,3,5,8,4,28,80.0,66.0,70.0,84.0
17,length8_plentiful,3,6,8,6,37,57.0,72.0,63.0,58.0
17,length8_plentiful,3,7,8,1,36,80.0,73.0,61.0,77.0
17,length8_plentiful,3,8,8,6,12,88.0,75.0,80.0,82.0
17,length8_plentiful,3,9,8,2,22,31.0,89.0,67.0,86.0
17,length8_plentiful,3,10,8,4,7,84.0,32.0,59.0,89.0
17,length8_plentiful,3,11,8,2,39,78.0,97.0,53.0,55.0
17,length8_plentiful,3,12,8,5,31,30.0,52.0,54.0,60.0
17,length8_plentiful,3,13,8,2,34,69.0,85.0,44.0,93.0
17,length8_plentiful,3,14,8,8,27,49.0,57.0,62.0,73.0
17,length8_plentiful,3,15,8,1,16,82.0,86.0,52.0,87.0
17,length8_plentiful,3,16,8,1,24,94.0,51.0,79.0,78.0
17,length8_plentiful,3,17,8,1,35,93.0,94.0,26.0,54.0
17,length8_plentiful,3,18,8,1,33,91.0,35.0,56.0,87.0
17,length8_plentiful,3,19,8,2,32,71.0,80.0,36.0,31.0
17,length8_plentiful,3,20,8,4,29,70.0,63.0,53.0,91.0
17,length8_plentiful,3,21,8,8,4,82.0,80.0,18.0,56.0
17,length8_plentiful,3,22,8,1,6,75.0,35.0,79.0,89.0
17,length8_plentiful,3,23,8,5,23,68.0,38.0,35.0,69.0
17,length8_plentiful,3,24,8,4,5,43.0,66.0,74.0,80.0
17,length8_plentiful,3,25,8,3,25,57.0,71.0,97.0,81.0
17,length8_plentiful,3,26,8,4,14,79.0,61.0,62.0,90.0
17,length8_plentiful,3,27,8,8,19,49.0,73.0,57.0,58.0
17,length8_plentiful,3,28,8,3,40,49.0,38.0,81.0,69.0
17,length8_plentiful,3,29,8,2,21,54.0,78.0,52.0,65.0
17,length8_plentiful,3,30,8,2,30,41.0,69.0,63.0,55.0
17,length8_plentiful,3,31,8,2,2,59.0,85.0,46.0,78.0
17,length8_plentiful,3,32,8,1,15,93.0,85.0,92.0,62.0
17,length8_plentiful,3,33,8,3,38,65.0,69.0,88.0,42.0
17,length8_plentiful,3,34,8,5,9,68.0,48.0,71.0,45.0
17,length8_plentiful,3,35,8,3,20,64.0,57.0,75.0,76.0
17,length8_plentiful,3,36,8,8,26,72.0,52.0,49.0,61.0
17,length8_plentiful,3,37,8,1,13,86.0,64.0,24.0,52.0
17,length8_plentiful,3,38,8,5,18,41.0,59.0,25.0,75.0
17,length8_plentiful,3,39,8,5,3,52.0,76.0,67.0,55.0
17,length8_plentiful,3,40,8,2,11,63.0,86.0,82.0,55.0
18,length4_neutral,0,1,4,4,20,95.0,66.0,15.0,13.0
18,length4_neutral,0,2,4,3,38,38.0,9.0,73.0,48.0
18,length4_neutral,0,3,4,2,31,51.0,77.0,12.0,2.0
18,length4_neutral,0,4,4,2,39,7.0,82.0,11.0,32.0
18,length4_neutral,0,5,4,2,7,16.0,84.0,17.0,89.0
18,length4_neutral,0,6,4,3,17,42.0,7.0,96.0,56.0
18,length4_neutral,0,7,4,4,36,75.0,29.0,37.0,26.0
18,length4_neutral,0,8,4,1,6,90.0,79.0,69.0,31.0
18,length4_neutral,0,9,4,4,5,4.0,10.0,13.0,8.0
18,length4_neutral,0,10,4,1,1,94.0,60.0,86.0,11.0
18,length4_neutral,0,11,4,1,33,95.0,10.0,97.0,77.0
18,length4_neutral,0,12,4,4,14,53.0,42.0,11.0,60.0
18,length4_neutral,0,13,4,2,23,72.0,83.0,90.0,94.0
18,length4_neutral,0,14,4,3,34,39.0,45.0,59.0,20.0
18,length4_neutral,0,15,4,2,27,84.0,98.0,24.0,26.0
18,length4_neutral,0,16,4,1,28,95.0,37.0,42.0,11.0
18,length4_neutral,0,17,4,2,19,9.0,89.0,1.0,12.0
18,length4_neutral,0,18,4,4,24,18.0,67.0,34.0,41.0
18,length4_neutral,0,19,4,3,35,7.0,19.0,67.0,1.0
18,length4_neutral,0,20,4,4,12,44.0,81.0,34.0,28.0
18,length4_neutral,0,21,4,3,3,19.0,61.0,91.0,40.0
18,length4_neutral,0,22,4,3,2,37.0,46.0,87.0,15.0
18,length4_neutral,0,23,4,4,15,9.0,62.0,2.0,36.0
18,length4_neutral,0,24,4,1,13,72.0,93.0,84.0,17.0
18,length4_neutral,0,25,4,2,11,49.0,75.0,71.0,13.0
18,length4_neutral,0,26,4,1,10,93.0,79.0,18.0,97.0
18,length4_neutral,0,27,4,1,16,88.0,70.0,72.0,52.0
18,length4_neutral,0,28,4,3,30,21.0,22.0,59.0,61.0
18,length4_neutral,0,29,4,1,18,83.0,7.0,13.0,96.0
18,length4_neutral,0,30,4,2,25,47.0,92.0,62.0,32.0
18,length4_neutral,0,31,4,3,40,5.0,4.0,68.0,52.0
18,length4_neutral,0,32,4,3,8,5.0,36.0,90.0,50.0
18,length4_neutral,0,33,4,2,4,86.0,92.0,15.0,12.0
18,length4_neutral,0,34,4,4,37,79.0,29.0,65.0,58.0
18,length4_neutral,0,35,4,4,32,7.0,21.0,54.0,40.0
18,length4_neutral,0,36,4,2,22,23.0,81.0,71.0,46.0
18,length4_neutral,0,37,4,2,21,25.0,88.0,13.0,79.0
18,length4_neutral,0,38,4,4,9,18.0,59.0,31.0,52.0
18,length4_neutral,0,39,4,3,29,9.0,42.0,53.0,25.0
18,length4_neutral,0,40,4,1,26,79.0,29.0,38.0,12.0
18,length4_plentiful,1,1,4,1,20,80.0,57.0,26.0,63.0
18,length4_plentiful,1,2,4,3,38,59.0,69.0,71.0,55.0
18,length4_plentiful,1,3,4,4,31,70.0,69.0,61.0,43.0
18,length4_plentiful,1,4,4,2,39,64.0,94.0,71.0,90.0
18,length4_plentiful,1,5,4,3,7,60.0,46.0,81.0,66.0
18,length4_plentiful,1,6,4,3,17,58.0,64.0,87.0,53.0
18,length4_plentiful,1,7,4,2,36,61.0,77.0,46.0,64.0
18,length4_plentiful,1,8,4,2,6,26.0,89.0,69.0,48.0
18,length4_plentiful,1,9,4,2,5,52.0,86.0,76.0,93.0
18,length4_plentiful,1,10,4,1,1,88.0,64.0,83.0,41.0
18,length4_plentiful,1,11,4,4,33,80.0,57.0,55.0,89.0
18,length4_plentiful,1,12,4,1,14,79.0,82.0,97.0,62.0
18,length4_plentiful,1,13,4,1,23,97.0,63.0,69.0,68.0
18,length4_plentiful,1,14,4,4,34,59.0,55.0,47.0,77.0
18,length4_plentiful,1,15,4,3,27,52.0,53.0,90.0,62.0
18,length4_plentiful,1,16,4,4,28,46.0,85.0,55.0,87.0
18,length4_plentiful,1,17,4,2,19,65.0,86.0,48.0,59.0
18,length4_plentiful,1,18,4,4,24,56.0,51.0,50.0,89.0
18,length4_plentiful,1,19,4,1,35,85.0,39.0,50.0,53.0
18,length4_plentiful,1,20,4,4,12,52.0,64.0,56.0,81.0
18,length4_plentiful,1,21,4,2,3,68.0,88.0,84.0,49.0
18,length4_plentiful,1,22,4,1,2,85.0,65.0,80.0,78.0
18,length4_plentiful,1,23,4,1,15,89.0,52.0,80.0,55.0
18,length4_plentiful,1,24,4,1,13,81.0,73.0,66.0,80.0
18,length4_plentiful,1,25,4,2,11,44.0,84.0,89.0,69.0
18,length4_plentiful,1,26,4,3,10,76.0,51.0,82.0,64.0
18,length4_plentiful,1,27,4,3,16,36.0,43.0,79.0,76.0
18,length4_plentiful,1,28,4,4,30,32.0,66.0,63.0,95.0
18,length4_plentiful,1,29,4,1,18,96.0,82.0,85.0,93.0
18,length4_plentiful,1,30,4,3,25,64.0,39.0,84.0,82.0
18,length4_plentiful,1,31,4,1,40,90.0,81.0,61.0,39.0
18,length4_plentiful,1,32,4,1,8,77.0,23.0,47.0,26.0
18,length4_plentiful,1,33,4,1,4,83.0,73.0,71.0,62.0
18,length4_plentiful,1,34,4,4,37,61.0,30.0,49.0,91.0
18,length4_plentiful,1,35,4,4,32,77.0,63.0,75.0,79.0
18,length4_plentiful,1,36,4,1,22,73.0,78.0,56.0,22.0
18,length4_plentiful,1,37,4,1,21,75.0,79.0,56.0,86.0
18,length4_plentiful,1,38,4,1,9,94.0,81.0,68.0,47.0
18,length4_plentiful,1,39,4,4,29,54.0,72.0,18.0,57.0
18,length4_plentiful,1,40,4,4,26,67.0,53.0,59.0,49.0
18,length8_neutral,2,1,8,2,20,35.0,77.0,15.0,1.0
18,length8_neutral,2,2,8,2,38,4.0,89.0,77.0,93.0
18,length8_neutral,2,3,8,1,31,71.0,77.0,83.0,22.0
18,length8_neutral,2,4,8,4,39,68.0,82.0,63.0,93.0
18,length8_neutral,2,5,8,7,7,26.0,4.0,39.0,14.0
18,length8_neutral,2,6,8,4,17,43.0,63.0,21.0,86.0
18,length8_neutral,2,7,8,8,36,88.0,26.0,31.0,78.0
18,length8_neutral,2,8,8,2,6,83.0,92.0,49.0,43.0
18,length8_neutral,2,9,8,8,5,76.0,31.0,21.0,16.0
18,length8_neutral,2,10,8,8,1,22.0,79.0,32.0,2.0
18,length8_neutral,2,11,8,2,33,1.0,85.0,89.0,24.0
18,length8_neutral,2,12,8,7,14,46.0,19.0,45.0,4.0
18,length8_neutral,2,13,8,8,23,64.0,42.0,83.0,7.0
18,length8_neutral,2,14,8,1,34,77.0,82.0,29.0,34.0
18,length8_neutral,2,15,8,1,27,73.0,14.0,13.0,90.0
18,length8_neutral,2,16,8,8,28,61.0,12.0,10.0,48.0
18,length8_neutral,2,17,8,6,19,46.0,43.0,51.0,6.0
18,length8_neutral,2,18,8,1,24,97.0,35.0,57.0,80.0
18,length8_neutral,2,19,8,8,35,30.0,62.0,45.0,46.0
18,length8_neutral,2,20,8,1,12,76.0,60.0,51.0,73.0
18,length8_neutral,2,21,8,4,3,13.0,12.0,15.0,83.0
18,length8_neutral,2,22,8,8,2,51.0,89.0,25.0,88.0
18,length8_neutral,2,23,8,1,15,80.0,40.0,83.0,57.0
18,length8_neutral,2,24,8,6,13,25.0,17.0,12.0,23.0
18,length8_neutral,2,25,8,5,11,16.0,48.0,56.0,79.0
18,length8_neutral,2,26,8,1,10,92.0,41.0,87.0,86.0
18,length8_neutral,2,27,8,3,16,7.0,55.0,96.0,23.0
18,length8_neutral,2,28,8,1,30,73.0,53.0,94.0,29.0
18,length8_neutral,2,29,8,8,18,94.0,87.0,35.0,57.0
18,length8_neutral,2,30,8,8,25,31.0,62.0,38.0,36.0
18,length8_neutral,2,31,8,4,40,52.0,1.0,65.0,96.0
18,length8_neutral,2,32,8,7,8,20.0,76.0,30.0,72.0
18,length8_neutral,2,33,8,7,4,31.0,67.0,45.0,8.0
18,length8_neutral,2,34,8,4,37,41.0,18.0,13.0,49.0
18,length8_neutral,2,35,8,1,32,93.0,53.0,59.0,67.0
18,length8_neutral,2,36,8,1,22,75.0,62.0,74.0,93.0
18,length8_neutral,2,37,8,1,21,94.0,77.0,85.0,11.0
18,length8_neutral,2,38,8,8,9,12.0,55.0,31.0,30.0
18,length8_neutral,2,39,8,1,29,72.0,62.0,33.0,45.0
18,length8_neutral,2,40,8,1,26,86.0,7.0,77.0,50.0
18,length8_plentiful,3,1,8,4,20,50.0,69.0,73.0,92.0
18,length8_plentiful,3,2,8,6,38,63.0,68.0,66.0,74.0
18,length8_plentiful,3,3,8,2,31,70.0,89.0,85.0,42.0
18,length8_plentiful,3,4,8,4,39,84.0,88.0,68.0,91.0
18,length8_plentiful,3,5,8,8,7,61.0,28.0,82.0,57.0
18,length8_plentiful,3,6,8,8,17,62.0,68.0,58.0,57.0
18,length8_plentiful,3,7,8,6,36,87.0,42.0,75.0,68.0
18,length8_plentiful,3,8,8,3,6,82.0,76.0,87.0,53.0
18,length8_plentiful,3,9,8,6,5,66.0,70.0,54.0,59.0
18,length8_plentiful,3,10,8,6,1,65.0,43.0,30.0,81.0
18,length8_plentiful,3,11,8,2,33,67.0,89.0,96.0,58.0
18,length8_plentiful,3,12,8,8,14,67.0,68.0,98.0,84.0
18,length8_plentiful,3,13,8,8,23,88.0,56.0,79.0,75.0
18,length8_plentiful,3,14,8,7,34,50.0,44.0,69.0,63.0
18,length8_plentiful,3,15,8,3,27,49.0,36.0,78.0,30.0
18,length8_plentiful,3,16,8,8,28,54.0,58.0,45.0,69.0
18,length8_plentiful,3,17,8,6,19,76.0,84.0,85.0,94.0
18,length8_plentiful,3,18,8,8,24,62.0,64.0,87.0,79.0
18,length8_plentiful,3,19,8,5,35,65.0,62.0,89.0,49.0
18,length8_plentiful,3,20,8,3,12,44.0,63.0,70.0,68.0
18,length8_plentiful,3,21,8,1,3,90.0,72.0,87.0,69.0
18,length8_plentiful,3,22,8,3,2,35.0,86.0,87.0,65.0
18,length8_plentiful,3,23,8,5,15,80.0,52.0,35.0,30.0
18,length8_plentiful,3,24,8,8,13,54.0,94.0,33.0,70.0
18,length8_plentiful,3,25,8,8,11,78.0,52.0,74.0,77.0
18,length8_plentiful,3,26,8,3,10,30.0,68.0,93.0,70.0
18,length8_plentiful,3,27,8,8,16,78.0,49.0,63.0,72.0
18,length8_plentiful,3,28,8,3,30,57.0,46.0,90.0,36.0
18,length8_plentiful,3,29,8,8,18,81.0,78.0,44.0,63.0
18,length8_plentiful,3,30,8,3,25,60.0,45.0,88.0,70.0
18,length8_plentiful,3,31,8,6,40,59.0,74.0,62.0,70.0
18,length8_plentiful,3,32,8,8,8,66.0,79.0,46.0,56.0
18,length8_plentiful,3,33,8,3,4,43.0,78.0,87.0,89.0
18,length8_plentiful,3,34,8,7,37,71.0,64.0,85.0,70.0
18,length8_plentiful,3,35,8,8,32,75.0,89.0,67.0,87.0
18,length8_plentiful,3,36,8,6,22,82.0,68.0,76.0,79.0
18,length8_plentiful,3,37,8,4,21,89.0,58.0,75.0,95.0
18,length8_plentiful,3,38,8,5,9,73.0,74.0,78.0,52.0
18,length8_plentiful,3,39,8,8,29,35.0,45.0,74.0,72.0
18,length8_plentiful,3,40,8,4,26,80.0,70.0,69.0,89.0
19,length4_neutral,0,1,4,1,31,95.0,66.0,15.0,13.0
19,length4_neutral,0,2,4,3,39,38.0,9.0,73.0,48.0
19,length4_neutral,0,3,4,2,34,51.0,77.0,12.0,2.0
19,length4_neutral,0,4,4,2,16,7.0,82.0,11.0,32.0
19,length4_neutral,0,5,4,2,20,16.0,84.0,17.0,89.0
19,length4_neutral,0,6,4,3,10,42.0,7.0,96.0,56.0
19,length4_neutral,0,7,4,1,21,75.0,29.0,37.0,26.0
19,length4_neutral,0,8,4,1,14,90.0,79.0,69.0,31.0
19,length4_neutral,0,9,4,4,38,4.0,10.0,13.0,8.0
19,length4_neutral,0,10,4,1,2,94.0,60.0,86.0,11.0
19,length4_neutral,0,11,4,1,1,95.0,10.0,97.0,77.0
19,length4_neutral,0,12,4,4,11,53.0,42.0,11.0,60.0
19,length4_neutral,0,13,4,1,5,72.0,83.0,90.0,94.0
19,length4_neutral,0,14,4,3,3,39.0,45.0,59.0,20.0
19,length4_neutral,0,15,4,1,7,84.0,98.0,24.0,26.0
19,length4_neutral,0,16,4,1,24,95.0,37.0,42.0,11.0
19,length4_neutral,0,17,4,2,28,9.0,89.0,1.0,12.0
19,length4_neutral,0,18,4,2,22,18.0,67.0,34.0,41.0
19,length4_neutral,0,19,4,3,17,7.0,19.0,67.0,1.0
19,length4_neutral,0,20,4,2,36,44.0,81.0,34.0,28.0
19,length4_neutral,0,21,4,3,23,19.0,61.0,91.0,40.0
19,length4_neutral,0,22,4,3,18,37.0,46.0,87.0,15.0
19,length4_neutral,0,23,4,4,15,9.0,62.0,2.0,36.0
19,length4_neutral,0,24,4,1,9,72.0,93.0,84.0,17.0
19,length4_neutral,0,25,4,2,33,49.0,75.0,71.0,13.0
19,length4_neutral,0,26,4,1,29,93.0,79.0,18.0,97.0
19,length4_neutral,0,27,4,1,30,88.0,70.0,72.0,52.0
19,length4_neutral,0,28,4,3,19,21.0,22.0,59.0,61.0
19,length4_neutral,0,29,4,1,8,83.0,7.0,13.0,96.0
19,length4_neutral,0,30,4,2,4,47.0,92.0,62.0,32.0
19,length4_neutral,0,31,4,3,6,5.0,4.0,68.0,52.0
19,length4_neutral,0,32,4,3,32,5.0,36.0,90.0,50.0
19,length4_neutral,0,33,4,1,26,86.0,92.0,15.0,12.0
19,length4_neutral,0,34,4,1,27,79.0,29.0,65.0,58.0
19,length4_neutral,0,35,4,3,37,7.0,21.0,54.0,40.0
19,length4_neutral,0,36,4,2,40,23.0,81.0,71.0,46.0
19,length4_neutral,0,37,4,2,12,25.0,88.0,13.0,79.0
19,length4_neutral,0,38,4,2,25,18.0,59.0,31.0,52.0
19,length4_neutral,0,39,4,3,13,9.0,42.0,53.0,25.0
19,length4_neutral,0,40,4,1,35,79.0,29.0,38.0,12.0
19,length4_plentiful,1,1,4,1,31,80.0,57.0,26.0,63.0
19,length4_plentiful,1,2,4,3,39,59.0,69.0,71.0,55.0
19,length4_plentiful,1,3,4,4,34,70.0,69.0,61.0,43.0
19,length4_plentiful,1,4,4,2,16,64.0,94.0,71.0,90.0
19,length4_plentiful,1,5,4,3,20,60.0,46.0,81.0,66.0
19,length4_plentiful,1,6,4,3,10,58.0,64.0,87.0,53.0
19,length4_plentiful,1,7,4,2,21,61.0,77.0,46.0,64.0
19,length4_plentiful,1,8,4,2,14,26.0,89.0,69.0,48.0
19,length4_plentiful,1,9,4,2,38,52.0,86.0,76.0,93.0
19,length4_plentiful,1,10,4,1,2,88.0,64.0,83.0,41.0
19,length4_plentiful,1,11,4,1,1,80.0,57.0,55.0,89.0
19,length4_plentiful,1,12,4,1,11,79.0,82.0,97.0,62.0
19,length4_plentiful,1,13,4,1,5,97.0,63.0,69.0,68.0
19,length4_plentiful,1,14,4,4,3,59.0,55.0,47.0,77.0
19,length4_plentiful,1,15,4,3,7,52.0,53.0,90.0,62.0
19,length4_plentiful,1,16,4,4,24,46.0,85.0,55.0,87.0
19,length4_plentiful,1,17,4,2,28,65.0,86.0,48.0,59.0
19,length4_plentiful,1,18,4,4,22,56.0,51.0,50.0,89.0
19,length4_plentiful,1,19,4,1,17,85.0,39.0,50.0,53.0
19,length4_plentiful,1,20,4,4,36,52.0,64.0,56.0,81.0
19,length4_plentiful,1,21,4,4,23,68.0,88.0,84.0,49.0
19,length4_plentiful,1,22,4,1,18,85.0,65.0,80.0,78.0
19,length4_plentiful,1,23,4,1,15,89.0,52.0,80.0,55.0
19,length4_plentiful,1,24,4,1,9,81.0,73.0,66.0,80.0
19,length4_plentiful,1,25,4,2,33,44.0,84.0,89.0,69.0
19,length4_plentiful,1,26,4,1,29,76.0,51.0,82.0,64.0
19,length4_plentiful,1,27,4,3,30,36.0,43.0,79.0,76.0
19,length4_plentiful,1,28,4,2,19,32.0,66.0,63.0,95.0
19,length4_plentiful,1,29,4,1,8,96.0,82.0,85.0,93.0
19,length4_plentiful,1,30,4,3,4,64.0,39.0,84.0,82.0
19,length4_plentiful,1,31,4,1,6,90.0,81.0,61.0,39.0
19,length4_plentiful,1,32,4,4,32,77.0,23.0,47.0,26.0
19,length4_plentiful,1,33,4,4,26,83.0,73.0,71.0,62.0
19,length4_plentiful,1,34,4,4,27,61.0,30.0,49.0,91.0
19,length4_plentiful,1,35,4,1,37,77.0,63.0,75.0,79.0
19,length4_plentiful,1,36,4,1,40,73.0,78.0,56.0,22.0
19,length4_plentiful,1,37,4,1,12,75.0,79.0,56.0,86.0
19,length4_plentiful,1,38,4,1,25,94.0,81.0,68.0,47.0
19,length4_plentiful,1,39,4,2,13,54.0,72.0,18.0,57.0
19,length4_plentiful,1,40,4,4,35,67.0,53.0,59.0,49.0
19,length8_neutral,2,1,8,7,31,35.0,77.0,15.0,1.0
19,length8_neutral,2,2,8,4,39,4.0,89.0,77.0,93.0
19,length8_neutral,2,3,8,8,34,71.0,77.0,83.0,22.0
19,length8_neutral,2,4,8,2,16,68.0,82.0,63.0,93.0
19,length8_neutral,2,5,8,8,20,26.0,4.0,39.0,14.0
19,length8_neutral,2,6,8,4,10,43.0,63.0,21.0,86.0
19,length8_neutral,2,7,8,1,21,88.0,26.0,31.0,78.0
19,length8_neutral,2,8,8,1,14,83.0,92.0,49.0,43.0
19,length8_neutral,2,9,8,8,38,76.0,31.0,21.0,16.0
19,length8_neutral,2,10,8,2,2,22.0,79.0,32.0,2.0
19,length8_neutral,2,11,8,3,1,1.0,85.0,89.0,24.0
19,length8_neutral,2,12,8,8,11,46.0,19.0,45.0,4.0
19,length8_neutral,2,13,8,3,5,64.0,42.0,83.0,7.0
19,length8_neutral,2,14,8,8,3,77.0,82.0,29.0,34.0
19,length8_neutral,2,15,8,4,7,73.0,14.0,13.0,90.0
19,length8_neutral,2,16,8,8,24,61.0,12.0,10.0,48.0
19,length8_neutral,2,17,8,8,28,46.0,43.0,51.0,6.0
19,length8_neutral,2,18,8,8,22,97.0,35.0,57.0,80.0
19,length8_neutral,2,19,8,8,17,30.0,62.0,45.0,46.0
19,length8_neutral,2,20,8,8,36,76.0,60.0,51.0,73.0
19,length8_neutral,2,21,8,4,23,13.0,12.0,15.0,83.0
19,length8_neutral,2,22,8,8,18,51.0,89.0,25.0,88.0
19,length8_neutral,2,23,8,3,15,80.0,40.0,83.0,57.0
19,length8_neutral,2,24,8,8,9,25.0,17.0,12.0,23.0
19,length8_neutral,2,25,8,4,33,16.0,48.0,56.0,79.0
19,length8_neutral,2,26,8,1,29,92.0,41.0,87.0,86.0
19,length8_neutral,2,27,8,3,30,7.0,55.0,96.0,23.0
19,length8_neutral,2,28,8,3,19,73.0,53.0,94.0,29.0
19,length8_neutral,2,29,8,8,8,94.0,87.0,35.0,57.0
19,length8_neutral,2,30,8,8,4,31.0,62.0,38.0,36.0
19,length8_neutral,2,31,8,4,6,52.0,1.0,65.0,96.0
19,length8_neutral,2,32,8,6,32,20.0,76.0,30.0,72.0
19,length8_neutral,2,33,8,7,26,31.0,67.0,45.0,8.0
19,length8_neutral,2,34,8,6,27,41.0,18.0,13.0,49.0
19,length8_neutral,2,35,8,1,37,93.0,53.0,59.0,67.0
19,length8_neutral,2,36,8,4,40,75.0,62.0,74.0,93.0
19,length8_neutral,2,37,8,1,12,94.0,77.0,85.0,11.0
19,length8_neutral,2,38,8,8,25,12.0,55.0,31.0,30.0
19,length8_neutral,2,39,8,7,13,72.0,62.0,33.0,45.0
19,length8_neutral,2,40,8,1,35,86.0,7.0,77.0,50.0
19,length8_plentiful,3,1,8,4,31,50.0,69.0,73.0,92.0
19,length8_plentiful,3,2,8,4,39,63.0,68.0,66.0,74.0
19,length8_plentiful,3,3,8,2,34,70.0,89.0,85.0,42.0
19,length8_plentiful,3,4,8,1,16,84.0,88.0,68.0,91.0
19,length8_plentiful,3,5,8,3,20,61.0,28.0,82.0,57.0
19,length8_plentiful,3,6,8,8,10,62.0,68.0,58.0,57.0
19,length8_plentiful,3,7,8,1,21,87.0,42.0,75.0,68.0
19,length8_plentiful,3,8,8,1,14,82.0,76.0,87.0,53.0
19,length8_plentiful,3,9,8,6,38,66.0,70.0,54.0,59.0
19,length8_plentiful,3,10,8,6,2,65.0,43.0,30.0,81.0
19,length8_plentiful,3,11,8,2,1,67.0,89.0,96.0,58.0
19,length8_plentiful,3,12,8,3,11,67.0,68.0,98.0,84.0
19,length8_plentiful,3,13,8,1,5,88.0,56.0,79.0,75.0
19,length8_plentiful,3,14,8,7,3,50.0,44.0,69.0,63.0
19,length8_plentiful,3,15,8,3,7,49.0,36.0,78.0,30.0
19,length8_plentiful,3,16,8,7,24,54.0,58.0,45.0,69.0
19,length8_plentiful,3,17,8,2,28,76.0,84.0,85.0,94.0
19,length8_plentiful,3,18,8,3,22,62.0,64.0,87.0,79.0
19,length8_plentiful,3,19,8,3,17,65.0,62.0,89.0,49.0
19,length8_plentiful,3,20,8,7,36,44.0,63.0,70.0,68.0
19,length8_plentiful,3,21,8,1,23,90.0,72.0,87.0,69.0
19,length8_plentiful,3,22,8,2,18,35.0,86.0,87.0,65.0
19,length8_plentiful,3,23,8,1,15,80.0,52.0,35.0,30.0
19,length8_plentiful,3,24,8,2,9,54.0,94.0,33.0,70.0
19,length8_plentiful,3,25,8,1,33,78.0,52.0,74.0,77.0
19,length8_plentiful,3,26,8,3,29,30.0,68.0,93.0,70.0
19,length8_plentiful,3,27,8,5,30,78.0,49.0,63.0,72.0
19,length8_plentiful,3,28,8,3,19,57.0,46.0,90.0,36.0
19,length8_plentiful,3,29,8,1,8,81.0,78.0,44.0,63.0
19,length8_plentiful,3,30,8,3,4,60.0,45.0,88.0,70.0
19,length8_plentiful,3,31,8,2,6,59.0,74.0,62.0,70.0
19,length8_plentiful,3,32,8,8,32,66.0,79.0,46.0,56.0
19,length8_plentiful,3,33,8,2,26,43.0,78.0,87.0,89.0
19,length8_plentiful,3,34,8,6,27,71.0,64.0,85.0,70.0
19,length8_plentiful,3,35,8,2,37,75.0,89.0,67.0,87.0
19,length8_plentiful,3,36,8,6,40,82.0,68.0,76.0,79.0
19,length8_plentiful,3,37,8,1,12,89.0,58.0,75.0,95.0
19,length8_plentiful,3,38,8,8,25,73.0,74.0,78.0,52.0
19,length8_plentiful,3,39,8,5,13,35.0,45.0,74.0,72.0
19,length8_plentiful,3,40,8,1,35,80.0,70.0,69.0,89.0
20,length4_neutral,0,1,4,4,15,49.0,39.0,25.0,81.0
20,length4_neutral,0,2,4,1,30,98.0,93.0,67.0,39.0
20,length4_neutral,0,3,4,3,3,52.0,1.0,85.0,50.0
20,length4_neutral,0,4,4,4,32,63.0,21.0,43.0,28.0
20,length4_neutral,0,5,4,2,25,3.0,93.0,67.0,77.0
20,length4_neutral,0,6,4,4,36,5.0,60.0,53.0,36.0
20,length4_neutral,0,7,4,2,33,12.0,91.0,36.0,95.0
20,length4_neutral,0,8,4,3,12,23.0,40.0,86.0,5.0
20,length4_neutral,0,9,4,2,9,56.0,72.0,22.0,25.0
20,length4_neutral,0,10,4,2,27,81.0,96.0,83.0,71.0
20,length4_neutral,0,11,4,2,26,11.0,98.0,61.0,64.0
20,length4_neutral,0,12,4,4,5,17.0,62.0,80.0,7.0
20,length4_neutral,0,13,4,3,20,42.0,36.0,91.0,16.0
20,length4_neutral,0,14,4,4,21,42.0,80.0,70.0,63.0
20,length4_neutral,0,15,4,4,39,3.0,28.0,25.0,84.0
20,length4_neutral,0,16,4,4,1,35.0,9.0,91.0,24.0
20,length4_neutral,0,17,4,4,35,22.0,26.0,24.0,21.0
20,length4_neutral,0,18,4,1,29,87.0,12.0,50.0,55.0
20,length4_neutral,0,19,4,4,22,36.0,7.0,15.0,44.0
20,length4_neutral,0,20,4,4,18,67.0,63.0,7.0,30.0
20,length4_neutral,0,21,4,2,23,62.0,81.0,72.0,61.0
20,length4_neutral,0,22,4,4,38,64.0,62.0,19.0,48.0
20,length4_neutral,0,23,4,3,40,79.0,69.0,97.0,43.0
20,length4_neutral,0,24,4,4,34,46.0,42.0,6.0,26.0
20,length4_neutral,0,25,4,3,24,62.0,9.0,70.0,94.0
20,length4_neutral,0,26,4,1,11,90.0,54.0,87.0,84.0
20,length4_neutral,0,27,4,2,17,74.0,75.0,43.0,78.0
20,length4_neutral,0,28,4,1,8,85.0,76.0,22.0,16.0
20,length4_neutral,0,29,4,4,14,56.0,34.0,22.0,64.0
20,length4_neutral,0,30,4,1,4,91.0,33.0,54.0,42.0
20,length4_neutral,0,31,4,2,31,50.0,69.0,72.0,20.0
20,length4_neutral,0,32,4,4,16,60.0,57.0,22.0,46.0
20,length4_neutral,0,33,4,4,37,10.0,37.0,84.0,36.0
20,length4_neutral,0,34,4,4,28,22.0,80.0,19.0,2.0
20,length4_neutral,0,35,4,2,7,35.0,86.0,84.0,77.0
20,length4_neutral,0,36,4,2,10,81.0,93.0,69.0,11.0
20,length4_neutral,0,37,4,4,2,67.0,27.0,37.0,45.0
20,length4_neutral,0,38,4,3,13,39.0,59.0,67.0,42.0
20,length4_neutral,0,39,4,4,6,7.0,35.0,27.0,3.0
20,length4_neutral,0,40,4,3,19,42.0,9.0,95.0,26.0
20,length4_plentiful,1,1,4,4,15,76.0,63.0,60.0,79.0
20,length4_plentiful,1,2,4,1,30,88.0,62.0,84.0,73.0
20,length4_plentiful,1,3,4,3,3,69.0,76.0,65.0,90.0
20,length4_plentiful,1,4,4,4,32,39.0,61.0,64.0,54.0
20,length4_plentiful,1,5,4,4,25,72.0,57.0,18.0,71.0
20,length4_plentiful,1,6,4,3,36,63.0,29.0,60.0,75.0
20,length4_plentiful,1,7,4,3,33,60.0,71.0,84.0,81.0
20,length4_plentiful,1,8,4,1,12,95.0,52.0,59.0,36.0
20,length4_plentiful,1,9,4,4,9,17.0,65.0,44.0,96.0
20,length4_plentiful,1,10,4,4,27,72.0,38.0,62.0,86.0
20,length4_plentiful,1,11,4,3,26,70.0,76.0,91.0,82.0
20,length4_plentiful,1,12,4,2,5,68.0,90.0,59.0,60.0
20,length4_plentiful,1,13,4,4,20,68.0,38.0,33.0,47.0
20,length4_plentiful,1,14,4,4,21,83.0,79.0,84.0,66.0
20,length4_plentiful,1,15,4,4,39,60.0,59.0,35.0,67.0
20,length4_plentiful,1,16,4,4,1,54.0,68.0,72.0,89.0
20,length4_plentiful,1,17,4,1,35,93.0,55.0,62.0,57.0
20,length4_plentiful,1,18,4,4,29,85.0,87.0,71.0,48.0
20,length4_plentiful,1,19,4,1,22,90.0,79.0,72.0,89.0
20,length4_plentiful,1,20,4,1,18,73.0,74.0,87.0,55.0
20,length4_plentiful,1,21,4,3,23,59.0,66.0,72.0,76.0
20,length4_plentiful,1,22,4,1,38,97.0,80.0,69.0,43.0
20,length4_plentiful,1,23,4,4,40,68.0,42.0,33.0,92.0
20,length4_plentiful,1,24,4,3,34,54.0,44.0,88.0,87.0
20,length4_plentiful,1,25,4,4,24,39.0,64.0,68.0,57.0
20,length4_plentiful,1,26,4,2,11,74.0,79.0,68.0,66.0
20,length4_plentiful,1,27,4,1,17,83.0,64.0,85.0,97.0
20,length4_plentiful,1,28,4,4,8,76.0,39.0,35.0,72.0
20,length4_plentiful,1,29,4,2,14,62.0,88.0,77.0,71.0
20,length4_plentiful,1,30,4,4,4,57.0,77.0,72.0,85.0
20,length4_plentiful,1,31,4,4,31,65.0,87.0,48.0,77.0
20,length4_plentiful,1,32,4,4,16,51.0,52.0,66.0,84.0
20,length4_plentiful,1,33,4,4,37,89.0,87.0,85.0,49.0
20,length4_plentiful,1,34,4,4,28,79.0,57.0,61.0,74.0
20,length4_plentiful,1,35,4,4,7,73.0,70.0,50.0,88.0
20,length4_plentiful,1,36,4,3,10,76.0,74.0,95.0,89.0
20,length4_plentiful,1,37,4,1,2,91.0,60.0,80.0,79.0
20,length4_plentiful,1,38,4,4,13,82.0,43.0,78.0,58.0
20,length4_plentiful,1,39,4,3,6,75.0,81.0,90.0,92.0
20,length4_plentiful,1,40,4,3,19,71.0,61.0,74.0,84.0
20,length8_neutral,2,1,8,5,15,56.0,15.0,66.0,36.0
20,length8_neutral,2,2,8,3,30,22.0,60.0,87.0,84.0
20,length8_neutral,2,3,8,2,3,63.0,74.0,38.0,46.0
20,length8_neutral,2,4,8,3,32,21.0,42.0,84.0,66.0
20,length8_neutral,2,5,8,1,25,93.0,3.0,8.0,59.0
20,length8_neutral,2,6,8,7,36,39.0,56.0,6.0,13.0
20,length8_neutral,2,7,8,3,33,37.0,60.0,82.0,84.0
20,length8_neutral,2,8,8,3,12,77.0,19.0,97.0,65.0
20,length8_neutral,2,9,8,8,9,14.0,26.0,59.0,37.0
20,length8_neutral,2,10,8,4,27,26.0,21.0,50.0,97.0
20,length8_neutral,2,11,8,5,26,58.0,2.0,87.0,9.0
20,length8_neutral,2,12,8,2,5,31.0,81.0,84.0,16.0
20,length8_neutral,2,13,8,8,20,28.0,24.0,62.0,55.0
20,length8_neutral,2,14,8,8,21,81.0,36.0,74.0,79.0
20,length8_neutral,2,15,8,1,39,85.0,12.0,40.0,50.0
20,length8_neutral,2,16,8,2,1,88.0,45.0,7.0,44.0
20,length8_neutral,2,17,8,2,35,42.0,98.0,63.0,28.0
20,length8_neutral,2,18,8,3,29,41.0,44.0,81.0,91.0
20,length8_neutral,2,19,8,4,22,49.0,63.0,15.0,81.0
20,length8_neutral,2,20,8,8,18,77.0,51.0,10.0,37.0
20,length8_neutral,2,21,8,1,23,87.0,95.0,62.0,79.0
20,length8_neutral,2,22,8,5,38,67.0,8.0,34.0,66.0
20,length8_neutral,2,23,8,8,40,8.0,30.0,59.0,32.0
20,length8_neutral,2,24,8,3,34,8.0,50.0,88.0,47.0
20,length8_neutral,2,25,8,7,24,10.0,8.0,27.0,33.0
20,length8_neutral,2,26,8,2,11,61.0,98.0,9.0,73.0
20,length8_neutral,2,27,8,6,17,62.0,72.0,16.0,4.0
20,length8_neutral,2,28,8,2,8,63.0,79.0,32.0,8.0
20,length8_neutral,2,29,8,1,14,92.0,8.0,20.0,75.0
20,length8_neutral,2,30,8,1,4,94.0,62.0,84.0,37.0
20,length8_neutral,2,31,8,1,31,94.0,87.0,24.0,12.0
20,length8_neutral,2,32,8,2,16,45.0,80.0,19.0,64.0
20,length8_neutral,2,33,8,3,37,77.0,66.0,91.0,36.0
20,length8_neutral,2,34,8,5,28,28.0,62.0,65.0,57.0
20,length8_neutral,2,35,8,8,7,7.0,39.0,73.0,35.0
20,length8_neutral,2,36,8,2,10,5.0,75.0,64.0,20.0
20,length8_neutral,2,37,8,8,2,2.0,49.0,12.0,5.0
20,length8_neutral,2,38,8,5,13,95.0,10.0,64.0,84.0
20,length8_neutral,2,39,8,1,6,93.0,5.0,57.0,61.0
20,length8_neutral,2,40,8,3,19,83.0,52.0,96.0,53.0
20,length8_plentiful,3,1,8,8,15,50.0,44.0,45.0,43.0
20,length8_plentiful,3,2,8,4,30,51.0,62.0,93.0,33.0
20,length8_plentiful,3,3,8,4,3,27.0,36.0,79.0,81.0
20,length8_plentiful,3,4,8,4,32,79.0,40.0,37.0,95.0
20,length8_plentiful,3,5,8,6,25,80.0,66.0,70.0,84.0
20,length8_plentiful,3,6,8,6,36,57.0,72.0,63.0,58.0
20,length8_plentiful,3,7,8,5,33,80.0,73.0,61.0,77.0
20,length8_plentiful,3,8,8,8,12,88.0,75.0,80.0,82.0
20,length8_plentiful,3,9,8,7,9,31.0,89.0,67.0,86.0
20,length8_plentiful,3,10,8,5,27,84.0,32.0,59.0,89.0
20,length8_plentiful,3,11,8,2,26,78.0,97.0,53.0,55.0
20,length8_plentiful,3,12,8,5,5,30.0,52.0,54.0,60.0
20,length8_plentiful,3,13,8,4,20,69.0,85.0,44.0,93.0
20,length8_plentiful,3,14,8,8,21,49.0,57.0,62.0,73.0
20,length8_plentiful,3,15,8,3,39,82.0,86.0,52.0,87.0
20,length8_plentiful,3,16,8,1,1,94.0,51.0,79.0,78.0
20,length8_plentiful,3,17,8,1,35,93.0,94.0,26.0,54.0
20,length8_plentiful,3,18,8,1,29,91.0,35.0,56.0,87.0
20,length8_plentiful,3,19,8,6,22,71.0,80.0,36.0,31.0
20,length8_plentiful,3,20,8,4,18,70.0,63.0,53.0,91.0
20,length8_plentiful,3,21,8,8,23,82.0,80.0,18.0,56.0
20,length8_plentiful,3,22,8,4,38,75.0,35.0,79.0,89.0
20,length8_plentiful,3,23,8,8,40,68.0,38.0,35.0,69.0
20,length8_plentiful,3,24,8,5,34,43.0,66.0,74.0,80.0
20,length8_plentiful,3,25,8,3,24,57.0,71.0,97.0,81.0
20,length8_plentiful,3,26,8,4,11,79.0,61.0,62.0,90.0
20,length8_plentiful,3,27,8,8,17,49.0,73.0,57.0,58.0
20,length8_plentiful,3,28,8,6,8,49.0,38.0,81.0,69.0
20,length8_plentiful,3,29,8,8,14,54.0,78.0,52.0,65.0
20,length8_plentiful,3,30,8,8,4,41.0,69.0,63.0,55.0
20,length8_plentiful,3,31,8,2,31,59.0,85.0,46.0,78.0
20,length8_plentiful,3,32,8,1,16,93.0,85.0,92.0,62.0
20,length8_plentiful,3,33,8,5,37,65.0,69.0,88.0,42.0
20,length8_plentiful,3,34,8,6,28,68.0,48.0,71.0,45.0
20,length8_plentiful,3,35,8,8,7,64.0,57.0,75.0,76.0
20,length8_plentiful,3,36,8,8,10,72.0,52.0,49.0,61.0
20,length8_plentiful,3,37,8,8,2,86.0,64.0,24.0,52.0
20,length8_plentiful,3,38,8,5,13,41.0,59.0,25.0,75.0
20,length8_plentiful,3,39,8,8,6,52.0,76.0,67.0,55.0
20,length8_plentiful,3,40,8,8,19,63.0,86.0,82.0,55.0
21,length4_neutral,0,1,4,4,6,49.0,39.0,25.0,81.0
21,length4_neutral,0,2,4,2,22,98.0,93.0,67.0,39.0
21,length4_neutral,0,3,4,3,25,52.0,1.0,85.0,50.0
21,length4_neutral,0,4,4,3,34,63.0,21.0,43.0,28.0
21,length4_neutral,0,5,4,2,23,3.0,93.0,67.0,77.0
21,length4_neutral,0,6,4,4,5,5.0,60.0,53.0,36.0
21,length4_neutral,0,7,4,2,15,12.0,91.0,36.0,95.0
21,length4_neutral,0,8,4,3,20,23.0,40.0,86.0,5.0
21,length4_neutral,0,9,4,4,32,56.0,72.0,22.0,25.0
21,length4_neutral,0,10,4,2,14,81.0,96.0,83.0,71.0
21,length4_neutral,0,11,4,2,16,11.0,98.0,61.0,64.0
21,length4_neutral,0,12,4,4,21,17.0,62.0,80.0,7.0
21,length4_neutral,0,13,4,3,4,42.0,36.0,91.0,16.0
21,length4_neutral,0,14,4,4,30,42.0,80.0,70.0,63.0
21,length4_neutral,0,15,4,4,8,3.0,28.0,25.0,84.0
21,length4_neutral,0,16,4,3,29,35.0,9.0,91.0,24.0
21,length4_neutral,0,17,4,4,11,22.0,26.0,24.0,21.0
21,length4_neutral,0,18,4,4,7,87.0,12.0,50.0,55.0
21,length4_neutral,0,19,4,4,31,36.0,7.0,15.0,44.0
21,length4_neutral,0,20,4,4,13,67.0,63.0,7.0,30.0
21,length4_neutral,0,21,4,2,28,62.0,81.0,72.0,61.0
21,length4_neutral,0,22,4,4,36,64.0,62.0,19.0,48.0
21,length4_neutral,0,23,4,3,1,79.0,69.0,97.0,43.0
21,length4_neutral,0,24,4,4,33,46.0,42.0,6.0,26.0
21,length4_neutral,0,25,4,3,10,62.0,9.0,70.0,94.0
21,length4_neutral,0,26,4,1,12,90.0,54.0,87.0,84.0
21,length4_neutral,0,27,4,4,3,74.0,75.0,43.0,78.0
21,length4_neutral,0,28,4,4,18,85.0,76.0,22.0,16.0
21,length4_neutral,0,29,4,3,24,56.0,34.0,22.0,64.0
21,length4_neutral,0,30,4,4,40,91.0,33.0,54.0,42.0
21,length4_neutral,0,31,4,4,17,50.0,69.0,72.0,20.0
21,length4_neutral,0,32,4,4,27,60.0,57.0,22.0,46.0
21,length4_neutral,0,33,4,3,38,10.0,37.0,84.0,36.0
21,length4_neutral,0,34,4,4,37,22.0,80.0,19.0,2.0
21,length4_neutral,0,35,4,2,39,35.0,86.0,84.0,77.0
21,length4_neutral,0,36,4,2,26,81.0,93.0,69.0,11.0
21,length4_neutral,0,37,4,4,9,67.0,27.0,37.0,45.0
21,length4_neutral,0,38,4,4,35,39.0,59.0,67.0,42.0
21,length4_neutral,0,39,4,4,2,7.0,35.0,27.0,3.0
21,length4_neutral,0,40,4,3,19,42.0,9.0,95.0,26.0
21,length4_plentiful,1,1,4,4,6,76.0,63.0,60.0,79.0
21,length4_plentiful,1,2,4,1,22,88.0,62.0,84.0,73.0
21,length4_plentiful,1,3,4,3,25,69.0,76.0,65.0,90.0
21,length4_plentiful,1,4,4,4,34,39.0,61.0,64.0,54.0
21,length4_plentiful,1,5,4,4,23,72.0,57.0,18.0,71.0
21,length4_plentiful,1,6,4,2,5,63.0,29.0,60.0,75.0
21,length4_plentiful,1,7,4,3,15,60.0,71.0,84.0,81.0
21,length4_plentiful,1,8,4,4,20,95.0,52.0,59.0,36.0
21,length4_plentiful,1,9,4,2,32,17.0,65.0,44.0,96.0
21,length4_plentiful,1,10,4,3,14,72.0,38.0,62.0,86.0
21,length4_plentiful,1,11,4,3,16,70.0,76.0,91.0,82.0
21,length4_plentiful,1,12,4,2,21,68.0,90.0,59.0,60.0
21,length4_plentiful,1,13,4,4,4,68.0,38.0,33.0,47.0
21,length4_plentiful,1,14,4,1,30,83.0,79.0,84.0,66.0
21,length4_plentiful,1,15,4,4,8,60.0,59.0,35.0,67.0
21,length4_plentiful,1,16,4,4,29,54.0,68.0,72.0,89.0
21,length4_plentiful,1,17,4,1,11,93.0,55.0,62.0,57.0
21,length4_plentiful,1,18,4,2,7,85.0,87.0,71.0,48.0
21,length4_plentiful,1,19,4,1,31,90.0,79.0,72.0,89.0
21,length4_plentiful,1,20,4,1,13,73.0,74.0,87.0,55.0
21,length4_plentiful,1,21,4,4,28,59.0,66.0,72.0,76.0
21,length4_plentiful,1,22,4,1,36,97.0,80.0,69.0,43.0
21,length4_plentiful,1,23,4,4,1,68.0,42.0,33.0,92.0
21,length4_plentiful,1,24,4,3,33,54.0,44.0,88.0,87.0
21,length4_plentiful,1,25,4,2,10,39.0,64.0,68.0,57.0
21,length4_plentiful,1,26,4,2,12,74.0,79.0,68.0,66.0
21,length4_plentiful,1,27,4,1,3,83.0,64.0,85.0,97.0
21,length4_plentiful,1,28,4,4,18,76.0,39.0,35.0,72.0
21,length4_plentiful,1,29,4,4,24,62.0,88.0,77.0,71.0
21,length4_plentiful,1,30,4,4,40,57.0,77.0,72.0,85.0
21,length4_plentiful,1,31,4,2,17,65.0,87.0,48.0,77.0
21,length4_plentiful,1,32,4,3,27,51.0,52.0,66.0,84.0
21,length4_plentiful,1,33,4,1,38,89.0,87.0,85.0,49.0
21,length4_plentiful,1,34,4,4,37,79.0,57.0,61.0,74.0
21,length4_plentiful,1,35,4,3,39,73.0,70.0,50.0,88.0
21,length4_plentiful,1,36,4,3,26,76.0,74.0,95.0,89.0
21,length4_plentiful,1,37,4,1,9,91.0,60.0,80.0,79.0
21,length4_plentiful,1,38,4,1,35,82.0,43.0,78.0,58.0
21,length4_plentiful,1,39,4,2,2,75.0,81.0,90.0,92.0
21,length4_plentiful,1,40,4,3,19,71.0,61.0,74.0,84.0
21,length8_neutral,2,1,8,5,6,56.0,15.0,66.0,36.0
21,length8_neutral,2,2,8,3,22,22.0,60.0,87.0,84.0
21,length8_neutral,2,3,8,8,25,63.0,74.0,38.0,46.0
21,length8_neutral,2,4,8,3,34,21.0,42.0,84.0,66.0
21,length8_neutral,2,5,8,8,23,93.0,3.0,8.0,59.0
21,length8_neutral,2,6,8,4,5,39.0,56.0,6.0,13.0
21,length8_neutral,2,7,8,8,15,37.0,60.0,82.0,84.0
21,length8_neutral,2,8,8,3,20,77.0,19.0,97.0,65.0
21,length8_neutral,2,9,8,8,32,14.0,26.0,59.0,37.0
21,length8_neutral,2,10,8,4,14,26.0,21.0,50.0,97.0
21,length8_neutral,2,11,8,3,16,58.0,2.0,87.0,9.0
21,length8_neutral,2,12,8,3,21,31.0,81.0,84.0,16.0
21,length8_neutral,2,13,8,7,4,28.0,24.0,62.0,55.0
21,length8_neutral,2,14,8,8,30,81.0,36.0,74.0,79.0
21,length8_neutral,2,15,8,6,8,85.0,12.0,40.0,50.0
21,length8_neutral,2,16,8,1,29,88.0,45.0,7.0,44.0
21,length8_neutral,2,17,8,7,11,42.0,98.0,63.0,28.0
21,length8_neutral,2,18,8,3,7,41.0,44.0,81.0,91.0
21,length8_neutral,2,19,8,7,31,49.0,63.0,15.0,81.0
21,length8_neutral,2,20,8,6,13,77.0,51.0,10.0,37.0
21,length8_neutral,2,21,8,2,28,87.0,95.0,62.0,79.0
21,length8_neutral,2,22,8,5,36,67.0,8.0,34.0,66.0
21,length8_neutral,2,23,8,8,1,8.0,30.0,59.0,32.0
21,length8_neutral,2,24,8,5,33,8.0,50.0,88.0,47.0
21,length8_neutral,2,25,8,6,10,10.0,8.0,27.0,33.0
21,length8_neutral,2,26,8,2,12,61.0,98.0,9.0,73.0
21,length8_neutral,2,27,8,6,3,62.0,72.0,16.0,4.0
21,length8_neutral,2,28,8,8,18,63.0,79.0,32.0,8.0
21,length8_neutral,2,29,8,7,24,92.0,8.0,20.0,75.0
21,length8_neutral,2,30,8,8,40,94.0,62.0,84.0,37.0
21,length8_neutral,2,31,8,2,17,94.0,87.0,24.0,12.0
21,length8_neutral,2,32,8,8,27,45.0,80.0,19.0,64.0
21,length8_neutral,2,33,8,3,38,77.0,66.0,91.0,36.0
21,length8_neutral,2,34,8,5,37,28.0,62.0,65.0,57.0
21,length8_neutral,2,35,8,8,39,7.0,39.0,73.0,35.0
21,length8_neutral,2,36,8,5,26,5.0,75.0,64.0,20.0
21,length8_neutral,2,37,8,6,9,2.0,49.0,12.0,5.0
21,length8_neutral,2,38,8,1,35,95.0,10.0,64.0,84.0
21,length8_neutral,2,39,8,1,2,93.0,5.0,57.0,61.0
21,length8_neutral,2,40,8,3,19,83.0,52.0,96.0,53.0
21,length8_plentiful,3,1,8,8,6,50.0,44.0,45.0,43.0
21,length8_plentiful,3,2,8,8,22,51.0,62.0,93.0,33.0
21,length8_plentiful,3,3,8,5,25,27.0,36.0,79.0,81.0
21,length8_plentiful,3,4,8,6,34,79.0,40.0,37.0,95.0
21,length8_plentiful,3,5,8,4,23,80.0,66.0,70.0,84.0
21,length8_plentiful,3,6,8,4,5,57.0,72.0,63.0,58.0
21,length8_plentiful,3,7,8,8,15,80.0,73.0,61.0,77.0
21,length8_plentiful,3,8,8,4,20,88.0,75.0,80.0,82.0
21,length8_plentiful,3,9,8,7,32,31.0,89.0,67.0,86.0
21,length8_plentiful,3,10,8,6,14,84.0,32.0,59.0,89.0
21,length8_plentiful,3,11,8,8,16,78.0,97.0,53.0,55.0
21,length8_plentiful,3,12,8,7,21,30.0,52.0,54.0,60.0
21,length8_plentiful,3,13,8,4,4,69.0,85.0,44.0,93.0
21,length8_plentiful,3,14,8,6,30,49.0,57.0,62.0,73.0
21,length8_plentiful,3,15,8,4,8,82.0,86.0,52.0,87.0
21,length8_plentiful,3,16,8,1,29,94.0,51.0,79.0,78.0
21,length8_plentiful,3,17,8,6,11,93.0,94.0,26.0,54.0
21,length8_plentiful,3,18,8,1,7,91.0,35.0,56.0,87.0
21,length8_plentiful,3,19,8,6,31,71.0,80.0,36.0,31.0
21,length8_plentiful,3,20,8,4,13,70.0,63.0,53.0,91.0
21,length8_plentiful,3,21,8,4,28,82.0,80.0,18.0,56.0
21,length8_plentiful,3,22,8,3,36,75.0,35.0,79.0,89.0
21,length8_plentiful,3,23,8,5,1,68.0,38.0,35.0,69.0
21,length8_plentiful,3,24,8,5,33,43.0,66.0,74.0,80.0
21,length8_plentiful,3,25,8,4,10,57.0,71.0,97.0,81.0
21,length8_plentiful,3,26,8,7,12,79.0,61.0,62.0,90.0
21,length8_plentiful,3,27,8,8,3,49.0,73.0,57.0,58.0
21,length8_plentiful,3,28,8,6,18,49.0,38.0,81.0,69.0
21,length8_plentiful,3,29,8,8,24,54.0,78.0,52.0,65.0
21,length8_plentiful,3,30,8,7,40,41.0,69.0,63.0,55.0
21,length8_plentiful,3,31,8,8,17,59.0,85.0,46.0,78.0
21,length8_plentiful,3,32,8,1,27,93.0,85.0,92.0,62.0
21,length8_plentiful,3,33,8,5,38,65.0,69.0,88.0,42.0
21,length8_plentiful,3,34,8,4,37,68.0,48.0,71.0,45.0
21,length8_plentiful,3,35,8,8,39,64.0,57.0,75.0,76.0
21,length8_plentiful,3,36,8,8,26,72.0,52.0,49.0,61.0
21,length8_plentiful,3,37,8,6,9,86.0,64.0,24.0,52.0
21,length8_plentiful,3,38,8,5,35,41.0,59.0,25.0,75.0
21,length8_plentiful,3,39,8,7,2,52.0,76.0,67.0,55.0
21,length8_plentiful,3,40,8,5,19,63.0,86.0,82.0,55.0
22,length4_neutral,0,1,4,1,13,95.0,66.0,15.0,13.0
22,length4_neutral,0,2,4,3,25,38.0,9.0,73.0,48.0
22,length4_neutral,0,3,4,2,40,51.0,77.0,12.0,2.0
22,length4_neutral,0,4,4,2,19,7.0,82.0,11.0,32.0
22,length4_neutral,0,5,4,2,36,16.0,84.0,17.0,89.0
22,length4_neutral,0,6,4,3,2,42.0,7.0,96.0,56.0
22,length4_neutral,0,7,4,1,7,75.0,29.0,37.0,26.0
22,length4_neutral,0,8,4,1,15,90.0,79.0,69.0,31.0
22,length4_neutral,0,9,4,4,8,4.0,10.0,13.0,8.0
22,length4_neutral,0,10,4,1,18,94.0,60.0,86.0,11.0
22,length4_neutral,0,11,4,1,16,95.0,10.0,97.0,77.0
22,length4_neutral,0,12,4,4,23,53.0,42.0,11.0,60.0
22,length4_neutral,0,13,4,2,29,72.0,83.0,90.0,94.0
22,length4_neutral,0,14,4,4,32,39.0,45.0,59.0,20.0
22,length4_neutral,0,15,4,1,28,84.0,98.0,24.0,26.0
22,length4_neutral,0,16,4,1,17,95.0,37.0,42.0,11.0
22,length4_neutral,0,17,4,2,5,9.0,89.0,1.0,12.0
22,length4_neutral,0,18,4,2,35,18.0,67.0,34.0,41.0
22,length4_neutral,0,19,4,3,3,7.0,19.0,67.0,1.0
22,length4_neutral,0,20,4,2,38,44.0,81.0,34.0,28.0
22,length4_neutral,0,21,4,3,22,19.0,61.0,91.0,40.0
22,length4_neutral,0,22,4,3,34,37.0,46.0,87.0,15.0
22,length4_neutral,0,23,4,2,12,9.0,62.0,2.0,36.0
22,length4_neutral,0,24,4,1,14,72.0,93.0,84.0,17.0
22,length4_neutral,0,25,4,4,26,49.0,75.0,71.0,13.0
22,length4_neutral,0,26,4,1,10,93.0,79.0,18.0,97.0
22,length4_neutral,0,27,4,1,39,88.0,70.0,72.0,52.0
22,length4_neutral,0,28,4,3,1,21.0,22.0,59.0,61.0
22,length4_neutral,0,29,4,1,27,83.0,7.0,13.0,96.0
22,length4_neutral,0,30,4,2,30,47.0,92.0,62.0,32.0
22,length4_neutral,0,31,4,3,6,5.0,4.0,68.0,52.0
22,length4_neutral,0,32,4,3,24,5.0,36.0,90.0,50.0
22,length4_neutral,0,33,4,1,33,86.0,92.0,15.0,12.0
22,length4_neutral,0,34,4,1,11,79.0,29.0,65.0,58.0
22,length4_neutral,0,35,4,4,20,7.0,21.0,54.0,40.0
22,length4_neutral,0,36,4,2,37,23.0,81.0,71.0,46.0
22,length4_neutral,0,37,4,2,4,25.0,88.0,13.0,79.0
22,length4_neutral,0,38,4,4,21,18.0,59.0,31.0,52.0
22,length4_neutral,0,39,4,4,9,9.0,42.0,53.0,25.0
22,length4_neutral,0,40,4,1,31,79.0,29.0,38.0,12.0
22,length4_plentiful,1,1,4,4,13,80.0,57.0,26.0,63.0
22,length4_plentiful,1,2,4,4,25,59.0,69.0,71.0,55.0
22,length4_plentiful,1,3,4,4,40,70.0,69.0,61.0,43.0
22,length4_plentiful,1,4,4,2,19,64.0,94.0,71.0,90.0
22,length4_plentiful,1,5,4,3,36,60.0,46.0,81.0,66.0
22,length4_plentiful,1,6,4,3,2,58.0,64.0,87.0,53.0
22,length4_plentiful,1,7,4,4,7,61.0,77.0,46.0,64.0
22,length4_plentiful,1,8,4,2,15,26.0,89.0,69.0,48.0
22,length4_plentiful,1,9,4,2,8,52.0,86.0,76.0,93.0
22,length4_plentiful,1,10,4,1,18,88.0,64.0,83.0,41.0
22,length4_plentiful,1,11,4,1,16,80.0,57.0,55.0,89.0
22,length4_plentiful,1,12,4,2,23,79.0,82.0,97.0,62.0
22,length4_plentiful,1,13,4,4,29,97.0,63.0,69.0,68.0
22,length4_plentiful,1,14,4,4,32,59.0,55.0,47.0,77.0
22,length4_plentiful,1,15,4,3,28,52.0,53.0,90.0,62.0
22,length4_plentiful,1,16,4,2,17,46.0,85.0,55.0,87.0
22,length4_plentiful,1,17,4,2,5,65.0,86.0,48.0,59.0
22,length4_plentiful,1,18,4,4,35,56.0,51.0,50.0,89.0
22,length4_plentiful,1,19,4,4,3,85.0,39.0,50.0,53.0
22,length4_plentiful,1,20,4,4,38,52.0,64.0,56.0,81.0
22,length4_plentiful,1,21,4,2,22,68.0,88.0,84.0,49.0
22,length4_plentiful,1,22,4,1,34,85.0,65.0,80.0,78.0
22,length4_plentiful,1,23,4,4,12,89.0,52.0,80.0,55.0
22,length4_plentiful,1,24,4,1,14,81.0,73.0,66.0,80.0
22,length4_plentiful,1,25,4,3,26,44.0,84.0,89.0,69.0
22,length4_plentiful,1,26,4,1,10,76.0,51.0,82.0,64.0
22,length4_plentiful,1,27,4,3,39,36.0,43.0,79.0,76.0
22,length4_plentiful,1,28,4,4,1,32.0,66.0,63.0,95.0
22,length4_plentiful,1,29,4,1,27,96.0,82.0,85.0,93.0
22,length4_plentiful,1,30,4,4,30,64.0,39.0,84.0,82.0
22,length4_plentiful,1,31,4,1,6,90.0,81.0,61.0,39.0
22,length4_plentiful,1,32,4,4,24,77.0,23.0,47.0,26.0
22,length4_plentiful,1,33,4,1,33,83.0,73.0,71.0,62.0
22,length4_plentiful,1,34,4,4,11,61.0,30.0,49.0,91.0
22,length4_plentiful,1,35,4,4,20,77.0,63.0,75.0,79.0
22,length4_plentiful,1,36,4,4,37,73.0,78.0,56.0,22.0
22,length4_plentiful,1,37,4,1,4,75.0,79.0,56.0,86.0
22,length4_plentiful,1,38,4,1,21,94.0,81.0,68.0,47.0
22,length4_plentiful,1,39,4,4,9,54.0,72.0,18.0,57.0
22,length4_plentiful,1,40,4,4,31,67.0,53.0,59.0,49.0
22,length8_neutral,2,1,8,7,13,35.0,77.0,15.0,1.0
22,length8_neutral,2,2,8,2,25,4.0,89.0,77.0,93.0
22,length8_neutral,2,3,8,8,40,71.0,77.0,83.0,22.0
22,length8_neutral,2,4,8,4,19,68.0,82.0,63.0,93.0
22,length8_neutral,2,5,8,8,36,26.0,4.0,39.0,14.0
22,length8_neutral,2,6,8,4,2,43.0,63.0,21.0,86.0
22,length8_neutral,2,7,8,8,7,88.0,26.0,31.0,78.0
22,length8_neutral,2,8,8,2,15,83.0,92.0,49.0,43.0
22,length8_neutral,2,9,8,8,8,76.0,31.0,21.0,16.0
22,length8_neutral,2,10,8,8,18,22.0,79.0,32.0,2.0
22,length8_neutral,2,11,8,2,16,1.0,85.0,89.0,24.0
22,length8_neutral,2,12,8,8,23,46.0,19.0,45.0,4.0
22,length8_neutral,2,13,8,7,29,64.0,42.0,83.0,7.0
22,length8_neutral,2,14,8,8,32,77.0,82.0,29.0,34.0
22,length8_neutral,2,15,8,4,28,73.0,14.0,13.0,90.0
22,length8_neutral,2,16,8,8,17,61.0,12.0,10.0,48.0
22,length8_neutral,2,17,8,8,5,46.0,43.0,51.0,6.0
22,length8_neutral,2,18,8,1,35,97.0,35.0,57.0,80.0
22,length8_neutral,2,19,8,8,3,30.0,62.0,45.0,46.0
22,length8_neutral,2,20,8,8,38,76.0,60.0,51.0,73.0
22,length8_neutral,2,21,8,8,22,13.0,12.0,15.0,83.0
22,length8_neutral,2,22,8,2,34,51.0,89.0,25.0,88.0
22,length8_neutral,2,23,8,8,12,80.0,40.0,83.0,57.0
22,length8_neutral,2,24,8,8,14,25.0,17.0,12.0,23.0
22,length8_neutral,2,25,8,8,26,16.0,48.0,56.0,79.0
22,length8_neutral,2,26,8,8,10,92.0,41.0,87.0,86.0
22,length8_neutral,2,27,8,3,39,7.0,55.0,96.0,23.0
22,length8_neutral,2,28,8,3,1,73.0,53.0,94.0,29.0
22,length8_neutral,2,29,8,1,27,94.0,87.0,35.0,57.0
22,length8_neutral,2,30,8,8,30,31.0,62.0,38.0,36.0
22,length8_neutral,2,31,8,4,6,52.0,1.0,65.0,96.0
22,length8_neutral,2,32,8,8,24,20.0,76.0,30.0,72.0
22,length8_neutral,2,33,8,7,33,31.0,67.0,45.0,8.0
22,length8_neutral,2,34,8,8,11,41.0,18.0,13.0,49.0
22,length8_neutral,2,35,8,8,20,93.0,53.0,59.0,67.0
22,length8_neutral,2,36,8,4,37,75.0,62.0,74.0,93.0
22,length8_neutral,2,37,8,1,4,94.0,77.0,85.0,11.0
22,length8_neutral,2,38,8,8,21,12.0,55.0,31.0,30.0
22,length8_neutral,2,39,8,8,9,72.0,62.0,33.0,45.0
22,length8_neutral,2,40,8,8,31,86.0,7.0,77.0,50.0
22,length8_plentiful,3,1,8,4,13,50.0,69.0,73.0,92.0
22,length8_plentiful,3,2,8,2,25,63.0,68.0,66.0,74.0
22,length8_plentiful,3,3,8,2,40,70.0,89.0,85.0,42.0
22,length8_plentiful,3,4,8,4,19,84.0,88.0,68.0,91.0
22,length8_plentiful,3,5,8,3,36,61.0,28.0,82.0,57.0
22,length8_plentiful,3,6,8,7,2,62.0,68.0,58.0,57.0
22,length8_plentiful,3,7,8,1,7,87.0,42.0,75.0,68.0
22,length8_plentiful,3,8,8,1,15,82.0,76.0,87.0,53.0
22,length8_plentiful,3,9,8,8,8,66.0,70.0,54.0,59.0
22,length8_plentiful,3,10,8,4,18,65.0,43.0,30.0,81.0
22,length8_plentiful,3,11,8,2,16,67.0,89.0,96.0,58.0
22,length8_plentiful,3,12,8,3,23,67.0,68.0,98.0,84.0
22,length8_plentiful,3,13,8,1,29,88.0,56.0,79.0,75.0
22,length8_plentiful,3,14,8,8,32,50.0,44.0,69.0,63.0
22,length8_plentiful,3,15,8,3,28,49.0,36.0,78.0,30.0
22,length8_plentiful,3,16,8,4,17,54.0,58.0,45.0,69.0
22,length8_plentiful,3,17,8,2,5,76.0,84.0,85.0,94.0
22,length8_plentiful,3,18,8,2,35,62.0,64.0,87.0,79.0
22,length8_plentiful,3,19,8,1,3,65.0,62.0,89.0,49.0
22,length8_plentiful,3,20,8,8,38,44.0,63.0,70.0,68.0
22,length8_plentiful,3,21,8,1,22,90.0,72.0,87.0,69.0
22,length8_plentiful,3,22,8,2,34,35.0,86.0,87.0,65.0
22,length8_plentiful,3,23,8,1,12,80.0,52.0,35.0,30.0
22,length8_plentiful,3,24,8,8,14,54.0,94.0,33.0,70.0
22,length8_plentiful,3,25,8,1,26,78.0,52.0,74.0,77.0
22,length8_plentiful,3,26,8,3,10,30.0,68.0,93.0,70.0
22,length8_plentiful,3,27,8,8,39,78.0,49.0,63.0,72.0
22,length8_plentiful,3,28,8,3,1,57.0,46.0,90.0,36.0
22,length8_plentiful,3,29,8,1,27,81.0,78.0,44.0,63.0
22,length8_plentiful,3,30,8,3,30,60.0,45.0,88.0,70.0
22,length8_plentiful,3,31,8,7,6,59.0,74.0,62.0,70.0
22,length8_plentiful,3,32,8,2,24,66.0,79.0,46.0,56.0
22,length8_plentiful,3,33,8,3,33,43.0,78.0,87.0,89.0
22,length8_plentiful,3,34,8,7,11,71.0,64.0,85.0,70.0
22,length8_plentiful,3,35,8,1,20,75.0,89.0,67.0,87.0
22,length8_plentiful,3,36,8,1,37,82.0,68.0,76.0,79.0
22,length8_plentiful,3,37,8,1,4,89.0,58.0,75.0,95.0
22,length8_plentiful,3,38,8,2,21,73.0,74.0,78.0,52.0
22,length8_plentiful,3,39,8,5,9,35.0,45.0,74.0,72.0
22,length8_plentiful,3,40,8,1,31,80.0,70.0,69.0,89.0
23,length4_neutral,0,1,4,1,20,95.0,66.0,15.0,13.0
23,length4_neutral,0,2,4,3,8,38.0,9.0,73.0,48.0
23,length4_neutral,0,3,4,2,37,51.0,77.0,12.0,2.0
23,length4_neutral,0,4,4,2,10,7.0,82.0,11.0,32.0
23,length4_neutral,0,5,4,2,7,16.0,84.0,17.0,89.0
23,length4_neutral,0,6,4,3,38,42.0,7.0,96.0,56.0
23,length4_neutral,0,7,4,1,29,75.0,29.0,37.0,26.0
23,length4_neutral,0,8,4,1,1,90.0,79.0,69.0,31.0
23,length4_neutral,0,9,4,4,21,4.0,10.0,13.0,8.0
23,length4_neutral,0,10,4,1,35,94.0,60.0,86.0,11.0
23,length4_neutral,0,11,4,1,39,95.0,10.0,97.0,77.0
23,length4_neutral,0,12,4,4,15,53.0,42.0,11.0,60.0
23,length4_neutral,0,13,4,1,40,72.0,83.0,90.0,94.0
23,length4_neutral,0,14,4,4,3,39.0,45.0,59.0,20.0
23,length4_neutral,0,15,4,1,27,84.0,98.0,24.0,26.0
23,length4_neutral,0,16,4,1,36,95.0,37.0,42.0,11.0
23,length4_neutral,0,17,4,2,19,9.0,89.0,1.0,12.0
23,length4_neutral,0,18,4,4,16,18.0,67.0,34.0,41.0
23,length4_neutral,0,19,4,3,5,7.0,19.0,67.0,1.0
23,length4_neutral,0,20,4,2,17,44.0,81.0,34.0,28.0
23,length4_neutral,0,21,4,2,26,19.0,61.0,91.0,40.0
23,length4_neutral,0,22,4,3,6,37.0,46.0,87.0,15.0
23,length4_neutral,0,23,4,4,30,9.0,62.0,2.0,36.0
23,length4_neutral,0,24,4,2,13,72.0,93.0,84.0,17.0
23,length4_neutral,0,25,4,2,31,49.0,75.0,71.0,13.0
23,length4_neutral,0,26,4,1,32,93.0,79.0,18.0,97.0
23,length4_neutral,0,27,4,1,33,88.0,70.0,72.0,52.0
23,length4_neutral,0,28,4,3,11,21.0,22.0,59.0,61.0
23,length4_neutral,0,29,4,1,2,83.0,7.0,13.0,96.0
23,length4_neutral,0,30,4,2,14,47.0,92.0,62.0,32.0
23,length4_neutral,0,31,4,4,12,5.0,4.0,68.0,52.0
23,length4_neutral,0,32,4,3,9,5.0,36.0,90.0,50.0
23,length4_neutral,0,33,4,1,28,86.0,92.0,15.0,12.0
23,length4_neutral,0,34,4,1,25,79.0,29.0,65.0,58.0
23,length4_neutral,0,35,4,4,24,7.0,21.0,54.0,40.0
23,length4_neutral,0,36,4,2,34,23.0,81.0,71.0,46.0
23,length4_neutral,0,37,4,2,23,25.0,88.0,13.0,79.0
23,length4_neutral,0,38,4,2,4,18.0,59.0,31.0,52.0
23,length4_neutral,0,39,4,4,18,9.0,42.0,53.0,25.0
23,length4_neutral,0,40,4,1,22,79.0,29.0,38.0,12.0
23,length4_plentiful,1,1,4,4,20,80.0,57.0,26.0,63.0
23,length4_plentiful,1,2,4,3,8,59.0,69.0,71.0,55.0
23,length4_plentiful,1,3,4,4,37,70.0,69.0,61.0,43.0
23,length4_plentiful,1,4,4,2,10,64.0,94.0,71.0,90.0
23,length4_plentiful,1,5,4,3,7,60.0,46.0,81.0,66.0
23,length4_plentiful,1,6,4,3,38,58.0,64.0,87.0,53.0
23,length4_plentiful,1,7,4,4,29,61.0,77.0,46.0,64.0
23,length4_plentiful,1,8,4,2,1,26.0,89.0,69.0,48.0
23,length4_plentiful,1,9,4,2,21,52.0,86.0,76.0,93.0
23,length4_plentiful,1,10,4,1,35,88.0,64.0,83.0,41.0
23,length4_plentiful,1,11,4,1,39,80.0,57.0,55.0,89.0
23,length4_plentiful,1,12,4,1,15,79.0,82.0,97.0,62.0
23,length4_plentiful,1,13,4,1,40,97.0,63.0,69.0,68.0
23,length4_plentiful,1,14,4,4,3,59.0,55.0,47.0,77.0
23,length4_plentiful,1,15,4,3,27,52.0,53.0,90.0,62.0
23,length4_plentiful,1,16,4,2,36,46.0,85.0,55.0,87.0
23,length4_plentiful,1,17,4,2,19,65.0,86.0,48.0,59.0
23,length4_plentiful,1,18,4,4,16,56.0,51.0,50.0,89.0
23,length4_plentiful,1,19,4,1,5,85.0,39.0,50.0,53.0
23,length4_plentiful,1,20,4,4,17,52.0,64.0,56.0,81.0
23,length4_plentiful,1,21,4,2,26,68.0,88.0,84.0,49.0
23,length4_plentiful,1,22,4,1,6,85.0,65.0,80.0,78.0
23,length4_plentiful,1,23,4,1,30,89.0,52.0,80.0,55.0
23,length4_plentiful,1,24,4,1,13,81.0,73.0,66.0,80.0
23,length4_plentiful,1,25,4,2,31,44.0,84.0,89.0,69.0
23,length4_plentiful,1,26,4,1,32,76.0,51.0,82.0,64.0
23,length4_plentiful,1,27,4,3,33,36.0,43.0,79.0,76.0
23,length4_plentiful,1,28,4,4,11,32.0,66.0,63.0,95.0
23,length4_plentiful,1,29,4,1,2,96.0,82.0,85.0,93.0
23,length4_plentiful,1,30,4,3,14,64.0,39.0,84.0,82.0
23,length4_plentiful,1,31,4,1,12,90.0,81.0,61.0,39.0
23,length4_plentiful,1,32,4,1,9,77.0,23.0,47.0,26.0
23,length4_plentiful,1,33,4,1,28,83.0,73.0,71.0,62.0
23,length4_plentiful,1,34,4,4,25,61.0,30.0,49.0,91.0
23,length4_plentiful,1,35,4,1,24,77.0,63.0,75.0,79.0
23,length4_plentiful,1,36,4,2,34,73.0,78.0,56.0,22.0
23,length4_plentiful,1,37,4,2,23,75.0,79.0,56.0,86.0
23,length4_plentiful,1,38,4,1,4,94.0,81.0,68.0,47.0
23,length4_plentiful,1,39,4,4,18,54.0,72.0,18.0,57.0
23,length4_plentiful,1,40,4,4,22,67.0,53.0,59.0,49.0
23,length8_neutral,2,1,8,7,20,35.0,77.0,15.0,1.0
23,length8_neutral,2,2,8,2,8,4.0,89.0,77.0,93.0
23,length8_neutral,2,3,8,8,37,71.0,77.0,83.0,22.0
23,length8_neutral,2,4,8,4,10,68.0,82.0,63.0,93.0
23,length8_neutral,2,5,8,8,7,26.0,4.0,39.0,14.0
23,length8_neutral,2,6,8,4,38,43.0,63.0,21.0,86.0
23,length8_neutral,2,7,8,1,29,88.0,26.0,31.0,78.0
23,length8_neutral,2,8,8,1,1,83.0,92.0,49.0,43.0
23,length8_neutral,2,9,8,8,21,76.0,31.0,21.0,16.0
23,length8_neutral,2,10,8,5,35,22.0,79.0,32.0,2.0
23,length8_neutral,2,11,8,5,39,1.0,85.0,89.0,24.0
23,length8_neutral,2,12,8,8,15,46.0,19.0,45.0,4.0
23,length8_neutral,2,13,8,3,40,64.0,42.0,83.0,7.0
23,length8_neutral,2,14,8,8,3,77.0,82.0,29.0,34.0
23,length8_neutral,2,15,8,4,27,73.0,14.0,13.0,90.0
23,length8_neutral,2,16,8,8,36,61.0,12.0,10.0,48.0
23,length8_neutral,2,17,8,6,19,46.0,43.0,51.0,6.0
23,length8_neutral,2,18,8,1,16,97.0,35.0,57.0,80.0
23,length8_neutral,2,19,8,8,5,30.0,62.0,45.0,46.0
23,length8_neutral,2,20,8,1,17,76.0,60.0,51.0,73.0
23,length8_neutral,2,21,8,4,26,13.0,12.0,15.0,83.0
23,length8_neutral,2,22,8,8,6,51.0,89.0,25.0,88.0
23,length8_neutral,2,23,8,8,30,80.0,40.0,83.0,57.0
23,length8_neutral,2,24,8,8,13,25.0,17.0,12.0,23.0
23,length8_neutral,2,25,8,8,31,16.0,48.0,56.0,79.0
23,length8_neutral,2,26,8,1,32,92.0,41.0,87.0,86.0
23,length8_neutral,2,27,8,3,33,7.0,55.0,96.0,23.0
23,length8_neutral,2,28,8,3,11,73.0,53.0,94.0,29.0
23,length8_neutral,2,29,8,1,2,94.0,87.0,35.0,57.0
23,length8_neutral,2,30,8,8,14,31.0,62.0,38.0,36.0
23,length8_neutral,2,31,8,8,12,52.0,1.0,65.0,96.0
23,length8_neutral,2,32,8,7,9,20.0,76.0,30.0,72.0
23,length8_neutral,2,33,8,7,28,31.0,67.0,45.0,8.0
23,length8_neutral,2,34,8,7,25,41.0,18.0,13.0,49.0
23,length8_neutral,2,35,8,1,24,93.0,53.0,59.0,67.0
23,length8_neutral,2,36,8,4,34,75.0,62.0,74.0,93.0
23,length8_neutral,2,37,8,1,23,94.0,77.0,85.0,11.0
23,length8_neutral,2,38,8,8,4,12.0,55.0,31.0,30.0
23,length8_neutral,2,39,8,8,18,72.0,62.0,33.0,45.0
23,length8_neutral,2,40,8,8,22,86.0,7.0,77.0,50.0
23,length8_plentiful,3,1,8,4,20,50.0,69.0,73.0,92.0
23,length8_plentiful,3,2,8,6,8,63.0,68.0,66.0,74.0
23,length8_plentiful,3,3,8,2,37,70.0,89.0,85.0,42.0
23,length8_plentiful,3,4,8,2,10,84.0,88.0,68.0,91.0
23,length8_plentiful,3,5,8,8,7,61.0,28.0,82.0,57.0
23,length8_plentiful,3,6,8,8,38,62.0,68.0,58.0,57.0
23,length8_plentiful,3,7,8,1,29,87.0,42.0,75.0,68.0
23,length8_plentiful,3,8,8,1,1,82.0,76.0,87.0,53.0
23,length8_plentiful,3,9,8,6,21,66.0,70.0,54.0,59.0
23,length8_plentiful,3,10,8,4,35,65.0,43.0,30.0,81.0
23,length8_plentiful,3,11,8,2,39,67.0,89.0,96.0,58.0
23,length8_plentiful,3,12,8,3,15,67.0,68.0,98.0,84.0
23,length8_plentiful,3,13,8,1,40,88.0,56.0,79.0,75.0
23,length8_plentiful,3,14,8,7,3,50.0,44.0,69.0,63.0
23,length8_plentiful,3,15,8,8,27,49.0,36.0,78.0,30.0
23,length8_plentiful,3,16,8,8,36,54.0,58.0,45.0,69.0
23,length8_plentiful,3,17,8,2,19,76.0,84.0,85.0,94.0
23,length8_plentiful,3,18,8,3,16,62.0,64.0,87.0,79.0
23,length8_plentiful,3,19,8,3,5,65.0,62.0,89.0,49.0
23,length8_plentiful,3,20,8,2,17,44.0,63.0,70.0,68.0
23,length8_plentiful,3,21,8,1,26,90.0,72.0,87.0,69.0
23,length8_plentiful,3,22,8,2,6,35.0,86.0,87.0,65.0
23,length8_plentiful,3,23,8,7,30,80.0,52.0,35.0,30.0
23,length8_plentiful,3,24,8,2,13,54.0,94.0,33.0,70.0
23,length8_plentiful,3,25,8,7,31,78.0,52.0,74.0,77.0
23,length8_plentiful,3,26,8,3,32,30.0,68.0,93.0,70.0
23,length8_plentiful,3,27,8,5,33,78.0,49.0,63.0,72.0
23,length8_plentiful,3,28,8,3,11,57.0,46.0,90.0,36.0
23,length8_plentiful,3,29,8,8,2,81.0,78.0,44.0,63.0
23,length8_plentiful,3,30,8,3,14,60.0,45.0,88.0,70.0
23,length8_plentiful,3,31,8,6,12,59.0,74.0,62.0,70.0
23,length8_plentiful,3,32,8,8,9,66.0,79.0,46.0,56.0
23,length8_plentiful,3,33,8,3,28,43.0,78.0,87.0,89.0
23,length8_plentiful,3,34,8,3,25,71.0,64.0,85.0,70.0
23,length8_plentiful,3,35,8,2,24,75.0,89.0,67.0,87.0
23,length8_plentiful,3,36,8,1,34,82.0,68.0,76.0,79.0
23,length8_plentiful,3,37,8,1,23,89.0,58.0,75.0,95.0
23,length8_plentiful,3,38,8,8,4,73.0,74.0,78.0,52.0
23,length8_plentiful,3,39,8,5,18,35.0,45.0,74.0,72.0
23,length8_plentiful,3,40,8,1,22,80.0,70.0,69.0,89.0
24,length4_neutral,0,1,4,1,11,95.0,66.0,15.0,13.0
24,length4_neutral,0,2,4,2,19,38.0,9.0,73.0,48.0
24,length4_neutral,0,3,4,1,36,51.0,77.0,12.0,2.0
24,length4_neutral,0,4,4,2,33,7.0,82.0,11.0,32.0
24,length4_neutral,0,5,4,2,8,16.0,84.0,17.0,89.0
24,length4_neutral,0,6,4,3,40,42.0,7.0,96.0,56.0
24,length4_neutral,0,7,4,1,26,75.0,29.0,37.0,26.0
24,length4_neutral,0,8,4,4,32,90.0,79.0,69.0,31.0
24,length4_neutral,0,9,4,4,23,4.0,10.0,13.0,8.0
24,length4_neutral,0,10,4,2,1,94.0,60.0,86.0,11.0
24,length4_neutral,0,11,4,3,28,95.0,10.0,97.0,77.0
24,length4_neutral,0,12,4,4,30,53.0,42.0,11.0,60.0
24,length4_neutral,0,13,4,1,20,72.0,83.0,90.0,94.0
24,length4_neutral,0,14,4,1,21,39.0,45.0,59.0,20.0
24,length4_neutral,0,15,4,2,12,84.0,98.0,24.0,26.0
24,length4_neutral,0,16,4,1,25,95.0,37.0,42.0,11.0
24,length4_neutral,0,17,4,2,5,9.0,89.0,1.0,12.0
24,length4_neutral,0,18,4,3,24,18.0,67.0,34.0,41.0
24,length4_neutral,0,19,4,3,18,7.0,19.0,67.0,1.0
24,length4_neutral,0,20,4,2,10,44.0,81.0,34.0,28.0
24,length4_neutral,0,21,4,3,2,19.0,61.0,91.0,40.0
24,length4_neutral,0,22,4,3,37,37.0,46.0,87.0,15.0
24,length4_neutral,0,23,4,2,14,9.0,62.0,2.0,36.0
24,length4_neutral,0,24,4,2,38,72.0,93.0,84.0,17.0
24,length4_neutral,0,25,4,2,4,49.0,75.0,71.0,13.0
24,length4_neutral,0,26,4,1,15,93.0,79.0,18.0,97.0
24,length4_neutral,0,27,4,2,22,88.0,70.0,72.0,52.0
24,length4_neutral,0,28,4,3,27,21.0,22.0,59.0,61.0
24,length4_neutral,0,29,4,1,16,83.0,7.0,13.0,96.0
24,length4_neutral,0,30,4,2,6,47.0,92.0,62.0,32.0
24,length4_neutral,0,31,4,3,3,5.0,4.0,68.0,52.0
24,length4_neutral,0,32,4,2,39,5.0,36.0,90.0,50.0
24,length4_neutral,0,33,4,2,13,86.0,92.0,15.0,12.0
24,length4_neutral,0,34,4,4,29,79.0,29.0,65.0,58.0
24,length4_neutral,0,35,4,3,35,7.0,21.0,54.0,40.0
24,length4_neutral,0,36,4,2,31,23.0,81.0,71.0,46.0
24,length4_neutral,0,37,4,1,7,25.0,88.0,13.0,79.0
24,length4_neutral,0,38,4,2,34,18.0,59.0,31.0,52.0
24,length4_neutral,0,39,4,3,9,9.0,42.0,53.0,25.0
24,length4_neutral,0,40,4,4,17,79.0,29.0,38.0,12.0
24,length4_plentiful,1,1,4,4,11,80.0,57.0,26.0,63.0
24,length4_plentiful,1,2,4,3,19,59.0,69.0,71.0,55.0
24,length4_plentiful,1,3,4,4,36,70.0,69.0,61.0,43.0
24,length4_plentiful,1,4,4,2,33,64.0,94.0,71.0,90.0
24,length4_plentiful,1,5,4,3,8,60.0,46.0,81.0,66.0
24,length4_plentiful,1,6,4,2,40,58.0,64.0,87.0,53.0
24,length4_plentiful,1,7,4,2,26,61.0,77.0,46.0,64.0
24,length4_plentiful,1,8,4,2,32,26.0,89.0,69.0,48.0
24,length4_plentiful,1,9,4,2,23,52.0,86.0,76.0,93.0
24,length4_plentiful,1,10,4,1,1,88.0,64.0,83.0,41.0
24,length4_plentiful,1,11,4,4,28,80.0,57.0,55.0,89.0
24,length4_plentiful,1,12,4,1,30,79.0,82.0,97.0,62.0
24,length4_plentiful,1,13,4,4,20,97.0,63.0,69.0,68.0
24,length4_plentiful,1,14,4,4,21,59.0,55.0,47.0,77.0
24,length4_plentiful,1,15,4,3,12,52.0,53.0,90.0,62.0
24,length4_plentiful,1,16,4,2,25,46.0,85.0,55.0,87.0
24,length4_plentiful,1,17,4,2,5,65.0,86.0,48.0,59.0
24,length4_plentiful,1,18,4,4,24,56.0,51.0,50.0,89.0
24,length4_plentiful,1,19,4,4,18,85.0,39.0,50.0,53.0
24,length4_plentiful,1,20,4,2,10,52.0,64.0,56.0,81.0
24,length4_plentiful,1,21,4,1,2,68.0,88.0,84.0,49.0
24,length4_plentiful,1,22,4,4,37,85.0,65.0,80.0,78.0
24,length4_plentiful,1,23,4,1,14,89.0,52.0,80.0,55.0
24,length4_plentiful,1,24,4,1,38,81.0,73.0,66.0,80.0
24,length4_plentiful,1,25,4,2,4,44.0,84.0,89.0,69.0
24,length4_plentiful,1,26,4,3,15,76.0,51.0,82.0,64.0
24,length4_plentiful,1,27,4,3,22,36.0,43.0,79.0,76.0
24,length4_plentiful,1,28,4,2,27,32.0,66.0,63.0,95.0
24,length4_plentiful,1,29,4,4,16,96.0,82.0,85.0,93.0
24,length4_plentiful,1,30,4,3,6,64.0,39.0,84.0,82.0
24,length4_plentiful,1,31,4,1,3,90.0,81.0,61.0,39.0
24,length4_plentiful,1,32,4,1,39,77.0,23.0,47.0,26.0
24,length4_plentiful,1,33,4,1,13,83.0,73.0,71.0,62.0
24,length4_plentiful,1,34,4,4,29,61.0,30.0,49.0,91.0
24,length4_plentiful,1,35,4,4,35,77.0,63.0,75.0,79.0
24,length4_plentiful,1,36,4,2,31,73.0,78.0,56.0,22.0
24,length4_plentiful,1,37,4,2,7,75.0,79.0,56.0,86.0
24,length4_plentiful,1,38,4,1,34,94.0,81.0,68.0,47.0
24,length4_plentiful,1,39,4,3,9,54.0,72.0,18.0,57.0
24,length4_plentiful,1,40,4,4,17,67.0,53.0,59.0,49.0
24,length8_neutral,2,1,8,2,11,35.0,77.0,15.0,1.0
24,length8_neutral,2,2,8,3,19,4.0,89.0,77.0,93.0
24,length8_neutral,2,3,8,1,36,71.0,77.0,83.0,22.0
24,length8_neutral,2,4,8,1,33,68.0,82.0,63.0,93.0
24,length8_neutral,2,5,8,3,8,26.0,4.0,39.0,14.0
24,length8_neutral,2,6,8,4,40,43.0,63.0,21.0,86.0
24,length8_neutral,2,7,8,1,26,88.0,26.0,31.0,78.0
24,length8_neutral,2,8,8,2,32,83.0,92.0,49.0,43.0
24,length8_neutral,2,9,8,1,23,76.0,31.0,21.0,16.0
24,length8_neutral,2,10,8,2,1,22.0,79.0,32.0,2.0
24,length8_neutral,2,11,8,5,28,1.0,85.0,89.0,24.0
24,length8_neutral,2,12,8,7,30,46.0,19.0,45.0,4.0
24,length8_neutral,2,13,8,6,20,64.0,42.0,83.0,7.0
24,length8_neutral,2,14,8,1,21,77.0,82.0,29.0,34.0
24,length8_neutral,2,15,8,1,12,73.0,14.0,13.0,90.0
24,length8_neutral,2,16,8,1,25,61.0,12.0,10.0,48.0
24,length8_neutral,2,17,8,6,5,46.0,43.0,51.0,6.0
24,length8_neutral,2,18,8,1,24,97.0,35.0,57.0,80.0
24,length8_neutral,2,19,8,8,18,30.0,62.0,45.0,46.0
24,length8_neutral,2,20,8,4,10,76.0,60.0,51.0,73.0
24,length8_neutral,2,21,8,4,2,13.0,12.0,15.0,83.0
24,length8_neutral,2,22,8,2,37,51.0,89.0,25.0,88.0
24,length8_neutral,2,23,8,3,14,80.0,40.0,83.0,57.0
24,length8_neutral,2,24,8,6,38,25.0,17.0,12.0,23.0
24,length8_neutral,2,25,8,2,4,16.0,48.0,56.0,79.0
24,length8_neutral,2,26,8,1,15,92.0,41.0,87.0,86.0
24,length8_neutral,2,27,8,2,22,7.0,55.0,96.0,23.0
24,length8_neutral,2,28,8,3,27,73.0,53.0,94.0,29.0
24,length8_neutral,2,29,8,1,16,94.0,87.0,35.0,57.0
24,length8_neutral,2,30,8,2,6,31.0,62.0,38.0,36.0
24,length8_neutral,2,31,8,3,3,52.0,1.0,65.0,96.0
24,length8_neutral,2,32,8,4,39,20.0,76.0,30.0,72.0
24,length8_neutral,2,33,8,5,13,31.0,67.0,45.0,8.0
24,length8_neutral,2,34,8,6,29,41.0,18.0,13.0,49.0
24,length8_neutral,2,35,8,1,35,93.0,53.0,59.0,67.0
24,length8_neutral,2,36,8,4,31,75.0,62.0,74.0,93.0
24,length8_neutral,2,37,8,1,7,94.0,77.0,85.0,11.0
24,length8_neutral,2,38,8,2,34,12.0,55.0,31.0,30.0
24,length8_neutral,2,39,8,8,9,72.0,62.0,33.0,45.0
24,length8_neutral,2,40,8,8,17,86.0,7.0,77.0,50.0
24,length8_plentiful,3,1,8,4,11,50.0,69.0,73.0,92.0
24,length8_plentiful,3,2,8,4,19,63.0,68.0,66.0,74.0
24,length8_plentiful,3,3,8,3,36,70.0,89.0,85.0,42.0
24,length8_plentiful,3,4,8,1,33,84.0,88.0,68.0,91.0
24,length8_plentiful,3,5,8,3,8,61.0,28.0,82.0,57.0
24,length8_plentiful,3,6,8,7,40,62.0,68.0,58.0,57.0
24,length8_plentiful,3,7,8,5,26,87.0,42.0,75.0,68.0
24,length8_plentiful,3,8,8,3,32,82.0,76.0,87.0,53.0
24,length8_plentiful,3,9,8,6,23,66.0,70.0,54.0,59.0
24,length8_plentiful,3,10,8,8,1,65.0,43.0,30.0,81.0
24,length8_plentiful,3,11,8,3,28,67.0,89.0,96.0,58.0
24,length8_plentiful,3,12,8,3,30,67.0,68.0,98.0,84.0
24,length8_plentiful,3,13,8,8,20,88.0,56.0,79.0,75.0
24,length8_plentiful,3,14,8,3,21,50.0,44.0,69.0,63.0
24,length8_plentiful,3,15,8,3,12,49.0,36.0,78.0,30.0
24,length8_plentiful,3,16,8,4,25,54.0,58.0,45.0,69.0
24,length8_plentiful,3,17,8,2,5,76.0,84.0,85.0,94.0
24,length8_plentiful,3,18,8,3,24,62.0,64.0,87.0,79.0
24,length8_plentiful,3,19,8,5,18,65.0,62.0,89.0,49.0
24,length8_plentiful,3,20,8,3,10,44.0,63.0,70.0,68.0
24,length8_plentiful,3,21,8,1,2,90.0,72.0,87.0,69.0
24,length8_plentiful,3,22,8,2,37,35.0,86.0,87.0,65.0
24,length8_plentiful,3,23,8,1,14,80.0,52.0,35.0,30.0
24,length8_plentiful,3,24,8,8,38,54.0,94.0,33.0,70.0
24,length8_plentiful,3,25,8,7,4,78.0,52.0,74.0,77.0
24,length8_plentiful,3,26,8,3,15,30.0,68.0,93.0,70.0
24,length8_plentiful,3,27,8,5,22,78.0,49.0,63.0,72.0
24,length8_plentiful,3,28,8,3,27,57.0,46.0,90.0,36.0
24,length8_plentiful,3,29,8,8,16,81.0,78.0,44.0,63.0
24,length8_plentiful,3,30,8,3,6,60.0,45.0,88.0,70.0
24,length8_plentiful,3,31,8,5,3,59.0,74.0,62.0,70.0
24,length8_plentiful,3,32,8,6,39,66.0,79.0,46.0,56.0
24,length8_plentiful,3,33,8,2,13,43.0,78.0,87.0,89.0
24,length8_plentiful,3,34,8,4,29,71.0,64.0,85.0,70.0
24,length8_plentiful,3,35,8,2,35,75.0,89.0,67.0,87.0
24,length8_plentiful,3,36,8,6,31,82.0,68.0,76.0,79.0
24,length8_plentiful,3,37,8,1,7,89.0,58.0,75.0,95.0
24,length8_plentiful,3,38,8,1,34,73.0,74.0,78.0,52.0
24,length8_plentiful,3,39,8,3,9,35.0,45.0,74.0,72.0
24,length8_plentiful,3,40,8,5,17,80.0,70.0,69.0,89.0
25,length4_neutral,0,1,4,4,7,95.0,66.0,15.0,13.0
25,length4_neutral,0,2,4,3,15,38.0,9.0,73.0,48.0
25,length4_neutral,0,3,4,4,10,51.0,77.0,12.0,2.0
25,length4_neutral,0,4,4,2,3,7.0,82.0,11.0,32.0
25,length4_neutral,0,5,4,4,37,16.0,84.0,17.0,89.0
25,length4_neutral,0,6,4,3,31,42.0,7.0,96.0,56.0
25,length4_neutral,0,7,4,4,2,75.0,29.0,37.0,26.0
25,length4_neutral,0,8,4,1,6,90.0,79.0,69.0,31.0
25,length4_neutral,0,9,4,4,1,4.0,10.0,13.0,8.0
25,length4_neutral,0,10,4,1,34,94.0,60.0,86.0,11.0
25,length4_neutral,0,11,4,3,26,95.0,10.0,97.0,77.0
25,length4_neutral,0,12,4,4,14,53.0,42.0,11.0,60.0
25,length4_neutral,0,13,4,1,17,72.0,83.0,90.0,94.0
25,length4_neutral,0,14,4,4,23,39.0,45.0,59.0,20.0
25,length4_neutral,0,15,4,4,13,84.0,98.0,24.0,26.0
25,length4_neutral,0,16,4,1,33,95.0,37.0,42.0,11.0
25,length4_neutral,0,17,4,2,32,9.0,89.0,1.0,12.0
25,length4_neutral,0,18,4,2,38,18.0,67.0,34.0,41.0
25,length4_neutral,0,19,4,2,30,7.0,19.0,67.0,1.0
25,length4_neutral,0,20,4,2,20,44.0,81.0,34.0,28.0
25,length4_neutral,0,21,4,3,18,19.0,61.0,91.0,40.0
25,length4_neutral,0,22,4,2,22,37.0,46.0,87.0,15.0
25,length4_neutral,0,23,4,2,25,9.0,62.0,2.0,36.0
25,length4_neutral,0,24,4,1,21,72.0,93.0,84.0,17.0
25,length4_neutral,0,25,4,2,35,49.0,75.0,71.0,13.0
25,length4_neutral,0,26,4,4,11,93.0,79.0,18.0,97.0
25,length4_neutral,0,27,4,1,5,88.0,70.0,72.0,52.0
25,length4_neutral,0,28,4,4,40,21.0,22.0,59.0,61.0
25,length4_neutral,0,29,4,4,4,83.0,7.0,13.0,96.0
25,length4_neutral,0,30,4,2,8,47.0,92.0,62.0,32.0
25,length4_neutral,0,31,4,3,36,5.0,4.0,68.0,52.0
25,length4_neutral,0,32,4,3,19,5.0,36.0,90.0,50.0
25,length4_neutral,0,33,4,1,29,86.0,92.0,15.0,12.0
25,length4_neutral,0,34,4,4,27,79.0,29.0,65.0,58.0
25,length4_neutral,0,35,4,4,24,7.0,21.0,54.0,40.0
25,length4_neutral,0,36,4,2,39,23.0,81.0,71.0,46.0
25,length4_neutral,0,37,4,2,12,25.0,88.0,13.0,79.0
25,length4_neutral,0,38,4,4,16,18.0,59.0,31.0,52.0
25,length4_neutral,0,39,4,4,28,9.0,42.0,53.0,25.0
25,length4_neutral,0,40,4,1,9,79.0,29.0,38.0,12.0
25,length4_plentiful,1,1,4,4,7,80.0,57.0,26.0,63.0
25,length4_plentiful,1,2,4,3,15,59.0,69.0,71.0,55.0
25,length4_plentiful,1,3,4,4,10,70.0,69.0,61.0,43.0
25,length4_plentiful,1,4,4,2,3,64.0,94.0,71.0,90.0
25,length4_plentiful,1,5,4,3,37,60.0,46.0,81.0,66.0
25,length4_plentiful,1,6,4,3,31,58.0,64.0,87.0,53.0
25,length4_plentiful,1,7,4,2,2,61.0,77.0,46.0,64.0
25,length4_plentiful,1,8,4,4,6,26.0,89.0,69.0,48.0
25,length4_plentiful,1,9,4,2,1,52.0,86.0,76.0,93.0
25,length4_plentiful,1,10,4,1,34,88.0,64.0,83.0,41.0
25,length4_plentiful,1,11,4,1,26,80.0,57.0,55.0,89.0
25,length4_plentiful,1,12,4,1,14,79.0,82.0,97.0,62.0
25,length4_plentiful,1,13,4,1,17,97.0,63.0,69.0,68.0
25,length4_plentiful,1,14,4,4,23,59.0,55.0,47.0,77.0
25,length4_plentiful,1,15,4,3,13,52.0,53.0,90.0,62.0
25,length4_plentiful,1,16,4,2,33,46.0,85.0,55.0,87.0
25,length4_plentiful,1,17,4,2,32,65.0,86.0,48.0,59.0
25,length4_plentiful,1,18,4,4,38,56.0,51.0,50.0,89.0
25,length4_plentiful,1,19,4,1,30,85.0,39.0,50.0,53.0
25,length4_plentiful,1,20,4,4,20,52.0,64.0,56.0,81.0
25,length4_plentiful,1,21,4,2,18,68.0,88.0,84.0,49.0
25,length4_plentiful,1,22,4,1,22,85.0,65.0,80.0,78.0
25,length4_plentiful,1,23,4,1,25,89.0,52.0,80.0,55.0
25,length4_plentiful,1,24,4,1,21,81.0,73.0,66.0,80.0
25,length4_plentiful,1,25,4,2,35,44.0,84.0,89.0,69.0
25,length4_plentiful,1,26,4,1,11,76.0,51.0,82.0,64.0
25,length4_plentiful,1,27,4,3,5,36.0,43.0,79.0,76.0
25,length4_plentiful,1,28,4,3,40,32.0,66.0,63.0,95.0
25,length4_plentiful,1,29,4,1,4,96.0,82.0,85.0,93.0
25,length4_plentiful,1,30,4,1,8,64.0,39.0,84.0,82.0
25,length4_plentiful,1,31,4,1,36,90.0,81.0,61.0,39.0
25,length4_plentiful,1,32,4,1,19,77.0,23.0,47.0,26.0
25,length4_plentiful,1,33,4,1,29,83.0,73.0,71.0,62.0
25,length4_plentiful,1,34,4,4,27,61.0,30.0,49.0,91.0
25,length4_plentiful,1,35,4,1,24,77.0,63.0,75.0,79.0
25,length4_plentiful,1,36,4,4,39,73.0,78.0,56.0,22.0
25,length4_plentiful,1,37,4,1,12,75.0,79.0,56.0,86.0
25,length4_plentiful,1,38,4,1,16,94.0,81.0,68.0,47.0
25,length4_plentiful,1,39,4,2,28,54.0,72.0,18.0,57.0
25,length4_plentiful,1,40,4,4,9,67.0,53.0,59.0,49.0
25,length8_neutral,2,1,8,5,7,35.0,77.0,15.0,1.0
25,length8_neutral,2,2,8,4,15,4.0,89.0,77.0,93.0
25,length8_neutral,2,3,8,3,10,71.0,77.0,83.0,22.0
25,length8_neutral,2,4,8,8,3,68.0,82.0,63.0,93.0
25,length8_neutral,2,5,8,8,37,26.0,4.0,39.0,14.0
25,length8_neutral,2,6,8,3,31,43.0,63.0,21.0,86.0
25,length8_neutral,2,7,8,4,2,88.0,26.0,31.0,78.0
25,length8_neutral,2,8,8,2,6,83.0,92.0,49.0,43.0
25,length8_neutral,2,9,8,5,1,76.0,31.0,21.0,16.0
25,length8_neutral,2,10,8,5,34,22.0,79.0,32.0,2.0
25,length8_neutral,2,11,8,5,26,1.0,85.0,89.0,24.0
25,length8_neutral,2,12,8,7,14,46.0,19.0,45.0,4.0
25,length8_neutral,2,13,8,3,17,64.0,42.0,83.0,7.0
25,length8_neutral,2,14,8,2,23,77.0,82.0,29.0,34.0
25,length8_neutral,2,15,8,8,13,73.0,14.0,13.0,90.0
25,length8_neutral,2,16,8,5,33,61.0,12.0,10.0,48.0
25,length8_neutral,2,17,8,3,32,46.0,43.0,51.0,6.0
25,length8_neutral,2,18,8,4,38,97.0,35.0,57.0,80.0
25,length8_neutral,2,19,8,8,30,30.0,62.0,45.0,46.0
25,length8_neutral,2,20,8,4,20,76.0,60.0,51.0,73.0
25,length8_neutral,2,21,8,4,18,13.0,12.0,15.0,83.0
25,length8_neutral,2,22,8,2,22,51.0,89.0,25.0,88.0
25,length8_neutral,2,23,8,2,25,80.0,40.0,83.0,57.0
25,length8_neutral,2,24,8,7,21,25.0,17.0,12.0,23.0
25,length8_neutral,2,25,8,5,35,16.0,48.0,56.0,79.0
25,length8_neutral,2,26,8,4,11,92.0,41.0,87.0,86.0
25,length8_neutral,2,27,8,3,5,7.0,55.0,96.0,23.0
25,length8_neutral,2,28,8,4,40,73.0,53.0,94.0,29.0
25,length8_neutral,2,29,8,2,4,94.0,87.0,35.0,57.0
25,length8_neutral,2,30,8,6,8,31.0,62.0,38.0,36.0
25,length8_neutral,2,31,8,4,36,52.0,1.0,65.0,96.0
25,length8_neutral,2,32,8,4,19,20.0,76.0,30.0,72.0
25,length8_neutral,2,33,8,7,29,31.0,67.0,45.0,8.0
25,length8_neutral,2,34,8,1,27,41.0,18.0,13.0,49.0
25,length8_neutral,2,35,8,8,24,93.0,53.0,59.0,67.0
25,length8_neutral,2,36,8,4,39,75.0,62.0,74.0,93.0
25,length8_neutral,2,37,8,3,12,94.0,77.0,85.0,11.0
25,length8_neutral,2,38,8,5,16,12.0,55.0,31.0,30.0
25,length8_neutral,2,39,8,8,28,72.0,62.0,33.0,45.0
25,length8_neutral,2,40,8,7,9,86.0,7.0,77.0,50.0
25,length8_plentiful,3,1,8,2,7,50.0,69.0,73.0,92.0
25,length8_plentiful,3,2,8,3,15,63.0,68.0,66.0,74.0
25,length8_plentiful,3,3,8,1,10,70.0,89.0,85.0,42.0
25,length8_plentiful,3,4,8,2,3,84.0,88.0,68.0,91.0
25,length8_plentiful,3,5,8,4,37,61.0,28.0,82.0,57.0
25,length8_plentiful,3,6,8,2,31,62.0,68.0,58.0,57.0
25,length8_plentiful,3,7,8,2,2,87.0,42.0,75.0,68.0
25,length8_plentiful,3,8,8,3,6,82.0,76.0,87.0,53.0
25,length8_plentiful,3,9,8,2,1,66.0,70.0,54.0,59.0
25,length8_plentiful,3,10,8,2,34,65.0,43.0,30.0,81.0
25,length8_plentiful,3,11,8,3,26,67.0,89.0,96.0,58.0
25,length8_plentiful,3,12,8,3,14,67.0,68.0,98.0,84.0
25,length8_plentiful,3,13,8,8,17,88.0,56.0,79.0,75.0
25,length8_plentiful,3,14,8,7,23,50.0,44.0,69.0,63.0
25,length8_plentiful,3,15,8,1,13,49.0,36.0,78.0,30.0
25,length8_plentiful,3,16,8,7,33,54.0,58.0,45.0,69.0
25,length8_plentiful,3,17,8,3,32,76.0,84.0,85.0,94.0
25,length8_plentiful,3,18,8,4,38,62.0,64.0,87.0,79.0
25,length8_plentiful,3,19,8,8,30,65.0,62.0,89.0,49.0
25,length8_plentiful,3,20,8,3,20,44.0,63.0,70.0,68.0
25,length8_plentiful,3,21,8,6,18,90.0,72.0,87.0,69.0
25,length8_plentiful,3,22,8,4,22,35.0,86.0,87.0,65.0
25,length8_plentiful,3,23,8,7,25,80.0,52.0,35.0,30.0
25,length8_plentiful,3,24,8,2,21,54.0,94.0,33.0,70.0
25,length8_plentiful,3,25,8,3,35,78.0,52.0,74.0,77.0
25,length8_plentiful,3,26,8,3,11,30.0,68.0,93.0,70.0
25,length8_plentiful,3,27,8,3,5,78.0,49.0,63.0,72.0
25,length8_plentiful,3,28,8,3,40,57.0,46.0,90.0,36.0
25,length8_plentiful,3,29,8,8,4,81.0,78.0,44.0,63.0
25,length8_plentiful,3,30,8,3,8,60.0,45.0,88.0,70.0
25,length8_plentiful,3,31,8,1,36,59.0,74.0,62.0,70.0
25,length8_plentiful,3,32,8,8,19,66.0,79.0,46.0,56.0
25,length8_plentiful,3,33,8,3,29,43.0,78.0,87.0,89.0
25,length8_plentiful,3,34,8,3,27,71.0,64.0,85.0,70.0
25,length8_plentiful,3,35,8,4,24,75.0,89.0,67.0,87.0
25,length8_plentiful,3,36,8,1,39,82.0,68.0,76.0,79.0
25,length8_plentiful,3,37,8,2,12,89.0,58.0,75.0,95.0
25,length8_plentiful,3,38,8,3,16,73.0,74.0,78.0,52.0
25,length8_plentiful,3,39,8,5,28,35.0,45.0,74.0,72.0
25,length8_plentiful,3,40,8,2,9,80.0,70.0,69.0,89.0
26,length4_neutral,0,1,4,4,18,49.0,39.0,25.0,81.0
26,length4_neutral,0,2,4,1,22,98.0,93.0,67.0,39.0
26,length4_neutral,0,3,4,3,39,52.0,1.0,85.0,50.0
26,length4_neutral,0,4,4,4,10,63.0,21.0,43.0,28.0
26,length4_neutral,0,5,4,2,3,3.0,93.0,67.0,77.0
26,length4_neutral,0,6,4,4,21,5.0,60.0,53.0,36.0
26,length4_neutral,0,7,4,2,5,12.0,91.0,36.0,95.0
26,length4_neutral,0,8,4,3,30,23.0,40.0,86.0,5.0
26,length4_neutral,0,9,4,2,17,56.0,72.0,22.0,25.0
26,length4_neutral,0,10,4,1,13,81.0,96.0,83.0,71.0
26,length4_neutral,0,11,4,2,14,11.0,98.0,61.0,64.0
26,length4_neutral,0,12,4,3,26,17.0,62.0,80.0,7.0
26,length4_neutral,0,13,4,3,34,42.0,36.0,91.0,16.0
26,length4_neutral,0,14,4,2,2,42.0,80.0,70.0,63.0
26,length4_neutral,0,15,4,4,33,3.0,28.0,25.0,84.0
26,length4_neutral,0,16,4,3,15,35.0,9.0,91.0,24.0
26,length4_neutral,0,17,4,4,7,22.0,26.0,24.0,21.0
26,length4_neutral,0,18,4,1,40,87.0,12.0,50.0,55.0
26,length4_neutral,0,19,4,4,35,36.0,7.0,15.0,44.0
26,length4_neutral,0,20,4,4,38,67.0,63.0,7.0,30.0
26,length4_neutral,0,21,4,2,12,62.0,81.0,72.0,61.0
26,length4_neutral,0,22,4,4,20,64.0,62.0,19.0,48.0
26,length4_neutral,0,23,4,1,29,79.0,69.0,97.0,43.0
26,length4_neutral,0,24,4,4,32,46.0,42.0,6.0,26.0
26,length4_neutral,0,25,4,3,1,62.0,9.0,70.0,94.0
26,length4_neutral,0,26,4,1,23,90.0,54.0,87.0,84.0
26,length4_neutral,0,27,4,2,9,74.0,75.0,43.0,78.0
26,length4_neutral,0,28,4,1,8,85.0,76.0,22.0,16.0
26,length4_neutral,0,29,4,4,19,56.0,34.0,22.0,64.0
26,length4_neutral,0,30,4,4,11,91.0,33.0,54.0,42.0
26,length4_neutral,0,31,4,2,28,50.0,69.0,72.0,20.0
26,length4_neutral,0,32,4,4,6,60.0,57.0,22.0,46.0
26,length4_neutral,0,33,4,3,24,10.0,37.0,84.0,36.0
26,length4_neutral,0,34,4,2,27,22.0,80.0,19.0,2.0
26,length4_neutral,0,35,4,2,31,35.0,86.0,84.0,77.0
26,length4_neutral,0,36,4,1,25,81.0,93.0,69.0,11.0
26,length4_neutral,0,37,4,4,36,67.0,27.0,37.0,45.0
26,length4_neutral,0,38,4,4,4,39.0,59.0,67.0,42.0
26,length4_neutral,0,39,4,4,37,7.0,35.0,27.0,3.0
26,length4_neutral,0,40,4,3,16,42.0,9.0,95.0,26.0
26,length4_plentiful,1,1,4,4,18,76.0,63.0,60.0,79.0
26,length4_plentiful,1,2,4,1,22,88.0,62.0,84.0,73.0
26,length4_plentiful,1,3,4,4,39,69.0,76.0,65.0,90.0
26,length4_plentiful,1,4,4,4,10,39.0,61.0,64.0,54.0
26,length4_plentiful,1,5,4,4,3,72.0,57.0,18.0,71.0
26,length4_plentiful,1,6,4,4,21,63.0,29.0,60.0,75.0
26,length4_plentiful,1,7,4,3,5,60.0,71.0,84.0,81.0
26,length4_plentiful,1,8,4,4,30,95.0,52.0,59.0,36.0
26,length4_plentiful,1,9,4,4,17,17.0,65.0,44.0,96.0
26,length4_plentiful,1,10,4,4,13,72.0,38.0,62.0,86.0
26,length4_plentiful,1,11,4,3,14,70.0,76.0,91.0,82.0
26,length4_plentiful,1,12,4,2,26,68.0,90.0,59.0,60.0
26,length4_plentiful,1,13,4,4,34,68.0,38.0,33.0,47.0
26,length4_plentiful,1,14,4,3,2,83.0,79.0,84.0,66.0
26,length4_plentiful,1,15,4,4,33,60.0,59.0,35.0,67.0
26,length4_plentiful,1,16,4,3,15,54.0,68.0,72.0,89.0
26,length4_plentiful,1,17,4,1,7,93.0,55.0,62.0,57.0
26,length4_plentiful,1,18,4,4,40,85.0,87.0,71.0,48.0
26,length4_plentiful,1,19,4,1,35,90.0,79.0,72.0,89.0
26,length4_plentiful,1,20,4,3,38,73.0,74.0,87.0,55.0
26,length4_plentiful,1,21,4,4,12,59.0,66.0,72.0,76.0
26,length4_plentiful,1,22,4,1,20,97.0,80.0,69.0,43.0
26,length4_plentiful,1,23,4,4,29,68.0,42.0,33.0,92.0
26,length4_plentiful,1,24,4,3,32,54.0,44.0,88.0,87.0
26,length4_plentiful,1,25,4,3,1,39.0,64.0,68.0,57.0
26,length4_plentiful,1,26,4,4,23,74.0,79.0,68.0,66.0
26,length4_plentiful,1,27,4,1,9,83.0,64.0,85.0,97.0
26,length4_plentiful,1,28,4,4,8,76.0,39.0,35.0,72.0
26,length4_plentiful,1,29,4,2,19,62.0,88.0,77.0,71.0
26,length4_plentiful,1,30,4,4,11,57.0,77.0,72.0,85.0
26,length4_plentiful,1,31,4,2,28,65.0,87.0,48.0,77.0
26,length4_plentiful,1,32,4,4,6,51.0,52.0,66.0,84.0
26,length4_plentiful,1,33,4,1,24,89.0,87.0,85.0,49.0
26,length4_plentiful,1,34,4,4,27,79.0,57.0,61.0,74.0
26,length4_plentiful,1,35,4,4,31,73.0,70.0,50.0,88.0
26,length4_plentiful,1,36,4,1,25,76.0,74.0,95.0,89.0
26,length4_plentiful,1,37,4,1,36,91.0,60.0,80.0,79.0
26,length4_plentiful,1,38,4,1,4,82.0,43.0,78.0,58.0
26,length4_plentiful,1,39,4,2,37,75.0,81.0,90.0,92.0
26,length4_plentiful,1,40,4,3,16,71.0,61.0,74.0,84.0
26,length8_neutral,2,1,8,5,18,56.0,15.0,66.0,36.0
26,length8_neutral,2,2,8,3,22,22.0,60.0,87.0,84.0
26,length8_neutral,2,3,8,8,39,63.0,74.0,38.0,46.0
26,length8_neutral,2,4,8,3,10,21.0,42.0,84.0,66.0
26,length8_neutral,2,5,8,1,3,93.0,3.0,8.0,59.0
26,length8_neutral,2,6,8,8,21,39.0,56.0,6.0,13.0
26,length8_neutral,2,7,8,3,5,37.0,60.0,82.0,84.0
26,length8_neutral,2,8,8,3,30,77.0,19.0,97.0,65.0
26,length8_neutral,2,9,8,5,17,14.0,26.0,59.0,37.0
26,length8_neutral,2,10,8,4,13,26.0,21.0,50.0,97.0
26,length8_neutral,2,11,8,3,14,58.0,2.0,87.0,9.0
26,length8_neutral,2,12,8,2,26,31.0,81.0,84.0,16.0
26,length8_neutral,2,13,8,7,34,28.0,24.0,62.0,55.0
26,length8_neutral,2,14,8,1,2,81.0,36.0,74.0,79.0
26,length8_neutral,2,15,8,1,33,85.0,12.0,40.0,50.0
26,length8_neutral,2,16,8,1,15,88.0,45.0,7.0,44.0
26,length8_neutral,2,17,8,2,7,42.0,98.0,63.0,28.0
26,length8_neutral,2,18,8,3,40,41.0,44.0,81.0,91.0
26,length8_neutral,2,19,8,4,35,49.0,63.0,15.0,81.0
26,length8_neutral,2,20,8,8,38,77.0,51.0,10.0,37.0
26,length8_neutral,2,21,8,1,12,87.0,95.0,62.0,79.0
26,length8_neutral,2,22,8,4,20,67.0,8.0,34.0,66.0
26,length8_neutral,2,23,8,8,29,8.0,30.0,59.0,32.0
26,length8_neutral,2,24,8,3,32,8.0,50.0,88.0,47.0
26,length8_neutral,2,25,8,7,1,10.0,8.0,27.0,33.0
26,length8_neutral,2,26,8,2,23,61.0,98.0,9.0,73.0
26,length8_neutral,2,27,8,6,9,62.0,72.0,16.0,4.0
26,length8_neutral,2,28,8,2,8,63.0,79.0,32.0,8.0
26,length8_neutral,2,29,8,1,19,92.0,8.0,20.0,75.0
26,length8_neutral,2,30,8,1,11,94.0,62.0,84.0,37.0
26,length8_neutral,2,31,8,1,28,94.0,87.0,24.0,12.0
26,length8_neutral,2,32,8,2,6,45.0,80.0,19.0,64.0
26,length8_neutral,2,33,8,3,24,77.0,66.0,91.0,36.0
26,length8_neutral,2,34,8,5,27,28.0,62.0,65.0,57.0
26,length8_neutral,2,35,8,8,31,7.0,39.0,73.0,35.0
26,length8_neutral,2,36,8,2,25,5.0,75.0,64.0,20.0
26,length8_neutral,2,37,8,6,36,2.0,49.0,12.0,5.0
26,length8_neutral,2,38,8,1,4,95.0,10.0,64.0,84.0
26,length8_neutral,2,39,8,1,37,93.0,5.0,57.0,61.0
26,length8_neutral,2,40,8,1,16,83.0,52.0,96.0,53.0
26,length8_plentiful,3,1,8,5,18,50.0,44.0,45.0,43.0
26,length8_plentiful,3,2,8,3,22,51.0,62.0,93.0,33.0
26,length8_plentiful,3,3,8,3,39,27.0,36.0,79.0,81.0
26,length8_plentiful,3,4,8,4,10,79.0,40.0,37.0,95.0
26,length8_plentiful,3,5,8,4,3,80.0,66.0,70.0,84.0
26,length8_plentiful,3,6,8,6,21,57.0,72.0,63.0,58.0
26,length8_plentiful,3,7,8,5,5,80.0,73.0,61.0,77.0
26,length8_plentiful,3,8,8,1,30,88.0,75.0,80.0,82.0
26,length8_plentiful,3,9,8,2,17,31.0,89.0,67.0,86.0
26,length8_plentiful,3,10,8,1,13,84.0,32.0,59.0,89.0
26,length8_plentiful,3,11,8,2,14,78.0,97.0,53.0,55.0
26,length8_plentiful,3,12,8,5,26,30.0,52.0,54.0,60.0
26,length8_plentiful,3,13,8,2,34,69.0,85.0,44.0,93.0
26,length8_plentiful,3,14,8,8,2,49.0,57.0,62.0,73.0
26,length8_plentiful,3,15,8,2,33,82.0,86.0,52.0,87.0
26,length8_plentiful,3,16,8,1,15,94.0,51.0,79.0,78.0
26,length8_plentiful,3,17,8,1,7,93.0,94.0,26.0,54.0
26,length8_plentiful,3,18,8,1,40,91.0,35.0,56.0,87.0
26,length8_plentiful,3,19,8,2,35,71.0,80.0,36.0,31.0
26,length8_plentiful,3,20,8,4,38,70.0,63.0,53.0,91.0
26,length8_plentiful,3,21,8,1,12,82.0,80.0,18.0,56.0
26,length8_plentiful,3,22,8,3,20,75.0,35.0,79.0,89.0
26,length8_plentiful,3,23,8,4,29,68.0,38.0,35.0,69.0
26,length8_plentiful,3,24,8,5,32,43.0,66.0,74.0,80.0
26,length8_plentiful,3,25,8,3,1,57.0,71.0,97.0,81.0
26,length8_plentiful,3,26,8,4,23,79.0,61.0,62.0,90.0
26,length8_plentiful,3,27,8,8,9,49.0,73.0,57.0,58.0
26,length8_plentiful,3,28,8,3,8,49.0,38.0,81.0,69.0
26,length8_plentiful,3,29,8,5,19,54.0,78.0,52.0,65.0
26,length8_plentiful,3,30,8,8,11,41.0,69.0,63.0,55.0
26,length8_plentiful,3,31,8,2,28,59.0,85.0,46.0,78.0
26,length8_plentiful,3,32,8,1,6,93.0,85.0,92.0,62.0
26,length8_plentiful,3,33,8,3,24,65.0,69.0,88.0,42.0
26,length8_plentiful,3,34,8,5,27,68.0,48.0,71.0,45.0
26,length8_plentiful,3,35,8,4,31,64.0,57.0,75.0,76.0
26,length8_plentiful,3,36,8,8,25,72.0,52.0,49.0,61.0
26,length8_plentiful,3,37,8,1,36,86.0,64.0,24.0,52.0
26,length8_plentiful,3,38,8,5,4,41.0,59.0,25.0,75.0
26,length8_plentiful,3,39,8,2,37,52.0,76.0,67.0,55.0
26,length8_plentiful,3,40,8,2,16,63.0,86.0,82.0,55.0
27,length4_neutral,0,1,4,4,21,49.0,39.0,25.0,81.0
27,length4_neutral,0,2,4,1,17,98.0,93.0,67.0,39.0
27,length4_neutral,0,3,4,3,33,52.0,1.0,85.0,50.0
27,length4_neutral,0,4,4,4,18,63.0,21.0,43.0,28.0
27,length4_neutral,0,5,4,2,22,3.0,93.0,67.0,77.0
27,length4_neutral,0,6,4,2,10,5.0,60.0,53.0,36.0
27,length4_neutral,0,7,4,2,4,12.0,91.0,36.0,95.0
27,length4_neutral,0,8,4,3,3,23.0,40.0,86.0,5.0
27,length4_neutral,0,9,4,1,2,56.0,72.0,22.0,25.0
27,length4_neutral,0,10,4,1,30,81.0,96.0,83.0,71.0
27,length4_neutral,0,11,4,2,37,11.0,98.0,61.0,64.0
27,length4_neutral,0,12,4,2,9,17.0,62.0,80.0,7.0
27,length4_neutral,0,13,4,3,27,42.0,36.0,91.0,16.0
27,length4_neutral,0,14,4,2,39,42.0,80.0,70.0,63.0
27,length4_neutral,0,15,4,2,13,3.0,28.0,25.0,84.0
27,length4_neutral,0,16,4,3,34,35.0,9.0,91.0,24.0
27,length4_neutral,0,17,4,4,40,22.0,26.0,24.0,21.0
27,length4_neutral,0,18,4,1,26,87.0,12.0,50.0,55.0
27,length4_neutral,0,19,4,4,38,36.0,7.0,15.0,44.0
27,length4_neutral,0,20,4,4,24,67.0,63.0,7.0,30.0
27,length4_neutral,0,21,4,2,15,62.0,81.0,72.0,61.0
27,length4_neutral,0,22,4,1,31,64.0,62.0,19.0,48.0
27,length4_neutral,0,23,4,2,7,79.0,69.0,97.0,43.0
27,length4_neutral,0,24,4,4,25,46.0,42.0,6.0,26.0
27,length4_neutral,0,25,4,3,14,62.0,9.0,70.0,94.0
27,length4_neutral,0,26,4,4,11,90.0,54.0,87.0,84.0
27,length4_neutral,0,27,4,1,28,74.0,75.0,43.0,78.0
27,length4_neutral,0,28,4,4,19,85.0,76.0,22.0,16.0
27,length4_neutral,0,29,4,4,5,56.0,34.0,22.0,64.0
27,length4_neutral,0,30,4,1,36,91.0,33.0,54.0,42.0
27,length4_neutral,0,31,4,1,29,50.0,69.0,72.0,20.0
27,length4_neutral,0,32,4,4,20,60.0,57.0,22.0,46.0
27,length4_neutral,0,33,4,2,12,10.0,37.0,84.0,36.0
27,length4_neutral,0,34,4,2,8,22.0,80.0,19.0,2.0
27,length4_neutral,0,35,4,2,35,35.0,86.0,84.0,77.0
27,length4_neutral,0,36,4,2,32,81.0,93.0,69.0,11.0
27,length4_neutral,0,37,4,4,1,67.0,27.0,37.0,45.0
27,length4_neutral,0,38,4,3,6,39.0,59.0,67.0,42.0
27,length4_neutral,0,39,4,4,23,7.0,35.0,27.0,3.0
27,length4_neutral,0,40,4,4,16,42.0,9.0,95.0,26.0
27,length4_plentiful,1,1,4,4,21,76.0,63.0,60.0,79.0
27,length4_plentiful,1,2,4,1,17,88.0,62.0,84.0,73.0
27,length4_plentiful,1,3,4,2,33,69.0,76.0,65.0,90.0
27,length4_plentiful,1,4,4,4,18,39.0,61.0,64.0,54.0
27,length4_plentiful,1,5,4,4,22,72.0,57.0,18.0,71.0
27,length4_plentiful,1,6,4,4,10,63.0,29.0,60.0,75.0
27,length4_plentiful,1,7,4,3,4,60.0,71.0,84.0,81.0
27,length4_plentiful,1,8,4,4,3,95.0,52.0,59.0,36.0
27,length4_plentiful,1,9,4,4,2,17.0,65.0,44.0,96.0
27,length4_plentiful,1,10,4,4,30,72.0,38.0,62.0,86.0
27,length4_plentiful,1,11,4,3,37,70.0,76.0,91.0,82.0
27,length4_plentiful,1,12,4,2,9,68.0,90.0,59.0,60.0
27,length4_plentiful,1,13,4,4,27,68.0,38.0,33.0,47.0
27,length4_plentiful,1,14,4,1,39,83.0,79.0,84.0,66.0
27,length4_plentiful,1,15,4,4,13,60.0,59.0,35.0,67.0
27,length4_plentiful,1,16,4,3,34,54.0,68.0,72.0,89.0
27,length4_plentiful,1,17,4,4,40,93.0,55.0,62.0,57.0
27,length4_plentiful,1,18,4,1,26,85.0,87.0,71.0,48.0
27,length4_plentiful,1,19,4,1,38,90.0,79.0,72.0,89.0
27,length4_plentiful,1,20,4,3,24,73.0,74.0,87.0,55.0
27,length4_plentiful,1,21,4,2,15,59.0,66.0,72.0,76.0
27,length4_plentiful,1,22,4,1,31,97.0,80.0,69.0,43.0
27,length4_plentiful,1,23,4,4,7,68.0,42.0,33.0,92.0
27,length4_plentiful,1,24,4,3,25,54.0,44.0,88.0,87.0
27,length4_plentiful,1,25,4,2,14,39.0,64.0,68.0,57.0
27,length4_plentiful,1,26,4,2,11,74.0,79.0,68.0,66.0
27,length4_plentiful,1,27,4,3,28,83.0,64.0,85.0,97.0
27,length4_plentiful,1,28,4,4,19,76.0,39.0,35.0,72.0
27,length4_plentiful,1,29,4,2,5,62.0,88.0,77.0,71.0
27,length4_plentiful,1,30,4,2,36,57.0,77.0,72.0,85.0
27,length4_plentiful,1,31,4,2,29,65.0,87.0,48.0,77.0
27,length4_plentiful,1,32,4,3,20,51.0,52.0,66.0,84.0
27,length4_plentiful,1,33,4,1,12,89.0,87.0,85.0,49.0
27,length4_plentiful,1,34,4,1,8,79.0,57.0,61.0,74.0
27,length4_plentiful,1,35,4,4,35,73.0,70.0,50.0,88.0
27,length4_plentiful,1,36,4,3,32,76.0,74.0,95.0,89.0
27,length4_plentiful,1,37,4,1,1,91.0,60.0,80.0,79.0
27,length4_plentiful,1,38,4,1,6,82.0,43.0,78.0,58.0
27,length4_plentiful,1,39,4,3,23,75.0,81.0,90.0,92.0
27,length4_plentiful,1,40,4,4,16,71.0,61.0,74.0,84.0
27,length8_neutral,2,1,8,5,21,56.0,15.0,66.0,36.0
27,length8_neutral,2,2,8,2,17,22.0,60.0,87.0,84.0
27,length8_neutral,2,3,8,2,33,63.0,74.0,38.0,46.0
27,length8_neutral,2,4,8,3,18,21.0,42.0,84.0,66.0
27,length8_neutral,2,5,8,8,22,93.0,3.0,8.0,59.0
27,length8_neutral,2,6,8,2,10,39.0,56.0,6.0,13.0
27,length8_neutral,2,7,8,2,4,37.0,60.0,82.0,84.0
27,length8_neutral,2,8,8,8,3,77.0,19.0,97.0,65.0
27,length8_neutral,2,9,8,8,2,14.0,26.0,59.0,37.0
27,length8_neutral,2,10,8,3,30,26.0,21.0,50.0,97.0
27,length8_neutral,2,11,8,5,37,58.0,2.0,87.0,9.0
27,length8_neutral,2,12,8,2,9,31.0,81.0,84.0,16.0
27,length8_neutral,2,13,8,7,27,28.0,24.0,62.0,55.0
27,length8_neutral,2,14,8,4,39,81.0,36.0,74.0,79.0
27,length8_neutral,2,15,8,6,13,85.0,12.0,40.0,50.0
27,length8_neutral,2,16,8,1,34,88.0,45.0,7.0,44.0
27,length8_neutral,2,17,8,2,40,42.0,98.0,63.0,28.0
27,length8_neutral,2,18,8,2,26,41.0,44.0,81.0,91.0
27,length8_neutral,2,19,8,2,38,49.0,63.0,15.0,81.0
27,length8_neutral,2,20,8,8,24,77.0,51.0,10.0,37.0
27,length8_neutral,2,21,8,1,15,87.0,95.0,62.0,79.0
27,length8_neutral,2,22,8,4,31,67.0,8.0,34.0,66.0
27,length8_neutral,2,23,8,3,7,8.0,30.0,59.0,32.0
27,length8_neutral,2,24,8,3,25,8.0,50.0,88.0,47.0
27,length8_neutral,2,25,8,4,14,10.0,8.0,27.0,33.0
27,length8_neutral,2,26,8,2,11,61.0,98.0,9.0,73.0
27,length8_neutral,2,27,8,2,28,62.0,72.0,16.0,4.0
27,length8_neutral,2,28,8,1,19,63.0,79.0,32.0,8.0
27,length8_neutral,2,29,8,1,5,92.0,8.0,20.0,75.0
27,length8_neutral,2,30,8,1,36,94.0,62.0,84.0,37.0
27,length8_neutral,2,31,8,1,29,94.0,87.0,24.0,12.0
27,length8_neutral,2,32,8,2,20,45.0,80.0,19.0,64.0
27,length8_neutral,2,33,8,3,12,77.0,66.0,91.0,36.0
27,length8_neutral,2,34,8,5,8,28.0,62.0,65.0,57.0
27,length8_neutral,2,35,8,3,35,7.0,39.0,73.0,35.0
27,length8_neutral,2,36,8,5,32,5.0,75.0,64.0,20.0
27,length8_neutral,2,37,8,6,1,2.0,49.0,12.0,5.0
27,length8_neutral,2,38,8,8,6,95.0,10.0,64.0,84.0
27,length8_neutral,2,39,8,1,23,93.0,5.0,57.0,61.0
27,length8_neutral,2,40,8,4,16,83.0,52.0,96.0,53.0
27,length8_plentiful,3,1,8,5,21,50.0,44.0,45.0,43.0
27,length8_plentiful,3,2,8,3,17,51.0,62.0,93.0,33.0
27,length8_plentiful,3,3,8,4,33,27.0,36.0,79.0,81.0
27,length8_plentiful,3,4,8,4,18,79.0,40.0,37.0,95.0
27,length8_plentiful,3,5,8,4,22,80.0,66.0,70.0,84.0
27,length8_plentiful,3,6,8,2,10,57.0,72.0,63.0,58.0
27,length8_plentiful,3,7,8,5,4,80.0,73.0,61.0,77.0
27,length8_plentiful,3,8,8,1,3,88.0,75.0,80.0,82.0
27,length8_plentiful,3,9,8,2,2,31.0,89.0,67.0,86.0
27,length8_plentiful,3,10,8,4,30,84.0,32.0,59.0,89.0
27,length8_plentiful,3,11,8,8,37,78.0,97.0,53.0,55.0
27,length8_plentiful,3,12,8,4,9,30.0,52.0,54.0,60.0
27,length8_plentiful,3,13,8,2,27,69.0,85.0,44.0,93.0
27,length8_plentiful,3,14,8,4,39,49.0,57.0,62.0,73.0
27,length8_plentiful,3,15,8,8,13,82.0,86.0,52.0,87.0
27,length8_plentiful,3,16,8,1,34,94.0,51.0,79.0,78.0
27,length8_plentiful,3,17,8,2,40,93.0,94.0,26.0,54.0
27,length8_plentiful,3,18,8,8,26,91.0,35.0,56.0,87.0
27,length8_plentiful,3,19,8,6,38,71.0,80.0,36.0,31.0
27,length8_plentiful,3,20,8,4,24,70.0,63.0,53.0,91.0
27,length8_plentiful,3,21,8,1,15,82.0,80.0,18.0,56.0
27,length8_plentiful,3,22,8,3,31,75.0,35.0,79.0,89.0
27,length8_plentiful,3,23,8,4,7,68.0,38.0,35.0,69.0
27,length8_plentiful,3,24,8,3,25,43.0,66.0,74.0,80.0
27,length8_plentiful,3,25,8,3,14,57.0,71.0,97.0,81.0
27,length8_plentiful,3,26,8,4,11,79.0,61.0,62.0,90.0
27,length8_plentiful,3,27,8,8,28,49.0,73.0,57.0,58.0
27,length8_plentiful,3,28,8,6,19,49.0,38.0,81.0,69.0
27,length8_plentiful,3,29,8,2,5,54.0,78.0,52.0,65.0
27,length8_plentiful,3,30,8,5,36,41.0,69.0,63.0,55.0
27,length8_plentiful,3,31,8,2,29,59.0,85.0,46.0,78.0
27,length8_plentiful,3,32,8,1,20,93.0,85.0,92.0,62.0
27,length8_plentiful,3,33,8,3,12,65.0,69.0,88.0,42.0
27,length8_plentiful,3,34,8,6,8,68.0,48.0,71.0,45.0
27,length8_plentiful,3,35,8,4,35,64.0,57.0,75.0,76.0
27,length8_plentiful,3,36,8,8,32,72.0,52.0,49.0,61.0
27,length8_plentiful,3,37,8,8,1,86.0,64.0,24.0,52.0
27,length8_plentiful,3,38,8,5,6,41.0,59.0,25.0,75.0
27,length8_plentiful,3,39,8,5,23,52.0,76.0,67.0,55.0
27,length8_plentiful,3,40,8,2,16,63.0,86.0,82.0,55.0
28,length4_neutral,0,1,4,1,25,95.0,66.0,15.0,13.0
28,length4_neutral,0,2,4,3,11,38.0,9.0,73.0,48.0
28,length4_neutral,0,3,4,2,40,51.0,77.0,12.0,2.0
28,length4_neutral,0,4,4,2,9,7.0,82.0,11.0,32.0
28,length4_neutral,0,5,4,2,20,16.0,84.0,17.0,89.0
28,length4_neutral,0,6,4,3,2,42.0,7.0,96.0,56.0
28,length4_neutral,0,7,4,1,10,75.0,29.0,37.0,26.0
28,length4_neutral,0,8,4,1,17,90.0,79.0,69.0,31.0
28,length4_neutral,0,9,4,4,37,4.0,10.0,13.0,8.0
28,length4_neutral,0,10,4,1,15,94.0,60.0,86.0,11.0
28,length4_neutral,0,11,4,1,18,95.0,10.0,97.0,77.0
28,length4_neutral,0,12,4,4,29,53.0,42.0,11.0,60.0
28,length4_neutral,0,13,4,1,33,72.0,83.0,90.0,94.0
28,length4_neutral,0,14,4,3,7,39.0,45.0,59.0,20.0
28,length4_neutral,0,15,4,1,24,84.0,98.0,24.0,26.0
28,length4_neutral,0,16,4,1,22,95.0,37.0,42.0,11.0
28,length4_neutral,0,17,4,2,5,9.0,89.0,1.0,12.0
28,length4_neutral,0,18,4,2,4,18.0,67.0,34.0,41.0
28,length4_neutral,0,19,4,3,23,7.0,19.0,67.0,1.0
28,length4_neutral,0,20,4,1,39,44.0,81.0,34.0,28.0
28,length4_neutral,0,21,4,3,16,19.0,61.0,91.0,40.0
28,length4_neutral,0,22,4,3,28,37.0,46.0,87.0,15.0
28,length4_neutral,0,23,4,2,26,9.0,62.0,2.0,36.0
28,length4_neutral,0,24,4,1,30,72.0,93.0,84.0,17.0
28,length4_neutral,0,25,4,4,14,49.0,75.0,71.0,13.0
28,length4_neutral,0,26,4,1,32,93.0,79.0,18.0,97.0
28,length4_neutral,0,27,4,1,3,88.0,70.0,72.0,52.0
28,length4_neutral,0,28,4,3,31,21.0,22.0,59.0,61.0
28,length4_neutral,0,29,4,1,1,83.0,7.0,13.0,96.0
28,length4_neutral,0,30,4,2,34,47.0,92.0,62.0,32.0
28,length4_neutral,0,31,4,3,35,5.0,4.0,68.0,52.0
28,length4_neutral,0,32,4,3,8,5.0,36.0,90.0,50.0
28,length4_neutral,0,33,4,1,27,86.0,92.0,15.0,12.0
28,length4_neutral,0,34,4,1,21,79.0,29.0,65.0,58.0
28,length4_neutral,0,35,4,3,38,7.0,21.0,54.0,40.0
28,length4_neutral,0,36,4,2,13,23.0,81.0,71.0,46.0
28,length4_neutral,0,37,4,2,36,25.0,88.0,13.0,79.0
28,length4_neutral,0,38,4,4,12,18.0,59.0,31.0,52.0
28,length4_neutral,0,39,4,3,6,9.0,42.0,53.0,25.0
28,length4_neutral,0,40,4,4,19,79.0,29.0,38.0,12.0
28,length4_plentiful,1,1,4,4,25,80.0,57.0,26.0,63.0
28,length4_plentiful,1,2,4,4,11,59.0,69.0,71.0,55.0
28,length4_plentiful,1,3,4,4,40,70.0,69.0,61.0,43.0
28,length4_plentiful,1,4,4,2,9,64.0,94.0,71.0,90.0
28,length4_plentiful,1,5,4,3,20,60.0,46.0,81.0,66.0
28,length4_plentiful,1,6,4,3,2,58.0,64.0,87.0,53.0
28,length4_plentiful,1,7,4,4,10,61.0,77.0,46.0,64.0
28,length4_plentiful,1,8,4,2,17,26.0,89.0,69.0,48.0
28,length4_plentiful,1,9,4,2,37,52.0,86.0,76.0,93.0
28,length4_plentiful,1,10,4,1,15,88.0,64.0,83.0,41.0
28,length4_plentiful,1,11,4,4,18,80.0,57.0,55.0,89.0
28,length4_plentiful,1,12,4,2,29,79.0,82.0,97.0,62.0
28,length4_plentiful,1,13,4,1,33,97.0,63.0,69.0,68.0
28,length4_plentiful,1,14,4,4,7,59.0,55.0,47.0,77.0
28,length4_plentiful,1,15,4,3,24,52.0,53.0,90.0,62.0
28,length4_plentiful,1,16,4,2,22,46.0,85.0,55.0,87.0
28,length4_plentiful,1,17,4,2,5,65.0,86.0,48.0,59.0
28,length4_plentiful,1,18,4,4,4,56.0,51.0,50.0,89.0
28,length4_plentiful,1,19,4,1,23,85.0,39.0,50.0,53.0
28,length4_plentiful,1,20,4,4,39,52.0,64.0,56.0,81.0
28,length4_plentiful,1,21,4,2,16,68.0,88.0,84.0,49.0
28,length4_plentiful,1,22,4,1,28,85.0,65.0,80.0,78.0
28,length4_plentiful,1,23,4,1,26,89.0,52.0,80.0,55.0
28,length4_plentiful,1,24,4,1,30,81.0,73.0,66.0,80.0
28,length4_plentiful,1,25,4,2,14,44.0,84.0,89.0,69.0
28,length4_plentiful,1,26,4,3,32,76.0,51.0,82.0,64.0
28,length4_plentiful,1,27,4,3,3,36.0,43.0,79.0,76.0
28,length4_plentiful,1,28,4,4,31,32.0,66.0,63.0,95.0
28,length4_plentiful,1,29,4,1,1,96.0,82.0,85.0,93.0
28,length4_plentiful,1,30,4,3,34,64.0,39.0,84.0,82.0
28,length4_plentiful,1,31,4,1,35,90.0,81.0,61.0,39.0
28,length4_plentiful,1,32,4,4,8,77.0,23.0,47.0,26.0
28,length4_plentiful,1,33,4,4,27,83.0,73.0,71.0,62.0
28,length4_plentiful,1,34,4,4,21,61.0,30.0,49.0,91.0
28,length4_plentiful,1,35,4,1,38,77.0,63.0,75.0,79.0
28,length4_plentiful,1,36,4,2,13,73.0,78.0,56.0,22.0
28,length4_plentiful,1,37,4,4,36,75.0,79.0,56.0,86.0
28,length4_plentiful,1,38,4,1,12,94.0,81.0,68.0,47.0
28,length4_plentiful,1,39,4,4,6,54.0,72.0,18.0,57.0
28,length4_plentiful,1,40,4,4,19,67.0,53.0,59.0,49.0
28,length8_neutral,2,1,8,7,25,35.0,77.0,15.0,1.0
28,length8_neutral,2,2,8,2,11,4.0,89.0,77.0,93.0
28,length8_neutral,2,3,8,8,40,71.0,77.0,83.0,22.0
28,length8_neutral,2,4,8,2,9,68.0,82.0,63.0,93.0
28,length8_neutral,2,5,8,7,20,26.0,4.0,39.0,14.0
28,length8_neutral,2,6,8,4,2,43.0,63.0,21.0,86.0
28,length8_neutral,2,7,8,8,10,88.0,26.0,31.0,78.0
28,length8_neutral,2,8,8,2,17,83.0,92.0,49.0,43.0
28,length8_neutral,2,9,8,5,37,76.0,31.0,21.0,16.0
28,length8_neutral,2,10,8,5,15,22.0,79.0,32.0,2.0
28,length8_neutral,2,11,8,2,18,1.0,85.0,89.0,24.0
28,length8_neutral,2,12,8,7,29,46.0,19.0,45.0,4.0
28,length8_neutral,2,13,8,7,33,64.0,42.0,83.0,7.0
28,length8_neutral,2,14,8,2,7,77.0,82.0,29.0,34.0
28,length8_neutral,2,15,8,4,24,73.0,14.0,13.0,90.0
28,length8_neutral,2,16,8,8,22,61.0,12.0,10.0,48.0
28,length8_neutral,2,17,8,8,5,46.0,43.0,51.0,6.0
28,length8_neutral,2,18,8,1,4,97.0,35.0,57.0,80.0
28,length8_neutral,2,19,8,8,23,30.0,62.0,45.0,46.0
28,length8_neutral,2,20,8,4,39,76.0,60.0,51.0,73.0
28,length8_neutral,2,21,8,4,16,13.0,12.0,15.0,83.0
28,length8_neutral,2,22,8,2,28,51.0,89.0,25.0,88.0
28,length8_neutral,2,23,8,3,26,80.0,40.0,83.0,57.0
28,length8_neutral,2,24,8,8,30,25.0,17.0,12.0,23.0
28,length8_neutral,2,25,8,3,14,16.0,48.0,56.0,79.0
28,length8_neutral,2,26,8,8,32,92.0,41.0,87.0,86.0
28,length8_neutral,2,27,8,3,3,7.0,55.0,96.0,23.0
28,length8_neutral,2,28,8,3,31,73.0,53.0,94.0,29.0
28,length8_neutral,2,29,8,8,1,94.0,87.0,35.0,57.0
28,length8_neutral,2,30,8,8,34,31.0,62.0,38.0,36.0
28,length8_neutral,2,31,8,4,35,52.0,1.0,65.0,96.0
28,length8_neutral,2,32,8,6,8,20.0,76.0,30.0,72.0
28,length8_neutral,2,33,8,7,27,31.0,67.0,45.0,8.0
28,length8_neutral,2,34,8,6,21,41.0,18.0,13.0,49.0
28,length8_neutral,2,35,8,1,38,93.0,53.0,59.0,67.0
28,length8_neutral,2,36,8,4,13,75.0,62.0,74.0,93.0
28,length8_neutral,2,37,8,1,36,94.0,77.0,85.0,11.0
28,length8_neutral,2,38,8,8,12,12.0,55.0,31.0,30.0
28,length8_neutral,2,39,8,8,6,72.0,62.0,33.0,45.0
28,length8_neutral,2,40,8,3,19,86.0,7.0,77.0,50.0
28,length8_plentiful,3,1,8,8,25,50.0,69.0,73.0,92.0
28,length8_plentiful,3,2,8,6,11,63.0,68.0,66.0,74.0
28,length8_plentiful,3,3,8,2,40,70.0,89.0,85.0,42.0
28,length8_plentiful,3,4,8,4,9,84.0,88.0,68.0,91.0
28,length8_plentiful,3,5,8,8,20,61.0,28.0,82.0,57.0
28,length8_plentiful,3,6,8,8,2,62.0,68.0,58.0,57.0
28,length8_plentiful,3,7,8,6,10,87.0,42.0,75.0,68.0
28,length8_plentiful,3,8,8,3,17,82.0,76.0,87.0,53.0
28,length8_plentiful,3,9,8,6,37,66.0,70.0,54.0,59.0
28,length8_plentiful,3,10,8,4,15,65.0,43.0,30.0,81.0
28,length8_plentiful,3,11,8,2,18,67.0,89.0,96.0,58.0
28,length8_plentiful,3,12,8,8,29,67.0,68.0,98.0,84.0
28,length8_plentiful,3,13,8,8,33,88.0,56.0,79.0,75.0
28,length8_plentiful,3,14,8,5,7,50.0,44.0,69.0,63.0
28,length8_plentiful,3,15,8,8,24,49.0,36.0,78.0,30.0
28,length8_plentiful,3,16,8,8,22,54.0,58.0,45.0,69.0
28,length8_plentiful,3,17,8,4,5,76.0,84.0,85.0,94.0
28,length8_plentiful,3,18,8,8,4,62.0,64.0,87.0,79.0
28,length8_plentiful,3,19,8,5,23,65.0,62.0,89.0,49.0
28,length8_plentiful,3,20,8,7,39,44.0,63.0,70.0,68.0
28,length8_plentiful,3,21,8,6,16,90.0,72.0,87.0,69.0
28,length8_plentiful,3,22,8,8,28,35.0,86.0,87.0,65.0
28,length8_plentiful,3,23,8,7,26,80.0,52.0,35.0,30.0
28,length8_plentiful,3,24,8,8,30,54.0,94.0,33.0,70.0
28,length8_plentiful,3,25,8,7,14,78.0,52.0,74.0,77.0
28,length8_plentiful,3,26,8,3,32,30.0,68.0,93.0,70.0
28,length8_plentiful,3,27,8,5,3,78.0,49.0,63.0,72.0
28,length8_plentiful,3,28,8,8,31,57.0,46.0,90.0,36.0
28,length8_plentiful,3,29,8,8,1,81.0,78.0,44.0,63.0
28,length8_plentiful,3,30,8,8,34,60.0,45.0,88.0,70.0
28,length8_plentiful,3,31,8,6,35,59.0,74.0,62.0,70.0
28,length8_plentiful,3,32,8,8,8,66.0,79.0,46.0,56.0
28,length8_plentiful,3,33,8,3,27,43.0,78.0,87.0,89.0
28,length8_plentiful,3,34,8,7,21,71.0,64.0,85.0,70.0
28,length8_plentiful,3,35,8,8,38,75.0,89.0,67.0,87.0
28,length8_plentiful,3,36,8,6,13,82.0,68.0,76.0,79.0
28,length8_plentiful,3,37,8,4,36,89.0,58.0,75.0,95.0
28,length8_plentiful,3,38,8,8,12,73.0,74.0,78.0,52.0
28,length8_plentiful,3,39,8,5,6,35.0,45.0,74.0,72.0
28,length8_plentiful,3,40,8,8,19,80.0,70.0,69.0,89.0
29,length4_neutral,0,1,4,4,20,49.0,39.0,25.0,81.0
29,length4_neutral,0,2,4,1,12,98.0,93.0,67.0,39.0
29,length4_neutral,0,3,4,1,19,52.0,1.0,85.0,50.0
29,length4_neutral,0,4,4,1,4,63.0,21.0,43.0,28.0
29,length4_neutral,0,5,4,2,33,3.0,93.0,67.0,77.0
29,length4_neutral,0,6,4,2,18,5.0,60.0,53.0,36.0
29,length4_neutral,0,7,4,2,16,12.0,91.0,36.0,95.0
29,length4_neutral,0,8,4,3,6,23.0,40.0,86.0,5.0
29,length4_neutral,0,9,4,2,3,56.0,72.0,22.0,25.0
29,length4_neutral,0,10,4,1,14,81.0,96.0,83.0,71.0
29,length4_neutral,0,11,4,2,2,11.0,98.0,61.0,64.0
29,length4_neutral,0,12,4,2,34,17.0,62.0,80.0,7.0
29,length4_neutral,0,13,4,3,7,42.0,36.0,91.0,16.0
29,length4_neutral,0,14,4,2,24,42.0,80.0,70.0,63.0
29,length4_neutral,0,15,4,4,23,3.0,28.0,25.0,84.0
29,length4_neutral,0,16,4,3,36,35.0,9.0,91.0,24.0
29,length4_neutral,0,17,4,4,39,22.0,26.0,24.0,21.0
29,length4_neutral,0,18,4,1,29,87.0,12.0,50.0,55.0
29,length4_neutral,0,19,4,4,13,36.0,7.0,15.0,44.0
29,length4_neutral,0,20,4,4,10,67.0,63.0,7.0,30.0
29,length4_neutral,0,21,4,1,37,62.0,81.0,72.0,61.0
29,length4_neutral,0,22,4,4,5,64.0,62.0,19.0,48.0
29,length4_neutral,0,23,4,1,30,79.0,69.0,97.0,43.0
29,length4_neutral,0,24,4,4,9,46.0,42.0,6.0,26.0
29,length4_neutral,0,25,4,3,28,62.0,9.0,70.0,94.0
29,length4_neutral,0,26,4,1,8,90.0,54.0,87.0,84.0
29,length4_neutral,0,27,4,2,15,74.0,75.0,43.0,78.0
29,length4_neutral,0,28,4,1,26,85.0,76.0,22.0,16.0
29,length4_neutral,0,29,4,4,11,56.0,34.0,22.0,64.0
29,length4_neutral,0,30,4,4,27,91.0,33.0,54.0,42.0
29,length4_neutral,0,31,4,3,31,50.0,69.0,72.0,20.0
29,length4_neutral,0,32,4,4,32,60.0,57.0,22.0,46.0
29,length4_neutral,0,33,4,3,21,10.0,37.0,84.0,36.0
29,length4_neutral,0,34,4,2,35,22.0,80.0,19.0,2.0
29,length4_neutral,0,35,4,2,17,35.0,86.0,84.0,77.0
29,length4_neutral,0,36,4,1,40,81.0,93.0,69.0,11.0
29,length4_neutral,0,37,4,4,1,67.0,27.0,37.0,45.0
29,length4_neutral,0,38,4,2,38,39.0,59.0,67.0,42.0
29,length4_neutral,0,39,4,4,25,7.0,35.0,27.0,3.0
29,length4_neutral,0,40,4,3,22,42.0,9.0,95.0,26.0
29,length4_plentiful,1,1,4,4,20,76.0,63.0,60.0,79.0
29,length4_plentiful,1,2,4,1,12,88.0,62.0,84.0,73.0
29,length4_plentiful,1,3,4,1,19,69.0,76.0,65.0,90.0
29,length4_plentiful,1,4,4,3,4,39.0,61.0,64.0,54.0
29,length4_plentiful,1,5,4,4,33,72.0,57.0,18.0,71.0
29,length4_plentiful,1,6,4,3,18,63.0,29.0,60.0,75.0
29,length4_plentiful,1,7,4,3,16,60.0,71.0,84.0,81.0
29,length4_plentiful,1,8,4,4,6,95.0,52.0,59.0,36.0
29,length4_plentiful,1,9,4,4,3,17.0,65.0,44.0,96.0
29,length4_plentiful,1,10,4,4,14,72.0,38.0,62.0,86.0
29,length4_plentiful,1,11,4,2,2,70.0,76.0,91.0,82.0
29,length4_plentiful,1,12,4,2,34,68.0,90.0,59.0,60.0
29,length4_plentiful,1,13,4,4,7,68.0,38.0,33.0,47.0
29,length4_plentiful,1,14,4,1,24,83.0,79.0,84.0,66.0
29,length4_plentiful,1,15,4,4,23,60.0,59.0,35.0,67.0
29,length4_plentiful,1,16,4,3,36,54.0,68.0,72.0,89.0
29,length4_plentiful,1,17,4,1,39,93.0,55.0,62.0,57.0
29,length4_plentiful,1,18,4,1,29,85.0,87.0,71.0,48.0
29,length4_plentiful,1,19,4,4,13,90.0,79.0,72.0,89.0
29,length4_plentiful,1,20,4,3,10,73.0,74.0,87.0,55.0
29,length4_plentiful,1,21,4,3,37,59.0,66.0,72.0,76.0
29,length4_plentiful,1,22,4,1,5,97.0,80.0,69.0,43.0
29,length4_plentiful,1,23,4,3,30,68.0,42.0,33.0,92.0
29,length4_plentiful,1,24,4,3,9,54.0,44.0,88.0,87.0
29,length4_plentiful,1,25,4,3,28,39.0,64.0,68.0,57.0
29,length4_plentiful,1,26,4,1,8,74.0,79.0,68.0,66.0
29,length4_plentiful,1,27,4,1,15,83.0,64.0,85.0,97.0
29,length4_plentiful,1,28,4,4,26,76.0,39.0,35.0,72.0
29,length4_plentiful,1,29,4,2,11,62.0,88.0,77.0,71.0
29,length4_plentiful,1,30,4,2,27,57.0,77.0,72.0,85.0
29,length4_plentiful,1,31,4,2,31,65.0,87.0,48.0,77.0
29,length4_plentiful,1,32,4,3,32,51.0,52.0,66.0,84.0
29,length4_plentiful,1,33,4,1,21,89.0,87.0,85.0,49.0
29,length4_plentiful,1,34,4,4,35,79.0,57.0,61.0,74.0
29,length4_plentiful,1,35,4,4,17,73.0,70.0,50.0,88.0
29,length4_plentiful,1,36,4,1,40,76.0,74.0,95.0,89.0
29,length4_plentiful,1,37,4,1,1,91.0,60.0,80.0,79.0
29,length4_plentiful,1,38,4,3,38,82.0,43.0,78.0,58.0
29,length4_plentiful,1,39,4,2,25,75.0,81.0,90.0,92.0
29,length4_plentiful,1,40,4,3,22,71.0,61.0,74.0,84.0
29,length8_neutral,2,1,8,5,20,56.0,15.0,66.0,36.0
29,length8_neutral,2,2,8,3,12,22.0,60.0,87.0,84.0
29,length8_neutral,2,3,8,2,19,63.0,74.0,38.0,46.0
29,length8_neutral,2,4,8,3,4,21.0,42.0,84.0,66.0
29,length8_neutral,2,5,8,1,33,93.0,3.0,8.0,59.0
29,length8_neutral,2,6,8,8,18,39.0,56.0,6.0,13.0
29,length8_neutral,2,7,8,3,16,37.0,60.0,82.0,84.0
29,length8_neutral,2,8,8,3,6,77.0,19.0,97.0,65.0
29,length8_neutral,2,9,8,3,3,14.0,26.0,59.0,37.0
29,length8_neutral,2,10,8,4,14,26.0,21.0,50.0,97.0
29,length8_neutral,2,11,8,3,2,58.0,2.0,87.0,9.0
29,length8_neutral,2,12,8,7,34,31.0,81.0,84.0,16.0
29,length8_neutral,2,13,8,7,7,28.0,24.0,62.0,55.0
29,length8_neutral,2,14,8,8,24,81.0,36.0,74.0,79.0
29,length8_neutral,2,15,8,1,23,85.0,12.0,40.0,50.0
29,length8_neutral,2,16,8,7,36,88.0,45.0,7.0,44.0
29,length8_neutral,2,17,8,2,39,42.0,98.0,63.0,28.0
29,length8_neutral,2,18,8,3,29,41.0,44.0,81.0,91.0
29,length8_neutral,2,19,8,4,13,49.0,63.0,15.0,81.0
29,length8_neutral,2,20,8,1,10,77.0,51.0,10.0,37.0
29,length8_neutral,2,21,8,1,37,87.0,95.0,62.0,79.0
29,length8_neutral,2,22,8,1,5,67.0,8.0,34.0,66.0
29,length8_neutral,2,23,8,8,30,8.0,30.0,59.0,32.0
29,length8_neutral,2,24,8,3,9,8.0,50.0,88.0,47.0
29,length8_neutral,2,25,8,8,28,10.0,8.0,27.0,33.0
29,length8_neutral,2,26,8,2,8,61.0,98.0,9.0,73.0
29,length8_neutral,2,27,8,6,15,62.0,72.0,16.0,4.0
29,length8_neutral,2,28,8,1,26,63.0,79.0,32.0,8.0
29,length8_neutral,2,29,8,1,11,92.0,8.0,20.0,75.0
29,length8_neutral,2,30,8,1,27,94.0,62.0,84.0,37.0
29,length8_neutral,2,31,8,2,31,94.0,87.0,24.0,12.0
29,length8_neutral,2,32,8,2,32,45.0,80.0,19.0,64.0
29,length8_neutral,2,33,8,8,21,77.0,66.0,91.0,36.0
29,length8_neutral,2,34,8,5,35,28.0,62.0,65.0,57.0
29,length8_neutral,2,35,8,3,17,7.0,39.0,73.0,35.0
29,length8_neutral,2,36,8,3,40,5.0,75.0,64.0,20.0
29,length8_neutral,2,37,8,6,1,2.0,49.0,12.0,5.0
29,length8_neutral,2,38,8,8,38,95.0,10.0,64.0,84.0
29,length8_neutral,2,39,8,1,25,93.0,5.0,57.0,61.0
29,length8_neutral,2,40,8,3,22,83.0,52.0,96.0,53.0
29,length8_plentiful,3,1,8,5,20,50.0,44.0,45.0,43.0
29,length8_plentiful,3,2,8,8,12,51.0,62.0,93.0,33.0
29,length8_plentiful,3,3,8,4,19,27.0,36.0,79.0,81.0
29,length8_plentiful,3,4,8,4,4,79.0,40.0,37.0,95.0
29,length8_plentiful,3,5,8,6,33,80.0,66.0,70.0,84.0
29,length8_plentiful,3,6,8,7,18,57.0,72.0,63.0,58.0
29,length8_plentiful,3,7,8,1,16,80.0,73.0,61.0,77.0
29,length8_plentiful,3,8,8,1,6,88.0,75.0,80.0,82.0
29,length8_plentiful,3,9,8,7,3,31.0,89.0,67.0,86.0
29,length8_plentiful,3,10,8,4,14,84.0,32.0,59.0,89.0
29,length8_plentiful,3,11,8,2,2,78.0,97.0,53.0,55.0
29,length8_plentiful,3,12,8,3,34,30.0,52.0,54.0,60.0
29,length8_plentiful,3,13,8,2,7,69.0,85.0,44.0,93.0
29,length8_plentiful,3,14,8,8,24,49.0,57.0,62.0,73.0
29,length8_plentiful,3,15,8,1,23,82.0,86.0,52.0,87.0
29,length8_plentiful,3,16,8,1,36,94.0,51.0,79.0,78.0
29,length8_plentiful,3,17,8,1,39,93.0,94.0,26.0,54.0
29,length8_plentiful,3,18,8,1,29,91.0,35.0,56.0,87.0
29,length8_plentiful,3,19,8,1,13,71.0,80.0,36.0,31.0
29,length8_plentiful,3,20,8,4,10,70.0,63.0,53.0,91.0
29,length8_plentiful,3,21,8,1,37,82.0,80.0,18.0,56.0
29,length8_plentiful,3,22,8,4,5,75.0,35.0,79.0,89.0
29,length8_plentiful,3,23,8,5,30,68.0,38.0,35.0,69.0
29,length8_plentiful,3,24,8,4,9,43.0,66.0,74.0,80.0
29,length8_plentiful,3,25,8,3,28,57.0,71.0,97.0,81.0
29,length8_plentiful,3,26,8,8,8,79.0,61.0,62.0,90.0
29,length8_plentiful,3,27,8,8,15,49.0,73.0,57.0,58.0
29,length8_plentiful,3,28,8,3,26,49.0,38.0,81.0,69.0
29,length8_plentiful,3,29,8,5,11,54.0,78.0,52.0,65.0
29,length8_plentiful,3,30,8,5,27,41.0,69.0,63.0,55.0
29,length8_plentiful,3,31,8,2,31,59.0,85.0,46.0,78.0
29,length8_plentiful,3,32,8,1,32,93.0,85.0,92.0,62.0
29,length8_plentiful,3,33,8,3,21,65.0,69.0,88.0,42.0
29,length8_plentiful,3,34,8,5,35,68.0,48.0,71.0,45.0
29,length8_plentiful,3,35,8,4,17,64.0,57.0,75.0,76.0
29,length8_plentiful,3,36,8,8,40,72.0,52.0,49.0,61.0
29,length8_plentiful,3,37,8,8,1,86.0,64.0,24.0,52.0
29,length8_plentiful,3,38,8,4,38,41.0,59.0,25.0,75.0
29,length8_plentiful,3,39,8,2,25,52.0,76.0,67.0,55.0
29,length8_plentiful,3,40,8,2,22,63.0,86.0,82.0,55.0
30,length4_neutral,0,1,4,4,8,49.0,39.0,25.0,81.0
30,length4_neutral,0,2,4,1,39,98.0,93.0,67.0,39.0
30,length4_neutral,0,3,4,3,6,52.0,1.0,85.0,50.0
30,length4_neutral,0,4,4,4,21,63.0,21.0,43.0,28.0
30,length4_neutral,0,5,4,2,32,3.0,93.0,67.0,77.0
30,length4_neutral,0,6,4,4,13,5.0,60.0,53.0,36.0
30,length4_neutral,0,7,4,2,17,12.0,91.0,36.0,95.0
30,length4_neutral,0,8,4,3,25,23.0,40.0,86.0,5.0
30,length4_neutral,0,9,4,2,34,56.0,72.0,22.0,25.0
30,length4_neutral,0,10,4,1,18,81.0,96.0,83.0,71.0
30,length4_neutral,0,11,4,2,16,11.0,98.0,61.0,64.0
30,length4_neutral,0,12,4,3,14,17.0,62.0,80.0,7.0
30,length4_neutral,0,13,4,3,35,42.0,36.0,91.0,16.0
30,length4_neutral,0,14,4,2,7,42.0,80.0,70.0,63.0
30,length4_neutral,0,15,4,4,4,3.0,28.0,25.0,84.0
30,length4_neutral,0,16,4,3,26,35.0,9.0,91.0,24.0
30,length4_neutral,0,17,4,4,40,22.0,26.0,24.0,21.0
30,length4_neutral,0,18,4,1,36,87.0,12.0,50.0,55.0
30,length4_neutral,0,19,4,4,30,36.0,7.0,15.0,44.0
30,length4_neutral,0,20,4,4,11,67.0,63.0,7.0,30.0
30,length4_neutral,0,21,4,2,20,62.0,81.0,72.0,61.0
30,length4_neutral,0,22,4,4,24,64.0,62.0,19.0,48.0
30,length4_neutral,0,23,4,1,38,79.0,69.0,97.0,43.0
30,length4_neutral,0,24,4,4,5,46.0,42.0,6.0,26.0
30,length4_neutral,0,25,4,1,3,62.0,9.0,70.0,94.0
30,length4_neutral,0,26,4,1,31,90.0,54.0,87.0,84.0
30,length4_neutral,0,27,4,4,23,74.0,75.0,43.0,78.0
30,length4_neutral,0,28,4,1,27,85.0,76.0,22.0,16.0
30,length4_neutral,0,29,4,4,19,56.0,34.0,22.0,64.0
30,length4_neutral,0,30,4,1,9,91.0,33.0,54.0,42.0
30,length4_neutral,0,31,4,3,12,50.0,69.0,72.0,20.0
30,length4_neutral,0,32,4,4,22,60.0,57.0,22.0,46.0
30,length4_neutral,0,33,4,3,28,10.0,37.0,84.0,36.0
30,length4_neutral,0,34,4,2,10,22.0,80.0,19.0,2.0
30,length4_neutral,0,35,4,2,33,35.0,86.0,84.0,77.0
30,length4_neutral,0,36,4,1,37,81.0,93.0,69.0,11.0
30,length4_neutral,0,37,4,4,15,67.0,27.0,37.0,45.0
30,length4_neutral,0,38,4,4,2,39.0,59.0,67.0,42.0
30,length4_neutral,0,39,4,4,1,7.0,35.0,27.0,3.0
30,length4_neutral,0,40,4,3,29,42.0,9.0,95.0,26.0
30,length4_plentiful,1,1,4,4,8,76.0,63.0,60.0,79.0
30,length4_plentiful,1,2,4,1,39,88.0,62.0,84.0,73.0
30,length4_plentiful,1,3,4,4,6,69.0,76.0,65.0,90.0
30,length4_plentiful,1,4,4,3,21,39.0,61.0,64.0,54.0
30,length4_plentiful,1,5,4,4,32,72.0,57.0,18.0,71.0
30,length4_plentiful,1,6,4,4,13,63.0,29.0,60.0,75.0
30,length4_plentiful,1,7,4,3,17,60.0,71.0,84.0,81.0
30,length4_plentiful,1,8,4,1,25,95.0,52.0,59.0,36.0
30,length4_plentiful,1,9,4,4,34,17.0,65.0,44.0,96.0
30,length4_plentiful,1,10,4,4,18,72.0,38.0,62.0,86.0
30,length4_plentiful,1,11,4,3,16,70.0,76.0,91.0,82.0
30,length4_plentiful,1,12,4,2,14,68.0,90.0,59.0,60.0
30,length4_plentiful,1,13,4,1,35,68.0,38.0,33.0,47.0
30,length4_plentiful,1,14,4,1,7,83.0,79.0,84.0,66.0
30,length4_plentiful,1,15,4,4,4,60.0,59.0,35.0,67.0
30,length4_plentiful,1,16,4,2,26,54.0,68.0,72.0,89.0
30,length4_plentiful,1,17,4,1,40,93.0,55.0,62.0,57.0
30,length4_plentiful,1,18,4,1,36,85.0,87.0,71.0,48.0
30,length4_plentiful,1,19,4,1,30,90.0,79.0,72.0,89.0
30,length4_plentiful,1,20,4,3,11,73.0,74.0,87.0,55.0
30,length4_plentiful,1,21,4,4,20,59.0,66.0,72.0,76.0
30,length4_plentiful,1,22,4,1,24,97.0,80.0,69.0,43.0
30,length4_plentiful,1,23,4,4,38,68.0,42.0,33.0,92.0
30,length4_plentiful,1,24,4,3,5,54.0,44.0,88.0,87.0
30,length4_plentiful,1,25,4,3,3,39.0,64.0,68.0,57.0
30,length4_plentiful,1,26,4,1,31,74.0,79.0,68.0,66.0
30,length4_plentiful,1,27,4,1,23,83.0,64.0,85.0,97.0
30,length4_plentiful,1,28,4,4,27,76.0,39.0,35.0,72.0
30,length4_plentiful,1,29,4,2,19,62.0,88.0,77.0,71.0
30,length4_plentiful,1,30,4,4,9,57.0,77.0,72.0,85.0
30,length4_plentiful,1,31,4,2,12,65.0,87.0,48.0,77.0
30,length4_plentiful,1,32,4,3,22,51.0,52.0,66.0,84.0
30,length4_plentiful,1,33,4,1,28,89.0,87.0,85.0,49.0
30,length4_plentiful,1,34,4,4,10,79.0,57.0,61.0,74.0
30,length4_plentiful,1,35,4,4,33,73.0,70.0,50.0,88.0
30,length4_plentiful,1,36,4,1,37,76.0,74.0,95.0,89.0
30,length4_plentiful,1,37,4,1,15,91.0,60.0,80.0,79.0
30,length4_plentiful,1,38,4,1,2,82.0,43.0,78.0,58.0
30,length4_plentiful,1,39,4,3,1,75.0,81.0,90.0,92.0
30,length4_plentiful,1,40,4,3,29,71.0,61.0,74.0,84.0
30,length8_neutral,2,1,8,5,8,56.0,15.0,66.0,36.0
30,length8_neutral,2,2,8,6,39,22.0,60.0,87.0,84.0
30,length8_neutral,2,3,8,8,6,63.0,74.0,38.0,46.0
30,length8_neutral,2,4,8,3,21,21.0,42.0,84.0,66.0
30,length8_neutral,2,5,8,1,32,93.0,3.0,8.0,59.0
30,length8_neutral,2,6,8,8,13,39.0,56.0,6.0,13.0
30,length8_neutral,2,7,8,3,17,37.0,60.0,82.0,84.0
30,length8_neutral,2,8,8,3,25,77.0,19.0,97.0,65.0
30,length8_neutral,2,9,8,8,34,14.0,26.0,59.0,37.0
30,length8_neutral,2,10,8,4,18,26.0,21.0,50.0,97.0
30,length8_neutral,2,11,8,3,16,58.0,2.0,87.0,9.0
30,length8_neutral,2,12,8,3,14,31.0,81.0,84.0,16.0
30,length8_neutral,2,13,8,7,35,28.0,24.0,62.0,55.0
30,length8_neutral,2,14,8,8,7,81.0,36.0,74.0,79.0
30,length8_neutral,2,15,8,1,4,85.0,12.0,40.0,50.0
30,length8_neutral,2,16,8,1,26,88.0,45.0,7.0,44.0
30,length8_neutral,2,17,8,2,40,42.0,98.0,63.0,28.0
30,length8_neutral,2,18,8,4,36,41.0,44.0,81.0,91.0
30,length8_neutral,2,19,8,4,30,49.0,63.0,15.0,81.0
30,length8_neutral,2,20,8,8,11,77.0,51.0,10.0,37.0
30,length8_neutral,2,21,8,1,20,87.0,95.0,62.0,79.0
30,length8_neutral,2,22,8,5,24,67.0,8.0,34.0,66.0
30,length8_neutral,2,23,8,8,38,8.0,30.0,59.0,32.0
30,length8_neutral,2,24,8,3,5,8.0,50.0,88.0,47.0
30,length8_neutral,2,25,8,7,3,10.0,8.0,27.0,33.0
30,length8_neutral,2,26,8,2,31,61.0,98.0,9.0,73.0
30,length8_neutral,2,27,8,6,23,62.0,72.0,16.0,4.0
30,length8_neutral,2,28,8,8,27,63.0,79.0,32.0,8.0
30,length8_neutral,2,29,8,1,19,92.0,8.0,20.0,75.0
30,length8_neutral,2,30,8,1,9,94.0,62.0,84.0,37.0
30,length8_neutral,2,31,8,1,12,94.0,87.0,24.0,12.0
30,length8_neutral,2,32,8,8,22,45.0,80.0,19.0,64.0
30,length8_neutral,2,33,8,3,28,77.0,66.0,91.0,36.0
30,length8_neutral,2,34,8,5,10,28.0,62.0,65.0,57.0
30,length8_neutral,2,35,8,8,33,7.0,39.0,73.0,35.0
30,length8_neutral,2,36,8,5,37,5.0,75.0,64.0,20.0
30,length8_neutral,2,37,8,6,15,2.0,49.0,12.0,5.0
30,length8_neutral,2,38,8,1,2,95.0,10.0,64.0,84.0
30,length8_neutral,2,39,8,1,1,93.0,5.0,57.0,61.0
30,length8_neutral,2,40,8,3,29,83.0,52.0,96.0,53.0
30,length8_plentiful,3,1,8,5,8,50.0,44.0,45.0,43.0
30,length8_plentiful,3,2,8,3,39,51.0,62.0,93.0,33.0
30,length8_plentiful,3,3,8,4,6,27.0,36.0,79.0,81.0
30,length8_plentiful,3,4,8,4,21,79.0,40.0,37.0,95.0
30,length8_plentiful,3,5,8,1,32,80.0,66.0,70.0,84.0
30,length8_plentiful,3,6,8,6,13,57.0,72.0,63.0,58.0
30,length8_plentiful,3,7,8,5,17,80.0,73.0,61.0,77.0
30,length8_plentiful,3,8,8,6,25,88.0,75.0,80.0,82.0
30,length8_plentiful,3,9,8,2,34,31.0,89.0,67.0,86.0
30,length8_plentiful,3,10,8,4,18,84.0,32.0,59.0,89.0
30,length8_plentiful,3,11,8,2,16,78.0,97.0,53.0,55.0
30,length8_plentiful,3,12,8,5,14,30.0,52.0,54.0,60.0
30,length8_plentiful,3,13,8,2,35,69.0,85.0,44.0,93.0
30,length8_plentiful,3,14,8,8,7,49.0,57.0,62.0,73.0
30,length8_plentiful,3,15,8,4,4,82.0,86.0,52.0,87.0
30,length8_plentiful,3,16,8,1,26,94.0,51.0,79.0,78.0
30,length8_plentiful,3,17,8,1,40,93.0,94.0,26.0,54.0
30,length8_plentiful,3,18,8,1,36,91.0,35.0,56.0,87.0
30,length8_plentiful,3,19,8,6,30,71.0,80.0,36.0,31.0
30,length8_plentiful,3,20,8,4,11,70.0,63.0,53.0,91.0
30,length8_plentiful,3,21,8,8,20,82.0,80.0,18.0,56.0
30,length8_plentiful,3,22,8,4,24,75.0,35.0,79.0,89.0
30,length8_plentiful,3,23,8,5,38,68.0,38.0,35.0,69.0
30,length8_plentiful,3,24,8,4,5,43.0,66.0,74.0,80.0
30,length8_plentiful,3,25,8,3,3,57.0,71.0,97.0,81.0
30,length8_plentiful,3,26,8,4,31,79.0,61.0,62.0,90.0
30,length8_plentiful,3,27,8,8,23,49.0,73.0,57.0,58.0
30,length8_plentiful,3,28,8,6,27,49.0,38.0,81.0,69.0
30,length8_plentiful,3,29,8,5,19,54.0,78.0,52.0,65.0
30,length8_plentiful,3,30,8,5,9,41.0,69.0,63.0,55.0
30,length8_plentiful,3,31,8,2,12,59.0,85.0,46.0,78.0
30,length8_plentiful,3,32,8,1,22,93.0,85.0,92.0,62.0
30,length8_plentiful,3,33,8,3,28,65.0,69.0,88.0,42.0
30,length8_plentiful,3,34,8,6,10,68.0,48.0,71.0,45.0
30,length8_plentiful,3,35,8,4,33,64.0,57.0,75.0,76.0
30,length8_plentiful,3,36,8,6,37,72.0,52.0,49.0,61.0
30,length8_plentiful,3,37,8,8,15,86.0,64.0,24.0,52.0
30,length8_plentiful,3,38,8,4,2,41.0,59.0,25.0,75.0
30,length8_plentiful,3,39,8,5,1,52.0,76.0,67.0,55.0
30,length8_plentiful,3,40,8,2,29,63.0,86.0,82.0,55.0
31,length4_neutral,0,1,4,3,31,95.0,66.0,15.0,13.0
31,length4_neutral,0,2,4,2,3,38.0,9.0,73.0,48.0
31,length4_neutral,0,3,4,3,15,51.0,77.0,12.0,2.0
31,length4_neutral,0,4,4,2,26,7.0,82.0,11.0,32.0
31,length4_neutral,0,5,4,2,11,16.0,84.0,17.0,89.0
31,length4_neutral,0,6,4,2,2,42.0,7.0,96.0,56.0
31,length4_neutral,0,7,4,2,21,75.0,29.0,37.0,26.0
31,length4_neutral,0,8,4,3,9,90.0,79.0,69.0,31.0
31,length4_neutral,0,9,4,2,40,4.0,10.0,13.0,8.0
31,length4_neutral,0,10,4,3,4,94.0,60.0,86.0,11.0
31,length4_neutral,0,11,4,2,30,95.0,10.0,97.0,77.0
31,length4_neutral,0,12,4,3,23,53.0,42.0,11.0,60.0
31,length4_neutral,0,13,4,2,33,72.0,83.0,90.0,94.0
31,length4_neutral,0,14,4,2,39,39.0,45.0,59.0,20.0
31,length4_neutral,0,15,4,2,12,84.0,98.0,24.0,26.0
31,length4_neutral,0,16,4,2,34,95.0,37.0,42.0,11.0
31,length4_neutral,0,17,4,2,18,9.0,89.0,1.0,12.0
31,length4_neutral,0,18,4,2,5,18.0,67.0,34.0,41.0
31,length4_neutral,0,19,4,2,24,7.0,19.0,67.0,1.0
31,length4_neutral,0,20,4,2,7,44.0,81.0,34.0,28.0
31,length4_neutral,0,21,4,2,10,19.0,61.0,91.0,40.0
31,length4_neutral,0,22,4,1,32,37.0,46.0,87.0,15.0
31,length4_neutral,0,23,4,2,8,9.0,62.0,2.0,36.0
31,length4_neutral,0,24,4,1,14,72.0,93.0,84.0,17.0
31,length4_neutral,0,25,4,2,19,49.0,75.0,71.0,13.0
31,length4_neutral,0,26,4,3,27,93.0,79.0,18.0,97.0
31,length4_neutral,0,27,4,2,13,88.0,70.0,72.0,52.0
31,length4_neutral,0,28,4,1,22,21.0,22.0,59.0,61.0
31,length4_neutral,0,29,4,3,35,83.0,7.0,13.0,96.0
31,length4_neutral,0,30,4,2,37,47.0,92.0,62.0,32.0
31,length4_neutral,0,31,4,2,25,5.0,4.0,68.0,52.0
31,length4_neutral,0,32,4,2,1,5.0,36.0,90.0,50.0
31,length4_neutral,0,33,4,2,20,86.0,92.0,15.0,12.0
31,length4_neutral,0,34,4,1,36,79.0,29.0,65.0,58.0
31,length4_neutral,0,35,4,3,28,7.0,21.0,54.0,40.0
31,length4_neutral,0,36,4,2,29,23.0,81.0,71.0,46.0
31,length4_neutral,0,37,4,1,6,25.0,88.0,13.0,79.0
31,length4_neutral,0,38,4,1,17,18.0,59.0,31.0,52.0
31,length4_neutral,0,39,4,2,16,9.0,42.0,53.0,25.0
31,length4_neutral,0,40,4,2,38,79.0,29.0,38.0,12.0
31,length4_plentiful,1,1,4,3,31,80.0,57.0,26.0,63.0
31,length4_plentiful,1,2,4,2,3,59.0,69.0,71.0,55.0
31,length4_plentiful,1,3,4,2,15,70.0,69.0,61.0,43.0
31,length4_plentiful,1,4,4,2,26,64.0,94.0,71.0,90.0
31,length4_plentiful,1,5,4,2,11,60.0,46.0,81.0,66.0
31,length4_plentiful,1,6,4,4,2,58.0,64.0,87.0,53.0
31,length4_plentiful,1,7,4,1,21,61.0,77.0,46.0,64.0
31,length4_plentiful,1,8,4,2,9,26.0,89.0,69.0,48.0
31,length4_plentiful,1,9,4,2,40,52.0,86.0,76.0,93.0
31,length4_plentiful,1,10,4,2,4,88.0,64.0,83.0,41.0
31,length4_plentiful,1,11,4,2,30,80.0,57.0,55.0,89.0
31,length4_plentiful,1,12,4,2,23,79.0,82.0,97.0,62.0
31,length4_plentiful,1,13,4,1,33,97.0,63.0,69.0,68.0
31,length4_plentiful,1,14,4,2,39,59.0,55.0,47.0,77.0
31,length4_plentiful,1,15,4,3,12,52.0,53.0,90.0,62.0
31,length4_plentiful,1,16,4,2,34,46.0,85.0,55.0,87.0
31,length4_plentiful,1,17,4,2,18,65.0,86.0,48.0,59.0
31,length4_plentiful,1,18,4,2,5,56.0,51.0,50.0,89.0
31,length4_plentiful,1,19,4,2,24,85.0,39.0,50.0,53.0
31,length4_plentiful,1,20,4,1,7,52.0,64.0,56.0,81.0
31,length4_plentiful,1,21,4,2,10,68.0,88.0,84.0,49.0
31,length4_plentiful,1,22,4,2,32,85.0,65.0,80.0,78.0
31,length4_plentiful,1,23,4,2,8,89.0,52.0,80.0,55.0
31,length4_plentiful,1,24,4,2,14,81.0,73.0,66.0,80.0
31,length4_plentiful,1,25,4,4,19,44.0,84.0,89.0,69.0
31,length4_plentiful,1,26,4,2,27,76.0,51.0,82.0,64.0
31,length4_plentiful,1,27,4,2,13,36.0,43.0,79.0,76.0
31,length4_plentiful,1,28,4,1,22,32.0,66.0,63.0,95.0
31,length4_plentiful,1,29,4,1,35,96.0,82.0,85.0,93.0
31,length4_plentiful,1,30,4,2,37,64.0,39.0,84.0,82.0
31,length4_plentiful,1,31,4,1,25,90.0,81.0,61.0,39.0
31,length4_plentiful,1,32,4,2,1,77.0,23.0,47.0,26.0
31,length4_plentiful,1,33,4,1,20,83.0,73.0,71.0,62.0
31,length4_plentiful,1,34,4,1,36,61.0,30.0,49.0,91.0
31,length4_plentiful,1,35,4,2,28,77.0,63.0,75.0,79.0
31,length4_plentiful,1,36,4,4,29,73.0,78.0,56.0,22.0
31,length4_plentiful,1,37,4,3,6,75.0,79.0,56.0,86.0
31,length4_plentiful,1,38,4,2,17,94.0,81.0,68.0,47.0
31,length4_plentiful,1,39,4,2,16,54.0,72.0,18.0,57.0
31,length4_plentiful,1,40,4,1,38,67.0,53.0,59.0,49.0
31,length8_neutral,2,1,8,2,31,35.0,77.0,15.0,1.0
31,length8_neutral,2,2,8,1,3,4.0,89.0,77.0,93.0
31,length8_neutral,2,3,8,1,15,71.0,77.0,83.0,22.0
31,length8_neutral,2,4,8,5,26,68.0,82.0,63.0,93.0
31,length8_neutral,2,5,8,2,11,26.0,4.0,39.0,14.0
31,length8_neutral,2,6,8,2,2,43.0,63.0,21.0,86.0
31,length8_neutral,2,7,8,2,21,88.0,26.0,31.0,78.0
31,length8_neutral,2,8,8,3,9,83.0,92.0,49.0,43.0
31,length8_neutral,2,9,8,3,40,76.0,31.0,21.0,16.0
31,length8_neutral,2,10,8,3,4,22.0,79.0,32.0,2.0
31,length8_neutral,2,11,8,4,30,1.0,85.0,89.0,24.0
31,length8_neutral,2,12,8,3,23,46.0,19.0,45.0,4.0
31,length8_neutral,2,13,8,2,33,64.0,42.0,83.0,7.0
31,length8_neutral,2,14,8,2,39,77.0,82.0,29.0,34.0
31,length8_neutral,2,15,8,2,12,73.0,14.0,13.0,90.0
31,length8_neutral,2,16,8,2,34,61.0,12.0,10.0,48.0
31,length8_neutral,2,17,8,2,18,46.0,43.0,51.0,6.0
31,length8_neutral,2,18,8,3,5,97.0,35.0,57.0,80.0
31,length8_neutral,2,19,8,2,24,30.0,62.0,45.0,46.0
31,length8_neutral,2,20,8,2,7,76.0,60.0,51.0,73.0
31,length8_neutral,2,21,8,4,10,13.0,12.0,15.0,83.0
31,length8_neutral,2,22,8,2,32,51.0,89.0,25.0,88.0
31,length8_neutral,2,23,8,3,8,80.0,40.0,83.0,57.0
31,length8_neutral,2,24,8,2,14,25.0,17.0,12.0,23.0
31,length8_neutral,2,25,8,3,19,16.0,48.0,56.0,79.0
31,length8_neutral,2,26,8,5,27,92.0,41.0,87.0,86.0
31,length8_neutral,2,27,8,2,13,7.0,55.0,96.0,23.0
31,length8_neutral,2,28,8,2,22,73.0,53.0,94.0,29.0
31,length8_neutral,2,29,8,2,35,94.0,87.0,35.0,57.0
31,length8_neutral,2,30,8,2,37,31.0,62.0,38.0,36.0
31,length8_neutral,2,31,8,2,25,52.0,1.0,65.0,96.0
31,length8_neutral,2,32,8,4,1,20.0,76.0,30.0,72.0
31,length8_neutral,2,33,8,2,20,31.0,67.0,45.0,8.0
31,length8_neutral,2,34,8,2,36,41.0,18.0,13.0,49.0
31,length8_neutral,2,35,8,2,28,93.0,53.0,59.0,67.0
31,length8_neutral,2,36,8,1,29,75.0,62.0,74.0,93.0
31,length8_neutral,2,37,8,2,6,94.0,77.0,85.0,11.0
31,length8_neutral,2,38,8,3,17,12.0,55.0,31.0,30.0
31,length8_neutral,2,39,8,2,16,72.0,62.0,33.0,45.0
31,length8_neutral,2,40,8,2,38,86.0,7.0,77.0,50.0
31,length8_plentiful,3,1,8,1,31,50.0,69.0,73.0,92.0
31,length8_plentiful,3,2,8,1,3,63.0,68.0,66.0,74.0
31,length8_plentiful,3,3,8,3,15,70.0,89.0,85.0,42.0
31,length8_plentiful,3,4,8,1,26,84.0,88.0,68.0,91.0
31,length8_plentiful,3,5,8,1,11,61.0,28.0,82.0,57.0
31,length8_plentiful,3,6,8,3,2,62.0,68.0,58.0,57.0
31,length8_plentiful,3,7,8,2,21,87.0,42.0,75.0,68.0
31,length8_plentiful,3,8,8,2,9,82.0,76.0,87.0,53.0
31,length8_plentiful,3,9,8,2,40,66.0,70.0,54.0,59.0
31,length8_plentiful,3,10,8,2,4,65.0,43.0,30.0,81.0
31,length8_plentiful,3,11,8,2,30,67.0,89.0,96.0,58.0
31,length8_plentiful,3,12,8,2,23,67.0,68.0,98.0,84.0
31,length8_plentiful,3,13,8,2,33,88.0,56.0,79.0,75.0
31,length8_plentiful,3,14,8,2,39,50.0,44.0,69.0,63.0
31,length8_plentiful,3,15,8,2,12,49.0,36.0,78.0,30.0
31,length8_plentiful,3,16,8,2,34,54.0,58.0,45.0,69.0
31,length8_plentiful,3,17,8,3,18,76.0,84.0,85.0,94.0
31,length8_plentiful,3,18,8,1,5,62.0,64.0,87.0,79.0
31,length8_plentiful,3,19,8,2,24,65.0,62.0,89.0,49.0
31,length8_plentiful,3,20,8,2,7,44.0,63.0,70.0,68.0
31,length8_plentiful,3,21,8,2,10,90.0,72.0,87.0,69.0
31,length8_plentiful,3,22,8,3,32,35.0,86.0,87.0,65.0
31,length8_plentiful,3,23,8,2,8,80.0,52.0,35.0,30.0
31,length8_plentiful,3,24,8,4,14,54.0,94.0,33.0,70.0
31,length8_plentiful,3,25,8,2,19,78.0,52.0,74.0,77.0
31,length8_plentiful,3,26,8,1,27,30.0,68.0,93.0,70.0
31,length8_plentiful,3,27,8,2,13,78.0,49.0,63.0,72.0
31,length8_plentiful,3,28,8,2,22,57.0,46.0,90.0,36.0
31,length8_plentiful,3,29,8,2,35,81.0,78.0,44.0,63.0
31,length8_plentiful,3,30,8,1,37,60.0,45.0,88.0,70.0
31,length8_plentiful,3,31,8,1,25,59.0,74.0,62.0,70.0
31,length8_plentiful,3,32,8,3,1,66.0,79.0,46.0,56.0
31,length8_plentiful,3,33,8,3,20,43.0,78.0,87.0,89.0
31,length8_plentiful,3,34,8,2,36,71.0,64.0,85.0,70.0
31,length8_plentiful,3,35,8,2,28,75.0,89.0,67.0,87.0
31,length8_plentiful,3,36,8,3,29,82.0,68.0,76.0,79.0
31,length8_plentiful,3,37,8,2,6,89.0,58.0,75.0,95.0
31,length8_plentiful,3,38,8,2,17,73.0,74.0,78.0,52.0
31,length8_plentiful,3,39,8,2,16,35.0,45.0,74.0,72.0
31,length8_plentiful,3,40,8,2,38,80.0,70.0,69.0,89.0
32,length4_neutral,0,1,4,1,14,95.0,66.0,15.0,13.0
32,length4_neutral,0,2,4,4,35,38.0,9.0,73.0,48.0
32,length4_neutral,0,3,4,3,25,51.0,77.0,12.0,2.0
32,length4_neutral,0,4,4,1,33,7.0,82.0,11.0,32.0
32,length4_neutral,0,5,4,1,16,16.0,84.0,17.0,89.0
32,length4_neutral,0,6,4,3,39,42.0,7.0,96.0,56.0
32,length4_neutral,0,7,4,1,2,75.0,29.0,37.0,26.0
32,length4_neutral,0,8,4,1,11,90.0,79.0,69.0,31.0
32,length4_neutral,0,9,4,1,32,4.0,10.0,13.0,8.0
32,length4_neutral,0,10,4,1,6,94.0,60.0,86.0,11.0
32,length4_neutral,0,11,4,4,10,95.0,10.0,97.0,77.0
32,length4_neutral,0,12,4,1,29,53.0,42.0,11.0,60.0
32,length4_neutral,0,13,4,4,9,72.0,83.0,90.0,94.0
32,length4_neutral,0,14,4,2,12,39.0,45.0,59.0,20.0
32,length4_neutral,0,15,4,3,31,84.0,98.0,24.0,26.0
32,length4_neutral,0,16,4,1,8,95.0,37.0,42.0,11.0
32,length4_neutral,0,17,4,1,37,9.0,89.0,1.0,12.0
32,length4_neutral,0,18,4,1,28,18.0,67.0,34.0,41.0
32,length4_neutral,0,19,4,1,18,7.0,19.0,67.0,1.0
32,length4_neutral,0,20,4,1,15,44.0,81.0,34.0,28.0
32,length4_neutral,0,21,4,1,40,19.0,61.0,91.0,40.0
32,length4_neutral,0,22,4,1,3,37.0,46.0,87.0,15.0
32,length4_neutral,0,23,4,1,13,9.0,62.0,2.0,36.0
32,length4_neutral,0,24,4,1,7,72.0,93.0,84.0,17.0
32,length4_neutral,0,25,4,4,19,49.0,75.0,71.0,13.0
32,length4_neutral,0,26,4,1,38,93.0,79.0,18.0,97.0
32,length4_neutral,0,27,4,1,5,88.0,70.0,72.0,52.0
32,length4_neutral,0,28,4,4,21,21.0,22.0,59.0,61.0
32,length4_neutral,0,29,4,1,36,83.0,7.0,13.0,96.0
32,length4_neutral,0,30,4,1,23,47.0,92.0,62.0,32.0
32,length4_neutral,0,31,4,1,20,5.0,4.0,68.0,52.0
32,length4_neutral,0,32,4,4,1,5.0,36.0,90.0,50.0
32,length4_neutral,0,33,4,4,17,86.0,92.0,15.0,12.0
32,length4_neutral,0,34,4,1,24,79.0,29.0,65.0,58.0
32,length4_neutral,0,35,4,1,27,7.0,21.0,54.0,40.0
32,length4_neutral,0,36,4,1,26,23.0,81.0,71.0,46.0
32,length4_neutral,0,37,4,1,4,25.0,88.0,13.0,79.0
32,length4_neutral,0,38,4,1,22,18.0,59.0,31.0,52.0
32,length4_neutral,0,39,4,3,34,9.0,42.0,53.0,25.0
32,length4_neutral,0,40,4,1,30,79.0,29.0,38.0,12.0
32,length4_plentiful,1,1,4,4,14,80.0,57.0,26.0,63.0
32,length4_plentiful,1,2,4,1,35,59.0,69.0,71.0,55.0
32,length4_plentiful,1,3,4,1,25,70.0,69.0,61.0,43.0
32,length4_plentiful,1,4,4,1,33,64.0,94.0,71.0,90.0
32,length4_plentiful,1,5,4,1,16,60.0,46.0,81.0,66.0
32,length4_plentiful,1,6,4,1,39,58.0,64.0,87.0,53.0
32,length4_plentiful,1,7,4,1,2,61.0,77.0,46.0,64.0
32,length4_plentiful,1,8,4,1,11,26.0,89.0,69.0,48.0
32,length4_plentiful,1,9,4,2,32,52.0,86.0,76.0,93.0
32,length4_plentiful,1,10,4,1,6,88.0,64.0,83.0,41.0
32,length4_plentiful,1,11,4,2,10,80.0,57.0,55.0,89.0
32,length4_plentiful,1,12,4,3,29,79.0,82.0,97.0,62.0
32,length4_plentiful,1,13,4,1,9,97.0,63.0,69.0,68.0
32,length4_plentiful,1,14,4,4,12,59.0,55.0,47.0,77.0
32,length4_plentiful,1,15,4,4,31,52.0,53.0,90.0,62.0
32,length4_plentiful,1,16,4,2,8,46.0,85.0,55.0,87.0
32,length4_plentiful,1,17,4,1,37,65.0,86.0,48.0,59.0
32,length4_plentiful,1,18,4,4,28,56.0,51.0,50.0,89.0
32,length4_plentiful,1,19,4,1,18,85.0,39.0,50.0,53.0
32,length4_plentiful,1,20,4,1,15,52.0,64.0,56.0,81.0
32,length4_plentiful,1,21,4,1,40,68.0,88.0,84.0,49.0
32,length4_plentiful,1,22,4,1,3,85.0,65.0,80.0,78.0
32,length4_plentiful,1,23,4,1,13,89.0,52.0,80.0,55.0
32,length4_plentiful,1,24,4,4,7,81.0,73.0,66.0,80.0
32,length4_plentiful,1,25,4,4,19,44.0,84.0,89.0,69.0
32,length4_plentiful,1,26,4,2,38,76.0,51.0,82.0,64.0
32,length4_plentiful,1,27,4,4,5,36.0,43.0,79.0,76.0
32,length4_plentiful,1,28,4,4,21,32.0,66.0,63.0,95.0
32,length4_plentiful,1,29,4,1,36,96.0,82.0,85.0,93.0
32,length4_plentiful,1,30,4,1,23,64.0,39.0,84.0,82.0
32,length4_plentiful,1,31,4,4,20,90.0,81.0,61.0,39.0
32,length4_plentiful,1,32,4,1,1,77.0,23.0,47.0,26.0
32,length4_plentiful,1,33,4,3,17,83.0,73.0,71.0,62.0
32,length4_plentiful,1,34,4,4,24,61.0,30.0,49.0,91.0
32,length4_plentiful,1,35,4,4,27,77.0,63.0,75.0,79.0
32,length4_plentiful,1,36,4,4,26,73.0,78.0,56.0,22.0
32,length4_plentiful,1,37,4,2,4,75.0,79.0,56.0,86.0
32,length4_plentiful,1,38,4,1,22,94.0,81.0,68.0,47.0
32,length4_plentiful,1,39,4,4,34,54.0,72.0,18.0,57.0
32,length4_plentiful,1,40,4,1,30,67.0,53.0,59.0,49.0
32,length8_neutral,2,1,8,1,14,35.0,77.0,15.0,1.0
32,length8_neutral,2,2,8,1,35,4.0,89.0,77.0,93.0
32,length8_neutral,2,3,8,1,25,71.0,77.0,83.0,22.0
32,length8_neutral,2,4,8,1,33,68.0,82.0,63.0,93.0
32,length8_neutral,2,5,8,1,16,26.0,4.0,39.0,14.0
32,length8_neutral,2,6,8,1,39,43.0,63.0,21.0,86.0
32,length8_neutral,2,7,8,1,2,88.0,26.0,31.0,78.0
32,length8_neutral,2,8,8,1,11,83.0,92.0,49.0,43.0
32,length8_neutral,2,9,8,2,32,76.0,31.0,21.0,16.0
32,length8_neutral,2,10,8,1,6,22.0,79.0,32.0,2.0
32,length8_neutral,2,11,8,1,10,1.0,85.0,89.0,24.0
32,length8_neutral,2,12,8,1,29,46.0,19.0,45.0,4.0
32,length8_neutral,2,13,8,1,9,64.0,42.0,83.0,7.0
32,length8_neutral,2,14,8,1,12,77.0,82.0,29.0,34.0
32,length8_neutral,2,15,8,1,31,73.0,14.0,13.0,90.0
32,length8_neutral,2,16,8,1,8,61.0,12.0,10.0,48.0
32,length8_neutral,2,17,8,1,37,46.0,43.0,51.0,6.0
32,length8_neutral,2,18,8,1,28,97.0,35.0,57.0,80.0
32,length8_neutral,2,19,8,1,18,30.0,62.0,45.0,46.0
32,length8_neutral,2,20,8,1,15,76.0,60.0,51.0,73.0
32,length8_neutral,2,21,8,1,40,13.0,12.0,15.0,83.0
32,length8_neutral,2,22,8,1,3,51.0,89.0,25.0,88.0
32,length8_neutral,2,23,8,1,13,80.0,40.0,83.0,57.0
32,length8_neutral,2,24,8,1,7,25.0,17.0,12.0,23.0
32,length8_neutral,2,25,8,1,19,16.0,48.0,56.0,79.0
32,length8_neutral,2,26,8,1,38,92.0,41.0,87.0,86.0
32,length8_neutral,2,27,8,1,5,7.0,55.0,96.0,23.0
32,length8_neutral,2,28,8,1,21,73.0,53.0,94.0,29.0
32,length8_neutral,2,29,8,1,36,94.0,87.0,35.0,57.0
32,length8_neutral,2,30,8,1,23,31.0,62.0,38.0,36.0
32,length8_neutral,2,31,8,1,20,52.0,1.0,65.0,96.0
32,length8_neutral,2,32,8,1,1,20.0,76.0,30.0,72.0
32,length8_neutral,2,33,8,1,17,31.0,67.0,45.0,8.0
32,length8_neutral,2,34,8,1,24,41.0,18.0,13.0,49.0
32,length8_neutral,2,35,8,3,27,93.0,53.0,59.0,67.0
32,length8_neutral,2,36,8,1,26,75.0,62.0,74.0,93.0
32,length8_neutral,2,37,8,1,4,94.0,77.0,85.0,11.0
32,length8_neutral,2,38,8,1,22,12.0,55.0,31.0,30.0
32,length8_neutral,2,39,8,1,34,72.0,62.0,33.0,45.0
32,length8_neutral,2,40,8,1,30,86.0,7.0,77.0,50.0
32,length8_plentiful,3,1,8,1,14,50.0,69.0,73.0,92.0
32,length8_plentiful,3,2,8,1,35,63.0,68.0,66.0,74.0
32,length8_plentiful,3,3,8,1,25,70.0,89.0,85.0,42.0
32,length8_plentiful,3,4,8,1,33,84.0,88.0,68.0,91.0
32,length8_plentiful,3,5,8,8,16,61.0,28.0,82.0,57.0
32,length8_plentiful,3,6,8,1,39,62.0,68.0,58.0,57.0
32,length8_plentiful,3,7,8,1,2,87.0,42.0,75.0,68.0
32,length8_plentiful,3,8,8,1,11,82.0,76.0,87.0,53.0
32,length8_plentiful,3,9,8,1,32,66.0,70.0,54.0,59.0
32,length8_plentiful,3,10,8,1,6,65.0,43.0,30.0,81.0
32,length8_plentiful,3,11,8,1,10,67.0,89.0,96.0,58.0
32,length8_plentiful,3,12,8,1,29,67.0,68.0,98.0,84.0
32,length8_plentiful,3,13,8,1,9,88.0,56.0,79.0,75.0
32,length8_plentiful,3,14,8,1,12,50.0,44.0,69.0,63.0
32,length8_plentiful,3,15,8,1,31,49.0,36.0,78.0,30.0
32,length8_plentiful,3,16,8,1,8,54.0,58.0,45.0,69.0
32,length8_plentiful,3,17,8,3,37,76.0,84.0,85.0,94.0
32,length8_plentiful,3,18,8,1,28,62.0,64.0,87.0,79.0
32,length8_plentiful,3,19,8,1,18,65.0,62.0,89.0,49.0
32,length8_plentiful,3,20,8,1,15,44.0,63.0,70.0,68.0
32,length8_plentiful,3,21,8,8,40,90.0,72.0,87.0,69.0
32,length8_plentiful,3,22,8,1,3,35.0,86.0,87.0,65.0
32,length8_plentiful,3,23,8,1,13,80.0,52.0,35.0,30.0
32,length8_plentiful,3,24,8,7,7,54.0,94.0,33.0,70.0
32,length8_plentiful,3,25,8,1,19,78.0,52.0,74.0,77.0
32,length8_plentiful,3,26,8,1,38,30.0,68.0,93.0,70.0
32,length8_plentiful,3,27,8,1,5,78.0,49.0,63.0,72.0
32,length8_plentiful,3,28,8,1,21,57.0,46.0,90.0,36.0
32,length8_plentiful,3,29,8,1,36,81.0,78.0,44.0,63.0
32,length8_plentiful,3,30,8,3,23,60.0,45.0,88.0,70.0
32,length8_plentiful,3,31,8,1,20,59.0,74.0,62.0,70.0
32,length8_plentiful,3,32,8,1,1,66.0,79.0,46.0,56.0
32,length8_plentiful,3,33,8,1,17,43.0,78.0,87.0,89.0
32,length8_plentiful,3,34,8,4,24,71.0,64.0,85.0,70.0
32,length8_plentiful,3,35,8,1,27,75.0,89.0,67.0,87.0
32,length8_plentiful,3,36,8,7,26,82.0,68.0,76.0,79.0
32,length8_plentiful,3,37,8,2,4,89.0,58.0,75.0,95.0
32,length8_plentiful,3,38,8,1,22,73.0,74.0,78.0,52.0
32,length8_plentiful,3,39,8,1,34,35.0,45.0,74.0,72.0
32,length8_plentiful,3,40,8,1,30,80.0,70.0,69.0,89.0
33,length4_neutral,0,1,4,1,14,95.0,66.0,15.0,13.0
33,length4_neutral,0,2,4,3,18,38.0,9.0,73.0,48.0
33,length4_neutral,0,3,4,4,39,51.0,77.0,12.0,2.0
33,length4_neutral,0,4,4,2,17,7.0,82.0,11.0,32.0
33,length4_neutral,0,5,4,4,12,16.0,84.0,17.0,89.0
33,length4_neutral,0,6,4,3,37,42.0,7.0,96.0,56.0
33,length4_neutral,0,7,4,4,1,75.0,29.0,37.0,26.0
33,length4_neutral,0,8,4,1,38,90.0,79.0,69.0,31.0
33,length4_neutral,0,9,4,4,11,4.0,10.0,13.0,8.0
33,length4_neutral,0,10,4,4,30,94.0,60.0,86.0,11.0
33,length4_neutral,0,11,4,1,16,95.0,10.0,97.0,77.0
33,length4_neutral,0,12,4,4,34,53.0,42.0,11.0,60.0
33,length4_neutral,0,13,4,2,31,72.0,83.0,90.0,94.0
33,length4_neutral,0,14,4,4,35,39.0,45.0,59.0,20.0
33,length4_neutral,0,15,4,2,32,84.0,98.0,24.0,26.0
33,length4_neutral,0,16,4,4,19,95.0,37.0,42.0,11.0
33,length4_neutral,0,17,4,2,20,9.0,89.0,1.0,12.0
33,length4_neutral,0,18,4,4,6,18.0,67.0,34.0,41.0
33,length4_neutral,0,19,4,3,13,7.0,19.0,67.0,1.0
33,length4_neutral,0,20,4,2,8,44.0,81.0,34.0,28.0
33,length4_neutral,0,21,4,3,29,19.0,61.0,91.0,40.0
33,length4_neutral,0,22,4,3,7,37.0,46.0,87.0,15.0
33,length4_neutral,0,23,4,4,40,9.0,62.0,2.0,36.0
33,length4_neutral,0,24,4,2,33,72.0,93.0,84.0,17.0
33,length4_neutral,0,25,4,4,15,49.0,75.0,71.0,13.0
33,length4_neutral,0,26,4,1,3,93.0,79.0,18.0,97.0
33,length4_neutral,0,27,4,4,24,88.0,70.0,72.0,52.0
33,length4_neutral,0,28,4,4,2,21.0,22.0,59.0,61.0
33,length4_neutral,0,29,4,4,23,83.0,7.0,13.0,96.0
33,length4_neutral,0,30,4,4,4,47.0,92.0,62.0,32.0
33,length4_neutral,0,31,4,3,21,5.0,4.0,68.0,52.0
33,length4_neutral,0,32,4,3,28,5.0,36.0,90.0,50.0
33,length4_neutral,0,33,4,1,5,86.0,92.0,15.0,12.0
33,length4_neutral,0,34,4,4,25,79.0,29.0,65.0,58.0
33,length4_neutral,0,35,4,3,27,7.0,21.0,54.0,40.0
33,length4_neutral,0,36,4,2,26,23.0,81.0,71.0,46.0
33,length4_neutral,0,37,4,2,10,25.0,88.0,13.0,79.0
33,length4_neutral,0,38,4,4,9,18.0,59.0,31.0,52.0
33,length4_neutral,0,39,4,4,36,9.0,42.0,53.0,25.0
33,length4_neutral,0,40,4,1,22,79.0,29.0,38.0,12.0
33,length4_plentiful,1,1,4,4,14,80.0,57.0,26.0,63.0
33,length4_plentiful,1,2,4,3,18,59.0,69.0,71.0,55.0
33,length4_plentiful,1,3,4,4,39,70.0,69.0,61.0,43.0
33,length4_plentiful,1,4,4,2,17,64.0,94.0,71.0,90.0
33,length4_plentiful,1,5,4,3,12,60.0,46.0,81.0,66.0
33,length4_plentiful,1,6,4,3,37,58.0,64.0,87.0,53.0
33,length4_plentiful,1,7,4,4,1,61.0,77.0,46.0,64.0
33,length4_plentiful,1,8,4,2,38,26.0,89.0,69.0,48.0
33,length4_plentiful,1,9,4,2,11,52.0,86.0,76.0,93.0
33,length4_plentiful,1,10,4,1,30,88.0,64.0,83.0,41.0
33,length4_plentiful,1,11,4,1,16,80.0,57.0,55.0,89.0
33,length4_plentiful,1,12,4,3,34,79.0,82.0,97.0,62.0
33,length4_plentiful,1,13,4,1,31,97.0,63.0,69.0,68.0
33,length4_plentiful,1,14,4,4,35,59.0,55.0,47.0,77.0
33,length4_plentiful,1,15,4,3,32,52.0,53.0,90.0,62.0
33,length4_plentiful,1,16,4,4,19,46.0,85.0,55.0,87.0
33,length4_plentiful,1,17,4,2,20,65.0,86.0,48.0,59.0
33,length4_plentiful,1,18,4,4,6,56.0,51.0,50.0,89.0
33,length4_plentiful,1,19,4,1,13,85.0,39.0,50.0,53.0
33,length4_plentiful,1,20,4,4,8,52.0,64.0,56.0,81.0
33,length4_plentiful,1,21,4,2,29,68.0,88.0,84.0,49.0
33,length4_plentiful,1,22,4,4,7,85.0,65.0,80.0,78.0
33,length4_plentiful,1,23,4,1,40,89.0,52.0,80.0,55.0
33,length4_plentiful,1,24,4,1,33,81.0,73.0,66.0,80.0
33,length4_plentiful,1,25,4,2,15,44.0,84.0,89.0,69.0
33,length4_plentiful,1,26,4,4,3,76.0,51.0,82.0,64.0
33,length4_plentiful,1,27,4,3,24,36.0,43.0,79.0,76.0
33,length4_plentiful,1,28,4,4,2,32.0,66.0,63.0,95.0
33,length4_plentiful,1,29,4,1,23,96.0,82.0,85.0,93.0
33,length4_plentiful,1,30,4,3,4,64.0,39.0,84.0,82.0
33,length4_plentiful,1,31,4,4,21,90.0,81.0,61.0,39.0
33,length4_plentiful,1,32,4,4,28,77.0,23.0,47.0,26.0
33,length4_plentiful,1,33,4,1,5,83.0,73.0,71.0,62.0
33,length4_plentiful,1,34,4,4,25,61.0,30.0,49.0,91.0
33,length4_plentiful,1,35,4,4,27,77.0,63.0,75.0,79.0
33,length4_plentiful,1,36,4,4,26,73.0,78.0,56.0,22.0
33,length4_plentiful,1,37,4,4,10,75.0,79.0,56.0,86.0
33,length4_plentiful,1,38,4,4,9,94.0,81.0,68.0,47.0
33,length4_plentiful,1,39,4,4,36,54.0,72.0,18.0,57.0
33,length4_plentiful,1,40,4,3,22,67.0,53.0,59.0,49.0
33,length8_neutral,2,1,8,7,14,35.0,77.0,15.0,1.0
33,length8_neutral,2,2,8,2,18,4.0,89.0,77.0,93.0
33,length8_neutral,2,3,8,8,39,71.0,77.0,83.0,22.0
33,length8_neutral,2,4,8,4,17,68.0,82.0,63.0,93.0
33,length8_neutral,2,5,8,8,12,26.0,4.0,39.0,14.0
33,length8_neutral,2,6,8,2,37,43.0,63.0,21.0,86.0
33,length8_neutral,2,7,8,8,1,88.0,26.0,31.0,78.0
33,length8_neutral,2,8,8,2,38,83.0,92.0,49.0,43.0
33,length8_neutral,2,9,8,8,11,76.0,31.0,21.0,16.0
33,length8_neutral,2,10,8,5,30,22.0,79.0,32.0,2.0
33,length8_neutral,2,11,8,3,16,1.0,85.0,89.0,24.0
33,length8_neutral,2,12,8,8,34,46.0,19.0,45.0,4.0
33,length8_neutral,2,13,8,3,31,64.0,42.0,83.0,7.0
33,length8_neutral,2,14,8,2,35,77.0,82.0,29.0,34.0
33,length8_neutral,2,15,8,4,32,73.0,14.0,13.0,90.0
33,length8_neutral,2,16,8,8,19,61.0,12.0,10.0,48.0
33,length8_neutral,2,17,8,6,20,46.0,43.0,51.0,6.0
33,length8_neutral,2,18,8,7,6,97.0,35.0,57.0,80.0
33,length8_neutral,2,19,8,8,13,30.0,62.0,45.0,46.0
33,length8_neutral,2,20,8,8,8,76.0,60.0,51.0,73.0
33,length8_neutral,2,21,8,8,29,13.0,12.0,15.0,83.0
33,length8_neutral,2,22,8,4,7,51.0,89.0,25.0,88.0
33,length8_neutral,2,23,8,8,40,80.0,40.0,83.0,57.0
33,length8_neutral,2,24,8,7,33,25.0,17.0,12.0,23.0
33,length8_neutral,2,25,8,4,15,16.0,48.0,56.0,79.0
33,length8_neutral,2,26,8,8,3,92.0,41.0,87.0,86.0
33,length8_neutral,2,27,8,3,24,7.0,55.0,96.0,23.0
33,length8_neutral,2,28,8,3,2,73.0,53.0,94.0,29.0
33,length8_neutral,2,29,8,1,23,94.0,87.0,35.0,57.0
33,length8_neutral,2,30,8,8,4,31.0,62.0,38.0,36.0
33,length8_neutral,2,31,8,4,21,52.0,1.0,65.0,96.0
33,length8_neutral,2,32,8,6,28,20.0,76.0,30.0,72.0
33,length8_neutral,2,33,8,7,5,31.0,67.0,45.0,8.0
33,length8_neutral,2,34,8,6,25,41.0,18.0,13.0,49.0
33,length8_neutral,2,35,8,1,27,93.0,53.0,59.0,67.0
33,length8_neutral,2,36,8,4,26,75.0,62.0,74.0,93.0
33,length8_neutral,2,37,8,1,10,94.0,77.0,85.0,11.0
33,length8_neutral,2,38,8,8,9,12.0,55.0,31.0,30.0
33,length8_neutral,2,39,8,8,36,72.0,62.0,33.0,45.0
33,length8_neutral,2,40,8,8,22,86.0,7.0,77.0,50.0
33,length8_plentiful,3,1,8,4,14,50.0,69.0,73.0,92.0
33,length8_plentiful,3,2,8,6,18,63.0,68.0,66.0,74.0
33,length8_plentiful,3,3,8,8,39,70.0,89.0,85.0,42.0
33,length8_plentiful,3,4,8,1,17,84.0,88.0,68.0,91.0
33,length8_plentiful,3,5,8,8,12,61.0,28.0,82.0,57.0
33,length8_plentiful,3,6,8,6,37,62.0,68.0,58.0,57.0
33,length8_plentiful,3,7,8,1,1,87.0,42.0,75.0,68.0
33,length8_plentiful,3,8,8,7,38,82.0,76.0,87.0,53.0
33,length8_plentiful,3,9,8,8,11,66.0,70.0,54.0,59.0
33,length8_plentiful,3,10,8,6,30,65.0,43.0,30.0,81.0
33,length8_plentiful,3,11,8,3,16,67.0,89.0,96.0,58.0
33,length8_plentiful,3,12,8,3,34,67.0,68.0,98.0,84.0
33,length8_plentiful,3,13,8,1,31,88.0,56.0,79.0,75.0
33,length8_plentiful,3,14,8,3,35,50.0,44.0,69.0,63.0
33,length8_plentiful,3,15,8,8,32,49.0,36.0,78.0,30.0
33,length8_plentiful,3,16,8,7,19,54.0,58.0,45.0,69.0
33,length8_plentiful,3,17,8,3,20,76.0,84.0,85.0,94.0
33,length8_plentiful,3,18,8,3,6,62.0,64.0,87.0,79.0
33,length8_plentiful,3,19,8,3,13,65.0,62.0,89.0,49.0
33,length8_plentiful,3,20,8,6,8,44.0,63.0,70.0,68.0
33,length8_plentiful,3,21,8,1,29,90.0,72.0,87.0,69.0
33,length8_plentiful,3,22,8,2,7,35.0,86.0,87.0,65.0
33,length8_plentiful,3,23,8,7,40,80.0,52.0,35.0,30.0
33,length8_plentiful,3,24,8,2,33,54.0,94.0,33.0,70.0
33,length8_plentiful,3,25,8,7,15,78.0,52.0,74.0,77.0
33,length8_plentiful,3,26,8,3,3,30.0,68.0,93.0,70.0
33,length8_plentiful,3,27,8,4,24,78.0,49.0,63.0,72.0
33,length8_plentiful,3,28,8,8,2,57.0,46.0,90.0,36.0
33,length8_plentiful,3,29,8,6,23,81.0,78.0,44.0,63.0
33,length8_plentiful,3,30,8,3,4,60.0,45.0,88.0,70.0
33,length8_plentiful,3,31,8,7,21,59.0,74.0,62.0,70.0
33,length8_plentiful,3,32,8,6,28,66.0,79.0,46.0,56.0
33,length8_plentiful,3,33,8,3,5,43.0,78.0,87.0,89.0
33,length8_plentiful,3,34,8,3,25,71.0,64.0,85.0,70.0
33,length8_plentiful,3,35,8,8,27,75.0,89.0,67.0,87.0
33,length8_plentiful,3,36,8,6,26,82.0,68.0,76.0,79.0
33,length8_plentiful,3,37,8,3,10,89.0,58.0,75.0,95.0
33,length8_plentiful,3,38,8,8,9,73.0,74.0,78.0,52.0
33,length8_plentiful,3,39,8,3,36,35.0,45.0,74.0,72.0
33,length8_plentiful,3,40,8,4,22,80.0,70.0,69.0,89.0
34,length4_neutral,0,1,4,4,5,49.0,39.0,25.0,81.0
34,length4_neutral,0,2,4,2,17,98.0,93.0,67.0,39.0
34,length4_neutral,0,3,4,3,16,52.0,1.0,85.0,50.0
34,length4_neutral,0,4,4,4,40,63.0,21.0,43.0,28.0
34,length4_neutral,0,5,4,2,34,3.0,93.0,67.0,77.0
34,length4_neutral,0,6,4,4,33,5.0,60.0,53.0,36.0
34,length4_neutral,0,7,4,2,28,12.0,91.0,36.0,95.0
34,length4_neutral,0,8,4,3,13,23.0,40.0,86.0,5.0
34,length4_neutral,0,9,4,4,15,56.0,72.0,22.0,25.0
34,length4_neutral,0,10,4,1,31,81.0,96.0,83.0,71.0
34,length4_neutral,0,11,4,2,6,11.0,98.0,61.0,64.0
34,length4_neutral,0,12,4,2,10,17.0,62.0,80.0,7.0
34,length4_neutral,0,13,4,3,2,42.0,36.0,91.0,16.0
34,length4_neutral,0,14,4,2,9,42.0,80.0,70.0,63.0
34,length4_neutral,0,15,4,4,38,3.0,28.0,25.0,84.0
34,length4_neutral,0,16,4,1,26,35.0,9.0,91.0,24.0
34,length4_neutral,0,17,4,4,29,22.0,26.0,24.0,21.0
34,length4_neutral,0,18,4,4,25,87.0,12.0,50.0,55.0
34,length4_neutral,0,19,4,4,4,36.0,7.0,15.0,44.0
34,length4_neutral,0,20,4,1,22,67.0,63.0,7.0,30.0
34,length4_neutral,0,21,4,2,12,62.0,81.0,72.0,61.0
34,length4_neutral,0,22,4,4,24,64.0,62.0,19.0,48.0
34,length4_neutral,0,23,4,3,27,79.0,69.0,97.0,43.0
34,length4_neutral,0,24,4,4,21,46.0,42.0,6.0,26.0
34,length4_neutral,0,25,4,3,39,62.0,9.0,70.0,94.0
34,length4_neutral,0,26,4,4,32,90.0,54.0,87.0,84.0
34,length4_neutral,0,27,4,1,37,74.0,75.0,43.0,78.0
34,length4_neutral,0,28,4,1,36,85.0,76.0,22.0,16.0
34,length4_neutral,0,29,4,4,8,56.0,34.0,22.0,64.0
34,length4_neutral,0,30,4,1,18,91.0,33.0,54.0,42.0
34,length4_neutral,0,31,4,2,3,50.0,69.0,72.0,20.0
34,length4_neutral,0,32,4,1,20,60.0,57.0,22.0,46.0
34,length4_neutral,0,33,4,3,19,10.0,37.0,84.0,36.0
34,length4_neutral,0,34,4,2,30,22.0,80.0,19.0,2.0
34,length4_neutral,0,35,4,2,14,35.0,86.0,84.0,77.0
34,length4_neutral,0,36,4,1,11,81.0,93.0,69.0,11.0
34,length4_neutral,0,37,4,4,1,67.0,27.0,37.0,45.0
34,length4_neutral,0,38,4,3,35,39.0,59.0,67.0,42.0
34,length4_neutral,0,39,4,4,23,7.0,35.0,27.0,3.0
34,length4_neutral,0,40,4,3,7,42.0,9.0,95.0,26.0
34,length4_plentiful,1,1,4,4,5,76.0,63.0,60.0,79.0
34,length4_plentiful,1,2,4,4,17,88.0,62.0,84.0,73.0
34,length4_plentiful,1,3,4,4,16,69.0,76.0,65.0,90.0
34,length4_plentiful,1,4,4,3,40,39.0,61.0,64.0,54.0
34,length4_plentiful,1,5,4,1,34,72.0,57.0,18.0,71.0
34,length4_plentiful,1,6,4,1,33,63.0,29.0,60.0,75.0
34,length4_plentiful,1,7,4,3,28,60.0,71.0,84.0,81.0
34,length4_plentiful,1,8,4,1,13,95.0,52.0,59.0,36.0
34,length4_plentiful,1,9,4,1,15,17.0,65.0,44.0,96.0
34,length4_plentiful,1,10,4,1,31,72.0,38.0,62.0,86.0
34,length4_plentiful,1,11,4,3,6,70.0,76.0,91.0,82.0
34,length4_plentiful,1,12,4,2,10,68.0,90.0,59.0,60.0
34,length4_plentiful,1,13,4,1,2,68.0,38.0,33.0,47.0
34,length4_plentiful,1,14,4,1,9,83.0,79.0,84.0,66.0
34,length4_plentiful,1,15,4,1,38,60.0,59.0,35.0,67.0
34,length4_plentiful,1,16,4,1,26,54.0,68.0,72.0,89.0
34,length4_plentiful,1,17,4,1,29,93.0,55.0,62.0,57.0
34,length4_plentiful,1,18,4,1,25,85.0,87.0,71.0,48.0
34,length4_plentiful,1,19,4,1,4,90.0,79.0,72.0,89.0
34,length4_plentiful,1,20,4,1,22,73.0,74.0,87.0,55.0
34,length4_plentiful,1,21,4,3,12,59.0,66.0,72.0,76.0
34,length4_plentiful,1,22,4,1,24,97.0,80.0,69.0,43.0
34,length4_plentiful,1,23,4,4,27,68.0,42.0,33.0,92.0
34,length4_plentiful,1,24,4,3,21,54.0,44.0,88.0,87.0
34,length4_plentiful,1,25,4,3,39,39.0,64.0,68.0,57.0
34,length4_plentiful,1,26,4,2,32,74.0,79.0,68.0,66.0
34,length4_plentiful,1,27,4,1,37,83.0,64.0,85.0,97.0
34,length4_plentiful,1,28,4,1,36,76.0,39.0,35.0,72.0
34,length4_plentiful,1,29,4,2,8,62.0,88.0,77.0,71.0
34,length4_plentiful,1,30,4,4,18,57.0,77.0,72.0,85.0
34,length4_plentiful,1,31,4,1,3,65.0,87.0,48.0,77.0
34,length4_plentiful,1,32,4,4,20,51.0,52.0,66.0,84.0
34,length4_plentiful,1,33,4,1,19,89.0,87.0,85.0,49.0
34,length4_plentiful,1,34,4,1,30,79.0,57.0,61.0,74.0
34,length4_plentiful,1,35,4,4,14,73.0,70.0,50.0,88.0
34,length4_plentiful,1,36,4,3,11,76.0,74.0,95.0,89.0
34,length4_plentiful,1,37,4,1,1,91.0,60.0,80.0,79.0
34,length4_plentiful,1,38,4,1,35,82.0,43.0,78.0,58.0
34,length4_plentiful,1,39,4,1,23,75.0,81.0,90.0,92.0
34,length4_plentiful,1,40,4,3,7,71.0,61.0,74.0,84.0
34,length8_neutral,2,1,8,5,5,56.0,15.0,66.0,36.0
34,length8_neutral,2,2,8,6,17,22.0,60.0,87.0,84.0
34,length8_neutral,2,3,8,8,16,63.0,74.0,38.0,46.0
34,length8_neutral,2,4,8,3,40,21.0,42.0,84.0,66.0
34,length8_neutral,2,5,8,1,34,93.0,3.0,8.0,59.0
34,length8_neutral,2,6,8,8,33,39.0,56.0,6.0,13.0
34,length8_neutral,2,7,8,8,28,37.0,60.0,82.0,84.0
34,length8_neutral,2,8,8,8,13,77.0,19.0,97.0,65.0
34,length8_neutral,2,9,8,8,15,14.0,26.0,59.0,37.0
34,length8_neutral,2,10,8,4,31,26.0,21.0,50.0,97.0
34,length8_neutral,2,11,8,3,6,58.0,2.0,87.0,9.0
34,length8_neutral,2,12,8,2,10,31.0,81.0,84.0,16.0
34,length8_neutral,2,13,8,7,2,28.0,24.0,62.0,55.0
34,length8_neutral,2,14,8,8,9,81.0,36.0,74.0,79.0
34,length8_neutral,2,15,8,1,38,85.0,12.0,40.0,50.0
34,length8_neutral,2,16,8,1,26,88.0,45.0,7.0,44.0
34,length8_neutral,2,17,8,2,29,42.0,98.0,63.0,28.0
34,length8_neutral,2,18,8,4,25,41.0,44.0,81.0,91.0
34,length8_neutral,2,19,8,4,4,49.0,63.0,15.0,81.0
34,length8_neutral,2,20,8,8,22,77.0,51.0,10.0,37.0
34,length8_neutral,2,21,8,8,12,87.0,95.0,62.0,79.0
34,length8_neutral,2,22,8,5,24,67.0,8.0,34.0,66.0
34,length8_neutral,2,23,8,8,27,8.0,30.0,59.0,32.0
34,length8_neutral,2,24,8,3,21,8.0,50.0,88.0,47.0
34,length8_neutral,2,25,8,8,39,10.0,8.0,27.0,33.0
34,length8_neutral,2,26,8,2,32,61.0,98.0,9.0,73.0
34,length8_neutral,2,27,8,6,37,62.0,72.0,16.0,4.0
34,length8_neutral,2,28,8,8,36,63.0,79.0,32.0,8.0
34,length8_neutral,2,29,8,1,8,92.0,8.0,20.0,75.0
34,length8_neutral,2,30,8,1,18,94.0,62.0,84.0,37.0
34,length8_neutral,2,31,8,1,3,94.0,87.0,24.0,12.0
34,length8_neutral,2,32,8,8,20,45.0,80.0,19.0,64.0
34,length8_neutral,2,33,8,3,19,77.0,66.0,91.0,36.0
34,length8_neutral,2,34,8,6,30,28.0,62.0,65.0,57.0
34,length8_neutral,2,35,8,8,14,7.0,39.0,73.0,35.0
34,length8_neutral,2,36,8,5,11,5.0,75.0,64.0,20.0
34,length8_neutral,2,37,8,6,1,2.0,49.0,12.0,5.0
34,length8_neutral,2,38,8,8,35,95.0,10.0,64.0,84.0
34,length8_neutral,2,39,8,1,23,93.0,5.0,57.0,61.0
34,length8_neutral,2,40,8,3,7,83.0,52.0,96.0,53.0
34,length8_plentiful,3,1,8,5,5,50.0,44.0,45.0,43.0
34,length8_plentiful,3,2,8,3,17,51.0,62.0,93.0,33.0
34,length8_plentiful,3,3,8,3,16,27.0,36.0,79.0,81.0
34,length8_plentiful,3,4,8,4,40,79.0,40.0,37.0,95.0
34,length8_plentiful,3,5,8,6,34,80.0,66.0,70.0,84.0
34,length8_plentiful,3,6,8,6,33,57.0,72.0,63.0,58.0
34,length8_plentiful,3,7,8,5,28,80.0,73.0,61.0,77.0
34,length8_plentiful,3,8,8,1,13,88.0,75.0,80.0,82.0
34,length8_plentiful,3,9,8,7,15,31.0,89.0,67.0,86.0
34,length8_plentiful,3,10,8,1,31,84.0,32.0,59.0,89.0
34,length8_plentiful,3,11,8,2,6,78.0,97.0,53.0,55.0
34,length8_plentiful,3,12,8,5,10,30.0,52.0,54.0,60.0
34,length8_plentiful,3,13,8,4,2,69.0,85.0,44.0,93.0
34,length8_plentiful,3,14,8,8,9,49.0,57.0,62.0,73.0
34,length8_plentiful,3,15,8,8,38,82.0,86.0,52.0,87.0
34,length8_plentiful,3,16,8,1,26,94.0,51.0,79.0,78.0
34,length8_plentiful,3,17,8,1,29,93.0,94.0,26.0,54.0
34,length8_plentiful,3,18,8,1,25,91.0,35.0,56.0,87.0
34,length8_plentiful,3,19,8,6,4,71.0,80.0,36.0,31.0
34,length8_plentiful,3,20,8,4,22,70.0,63.0,53.0,91.0
34,length8_plentiful,3,21,8,8,12,82.0,80.0,18.0,56.0
34,length8_plentiful,3,22,8,4,24,75.0,35.0,79.0,89.0
34,length8_plentiful,3,23,8,5,27,68.0,38.0,35.0,69.0
34,length8_plentiful,3,24,8,4,21,43.0,66.0,74.0,80.0
34,length8_plentiful,3,25,8,3,39,57.0,71.0,97.0,81.0
34,length8_plentiful,3,26,8,8,32,79.0,61.0,62.0,90.0
34,length8_plentiful,3,27,8,8,37,49.0,73.0,57.0,58.0
34,length8_plentiful,3,28,8,6,36,49.0,38.0,81.0,69.0
34,length8_plentiful,3,29,8,5,8,54.0,78.0,52.0,65.0
34,length8_plentiful,3,30,8,5,18,41.0,69.0,63.0,55.0
34,length8_plentiful,3,31,8,8,3,59.0,85.0,46.0,78.0
34,length8_plentiful,3,32,8,1,20,93.0,85.0,92.0,62.0
34,length8_plentiful,3,33,8,8,19,65.0,69.0,88.0,42.0
34,length8_plentiful,3,34,8,6,30,68.0,48.0,71.0,45.0
34,length8_plentiful,3,35,8,4,14,64.0,57.0,75.0,76.0
34,length8_plentiful,3,36,8,8,11,72.0,52.0,49.0,61.0
34,length8_plentiful,3,37,8,1,1,86.0,64.0,24.0,52.0
34,length8_plentiful,3,38,8,5,35,41.0,59.0,25.0,75.0
34,length8_plentiful,3,39,8,8,23,52.0,76.0,67.0,55.0
34,length8_plentiful,3,40,8,8,7,63.0,86.0,82.0,55.0
35,length4_neutral,0,1,4,4,28,49.0,39.0,25.0,81.0
35,length4_neutral,0,2,4,1,9,98.0,93.0,67.0,39.0
35,length4_neutral,0,3,4,4,22,52.0,1.0,85.0,50.0
35,length4_neutral,0,4,4,1,11,63.0,21.0,43.0,28.0
35,length4_neutral,0,5,4,2,16,3.0,93.0,67.0,77.0
35,length4_neutral,0,6,4,4,34,5.0,60.0,53.0,36.0
35,length4_neutral,0,7,4,2,26,12.0,91.0,36.0,95.0
35,length4_neutral,0,8,4,3,13,23.0,40.0,86.0,5.0
35,length4_neutral,0,9,4,2,39,56.0,72.0,22.0,25.0
35,length4_neutral,0,10,4,1,29,81.0,96.0,83.0,71.0
35,length4_neutral,0,11,4,2,17,11.0,98.0,61.0,64.0
35,length4_neutral,0,12,4,2,4,17.0,62.0,80.0,7.0
35,length4_neutral,0,13,4,2,20,42.0,36.0,91.0,16.0
35,length4_neutral,0,14,4,2,37,42.0,80.0,70.0,63.0
35,length4_neutral,0,15,4,4,36,3.0,28.0,25.0,84.0
35,length4_neutral,0,16,4,3,7,35.0,9.0,91.0,24.0
35,length4_neutral,0,17,4,4,30,22.0,26.0,24.0,21.0
35,length4_neutral,0,18,4,4,18,87.0,12.0,50.0,55.0
35,length4_neutral,0,19,4,4,8,36.0,7.0,15.0,44.0
35,length4_neutral,0,20,4,1,1,67.0,63.0,7.0,30.0
35,length4_neutral,0,21,4,2,19,62.0,81.0,72.0,61.0
35,length4_neutral,0,22,4,4,33,64.0,62.0,19.0,48.0
35,length4_neutral,0,23,4,1,12,79.0,69.0,97.0,43.0
35,length4_neutral,0,24,4,4,38,46.0,42.0,6.0,26.0
35,length4_neutral,0,25,4,3,21,62.0,9.0,70.0,94.0
35,length4_neutral,0,26,4,1,40,90.0,54.0,87.0,84.0
35,length4_neutral,0,27,4,1,15,74.0,75.0,43.0,78.0
35,length4_neutral,0,28,4,1,2,85.0,76.0,22.0,16.0
35,length4_neutral,0,29,4,4,32,56.0,34.0,22.0,64.0
35,length4_neutral,0,30,4,1,3,91.0,33.0,54.0,42.0
35,length4_neutral,0,31,4,2,14,50.0,69.0,72.0,20.0
35,length4_neutral,0,32,4,4,27,60.0,57.0,22.0,46.0
35,length4_neutral,0,33,4,3,5,10.0,37.0,84.0,36.0
35,length4_neutral,0,34,4,2,35,22.0,80.0,19.0,2.0
35,length4_neutral,0,35,4,1,24,35.0,86.0,84.0,77.0
35,length4_neutral,0,36,4,1,31,81.0,93.0,69.0,11.0
35,length4_neutral,0,37,4,4,6,67.0,27.0,37.0,45.0
35,length4_neutral,0,38,4,2,25,39.0,59.0,67.0,42.0
35,length4_neutral,0,39,4,4,23,7.0,35.0,27.0,3.0
35,length4_neutral,0,40,4,3,10,42.0,9.0,95.0,26.0
35,length4_plentiful,1,1,4,4,28,76.0,63.0,60.0,79.0
35,length4_plentiful,1,2,4,4,9,88.0,62.0,84.0,73.0
35,length4_plentiful,1,3,4,2,22,69.0,76.0,65.0,90.0
35,length4_plentiful,1,4,4,4,11,39.0,61.0,64.0,54.0
35,length4_plentiful,1,5,4,4,16,72.0,57.0,18.0,71.0
35,length4_plentiful,1,6,4,4,34,63.0,29.0,60.0,75.0
35,length4_plentiful,1,7,4,3,26,60.0,71.0,84.0,81.0
35,length4_plentiful,1,8,4,1,13,95.0,52.0,59.0,36.0
35,length4_plentiful,1,9,4,4,39,17.0,65.0,44.0,96.0
35,length4_plentiful,1,10,4,4,29,72.0,38.0,62.0,86.0
35,length4_plentiful,1,11,4,1,17,70.0,76.0,91.0,82.0
35,length4_plentiful,1,12,4,2,4,68.0,90.0,59.0,60.0
35,length4_plentiful,1,13,4,4,20,68.0,38.0,33.0,47.0
35,length4_plentiful,1,14,4,1,37,83.0,79.0,84.0,66.0
35,length4_plentiful,1,15,4,4,36,60.0,59.0,35.0,67.0
35,length4_plentiful,1,16,4,3,7,54.0,68.0,72.0,89.0
35,length4_plentiful,1,17,4,1,30,93.0,55.0,62.0,57.0
35,length4_plentiful,1,18,4,2,18,85.0,87.0,71.0,48.0
35,length4_plentiful,1,19,4,1,8,90.0,79.0,72.0,89.0
35,length4_plentiful,1,20,4,2,1,73.0,74.0,87.0,55.0
35,length4_plentiful,1,21,4,3,19,59.0,66.0,72.0,76.0
35,length4_plentiful,1,22,4,1,33,97.0,80.0,69.0,43.0
35,length4_plentiful,1,23,4,4,12,68.0,42.0,33.0,92.0
35,length4_plentiful,1,24,4,3,38,54.0,44.0,88.0,87.0
35,length4_plentiful,1,25,4,2,21,39.0,64.0,68.0,57.0
35,length4_plentiful,1,26,4,2,40,74.0,79.0,68.0,66.0
35,length4_plentiful,1,27,4,1,15,83.0,64.0,85.0,97.0
35,length4_plentiful,1,28,4,1,2,76.0,39.0,35.0,72.0
35,length4_plentiful,1,29,4,2,32,62.0,88.0,77.0,71.0
35,length4_plentiful,1,30,4,4,3,57.0,77.0,72.0,85.0
35,length4_plentiful,1,31,4,4,14,65.0,87.0,48.0,77.0
35,length4_plentiful,1,32,4,3,27,51.0,52.0,66.0,84.0
35,length4_plentiful,1,33,4,4,5,89.0,87.0,85.0,49.0
35,length4_plentiful,1,34,4,1,35,79.0,57.0,61.0,74.0
35,length4_plentiful,1,35,4,4,24,73.0,70.0,50.0,88.0
35,length4_plentiful,1,36,4,1,31,76.0,74.0,95.0,89.0
35,length4_plentiful,1,37,4,1,6,91.0,60.0,80.0,79.0
35,length4_plentiful,1,38,4,4,25,82.0,43.0,78.0,58.0
35,length4_plentiful,1,39,4,1,23,75.0,81.0,90.0,92.0
35,length4_plentiful,1,40,4,3,10,71.0,61.0,74.0,84.0
35,length8_neutral,2,1,8,5,28,56.0,15.0,66.0,36.0
35,length8_neutral,2,2,8,3,9,22.0,60.0,87.0,84.0
35,length8_neutral,2,3,8,8,22,63.0,74.0,38.0,46.0
35,length8_neutral,2,4,8,3,11,21.0,42.0,84.0,66.0
35,length8_neutral,2,5,8,1,16,93.0,3.0,8.0,59.0
35,length8_neutral,2,6,8,7,34,39.0,56.0,6.0,13.0
35,length8_neutral,2,7,8,3,26,37.0,60.0,82.0,84.0
35,length8_neutral,2,8,8,6,13,77.0,19.0,97.0,65.0
35,length8_neutral,2,9,8,8,39,14.0,26.0,59.0,37.0
35,length8_neutral,2,10,8,4,29,26.0,21.0,50.0,97.0
35,length8_neutral,2,11,8,3,17,58.0,2.0,87.0,9.0
35,length8_neutral,2,12,8,2,4,31.0,81.0,84.0,16.0
35,length8_neutral,2,13,8,8,20,28.0,24.0,62.0,55.0
35,length8_neutral,2,14,8,1,37,81.0,36.0,74.0,79.0
35,length8_neutral,2,15,8,1,36,85.0,12.0,40.0,50.0
35,length8_neutral,2,16,8,7,7,88.0,45.0,7.0,44.0
35,length8_neutral,2,17,8,2,30,42.0,98.0,63.0,28.0
35,length8_neutral,2,18,8,3,18,41.0,44.0,81.0,91.0
35,length8_neutral,2,19,8,4,8,49.0,63.0,15.0,81.0
35,length8_neutral,2,20,8,8,1,77.0,51.0,10.0,37.0
35,length8_neutral,2,21,8,8,19,87.0,95.0,62.0,79.0
35,length8_neutral,2,22,8,5,33,67.0,8.0,34.0,66.0
35,length8_neutral,2,23,8,5,12,8.0,30.0,59.0,32.0
35,length8_neutral,2,24,8,3,38,8.0,50.0,88.0,47.0
35,length8_neutral,2,25,8,7,21,10.0,8.0,27.0,33.0
35,length8_neutral,2,26,8,8,40,61.0,98.0,9.0,73.0
35,length8_neutral,2,27,8,6,15,62.0,72.0,16.0,4.0
35,length8_neutral,2,28,8,8,2,63.0,79.0,32.0,8.0
35,length8_neutral,2,29,8,5,32,92.0,8.0,20.0,75.0
35,length8_neutral,2,30,8,8,3,94.0,62.0,84.0,37.0
35,length8_neutral,2,31,8,1,14,94.0,87.0,24.0,12.0
35,length8_neutral,2,32,8,2,27,45.0,80.0,19.0,64.0
35,length8_neutral,2,33,8,3,5,77.0,66.0,91.0,36.0
35,length8_neutral,2,34,8,5,35,28.0,62.0,65.0,57.0
35,length8_neutral,2,35,8,8,24,7.0,39.0,73.0,35.0
35,length8_neutral,2,36,8,5,31,5.0,75.0,64.0,20.0
35,length8_neutral,2,37,8,8,6,2.0,49.0,12.0,5.0
35,length8_neutral,2,38,8,1,25,95.0,10.0,64.0,84.0
35,length8_neutral,2,39,8,6,23,93.0,5.0,57.0,61.0
35,length8_neutral,2,40,8,3,10,83.0,52.0,96.0,53.0
35,length8_plentiful,3,1,8,8,28,50.0,44.0,45.0,43.0
35,length8_plentiful,3,2,8,3,9,51.0,62.0,93.0,33.0
35,length8_plentiful,3,3,8,4,22,27.0,36.0,79.0,81.0
35,length8_plentiful,3,4,8,8,11,79.0,40.0,37.0,95.0
35,length8_plentiful,3,5,8,4,16,80.0,66.0,70.0,84.0
35,length8_plentiful,3,6,8,6,34,57.0,72.0,63.0,58.0
35,length8_plentiful,3,7,8,5,26,80.0,73.0,61.0,77.0
35,length8_plentiful,3,8,8,6,13,88.0,75.0,80.0,82.0
35,length8_plentiful,3,9,8,8,39,31.0,89.0,67.0,86.0
35,length8_plentiful,3,10,8,4,29,84.0,32.0,59.0,89.0
35,length8_plentiful,3,11,8,2,17,78.0,97.0,53.0,55.0
35,length8_plentiful,3,12,8,5,4,30.0,52.0,54.0,60.0
35,length8_plentiful,3,13,8,2,20,69.0,85.0,44.0,93.0
35,length8_plentiful,3,14,8,8,37,49.0,57.0,62.0,73.0
35,length8_plentiful,3,15,8,2,36,82.0,86.0,52.0,87.0
35,length8_plentiful,3,16,8,4,7,94.0,51.0,79.0,78.0
35,length8_plentiful,3,17,8,2,30,93.0,94.0,26.0,54.0
35,length8_plentiful,3,18,8,8,18,91.0,35.0,56.0,87.0
35,length8_plentiful,3,19,8,2,8,71.0,80.0,36.0,31.0
35,length8_plentiful,3,20,8,4,1,70.0,63.0,53.0,91.0
35,length8_plentiful,3,21,8,8,19,82.0,80.0,18.0,56.0
35,length8_plentiful,3,22,8,4,33,75.0,35.0,79.0,89.0
35,length8_plentiful,3,23,8,5,12,68.0,38.0,35.0,69.0
35,length8_plentiful,3,24,8,3,38,43.0,66.0,74.0,80.0
35,length8_plentiful,3,25,8,3,21,57.0,71.0,97.0,81.0
35,length8_plentiful,3,26,8,4,40,79.0,61.0,62.0,90.0
35,length8_plentiful,3,27,8,8,15,49.0,73.0,57.0,58.0
35,length8_plentiful,3,28,8,3,2,49.0,38.0,81.0,69.0
35,length8_plentiful,3,29,8,2,32,54.0,78.0,52.0,65.0
35,length8_plentiful,3,30,8,5,3,41.0,69.0,63.0,55.0
35,length8_plentiful,3,31,8,2,14,59.0,85.0,46.0,78.0
35,length8_plentiful,3,32,8,3,27,93.0,85.0,92.0,62.0
35,length8_plentiful,3,33,8,3,5,65.0,69.0,88.0,42.0
35,length8_plentiful,3,34,8,6,35,68.0,48.0,71.0,45.0
35,length8_plentiful,3,35,8,6,24,64.0,57.0,75.0,76.0
35,length8_plentiful,3,36,8,8,31,72.0,52.0,49.0,61.0
35,length8_plentiful,3,37,8,6,6,86.0,64.0,24.0,52.0
35,length8_plentiful,3,38,8,4,25,41.0,59.0,25.0,75.0
35,length8_plentiful,3,39,8,8,23,52.0,76.0,67.0,55.0
35,length8_plentiful,3,40,8,2,10,63.0,86.0,82.0,55.0
36,length4_neutral,0,1,4,4,36,49.0,39.0,25.0,81.0
36,length4_neutral,0,2,4,1,17,98.0,93.0,67.0,39.0
36,length4_neutral,0,3,4,3,6,52.0,1.0,85.0,50.0
36,length4_neutral,0,4,4,4,29,63.0,21.0,43.0,28.0
36,length4_neutral,0,5,4,4,7,3.0,93.0,67.0,77.0
36,length4_neutral,0,6,4,2,38,5.0,60.0,53.0,36.0
36,length4_neutral,0,7,4,4,32,12.0,91.0,36.0,95.0
36,length4_neutral,0,8,4,3,34,23.0,40.0,86.0,5.0
36,length4_neutral,0,9,4,2,30,56.0,72.0,22.0,25.0
36,length4_neutral,0,10,4,2,24,81.0,96.0,83.0,71.0
36,length4_neutral,0,11,4,4,40,11.0,98.0,61.0,64.0
36,length4_neutral,0,12,4,3,10,17.0,62.0,80.0,7.0
36,length4_neutral,0,13,4,3,2,42.0,36.0,91.0,16.0
36,length4_neutral,0,14,4,3,5,42.0,80.0,70.0,63.0
36,length4_neutral,0,15,4,4,16,3.0,28.0,25.0,84.0
36,length4_neutral,0,16,4,4,19,35.0,9.0,91.0,24.0
36,length4_neutral,0,17,4,3,35,22.0,26.0,24.0,21.0
36,length4_neutral,0,18,4,1,3,87.0,12.0,50.0,55.0
36,length4_neutral,0,19,4,4,21,36.0,7.0,15.0,44.0
36,length4_neutral,0,20,4,4,13,67.0,63.0,7.0,30.0
36,length4_neutral,0,21,4,4,14,62.0,81.0,72.0,61.0
36,length4_neutral,0,22,4,4,37,64.0,62.0,19.0,48.0
36,length4_neutral,0,23,4,3,8,79.0,69.0,97.0,43.0
36,length4_neutral,0,24,4,4,28,46.0,42.0,6.0,26.0
36,length4_neutral,0,25,4,3,15,62.0,9.0,70.0,94.0
36,length4_neutral,0,26,4,1,11,90.0,54.0,87.0,84.0
36,length4_neutral,0,27,4,4,23,74.0,75.0,43.0,78.0
36,length4_neutral,0,28,4,1,4,85.0,76.0,22.0,16.0
36,length4_neutral,0,29,4,4,18,56.0,34.0,22.0,64.0
36,length4_neutral,0,30,4,4,1,91.0,33.0,54.0,42.0
36,length4_neutral,0,31,4,3,9,50.0,69.0,72.0,20.0
36,length4_neutral,0,32,4,4,12,60.0,57.0,22.0,46.0
36,length4_neutral,0,33,4,2,22,10.0,37.0,84.0,36.0
36,length4_neutral,0,34,4,4,27,22.0,80.0,19.0,2.0
36,length4_neutral,0,35,4,2,39,35.0,86.0,84.0,77.0
36,length4_neutral,0,36,4,4,33,81.0,93.0,69.0,11.0
36,length4_neutral,0,37,4,4,26,67.0,27.0,37.0,45.0
36,length4_neutral,0,38,4,4,31,39.0,59.0,67.0,42.0
36,length4_neutral,0,39,4,4,25,7.0,35.0,27.0,3.0
36,length4_neutral,0,40,4,3,20,42.0,9.0,95.0,26.0
36,length4_plentiful,1,1,4,4,36,76.0,63.0,60.0,79.0
36,length4_plentiful,1,2,4,3,17,88.0,62.0,84.0,73.0
36,length4_plentiful,1,3,4,2,6,69.0,76.0,65.0,90.0
36,length4_plentiful,1,4,4,4,29,39.0,61.0,64.0,54.0
36,length4_plentiful,1,5,4,4,7,72.0,57.0,18.0,71.0
36,length4_plentiful,1,6,4,4,38,63.0,29.0,60.0,75.0
36,length4_plentiful,1,7,4,3,32,60.0,71.0,84.0,81.0
36,length4_plentiful,1,8,4,1,34,95.0,52.0,59.0,36.0
36,length4_plentiful,1,9,4,4,30,17.0,65.0,44.0,96.0
36,length4_plentiful,1,10,4,4,24,72.0,38.0,62.0,86.0
36,length4_plentiful,1,11,4,3,40,70.0,76.0,91.0,82.0
36,length4_plentiful,1,12,4,2,10,68.0,90.0,59.0,60.0
36,length4_plentiful,1,13,4,4,2,68.0,38.0,33.0,47.0
36,length4_plentiful,1,14,4,3,5,83.0,79.0,84.0,66.0
36,length4_plentiful,1,15,4,4,16,60.0,59.0,35.0,67.0
36,length4_plentiful,1,16,4,3,19,54.0,68.0,72.0,89.0
36,length4_plentiful,1,17,4,4,35,93.0,55.0,62.0,57.0
36,length4_plentiful,1,18,4,1,3,85.0,87.0,71.0,48.0
36,length4_plentiful,1,19,4,4,21,90.0,79.0,72.0,89.0
36,length4_plentiful,1,20,4,2,13,73.0,74.0,87.0,55.0
36,length4_plentiful,1,21,4,3,14,59.0,66.0,72.0,76.0
36,length4_plentiful,1,22,4,1,37,97.0,80.0,69.0,43.0
36,length4_plentiful,1,23,4,4,8,68.0,42.0,33.0,92.0
36,length4_plentiful,1,24,4,3,28,54.0,44.0,88.0,87.0
36,length4_plentiful,1,25,4,3,15,39.0,64.0,68.0,57.0
36,length4_plentiful,1,26,4,2,11,74.0,79.0,68.0,66.0
36,length4_plentiful,1,27,4,3,23,83.0,64.0,85.0,97.0
36,length4_plentiful,1,28,4,4,4,76.0,39.0,35.0,72.0
36,length4_plentiful,1,29,4,2,18,62.0,88.0,77.0,71.0
36,length4_plentiful,1,30,4,4,1,57.0,77.0,72.0,85.0
36,length4_plentiful,1,31,4,2,9,65.0,87.0,48.0,77.0
36,length4_plentiful,1,32,4,4,12,51.0,52.0,66.0,84.0
36,length4_plentiful,1,33,4,1,22,89.0,87.0,85.0,49.0
36,length4_plentiful,1,34,4,4,27,79.0,57.0,61.0,74.0
36,length4_plentiful,1,35,4,4,39,73.0,70.0,50.0,88.0
36,length4_plentiful,1,36,4,3,33,76.0,74.0,95.0,89.0
36,length4_plentiful,1,37,4,3,26,91.0,60.0,80.0,79.0
36,length4_plentiful,1,38,4,1,31,82.0,43.0,78.0,58.0
36,length4_plentiful,1,39,4,2,25,75.0,81.0,90.0,92.0
36,length4_plentiful,1,40,4,4,20,71.0,61.0,74.0,84.0
36,length8_neutral,2,1,8,5,36,56.0,15.0,66.0,36.0
36,length8_neutral,2,2,8,6,17,22.0,60.0,87.0,84.0
36,length8_neutral,2,3,8,8,6,63.0,74.0,38.0,46.0
36,length8_neutral,2,4,8,2,29,21.0,42.0,84.0,66.0
36,length8_neutral,2,5,8,7,7,93.0,3.0,8.0,59.0
36,length8_neutral,2,6,8,2,38,39.0,56.0,6.0,13.0
36,length8_neutral,2,7,8,3,32,37.0,60.0,82.0,84.0
36,length8_neutral,2,8,8,3,34,77.0,19.0,97.0,65.0
36,length8_neutral,2,9,8,8,30,14.0,26.0,59.0,37.0
36,length8_neutral,2,10,8,4,24,26.0,21.0,50.0,97.0
36,length8_neutral,2,11,8,5,40,58.0,2.0,87.0,9.0
36,length8_neutral,2,12,8,2,10,31.0,81.0,84.0,16.0
36,length8_neutral,2,13,8,7,2,28.0,24.0,62.0,55.0
36,length8_neutral,2,14,8,8,5,81.0,36.0,74.0,79.0
36,length8_neutral,2,15,8,6,16,85.0,12.0,40.0,50.0
36,length8_neutral,2,16,8,5,19,88.0,45.0,7.0,44.0
36,length8_neutral,2,17,8,6,35,42.0,98.0,63.0,28.0
36,length8_neutral,2,18,8,4,3,41.0,44.0,81.0,91.0
36,length8_neutral,2,19,8,7,21,49.0,63.0,15.0,81.0
36,length8_neutral,2,20,8,8,13,77.0,51.0,10.0,37.0
36,length8_neutral,2,21,8,2,14,87.0,95.0,62.0,79.0
36,length8_neutral,2,22,8,5,37,67.0,8.0,34.0,66.0
36,length8_neutral,2,23,8,8,8,8.0,30.0,59.0,32.0
36,length8_neutral,2,24,8,3,28,8.0,50.0,88.0,47.0
36,length8_neutral,2,25,8,6,15,10.0,8.0,27.0,33.0
36,length8_neutral,2,26,8,8,11,61.0,98.0,9.0,73.0
36,length8_neutral,2,27,8,6,23,62.0,72.0,16.0,4.0
36,length8_neutral,2,28,8,8,4,63.0,79.0,32.0,8.0
36,length8_neutral,2,29,8,1,18,92.0,8.0,20.0,75.0
36,length8_neutral,2,30,8,8,1,94.0,62.0,84.0,37.0
36,length8_neutral,2,31,8,8,9,94.0,87.0,24.0,12.0
36,length8_neutral,2,32,8,8,12,45.0,80.0,19.0,64.0
36,length8_neutral,2,33,8,8,22,77.0,66.0,91.0,36.0
36,length8_neutral,2,34,8,2,27,28.0,62.0,65.0,57.0
36,length8_neutral,2,35,8,8,39,7.0,39.0,73.0,35.0
36,length8_neutral,2,36,8,5,33,5.0,75.0,64.0,20.0
36,length8_neutral,2,37,8,6,26,2.0,49.0,12.0,5.0
36,length8_neutral,2,38,8,1,31,95.0,10.0,64.0,84.0
36,length8_neutral,2,39,8,6,25,93.0,5.0,57.0,61.0
36,length8_neutral,2,40,8,3,20,83.0,52.0,96.0,53.0
36,length8_plentiful,3,1,8,5,36,50.0,44.0,45.0,43.0
36,length8_plentiful,3,2,8,3,17,51.0,62.0,93.0,33.0
36,length8_plentiful,3,3,8,3,6,27.0,36.0,79.0,81.0
36,length8_plentiful,3,4,8,8,29,79.0,40.0,37.0,95.0
36,length8_plentiful,3,5,8,4,7,80.0,66.0,70.0,84.0
36,length8_plentiful,3,6,8,3,38,57.0,72.0,63.0,58.0
36,length8_plentiful,3,7,8,5,32,80.0,73.0,61.0,77.0
36,length8_plentiful,3,8,8,4,34,88.0,75.0,80.0,82.0
36,length8_plentiful,3,9,8,8,30,31.0,89.0,67.0,86.0
36,length8_plentiful,3,10,8,1,24,84.0,32.0,59.0,89.0
36,length8_plentiful,3,11,8,8,40,78.0,97.0,53.0,55.0
36,length8_plentiful,3,12,8,5,10,30.0,52.0,54.0,60.0
36,length8_plentiful,3,13,8,2,2,69.0,85.0,44.0,93.0
36,length8_plentiful,3,14,8,8,5,49.0,57.0,62.0,73.0
36,length8_plentiful,3,15,8,2,16,82.0,86.0,52.0,87.0
36,length8_plentiful,3,16,8,8,19,94.0,51.0,79.0,78.0
36,length8_plentiful,3,17,8,2,35,93.0,94.0,26.0,54.0
36,length8_plentiful,3,18,8,8,3,91.0,35.0,56.0,87.0
36,length8_plentiful,3,19,8,6,21,71.0,80.0,36.0,31.0
36,length8_plentiful,3,20,8,4,13,70.0,63.0,53.0,91.0
36,length8_plentiful,3,21,8,8,14,82.0,80.0,18.0,56.0
36,length8_plentiful,3,22,8,4,37,75.0,35.0,79.0,89.0
36,length8_plentiful,3,23,8,5,8,68.0,38.0,35.0,69.0
36,length8_plentiful,3,24,8,4,28,43.0,66.0,74.0,80.0
36,length8_plentiful,3,25,8,3,15,57.0,71.0,97.0,81.0
36,length8_plentiful,3,26,8,4,11,79.0,61.0,62.0,90.0
36,length8_plentiful,3,27,8,8,23,49.0,73.0,57.0,58.0
36,length8_plentiful,3,28,8,8,4,49.0,38.0,81.0,69.0
36,length8_plentiful,3,29,8,5,18,54.0,78.0,52.0,65.0
36,length8_plentiful,3,30,8,5,1,41.0,69.0,63.0,55.0
36,length8_plentiful,3,31,8,8,9,59.0,85.0,46.0,78.0
36,length8_plentiful,3,32,8,8,12,93.0,85.0,92.0,62.0
36,length8_plentiful,3,33,8,3,22,65.0,69.0,88.0,42.0
36,length8_plentiful,3,34,8,6,27,68.0,48.0,71.0,45.0
36,length8_plentiful,3,35,8,8,39,64.0,57.0,75.0,76.0
36,length8_plentiful,3,36,8,5,33,72.0,52.0,49.0,61.0
36,length8_plentiful,3,37,8,8,26,86.0,64.0,24.0,52.0
36,length8_plentiful,3,38,8,5,31,41.0,59.0,25.0,75.0
36,length8_plentiful,3,39,8,7,25,52.0,76.0,67.0,55.0
36,length8_plentiful,3,40,8,4,20,63.0,86.0,82.0,55.0
37,length4_neutral,0,1,4,1,15,95.0,66.0,15.0,13.0
37,length4_neutral,0,2,4,4,18,38.0,9.0,73.0,48.0
37,length4_neutral,0,3,4,4,8,51.0,77.0,12.0,2.0
37,length4_neutral,0,4,4,2,27,7.0,82.0,11.0,32.0
37,length4_neutral,0,5,4,2,6,16.0,84.0,17.0,89.0
37,length4_neutral,0,6,4,3,33,42.0,7.0,96.0,56.0
37,length4_neutral,0,7,4,1,32,75.0,29.0,37.0,26.0
37,length4_neutral,0,8,4,1,7,90.0,79.0,69.0,31.0
37,length4_neutral,0,9,4,4,25,4.0,10.0,13.0,8.0
37,length4_neutral,0,10,4,4,36,94.0,60.0,86.0,11.0
37,length4_neutral,0,11,4,1,28,95.0,10.0,97.0,77.0
37,length4_neutral,0,12,4,4,34,53.0,42.0,11.0,60.0
37,length4_neutral,0,13,4,2,35,72.0,83.0,90.0,94.0
37,length4_neutral,0,14,4,3,14,39.0,45.0,59.0,20.0
37,length4_neutral,0,15,4,1,11,84.0,98.0,24.0,26.0
37,length4_neutral,0,16,4,1,3,95.0,37.0,42.0,11.0
37,length4_neutral,0,17,4,2,21,9.0,89.0,1.0,12.0
37,length4_neutral,0,18,4,4,23,18.0,67.0,34.0,41.0
37,length4_neutral,0,19,4,4,30,7.0,19.0,67.0,1.0
37,length4_neutral,0,20,4,2,31,44.0,81.0,34.0,28.0
37,length4_neutral,0,21,4,3,26,19.0,61.0,91.0,40.0
37,length4_neutral,0,22,4,3,37,37.0,46.0,87.0,15.0
37,length4_neutral,0,23,4,4,39,9.0,62.0,2.0,36.0
37,length4_neutral,0,24,4,1,12,72.0,93.0,84.0,17.0
37,length4_neutral,0,25,4,2,22,49.0,75.0,71.0,13.0
37,length4_neutral,0,26,4,1,38,93.0,79.0,18.0,97.0
37,length4_neutral,0,27,4,1,24,88.0,70.0,72.0,52.0
37,length4_neutral,0,28,4,3,10,21.0,22.0,59.0,61.0
37,length4_neutral,0,29,4,1,40,83.0,7.0,13.0,96.0
37,length4_neutral,0,30,4,2,19,47.0,92.0,62.0,32.0
37,length4_neutral,0,31,4,3,1,5.0,4.0,68.0,52.0
37,length4_neutral,0,32,4,3,5,5.0,36.0,90.0,50.0
37,length4_neutral,0,33,4,1,16,86.0,92.0,15.0,12.0
37,length4_neutral,0,34,4,1,17,79.0,29.0,65.0,58.0
37,length4_neutral,0,35,4,4,29,7.0,21.0,54.0,40.0
37,length4_neutral,0,36,4,2,9,23.0,81.0,71.0,46.0
37,length4_neutral,0,37,4,2,13,25.0,88.0,13.0,79.0
37,length4_neutral,0,38,4,4,2,18.0,59.0,31.0,52.0
37,length4_neutral,0,39,4,3,20,9.0,42.0,53.0,25.0
37,length4_neutral,0,40,4,4,4,79.0,29.0,38.0,12.0
37,length4_plentiful,1,1,4,1,15,80.0,57.0,26.0,63.0
37,length4_plentiful,1,2,4,2,18,59.0,69.0,71.0,55.0
37,length4_plentiful,1,3,4,4,8,70.0,69.0,61.0,43.0
37,length4_plentiful,1,4,4,2,27,64.0,94.0,71.0,90.0
37,length4_plentiful,1,5,4,3,6,60.0,46.0,81.0,66.0
37,length4_plentiful,1,6,4,2,33,58.0,64.0,87.0,53.0
37,length4_plentiful,1,7,4,2,32,61.0,77.0,46.0,64.0
37,length4_plentiful,1,8,4,2,7,26.0,89.0,69.0,48.0
37,length4_plentiful,1,9,4,2,25,52.0,86.0,76.0,93.0
37,length4_plentiful,1,10,4,1,36,88.0,64.0,83.0,41.0
37,length4_plentiful,1,11,4,1,28,80.0,57.0,55.0,89.0
37,length4_plentiful,1,12,4,1,34,79.0,82.0,97.0,62.0
37,length4_plentiful,1,13,4,1,35,97.0,63.0,69.0,68.0
37,length4_plentiful,1,14,4,4,14,59.0,55.0,47.0,77.0
37,length4_plentiful,1,15,4,3,11,52.0,53.0,90.0,62.0
37,length4_plentiful,1,16,4,2,3,46.0,85.0,55.0,87.0
37,length4_plentiful,1,17,4,2,21,65.0,86.0,48.0,59.0
37,length4_plentiful,1,18,4,4,23,56.0,51.0,50.0,89.0
37,length4_plentiful,1,19,4,1,30,85.0,39.0,50.0,53.0
37,length4_plentiful,1,20,4,4,31,52.0,64.0,56.0,81.0
37,length4_plentiful,1,21,4,2,26,68.0,88.0,84.0,49.0
37,length4_plentiful,1,22,4,1,37,85.0,65.0,80.0,78.0
37,length4_plentiful,1,23,4,1,39,89.0,52.0,80.0,55.0
37,length4_plentiful,1,24,4,1,12,81.0,73.0,66.0,80.0
37,length4_plentiful,1,25,4,2,22,44.0,84.0,89.0,69.0
37,length4_plentiful,1,26,4,1,38,76.0,51.0,82.0,64.0
37,length4_plentiful,1,27,4,3,24,36.0,43.0,79.0,76.0
37,length4_plentiful,1,28,4,4,10,32.0,66.0,63.0,95.0
37,length4_plentiful,1,29,4,1,40,96.0,82.0,85.0,93.0
37,length4_plentiful,1,30,4,3,19,64.0,39.0,84.0,82.0
37,length4_plentiful,1,31,4,1,1,90.0,81.0,61.0,39.0
37,length4_plentiful,1,32,4,1,5,77.0,23.0,47.0,26.0
37,length4_plentiful,1,33,4,1,16,83.0,73.0,71.0,62.0
37,length4_plentiful,1,34,4,4,17,61.0,30.0,49.0,91.0
37,length4_plentiful,1,35,4,1,29,77.0,63.0,75.0,79.0
37,length4_plentiful,1,36,4,1,9,73.0,78.0,56.0,22.0
37,length4_plentiful,1,37,4,2,13,75.0,79.0,56.0,86.0
37,length4_plentiful,1,38,4,1,2,94.0,81.0,68.0,47.0
37,length4_plentiful,1,39,4,2,20,54.0,72.0,18.0,57.0
37,length4_plentiful,1,40,4,4,4,67.0,53.0,59.0,49.0
37,length8_neutral,2,1,8,2,15,35.0,77.0,15.0,1.0
37,length8_neutral,2,2,8,2,18,4.0,89.0,77.0,93.0
37,length8_neutral,2,3,8,2,8,71.0,77.0,83.0,22.0
37,length8_neutral,2,4,8,2,27,68.0,82.0,63.0,93.0
37,length8_neutral,2,5,8,5,6,26.0,4.0,39.0,14.0
37,length8_neutral,2,6,8,8,33,43.0,63.0,21.0,86.0
37,length8_neutral,2,7,8,1,32,88.0,26.0,31.0,78.0
37,length8_neutral,2,8,8,1,7,83.0,92.0,49.0,43.0
37,length8_neutral,2,9,8,5,25,76.0,31.0,21.0,16.0
37,length8_neutral,2,10,8,2,36,22.0,79.0,32.0,2.0
37,length8_neutral,2,11,8,2,28,1.0,85.0,89.0,24.0
37,length8_neutral,2,12,8,8,34,46.0,19.0,45.0,4.0
37,length8_neutral,2,13,8,3,35,64.0,42.0,83.0,7.0
37,length8_neutral,2,14,8,2,14,77.0,82.0,29.0,34.0
37,length8_neutral,2,15,8,1,11,73.0,14.0,13.0,90.0
37,length8_neutral,2,16,8,8,3,61.0,12.0,10.0,48.0
37,length8_neutral,2,17,8,6,21,46.0,43.0,51.0,6.0
37,length8_neutral,2,18,8,1,23,97.0,35.0,57.0,80.0
37,length8_neutral,2,19,8,8,30,30.0,62.0,45.0,46.0
37,length8_neutral,2,20,8,8,31,76.0,60.0,51.0,73.0
37,length8_neutral,2,21,8,4,26,13.0,12.0,15.0,83.0
37,length8_neutral,2,22,8,2,37,51.0,89.0,25.0,88.0
37,length8_neutral,2,23,8,3,39,80.0,40.0,83.0,57.0
37,length8_neutral,2,24,8,5,12,25.0,17.0,12.0,23.0
37,length8_neutral,2,25,8,4,22,16.0,48.0,56.0,79.0
37,length8_neutral,2,26,8,1,38,92.0,41.0,87.0,86.0
37,length8_neutral,2,27,8,3,24,7.0,55.0,96.0,23.0
37,length8_neutral,2,28,8,3,10,73.0,53.0,94.0,29.0
37,length8_neutral,2,29,8,1,40,94.0,87.0,35.0,57.0
37,length8_neutral,2,30,8,8,19,31.0,62.0,38.0,36.0
37,length8_neutral,2,31,8,4,1,52.0,1.0,65.0,96.0
37,length8_neutral,2,32,8,2,5,20.0,76.0,30.0,72.0
37,length8_neutral,2,33,8,5,16,31.0,67.0,45.0,8.0
37,length8_neutral,2,34,8,6,17,41.0,18.0,13.0,49.0
37,length8_neutral,2,35,8,1,29,93.0,53.0,59.0,67.0
37,length8_neutral,2,36,8,4,9,75.0,62.0,74.0,93.0
37,length8_neutral,2,37,8,1,13,94.0,77.0,85.0,11.0
37,length8_neutral,2,38,8,8,2,12.0,55.0,31.0,30.0
37,length8_neutral,2,39,8,8,20,72.0,62.0,33.0,45.0
37,length8_neutral,2,40,8,1,4,86.0,7.0,77.0,50.0
37,length8_plentiful,3,1,8,4,15,50.0,69.0,73.0,92.0
37,length8_plentiful,3,2,8,4,18,63.0,68.0,66.0,74.0
37,length8_plentiful,3,3,8,2,8,70.0,89.0,85.0,42.0
37,length8_plentiful,3,4,8,1,27,84.0,88.0,68.0,91.0
37,length8_plentiful,3,5,8,3,6,61.0,28.0,82.0,57.0
37,length8_plentiful,3,6,8,6,33,62.0,68.0,58.0,57.0
37,length8_plentiful,3,7,8,1,32,87.0,42.0,75.0,68.0
37,length8_plentiful,3,8,8,1,7,82.0,76.0,87.0,53.0
37,length8_plentiful,3,9,8,6,25,66.0,70.0,54.0,59.0
37,length8_plentiful,3,10,8,4,36,65.0,43.0,30.0,81.0
37,length8_plentiful,3,11,8,2,28,67.0,89.0,96.0,58.0
37,length8_plentiful,3,12,8,3,34,67.0,68.0,98.0,84.0
37,length8_plentiful,3,13,8,1,35,88.0,56.0,79.0,75.0
37,length8_plentiful,3,14,8,3,14,50.0,44.0,69.0,63.0
37,length8_plentiful,3,15,8,8,11,49.0,36.0,78.0,30.0
37,length8_plentiful,3,16,8,4,3,54.0,58.0,45.0,69.0
37,length8_plentiful,3,17,8,2,21,76.0,84.0,85.0,94.0
37,length8_plentiful,3,18,8,3,23,62.0,64.0,87.0,79.0
37,length8_plentiful,3,19,8,3,30,65.0,62.0,89.0,49.0
37,length8_plentiful,3,20,8,7,31,44.0,63.0,70.0,68.0
37,length8_plentiful,3,21,8,1,26,90.0,72.0,87.0,69.0
37,length8_plentiful,3,22,8,2,37,35.0,86.0,87.0,65.0
37,length8_plentiful,3,23,8,1,39,80.0,52.0,35.0,30.0
37,length8_plentiful,3,24,8,2,12,54.0,94.0,33.0,70.0
37,length8_plentiful,3,25,8,7,22,78.0,52.0,74.0,77.0
37,length8_plentiful,3,26,8,3,38,30.0,68.0,93.0,70.0
37,length8_plentiful,3,27,8,5,24,78.0,49.0,63.0,72.0
37,length8_plentiful,3,28,8,3,10,57.0,46.0,90.0,36.0
37,length8_plentiful,3,29,8,8,40,81.0,78.0,44.0,63.0
37,length8_plentiful,3,30,8,3,19,60.0,45.0,88.0,70.0
37,length8_plentiful,3,31,8,2,1,59.0,74.0,62.0,70.0
37,length8_plentiful,3,32,8,2,5,66.0,79.0,46.0,56.0
37,length8_plentiful,3,33,8,3,16,43.0,78.0,87.0,89.0
37,length8_plentiful,3,34,8,3,17,71.0,64.0,85.0,70.0
37,length8_plentiful,3,35,8,2,29,75.0,89.0,67.0,87.0
37,length8_plentiful,3,36,8,1,9,82.0,68.0,76.0,79.0
37,length8_plentiful,3,37,8,1,13,89.0,58.0,75.0,95.0
37,length8_plentiful,3,38,8,3,2,73.0,74.0,78.0,52.0
37,length8_plentiful,3,39,8,3,20,35.0,45.0,74.0,72.0
37,length8_plentiful,3,40,8,1,4,80.0,70.0,69.0,89.0
38,length4_neutral,0,1,4,4,34,49.0,39.0,25.0,81.0
38,length4_neutral,0,2,4,4,33,98.0,93.0,67.0,39.0
38,length4_neutral,0,3,4,4,14,52.0,1.0,85.0,50.0
38,length4_neutral,0,4,4,4,12,63.0,21.0,43.0,28.0
38,length4_neutral,0,5,4,2,13,3.0,93.0,67.0,77.0
38,length4_neutral,0,6,4,4,28,5.0,60.0,53.0,36.0
38,length4_neutral,0,7,4,4,11,12.0,91.0,36.0,95.0
38,length4_neutral,0,8,4,3,15,23.0,40.0,86.0,5.0
38,length4_neutral,0,9,4,2,9,56.0,72.0,22.0,25.0
38,length4_neutral,0,10,4,2,22,81.0,96.0,83.0,71.0
38,length4_neutral,0,11,4,2,30,11.0,98.0,61.0,64.0
38,length4_neutral,0,12,4,3,17,17.0,62.0,80.0,7.0
38,length4_neutral,0,13,4,3,25,42.0,36.0,91.0,16.0
38,length4_neutral,0,14,4,2,26,42.0,80.0,70.0,63.0
38,length4_neutral,0,15,4,4,4,3.0,28.0,25.0,84.0
38,length4_neutral,0,16,4,3,36,35.0,9.0,91.0,24.0
38,length4_neutral,0,17,4,4,7,22.0,26.0,24.0,21.0
38,length4_neutral,0,18,4,4,3,87.0,12.0,50.0,55.0
38,length4_neutral,0,19,4,4,19,36.0,7.0,15.0,44.0
38,length4_neutral,0,20,4,4,35,67.0,63.0,7.0,30.0
38,length4_neutral,0,21,4,2,40,62.0,81.0,72.0,61.0
38,length4_neutral,0,22,4,4,23,64.0,62.0,19.0,48.0
38,length4_neutral,0,23,4,3,39,79.0,69.0,97.0,43.0
38,length4_neutral,0,24,4,4,32,46.0,42.0,6.0,26.0
38,length4_neutral,0,25,4,4,1,62.0,9.0,70.0,94.0
38,length4_neutral,0,26,4,4,24,90.0,54.0,87.0,84.0
38,length4_neutral,0,27,4,4,6,74.0,75.0,43.0,78.0
38,length4_neutral,0,28,4,4,8,85.0,76.0,22.0,16.0
38,length4_neutral,0,29,4,4,27,56.0,34.0,22.0,64.0
38,length4_neutral,0,30,4,1,16,91.0,33.0,54.0,42.0
38,length4_neutral,0,31,4,3,18,50.0,69.0,72.0,20.0
38,length4_neutral,0,32,4,4,37,60.0,57.0,22.0,46.0
38,length4_neutral,0,33,4,3,20,10.0,37.0,84.0,36.0
38,length4_neutral,0,34,4,2,5,22.0,80.0,19.0,2.0
38,length4_neutral,0,35,4,2,10,35.0,86.0,84.0,77.0
38,length4_neutral,0,36,4,2,38,81.0,93.0,69.0,11.0
38,length4_neutral,0,37,4,4,21,67.0,27.0,37.0,45.0
38,length4_neutral,0,38,4,3,31,39.0,59.0,67.0,42.0
38,length4_neutral,0,39,4,4,29,7.0,35.0,27.0,3.0
38,length4_neutral,0,40,4,3,2,42.0,9.0,95.0,26.0
38,length4_plentiful,1,1,4,4,34,76.0,63.0,60.0,79.0
38,length4_plentiful,1,2,4,1,33,88.0,62.0,84.0,73.0
38,length4_plentiful,1,3,4,4,14,69.0,76.0,65.0,90.0
38,length4_plentiful,1,4,4,3,12,39.0,61.0,64.0,54.0
38,length4_plentiful,1,5,4,4,13,72.0,57.0,18.0,71.0
38,length4_plentiful,1,6,4,4,28,63.0,29.0,60.0,75.0
38,length4_plentiful,1,7,4,3,11,60.0,71.0,84.0,81.0
38,length4_plentiful,1,8,4,4,15,95.0,52.0,59.0,36.0
38,length4_plentiful,1,9,4,2,9,17.0,65.0,44.0,96.0
38,length4_plentiful,1,10,4,4,22,72.0,38.0,62.0,86.0
38,length4_plentiful,1,11,4,1,30,70.0,76.0,91.0,82.0
38,length4_plentiful,1,12,4,2,17,68.0,90.0,59.0,60.0
38,length4_plentiful,1,13,4,4,25,68.0,38.0,33.0,47.0
38,length4_plentiful,1,14,4,3,26,83.0,79.0,84.0,66.0
38,length4_plentiful,1,15,4,4,4,60.0,59.0,35.0,67.0
38,length4_plentiful,1,16,4,3,36,54.0,68.0,72.0,89.0
38,length4_plentiful,1,17,4,4,7,93.0,55.0,62.0,57.0
38,length4_plentiful,1,18,4,2,3,85.0,87.0,71.0,48.0
38,length4_plentiful,1,19,4,4,19,90.0,79.0,72.0,89.0
38,length4_plentiful,1,20,4,3,35,73.0,74.0,87.0,55.0
38,length4_plentiful,1,21,4,3,40,59.0,66.0,72.0,76.0
38,length4_plentiful,1,22,4,1,23,97.0,80.0,69.0,43.0
38,length4_plentiful,1,23,4,4,39,68.0,42.0,33.0,92.0
38,length4_plentiful,1,24,4,3,32,54.0,44.0,88.0,87.0
38,length4_plentiful,1,25,4,3,1,39.0,64.0,68.0,57.0
38,length4_plentiful,1,26,4,2,24,74.0,79.0,68.0,66.0
38,length4_plentiful,1,27,4,3,6,83.0,64.0,85.0,97.0
38,length4_plentiful,1,28,4,4,8,76.0,39.0,35.0,72.0
38,length4_plentiful,1,29,4,2,27,62.0,88.0,77.0,71.0
38,length4_plentiful,1,30,4,2,16,57.0,77.0,72.0,85.0
38,length4_plentiful,1,31,4,2,18,65.0,87.0,48.0,77.0
38,length4_plentiful,1,32,4,3,37,51.0,52.0,66.0,84.0
38,length4_plentiful,1,33,4,4,20,89.0,87.0,85.0,49.0
38,length4_plentiful,1,34,4,4,5,79.0,57.0,61.0,74.0
38,length4_plentiful,1,35,4,4,10,73.0,70.0,50.0,88.0
38,length4_plentiful,1,36,4,3,38,76.0,74.0,95.0,89.0
38,length4_plentiful,1,37,4,4,21,91.0,60.0,80.0,79.0
38,length4_plentiful,1,38,4,4,31,82.0,43.0,78.0,58.0
38,length4_plentiful,1,39,4,3,29,75.0,81.0,90.0,92.0
38,length4_plentiful,1,40,4,3,2,71.0,61.0,74.0,84.0
38,length8_neutral,2,1,8,5,34,56.0,15.0,66.0,36.0
38,length8_neutral,2,2,8,3,33,22.0,60.0,87.0,84.0
38,length8_neutral,2,3,8,8,14,63.0,74.0,38.0,46.0
38,length8_neutral,2,4,8,8,12,21.0,42.0,84.0,66.0
38,length8_neutral,2,5,8,8,13,93.0,3.0,8.0,59.0
38,length8_neutral,2,6,8,8,28,39.0,56.0,6.0,13.0
38,length8_neutral,2,7,8,4,11,37.0,60.0,82.0,84.0
38,length8_neutral,2,8,8,8,15,77.0,19.0,97.0,65.0
38,length8_neutral,2,9,8,8,9,14.0,26.0,59.0,37.0
38,length8_neutral,2,10,8,4,22,26.0,21.0,50.0,97.0
38,length8_neutral,2,11,8,8,30,58.0,2.0,87.0,9.0
38,length8_neutral,2,12,8,7,17,31.0,81.0,84.0,16.0
38,length8_neutral,2,13,8,7,25,28.0,24.0,62.0,55.0
38,length8_neutral,2,14,8,8,26,81.0,36.0,74.0,79.0
38,length8_neutral,2,15,8,6,4,85.0,12.0,40.0,50.0
38,length8_neutral,2,16,8,7,36,88.0,45.0,7.0,44.0
38,length8_neutral,2,17,8,7,7,42.0,98.0,63.0,28.0
38,length8_neutral,2,18,8,4,3,41.0,44.0,81.0,91.0
38,length8_neutral,2,19,8,4,19,49.0,63.0,15.0,81.0
38,length8_neutral,2,20,8,8,35,77.0,51.0,10.0,37.0
38,length8_neutral,2,21,8,8,40,87.0,95.0,62.0,79.0
38,length8_neutral,2,22,8,8,23,67.0,8.0,34.0,66.0
38,length8_neutral,2,23,8,8,39,8.0,30.0,59.0,32.0
38,length8_neutral,2,24,8,5,32,8.0,50.0,88.0,47.0
38,length8_neutral,2,25,8,7,1,10.0,8.0,27.0,33.0
38,length8_neutral,2,26,8,8,24,61.0,98.0,9.0,73.0
38,length8_neutral,2,27,8,6,6,62.0,72.0,16.0,4.0
38,length8_neutral,2,28,8,8,8,63.0,79.0,32.0,8.0
38,length8_neutral,2,29,8,1,27,92.0,8.0,20.0,75.0
38,length8_neutral,2,30,8,8,16,94.0,62.0,84.0,37.0
38,length8_neutral,2,31,8,1,18,94.0,87.0,24.0,12.0
38,length8_neutral,2,32,8,8,37,45.0,80.0,19.0,64.0
38,length8_neutral,2,33,8,8,20,77.0,66.0,91.0,36.0
38,length8_neutral,2,34,8,5,5,28.0,62.0,65.0,57.0
38,length8_neutral,2,35,8,8,10,7.0,39.0,73.0,35.0
38,length8_neutral,2,36,8,5,38,5.0,75.0,64.0,20.0
38,length8_neutral,2,37,8,8,21,2.0,49.0,12.0,5.0
38,length8_neutral,2,38,8,8,31,95.0,10.0,64.0,84.0
38,length8_neutral,2,39,8,8,29,93.0,5.0,57.0,61.0
38,length8_neutral,2,40,8,3,2,83.0,52.0,96.0,53.0
38,length8_plentiful,3,1,8,8,34,50.0,44.0,45.0,43.0
38,length8_plentiful,3,2,8,3,33,51.0,62.0,93.0,33.0
38,length8_plentiful,3,3,8,5,14,27.0,36.0,79.0,81.0
38,length8_plentiful,3,4,8,4,12,79.0,40.0,37.0,95.0
38,length8_plentiful,3,5,8,7,13,80.0,66.0,70.0,84.0
38,length8_plentiful,3,6,8,6,28,57.0,72.0,63.0,58.0
38,length8_plentiful,3,7,8,5,11,80.0,73.0,61.0,77.0
38,length8_plentiful,3,8,8,7,15,88.0,75.0,80.0,82.0
38,length8_plentiful,3,9,8,2,9,31.0,89.0,67.0,86.0
38,length8_plentiful,3,10,8,6,22,84.0,32.0,59.0,89.0
38,length8_plentiful,3,11,8,8,30,78.0,97.0,53.0,55.0
38,length8_plentiful,3,12,8,5,17,30.0,52.0,54.0,60.0
38,length8_plentiful,3,13,8,4,25,69.0,85.0,44.0,93.0
38,length8_plentiful,3,14,8,8,26,49.0,57.0,62.0,73.0
38,length8_plentiful,3,15,8,8,4,82.0,86.0,52.0,87.0
38,length8_plentiful,3,16,8,8,36,94.0,51.0,79.0,78.0
38,length8_plentiful,3,17,8,2,7,93.0,94.0,26.0,54.0
38,length8_plentiful,3,18,8,8,3,91.0,35.0,56.0,87.0
38,length8_plentiful,3,19,8,6,19,71.0,80.0,36.0,31.0
38,length8_plentiful,3,20,8,8,35,70.0,63.0,53.0,91.0
38,length8_plentiful,3,21,8,8,40,82.0,80.0,18.0,56.0
38,length8_plentiful,3,22,8,4,23,75.0,35.0,79.0,89.0
38,length8_plentiful,3,23,8,5,39,68.0,38.0,35.0,69.0
38,length8_plentiful,3,24,8,8,32,43.0,66.0,74.0,80.0
38,length8_plentiful,3,25,8,3,1,57.0,71.0,97.0,81.0
38,length8_plentiful,3,26,8,4,24,79.0,61.0,62.0,90.0
38,length8_plentiful,3,27,8,8,6,49.0,73.0,57.0,58.0
38,length8_plentiful,3,28,8,8,8,49.0,38.0,81.0,69.0
38,length8_plentiful,3,29,8,8,27,54.0,78.0,52.0,65.0
38,length8_plentiful,3,30,8,5,16,41.0,69.0,63.0,55.0
38,length8_plentiful,3,31,8,8,18,59.0,85.0,46.0,78.0
38,length8_plentiful,3,32,8,8,37,93.0,85.0,92.0,62.0
38,length8_plentiful,3,33,8,3,20,65.0,69.0,88.0,42.0
38,length8_plentiful,3,34,8,3,5,68.0,48.0,71.0,45.0
38,length8_plentiful,3,35,8,8,10,64.0,57.0,75.0,76.0
38,length8_plentiful,3,36,8,8,38,72.0,52.0,49.0,61.0
38,length8_plentiful,3,37,8,6,21,86.0,64.0,24.0,52.0
38,length8_plentiful,3,38,8,6,31,41.0,59.0,25.0,75.0
38,length8_plentiful,3,39,8,8,29,52.0,76.0,67.0,55.0
38,length8_plentiful,3,40,8,8,2,63.0,86.0,82.0,55.0
39,length4_neutral,0,1,4,1,30,95.0,66.0,15.0,13.0
39,length4_neutral,0,2,4,3,18,38.0,9.0,73.0,48.0
39,length4_neutral,0,3,4,1,32,51.0,77.0,12.0,2.0
39,length4_neutral,0,4,4,2,37,7.0,82.0,11.0,32.0
39,length4_neutral,0,5,4,2,17,16.0,84.0,17.0,89.0
39,length4_neutral,0,6,4,1,8,42.0,7.0,96.0,56.0
39,length4_neutral,0,7,4,1,14,75.0,29.0,37.0,26.0
39,length4_neutral,0,8,4,4,28,90.0,79.0,69.0,31.0
39,length4_neutral,0,9,4,4,11,4.0,10.0,13.0,8.0
39,length4_neutral,0,10,4,1,24,94.0,60.0,86.0,11.0
39,length4_neutral,0,11,4,1,31,95.0,10.0,97.0,77.0
39,length4_neutral,0,12,4,4,26,53.0,42.0,11.0,60.0
39,length4_neutral,0,13,4,1,38,72.0,83.0,90.0,94.0
39,length4_neutral,0,14,4,4,12,39.0,45.0,59.0,20.0
39,length4_neutral,0,15,4,1,36,84.0,98.0,24.0,26.0
39,length4_neutral,0,16,4,1,21,95.0,37.0,42.0,11.0
39,length4_neutral,0,17,4,2,29,9.0,89.0,1.0,12.0
39,length4_neutral,0,18,4,4,27,18.0,67.0,34.0,41.0
39,length4_neutral,0,19,4,3,20,7.0,19.0,67.0,1.0
39,length4_neutral,0,20,4,2,16,44.0,81.0,34.0,28.0
39,length4_neutral,0,21,4,2,19,19.0,61.0,91.0,40.0
39,length4_neutral,0,22,4,3,4,37.0,46.0,87.0,15.0
39,length4_neutral,0,23,4,4,15,9.0,62.0,2.0,36.0
39,length4_neutral,0,24,4,1,23,72.0,93.0,84.0,17.0
39,length4_neutral,0,25,4,2,35,49.0,75.0,71.0,13.0
39,length4_neutral,0,26,4,1,2,93.0,79.0,18.0,97.0
39,length4_neutral,0,27,4,1,9,88.0,70.0,72.0,52.0
39,length4_neutral,0,28,4,3,6,21.0,22.0,59.0,61.0
39,length4_neutral,0,29,4,4,25,83.0,7.0,13.0,96.0
39,length4_neutral,0,30,4,2,5,47.0,92.0,62.0,32.0
39,length4_neutral,0,31,4,3,7,5.0,4.0,68.0,52.0
39,length4_neutral,0,32,4,3,33,5.0,36.0,90.0,50.0
39,length4_neutral,0,33,4,1,39,86.0,92.0,15.0,12.0
39,length4_neutral,0,34,4,1,40,79.0,29.0,65.0,58.0
39,length4_neutral,0,35,4,3,10,7.0,21.0,54.0,40.0
39,length4_neutral,0,36,4,2,34,23.0,81.0,71.0,46.0
39,length4_neutral,0,37,4,2,13,25.0,88.0,13.0,79.0
39,length4_neutral,0,38,4,4,22,18.0,59.0,31.0,52.0
39,length4_neutral,0,39,4,3,3,9.0,42.0,53.0,25.0
39,length4_neutral,0,40,4,1,1,79.0,29.0,38.0,12.0
39,length4_plentiful,1,1,4,1,30,80.0,57.0,26.0,63.0
39,length4_plentiful,1,2,4,4,18,59.0,69.0,71.0,55.0
39,length4_plentiful,1,3,4,1,32,70.0,69.0,61.0,43.0
39,length4_plentiful,1,4,4,2,37,64.0,94.0,71.0,90.0
39,length4_plentiful,1,5,4,4,17,60.0,46.0,81.0,66.0
39,length4_plentiful,1,6,4,3,8,58.0,64.0,87.0,53.0
39,length4_plentiful,1,7,4,2,14,61.0,77.0,46.0,64.0
39,length4_plentiful,1,8,4,2,28,26.0,89.0,69.0,48.0
39,length4_plentiful,1,9,4,2,11,52.0,86.0,76.0,93.0
39,length4_plentiful,1,10,4,4,24,88.0,64.0,83.0,41.0
39,length4_plentiful,1,11,4,1,31,80.0,57.0,55.0,89.0
39,length4_plentiful,1,12,4,1,26,79.0,82.0,97.0,62.0
39,length4_plentiful,1,13,4,1,38,97.0,63.0,69.0,68.0
39,length4_plentiful,1,14,4,4,12,59.0,55.0,47.0,77.0
39,length4_plentiful,1,15,4,3,36,52.0,53.0,90.0,62.0
39,length4_plentiful,1,16,4,2,21,46.0,85.0,55.0,87.0
39,length4_plentiful,1,17,4,2,29,65.0,86.0,48.0,59.0
39,length4_plentiful,1,18,4,4,27,56.0,51.0,50.0,89.0
39,length4_plentiful,1,19,4,3,20,85.0,39.0,50.0,53.0
39,length4_plentiful,1,20,4,4,16,52.0,64.0,56.0,81.0
39,length4_plentiful,1,21,4,2,19,68.0,88.0,84.0,49.0
39,length4_plentiful,1,22,4,1,4,85.0,65.0,80.0,78.0
39,length4_plentiful,1,23,4,1,15,89.0,52.0,80.0,55.0
39,length4_plentiful,1,24,4,1,23,81.0,73.0,66.0,80.0
39,length4_plentiful,1,25,4,2,35,44.0,84.0,89.0,69.0
39,length4_plentiful,1,26,4,3,2,76.0,51.0,82.0,64.0
39,length4_plentiful,1,27,4,3,9,36.0,43.0,79.0,76.0
39,length4_plentiful,1,28,4,2,6,32.0,66.0,63.0,95.0
39,length4_plentiful,1,29,4,1,25,96.0,82.0,85.0,93.0
39,length4_plentiful,1,30,4,1,5,64.0,39.0,84.0,82.0
39,length4_plentiful,1,31,4,1,7,90.0,81.0,61.0,39.0
39,length4_plentiful,1,32,4,1,33,77.0,23.0,47.0,26.0
39,length4_plentiful,1,33,4,1,39,83.0,73.0,71.0,62.0
39,length4_plentiful,1,34,4,4,40,61.0,30.0,49.0,91.0
39,length4_plentiful,1,35,4,4,10,77.0,63.0,75.0,79.0
39,length4_plentiful,1,36,4,2,34,73.0,78.0,56.0,22.0
39,length4_plentiful,1,37,4,1,13,75.0,79.0,56.0,86.0
39,length4_plentiful,1,38,4,1,22,94.0,81.0,68.0,47.0
39,length4_plentiful,1,39,4,2,3,54.0,72.0,18.0,57.0
39,length4_plentiful,1,40,4,4,1,67.0,53.0,59.0,49.0
39,length8_neutral,2,1,8,7,30,35.0,77.0,15.0,1.0
39,length8_neutral,2,2,8,2,18,4.0,89.0,77.0,93.0
39,length8_neutral,2,3,8,3,32,71.0,77.0,83.0,22.0
39,length8_neutral,2,4,8,2,37,68.0,82.0,63.0,93.0
39,length8_neutral,2,5,8,8,17,26.0,4.0,39.0,14.0
39,length8_neutral,2,6,8,2,8,43.0,63.0,21.0,86.0
39,length8_neutral,2,7,8,8,14,88.0,26.0,31.0,78.0
39,length8_neutral,2,8,8,1,28,83.0,92.0,49.0,43.0
39,length8_neutral,2,9,8,8,11,76.0,31.0,21.0,16.0
39,length8_neutral,2,10,8,5,24,22.0,79.0,32.0,2.0
39,length8_neutral,2,11,8,5,31,1.0,85.0,89.0,24.0
39,length8_neutral,2,12,8,8,26,46.0,19.0,45.0,4.0
39,length8_neutral,2,13,8,3,38,64.0,42.0,83.0,7.0
39,length8_neutral,2,14,8,2,12,77.0,82.0,29.0,34.0
39,length8_neutral,2,15,8,4,36,73.0,14.0,13.0,90.0
39,length8_neutral,2,16,8,1,21,61.0,12.0,10.0,48.0
39,length8_neutral,2,17,8,6,29,46.0,43.0,51.0,6.0
39,length8_neutral,2,18,8,8,27,97.0,35.0,57.0,80.0
39,length8_neutral,2,19,8,8,20,30.0,62.0,45.0,46.0
39,length8_neutral,2,20,8,8,16,76.0,60.0,51.0,73.0
39,length8_neutral,2,21,8,4,19,13.0,12.0,15.0,83.0
39,length8_neutral,2,22,8,2,4,51.0,89.0,25.0,88.0
39,length8_neutral,2,23,8,3,15,80.0,40.0,83.0,57.0
39,length8_neutral,2,24,8,7,23,25.0,17.0,12.0,23.0
39,length8_neutral,2,25,8,4,35,16.0,48.0,56.0,79.0
39,length8_neutral,2,26,8,8,2,92.0,41.0,87.0,86.0
39,length8_neutral,2,27,8,3,9,7.0,55.0,96.0,23.0
39,length8_neutral,2,28,8,3,6,73.0,53.0,94.0,29.0
39,length8_neutral,2,29,8,1,25,94.0,87.0,35.0,57.0
39,length8_neutral,2,30,8,8,5,31.0,62.0,38.0,36.0
39,length8_neutral,2,31,8,3,7,52.0,1.0,65.0,96.0
39,length8_neutral,2,32,8,2,33,20.0,76.0,30.0,72.0
39,length8_neutral,2,33,8,2,39,31.0,67.0,45.0,8.0
39,length8_neutral,2,34,8,6,40,41.0,18.0,13.0,49.0
39,length8_neutral,2,35,8,1,10,93.0,53.0,59.0,67.0
39,length8_neutral,2,36,8,4,34,75.0,62.0,74.0,93.0
39,length8_neutral,2,37,8,7,13,94.0,77.0,85.0,11.0
39,length8_neutral,2,38,8,8,22,12.0,55.0,31.0,30.0
39,length8_neutral,2,39,8,7,3,72.0,62.0,33.0,45.0
39,length8_neutral,2,40,8,8,1,86.0,7.0,77.0,50.0
39,length8_plentiful,3,1,8,4,30,50.0,69.0,73.0,92.0
39,length8_plentiful,3,2,8,6,18,63.0,68.0,66.0,74.0
39,length8_plentiful,3,3,8,2,32,70.0,89.0,85.0,42.0
39,length8_plentiful,3,4,8,8,37,84.0,88.0,68.0,91.0
39,length8_plentiful,3,5,8,3,17,61.0,28.0,82.0,57.0
39,length8_plentiful,3,6,8,6,8,62.0,68.0,58.0,57.0
39,length8_plentiful,3,7,8,6,14,87.0,42.0,75.0,68.0
39,length8_plentiful,3,8,8,1,28,82.0,76.0,87.0,53.0
39,length8_plentiful,3,9,8,6,11,66.0,70.0,54.0,59.0
39,length8_plentiful,3,10,8,6,24,65.0,43.0,30.0,81.0
39,length8_plentiful,3,11,8,2,31,67.0,89.0,96.0,58.0
39,length8_plentiful,3,12,8,3,26,67.0,68.0,98.0,84.0
39,length8_plentiful,3,13,8,8,38,88.0,56.0,79.0,75.0
39,length8_plentiful,3,14,8,5,12,50.0,44.0,69.0,63.0
39,length8_plentiful,3,15,8,8,36,49.0,36.0,78.0,30.0
39,length8_plentiful,3,16,8,7,21,54.0,58.0,45.0,69.0
39,length8_plentiful,3,17,8,2,29,76.0,84.0,85.0,94.0
39,length8_plentiful,3,18,8,1,27,62.0,64.0,87.0,79.0
39,length8_plentiful,3,19,8,3,20,65.0,62.0,89.0,49.0
39,length8_plentiful,3,20,8,6,16,44.0,63.0,70.0,68.0
39,length8_plentiful,3,21,8,6,19,90.0,72.0,87.0,69.0
39,length8_plentiful,3,22,8,2,4,35.0,86.0,87.0,65.0
39,length8_plentiful,3,23,8,7,15,80.0,52.0,35.0,30.0
39,length8_plentiful,3,24,8,2,23,54.0,94.0,33.0,70.0
39,length8_plentiful,3,25,8,7,35,78.0,52.0,74.0,77.0
39,length8_plentiful,3,26,8,3,2,30.0,68.0,93.0,70.0
39,length8_plentiful,3,27,8,5,9,78.0,49.0,63.0,72.0
39,length8_plentiful,3,28,8,3,6,57.0,46.0,90.0,36.0
39,length8_plentiful,3,29,8,8,25,81.0,78.0,44.0,63.0
39,length8_plentiful,3,30,8,1,5,60.0,45.0,88.0,70.0
39,length8_plentiful,3,31,8,7,7,59.0,74.0,62.0,70.0
39,length8_plentiful,3,32,8,1,33,66.0,79.0,46.0,56.0
39,length8_plentiful,3,33,8,3,39,43.0,78.0,87.0,89.0
39,length8_plentiful,3,34,8,3,40,71.0,64.0,85.0,70.0
39,length8_plentiful,3,35,8,8,10,75.0,89.0,67.0,87.0
39,length8_plentiful,3,36,8,6,34,82.0,68.0,76.0,79.0
39,length8_plentiful,3,37,8,1,13,89.0,58.0,75.0,95.0
39,length8_plentiful,3,38,8,8,22,73.0,74.0,78.0,52.0
39,length8_plentiful,3,39,8,4,3,35.0,45.0,74.0,72.0
39,length8_plentiful,3,40,8,8,1,80.0,70.0,69.0,89.0
40,length4_neutral,0,1,4,4,25,95.0,66.0,15.0,13.0
40,length4_neutral,0,2,4,3,21,38.0,9.0,73.0,48.0
40,length4_neutral,0,3,4,2,9,51.0,77.0,12.0,2.0
40,length4_neutral,0,4,4,2,35,7.0,82.0,11.0,32.0
40,length4_neutral,0,5,4,2,17,16.0,84.0,17.0,89.0
40,length4_neutral,0,6,4,3,33,42.0,7.0,96.0,56.0
40,length4_neutral,0,7,4,1,12,75.0,29.0,37.0,26.0
40,length4_neutral,0,8,4,1,26,90.0,79.0,69.0,31.0
40,length4_neutral,0,9,4,4,29,4.0,10.0,13.0,8.0
40,length4_neutral,0,10,4,1,31,94.0,60.0,86.0,11.0
40,length4_neutral,0,11,4,1,27,95.0,10.0,97.0,77.0
40,length4_neutral,0,12,4,4,32,53.0,42.0,11.0,60.0
40,length4_neutral,0,13,4,2,10,72.0,83.0,90.0,94.0
40,length4_neutral,0,14,4,3,39,39.0,45.0,59.0,20.0
40,length4_neutral,0,15,4,1,37,84.0,98.0,24.0,26.0
40,length4_neutral,0,16,4,1,14,95.0,37.0,42.0,11.0
40,length4_neutral,0,17,4,2,38,9.0,89.0,1.0,12.0
40,length4_neutral,0,18,4,2,2,18.0,67.0,34.0,41.0
40,length4_neutral,0,19,4,3,7,7.0,19.0,67.0,1.0
40,length4_neutral,0,20,4,2,28,44.0,81.0,34.0,28.0
40,length4_neutral,0,21,4,2,11,19.0,61.0,91.0,40.0
40,length4_neutral,0,22,4,2,20,37.0,46.0,87.0,15.0
40,length4_neutral,0,23,4,4,19,9.0,62.0,2.0,36.0
40,length4_neutral,0,24,4,1,36,72.0,93.0,84.0,17.0
40,length4_neutral,0,25,4,2,23,49.0,75.0,71.0,13.0
40,length4_neutral,0,26,4,1,18,93.0,79.0,18.0,97.0
40,length4_neutral,0,27,4,1,5,88.0,70.0,72.0,52.0
40,length4_neutral,0,28,4,3,30,21.0,22.0,59.0,61.0
40,length4_neutral,0,29,4,1,24,83.0,7.0,13.0,96.0
40,length4_neutral,0,30,4,2,13,47.0,92.0,62.0,32.0
40,length4_neutral,0,31,4,3,16,5.0,4.0,68.0,52.0
40,length4_neutral,0,32,4,3,8,5.0,36.0,90.0,50.0
40,length4_neutral,0,33,4,1,3,86.0,92.0,15.0,12.0
40,length4_neutral,0,34,4,1,6,79.0,29.0,65.0,58.0
40,length4_neutral,0,35,4,3,1,7.0,21.0,54.0,40.0
40,length4_neutral,0,36,4,2,22,23.0,81.0,71.0,46.0
40,length4_neutral,0,37,4,2,4,25.0,88.0,13.0,79.0
40,length4_neutral,0,38,4,1,40,18.0,59.0,31.0,52.0
40,length4_neutral,0,39,4,3,15,9.0,42.0,53.0,25.0
40,length4_neutral,0,40,4,1,34,79.0,29.0,38.0,12.0
40,length4_plentiful,1,1,4,1,25,80.0,57.0,26.0,63.0
40,length4_plentiful,1,2,4,3,21,59.0,69.0,71.0,55.0
40,length4_plentiful,1,3,4,1,9,70.0,69.0,61.0,43.0
40,length4_plentiful,1,4,4,2,35,64.0,94.0,71.0,90.0
40,length4_plentiful,1,5,4,3,17,60.0,46.0,81.0,66.0
40,length4_plentiful,1,6,4,3,33,58.0,64.0,87.0,53.0
40,length4_plentiful,1,7,4,2,12,61.0,77.0,46.0,64.0
40,length4_plentiful,1,8,4,2,26,26.0,89.0,69.0,48.0
40,length4_plentiful,1,9,4,2,29,52.0,86.0,76.0,93.0
40,length4_plentiful,1,10,4,1,31,88.0,64.0,83.0,41.0
40,length4_plentiful,1,11,4,1,27,80.0,57.0,55.0,89.0
40,length4_plentiful,1,12,4,1,32,79.0,82.0,97.0,62.0
40,length4_plentiful,1,13,4,1,10,97.0,63.0,69.0,68.0
40,length4_plentiful,1,14,4,4,39,59.0,55.0,47.0,77.0
40,length4_plentiful,1,15,4,3,37,52.0,53.0,90.0,62.0
40,length4_plentiful,1,16,4,2,14,46.0,85.0,55.0,87.0
40,length4_plentiful,1,17,4,1,38,65.0,86.0,48.0,59.0
40,length4_plentiful,1,18,4,4,2,56.0,51.0,50.0,89.0
40,length4_plentiful,1,19,4,1,7,85.0,39.0,50.0,53.0
40,length4_plentiful,1,20,4,4,28,52.0,64.0,56.0,81.0
40,length4_plentiful,1,21,4,2,11,68.0,88.0,84.0,49.0
40,length4_plentiful,1,22,4,1,20,85.0,65.0,80.0,78.0
40,length4_plentiful,1,23,4,1,19,89.0,52.0,80.0,55.0
40,length4_plentiful,1,24,4,1,36,81.0,73.0,66.0,80.0
40,length4_plentiful,1,25,4,2,23,44.0,84.0,89.0,69.0
40,length4_plentiful,1,26,4,1,18,76.0,51.0,82.0,64.0
40,length4_plentiful,1,27,4,3,5,36.0,43.0,79.0,76.0
40,length4_plentiful,1,28,4,4,30,32.0,66.0,63.0,95.0
40,length4_plentiful,1,29,4,1,24,96.0,82.0,85.0,93.0
40,length4_plentiful,1,30,4,3,13,64.0,39.0,84.0,82.0
40,length4_plentiful,1,31,4,1,16,90.0,81.0,61.0,39.0
40,length4_plentiful,1,32,4,1,8,77.0,23.0,47.0,26.0
40,length4_plentiful,1,33,4,1,3,83.0,73.0,71.0,62.0
40,length4_plentiful,1,34,4,1,6,61.0,30.0,49.0,91.0
40,length4_plentiful,1,35,4,4,1,77.0,63.0,75.0,79.0
40,length4_plentiful,1,36,4,4,22,73.0,78.0,56.0,22.0
40,length4_plentiful,1,37,4,1,4,75.0,79.0,56.0,86.0
40,length4_plentiful,1,38,4,1,40,94.0,81.0,68.0,47.0
40,length4_plentiful,1,39,4,4,15,54.0,72.0,18.0,57.0
40,length4_plentiful,1,40,4,1,34,67.0,53.0,59.0,49.0
40,length8_neutral,2,1,8,7,25,35.0,77.0,15.0,1.0
40,length8_neutral,2,2,8,2,21,4.0,89.0,77.0,93.0
40,length8_neutral,2,3,8,3,9,71.0,77.0,83.0,22.0
40,length8_neutral,2,4,8,4,35,68.0,82.0,63.0,93.0
40,length8_neutral,2,5,8,8,17,26.0,4.0,39.0,14.0
40,length8_neutral,2,6,8,4,33,43.0,63.0,21.0,86.0
40,length8_neutral,2,7,8,1,12,88.0,26.0,31.0,78.0
40,length8_neutral,2,8,8,1,26,83.0,92.0,49.0,43.0
40,length8_neutral,2,9,8,8,29,76.0,31.0,21.0,16.0
40,length8_neutral,2,10,8,5,31,22.0,79.0,32.0,2.0
40,length8_neutral,2,11,8,3,27,1.0,85.0,89.0,24.0
40,length8_neutral,2,12,8,8,32,46.0,19.0,45.0,4.0
40,length8_neutral,2,13,8,7,10,64.0,42.0,83.0,7.0
40,length8_neutral,2,14,8,8,39,77.0,82.0,29.0,34.0
40,length8_neutral,2,15,8,4,37,73.0,14.0,13.0,90.0
40,length8_neutral,2,16,8,8,14,61.0,12.0,10.0,48.0
40,length8_neutral,2,17,8,6,38,46.0,43.0,51.0,6.0
40,length8_neutral,2,18,8,1,2,97.0,35.0,57.0,80.0
40,length8_neutral,2,19,8,8,7,30.0,62.0,45.0,46.0
40,length8_neutral,2,20,8,8,28,76.0,60.0,51.0,73.0
40,length8_neutral,2,21,8,4,11,13.0,12.0,15.0,83.0
40,length8_neutral,2,22,8,8,20,51.0,89.0,25.0,88.0
40,length8_neutral,2,23,8,1,19,80.0,40.0,83.0,57.0
40,length8_neutral,2,24,8,7,36,25.0,17.0,12.0,23.0
40,length8_neutral,2,25,8,2,23,16.0,48.0,56.0,79.0
40,length8_neutral,2,26,8,1,18,92.0,41.0,87.0,86.0
40,length8_neutral,2,27,8,3,5,7.0,55.0,96.0,23.0
40,length8_neutral,2,28,8,3,30,73.0,53.0,94.0,29.0
40,length8_neutral,2,29,8,1,24,94.0,87.0,35.0,57.0
40,length8_neutral,2,30,8,8,13,31.0,62.0,38.0,36.0
40,length8_neutral,2,31,8,4,16,52.0,1.0,65.0,96.0
40,length8_neutral,2,32,8,6,8,20.0,76.0,30.0,72.0
40,length8_neutral,2,33,8,7,3,31.0,67.0,45.0,8.0
40,length8_neutral,2,34,8,6,6,41.0,18.0,13.0,49.0
40,length8_neutral,2,35,8,1,1,93.0,53.0,59.0,67.0
40,length8_neutral,2,36,8,1,22,75.0,62.0,74.0,93.0
40,length8_neutral,2,37,8,1,4,94.0,77.0,85.0,11.0
40,length8_neutral,2,38,8,8,40,12.0,55.0,31.0,30.0
40,length8_neutral,2,39,8,8,15,72.0,62.0,33.0,45.0
40,length8_neutral,2,40,8,8,34,86.0,7.0,77.0,50.0
40,length8_plentiful,3,1,8,4,25,50.0,69.0,73.0,92.0
40,length8_plentiful,3,2,8,6,21,63.0,68.0,66.0,74.0
40,length8_plentiful,3,3,8,8,9,70.0,89.0,85.0,42.0
40,length8_plentiful,3,4,8,6,35,84.0,88.0,68.0,91.0
40,length8_plentiful,3,5,8,3,17,61.0,28.0,82.0,57.0
40,length8_plentiful,3,6,8,8,33,62.0,68.0,58.0,57.0
40,length8_plentiful,3,7,8,1,12,87.0,42.0,75.0,68.0
40,length8_plentiful,3,8,8,1,26,82.0,76.0,87.0,53.0
40,length8_plentiful,3,9,8,1,29,66.0,70.0,54.0,59.0
40,length8_plentiful,3,10,8,4,31,65.0,43.0,30.0,81.0
40,length8_plentiful,3,11,8,2,27,67.0,89.0,96.0,58.0
40,length8_plentiful,3,12,8,3,32,67.0,68.0,98.0,84.0
40,length8_plentiful,3,13,8,1,10,88.0,56.0,79.0,75.0
40,length8_plentiful,3,14,8,7,39,50.0,44.0,69.0,63.0
40,length8_plentiful,3,15,8,8,37,49.0,36.0,78.0,30.0
40,length8_plentiful,3,16,8,7,14,54.0,58.0,45.0,69.0
40,length8_plentiful,3,17,8,1,38,76.0,84.0,85.0,94.0
40,length8_plentiful,3,18,8,8,2,62.0,64.0,87.0,79.0
40,length8_plentiful,3,19,8,3,7,65.0,62.0,89.0,49.0
40,length8_plentiful,3,20,8,7,28,44.0,63.0,70.0,68.0
40,length8_plentiful,3,21,8,1,11,90.0,72.0,87.0,69.0
40,length8_plentiful,3,22,8,3,20,35.0,86.0,87.0,65.0
40,length8_plentiful,3,23,8,7,19,80.0,52.0,35.0,30.0
40,length8_plentiful,3,24,8,2,36,54.0,94.0,33.0,70.0
40,length8_plentiful,3,25,8,1,23,78.0,52.0,74.0,77.0
40,length8_plentiful,3,26,8,6,18,30.0,68.0,93.0,70.0
40,length8_plentiful,3,27,8,5,5,78.0,49.0,63.0,72.0
40,length8_plentiful,3,28,8,3,30,57.0,46.0,90.0,36.0
40,length8_plentiful,3,29,8,6,24,81.0,78.0,44.0,63.0
40,length8_plentiful,3,30,8,8,13,60.0,45.0,88.0,70.0
40,length8_plentiful,3,31,8,6,16,59.0,74.0,62.0,70.0
40,length8_plentiful,3,32,8,8,8,66.0,79.0,46.0,56.0
40,length8_plentiful,3,33,8,4,3,43.0,78.0,87.0,89.0
40,length8_plentiful,3,34,8,3,6,71.0,64.0,85.0,70.0
40,length8_plentiful,3,35,8,1,1,75.0,89.0,67.0,87.0
40,length8_plentiful,3,36,8,6,22,82.0,68.0,76.0,79.0
40,length8_plentiful,3,37,8,1,4,89.0,58.0,75.0,95.0
40,length8_plentiful,3,38,8,3,40,73.0,74.0,78.0,52.0
40,length8_plentiful,3,39,8,3,15,35.0,45.0,74.0,72.0
40,length8_plentiful,3,40,8,4,34,80.0,70.0,69.0,89.0
41,length4_neutral,0,1,4,4,1,49.0,39.0,25.0,81.0
41,length4_neutral,0,2,4,4,12,98.0,93.0,67.0,39.0
41,length4_neutral,0,3,4,3,39,52.0,1.0,85.0,50.0
41,length4_neutral,0,4,4,3,9,63.0,21.0,43.0,28.0
41,length4_neutral,0,5,4,2,25,3.0,93.0,67.0,77.0
41,length4_neutral,0,6,4,2,11,5.0,60.0,53.0,36.0
41,length4_neutral,0,7,4,2,3,12.0,91.0,36.0,95.0
41,length4_neutral,0,8,4,3,27,23.0,40.0,86.0,5.0
41,length4_neutral,0,9,4,1,14,56.0,72.0,22.0,25.0
41,length4_neutral,0,10,4,2,15,81.0,96.0,83.0,71.0
41,length4_neutral,0,11,4,2,10,11.0,98.0,61.0,64.0
41,length4_neutral,0,12,4,2,40,17.0,62.0,80.0,7.0
41,length4_neutral,0,13,4,3,35,42.0,36.0,91.0,16.0
41,length4_neutral,0,14,4,2,24,42.0,80.0,70.0,63.0
41,length4_neutral,0,15,4,4,5,3.0,28.0,25.0,84.0
41,length4_neutral,0,16,4,3,28,35.0,9.0,91.0,24.0
41,length4_neutral,0,17,4,4,20,22.0,26.0,24.0,21.0
41,length4_neutral,0,18,4,4,34,87.0,12.0,50.0,55.0
41,length4_neutral,0,19,4,3,26,36.0,7.0,15.0,44.0
41,length4_neutral,0,20,4,2,18,67.0,63.0,7.0,30.0
41,length4_neutral,0,21,4,2,13,62.0,81.0,72.0,61.0
41,length4_neutral,0,22,4,4,36,64.0,62.0,19.0,48.0
41,length4_neutral,0,23,4,3,6,79.0,69.0,97.0,43.0
41,length4_neutral,0,24,4,4,8,46.0,42.0,6.0,26.0
41,length4_neutral,0,25,4,3,21,62.0,9.0,70.0,94.0
41,length4_neutral,0,26,4,4,30,90.0,54.0,87.0,84.0
41,length4_neutral,0,27,4,2,7,74.0,75.0,43.0,78.0
41,length4_neutral,0,28,4,4,16,85.0,76.0,22.0,16.0
41,length4_neutral,0,29,4,4,19,56.0,34.0,22.0,64.0
41,length4_neutral,0,30,4,4,4,91.0,33.0,54.0,42.0
41,length4_neutral,0,31,4,2,2,50.0,69.0,72.0,20.0
41,length4_neutral,0,32,4,4,31,60.0,57.0,22.0,46.0
41,length4_neutral,0,33,4,3,33,10.0,37.0,84.0,36.0
41,length4_neutral,0,34,4,2,29,22.0,80.0,19.0,2.0
41,length4_neutral,0,35,4,2,17,35.0,86.0,84.0,77.0
41,length4_neutral,0,36,4,2,22,81.0,93.0,69.0,11.0
41,length4_neutral,0,37,4,3,32,67.0,27.0,37.0,45.0
41,length4_neutral,0,38,4,2,23,39.0,59.0,67.0,42.0
41,length4_neutral,0,39,4,4,37,7.0,35.0,27.0,3.0
41,length4_neutral,0,40,4,3,38,42.0,9.0,95.0,26.0
41,length4_plentiful,1,1,4,4,1,76.0,63.0,60.0,79.0
41,length4_plentiful,1,2,4,3,12,88.0,62.0,84.0,73.0
41,length4_plentiful,1,3,4,4,39,69.0,76.0,65.0,90.0
41,length4_plentiful,1,4,4,3,9,39.0,61.0,64.0,54.0
41,length4_plentiful,1,5,4,4,25,72.0,57.0,18.0,71.0
41,length4_plentiful,1,6,4,4,11,63.0,29.0,60.0,75.0
41,length4_plentiful,1,7,4,2,3,60.0,71.0,84.0,81.0
41,length4_plentiful,1,8,4,3,27,95.0,52.0,59.0,36.0
41,length4_plentiful,1,9,4,4,14,17.0,65.0,44.0,96.0
41,length4_plentiful,1,10,4,4,15,72.0,38.0,62.0,86.0
41,length4_plentiful,1,11,4,3,10,70.0,76.0,91.0,82.0
41,length4_plentiful,1,12,4,3,40,68.0,90.0,59.0,60.0
41,length4_plentiful,1,13,4,4,35,68.0,38.0,33.0,47.0
41,length4_plentiful,1,14,4,4,24,83.0,79.0,84.0,66.0
41,length4_plentiful,1,15,4,4,5,60.0,59.0,35.0,67.0
41,length4_plentiful,1,16,4,3,28,54.0,68.0,72.0,89.0
41,length4_plentiful,1,17,4,4,20,93.0,55.0,62.0,57.0
41,length4_plentiful,1,18,4,2,34,85.0,87.0,71.0,48.0
41,length4_plentiful,1,19,4,3,26,90.0,79.0,72.0,89.0
41,length4_plentiful,1,20,4,4,18,73.0,74.0,87.0,55.0
41,length4_plentiful,1,21,4,2,13,59.0,66.0,72.0,76.0
41,length4_plentiful,1,22,4,4,36,97.0,80.0,69.0,43.0
41,length4_plentiful,1,23,4,4,6,68.0,42.0,33.0,92.0
41,length4_plentiful,1,24,4,4,8,54.0,44.0,88.0,87.0
41,length4_plentiful,1,25,4,3,21,39.0,64.0,68.0,57.0
41,length4_plentiful,1,26,4,2,30,74.0,79.0,68.0,66.0
41,length4_plentiful,1,27,4,4,7,83.0,64.0,85.0,97.0
41,length4_plentiful,1,28,4,4,16,76.0,39.0,35.0,72.0
41,length4_plentiful,1,29,4,2,19,62.0,88.0,77.0,71.0
41,length4_plentiful,1,30,4,3,4,57.0,77.0,72.0,85.0
41,length4_plentiful,1,31,4,3,2,65.0,87.0,48.0,77.0
41,length4_plentiful,1,32,4,3,31,51.0,52.0,66.0,84.0
41,length4_plentiful,1,33,4,2,33,89.0,87.0,85.0,49.0
41,length4_plentiful,1,34,4,4,29,79.0,57.0,61.0,74.0
41,length4_plentiful,1,35,4,4,17,73.0,70.0,50.0,88.0
41,length4_plentiful,1,36,4,2,22,76.0,74.0,95.0,89.0
41,length4_plentiful,1,37,4,2,32,91.0,60.0,80.0,79.0
41,length4_plentiful,1,38,4,3,23,82.0,43.0,78.0,58.0
41,length4_plentiful,1,39,4,3,37,75.0,81.0,90.0,92.0
41,length4_plentiful,1,40,4,4,38,71.0,61.0,74.0,84.0
41,length8_neutral,2,1,8,3,1,56.0,15.0,66.0,36.0
41,length8_neutral,2,2,8,3,12,22.0,60.0,87.0,84.0
41,length8_neutral,2,3,8,6,39,63.0,74.0,38.0,46.0
41,length8_neutral,2,4,8,3,9,21.0,42.0,84.0,66.0
41,length8_neutral,2,5,8,5,25,93.0,3.0,8.0,59.0
41,length8_neutral,2,6,8,2,11,39.0,56.0,6.0,13.0
41,length8_neutral,2,7,8,2,3,37.0,60.0,82.0,84.0
41,length8_neutral,2,8,8,5,27,77.0,19.0,97.0,65.0
41,length8_neutral,2,9,8,3,14,14.0,26.0,59.0,37.0
41,length8_neutral,2,10,8,4,15,26.0,21.0,50.0,97.0
41,length8_neutral,2,11,8,5,10,58.0,2.0,87.0,9.0
41,length8_neutral,2,12,8,2,40,31.0,81.0,84.0,16.0
41,length8_neutral,2,13,8,5,35,28.0,24.0,62.0,55.0
41,length8_neutral,2,14,8,3,24,81.0,36.0,74.0,79.0
41,length8_neutral,2,15,8,4,5,85.0,12.0,40.0,50.0
41,length8_neutral,2,16,8,5,28,88.0,45.0,7.0,44.0
41,length8_neutral,2,17,8,2,20,42.0,98.0,63.0,28.0
41,length8_neutral,2,18,8,4,34,41.0,44.0,81.0,91.0
41,length8_neutral,2,19,8,5,26,49.0,63.0,15.0,81.0
41,length8_neutral,2,20,8,6,18,77.0,51.0,10.0,37.0
41,length8_neutral,2,21,8,2,13,87.0,95.0,62.0,79.0
41,length8_neutral,2,22,8,4,36,67.0,8.0,34.0,66.0
41,length8_neutral,2,23,8,2,6,8.0,30.0,59.0,32.0
41,length8_neutral,2,24,8,3,8,8.0,50.0,88.0,47.0
41,length8_neutral,2,25,8,4,21,10.0,8.0,27.0,33.0
41,length8_neutral,2,26,8,2,30,61.0,98.0,9.0,73.0
41,length8_neutral,2,27,8,6,7,62.0,72.0,16.0,4.0
41,length8_neutral,2,28,8,6,16,63.0,79.0,32.0,8.0
41,length8_neutral,2,29,8,5,19,92.0,8.0,20.0,75.0
41,length8_neutral,2,30,8,3,4,94.0,62.0,84.0,37.0
41,length8_neutral,2,31,8,5,2,94.0,87.0,24.0,12.0
41,length8_neutral,2,32,8,4,31,45.0,80.0,19.0,64.0
41,length8_neutral,2,33,8,2,33,77.0,66.0,91.0,36.0
41,length8_neutral,2,34,8,3,29,28.0,62.0,65.0,57.0
41,length8_neutral,2,35,8,3,17,7.0,39.0,73.0,35.0
41,length8_neutral,2,36,8,3,22,5.0,75.0,64.0,20.0
41,length8_neutral,2,37,8,6,32,2.0,49.0,12.0,5.0
41,length8_neutral,2,38,8,4,23,95.0,10.0,64.0,84.0
41,length8_neutral,2,39,8,4,37,93.0,5.0,57.0,61.0
41,length8_neutral,2,40,8,8,38,83.0,52.0,96.0,53.0
41,length8_plentiful,3,1,8,4,1,50.0,44.0,45.0,43.0
41,length8_plentiful,3,2,8,4,12,51.0,62.0,93.0,33.0
41,length8_plentiful,3,3,8,4,39,27.0,36.0,79.0,81.0
41,length8_plentiful,3,4,8,5,9,79.0,40.0,37.0,95.0
41,length8_plentiful,3,5,8,3,25,80.0,66.0,70.0,84.0
41,length8_plentiful,3,6,8,5,11,57.0,72.0,63.0,58.0
41,length8_plentiful,3,7,8,5,3,80.0,73.0,61.0,77.0
41,length8_plentiful,3,8,8,5,27,88.0,75.0,80.0,82.0
41,length8_plentiful,3,9,8,3,14,31.0,89.0,67.0,86.0
41,length8_plentiful,3,10,8,4,15,84.0,32.0,59.0,89.0
41,length8_plentiful,3,11,8,7,10,78.0,97.0,53.0,55.0
41,length8_plentiful,3,12,8,2,40,30.0,52.0,54.0,60.0
41,length8_plentiful,3,13,8,3,35,69.0,85.0,44.0,93.0
41,length8_plentiful,3,14,8,3,24,49.0,57.0,62.0,73.0
41,length8_plentiful,3,15,8,3,5,82.0,86.0,52.0,87.0
41,length8_plentiful,3,16,8,4,28,94.0,51.0,79.0,78.0
41,length8_plentiful,3,17,8,5,20,93.0,94.0,26.0,54.0
41,length8_plentiful,3,18,8,4,34,91.0,35.0,56.0,87.0
41,length8_plentiful,3,19,8,3,26,71.0,80.0,36.0,31.0
41,length8_plentiful,3,20,8,8,18,70.0,63.0,53.0,91.0
41,length8_plentiful,3,21,8,6,13,82.0,80.0,18.0,56.0
41,length8_plentiful,3,22,8,3,36,75.0,35.0,79.0,89.0
41,length8_plentiful,3,23,8,5,6,68.0,38.0,35.0,69.0
41,length8_plentiful,3,24,8,3,8,43.0,66.0,74.0,80.0
41,length8_plentiful,3,25,8,4,21,57.0,71.0,97.0,81.0
41,length8_plentiful,3,26,8,4,30,79.0,61.0,62.0,90.0
41,length8_plentiful,3,27,8,4,7,49.0,73.0,57.0,58.0
41,length8_plentiful,3,28,8,4,16,49.0,38.0,81.0,69.0
41,length8_plentiful,3,29,8,3,19,54.0,78.0,52.0,65.0
41,length8_plentiful,3,30,8,4,4,41.0,69.0,63.0,55.0
41,length8_plentiful,3,31,8,3,2,59.0,85.0,46.0,78.0
41,length8_plentiful,3,32,8,3,31,93.0,85.0,92.0,62.0
41,length8_plentiful,3,33,8,3,33,65.0,69.0,88.0,42.0
41,length8_plentiful,3,34,8,4,29,68.0,48.0,71.0,45.0
41,length8_plentiful,3,35,8,3,17,64.0,57.0,75.0,76.0
41,length8_plentiful,3,36,8,7,22,72.0,52.0,49.0,61.0
41,length8_plentiful,3,37,8,5,32,86.0,64.0,24.0,52.0
41,length8_plentiful,3,38,8,5,23,41.0,59.0,25.0,75.0
41,length8_plentiful,3,39,8,2,37,52.0,76.0,67.0,55.0
41,length8_plentiful,3,40,8,3,38,63.0,86.0,82.0,55.0
42,length4_neutral,0,1,4,1,40,95.0,66.0,15.0,13.0
42,length4_neutral,0,2,4,3,1,38.0,9.0,73.0,48.0
42,length4_neutral,0,3,4,2,5,51.0,77.0,12.0,2.0
42,length4_neutral,0,4,4,2,33,7.0,82.0,11.0,32.0
42,length4_neutral,0,5,4,2,39,16.0,84.0,17.0,89.0
42,length4_neutral,0,6,4,3,8,42.0,7.0,96.0,56.0
42,length4_neutral,0,7,4,4,7,75.0,29.0,37.0,26.0
42,length4_neutral,0,8,4,1,26,90.0,79.0,69.0,31.0
42,length4_neutral,0,9,4,4,20,4.0,10.0,13.0,8.0
42,length4_neutral,0,10,4,1,3,94.0,60.0,86.0,11.0
42,length4_neutral,0,11,4,1,14,95.0,10.0,97.0,77.0
42,length4_neutral,0,12,4,4,15,53.0,42.0,11.0,60.0
42,length4_neutral,0,13,4,1,25,72.0,83.0,90.0,94.0
42,length4_neutral,0,14,4,4,19,39.0,45.0,59.0,20.0
42,length4_neutral,0,15,4,1,37,84.0,98.0,24.0,26.0
42,length4_neutral,0,16,4,1,38,95.0,37.0,42.0,11.0
42,length4_neutral,0,17,4,2,17,9.0,89.0,1.0,12.0
42,length4_neutral,0,18,4,2,32,18.0,67.0,34.0,41.0
42,length4_neutral,0,19,4,3,23,7.0,19.0,67.0,1.0
42,length4_neutral,0,20,4,2,13,44.0,81.0,34.0,28.0
42,length4_neutral,0,21,4,2,35,19.0,61.0,91.0,40.0
42,length4_neutral,0,22,4,3,12,37.0,46.0,87.0,15.0
42,length4_neutral,0,23,4,2,22,9.0,62.0,2.0,36.0
42,length4_neutral,0,24,4,1,28,72.0,93.0,84.0,17.0
42,length4_neutral,0,25,4,2,30,49.0,75.0,71.0,13.0
42,length4_neutral,0,26,4,1,9,93.0,79.0,18.0,97.0
42,length4_neutral,0,27,4,1,34,88.0,70.0,72.0,52.0
42,length4_neutral,0,28,4,3,18,21.0,22.0,59.0,61.0
42,length4_neutral,0,29,4,1,21,83.0,7.0,13.0,96.0
42,length4_neutral,0,30,4,2,27,47.0,92.0,62.0,32.0
42,length4_neutral,0,31,4,3,29,5.0,4.0,68.0,52.0
42,length4_neutral,0,32,4,3,2,5.0,36.0,90.0,50.0
42,length4_neutral,0,33,4,1,11,86.0,92.0,15.0,12.0
42,length4_neutral,0,34,4,4,31,79.0,29.0,65.0,58.0
42,length4_neutral,0,35,4,3,16,7.0,21.0,54.0,40.0
42,length4_neutral,0,36,4,2,6,23.0,81.0,71.0,46.0
42,length4_neutral,0,37,4,2,4,25.0,88.0,13.0,79.0
42,length4_neutral,0,38,4,4,24,18.0,59.0,31.0,52.0
42,length4_neutral,0,39,4,4,36,9.0,42.0,53.0,25.0
42,length4_neutral,0,40,4,4,10,79.0,29.0,38.0,12.0
42,length4_plentiful,1,1,4,1,40,80.0,57.0,26.0,63.0
42,length4_plentiful,1,2,4,2,1,59.0,69.0,71.0,55.0
42,length4_plentiful,1,3,4,4,5,70.0,69.0,61.0,43.0
42,length4_plentiful,1,4,4,2,33,64.0,94.0,71.0,90.0
42,length4_plentiful,1,5,4,3,39,60.0,46.0,81.0,66.0
42,length4_plentiful,1,6,4,3,8,58.0,64.0,87.0,53.0
42,length4_plentiful,1,7,4,2,7,61.0,77.0,46.0,64.0
42,length4_plentiful,1,8,4,2,26,26.0,89.0,69.0,48.0
42,length4_plentiful,1,9,4,2,20,52.0,86.0,76.0,93.0
42,length4_plentiful,1,10,4,1,3,88.0,64.0,83.0,41.0
42,length4_plentiful,1,11,4,1,14,80.0,57.0,55.0,89.0
42,length4_plentiful,1,12,4,1,15,79.0,82.0,97.0,62.0
42,length4_plentiful,1,13,4,1,25,97.0,63.0,69.0,68.0
42,length4_plentiful,1,14,4,4,19,59.0,55.0,47.0,77.0
42,length4_plentiful,1,15,4,3,37,52.0,53.0,90.0,62.0
42,length4_plentiful,1,16,4,2,38,46.0,85.0,55.0,87.0
42,length4_plentiful,1,17,4,2,17,65.0,86.0,48.0,59.0
42,length4_plentiful,1,18,4,4,32,56.0,51.0,50.0,89.0
42,length4_plentiful,1,19,4,1,23,85.0,39.0,50.0,53.0
42,length4_plentiful,1,20,4,2,13,52.0,64.0,56.0,81.0
42,length4_plentiful,1,21,4,2,35,68.0,88.0,84.0,49.0
42,length4_plentiful,1,22,4,1,12,85.0,65.0,80.0,78.0
42,length4_plentiful,1,23,4,1,22,89.0,52.0,80.0,55.0
42,length4_plentiful,1,24,4,1,28,81.0,73.0,66.0,80.0
42,length4_plentiful,1,25,4,2,30,44.0,84.0,89.0,69.0
42,length4_plentiful,1,26,4,1,9,76.0,51.0,82.0,64.0
42,length4_plentiful,1,27,4,3,34,36.0,43.0,79.0,76.0
42,length4_plentiful,1,28,4,2,18,32.0,66.0,63.0,95.0
42,length4_plentiful,1,29,4,1,21,96.0,82.0,85.0,93.0
42,length4_plentiful,1,30,4,3,27,64.0,39.0,84.0,82.0
42,length4_plentiful,1,31,4,1,29,90.0,81.0,61.0,39.0
42,length4_plentiful,1,32,4,4,2,77.0,23.0,47.0,26.0
42,length4_plentiful,1,33,4,1,11,83.0,73.0,71.0,62.0
42,length4_plentiful,1,34,4,4,31,61.0,30.0,49.0,91.0
42,length4_plentiful,1,35,4,1,16,77.0,63.0,75.0,79.0
42,length4_plentiful,1,36,4,1,6,73.0,78.0,56.0,22.0
42,length4_plentiful,1,37,4,2,4,75.0,79.0,56.0,86.0
42,length4_plentiful,1,38,4,1,24,94.0,81.0,68.0,47.0
42,length4_plentiful,1,39,4,2,36,54.0,72.0,18.0,57.0
42,length4_plentiful,1,40,4,4,10,67.0,53.0,59.0,49.0
42,length8_neutral,2,1,8,2,40,35.0,77.0,15.0,1.0
42,length8_neutral,2,2,8,2,1,4.0,89.0,77.0,93.0
42,length8_neutral,2,3,8,1,5,71.0,77.0,83.0,22.0
42,length8_neutral,2,4,8,2,33,68.0,82.0,63.0,93.0
42,length8_neutral,2,5,8,5,39,26.0,4.0,39.0,14.0
42,length8_neutral,2,6,8,4,8,43.0,63.0,21.0,86.0
42,length8_neutral,2,7,8,1,7,88.0,26.0,31.0,78.0
42,length8_neutral,2,8,8,1,26,83.0,92.0,49.0,43.0
42,length8_neutral,2,9,8,1,20,76.0,31.0,21.0,16.0
42,length8_neutral,2,10,8,2,3,22.0,79.0,32.0,2.0
42,length8_neutral,2,11,8,2,14,1.0,85.0,89.0,24.0
42,length8_neutral,2,12,8,7,15,46.0,19.0,45.0,4.0
42,length8_neutral,2,13,8,3,25,64.0,42.0,83.0,7.0
42,length8_neutral,2,14,8,2,19,77.0,82.0,29.0,34.0
42,length8_neutral,2,15,8,4,37,73.0,14.0,13.0,90.0
42,length8_neutral,2,16,8,8,38,61.0,12.0,10.0,48.0
42,length8_neutral,2,17,8,3,17,46.0,43.0,51.0,6.0
42,length8_neutral,2,18,8,1,32,97.0,35.0,57.0,80.0
42,length8_neutral,2,19,8,8,23,30.0,62.0,45.0,46.0
42,length8_neutral,2,20,8,8,13,76.0,60.0,51.0,73.0
42,length8_neutral,2,21,8,4,35,13.0,12.0,15.0,83.0
42,length8_neutral,2,22,8,2,12,51.0,89.0,25.0,88.0
42,length8_neutral,2,23,8,1,22,80.0,40.0,83.0,57.0
42,length8_neutral,2,24,8,7,28,25.0,17.0,12.0,23.0
42,length8_neutral,2,25,8,3,30,16.0,48.0,56.0,79.0
42,length8_neutral,2,26,8,1,9,92.0,41.0,87.0,86.0
42,length8_neutral,2,27,8,3,34,7.0,55.0,96.0,23.0
42,length8_neutral,2,28,8,3,18,73.0,53.0,94.0,29.0
42,length8_neutral,2,29,8,1,21,94.0,87.0,35.0,57.0
42,length8_neutral,2,30,8,8,27,31.0,62.0,38.0,36.0
42,length8_neutral,2,31,8,3,29,52.0,1.0,65.0,96.0
42,length8_neutral,2,32,8,2,2,20.0,76.0,30.0,72.0
42,length8_neutral,2,33,8,2,11,31.0,67.0,45.0,8.0
42,length8_neutral,2,34,8,4,31,41.0,18.0,13.0,49.0
42,length8_neutral,2,35,8,1,16,93.0,53.0,59.0,67.0
42,length8_neutral,2,36,8,1,6,75.0,62.0,74.0,93.0
42,length8_neutral,2,37,8,1,4,94.0,77.0,85.0,11.0
42,length8_neutral,2,38,8,5,24,12.0,55.0,31.0,30.0
42,length8_neutral,2,39,8,1,36,72.0,62.0,33.0,45.0
42,length8_neutral,2,40,8,1,10,86.0,7.0,77.0,50.0
42,length8_plentiful,3,1,8,3,40,50.0,69.0,73.0,92.0
42,length8_plentiful,3,2,8,6,1,63.0,68.0,66.0,74.0
42,length8_plentiful,3,3,8,2,5,70.0,89.0,85.0,42.0
42,length8_plentiful,3,4,8,1,33,84.0,88.0,68.0,91.0
42,length8_plentiful,3,5,8,3,39,61.0,28.0,82.0,57.0
42,length8_plentiful,3,6,8,7,8,62.0,68.0,58.0,57.0
42,length8_plentiful,3,7,8,1,7,87.0,42.0,75.0,68.0
42,length8_plentiful,3,8,8,7,26,82.0,76.0,87.0,53.0
42,length8_plentiful,3,9,8,6,20,66.0,70.0,54.0,59.0
42,length8_plentiful,3,10,8,4,3,65.0,43.0,30.0,81.0
42,length8_plentiful,3,11,8,2,14,67.0,89.0,96.0,58.0
42,length8_plentiful,3,12,8,3,15,67.0,68.0,98.0,84.0
42,length8_plentiful,3,13,8,1,25,88.0,56.0,79.0,75.0
42,length8_plentiful,3,14,8,7,19,50.0,44.0,69.0,63.0
42,length8_plentiful,3,15,8,8,37,49.0,36.0,78.0,30.0
42,length8_plentiful,3,16,8,8,38,54.0,58.0,45.0,69.0
42,length8_plentiful,3,17,8,2,17,76.0,84.0,85.0,94.0
42,length8_plentiful,3,18,8,3,32,62.0,64.0,87.0,79.0
42,length8_plentiful,3,19,8,3,23,65.0,62.0,89.0,49.0
42,length8_plentiful,3,20,8,8,13,44.0,63.0,70.0,68.0
42,length8_plentiful,3,21,8,1,35,90.0,72.0,87.0,69.0
42,length8_plentiful,3,22,8,2,12,35.0,86.0,87.0,65.0
42,length8_plentiful,3,23,8,7,22,80.0,52.0,35.0,30.0
42,length8_plentiful,3,24,8,2,28,54.0,94.0,33.0,70.0
42,length8_plentiful,3,25,8,4,30,78.0,52.0,74.0,77.0
42,length8_plentiful,3,26,8,3,9,30.0,68.0,93.0,70.0
42,length8_plentiful,3,27,8,5,34,78.0,49.0,63.0,72.0
42,length8_plentiful,3,28,8,3,18,57.0,46.0,90.0,36.0
42,length8_plentiful,3,29,8,8,21,81.0,78.0,44.0,63.0
42,length8_plentiful,3,30,8,3,27,60.0,45.0,88.0,70.0
42,length8_plentiful,3,31,8,6,29,59.0,74.0,62.0,70.0
42,length8_plentiful,3,32,8,8,2,66.0,79.0,46.0,56.0
42,length8_plentiful,3,33,8,2,11,43.0,78.0,87.0,89.0
42,length8_plentiful,3,34,8,3,31,71.0,64.0,85.0,70.0
42,length8_plentiful,3,35,8,2,16,75.0,89.0,67.0,87.0
42,length8_plentiful,3,36,8,1,6,82.0,68.0,76.0,79.0
42,length8_plentiful,3,37,8,4,4,89.0,58.0,75.0,95.0
42,length8_plentiful,3,38,8,8,24,73.0,74.0,78.0,52.0
42,length8_plentiful,3,39,8,5,36,35.0,45.0,74.0,72.0
42,length8_plentiful,3,40,8,2,10,80.0,70.0,69.0,89.0
43,length4_neutral,0,1,4,4,7,49.0,39.0,25.0,81.0
43,length4_neutral,0,2,4,1,1,98.0,93.0,67.0,39.0
43,length4_neutral,0,3,4,3,24,52.0,1.0,85.0,50.0
43,length4_neutral,0,4,4,1,18,63.0,21.0,43.0,28.0
43,length4_neutral,0,5,4,2,38,3.0,93.0,67.0,77.0
43,length4_neutral,0,6,4,2,31,5.0,60.0,53.0,36.0
43,length4_neutral,0,7,4,2,19,12.0,91.0,36.0,95.0
43,length4_neutral,0,8,4,3,23,23.0,40.0,86.0,5.0
43,length4_neutral,0,9,4,2,14,56.0,72.0,22.0,25.0
43,length4_neutral,0,10,4,1,16,81.0,96.0,83.0,71.0
43,length4_neutral,0,11,4,2,28,11.0,98.0,61.0,64.0
43,length4_neutral,0,12,4,2,34,17.0,62.0,80.0,7.0
43,length4_neutral,0,13,4,3,29,42.0,36.0,91.0,16.0
43,length4_neutral,0,14,4,2,22,42.0,80.0,70.0,63.0
43,length4_neutral,0,15,4,4,9,3.0,28.0,25.0,84.0
43,length4_neutral,0,16,4,3,20,35.0,9.0,91.0,24.0
43,length4_neutral,0,17,4,4,17,22.0,26.0,24.0,21.0
43,length4_neutral,0,18,4,1,13,87.0,12.0,50.0,55.0
43,length4_neutral,0,19,4,4,30,36.0,7.0,15.0,44.0
43,length4_neutral,0,20,4,1,35,67.0,63.0,7.0,30.0
43,length4_neutral,0,21,4,1,15,62.0,81.0,72.0,61.0
43,length4_neutral,0,22,4,4,25,64.0,62.0,19.0,48.0
43,length4_neutral,0,23,4,1,12,79.0,69.0,97.0,43.0
43,length4_neutral,0,24,4,4,8,46.0,42.0,6.0,26.0
43,length4_neutral,0,25,4,1,6,62.0,9.0,70.0,94.0
43,length4_neutral,0,26,4,1,26,90.0,54.0,87.0,84.0
43,length4_neutral,0,27,4,1,4,74.0,75.0,43.0,78.0
43,length4_neutral,0,28,4,1,11,85.0,76.0,22.0,16.0
43,length4_neutral,0,29,4,4,36,56.0,34.0,22.0,64.0
43,length4_neutral,0,30,4,1,40,91.0,33.0,54.0,42.0
43,length4_neutral,0,31,4,3,2,50.0,69.0,72.0,20.0
43,length4_neutral,0,32,4,1,39,60.0,57.0,22.0,46.0
43,length4_neutral,0,33,4,3,10,10.0,37.0,84.0,36.0
43,length4_neutral,0,34,4,2,3,22.0,80.0,19.0,2.0
43,length4_neutral,0,35,4,2,37,35.0,86.0,84.0,77.0
43,length4_neutral,0,36,4,1,32,81.0,93.0,69.0,11.0
43,length4_neutral,0,37,4,1,21,67.0,27.0,37.0,45.0
43,length4_neutral,0,38,4,2,33,39.0,59.0,67.0,42.0
43,length4_neutral,0,39,4,4,5,7.0,35.0,27.0,3.0
43,length4_neutral,0,40,4,3,27,42.0,9.0,95.0,26.0
43,length4_plentiful,1,1,4,4,7,76.0,63.0,60.0,79.0
43,length4_plentiful,1,2,4,1,1,88.0,62.0,84.0,73.0
43,length4_plentiful,1,3,4,2,24,69.0,76.0,65.0,90.0
43,length4_plentiful,1,4,4,4,18,39.0,61.0,64.0,54.0
43,length4_plentiful,1,5,4,4,38,72.0,57.0,18.0,71.0
43,length4_plentiful,1,6,4,4,31,63.0,29.0,60.0,75.0
43,length4_plentiful,1,7,4,4,19,60.0,71.0,84.0,81.0
43,length4_plentiful,1,8,4,1,23,95.0,52.0,59.0,36.0
43,length4_plentiful,1,9,4,4,14,17.0,65.0,44.0,96.0
43,length4_plentiful,1,10,4,1,16,72.0,38.0,62.0,86.0
43,length4_plentiful,1,11,4,2,28,70.0,76.0,91.0,82.0
43,length4_plentiful,1,12,4,2,34,68.0,90.0,59.0,60.0
43,length4_plentiful,1,13,4,4,29,68.0,38.0,33.0,47.0
43,length4_plentiful,1,14,4,1,22,83.0,79.0,84.0,66.0
43,length4_plentiful,1,15,4,4,9,60.0,59.0,35.0,67.0
43,length4_plentiful,1,16,4,4,20,54.0,68.0,72.0,89.0
43,length4_plentiful,1,17,4,1,17,93.0,55.0,62.0,57.0
43,length4_plentiful,1,18,4,1,13,85.0,87.0,71.0,48.0
43,length4_plentiful,1,19,4,1,30,90.0,79.0,72.0,89.0
43,length4_plentiful,1,20,4,1,35,73.0,74.0,87.0,55.0
43,length4_plentiful,1,21,4,4,15,59.0,66.0,72.0,76.0
43,length4_plentiful,1,22,4,1,25,97.0,80.0,69.0,43.0
43,length4_plentiful,1,23,4,4,12,68.0,42.0,33.0,92.0
43,length4_plentiful,1,24,4,3,8,54.0,44.0,88.0,87.0
43,length4_plentiful,1,25,4,4,6,39.0,64.0,68.0,57.0
43,length4_plentiful,1,26,4,1,26,74.0,79.0,68.0,66.0
43,length4_plentiful,1,27,4,1,4,83.0,64.0,85.0,97.0
43,length4_plentiful,1,28,4,1,11,76.0,39.0,35.0,72.0
43,length4_plentiful,1,29,4,2,36,62.0,88.0,77.0,71.0
43,length4_plentiful,1,30,4,4,40,57.0,77.0,72.0,85.0
43,length4_plentiful,1,31,4,2,2,65.0,87.0,48.0,77.0
43,length4_plentiful,1,32,4,4,39,51.0,52.0,66.0,84.0
43,length4_plentiful,1,33,4,1,10,89.0,87.0,85.0,49.0
43,length4_plentiful,1,34,4,1,3,79.0,57.0,61.0,74.0
43,length4_plentiful,1,35,4,4,37,73.0,70.0,50.0,88.0
43,length4_plentiful,1,36,4,1,32,76.0,74.0,95.0,89.0
43,length4_plentiful,1,37,4,1,21,91.0,60.0,80.0,79.0
43,length4_plentiful,1,38,4,1,33,82.0,43.0,78.0,58.0
43,length4_plentiful,1,39,4,2,5,75.0,81.0,90.0,92.0
43,length4_plentiful,1,40,4,3,27,71.0,61.0,74.0,84.0
43,length8_neutral,2,1,8,3,7,56.0,15.0,66.0,36.0
43,length8_neutral,2,2,8,3,1,22.0,60.0,87.0,84.0
43,length8_neutral,2,3,8,8,24,63.0,74.0,38.0,46.0
43,length8_neutral,2,4,8,3,18,21.0,42.0,84.0,66.0
43,length8_neutral,2,5,8,1,38,93.0,3.0,8.0,59.0
43,length8_neutral,2,6,8,7,31,39.0,56.0,6.0,13.0
43,length8_neutral,2,7,8,3,19,37.0,60.0,82.0,84.0
43,length8_neutral,2,8,8,3,23,77.0,19.0,97.0,65.0
43,length8_neutral,2,9,8,8,14,14.0,26.0,59.0,37.0
43,length8_neutral,2,10,8,4,16,26.0,21.0,50.0,97.0
43,length8_neutral,2,11,8,3,28,58.0,2.0,87.0,9.0
43,length8_neutral,2,12,8,2,34,31.0,81.0,84.0,16.0
43,length8_neutral,2,13,8,3,29,28.0,24.0,62.0,55.0
43,length8_neutral,2,14,8,8,22,81.0,36.0,74.0,79.0
43,length8_neutral,2,15,8,1,9,85.0,12.0,40.0,50.0
43,length8_neutral,2,16,8,1,20,88.0,45.0,7.0,44.0
43,length8_neutral,2,17,8,2,17,42.0,98.0,63.0,28.0
43,length8_neutral,2,18,8,4,13,41.0,44.0,81.0,91.0
43,length8_neutral,2,19,8,7,30,49.0,63.0,15.0,81.0
43,length8_neutral,2,20,8,8,35,77.0,51.0,10.0,37.0
43,length8_neutral,2,21,8,1,15,87.0,95.0,62.0,79.0
43,length8_neutral,2,22,8,5,25,67.0,8.0,34.0,66.0
43,length8_neutral,2,23,8,8,12,8.0,30.0,59.0,32.0
43,length8_neutral,2,24,8,3,8,8.0,50.0,88.0,47.0
43,length8_neutral,2,25,8,7,6,10.0,8.0,27.0,33.0
43,length8_neutral,2,26,8,2,26,61.0,98.0,9.0,73.0
43,length8_neutral,2,27,8,6,4,62.0,72.0,16.0,4.0
43,length8_neutral,2,28,8,2,11,63.0,79.0,32.0,8.0
43,length8_neutral,2,29,8,1,36,92.0,8.0,20.0,75.0
43,length8_neutral,2,30,8,1,40,94.0,62.0,84.0,37.0
43,length8_neutral,2,31,8,1,2,94.0,87.0,24.0,12.0
43,length8_neutral,2,32,8,2,39,45.0,80.0,19.0,64.0
43,length8_neutral,2,33,8,3,10,77.0,66.0,91.0,36.0
43,length8_neutral,2,34,8,5,3,28.0,62.0,65.0,57.0
43,length8_neutral,2,35,8,3,37,7.0,39.0,73.0,35.0
43,length8_neutral,2,36,8,2,32,5.0,75.0,64.0,20.0
43,length8_neutral,2,37,8,6,21,2.0,49.0,12.0,5.0
43,length8_neutral,2,38,8,1,33,95.0,10.0,64.0,84.0
43,length8_neutral,2,39,8,1,5,93.0,5.0,57.0,61.0
43,length8_neutral,2,40,8,1,27,83.0,52.0,96.0,53.0
43,length8_plentiful,3,1,8,8,7,50.0,44.0,45.0,43.0
43,length8_plentiful,3,2,8,3,1,51.0,62.0,93.0,33.0
43,length8_plentiful,3,3,8,3,24,27.0,36.0,79.0,81.0
43,length8_plentiful,3,4,8,4,18,79.0,40.0,37.0,95.0
43,length8_plentiful,3,5,8,4,38,80.0,66.0,70.0,84.0
43,length8_plentiful,3,6,8,2,31,57.0,72.0,63.0,58.0
43,length8_plentiful,3,7,8,1,19,80.0,73.0,61.0,77.0
43,length8_plentiful,3,8,8,1,23,88.0,75.0,80.0,82.0
43,length8_plentiful,3,9,8,2,14,31.0,89.0,67.0,86.0
43,length8_plentiful,3,10,8,4,16,84.0,32.0,59.0,89.0
43,length8_plentiful,3,11,8,2,28,78.0,97.0,53.0,55.0
43,length8_plentiful,3,12,8,5,34,30.0,52.0,54.0,60.0
43,length8_plentiful,3,13,8,2,29,69.0,85.0,44.0,93.0
43,length8_plentiful,3,14,8,8,22,49.0,57.0,62.0,73.0
43,length8_plentiful,3,15,8,1,9,82.0,86.0,52.0,87.0
43,length8_plentiful,3,16,8,1,20,94.0,51.0,79.0,78.0
43,length8_plentiful,3,17,8,1,17,93.0,94.0,26.0,54.0
43,length8_plentiful,3,18,8,1,13,91.0,35.0,56.0,87.0
43,length8_plentiful,3,19,8,6,30,71.0,80.0,36.0,31.0
43,length8_plentiful,3,20,8,4,35,70.0,63.0,53.0,91.0
43,length8_plentiful,3,21,8,1,15,82.0,80.0,18.0,56.0
43,length8_plentiful,3,22,8,3,25,75.0,35.0,79.0,89.0
43,length8_plentiful,3,23,8,4,12,68.0,38.0,35.0,69.0
43,length8_plentiful,3,24,8,4,8,43.0,66.0,74.0,80.0
43,length8_plentiful,3,25,8,3,6,57.0,71.0,97.0,81.0
43,length8_plentiful,3,26,8,1,26,79.0,61.0,62.0,90.0
43,length8_plentiful,3,27,8,8,4,49.0,73.0,57.0,58.0
43,length8_plentiful,3,28,8,3,11,49.0,38.0,81.0,69.0
43,length8_plentiful,3,29,8,2,36,54.0,78.0,52.0,65.0
43,length8_plentiful,3,30,8,5,40,41.0,69.0,63.0,55.0
43,length8_plentiful,3,31,8,2,2,59.0,85.0,46.0,78.0
43,length8_plentiful,3,32,8,1,39,93.0,85.0,92.0,62.0
43,length8_plentiful,3,33,8,3,10,65.0,69.0,88.0,42.0
43,length8_plentiful,3,34,8,3,3,68.0,48.0,71.0,45.0
43,length8_plentiful,3,35,8,3,37,64.0,57.0,75.0,76.0
43,length8_plentiful,3,36,8,8,32,72.0,52.0,49.0,61.0
43,length8_plentiful,3,37,8,8,21,86.0,64.0,24.0,52.0
43,length8_plentiful,3,38,8,4,33,41.0,59.0,25.0,75.0
43,length8_plentiful,3,39,8,2,5,52.0,76.0,67.0,55.0
43,length8_plentiful,3,40,8,2,27,63.0,86.0,82.0,55.0
44,length4_neutral,0,1,4,4,7,95.0,66.0,15.0,13.0
44,length4_neutral,0,2,4,4,33,38.0,9.0,73.0,48.0
44,length4_neutral,0,3,4,4,4,51.0,77.0,12.0,2.0
44,length4_neutral,0,4,4,4,30,7.0,82.0,11.0,32.0
44,length4_neutral,0,5,4,4,23,16.0,84.0,17.0,89.0
44,length4_neutral,0,6,4,4,34,42.0,7.0,96.0,56.0
44,length4_neutral,0,7,4,4,29,75.0,29.0,37.0,26.0
44,length4_neutral,0,8,4,4,17,90.0,79.0,69.0,31.0
44,length4_neutral,0,9,4,4,35,4.0,10.0,13.0,8.0
44,length4_neutral,0,10,4,4,16,94.0,60.0,86.0,11.0
44,length4_neutral,0,11,4,4,31,95.0,10.0,97.0,77.0
44,length4_neutral,0,12,4,4,37,53.0,42.0,11.0,60.0
44,length4_neutral,0,13,4,4,1,72.0,83.0,90.0,94.0
44,length4_neutral,0,14,4,4,21,39.0,45.0,59.0,20.0
44,length4_neutral,0,15,4,4,5,84.0,98.0,24.0,26.0
44,length4_neutral,0,16,4,4,36,95.0,37.0,42.0,11.0
44,length4_neutral,0,17,4,4,2,9.0,89.0,1.0,12.0
44,length4_neutral,0,18,4,4,28,18.0,67.0,34.0,41.0
44,length4_neutral,0,19,4,4,27,7.0,19.0,67.0,1.0
44,length4_neutral,0,20,4,4,24,44.0,81.0,34.0,28.0
44,length4_neutral,0,21,4,4,40,19.0,61.0,91.0,40.0
44,length4_neutral,0,22,4,4,14,37.0,46.0,87.0,15.0
44,length4_neutral,0,23,4,4,6,9.0,62.0,2.0,36.0
44,length4_neutral,0,24,4,4,10,72.0,93.0,84.0,17.0
44,length4_neutral,0,25,4,4,12,49.0,75.0,71.0,13.0
44,length4_neutral,0,26,4,4,15,93.0,79.0,18.0,97.0
44,length4_neutral,0,27,4,4,11,88.0,70.0,72.0,52.0
44,length4_neutral,0,28,4,4,9,21.0,22.0,59.0,61.0
44,length4_neutral,0,29,4,4,26,83.0,7.0,13.0,96.0
44,length4_neutral,0,30,4,4,22,47.0,92.0,62.0,32.0
44,length4_neutral,0,31,4,4,18,5.0,4.0,68.0,52.0
44,length4_neutral,0,32,4,4,32,5.0,36.0,90.0,50.0
44,length4_neutral,0,33,4,4,13,86.0,92.0,15.0,12.0
44,length4_neutral,0,34,4,4,20,79.0,29.0,65.0,58.0
44,length4_neutral,0,35,4,4,19,7.0,21.0,54.0,40.0
44,length4_neutral,0,36,4,4,38,23.0,81.0,71.0,46.0
44,length4_neutral,0,37,4,4,3,25.0,88.0,13.0,79.0
44,length4_neutral,0,38,4,4,39,18.0,59.0,31.0,52.0
44,length4_neutral,0,39,4,4,25,9.0,42.0,53.0,25.0
44,length4_neutral,0,40,4,4,8,79.0,29.0,38.0,12.0
44,length4_plentiful,1,1,4,4,7,80.0,57.0,26.0,63.0
44,length4_plentiful,1,2,4,4,33,59.0,69.0,71.0,55.0
44,length4_plentiful,1,3,4,4,4,70.0,69.0,61.0,43.0
44,length4_plentiful,1,4,4,4,30,64.0,94.0,71.0,90.0
44,length4_plentiful,1,5,4,4,23,60.0,46.0,81.0,66.0
44,length4_plentiful,1,6,4,4,34,58.0,64.0,87.0,53.0
44,length4_plentiful,1,7,4,4,29,61.0,77.0,46.0,64.0
44,length4_plentiful,1,8,4,4,17,26.0,89.0,69.0,48.0
44,length4_plentiful,1,9,4,4,35,52.0,86.0,76.0,93.0
44,length4_plentiful,1,10,4,4,16,88.0,64.0,83.0,41.0
44,length4_plentiful,1,11,4,4,31,80.0,57.0,55.0,89.0
44,length4_plentiful,1,12,4,4,37,79.0,82.0,97.0,62.0
44,length4_plentiful,1,13,4,4,1,97.0,63.0,69.0,68.0
44,length4_plentiful,1,14,4,4,21,59.0,55.0,47.0,77.0
44,length4_plentiful,1,15,4,4,5,52.0,53.0,90.0,62.0
44,length4_plentiful,1,16,4,4,36,46.0,85.0,55.0,87.0
44,length4_plentiful,1,17,4,4,2,65.0,86.0,48.0,59.0
44,length4_plentiful,1,18,4,4,28,56.0,51.0,50.0,89.0
44,length4_plentiful,1,19,4,4,27,85.0,39.0,50.0,53.0
44,length4_plentiful,1,20,4,4,24,52.0,64.0,56.0,81.0
44,length4_plentiful,1,21,4,4,40,68.0,88.0,84.0,49.0
44,length4_plentiful,1,22,4,4,14,85.0,65.0,80.0,78.0
44,length4_plentiful,1,23,4,4,6,89.0,52.0,80.0,55.0
44,length4_plentiful,1,24,4,4,10,81.0,73.0,66.0,80.0
44,length4_plentiful,1,25,4,4,12,44.0,84.0,89.0,69.0
44,length4_plentiful,1,26,4,4,15,76.0,51.0,82.0,64.0
44,length4_plentiful,1,27,4,4,11,36.0,43.0,79.0,76.0
44,length4_plentiful,1,28,4,4,9,32.0,66.0,63.0,95.0
44,length4_plentiful,1,29,4,4,26,96.0,82.0,85.0,93.0
44,length4_plentiful,1,30,4,4,22,64.0,39.0,84.0,82.0
44,length4_plentiful,1,31,4,4,18,90.0,81.0,61.0,39.0
44,length4_plentiful,1,32,4,4,32,77.0,23.0,47.0,26.0
44,length4_plentiful,1,33,4,4,13,83.0,73.0,71.0,62.0
44,length4_plentiful,1,34,4,4,20,61.0,30.0,49.0,91.0
44,length4_plentiful,1,35,4,4,19,77.0,63.0,75.0,79.0
44,length4_plentiful,1,36,4,4,38,73.0,78.0,56.0,22.0
44,length4_plentiful,1,37,4,4,3,75.0,79.0,56.0,86.0
44,length4_plentiful,1,38,4,4,39,94.0,81.0,68.0,47.0
44,length4_plentiful,1,39,4,4,25,54.0,72.0,18.0,57.0
44,length4_plentiful,1,40,4,4,8,67.0,53.0,59.0,49.0
44,length8_neutral,2,1,8,8,7,35.0,77.0,15.0,1.0
44,length8_neutral,2,2,8,8,33,4.0,89.0,77.0,93.0
44,length8_neutral,2,3,8,8,4,71.0,77.0,83.0,22.0
44,length8_neutral,2,4,8,8,30,68.0,82.0,63.0,93.0
44,length8_neutral,2,5,8,8,23,26.0,4.0,39.0,14.0
44,length8_neutral,2,6,8,8,34,43.0,63.0,21.0,86.0
44,length8_neutral,2,7,8,8,29,88.0,26.0,31.0,78.0
44,length8_neutral,2,8,8,8,17,83.0,92.0,49.0,43.0
44,length8_neutral,2,9,8,8,35,76.0,31.0,21.0,16.0
44,length8_neutral,2,10,8,8,16,22.0,79.0,32.0,2.0
44,length8_neutral,2,11,8,8,31,1.0,85.0,89.0,24.0
44,length8_neutral,2,12,8,8,37,46.0,19.0,45.0,4.0
44,length8_neutral,2,13,8,8,1,64.0,42.0,83.0,7.0
44,length8_neutral,2,14,8,8,21,77.0,82.0,29.0,34.0
44,length8_neutral,2,15,8,8,5,73.0,14.0,13.0,90.0
44,length8_neutral,2,16,8,8,36,61.0,12.0,10.0,48.0
44,length8_neutral,2,17,8,8,2,46.0,43.0,51.0,6.0
44,length8_neutral,2,18,8,8,28,97.0,35.0,57.0,80.0
44,length8_neutral,2,19,8,8,27,30.0,62.0,45.0,46.0
44,length8_neutral,2,20,8,8,24,76.0,60.0,51.0,73.0
44,length8_neutral,2,21,8,8,40,13.0,12.0,15.0,83.0
44,length8_neutral,2,22,8,8,14,51.0,89.0,25.0,88.0
44,length8_neutral,2,23,8,8,6,80.0,40.0,83.0,57.0
44,length8_neutral,2,24,8,8,10,25.0,17.0,12.0,23.0
44,length8_neutral,2,25,8,8,12,16.0,48.0,56.0,79.0
44,length8_neutral,2,26,8,8,15,92.0,41.0,87.0,86.0
44,length8_neutral,2,27,8,8,11,7.0,55.0,96.0,23.0
44,length8_neutral,2,28,8,8,9,73.0,53.0,94.0,29.0
44,length8_neutral,2,29,8,8,26,94.0,87.0,35.0,57.0
44,length8_neutral,2,30,8,8,22,31.0,62.0,38.0,36.0
44,length8_neutral,2,31,8,8,18,52.0,1.0,65.0,96.0
44,length8_neutral,2,32,8,8,32,20.0,76.0,30.0,72.0
44,length8_neutral,2,33,8,8,13,31.0,67.0,45.0,8.0
44,length8_neutral,2,34,8,8,20,41.0,18.0,13.0,49.0
44,length8_neutral,2,35,8,8,19,93.0,53.0,59.0,67.0
44,length8_neutral,2,36,8,8,38,75.0,62.0,74.0,93.0
44,length8_neutral,2,37,8,8,3,94.0,77.0,85.0,11.0
44,length8_neutral,2,38,8,8,39,12.0,55.0,31.0,30.0
44,length8_neutral,2,39,8,8,25,72.0,62.0,33.0,45.0
44,length8_neutral,2,40,8,8,8,86.0,7.0,77.0,50.0
44,length8_plentiful,3,1,8,8,7,50.0,69.0,73.0,92.0
44,length8_plentiful,3,2,8,8,33,63.0,68.0,66.0,74.0
44,length8_plentiful,3,3,8,8,4,70.0,89.0,85.0,42.0
44,length8_plentiful,3,4,8,8,30,84.0,88.0,68.0,91.0
44,length8_plentiful,3,5,8,8,23,61.0,28.0,82.0,57.0
44,length8_plentiful,3,6,8,8,34,62.0,68.0,58.0,57.0
44,length8_plentiful,3,7,8,8,29,87.0,42.0,75.0,68.0
44,length8_plentiful,3,8,8,8,17,82.0,76.0,87.0,53.0
44,length8_plentiful,3,9,8,8,35,66.0,70.0,54.0,59.0
44,length8_plentiful,3,10,8,8,16,65.0,43.0,30.0,81.0
44,length8_plentiful,3,11,8,8,31,67.0,89.0,96.0,58.0
44,length8_plentiful,3,12,8,8,37,67.0,68.0,98.0,84.0
44,length8_plentiful,3,13,8,8,1,88.0,56.0,79.0,75.0
44,length8_plentiful,3,14,8,8,21,50.0,44.0,69.0,63.0
44,length8_plentiful,3,15,8,8,5,49.0,36.0,78.0,30.0
44,length8_plentiful,3,16,8,8,36,54.0,58.0,45.0,69.0
44,length8_plentiful,3,17,8,8,2,76.0,84.0,85.0,94.0
44,length8_plentiful,3,18,8,8,28,62.0,64.0,87.0,79.0
44,length8_plentiful,3,19,8,8,27,65.0,62.0,89.0,49.0
44,length8_plentiful,3,20,8,8,24,44.0,63.0,70.0,68.0
44,length8_plentiful,3,21,8,8,40,90.0,72.0,87.0,69.0
44,length8_plentiful,3,22,8,8,14,35.0,86.0,87.0,65.0
44,length8_plentiful,3,23,8,8,6,80.0,52.0,35.0,30.0
44,length8_plentiful,3,24,8,8,10,54.0,94.0,33.0,70.0
44,length8_plentiful,3,25,8,8,12,78.0,52.0,74.0,77.0
44,length8_plentiful,3,26,8,8,15,30.0,68.0,93.0,70.0
44,length8_plentiful,3,27,8,8,11,78.0,49.0,63.0,72.0
44,length8_plentiful,3,28,8,8,9,57.0,46.0,90.0,36.0
44,length8_plentiful,3,29,8,8,26,81.0,78.0,44.0,63.0
44,length8_plentiful,3,30,8,8,22,60.0,45.0,88.0,70.0
44,length8_plentiful,3,31,8,8,18,59.0,74.0,62.0,70.0
44,length8_plentiful,3,32,8,8,32,66.0,79.0,46.0,56.0
44,length8_plentiful,3,33,8,8,13,43.0,78.0,87.0,89.0
44,length8_plentiful,3,34,8,8,20,71.0,64.0,85.0,70.0
44,length8_plentiful,3,35,8,8,19,75.0,89.0,67.0,87.0
44,length8_plentiful,3,36,8,8,38,82.0,68.0,76.0,79.0
44,length8_plentiful,3,37,8,8,3,89.0,58.0,75.0,95.0
44,length8_plentiful,3,38,8,8,39,73.0,74.0,78.0,52.0
44,length8_plentiful,3,39,8,8,25,35.0,45.0,74.0,72.0
44,length8_plentiful,3,40,8,8,8,80.0,70.0,69.0,89.0
45,length4_neutral,0,1,4,4,30,49.0,39.0,25.0,81.0
45,length4_neutral,0,2,4,1,32,98.0,93.0,67.0,39.0
45,length4_neutral,0,3,4,3,35,52.0,1.0,85.0,50.0
45,length4_neutral,0,4,4,4,12,63.0,21.0,43.0,28.0
45,length4_neutral,0,5,4,2,34,3.0,93.0,67.0,77.0
45,length4_neutral,0,6,4,2,28,5.0,60.0,53.0,36.0
45,length4_neutral,0,7,4,2,3,12.0,91.0,36.0,95.0
45,length4_neutral,0,8,4,3,31,23.0,40.0,86.0,5.0
45,length4_neutral,0,9,4,4,19,56.0,72.0,22.0,25.0
45,length4_neutral,0,10,4,1,36,81.0,96.0,83.0,71.0
45,length4_neutral,0,11,4,2,13,11.0,98.0,61.0,64.0
45,length4_neutral,0,12,4,3,18,17.0,62.0,80.0,7.0
45,length4_neutral,0,13,4,3,14,42.0,36.0,91.0,16.0
45,length4_neutral,0,14,4,2,8,42.0,80.0,70.0,63.0
45,length4_neutral,0,15,4,2,9,3.0,28.0,25.0,84.0
45,length4_neutral,0,16,4,3,40,35.0,9.0,91.0,24.0
45,length4_neutral,0,17,4,4,22,22.0,26.0,24.0,21.0
45,length4_neutral,0,18,4,1,33,87.0,12.0,50.0,55.0
45,length4_neutral,0,19,4,4,1,36.0,7.0,15.0,44.0
45,length4_neutral,0,20,4,4,20,67.0,63.0,7.0,30.0
45,length4_neutral,0,21,4,2,27,62.0,81.0,72.0,61.0
45,length4_neutral,0,22,4,4,4,64.0,62.0,19.0,48.0
45,length4_neutral,0,23,4,1,16,79.0,69.0,97.0,43.0
45,length4_neutral,0,24,4,1,37,46.0,42.0,6.0,26.0
45,length4_neutral,0,25,4,1,10,62.0,9.0,70.0,94.0
45,length4_neutral,0,26,4,1,17,90.0,54.0,87.0,84.0
45,length4_neutral,0,27,4,1,7,74.0,75.0,43.0,78.0
45,length4_neutral,0,28,4,1,11,85.0,76.0,22.0,16.0
45,length4_neutral,0,29,4,4,26,56.0,34.0,22.0,64.0
45,length4_neutral,0,30,4,1,6,91.0,33.0,54.0,42.0
45,length4_neutral,0,31,4,4,39,50.0,69.0,72.0,20.0
45,length4_neutral,0,32,4,4,24,60.0,57.0,22.0,46.0
45,length4_neutral,0,33,4,3,2,10.0,37.0,84.0,36.0
45,length4_neutral,0,34,4,2,21,22.0,80.0,19.0,2.0
45,length4_neutral,0,35,4,2,5,35.0,86.0,84.0,77.0
45,length4_neutral,0,36,4,1,29,81.0,93.0,69.0,11.0
45,length4_neutral,0,37,4,4,15,67.0,27.0,37.0,45.0
45,length4_neutral,0,38,4,3,25,39.0,59.0,67.0,42.0
45,length4_neutral,0,39,4,2,38,7.0,35.0,27.0,3.0
45,length4_neutral,0,40,4,3,23,42.0,9.0,95.0,26.0
45,length4_plentiful,1,1,4,4,30,76.0,63.0,60.0,79.0
45,length4_plentiful,1,2,4,1,32,88.0,62.0,84.0,73.0
45,length4_plentiful,1,3,4,2,35,69.0,76.0,65.0,90.0
45,length4_plentiful,1,4,4,4,12,39.0,61.0,64.0,54.0
45,length4_plentiful,1,5,4,4,34,72.0,57.0,18.0,71.0
45,length4_plentiful,1,6,4,4,28,63.0,29.0,60.0,75.0
45,length4_plentiful,1,7,4,3,3,60.0,71.0,84.0,81.0
45,length4_plentiful,1,8,4,1,31,95.0,52.0,59.0,36.0
45,length4_plentiful,1,9,4,2,19,17.0,65.0,44.0,96.0
45,length4_plentiful,1,10,4,4,36,72.0,38.0,62.0,86.0
45,length4_plentiful,1,11,4,3,13,70.0,76.0,91.0,82.0
45,length4_plentiful,1,12,4,2,18,68.0,90.0,59.0,60.0
45,length4_plentiful,1,13,4,4,14,68.0,38.0,33.0,47.0
45,length4_plentiful,1,14,4,3,8,83.0,79.0,84.0,66.0
45,length4_plentiful,1,15,4,4,9,60.0,59.0,35.0,67.0
45,length4_plentiful,1,16,4,4,40,54.0,68.0,72.0,89.0
45,length4_plentiful,1,17,4,1,22,93.0,55.0,62.0,57.0
45,length4_plentiful,1,18,4,1,33,85.0,87.0,71.0,48.0
45,length4_plentiful,1,19,4,1,1,90.0,79.0,72.0,89.0
45,length4_plentiful,1,20,4,3,20,73.0,74.0,87.0,55.0
45,length4_plentiful,1,21,4,4,27,59.0,66.0,72.0,76.0
45,length4_plentiful,1,22,4,1,4,97.0,80.0,69.0,43.0
45,length4_plentiful,1,23,4,4,16,68.0,42.0,33.0,92.0
45,length4_plentiful,1,24,4,3,37,54.0,44.0,88.0,87.0
45,length4_plentiful,1,25,4,4,10,39.0,64.0,68.0,57.0
45,length4_plentiful,1,26,4,4,17,74.0,79.0,68.0,66.0
45,length4_plentiful,1,27,4,3,7,83.0,64.0,85.0,97.0
45,length4_plentiful,1,28,4,4,11,76.0,39.0,35.0,72.0
45,length4_plentiful,1,29,4,2,26,62.0,88.0,77.0,71.0
45,length4_plentiful,1,30,4,2,6,57.0,77.0,72.0,85.0
45,length4_plentiful,1,31,4,2,39,65.0,87.0,48.0,77.0
45,length4_plentiful,1,32,4,4,24,51.0,52.0,66.0,84.0
45,length4_plentiful,1,33,4,1,2,89.0,87.0,85.0,49.0
45,length4_plentiful,1,34,4,4,21,79.0,57.0,61.0,74.0
45,length4_plentiful,1,35,4,4,5,73.0,70.0,50.0,88.0
45,length4_plentiful,1,36,4,3,29,76.0,74.0,95.0,89.0
45,length4_plentiful,1,37,4,1,15,91.0,60.0,80.0,79.0
45,length4_plentiful,1,38,4,4,25,82.0,43.0,78.0,58.0
45,length4_plentiful,1,39,4,3,38,75.0,81.0,90.0,92.0
45,length4_plentiful,1,40,4,3,23,71.0,61.0,74.0,84.0
45,length8_neutral,2,1,8,5,30,56.0,15.0,66.0,36.0
45,length8_neutral,2,2,8,6,32,22.0,60.0,87.0,84.0
45,length8_neutral,2,3,8,8,35,63.0,74.0,38.0,46.0
45,length8_neutral,2,4,8,3,12,21.0,42.0,84.0,66.0
45,length8_neutral,2,5,8,8,34,93.0,3.0,8.0,59.0
45,length8_neutral,2,6,8,8,28,39.0,56.0,6.0,13.0
45,length8_neutral,2,7,8,4,3,37.0,60.0,82.0,84.0
45,length8_neutral,2,8,8,3,31,77.0,19.0,97.0,65.0
45,length8_neutral,2,9,8,8,19,14.0,26.0,59.0,37.0
45,length8_neutral,2,10,8,4,36,26.0,21.0,50.0,97.0
45,length8_neutral,2,11,8,3,13,58.0,2.0,87.0,9.0
45,length8_neutral,2,12,8,2,18,31.0,81.0,84.0,16.0
45,length8_neutral,2,13,8,7,14,28.0,24.0,62.0,55.0
45,length8_neutral,2,14,8,4,8,81.0,36.0,74.0,79.0
45,length8_neutral,2,15,8,6,9,85.0,12.0,40.0,50.0
45,length8_neutral,2,16,8,1,40,88.0,45.0,7.0,44.0
45,length8_neutral,2,17,8,2,22,42.0,98.0,63.0,28.0
45,length8_neutral,2,18,8,3,33,41.0,44.0,81.0,91.0
45,length8_neutral,2,19,8,4,1,49.0,63.0,15.0,81.0
45,length8_neutral,2,20,8,8,20,77.0,51.0,10.0,37.0
45,length8_neutral,2,21,8,2,27,87.0,95.0,62.0,79.0
45,length8_neutral,2,22,8,5,4,67.0,8.0,34.0,66.0
45,length8_neutral,2,23,8,8,16,8.0,30.0,59.0,32.0
45,length8_neutral,2,24,8,3,37,8.0,50.0,88.0,47.0
45,length8_neutral,2,25,8,7,10,10.0,8.0,27.0,33.0
45,length8_neutral,2,26,8,2,17,61.0,98.0,9.0,73.0
45,length8_neutral,2,27,8,6,7,62.0,72.0,16.0,4.0
45,length8_neutral,2,28,8,2,11,63.0,79.0,32.0,8.0
45,length8_neutral,2,29,8,1,26,92.0,8.0,20.0,75.0
45,length8_neutral,2,30,8,1,6,94.0,62.0,84.0,37.0
45,length8_neutral,2,31,8,1,39,94.0,87.0,24.0,12.0
45,length8_neutral,2,32,8,2,24,45.0,80.0,19.0,64.0
45,length8_neutral,2,33,8,3,2,77.0,66.0,91.0,36.0
45,length8_neutral,2,34,8,3,21,28.0,62.0,65.0,57.0
45,length8_neutral,2,35,8,3,5,7.0,39.0,73.0,35.0
45,length8_neutral,2,36,8,2,29,5.0,75.0,64.0,20.0
45,length8_neutral,2,37,8,6,15,2.0,49.0,12.0,5.0
45,length8_neutral,2,38,8,1,25,95.0,10.0,64.0,84.0
45,length8_neutral,2,39,8,1,38,93.0,5.0,57.0,61.0
45,length8_neutral,2,40,8,1,23,83.0,52.0,96.0,53.0
45,length8_plentiful,3,1,8,8,30,50.0,44.0,45.0,43.0
45,length8_plentiful,3,2,8,3,32,51.0,62.0,93.0,33.0
45,length8_plentiful,3,3,8,5,35,27.0,36.0,79.0,81.0
45,length8_plentiful,3,4,8,4,12,79.0,40.0,37.0,95.0
45,length8_plentiful,3,5,8,4,34,80.0,66.0,70.0,84.0
45,length8_plentiful,3,6,8,6,28,57.0,72.0,63.0,58.0
45,length8_plentiful,3,7,8,5,3,80.0,73.0,61.0,77.0
45,length8_plentiful,3,8,8,1,31,88.0,75.0,80.0,82.0
45,length8_plentiful,3,9,8,2,19,31.0,89.0,67.0,86.0
45,length8_plentiful,3,10,8,1,36,84.0,32.0,59.0,89.0
45,length8_plentiful,3,11,8,8,13,78.0,97.0,53.0,55.0
45,length8_plentiful,3,12,8,5,18,30.0,52.0,54.0,60.0
45,length8_plentiful,3,13,8,4,14,69.0,85.0,44.0,93.0
45,length8_plentiful,3,14,8,8,8,49.0,57.0,62.0,73.0
45,length8_plentiful,3,15,8,4,9,82.0,86.0,52.0,87.0
45,length8_plentiful,3,16,8,1,40,94.0,51.0,79.0,78.0
45,length8_plentiful,3,17,8,1,22,93.0,94.0,26.0,54.0
45,length8_plentiful,3,18,8,1,33,91.0,35.0,56.0,87.0
45,length8_plentiful,3,19,8,6,1,71.0,80.0,36.0,31.0
45,length8_plentiful,3,20,8,4,20,70.0,63.0,53.0,91.0
45,length8_plentiful,3,21,8,8,27,82.0,80.0,18.0,56.0
45,length8_plentiful,3,22,8,4,4,75.0,35.0,79.0,89.0
45,length8_plentiful,3,23,8,5,16,68.0,38.0,35.0,69.0
45,length8_plentiful,3,24,8,4,37,43.0,66.0,74.0,80.0
45,length8_plentiful,3,25,8,3,10,57.0,71.0,97.0,81.0
45,length8_plentiful,3,26,8,4,17,79.0,61.0,62.0,90.0
45,length8_plentiful,3,27,8,8,7,49.0,73.0,57.0,58.0
45,length8_plentiful,3,28,8,3,11,49.0,38.0,81.0,69.0
45,length8_plentiful,3,29,8,8,26,54.0,78.0,52.0,65.0
45,length8_plentiful,3,30,8,5,6,41.0,69.0,63.0,55.0
45,length8_plentiful,3,31,8,2,39,59.0,85.0,46.0,78.0
45,length8_plentiful,3,32,8,1,24,93.0,85.0,92.0,62.0
45,length8_plentiful,3,33,8,3,2,65.0,69.0,88.0,42.0
45,length8_plentiful,3,34,8,5,21,68.0,48.0,71.0,45.0
45,length8_plentiful,3,35,8,3,5,64.0,57.0,75.0,76.0
45,length8_plentiful,3,36,8,8,29,72.0,52.0,49.0,61.0
45,length8_plentiful,3,37,8,1,15,86.0,64.0,24.0,52.0
45,length8_plentiful,3,38,8,5,25,41.0,59.0,25.0,75.0
45,length8_plentiful,3,39,8,5,38,52.0,76.0,67.0,55.0
45,length8_plentiful,3,40,8,8,23,63.0,86.0,82.0,55.0
46,length4_neutral,0,1,4,1,21,95.0,66.0,15.0,13.0
46,length4_neutral,0,2,4,1,39,38.0,9.0,73.0,48.0
46,length4_neutral,0,3,4,1,37,51.0,77.0,12.0,2.0
46,length4_neutral,0,4,4,1,33,7.0,82.0,11.0,32.0
46,length4_neutral,0,5,4,1,23,16.0,84.0,17.0,89.0
46,length4_neutral,0,6,4,1,40,42.0,7.0,96.0,56.0
46,length4_neutral,0,7,4,1,13,75.0,29.0,37.0,26.0
46,length4_neutral,0,8,4,1,2,90.0,79.0,69.0,31.0
46,length4_neutral,0,9,4,1,19,4.0,10.0,13.0,8.0
46,length4_neutral,0,10,4,1,26,94.0,60.0,86.0,11.0
46,length4_neutral,0,11,4,1,25,95.0,10.0,97.0,77.0
46,length4_neutral,0,12,4,1,27,53.0,42.0,11.0,60.0
46,length4_neutral,0,13,4,1,3,72.0,83.0,90.0,94.0
46,length4_neutral,0,14,4,1,38,39.0,45.0,59.0,20.0
46,length4_neutral,0,15,4,1,22,84.0,98.0,24.0,26.0
46,length4_neutral,0,16,4,1,32,95.0,37.0,42.0,11.0
46,length4_neutral,0,17,4,1,30,9.0,89.0,1.0,12.0
46,length4_neutral,0,18,4,1,12,18.0,67.0,34.0,41.0
46,length4_neutral,0,19,4,1,34,7.0,19.0,67.0,1.0
46,length4_neutral,0,20,4,1,1,44.0,81.0,34.0,28.0
46,length4_neutral,0,21,4,1,7,19.0,61.0,91.0,40.0
46,length4_neutral,0,22,4,1,4,37.0,46.0,87.0,15.0
46,length4_neutral,0,23,4,4,24,9.0,62.0,2.0,36.0
46,length4_neutral,0,24,4,1,31,72.0,93.0,84.0,17.0
46,length4_neutral,0,25,4,1,9,49.0,75.0,71.0,13.0
46,length4_neutral,0,26,4,1,8,93.0,79.0,18.0,97.0
46,length4_neutral,0,27,4,1,29,88.0,70.0,72.0,52.0
46,length4_neutral,0,28,4,1,16,21.0,22.0,59.0,61.0
46,length4_neutral,0,29,4,1,14,83.0,7.0,13.0,96.0
46,length4_neutral,0,30,4,1,18,47.0,92.0,62.0,32.0
46,length4_neutral,0,31,4,1,35,5.0,4.0,68.0,52.0
46,length4_neutral,0,32,4,1,36,5.0,36.0,90.0,50.0
46,length4_neutral,0,33,4,1,20,86.0,92.0,15.0,12.0
46,length4_neutral,0,34,4,1,5,79.0,29.0,65.0,58.0
46,length4_neutral,0,35,4,1,10,7.0,21.0,54.0,40.0
46,length4_neutral,0,36,4,1,15,23.0,81.0,71.0,46.0
46,length4_neutral,0,37,4,3,17,25.0,88.0,13.0,79.0
46,length4_neutral,0,38,4,1,6,18.0,59.0,31.0,52.0
46,length4_neutral,0,39,4,3,11,9.0,42.0,53.0,25.0
46,length4_neutral,0,40,4,4,28,79.0,29.0,38.0,12.0
46,length4_plentiful,1,1,4,1,21,80.0,57.0,26.0,63.0
46,length4_plentiful,1,2,4,1,39,59.0,69.0,71.0,55.0
46,length4_plentiful,1,3,4,1,37,70.0,69.0,61.0,43.0
46,length4_plentiful,1,4,4,1,33,64.0,94.0,71.0,90.0
46,length4_plentiful,1,5,4,1,23,60.0,46.0,81.0,66.0
46,length4_plentiful,1,6,4,1,40,58.0,64.0,87.0,53.0
46,length4_plentiful,1,7,4,1,13,61.0,77.0,46.0,64.0
46,length4_plentiful,1,8,4,1,2,26.0,89.0,69.0,48.0
46,length4_plentiful,1,9,4,1,19,52.0,86.0,76.0,93.0
46,length4_plentiful,1,10,4,1,26,88.0,64.0,83.0,41.0
46,length4_plentiful,1,11,4,1,25,80.0,57.0,55.0,89.0
46,length4_plentiful,1,12,4,1,27,79.0,82.0,97.0,62.0
46,length4_plentiful,1,13,4,1,3,97.0,63.0,69.0,68.0
46,length4_plentiful,1,14,4,1,38,59.0,55.0,47.0,77.0
46,length4_plentiful,1,15,4,1,22,52.0,53.0,90.0,62.0
46,length4_plentiful,1,16,4,1,32,46.0,85.0,55.0,87.0
46,length4_plentiful,1,17,4,1,30,65.0,86.0,48.0,59.0
46,length4_plentiful,1,18,4,1,12,56.0,51.0,50.0,89.0
46,length4_plentiful,1,19,4,1,34,85.0,39.0,50.0,53.0
46,length4_plentiful,1,20,4,1,1,52.0,64.0,56.0,81.0
46,length4_plentiful,1,21,4,1,7,68.0,88.0,84.0,49.0
46,length4_plentiful,1,22,4,1,4,85.0,65.0,80.0,78.0
46,length4_plentiful,1,23,4,1,24,89.0,52.0,80.0,55.0
46,length4_plentiful,1,24,4,1,31,81.0,73.0,66.0,80.0
46,length4_plentiful,1,25,4,1,9,44.0,84.0,89.0,69.0
46,length4_plentiful,1,26,4,1,8,76.0,51.0,82.0,64.0
46,length4_plentiful,1,27,4,1,29,36.0,43.0,79.0,76.0
46,length4_plentiful,1,28,4,1,16,32.0,66.0,63.0,95.0
46,length4_plentiful,1,29,4,1,14,96.0,82.0,85.0,93.0
46,length4_plentiful,1,30,4,1,18,64.0,39.0,84.0,82.0
46,length4_plentiful,1,31,4,1,35,90.0,81.0,61.0,39.0
46,length4_plentiful,1,32,4,1,36,77.0,23.0,47.0,26.0
46,length4_plentiful,1,33,4,1,20,83.0,73.0,71.0,62.0
46,length4_plentiful,1,34,4,1,5,61.0,30.0,49.0,91.0
46,length4_plentiful,1,35,4,1,10,77.0,63.0,75.0,79.0
46,length4_plentiful,1,36,4,1,15,73.0,78.0,56.0,22.0
46,length4_plentiful,1,37,4,1,17,75.0,79.0,56.0,86.0
46,length4_plentiful,1,38,4,1,6,94.0,81.0,68.0,47.0
46,length4_plentiful,1,39,4,1,11,54.0,72.0,18.0,57.0
46,length4_plentiful,1,40,4,1,28,67.0,53.0,59.0,49.0
46,length8_neutral,2,1,8,1,21,35.0,77.0,15.0,1.0
46,length8_neutral,2,2,8,1,39,4.0,89.0,77.0,93.0
46,length8_neutral,2,3,8,1,37,71.0,77.0,83.0,22.0
46,length8_neutral,2,4,8,1,33,68.0,82.0,63.0,93.0
46,length8_neutral,2,5,8,1,23,26.0,4.0,39.0,14.0
46,length8_neutral,2,6,8,1,40,43.0,63.0,21.0,86.0
46,length8_neutral,2,7,8,1,13,88.0,26.0,31.0,78.0
46,length8_neutral,2,8,8,1,2,83.0,92.0,49.0,43.0
46,length8_neutral,2,9,8,3,19,76.0,31.0,21.0,16.0
46,length8_neutral,2,10,8,1,26,22.0,79.0,32.0,2.0
46,length8_neutral,2,11,8,1,25,1.0,85.0,89.0,24.0
46,length8_neutral,2,12,8,1,27,46.0,19.0,45.0,4.0
46,length8_neutral,2,13,8,1,3,64.0,42.0,83.0,7.0
46,length8_neutral,2,14,8,1,38,77.0,82.0,29.0,34.0
46,length8_neutral,2,15,8,1,22,73.0,14.0,13.0,90.0
46,length8_neutral,2,16,8,1,32,61.0,12.0,10.0,48.0
46,length8_neutral,2,17,8,1,30,46.0,43.0,51.0,6.0
46,length8_neutral,2,18,8,1,12,97.0,35.0,57.0,80.0
46,length8_neutral,2,19,8,1,34,30.0,62.0,45.0,46.0
46,length8_neutral,2,20,8,1,1,76.0,60.0,51.0,73.0
46,length8_neutral,2,21,8,1,7,13.0,12.0,15.0,83.0
46,length8_neutral,2,22,8,1,4,51.0,89.0,25.0,88.0
46,length8_neutral,2,23,8,1,24,80.0,40.0,83.0,57.0
46,length8_neutral,2,24,8,1,31,25.0,17.0,12.0,23.0
46,length8_neutral,2,25,8,1,9,16.0,48.0,56.0,79.0
46,length8_neutral,2,26,8,1,8,92.0,41.0,87.0,86.0
46,length8_neutral,2,27,8,1,29,7.0,55.0,96.0,23.0
46,length8_neutral,2,28,8,1,16,73.0,53.0,94.0,29.0
46,length8_neutral,2,29,8,1,14,94.0,87.0,35.0,57.0
46,length8_neutral,2,30,8,1,18,31.0,62.0,38.0,36.0
46,length8_neutral,2,31,8,1,35,52.0,1.0,65.0,96.0
46,length8_neutral,2,32,8,1,36,20.0,76.0,30.0,72.0
46,length8_neutral,2,33,8,1,20,31.0,67.0,45.0,8.0
46,length8_neutral,2,34,8,1,5,41.0,18.0,13.0,49.0
46,length8_neutral,2,35,8,1,10,93.0,53.0,59.0,67.0
46,length8_neutral,2,36,8,1,15,75.0,62.0,74.0,93.0
46,length8_neutral,2,37,8,1,17,94.0,77.0,85.0,11.0
46,length8_neutral,2,38,8,1,6,12.0,55.0,31.0,30.0
46,length8_neutral,2,39,8,1,11,72.0,62.0,33.0,45.0
46,length8_neutral,2,40,8,1,28,86.0,7.0,77.0,50.0
46,length8_plentiful,3,1,8,1,21,50.0,69.0,73.0,92.0
46,length8_plentiful,3,2,8,1,39,63.0,68.0,66.0,74.0
46,length8_plentiful,3,3,8,1,37,70.0,89.0,85.0,42.0
46,length8_plentiful,3,4,8,1,33,84.0,88.0,68.0,91.0
46,length8_plentiful,3,5,8,1,23,61.0,28.0,82.0,57.0
46,length8_plentiful,3,6,8,1,40,62.0,68.0,58.0,57.0
46,length8_plentiful,3,7,8,1,13,87.0,42.0,75.0,68.0
46,length8_plentiful,3,8,8,1,2,82.0,76.0,87.0,53.0
46,length8_plentiful,3,9,8,1,19,66.0,70.0,54.0,59.0
46,length8_plentiful,3,10,8,1,26,65.0,43.0,30.0,81.0
46,length8_plentiful,3,11,8,1,25,67.0,89.0,96.0,58.0
46,length8_plentiful,3,12,8,1,27,67.0,68.0,98.0,84.0
46,length8_plentiful,3,13,8,1,3,88.0,56.0,79.0,75.0
46,length8_plentiful,3,14,8,1,38,50.0,44.0,69.0,63.0
46,length8_plentiful,3,15,8,1,22,49.0,36.0,78.0,30.0
46,length8_plentiful,3,16,8,1,32,54.0,58.0,45.0,69.0
46,length8_plentiful,3,17,8,1,30,76.0,84.0,85.0,94.0
46,length8_plentiful,3,18,8,1,12,62.0,64.0,87.0,79.0
46,length8_plentiful,3,19,8,1,34,65.0,62.0,89.0,49.0
46,length8_plentiful,3,20,8,1,1,44.0,63.0,70.0,68.0
46,length8_plentiful,3,21,8,1,7,90.0,72.0,87.0,69.0
46,length8_plentiful,3,22,8,1,4,35.0,86.0,87.0,65.0
46,length8_plentiful,3,23,8,1,24,80.0,52.0,35.0,30.0
46,length8_plentiful,3,24,8,1,31,54.0,94.0,33.0,70.0
46,length8_plentiful,3,25,8,1,9,78.0,52.0,74.0,77.0
46,length8_plentiful,3,26,8,1,8,30.0,68.0,93.0,70.0
46,length8_plentiful,3,27,8,1,29,78.0,49.0,63.0,72.0
46,length8_plentiful,3,28,8,1,16,57.0,46.0,90.0,36.0
46,length8_plentiful,3,29,8,1,14,81.0,78.0,44.0,63.0
46,length8_plentiful,3,30,8,1,18,60.0,45.0,88.0,70.0
46,length8_plentiful,3,31,8,1,35,59.0,74.0,62.0,70.0
46,length8_plentiful,3,32,8,1,36,66.0,79.0,46.0,56.0
46,length8_plentiful,3,33,8,1,20,43.0,78.0,87.0,89.0
46,length8_plentiful,3,34,8,1,5,71.0,64.0,85.0,70.0
46,length8_plentiful,3,35,8,1,10,75.0,89.0,67.0,87.0
46,length8_plentiful,3,36,8,1,15,82.0,68.0,76.0,79.0
46,length8_plentiful,3,37,8,1,17,89.0,58.0,75.0,95.0
46,length8_plentiful,3,38,8,1,6,73.0,74.0,78.0,52.0
46,length8_plentiful,3,39,8,1,11,35.0,45.0,74.0,72.0
46,length8_plentiful,3,40,8,1,28,80.0,70.0,69.0,89.0
47,length4_neutral,0,1,4,4,9,49.0,39.0,25.0,81.0
47,length4_neutral,0,2,4,1,40,98.0,93.0,67.0,39.0
47,length4_neutral,0,3,4,3,19,52.0,1.0,85.0,50.0
47,length4_neutral,0,4,4,4,36,63.0,21.0,43.0,28.0
47,length4_neutral,0,5,4,2,12,3.0,93.0,67.0,77.0
47,length4_neutral,0,6,4,4,2,5.0,60.0,53.0,36.0
47,length4_neutral,0,7,4,2,25,12.0,91.0,36.0,95.0
47,length4_neutral,0,8,4,3,31,23.0,40.0,86.0,5.0
47,length4_neutral,0,9,4,1,1,56.0,72.0,22.0,25.0
47,length4_neutral,0,10,4,2,24,81.0,96.0,83.0,71.0
47,length4_neutral,0,11,4,2,30,11.0,98.0,61.0,64.0
47,length4_neutral,0,12,4,2,8,17.0,62.0,80.0,7.0
47,length4_neutral,0,13,4,3,32,42.0,36.0,91.0,16.0
47,length4_neutral,0,14,4,2,37,42.0,80.0,70.0,63.0
47,length4_neutral,0,15,4,4,3,3.0,28.0,25.0,84.0
47,length4_neutral,0,16,4,3,15,35.0,9.0,91.0,24.0
47,length4_neutral,0,17,4,4,35,22.0,26.0,24.0,21.0
47,length4_neutral,0,18,4,1,16,87.0,12.0,50.0,55.0
47,length4_neutral,0,19,4,4,11,36.0,7.0,15.0,44.0
47,length4_neutral,0,20,4,4,33,67.0,63.0,7.0,30.0
47,length4_neutral,0,21,4,2,17,62.0,81.0,72.0,61.0
47,length4_neutral,0,22,4,4,18,64.0,62.0,19.0,48.0
47,length4_neutral,0,23,4,3,5,79.0,69.0,97.0,43.0
47,length4_neutral,0,24,4,4,23,46.0,42.0,6.0,26.0
47,length4_neutral,0,25,4,3,4,62.0,9.0,70.0,94.0
47,length4_neutral,0,26,4,3,39,90.0,54.0,87.0,84.0
47,length4_neutral,0,27,4,4,10,74.0,75.0,43.0,78.0
47,length4_neutral,0,28,4,4,13,85.0,76.0,22.0,16.0
47,length4_neutral,0,29,4,4,26,56.0,34.0,22.0,64.0
47,length4_neutral,0,30,4,1,34,91.0,33.0,54.0,42.0
47,length4_neutral,0,31,4,2,21,50.0,69.0,72.0,20.0
47,length4_neutral,0,32,4,4,22,60.0,57.0,22.0,46.0
47,length4_neutral,0,33,4,3,7,10.0,37.0,84.0,36.0
47,length4_neutral,0,34,4,4,27,22.0,80.0,19.0,2.0
47,length4_neutral,0,35,4,2,28,35.0,86.0,84.0,77.0
47,length4_neutral,0,36,4,1,6,81.0,93.0,69.0,11.0
47,length4_neutral,0,37,4,1,29,67.0,27.0,37.0,45.0
47,length4_neutral,0,38,4,3,14,39.0,59.0,67.0,42.0
47,length4_neutral,0,39,4,4,20,7.0,35.0,27.0,3.0
47,length4_neutral,0,40,4,3,38,42.0,9.0,95.0,26.0
47,length4_plentiful,1,1,4,4,9,76.0,63.0,60.0,79.0
47,length4_plentiful,1,2,4,1,40,88.0,62.0,84.0,73.0
47,length4_plentiful,1,3,4,4,19,69.0,76.0,65.0,90.0
47,length4_plentiful,1,4,4,4,36,39.0,61.0,64.0,54.0
47,length4_plentiful,1,5,4,1,12,72.0,57.0,18.0,71.0
47,length4_plentiful,1,6,4,4,2,63.0,29.0,60.0,75.0
47,length4_plentiful,1,7,4,3,25,60.0,71.0,84.0,81.0
47,length4_plentiful,1,8,4,4,31,95.0,52.0,59.0,36.0
47,length4_plentiful,1,9,4,2,1,17.0,65.0,44.0,96.0
47,length4_plentiful,1,10,4,4,24,72.0,38.0,62.0,86.0
47,length4_plentiful,1,11,4,3,30,70.0,76.0,91.0,82.0
47,length4_plentiful,1,12,4,2,8,68.0,90.0,59.0,60.0
47,length4_plentiful,1,13,4,4,32,68.0,38.0,33.0,47.0
47,length4_plentiful,1,14,4,1,37,83.0,79.0,84.0,66.0
47,length4_plentiful,1,15,4,4,3,60.0,59.0,35.0,67.0
47,length4_plentiful,1,16,4,2,15,54.0,68.0,72.0,89.0
47,length4_plentiful,1,17,4,1,35,93.0,55.0,62.0,57.0
47,length4_plentiful,1,18,4,1,16,85.0,87.0,71.0,48.0
47,length4_plentiful,1,19,4,1,11,90.0,79.0,72.0,89.0
47,length4_plentiful,1,20,4,3,33,73.0,74.0,87.0,55.0
47,length4_plentiful,1,21,4,3,17,59.0,66.0,72.0,76.0
47,length4_plentiful,1,22,4,1,18,97.0,80.0,69.0,43.0
47,length4_plentiful,1,23,4,1,5,68.0,42.0,33.0,92.0
47,length4_plentiful,1,24,4,3,23,54.0,44.0,88.0,87.0
47,length4_plentiful,1,25,4,4,4,39.0,64.0,68.0,57.0
47,length4_plentiful,1,26,4,1,39,74.0,79.0,68.0,66.0
47,length4_plentiful,1,27,4,1,10,83.0,64.0,85.0,97.0
47,length4_plentiful,1,28,4,1,13,76.0,39.0,35.0,72.0
47,length4_plentiful,1,29,4,2,26,62.0,88.0,77.0,71.0
47,length4_plentiful,1,30,4,4,34,57.0,77.0,72.0,85.0
47,length4_plentiful,1,31,4,2,21,65.0,87.0,48.0,77.0
47,length4_plentiful,1,32,4,4,22,51.0,52.0,66.0,84.0
47,length4_plentiful,1,33,4,1,7,89.0,87.0,85.0,49.0
47,length4_plentiful,1,34,4,1,27,79.0,57.0,61.0,74.0
47,length4_plentiful,1,35,4,1,28,73.0,70.0,50.0,88.0
47,length4_plentiful,1,36,4,1,6,76.0,74.0,95.0,89.0
47,length4_plentiful,1,37,4,1,29,91.0,60.0,80.0,79.0
47,length4_plentiful,1,38,4,2,14,82.0,43.0,78.0,58.0
47,length4_plentiful,1,39,4,1,20,75.0,81.0,90.0,92.0
47,length4_plentiful,1,40,4,1,38,71.0,61.0,74.0,84.0
47,length8_neutral,2,1,8,5,9,56.0,15.0,66.0,36.0
47,length8_neutral,2,2,8,3,40,22.0,60.0,87.0,84.0
47,length8_neutral,2,3,8,8,19,63.0,74.0,38.0,46.0
47,length8_neutral,2,4,8,3,36,21.0,42.0,84.0,66.0
47,length8_neutral,2,5,8,8,12,93.0,3.0,8.0,59.0
47,length8_neutral,2,6,8,8,2,39.0,56.0,6.0,13.0
47,length8_neutral,2,7,8,4,25,37.0,60.0,82.0,84.0
47,length8_neutral,2,8,8,3,31,77.0,19.0,97.0,65.0
47,length8_neutral,2,9,8,5,1,14.0,26.0,59.0,37.0
47,length8_neutral,2,10,8,4,24,26.0,21.0,50.0,97.0
47,length8_neutral,2,11,8,3,30,58.0,2.0,87.0,9.0
47,length8_neutral,2,12,8,3,8,31.0,81.0,84.0,16.0
47,length8_neutral,2,13,8,7,32,28.0,24.0,62.0,55.0
47,length8_neutral,2,14,8,1,37,81.0,36.0,74.0,79.0
47,length8_neutral,2,15,8,1,3,85.0,12.0,40.0,50.0
47,length8_neutral,2,16,8,7,15,88.0,45.0,7.0,44.0
47,length8_neutral,2,17,8,2,35,42.0,98.0,63.0,28.0
47,length8_neutral,2,18,8,3,16,41.0,44.0,81.0,91.0
47,length8_neutral,2,19,8,4,11,49.0,63.0,15.0,81.0
47,length8_neutral,2,20,8,8,33,77.0,51.0,10.0,37.0
47,length8_neutral,2,21,8,1,17,87.0,95.0,62.0,79.0
47,length8_neutral,2,22,8,5,18,67.0,8.0,34.0,66.0
47,length8_neutral,2,23,8,3,5,8.0,30.0,59.0,32.0
47,length8_neutral,2,24,8,8,23,8.0,50.0,88.0,47.0
47,length8_neutral,2,25,8,8,4,10.0,8.0,27.0,33.0
47,length8_neutral,2,26,8,2,39,61.0,98.0,9.0,73.0
47,length8_neutral,2,27,8,2,10,62.0,72.0,16.0,4.0
47,length8_neutral,2,28,8,2,13,63.0,79.0,32.0,8.0
47,length8_neutral,2,29,8,8,26,92.0,8.0,20.0,75.0
47,length8_neutral,2,30,8,8,34,94.0,62.0,84.0,37.0
47,length8_neutral,2,31,8,1,21,94.0,87.0,24.0,12.0
47,length8_neutral,2,32,8,8,22,45.0,80.0,19.0,64.0
47,length8_neutral,2,33,8,3,7,77.0,66.0,91.0,36.0
47,length8_neutral,2,34,8,5,27,28.0,62.0,65.0,57.0
47,length8_neutral,2,35,8,8,28,7.0,39.0,73.0,35.0
47,length8_neutral,2,36,8,2,6,5.0,75.0,64.0,20.0
47,length8_neutral,2,37,8,6,29,2.0,49.0,12.0,5.0
47,length8_neutral,2,38,8,1,14,95.0,10.0,64.0,84.0
47,length8_neutral,2,39,8,6,20,93.0,5.0,57.0,61.0
47,length8_neutral,2,40,8,8,38,83.0,52.0,96.0,53.0
47,length8_plentiful,3,1,8,8,9,50.0,44.0,45.0,43.0
47,length8_plentiful,3,2,8,3,40,51.0,62.0,93.0,33.0
47,length8_plentiful,3,3,8,4,19,27.0,36.0,79.0,81.0
47,length8_plentiful,3,4,8,4,36,79.0,40.0,37.0,95.0
47,length8_plentiful,3,5,8,4,12,80.0,66.0,70.0,84.0
47,length8_plentiful,3,6,8,6,2,57.0,72.0,63.0,58.0
47,length8_plentiful,3,7,8,1,25,80.0,73.0,61.0,77.0
47,length8_plentiful,3,8,8,2,31,88.0,75.0,80.0,82.0
47,length8_plentiful,3,9,8,2,1,31.0,89.0,67.0,86.0
47,length8_plentiful,3,10,8,1,24,84.0,32.0,59.0,89.0
47,length8_plentiful,3,11,8,2,30,78.0,97.0,53.0,55.0
47,length8_plentiful,3,12,8,5,8,30.0,52.0,54.0,60.0
47,length8_plentiful,3,13,8,2,32,69.0,85.0,44.0,93.0
47,length8_plentiful,3,14,8,8,37,49.0,57.0,62.0,73.0
47,length8_plentiful,3,15,8,2,3,82.0,86.0,52.0,87.0
47,length8_plentiful,3,16,8,1,15,94.0,51.0,79.0,78.0
47,length8_plentiful,3,17,8,1,35,93.0,94.0,26.0,54.0
47,length8_plentiful,3,18,8,4,16,91.0,35.0,56.0,87.0
47,length8_plentiful,3,19,8,2,11,71.0,80.0,36.0,31.0
47,length8_plentiful,3,20,8,4,33,70.0,63.0,53.0,91.0
47,length8_plentiful,3,21,8,8,17,82.0,80.0,18.0,56.0
47,length8_plentiful,3,22,8,3,18,75.0,35.0,79.0,89.0
47,length8_plentiful,3,23,8,5,5,68.0,38.0,35.0,69.0
47,length8_plentiful,3,24,8,3,23,43.0,66.0,74.0,80.0
47,length8_plentiful,3,25,8,3,4,57.0,71.0,97.0,81.0
47,length8_plentiful,3,26,8,4,39,79.0,61.0,62.0,90.0
47,length8_plentiful,3,27,8,8,10,49.0,73.0,57.0,58.0
47,length8_plentiful,3,28,8,3,13,49.0,38.0,81.0,69.0
47,length8_plentiful,3,29,8,8,26,54.0,78.0,52.0,65.0
47,length8_plentiful,3,30,8,5,34,41.0,69.0,63.0,55.0
47,length8_plentiful,3,31,8,8,21,59.0,85.0,46.0,78.0
47,length8_plentiful,3,32,8,1,22,93.0,85.0,92.0,62.0
47,length8_plentiful,3,33,8,8,7,65.0,69.0,88.0,42.0
47,length8_plentiful,3,34,8,6,27,68.0,48.0,71.0,45.0
47,length8_plentiful,3,35,8,6,28,64.0,57.0,75.0,76.0
47,length8_plentiful,3,36,8,8,6,72.0,52.0,49.0,61.0
47,length8_plentiful,3,37,8,8,29,86.0,64.0,24.0,52.0
47,length8_plentiful,3,38,8,5,14,41.0,59.0,25.0,75.0
47,length8_plentiful,3,39,8,5,20,52.0,76.0,67.0,55.0
47,length8_plentiful,3,40,8,2,38,63.0,86.0,82.0,55.0
48,length4_neutral,0,1,4,1,12,95.0,66.0,15.0,13.0
48,length4_neutral,0,2,4,3,9,38.0,9.0,73.0,48.0
48,length4_neutral,0,3,4,2,1,51.0,77.0,12.0,2.0
48,length4_neutral,0,4,4,2,25,7.0,82.0,11.0,32.0
48,length4_neutral,0,5,4,4,13,16.0,84.0,17.0,89.0
48,length4_neutral,0,6,4,3,28,42.0,7.0,96.0,56.0
48,length4_neutral,0,7,4,1,24,75.0,29.0,37.0,26.0
48,length4_neutral,0,8,4,1,8,90.0,79.0,69.0,31.0
48,length4_neutral,0,9,4,4,30,4.0,10.0,13.0,8.0
48,length4_neutral,0,10,4,1,26,94.0,60.0,86.0,11.0
48,length4_neutral,0,11,4,1,4,95.0,10.0,97.0,77.0
48,length4_neutral,0,12,4,4,7,53.0,42.0,11.0,60.0
48,length4_neutral,0,13,4,1,39,72.0,83.0,90.0,94.0
48,length4_neutral,0,14,4,4,2,39.0,45.0,59.0,20.0
48,length4_neutral,0,15,4,1,19,84.0,98.0,24.0,26.0
48,length4_neutral,0,16,4,1,29,95.0,37.0,42.0,11.0
48,length4_neutral,0,17,4,2,3,9.0,89.0,1.0,12.0
48,length4_neutral,0,18,4,4,22,18.0,67.0,34.0,41.0
48,length4_neutral,0,19,4,4,6,7.0,19.0,67.0,1.0
48,length4_neutral,0,20,4,2,14,44.0,81.0,34.0,28.0
48,length4_neutral,0,21,4,3,11,19.0,61.0,91.0,40.0
48,length4_neutral,0,22,4,3,5,37.0,46.0,87.0,15.0
48,length4_neutral,0,23,4,4,15,9.0,62.0,2.0,36.0
48,length4_neutral,0,24,4,1,36,72.0,93.0,84.0,17.0
48,length4_neutral,0,25,4,4,10,49.0,75.0,71.0,13.0
48,length4_neutral,0,26,4,1,38,93.0,79.0,18.0,97.0
48,length4_neutral,0,27,4,1,23,88.0,70.0,72.0,52.0
48,length4_neutral,0,28,4,4,40,21.0,22.0,59.0,61.0
48,length4_neutral,0,29,4,1,32,83.0,7.0,13.0,96.0
48,length4_neutral,0,30,4,2,20,47.0,92.0,62.0,32.0
48,length4_neutral,0,31,4,4,33,5.0,4.0,68.0,52.0
48,length4_neutral,0,32,4,3,31,5.0,36.0,90.0,50.0
48,length4_neutral,0,33,4,1,18,86.0,92.0,15.0,12.0
48,length4_neutral,0,34,4,1,21,79.0,29.0,65.0,58.0
48,length4_neutral,0,35,4,4,35,7.0,21.0,54.0,40.0
48,length4_neutral,0,36,4,4,17,23.0,81.0,71.0,46.0
48,length4_neutral,0,37,4,2,27,25.0,88.0,13.0,79.0
48,length4_neutral,0,38,4,4,34,18.0,59.0,31.0,52.0
48,length4_neutral,0,39,4,4,37,9.0,42.0,53.0,25.0
48,length4_neutral,0,40,4,1,16,79.0,29.0,38.0,12.0
48,length4_plentiful,1,1,4,1,12,80.0,57.0,26.0,63.0
48,length4_plentiful,1,2,4,3,9,59.0,69.0,71.0,55.0
48,length4_plentiful,1,3,4,4,1,70.0,69.0,61.0,43.0
48,length4_plentiful,1,4,4,2,25,64.0,94.0,71.0,90.0
48,length4_plentiful,1,5,4,3,13,60.0,46.0,81.0,66.0
48,length4_plentiful,1,6,4,3,28,58.0,64.0,87.0,53.0
48,length4_plentiful,1,7,4,4,24,61.0,77.0,46.0,64.0
48,length4_plentiful,1,8,4,2,8,26.0,89.0,69.0,48.0
48,length4_plentiful,1,9,4,2,30,52.0,86.0,76.0,93.0
48,length4_plentiful,1,10,4,1,26,88.0,64.0,83.0,41.0
48,length4_plentiful,1,11,4,1,4,80.0,57.0,55.0,89.0
48,length4_plentiful,1,12,4,2,7,79.0,82.0,97.0,62.0
48,length4_plentiful,1,13,4,1,39,97.0,63.0,69.0,68.0
48,length4_plentiful,1,14,4,4,2,59.0,55.0,47.0,77.0
48,length4_plentiful,1,15,4,3,19,52.0,53.0,90.0,62.0
48,length4_plentiful,1,16,4,2,29,46.0,85.0,55.0,87.0
48,length4_plentiful,1,17,4,2,3,65.0,86.0,48.0,59.0
48,length4_plentiful,1,18,4,4,22,56.0,51.0,50.0,89.0
48,length4_plentiful,1,19,4,1,6,85.0,39.0,50.0,53.0
48,length4_plentiful,1,20,4,4,14,52.0,64.0,56.0,81.0
48,length4_plentiful,1,21,4,3,11,68.0,88.0,84.0,49.0
48,length4_plentiful,1,22,4,1,5,85.0,65.0,80.0,78.0
48,length4_plentiful,1,23,4,1,15,89.0,52.0,80.0,55.0
48,length4_plentiful,1,24,4,1,36,81.0,73.0,66.0,80.0
48,length4_plentiful,1,25,4,2,10,44.0,84.0,89.0,69.0
48,length4_plentiful,1,26,4,3,38,76.0,51.0,82.0,64.0
48,length4_plentiful,1,27,4,3,23,36.0,43.0,79.0,76.0
48,length4_plentiful,1,28,4,4,40,32.0,66.0,63.0,95.0
48,length4_plentiful,1,29,4,1,32,96.0,82.0,85.0,93.0
48,length4_plentiful,1,30,4,4,20,64.0,39.0,84.0,82.0
48,length4_plentiful,1,31,4,1,33,90.0,81.0,61.0,39.0
48,length4_plentiful,1,32,4,1,31,77.0,23.0,47.0,26.0
48,length4_plentiful,1,33,4,1,18,83.0,73.0,71.0,62.0
48,length4_plentiful,1,34,4,4,21,61.0,30.0,49.0,91.0
48,length4_plentiful,1,35,4,4,35,77.0,63.0,75.0,79.0
48,length4_plentiful,1,36,4,2,17,73.0,78.0,56.0,22.0
48,length4_plentiful,1,37,4,1,27,75.0,79.0,56.0,86.0
48,length4_plentiful,1,38,4,1,34,94.0,81.0,68.0,47.0
48,length4_plentiful,1,39,4,4,37,54.0,72.0,18.0,57.0
48,length4_plentiful,1,40,4,4,16,67.0,53.0,59.0,49.0
48,length8_neutral,2,1,8,2,12,35.0,77.0,15.0,1.0
48,length8_neutral,2,2,8,2,9,4.0,89.0,77.0,93.0
48,length8_neutral,2,3,8,2,1,71.0,77.0,83.0,22.0
48,length8_neutral,2,4,8,2,25,68.0,82.0,63.0,93.0
48,length8_neutral,2,5,8,8,13,26.0,4.0,39.0,14.0
48,length8_neutral,2,6,8,4,28,43.0,63.0,21.0,86.0
48,length8_neutral,2,7,8,1,24,88.0,26.0,31.0,78.0
48,length8_neutral,2,8,8,1,8,83.0,92.0,49.0,43.0
48,length8_neutral,2,9,8,1,30,76.0,31.0,21.0,16.0
48,length8_neutral,2,10,8,5,26,22.0,79.0,32.0,2.0
48,length8_neutral,2,11,8,2,4,1.0,85.0,89.0,24.0
48,length8_neutral,2,12,8,8,7,46.0,19.0,45.0,4.0
48,length8_neutral,2,13,8,3,39,64.0,42.0,83.0,7.0
48,length8_neutral,2,14,8,2,2,77.0,82.0,29.0,34.0
48,length8_neutral,2,15,8,4,19,73.0,14.0,13.0,90.0
48,length8_neutral,2,16,8,8,29,61.0,12.0,10.0,48.0
48,length8_neutral,2,17,8,8,3,46.0,43.0,51.0,6.0
48,length8_neutral,2,18,8,1,22,97.0,35.0,57.0,80.0
48,length8_neutral,2,19,8,8,6,30.0,62.0,45.0,46.0
48,length8_neutral,2,20,8,8,14,76.0,60.0,51.0,73.0
48,length8_neutral,2,21,8,4,11,13.0,12.0,15.0,83.0
48,length8_neutral,2,22,8,2,5,51.0,89.0,25.0,88.0
48,length8_neutral,2,23,8,3,15,80.0,40.0,83.0,57.0
48,length8_neutral,2,24,8,8,36,25.0,17.0,12.0,23.0
48,length8_neutral,2,25,8,4,10,16.0,48.0,56.0,79.0
48,length8_neutral,2,26,8,1,38,92.0,41.0,87.0,86.0
48,length8_neutral,2,27,8,3,23,7.0,55.0,96.0,23.0
48,length8_neutral,2,28,8,3,40,73.0,53.0,94.0,29.0
48,length8_neutral,2,29,8,1,32,94.0,87.0,35.0,57.0
48,length8_neutral,2,30,8,8,20,31.0,62.0,38.0,36.0
48,length8_neutral,2,31,8,4,33,52.0,1.0,65.0,96.0
48,length8_neutral,2,32,8,6,31,20.0,76.0,30.0,72.0
48,length8_neutral,2,33,8,7,18,31.0,67.0,45.0,8.0
48,length8_neutral,2,34,8,6,21,41.0,18.0,13.0,49.0
48,length8_neutral,2,35,8,1,35,93.0,53.0,59.0,67.0
48,length8_neutral,2,36,8,4,17,75.0,62.0,74.0,93.0
48,length8_neutral,2,37,8,1,27,94.0,77.0,85.0,11.0
48,length8_neutral,2,38,8,8,34,12.0,55.0,31.0,30.0
48,length8_neutral,2,39,8,8,37,72.0,62.0,33.0,45.0
48,length8_neutral,2,40,8,1,16,86.0,7.0,77.0,50.0
48,length8_plentiful,3,1,8,4,12,50.0,69.0,73.0,92.0
48,length8_plentiful,3,2,8,6,9,63.0,68.0,66.0,74.0
48,length8_plentiful,3,3,8,2,1,70.0,89.0,85.0,42.0
48,length8_plentiful,3,4,8,2,25,84.0,88.0,68.0,91.0
48,length8_plentiful,3,5,8,7,13,61.0,28.0,82.0,57.0
48,length8_plentiful,3,6,8,7,28,62.0,68.0,58.0,57.0
48,length8_plentiful,3,7,8,5,24,87.0,42.0,75.0,68.0
48,length8_plentiful,3,8,8,1,8,82.0,76.0,87.0,53.0
48,length8_plentiful,3,9,8,6,30,66.0,70.0,54.0,59.0
48,length8_plentiful,3,10,8,6,26,65.0,43.0,30.0,81.0
48,length8_plentiful,3,11,8,2,4,67.0,89.0,96.0,58.0
48,length8_plentiful,3,12,8,8,7,67.0,68.0,98.0,84.0
48,length8_plentiful,3,13,8,8,39,88.0,56.0,79.0,75.0
48,length8_plentiful,3,14,8,5,2,50.0,44.0,69.0,63.0
48,length8_plentiful,3,15,8,8,19,49.0,36.0,78.0,30.0
48,length8_plentiful,3,16,8,7,29,54.0,58.0,45.0,69.0
48,length8_plentiful,3,17,8,2,3,76.0,84.0,85.0,94.0
48,length8_plentiful,3,18,8,3,22,62.0,64.0,87.0,79.0
48,length8_plentiful,3,19,8,3,6,65.0,62.0,89.0,49.0
48,length8_plentiful,3,20,8,6,14,44.0,63.0,70.0,68.0
48,length8_plentiful,3,21,8,1,11,90.0,72.0,87.0,69.0
48,length8_plentiful,3,22,8,2,5,35.0,86.0,87.0,65.0
48,length8_plentiful,3,23,8,1,15,80.0,52.0,35.0,30.0
48,length8_plentiful,3,24,8,8,36,54.0,94.0,33.0,70.0
48,length8_plentiful,3,25,8,7,10,78.0,52.0,74.0,77.0
48,length8_plentiful,3,26,8,3,38,30.0,68.0,93.0,70.0
48,length8_plentiful,3,27,8,5,23,78.0,49.0,63.0,72.0
48,length8_plentiful,3,28,8,3,40,57.0,46.0,90.0,36.0
48,length8_plentiful,3,29,8,8,32,81.0,78.0,44.0,63.0
48,length8_plentiful,3,30,8,3,20,60.0,45.0,88.0,70.0
48,length8_plentiful,3,31,8,6,33,59.0,74.0,62.0,70.0
48,length8_plentiful,3,32,8,8,31,66.0,79.0,46.0,56.0
48,length8_plentiful,3,33,8,2,18,43.0,78.0,87.0,89.0
48,length8_plentiful,3,34,8,3,21,71.0,64.0,85.0,70.0
48,length8_plentiful,3,35,8,2,35,75.0,89.0,67.0,87.0
48,length8_plentiful,3,36,8,1,17,82.0,68.0,76.0,79.0
48,length8_plentiful,3,37,8,1,27,89.0,58.0,75.0,95.0
48,length8_plentiful,3,38,8,8,34,73.0,74.0,78.0,52.0
48,length8_plentiful,3,39,8,5,37,35.0,45.0,74.0,72.0
48,length8_plentiful,3,40,8,6,16,80.0,70.0,69.0,89.0
49,length4_neutral,0,1,4,4,39,49.0,39.0,25.0,81.0
49,length4_neutral,0,2,4,1,20,98.0,93.0,67.0,39.0
49,length4_neutral,0,3,4,3,33,52.0,1.0,85.0,50.0
49,length4_neutral,0,4,4,1,13,63.0,21.0,43.0,28.0
49,length4_neutral,0,5,4,2,17,3.0,93.0,67.0,77.0
49,length4_neutral,0,6,4,4,23,5.0,60.0,53.0,36.0
49,length4_neutral,0,7,4,2,32,12.0,91.0,36.0,95.0
49,length4_neutral,0,8,4,3,10,23.0,40.0,86.0,5.0
49,length4_neutral,0,9,4,4,29,56.0,72.0,22.0,25.0
49,length4_neutral,0,10,4,1,22,81.0,96.0,83.0,71.0
49,length4_neutral,0,11,4,2,16,11.0,98.0,61.0,64.0
49,length4_neutral,0,12,4,3,19,17.0,62.0,80.0,7.0
49,length4_neutral,0,13,4,3,25,42.0,36.0,91.0,16.0
49,length4_neutral,0,14,4,2,3,42.0,80.0,70.0,63.0
49,length4_neutral,0,15,4,4,30,3.0,28.0,25.0,84.0
49,length4_neutral,0,16,4,3,34,35.0,9.0,91.0,24.0
49,length4_neutral,0,17,4,4,36,22.0,26.0,24.0,21.0
49,length4_neutral,0,18,4,1,5,87.0,12.0,50.0,55.0
49,length4_neutral,0,19,4,4,35,36.0,7.0,15.0,44.0
49,length4_neutral,0,20,4,1,38,67.0,63.0,7.0,30.0
49,length4_neutral,0,21,4,2,31,62.0,81.0,72.0,61.0
49,length4_neutral,0,22,4,4,11,64.0,62.0,19.0,48.0
49,length4_neutral,0,23,4,1,14,79.0,69.0,97.0,43.0
49,length4_neutral,0,24,4,4,40,46.0,42.0,6.0,26.0
49,length4_neutral,0,25,4,1,7,62.0,9.0,70.0,94.0
49,length4_neutral,0,26,4,1,9,90.0,54.0,87.0,84.0
49,length4_neutral,0,27,4,1,2,74.0,75.0,43.0,78.0
49,length4_neutral,0,28,4,1,37,85.0,76.0,22.0,16.0
49,length4_neutral,0,29,4,4,4,56.0,34.0,22.0,64.0
49,length4_neutral,0,30,4,1,15,91.0,33.0,54.0,42.0
49,length4_neutral,0,31,4,3,1,50.0,69.0,72.0,20.0
49,length4_neutral,0,32,4,4,6,60.0,57.0,22.0,46.0
49,length4_neutral,0,33,4,3,27,10.0,37.0,84.0,36.0
49,length4_neutral,0,34,4,2,24,22.0,80.0,19.0,2.0
49,length4_neutral,0,35,4,2,28,35.0,86.0,84.0,77.0
49,length4_neutral,0,36,4,1,26,81.0,93.0,69.0,11.0
49,length4_neutral,0,37,4,4,21,67.0,27.0,37.0,45.0
49,length4_neutral,0,38,4,3,12,39.0,59.0,67.0,42.0
49,length4_neutral,0,39,4,4,18,7.0,35.0,27.0,3.0
49,length4_neutral,0,40,4,3,8,42.0,9.0,95.0,26.0
49,length4_plentiful,1,1,4,4,39,76.0,63.0,60.0,79.0
49,length4_plentiful,1,2,4,1,20,88.0,62.0,84.0,73.0
49,length4_plentiful,1,3,4,4,33,69.0,76.0,65.0,90.0
49,length4_plentiful,1,4,4,4,13,39.0,61.0,64.0,54.0
49,length4_plentiful,1,5,4,4,17,72.0,57.0,18.0,71.0
49,length4_plentiful,1,6,4,4,23,63.0,29.0,60.0,75.0
49,length4_plentiful,1,7,4,3,32,60.0,71.0,84.0,81.0
49,length4_plentiful,1,8,4,1,10,95.0,52.0,59.0,36.0
49,length4_plentiful,1,9,4,4,29,17.0,65.0,44.0,96.0
49,length4_plentiful,1,10,4,1,22,72.0,38.0,62.0,86.0
49,length4_plentiful,1,11,4,3,16,70.0,76.0,91.0,82.0
49,length4_plentiful,1,12,4,2,19,68.0,90.0,59.0,60.0
49,length4_plentiful,1,13,4,4,25,68.0,38.0,33.0,47.0
49,length4_plentiful,1,14,4,3,3,83.0,79.0,84.0,66.0
49,length4_plentiful,1,15,4,4,30,60.0,59.0,35.0,67.0
49,length4_plentiful,1,16,4,4,34,54.0,68.0,72.0,89.0
49,length4_plentiful,1,17,4,1,36,93.0,55.0,62.0,57.0
49,length4_plentiful,1,18,4,4,5,85.0,87.0,71.0,48.0
49,length4_plentiful,1,19,4,1,35,90.0,79.0,72.0,89.0
49,length4_plentiful,1,20,4,4,38,73.0,74.0,87.0,55.0
49,length4_plentiful,1,21,4,4,31,59.0,66.0,72.0,76.0
49,length4_plentiful,1,22,4,1,11,97.0,80.0,69.0,43.0
49,length4_plentiful,1,23,4,4,14,68.0,42.0,33.0,92.0
49,length4_plentiful,1,24,4,3,40,54.0,44.0,88.0,87.0
49,length4_plentiful,1,25,4,4,7,39.0,64.0,68.0,57.0
49,length4_plentiful,1,26,4,2,9,74.0,79.0,68.0,66.0
49,length4_plentiful,1,27,4,1,2,83.0,64.0,85.0,97.0
49,length4_plentiful,1,28,4,4,37,76.0,39.0,35.0,72.0
49,length4_plentiful,1,29,4,4,4,62.0,88.0,77.0,71.0
49,length4_plentiful,1,30,4,4,15,57.0,77.0,72.0,85.0
49,length4_plentiful,1,31,4,2,1,65.0,87.0,48.0,77.0
49,length4_plentiful,1,32,4,4,6,51.0,52.0,66.0,84.0
49,length4_plentiful,1,33,4,1,27,89.0,87.0,85.0,49.0
49,length4_plentiful,1,34,4,4,24,79.0,57.0,61.0,74.0
49,length4_plentiful,1,35,4,1,28,73.0,70.0,50.0,88.0
49,length4_plentiful,1,36,4,1,26,76.0,74.0,95.0,89.0
49,length4_plentiful,1,37,4,1,21,91.0,60.0,80.0,79.0
49,length4_plentiful,1,38,4,1,12,82.0,43.0,78.0,58.0
49,length4_plentiful,1,39,4,3,18,75.0,81.0,90.0,92.0
49,length4_plentiful,1,40,4,4,8,71.0,61.0,74.0,84.0
49,length8_neutral,2,1,8,5,39,56.0,15.0,66.0,36.0
49,length8_neutral,2,2,8,3,20,22.0,60.0,87.0,84.0
49,length8_neutral,2,3,8,8,33,63.0,74.0,38.0,46.0
49,length8_neutral,2,4,8,3,13,21.0,42.0,84.0,66.0
49,length8_neutral,2,5,8,1,17,93.0,3.0,8.0,59.0
49,length8_neutral,2,6,8,7,23,39.0,56.0,6.0,13.0
49,length8_neutral,2,7,8,3,32,37.0,60.0,82.0,84.0
49,length8_neutral,2,8,8,3,10,77.0,19.0,97.0,65.0
49,length8_neutral,2,9,8,8,29,14.0,26.0,59.0,37.0
49,length8_neutral,2,10,8,4,22,26.0,21.0,50.0,97.0
49,length8_neutral,2,11,8,3,16,58.0,2.0,87.0,9.0
49,length8_neutral,2,12,8,7,19,31.0,81.0,84.0,16.0
49,length8_neutral,2,13,8,7,25,28.0,24.0,62.0,55.0
49,length8_neutral,2,14,8,8,3,81.0,36.0,74.0,79.0
49,length8_neutral,2,15,8,1,30,85.0,12.0,40.0,50.0
49,length8_neutral,2,16,8,1,34,88.0,45.0,7.0,44.0
49,length8_neutral,2,17,8,2,36,42.0,98.0,63.0,28.0
49,length8_neutral,2,18,8,4,5,41.0,44.0,81.0,91.0
49,length8_neutral,2,19,8,4,35,49.0,63.0,15.0,81.0
49,length8_neutral,2,20,8,8,38,77.0,51.0,10.0,37.0
49,length8_neutral,2,21,8,1,31,87.0,95.0,62.0,79.0
49,length8_neutral,2,22,8,5,11,67.0,8.0,34.0,66.0
49,length8_neutral,2,23,8,8,14,8.0,30.0,59.0,32.0
49,length8_neutral,2,24,8,3,40,8.0,50.0,88.0,47.0
49,length8_neutral,2,25,8,7,7,10.0,8.0,27.0,33.0
49,length8_neutral,2,26,8,2,9,61.0,98.0,9.0,73.0
49,length8_neutral,2,27,8,6,2,62.0,72.0,16.0,4.0
49,length8_neutral,2,28,8,8,37,63.0,79.0,32.0,8.0
49,length8_neutral,2,29,8,1,4,92.0,8.0,20.0,75.0
49,length8_neutral,2,30,8,1,15,94.0,62.0,84.0,37.0
49,length8_neutral,2,31,8,1,1,94.0,87.0,24.0,12.0
49,length8_neutral,2,32,8,2,6,45.0,80.0,19.0,64.0
49,length8_neutral,2,33,8,1,27,77.0,66.0,91.0,36.0
49,length8_neutral,2,34,8,5,24,28.0,62.0,65.0,57.0
49,length8_neutral,2,35,8,7,28,7.0,39.0,73.0,35.0
49,length8_neutral,2,36,8,5,26,5.0,75.0,64.0,20.0
49,length8_neutral,2,37,8,6,21,2.0,49.0,12.0,5.0
49,length8_neutral,2,38,8,1,12,95.0,10.0,64.0,84.0
49,length8_neutral,2,39,8,6,18,93.0,5.0,57.0,61.0
49,length8_neutral,2,40,8,1,8,83.0,52.0,96.0,53.0
49,length8_plentiful,3,1,8,8,39,50.0,44.0,45.0,43.0
49,length8_plentiful,3,2,8,8,20,51.0,62.0,93.0,33.0
49,length8_plentiful,3,3,8,7,33,27.0,36.0,79.0,81.0
49,length8_plentiful,3,4,8,4,13,79.0,40.0,37.0,95.0
49,length8_plentiful,3,5,8,1,17,80.0,66.0,70.0,84.0
49,length8_plentiful,3,6,8,6,23,57.0,72.0,63.0,58.0
49,length8_plentiful,3,7,8,5,32,80.0,73.0,61.0,77.0
49,length8_plentiful,3,8,8,8,10,88.0,75.0,80.0,82.0
49,length8_plentiful,3,9,8,2,29,31.0,89.0,67.0,86.0
49,length8_plentiful,3,10,8,6,22,84.0,32.0,59.0,89.0
49,length8_plentiful,3,11,8,2,16,78.0,97.0,53.0,55.0
49,length8_plentiful,3,12,8,5,19,30.0,52.0,54.0,60.0
49,length8_plentiful,3,13,8,2,25,69.0,85.0,44.0,93.0
49,length8_plentiful,3,14,8,8,3,49.0,57.0,62.0,73.0
49,length8_plentiful,3,15,8,4,30,82.0,86.0,52.0,87.0
49,length8_plentiful,3,16,8,1,34,94.0,51.0,79.0,78.0
49,length8_plentiful,3,17,8,1,36,93.0,94.0,26.0,54.0
49,length8_plentiful,3,18,8,1,5,91.0,35.0,56.0,87.0
49,length8_plentiful,3,19,8,6,35,71.0,80.0,36.0,31.0
49,length8_plentiful,3,20,8,4,38,70.0,63.0,53.0,91.0
49,length8_plentiful,3,21,8,8,31,82.0,80.0,18.0,56.0
49,length8_plentiful,3,22,8,4,11,75.0,35.0,79.0,89.0
49,length8_plentiful,3,23,8,5,14,68.0,38.0,35.0,69.0
49,length8_plentiful,3,24,8,5,40,43.0,66.0,74.0,80.0
49,length8_plentiful,3,25,8,3,7,57.0,71.0,97.0,81.0
49,length8_plentiful,3,26,8,4,9,79.0,61.0,62.0,90.0
49,length8_plentiful,3,27,8,8,2,49.0,73.0,57.0,58.0
49,length8_plentiful,3,28,8,6,37,49.0,38.0,81.0,69.0
49,length8_plentiful,3,29,8,8,4,54.0,78.0,52.0,65.0
49,length8_plentiful,3,30,8,8,15,41.0,69.0,63.0,55.0
49,length8_plentiful,3,31,8,8,1,59.0,85.0,46.0,78.0
49,length8_plentiful,3,32,8,1,6,93.0,85.0,92.0,62.0
49,length8_plentiful,3,33,8,8,27,65.0,69.0,88.0,42.0
49,length8_plentiful,3,34,8,5,24,68.0,48.0,71.0,45.0
49,length8_plentiful,3,35,8,6,28,64.0,57.0,75.0,76.0
49,length8_plentiful,3,36,8,8,26,72.0,52.0,49.0,61.0
49,length8_plentiful,3,37,8,6,21,86.0,64.0,24.0,52.0
49,length8_plentiful,3,38,8,5,12,41.0,59.0,25.0,75.0
49,length8_plentiful,3,39,8,8,18,52.0,76.0,67.0,55.0
49,length8_plentiful,3,40,8,2,8,63.0,86.0,82.0,55.0
50,length4_neutral,0,1,4,1,35,95.0,66.0,15.0,13.0
50,length4_neutral,0,2,4,3,4,38.0,9.0,73.0,48.0
50,length4_neutral,0,3,4,1,13,51.0,77.0,12.0,2.0
50,length4_neutral,0,4,4,4,14,7.0,82.0,11.0,32.0
50,length4_neutral,0,5,4,2,15,16.0,84.0,17.0,89.0
50,length4_neutral,0,6,4,1,31,42.0,7.0,96.0,56.0
50,length4_neutral,0,7,4,1,25,75.0,29.0,37.0,26.0
50,length4_neutral,0,8,4,1,27,90.0,79.0,69.0,31.0
50,length4_neutral,0,9,4,4,1,4.0,10.0,13.0,8.0
50,length4_neutral,0,10,4,1,17,94.0,60.0,86.0,11.0
50,length4_neutral,0,11,4,1,9,95.0,10.0,97.0,77.0
50,length4_neutral,0,12,4,3,24,53.0,42.0,11.0,60.0
50,length4_neutral,0,13,4,1,11,72.0,83.0,90.0,94.0
50,length4_neutral,0,14,4,4,33,39.0,45.0,59.0,20.0
50,length4_neutral,0,15,4,1,29,84.0,98.0,24.0,26.0
50,length4_neutral,0,16,4,1,26,95.0,37.0,42.0,11.0
50,length4_neutral,0,17,4,4,3,9.0,89.0,1.0,12.0
50,length4_neutral,0,18,4,2,7,18.0,67.0,34.0,41.0
50,length4_neutral,0,19,4,3,16,7.0,19.0,67.0,1.0
50,length4_neutral,0,20,4,2,18,44.0,81.0,34.0,28.0
50,length4_neutral,0,21,4,2,10,19.0,61.0,91.0,40.0
50,length4_neutral,0,22,4,2,20,37.0,46.0,87.0,15.0
50,length4_neutral,0,23,4,2,21,9.0,62.0,2.0,36.0
50,length4_neutral,0,24,4,1,2,72.0,93.0,84.0,17.0
50,length4_neutral,0,25,4,2,5,49.0,75.0,71.0,13.0
50,length4_neutral,0,26,4,1,23,93.0,79.0,18.0,97.0
50,length4_neutral,0,27,4,1,6,88.0,70.0,72.0,52.0
50,length4_neutral,0,28,4,3,34,21.0,22.0,59.0,61.0
50,length4_neutral,0,29,4,1,8,83.0,7.0,13.0,96.0
50,length4_neutral,0,30,4,2,19,47.0,92.0,62.0,32.0
50,length4_neutral,0,31,4,3,30,5.0,4.0,68.0,52.0
50,length4_neutral,0,32,4,3,32,5.0,36.0,90.0,50.0
50,length4_neutral,0,33,4,1,22,86.0,92.0,15.0,12.0
50,length4_neutral,0,34,4,1,40,79.0,29.0,65.0,58.0
50,length4_neutral,0,35,4,3,38,7.0,21.0,54.0,40.0
50,length4_neutral,0,36,4,2,39,23.0,81.0,71.0,46.0
50,length4_neutral,0,37,4,2,12,25.0,88.0,13.0,79.0
50,length4_neutral,0,38,4,2,37,18.0,59.0,31.0,52.0
50,length4_neutral,0,39,4,2,28,9.0,42.0,53.0,25.0
50,length4_neutral,0,40,4,1,36,79.0,29.0,38.0,12.0
50,length4_plentiful,1,1,4,1,35,80.0,57.0,26.0,63.0
50,length4_plentiful,1,2,4,3,4,59.0,69.0,71.0,55.0
50,length4_plentiful,1,3,4,1,13,70.0,69.0,61.0,43.0
50,length4_plentiful,1,4,4,4,14,64.0,94.0,71.0,90.0
50,length4_plentiful,1,5,4,3,15,60.0,46.0,81.0,66.0
50,length4_plentiful,1,6,4,2,31,58.0,64.0,87.0,53.0
50,length4_plentiful,1,7,4,2,25,61.0,77.0,46.0,64.0
50,length4_plentiful,1,8,4,2,27,26.0,89.0,69.0,48.0
50,length4_plentiful,1,9,4,2,1,52.0,86.0,76.0,93.0
50,length4_plentiful,1,10,4,1,17,88.0,64.0,83.0,41.0
50,length4_plentiful,1,11,4,1,9,80.0,57.0,55.0,89.0
50,length4_plentiful,1,12,4,1,24,79.0,82.0,97.0,62.0
50,length4_plentiful,1,13,4,1,11,97.0,63.0,69.0,68.0
50,length4_plentiful,1,14,4,4,33,59.0,55.0,47.0,77.0
50,length4_plentiful,1,15,4,3,29,52.0,53.0,90.0,62.0
50,length4_plentiful,1,16,4,2,26,46.0,85.0,55.0,87.0
50,length4_plentiful,1,17,4,2,3,65.0,86.0,48.0,59.0
50,length4_plentiful,1,18,4,4,7,56.0,51.0,50.0,89.0
50,length4_plentiful,1,19,4,1,16,85.0,39.0,50.0,53.0
50,length4_plentiful,1,20,4,2,18,52.0,64.0,56.0,81.0
50,length4_plentiful,1,21,4,1,10,68.0,88.0,84.0,49.0
50,length4_plentiful,1,22,4,1,20,85.0,65.0,80.0,78.0
50,length4_plentiful,1,23,4,1,21,89.0,52.0,80.0,55.0
50,length4_plentiful,1,24,4,1,2,81.0,73.0,66.0,80.0
50,length4_plentiful,1,25,4,2,5,44.0,84.0,89.0,69.0
50,length4_plentiful,1,26,4,1,23,76.0,51.0,82.0,64.0
50,length4_plentiful,1,27,4,3,6,36.0,43.0,79.0,76.0
50,length4_plentiful,1,28,4,2,34,32.0,66.0,63.0,95.0
50,length4_plentiful,1,29,4,1,8,96.0,82.0,85.0,93.0
50,length4_plentiful,1,30,4,3,19,64.0,39.0,84.0,82.0
50,length4_plentiful,1,31,4,1,30,90.0,81.0,61.0,39.0
50,length4_plentiful,1,32,4,1,32,77.0,23.0,47.0,26.0
50,length4_plentiful,1,33,4,1,22,83.0,73.0,71.0,62.0
50,length4_plentiful,1,34,4,4,40,61.0,30.0,49.0,91.0
50,length4_plentiful,1,35,4,1,38,77.0,63.0,75.0,79.0
50,length4_plentiful,1,36,4,1,39,73.0,78.0,56.0,22.0
50,length4_plentiful,1,37,4,1,12,75.0,79.0,56.0,86.0
50,length4_plentiful,1,38,4,1,37,94.0,81.0,68.0,47.0
50,length4_plentiful,1,39,4,2,28,54.0,72.0,18.0,57.0
50,length4_plentiful,1,40,4,4,36,67.0,53.0,59.0,49.0
50,length8_neutral,2,1,8,3,35,35.0,77.0,15.0,1.0
50,length8_neutral,2,2,8,4,4,4.0,89.0,77.0,93.0
50,length8_neutral,2,3,8,4,13,71.0,77.0,83.0,22.0
50,length8_neutral,2,4,8,1,14,68.0,82.0,63.0,93.0
50,length8_neutral,2,5,8,8,15,26.0,4.0,39.0,14.0
50,length8_neutral,2,6,8,1,31,43.0,63.0,21.0,86.0
50,length8_neutral,2,7,8,4,25,88.0,26.0,31.0,78.0
50,length8_neutral,2,8,8,1,27,83.0,92.0,49.0,43.0
50,length8_neutral,2,9,8,4,1,76.0,31.0,21.0,16.0
50,length8_neutral,2,10,8,2,17,22.0,79.0,32.0,2.0
50,length8_neutral,2,11,8,5,9,1.0,85.0,89.0,24.0
50,length8_neutral,2,12,8,6,24,46.0,19.0,45.0,4.0
50,length8_neutral,2,13,8,2,11,64.0,42.0,83.0,7.0
50,length8_neutral,2,14,8,1,33,77.0,82.0,29.0,34.0
50,length8_neutral,2,15,8,2,29,73.0,14.0,13.0,90.0
50,length8_neutral,2,16,8,4,26,61.0,12.0,10.0,48.0
50,length8_neutral,2,17,8,6,3,46.0,43.0,51.0,6.0
50,length8_neutral,2,18,8,2,7,97.0,35.0,57.0,80.0
50,length8_neutral,2,19,8,4,16,30.0,62.0,45.0,46.0
50,length8_neutral,2,20,8,2,18,76.0,60.0,51.0,73.0
50,length8_neutral,2,21,8,4,10,13.0,12.0,15.0,83.0
50,length8_neutral,2,22,8,2,20,51.0,89.0,25.0,88.0
50,length8_neutral,2,23,8,1,21,80.0,40.0,83.0,57.0
50,length8_neutral,2,24,8,1,2,25.0,17.0,12.0,23.0
50,length8_neutral,2,25,8,3,5,16.0,48.0,56.0,79.0
50,length8_neutral,2,26,8,6,23,92.0,41.0,87.0,86.0
50,length8_neutral,2,27,8,3,6,7.0,55.0,96.0,23.0
50,length8_neutral,2,28,8,3,34,73.0,53.0,94.0,29.0
50,length8_neutral,2,29,8,5,8,94.0,87.0,35.0,57.0
50,length8_neutral,2,30,8,7,19,31.0,62.0,38.0,36.0
50,length8_neutral,2,31,8,5,30,52.0,1.0,65.0,96.0
50,length8_neutral,2,32,8,2,32,20.0,76.0,30.0,72.0
50,length8_neutral,2,33,8,5,22,31.0,67.0,45.0,8.0
50,length8_neutral,2,34,8,4,40,41.0,18.0,13.0,49.0
50,length8_neutral,2,35,8,1,38,93.0,53.0,59.0,67.0
50,length8_neutral,2,36,8,3,39,75.0,62.0,74.0,93.0
50,length8_neutral,2,37,8,1,12,94.0,77.0,85.0,11.0
50,length8_neutral,2,38,8,2,37,12.0,55.0,31.0,30.0
50,length8_neutral,2,39,8,2,28,72.0,62.0,33.0,45.0
50,length8_neutral,2,40,8,1,36,86.0,7.0,77.0,50.0
50,length8_plentiful,3,1,8,3,35,50.0,69.0,73.0,92.0
50,length8_plentiful,3,2,8,4,4,63.0,68.0,66.0,74.0
50,length8_plentiful,3,3,8,2,13,70.0,89.0,85.0,42.0
50,length8_plentiful,3,4,8,1,14,84.0,88.0,68.0,91.0
50,length8_plentiful,3,5,8,6,15,61.0,28.0,82.0,57.0
50,length8_plentiful,3,6,8,6,31,62.0,68.0,58.0,57.0
50,length8_plentiful,3,7,8,1,25,87.0,42.0,75.0,68.0
50,length8_plentiful,3,8,8,1,27,82.0,76.0,87.0,53.0
50,length8_plentiful,3,9,8,6,1,66.0,70.0,54.0,59.0
50,length8_plentiful,3,10,8,4,17,65.0,43.0,30.0,81.0
50,length8_plentiful,3,11,8,2,9,67.0,89.0,96.0,58.0
50,length8_plentiful,3,12,8,2,24,67.0,68.0,98.0,84.0
50,length8_plentiful,3,13,8,1,11,88.0,56.0,79.0,75.0
50,length8_plentiful,3,14,8,3,33,50.0,44.0,69.0,63.0
50,length8_plentiful,3,15,8,3,29,49.0,36.0,78.0,30.0
50,length8_plentiful,3,16,8,4,26,54.0,58.0,45.0,69.0
50,length8_plentiful,3,17,8,1,3,76.0,84.0,85.0,94.0
50,length8_plentiful,3,18,8,3,7,62.0,64.0,87.0,79.0
50,length8_plentiful,3,19,8,3,16,65.0,62.0,89.0,49.0
50,length8_plentiful,3,20,8,2,18,44.0,63.0,70.0,68.0
50,length8_plentiful,3,21,8,1,10,90.0,72.0,87.0,69.0
50,length8_plentiful,3,22,8,3,20,35.0,86.0,87.0,65.0
50,length8_plentiful,3,23,8,1,21,80.0,52.0,35.0,30.0
50,length8_plentiful,3,24,8,2,2,54.0,94.0,33.0,70.0
50,length8_plentiful,3,25,8,1,5,78.0,52.0,74.0,77.0
50,length8_plentiful,3,26,8,3,23,30.0,68.0,93.0,70.0
50,length8_plentiful,3,27,8,5,6,78.0,49.0,63.0,72.0
50,length8_plentiful,3,28,8,3,34,57.0,46.0,90.0,36.0
50,length8_plentiful,3,29,8,1,8,81.0,78.0,44.0,63.0
50,length8_plentiful,3,30,8,4,19,60.0,45.0,88.0,70.0
50,length8_plentiful,3,31,8,2,30,59.0,74.0,62.0,70.0
50,length8_plentiful,3,32,8,5,32,66.0,79.0,46.0,56.0
50,length8_plentiful,3,33,8,2,22,43.0,78.0,87.0,89.0
50,length8_plentiful,3,34,8,3,40,71.0,64.0,85.0,70.0
50,length8_plentiful,3,35,8,1,38,75.0,89.0,67.0,87.0
50,length8_plentiful,3,36,8,3,39,82.0,68.0,76.0,79.0
50,length8_plentiful,3,37,8,1,12,89.0,58.0,75.0,95.0
50,length8_plentiful,3,38,8,8,37,73.0,74.0,78.0,52.0
50,length8_plentiful,3,39,8,3,28,35.0,45.0,74.0,72.0
50,length8_plentiful,3,40,8,8,36,80.0,70.0,69.0,89.0
51,length4_neutral,0,1,4,1,30,95.0,66.0,15.0,13.0
51,length4_neutral,0,2,4,4,1,38.0,9.0,73.0,48.0
51,length4_neutral,0,3,4,2,3,51.0,77.0,12.0,2.0
51,length4_neutral,0,4,4,2,18,7.0,82.0,11.0,32.0
51,length4_neutral,0,5,4,2,12,16.0,84.0,17.0,89.0
51,length4_neutral,0,6,4,4,35,42.0,7.0,96.0,56.0
51,length4_neutral,0,7,4,1,4,75.0,29.0,37.0,26.0
51,length4_neutral,0,8,4,1,14,90.0,79.0,69.0,31.0
51,length4_neutral,0,9,4,4,36,4.0,10.0,13.0,8.0
51,length4_neutral,0,10,4,1,10,94.0,60.0,86.0,11.0
51,length4_neutral,0,11,4,1,22,95.0,10.0,97.0,77.0
51,length4_neutral,0,12,4,4,20,53.0,42.0,11.0,60.0
51,length4_neutral,0,13,4,1,32,72.0,83.0,90.0,94.0
51,length4_neutral,0,14,4,4,34,39.0,45.0,59.0,20.0
51,length4_neutral,0,15,4,1,17,84.0,98.0,24.0,26.0
51,length4_neutral,0,16,4,4,16,95.0,37.0,42.0,11.0
51,length4_neutral,0,17,4,2,24,9.0,89.0,1.0,12.0
51,length4_neutral,0,18,4,4,40,18.0,67.0,34.0,41.0
51,length4_neutral,0,19,4,3,26,7.0,19.0,67.0,1.0
51,length4_neutral,0,20,4,2,25,44.0,81.0,34.0,28.0
51,length4_neutral,0,21,4,2,28,19.0,61.0,91.0,40.0
51,length4_neutral,0,22,4,3,8,37.0,46.0,87.0,15.0
51,length4_neutral,0,23,4,2,5,9.0,62.0,2.0,36.0
51,length4_neutral,0,24,4,1,9,72.0,93.0,84.0,17.0
51,length4_neutral,0,25,4,4,31,49.0,75.0,71.0,13.0
51,length4_neutral,0,26,4,1,6,93.0,79.0,18.0,97.0
51,length4_neutral,0,27,4,1,19,88.0,70.0,72.0,52.0
51,length4_neutral,0,28,4,4,7,21.0,22.0,59.0,61.0
51,length4_neutral,0,29,4,1,33,83.0,7.0,13.0,96.0
51,length4_neutral,0,30,4,2,38,47.0,92.0,62.0,32.0
51,length4_neutral,0,31,4,3,2,5.0,4.0,68.0,52.0
51,length4_neutral,0,32,4,3,39,5.0,36.0,90.0,50.0
51,length4_neutral,0,33,4,1,27,86.0,92.0,15.0,12.0
51,length4_neutral,0,34,4,1,13,79.0,29.0,65.0,58.0
51,length4_neutral,0,35,4,4,23,7.0,21.0,54.0,40.0
51,length4_neutral,0,36,4,2,15,23.0,81.0,71.0,46.0
51,length4_neutral,0,37,4,2,29,25.0,88.0,13.0,79.0
51,length4_neutral,0,38,4,4,37,18.0,59.0,31.0,52.0
51,length4_neutral,0,39,4,4,21,9.0,42.0,53.0,25.0
51,length4_neutral,0,40,4,1,11,79.0,29.0,38.0,12.0
51,length4_plentiful,1,1,4,1,30,80.0,57.0,26.0,63.0
51,length4_plentiful,1,2,4,3,1,59.0,69.0,71.0,55.0
51,length4_plentiful,1,3,4,1,3,70.0,69.0,61.0,43.0
51,length4_plentiful,1,4,4,1,18,64.0,94.0,71.0,90.0
51,length4_plentiful,1,5,4,1,12,60.0,46.0,81.0,66.0
51,length4_plentiful,1,6,4,1,35,58.0,64.0,87.0,53.0
51,length4_plentiful,1,7,4,4,4,61.0,77.0,46.0,64.0
51,length4_plentiful,1,8,4,1,14,26.0,89.0,69.0,48.0
51,length4_plentiful,1,9,4,2,36,52.0,86.0,76.0,93.0
51,length4_plentiful,1,10,4,1,10,88.0,64.0,83.0,41.0
51,length4_plentiful,1,11,4,1,22,80.0,57.0,55.0,89.0
51,length4_plentiful,1,12,4,3,20,79.0,82.0,97.0,62.0
51,length4_plentiful,1,13,4,1,32,97.0,63.0,69.0,68.0
51,length4_plentiful,1,14,4,1,34,59.0,55.0,47.0,77.0
51,length4_plentiful,1,15,4,3,17,52.0,53.0,90.0,62.0
51,length4_plentiful,1,16,4,1,16,46.0,85.0,55.0,87.0
51,length4_plentiful,1,17,4,1,24,65.0,86.0,48.0,59.0
51,length4_plentiful,1,18,4,1,40,56.0,51.0,50.0,89.0
51,length4_plentiful,1,19,4,1,26,85.0,39.0,50.0,53.0
51,length4_plentiful,1,20,4,1,25,52.0,64.0,56.0,81.0
51,length4_plentiful,1,21,4,2,28,68.0,88.0,84.0,49.0
51,length4_plentiful,1,22,4,1,8,85.0,65.0,80.0,78.0
51,length4_plentiful,1,23,4,1,5,89.0,52.0,80.0,55.0
51,length4_plentiful,1,24,4,1,9,81.0,73.0,66.0,80.0
51,length4_plentiful,1,25,4,1,31,44.0,84.0,89.0,69.0
51,length4_plentiful,1,26,4,1,6,76.0,51.0,82.0,64.0
51,length4_plentiful,1,27,4,1,19,36.0,43.0,79.0,76.0
51,length4_plentiful,1,28,4,1,7,32.0,66.0,63.0,95.0
51,length4_plentiful,1,29,4,1,33,96.0,82.0,85.0,93.0
51,length4_plentiful,1,30,4,1,38,64.0,39.0,84.0,82.0
51,length4_plentiful,1,31,4,2,2,90.0,81.0,61.0,39.0
51,length4_plentiful,1,32,4,1,39,77.0,23.0,47.0,26.0
51,length4_plentiful,1,33,4,1,27,83.0,73.0,71.0,62.0
51,length4_plentiful,1,34,4,1,13,61.0,30.0,49.0,91.0
51,length4_plentiful,1,35,4,3,23,77.0,63.0,75.0,79.0
51,length4_plentiful,1,36,4,1,15,73.0,78.0,56.0,22.0
51,length4_plentiful,1,37,4,1,29,75.0,79.0,56.0,86.0
51,length4_plentiful,1,38,4,1,37,94.0,81.0,68.0,47.0
51,length4_plentiful,1,39,4,4,21,54.0,72.0,18.0,57.0
51,length4_plentiful,1,40,4,1,11,67.0,53.0,59.0,49.0
51,length8_neutral,2,1,8,7,30,35.0,77.0,15.0,1.0
51,length8_neutral,2,2,8,8,1,4.0,89.0,77.0,93.0
51,length8_neutral,2,3,8,3,3,71.0,77.0,83.0,22.0
51,length8_neutral,2,4,8,1,18,68.0,82.0,63.0,93.0
51,length8_neutral,2,5,8,8,12,26.0,4.0,39.0,14.0
51,length8_neutral,2,6,8,4,35,43.0,63.0,21.0,86.0
51,length8_neutral,2,7,8,8,4,88.0,26.0,31.0,78.0
51,length8_neutral,2,8,8,1,14,83.0,92.0,49.0,43.0
51,length8_neutral,2,9,8,1,36,76.0,31.0,21.0,16.0
51,length8_neutral,2,10,8,8,10,22.0,79.0,32.0,2.0
51,length8_neutral,2,11,8,2,22,1.0,85.0,89.0,24.0
51,length8_neutral,2,12,8,7,20,46.0,19.0,45.0,4.0
51,length8_neutral,2,13,8,7,32,64.0,42.0,83.0,7.0
51,length8_neutral,2,14,8,1,34,77.0,82.0,29.0,34.0
51,length8_neutral,2,15,8,8,17,73.0,14.0,13.0,90.0
51,length8_neutral,2,16,8,6,16,61.0,12.0,10.0,48.0
51,length8_neutral,2,17,8,8,24,46.0,43.0,51.0,6.0
51,length8_neutral,2,18,8,1,40,97.0,35.0,57.0,80.0
51,length8_neutral,2,19,8,8,26,30.0,62.0,45.0,46.0
51,length8_neutral,2,20,8,1,25,76.0,60.0,51.0,73.0
51,length8_neutral,2,21,8,4,28,13.0,12.0,15.0,83.0
51,length8_neutral,2,22,8,4,8,51.0,89.0,25.0,88.0
51,length8_neutral,2,23,8,8,5,80.0,40.0,83.0,57.0
51,length8_neutral,2,24,8,7,9,25.0,17.0,12.0,23.0
51,length8_neutral,2,25,8,5,31,16.0,48.0,56.0,79.0
51,length8_neutral,2,26,8,1,6,92.0,41.0,87.0,86.0
51,length8_neutral,2,27,8,3,19,7.0,55.0,96.0,23.0
51,length8_neutral,2,28,8,3,7,73.0,53.0,94.0,29.0
51,length8_neutral,2,29,8,8,33,94.0,87.0,35.0,57.0
51,length8_neutral,2,30,8,8,38,31.0,62.0,38.0,36.0
51,length8_neutral,2,31,8,4,2,52.0,1.0,65.0,96.0
51,length8_neutral,2,32,8,2,39,20.0,76.0,30.0,72.0
51,length8_neutral,2,33,8,7,27,31.0,67.0,45.0,8.0
51,length8_neutral,2,34,8,6,13,41.0,18.0,13.0,49.0
51,length8_neutral,2,35,8,1,23,93.0,53.0,59.0,67.0
51,length8_neutral,2,36,8,1,15,75.0,62.0,74.0,93.0
51,length8_neutral,2,37,8,7,29,94.0,77.0,85.0,11.0
51,length8_neutral,2,38,8,8,37,12.0,55.0,31.0,30.0
51,length8_neutral,2,39,8,8,21,72.0,62.0,33.0,45.0
51,length8_neutral,2,40,8,1,11,86.0,7.0,77.0,50.0
51,length8_plentiful,3,1,8,2,30,50.0,69.0,73.0,92.0
51,length8_plentiful,3,2,8,8,1,63.0,68.0,66.0,74.0
51,length8_plentiful,3,3,8,1,3,70.0,89.0,85.0,42.0
51,length8_plentiful,3,4,8,1,18,84.0,88.0,68.0,91.0
51,length8_plentiful,3,5,8,3,12,61.0,28.0,82.0,57.0
51,length8_plentiful,3,6,8,6,35,62.0,68.0,58.0,57.0
51,length8_plentiful,3,7,8,1,4,87.0,42.0,75.0,68.0
51,length8_plentiful,3,8,8,1,14,82.0,76.0,87.0,53.0
51,length8_plentiful,3,9,8,1,36,66.0,70.0,54.0,59.0
51,length8_plentiful,3,10,8,1,10,65.0,43.0,30.0,81.0
51,length8_plentiful,3,11,8,3,22,67.0,89.0,96.0,58.0
51,length8_plentiful,3,12,8,1,20,67.0,68.0,98.0,84.0
51,length8_plentiful,3,13,8,1,32,88.0,56.0,79.0,75.0
51,length8_plentiful,3,14,8,3,34,50.0,44.0,69.0,63.0
51,length8_plentiful,3,15,8,8,17,49.0,36.0,78.0,30.0
51,length8_plentiful,3,16,8,4,16,54.0,58.0,45.0,69.0
51,length8_plentiful,3,17,8,1,24,76.0,84.0,85.0,94.0
51,length8_plentiful,3,18,8,2,40,62.0,64.0,87.0,79.0
51,length8_plentiful,3,19,8,1,26,65.0,62.0,89.0,49.0
51,length8_plentiful,3,20,8,2,25,44.0,63.0,70.0,68.0
51,length8_plentiful,3,21,8,1,28,90.0,72.0,87.0,69.0
51,length8_plentiful,3,22,8,2,8,35.0,86.0,87.0,65.0
51,length8_plentiful,3,23,8,1,5,80.0,52.0,35.0,30.0
51,length8_plentiful,3,24,8,2,9,54.0,94.0,33.0,70.0
51,length8_plentiful,3,25,8,1,31,78.0,52.0,74.0,77.0
51,length8_plentiful,3,26,8,2,6,30.0,68.0,93.0,70.0
51,length8_plentiful,3,27,8,1,19,78.0,49.0,63.0,72.0
51,length8_plentiful,3,28,8,3,7,57.0,46.0,90.0,36.0
51,length8_plentiful,3,29,8,1,33,81.0,78.0,44.0,63.0
51,length8_plentiful,3,30,8,1,38,60.0,45.0,88.0,70.0
51,length8_plentiful,3,31,8,5,2,59.0,74.0,62.0,70.0
51,length8_plentiful,3,32,8,1,39,66.0,79.0,46.0,56.0
51,length8_plentiful,3,33,8,3,27,43.0,78.0,87.0,89.0
51,length8_plentiful,3,34,8,1,13,71.0,64.0,85.0,70.0
51,length8_plentiful,3,35,8,1,23,75.0,89.0,67.0,87.0
51,length8_plentiful,3,36,8,1,15,82.0,68.0,76.0,79.0
51,length8_plentiful,3,37,8,1,29,89.0,58.0,75.0,95.0
51,length8_plentiful,3,38,8,2,37,73.0,74.0,78.0,52.0
51,length8_plentiful,3,39,8,5,21,35.0,45.0,74.0,72.0
51,length8_plentiful,3,40,8,2,11,80.0,70.0,69.0,89.0
52,length4_neutral,0,1,4,4,2,49.0,39.0,25.0,81.0
52,length4_neutral,0,2,4,1,3,98.0,93.0,67.0,39.0
52,length4_neutral,0,3,4,3,29,52.0,1.0,85.0,50.0
52,length4_neutral,0,4,4,4,25,63.0,21.0,43.0,28.0
52,length4_neutral,0,5,4,2,4,3.0,93.0,67.0,77.0
52,length4_neutral,0,6,4,2,21,5.0,60.0,53.0,36.0
52,length4_neutral,0,7,4,2,8,12.0,91.0,36.0,95.0
52,length4_neutral,0,8,4,3,30,23.0,40.0,86.0,5.0
52,length4_neutral,0,9,4,4,14,56.0,72.0,22.0,25.0
52,length4_neutral,0,10,4,2,33,81.0,96.0,83.0,71.0
52,length4_neutral,0,11,4,2,15,11.0,98.0,61.0,64.0
52,length4_neutral,0,12,4,2,10,17.0,62.0,80.0,7.0
52,length4_neutral,0,13,4,3,36,42.0,36.0,91.0,16.0
52,length4_neutral,0,14,4,2,9,42.0,80.0,70.0,63.0
52,length4_neutral,0,15,4,4,27,3.0,28.0,25.0,84.0
52,length4_neutral,0,16,4,3,18,35.0,9.0,91.0,24.0
52,length4_neutral,0,17,4,4,13,22.0,26.0,24.0,21.0
52,length4_neutral,0,18,4,1,38,87.0,12.0,50.0,55.0
52,length4_neutral,0,19,4,4,11,36.0,7.0,15.0,44.0
52,length4_neutral,0,20,4,4,39,67.0,63.0,7.0,30.0
52,length4_neutral,0,21,4,2,7,62.0,81.0,72.0,61.0
52,length4_neutral,0,22,4,4,26,64.0,62.0,19.0,48.0
52,length4_neutral,0,23,4,1,1,79.0,69.0,97.0,43.0
52,length4_neutral,0,24,4,4,16,46.0,42.0,6.0,26.0
52,length4_neutral,0,25,4,3,22,62.0,9.0,70.0,94.0
52,length4_neutral,0,26,4,4,17,90.0,54.0,87.0,84.0
52,length4_neutral,0,27,4,4,28,74.0,75.0,43.0,78.0
52,length4_neutral,0,28,4,1,19,85.0,76.0,22.0,16.0
52,length4_neutral,0,29,4,4,24,56.0,34.0,22.0,64.0
52,length4_neutral,0,30,4,1,37,91.0,33.0,54.0,42.0
52,length4_neutral,0,31,4,2,32,50.0,69.0,72.0,20.0
52,length4_neutral,0,32,4,4,40,60.0,57.0,22.0,46.0
52,length4_neutral,0,33,4,3,5,10.0,37.0,84.0,36.0
52,length4_neutral,0,34,4,2,35,22.0,80.0,19.0,2.0
52,length4_neutral,0,35,4,2,31,35.0,86.0,84.0,77.0
52,length4_neutral,0,36,4,2,34,81.0,93.0,69.0,11.0
52,length4_neutral,0,37,4,1,20,67.0,27.0,37.0,45.0
52,length4_neutral,0,38,4,4,6,39.0,59.0,67.0,42.0
52,length4_neutral,0,39,4,4,12,7.0,35.0,27.0,3.0
52,length4_neutral,0,40,4,3,23,42.0,9.0,95.0,26.0
52,length4_plentiful,1,1,4,3,2,76.0,63.0,60.0,79.0
52,length4_plentiful,1,2,4,3,3,88.0,62.0,84.0,73.0
52,length4_plentiful,1,3,4,4,29,69.0,76.0,65.0,90.0
52,length4_plentiful,1,4,4,3,25,39.0,61.0,64.0,54.0
52,length4_plentiful,1,5,4,4,4,72.0,57.0,18.0,71.0
52,length4_plentiful,1,6,4,4,21,63.0,29.0,60.0,75.0
52,length4_plentiful,1,7,4,4,8,60.0,71.0,84.0,81.0
52,length4_plentiful,1,8,4,1,30,95.0,52.0,59.0,36.0
52,length4_plentiful,1,9,4,4,14,17.0,65.0,44.0,96.0
52,length4_plentiful,1,10,4,4,33,72.0,38.0,62.0,86.0
52,length4_plentiful,1,11,4,3,15,70.0,76.0,91.0,82.0
52,length4_plentiful,1,12,4,2,10,68.0,90.0,59.0,60.0
52,length4_plentiful,1,13,4,4,36,68.0,38.0,33.0,47.0
52,length4_plentiful,1,14,4,1,9,83.0,79.0,84.0,66.0
52,length4_plentiful,1,15,4,4,27,60.0,59.0,35.0,67.0
52,length4_plentiful,1,16,4,3,18,54.0,68.0,72.0,89.0
52,length4_plentiful,1,17,4,1,13,93.0,55.0,62.0,57.0
52,length4_plentiful,1,18,4,1,38,85.0,87.0,71.0,48.0
52,length4_plentiful,1,19,4,1,11,90.0,79.0,72.0,89.0
52,length4_plentiful,1,20,4,3,39,73.0,74.0,87.0,55.0
52,length4_plentiful,1,21,4,2,7,59.0,66.0,72.0,76.0
52,length4_plentiful,1,22,4,1,26,97.0,80.0,69.0,43.0
52,length4_plentiful,1,23,4,4,1,68.0,42.0,33.0,92.0
52,length4_plentiful,1,24,4,3,16,54.0,44.0,88.0,87.0
52,length4_plentiful,1,25,4,3,22,39.0,64.0,68.0,57.0
52,length4_plentiful,1,26,4,4,17,74.0,79.0,68.0,66.0
52,length4_plentiful,1,27,4,1,28,83.0,64.0,85.0,97.0
52,length4_plentiful,1,28,4,4,19,76.0,39.0,35.0,72.0
52,length4_plentiful,1,29,4,4,24,62.0,88.0,77.0,71.0
52,length4_plentiful,1,30,4,2,37,57.0,77.0,72.0,85.0
52,length4_plentiful,1,31,4,2,32,65.0,87.0,48.0,77.0
52,length4_plentiful,1,32,4,3,40,51.0,52.0,66.0,84.0
52,length4_plentiful,1,33,4,1,5,89.0,87.0,85.0,49.0
52,length4_plentiful,1,34,4,4,35,79.0,57.0,61.0,74.0
52,length4_plentiful,1,35,4,4,31,73.0,70.0,50.0,88.0
52,length4_plentiful,1,36,4,3,34,76.0,74.0,95.0,89.0
52,length4_plentiful,1,37,4,1,20,91.0,60.0,80.0,79.0
52,length4_plentiful,1,38,4,1,6,82.0,43.0,78.0,58.0
52,length4_plentiful,1,39,4,3,12,75.0,81.0,90.0,92.0
52,length4_plentiful,1,40,4,3,23,71.0,61.0,74.0,84.0
52,length8_neutral,2,1,8,5,2,56.0,15.0,66.0,36.0
52,length8_neutral,2,2,8,3,3,22.0,60.0,87.0,84.0
52,length8_neutral,2,3,8,4,29,63.0,74.0,38.0,46.0
52,length8_neutral,2,4,8,3,25,21.0,42.0,84.0,66.0
52,length8_neutral,2,5,8,1,4,93.0,3.0,8.0,59.0
52,length8_neutral,2,6,8,8,21,39.0,56.0,6.0,13.0
52,length8_neutral,2,7,8,3,8,37.0,60.0,82.0,84.0
52,length8_neutral,2,8,8,3,30,77.0,19.0,97.0,65.0
52,length8_neutral,2,9,8,8,14,14.0,26.0,59.0,37.0
52,length8_neutral,2,10,8,4,33,26.0,21.0,50.0,97.0
52,length8_neutral,2,11,8,3,15,58.0,2.0,87.0,9.0
52,length8_neutral,2,12,8,2,10,31.0,81.0,84.0,16.0
52,length8_neutral,2,13,8,7,36,28.0,24.0,62.0,55.0
52,length8_neutral,2,14,8,8,9,81.0,36.0,74.0,79.0
52,length8_neutral,2,15,8,6,27,85.0,12.0,40.0,50.0
52,length8_neutral,2,16,8,1,18,88.0,45.0,7.0,44.0
52,length8_neutral,2,17,8,2,13,42.0,98.0,63.0,28.0
52,length8_neutral,2,18,8,4,38,41.0,44.0,81.0,91.0
52,length8_neutral,2,19,8,4,11,49.0,63.0,15.0,81.0
52,length8_neutral,2,20,8,6,39,77.0,51.0,10.0,37.0
52,length8_neutral,2,21,8,2,7,87.0,95.0,62.0,79.0
52,length8_neutral,2,22,8,5,26,67.0,8.0,34.0,66.0
52,length8_neutral,2,23,8,8,1,8.0,30.0,59.0,32.0
52,length8_neutral,2,24,8,3,16,8.0,50.0,88.0,47.0
52,length8_neutral,2,25,8,7,22,10.0,8.0,27.0,33.0
52,length8_neutral,2,26,8,2,17,61.0,98.0,9.0,73.0
52,length8_neutral,2,27,8,6,28,62.0,72.0,16.0,4.0
52,length8_neutral,2,28,8,8,19,63.0,79.0,32.0,8.0
52,length8_neutral,2,29,8,1,24,92.0,8.0,20.0,75.0
52,length8_neutral,2,30,8,8,37,94.0,62.0,84.0,37.0
52,length8_neutral,2,31,8,1,32,94.0,87.0,24.0,12.0
52,length8_neutral,2,32,8,8,40,45.0,80.0,19.0,64.0
52,length8_neutral,2,33,8,3,5,77.0,66.0,91.0,36.0
52,length8_neutral,2,34,8,5,35,28.0,62.0,65.0,57.0
52,length8_neutral,2,35,8,3,31,7.0,39.0,73.0,35.0
52,length8_neutral,2,36,8,5,34,5.0,75.0,64.0,20.0
52,length8_neutral,2,37,8,6,20,2.0,49.0,12.0,5.0
52,length8_neutral,2,38,8,1,6,95.0,10.0,64.0,84.0
52,length8_neutral,2,39,8,6,12,93.0,5.0,57.0,61.0
52,length8_neutral,2,40,8,1,23,83.0,52.0,96.0,53.0
52,length8_plentiful,3,1,8,5,2,50.0,44.0,45.0,43.0
52,length8_plentiful,3,2,8,3,3,51.0,62.0,93.0,33.0
52,length8_plentiful,3,3,8,3,29,27.0,36.0,79.0,81.0
52,length8_plentiful,3,4,8,4,25,79.0,40.0,37.0,95.0
52,length8_plentiful,3,5,8,4,4,80.0,66.0,70.0,84.0
52,length8_plentiful,3,6,8,6,21,57.0,72.0,63.0,58.0
52,length8_plentiful,3,7,8,5,8,80.0,73.0,61.0,77.0
52,length8_plentiful,3,8,8,1,30,88.0,75.0,80.0,82.0
52,length8_plentiful,3,9,8,2,14,31.0,89.0,67.0,86.0
52,length8_plentiful,3,10,8,4,33,84.0,32.0,59.0,89.0
52,length8_plentiful,3,11,8,2,15,78.0,97.0,53.0,55.0
52,length8_plentiful,3,12,8,5,10,30.0,52.0,54.0,60.0
52,length8_plentiful,3,13,8,2,36,69.0,85.0,44.0,93.0
52,length8_plentiful,3,14,8,8,9,49.0,57.0,62.0,73.0
52,length8_plentiful,3,15,8,2,27,82.0,86.0,52.0,87.0
52,length8_plentiful,3,16,8,1,18,94.0,51.0,79.0,78.0
52,length8_plentiful,3,17,8,1,13,93.0,94.0,26.0,54.0
52,length8_plentiful,3,18,8,1,38,91.0,35.0,56.0,87.0
52,length8_plentiful,3,19,8,6,11,71.0,80.0,36.0,31.0
52,length8_plentiful,3,20,8,4,39,70.0,63.0,53.0,91.0
52,length8_plentiful,3,21,8,8,7,82.0,80.0,18.0,56.0
52,length8_plentiful,3,22,8,4,26,75.0,35.0,79.0,89.0
52,length8_plentiful,3,23,8,5,1,68.0,38.0,35.0,69.0
52,length8_plentiful,3,24,8,3,16,43.0,66.0,74.0,80.0
52,length8_plentiful,3,25,8,3,22,57.0,71.0,97.0,81.0
52,length8_plentiful,3,26,8,4,17,79.0,61.0,62.0,90.0
52,length8_plentiful,3,27,8,8,28,49.0,73.0,57.0,58.0
52,length8_plentiful,3,28,8,3,19,49.0,38.0,81.0,69.0
52,length8_plentiful,3,29,8,5,24,54.0,78.0,52.0,65.0
52,length8_plentiful,3,30,8,5,37,41.0,69.0,63.0,55.0
52,length8_plentiful,3,31,8,2,32,59.0,85.0,46.0,78.0
52,length8_plentiful,3,32,8,1,40,93.0,85.0,92.0,62.0
52,length8_plentiful,3,33,8,3,5,65.0,69.0,88.0,42.0
52,length8_plentiful,3,34,8,5,35,68.0,48.0,71.0,45.0
52,length8_plentiful,3,35,8,4,31,64.0,57.0,75.0,76.0
52,length8_plentiful,3,36,8,8,34,72.0,52.0,49.0,61.0
52,length8_plentiful,3,37,8,1,20,86.0,64.0,24.0,52.0
52,length8_plentiful,3,38,8,5,6,41.0,59.0,25.0,75.0
52,length8_plentiful,3,39,8,5,12,52.0,76.0,67.0,55.0
52,length8_plentiful,3,40,8,2,23,63.0,86.0,82.0,55.0
53,length4_neutral,0,1,4,4,17,49.0,39.0,25.0,81.0
53,length4_neutral,0,2,4,1,9,98.0,93.0,67.0,39.0
53,length4_neutral,0,3,4,3,10,52.0,1.0,85.0,50.0
53,length4_neutral,0,4,4,4,28,63.0,21.0,43.0,28.0
53,length4_neutral,0,5,4,2,38,3.0,93.0,67.0,77.0
53,length4_neutral,0,6,4,4,19,5.0,60.0,53.0,36.0
53,length4_neutral,0,7,4,2,26,12.0,91.0,36.0,95.0
53,length4_neutral,0,8,4,3,12,23.0,40.0,86.0,5.0
53,length4_neutral,0,9,4,1,13,56.0,72.0,22.0,25.0
53,length4_neutral,0,10,4,1,23,81.0,96.0,83.0,71.0
53,length4_neutral,0,11,4,2,25,11.0,98.0,61.0,64.0
53,length4_neutral,0,12,4,2,29,17.0,62.0,80.0,7.0
53,length4_neutral,0,13,4,3,37,42.0,36.0,91.0,16.0
53,length4_neutral,0,14,4,2,21,42.0,80.0,70.0,63.0
53,length4_neutral,0,15,4,4,40,3.0,28.0,25.0,84.0
53,length4_neutral,0,16,4,3,5,35.0,9.0,91.0,24.0
53,length4_neutral,0,17,4,4,16,22.0,26.0,24.0,21.0
53,length4_neutral,0,18,4,1,1,87.0,12.0,50.0,55.0
53,length4_neutral,0,19,4,4,8,36.0,7.0,15.0,44.0
53,length4_neutral,0,20,4,4,35,67.0,63.0,7.0,30.0
53,length4_neutral,0,21,4,2,6,62.0,81.0,72.0,61.0
53,length4_neutral,0,22,4,4,24,64.0,62.0,19.0,48.0
53,length4_neutral,0,23,4,1,4,79.0,69.0,97.0,43.0
53,length4_neutral,0,24,4,4,27,46.0,42.0,6.0,26.0
53,length4_neutral,0,25,4,4,15,62.0,9.0,70.0,94.0
53,length4_neutral,0,26,4,1,31,90.0,54.0,87.0,84.0
53,length4_neutral,0,27,4,1,22,74.0,75.0,43.0,78.0
53,length4_neutral,0,28,4,1,20,85.0,76.0,22.0,16.0
53,length4_neutral,0,29,4,4,32,56.0,34.0,22.0,64.0
53,length4_neutral,0,30,4,1,34,91.0,33.0,54.0,42.0
53,length4_neutral,0,31,4,2,18,50.0,69.0,72.0,20.0
53,length4_neutral,0,32,4,4,2,60.0,57.0,22.0,46.0
53,length4_neutral,0,33,4,3,36,10.0,37.0,84.0,36.0
53,length4_neutral,0,34,4,2,11,22.0,80.0,19.0,2.0
53,length4_neutral,0,35,4,2,3,35.0,86.0,84.0,77.0
53,length4_neutral,0,36,4,1,14,81.0,93.0,69.0,11.0
53,length4_neutral,0,37,4,4,33,67.0,27.0,37.0,45.0
53,length4_neutral,0,38,4,2,30,39.0,59.0,67.0,42.0
53,length4_neutral,0,39,4,4,7,7.0,35.0,27.0,3.0
53,length4_neutral,0,40,4,3,39,42.0,9.0,95.0,26.0
53,length4_plentiful,1,1,4,4,17,76.0,63.0,60.0,79.0
53,length4_plentiful,1,2,4,1,9,88.0,62.0,84.0,73.0
53,length4_plentiful,1,3,4,4,10,69.0,76.0,65.0,90.0
53,length4_plentiful,1,4,4,4,28,39.0,61.0,64.0,54.0
53,length4_plentiful,1,5,4,4,38,72.0,57.0,18.0,71.0
53,length4_plentiful,1,6,4,4,19,63.0,29.0,60.0,75.0
53,length4_plentiful,1,7,4,3,26,60.0,71.0,84.0,81.0
53,length4_plentiful,1,8,4,1,12,95.0,52.0,59.0,36.0
53,length4_plentiful,1,9,4,4,13,17.0,65.0,44.0,96.0
53,length4_plentiful,1,10,4,4,23,72.0,38.0,62.0,86.0
53,length4_plentiful,1,11,4,3,25,70.0,76.0,91.0,82.0
53,length4_plentiful,1,12,4,2,29,68.0,90.0,59.0,60.0
53,length4_plentiful,1,13,4,4,37,68.0,38.0,33.0,47.0
53,length4_plentiful,1,14,4,3,21,83.0,79.0,84.0,66.0
53,length4_plentiful,1,15,4,4,40,60.0,59.0,35.0,67.0
53,length4_plentiful,1,16,4,3,5,54.0,68.0,72.0,89.0
53,length4_plentiful,1,17,4,1,16,93.0,55.0,62.0,57.0
53,length4_plentiful,1,18,4,1,1,85.0,87.0,71.0,48.0
53,length4_plentiful,1,19,4,1,8,90.0,79.0,72.0,89.0
53,length4_plentiful,1,20,4,3,35,73.0,74.0,87.0,55.0
53,length4_plentiful,1,21,4,3,6,59.0,66.0,72.0,76.0
53,length4_plentiful,1,22,4,1,24,97.0,80.0,69.0,43.0
53,length4_plentiful,1,23,4,4,4,68.0,42.0,33.0,92.0
53,length4_plentiful,1,24,4,3,27,54.0,44.0,88.0,87.0
53,length4_plentiful,1,25,4,3,15,39.0,64.0,68.0,57.0
53,length4_plentiful,1,26,4,4,31,74.0,79.0,68.0,66.0
53,length4_plentiful,1,27,4,3,22,83.0,64.0,85.0,97.0
53,length4_plentiful,1,28,4,4,20,76.0,39.0,35.0,72.0
53,length4_plentiful,1,29,4,2,32,62.0,88.0,77.0,71.0
53,length4_plentiful,1,30,4,4,34,57.0,77.0,72.0,85.0
53,length4_plentiful,1,31,4,2,18,65.0,87.0,48.0,77.0
53,length4_plentiful,1,32,4,3,2,51.0,52.0,66.0,84.0
53,length4_plentiful,1,33,4,1,36,89.0,87.0,85.0,49.0
53,length4_plentiful,1,34,4,4,11,79.0,57.0,61.0,74.0
53,length4_plentiful,1,35,4,4,3,73.0,70.0,50.0,88.0
53,length4_plentiful,1,36,4,3,14,76.0,74.0,95.0,89.0
53,length4_plentiful,1,37,4,1,33,91.0,60.0,80.0,79.0
53,length4_plentiful,1,38,4,1,30,82.0,43.0,78.0,58.0
53,length4_plentiful,1,39,4,2,7,75.0,81.0,90.0,92.0
53,length4_plentiful,1,40,4,3,39,71.0,61.0,74.0,84.0
53,length8_neutral,2,1,8,5,17,56.0,15.0,66.0,36.0
53,length8_neutral,2,2,8,8,9,22.0,60.0,87.0,84.0
53,length8_neutral,2,3,8,8,10,63.0,74.0,38.0,46.0
53,length8_neutral,2,4,8,8,28,21.0,42.0,84.0,66.0
53,length8_neutral,2,5,8,1,38,93.0,3.0,8.0,59.0
53,length8_neutral,2,6,8,8,19,39.0,56.0,6.0,13.0
53,length8_neutral,2,7,8,8,26,37.0,60.0,82.0,84.0
53,length8_neutral,2,8,8,3,12,77.0,19.0,97.0,65.0
53,length8_neutral,2,9,8,8,13,14.0,26.0,59.0,37.0
53,length8_neutral,2,10,8,4,23,26.0,21.0,50.0,97.0
53,length8_neutral,2,11,8,3,25,58.0,2.0,87.0,9.0
53,length8_neutral,2,12,8,2,29,31.0,81.0,84.0,16.0
53,length8_neutral,2,13,8,8,37,28.0,24.0,62.0,55.0
53,length8_neutral,2,14,8,8,21,81.0,36.0,74.0,79.0
53,length8_neutral,2,15,8,6,40,85.0,12.0,40.0,50.0
53,length8_neutral,2,16,8,1,5,88.0,45.0,7.0,44.0
53,length8_neutral,2,17,8,2,16,42.0,98.0,63.0,28.0
53,length8_neutral,2,18,8,4,1,41.0,44.0,81.0,91.0
53,length8_neutral,2,19,8,4,8,49.0,63.0,15.0,81.0
53,length8_neutral,2,20,8,8,35,77.0,51.0,10.0,37.0
53,length8_neutral,2,21,8,1,6,87.0,95.0,62.0,79.0
53,length8_neutral,2,22,8,8,24,67.0,8.0,34.0,66.0
53,length8_neutral,2,23,8,8,4,8.0,30.0,59.0,32.0
53,length8_neutral,2,24,8,8,27,8.0,50.0,88.0,47.0
53,length8_neutral,2,25,8,7,15,10.0,8.0,27.0,33.0
53,length8_neutral,2,26,8,2,31,61.0,98.0,9.0,73.0
53,length8_neutral,2,27,8,6,22,62.0,72.0,16.0,4.0
53,length8_neutral,2,28,8,8,20,63.0,79.0,32.0,8.0
53,length8_neutral,2,29,8,8,32,92.0,8.0,20.0,75.0
53,length8_neutral,2,30,8,8,34,94.0,62.0,84.0,37.0
53,length8_neutral,2,31,8,1,18,94.0,87.0,24.0,12.0
53,length8_neutral,2,32,8,2,2,45.0,80.0,19.0,64.0
53,length8_neutral,2,33,8,8,36,77.0,66.0,91.0,36.0
53,length8_neutral,2,34,8,6,11,28.0,62.0,65.0,57.0
53,length8_neutral,2,35,8,8,3,7.0,39.0,73.0,35.0
53,length8_neutral,2,36,8,8,14,5.0,75.0,64.0,20.0
53,length8_neutral,2,37,8,6,33,2.0,49.0,12.0,5.0
53,length8_neutral,2,38,8,8,30,95.0,10.0,64.0,84.0
53,length8_neutral,2,39,8,1,7,93.0,5.0,57.0,61.0
53,length8_neutral,2,40,8,3,39,83.0,52.0,96.0,53.0
53,length8_plentiful,3,1,8,5,17,50.0,44.0,45.0,43.0
53,length8_plentiful,3,2,8,8,9,51.0,62.0,93.0,33.0
53,length8_plentiful,3,3,8,4,10,27.0,36.0,79.0,81.0
53,length8_plentiful,3,4,8,4,28,79.0,40.0,37.0,95.0
53,length8_plentiful,3,5,8,4,38,80.0,66.0,70.0,84.0
53,length8_plentiful,3,6,8,6,19,57.0,72.0,63.0,58.0
53,length8_plentiful,3,7,8,5,26,80.0,73.0,61.0,77.0
53,length8_plentiful,3,8,8,1,12,88.0,75.0,80.0,82.0
53,length8_plentiful,3,9,8,2,13,31.0,89.0,67.0,86.0
53,length8_plentiful,3,10,8,4,23,84.0,32.0,59.0,89.0
53,length8_plentiful,3,11,8,2,25,78.0,97.0,53.0,55.0
53,length8_plentiful,3,12,8,4,29,30.0,52.0,54.0,60.0
53,length8_plentiful,3,13,8,2,37,69.0,85.0,44.0,93.0
53,length8_plentiful,3,14,8,8,21,49.0,57.0,62.0,73.0
53,length8_plentiful,3,15,8,4,40,82.0,86.0,52.0,87.0
53,length8_plentiful,3,16,8,1,5,94.0,51.0,79.0,78.0
53,length8_plentiful,3,17,8,1,16,93.0,94.0,26.0,54.0
53,length8_plentiful,3,18,8,1,1,91.0,35.0,56.0,87.0
53,length8_plentiful,3,19,8,2,8,71.0,80.0,36.0,31.0
53,length8_plentiful,3,20,8,4,35,70.0,63.0,53.0,91.0
53,length8_plentiful,3,21,8,8,6,82.0,80.0,18.0,56.0
53,length8_plentiful,3,22,8,4,24,75.0,35.0,79.0,89.0
53,length8_plentiful,3,23,8,5,4,68.0,38.0,35.0,69.0
53,length8_plentiful,3,24,8,5,27,43.0,66.0,74.0,80.0
53,length8_plentiful,3,25,8,3,15,57.0,71.0,97.0,81.0
53,length8_plentiful,3,26,8,1,31,79.0,61.0,62.0,90.0
53,length8_plentiful,3,27,8,5,22,49.0,73.0,57.0,58.0
53,length8_plentiful,3,28,8,3,20,49.0,38.0,81.0,69.0
53,length8_plentiful,3,29,8,5,32,54.0,78.0,52.0,65.0
53,length8_plentiful,3,30,8,5,34,41.0,69.0,63.0,55.0
53,length8_plentiful,3,31,8,2,18,59.0,85.0,46.0,78.0
53,length8_plentiful,3,32,8,8,2,93.0,85.0,92.0,62.0
53,length8_plentiful,3,33,8,3,36,65.0,69.0,88.0,42.0
53,length8_plentiful,3,34,8,5,11,68.0,48.0,71.0,45.0
53,length8_plentiful,3,35,8,8,3,64.0,57.0,75.0,76.0
53,length8_plentiful,3,36,8,8,14,72.0,52.0,49.0,61.0
53,length8_plentiful,3,37,8,1,33,86.0,64.0,24.0,52.0
53,length8_plentiful,3,38,8,4,30,41.0,59.0,25.0,75.0
53,length8_plentiful,3,39,8,8,7,52.0,76.0,67.0,55.0
53,length8_plentiful,3,40,8,2,39,63.0,86.0,82.0,55.0
54,length4_neutral,0,1,4,4,32,95.0,66.0,15.0,13.0
54,length4_neutral,0,2,4,4,19,38.0,9.0,73.0,48.0
54,length4_neutral,0,3,4,2,24,51.0,77.0,12.0,2.0
54,length4_neutral,0,4,4,2,3,7.0,82.0,11.0,32.0
54,length4_neutral,0,5,4,2,27,16.0,84.0,17.0,89.0
54,length4_neutral,0,6,4,3,5,42.0,7.0,96.0,56.0
54,length4_neutral,0,7,4,1,18,75.0,29.0,37.0,26.0
54,length4_neutral,0,8,4,1,4,90.0,79.0,69.0,31.0
54,length4_neutral,0,9,4,4,16,4.0,10.0,13.0,8.0
54,length4_neutral,0,10,4,4,15,94.0,60.0,86.0,11.0
54,length4_neutral,0,11,4,1,34,95.0,10.0,97.0,77.0
54,length4_neutral,0,12,4,1,20,53.0,42.0,11.0,60.0
54,length4_neutral,0,13,4,2,10,72.0,83.0,90.0,94.0
54,length4_neutral,0,14,4,4,13,39.0,45.0,59.0,20.0
54,length4_neutral,0,15,4,1,23,84.0,98.0,24.0,26.0
54,length4_neutral,0,16,4,4,38,95.0,37.0,42.0,11.0
54,length4_neutral,0,17,4,2,1,9.0,89.0,1.0,12.0
54,length4_neutral,0,18,4,4,39,18.0,67.0,34.0,41.0
54,length4_neutral,0,19,4,4,2,7.0,19.0,67.0,1.0
54,length4_neutral,0,20,4,2,25,44.0,81.0,34.0,28.0
54,length4_neutral,0,21,4,2,33,19.0,61.0,91.0,40.0
54,length4_neutral,0,22,4,3,35,37.0,46.0,87.0,15.0
54,length4_neutral,0,23,4,4,40,9.0,62.0,2.0,36.0
54,length4_neutral,0,24,4,2,28,72.0,93.0,84.0,17.0
54,length4_neutral,0,25,4,2,29,49.0,75.0,71.0,13.0
54,length4_neutral,0,26,4,4,26,93.0,79.0,18.0,97.0
54,length4_neutral,0,27,4,4,37,88.0,70.0,72.0,52.0
54,length4_neutral,0,28,4,4,14,21.0,22.0,59.0,61.0
54,length4_neutral,0,29,4,4,7,83.0,7.0,13.0,96.0
54,length4_neutral,0,30,4,2,21,47.0,92.0,62.0,32.0
54,length4_neutral,0,31,4,3,31,5.0,4.0,68.0,52.0
54,length4_neutral,0,32,4,3,6,5.0,36.0,90.0,50.0
54,length4_neutral,0,33,4,1,8,86.0,92.0,15.0,12.0
54,length4_neutral,0,34,4,4,36,79.0,29.0,65.0,58.0
54,length4_neutral,0,35,4,4,17,7.0,21.0,54.0,40.0
54,length4_neutral,0,36,4,2,9,23.0,81.0,71.0,46.0
54,length4_neutral,0,37,4,2,12,25.0,88.0,13.0,79.0
54,length4_neutral,0,38,4,4,22,18.0,59.0,31.0,52.0
54,length4_neutral,0,39,4,4,11,9.0,42.0,53.0,25.0
54,length4_neutral,0,40,4,1,30,79.0,29.0,38.0,12.0
54,length4_plentiful,1,1,4,1,32,80.0,57.0,26.0,63.0
54,length4_plentiful,1,2,4,3,19,59.0,69.0,71.0,55.0
54,length4_plentiful,1,3,4,4,24,70.0,69.0,61.0,43.0
54,length4_plentiful,1,4,4,2,3,64.0,94.0,71.0,90.0
54,length4_plentiful,1,5,4,3,27,60.0,46.0,81.0,66.0
54,length4_plentiful,1,6,4,4,5,58.0,64.0,87.0,53.0
54,length4_plentiful,1,7,4,2,18,61.0,77.0,46.0,64.0
54,length4_plentiful,1,8,4,2,4,26.0,89.0,69.0,48.0
54,length4_plentiful,1,9,4,2,16,52.0,86.0,76.0,93.0
54,length4_plentiful,1,10,4,1,15,88.0,64.0,83.0,41.0
54,length4_plentiful,1,11,4,1,34,80.0,57.0,55.0,89.0
54,length4_plentiful,1,12,4,2,20,79.0,82.0,97.0,62.0
54,length4_plentiful,1,13,4,1,10,97.0,63.0,69.0,68.0
54,length4_plentiful,1,14,4,4,13,59.0,55.0,47.0,77.0
54,length4_plentiful,1,15,4,3,23,52.0,53.0,90.0,62.0
54,length4_plentiful,1,16,4,2,38,46.0,85.0,55.0,87.0
54,length4_plentiful,1,17,4,2,1,65.0,86.0,48.0,59.0
54,length4_plentiful,1,18,4,4,39,56.0,51.0,50.0,89.0
54,length4_plentiful,1,19,4,1,2,85.0,39.0,50.0,53.0
54,length4_plentiful,1,20,4,4,25,52.0,64.0,56.0,81.0
54,length4_plentiful,1,21,4,4,33,68.0,88.0,84.0,49.0
54,length4_plentiful,1,22,4,1,35,85.0,65.0,80.0,78.0
54,length4_plentiful,1,23,4,1,40,89.0,52.0,80.0,55.0
54,length4_plentiful,1,24,4,1,28,81.0,73.0,66.0,80.0
54,length4_plentiful,1,25,4,2,29,44.0,84.0,89.0,69.0
54,length4_plentiful,1,26,4,1,26,76.0,51.0,82.0,64.0
54,length4_plentiful,1,27,4,3,37,36.0,43.0,79.0,76.0
54,length4_plentiful,1,28,4,4,14,32.0,66.0,63.0,95.0
54,length4_plentiful,1,29,4,1,7,96.0,82.0,85.0,93.0
54,length4_plentiful,1,30,4,3,21,64.0,39.0,84.0,82.0
54,length4_plentiful,1,31,4,1,31,90.0,81.0,61.0,39.0
54,length4_plentiful,1,32,4,4,6,77.0,23.0,47.0,26.0
54,length4_plentiful,1,33,4,1,8,83.0,73.0,71.0,62.0
54,length4_plentiful,1,34,4,4,36,61.0,30.0,49.0,91.0
54,length4_plentiful,1,35,4,3,17,77.0,63.0,75.0,79.0
54,length4_plentiful,1,36,4,1,9,73.0,78.0,56.0,22.0
54,length4_plentiful,1,37,4,1,12,75.0,79.0,56.0,86.0
54,length4_plentiful,1,38,4,1,22,94.0,81.0,68.0,47.0
54,length4_plentiful,1,39,4,2,11,54.0,72.0,18.0,57.0
54,length4_plentiful,1,40,4,4,30,67.0,53.0,59.0,49.0
54,length8_neutral,2,1,8,8,32,35.0,77.0,15.0,1.0
54,length8_neutral,2,2,8,8,19,4.0,89.0,77.0,93.0
54,length8_neutral,2,3,8,3,24,71.0,77.0,83.0,22.0
54,length8_neutral,2,4,8,8,3,68.0,82.0,63.0,93.0
54,length8_neutral,2,5,8,8,27,26.0,4.0,39.0,14.0
54,length8_neutral,2,6,8,4,5,43.0,63.0,21.0,86.0
54,length8_neutral,2,7,8,1,18,88.0,26.0,31.0,78.0
54,length8_neutral,2,8,8,1,4,83.0,92.0,49.0,43.0
54,length8_neutral,2,9,8,8,16,76.0,31.0,21.0,16.0
54,length8_neutral,2,10,8,5,15,22.0,79.0,32.0,2.0
54,length8_neutral,2,11,8,8,34,1.0,85.0,89.0,24.0
54,length8_neutral,2,12,8,8,20,46.0,19.0,45.0,4.0
54,length8_neutral,2,13,8,7,10,64.0,42.0,83.0,7.0
54,length8_neutral,2,14,8,1,13,77.0,82.0,29.0,34.0
54,length8_neutral,2,15,8,4,23,73.0,14.0,13.0,90.0
54,length8_neutral,2,16,8,8,38,61.0,12.0,10.0,48.0
54,length8_neutral,2,17,8,8,1,46.0,43.0,51.0,6.0
54,length8_neutral,2,18,8,8,39,97.0,35.0,57.0,80.0
54,length8_neutral,2,19,8,8,2,30.0,62.0,45.0,46.0
54,length8_neutral,2,20,8,8,25,76.0,60.0,51.0,73.0
54,length8_neutral,2,21,8,8,33,13.0,12.0,15.0,83.0
54,length8_neutral,2,22,8,2,35,51.0,89.0,25.0,88.0
54,length8_neutral,2,23,8,8,40,80.0,40.0,83.0,57.0
54,length8_neutral,2,24,8,5,28,25.0,17.0,12.0,23.0
54,length8_neutral,2,25,8,8,29,16.0,48.0,56.0,79.0
54,length8_neutral,2,26,8,1,26,92.0,41.0,87.0,86.0
54,length8_neutral,2,27,8,3,37,7.0,55.0,96.0,23.0
54,length8_neutral,2,28,8,3,14,73.0,53.0,94.0,29.0
54,length8_neutral,2,29,8,8,7,94.0,87.0,35.0,57.0
54,length8_neutral,2,30,8,8,21,31.0,62.0,38.0,36.0
54,length8_neutral,2,31,8,4,31,52.0,1.0,65.0,96.0
54,length8_neutral,2,32,8,6,6,20.0,76.0,30.0,72.0
54,length8_neutral,2,33,8,8,8,31.0,67.0,45.0,8.0
54,length8_neutral,2,34,8,7,36,41.0,18.0,13.0,49.0
54,length8_neutral,2,35,8,8,17,93.0,53.0,59.0,67.0
54,length8_neutral,2,36,8,4,9,75.0,62.0,74.0,93.0
54,length8_neutral,2,37,8,1,12,94.0,77.0,85.0,11.0
54,length8_neutral,2,38,8,8,22,12.0,55.0,31.0,30.0
54,length8_neutral,2,39,8,8,11,72.0,62.0,33.0,45.0
54,length8_neutral,2,40,8,8,30,86.0,7.0,77.0,50.0
54,length8_plentiful,3,1,8,3,32,50.0,69.0,73.0,92.0
54,length8_plentiful,3,2,8,6,19,63.0,68.0,66.0,74.0
54,length8_plentiful,3,3,8,2,24,70.0,89.0,85.0,42.0
54,length8_plentiful,3,4,8,2,3,84.0,88.0,68.0,91.0
54,length8_plentiful,3,5,8,3,27,61.0,28.0,82.0,57.0
54,length8_plentiful,3,6,8,8,5,62.0,68.0,58.0,57.0
54,length8_plentiful,3,7,8,6,18,87.0,42.0,75.0,68.0
54,length8_plentiful,3,8,8,8,4,82.0,76.0,87.0,53.0
54,length8_plentiful,3,9,8,6,16,66.0,70.0,54.0,59.0
54,length8_plentiful,3,10,8,4,15,65.0,43.0,30.0,81.0
54,length8_plentiful,3,11,8,2,34,67.0,89.0,96.0,58.0
54,length8_plentiful,3,12,8,3,20,67.0,68.0,98.0,84.0
54,length8_plentiful,3,13,8,8,10,88.0,56.0,79.0,75.0
54,length8_plentiful,3,14,8,7,13,50.0,44.0,69.0,63.0
54,length8_plentiful,3,15,8,3,23,49.0,36.0,78.0,30.0
54,length8_plentiful,3,16,8,7,38,54.0,58.0,45.0,69.0
54,length8_plentiful,3,17,8,2,1,76.0,84.0,85.0,94.0
54,length8_plentiful,3,18,8,3,39,62.0,64.0,87.0,79.0
54,length8_plentiful,3,19,8,1,2,65.0,62.0,89.0,49.0
54,length8_plentiful,3,20,8,6,25,44.0,63.0,70.0,68.0
54,length8_plentiful,3,21,8,8,33,90.0,72.0,87.0,69.0
54,length8_plentiful,3,22,8,2,35,35.0,86.0,87.0,65.0
54,length8_plentiful,3,23,8,7,40,80.0,52.0,35.0,30.0
54,length8_plentiful,3,24,8,2,28,54.0,94.0,33.0,70.0
54,length8_plentiful,3,25,8,7,29,78.0,52.0,74.0,77.0
54,length8_plentiful,3,26,8,8,26,30.0,68.0,93.0,70.0
54,length8_plentiful,3,27,8,5,37,78.0,49.0,63.0,72.0
54,length8_plentiful,3,28,8,3,14,57.0,46.0,90.0,36.0
54,length8_plentiful,3,29,8,8,7,81.0,78.0,44.0,63.0
54,length8_plentiful,3,30,8,3,21,60.0,45.0,88.0,70.0
54,length8_plentiful,3,31,8,6,31,59.0,74.0,62.0,70.0
54,length8_plentiful,3,32,8,2,6,66.0,79.0,46.0,56.0
54,length8_plentiful,3,33,8,3,8,43.0,78.0,87.0,89.0
54,length8_plentiful,3,34,8,7,36,71.0,64.0,85.0,70.0
54,length8_plentiful,3,35,8,4,17,75.0,89.0,67.0,87.0
54,length8_plentiful,3,36,8,6,9,82.0,68.0,76.0,79.0
54,length8_plentiful,3,37,8,4,12,89.0,58.0,75.0,95.0
54,length8_plentiful,3,38,8,8,22,73.0,74.0,78.0,52.0
54,length8_plentiful,3,39,8,3,11,35.0,45.0,74.0,72.0
54,length8_plentiful,3,40,8,8,30,80.0,70.0,69.0,89.0
55,length4_neutral,0,1,4,2,39,95.0,66.0,15.0,13.0
55,length4_neutral,0,2,4,4,9,38.0,9.0,73.0,48.0
55,length4_neutral,0,3,4,4,33,51.0,77.0,12.0,2.0
55,length4_neutral,0,4,4,2,26,7.0,82.0,11.0,32.0
55,length4_neutral,0,5,4,2,36,16.0,84.0,17.0,89.0
55,length4_neutral,0,6,4,3,11,42.0,7.0,96.0,56.0
55,length4_neutral,0,7,4,4,2,75.0,29.0,37.0,26.0
55,length4_neutral,0,8,4,4,18,90.0,79.0,69.0,31.0
55,length4_neutral,0,9,4,4,7,4.0,10.0,13.0,8.0
55,length4_neutral,0,10,4,1,3,94.0,60.0,86.0,11.0
55,length4_neutral,0,11,4,4,25,95.0,10.0,97.0,77.0
55,length4_neutral,0,12,4,4,31,53.0,42.0,11.0,60.0
55,length4_neutral,0,13,4,2,22,72.0,83.0,90.0,94.0
55,length4_neutral,0,14,4,4,15,39.0,45.0,59.0,20.0
55,length4_neutral,0,15,4,4,37,84.0,98.0,24.0,26.0
55,length4_neutral,0,16,4,1,12,95.0,37.0,42.0,11.0
55,length4_neutral,0,17,4,4,28,9.0,89.0,1.0,12.0
55,length4_neutral,0,18,4,4,16,18.0,67.0,34.0,41.0
55,length4_neutral,0,19,4,4,5,7.0,19.0,67.0,1.0
55,length4_neutral,0,20,4,4,19,44.0,81.0,34.0,28.0
55,length4_neutral,0,21,4,4,40,19.0,61.0,91.0,40.0
55,length4_neutral,0,22,4,4,13,37.0,46.0,87.0,15.0
55,length4_neutral,0,23,4,4,21,9.0,62.0,2.0,36.0
55,length4_neutral,0,24,4,3,17,72.0,93.0,84.0,17.0
55,length4_neutral,0,25,4,4,6,49.0,75.0,71.0,13.0
55,length4_neutral,0,26,4,4,34,93.0,79.0,18.0,97.0
55,length4_neutral,0,27,4,1,1,88.0,70.0,72.0,52.0
55,length4_neutral,0,28,4,4,24,21.0,22.0,59.0,61.0
55,length4_neutral,0,29,4,2,35,83.0,7.0,13.0,96.0
55,length4_neutral,0,30,4,2,8,47.0,92.0,62.0,32.0
55,length4_neutral,0,31,4,4,29,5.0,4.0,68.0,52.0
55,length4_neutral,0,32,4,3,14,5.0,36.0,90.0,50.0
55,length4_neutral,0,33,4,4,20,86.0,92.0,15.0,12.0
55,length4_neutral,0,34,4,4,30,79.0,29.0,65.0,58.0
55,length4_neutral,0,35,4,4,23,7.0,21.0,54.0,40.0
55,length4_neutral,0,36,4,4,38,23.0,81.0,71.0,46.0
55,length4_neutral,0,37,4,4,32,25.0,88.0,13.0,79.0
55,length4_neutral,0,38,4,4,10,18.0,59.0,31.0,52.0
55,length4_neutral,0,39,4,4,27,9.0,42.0,53.0,25.0
55,length4_neutral,0,40,4,4,4,79.0,29.0,38.0,12.0
55,length4_plentiful,1,1,4,4,39,80.0,57.0,26.0,63.0
55,length4_plentiful,1,2,4,4,9,59.0,69.0,71.0,55.0
55,length4_plentiful,1,3,4,4,33,70.0,69.0,61.0,43.0
55,length4_plentiful,1,4,4,4,26,64.0,94.0,71.0,90.0
55,length4_plentiful,1,5,4,4,36,60.0,46.0,81.0,66.0
55,length4_plentiful,1,6,4,4,11,58.0,64.0,87.0,53.0
55,length4_plentiful,1,7,4,4,2,61.0,77.0,46.0,64.0
55,length4_plentiful,1,8,4,2,18,26.0,89.0,69.0,48.0
55,length4_plentiful,1,9,4,4,7,52.0,86.0,76.0,93.0
55,length4_plentiful,1,10,4,1,3,88.0,64.0,83.0,41.0
55,length4_plentiful,1,11,4,4,25,80.0,57.0,55.0,89.0
55,length4_plentiful,1,12,4,4,31,79.0,82.0,97.0,62.0
55,length4_plentiful,1,13,4,4,22,97.0,63.0,69.0,68.0
55,length4_plentiful,1,14,4,4,15,59.0,55.0,47.0,77.0
55,length4_plentiful,1,15,4,4,37,52.0,53.0,90.0,62.0
55,length4_plentiful,1,16,4,4,12,46.0,85.0,55.0,87.0
55,length4_plentiful,1,17,4,4,28,65.0,86.0,48.0,59.0
55,length4_plentiful,1,18,4,4,16,56.0,51.0,50.0,89.0
55,length4_plentiful,1,19,4,4,5,85.0,39.0,50.0,53.0
55,length4_plentiful,1,20,4,4,19,52.0,64.0,56.0,81.0
55,length4_plentiful,1,21,4,4,40,68.0,88.0,84.0,49.0
55,length4_plentiful,1,22,4,4,13,85.0,65.0,80.0,78.0
55,length4_plentiful,1,23,4,1,21,89.0,52.0,80.0,55.0
55,length4_plentiful,1,24,4,4,17,81.0,73.0,66.0,80.0
55,length4_plentiful,1,25,4,4,6,44.0,84.0,89.0,69.0
55,length4_plentiful,1,26,4,4,34,76.0,51.0,82.0,64.0
55,length4_plentiful,1,27,4,4,1,36.0,43.0,79.0,76.0
55,length4_plentiful,1,28,4,4,24,32.0,66.0,63.0,95.0
55,length4_plentiful,1,29,4,4,35,96.0,82.0,85.0,93.0
55,length4_plentiful,1,30,4,4,8,64.0,39.0,84.0,82.0
55,length4_plentiful,1,31,4,4,29,90.0,81.0,61.0,39.0
55,length4_plentiful,1,32,4,4,14,77.0,23.0,47.0,26.0
55,length4_plentiful,1,33,4,4,20,83.0,73.0,71.0,62.0
55,length4_plentiful,1,34,4,4,30,61.0,30.0,49.0,91.0
55,length4_plentiful,1,35,4,4,23,77.0,63.0,75.0,79.0
55,length4_plentiful,1,36,4,4,38,73.0,78.0,56.0,22.0
55,length4_plentiful,1,37,4,4,32,75.0,79.0,56.0,86.0
55,length4_plentiful,1,38,4,1,10,94.0,81.0,68.0,47.0
55,length4_plentiful,1,39,4,4,27,54.0,72.0,18.0,57.0
55,length4_plentiful,1,40,4,4,4,67.0,53.0,59.0,49.0
55,length8_neutral,2,1,8,8,39,35.0,77.0,15.0,1.0
55,length8_neutral,2,2,8,2,9,4.0,89.0,77.0,93.0
55,length8_neutral,2,3,8,8,33,71.0,77.0,83.0,22.0
55,length8_neutral,2,4,8,8,26,68.0,82.0,63.0,93.0
55,length8_neutral,2,5,8,8,36,26.0,4.0,39.0,14.0
55,length8_neutral,2,6,8,6,11,43.0,63.0,21.0,86.0
55,length8_neutral,2,7,8,8,2,88.0,26.0,31.0,78.0
55,length8_neutral,2,8,8,8,18,83.0,92.0,49.0,43.0
55,length8_neutral,2,9,8,1,7,76.0,31.0,21.0,16.0
55,length8_neutral,2,10,8,8,3,22.0,79.0,32.0,2.0
55,length8_neutral,2,11,8,3,25,1.0,85.0,89.0,24.0
55,length8_neutral,2,12,8,8,31,46.0,19.0,45.0,4.0
55,length8_neutral,2,13,8,8,22,64.0,42.0,83.0,7.0
55,length8_neutral,2,14,8,6,15,77.0,82.0,29.0,34.0
55,length8_neutral,2,15,8,8,37,73.0,14.0,13.0,90.0
55,length8_neutral,2,16,8,6,12,61.0,12.0,10.0,48.0
55,length8_neutral,2,17,8,8,28,46.0,43.0,51.0,6.0
55,length8_neutral,2,18,8,7,16,97.0,35.0,57.0,80.0
55,length8_neutral,2,19,8,8,5,30.0,62.0,45.0,46.0
55,length8_neutral,2,20,8,8,19,76.0,60.0,51.0,73.0
55,length8_neutral,2,21,8,8,40,13.0,12.0,15.0,83.0
55,length8_neutral,2,22,8,8,13,51.0,89.0,25.0,88.0
55,length8_neutral,2,23,8,8,21,80.0,40.0,83.0,57.0
55,length8_neutral,2,24,8,8,17,25.0,17.0,12.0,23.0
55,length8_neutral,2,25,8,4,6,16.0,48.0,56.0,79.0
55,length8_neutral,2,26,8,1,34,92.0,41.0,87.0,86.0
55,length8_neutral,2,27,8,3,1,7.0,55.0,96.0,23.0
55,length8_neutral,2,28,8,5,24,73.0,53.0,94.0,29.0
55,length8_neutral,2,29,8,8,35,94.0,87.0,35.0,57.0
55,length8_neutral,2,30,8,8,8,31.0,62.0,38.0,36.0
55,length8_neutral,2,31,8,5,29,52.0,1.0,65.0,96.0
55,length8_neutral,2,32,8,6,14,20.0,76.0,30.0,72.0
55,length8_neutral,2,33,8,2,20,31.0,67.0,45.0,8.0
55,length8_neutral,2,34,8,7,30,41.0,18.0,13.0,49.0
55,length8_neutral,2,35,8,8,23,93.0,53.0,59.0,67.0
55,length8_neutral,2,36,8,8,38,75.0,62.0,74.0,93.0
55,length8_neutral,2,37,8,7,32,94.0,77.0,85.0,11.0
55,length8_neutral,2,38,8,8,10,12.0,55.0,31.0,30.0
55,length8_neutral,2,39,8,1,27,72.0,62.0,33.0,45.0
55,length8_neutral,2,40,8,8,4,86.0,7.0,77.0,50.0
55,length8_plentiful,3,1,8,8,39,50.0,69.0,73.0,92.0
55,length8_plentiful,3,2,8,8,9,63.0,68.0,66.0,74.0
55,length8_plentiful,3,3,8,8,33,70.0,89.0,85.0,42.0
55,length8_plentiful,3,4,8,8,26,84.0,88.0,68.0,91.0
55,length8_plentiful,3,5,8,8,36,61.0,28.0,82.0,57.0
55,length8_plentiful,3,6,8,8,11,62.0,68.0,58.0,57.0
55,length8_plentiful,3,7,8,6,2,87.0,42.0,75.0,68.0
55,length8_plentiful,3,8,8,3,18,82.0,76.0,87.0,53.0
55,length8_plentiful,3,9,8,8,7,66.0,70.0,54.0,59.0
55,length8_plentiful,3,10,8,8,3,65.0,43.0,30.0,81.0
55,length8_plentiful,3,11,8,8,25,67.0,89.0,96.0,58.0
55,length8_plentiful,3,12,8,8,31,67.0,68.0,98.0,84.0
55,length8_plentiful,3,13,8,8,22,88.0,56.0,79.0,75.0
55,length8_plentiful,3,14,8,8,15,50.0,44.0,69.0,63.0
55,length8_plentiful,3,15,8,8,37,49.0,36.0,78.0,30.0
55,length8_plentiful,3,16,8,8,12,54.0,58.0,45.0,69.0
55,length8_plentiful,3,17,8,4,28,76.0,84.0,85.0,94.0
55,length8_plentiful,3,18,8,8,16,62.0,64.0,87.0,79.0
55,length8_plentiful,3,19,8,3,5,65.0,62.0,89.0,49.0
55,length8_plentiful,3,20,8,8,19,44.0,63.0,70.0,68.0
55,length8_plentiful,3,21,8,6,40,90.0,72.0,87.0,69.0
55,length8_plentiful,3,22,8,3,13,35.0,86.0,87.0,65.0
55,length8_plentiful,3,23,8,8,21,80.0,52.0,35.0,30.0
55,length8_plentiful,3,24,8,8,17,54.0,94.0,33.0,70.0
55,length8_plentiful,3,25,8,7,6,78.0,52.0,74.0,77.0
55,length8_plentiful,3,26,8,8,34,30.0,68.0,93.0,70.0
55,length8_plentiful,3,27,8,8,1,78.0,49.0,63.0,72.0
55,length8_plentiful,3,28,8,8,24,57.0,46.0,90.0,36.0
55,length8_plentiful,3,29,8,8,35,81.0,78.0,44.0,63.0
55,length8_plentiful,3,30,8,8,8,60.0,45.0,88.0,70.0
55,length8_plentiful,3,31,8,6,29,59.0,74.0,62.0,70.0
55,length8_plentiful,3,32,8,8,14,66.0,79.0,46.0,56.0
55,length8_plentiful,3,33,8,4,20,43.0,78.0,87.0,89.0
55,length8_plentiful,3,34,8,7,30,71.0,64.0,85.0,70.0
55,length8_plentiful,3,35,8,8,23,75.0,89.0,67.0,87.0
55,length8_plentiful,3,36,8,6,38,82.0,68.0,76.0,79.0
55,length8_plentiful,3,37,8,1,32,89.0,58.0,75.0,95.0
55,length8_plentiful,3,38,8,8,10,73.0,74.0,78.0,52.0
55,length8_plentiful,3,39,8,8,27,35.0,45.0,74.0,72.0
55,length8_plentiful,3,40,8,8,4,80.0,70.0,69.0,89.0
56,length4_neutral,0,1,4,1,30,95.0,66.0,15.0,13.0
56,length4_neutral,0,2,4,3,38,38.0,9.0,73.0,48.0
56,length4_neutral,0,3,4,2,18,51.0,77.0,12.0,2.0
56,length4_neutral,0,4,4,2,15,7.0,82.0,11.0,32.0
56,length4_neutral,0,5,4,2,17,16.0,84.0,17.0,89.0
56,length4_neutral,0,6,4,3,27,42.0,7.0,96.0,56.0
56,length4_neutral,0,7,4,1,24,75.0,29.0,37.0,26.0
56,length4_neutral,0,8,4,2,14,90.0,79.0,69.0,31.0
56,length4_neutral,0,9,4,4,40,4.0,10.0,13.0,8.0
56,length4_neutral,0,10,4,1,22,94.0,60.0,86.0,11.0
56,length4_neutral,0,11,4,1,5,95.0,10.0,97.0,77.0
56,length4_neutral,0,12,4,4,3,53.0,42.0,11.0,60.0
56,length4_neutral,0,13,4,1,21,72.0,83.0,90.0,94.0
56,length4_neutral,0,14,4,3,37,39.0,45.0,59.0,20.0
56,length4_neutral,0,15,4,1,26,84.0,98.0,24.0,26.0
56,length4_neutral,0,16,4,1,20,95.0,37.0,42.0,11.0
56,length4_neutral,0,17,4,2,2,9.0,89.0,1.0,12.0
56,length4_neutral,0,18,4,2,19,18.0,67.0,34.0,41.0
56,length4_neutral,0,19,4,3,32,7.0,19.0,67.0,1.0
56,length4_neutral,0,20,4,2,8,44.0,81.0,34.0,28.0
56,length4_neutral,0,21,4,2,34,19.0,61.0,91.0,40.0
56,length4_neutral,0,22,4,3,39,37.0,46.0,87.0,15.0
56,length4_neutral,0,23,4,2,10,9.0,62.0,2.0,36.0
56,length4_neutral,0,24,4,1,25,72.0,93.0,84.0,17.0
56,length4_neutral,0,25,4,2,35,49.0,75.0,71.0,13.0
56,length4_neutral,0,26,4,1,11,93.0,79.0,18.0,97.0
56,length4_neutral,0,27,4,1,9,88.0,70.0,72.0,52.0
56,length4_neutral,0,28,4,3,13,21.0,22.0,59.0,61.0
56,length4_neutral,0,29,4,1,7,83.0,7.0,13.0,96.0
56,length4_neutral,0,30,4,2,4,47.0,92.0,62.0,32.0
56,length4_neutral,0,31,4,3,16,5.0,4.0,68.0,52.0
56,length4_neutral,0,32,4,3,6,5.0,36.0,90.0,50.0
56,length4_neutral,0,33,4,1,12,86.0,92.0,15.0,12.0
56,length4_neutral,0,34,4,1,28,79.0,29.0,65.0,58.0
56,length4_neutral,0,35,4,3,1,7.0,21.0,54.0,40.0
56,length4_neutral,0,36,4,2,36,23.0,81.0,71.0,46.0
56,length4_neutral,0,37,4,2,31,25.0,88.0,13.0,79.0
56,length4_neutral,0,38,4,4,33,18.0,59.0,31.0,52.0
56,length4_neutral,0,39,4,3,23,9.0,42.0,53.0,25.0
56,length4_neutral,0,40,4,1,29,79.0,29.0,38.0,12.0
56,length4_plentiful,1,1,4,1,30,80.0,57.0,26.0,63.0
56,length4_plentiful,1,2,4,2,38,59.0,69.0,71.0,55.0
56,length4_plentiful,1,3,4,1,18,70.0,69.0,61.0,43.0
56,length4_plentiful,1,4,4,2,15,64.0,94.0,71.0,90.0
56,length4_plentiful,1,5,4,3,17,60.0,46.0,81.0,66.0
56,length4_plentiful,1,6,4,3,27,58.0,64.0,87.0,53.0
56,length4_plentiful,1,7,4,2,24,61.0,77.0,46.0,64.0
56,length4_plentiful,1,8,4,2,14,26.0,89.0,69.0,48.0
56,length4_plentiful,1,9,4,2,40,52.0,86.0,76.0,93.0
56,length4_plentiful,1,10,4,1,22,88.0,64.0,83.0,41.0
56,length4_plentiful,1,11,4,1,5,80.0,57.0,55.0,89.0
56,length4_plentiful,1,12,4,2,3,79.0,82.0,97.0,62.0
56,length4_plentiful,1,13,4,1,21,97.0,63.0,69.0,68.0
56,length4_plentiful,1,14,4,4,37,59.0,55.0,47.0,77.0
56,length4_plentiful,1,15,4,3,26,52.0,53.0,90.0,62.0
56,length4_plentiful,1,16,4,2,20,46.0,85.0,55.0,87.0
56,length4_plentiful,1,17,4,2,2,65.0,86.0,48.0,59.0
56,length4_plentiful,1,18,4,4,19,56.0,51.0,50.0,89.0
56,length4_plentiful,1,19,4,1,32,85.0,39.0,50.0,53.0
56,length4_plentiful,1,20,4,2,8,52.0,64.0,56.0,81.0
56,length4_plentiful,1,21,4,2,34,68.0,88.0,84.0,49.0
56,length4_plentiful,1,22,4,1,39,85.0,65.0,80.0,78.0
56,length4_plentiful,1,23,4,1,10,89.0,52.0,80.0,55.0
56,length4_plentiful,1,24,4,1,25,81.0,73.0,66.0,80.0
56,length4_plentiful,1,25,4,2,35,44.0,84.0,89.0,69.0
56,length4_plentiful,1,26,4,1,11,76.0,51.0,82.0,64.0
56,length4_plentiful,1,27,4,3,9,36.0,43.0,79.0,76.0
56,length4_plentiful,1,28,4,2,13,32.0,66.0,63.0,95.0
56,length4_plentiful,1,29,4,1,7,96.0,82.0,85.0,93.0
56,length4_plentiful,1,30,4,3,4,64.0,39.0,84.0,82.0
56,length4_plentiful,1,31,4,1,16,90.0,81.0,61.0,39.0
56,length4_plentiful,1,32,4,4,6,77.0,23.0,47.0,26.0
56,length4_plentiful,1,33,4,4,12,83.0,73.0,71.0,62.0
56,length4_plentiful,1,34,4,4,28,61.0,30.0,49.0,91.0
56,length4_plentiful,1,35,4,1,1,77.0,63.0,75.0,79.0
56,length4_plentiful,1,36,4,1,36,73.0,78.0,56.0,22.0
56,length4_plentiful,1,37,4,1,31,75.0,79.0,56.0,86.0
56,length4_plentiful,1,38,4,1,33,94.0,81.0,68.0,47.0
56,length4_plentiful,1,39,4,2,23,54.0,72.0,18.0,57.0
56,length4_plentiful,1,40,4,4,29,67.0,53.0,59.0,49.0
56,length8_neutral,2,1,8,7,30,35.0,77.0,15.0,1.0
56,length8_neutral,2,2,8,2,38,4.0,89.0,77.0,93.0
56,length8_neutral,2,3,8,2,18,71.0,77.0,83.0,22.0
56,length8_neutral,2,4,8,2,15,68.0,82.0,63.0,93.0
56,length8_neutral,2,5,8,7,17,26.0,4.0,39.0,14.0
56,length8_neutral,2,6,8,4,27,43.0,63.0,21.0,86.0
56,length8_neutral,2,7,8,1,24,88.0,26.0,31.0,78.0
56,length8_neutral,2,8,8,1,14,83.0,92.0,49.0,43.0
56,length8_neutral,2,9,8,7,40,76.0,31.0,21.0,16.0
56,length8_neutral,2,10,8,8,22,22.0,79.0,32.0,2.0
56,length8_neutral,2,11,8,2,5,1.0,85.0,89.0,24.0
56,length8_neutral,2,12,8,7,3,46.0,19.0,45.0,4.0
56,length8_neutral,2,13,8,3,21,64.0,42.0,83.0,7.0
56,length8_neutral,2,14,8,2,37,77.0,82.0,29.0,34.0
56,length8_neutral,2,15,8,4,26,73.0,14.0,13.0,90.0
56,length8_neutral,2,16,8,8,20,61.0,12.0,10.0,48.0
56,length8_neutral,2,17,8,6,2,46.0,43.0,51.0,6.0
56,length8_neutral,2,18,8,1,19,97.0,35.0,57.0,80.0
56,length8_neutral,2,19,8,8,32,30.0,62.0,45.0,46.0
56,length8_neutral,2,20,8,1,8,76.0,60.0,51.0,73.0
56,length8_neutral,2,21,8,4,34,13.0,12.0,15.0,83.0
56,length8_neutral,2,22,8,2,39,51.0,89.0,25.0,88.0
56,length8_neutral,2,23,8,1,10,80.0,40.0,83.0,57.0
56,length8_neutral,2,24,8,5,25,25.0,17.0,12.0,23.0
56,length8_neutral,2,25,8,4,35,16.0,48.0,56.0,79.0
56,length8_neutral,2,26,8,1,11,92.0,41.0,87.0,86.0
56,length8_neutral,2,27,8,3,9,7.0,55.0,96.0,23.0
56,length8_neutral,2,28,8,3,13,73.0,53.0,94.0,29.0
56,length8_neutral,2,29,8,1,7,94.0,87.0,35.0,57.0
56,length8_neutral,2,30,8,8,4,31.0,62.0,38.0,36.0
56,length8_neutral,2,31,8,4,16,52.0,1.0,65.0,96.0
56,length8_neutral,2,32,8,2,6,20.0,76.0,30.0,72.0
56,length8_neutral,2,33,8,7,12,31.0,67.0,45.0,8.0
56,length8_neutral,2,34,8,6,28,41.0,18.0,13.0,49.0
56,length8_neutral,2,35,8,1,1,93.0,53.0,59.0,67.0
56,length8_neutral,2,36,8,4,36,75.0,62.0,74.0,93.0
56,length8_neutral,2,37,8,1,31,94.0,77.0,85.0,11.0
56,length8_neutral,2,38,8,8,33,12.0,55.0,31.0,30.0
56,length8_neutral,2,39,8,8,23,72.0,62.0,33.0,45.0
56,length8_neutral,2,40,8,8,29,86.0,7.0,77.0,50.0
56,length8_plentiful,3,1,8,3,30,50.0,69.0,73.0,92.0
56,length8_plentiful,3,2,8,4,38,63.0,68.0,66.0,74.0
56,length8_plentiful,3,3,8,2,18,70.0,89.0,85.0,42.0
56,length8_plentiful,3,4,8,4,15,84.0,88.0,68.0,91.0
56,length8_plentiful,3,5,8,8,17,61.0,28.0,82.0,57.0
56,length8_plentiful,3,6,8,6,27,62.0,68.0,58.0,57.0
56,length8_plentiful,3,7,8,1,24,87.0,42.0,75.0,68.0
56,length8_plentiful,3,8,8,1,14,82.0,76.0,87.0,53.0
56,length8_plentiful,3,9,8,6,40,66.0,70.0,54.0,59.0
56,length8_plentiful,3,10,8,6,22,65.0,43.0,30.0,81.0
56,length8_plentiful,3,11,8,3,5,67.0,89.0,96.0,58.0
56,length8_plentiful,3,12,8,8,3,67.0,68.0,98.0,84.0
56,length8_plentiful,3,13,8,8,21,88.0,56.0,79.0,75.0
56,length8_plentiful,3,14,8,3,37,50.0,44.0,69.0,63.0
56,length8_plentiful,3,15,8,3,26,49.0,36.0,78.0,30.0
56,length8_plentiful,3,16,8,4,20,54.0,58.0,45.0,69.0
56,length8_plentiful,3,17,8,2,2,76.0,84.0,85.0,94.0
56,length8_plentiful,3,18,8,2,19,62.0,64.0,87.0,79.0
56,length8_plentiful,3,19,8,3,32,65.0,62.0,89.0,49.0
56,length8_plentiful,3,20,8,6,8,44.0,63.0,70.0,68.0
56,length8_plentiful,3,21,8,1,34,90.0,72.0,87.0,69.0
56,length8_plentiful,3,22,8,2,39,35.0,86.0,87.0,65.0
56,length8_plentiful,3,23,8,1,10,80.0,52.0,35.0,30.0
56,length8_plentiful,3,24,8,2,25,54.0,94.0,33.0,70.0
56,length8_plentiful,3,25,8,7,35,78.0,52.0,74.0,77.0
56,length8_plentiful,3,26,8,3,11,30.0,68.0,93.0,70.0
56,length8_plentiful,3,27,8,5,9,78.0,49.0,63.0,72.0
56,length8_plentiful,3,28,8,8,13,57.0,46.0,90.0,36.0
56,length8_plentiful,3,29,8,1,7,81.0,78.0,44.0,63.0
56,length8_plentiful,3,30,8,3,4,60.0,45.0,88.0,70.0
56,length8_plentiful,3,31,8,2,16,59.0,74.0,62.0,70.0
56,length8_plentiful,3,32,8,8,6,66.0,79.0,46.0,56.0
56,length8_plentiful,3,33,8,2,12,43.0,78.0,87.0,89.0
56,length8_plentiful,3,34,8,3,28,71.0,64.0,85.0,70.0
56,length8_plentiful,3,35,8,1,1,75.0,89.0,67.0,87.0
56,length8_plentiful,3,36,8,6,36,82.0,68.0,76.0,79.0
56,length8_plentiful,3,37,8,1,31,89.0,58.0,75.0,95.0
56,length8_plentiful,3,38,8,1,33,73.0,74.0,78.0,52.0
56,length8_plentiful,3,39,8,5,23,35.0,45.0,74.0,72.0
56,length8_plentiful,3,40,8,1,29,80.0,70.0,69.0,89.0
