participant,condition,adviceThresholdPercent,presentationPosition,trial,advice,truth,pLeft,pRight,decision,confidence,accuracy,rt
1,1,50,4,1,1,1,0.11495,0.11624,1,1,1,1.257813
1,1,50,4,2,-1,0,0.70475,0.65638,0,2,1,1.242188
1,1,50,4,3,1,1,0.034604,0.42834,1,3,1,1.101563
1,1,50,4,4,-1,1,0.76279,0.99123,0,4,0,1.261719
1,1,50,4,5,1,1,0.3183,0.53334,1,4,1,1.132813
1,1,50,4,6,-1,1,0.52441,0.94681,0,4,0,2.652344
1,1,50,4,7,1,1,0.2173,0.61866,1,3,1,1.160156
1,1,50,4,8,-1,0,0.54796,0.31721,0,3,1,1.351563
1,1,50,4,9,1,1,0.47605,0.954,1,4,1,0.921875
1,1,50,4,10,-1,0,0.74742,0.16776,0,3,1,1.09375
1,1,50,4,11,-1,0,0.62237,0.27133,0,2,1,1.601563
1,1,50,4,12,-1,0,0.54645,0.38509,0,3,1,1.332031
1,1,50,4,13,-1,0,0.9796,0.68246,0,4,1,0.9609375
1,1,50,4,14,1,1,0.070481,0.6871,1,3,1,1.230469
1,1,50,4,15,-1,1,0.51014,0.83295,0,4,0,1.179688
1,1,50,4,16,-1,0,0.50725,0.28729,0,5,1,1.183594
1,1,50,4,17,-1,0,0.71298,0.55264,0,4,1,1.050781
1,1,50,4,18,-1,0,0.90273,0.6076,0,4,1,0.859375
1,1,50,4,19,1,1,0.24042,0.38622,1,4,1,1.804688
1,1,50,4,20,-1,0,0.98324,0.5212,0,4,1,2.503906
1,1,50,4,21,1,0,0.4415,0.18982,0,3,1,2.320313
1,1,50,4,22,1,0,0.058365,0.0041574,1,5,0,1.289063
1,1,50,4,23,1,1,0.3897,0.76237,1,5,1,1.34375
1,1,50,4,24,-1,0,0.57567,0.16263,0,4,1,1.363281
1,1,50,4,25,1,1,0.26234,0.27424,1,4,1,2.074219
1,1,50,4,26,-1,0,0.82921,0.11714,0,4,1,1.914063
1,1,50,4,27,-1,0,0.92239,0.894,0,4,1,1.269531
1,1,50,4,28,1,1,0.20486,0.2975,1,4,1,1.339844
1,1,50,4,29,-1,1,0.58209,0.65029,0,5,0,1.132813
1,1,50,4,30,-1,1,0.75107,0.8529,0,5,0,1.203125
1,1,50,4,31,-1,1,0.86098,0.86475,0,5,0,1.089844
1,1,50,4,32,1,1,0.23546,0.55702,1,5,1,1.753906
1,1,50,4,33,1,1,0.39923,0.84068,1,4,1,1.152344
1,1,50,4,34,-1,0,0.58246,0.36926,0,4,1,1.140625
1,1,50,4,35,-1,0,0.98845,0.20406,0,4,1,1.410156
1,1,50,4,36,-1,0,0.9829,0.6903,0,4,1,1.230469
1,1,50,4,37,1,1,0.1066,0.83916,1,4,1,1.21875
1,1,50,4,38,-1,0,0.72813,0.52137,0,3,1,1.5
1,1,50,4,39,-1,0,0.59954,0.34829,0,4,1,1.273438
1,1,50,4,40,-1,1,0.70457,0.79083,0,3,0,1.3125
1,1,50,4,41,1,1,0.40868,0.59901,1,4,1,1.011719
1,1,50,4,42,-1,0,0.83082,0.67842,1,4,0,1.339844
1,1,50,4,43,-1,1,0.73413,0.99606,0,4,0,1.332031
1,1,50,4,44,1,1,0.26664,0.36008,1,4,1,0.8515625
1,1,50,4,45,-1,0,0.76368,0.71399,0,4,1,0.96875
1,1,50,4,46,-1,0,0.61612,0.1364,0,3,1,1.433594
1,1,50,4,47,1,1,0.030436,0.24048,1,3,1,1.402344
1,1,50,4,48,1,0,0.2426,0.11698,1,4,0,1.089844
1,1,50,4,49,-1,1,0.62228,0.62451,0,4,0,1.128906
1,1,50,4,50,-1,1,0.51227,0.81437,0,3,0,0.8476563
1,2,60,5,1,1,1,0.10859,0.59414,1,1,1,1.332031
1,2,60,5,2,1,1,0.35851,0.66334,1,2,1,1.230469
1,2,60,5,3,1,1,0.16726,0.97169,1,3,1,0.890625
1,2,60,5,4,0,0,0.53883,0.31523,1,3,0,1.832031
1,2,60,5,5,0,0,0.45324,0.18284,0,3,1,2.332031
1,2,60,5,6,0,1,0.5626,0.99488,0,3,0,1.082031
1,2,60,5,7,-1,0,0.80567,0.79894,0,3,1,1.972656
1,2,60,5,8,0,1,0.51467,0.82406,1,3,1,1.992188
1,2,60,5,9,0,1,0.52682,0.79654,1,4,1,1.511719
1,2,60,5,10,1,1,0.15327,0.41892,1,3,1,1.441406
1,2,60,5,11,1,0,0.044168,0.02771,1,4,0,1.148438
1,2,60,5,12,-1,1,0.94266,0.95059,0,3,0,1.242188
1,2,60,5,13,1,1,0.051914,0.95607,1,2,1,1.410156
1,2,60,5,14,0,0,0.59247,0.57628,1,3,0,1.914063
1,2,60,5,15,0,0,0.59353,0.037067,1,3,0,1.480469
1,2,60,5,16,1,1,0.14065,0.17201,1,3,1,1.253906
1,2,60,5,17,0,0,0.41917,0.20525,1,3,0,1.742188
1,2,60,5,18,-1,0,0.60668,0.4788,0,3,1,1.953125
1,2,60,5,19,-1,0,0.98414,0.69217,0,4,1,2.675781
1,2,60,5,20,-1,0,0.7828,0.29947,0,4,1,1.390625
1,2,60,5,21,1,1,0.3092,0.31346,1,4,1,0.9804688
1,2,60,5,22,1,1,0.30008,0.44038,1,3,1,1.183594
1,2,60,5,23,0,1,0.44265,0.59544,0,2,0,2.332031
1,2,60,5,24,-1,0,0.96686,0.48496,0,4,1,1.0625
1,2,60,5,25,-1,1,0.84139,0.99516,0,4,0,1.570313
1,2,60,5,26,0,0,0.55251,0.34915,0,4,1,2.855469
1,2,60,5,27,0,1,0.49919,0.82662,0,3,0,1.785156
1,2,60,5,28,0,0,0.47803,0.17364,0,4,1,1.410156
1,2,60,5,29,1,1,0.021103,0.5897,1,4,1,1.402344
1,2,60,5,30,1,1,0.24984,0.35262,1,4,1,1.464844
1,2,60,5,31,1,1,0.1116,0.94221,1,3,1,1.121094
1,2,60,5,32,-1,1,0.75703,0.95253,1,2,1,1.273438
1,2,60,5,33,-1,0,0.89943,0.25871,0,4,1,1.613281
1,2,60,5,34,1,0,0.34134,0.25888,1,4,0,1.03125
1,2,60,5,35,1,1,0.39137,0.53172,1,4,1,1.109375
1,2,60,5,36,-1,0,0.89967,0.79349,0,4,1,1.210938
1,2,60,5,37,1,1,0.29632,0.4985,1,4,1,1.402344
1,2,60,5,38,-1,0,0.8922,0.84677,1,3,0,1.414063
1,2,60,5,39,0,0,0.48225,0.22175,1,3,0,2.523438
1,2,60,5,40,1,1,0.34186,0.99558,1,4,1,1.171875
1,2,60,5,41,1,1,0.20564,0.68202,1,5,1,2.035156
1,2,60,5,42,1,1,0.2975,0.61635,1,4,1,1.453125
1,2,60,5,43,0,0,0.43744,0.11849,1,2,0,4.347656
1,2,60,5,44,-1,0,0.61122,0.55284,0,3,1,1.492188
1,2,60,5,45,1,1,0.066947,0.76591,1,4,1,1.089844
1,2,60,5,46,0,0,0.43183,0.42086,0,2,1,2.644531
1,2,60,5,47,-1,1,0.64332,0.95021,0,3,0,2.734375
1,2,60,5,48,1,1,0.36997,0.83857,1,4,1,0.8789063
1,2,60,5,49,-1,0,0.66518,0.17105,0,4,1,1.363281
1,2,60,5,50,-1,0,0.81738,0.47479,0,4,1,1.433594
1,3,70,1,1,-1,1,0.71331,0.8953,0,4,0,2.234375
1,3,70,1,2,0,0,0.35124,0.070737,0,3,1,3.464844
1,3,70,1,3,1,0,0.1651,0.07783,1,3,0,2.132813
1,3,70,1,4,1,1,0.096544,0.41304,0,3,0,1.875
1,3,70,1,5,-1,0,0.99048,0.028231,0,2,1,2.15625
1,3,70,1,6,-1,0,0.93349,0.17438,1,3,0,2.472656
1,3,70,1,7,0,1,0.31068,0.44288,1,3,1,1.738281
1,3,70,1,8,-1,0,0.80905,0.61393,0,2,1,2.617188
1,3,70,1,9,0,1,0.42811,0.66345,0,3,0,2.550781
1,3,70,1,10,-1,0,0.77398,0.65471,0,2,1,1.960938
1,3,70,1,11,-1,0,0.92991,0.10881,0,3,1,1.332031
1,3,70,1,12,0,0,0.47116,0.21131,1,3,0,2.664063
1,3,70,1,13,1,1,0.16796,0.54309,1,3,1,1.984375
1,3,70,1,14,1,1,0.081055,0.67844,1,3,1,1.640625
1,3,70,1,15,-1,0,0.9746,0.90766,0,4,1,1.875
1,3,70,1,16,1,1,0.11226,0.20916,1,3,1,1.683594
1,3,70,1,17,0,0,0.50981,0.089701,1,2,0,2.15625
1,3,70,1,18,1,1,0.25517,0.73238,1,3,1,1.453125
1,3,70,1,19,-1,0,0.91852,0.71401,0,3,1,1.882813
1,3,70,1,20,-1,1,0.72881,0.96858,0,4,0,1.773438
1,3,70,1,21,1,1,0.19842,0.39468,1,3,1,1.023438
1,3,70,1,22,-1,0,0.79449,0.0066256,0,3,1,1.375
1,3,70,1,23,-1,0,0.90832,0.66068,0,2,1,1.132813
1,3,70,1,24,-1,0,0.97891,0.61076,0,2,1,1.152344
1,3,70,1,25,1,0,0.019556,0.018608,1,2,0,1.320313
1,3,70,1,26,1,1,0.22317,0.5922,1,4,1,1.050781
1,3,70,1,27,0,0,0.60303,0.021134,1,3,0,1.894531
1,3,70,1,28,-1,0,0.91945,0.83658,0,3,1,1.722656
1,3,70,1,29,0,1,0.42415,0.88841,1,2,1,2.003906
1,3,70,1,30,0,1,0.55409,0.78344,1,2,1,2.882813
1,3,70,1,31,-1,0,0.96421,0.86023,0,3,1,1.472656
1,3,70,1,32,-1,1,0.85327,0.90955,0,4,0,1.140625
1,3,70,1,33,0,0,0.46086,0.32105,0,2,1,2.171875
1,3,70,1,34,1,1,0.024718,0.84695,1,4,1,1.101563
1,3,70,1,35,0,0,0.39767,0.32413,0,2,1,3.554688
1,3,70,1,36,0,0,0.45751,0.087799,0,3,1,2.105469
1,3,70,1,37,0,1,0.34683,0.48068,1,3,1,1.703125
1,3,70,1,38,-1,0,0.72941,0.18566,0,3,1,1.734375
1,3,70,1,39,0,0,0.55309,0.014499,0,2,1,1.652344
1,3,70,1,40,1,0,0.27879,0.12242,1,3,0,1.722656
1,3,70,1,41,0,0,0.5389,0.21763,1,3,0,1.851563
1,3,70,1,42,1,1,0.25612,0.44022,1,4,1,1.621094
1,3,70,1,43,-1,0,0.75489,0.31306,0,2,1,1.234375
1,3,70,1,44,-1,0,0.90366,0.050162,0,3,1,1.441406
1,3,70,1,45,1,1,0.15188,0.71772,1,3,1,0.9921875
1,3,70,1,46,0,0,0.35422,0.32344,1,2,0,1.671875
1,3,70,1,47,-1,0,0.71581,0.090915,0,3,1,1.453125
1,3,70,1,48,-1,0,0.77863,0.45486,0,3,1,1.0
1,3,70,1,49,0,1,0.46906,0.82066,0,2,0,1.652344
1,3,70,1,50,0,1,0.67551,0.88352,0,1,0,2.613281
1,4,80,3,1,0,1,0.25503,0.56284,0,1,0,1.8125
1,4,80,3,2,0,1,0.38185,0.99679,0,1,0,2.332031
1,4,80,3,3,0,0,0.55795,0.40851,0,1,1,1.191406
1,4,80,3,4,0,1,0.24338,0.53407,0,1,0,2.023438
1,4,80,3,5,-1,0,0.98376,0.59389,0,2,1,1.972656
1,4,80,3,6,1,1,0.11762,0.63185,1,3,1,1.710938
1,4,80,3,7,-1,0,0.93933,0.57623,0,3,1,1.644531
1,4,80,3,8,0,1,0.62334,0.91673,1,3,1,2.921875
1,4,80,3,9,1,1,0.024229,0.93831,1,3,1,1.464844
1,4,80,3,10,0,1,0.62157,0.68243,1,3,1,2.152344
1,4,80,3,11,0,0,0.78339,0.25061,0,4,1,1.800781
1,4,80,3,12,-1,0,0.99023,0.35764,0,3,1,2.882813
1,4,80,3,13,0,1,0.68495,0.76095,1,4,1,3.171875
1,4,80,3,14,-1,0,0.91693,0.38424,0,3,1,1.792969
1,4,80,3,15,0,1,0.51544,0.95723,1,4,1,2.171875
1,4,80,3,16,0,0,0.52743,0.47766,1,4,0,1.332031
1,4,80,3,17,0,0,0.7261,0.60187,1,3,0,1.332031
1,4,80,3,18,0,1,0.62304,0.98715,1,3,1,1.722656
1,4,80,3,19,-1,0,0.93266,0.47108,0,4,1,1.832031
1,4,80,3,20,0,1,0.43999,0.53102,1,3,1,3.042969
1,4,80,3,21,1,1,0.097876,0.64753,1,4,1,1.683594
1,4,80,3,22,0,1,0.7015,0.96476,0,3,0,2.683594
1,4,80,3,23,-1,0,0.86285,0.41099,0,5,1,1.511719
1,4,80,3,24,1,1,0.19724,0.34554,1,5,1,2.085938
1,4,80,3,25,0,0,0.61401,0.16659,0,2,1,1.921875
1,4,80,3,26,0,1,0.28323,0.67982,0,3,0,1.433594
1,4,80,3,27,0,0,0.58662,0.024495,1,3,0,2.0625
1,4,80,3,28,-1,0,0.85554,0.47414,0,4,1,1.363281
1,4,80,3,29,1,1,0.088426,0.69869,1,5,1,1.898438
1,4,80,3,30,0,1,0.69821,0.78235,0,3,0,2.390625
1,4,80,3,31,0,0,0.47395,0.46917,0,3,1,1.339844
1,4,80,3,32,0,1,0.76248,0.87403,1,3,1,1.804688
1,4,80,3,33,0,0,0.52422,0.15201,0,3,1,1.28125
1,4,80,3,34,0,1,0.57022,0.70522,1,3,1,2.183594
1,4,80,3,35,-1,0,0.8765,0.79397,0,4,1,1.332031
1,4,80,3,36,0,1,0.52145,0.5582,1,4,1,1.375
1,4,80,3,37,-1,0,0.90124,0.71016,0,5,1,1.25
1,4,80,3,38,0,1,0.26819,0.4161,0,3,0,2.714844
1,4,80,3,39,-1,0,0.85626,0.16636,0,5,1,1.832031
1,4,80,3,40,-1,0,0.82792,0.7545,0,5,1,1.453125
1,4,80,3,41,0,1,0.43469,0.43649,1,3,1,2.0625
1,4,80,3,42,0,1,0.54868,0.94633,1,3,1,1.441406
1,4,80,3,43,0,0,0.25812,0.075366,0,4,1,0.9101563
1,4,80,3,44,0,0,0.75679,0.057185,1,3,0,1.769531
1,4,80,3,45,0,1,0.21795,0.43727,1,4,1,2.003906
1,4,80,3,46,0,1,0.41288,0.74145,1,4,1,1.171875
1,4,80,3,47,0,1,0.26225,0.29356,0,4,0,1.082031
1,4,80,3,48,-1,0,0.84328,0.35604,0,5,1,1.972656
1,4,80,3,49,1,1,0.054038,0.77853,1,5,1,1.359375
1,4,80,3,50,-1,0,0.98433,0.3144,0,5,1,1.378906
1,5,90,6,1,0,1,0.11592,0.12432,1,1,1,2.625
1,5,90,6,2,1,1,0.014653,0.92037,1,2,1,1.234375
1,5,90,6,3,0,1,0.17044,0.79306,1,1,1,2.023438
1,5,90,6,4,-1,0,0.94783,0.0074244,0,2,1,1.804688
1,5,90,6,5,0,0,0.71667,0.50886,0,2,1,1.753906
1,5,90,6,6,0,1,0.18892,0.30294,0,3,0,1.804688
1,5,90,6,7,0,1,0.26795,0.55206,1,2,1,1.535156
1,5,90,6,8,1,1,0.02136,0.89509,0,2,0,2.203125
1,5,90,6,9,-1,0,0.95528,0.59149,0,3,1,1.644531
1,5,90,6,10,0,1,0.58535,0.78186,0,2,0,1.832031
1,5,90,6,11,1,1,0.07857,0.1497,1,3,1,1.171875
1,5,90,6,12,0,1,0.10885,0.13574,1,2,1,1.878906
1,5,90,6,13,1,1,0.090712,0.4587,1,3,1,1.253906
1,5,90,6,14,0,1,0.22797,0.23727,1,2,1,1.832031
1,5,90,6,15,0,1,0.36774,0.54358,0,2,0,2.28125
1,5,90,6,16,0,1,0.32273,0.83154,0,3,0,1.882813
1,5,90,6,17,0,0,0.5796,0.18572,0,3,1,1.339844
1,5,90,6,18,-1,0,0.9953,0.27954,0,4,1,1.332031
1,5,90,6,19,0,0,0.70576,0.31297,0,3,1,2.402344
1,5,90,6,20,0,0,0.55459,0.069794,0,2,1,1.453125
1,5,90,6,21,0,1,0.78764,0.98132,1,2,1,2.140625
1,5,90,6,22,1,1,0.047597,0.24055,1,4,1,1.515625
1,5,90,6,23,0,1,0.41871,0.42584,1,3,1,3.304688
1,5,90,6,24,0,0,0.67585,0.21055,1,3,0,2.085938
1,5,90,6,25,0,1,0.29142,0.75584,0,2,0,1.589844
1,5,90,6,26,0,0,0.50736,0.35254,0,4,1,1.152344
1,5,90,6,27,0,0,0.83856,0.23383,0,3,1,1.269531
1,5,90,6,28,0,0,0.3812,0.12285,1,4,0,1.332031
1,5,90,6,29,1,1,0.004723,0.94967,1,4,1,1.34375
1,5,90,6,30,0,1,0.24915,0.92838,1,3,1,2.042969
1,5,90,6,31,0,1,0.39428,0.83618,1,3,1,1.582031
1,5,90,6,32,0,1,0.23216,0.2396,0,3,0,1.230469
1,5,90,6,33,0,1,0.17143,0.23656,1,3,1,1.355469
1,5,90,6,34,0,0,0.55956,0.27615,1,3,0,1.429688
1,5,90,6,35,-1,0,0.92012,0.57006,0,4,1,1.46875
1,5,90,6,36,0,1,0.6302,0.84384,1,2,1,2.402344
1,5,90,6,37,0,0,0.85156,0.65109,0,2,1,1.5
1,5,90,6,38,0,0,0.50993,0.21063,0,3,1,1.613281
1,5,90,6,39,1,1,0.012009,0.68024,1,5,1,1.570313
1,5,90,6,40,0,1,0.40203,0.64652,0,2,0,2.625
1,5,90,6,41,0,0,0.29339,0.27406,1,2,0,1.734375
1,5,90,6,42,0,0,0.87716,0.1891,0,3,1,1.429688
1,5,90,6,43,0,1,0.31246,0.4281,0,3,0,2.773438
1,5,90,6,44,0,1,0.17228,0.83538,0,3,0,2.304688
1,5,90,6,45,0,1,0.24018,0.58622,0,3,0,0.9921875
1,5,90,6,46,0,1,0.4159,0.87013,0,4,0,1.058594
1,5,90,6,47,0,1,0.82456,0.897,0,3,0,1.511719
1,5,90,6,48,-1,0,0.96465,0.56313,0,5,1,1.292969
1,5,90,6,49,0,0,0.75953,0.45812,0,4,1,1.230469
1,5,90,6,50,0,1,0.39453,0.92501,0,3,0,0.8789063
1,6,100,2,1,0,0,0.71349,0.69645,0,1,1,1.773438
1,6,100,2,2,0,1,0.72716,0.87725,0,2,0,2.261719
1,6,100,2,3,0,0,0.86508,0.33736,0,3,1,1.402344
1,6,100,2,4,0,1,0.75593,0.99643,0,3,0,1.542969
1,6,100,2,5,0,1,0.045731,0.13326,1,3,1,2.050781
1,6,100,2,6,0,0,0.55035,0.49733,0,4,1,1.023438
1,6,100,2,7,0,1,0.96023,0.99633,1,4,1,1.472656
1,6,100,2,8,0,1,0.41288,0.42198,0,5,0,1.273438
1,6,100,2,9,0,1,0.020208,0.26496,0,4,0,1.601563
1,6,100,2,10,0,1,0.1605,0.46945,0,3,0,1.34375
1,6,100,2,11,0,1,0.4698,0.6226,0,3,0,1.480469
1,6,100,2,12,0,1,0.42582,0.4373,0,2,0,1.324219
1,6,100,2,13,0,1,0.3705,0.55993,0,2,0,1.480469
1,6,100,2,14,0,1,0.67873,0.69847,1,2,1,1.472656
1,6,100,2,15,0,1,0.40218,0.48229,1,3,1,1.464844
1,6,100,2,16,0,1,0.60874,0.8172,1,3,1,2.402344
1,6,100,2,17,0,0,0.74558,0.36274,1,4,0,2.792969
1,6,100,2,18,0,0,0.61044,0.11567,0,3,1,1.074219
1,6,100,2,19,0,1,0.0038839,0.91961,0,3,0,1.265625
1,6,100,2,20,0,0,0.89489,0.063944,0,3,1,1.332031
1,6,100,2,21,0,1,0.53078,0.81365,1,3,1,0.7421875
1,6,100,2,22,0,1,0.55715,0.64067,0,3,0,1.605469
1,6,100,2,23,0,0,0.28705,0.14716,0,2,1,1.472656
1,6,100,2,24,0,0,0.60167,0.23108,0,2,1,1.613281
1,6,100,2,25,0,1,0.40792,0.83617,0,3,0,1.730469
1,6,100,2,26,0,1,0.22593,0.58638,0,2,0,1.152344
1,6,100,2,27,0,0,0.66155,0.3974,0,3,1,1.183594
1,6,100,2,28,0,0,0.60602,0.44434,0,3,1,1.753906
1,6,100,2,29,0,0,0.49745,0.11245,1,3,0,1.609375
1,6,100,2,30,0,1,0.11201,0.25172,0,3,0,2.734375
1,6,100,2,31,0,1,0.34778,0.6894,0,3,0,1.152344
1,6,100,2,32,0,0,0.73934,0.56402,0,3,1,1.199219
1,6,100,2,33,0,1,0.03538,0.40425,0,3,0,1.582031
1,6,100,2,34,0,0,0.59218,0.51109,1,2,0,1.34375
1,6,100,2,35,0,0,0.94569,0.18277,0,1,1,2.273438
1,6,100,2,36,0,0,0.66164,0.24697,1,2,0,2.132813
1,6,100,2,37,0,1,0.30584,0.38627,1,1,1,1.199219
1,6,100,2,38,0,1,0.64278,0.80112,0,1,0,1.242188
1,6,100,2,39,0,0,0.88087,0.62958,0,1,1,1.199219
1,6,100,2,40,0,0,0.57413,0.56967,1,2,0,0.84375
1,6,100,2,41,0,0,0.18974,0.11918,1,2,0,0.8828125
1,6,100,2,42,0,1,0.31261,0.66253,1,2,1,1.734375
1,6,100,2,43,0,0,0.32524,0.2306,0,2,1,2.101563
1,6,100,2,44,0,0,0.69508,0.3991,0,2,1,1.3125
1,6,100,2,45,0,1,0.68394,0.96459,0,2,0,1.484375
1,6,100,2,46,0,1,0.60766,0.88713,1,2,1,1.722656
1,6,100,2,47,0,0,0.87649,0.66755,1,3,0,1.003906
1,6,100,2,48,0,0,0.47526,0.37937,1,2,0,1.804688
1,6,100,2,49,0,1,0.53293,0.6122,1,2,1,3.355469
1,6,100,2,50,0,0,0.32714,0.29302,1,2,0,1.429688
2,1,50,5,1,1,1,0.22592,0.29711,1,5,1,2.003906
2,1,50,5,2,1,1,0.38785,0.94277,1,5,1,1.53125
2,1,50,5,3,1,1,0.21286,0.84297,1,5,1,3.15625
2,1,50,5,4,-1,0,0.647,0.3588,1,1,0,0.5390625
2,1,50,5,5,-1,0,0.67806,0.039524,0,1,1,1.199219
2,1,50,5,6,1,1,0.45259,0.55367,1,5,1,1.542969
2,1,50,5,7,-1,0,0.72769,0.40303,0,5,1,1.640625
2,1,50,5,8,-1,1,0.60205,0.68644,0,5,0,3.347656
2,1,50,5,9,1,1,0.27687,0.51086,1,5,1,2.023438
2,1,50,5,10,-1,1,0.54913,0.83891,0,5,0,1.582031
2,1,50,5,11,1,0,0.25319,0.23585,1,4,0,1.191406
2,1,50,5,12,-1,0,0.77506,0.12642,0,3,1,1.121094
2,1,50,5,13,1,1,0.43909,0.99841,1,4,1,1.492188
2,1,50,5,14,-1,1,0.5946,0.69504,0,5,0,0.9414063
2,1,50,5,15,-1,0,0.6404,0.22565,0,4,1,1.574219
2,1,50,5,16,-1,0,0.51418,0.30395,0,4,1,1.351563
2,1,50,5,17,-1,0,0.82052,0.33894,0,4,1,1.300781
2,1,50,5,18,1,0,0.1722,0.0016004,1,5,0,1.410156
2,1,50,5,19,-1,0,0.71707,0.40808,0,4,1,3.125
2,1,50,5,20,1,1,0.069975,0.52368,1,4,1,1.152344
2,1,50,5,21,1,0,0.4523,0.27043,1,4,0,2.59375
2,1,50,5,22,1,1,0.37096,0.66262,1,4,1,1.410156
2,1,50,5,23,-1,0,0.92072,0.23208,0,5,1,1.234375
2,1,50,5,24,-1,0,0.84744,0.74304,0,5,1,3.816406
2,1,50,5,25,-1,0,0.502,0.23437,0,4,1,1.242188
2,1,50,5,26,-1,1,0.58557,0.74729,0,4,0,1.453125
2,1,50,5,27,1,0,0.2069,0.16615,1,3,0,1.410156
2,1,50,5,28,-1,0,0.92814,0.72574,0,3,1,1.332031
2,1,50,5,29,-1,0,0.93912,0.18538,0,3,1,1.101563
2,1,50,5,30,-1,1,0.64146,0.93616,0,3,0,1.351563
2,1,50,5,31,-1,1,0.90851,0.99337,0,4,0,1.53125
2,1,50,5,32,-1,0,0.78833,0.10915,0,3,1,1.324219
2,1,50,5,33,1,1,0.40847,0.77921,1,4,1,1.453125
2,1,50,5,34,1,1,0.21539,0.97758,1,5,1,2.214844
2,1,50,5,35,-1,0,0.67679,0.12473,0,4,1,1.292969
2,1,50,5,36,1,1,0.025336,0.48909,1,4,1,1.964844
2,1,50,5,37,-1,1,0.7548,0.77812,0,5,0,1.601563
2,1,50,5,38,-1,0,0.78913,0.38527,0,5,1,1.332031
2,1,50,5,39,-1,0,0.69814,0.4568,0,4,1,1.429688
2,1,50,5,40,-1,0,0.57155,0.013724,0,5,1,2.5625
2,1,50,5,41,1,0,0.39749,0.017148,1,5,0,1.511719
2,1,50,5,42,1,1,0.21977,0.64478,1,5,1,1.671875
2,1,50,5,43,1,1,0.19786,0.33006,1,4,1,1.0625
2,1,50,5,44,1,0,0.47767,0.27397,1,5,0,0.8828125
2,1,50,5,45,1,1,0.067087,0.10541,1,4,1,0.9609375
2,1,50,5,46,1,1,0.47895,0.54426,1,3,1,0.75
2,1,50,5,47,1,0,0.44726,0.24698,1,4,0,1.039063
2,1,50,5,48,1,1,0.18302,0.5097,1,3,1,0.890625
2,1,50,5,49,-1,0,0.71793,0.40536,0,5,1,1.269531
2,1,50,5,50,1,1,0.4745,0.57065,1,4,1,1.902344
2,2,60,1,1,0,0,0.48187,0.42907,0,1,1,3.644531
2,2,60,1,2,-1,0,0.64207,0.50804,0,5,1,2.53125
2,2,60,1,3,1,1,0.24755,0.43902,1,5,1,2.53125
2,2,60,1,4,1,1,0.066482,0.41966,1,5,1,2.222656
2,2,60,1,5,0,1,0.49364,0.91737,1,1,1,3.035156
2,2,60,1,6,-1,1,0.82935,0.93614,0,5,0,1.804688
2,2,60,1,7,1,0,0.26305,0.13309,1,4,0,2.472656
2,2,60,1,8,0,1,0.55378,0.63015,0,2,0,1.875
2,2,60,1,9,1,1,0.39084,0.63992,1,3,1,1.992188
2,2,60,1,10,0,1,0.4544,0.64048,0,1,0,3.101563
2,2,60,1,11,1,1,0.14365,0.23769,1,3,1,1.3125
2,2,60,1,12,1,1,0.0066929,0.51363,1,2,1,1.394531
2,2,60,1,13,1,1,0.14992,0.81527,1,3,1,2.710938
2,2,60,1,14,-1,0,0.83521,0.42715,0,4,1,1.605469
2,2,60,1,15,1,1,0.20574,0.31526,1,4,1,1.285156
2,2,60,1,16,1,1,0.24897,0.27245,1,3,1,1.519531
2,2,60,1,17,1,1,0.025276,0.87151,1,3,1,1.160156
2,2,60,1,18,-1,0,0.98722,0.02829,0,4,1,1.371094
2,2,60,1,19,1,1,0.34967,0.97303,1,4,1,1.210938
2,2,60,1,20,-1,0,0.89256,0.0022272,0,5,1,1.632813
2,2,60,1,21,-1,0,0.73346,0.69218,0,4,1,1.433594
2,2,60,1,22,-1,1,0.60024,0.94672,0,4,0,1.882813
2,2,60,1,23,0,1,0.51038,0.97723,1,1,1,1.371094
2,2,60,1,24,-1,0,0.76568,0.040413,0,4,1,1.140625
2,2,60,1,25,1,0,0.38479,0.014866,1,4,0,1.628906
2,2,60,1,26,-1,1,0.68556,0.7901,0,5,0,1.992188
2,2,60,1,27,-1,0,0.96205,0.45498,0,4,1,1.34375
2,2,60,1,28,0,1,0.43679,0.61271,0,1,0,2.644531
2,2,60,1,29,0,1,0.40668,0.66296,0,2,0,1.515625
2,2,60,1,30,-1,0,0.85985,0.67435,0,5,1,1.320313
2,2,60,1,31,-1,0,0.61464,0.078085,0,4,1,1.601563
2,2,60,1,32,-1,1,0.61481,0.89381,0,4,0,1.511719
2,2,60,1,33,-1,0,0.75318,0.27026,0,3,1,1.542969
2,2,60,1,34,0,1,0.42117,0.69802,1,1,1,1.851563
2,2,60,1,35,1,1,0.10412,0.72491,1,3,1,1.921875
2,2,60,1,36,0,1,0.41579,0.51457,0,1,0,1.734375
2,2,60,1,37,-1,0,0.7149,0.54664,0,4,1,1.230469
2,2,60,1,38,0,0,0.50162,0.030418,0,1,1,3.175781
2,2,60,1,39,1,1,0.088819,0.44081,1,3,1,1.242188
2,2,60,1,40,-1,0,0.71112,0.20496,0,4,1,1.644531
2,2,60,1,41,1,1,0.38873,0.90903,1,4,1,1.703125
2,2,60,1,42,-1,0,0.98774,0.82125,0,4,1,1.269531
2,2,60,1,43,-1,0,0.71371,0.24335,0,5,1,1.339844
2,2,60,1,44,-1,1,0.91016,0.95732,0,5,0,1.550781
2,2,60,1,45,0,0,0.56727,0.27084,1,1,0,1.792969
2,2,60,1,46,-1,0,0.62001,0.59936,0,4,1,1.703125
2,2,60,1,47,1,1,0.0669,0.41529,1,4,1,1.242188
2,2,60,1,48,-1,0,0.98217,0.57341,0,4,1,1.441406
2,2,60,1,49,1,1,0.32316,0.9351,1,4,1,1.433594
2,2,60,1,50,1,1,0.11908,0.63066,1,3,1,1.152344
2,3,70,4,1,1,1,0.22247,0.26485,1,5,1,1.390625
2,3,70,4,2,-1,0,0.99252,0.26354,0,5,1,1.265625
2,3,70,4,3,0,1,0.63911,0.8118,0,2,0,2.804688
2,3,70,4,4,1,1,0.059355,0.32189,1,5,1,0.9492188
2,3,70,4,5,0,0,0.54697,0.41248,0,1,1,2.613281
2,3,70,4,6,1,1,0.091489,0.8918,1,5,1,1.773438
2,3,70,4,7,0,1,0.48945,0.99737,0,1,0,1.269531
2,3,70,4,8,0,0,0.69148,0.44375,1,1,0,1.449219
2,3,70,4,9,1,1,0.095588,0.32822,1,5,1,3.097656
2,3,70,4,10,1,1,0.10268,0.50209,1,1,1,1.601563
2,3,70,4,11,0,0,0.57583,0.087231,0,1,1,4.105469
2,3,70,4,12,1,1,0.10051,0.78173,1,5,1,0.9375
2,3,70,4,13,0,0,0.38357,0.14427,0,1,1,4.6875
2,3,70,4,14,-1,0,0.71281,0.61888,0,1,1,1.421875
2,3,70,4,15,1,0,0.16001,0.029218,1,5,0,1.722656
2,3,70,4,16,0,0,0.61431,0.25197,0,1,1,2.824219
2,3,70,4,17,-1,0,0.89887,0.23469,0,4,1,1.5625
2,3,70,4,18,-1,0,0.94765,0.53234,0,4,1,1.621094
2,3,70,4,19,0,1,0.63923,0.74582,1,1,1,1.984375
2,3,70,4,20,0,1,0.65925,0.97769,1,1,1,2.28125
2,3,70,4,21,-1,0,0.89587,0.11824,0,1,1,2.304688
2,3,70,4,22,-1,0,0.73435,0.60096,0,1,1,1.0
2,3,70,4,23,0,1,0.42234,0.42457,1,1,1,1.453125
2,3,70,4,24,1,1,0.13524,0.65656,1,5,1,0.9609375
2,3,70,4,25,0,1,0.51549,0.53139,0,1,0,3.785156
2,3,70,4,26,0,1,0.63954,0.93124,1,1,1,3.351563
2,3,70,4,27,-1,0,0.85507,0.18422,0,5,1,1.332031
2,3,70,4,28,-1,0,0.91063,0.64429,0,5,1,1.53125
2,3,70,4,29,0,0,0.60053,0.065344,1,1,0,1.339844
2,3,70,4,30,-1,1,0.79194,0.98168,0,2,0,1.320313
2,3,70,4,31,-1,0,0.95155,0.68422,0,5,1,1.292969
2,3,70,4,32,0,0,0.43026,0.069589,1,1,0,2.824219
2,3,70,4,33,0,1,0.56088,0.77633,0,1,0,1.414063
2,3,70,4,34,0,0,0.62669,0.19873,0,1,1,1.679688
2,3,70,4,35,0,0,0.53342,0.53045,0,1,1,1.523438
2,3,70,4,36,-1,0,0.75228,0.3425,0,5,1,1.261719
2,3,70,4,37,-1,0,0.89582,0.25649,0,5,1,1.113281
2,3,70,4,38,-1,0,0.72776,0.51385,0,2,1,1.375
2,3,70,4,39,-1,1,0.81619,0.98441,0,4,0,1.242188
2,3,70,4,40,1,1,0.21851,0.83648,1,5,1,2.445313
2,3,70,4,41,1,1,0.11739,0.49288,1,5,1,1.703125
2,3,70,4,42,0,1,0.35205,0.92177,1,1,1,1.78125
2,3,70,4,43,1,1,0.022486,0.86365,1,5,1,1.683594
2,3,70,4,44,0,1,0.57139,0.85804,0,1,0,3.875
2,3,70,4,45,-1,0,0.8279,0.045374,0,5,1,1.429688
2,3,70,4,46,-1,1,0.91038,0.96717,0,5,0,2.0625
2,3,70,4,47,-1,1,0.77982,0.99807,0,3,0,1.082031
2,3,70,4,48,-1,0,0.86174,0.001369,0,3,1,1.109375
2,3,70,4,49,0,1,0.49755,0.76236,0,1,0,2.292969
2,3,70,4,50,0,0,0.53644,0.48279,1,1,0,2.695313
2,4,80,6,1,0,0,0.35538,0.077564,0,1,1,3.632813
2,4,80,6,2,0,1,0.29905,0.73096,1,1,1,8.992188
2,4,80,6,3,0,1,0.22644,0.31748,0,1,0,1.601563
2,4,80,6,4,-1,0,0.97309,0.49111,0,5,1,0.4140625
2,4,80,6,5,0,0,0.50924,0.037355,1,1,0,2.203125
2,4,80,6,6,0,0,0.7662,0.73165,0,1,1,1.402344
2,4,80,6,7,-1,0,0.91307,0.26555,0,5,1,1.203125
2,4,80,6,8,1,1,0.12232,0.69149,1,5,1,1.433594
2,4,80,6,9,1,1,0.035234,0.88116,1,4,1,2.414063
2,4,80,6,10,-1,0,0.93576,0.068901,0,5,1,2.714844
2,4,80,6,11,0,0,0.64982,0.35964,0,1,1,1.582031
2,4,80,6,12,0,0,0.74578,0.49161,1,4,0,3.554688
2,4,80,6,13,1,1,0.035859,0.64453,1,5,1,1.144531
2,4,80,6,14,0,0,0.75038,0.59926,1,1,0,4.65625
2,4,80,6,15,0,0,0.64073,0.53754,1,1,0,1.863281
2,4,80,6,16,1,1,0.0064683,0.76351,1,5,1,1.140625
2,4,80,6,17,0,1,0.55134,0.90451,0,1,0,1.261719
2,4,80,6,18,0,1,0.3731,0.66718,0,1,0,1.292969
2,4,80,6,19,-1,0,0.87727,0.74535,0,5,1,1.304688
2,4,80,6,20,0,1,0.59638,0.81798,1,1,1,3.644531
2,4,80,6,21,0,1,0.39708,0.78466,0,1,0,1.941406
2,4,80,6,22,-1,0,0.83489,0.73581,0,5,1,1.082031
2,4,80,6,23,-1,0,0.88451,0.16804,0,5,1,1.925781
2,4,80,6,24,1,1,0.056178,0.84052,1,5,1,1.042969
2,4,80,6,25,1,1,0.16522,0.42091,1,5,1,1.734375
2,4,80,6,26,1,1,0.079336,0.32519,1,5,1,1.328125
2,4,80,6,27,1,1,0.00618,0.43004,1,5,1,1.660156
2,4,80,6,28,-1,0,0.84601,0.81691,0,5,1,1.472656
2,4,80,6,29,0,0,0.2759,0.14823,1,1,0,1.523438
2,4,80,6,30,0,0,0.70118,0.17269,0,1,1,1.332031
2,4,80,6,31,-1,0,0.89309,0.81972,0,5,1,1.453125
2,4,80,6,32,-1,0,0.94401,0.86608,0,5,1,1.714844
2,4,80,6,33,1,1,0.13943,0.98481,1,5,1,1.273438
2,4,80,6,34,1,1,0.030981,0.52618,1,5,1,1.695313
2,4,80,6,35,0,0,0.55374,0.0098383,0,1,1,2.984375
2,4,80,6,36,0,1,0.22907,0.50977,0,1,0,1.785156
2,4,80,6,37,1,1,0.015598,0.28429,1,5,1,1.089844
2,4,80,6,38,-1,0,0.86099,0.48754,0,5,1,2.414063
2,4,80,6,39,1,1,0.14568,0.68521,1,5,1,1.261719
2,4,80,6,40,1,1,0.163,0.81757,1,5,1,1.03125
2,4,80,6,41,0,1,0.43718,0.54205,0,1,0,1.3125
2,4,80,6,42,-1,0,0.97595,0.26926,0,5,1,2.222656
2,4,80,6,43,-1,0,0.94716,0.50937,0,5,1,2.246094
2,4,80,6,44,1,1,0.10857,0.18398,1,5,1,1.414063
2,4,80,6,45,-1,0,0.80308,0.27452,0,5,1,1.230469
2,4,80,6,46,0,1,0.28428,0.40438,1,1,1,1.613281
2,4,80,6,47,0,0,0.56164,0.35803,0,1,1,1.371094
2,4,80,6,48,1,1,0.055751,0.18057,1,5,1,1.28125
2,4,80,6,49,1,0,0.056851,0.013265,1,5,0,1.109375
2,4,80,6,50,1,1,0.0033925,0.59426,1,5,1,1.402344
2,5,90,2,1,0,0,0.72287,0.55325,0,4,1,2.984375
2,5,90,2,2,0,1,0.64302,0.76175,1,1,1,3.367188
2,5,90,2,3,1,1,0.05037,0.55344,1,5,1,1.640625
2,5,90,2,4,0,1,0.54694,0.81878,0,1,0,1.621094
2,5,90,2,5,0,0,0.41259,0.29836,0,1,1,1.523438
2,5,90,2,6,0,0,0.81668,0.13558,1,1,0,2.765625
2,5,90,2,7,-1,0,0.94327,0.81954,0,5,1,1.113281
2,5,90,2,8,0,1,0.44682,0.63782,0,1,0,3.375
2,5,90,2,9,0,0,0.67623,0.47767,1,1,0,4.085938
2,5,90,2,10,0,1,0.53262,0.95407,0,1,0,3.828125
2,5,90,2,11,0,1,0.53985,0.57412,0,1,0,3.816406
2,5,90,2,12,1,1,0.011036,0.20053,1,5,1,2.03125
2,5,90,2,13,1,1,0.015118,0.81237,1,5,1,1.042969
2,5,90,2,14,0,0,0.78223,0.35901,0,1,1,1.714844
2,5,90,2,15,1,0,0.0948,0.013861,1,5,0,1.394531
2,5,90,2,16,0,0,0.12654,0.11634,0,1,1,1.480469
2,5,90,2,17,0,1,0.83448,0.88617,0,1,0,2.675781
2,5,90,2,18,0,0,0.56296,0.1331,0,1,1,1.730469
2,5,90,2,19,0,0,0.81949,0.4672,1,1,0,2.023438
2,5,90,2,20,-1,0,0.91127,0.031256,0,4,1,1.710938
2,5,90,2,21,0,1,0.51877,0.70866,0,1,0,1.441406
2,5,90,2,22,-1,0,0.96622,0.82611,0,4,1,1.402344
2,5,90,2,23,-1,0,0.9147,0.72444,0,5,1,1.09375
2,5,90,2,24,0,1,0.1007,0.38777,1,1,1,1.800781
2,5,90,2,25,0,0,0.27228,0.099455,0,1,1,3.503906
2,5,90,2,26,0,0,0.58926,0.52939,0,1,1,2.203125
2,5,90,2,27,1,1,0.04487,0.42842,1,5,1,1.410156
2,5,90,2,28,0,1,0.20307,0.9441,1,2,1,1.484375
2,5,90,2,29,0,1,0.32235,0.64553,0,1,0,1.863281
2,5,90,2,30,0,0,0.45754,0.3461,1,1,0,4.109375
2,5,90,2,31,0,1,0.68823,0.7957,0,1,0,1.539063
2,5,90,2,32,0,0,0.13772,0.12863,1,2,0,4.980469
2,5,90,2,33,0,0,0.72715,0.19872,0,1,1,3.714844
2,5,90,2,34,0,0,0.40886,0.077422,1,1,0,3.015625
2,5,90,2,35,1,1,0.061179,0.43928,1,5,1,3.261719
2,5,90,2,36,0,0,0.644,0.3785,0,1,1,6.621094
2,5,90,2,37,0,0,0.37454,0.34474,1,1,0,2.25
2,5,90,2,38,0,0,0.71948,0.44314,0,1,1,1.210938
2,5,90,2,39,0,1,0.19576,0.62382,0,1,0,3.988281
2,5,90,2,40,0,0,0.5265,0.30876,1,2,0,3.355469
2,5,90,2,41,0,1,0.23403,0.24919,1,2,1,1.683594
2,5,90,2,42,0,0,0.50223,0.37673,0,1,1,1.511719
2,5,90,2,43,0,0,0.75087,0.63204,0,1,1,1.160156
2,5,90,2,44,0,0,0.16272,0.10448,1,2,0,1.390625
2,5,90,2,45,0,1,0.77852,0.79402,1,1,1,0.9101563
2,5,90,2,46,0,0,0.5298,0.12212,0,2,1,4.355469
2,5,90,2,47,0,0,0.79443,0.39985,0,1,1,1.863281
2,5,90,2,48,0,1,0.79869,0.84082,1,1,1,2.722656
2,5,90,2,49,0,1,0.18034,0.93426,0,1,0,1.339844
2,5,90,2,50,0,1,0.52695,0.54799,0,1,0,0.78125
2,6,100,3,1,0,0,0.57923,0.2176,0,1,1,2.554688
2,6,100,3,2,0,1,0.052142,0.44337,0,1,0,1.734375
2,6,100,3,3,0,1,0.55422,0.62526,1,1,1,1.3125
2,6,100,3,4,0,1,0.35046,0.95371,0,1,0,3.402344
2,6,100,3,5,0,0,0.98025,0.62109,1,1,0,2.042969
2,6,100,3,6,0,1,0.22017,0.96709,1,1,1,1.074219
2,6,100,3,7,0,0,0.46382,0.20141,0,1,1,2.164063
2,6,100,3,8,0,0,0.7578,0.55446,1,1,0,1.25
2,6,100,3,9,0,1,0.80587,0.83955,0,1,0,1.632813
2,6,100,3,10,0,1,0.26595,0.99854,1,1,1,2.570313
2,6,100,3,11,0,1,0.20507,0.74513,0,1,0,1.914063
2,6,100,3,12,0,0,0.73434,0.22912,0,2,1,3.535156
2,6,100,3,13,0,1,0.05143,0.87088,1,1,1,1.402344
2,6,100,3,14,0,1,0.85825,0.96373,0,1,0,2.121094
2,6,100,3,15,0,1,0.22074,0.85797,0,1,0,1.863281
2,6,100,3,16,0,0,0.81493,0.44309,0,1,1,1.761719
2,6,100,3,17,0,1,0.15186,0.40818,1,1,1,5.578125
2,6,100,3,18,0,0,0.99542,0.94027,0,1,1,1.511719
2,6,100,3,19,0,0,0.76602,0.30166,1,1,0,2.371094
2,6,100,3,20,0,0,0.66863,0.14395,0,1,1,1.332031
2,6,100,3,21,0,0,0.8958,0.67441,1,1,0,1.351563
2,6,100,3,22,0,0,0.86812,0.36435,0,1,1,0.9804688
2,6,100,3,23,0,1,0.13585,0.90242,0,2,0,1.285156
2,6,100,3,24,0,0,0.38214,0.3067,0,2,1,1.464844
2,6,100,3,25,0,0,0.72274,0.30085,1,1,0,1.582031
2,6,100,3,26,0,1,0.51301,0.65547,0,1,0,1.59375
2,6,100,3,27,0,1,0.54794,0.5808,1,1,1,1.679688
2,6,100,3,28,0,1,0.058984,0.55006,0,2,0,1.300781
2,6,100,3,29,0,0,0.61454,0.50155,0,1,1,1.308594
2,6,100,3,30,0,0,0.60022,0.22478,1,1,0,1.101563
2,6,100,3,31,0,0,0.78711,0.6929,1,1,0,1.078125
2,6,100,3,32,0,0,0.86745,0.71689,1,1,0,0.9804688
2,6,100,3,33,0,1,0.65848,0.91209,1,2,1,1.421875
2,6,100,3,34,0,0,0.42344,0.35398,0,1,1,1.511719
2,6,100,3,35,0,1,0.71151,0.92468,0,1,0,1.292969
2,6,100,3,36,0,0,0.53817,0.52043,1,1,0,1.433594
2,6,100,3,37,0,1,0.57936,0.70866,0,1,0,1.792969
2,6,100,3,38,0,0,0.2718,0.21795,1,1,0,3.292969
2,6,100,3,39,0,0,0.97578,0.37258,0,1,1,0.46875
2,6,100,3,40,0,0,0.91998,0.20415,1,1,0,1.175781
2,6,100,3,41,0,0,0.75717,0.33328,1,1,0,1.128906
2,6,100,3,42,0,0,0.97744,0.59113,1,1,0,1.542969
2,6,100,3,43,0,1,0.9907,0.99498,1,2,1,1.441406
2,6,100,3,44,0,0,0.45178,0.20438,0,1,1,1.5
2,6,100,3,45,0,0,0.5406,0.42676,1,1,0,1.363281
2,6,100,3,46,0,1,0.052321,0.21814,0,1,0,1.160156
2,6,100,3,47,0,1,0.043465,0.64936,1,1,1,5.449219
2,6,100,3,48,0,0,0.65086,0.38554,0,1,1,2.140625
2,6,100,3,49,0,1,0.62547,0.69548,1,1,1,1.78125
2,6,100,3,50,0,0,0.87852,0.13213,0,1,1,0.734375
3,1,50,5,1,-1,0,0.92212,0.10253,0,2,1,1.121094
3,1,50,5,2,-1,0,0.88185,0.85298,0,3,1,1.324219
3,1,50,5,3,-1,0,0.61119,0.19247,0,4,1,1.113281
3,1,50,5,4,1,1,0.23245,0.47592,1,4,1,1.210938
3,1,50,5,5,-1,0,0.99504,0.0080771,0,4,1,1.242188
3,1,50,5,6,1,1,0.022705,0.533,1,4,1,1.171875
3,1,50,5,7,1,1,0.38131,0.95421,1,4,1,1.632813
3,1,50,5,8,-1,0,0.82226,0.53105,0,4,1,1.230469
3,1,50,5,9,1,1,0.14716,0.88708,1,4,1,1.0625
3,1,50,5,10,-1,1,0.66819,0.74317,0,5,0,1.625
3,1,50,5,11,-1,0,0.87496,0.24749,0,4,1,1.273438
3,1,50,5,12,1,1,0.059021,0.16844,1,4,1,0.9414063
3,1,50,5,13,1,1,0.44482,0.63524,1,4,1,1.222656
3,1,50,5,14,1,1,0.025997,0.30323,1,4,1,1.433594
3,1,50,5,15,1,1,0.018541,0.46099,1,4,1,0.921875
3,1,50,5,16,1,0,0.33959,0.15139,1,4,0,0.984375
3,1,50,5,17,1,0,0.14443,0.020418,1,4,0,0.8242188
3,1,50,5,18,-1,0,0.65382,0.51616,0,4,1,1.269531
3,1,50,5,19,1,1,0.43288,0.6599,1,4,1,1.230469
3,1,50,5,20,-1,1,0.92454,0.97109,0,4,0,1.210938
3,1,50,5,21,-1,0,0.74324,0.34122,0,4,1,1.121094
3,1,50,5,22,1,1,0.45176,0.67672,1,4,1,1.074219
3,1,50,5,23,-1,0,0.85808,0.34282,0,4,1,1.152344
3,1,50,5,24,1,1,0.016663,0.099204,1,4,1,1.03125
3,1,50,5,25,1,1,0.35461,0.53216,1,4,1,1.191406
3,1,50,5,26,-1,0,0.67271,0.44164,0,4,1,1.769531
3,1,50,5,27,-1,1,0.6249,0.71722,0,4,0,1.339844
3,1,50,5,28,-1,0,0.63693,0.3227,0,4,1,1.414063
3,1,50,5,29,1,1,0.10028,0.86331,1,4,1,1.011719
3,1,50,5,30,-1,1,0.7293,0.9252,0,4,0,1.0625
3,1,50,5,31,-1,0,0.95252,0.91937,0,3,1,1.070313
3,1,50,5,32,1,0,0.14956,0.13314,1,4,0,1.015625
3,1,50,5,33,-1,0,0.66307,0.57143,0,3,1,1.691406
3,1,50,5,34,1,1,0.12434,0.40756,1,3,1,1.152344
3,1,50,5,35,-1,0,0.50586,0.34413,0,3,1,2.703125
3,1,50,5,36,-1,0,0.72698,0.49728,0,3,1,1.203125
3,1,50,5,37,1,0,0.22675,0.17367,1,3,0,0.9921875
3,1,50,5,38,1,0,0.45354,0.17385,1,3,0,1.21875
3,1,50,5,39,-1,1,0.87094,0.96461,0,2,0,1.542969
3,1,50,5,40,-1,0,0.92469,0.52703,0,2,1,1.113281
3,1,50,5,41,1,1,0.13024,0.35106,1,2,1,1.140625
3,1,50,5,42,1,1,0.35278,0.44286,1,3,1,1.039063
3,1,50,5,43,-1,0,0.86095,0.41179,0,3,1,1.664063
3,1,50,5,44,1,0,0.43016,0.23857,1,3,0,1.042969
3,1,50,5,45,1,1,0.25834,0.53729,1,2,1,1.332031
3,1,50,5,46,-1,0,0.77079,0.22531,0,2,1,1.59375
3,1,50,5,47,1,1,0.05107,0.72345,1,3,1,1.761719
3,1,50,5,48,1,1,0.40135,0.60239,1,3,1,1.058594
3,1,50,5,49,-1,0,0.81742,0.21367,0,3,1,1.140625
3,1,50,5,50,1,1,0.35544,0.64087,1,3,1,0.9101563
3,2,60,6,1,-1,0,0.75402,0.013644,0,2,1,1.792969
3,2,60,6,2,0,0,0.43149,0.28789,0,1,1,3.285156
3,2,60,6,3,1,1,0.092592,0.1879,1,3,1,1.371094
3,2,60,6,4,-1,0,0.71732,0.26493,0,3,1,1.605469
3,2,60,6,5,0,1,0.54485,0.97797,0,1,0,2.304688
3,2,60,6,6,-1,1,0.90341,0.93699,0,3,0,1.3125
3,2,60,6,7,1,1,0.16295,0.26777,1,3,1,1.238281
3,2,60,6,8,1,1,0.012625,0.53587,1,3,1,1.628906
3,2,60,6,9,-1,0,0.8199,0.53333,0,3,1,1.171875
3,2,60,6,10,1,1,0.24783,0.6593,1,3,1,1.351563
3,2,60,6,11,-1,0,0.89255,0.04478,0,3,1,1.113281
3,2,60,6,12,0,0,0.4735,0.3738,0,1,1,1.691406
3,2,60,6,13,-1,0,0.91526,0.45332,0,2,1,1.445313
3,2,60,6,14,1,1,0.21059,0.76332,1,4,1,1.339844
3,2,60,6,15,1,1,0.19765,0.38169,1,4,1,0.8125
3,2,60,6,16,1,0,0.22503,0.059275,1,4,0,1.101563
3,2,60,6,17,-1,0,0.97934,0.14544,0,3,1,1.519531
3,2,60,6,18,-1,0,0.6498,0.26636,0,4,1,1.460938
3,2,60,6,19,-1,0,0.77564,0.51526,0,4,1,1.203125
3,2,60,6,20,0,1,0.48558,0.62581,0,2,0,3.902344
3,2,60,6,21,-1,1,0.70431,0.9949,0,4,0,1.171875
3,2,60,6,22,1,1,0.37244,0.8922,1,4,1,0.9414063
3,2,60,6,23,1,1,0.15712,0.84166,1,4,1,1.453125
3,2,60,6,24,-1,0,0.88708,0.27839,0,4,1,1.34375
3,2,60,6,25,0,0,0.59459,0.48289,0,2,1,2.015625
3,2,60,6,26,0,1,0.56652,0.76578,1,2,1,2.792969
3,2,60,6,27,1,1,0.095223,0.76756,1,4,1,1.125
3,2,60,6,28,1,1,0.35132,0.4478,1,3,1,1.074219
3,2,60,6,29,-1,1,0.60421,0.88059,0,4,0,1.273438
3,2,60,6,30,1,1,0.11254,0.95569,1,4,1,1.140625
3,2,60,6,31,-1,0,0.92743,0.85777,0,4,1,1.191406
3,2,60,6,32,-1,0,0.93833,0.60307,0,4,1,1.433594
3,2,60,6,33,0,0,0.4614,0.23741,0,2,1,1.882813
3,2,60,6,34,0,0,0.52232,0.24232,1,2,0,1.652344
3,2,60,6,35,-1,1,0.71246,0.94857,0,4,0,1.101563
3,2,60,6,36,0,0,0.49463,0.12904,0,1,1,2.875
3,2,60,6,37,0,0,0.46287,0.22071,0,1,1,2.605469
3,2,60,6,38,-1,1,0.62264,0.77503,0,4,0,1.402344
3,2,60,6,39,1,1,0.18265,0.61927,1,4,1,1.113281
3,2,60,6,40,-1,0,0.88528,0.25713,0,4,1,1.023438
3,2,60,6,41,-1,0,0.9583,0.90558,0,4,1,1.523438
3,2,60,6,42,0,1,0.46124,0.48983,1,2,1,2.363281
3,2,60,6,43,1,1,0.2946,0.89055,1,4,1,1.242188
3,2,60,6,44,0,1,0.41137,0.62864,0,2,0,4.027344
3,2,60,6,45,1,0,0.16253,0.13081,1,4,0,1.070313
3,2,60,6,46,-1,0,0.73862,0.067378,0,4,1,1.230469
3,2,60,6,47,0,1,0.56354,0.65603,0,2,0,3.003906
3,2,60,6,48,1,0,0.067299,0.063594,1,4,0,0.921875
3,2,60,6,49,-1,0,0.86901,0.25684,0,4,1,0.9804688
3,2,60,6,50,0,1,0.46515,0.90307,1,1,1,2.0
3,3,70,1,1,0,1,0.69631,0.86475,0,3,0,5.777344
3,3,70,1,2,1,1,0.10213,0.81158,1,3,1,2.195313
3,3,70,1,3,-1,0,0.89925,0.54124,0,4,1,1.472656
3,3,70,1,4,-1,0,0.71781,0.022189,0,4,1,1.652344
3,3,70,1,5,0,1,0.65409,0.9855,0,2,0,3.707031
3,3,70,1,6,1,1,0.25733,0.71883,1,4,1,1.332031
3,3,70,1,7,-1,1,0.73948,0.74146,0,4,0,1.339844
3,3,70,1,8,-1,0,0.80252,0.26698,0,4,1,1.34375
3,3,70,1,9,0,0,0.56965,0.27196,1,3,0,1.664063
3,3,70,1,10,0,0,0.38987,0.11891,1,2,0,4.617188
3,3,70,1,11,-1,0,0.89842,0.66058,0,4,1,1.03125
3,3,70,1,12,1,1,0.016914,0.83265,1,4,1,1.289063
3,3,70,1,13,0,0,0.38403,0.28427,1,2,0,3.164063
3,3,70,1,14,0,1,0.4911,0.5141,0,2,0,1.921875
3,3,70,1,15,0,1,0.51961,0.72562,0,2,0,2.8125
3,3,70,1,16,1,1,0.21064,0.28825,1,4,1,1.242188
3,3,70,1,17,0,0,0.569,0.33712,1,2,0,3.5625
3,3,70,1,18,-1,0,0.81757,0.37596,0,4,1,1.605469
3,3,70,1,19,-1,0,0.88323,0.18217,0,5,1,1.171875
3,3,70,1,20,-1,0,0.88882,0.54004,0,4,1,1.421875
3,3,70,1,21,0,1,0.40536,0.84542,1,1,1,2.9375
3,3,70,1,22,0,1,0.68993,0.93197,1,1,1,3.617188
3,3,70,1,23,1,1,0.20062,0.92076,1,4,1,1.746094
3,3,70,1,24,-1,0,0.72039,0.65055,0,4,1,1.652344
3,3,70,1,25,1,1,0.12896,0.99199,1,4,1,1.402344
3,3,70,1,26,1,1,0.13872,0.19464,1,4,1,1.171875
3,3,70,1,27,-1,1,0.76844,0.87685,0,4,0,1.332031
3,3,70,1,28,-1,0,0.9556,0.80434,0,4,1,1.492188
3,3,70,1,29,0,0,0.36396,0.047398,1,1,0,1.601563
3,3,70,1,30,0,1,0.36978,0.87406,0,1,0,2.601563
3,3,70,1,31,0,0,0.35177,0.31353,0,1,1,1.710938
3,3,70,1,32,0,1,0.46929,0.62385,1,1,1,2.140625
3,3,70,1,33,0,0,0.64034,0.61912,0,1,1,2.613281
3,3,70,1,34,1,1,0.28841,0.37619,1,4,1,1.394531
3,3,70,1,35,-1,0,0.91969,0.76221,0,4,1,1.253906
3,3,70,1,36,0,1,0.58992,0.85646,1,1,1,2.382813
3,3,70,1,37,0,0,0.41254,0.20136,1,1,0,1.402344
3,3,70,1,38,-1,0,0.92096,0.2838,0,4,1,1.132813
3,3,70,1,39,0,0,0.64722,0.4985,1,1,0,2.566406
3,3,70,1,40,-1,0,0.72518,0.14939,0,1,1,1.46875
3,3,70,1,41,-1,0,0.79652,0.14522,0,4,1,1.070313
3,3,70,1,42,0,1,0.45733,0.92979,0,1,0,2.792969
3,3,70,1,43,-1,0,0.90873,0.8147,0,1,1,1.25
3,3,70,1,44,0,1,0.46976,0.89712,1,1,1,2.832031
3,3,70,1,45,1,1,0.12967,0.80446,1,4,1,1.179688
3,3,70,1,46,-1,0,0.72143,0.23112,0,4,1,1.34375
3,3,70,1,47,-1,0,0.8406,0.40206,0,4,1,0.921875
3,3,70,1,48,1,1,0.14132,0.86956,1,4,1,1.179688
3,3,70,1,49,-1,0,0.97995,0.48298,0,4,1,1.332031
3,3,70,1,50,0,1,0.33241,0.51718,0,1,0,1.761719
3,4,80,2,1,0,0,0.61004,0.10668,0,1,1,2.003906
3,4,80,2,2,1,1,0.074232,0.28745,1,3,1,1.53125
3,4,80,2,3,-1,0,0.97975,0.34571,0,3,1,1.03125
3,4,80,2,4,0,0,0.78045,0.057578,0,1,1,1.820313
3,4,80,2,5,0,1,0.20403,0.80321,0,1,0,2.277344
3,4,80,2,6,-1,0,0.85217,0.55645,0,3,1,1.488281
3,4,80,2,7,0,1,0.47179,0.74818,0,1,0,2.050781
3,4,80,2,8,-1,0,0.90503,0.755,0,4,1,1.011719
3,4,80,2,9,0,0,0.46185,0.31023,0,1,1,3.863281
3,4,80,2,10,1,1,0.012077,0.83421,1,4,1,1.285156
3,4,80,2,11,0,1,0.27861,0.43365,1,1,1,1.742188
3,4,80,2,12,0,0,0.51655,0.23286,1,1,0,3.125
3,4,80,2,13,0,0,0.50437,0.27721,1,1,0,2.054688
3,4,80,2,14,0,0,0.74842,0.15766,1,1,0,2.082031
3,4,80,2,15,-1,0,0.8871,0.46238,0,3,1,1.285156
3,4,80,2,16,-1,0,0.92442,0.0066579,0,4,1,1.101563
3,4,80,2,17,0,0,0.78019,0.31709,0,1,1,1.710938
3,4,80,2,18,0,0,0.28413,0.2238,0,1,1,1.304688
3,4,80,2,19,0,1,0.51088,0.68081,1,1,1,1.570313
3,4,80,2,20,0,1,0.36994,0.565,0,1,0,1.421875
3,4,80,2,21,0,1,0.30715,0.94517,0,1,0,1.832031
3,4,80,2,22,1,1,0.12514,0.59126,1,3,1,1.5
3,4,80,2,23,0,1,0.56969,0.7605,0,1,0,3.386719
3,4,80,2,24,0,0,0.75035,0.079323,0,1,1,1.453125
3,4,80,2,25,0,1,0.65815,0.98128,0,1,0,1.496094
3,4,80,2,26,0,1,0.31833,0.64605,1,1,1,1.964844
3,4,80,2,27,1,0,0.19428,0.11013,1,3,0,1.140625
3,4,80,2,28,0,0,0.38677,0.27587,1,1,0,3.628906
3,4,80,2,29,1,1,0.10983,0.64874,1,3,1,1.160156
3,4,80,2,30,0,1,0.22907,0.72841,0,1,0,2.335938
3,4,80,2,31,0,1,0.43123,0.5974,1,1,1,1.171875
3,4,80,2,32,0,0,0.31566,0.016397,0,2,1,4.796875
3,4,80,2,33,0,0,0.47484,0.20377,1,2,0,2.132813
3,4,80,2,34,0,0,0.3412,0.12615,1,1,0,1.363281
3,4,80,2,35,-1,0,0.84087,0.77416,0,3,1,1.394531
3,4,80,2,36,0,1,0.31663,0.3428,0,1,0,1.785156
3,4,80,2,37,0,0,0.28997,0.26566,0,1,1,1.632813
3,4,80,2,38,0,0,0.65568,0.43037,1,1,0,1.46875
3,4,80,2,39,0,1,0.37103,0.69344,1,1,1,1.242188
3,4,80,2,40,1,1,0.008478,0.12745,1,3,1,1.210938
3,4,80,2,41,-1,0,0.81963,0.81376,0,3,1,1.371094
3,4,80,2,42,0,0,0.57752,0.022986,1,1,0,3.765625
3,4,80,2,43,0,1,0.35092,0.45442,1,1,1,1.460938
3,4,80,2,44,1,1,0.12655,0.39363,1,3,1,1.222656
3,4,80,2,45,0,0,0.46658,0.25161,0,1,1,2.332031
3,4,80,2,46,0,0,0.56625,0.033008,1,1,0,1.523438
3,4,80,2,47,1,1,0.025768,0.76394,1,4,1,1.179688
3,4,80,2,48,0,0,0.60184,0.57004,0,1,1,1.859375
3,4,80,2,49,0,1,0.57863,0.90088,0,1,0,3.867188
3,4,80,2,50,0,1,0.59515,0.84322,0,1,0,1.605469
3,5,90,4,1,0,0,0.41089,0.16896,0,2,1,3.875
3,5,90,4,2,0,1,0.15791,0.83668,0,2,0,2.234375
3,5,90,4,3,0,0,0.68143,0.2562,1,2,0,2.402344
3,5,90,4,4,1,1,0.066696,0.1721,1,2,1,2.042969
3,5,90,4,5,0,1,0.17896,0.38434,1,2,1,1.730469
3,5,90,4,6,0,0,0.71189,0.51068,0,1,1,2.105469
3,5,90,4,7,0,0,0.39475,0.25066,0,1,1,3.464844
3,5,90,4,8,0,1,0.2409,0.51105,1,1,1,1.703125
3,5,90,4,9,0,1,0.51622,0.7633,1,1,1,1.351563
3,5,90,4,10,0,0,0.74936,0.67034,0,1,1,1.53125
3,5,90,4,11,0,1,0.10388,0.47297,0,2,0,1.320313
3,5,90,4,12,1,1,0.057037,0.16798,1,4,1,1.285156
3,5,90,4,13,0,0,0.81935,0.70488,1,2,0,1.765625
3,5,90,4,14,0,0,0.5281,0.18878,0,1,1,1.171875
3,5,90,4,15,1,1,0.036707,0.71416,1,4,1,1.261719
3,5,90,4,16,0,0,0.88523,0.68254,0,1,1,2.78125
3,5,90,4,17,0,1,0.71038,0.82293,0,2,0,1.332031
3,5,90,4,18,0,1,0.24966,0.85548,1,2,1,1.625
3,5,90,4,19,1,0,0.091347,0.016486,1,2,0,1.292969
3,5,90,4,20,0,1,0.53898,0.54158,1,1,1,3.625
3,5,90,4,21,0,1,0.87348,0.90972,0,1,0,2.851563
3,5,90,4,22,0,0,0.36776,0.19597,0,1,1,3.789063
3,5,90,4,23,0,0,0.54536,0.26802,1,1,0,2.464844
3,5,90,4,24,0,1,0.6127,0.92735,1,1,1,3.125
3,5,90,4,25,0,1,0.17107,0.96419,0,1,0,2.457031
3,5,90,4,26,-1,1,0.91976,0.93999,0,3,0,1.601563
3,5,90,4,27,1,1,0.041728,0.23006,1,3,1,1.339844
3,5,90,4,28,0,0,0.82879,0.61589,0,1,1,2.207031
3,5,90,4,29,-1,0,0.90772,0.39188,0,3,1,1.621094
3,5,90,4,30,0,0,0.83614,0.74994,1,2,0,1.8125
3,5,90,4,31,0,1,0.74887,0.98861,1,2,1,2.59375
3,5,90,4,32,0,1,0.13461,0.76829,0,2,0,1.664063
3,5,90,4,33,-1,0,0.98794,0.7427,0,2,1,1.402344
3,5,90,4,34,0,1,0.65129,0.7343,1,2,1,2.371094
3,5,90,4,35,1,1,0.085546,0.23816,1,3,1,1.570313
3,5,90,4,36,0,0,0.51681,0.082429,0,3,1,1.773438
3,5,90,4,37,0,0,0.84067,0.71858,0,2,1,2.835938
3,5,90,4,38,0,1,0.19291,0.85534,1,2,1,1.503906
3,5,90,4,39,0,1,0.50651,0.81185,1,3,1,1.523438
3,5,90,4,40,-1,0,0.99636,0.56559,0,4,1,1.460938
3,5,90,4,41,0,1,0.29834,0.77105,1,3,1,1.960938
3,5,90,4,42,0,0,0.71362,0.30722,1,3,0,0.9609375
3,5,90,4,43,-1,0,0.92031,0.2565,0,4,1,1.320313
3,5,90,4,44,0,0,0.80354,0.23093,1,2,0,1.332031
3,5,90,4,45,0,0,0.77507,0.21041,0,1,1,1.144531
3,5,90,4,46,0,1,0.32999,0.99141,0,1,0,3.457031
3,5,90,4,47,1,1,0.070206,0.6907,1,4,1,1.140625
3,5,90,4,48,0,1,0.12094,0.98228,1,2,1,3.101563
3,5,90,4,49,0,1,0.68428,0.70429,1,2,1,1.46875
3,5,90,4,50,0,1,0.19898,0.64731,0,1,0,2.175781
3,6,100,3,1,0,1,0.25606,0.75791,0,1,0,5.738281
3,6,100,3,2,0,1,0.63057,0.87476,0,1,0,3.605469
3,6,100,3,3,0,1,0.36248,0.4303,0,1,0,2.105469
3,6,100,3,4,0,1,0.54686,0.57207,1,1,1,1.289063
3,6,100,3,5,0,0,0.4212,0.25865,1,1,0,1.804688
3,6,100,3,6,0,0,0.75019,0.63549,0,1,1,1.664063
3,6,100,3,7,0,1,0.50556,0.68778,1,1,1,1.792969
3,6,100,3,8,0,0,0.78484,0.78095,0,2,1,1.332031
3,6,100,3,9,0,1,0.21086,0.83707,1,2,1,1.734375
3,6,100,3,10,0,1,0.177,0.88681,0,3,0,1.550781
3,6,100,3,11,0,0,0.44177,0.03551,1,3,0,1.390625
3,6,100,3,12,0,1,0.041755,0.65507,0,2,0,1.273438
3,6,100,3,13,0,0,0.43643,0.40222,0,2,1,2.945313
3,6,100,3,14,0,1,0.34206,0.89338,1,1,1,1.832031
3,6,100,3,15,0,1,0.24216,0.35575,0,1,0,2.0625
3,6,100,3,16,0,1,0.56524,0.67415,0,1,0,1.230469
3,6,100,3,17,0,0,0.92189,0.88686,0,1,1,2.183594
3,6,100,3,18,0,0,0.73801,0.020375,0,2,1,1.34375
3,6,100,3,19,0,0,0.99719,0.40982,1,2,0,1.410156
3,6,100,3,20,0,0,0.95441,0.90413,1,1,0,1.511719
3,6,100,3,21,0,1,0.28583,0.42534,1,1,1,1.292969
3,6,100,3,22,0,0,0.74469,0.43394,1,2,0,1.441406
3,6,100,3,23,0,0,0.9998,0.55277,0,1,1,1.601563
3,6,100,3,24,0,1,0.19173,0.94133,0,2,0,1.53125
3,6,100,3,25,0,1,0.27444,0.72576,1,2,1,1.28125
3,6,100,3,26,0,1,0.34867,0.85261,1,2,1,1.589844
3,6,100,3,27,0,1,0.0040594,0.55346,1,3,1,1.492188
3,6,100,3,28,0,1,0.084307,0.59091,0,2,0,0.9023438
3,6,100,3,29,0,1,0.40028,0.59464,1,2,1,1.371094
3,6,100,3,30,0,1,0.35275,0.51531,1,2,1,1.542969
3,6,100,3,31,0,0,0.76521,0.68374,1,3,0,1.523438
3,6,100,3,32,0,1,0.39072,0.57508,0,2,0,1.589844
3,6,100,3,33,0,1,0.26162,0.426,1,2,1,1.328125
3,6,100,3,34,0,0,0.92116,0.47768,1,2,0,1.253906
3,6,100,3,35,0,1,0.18137,0.73472,0,2,0,1.371094
3,6,100,3,36,0,0,0.76474,0.35607,1,2,0,1.203125
3,6,100,3,37,0,1,0.22944,0.58272,0,2,0,1.105469
3,6,100,3,38,0,0,0.5356,0.17395,0,2,1,1.382813
3,6,100,3,39,0,1,0.59042,0.67372,1,2,1,1.261719
3,6,100,3,40,0,0,0.61647,0.56708,0,2,1,1.011719
3,6,100,3,41,0,1,0.42481,0.95152,1,2,1,1.351563
3,6,100,3,42,0,0,0.83807,0.26722,0,2,1,1.171875
3,6,100,3,43,0,1,0.52116,0.77622,1,2,1,1.414063
3,6,100,3,44,0,1,0.83144,0.84865,0,3,0,1.199219
3,6,100,3,45,0,0,0.59375,0.16392,0,2,1,1.089844
3,6,100,3,46,0,0,0.57666,0.34439,1,2,0,1.121094
3,6,100,3,47,0,1,0.41246,0.69062,0,2,0,1.199219
3,6,100,3,48,0,1,0.19918,0.50486,1,2,1,1.472656
3,6,100,3,49,0,1,0.014277,0.41695,1,2,1,1.972656
3,6,100,3,50,0,0,0.87553,0.30613,1,2,0,1.171875
4,1,50,6,1,-1,0,0.84389,0.27048,0,1,1,1.382813
4,1,50,6,2,1,1,0.068256,0.076456,1,2,1,1.300781
4,1,50,6,3,1,1,0.17318,0.19056,1,2,1,1.058594
4,1,50,6,4,1,1,0.10524,0.24062,1,4,1,1.371094
4,1,50,6,5,-1,0,0.63427,0.43689,0,5,1,1.054688
4,1,50,6,6,-1,0,0.79514,0.17725,0,5,1,1.050781
4,1,50,6,7,1,0,0.23254,0.16085,1,5,0,0.9140625
4,1,50,6,8,1,0,0.45292,0.15389,1,5,0,1.3125
4,1,50,6,9,1,0,0.42407,0.078132,1,4,0,1.019531
4,1,50,6,10,-1,0,0.95249,0.54491,0,3,1,1.292969
4,1,50,6,11,-1,0,0.99009,0.085772,0,3,1,0.984375
4,1,50,6,12,-1,0,0.71914,0.38441,0,4,1,1.300781
4,1,50,6,13,-1,0,0.90643,0.47272,0,4,1,1.152344
4,1,50,6,14,-1,0,0.82199,0.46804,0,4,1,1.121094
4,1,50,6,15,-1,1,0.6605,0.87716,0,4,0,1.183594
4,1,50,6,16,-1,1,0.77744,0.99793,0,4,0,1.203125
4,1,50,6,17,1,1,0.23384,0.44881,1,3,1,1.03125
4,1,50,6,18,1,1,0.46683,0.5663,1,3,1,1.183594
4,1,50,6,19,-1,0,0.93048,0.61035,0,3,1,0.9882813
4,1,50,6,20,1,0,0.22357,0.16288,1,3,0,1.113281
4,1,50,6,21,-1,0,0.864,0.51995,0,4,1,1.402344
4,1,50,6,22,-1,0,0.83118,0.69751,0,3,1,1.28125
4,1,50,6,23,1,1,0.43283,0.71277,1,3,1,0.8320313
4,1,50,6,24,1,0,0.26834,0.22358,1,3,0,1.082031
4,1,50,6,25,-1,0,0.62038,0.30218,0,4,1,0.8984375
4,1,50,6,26,1,0,0.14589,0.11185,1,3,0,1.03125
4,1,50,6,27,-1,1,0.71437,0.71518,0,3,0,1.78125
4,1,50,6,28,-1,0,0.72944,0.54979,0,4,1,1.921875
4,1,50,6,29,-1,0,0.94093,0.3002,0,3,1,1.421875
4,1,50,6,30,1,1,0.19044,0.63588,1,4,1,0.828125
4,1,50,6,31,-1,1,0.63378,0.82434,0,3,0,1.429688
4,1,50,6,32,1,1,0.0082458,0.82592,1,4,1,1.121094
4,1,50,6,33,1,1,0.49379,0.66868,1,4,1,1.101563
4,1,50,6,34,-1,1,0.68953,0.94688,0,3,0,1.074219
4,1,50,6,35,1,1,0.084857,0.49704,1,4,1,1.449219
4,1,50,6,36,1,1,0.31545,0.96497,1,3,1,1.007813
4,1,50,6,37,-1,0,0.79886,0.52175,0,4,1,0.96875
4,1,50,6,38,-1,0,0.9958,0.035028,0,4,1,0.9804688
4,1,50,6,39,1,0,0.13512,0.12559,1,4,0,1.039063
4,1,50,6,40,1,1,0.47183,0.49221,1,4,1,1.019531
4,1,50,6,41,-1,0,0.53051,0.19299,0,4,1,1.042969
4,1,50,6,42,1,1,0.29029,0.38455,1,4,1,1.761719
4,1,50,6,43,1,1,0.12655,0.85746,1,4,1,1.472656
4,1,50,6,44,1,1,0.36669,0.73776,1,3,1,1.523438
4,1,50,6,45,-1,0,0.94356,0.061181,0,5,1,1.050781
4,1,50,6,46,1,1,0.15222,0.40502,1,5,1,1.050781
4,1,50,6,47,-1,0,0.95569,0.31697,0,4,1,1.011719
4,1,50,6,48,-1,0,0.93165,0.084672,0,5,1,2.402344
4,1,50,6,49,1,0,0.31647,0.035387,1,5,0,1.203125
4,1,50,6,50,1,1,0.43347,0.75307,1,5,1,1.042969
4,2,60,5,1,1,1,0.046886,0.5448,1,1,1,7.96875
4,2,60,5,2,1,1,0.16502,0.2789,1,2,1,1.179688
4,2,60,5,3,-1,0,0.85984,0.50957,0,2,1,1.121094
4,2,60,5,4,1,1,0.19766,0.78575,1,5,1,0.9609375
4,2,60,5,5,1,1,0.12292,0.43269,1,5,1,1.183594
4,2,60,5,6,1,0,0.39344,0.087126,1,5,0,0.953125
4,2,60,5,7,-1,0,0.9631,0.076186,0,4,1,1.058594
4,2,60,5,8,0,1,0.50992,0.84501,1,1,1,1.601563
4,2,60,5,9,1,1,0.38146,0.53064,1,5,1,1.203125
4,2,60,5,10,0,1,0.58435,0.59662,1,1,1,1.863281
4,2,60,5,11,-1,0,0.69909,0.14754,0,4,1,1.082031
4,2,60,5,12,1,0,0.14412,0.11753,1,5,0,1.121094
4,2,60,5,13,0,1,0.4074,0.62306,0,1,0,1.652344
4,2,60,5,14,-1,0,0.85847,0.5944,0,5,1,1.3125
4,2,60,5,15,-1,0,0.84064,0.48173,0,5,1,0.9726563
4,2,60,5,16,-1,0,0.90971,0.44213,0,5,1,1.183594
4,2,60,5,17,1,1,0.34226,0.84669,1,5,1,1.375
4,2,60,5,18,1,1,0.1822,0.77057,1,5,1,1.09375
4,2,60,5,19,-1,1,0.67856,0.93024,0,5,0,1.195313
4,2,60,5,20,1,1,0.33664,0.57912,1,4,1,1.230469
4,2,60,5,21,0,0,0.54839,0.34687,1,1,0,2.402344
4,2,60,5,22,1,0,0.19039,0.09767,1,5,0,1.503906
4,2,60,5,23,0,0,0.43633,0.16398,0,1,1,1.992188
4,2,60,5,24,0,1,0.44069,0.961,1,1,1,1.472656
4,2,60,5,25,-1,0,0.98243,0.39329,0,5,1,1.0625
4,2,60,5,26,-1,0,0.81777,0.13901,0,4,1,1.304688
4,2,60,5,27,-1,0,0.6959,0.45352,0,5,1,1.070313
4,2,60,5,28,1,1,0.37435,0.97264,1,5,1,1.121094
4,2,60,5,29,0,1,0.57408,0.99374,1,1,1,1.375
4,2,60,5,30,0,0,0.5085,0.48355,0,1,1,2.472656
4,2,60,5,31,-1,0,0.99197,0.52601,0,5,1,1.160156
4,2,60,5,32,1,0,0.35541,0.19514,1,4,0,1.042969
4,2,60,5,33,0,1,0.4012,0.41064,1,2,1,1.300781
4,2,60,5,34,0,0,0.53977,0.49485,1,2,0,1.089844
4,2,60,5,35,-1,0,0.83339,0.23625,0,5,1,1.195313
4,2,60,5,36,-1,0,0.65375,0.11861,0,5,1,1.664063
4,2,60,5,37,0,1,0.47583,0.70559,1,2,1,2.445313
4,2,60,5,38,1,1,0.079535,0.89468,1,5,1,1.332031
4,2,60,5,39,-1,0,0.9795,0.44185,0,5,1,1.25
4,2,60,5,40,1,0,0.15188,0.095518,1,5,0,1.304688
4,2,60,5,41,0,0,0.40262,0.21881,1,2,0,1.511719
4,2,60,5,42,-1,1,0.63637,0.99594,0,5,0,0.9414063
4,2,60,5,43,-1,0,0.79402,0.63355,0,4,1,1.042969
4,2,60,5,44,0,1,0.51328,0.62113,1,2,1,1.769531
4,2,60,5,45,1,0,0.088951,0.0092408,1,5,0,1.664063
4,2,60,5,46,1,1,0.17315,0.40168,1,4,1,1.152344
4,2,60,5,47,0,0,0.50904,0.22195,0,1,1,1.851563
4,2,60,5,48,1,1,0.24611,0.44049,1,4,1,1.113281
4,2,60,5,49,1,1,0.093664,0.33614,1,5,1,0.9921875
4,2,60,5,50,-1,0,0.98966,0.77396,0,4,1,1.078125
4,3,70,4,1,0,0,0.58631,0.4161,0,1,1,1.664063
4,3,70,4,2,-1,0,0.74645,0.21346,0,1,1,1.621094
4,3,70,4,3,-1,0,0.79875,0.54632,0,2,1,1.332031
4,3,70,4,4,-1,0,0.80847,0.069596,0,3,1,1.453125
4,3,70,4,5,-1,0,0.74956,0.30554,0,4,1,1.121094
4,3,70,4,6,1,1,0.13773,0.3008,1,5,1,1.222656
4,3,70,4,7,1,1,0.20039,0.31268,1,5,1,0.9804688
4,3,70,4,8,-1,0,0.89238,0.56465,0,5,1,0.8984375
4,3,70,4,9,1,1,0.13755,0.96939,1,5,1,1.140625
4,3,70,4,10,0,1,0.35188,0.93999,1,1,1,1.492188
4,3,70,4,11,-1,0,0.81662,0.065023,0,5,1,1.269531
4,3,70,4,12,1,1,0.1408,0.41782,1,5,1,1.101563
4,3,70,4,13,1,1,0.025775,0.64531,1,5,1,1.109375
4,3,70,4,14,-1,0,0.95264,0.48363,0,5,1,1.222656
4,3,70,4,15,0,1,0.59929,0.8167,1,1,1,1.933594
4,3,70,4,16,1,1,0.095234,0.93742,1,5,1,0.9140625
4,3,70,4,17,-1,1,0.71381,0.78225,0,5,0,1.210938
4,3,70,4,18,0,0,0.65071,0.38789,1,1,0,1.890625
4,3,70,4,19,0,1,0.41102,0.61241,0,1,0,1.410156
4,3,70,4,20,1,1,0.0028204,0.31009,1,5,1,1.070313
4,3,70,4,21,1,1,0.22291,0.61614,1,5,1,0.984375
4,3,70,4,22,0,0,0.41576,0.10941,1,2,0,2.945313
4,3,70,4,23,0,0,0.60818,0.41112,1,1,0,1.910156
4,3,70,4,24,1,1,0.21088,0.31074,1,5,1,1.292969
4,3,70,4,25,-1,0,0.84884,0.32205,0,5,1,1.300781
4,3,70,4,26,-1,0,0.9402,0.90337,0,5,1,1.109375
4,3,70,4,27,1,0,0.22342,0.059168,1,5,0,1.042969
4,3,70,4,28,1,1,0.034348,0.22958,1,4,1,1.140625
4,3,70,4,29,0,1,0.45734,0.86185,0,1,0,2.101563
4,3,70,4,30,0,1,0.35968,0.79161,0,1,0,1.871094
4,3,70,4,31,-1,0,0.71472,0.01147,0,4,1,1.300781
4,3,70,4,32,1,1,0.24875,0.48712,1,5,1,1.113281
4,3,70,4,33,0,0,0.64949,0.64645,0,1,1,1.984375
4,3,70,4,34,-1,0,0.8041,0.80331,0,5,1,1.78125
4,3,70,4,35,0,1,0.32178,0.91686,1,1,1,2.207031
4,3,70,4,36,-1,0,0.76905,0.57741,0,5,1,2.082031
4,3,70,4,37,1,1,0.0067019,0.56381,1,5,1,1.121094
4,3,70,4,38,1,0,0.23798,0.056661,1,5,0,1.292969
4,3,70,4,39,1,1,0.094853,0.47281,1,4,1,1.070313
4,3,70,4,40,1,0,0.26476,0.25308,1,4,0,0.9414063
4,3,70,4,41,0,0,0.41317,0.26565,1,1,0,2.765625
4,3,70,4,42,1,0,0.1947,0.097173,1,4,0,1.320313
4,3,70,4,43,0,1,0.34792,0.88029,0,1,0,1.542969
4,3,70,4,44,1,1,0.081982,0.40081,1,4,1,0.921875
4,3,70,4,45,1,0,0.28116,0.23338,1,5,0,1.152344
4,3,70,4,46,1,1,0.083424,0.45603,1,4,1,1.132813
4,3,70,4,47,-1,0,0.78198,0.37515,0,4,1,1.132813
4,3,70,4,48,1,1,0.19048,0.90118,1,4,1,1.0625
4,3,70,4,49,0,0,0.46219,0.22674,1,1,0,1.761719
4,3,70,4,50,0,1,0.35871,0.96246,0,1,0,1.59375
4,4,80,2,1,0,1,0.70478,0.82138,1,1,1,1.535156
4,4,80,2,2,0,1,0.51203,0.52504,1,1,1,1.8125
4,4,80,2,3,1,0,0.16576,0.14681,1,2,0,3.117188
4,4,80,2,4,-1,0,0.91851,0.56483,0,2,1,3.355469
4,4,80,2,5,0,1,0.58145,0.76077,1,1,1,1.359375
4,4,80,2,6,-1,0,0.98307,0.56736,0,2,1,1.523438
4,4,80,2,7,0,1,0.39286,0.49254,1,1,1,1.28125
4,4,80,2,8,-1,1,0.84071,0.88805,0,2,0,2.054688
4,4,80,2,9,0,1,0.27498,0.49036,1,1,1,1.453125
4,4,80,2,10,0,0,0.76556,0.40914,0,1,1,1.511719
4,4,80,2,11,0,0,0.67783,0.44882,0,1,1,1.632813
4,4,80,2,12,0,0,0.58898,0.37525,1,1,0,1.253906
4,4,80,2,13,1,1,0.18289,0.94211,1,2,1,2.164063
4,4,80,2,14,-1,1,0.91951,0.97058,0,2,0,1.570313
4,4,80,2,15,0,1,0.38669,0.83399,1,1,1,2.144531
4,4,80,2,16,0,1,0.74685,0.75349,1,1,1,3.863281
4,4,80,2,17,1,1,0.11368,0.94682,1,1,1,1.746094
4,4,80,2,18,0,1,0.26143,0.56249,1,1,1,2.34375
4,4,80,2,19,0,0,0.61628,0.056122,1,1,0,3.144531
4,4,80,2,20,-1,0,0.92331,0.45263,0,2,1,1.734375
4,4,80,2,21,0,0,0.77887,0.69783,1,1,0,2.214844
4,4,80,2,22,0,1,0.71258,0.90677,1,1,1,1.914063
4,4,80,2,23,0,0,0.61783,0.19849,0,1,1,1.882813
4,4,80,2,24,0,1,0.59611,0.64339,1,1,1,1.769531
4,4,80,2,25,1,1,0.12477,0.26569,1,3,1,2.023438
4,4,80,2,26,0,0,0.59614,0.43119,0,1,1,1.824219
4,4,80,2,27,-1,0,0.97305,0.17621,0,3,1,1.761719
4,4,80,2,28,0,0,0.33069,0.16606,0,1,1,2.675781
4,4,80,2,29,-1,0,0.98504,0.34997,0,3,1,2.054688
4,4,80,2,30,0,0,0.69093,0.55515,0,1,1,2.125
4,4,80,2,31,-1,0,0.93057,0.13669,0,4,1,2.183594
4,4,80,2,32,0,0,0.51555,0.43325,0,1,1,4.277344
4,4,80,2,33,0,1,0.39754,0.65631,1,1,1,1.652344
4,4,80,2,34,0,0,0.52662,0.29205,1,1,0,2.011719
4,4,80,2,35,0,0,0.75743,0.29887,1,1,0,1.671875
4,4,80,2,36,0,1,0.75688,0.76415,1,1,1,2.164063
4,4,80,2,37,0,0,0.38494,0.15925,0,1,1,3.285156
4,4,80,2,38,0,0,0.52898,0.1498,1,1,0,2.375
4,4,80,2,39,-1,0,0.98748,0.65968,0,4,1,1.0625
4,4,80,2,40,-1,0,0.98388,0.015895,0,2,1,1.703125
4,4,80,2,41,-1,0,0.8695,0.62552,0,4,1,1.058594
4,4,80,2,42,-1,0,0.86029,0.27792,0,4,1,1.304688
4,4,80,2,43,0,1,0.56383,0.88285,0,1,0,2.292969
4,4,80,2,44,0,0,0.57481,0.019443,1,1,0,1.242188
4,4,80,2,45,0,1,0.33124,0.62364,1,1,1,3.457031
4,4,80,2,46,0,1,0.66568,0.81052,1,1,1,1.421875
4,4,80,2,47,0,0,0.74143,0.61795,0,1,1,1.304688
4,4,80,2,48,0,0,0.55252,0.245,1,1,0,2.40625
4,4,80,2,49,1,1,0.010077,0.024513,1,4,1,1.378906
4,4,80,2,50,0,0,0.50296,0.20524,1,1,0,2.390625
4,5,90,1,1,0,0,0.38748,0.14014,1,1,0,3.253906
4,5,90,1,2,0,1,0.58682,0.91855,0,1,0,3.042969
4,5,90,1,3,0,0,0.29547,0.03276,1,1,0,3.367188
4,5,90,1,4,0,0,0.76529,0.49063,1,1,0,2.863281
4,5,90,1,5,1,1,0.02819,0.66194,1,2,1,3.183594
4,5,90,1,6,0,1,0.11136,0.12141,0,1,0,2.824219
4,5,90,1,7,0,0,0.38124,0.25988,1,1,0,1.914063
4,5,90,1,8,0,1,0.21797,0.48883,0,1,0,2.011719
4,5,90,1,9,0,0,0.87166,0.44562,0,1,1,2.777344
4,5,90,1,10,0,0,0.54791,0.10594,1,1,0,1.871094
4,5,90,1,11,0,1,0.34911,0.75317,0,1,0,1.621094
4,5,90,1,12,0,1,0.48218,0.56921,1,1,1,1.730469
4,5,90,1,13,0,0,0.77903,0.01928,0,1,1,2.03125
4,5,90,1,14,0,0,0.33044,0.20068,1,1,0,1.933594
4,5,90,1,15,0,0,0.47739,0.2439,0,1,1,2.164063
4,5,90,1,16,0,0,0.65376,0.018164,1,1,0,2.09375
4,5,90,1,17,0,1,0.14983,0.6672,1,1,1,2.796875
4,5,90,1,18,0,0,0.6545,0.42803,1,1,0,1.773438
4,5,90,1,19,0,0,0.53282,0.40646,0,1,1,1.882813
4,5,90,1,20,1,1,0.044339,0.86679,1,2,1,1.410156
4,5,90,1,21,0,1,0.57914,0.82326,0,1,0,1.691406
4,5,90,1,22,0,1,0.45655,0.5465,1,1,1,3.015625
4,5,90,1,23,0,0,0.86872,0.3707,0,1,1,2.203125
4,5,90,1,24,0,0,0.6332,0.34452,1,1,0,2.5625
4,5,90,1,25,0,0,0.56814,0.060704,0,1,1,1.894531
4,5,90,1,26,0,1,0.55468,0.71587,1,1,1,1.492188
4,5,90,1,27,0,1,0.72981,0.81269,0,1,0,2.042969
4,5,90,1,28,0,1,0.14936,0.16389,1,1,1,1.359375
4,5,90,1,29,0,1,0.36715,0.7901,0,1,0,1.613281
4,5,90,1,30,0,1,0.24834,0.50839,1,1,1,1.542969
4,5,90,1,31,0,1,0.4164,0.79366,0,1,0,1.652344
4,5,90,1,32,1,1,0.016806,0.62205,1,3,1,1.179688
4,5,90,1,33,0,1,0.21736,0.51763,0,1,0,1.652344
4,5,90,1,34,-1,0,0.9385,0.72549,0,5,1,1.652344
4,5,90,1,35,-1,0,0.98854,0.47398,0,5,1,1.152344
4,5,90,1,36,0,0,0.84431,0.54263,1,1,0,1.230469
4,5,90,1,37,0,0,0.65206,0.030463,0,1,1,0.9726563
4,5,90,1,38,0,0,0.46214,0.16572,1,1,0,2.164063
4,5,90,1,39,-1,1,0.93731,0.97499,0,5,0,1.285156
4,5,90,1,40,1,1,0.016106,0.61007,1,4,1,1.414063
4,5,90,1,41,0,1,0.5495,0.69868,0,1,0,1.445313
4,5,90,1,42,1,1,0.0095931,0.8489,1,4,1,1.011719
4,5,90,1,43,-1,0,0.93794,0.64118,0,4,1,1.371094
4,5,90,1,44,0,0,0.85591,0.68531,1,1,0,1.390625
4,5,90,1,45,0,0,0.44493,0.32259,0,1,1,1.683594
4,5,90,1,46,0,0,0.589,0.27114,1,1,0,1.574219
4,5,90,1,47,0,1,0.23229,0.35473,1,1,1,0.9648438
4,5,90,1,48,0,1,0.40466,0.45777,0,1,0,1.460938
4,5,90,1,49,0,1,0.10679,0.72285,1,1,1,1.402344
4,5,90,1,50,0,0,0.51371,0.2598,0,1,1,1.574219
4,6,100,3,1,0,0,0.84612,0.78401,0,1,1,1.75
4,6,100,3,2,0,0,0.47841,0.020082,0,1,1,1.773438
4,6,100,3,3,0,0,0.30285,0.11119,1,1,0,1.902344
4,6,100,3,4,0,1,0.49019,0.68493,1,1,1,4.996094
4,6,100,3,5,0,0,0.82036,0.071426,1,1,0,1.664063
4,6,100,3,6,0,1,0.57713,0.79274,0,1,0,1.640625
4,6,100,3,7,0,1,0.58776,0.79684,1,1,1,1.929688
4,6,100,3,8,0,0,0.727,0.42531,0,1,1,2.082031
4,6,100,3,9,0,0,0.89645,0.77504,0,1,1,1.363281
4,6,100,3,10,0,0,0.050516,0.0093002,1,1,0,1.53125
4,6,100,3,11,0,1,0.023082,0.51768,0,1,0,1.832031
4,6,100,3,12,0,0,0.93001,0.73413,1,1,0,1.3125
4,6,100,3,13,0,0,0.78537,0.25024,1,1,0,1.601563
4,6,100,3,14,0,0,0.6896,0.64848,0,1,1,1.363281
4,6,100,3,15,0,1,0.24338,0.91289,0,1,0,1.53125
4,6,100,3,16,0,1,0.094756,0.83041,1,1,1,1.472656
4,6,100,3,17,0,1,0.22175,0.31895,1,1,1,1.613281
4,6,100,3,18,0,1,0.44962,0.46431,1,1,1,2.101563
4,6,100,3,19,0,1,0.40918,0.77898,1,1,1,1.53125
4,6,100,3,20,0,1,0.41505,0.73598,0,1,0,1.601563
4,6,100,3,21,0,1,0.29279,0.49869,0,1,0,1.460938
4,6,100,3,22,0,0,0.32946,0.20514,1,1,0,1.851563
4,6,100,3,23,0,1,0.11614,0.57699,1,1,1,1.5625
4,6,100,3,24,0,1,0.33615,0.47111,0,1,0,1.261719
4,6,100,3,25,0,0,0.73817,0.38612,1,1,0,1.0625
4,6,100,3,26,0,0,0.88711,0.59411,0,1,1,2.523438
4,6,100,3,27,0,0,0.78054,0.5175,0,1,1,2.214844
4,6,100,3,28,0,1,0.19883,0.24405,1,1,1,3.347656
4,6,100,3,29,0,0,0.49907,0.28993,1,1,0,1.921875
4,6,100,3,30,0,1,0.44688,0.7395,1,1,1,4.003906
4,6,100,3,31,0,0,0.49064,0.20035,1,1,0,1.753906
4,6,100,3,32,0,0,0.40522,0.087623,0,1,1,1.472656
4,6,100,3,33,0,0,0.97203,0.83042,0,1,1,1.613281
4,6,100,3,34,0,1,0.45056,0.51438,1,1,1,1.933594
4,6,100,3,35,0,1,0.48551,0.82022,1,1,1,1.992188
4,6,100,3,36,0,1,0.30217,0.62842,1,1,1,1.851563
4,6,100,3,37,0,0,0.33569,0.11677,1,2,0,1.714844
4,6,100,3,38,0,1,0.001639,0.8688,1,1,1,1.804688
4,6,100,3,39,0,0,0.63134,0.29942,1,2,0,1.230469
4,6,100,3,40,0,0,0.67234,0.36961,1,2,0,1.363281
4,6,100,3,41,0,1,0.36765,0.81339,0,1,0,1.792969
4,6,100,3,42,0,1,0.37854,0.96803,1,1,1,1.011719
4,6,100,3,43,0,1,0.29985,0.61507,1,2,1,1.472656
4,6,100,3,44,0,1,0.14264,0.28956,1,3,1,0.8398438
4,6,100,3,45,0,1,0.01207,0.36044,1,2,1,1.261719
4,6,100,3,46,0,0,0.42302,0.23386,1,3,0,1.902344
4,6,100,3,47,0,0,0.84703,0.77787,1,3,0,0.7773438
4,6,100,3,48,0,1,0.40704,0.43493,0,2,0,1.773438
4,6,100,3,49,0,1,0.1364,0.84195,1,2,1,1.402344
4,6,100,3,50,0,1,0.2562,0.26334,1,2,1,1.304688
5,1,50,2,1,-1,1,0.6265,0.74072,0,4,0,1.160156
5,1,50,2,2,1,0,0.28738,0.042332,1,4,0,1.03125
5,1,50,2,3,-1,0,0.96351,0.10219,0,3,1,0.9609375
5,1,50,2,4,1,1,0.13568,0.6378,1,4,1,0.9609375
5,1,50,2,5,1,1,0.12835,0.26257,1,4,1,1.453125
5,1,50,2,6,-1,0,0.57701,0.063986,0,5,1,0.7734375
5,1,50,2,7,-1,0,0.89546,0.051053,0,5,1,1.222656
5,1,50,2,8,-1,1,0.81522,0.83941,0,5,0,1.191406
5,1,50,2,9,-1,0,0.74353,0.69282,0,4,1,1.339844
5,1,50,2,10,1,1,0.0019425,0.662,1,4,1,1.132813
5,1,50,2,11,1,1,0.45871,0.70946,1,5,1,1.199219
5,1,50,2,12,1,1,0.13005,0.91656,1,5,1,1.402344
5,1,50,2,13,1,1,0.24668,0.35374,1,5,1,1.113281
5,1,50,2,14,1,1,0.42031,0.49902,1,4,1,1.222656
5,1,50,2,15,-1,0,0.89839,0.71426,0,5,1,1.09375
5,1,50,2,16,1,0,0.19235,0.075649,1,5,0,1.390625
5,1,50,2,17,-1,0,0.95279,0.067816,0,4,1,0.9921875
5,1,50,2,18,-1,1,0.52058,0.9988,0,4,0,1.203125
5,1,50,2,19,1,1,0.22123,0.65979,1,4,1,1.230469
5,1,50,2,20,-1,1,0.61428,0.95291,0,4,0,1.101563
5,1,50,2,21,1,1,0.49013,0.68758,1,3,1,1.0
5,1,50,2,22,1,1,0.20199,0.27083,1,4,1,1.601563
5,1,50,2,23,1,1,0.18239,0.66065,1,5,1,0.953125
5,1,50,2,24,1,1,0.13629,0.9334,1,5,1,1.050781
5,1,50,2,25,1,1,0.054167,0.97853,1,5,1,1.242188
5,1,50,2,26,1,1,0.34139,0.40573,1,5,1,1.070313
5,1,50,2,27,-1,0,0.89836,0.38455,0,4,1,0.8710938
5,1,50,2,28,-1,0,0.60484,0.53459,0,5,1,1.101563
5,1,50,2,29,1,0,0.33131,0.20718,1,5,0,1.242188
5,1,50,2,30,1,1,0.38302,0.53774,1,4,1,1.191406
5,1,50,2,31,1,1,0.1508,0.26418,1,4,1,0.8789063
5,1,50,2,32,1,1,0.10845,0.54001,1,5,1,0.8945313
5,1,50,2,33,1,0,0.48226,0.2882,1,5,0,1.230469
5,1,50,2,34,-1,1,0.71115,0.84204,0,4,0,0.9726563
5,1,50,2,35,-1,0,0.70043,0.60456,0,3,1,1.355469
5,1,50,2,36,-1,1,0.52286,0.58273,0,3,0,1.160156
5,1,50,2,37,-1,0,0.94348,0.12984,0,3,1,1.003906
5,1,50,2,38,-1,0,0.93419,0.7234,0,3,1,1.132813
5,1,50,2,39,-1,0,0.69234,0.42785,0,4,1,0.7929688
5,1,50,2,40,1,1,0.011877,0.90007,1,4,1,1.242188
5,1,50,2,41,1,1,0.0097199,0.44744,1,4,1,1.394531
5,1,50,2,42,-1,0,0.77178,0.39121,0,5,1,0.9648438
5,1,50,2,43,1,1,0.13945,0.70714,1,5,1,1.058594
5,1,50,2,44,-1,0,0.82886,0.64158,0,5,1,1.554688
5,1,50,2,45,1,1,0.022141,0.3195,1,5,1,0.9804688
5,1,50,2,46,-1,0,0.83061,0.71128,0,5,1,1.253906
5,1,50,2,47,-1,0,0.96058,0.25706,0,5,1,1.332031
5,1,50,2,48,1,1,0.12315,0.73644,1,5,1,1.125
5,1,50,2,49,1,1,0.0073672,0.44182,1,5,1,1.132813
5,1,50,2,50,-1,1,0.60812,0.79929,0,5,0,1.0
5,2,60,1,1,-1,0,0.98325,0.27964,0,5,1,2.054688
5,2,60,1,2,1,1,0.064325,0.59935,1,5,1,1.871094
5,2,60,1,3,-1,0,0.85953,0.56008,0,5,1,1.511719
5,2,60,1,4,-1,1,0.6152,0.96224,0,5,0,1.722656
5,2,60,1,5,1,0,0.36669,0.13741,1,5,0,1.269531
5,2,60,1,6,0,1,0.46316,0.63049,0,3,0,3.867188
5,2,60,1,7,1,0,0.087758,0.016796,1,4,0,1.3125
5,2,60,1,8,0,1,0.45677,0.93565,0,3,0,3.65625
5,2,60,1,9,-1,0,0.92299,0.15298,0,3,1,1.503906
5,2,60,1,10,1,1,0.11376,0.19225,1,4,1,1.589844
5,2,60,1,11,0,0,0.43074,0.055781,1,4,0,2.101563
5,2,60,1,12,-1,0,0.60587,0.45181,0,4,1,1.832031
5,2,60,1,13,-1,1,0.90585,0.92455,0,4,0,1.402344
5,2,60,1,14,-1,0,0.98616,0.7476,0,4,1,1.0625
5,2,60,1,15,0,1,0.40555,0.91699,1,3,1,3.34375
5,2,60,1,16,-1,0,0.73963,0.092986,0,4,1,1.863281
5,2,60,1,17,0,1,0.45265,0.6114,0,3,0,3.925781
5,2,60,1,18,-1,1,0.65919,0.99544,0,4,0,2.214844
5,2,60,1,19,1,0,0.35921,0.22947,1,4,0,1.273438
5,2,60,1,20,-1,0,0.81237,0.1392,0,3,1,1.804688
5,2,60,1,21,1,1,0.13806,0.56472,1,4,1,1.5
5,2,60,1,22,1,1,0.32933,0.36179,1,4,1,1.390625
5,2,60,1,23,-1,0,0.92157,0.30816,0,4,1,1.179688
5,2,60,1,24,0,0,0.46733,0.36596,0,3,1,2.492188
5,2,60,1,25,-1,0,0.99327,0.011356,0,5,1,1.589844
5,2,60,1,26,-1,0,0.71683,0.35621,0,5,1,1.78125
5,2,60,1,27,-1,0,0.77139,0.19152,0,5,1,1.03125
5,2,60,1,28,0,0,0.42041,0.40878,1,4,0,2.722656
5,2,60,1,29,-1,1,0.70711,0.91471,0,4,0,1.101563
5,2,60,1,30,1,1,0.35572,0.94944,1,4,1,1.5625
5,2,60,1,31,-1,0,0.68956,0.33269,0,5,1,1.171875
5,2,60,1,32,-1,0,0.7502,0.09527,0,5,1,1.0
5,2,60,1,33,1,1,0.25361,0.36447,1,5,1,1.332031
5,2,60,1,34,1,1,0.30819,0.55477,1,5,1,1.382813
5,2,60,1,35,0,1,0.50917,0.90458,0,4,0,1.984375
5,2,60,1,36,1,1,0.32943,0.46964,1,5,1,1.5
5,2,60,1,37,-1,0,0.97819,0.30115,0,5,1,1.648438
5,2,60,1,38,0,1,0.42975,0.65323,1,3,1,5.378906
5,2,60,1,39,0,1,0.49104,0.73136,1,3,1,2.441406
5,2,60,1,40,0,1,0.57996,0.81736,1,4,1,2.875
5,2,60,1,41,-1,0,0.76384,0.12306,0,4,1,1.324219
5,2,60,1,42,-1,1,0.90756,0.92501,0,4,0,0.9921875
5,2,60,1,43,1,0,0.23855,0.025831,1,4,0,1.421875
5,2,60,1,44,0,1,0.55653,0.72382,0,4,0,1.453125
5,2,60,1,45,1,1,0.044043,0.36734,1,4,1,1.210938
5,2,60,1,46,-1,0,0.98417,0.49588,0,4,1,1.082031
5,2,60,1,47,1,1,0.29009,0.60414,1,4,1,1.257813
5,2,60,1,48,1,1,0.06895,0.90397,1,5,1,1.3125
5,2,60,1,49,1,1,0.36055,0.41831,1,5,1,0.8984375
5,2,60,1,50,-1,0,0.61565,0.61153,0,5,1,1.128906
5,3,70,3,1,0,1,0.60595,0.66815,0,3,0,2.152344
5,3,70,3,2,0,1,0.62766,0.70669,0,3,0,1.742188
5,3,70,3,3,1,1,0.092446,0.98067,1,3,1,0.9492188
5,3,70,3,4,0,1,0.303,0.70534,1,3,1,2.101563
5,3,70,3,5,-1,0,0.89664,0.75336,0,3,1,1.199219
5,3,70,3,6,0,1,0.43711,0.73402,0,3,0,1.375
5,3,70,3,7,0,0,0.397,0.17966,0,3,1,1.363281
5,3,70,3,8,0,1,0.6357,0.67934,1,3,1,3.097656
5,3,70,3,9,0,1,0.36571,0.66725,1,4,1,3.472656
5,3,70,3,10,1,1,0.016876,0.12296,1,4,1,1.28125
5,3,70,3,11,0,1,0.34804,0.8866,1,4,1,2.222656
5,3,70,3,12,0,0,0.40851,0.13981,1,4,0,1.84375
5,3,70,3,13,0,0,0.52739,0.47222,0,3,1,3.425781
5,3,70,3,14,0,1,0.31848,0.62886,0,3,0,1.589844
5,3,70,3,15,0,1,0.30248,0.62892,0,3,0,1.28125
5,3,70,3,16,0,1,0.68897,0.69336,1,3,1,1.402344
5,3,70,3,17,1,1,0.040484,0.90031,1,3,1,1.121094
5,3,70,3,18,0,1,0.48485,0.93401,1,4,1,1.390625
5,3,70,3,19,-1,0,0.80599,0.097641,0,4,1,1.113281
5,3,70,3,20,0,1,0.41407,0.71153,0,4,0,1.339844
5,3,70,3,21,0,0,0.63569,0.28771,1,3,0,1.875
5,3,70,3,22,1,1,0.18705,0.80902,1,3,1,1.210938
5,3,70,3,23,0,1,0.52001,0.6652,1,3,1,2.234375
5,3,70,3,24,-1,0,0.93401,0.41887,0,4,1,1.402344
5,3,70,3,25,0,1,0.49369,0.69666,0,4,0,2.203125
5,3,70,3,26,-1,0,0.84722,0.53448,0,3,1,1.421875
5,3,70,3,27,0,0,0.57969,0.4246,0,3,1,1.871094
5,3,70,3,28,0,0,0.508,0.32246,0,4,1,1.703125
5,3,70,3,29,0,1,0.60477,0.97483,0,4,0,2.132813
5,3,70,3,30,0,0,0.45707,0.43438,1,3,0,1.914063
5,3,70,3,31,-1,0,0.92136,0.66328,0,3,1,1.121094
5,3,70,3,32,0,0,0.34366,0.17128,0,4,1,1.664063
5,3,70,3,33,-1,0,0.71532,0.39049,0,4,1,1.011719
5,3,70,3,34,1,1,0.068797,0.91232,1,4,1,1.332031
5,3,70,3,35,-1,0,0.74371,0.5455,0,4,1,1.453125
5,3,70,3,36,1,1,0.15424,0.82351,1,4,1,1.101563
5,3,70,3,37,1,1,0.0029013,0.47648,1,5,1,1.011719
5,3,70,3,38,0,0,0.35745,0.13059,1,4,0,1.996094
5,3,70,3,39,0,0,0.44707,0.25339,1,4,0,1.351563
5,3,70,3,40,0,1,0.68381,0.69904,0,3,0,0.9609375
5,3,70,3,41,1,1,0.074918,0.48095,1,4,1,0.8984375
5,3,70,3,42,-1,0,0.95776,0.90541,0,4,1,1.644531
5,3,70,3,43,1,1,0.01463,0.38254,1,4,1,1.460938
5,3,70,3,44,1,1,0.045234,0.49343,1,5,1,1.011719
5,3,70,3,45,1,1,0.20837,0.629,1,5,1,1.113281
5,3,70,3,46,-1,0,0.7487,0.4112,0,5,1,1.480469
5,3,70,3,47,-1,0,0.80552,0.27197,0,5,1,0.9804688
5,3,70,3,48,0,1,0.3129,0.82889,1,4,1,2.664063
5,3,70,3,49,0,1,0.5792,0.83884,1,4,1,3.296875
5,3,70,3,50,0,0,0.4109,0.12875,0,3,1,3.949219
5,4,80,5,1,0,1,0.46804,0.7131,0,3,0,1.691406
5,4,80,5,2,-1,0,0.87404,0.40019,0,3,1,1.339844
5,4,80,5,3,0,1,0.45356,0.78554,0,3,0,1.289063
5,4,80,5,4,0,0,0.64991,0.15146,1,3,0,1.664063
5,4,80,5,5,0,1,0.54903,0.97431,1,3,1,2.015625
5,4,80,5,6,0,0,0.42524,0.078433,1,4,0,1.324219
5,4,80,5,7,-1,0,0.88557,0.70249,0,3,1,1.089844
5,4,80,5,8,1,1,0.19777,0.4027,1,3,1,1.210938
5,4,80,5,9,-1,0,0.92392,0.30521,0,4,1,1.214844
5,4,80,5,10,0,0,0.38238,0.26219,0,4,1,1.429688
5,4,80,5,11,1,1,0.13354,0.30005,1,4,1,1.375
5,4,80,5,12,0,0,0.72839,0.62812,1,3,0,1.410156
5,4,80,5,13,0,0,0.46443,0.40017,0,3,1,2.070313
5,4,80,5,14,0,0,0.64961,0.18686,0,4,1,1.3125
5,4,80,5,15,0,1,0.77108,0.93711,0,4,0,1.261719
5,4,80,5,16,-1,0,0.95958,0.40397,0,3,1,1.523438
5,4,80,5,17,-1,0,0.88884,0.35126,0,3,1,1.074219
5,4,80,5,18,0,1,0.48266,0.57566,0,4,0,1.515625
5,4,80,5,19,0,1,0.78097,0.87916,1,3,1,1.5625
5,4,80,5,20,1,1,0.083058,0.61714,1,4,1,1.058594
5,4,80,5,21,-1,0,0.94257,0.37263,0,3,1,1.292969
5,4,80,5,22,1,1,0.12859,0.49222,1,3,1,1.5
5,4,80,5,23,0,0,0.74128,0.69422,1,4,0,1.300781
5,4,80,5,24,0,0,0.49833,0.39647,0,3,1,2.203125
5,4,80,5,25,0,1,0.3117,0.84101,0,3,0,1.390625
5,4,80,5,26,0,1,0.21992,0.78158,1,3,1,1.722656
5,4,80,5,27,0,1,0.23307,0.43545,1,3,1,1.582031
5,4,80,5,28,0,1,0.5713,0.76643,1,4,1,1.304688
5,4,80,5,29,1,1,0.17258,0.52288,1,4,1,1.011719
5,4,80,5,30,0,1,0.71084,0.83993,1,4,1,1.820313
5,4,80,5,31,0,0,0.28469,0.1927,1,5,0,1.289063
5,4,80,5,32,1,1,0.063558,0.61942,1,3,1,1.773438
5,4,80,5,33,0,0,0.69763,0.049362,0,3,1,2.644531
5,4,80,5,34,0,1,0.71478,0.79237,0,4,0,1.113281
5,4,80,5,35,0,1,0.51484,0.58389,1,3,1,1.652344
5,4,80,5,36,-1,0,0.81179,0.16001,0,3,1,2.175781
5,4,80,5,37,0,1,0.30218,0.86952,0,4,0,1.433594
5,4,80,5,38,0,0,0.74821,0.29338,1,3,0,1.230469
5,4,80,5,39,0,0,0.72024,0.65259,0,3,1,1.933594
5,4,80,5,40,1,1,0.12558,0.70323,1,3,1,1.164063
5,4,80,5,41,0,1,0.24817,0.86145,1,4,1,1.582031
5,4,80,5,42,0,1,0.5437,0.99374,1,4,1,1.242188
5,4,80,5,43,0,0,0.27342,0.22136,1,5,0,1.019531
5,4,80,5,44,-1,0,0.9566,0.11478,0,3,1,1.261719
5,4,80,5,45,0,1,0.32134,0.99806,0,3,0,1.230469
5,4,80,5,46,-1,0,0.87565,0.52349,0,3,1,1.121094
5,4,80,5,47,0,1,0.45416,0.6266,0,3,0,1.421875
5,4,80,5,48,1,1,0.10116,0.20318,1,3,1,1.113281
5,4,80,5,49,0,1,0.20155,0.76141,1,3,1,1.3125
5,4,80,5,50,0,0,0.79532,0.12824,1,3,0,1.460938
5,5,90,4,1,0,1,0.16095,0.64428,1,3,1,1.902344
5,5,90,4,2,0,1,0.19719,0.22401,1,3,1,1.621094
5,5,90,4,3,0,1,0.14676,0.64867,1,4,1,1.199219
5,5,90,4,4,0,1,0.41533,0.97622,1,4,1,1.3125
5,5,90,4,5,0,1,0.18121,0.53684,1,5,1,1.433594
5,5,90,4,6,0,0,0.27365,0.065605,1,5,0,1.582031
5,5,90,4,7,0,1,0.44147,0.82938,0,4,0,2.261719
5,5,90,4,8,0,0,0.839,0.2606,0,3,1,1.921875
5,5,90,4,9,1,1,0.020033,0.93814,1,4,1,1.152344
5,5,90,4,10,0,1,0.25252,0.52716,1,4,1,1.804688
5,5,90,4,11,0,1,0.74867,0.89123,1,4,1,2.734375
5,5,90,4,12,1,1,0.030632,0.79717,1,4,1,1.28125
5,5,90,4,13,0,1,0.39643,0.45226,1,5,1,1.453125
5,5,90,4,14,0,0,0.75882,0.6079,1,4,0,2.3125
5,5,90,4,15,0,0,0.66835,0.38768,0,3,1,1.792969
5,5,90,4,16,0,1,0.12612,0.33295,0,4,0,1.761719
5,5,90,4,17,0,1,0.47086,0.64754,1,3,1,2.050781
5,5,90,4,18,0,1,0.77206,0.85037,1,4,1,1.683594
5,5,90,4,19,-1,1,0.92717,0.95985,0,4,0,1.203125
5,5,90,4,20,0,0,0.77726,0.27057,1,3,0,2.9375
5,5,90,4,21,0,0,0.84835,0.084721,0,3,1,2.632813
5,5,90,4,22,0,1,0.16237,0.58403,0,3,0,1.691406
5,5,90,4,23,0,1,0.23164,0.83558,1,3,1,1.582031
5,5,90,4,24,0,1,0.62855,0.85016,1,3,1,1.472656
5,5,90,4,25,1,1,0.099054,0.50506,1,4,1,1.152344
5,5,90,4,26,0,1,0.33593,0.46601,1,4,1,2.605469
5,5,90,4,27,0,1,0.28733,0.36058,1,4,1,1.621094
5,5,90,4,28,1,1,0.094959,0.93397,1,5,1,4.164063
5,5,90,4,29,0,0,0.6412,0.43443,1,4,0,1.472656
5,5,90,4,30,0,1,0.30588,0.9525,0,3,0,1.535156
5,5,90,4,31,0,0,0.63491,0.19949,1,3,0,2.140625
5,5,90,4,32,0,0,0.87835,0.28783,1,3,0,1.730469
5,5,90,4,33,0,1,0.60506,0.82621,0,3,0,1.152344
5,5,90,4,34,0,1,0.86933,0.90576,0,3,0,2.164063
5,5,90,4,35,0,0,0.30293,0.22229,1,3,0,1.5
5,5,90,4,36,-1,0,0.94961,0.66033,0,3,1,1.5625
5,5,90,4,37,1,1,0.037581,0.71743,1,3,1,1.222656
5,5,90,4,38,0,0,0.39381,0.044767,1,3,0,1.601563
5,5,90,4,39,1,0,0.033791,0.0054528,1,3,0,0.984375
5,5,90,4,40,0,1,0.12207,0.66398,0,3,0,2.875
5,5,90,4,41,1,1,0.032812,0.58963,1,3,1,1.070313
5,5,90,4,42,0,1,0.77859,0.84311,1,3,1,1.511719
5,5,90,4,43,0,0,0.77001,0.51966,1,3,0,1.324219
5,5,90,4,44,0,0,0.53115,0.20076,0,3,1,1.582031
5,5,90,4,45,1,1,0.088315,0.90065,1,3,1,1.351563
5,5,90,4,46,0,0,0.56066,0.3644,1,3,0,1.640625
5,5,90,4,47,0,0,0.80264,0.50049,0,3,1,2.023438
5,5,90,4,48,0,1,0.17399,0.45924,0,3,0,1.152344
5,5,90,4,49,-1,0,0.92332,0.33463,0,3,1,1.632813
5,5,90,4,50,0,0,0.377,0.027464,0,3,1,1.535156
5,6,100,6,1,0,0,0.83725,0.13938,0,3,1,1.582031
5,6,100,6,2,0,1,0.14729,0.78505,0,3,0,1.21875
5,6,100,6,3,0,0,0.757,0.13085,1,3,0,1.332031
5,6,100,6,4,0,0,0.83467,0.18464,1,3,0,1.484375
5,6,100,6,5,0,0,0.97634,0.61743,0,3,1,1.179688
5,6,100,6,6,0,1,0.032888,0.18191,0,3,0,3.414063
5,6,100,6,7,0,1,0.72481,0.76171,1,3,1,1.492188
5,6,100,6,8,0,0,0.8075,0.4521,1,3,0,1.714844
5,6,100,6,9,0,1,0.1108,0.27718,0,3,0,1.421875
5,6,100,6,10,0,1,0.17455,0.64608,0,3,0,1.09375
5,6,100,6,11,0,0,0.59669,0.23504,1,3,0,0.84375
5,6,100,6,12,0,1,0.47539,0.69427,1,3,1,1.441406
5,6,100,6,13,0,0,0.2538,0.19101,1,4,0,4.753906
5,6,100,6,14,0,1,0.29263,0.84893,0,3,0,1.34375
5,6,100,6,15,0,1,0.68645,0.75515,0,3,0,1.496094
5,6,100,6,16,0,1,0.10147,0.50228,1,3,1,0.8125
5,6,100,6,17,0,0,0.21738,0.1697,1,3,0,1.21875
5,6,100,6,18,0,0,0.78906,0.5839,0,3,1,1.109375
5,6,100,6,19,0,0,0.62747,0.48563,0,3,1,0.75
5,6,100,6,20,0,1,0.23959,0.87416,0,4,0,0.7382813
5,6,100,6,21,0,1,0.79243,0.87034,1,3,1,1.128906
5,6,100,6,22,0,0,0.63905,0.35467,1,4,0,1.070313
5,6,100,6,23,0,1,0.05957,0.48023,0,3,0,0.8671875
5,6,100,6,24,0,1,0.57603,0.62977,0,3,0,1.25
5,6,100,6,25,0,1,0.77613,0.80831,1,3,1,0.6601563
5,6,100,6,26,0,1,0.26077,0.84144,1,3,1,1.101563
5,6,100,6,27,0,0,0.80604,0.23079,0,3,1,1.199219
5,6,100,6,28,0,0,0.61635,0.50989,0,3,1,1.125
5,6,100,6,29,0,1,0.36969,0.40969,0,4,0,0.6523438
5,6,100,6,30,0,1,0.62719,0.7605,1,3,1,0.921875
5,6,100,6,31,0,0,0.66317,0.15827,1,3,0,1.621094
5,6,100,6,32,0,0,0.73585,0.42328,0,3,1,0.5507813
5,6,100,6,33,0,0,0.91763,0.39911,0,3,1,1.179688
5,6,100,6,34,0,0,0.88288,0.018262,1,3,0,0.6640625
5,6,100,6,35,0,0,0.45633,0.43615,0,3,1,0.7382813
5,6,100,6,36,0,1,0.1804,0.60148,0,3,0,1.824219
5,6,100,6,37,0,0,0.40626,0.019623,1,3,0,1.011719
5,6,100,6,38,0,1,0.089664,0.10147,0,3,0,0.7304688
5,6,100,6,39,0,1,0.26061,0.35539,1,3,1,1.074219
5,6,100,6,40,0,1,0.54539,0.88962,1,3,1,0.9726563
5,6,100,6,41,0,0,0.31303,0.057134,0,3,1,1.03125
5,6,100,6,42,0,0,0.60536,0.25591,0,3,1,1.363281
5,6,100,6,43,0,1,0.23392,0.912,1,3,1,0.8984375
5,6,100,6,44,0,0,0.71608,0.60311,1,3,0,1.453125
5,6,100,6,45,0,1,0.029346,0.47329,0,3,0,0.75
5,6,100,6,46,0,1,0.1125,0.65919,0,3,0,0.5195313
5,6,100,6,47,0,1,0.0088735,0.025549,1,3,1,1.101563
5,6,100,6,48,0,1,0.029022,0.2563,1,3,1,0.6015625
5,6,100,6,49,0,0,0.9325,0.1607,0,3,1,1.101563
5,6,100,6,50,0,0,0.40357,0.081833,0,3,1,1.261719
6,1,50,6,1,1,1,0.47898,0.51385,1,3,1,1.332031
6,1,50,6,2,1,1,0.022288,0.41873,1,4,1,0.984375
6,1,50,6,3,1,1,0.29061,0.78687,1,5,1,1.039063
6,1,50,6,4,-1,0,0.93884,0.2424,0,5,1,0.984375
6,1,50,6,5,1,1,0.25297,0.5249,1,5,1,1.035156
6,1,50,6,6,1,0,0.13153,0.038298,1,5,0,1.363281
6,1,50,6,7,-1,0,0.81571,0.065616,0,4,1,1.222656
6,1,50,6,8,-1,0,0.72786,0.035345,0,4,1,1.152344
6,1,50,6,9,1,1,0.15332,0.7639,1,5,1,1.023438
6,1,50,6,10,-1,1,0.5299,0.73423,0,5,0,1.121094
6,1,50,6,11,-1,0,0.99727,0.2534,0,4,1,1.300781
6,1,50,6,12,-1,1,0.62324,0.63491,0,4,0,1.074219
6,1,50,6,13,1,1,0.045131,0.7977,1,4,1,1.0625
6,1,50,6,14,1,1,0.26207,0.77742,1,4,1,1.152344
6,1,50,6,15,-1,0,0.86051,0.7316,0,4,1,1.148438
6,1,50,6,16,-1,1,0.56657,0.98447,0,4,0,1.101563
6,1,50,6,17,-1,0,0.72374,0.035644,0,4,1,1.230469
6,1,50,6,18,1,1,0.41366,0.5224,1,4,1,1.128906
6,1,50,6,19,-1,0,0.67806,0.22957,0,4,1,1.25
6,1,50,6,20,-1,0,0.63905,0.20613,0,4,1,1.078125
6,1,50,6,21,1,1,0.085278,0.79341,1,4,1,1.464844
6,1,50,6,22,-1,0,0.56433,0.17481,0,4,1,1.023438
6,1,50,6,23,1,1,0.10142,0.56968,1,5,1,1.03125
6,1,50,6,24,-1,0,0.89229,0.16717,0,5,1,1.082031
6,1,50,6,25,-1,0,0.92866,0.68002,0,5,1,1.121094
6,1,50,6,26,1,0,0.43068,0.08509,1,4,0,0.9140625
6,1,50,6,27,-1,1,0.7446,0.84352,0,5,0,1.203125
6,1,50,6,28,1,0,0.34454,0.16826,1,4,0,1.132813
6,1,50,6,29,-1,0,0.89889,0.72213,0,4,1,1.382813
6,1,50,6,30,1,0,0.2988,0.13462,1,4,0,1.191406
6,1,50,6,31,1,1,0.017552,0.98604,1,4,1,1.304688
6,1,50,6,32,-1,1,0.75399,0.99276,0,4,0,1.089844
6,1,50,6,33,1,0,0.19145,0.044826,1,4,0,1.007813
6,1,50,6,34,-1,0,0.67614,0.52273,0,3,1,1.574219
6,1,50,6,35,-1,0,0.53883,0.46228,0,3,1,1.34375
6,1,50,6,36,1,1,0.058928,0.55736,1,4,1,1.0625
6,1,50,6,37,1,0,0.4808,0.096637,1,4,0,1.171875
6,1,50,6,38,-1,0,0.67667,0.51117,0,4,1,0.9726563
6,1,50,6,39,-1,1,0.71002,0.73259,0,4,0,1.242188
6,1,50,6,40,1,1,0.26868,0.73635,1,3,1,1.390625
6,1,50,6,41,-1,0,0.54178,0.30891,0,3,1,1.421875
6,1,50,6,42,1,1,0.42343,0.83629,1,4,1,1.0625
6,1,50,6,43,-1,1,0.68398,0.91953,0,4,0,1.621094
6,1,50,6,44,-1,0,0.69201,0.30486,0,4,1,1.3125
6,1,50,6,45,-1,0,0.6015,0.04556,0,4,1,1.28125
6,1,50,6,46,-1,1,0.8094,0.98425,0,4,0,1.171875
6,1,50,6,47,-1,0,0.66738,0.098205,0,3,1,1.292969
6,1,50,6,48,-1,0,0.6619,0.38999,0,3,1,1.414063
6,1,50,6,49,-1,0,0.66047,0.022102,0,3,1,1.324219
6,1,50,6,50,1,0,0.44452,0.35232,1,2,0,1.261719
6,2,60,1,1,-1,0,0.75919,0.10962,0,3,1,1.671875
6,2,60,1,2,-1,0,0.89577,0.24873,0,3,1,1.449219
6,2,60,1,3,0,1,0.47241,0.83157,1,3,1,2.914063
6,2,60,1,4,1,1,0.049106,0.94089,1,4,1,1.878906
6,2,60,1,5,1,1,0.052858,0.78966,1,4,1,1.308594
6,2,60,1,6,0,0,0.48704,0.070181,0,3,1,2.574219
6,2,60,1,7,-1,0,0.96292,0.17621,0,5,1,1.3125
6,2,60,1,8,0,1,0.46253,0.82759,0,3,0,3.574219
6,2,60,1,9,1,1,0.25203,0.71472,1,5,1,1.578125
6,2,60,1,10,-1,0,0.94392,0.30987,0,5,1,1.230469
6,2,60,1,11,1,1,0.128,0.19254,1,5,1,1.152344
6,2,60,1,12,0,0,0.56206,0.5033,0,3,1,2.226563
6,2,60,1,13,0,0,0.5703,0.54206,1,3,0,2.785156
6,2,60,1,14,1,0,0.31519,0.1356,1,5,0,1.453125
6,2,60,1,15,1,0,0.040609,0.00030471,1,4,0,1.242188
6,2,60,1,16,1,1,0.066129,0.64955,1,3,1,1.542969
6,2,60,1,17,-1,0,0.8641,0.21582,0,3,1,1.402344
6,2,60,1,18,1,1,0.2377,0.94793,1,4,1,1.132813
6,2,60,1,19,-1,0,0.81148,0.5465,0,4,1,1.199219
6,2,60,1,20,-1,1,0.82479,0.84106,0,4,0,1.339844
6,2,60,1,21,1,1,0.28286,0.47267,1,3,1,1.8125
6,2,60,1,22,-1,0,0.812,0.68236,0,4,1,1.773438
6,2,60,1,23,0,0,0.52377,0.061868,1,3,0,3.828125
6,2,60,1,24,1,1,0.014952,0.5214,1,3,1,1.542969
6,2,60,1,25,-1,0,0.90029,0.45009,0,4,1,1.460938
6,2,60,1,26,-1,1,0.8108,0.92731,0,5,0,1.460938
6,2,60,1,27,1,1,0.29801,0.49665,1,4,1,1.1875
6,2,60,1,28,1,1,0.13267,0.3768,1,4,1,1.03125
6,2,60,1,29,1,1,0.33601,0.42154,1,4,1,0.9296875
6,2,60,1,30,1,1,0.21387,0.43265,1,5,1,1.371094
6,2,60,1,31,1,1,0.013295,0.028719,1,5,1,1.09375
6,2,60,1,32,-1,0,0.96802,0.25274,0,5,1,1.300781
6,2,60,1,33,-1,0,0.62966,0.27228,0,5,1,1.222656
6,2,60,1,34,-1,1,0.68787,0.93367,0,5,0,1.203125
6,2,60,1,35,0,0,0.47338,0.2453,1,2,0,3.261719
6,2,60,1,36,1,1,0.33449,0.88275,1,3,1,1.109375
6,2,60,1,37,1,1,0.11879,0.34677,1,3,1,1.382813
6,2,60,1,38,1,1,0.28772,0.77917,1,4,1,1.300781
6,2,60,1,39,1,1,0.042784,0.91909,1,4,1,1.113281
6,2,60,1,40,1,1,0.071957,0.86378,1,5,1,1.101563
6,2,60,1,41,-1,1,0.75147,0.90439,0,5,0,1.273438
6,2,60,1,42,-1,0,0.60669,0.42682,0,4,1,1.160156
6,2,60,1,43,1,1,0.10764,0.36229,1,4,1,1.050781
6,2,60,1,44,-1,0,0.83716,0.091423,0,4,1,2.003906
6,2,60,1,45,1,1,0.093812,0.72048,1,4,1,1.3125
6,2,60,1,46,-1,0,0.60385,0.034504,0,5,1,1.351563
6,2,60,1,47,1,1,0.31185,0.98628,1,5,1,0.9296875
6,2,60,1,48,-1,1,0.91848,0.99091,0,5,0,1.179688
6,2,60,1,49,-1,0,0.93721,0.051039,0,5,1,1.285156
6,2,60,1,50,0,0,0.43829,0.041634,0,2,1,4.867188
6,3,70,3,1,-1,0,0.8882,0.09591,0,4,1,1.171875
6,3,70,3,2,1,0,0.27164,0.22007,1,5,0,1.191406
6,3,70,3,3,0,0,0.69449,0.64025,1,2,0,1.851563
6,3,70,3,4,0,0,0.69997,0.67326,1,1,0,1.863281
6,3,70,3,5,0,1,0.34464,0.95766,0,1,0,1.113281
6,3,70,3,6,1,0,0.2283,0.1807,1,4,0,1.523438
6,3,70,3,7,1,0,0.27945,0.082124,1,3,0,1.300781
6,3,70,3,8,-1,0,0.70527,0.49441,0,3,1,2.082031
6,3,70,3,9,-1,0,0.94693,0.71028,0,3,1,1.28125
6,3,70,3,10,0,1,0.48891,0.59835,1,1,1,1.882813
6,3,70,3,11,-1,1,0.81823,0.93261,0,4,0,1.050781
6,3,70,3,12,0,0,0.55239,0.2804,0,1,1,2.394531
6,3,70,3,13,-1,0,0.99088,0.52244,0,3,1,1.273438
6,3,70,3,14,0,1,0.58285,0.6014,1,1,1,2.171875
6,3,70,3,15,1,1,0.23914,0.52321,1,4,1,1.164063
6,3,70,3,16,-1,0,0.98928,0.28761,0,4,1,1.433594
6,3,70,3,17,0,1,0.38124,0.40694,0,1,0,2.894531
6,3,70,3,18,0,1,0.53822,0.60881,0,1,0,2.144531
6,3,70,3,19,0,0,0.57227,0.43773,1,1,0,1.132813
6,3,70,3,20,1,0,0.19673,0.092067,1,3,0,1.292969
6,3,70,3,21,1,1,0.2055,0.53701,1,3,1,1.125
6,3,70,3,22,0,0,0.37324,0.058179,1,1,0,2.210938
6,3,70,3,23,-1,0,0.73744,0.1721,0,3,1,1.320313
6,3,70,3,24,-1,0,0.76603,0.53519,0,4,1,1.351563
6,3,70,3,25,0,0,0.48047,0.047734,0,1,1,2.433594
6,3,70,3,26,0,0,0.67942,0.021818,0,1,1,1.71875
6,3,70,3,27,0,1,0.57259,0.97799,0,1,0,0.9609375
6,3,70,3,28,0,1,0.51877,0.92017,0,1,0,1.613281
6,3,70,3,29,-1,0,0.88352,0.50222,0,3,1,1.234375
6,3,70,3,30,-1,0,0.75672,0.64949,0,4,1,1.128906
6,3,70,3,31,-1,0,0.99355,0.62687,0,5,1,1.242188
6,3,70,3,32,-1,0,0.86842,0.24726,0,5,1,1.292969
6,3,70,3,33,1,1,0.17591,0.30989,1,5,1,1.210938
6,3,70,3,34,1,1,0.29685,0.75241,1,5,1,1.050781
6,3,70,3,35,-1,0,0.95756,0.12535,0,5,1,1.300781
6,3,70,3,36,0,0,0.40607,0.033819,1,2,0,2.574219
6,3,70,3,37,-1,0,0.9297,0.27634,0,4,1,1.351563
6,3,70,3,38,1,0,0.068058,0.0020819,1,4,0,1.269531
6,3,70,3,39,1,1,0.022345,0.93857,1,3,1,1.082031
6,3,70,3,40,0,1,0.37715,0.50248,0,1,0,2.214844
6,3,70,3,41,-1,0,0.91441,0.77294,0,3,1,1.242188
6,3,70,3,42,0,0,0.6234,0.3856,1,2,0,1.703125
6,3,70,3,43,0,1,0.48242,0.50387,1,1,1,1.605469
6,3,70,3,44,1,1,0.24644,0.42676,1,4,1,1.03125
6,3,70,3,45,0,0,0.67295,0.032361,1,1,0,1.164063
6,3,70,3,46,0,1,0.37594,0.93137,0,1,0,1.652344
6,3,70,3,47,0,0,0.65685,0.21883,0,1,1,3.136719
6,3,70,3,48,-1,0,0.80736,0.035981,0,4,1,1.332031
6,3,70,3,49,0,1,0.63752,0.88337,0,1,0,1.492188
6,3,70,3,50,-1,0,0.85264,0.72298,0,4,1,1.324219
6,4,80,4,1,-1,0,0.917,0.73,0,4,1,1.28125
6,4,80,4,2,0,0,0.48298,0.39726,1,1,0,1.390625
6,4,80,4,3,1,1,0.11874,0.2758,1,3,1,1.574219
6,4,80,4,4,0,1,0.25886,0.54141,0,1,0,2.003906
6,4,80,4,5,0,0,0.6229,0.15978,0,1,1,1.890625
6,4,80,4,6,0,1,0.26994,0.34791,1,1,1,1.484375
6,4,80,4,7,1,1,0.16669,0.80699,1,4,1,1.300781
6,4,80,4,8,0,1,0.45925,0.53444,0,1,0,1.972656
6,4,80,4,9,0,1,0.2372,0.85985,0,1,0,1.601563
6,4,80,4,10,-1,0,0.95657,0.66648,0,4,1,1.113281
6,4,80,4,11,0,1,0.35438,0.72962,1,2,1,1.933594
6,4,80,4,12,-1,0,0.87879,0.70219,0,4,1,1.414063
6,4,80,4,13,-1,0,0.98765,0.85156,0,5,1,1.070313
6,4,80,4,14,0,0,0.61059,0.39097,1,2,0,2.113281
6,4,80,4,15,0,1,0.54842,0.89698,1,1,1,1.589844
6,4,80,4,16,0,1,0.34412,0.39618,0,1,0,2.363281
6,4,80,4,17,-1,0,0.81521,0.13565,0,5,1,1.453125
6,4,80,4,18,-1,0,0.8638,0.4434,0,5,1,1.242188
6,4,80,4,19,0,0,0.74692,0.20782,1,2,0,2.042969
6,4,80,4,20,0,0,0.58448,0.55235,0,1,1,3.273438
6,4,80,4,21,0,0,0.21495,0.04586,0,1,1,2.300781
6,4,80,4,22,0,0,0.63143,0.55275,0,1,1,3.191406
6,4,80,4,23,0,0,0.71591,0.3184,0,1,1,2.074219
6,4,80,4,24,-1,0,0.94854,0.052542,0,5,1,1.191406
6,4,80,4,25,1,1,0.11163,0.82134,1,5,1,1.0625
6,4,80,4,26,1,1,0.19695,0.2734,1,5,1,1.007813
6,4,80,4,27,0,1,0.63036,0.74076,0,2,0,4.195313
6,4,80,4,28,1,1,0.19468,0.87685,1,5,1,1.078125
6,4,80,4,29,-1,0,0.84229,0.7375,0,5,1,1.253906
6,4,80,4,30,0,0,0.33115,0.14348,1,1,0,1.511719
6,4,80,4,31,0,0,0.39511,0.23299,0,1,1,2.242188
6,4,80,4,32,1,1,0.15088,0.97755,1,5,1,1.261719
6,4,80,4,33,1,1,0.18033,0.9457,1,5,1,1.183594
6,4,80,4,34,1,1,0.075326,0.68415,1,5,1,1.0
6,4,80,4,35,1,1,0.17921,0.78788,1,5,1,1.03125
6,4,80,4,36,0,0,0.34706,0.14849,0,2,1,1.785156
6,4,80,4,37,0,1,0.31424,0.67741,0,2,0,1.242188
6,4,80,4,38,0,0,0.5805,0.47437,0,1,1,1.359375
6,4,80,4,39,1,1,0.066726,0.4602,1,5,1,1.152344
6,4,80,4,40,1,1,0.017016,0.62577,1,5,1,0.9101563
6,4,80,4,41,0,0,0.7112,0.031595,0,1,1,1.53125
6,4,80,4,42,0,1,0.63897,0.9348,0,2,0,1.0
6,4,80,4,43,-1,0,0.90796,0.43416,0,5,1,1.183594
6,4,80,4,44,-1,0,0.82658,0.57379,0,5,1,1.171875
6,4,80,4,45,0,1,0.36128,0.99087,0,2,0,1.109375
6,4,80,4,46,-1,0,0.91014,0.38072,0,5,1,1.121094
6,4,80,4,47,0,0,0.48258,0.44675,0,2,1,1.179688
6,4,80,4,48,0,0,0.42214,0.35677,0,2,1,1.167969
6,4,80,4,49,1,1,0.18499,0.68395,1,5,1,0.9804688
6,4,80,4,50,-1,0,0.81447,0.49159,0,5,1,1.300781
6,5,90,2,1,1,1,0.089074,0.29238,1,4,1,0.9414063
6,5,90,2,2,0,1,0.38751,0.64417,1,2,1,2.183594
6,5,90,2,3,0,0,0.78512,0.37066,1,2,0,2.792969
6,5,90,2,4,1,1,0.094053,0.43099,1,4,1,1.203125
6,5,90,2,5,0,0,0.33495,0.11849,0,2,1,1.871094
6,5,90,2,6,0,0,0.37773,0.082322,1,3,0,1.941406
6,5,90,2,7,-1,0,0.96476,0.95011,0,3,1,1.300781
6,5,90,2,8,0,0,0.55939,0.15525,1,2,0,2.023438
6,5,90,2,9,1,1,0.08089,0.41932,1,3,1,1.972656
6,5,90,2,10,1,1,0.041211,0.64724,1,4,1,1.453125
6,5,90,2,11,-1,0,0.97589,0.64894,0,4,1,1.121094
6,5,90,2,12,0,1,0.48142,0.61549,1,1,1,1.785156
6,5,90,2,13,1,1,0.080656,0.88572,1,4,1,1.585938
6,5,90,2,14,0,1,0.30954,0.50392,1,2,1,2.414063
6,5,90,2,15,0,1,0.53522,0.86315,1,1,1,2.164063
6,5,90,2,16,0,1,0.12385,0.45205,1,1,1,2.292969
6,5,90,2,17,0,0,0.84594,0.79895,0,2,1,3.257813
6,5,90,2,18,1,1,0.03041,0.18865,1,4,1,1.253906
6,5,90,2,19,1,1,0.094194,0.75669,1,4,1,1.027344
6,5,90,2,20,0,1,0.39205,0.64445,0,2,0,1.902344
6,5,90,2,21,0,0,0.21754,0.071204,1,2,0,1.402344
6,5,90,2,22,1,1,0.059268,0.48562,1,4,1,1.113281
6,5,90,2,23,0,0,0.25156,0.087219,1,1,0,1.730469
6,5,90,2,24,0,0,0.71981,0.35009,1,1,0,2.59375
6,5,90,2,25,0,0,0.73615,0.31436,0,1,1,1.285156
6,5,90,2,26,0,0,0.64143,0.068236,0,1,1,1.320313
6,5,90,2,27,0,1,0.22389,0.53064,0,1,0,1.382813
6,5,90,2,28,0,0,0.84829,0.44595,1,1,0,1.082031
6,5,90,2,29,1,1,0.025283,0.36181,1,4,1,1.160156
6,5,90,2,30,0,1,0.19707,0.51188,0,1,0,1.972656
6,5,90,2,31,0,0,0.86841,0.29141,0,1,1,2.496094
6,5,90,2,32,0,0,0.84326,0.38088,1,1,0,1.929688
6,5,90,2,33,0,1,0.43299,0.73147,1,1,1,1.164063
6,5,90,2,34,0,0,0.43824,0.31242,1,1,0,2.003906
6,5,90,2,35,0,1,0.70602,0.72268,0,1,0,1.878906
6,5,90,2,36,1,1,0.045644,0.37599,1,4,1,1.132813
6,5,90,2,37,0,1,0.88889,0.9523,1,1,1,2.773438
6,5,90,2,38,0,1,0.5647,0.66516,1,1,1,1.402344
6,5,90,2,39,-1,0,0.91435,0.36586,0,5,1,1.792969
6,5,90,2,40,0,1,0.25704,0.47999,0,1,0,1.734375
6,5,90,2,41,0,1,0.82108,0.99907,0,1,0,3.5625
6,5,90,2,42,0,1,0.56611,0.65785,0,1,0,3.566406
6,5,90,2,43,-1,0,0.99291,0.24977,0,5,1,1.402344
6,5,90,2,44,0,1,0.23367,0.87246,1,1,1,2.070313
6,5,90,2,45,0,0,0.32063,0.23223,1,1,0,1.730469
6,5,90,2,46,-1,0,0.99435,0.88076,0,5,1,1.3125
6,5,90,2,47,0,1,0.3721,0.91943,0,1,0,1.214844
6,5,90,2,48,0,0,0.28171,0.074221,1,1,0,1.0625
6,5,90,2,49,-1,0,0.97182,0.12448,0,5,1,1.0625
6,5,90,2,50,0,1,0.65263,0.91939,0,1,0,1.5625
6,6,100,5,1,0,0,0.62486,0.20604,0,2,1,1.933594
6,6,100,5,2,0,1,0.33381,0.35451,0,2,0,1.363281
6,6,100,5,3,0,1,0.74435,0.99728,1,1,1,1.53125
6,6,100,5,4,0,0,0.71948,0.39685,1,1,0,1.449219
6,6,100,5,5,0,0,0.55438,0.25405,0,1,1,1.0625
6,6,100,5,6,0,0,0.84357,0.48659,1,1,0,0.9921875
6,6,100,5,7,0,0,0.8422,0.17809,1,1,0,1.953125
6,6,100,5,8,0,0,0.32235,0.13287,0,1,1,1.191406
6,6,100,5,9,0,0,0.23533,0.028467,0,1,1,1.132813
6,6,100,5,10,0,0,0.12224,0.018849,0,2,1,1.472656
6,6,100,5,11,0,1,0.15392,0.32138,0,2,0,0.9609375
6,6,100,5,12,0,1,0.34498,0.66977,1,1,1,1.820313
6,6,100,5,13,0,0,0.075474,0.030268,1,1,0,1.222656
6,6,100,5,14,0,0,0.46087,0.10678,0,1,1,1.0625
6,6,100,5,15,0,0,0.52376,0.15212,0,2,1,0.875
6,6,100,5,16,0,0,0.97574,0.57373,0,2,1,2.054688
6,6,100,5,17,0,1,0.34716,0.83477,0,3,0,1.3125
6,6,100,5,18,0,1,0.76016,0.92201,1,1,1,1.0625
6,6,100,5,19,0,0,0.39497,0.029757,1,2,0,0.8320313
6,6,100,5,20,0,1,0.65786,0.80954,0,1,0,1.339844
6,6,100,5,21,0,0,0.79899,0.34532,1,1,0,1.1875
6,6,100,5,22,0,0,0.76232,0.48145,1,1,0,1.144531
6,6,100,5,23,0,0,0.90615,0.89138,1,1,0,0.9101563
6,6,100,5,24,0,1,0.066858,0.44955,0,1,0,1.109375
6,6,100,5,25,0,0,0.90108,0.86835,1,1,0,1.613281
6,6,100,5,26,0,1,0.066854,0.10483,1,1,1,1.0
6,6,100,5,27,0,1,0.27453,0.3581,0,1,0,1.582031
6,6,100,5,28,0,1,0.2539,0.92933,0,2,0,1.0
6,6,100,5,29,0,0,0.33351,0.023101,0,1,1,1.03125
6,6,100,5,30,0,0,0.94708,0.64579,0,1,1,0.9609375
6,6,100,5,31,0,0,0.31686,0.11588,0,1,1,1.433594
6,6,100,5,32,0,1,0.062407,0.15007,0,2,0,1.003906
6,6,100,5,33,0,1,0.32232,0.83617,1,1,1,1.21875
6,6,100,5,34,0,0,0.96025,0.32372,1,1,0,1.863281
6,6,100,5,35,0,1,0.44578,0.45418,0,1,0,3.246094
6,6,100,5,36,0,1,0.036717,0.6589,0,1,0,1.210938
6,6,100,5,37,0,0,0.99041,0.87805,0,1,1,1.203125
6,6,100,5,38,0,0,0.6274,0.40047,1,1,0,1.0
6,6,100,5,39,0,1,0.29724,0.50641,1,1,1,1.582031
6,6,100,5,40,0,0,0.95717,0.86006,1,1,0,2.523438
6,6,100,5,41,0,0,0.56308,0.095934,1,1,0,1.5625
6,6,100,5,42,0,0,0.65209,0.49132,1,1,0,1.320313
6,6,100,5,43,0,1,0.11244,0.52267,1,1,1,1.304688
6,6,100,5,44,0,1,0.26952,0.92596,1,1,1,2.53125
6,6,100,5,45,0,0,0.49886,0.24402,0,1,1,1.472656
6,6,100,5,46,0,0,0.60246,0.22171,0,1,1,2.816406
6,6,100,5,47,0,0,0.83668,0.82055,0,3,1,1.441406
6,6,100,5,48,0,0,0.68015,0.22037,1,1,0,2.285156
6,6,100,5,49,0,1,0.18524,0.65412,0,1,0,2.140625
6,6,100,5,50,0,1,0.30408,0.38399,1,1,1,1.730469
7,1,50,1,1,-1,0,0.79242,0.72666,0,5,1,4.835938
7,1,50,1,2,1,1,0.047749,0.83955,1,5,1,1.542969
7,1,50,1,3,1,1,0.27553,0.47981,1,5,1,1.511719
7,1,50,1,4,-1,1,0.84327,0.98541,0,5,0,1.414063
7,1,50,1,5,-1,0,0.97455,0.073071,0,4,1,1.363281
7,1,50,1,6,1,1,0.0015767,0.22074,1,4,1,1.285156
7,1,50,1,7,1,1,0.34931,0.58552,1,4,1,1.269531
7,1,50,1,8,-1,0,0.97285,0.31368,0,4,1,1.476563
7,1,50,1,9,-1,0,0.79412,0.078678,0,5,1,1.621094
7,1,50,1,10,1,1,0.38763,0.43139,1,4,1,0.9648438
7,1,50,1,11,-1,0,0.6969,0.45115,0,5,1,1.332031
7,1,50,1,12,1,1,0.07052,0.60293,1,5,1,1.421875
7,1,50,1,13,1,1,0.12393,0.35799,1,5,1,1.070313
7,1,50,1,14,-1,0,0.67274,0.065731,0,5,1,1.261719
7,1,50,1,15,1,1,0.26474,0.95527,1,5,1,1.324219
7,1,50,1,16,1,0,0.45252,0.0071112,1,5,0,1.222656
7,1,50,1,17,1,1,0.22159,0.54565,1,5,1,1.214844
7,1,50,1,18,1,0,0.061467,0.011494,1,5,0,1.3125
7,1,50,1,19,1,0,0.32199,0.092645,1,4,0,1.0625
7,1,50,1,20,-1,0,0.54908,0.40618,0,4,1,1.304688
7,1,50,1,21,-1,0,0.63375,0.24521,0,4,1,1.191406
7,1,50,1,22,1,0,0.28806,0.11832,1,4,0,1.34375
7,1,50,1,23,-1,0,0.78111,0.4258,0,4,1,1.53125
7,1,50,1,24,1,1,0.43076,0.56497,1,3,1,1.082031
7,1,50,1,25,-1,0,0.57843,0.38806,0,4,1,1.320313
7,1,50,1,26,1,0,0.44053,0.16422,1,4,0,0.8242188
7,1,50,1,27,1,1,0.25359,0.8793,1,3,1,1.429688
7,1,50,1,28,1,1,0.026953,0.93508,1,3,1,1.414063
7,1,50,1,29,1,1,0.28801,0.63466,1,4,1,1.109375
7,1,50,1,30,1,0,0.35966,0.29488,1,4,0,1.3125
7,1,50,1,31,-1,0,0.84903,0.3879,0,5,1,1.210938
7,1,50,1,32,1,0,0.45625,0.2572,1,4,0,1.082031
7,1,50,1,33,1,1,0.4957,0.51097,1,4,1,1.273438
7,1,50,1,34,1,1,0.28702,0.91032,1,3,1,1.25
7,1,50,1,35,-1,0,0.97697,0.067775,0,4,1,1.410156
7,1,50,1,36,-1,1,0.70439,0.96525,0,4,0,1.613281
7,1,50,1,37,-1,0,0.87678,0.21366,1,4,0,3.082031
7,1,50,1,38,-1,1,0.95256,0.9631,0,4,0,0.8710938
7,1,50,1,39,1,1,0.21545,0.95251,1,3,1,2.613281
7,1,50,1,40,1,1,0.0040589,0.6314,1,4,1,1.269531
7,1,50,1,41,1,1,0.17389,0.44169,1,4,1,1.109375
7,1,50,1,42,-1,0,0.63088,0.056019,0,4,1,1.261719
7,1,50,1,43,1,0,0.41045,0.10754,1,4,0,1.25
7,1,50,1,44,1,0,0.46043,0.1712,1,3,0,1.25
7,1,50,1,45,-1,0,0.95206,0.2858,0,3,1,1.320313
7,1,50,1,46,1,1,0.29756,0.89472,1,4,1,1.34375
7,1,50,1,47,1,1,0.22557,0.24132,1,4,1,1.710938
7,1,50,1,48,-1,1,0.53696,0.87923,0,3,0,1.3125
7,1,50,1,49,-1,0,0.91971,0.77438,0,3,1,1.292969
7,1,50,1,50,1,0,0.12502,0.046004,1,4,0,1.171875
7,2,60,2,1,0,1,0.5567,0.64126,1,3,1,2.890625
7,2,60,2,2,1,1,0.27309,0.87875,1,4,1,2.382813
7,2,60,2,3,1,1,0.17814,0.99396,1,3,1,1.414063
7,2,60,2,4,1,0,0.2967,0.062651,1,4,0,1.113281
7,2,60,2,5,-1,0,0.77262,0.43542,0,3,1,2.363281
7,2,60,2,6,-1,0,0.7227,0.18544,0,3,1,1.394531
7,2,60,2,7,1,1,0.095152,0.72634,1,4,1,1.273438
7,2,60,2,8,-1,0,0.97615,0.37561,0,4,1,1.171875
7,2,60,2,9,1,1,0.13136,0.38678,1,4,1,1.191406
7,2,60,2,10,-1,1,0.70905,0.84853,0,3,0,1.542969
7,2,60,2,11,-1,0,0.62329,0.58316,0,3,1,1.492188
7,2,60,2,12,1,1,0.14699,0.4409,1,4,1,1.613281
7,2,60,2,13,0,0,0.50404,0.482,1,2,0,6.199219
7,2,60,2,14,1,1,0.35276,0.42213,1,3,1,1.890625
7,2,60,2,15,-1,0,0.97395,0.092997,0,3,1,1.523438
7,2,60,2,16,-1,0,0.63053,0.49991,0,4,1,1.332031
7,2,60,2,17,1,1,0.06489,0.21433,1,4,1,1.230469
7,2,60,2,18,1,1,0.2874,0.90281,1,4,1,1.113281
7,2,60,2,19,1,1,0.044921,0.57823,1,3,1,1.433594
7,2,60,2,20,-1,0,0.74674,0.01103,0,3,1,1.324219
7,2,60,2,21,1,1,0.14567,0.61666,1,3,1,1.132813
7,2,60,2,22,1,1,0.26923,0.96243,1,3,1,1.230469
7,2,60,2,23,-1,0,0.85738,0.39462,0,4,1,1.242188
7,2,60,2,24,1,0,0.34156,0.14838,1,4,0,1.3125
7,2,60,2,25,1,0,0.35239,0.28581,1,3,0,1.203125
7,2,60,2,26,1,0,0.34836,0.11929,1,3,0,1.128906
7,2,60,2,27,1,1,0.029367,0.22251,1,2,1,1.09375
7,2,60,2,28,0,1,0.40962,0.75056,0,3,0,1.792969
7,2,60,2,29,1,1,0.27339,0.82954,1,3,1,1.003906
7,2,60,2,30,-1,1,0.63441,0.73158,0,3,0,1.273438
7,2,60,2,31,1,1,0.099471,0.16354,1,2,1,1.152344
7,2,60,2,32,-1,0,0.67055,0.54318,0,4,1,1.28125
7,2,60,2,33,0,1,0.49109,0.90152,0,4,0,10.56641
7,2,60,2,34,1,0,0.37642,0.074769,1,3,0,1.152344
7,2,60,2,35,-1,0,0.89901,0.29488,0,3,1,1.132813
7,2,60,2,36,-1,0,0.75942,0.61294,0,3,1,1.402344
7,2,60,2,37,-1,0,0.86387,0.6162,0,3,1,1.183594
7,2,60,2,38,-1,0,0.8132,0.17013,0,4,1,1.34375
7,2,60,2,39,-1,1,0.77937,0.94859,0,3,0,1.382813
7,2,60,2,40,-1,0,0.7663,0.66424,1,2,0,2.832031
7,2,60,2,41,1,0,0.21943,0.18461,1,3,0,1.382813
7,2,60,2,42,-1,0,0.60742,0.2629,0,4,1,1.484375
7,2,60,2,43,1,1,0.2458,0.7732,1,4,1,1.253906
7,2,60,2,44,-1,0,0.93909,0.30522,0,4,1,1.464844
7,2,60,2,45,1,1,0.05092,0.39673,1,3,1,1.132813
7,2,60,2,46,-1,0,0.99372,0.55379,1,3,0,2.40625
7,2,60,2,47,0,1,0.53752,0.90849,1,3,1,2.625
7,2,60,2,48,1,1,0.27269,0.31554,1,4,1,1.433594
7,2,60,2,49,-1,0,0.72008,0.41669,0,4,1,1.433594
7,2,60,2,50,-1,0,0.74004,0.60129,0,3,1,1.332031
7,3,70,3,1,-1,0,0.89885,0.65731,0,4,1,1.632813
7,3,70,3,2,0,1,0.38285,0.69399,1,3,1,3.40625
7,3,70,3,3,1,1,0.044498,0.44276,1,4,1,1.703125
7,3,70,3,4,-1,0,0.91694,0.55078,0,3,1,1.414063
7,3,70,3,5,-1,0,0.85468,0.64281,0,4,1,1.320313
7,3,70,3,6,-1,0,0.73456,0.0092333,0,5,1,1.332031
7,3,70,3,7,-1,0,0.92045,0.8315,0,5,1,1.351563
7,3,70,3,8,1,1,0.17509,0.70747,1,4,1,1.390625
7,3,70,3,9,1,1,0.10123,0.10697,1,4,1,1.164063
7,3,70,3,10,0,1,0.45572,0.8126,1,4,1,2.652344
7,3,70,3,11,0,1,0.36744,0.95681,1,4,1,2.542969
7,3,70,3,12,-1,0,0.76157,0.094043,0,4,1,1.191406
7,3,70,3,13,0,1,0.31366,0.66815,0,3,0,1.933594
7,3,70,3,14,-1,0,0.76101,0.38811,0,3,1,1.449219
7,3,70,3,15,-1,0,0.72007,0.20672,0,4,1,1.222656
7,3,70,3,16,1,1,0.015904,0.24364,1,4,1,1.171875
7,3,70,3,17,0,0,0.56563,0.49706,1,3,0,2.78125
7,3,70,3,18,1,0,0.18508,0.03132,1,4,0,1.359375
7,3,70,3,19,0,1,0.5795,0.82631,1,3,1,2.695313
7,3,70,3,20,-1,0,0.75256,0.25735,0,4,1,1.371094
7,3,70,3,21,0,1,0.52274,0.63313,0,4,0,2.050781
7,3,70,3,22,-1,0,0.95598,0.63215,0,4,1,1.300781
7,3,70,3,23,0,0,0.57468,0.47766,1,4,0,2.972656
7,3,70,3,24,-1,0,0.92372,0.24391,0,4,1,1.535156
7,3,70,3,25,0,0,0.57994,0.20105,1,4,0,2.472656
7,3,70,3,26,1,1,0.070386,0.24901,1,4,1,1.320313
7,3,70,3,27,-1,0,0.97108,0.76869,0,4,1,1.34375
7,3,70,3,28,0,1,0.41829,0.93109,0,2,0,3.054688
7,3,70,3,29,-1,0,0.79074,0.31721,0,4,1,1.371094
7,3,70,3,30,0,0,0.39306,0.12975,0,3,1,2.355469
7,3,70,3,31,1,1,0.096205,0.35075,1,5,1,1.242188
7,3,70,3,32,1,1,0.10498,0.75895,1,4,1,1.183594
7,3,70,3,33,1,1,0.18153,0.593,1,4,1,1.144531
7,3,70,3,34,0,1,0.45518,0.52069,1,3,1,3.042969
7,3,70,3,35,0,0,0.43102,0.24931,1,3,0,2.363281
7,3,70,3,36,-1,0,0.98064,0.63019,0,4,1,1.210938
7,3,70,3,37,-1,0,0.97427,0.6743,0,5,1,1.421875
7,3,70,3,38,1,0,0.27156,0.17392,1,4,0,1.160156
7,3,70,3,39,0,0,0.52446,0.019617,0,3,1,1.484375
7,3,70,3,40,1,1,0.24729,0.70875,1,4,1,1.03125
7,3,70,3,41,1,1,0.25188,0.42311,1,4,1,1.082031
7,3,70,3,42,1,1,0.077134,0.24141,1,4,1,1.023438
7,3,70,3,43,-1,0,0.86894,0.50815,0,4,1,1.132813
7,3,70,3,44,0,1,0.49277,0.9049,1,3,1,2.875
7,3,70,3,45,-1,1,0.7322,0.96347,0,5,0,1.871094
7,3,70,3,46,0,1,0.45657,0.8067,0,3,0,2.972656
7,3,70,3,47,1,1,0.10804,0.47959,1,4,1,1.171875
7,3,70,3,48,-1,0,0.88647,0.20831,0,4,1,1.128906
7,3,70,3,49,0,0,0.57966,0.52624,1,3,0,1.730469
7,3,70,3,50,-1,0,0.96389,0.7971,0,3,1,1.234375
7,4,80,6,1,1,1,0.078138,0.86662,1,3,1,0.953125
7,4,80,6,2,0,0,0.79923,0.26271,1,1,0,2.113281
7,4,80,6,3,0,0,0.2797,0.04833,1,1,0,1.621094
7,4,80,6,4,-1,0,0.86435,0.34448,0,4,1,1.273438
7,4,80,6,5,0,0,0.52638,0.15556,0,1,1,1.292969
7,4,80,6,6,0,1,0.51,0.91364,0,2,0,0.9921875
7,4,80,6,7,0,1,0.62261,0.99263,0,1,0,2.285156
7,4,80,6,8,1,1,0.0082186,0.82866,1,5,1,1.121094
7,4,80,6,9,0,1,0.55958,0.56463,1,2,1,2.203125
7,4,80,6,10,0,1,0.45188,0.96823,1,2,1,2.84375
7,4,80,6,11,-1,0,0.99474,0.18112,0,5,1,2.515625
7,4,80,6,12,0,1,0.41661,0.85458,0,1,0,3.394531
7,4,80,6,13,-1,0,0.91901,0.076244,0,5,1,1.421875
7,4,80,6,14,0,1,0.7687,0.98704,1,1,1,2.523438
7,4,80,6,15,0,1,0.49915,0.80943,1,2,1,1.300781
7,4,80,6,16,-1,0,0.97624,0.81141,0,5,1,1.160156
7,4,80,6,17,1,1,0.039089,0.883,1,5,1,1.3125
7,4,80,6,18,1,1,0.049806,0.35325,1,5,1,1.203125
7,4,80,6,19,1,1,0.12266,0.62001,1,4,1,1.210938
7,4,80,6,20,1,1,0.05633,0.23141,1,4,1,0.921875
7,4,80,6,21,0,0,0.35593,0.053875,1,2,0,3.445313
7,4,80,6,22,-1,0,0.93475,0.24702,0,5,1,1.351563
7,4,80,6,23,0,0,0.77787,0.49413,0,2,1,1.773438
7,4,80,6,24,1,1,0.15606,0.9576,1,5,1,1.222656
7,4,80,6,25,0,0,0.75861,0.57293,1,2,0,1.804688
7,4,80,6,26,0,0,0.79891,0.5654,0,1,1,2.179688
7,4,80,6,27,0,0,0.3814,0.22154,1,2,0,1.734375
7,4,80,6,28,0,1,0.50709,0.6813,0,1,0,1.5
7,4,80,6,29,0,0,0.79888,0.059935,0,1,1,1.101563
7,4,80,6,30,0,0,0.55425,0.31292,1,1,0,1.042969
7,4,80,6,31,0,0,0.62922,0.043994,1,1,0,1.269531
7,4,80,6,32,0,1,0.73288,0.83732,1,1,1,1.269531
7,4,80,6,33,0,1,0.29799,0.86089,1,2,1,1.160156
7,4,80,6,34,1,1,0.19705,0.62993,1,5,1,1.382813
7,4,80,6,35,0,1,0.20239,0.34503,0,1,0,1.820313
7,4,80,6,36,1,1,0.11579,0.67435,1,5,1,1.191406
7,4,80,6,37,1,1,0.034972,0.65609,1,5,1,1.011719
7,4,80,6,38,0,1,0.53849,0.99417,1,2,1,1.28125
7,4,80,6,39,0,0,0.5415,0.3573,0,1,1,0.9296875
7,4,80,6,40,1,1,0.05614,0.57724,1,5,1,1.101563
7,4,80,6,41,1,1,0.051341,0.9432,1,5,1,0.8710938
7,4,80,6,42,0,1,0.62138,0.76445,0,2,0,1.609375
7,4,80,6,43,0,1,0.41895,0.89132,1,2,1,0.9101563
7,4,80,6,44,0,0,0.65989,0.5026,1,2,0,1.0625
7,4,80,6,45,1,1,0.0078477,0.41686,1,5,1,1.261719
7,4,80,6,46,0,1,0.48612,0.77633,1,2,1,2.195313
7,4,80,6,47,1,1,0.14251,0.68966,1,5,1,1.089844
7,4,80,6,48,1,1,0.10971,0.6771,1,5,1,1.210938
7,4,80,6,49,0,1,0.26331,0.66656,0,1,0,1.511719
7,4,80,6,50,-1,0,0.8957,0.64343,0,5,1,1.5625
7,5,90,5,1,0,0,0.75367,0.63679,1,1,0,4.265625
7,5,90,5,2,0,0,0.79176,0.40039,1,1,0,2.351563
7,5,90,5,3,0,0,0.85876,0.56395,1,1,0,1.480469
7,5,90,5,4,0,0,0.52296,0.26521,1,1,0,0.703125
7,5,90,5,5,0,1,0.69779,0.8457,1,2,1,1.082031
7,5,90,5,6,0,1,0.32652,0.83862,1,2,1,1.429688
7,5,90,5,7,0,0,0.78124,0.20552,1,2,0,0.9296875
7,5,90,5,8,0,1,0.12664,0.41244,0,1,0,0.5820313
7,5,90,5,9,-1,0,0.92222,0.77933,0,3,1,1.589844
7,5,90,5,10,0,0,0.57962,0.40349,0,2,1,2.726563
7,5,90,5,11,0,0,0.78915,0.017572,1,1,0,1.984375
7,5,90,5,12,0,0,0.64303,0.50433,0,1,1,2.082031
7,5,90,5,13,0,1,0.28847,0.65935,0,1,0,1.855469
7,5,90,5,14,1,1,0.029969,0.32261,1,3,1,1.429688
7,5,90,5,15,0,0,0.76617,0.63267,1,2,0,1.519531
7,5,90,5,16,0,1,0.51271,0.8302,0,2,0,1.664063
7,5,90,5,17,1,1,0.08185,0.42483,1,4,1,1.402344
7,5,90,5,18,0,0,0.32913,0.30166,1,1,0,1.933594
7,5,90,5,19,1,1,0.096738,0.29961,1,4,1,1.285156
7,5,90,5,20,0,0,0.57552,0.062108,1,2,0,2.984375
7,5,90,5,21,1,1,0.013308,0.2409,1,4,1,1.203125
7,5,90,5,22,0,0,0.3998,0.14376,0,1,1,1.324219
7,5,90,5,23,0,0,0.89614,0.20607,1,1,0,2.523438
7,5,90,5,24,0,0,0.82758,0.2316,0,1,1,2.523438
7,5,90,5,25,0,0,0.89078,0.46773,1,1,0,1.972656
7,5,90,5,26,0,1,0.23226,0.57746,1,1,1,1.101563
7,5,90,5,27,0,1,0.67868,0.71138,1,2,1,1.230469
7,5,90,5,28,0,0,0.72393,0.25755,0,2,1,1.769531
7,5,90,5,29,0,1,0.50304,0.78574,0,2,0,1.171875
7,5,90,5,30,0,0,0.45038,0.34741,0,1,1,0.7226563
7,5,90,5,31,0,1,0.29417,0.40296,1,1,1,1.601563
7,5,90,5,32,1,1,0.0010104,0.5379,1,4,1,1.042969
7,5,90,5,33,0,1,0.22836,0.25237,0,2,0,2.410156
7,5,90,5,34,0,0,0.25357,0.080212,0,1,1,1.652344
7,5,90,5,35,0,1,0.12298,0.33504,1,1,1,2.441406
7,5,90,5,36,0,0,0.39347,0.34897,1,3,0,1.59375
7,5,90,5,37,0,1,0.61116,0.98114,1,2,1,1.972656
7,5,90,5,38,1,1,0.0060127,0.43977,1,4,1,1.332031
7,5,90,5,39,0,0,0.78453,0.14072,0,1,1,2.113281
7,5,90,5,40,0,1,0.10888,0.91696,0,1,0,2.332031
7,5,90,5,41,0,1,0.12255,0.30254,0,1,0,1.734375
7,5,90,5,42,0,0,0.49707,0.31632,1,1,0,1.613281
7,5,90,5,43,0,1,0.66277,0.70274,1,1,1,0.5429688
7,5,90,5,44,0,0,0.76088,0.43556,1,1,0,1.484375
7,5,90,5,45,0,1,0.33167,0.3539,1,2,1,1.710938
7,5,90,5,46,-1,0,0.93062,0.67804,0,5,1,1.292969
7,5,90,5,47,0,1,0.14662,0.53391,0,1,0,2.171875
7,5,90,5,48,1,1,0.014304,0.88155,1,5,1,1.460938
7,5,90,5,49,1,1,0.085044,0.13687,1,5,1,1.304688
7,5,90,5,50,0,1,0.18265,0.97474,0,1,0,1.945313
7,6,100,4,1,0,0,0.88476,0.79406,1,3,0,6.128906
7,6,100,4,2,0,1,0.06413,0.55809,1,3,1,1.8125
7,6,100,4,3,0,1,0.14128,0.52813,0,3,0,2.476563
7,6,100,4,4,0,0,0.84064,0.43875,1,4,0,2.003906
7,6,100,4,5,0,0,0.69454,0.11874,1,3,0,2.042969
7,6,100,4,6,0,0,0.89339,0.5077,1,2,0,0.9335938
7,6,100,4,7,0,1,0.24172,0.52048,1,2,1,2.785156
7,6,100,4,8,0,0,0.77677,0.71278,1,4,0,1.210938
7,6,100,4,9,0,1,0.8703,0.88534,0,3,0,2.53125
7,6,100,4,10,0,1,0.86146,0.92187,1,2,1,3.785156
7,6,100,4,11,0,0,0.096164,0.06767,1,2,0,1.652344
7,6,100,4,12,0,1,0.040758,0.088999,1,2,1,1.75
7,6,100,4,13,0,1,0.4005,0.92863,0,3,0,1.964844
7,6,100,4,14,0,1,0.64831,0.68726,0,3,0,2.074219
7,6,100,4,15,0,1,0.33219,0.6354,1,3,1,1.414063
7,6,100,4,16,0,1,0.64386,0.79476,1,3,1,1.644531
7,6,100,4,17,0,0,0.30918,0.1539,1,3,0,1.03125
7,6,100,4,18,0,1,0.086957,0.53308,0,3,0,0.984375
7,6,100,4,19,0,1,0.047068,0.41647,0,2,0,1.261719
7,6,100,4,20,0,0,0.86656,0.57327,1,2,0,2.019531
7,6,100,4,21,0,0,0.82333,0.6521,0,2,1,1.195313
7,6,100,4,22,0,1,0.93885,0.97889,0,2,0,1.234375
7,6,100,4,23,0,1,0.4071,0.4843,1,1,1,1.113281
7,6,100,4,24,0,1,0.90164,0.98791,0,1,0,1.332031
7,6,100,4,25,0,0,0.92833,0.49007,1,1,0,2.183594
7,6,100,4,26,0,0,0.85182,0.34082,1,1,0,1.511719
7,6,100,4,27,0,0,0.73652,0.019344,0,1,1,1.152344
7,6,100,4,28,0,1,0.36651,0.6461,1,1,1,1.210938
7,6,100,4,29,0,0,0.84984,0.83359,0,1,1,1.070313
7,6,100,4,30,0,0,0.5499,0.50774,1,1,0,1.601563
7,6,100,4,31,0,0,0.61596,0.070657,1,1,0,1.0
7,6,100,4,32,0,1,0.5737,0.90736,1,1,1,0.8320313
7,6,100,4,33,0,0,0.33581,0.12485,1,1,0,1.394531
7,6,100,4,34,0,1,0.3805,0.84519,0,1,0,1.3125
7,6,100,4,35,0,0,0.65318,0.58666,0,1,1,2.84375
7,6,100,4,36,0,1,0.10882,0.14857,1,1,1,14.76953
7,6,100,4,37,0,1,0.10317,0.96409,1,1,1,1.8125
7,6,100,4,38,0,0,0.90349,0.4106,0,1,1,1.292969
7,6,100,4,39,0,0,0.85416,0.64434,0,1,1,0.8710938
7,6,100,4,40,0,1,0.66547,0.90796,1,1,1,0.9101563
7,6,100,4,41,0,1,0.51741,0.53201,1,1,1,1.019531
7,6,100,4,42,0,0,0.45719,0.14543,0,2,1,1.121094
7,6,100,4,43,0,0,0.60293,0.0077583,0,2,1,1.171875
7,6,100,4,44,0,0,0.48244,0.42813,1,3,0,0.8828125
7,6,100,4,45,0,1,0.59269,0.84035,1,2,1,1.089844
7,6,100,4,46,0,0,0.31089,0.19668,1,2,0,1.101563
7,6,100,4,47,0,1,0.1186,0.27912,1,2,1,1.648438
7,6,100,4,48,0,0,0.18649,0.0050011,0,2,1,0.9921875
7,6,100,4,49,0,0,0.91119,0.083134,1,2,0,1.078125
7,6,100,4,50,0,0,0.51837,0.39456,0,2,1,0.5390625
8,1,50,4,1,1,0,0.25198,0.11033,1,3,0,1.273438
8,1,50,4,2,-1,0,0.78306,0.70213,0,3,1,0.8320313
8,1,50,4,3,1,1,0.45786,0.8853,1,3,1,0.9414063
8,1,50,4,4,-1,1,0.65169,0.71259,0,4,0,1.480469
8,1,50,4,5,-1,1,0.84458,0.87015,0,3,0,1.050781
8,1,50,4,6,1,1,0.30956,0.90754,1,3,1,1.070313
8,1,50,4,7,-1,0,0.79774,0.63209,0,3,1,0.8085938
8,1,50,4,8,-1,0,0.9723,0.80407,0,3,1,1.125
8,1,50,4,9,1,1,0.49707,0.6896,1,4,1,1.21875
8,1,50,4,10,-1,1,0.70584,0.90061,0,4,0,1.082031
8,1,50,4,11,-1,0,0.67472,0.33934,0,3,1,1.128906
8,1,50,4,12,-1,1,0.71055,0.93965,0,4,0,0.984375
8,1,50,4,13,-1,0,0.87811,0.62183,0,3,1,1.273438
8,1,50,4,14,-1,0,0.74687,0.69678,0,3,1,1.070313
8,1,50,4,15,-1,1,0.56289,0.76191,0,4,0,1.050781
8,1,50,4,16,-1,0,0.9395,0.049214,0,3,1,1.261719
8,1,50,4,17,-1,0,0.95055,0.71465,0,3,1,1.023438
8,1,50,4,18,-1,0,0.51162,0.24449,0,3,1,0.7539063
8,1,50,4,19,-1,0,0.9542,0.67468,0,4,1,0.7109375
8,1,50,4,20,-1,1,0.77871,0.83372,0,4,0,0.6015625
8,1,50,4,21,1,1,0.25448,0.38481,1,4,1,0.8710938
8,1,50,4,22,1,0,0.21764,0.011673,1,4,0,0.7304688
8,1,50,4,23,-1,1,0.6412,0.77829,0,3,0,0.7578125
8,1,50,4,24,1,1,0.36332,0.69739,1,3,1,1.421875
8,1,50,4,25,1,0,0.14823,0.12011,1,3,0,1.089844
8,1,50,4,26,-1,1,0.81421,0.84273,0,3,0,1.03125
8,1,50,4,27,-1,1,0.73818,0.76623,0,3,0,1.292969
8,1,50,4,28,-1,0,0.81408,0.076403,1,4,0,1.601563
8,1,50,4,29,-1,0,0.68219,0.088895,0,2,1,1.019531
8,1,50,4,30,-1,1,0.77966,0.928,0,2,0,0.9804688
8,1,50,4,31,1,1,0.32968,0.53678,1,2,1,1.101563
8,1,50,4,32,-1,0,0.61281,0.47741,0,3,1,1.152344
8,1,50,4,33,1,1,0.24549,0.71499,1,2,1,1.332031
8,1,50,4,34,-1,0,0.93125,0.20827,0,3,1,1.308594
8,1,50,4,35,-1,0,0.70204,0.091961,0,3,1,1.300781
8,1,50,4,36,-1,0,0.99277,0.31272,0,4,1,1.144531
8,1,50,4,37,-1,0,0.6492,0.39064,0,4,1,1.152344
8,1,50,4,38,1,1,0.41136,0.72329,1,4,1,0.96875
8,1,50,4,39,-1,1,0.91288,0.94339,0,4,0,1.621094
8,1,50,4,40,-1,0,0.67011,0.63123,0,3,1,1.070313
8,1,50,4,41,-1,0,0.97723,0.21705,0,4,1,0.9414063
8,1,50,4,42,-1,1,0.76463,0.96106,0,4,0,1.964844
8,1,50,4,43,1,0,0.1876,0.013072,1,3,0,1.421875
8,1,50,4,44,-1,0,0.80034,0.71572,0,3,1,1.03125
8,1,50,4,45,1,0,0.46213,0.32529,1,3,0,0.9726563
8,1,50,4,46,1,1,0.28154,0.32159,1,2,1,1.019531
8,1,50,4,47,1,1,0.15064,0.80268,1,3,1,0.8007813
8,1,50,4,48,-1,0,0.98258,0.45222,0,3,1,1.324219
8,1,50,4,49,-1,0,0.93817,0.5764,0,3,1,1.28125
8,1,50,4,50,-1,0,0.8127,0.67866,0,4,1,1.089844
8,2,60,1,1,1,1,0.35577,0.51435,1,3,1,2.640625
8,2,60,1,2,1,1,0.19941,0.72555,1,3,1,2.402344
8,2,60,1,3,1,1,0.038782,0.10456,1,3,1,3.375
8,2,60,1,4,-1,0,0.96998,0.7875,0,4,1,2.695313
8,2,60,1,5,1,0,0.321,0.088183,1,4,0,3.738281
8,2,60,1,6,1,1,0.12939,0.63995,1,3,1,5.25
8,2,60,1,7,-1,0,0.70786,0.42755,0,4,1,4.855469
8,2,60,1,8,0,0,0.59389,0.21829,0,4,1,3.164063
8,2,60,1,9,1,1,0.15211,0.7149,1,4,1,3.382813
8,2,60,1,10,1,1,0.02983,0.2742,1,4,1,2.863281
8,2,60,1,11,0,0,0.59741,0.52625,0,3,1,2.894531
8,2,60,1,12,1,1,0.14692,0.39567,1,4,1,3.773438
8,2,60,1,13,-1,0,0.69046,0.059394,0,5,1,2.582031
8,2,60,1,14,0,1,0.53401,0.9461,1,4,1,4.394531
8,2,60,1,15,1,0,0.22174,0.080528,1,5,0,2.804688
8,2,60,1,16,1,1,0.079062,0.41054,1,4,1,3.738281
8,2,60,1,17,1,0,0.37652,0.20761,1,4,0,0.96875
8,2,60,1,18,-1,1,0.67562,0.98082,0,4,0,2.683594
8,2,60,1,19,-1,0,0.96845,0.75538,0,4,1,2.273438
8,2,60,1,20,-1,0,0.88037,0.02504,0,5,1,5.246094
8,2,60,1,21,0,1,0.4444,0.53059,1,4,1,2.554688
8,2,60,1,22,0,0,0.52364,0.4623,1,3,0,2.394531
8,2,60,1,23,1,1,0.27106,0.44023,1,4,1,1.378906
8,2,60,1,24,-1,0,0.77797,0.77103,0,4,1,1.605469
8,2,60,1,25,0,1,0.58327,0.94496,0,3,0,2.074219
8,2,60,1,26,-1,0,0.74794,0.23859,0,4,1,1.164063
8,2,60,1,27,-1,1,0.70631,0.72583,0,4,0,1.371094
8,2,60,1,28,1,1,0.15624,0.41043,1,3,1,1.089844
8,2,60,1,29,1,1,0.2446,0.82574,1,4,1,1.320313
8,2,60,1,30,-1,0,0.81091,0.28183,0,4,1,1.429688
8,2,60,1,31,0,1,0.53572,0.75138,1,4,1,3.042969
8,2,60,1,32,1,1,0.16552,0.61359,1,4,1,1.320313
8,2,60,1,33,0,1,0.53859,0.778,0,3,0,1.582031
8,2,60,1,34,1,1,0.22488,0.65824,1,4,1,0.8789063
8,2,60,1,35,-1,0,0.81169,0.70023,0,4,1,1.019531
8,2,60,1,36,0,0,0.59616,0.00046282,1,4,0,2.140625
8,2,60,1,37,1,1,0.152,0.33005,1,4,1,1.082031
8,2,60,1,38,-1,0,0.76794,0.045737,0,4,1,1.734375
8,2,60,1,39,0,0,0.46097,0.23177,0,3,1,3.09375
8,2,60,1,40,1,1,0.079651,0.9241,1,4,1,1.421875
8,2,60,1,41,0,1,0.54824,0.89017,1,3,1,2.992188
8,2,60,1,42,0,1,0.42998,0.89812,1,3,1,2.003906
8,2,60,1,43,0,1,0.43195,0.97039,0,3,0,1.621094
8,2,60,1,44,-1,0,0.64843,0.052664,0,4,1,1.261719
8,2,60,1,45,-1,1,0.64884,0.74089,0,4,0,1.070313
8,2,60,1,46,1,1,0.24238,0.51274,1,4,1,1.269531
8,2,60,1,47,-1,0,0.82629,0.64004,0,4,1,1.113281
8,2,60,1,48,1,1,0.004658,0.81651,1,4,1,1.484375
8,2,60,1,49,0,1,0.52834,0.89912,0,2,0,2.324219
8,2,60,1,50,-1,1,0.91652,0.99683,0,4,0,1.210938
8,3,70,6,1,1,1,0.1811,0.25464,1,3,1,1.164063
8,3,70,6,2,1,1,0.18855,0.94355,1,3,1,0.9296875
8,3,70,6,3,0,0,0.57002,0.43358,1,3,0,5.617188
8,3,70,6,4,0,1,0.37725,0.48784,0,2,0,2.652344
8,3,70,6,5,0,1,0.50608,0.9015,0,2,0,1.683594
8,3,70,6,6,1,0,0.23777,0.17359,1,3,0,1.164063
8,3,70,6,7,-1,1,0.71732,0.8591,0,2,0,1.011719
8,3,70,6,8,-1,1,0.97166,0.98002,0,2,0,1.28125
8,3,70,6,9,1,1,0.1707,0.53834,0,2,0,2.785156
8,3,70,6,10,1,1,0.27991,0.78457,1,2,1,2.171875
8,3,70,6,11,-1,0,0.85452,0.021111,0,2,1,1.050781
8,3,70,6,12,0,1,0.53901,0.91949,0,2,0,2.113281
8,3,70,6,13,0,1,0.3656,0.42688,0,1,0,2.753906
8,3,70,6,14,-1,0,0.86604,0.03957,0,2,1,1.492188
8,3,70,6,15,0,1,0.40539,0.76467,1,1,1,1.644531
8,3,70,6,16,1,1,0.26683,0.94245,1,2,1,1.140625
8,3,70,6,17,-1,0,0.71458,0.61443,0,2,1,1.03125
8,3,70,6,18,-1,0,0.99206,0.58536,0,2,1,1.171875
8,3,70,6,19,-1,0,0.7266,0.59769,0,3,1,0.8710938
8,3,70,6,20,0,0,0.43451,0.3775,1,2,0,1.859375
8,3,70,6,21,1,0,0.29933,0.21497,1,3,0,1.34375
8,3,70,6,22,0,1,0.49174,0.68842,1,1,1,1.753906
8,3,70,6,23,0,1,0.38689,0.70828,0,1,0,1.402344
8,3,70,6,24,0,1,0.6382,0.7445,0,1,0,3.472656
8,3,70,6,25,-1,0,0.92613,0.12662,0,2,1,1.183594
8,3,70,6,26,0,1,0.3664,0.39652,1,1,1,2.101563
8,3,70,6,27,-1,0,0.77444,0.41441,0,2,1,2.632813
8,3,70,6,28,0,0,0.58296,0.51552,0,2,1,2.152344
8,3,70,6,29,-1,1,0.83253,0.8932,0,3,0,1.210938
8,3,70,6,30,0,1,0.49599,0.76701,0,2,0,2.644531
8,3,70,6,31,0,1,0.67244,0.72528,0,1,0,2.402344
8,3,70,6,32,1,0,0.2166,0.10615,1,2,0,1.378906
8,3,70,6,33,1,1,0.077006,0.89894,1,2,1,1.804688
8,3,70,6,34,-1,0,0.88972,0.77246,0,2,1,1.550781
8,3,70,6,35,1,1,0.029101,0.60749,1,2,1,1.109375
8,3,70,6,36,1,1,0.055467,0.60158,1,3,1,1.09375
8,3,70,6,37,0,1,0.51617,0.85294,1,2,1,3.3125
8,3,70,6,38,1,1,0.18177,0.5668,1,3,1,1.503906
8,3,70,6,39,0,0,0.6896,0.67749,0,2,1,2.261719
8,3,70,6,40,-1,0,0.72374,0.30915,0,3,1,1.273438
8,3,70,6,41,0,0,0.52044,0.47394,0,2,1,2.0625
8,3,70,6,42,1,1,0.25148,0.8645,1,4,1,1.210938
8,3,70,6,43,0,0,0.64454,0.063058,1,2,0,1.613281
8,3,70,6,44,1,1,0.16294,0.29976,1,4,1,1.039063
8,3,70,6,45,0,1,0.58844,0.70593,1,2,1,1.765625
8,3,70,6,46,-1,0,0.88446,0.1237,0,4,1,1.175781
8,3,70,6,47,-1,0,0.95869,0.81278,0,5,1,1.339844
8,3,70,6,48,0,1,0.35397,0.47336,1,2,1,2.351563
8,3,70,6,49,-1,0,0.85793,0.054013,0,5,1,1.191406
8,3,70,6,50,-1,1,0.83139,0.98391,0,5,0,1.0
8,4,80,3,1,1,1,0.0446,0.68972,1,3,1,1.574219
8,4,80,3,2,1,1,0.069729,0.081483,1,3,1,0.7304688
8,4,80,3,3,-1,0,0.95824,0.23619,0,3,1,1.59375
8,4,80,3,4,-1,0,0.84104,0.58541,0,4,1,1.082031
8,4,80,3,5,0,1,0.791,0.9222,1,3,1,4.546875
8,4,80,3,6,0,0,0.26403,0.10832,1,3,0,3.6875
8,4,80,3,7,0,1,0.54807,0.98431,1,3,1,3.566406
8,4,80,3,8,0,0,0.66044,0.61468,0,3,1,1.65625
8,4,80,3,9,0,1,0.30678,0.74937,0,3,0,1.253906
8,4,80,3,10,1,1,0.047811,0.97744,1,3,1,1.09375
8,4,80,3,11,1,1,0.035818,0.576,1,4,1,0.8046875
8,4,80,3,12,1,1,0.088374,0.20184,1,5,1,1.03125
8,4,80,3,13,0,1,0.40921,0.99887,0,3,0,1.722656
8,4,80,3,14,-1,0,0.95764,0.16112,0,4,1,1.3125
8,4,80,3,15,1,1,0.11807,0.28217,1,5,1,1.03125
8,4,80,3,16,1,1,0.12569,0.17036,1,5,1,0.8007813
8,4,80,3,17,-1,0,0.9722,0.3929,0,5,1,0.9882813
8,4,80,3,18,0,1,0.72529,0.953,1,3,1,2.101563
8,4,80,3,19,1,1,0.017747,0.44239,1,5,1,1.171875
8,4,80,3,20,0,0,0.7471,0.019959,1,3,0,1.84375
8,4,80,3,21,0,1,0.52574,0.92884,1,3,1,1.90625
8,4,80,3,22,-1,0,0.97248,0.087245,0,5,1,1.140625
8,4,80,3,23,1,1,0.052835,0.92498,1,5,1,1.574219
8,4,80,3,24,0,0,0.66691,0.48409,0,3,1,1.992188
8,4,80,3,25,0,0,0.53548,0.44378,0,3,1,2.214844
8,4,80,3,26,0,0,0.49516,0.37297,0,2,1,2.042969
8,4,80,3,27,0,1,0.40059,0.98339,1,3,1,1.84375
8,4,80,3,28,1,1,0.11375,0.96993,1,5,1,0.71875
8,4,80,3,29,0,1,0.26558,0.38014,1,3,1,1.332031
8,4,80,3,30,0,0,0.42179,0.3562,1,4,0,1.601563
8,4,80,3,31,1,1,0.066373,0.58924,1,4,1,0.8710938
8,4,80,3,32,-1,0,0.8578,0.01466,0,5,1,0.953125
8,4,80,3,33,0,1,0.46504,0.65806,0,3,0,1.8125
8,4,80,3,34,-1,0,0.94427,0.12898,0,5,1,1.28125
8,4,80,3,35,1,1,0.12201,0.22536,1,5,1,1.011719
8,4,80,3,36,0,1,0.39643,0.4721,1,3,1,1.730469
8,4,80,3,37,0,0,0.74119,0.11791,1,3,0,2.175781
8,4,80,3,38,0,1,0.28442,0.54031,0,2,0,2.292969
8,4,80,3,39,1,1,0.054686,0.33686,1,5,1,1.082031
8,4,80,3,40,0,0,0.36273,0.11392,0,2,1,1.632813
8,4,80,3,41,1,1,0.013442,0.98722,1,5,1,1.742188
8,4,80,3,42,0,0,0.79358,0.33646,0,2,1,1.152344
8,4,80,3,43,0,1,0.67935,0.87694,1,3,1,1.601563
8,4,80,3,44,0,1,0.20436,0.91175,1,3,1,1.753906
8,4,80,3,45,1,1,0.097041,0.5522,1,5,1,0.6640625
8,4,80,3,46,-1,0,0.9963,0.48681,0,5,1,0.9414063
8,4,80,3,47,0,0,0.65514,0.11585,1,3,0,1.253906
8,4,80,3,48,0,0,0.69902,0.35846,1,3,0,1.769531
8,4,80,3,49,0,1,0.43439,0.74275,0,2,0,1.273438
8,4,80,3,50,0,1,0.46266,0.67065,1,2,1,1.039063
8,5,90,5,1,0,1,0.56858,0.8612,0,1,0,1.433594
8,5,90,5,2,0,0,0.70497,0.45664,1,1,0,1.804688
8,5,90,5,3,0,0,0.69453,0.42396,0,1,1,1.8125
8,5,90,5,4,0,0,0.48661,0.043038,1,1,0,2.371094
8,5,90,5,5,0,0,0.51112,0.42845,0,1,1,2.09375
8,5,90,5,6,0,1,0.74092,0.82595,0,1,0,1.144531
8,5,90,5,7,0,0,0.82809,0.017207,0,1,1,0.71875
8,5,90,5,8,-1,0,0.92807,0.7716,0,2,1,1.109375
8,5,90,5,9,1,1,0.087588,0.83802,1,2,1,0.9726563
8,5,90,5,10,0,0,0.59236,0.12664,0,3,1,2.105469
8,5,90,5,11,0,1,0.13327,0.92791,0,3,0,1.472656
8,5,90,5,12,0,0,0.10515,0.0080897,1,3,0,1.671875
8,5,90,5,13,0,1,0.639,0.78792,0,2,0,1.300781
8,5,90,5,14,0,1,0.16085,0.1929,0,1,0,1.972656
8,5,90,5,15,0,0,0.88633,0.67984,0,1,1,2.332031
8,5,90,5,16,1,1,0.016721,0.46838,1,2,1,3.023438
8,5,90,5,17,1,1,0.079108,0.261,1,2,1,1.191406
8,5,90,5,18,1,1,0.0076967,0.27827,1,2,1,1.933594
8,5,90,5,19,0,0,0.63996,0.13215,0,2,1,1.8125
8,5,90,5,20,0,0,0.23101,0.01559,0,2,1,1.429688
8,5,90,5,21,-1,0,0.99617,0.010093,0,3,1,1.722656
8,5,90,5,22,0,1,0.12983,0.90279,1,2,1,2.0625
8,5,90,5,23,0,0,0.70832,0.67103,1,2,0,2.152344
8,5,90,5,24,0,0,0.13063,0.075861,1,2,0,1.78125
8,5,90,5,25,1,1,0.016481,0.26872,1,3,1,1.308594
8,5,90,5,26,0,0,0.18482,0.054867,0,2,1,4.265625
8,5,90,5,27,0,1,0.20137,0.62021,0,3,0,2.050781
8,5,90,5,28,0,1,0.17678,0.22602,0,2,0,2.070313
8,5,90,5,29,0,0,0.42098,0.30479,0,2,1,2.472656
8,5,90,5,30,0,0,0.6126,0.34668,0,2,1,6.347656
8,5,90,5,31,0,0,0.77781,0.69859,1,2,0,1.503906
8,5,90,5,32,0,0,0.79805,0.32343,0,2,1,1.101563
8,5,90,5,33,0,0,0.57421,0.12147,0,3,1,1.265625
8,5,90,5,34,0,1,0.34974,0.9553,0,3,0,0.5625
8,5,90,5,35,0,1,0.7378,0.88589,0,3,0,0.7304688
8,5,90,5,36,0,0,0.28372,0.2432,0,1,1,2.867188
8,5,90,5,37,0,0,0.72679,0.12144,0,2,1,1.855469
8,5,90,5,38,0,0,0.72015,0.026591,0,2,1,2.542969
8,5,90,5,39,0,0,0.50188,0.033333,0,3,1,1.703125
8,5,90,5,40,1,1,0.08528,0.67905,1,3,1,1.253906
8,5,90,5,41,0,1,0.32859,0.43781,0,2,0,3.707031
8,5,90,5,42,0,1,0.24367,0.32412,0,2,0,2.0625
8,5,90,5,43,0,1,0.31196,0.65156,1,1,1,2.855469
8,5,90,5,44,0,0,0.81469,0.2998,1,1,0,2.753906
8,5,90,5,45,1,1,0.07938,0.36747,1,3,1,1.625
8,5,90,5,46,0,0,0.77258,0.60952,1,2,0,2.84375
8,5,90,5,47,0,0,0.47966,0.10164,0,2,1,0.890625
8,5,90,5,48,0,0,0.26381,0.12005,0,2,1,2.34375
8,5,90,5,49,0,0,0.82952,0.26944,0,3,1,1.816406
8,5,90,5,50,0,1,0.11213,0.75448,0,3,0,0.5117188
8,6,100,2,1,0,0,0.87937,0.092029,0,3,1,3.214844
8,6,100,2,2,0,0,0.75787,0.21441,0,3,1,2.183594
8,6,100,2,3,0,0,0.92877,0.37352,1,3,0,1.53125
8,6,100,2,4,0,0,0.69658,0.20483,1,2,0,8.042969
8,6,100,2,5,0,0,0.55368,0.3289,0,1,1,1.761719
8,6,100,2,6,0,1,0.14624,0.68318,1,1,1,2.082031
8,6,100,2,7,0,1,0.88571,0.91398,0,2,0,1.75
8,6,100,2,8,0,0,0.74138,0.19436,1,1,0,1.421875
8,6,100,2,9,0,1,0.48184,0.92407,0,1,0,1.84375
8,6,100,2,10,0,0,0.86001,0.51685,1,1,0,1.300781
8,6,100,2,11,0,0,0.60447,0.099016,0,1,1,1.460938
8,6,100,2,12,0,1,0.16735,0.79006,0,1,0,1.332031
8,6,100,2,13,0,0,0.75931,0.47097,1,1,0,1.410156
8,6,100,2,14,0,1,0.018477,0.067234,1,1,1,2.136719
8,6,100,2,15,0,1,0.17591,0.19352,1,1,1,1.238281
8,6,100,2,16,0,0,0.88212,0.31149,1,1,0,1.082031
8,6,100,2,17,0,1,0.11557,0.14921,1,1,1,1.980469
8,6,100,2,18,0,1,0.032282,0.32689,0,1,0,2.132813
8,6,100,2,19,0,0,0.85123,0.040712,1,1,0,1.007813
8,6,100,2,20,0,1,0.051345,0.60161,0,1,0,1.363281
8,6,100,2,21,0,1,0.54289,0.79246,1,1,1,0.890625
8,6,100,2,22,0,0,0.56955,0.063978,1,1,0,1.0625
8,6,100,2,23,0,0,0.8186,0.25804,1,1,0,2.960938
8,6,100,2,24,0,1,0.021964,0.75222,1,1,1,1.570313
8,6,100,2,25,0,0,0.554,0.33899,1,1,0,1.0
8,6,100,2,26,0,1,0.12889,0.61181,0,1,0,1.441406
8,6,100,2,27,0,1,0.34169,0.68424,1,1,1,1.140625
8,6,100,2,28,0,1,0.45145,0.60406,1,1,1,2.273438
8,6,100,2,29,0,1,0.46128,0.82342,1,1,1,1.5
8,6,100,2,30,0,1,0.14654,0.9059,0,1,0,1.523438
8,6,100,2,31,0,1,0.14235,0.91274,0,1,0,1.734375
8,6,100,2,32,0,1,0.091428,0.62645,1,1,1,0.7109375
8,6,100,2,33,0,0,0.58472,0.26558,1,1,0,0.78125
8,6,100,2,34,0,0,0.7849,0.20668,1,1,0,0.6914063
8,6,100,2,35,0,0,0.65489,0.050233,1,1,0,0.4609375
8,6,100,2,36,0,0,0.501,0.44594,1,1,0,2.34375
8,6,100,2,37,0,1,0.46777,0.58731,0,1,0,1.25
8,6,100,2,38,0,0,0.95666,0.33558,1,1,0,0.75
8,6,100,2,39,0,1,0.69933,0.99514,1,1,1,2.101563
8,6,100,2,40,0,1,0.44504,0.86858,1,1,1,0.6796875
8,6,100,2,41,0,0,0.34958,0.27667,1,1,0,0.8046875
8,6,100,2,42,0,1,0.72453,0.77137,1,1,1,0.984375
8,6,100,2,43,0,0,0.67429,0.48611,1,1,0,0.78125
8,6,100,2,44,0,1,0.47405,0.77963,1,1,1,2.203125
8,6,100,2,45,0,1,0.59175,0.621,1,1,1,1.300781
8,6,100,2,46,0,0,0.19009,0.12503,1,1,0,0.53125
8,6,100,2,47,0,1,0.33837,0.50892,1,1,1,1.171875
8,6,100,2,48,0,0,0.93394,0.40923,1,1,0,0.4609375
8,6,100,2,49,0,0,0.79581,0.10341,1,1,0,2.273438
8,6,100,2,50,0,1,0.62187,0.6827,1,1,1,1.011719
9,1,50,6,1,-1,0,0.60313,0.56274,0,5,1,1.511719
9,1,50,6,2,-1,1,0.68454,0.80172,0,5,0,1.441406
9,1,50,6,3,1,1,0.26354,0.36406,1,4,1,1.074219
9,1,50,6,4,-1,1,0.53332,0.94682,0,4,0,1.324219
9,1,50,6,5,-1,0,0.95948,0.87761,0,3,1,1.441406
9,1,50,6,6,-1,0,0.97836,0.96198,0,3,1,1.160156
9,1,50,6,7,1,1,0.11125,0.55198,1,4,1,1.144531
9,1,50,6,8,-1,1,0.58582,0.64804,0,4,0,1.3125
9,1,50,6,9,-1,0,0.76047,0.18739,0,4,1,1.28125
9,1,50,6,10,-1,1,0.51333,0.5142,0,4,0,1.183594
9,1,50,6,11,1,1,0.0078462,0.28989,1,4,1,1.0625
9,1,50,6,12,-1,0,0.54824,0.11876,0,4,1,1.3125
9,1,50,6,13,1,1,0.04523,0.55425,1,4,1,1.121094
9,1,50,6,14,-1,0,0.9555,0.15656,0,4,1,0.9335938
9,1,50,6,15,1,1,0.0029292,0.73968,1,4,1,1.171875
9,1,50,6,16,-1,1,0.77824,0.97676,0,4,0,2.015625
9,1,50,6,17,-1,0,0.56039,0.41058,0,4,1,1.191406
9,1,50,6,18,1,1,0.089424,0.26262,1,4,1,1.230469
9,1,50,6,19,1,0,0.10731,0.060181,1,5,0,1.144531
9,1,50,6,20,-1,1,0.59977,0.74332,0,4,0,1.113281
9,1,50,6,21,1,1,0.17273,0.97912,1,3,1,0.8828125
9,1,50,6,22,1,1,0.22276,0.24732,1,4,1,1.109375
9,1,50,6,23,1,1,0.024043,0.66927,1,4,1,1.191406
9,1,50,6,24,-1,0,0.55581,0.41327,0,4,1,1.011719
9,1,50,6,25,1,0,0.39658,0.27118,1,4,0,1.128906
9,1,50,6,26,1,1,0.18477,0.76201,1,4,1,1.113281
9,1,50,6,27,-1,0,0.98691,0.4274,0,3,1,0.9609375
9,1,50,6,28,-1,0,0.76539,0.36825,0,4,1,1.390625
9,1,50,6,29,1,0,0.2094,0.084892,1,4,0,1.441406
9,1,50,6,30,1,1,0.23832,0.87676,1,4,1,1.480469
9,1,50,6,31,-1,1,0.72106,0.89479,0,4,0,1.34375
9,1,50,6,32,-1,0,0.86193,0.52334,0,4,1,1.242188
9,1,50,6,33,-1,0,0.84251,0.074625,0,4,1,1.601563
9,1,50,6,34,-1,1,0.60236,0.96969,0,4,0,1.710938
9,1,50,6,35,1,0,0.44652,0.20243,1,4,0,2.25
9,1,50,6,36,1,1,0.023079,0.66142,1,4,1,1.339844
9,1,50,6,37,1,1,0.4511,0.54481,1,4,1,1.640625
9,1,50,6,38,1,1,0.19029,0.95282,1,4,1,2.035156
9,1,50,6,39,-1,0,0.90195,0.063263,0,4,1,1.652344
9,1,50,6,40,-1,1,0.67662,0.87846,0,4,0,1.59375
9,1,50,6,41,-1,0,0.94808,0.41438,0,4,1,1.332031
9,1,50,6,42,1,1,0.40415,0.8701,1,4,1,1.203125
9,1,50,6,43,-1,0,0.91573,0.31464,0,4,1,1.441406
9,1,50,6,44,1,0,0.40718,0.038926,1,4,0,1.0
9,1,50,6,45,-1,0,0.84776,0.77869,0,4,1,1.082031
9,1,50,6,46,1,0,0.34728,0.11813,1,4,0,1.039063
9,1,50,6,47,1,1,0.21669,0.54127,1,3,1,1.414063
9,1,50,6,48,1,1,0.022063,0.26392,1,4,1,1.3125
9,1,50,6,49,1,0,0.32636,0.078611,1,4,0,1.332031
9,1,50,6,50,1,1,0.35777,0.6578,1,3,1,1.203125
9,2,60,1,1,1,1,0.28367,0.77686,1,5,1,2.191406
9,2,60,1,2,1,0,0.39558,0.0066792,1,5,0,1.550781
9,2,60,1,3,-1,0,0.94281,0.3765,0,5,1,1.691406
9,2,60,1,4,-1,0,0.62181,0.49102,0,5,1,1.5
9,2,60,1,5,-1,0,0.84708,0.65506,0,5,1,1.351563
9,2,60,1,6,1,1,0.0083348,0.98251,1,5,1,1.339844
9,2,60,1,7,0,0,0.43485,0.046206,0,3,1,3.285156
9,2,60,1,8,1,1,0.026691,0.61016,1,3,1,1.3125
9,2,60,1,9,1,1,0.2445,0.63466,1,5,1,1.253906
9,2,60,1,10,1,1,0.27991,0.82745,1,5,1,1.332031
9,2,60,1,11,0,1,0.43216,0.74177,1,3,1,1.769531
9,2,60,1,12,1,1,0.25241,0.71286,1,5,1,1.230469
9,2,60,1,13,0,1,0.59112,0.67238,0,3,0,2.972656
9,2,60,1,14,1,1,0.12823,0.91164,1,5,1,1.222656
9,2,60,1,15,-1,0,0.7274,0.56363,0,5,1,1.480469
9,2,60,1,16,0,1,0.43154,0.77656,0,3,0,2.375
9,2,60,1,17,0,0,0.55346,0.20423,1,3,0,2.402344
9,2,60,1,18,-1,0,0.96884,0.27511,0,5,1,1.332031
9,2,60,1,19,1,1,0.38688,0.91114,1,5,1,1.140625
9,2,60,1,20,1,1,0.30961,0.54209,1,5,1,1.292969
9,2,60,1,21,1,1,0.27232,0.65712,1,5,1,1.503906
9,2,60,1,22,-1,1,0.7775,0.85932,0,5,0,1.441406
9,2,60,1,23,-1,0,0.76117,0.41677,0,5,1,1.730469
9,2,60,1,24,-1,0,0.91038,0.83978,0,5,1,1.261719
9,2,60,1,25,-1,1,0.74443,0.90438,0,5,0,1.210938
9,2,60,1,26,-1,0,0.94404,0.52365,0,5,1,1.554688
9,2,60,1,27,1,1,0.023493,0.32976,1,5,1,1.230469
9,2,60,1,28,-1,0,0.76271,0.34061,0,3,1,1.203125
9,2,60,1,29,0,1,0.43054,0.64345,1,5,1,1.773438
9,2,60,1,30,-1,1,0.7183,0.85842,0,5,0,1.25
9,2,60,1,31,-1,0,0.8215,0.21359,0,5,1,1.359375
9,2,60,1,32,0,0,0.54098,0.29329,1,3,0,3.082031
9,2,60,1,33,0,0,0.44899,0.2991,0,3,1,1.621094
9,2,60,1,34,1,0,0.12121,7.8445e-05,1,3,0,1.363281
9,2,60,1,35,-1,0,0.6935,0.461,0,5,1,1.179688
9,2,60,1,36,0,0,0.491,0.010454,0,3,1,1.484375
9,2,60,1,37,0,1,0.43312,0.7097,1,4,1,1.984375
9,2,60,1,38,0,0,0.53085,0.51714,0,4,1,1.625
9,2,60,1,39,1,1,0.30463,0.95647,1,5,1,1.140625
9,2,60,1,40,1,1,0.01692,0.89908,1,5,1,1.304688
9,2,60,1,41,1,0,0.38123,0.3598,1,5,0,1.210938
9,2,60,1,42,0,0,0.59926,0.030861,1,5,0,1.644531
9,2,60,1,43,-1,0,0.64181,0.073103,0,5,1,1.210938
9,2,60,1,44,-1,0,0.94814,0.73976,0,5,1,5.859375
9,2,60,1,45,0,0,0.59258,0.55552,1,5,0,1.351563
9,2,60,1,46,-1,0,0.68784,0.51807,0,5,1,1.703125
9,2,60,1,47,1,1,0.13012,0.24059,1,5,1,0.9023438
9,2,60,1,48,-1,0,0.75124,0.67818,0,5,1,2.320313
9,2,60,1,49,0,1,0.40205,0.48721,1,5,1,2.332031
9,2,60,1,50,1,1,0.15269,0.43768,1,5,1,0.8984375
9,3,70,4,1,0,1,0.60364,0.85884,1,1,1,56.33984
9,3,70,4,2,-1,0,0.81236,0.63375,0,5,1,1.753906
9,3,70,4,3,-1,0,0.91657,0.84057,0,5,1,1.449219
9,3,70,4,4,1,1,0.11971,0.21559,1,5,1,0.921875
9,3,70,4,5,0,0,0.5834,0.20548,0,3,1,1.519531
9,3,70,4,6,-1,0,0.9309,0.19141,0,5,1,1.582031
9,3,70,4,7,1,1,0.047388,0.57861,1,5,1,1.792969
9,3,70,4,8,0,1,0.51451,0.92306,1,3,1,1.660156
9,3,70,4,9,1,0,0.24227,0.12697,1,5,0,1.453125
9,3,70,4,10,0,0,0.5686,0.16223,1,5,0,2.472656
9,3,70,4,11,0,0,0.51243,0.12314,1,2,0,1.773438
9,3,70,4,12,-1,0,0.88019,0.37048,0,5,1,1.691406
9,3,70,4,13,-1,0,0.73792,0.37769,0,5,1,1.84375
9,3,70,4,14,0,1,0.33314,0.6789,1,2,1,2.3125
9,3,70,4,15,1,1,0.24423,0.95657,1,5,1,1.140625
9,3,70,4,16,1,1,0.11306,0.96607,1,5,1,1.242188
9,3,70,4,17,-1,1,0.79805,0.87386,0,5,0,1.160156
9,3,70,4,18,0,0,0.69989,0.16997,1,2,0,3.285156
9,3,70,4,19,-1,0,0.97769,0.19999,0,5,1,1.644531
9,3,70,4,20,0,1,0.66132,0.71128,1,2,1,2.800781
9,3,70,4,21,1,1,0.1006,0.89594,1,5,1,1.34375
9,3,70,4,22,-1,0,0.91081,0.30707,0,4,1,1.3125
9,3,70,4,23,-1,0,0.9205,0.47935,0,5,1,1.371094
9,3,70,4,24,-1,0,0.80004,0.59847,0,5,1,1.261719
9,3,70,4,25,0,1,0.3324,0.73462,1,3,1,1.632813
9,3,70,4,26,-1,0,0.87302,0.576,0,5,1,1.320313
9,3,70,4,27,0,0,0.56428,0.43538,1,3,0,2.703125
9,3,70,4,28,1,1,0.12552,0.81043,1,5,1,1.183594
9,3,70,4,29,0,0,0.5676,0.30817,0,3,1,1.722656
9,3,70,4,30,-1,0,0.95486,0.0015946,0,5,1,1.492188
9,3,70,4,31,0,1,0.62945,0.83792,1,3,1,1.703125
9,3,70,4,32,-1,0,0.70163,0.63739,0,5,1,1.601563
9,3,70,4,33,0,0,0.37324,0.24632,1,3,0,1.683594
9,3,70,4,34,-1,1,0.76576,0.77836,0,5,0,1.324219
9,3,70,4,35,-1,0,0.91825,0.035442,0,5,1,1.363281
9,3,70,4,36,0,0,0.59828,0.38533,1,2,0,1.882813
9,3,70,4,37,0,1,0.47998,0.78167,1,2,1,1.484375
9,3,70,4,38,0,0,0.58981,0.26757,0,2,1,2.285156
9,3,70,4,39,-1,1,0.7242,0.886,0,5,0,1.542969
9,3,70,4,40,0,0,0.54018,0.36719,0,2,1,1.742188
9,3,70,4,41,0,1,0.46592,0.86942,0,2,0,1.511719
9,3,70,4,42,-1,0,0.74485,0.50123,0,4,1,1.632813
9,3,70,4,43,0,1,0.58668,0.60667,1,4,1,1.871094
9,3,70,4,44,-1,1,0.73976,0.96267,0,1,0,1.441406
9,3,70,4,45,0,0,0.32224,0.27571,1,2,0,1.472656
9,3,70,4,46,1,1,0.17138,0.77187,1,5,1,1.570313
9,3,70,4,47,0,0,0.68033,0.2537,0,2,1,2.402344
9,3,70,4,48,0,0,0.43903,0.22376,1,2,0,1.800781
9,3,70,4,49,0,1,0.59667,0.60533,1,2,1,1.472656
9,3,70,4,50,0,1,0.60771,0.61721,0,2,0,1.453125
9,4,80,2,1,-1,0,0.94262,0.39316,0,5,1,1.484375
9,4,80,2,2,0,1,0.20911,0.99562,1,5,1,1.902344
9,4,80,2,3,0,0,0.70661,0.48142,0,5,1,1.363281
9,4,80,2,4,0,1,0.48242,0.77974,1,5,1,1.410156
9,4,80,2,5,0,0,0.54356,0.25876,0,5,1,2.101563
9,4,80,2,6,0,0,0.62035,0.50691,1,5,0,0.9804688
9,4,80,2,7,1,1,0.18568,0.97531,1,5,1,1.421875
9,4,80,2,8,0,0,0.51041,0.14467,0,5,1,1.960938
9,4,80,2,9,0,0,0.48901,0.012691,1,5,0,4.316406
9,4,80,2,10,1,0,0.15359,0.015488,1,3,0,1.292969
9,4,80,2,11,0,0,0.62918,0.021791,0,3,1,1.230469
9,4,80,2,12,1,1,0.020454,0.22291,1,5,1,0.9921875
9,4,80,2,13,0,1,0.58844,0.95537,0,3,0,1.683594
9,4,80,2,14,0,1,0.4764,0.68356,1,5,1,1.378906
9,4,80,2,15,0,1,0.42403,0.90105,0,5,0,0.8828125
9,4,80,2,16,1,1,0.096323,0.53047,1,5,1,0.671875
9,4,80,2,17,1,1,0.012641,0.27013,1,5,1,1.414063
9,4,80,2,18,0,1,0.24729,0.34668,0,4,0,1.5625
9,4,80,2,19,-1,1,0.8863,0.91752,0,5,0,1.601563
9,4,80,2,20,1,1,0.18707,0.77957,1,4,1,0.9804688
9,4,80,2,21,0,0,0.66792,0.52304,0,4,1,1.480469
9,4,80,2,22,1,1,1.5584e-05,0.74182,1,4,1,1.691406
9,4,80,2,23,-1,0,0.92481,0.014968,0,4,1,1.332031
9,4,80,2,24,1,1,0.16401,0.46317,1,5,1,0.8125
9,4,80,2,25,0,1,0.34099,0.41221,1,5,1,2.191406
9,4,80,2,26,0,1,0.4029,0.54949,1,5,1,1.460938
9,4,80,2,27,-1,0,0.90726,0.057602,0,5,1,1.320313
9,4,80,2,28,0,1,0.31873,0.96026,1,5,1,2.003906
9,4,80,2,29,0,0,0.7559,0.40626,1,5,0,1.589844
9,4,80,2,30,-1,0,0.99828,0.88238,0,4,1,1.082031
9,4,80,2,31,-1,0,0.96914,0.46882,0,5,1,1.332031
9,4,80,2,32,0,1,0.39244,0.4163,1,5,1,1.734375
9,4,80,2,33,0,0,0.61492,0.52298,1,4,0,0.9023438
9,4,80,2,34,0,1,0.32734,0.9043,0,4,0,1.792969
9,4,80,2,35,1,1,0.083478,0.93606,1,3,1,1.53125
9,4,80,2,36,1,1,0.13384,0.77073,1,5,1,1.972656
9,4,80,2,37,0,0,0.51077,0.30972,0,2,1,1.679688
9,4,80,2,38,-1,0,0.8906,0.72666,0,5,1,1.300781
9,4,80,2,39,1,1,0.19985,0.75102,1,5,1,1.261719
9,4,80,2,40,0,1,0.37499,0.89135,0,4,0,1.480469
9,4,80,2,41,1,0,0.18779,0.13054,1,5,0,1.132813
9,4,80,2,42,0,0,0.26621,0.13606,0,2,1,2.375
9,4,80,2,43,0,1,0.28472,0.62976,1,3,1,1.765625
9,4,80,2,44,0,0,0.71306,0.45731,0,4,1,1.3125
9,4,80,2,45,0,0,0.77473,0.57993,1,4,0,1.492188
9,4,80,2,46,-1,0,0.84711,0.017181,0,5,1,1.574219
9,4,80,2,47,1,1,0.0061098,0.32673,1,5,1,1.070313
9,4,80,2,48,0,0,0.67808,0.070476,0,4,1,1.703125
9,4,80,2,49,0,1,0.56137,0.63907,1,3,1,1.875
9,4,80,2,50,0,1,0.21127,0.25848,0,3,0,1.300781
9,5,90,5,1,0,1,0.51482,0.86445,1,1,1,3.425781
9,5,90,5,2,0,1,0.38763,0.60156,0,1,0,1.664063
9,5,90,5,3,-1,0,0.95404,0.77381,0,5,1,1.429688
9,5,90,5,4,0,1,0.58073,0.79768,1,1,1,1.671875
9,5,90,5,5,0,0,0.52496,0.1514,1,1,0,1.390625
9,5,90,5,6,-1,0,0.95497,0.8533,0,5,1,0.75
9,5,90,5,7,0,1,0.16601,0.77738,1,1,1,1.671875
9,5,90,5,8,0,1,0.23112,0.26035,0,1,0,1.914063
9,5,90,5,9,0,0,0.56805,0.32575,1,1,0,2.320313
9,5,90,5,10,0,1,0.29519,0.57551,0,1,0,1.742188
9,5,90,5,11,0,1,0.32526,0.99749,1,1,1,1.621094
9,5,90,5,12,0,1,0.25925,0.43308,1,1,1,1.484375
9,5,90,5,13,0,1,0.60495,0.90997,0,1,0,1.402344
9,5,90,5,14,0,1,0.1558,0.27848,1,1,1,1.5625
9,5,90,5,15,0,0,0.83323,0.63088,0,1,1,1.5625
9,5,90,5,16,0,1,0.16907,0.45037,1,1,1,1.832031
9,5,90,5,17,0,0,0.20714,0.088247,1,1,0,1.652344
9,5,90,5,18,-1,1,0.93604,0.94514,0,1,0,0.9609375
9,5,90,5,19,0,0,0.66015,0.19909,1,1,0,1.640625
9,5,90,5,20,0,1,0.8004,0.95146,0,1,0,1.394531
9,5,90,5,21,0,1,0.68792,0.96368,1,1,1,1.570313
9,5,90,5,22,0,0,0.3611,0.29461,0,1,1,1.761719
9,5,90,5,23,1,1,0.02125,0.82336,1,5,1,1.101563
9,5,90,5,24,0,1,0.14359,0.61834,0,1,0,1.441406
9,5,90,5,25,0,0,0.40424,0.16139,1,1,0,1.371094
9,5,90,5,26,0,0,0.14241,0.055599,0,1,1,1.402344
9,5,90,5,27,0,0,0.27657,0.23249,1,1,0,1.300781
9,5,90,5,28,0,0,0.75838,0.58533,0,1,1,1.371094
9,5,90,5,29,0,1,0.10733,0.64669,1,1,1,1.511719
9,5,90,5,30,0,0,0.77335,0.085763,0,1,1,2.113281
9,5,90,5,31,0,1,0.20686,0.84633,1,1,1,1.570313
9,5,90,5,32,0,1,0.40914,0.49528,0,1,0,1.300781
9,5,90,5,33,0,1,0.28873,0.4919,1,1,1,1.402344
9,5,90,5,34,0,1,0.42318,0.51764,0,1,0,1.421875
9,5,90,5,35,0,0,0.80128,0.0053248,1,1,0,1.605469
9,5,90,5,36,1,1,0.093526,0.40469,1,5,1,1.628906
9,5,90,5,37,0,0,0.61733,0.31838,0,1,1,1.582031
9,5,90,5,38,-1,0,0.95641,0.95009,0,1,1,1.570313
9,5,90,5,39,0,0,0.77464,0.59063,1,1,0,1.691406
9,5,90,5,40,0,1,0.6797,0.71953,0,1,0,1.441406
9,5,90,5,41,1,1,0.052982,0.33031,1,1,1,1.351563
9,5,90,5,42,0,0,0.82336,0.49064,0,1,1,1.792969
9,5,90,5,43,0,1,0.66508,0.94807,1,1,1,1.613281
9,5,90,5,44,0,1,0.4899,0.65476,0,1,0,1.511719
9,5,90,5,45,0,0,0.83836,0.6869,0,1,1,1.644531
9,5,90,5,46,1,1,0.0033102,0.77615,1,1,1,1.183594
9,5,90,5,47,0,0,0.39218,0.073098,0,1,1,1.320313
9,5,90,5,48,0,0,0.29466,0.23649,1,1,0,2.019531
9,5,90,5,49,-1,0,0.9409,0.38894,0,5,1,1.171875
9,5,90,5,50,0,0,0.79652,0.07681,1,1,0,1.402344
9,6,100,3,1,0,0,0.99739,0.85213,1,4,0,4.757813
9,6,100,3,2,0,0,0.81924,0.056637,1,2,0,1.855469
9,6,100,3,3,0,0,0.49163,0.15307,1,4,0,4.078125
9,6,100,3,4,0,1,0.098618,0.95846,1,4,1,2.089844
9,6,100,3,5,0,0,0.70928,0.37656,0,1,1,1.710938
9,6,100,3,6,0,0,0.246,0.049586,1,2,0,1.351563
9,6,100,3,7,0,0,0.89779,0.69291,0,2,1,1.164063
9,6,100,3,8,0,1,0.76257,0.77352,1,2,1,0.9296875
9,6,100,3,9,0,1,0.62195,0.85856,0,2,0,1.351563
9,6,100,3,10,0,1,0.15875,0.72514,1,1,1,1.734375
9,6,100,3,11,0,0,0.052828,0.023913,0,1,1,3.164063
9,6,100,3,12,0,1,0.042396,0.331,1,1,1,1.722656
9,6,100,3,13,0,0,0.39888,0.14168,1,1,0,1.5625
9,6,100,3,14,0,1,0.34675,0.39613,0,1,0,1.960938
9,6,100,3,15,0,0,0.63737,0.29918,1,1,0,1.832031
9,6,100,3,16,0,1,0.25775,0.56433,1,1,1,1.640625
9,6,100,3,17,0,0,0.59635,0.15825,0,1,1,1.746094
9,6,100,3,18,0,0,0.46007,0.32515,1,1,0,1.972656
9,6,100,3,19,0,0,0.18544,0.096226,1,1,0,1.863281
9,6,100,3,20,0,1,0.37943,0.66874,0,1,0,1.875
9,6,100,3,21,0,0,0.52559,0.3858,1,1,0,1.691406
9,6,100,3,22,0,0,0.54871,0.37514,0,1,1,1.5625
9,6,100,3,23,0,1,0.33324,0.85672,1,1,1,0.5078125
9,6,100,3,24,0,0,0.83116,0.49944,0,1,1,1.785156
9,6,100,3,25,0,0,0.7289,0.32109,1,1,0,1.820313
9,6,100,3,26,0,1,0.28202,0.98164,0,1,0,1.902344
9,6,100,3,27,0,0,0.6447,0.22028,1,1,0,1.503906
9,6,100,3,28,0,1,0.27482,0.88176,0,1,0,1.765625
9,6,100,3,29,0,0,0.74919,0.74102,1,1,0,1.960938
9,6,100,3,30,0,0,0.67679,0.40819,0,1,1,1.910156
9,6,100,3,31,0,0,0.84948,0.70129,1,1,0,1.613281
9,6,100,3,32,0,1,0.59361,0.65897,0,1,0,1.480469
9,6,100,3,33,0,0,0.57241,0.32251,1,1,0,2.085938
9,6,100,3,34,0,1,0.61332,0.87955,0,1,0,3.144531
9,6,100,3,35,0,0,0.98938,0.57899,0,1,1,1.496094
9,6,100,3,36,0,1,0.30733,0.6603,1,1,1,1.601563
9,6,100,3,37,0,1,0.95969,0.99269,0,1,0,1.632813
9,6,100,3,38,0,1,0.34822,0.67657,0,1,0,0.7578125
9,6,100,3,39,0,0,0.87858,0.15649,1,1,0,0.5820313
9,6,100,3,40,0,1,0.24158,0.65902,0,1,0,2.191406
9,6,100,3,41,0,0,0.69818,0.55657,1,1,0,2.074219
9,6,100,3,42,0,0,0.81521,0.62126,0,1,1,2.632813
9,6,100,3,43,0,0,0.94377,0.036593,1,1,0,3.613281
9,6,100,3,44,0,1,0.42345,0.95096,1,1,1,1.703125
9,6,100,3,45,0,0,0.92685,0.44852,0,1,1,2.003906
9,6,100,3,46,0,0,0.53686,0.34425,1,1,0,2.371094
9,6,100,3,47,0,1,0.15451,0.78318,0,1,0,1.472656
9,6,100,3,48,0,0,0.59205,0.24524,1,1,0,1.894531
9,6,100,3,49,0,1,0.71967,0.91728,0,1,0,1.804688
9,6,100,3,50,0,1,0.12343,0.81304,1,1,1,2.0625
10,1,50,6,1,1,1,0.16534,0.33097,1,5,1,1.472656
10,1,50,6,2,1,1,0.31584,0.84165,1,4,1,0.9453125
10,1,50,6,3,1,1,0.48825,0.80932,1,5,1,0.4296875
10,1,50,6,4,1,0,0.45885,0.215,1,4,0,0.7304688
10,1,50,6,5,-1,0,0.71691,0.19251,0,3,1,1.222656
10,1,50,6,6,1,0,0.40056,0.15142,1,3,0,1.53125
10,1,50,6,7,1,1,0.44279,0.56264,1,3,1,6.167969
10,1,50,6,8,1,1,0.081602,0.15283,1,3,1,1.671875
10,1,50,6,9,1,1,0.11937,0.87964,1,2,1,0.8398438
10,1,50,6,10,-1,1,0.90205,0.96257,0,4,0,0.46875
10,1,50,6,11,1,1,0.14734,0.80201,1,2,1,1.882813
10,1,50,6,12,1,1,0.13325,0.93936,1,3,1,2.09375
10,1,50,6,13,-1,0,0.52747,0.39556,0,2,1,0.9492188
10,1,50,6,14,1,1,0.1291,0.28415,1,2,1,0.8632813
10,1,50,6,15,1,0,0.48595,0.13566,1,3,0,1.683594
10,1,50,6,16,1,1,0.47165,0.99108,1,1,1,1.613281
10,1,50,6,17,1,0,0.39193,0.073294,1,1,0,1.210938
10,1,50,6,18,-1,0,0.77123,0.37139,0,2,1,1.035156
10,1,50,6,19,1,1,0.37216,0.54377,1,3,1,2.972656
10,1,50,6,20,1,1,0.20639,0.22293,1,3,1,1.503906
10,1,50,6,21,1,0,0.40369,0.27672,1,2,0,4.445313
10,1,50,6,22,1,0,0.34998,0.30089,1,3,0,1.402344
10,1,50,6,23,-1,0,0.81889,0.23246,0,2,1,0.8710938
10,1,50,6,24,1,1,0.042476,0.78263,1,1,1,1.171875
10,1,50,6,25,1,1,0.34701,0.58903,1,2,1,1.09375
10,1,50,6,26,1,1,0.14456,0.3832,1,3,1,0.9375
10,1,50,6,27,-1,0,0.6672,0.30448,0,4,1,0.8125
10,1,50,6,28,-1,0,0.93286,0.78447,0,2,1,0.6914063
10,1,50,6,29,1,1,0.10255,0.3059,1,4,1,1.039063
10,1,50,6,30,-1,0,0.62579,0.061649,0,2,1,2.273438
10,1,50,6,31,-1,0,0.88387,0.71153,0,1,1,1.613281
10,1,50,6,32,1,1,0.17152,0.95595,1,3,1,0.953125
10,1,50,6,33,-1,0,0.76376,0.1655,0,2,1,1.304688
10,1,50,6,34,1,1,0.041124,0.7263,1,3,1,1.613281
10,1,50,6,35,-1,1,0.66094,0.88776,0,4,0,1.371094
10,1,50,6,36,-1,1,0.83218,0.93533,0,2,0,1.140625
10,1,50,6,37,-1,1,0.71663,0.94061,0,1,0,1.101563
10,1,50,6,38,1,1,0.1163,0.64861,1,1,1,0.5585938
10,1,50,6,39,-1,0,0.9895,0.69592,0,3,1,1.472656
10,1,50,6,40,-1,1,0.64583,0.74542,0,3,0,1.011719
10,1,50,6,41,1,1,0.42188,0.83507,1,2,1,0.859375
10,1,50,6,42,1,1,0.049097,0.72032,0,1,0,0.8398438
10,1,50,6,43,-1,0,0.6691,0.40645,0,1,1,1.109375
10,1,50,6,44,1,1,0.31005,0.91595,1,3,1,2.546875
10,1,50,6,45,-1,1,0.50435,0.92738,0,3,0,2.074219
10,1,50,6,46,-1,0,0.89037,0.096318,0,2,1,1.027344
10,1,50,6,47,-1,1,0.56717,0.99163,0,1,0,2.582031
10,1,50,6,48,-1,0,0.7283,0.32363,0,2,1,1.191406
10,1,50,6,49,-1,0,0.92807,0.30031,0,1,1,1.191406
10,1,50,6,50,-1,0,0.82676,0.36391,0,3,1,0.890625
10,2,60,1,1,0,1,0.49821,0.94278,0,1,0,2.914063
10,2,60,1,2,1,0,0.13115,0.069483,1,3,0,1.445313
10,2,60,1,3,1,1,0.047291,0.66505,1,3,1,2.492188
10,2,60,1,4,0,1,0.44549,0.91092,1,2,1,3.175781
10,2,60,1,5,1,0,0.27902,0.016536,0,3,1,4.75
10,2,60,1,6,-1,0,0.7596,0.24715,0,3,1,1.972656
10,2,60,1,7,1,1,0.13891,0.38337,1,4,1,1.703125
10,2,60,1,8,1,1,0.25884,0.30857,1,4,1,1.453125
10,2,60,1,9,1,1,0.12947,0.66352,1,4,1,1.78125
10,2,60,1,10,0,0,0.4611,0.16899,0,4,1,1.210938
10,2,60,1,11,1,1,0.28081,0.78029,1,5,1,1.039063
10,2,60,1,12,-1,0,0.89397,0.53423,0,3,1,2.125
10,2,60,1,13,1,1,0.02491,0.044958,1,5,1,1.128906
10,2,60,1,14,1,1,9.4567e-05,0.97889,1,5,1,2.503906
10,2,60,1,15,1,1,0.21967,0.85536,1,4,1,1.109375
10,2,60,1,16,-1,1,0.8273,0.87175,0,3,0,1.652344
10,2,60,1,17,0,0,0.55214,0.43992,0,2,1,1.109375
10,2,60,1,18,-1,0,0.87348,0.25547,0,3,1,1.363281
10,2,60,1,19,0,1,0.42293,0.4692,1,1,1,1.242188
10,2,60,1,20,0,1,0.52246,0.7435,0,2,0,1.984375
10,2,60,1,21,-1,1,0.6029,0.71508,0,2,0,1.179688
10,2,60,1,22,1,0,0.28685,0.19466,0,1,1,0.8789063
10,2,60,1,23,1,1,0.15628,0.19972,1,3,1,1.710938
10,2,60,1,24,-1,0,0.74944,0.16686,0,4,1,1.5625
10,2,60,1,25,1,1,0.16167,0.45656,1,5,1,1.261719
10,2,60,1,26,1,1,0.024203,0.84104,1,3,1,1.644531
10,2,60,1,27,-1,0,0.91303,0.57004,0,2,1,0.8125
10,2,60,1,28,-1,0,0.98558,0.12138,0,4,1,1.25
10,2,60,1,29,0,0,0.49221,0.0023374,1,2,0,2.964844
10,2,60,1,30,-1,0,0.69303,0.48958,1,2,0,1.601563
10,2,60,1,31,1,1,0.28488,0.33632,1,3,1,1.203125
10,2,60,1,32,1,0,0.3123,0.038702,1,4,0,1.109375
10,2,60,1,33,1,1,0.093589,0.13056,1,2,1,1.230469
10,2,60,1,34,1,1,0.041446,0.65486,1,4,1,3.066406
10,2,60,1,35,-1,0,0.71432,0.2838,0,3,1,1.519531
10,2,60,1,36,-1,1,0.77093,0.98457,0,3,0,1.542969
10,2,60,1,37,0,1,0.45865,0.74015,0,2,0,2.445313
10,2,60,1,38,0,1,0.42254,0.44601,1,4,1,2.441406
10,2,60,1,39,-1,1,0.69553,0.93053,0,3,0,1.863281
10,2,60,1,40,-1,1,0.86976,0.9872,0,1,0,1.234375
10,2,60,1,41,1,1,0.24074,0.29752,1,3,1,0.9804688
10,2,60,1,42,-1,1,0.78618,0.84711,1,2,1,0.7695313
10,2,60,1,43,-1,0,0.60211,0.12913,1,2,0,1.511719
10,2,60,1,44,-1,0,0.86187,0.25876,0,2,1,1.972656
10,2,60,1,45,1,1,0.1238,0.55105,1,4,1,2.101563
10,2,60,1,46,1,1,0.32588,0.94754,1,3,1,1.128906
10,2,60,1,47,0,0,0.51552,0.44012,1,3,0,3.082031
10,2,60,1,48,0,1,0.46728,0.65782,1,2,1,1.761719
10,2,60,1,49,0,1,0.5009,0.89289,1,4,1,1.03125
10,2,60,1,50,-1,0,0.7568,0.089137,0,3,1,1.171875
10,3,70,2,1,-1,0,0.72222,0.095951,0,5,1,1.410156
10,3,70,2,2,-1,0,0.72375,0.28826,0,4,1,1.140625
10,3,70,2,3,1,1,0.15807,0.98484,1,4,1,0.984375
10,3,70,2,4,0,1,0.47811,0.79264,1,3,1,1.910156
10,3,70,2,5,0,1,0.64973,0.8147,1,2,1,2.535156
10,3,70,2,6,-1,0,0.9792,0.065024,0,3,1,1.050781
10,3,70,2,7,0,1,0.62374,0.70731,1,4,1,1.203125
10,3,70,2,8,0,1,0.65939,0.92286,0,3,0,1.980469
10,3,70,2,9,0,0,0.53393,0.44331,0,2,1,2.253906
10,3,70,2,10,0,1,0.325,0.54993,1,4,1,3.855469
10,3,70,2,11,1,1,0.077236,0.11041,1,3,1,1.371094
10,3,70,2,12,1,1,0.22086,0.56035,1,4,1,0.7929688
10,3,70,2,13,-1,1,0.75205,0.9153,0,3,0,1.230469
10,3,70,2,14,-1,0,0.88204,0.25365,0,2,1,1.164063
10,3,70,2,15,-1,0,0.71514,0.51892,1,3,0,2.222656
10,3,70,2,16,-1,0,0.99203,0.19325,0,4,1,1.160156
10,3,70,2,17,-1,0,0.92664,0.33665,0,3,1,1.363281
10,3,70,2,18,-1,0,0.81956,0.18997,0,4,1,1.292969
10,3,70,2,19,1,1,0.071683,0.80139,1,4,1,1.011719
10,3,70,2,20,-1,0,0.9745,0.49302,0,3,1,0.8632813
10,3,70,2,21,0,0,0.59219,0.045524,1,2,0,1.171875
10,3,70,2,22,0,0,0.48652,0.37296,1,2,0,1.824219
10,3,70,2,23,-1,0,0.89037,0.85501,0,3,1,1.160156
10,3,70,2,24,0,1,0.5896,0.91622,1,3,1,1.515625
10,3,70,2,25,0,1,0.43251,0.97485,1,2,1,1.351563
10,3,70,2,26,-1,0,0.76308,0.6589,0,3,1,1.34375
10,3,70,2,27,0,0,0.68725,0.63099,1,4,0,1.433594
10,3,70,2,28,1,1,0.084508,0.49506,1,3,1,1.664063
10,3,70,2,29,-1,0,0.95283,0.13934,0,2,1,1.101563
10,3,70,2,30,0,0,0.67483,0.20942,0,2,1,2.164063
10,3,70,2,31,0,0,0.63732,0.5272,1,3,0,2.214844
10,3,70,2,32,0,1,0.60725,0.66331,1,2,1,3.492188
10,3,70,2,33,1,1,0.097191,0.40131,1,2,1,1.273438
10,3,70,2,34,0,1,0.45523,0.70633,0,1,0,1.734375
10,3,70,2,35,1,1,0.06314,0.60181,1,2,1,1.140625
10,3,70,2,36,0,0,0.68678,0.56035,0,1,1,1.441406
10,3,70,2,37,0,1,0.33468,0.52368,0,2,0,1.464844
10,3,70,2,38,0,0,0.65716,0.56045,1,3,0,1.140625
10,3,70,2,39,0,1,0.31826,0.91781,0,2,0,1.742188
10,3,70,2,40,-1,0,0.82007,0.81823,0,2,1,1.652344
10,3,70,2,41,1,1,0.088752,0.26617,1,4,1,0.9609375
10,3,70,2,42,-1,0,0.80984,0.24138,1,3,0,1.753906
10,3,70,2,43,1,1,0.22437,0.57583,1,4,1,3.09375
10,3,70,2,44,-1,0,0.84115,0.34574,0,5,1,1.332031
10,3,70,2,45,1,1,0.079183,0.65665,1,3,1,2.714844
10,3,70,2,46,-1,0,0.71018,0.41852,0,4,1,1.203125
10,3,70,2,47,0,1,0.6415,0.79961,0,4,0,2.664063
10,3,70,2,48,-1,0,0.98552,0.55633,0,2,1,2.105469
10,3,70,2,49,1,1,0.038529,0.94625,1,3,1,1.082031
10,3,70,2,50,0,1,0.67373,0.80774,1,2,1,3.09375
10,4,80,4,1,0,0,0.77883,0.34405,1,2,0,1.785156
10,4,80,4,2,1,1,0.088531,0.89669,1,3,1,1.675781
10,4,80,4,3,0,1,0.22609,0.7578,0,1,0,1.203125
10,4,80,4,4,-1,0,0.90314,0.27211,0,4,1,1.113281
10,4,80,4,5,0,0,0.79256,0.14658,0,2,1,1.792969
10,4,80,4,6,-1,0,0.84127,0.18176,0,3,1,1.582031
10,4,80,4,7,0,1,0.79861,0.87544,1,2,1,2.390625
10,4,80,4,8,0,1,0.26484,0.52688,0,4,0,3.132813
10,4,80,4,9,-1,0,0.9669,0.88358,0,2,1,2.402344
10,4,80,4,10,0,0,0.70444,0.66571,1,4,0,3.382813
10,4,80,4,11,0,0,0.36046,0.27354,1,2,0,1.210938
10,4,80,4,12,-1,0,0.88708,0.13485,0,3,1,1.800781
10,4,80,4,13,1,1,0.084995,0.38697,1,2,1,2.542969
10,4,80,4,14,1,0,0.16746,0.059326,1,3,0,0.9492188
10,4,80,4,15,0,1,0.59344,0.9885,1,3,1,6.398438
10,4,80,4,16,0,0,0.51709,0.34955,0,2,1,1.144531
10,4,80,4,17,-1,0,0.86477,0.69215,0,1,1,1.75
10,4,80,4,18,0,1,0.79033,0.96463,1,3,1,1.160156
10,4,80,4,19,0,0,0.46032,0.0062631,0,3,1,0.9101563
10,4,80,4,20,0,1,0.59932,0.80344,0,2,0,1.03125
10,4,80,4,21,-1,0,0.90291,0.76757,1,3,0,2.265625
10,4,80,4,22,0,1,0.27402,0.76633,0,1,0,1.511719
10,4,80,4,23,0,1,0.37948,0.46902,1,3,1,4.828125
10,4,80,4,24,0,1,0.36017,0.56888,0,2,0,1.625
10,4,80,4,25,-1,0,0.98851,0.60382,0,3,1,1.261719
10,4,80,4,26,1,1,0.071244,0.90953,1,4,1,1.550781
10,4,80,4,27,-1,0,0.97977,0.40572,0,5,1,0.5117188
10,4,80,4,28,1,1,0.18057,0.44113,1,5,1,0.8710938
10,4,80,4,29,0,0,0.4426,0.07373,0,2,1,1.140625
10,4,80,4,30,0,1,0.22331,0.58481,1,2,1,0.9023438
10,4,80,4,31,0,0,0.6488,0.4358,1,3,0,1.53125
10,4,80,4,32,-1,0,0.83451,0.74644,0,5,1,1.082031
10,4,80,4,33,0,1,0.22989,0.4941,0,1,0,0.9804688
10,4,80,4,34,-1,0,0.99255,0.12718,0,5,1,2.164063
10,4,80,4,35,-1,0,0.95981,0.78136,0,5,1,1.292969
10,4,80,4,36,0,0,0.40877,0.23892,1,2,0,1.929688
10,4,80,4,37,0,1,0.52509,0.92825,1,1,1,2.035156
10,4,80,4,38,0,0,0.47577,0.24071,0,1,1,1.28125
10,4,80,4,39,0,0,0.79055,0.49544,1,1,0,1.445313
10,4,80,4,40,0,1,0.56888,0.91728,0,3,0,1.429688
10,4,80,4,41,0,1,0.74403,0.89988,0,1,0,1.5625
10,4,80,4,42,0,0,0.31858,0.14128,0,1,1,1.375
10,4,80,4,43,0,0,0.75365,0.10676,1,1,0,1.722656
10,4,80,4,44,-1,1,0.80477,0.83775,0,5,0,0.953125
10,4,80,4,45,-1,0,0.99214,0.51425,1,2,0,3.226563
10,4,80,4,46,1,1,0.11541,0.71943,1,5,1,1.492188
10,4,80,4,47,-1,0,0.89665,0.48824,0,4,1,1.070313
10,4,80,4,48,0,1,0.22473,0.25145,1,2,1,1.671875
10,4,80,4,49,0,1,0.57796,0.57866,0,1,0,1.050781
10,4,80,4,50,0,0,0.56593,0.40883,1,1,0,1.640625
10,5,90,3,1,0,0,0.8473,0.61632,1,2,0,3.664063
10,5,90,3,2,0,0,0.75305,0.030817,0,1,1,1.03125
10,5,90,3,3,0,0,0.74018,0.32512,1,1,0,1.121094
10,5,90,3,4,0,1,0.2509,0.63289,0,4,0,1.042969
10,5,90,3,5,0,1,0.18794,0.37255,0,2,0,2.03125
10,5,90,3,6,0,1,0.11832,0.93575,1,1,1,0.8828125
10,5,90,3,7,0,0,0.80925,0.6994,1,1,0,0.703125
10,5,90,3,8,-1,0,0.98021,0.72112,1,1,0,0.9609375
10,5,90,3,9,0,0,0.75185,0.46703,0,1,1,1.742188
10,5,90,3,10,1,1,0.017073,0.94042,1,3,1,1.242188
10,5,90,3,11,0,1,0.23464,0.31627,0,2,0,1.042969
10,5,90,3,12,0,1,0.5208,0.91627,1,1,1,1.441406
10,5,90,3,13,1,0,0.058557,0.046154,1,3,0,1.292969
10,5,90,3,14,0,0,0.7146,0.20473,0,2,1,3.613281
10,5,90,3,15,0,1,0.10209,0.38635,0,2,0,3.183594
10,5,90,3,16,0,0,0.41381,0.17452,1,1,0,2.726563
10,5,90,3,17,0,0,0.83525,0.42495,1,1,0,5.660156
10,5,90,3,18,0,0,0.77517,0.56078,1,5,0,1.632813
10,5,90,3,19,-1,0,0.9707,0.15174,0,2,1,1.292969
10,5,90,3,20,0,1,0.33023,0.74691,0,2,0,1.992188
10,5,90,3,21,0,1,0.32116,0.97601,1,2,1,1.179688
10,5,90,3,22,0,0,0.78654,0.78612,1,1,0,0.9804688
10,5,90,3,23,0,0,0.67904,0.23918,0,2,1,0.8125
10,5,90,3,24,0,1,0.58912,0.97313,0,1,0,1.535156
10,5,90,3,25,0,1,0.35207,0.55496,0,1,0,1.304688
10,5,90,3,26,1,1,0.088859,0.39977,1,3,1,1.523438
10,5,90,3,27,1,1,0.07137,0.53036,1,2,1,1.582031
10,5,90,3,28,0,1,0.30092,0.36839,1,4,1,2.90625
10,5,90,3,29,0,1,0.11863,0.82367,0,2,0,1.644531
10,5,90,3,30,0,1,0.10076,0.6936,1,4,1,0.6914063
10,5,90,3,31,0,0,0.56355,0.49856,0,3,1,0.7695313
10,5,90,3,32,0,0,0.70459,0.39564,1,2,0,1.773438
10,5,90,3,33,0,1,0.27387,0.54389,0,1,0,0.703125
10,5,90,3,34,0,1,0.32089,0.60646,1,1,1,1.503906
10,5,90,3,35,0,1,0.76278,0.93642,1,5,1,3.003906
10,5,90,3,36,0,0,0.38221,0.029058,0,2,1,1.261719
10,5,90,3,37,0,0,0.51838,0.1908,1,3,0,1.925781
10,5,90,3,38,-1,0,0.96204,0.83565,0,2,1,1.890625
10,5,90,3,39,0,0,0.82946,0.26132,0,4,1,1.460938
10,5,90,3,40,-1,0,0.95062,0.17984,0,3,1,1.582031
10,5,90,3,41,-1,0,0.98761,0.57758,0,3,1,1.652344
10,5,90,3,42,0,0,0.62876,0.38546,1,2,0,1.964844
10,5,90,3,43,0,0,0.85869,0.63751,0,2,1,2.773438
10,5,90,3,44,1,1,0.017831,0.71468,1,2,1,2.386719
10,5,90,3,45,0,0,0.38972,0.34148,0,1,1,3.957031
10,5,90,3,46,0,0,0.85599,0.074302,1,2,0,1.132813
10,5,90,3,47,0,1,0.22178,0.8837,1,1,1,1.402344
10,5,90,3,48,0,1,0.65869,0.72421,0,2,0,0.8203125
10,5,90,3,49,0,1,0.75354,0.89121,1,1,1,1.101563
10,5,90,3,50,0,1,0.12115,0.16585,1,2,1,1.101563
10,6,100,5,1,0,1,0.5325,0.84558,0,3,0,1.203125
10,6,100,5,2,0,1,0.7594,0.9307,1,3,1,0.6523438
10,6,100,5,3,0,0,0.60814,0.17402,1,3,0,0.7109375
10,6,100,5,4,0,0,0.85823,0.82654,1,2,0,4.007813
10,6,100,5,5,0,0,0.48099,0.086088,0,1,1,1.152344
10,6,100,5,6,0,0,0.88862,0.23152,0,2,1,1.023438
10,6,100,5,7,0,0,0.2469,0.081327,0,3,1,1.121094
10,6,100,5,8,0,0,0.91553,0.41858,0,3,1,0.5273438
10,6,100,5,9,0,0,0.68699,0.20468,0,3,1,0.8398438
10,6,100,5,10,0,0,0.94912,0.24704,0,5,1,0.4882813
10,6,100,5,11,0,0,0.83153,0.48277,0,4,1,0.8320313
10,6,100,5,12,0,0,0.66333,0.34898,0,5,1,0.3710938
10,6,100,5,13,0,0,0.96828,0.84495,0,5,1,0.390625
10,6,100,5,14,0,0,0.97513,0.32649,0,5,1,1.734375
10,6,100,5,15,0,0,0.77366,0.55646,0,5,1,0.7695313
10,6,100,5,16,0,1,0.42406,0.51848,0,4,0,0.4179688
10,6,100,5,17,0,0,0.47818,0.039734,0,2,1,0.5507813
10,6,100,5,18,0,0,0.68322,0.3114,0,3,1,0.8007813
10,6,100,5,19,0,0,0.57781,0.27012,0,3,1,1.460938
10,6,100,5,20,0,0,0.41808,0.091381,0,3,1,0.9101563
10,6,100,5,21,0,0,0.51042,0.069417,0,4,1,0.6015625
10,6,100,5,22,0,0,0.88334,0.50071,1,2,0,0.5507813
10,6,100,5,23,0,0,0.82496,0.39924,0,3,1,0.4414063
10,6,100,5,24,0,1,0.013068,0.82799,0,4,0,0.8398438
10,6,100,5,25,0,1,0.13688,0.37312,0,2,0,0.4492188
10,6,100,5,26,0,0,0.57552,0.49683,1,4,0,0.3203125
10,6,100,5,27,0,1,0.27232,0.56342,0,3,0,0.3789063
10,6,100,5,28,0,0,0.90311,0.2561,1,2,0,1.097656
10,6,100,5,29,0,1,0.15198,0.90471,1,1,1,0.7421875
10,6,100,5,30,0,0,0.94472,0.74679,1,5,0,0.3710938
10,6,100,5,31,0,0,0.5576,0.092809,1,3,0,0.4140625
10,6,100,5,32,0,0,0.79286,0.13588,0,5,1,1.414063
10,6,100,5,33,0,1,0.037208,0.66904,0,4,0,1.011719
10,6,100,5,34,0,0,0.97612,0.001915,0,4,1,0.8710938
10,6,100,5,35,0,0,0.17781,0.057117,0,3,1,2.792969
10,6,100,5,36,0,1,0.45692,0.49561,0,2,0,1.03125
10,6,100,5,37,0,1,0.042535,0.53671,1,2,1,2.175781
10,6,100,5,38,0,1,0.67488,0.86576,1,4,1,0.3710938
10,6,100,5,39,0,0,0.8002,0.67195,1,4,0,4.214844
10,6,100,5,40,0,1,0.10637,0.53685,1,3,1,0.8554688
10,6,100,5,41,0,0,0.54611,0.10353,1,2,0,1.851563
10,6,100,5,42,0,0,0.30267,0.032005,0,2,1,0.9023438
10,6,100,5,43,0,1,0.26296,0.33331,0,3,0,0.53125
10,6,100,5,44,0,0,0.53184,0.30526,0,5,1,0.5703125
10,6,100,5,45,0,0,0.15325,0.081833,1,4,0,0.9101563
10,6,100,5,46,0,1,0.17382,0.24573,0,3,0,1.011719
10,6,100,5,47,0,0,0.66031,0.27147,1,1,0,1.210938
10,6,100,5,48,0,0,0.91723,0.54738,1,1,0,0.359375
10,6,100,5,49,0,0,0.95951,0.38195,0,1,1,0.359375
10,6,100,5,50,0,0,0.55297,0.53574,0,1,1,0.8320313
11,1,50,6,1,-1,0,0.7692,0.061314,0,5,1,1.214844
11,1,50,6,2,1,0,0.41599,0.2439,1,5,0,2.339844
11,1,50,6,3,-1,0,0.523,0.24676,0,3,1,1.042969
11,1,50,6,4,-1,1,0.77313,0.84318,0,2,0,2.042969
11,1,50,6,5,-1,1,0.56413,0.58242,0,2,0,1.003906
11,1,50,6,6,-1,0,0.96532,0.52743,1,3,0,0.2929688
11,1,50,6,7,-1,0,0.73827,0.20145,0,2,1,0.8320313
11,1,50,6,8,1,1,0.44001,0.91195,1,3,1,0.6210938
11,1,50,6,9,1,1,0.41625,0.63278,1,3,1,0.9023438
11,1,50,6,10,1,1,0.20018,0.34682,1,3,1,1.050781
11,1,50,6,11,-1,0,0.99848,0.23841,0,3,1,1.261719
11,1,50,6,12,-1,0,0.92938,0.33761,0,3,1,1.0
11,1,50,6,13,-1,0,0.80867,0.28884,0,3,1,1.03125
11,1,50,6,14,-1,0,0.59927,0.18583,0,3,1,1.191406
11,1,50,6,15,-1,0,0.56844,0.38844,0,5,1,1.421875
11,1,50,6,16,-1,0,0.67871,0.20581,0,4,1,1.019531
11,1,50,6,17,1,0,0.14916,0.047048,1,4,0,0.96875
11,1,50,6,18,-1,1,0.63859,0.87773,0,3,0,2.203125
11,1,50,6,19,-1,0,0.88099,0.54237,0,4,1,1.78125
11,1,50,6,20,1,1,0.24471,0.95167,0,4,0,1.582031
11,1,50,6,21,1,0,0.4611,0.22703,1,2,0,1.691406
11,1,50,6,22,-1,0,0.71964,0.60429,0,2,1,3.527344
11,1,50,6,23,-1,1,0.57791,0.71456,0,3,0,1.070313
11,1,50,6,24,1,1,0.18506,0.76129,0,3,0,1.210938
11,1,50,6,25,-1,0,0.55826,0.23684,1,2,0,0.3398438
11,1,50,6,26,-1,0,0.63927,0.20956,1,3,0,0.5117188
11,1,50,6,27,-1,0,0.77499,0.61745,0,4,1,0.8515625
11,1,50,6,28,1,1,0.24538,0.62243,1,4,1,1.101563
11,1,50,6,29,-1,0,0.66357,0.52871,0,5,1,1.101563
11,1,50,6,30,1,1,0.13987,0.72987,1,4,1,1.03125
11,1,50,6,31,-1,0,0.85722,0.84681,0,4,1,0.7109375
11,1,50,6,32,-1,0,0.9692,0.75555,1,2,0,0.9804688
11,1,50,6,33,-1,0,0.95418,0.086514,0,5,1,0.7734375
11,1,50,6,34,-1,0,0.73738,0.37862,0,4,1,1.109375
11,1,50,6,35,-1,0,0.95948,0.59144,0,4,1,1.582031
11,1,50,6,36,1,1,0.25861,0.2641,1,3,1,1.050781
11,1,50,6,37,-1,0,0.91936,0.11492,0,5,1,1.253906
11,1,50,6,38,1,1,0.038775,0.092772,1,5,1,0.53125
11,1,50,6,39,1,0,0.10313,0.08084,0,2,1,0.3085938
11,1,50,6,40,1,1,0.4699,0.47055,1,4,1,0.5585938
11,1,50,6,41,-1,0,0.66714,0.0042331,0,4,1,1.003906
11,1,50,6,42,-1,0,0.99504,0.52614,0,4,1,1.121094
11,1,50,6,43,1,0,0.45659,0.33096,1,4,0,0.609375
11,1,50,6,44,-1,1,0.73809,0.80916,0,4,0,0.3828125
11,1,50,6,45,-1,0,0.88345,0.052318,1,2,0,0.3789063
11,1,50,6,46,1,0,0.43828,0.057519,1,4,0,0.5429688
11,1,50,6,47,-1,0,0.66012,0.64671,1,2,0,0.3515625
11,1,50,6,48,1,0,0.48811,0.43556,1,4,0,1.273438
11,1,50,6,49,1,0,0.18796,0.087908,0,3,1,0.2695313
11,1,50,6,50,1,1,0.24114,0.58316,0,2,0,0.3476563
11,2,60,2,1,1,1,0.08247,0.40274,1,2,1,1.582031
11,2,60,2,2,1,1,0.14316,0.35016,1,3,1,1.101563
11,2,60,2,3,0,1,0.46076,0.81044,0,1,0,2.273438
11,2,60,2,4,-1,0,0.76711,0.63439,0,4,1,1.230469
11,2,60,2,5,-1,0,0.66888,0.59878,0,4,1,3.542969
11,2,60,2,6,1,0,0.28567,0.17126,1,4,0,1.359375
11,2,60,2,7,-1,0,0.74578,0.059299,0,3,1,3.707031
11,2,60,2,8,-1,1,0.82888,0.90543,0,4,0,1.242188
11,2,60,2,9,-1,1,0.67215,0.80332,0,5,0,1.914063
11,2,60,2,10,-1,0,0.66386,0.63082,0,2,1,1.273438
11,2,60,2,11,-1,1,0.67667,0.92351,0,2,0,1.3125
11,2,60,2,12,0,0,0.42591,0.33556,1,2,0,1.113281
11,2,60,2,13,-1,0,0.9107,0.89209,0,3,1,1.132813
11,2,60,2,14,0,0,0.52424,0.13531,0,2,1,1.652344
11,2,60,2,15,1,1,0.10328,0.20803,1,4,1,0.6523438
11,2,60,2,16,-1,0,0.80152,0.67545,0,4,1,1.101563
11,2,60,2,17,-1,0,0.81415,0.13445,1,2,0,2.246094
11,2,60,2,18,1,1,0.36663,0.4694,1,4,1,1.875
11,2,60,2,19,0,0,0.53933,0.51042,1,4,0,1.894531
11,2,60,2,20,1,1,0.39291,0.89347,0,2,0,0.21875
11,2,60,2,21,-1,0,0.84854,0.80935,0,4,1,1.511719
11,2,60,2,22,1,0,0.38155,0.010033,1,4,0,0.953125
11,2,60,2,23,0,0,0.47485,0.047282,0,2,1,52.91797
11,2,60,2,24,1,0,0.29244,0.27125,1,3,0,1.140625
11,2,60,2,25,1,1,0.0091747,0.13388,1,4,1,1.339844
11,2,60,2,26,1,0,0.24883,0.060207,0,2,1,1.324219
11,2,60,2,27,0,1,0.5612,0.6163,1,3,1,2.5625
11,2,60,2,28,-1,0,0.90826,0.43755,0,4,1,0.7226563
11,2,60,2,29,1,1,0.01864,0.74081,1,3,1,1.140625
11,2,60,2,30,1,1,0.066411,0.78245,0,1,0,1.0625
11,2,60,2,31,0,0,0.53377,0.47544,0,2,1,1.382813
11,2,60,2,32,-1,0,0.83844,0.018166,0,4,1,1.511719
11,2,60,2,33,-1,0,0.91765,0.0089267,1,2,0,0.328125
11,2,60,2,34,-1,0,0.77335,0.5779,0,4,1,0.8984375
11,2,60,2,35,-1,1,0.64741,0.68115,1,2,1,1.230469
11,2,60,2,36,1,1,0.27718,0.96452,0,1,0,0.390625
11,2,60,2,37,0,0,0.54094,0.0016731,0,4,1,1.292969
11,2,60,2,38,-1,1,0.65113,0.8565,1,1,1,0.1796875
11,2,60,2,39,-1,0,0.79227,0.63715,0,3,1,0.46875
11,2,60,2,40,1,1,0.18407,0.43157,1,3,1,1.300781
11,2,60,2,41,-1,1,0.69998,0.71553,0,4,0,1.5625
11,2,60,2,42,-1,0,0.75725,0.68048,1,1,0,0.671875
11,2,60,2,43,0,0,0.56692,0.43365,1,3,0,1.410156
11,2,60,2,44,1,1,0.33929,0.80481,1,4,1,1.441406
11,2,60,2,45,-1,0,0.936,0.4556,0,2,1,1.410156
11,2,60,2,46,-1,0,0.86707,0.15527,0,4,1,1.082031
11,2,60,2,47,-1,0,0.89699,0.30654,1,1,0,1.292969
11,2,60,2,48,-1,0,0.76,0.3261,0,3,1,0.8515625
11,2,60,2,49,-1,1,0.64018,0.84294,0,4,0,1.414063
11,2,60,2,50,-1,0,0.99805,0.34478,0,5,1,1.382813
11,3,70,3,1,1,1,0.2395,0.3989,1,4,1,1.304688
11,3,70,3,2,0,1,0.48655,0.50019,1,2,1,40.02734
11,3,70,3,3,-1,1,0.71834,0.98457,0,2,0,1.800781
11,3,70,3,4,1,1,0.24648,0.42054,1,3,1,0.4414063
11,3,70,3,5,0,1,0.66532,0.79622,1,3,1,1.902344
11,3,70,3,6,0,0,0.35666,0.27742,0,1,1,0.5
11,3,70,3,7,0,0,0.39178,0.33646,0,2,1,1.703125
11,3,70,3,8,0,0,0.48378,0.049047,1,2,0,0.5703125
11,3,70,3,9,0,1,0.40544,0.80263,0,4,0,1.011719
11,3,70,3,10,0,0,0.63008,0.1034,1,3,0,0.8789063
11,3,70,3,11,-1,1,0.74709,0.74827,0,4,0,1.0
11,3,70,3,12,1,1,0.046475,0.85103,1,2,1,0.7109375
11,3,70,3,13,0,0,0.44551,0.28627,1,2,0,1.074219
11,3,70,3,14,0,0,0.61294,0.46432,1,2,0,0.2890625
11,3,70,3,15,1,0,0.26391,0.078073,1,2,0,0.3125
11,3,70,3,16,-1,0,0.98093,0.21306,0,3,1,0.5390625
11,3,70,3,17,0,1,0.5526,0.55619,1,1,1,1.3125
11,3,70,3,18,0,1,0.33237,0.64136,0,1,0,0.6015625
11,3,70,3,19,0,1,0.64905,0.83673,1,1,1,0.3984375
11,3,70,3,20,0,0,0.54566,0.3784,0,2,1,0.3515625
11,3,70,3,21,0,0,0.56056,0.46444,0,3,1,0.3203125
11,3,70,3,22,0,0,0.43594,0.32968,0,2,1,0.3398438
11,3,70,3,23,-1,0,0.91266,0.74048,1,2,0,0.2890625
11,3,70,3,24,0,0,0.34937,0.32207,0,4,1,1.253906
11,3,70,3,25,0,1,0.63649,0.84817,1,1,1,0.34375
11,3,70,3,26,1,1,0.1172,0.17302,1,2,1,1.582031
11,3,70,3,27,1,0,0.019402,0.018251,1,1,0,93.08203
11,3,70,3,28,0,0,0.62735,0.53446,0,1,1,1.203125
11,3,70,3,29,0,1,0.51074,0.78643,0,1,0,0.3320313
11,3,70,3,30,-1,0,0.94002,0.8293,0,2,1,1.492188
11,3,70,3,31,1,1,0.24018,0.29533,1,3,1,1.542969
11,3,70,3,32,1,1,0.13812,0.89909,1,1,1,1.703125
11,3,70,3,33,-1,0,0.86367,0.59077,0,3,1,1.691406
11,3,70,3,34,0,0,0.38602,0.30094,0,2,1,0.9804688
11,3,70,3,35,0,0,0.67478,0.016159,1,1,0,1.082031
11,3,70,3,36,-1,0,0.97594,0.54812,0,3,1,0.6210938
11,3,70,3,37,1,0,0.15092,0.086267,1,3,0,0.3710938
11,3,70,3,38,0,1,0.69426,0.92263,1,2,1,0.4296875
11,3,70,3,39,0,1,0.41439,0.72043,0,1,0,0.3203125
11,3,70,3,40,1,1,0.008598,0.82605,0,2,0,0.3320313
11,3,70,3,41,-1,0,0.8734,0.43814,1,2,0,0.4414063
11,3,70,3,42,1,1,0.20239,0.95327,1,5,1,1.261719
11,3,70,3,43,0,0,0.50414,0.16268,0,1,1,1.273438
11,3,70,3,44,1,1,0.12311,0.68433,1,2,1,0.3320313
11,3,70,3,45,-1,0,0.78993,0.64104,0,3,1,1.03125
11,3,70,3,46,1,1,0.13524,0.52725,1,2,1,1.363281
11,3,70,3,47,0,0,0.53994,0.018849,1,2,0,1.191406
11,3,70,3,48,-1,0,0.72723,0.25866,0,3,1,0.7109375
11,3,70,3,49,0,0,0.41952,0.19283,0,2,1,1.351563
11,3,70,3,50,1,1,0.071184,0.2594,1,4,1,0.859375
11,4,80,5,1,0,1,0.48281,0.89091,1,2,1,1.472656
11,4,80,5,2,0,1,0.21161,0.87581,0,2,0,1.222656
11,4,80,5,3,0,0,0.69958,0.69642,1,1,0,1.242188
11,4,80,5,4,1,1,0.11804,0.43109,0,2,0,0.9414063
11,4,80,5,5,0,0,0.7962,0.17196,1,2,0,4.296875
11,4,80,5,6,-1,0,0.9808,0.58997,0,4,1,1.261719
11,4,80,5,7,0,0,0.25083,0.20176,1,2,0,2.476563
11,4,80,5,8,-1,0,0.93008,0.92888,0,4,1,2.074219
11,4,80,5,9,-1,0,0.94248,0.46536,0,3,1,2.371094
11,4,80,5,10,0,1,0.70913,0.9409,1,1,1,2.121094
11,4,80,5,11,1,1,0.0073517,0.24273,1,4,1,1.671875
11,4,80,5,12,1,1,0.12439,0.64538,1,4,1,1.695313
11,4,80,5,13,0,0,0.44695,0.29737,0,1,1,1.742188
11,4,80,5,14,0,1,0.252,0.37104,1,1,1,1.5625
11,4,80,5,15,0,1,0.51115,0.79722,1,3,1,1.652344
11,4,80,5,16,-1,1,0.80219,0.87049,0,4,0,2.121094
11,4,80,5,17,1,1,0.098923,0.92087,1,3,1,0.4101563
11,4,80,5,18,1,1,0.16136,0.99163,1,5,1,1.234375
11,4,80,5,19,1,1,0.032182,0.52828,1,4,1,1.144531
11,4,80,5,20,0,1,0.40652,0.69947,0,1,0,0.7109375
11,4,80,5,21,1,1,0.10139,0.36342,1,3,1,1.128906
11,4,80,5,22,0,1,0.20446,0.29024,0,2,0,1.3125
11,4,80,5,23,0,1,0.2672,0.69719,1,1,1,0.4726563
11,4,80,5,24,-1,0,0.99745,0.62708,0,4,1,1.421875
11,4,80,5,25,0,1,0.59257,0.96773,1,1,1,1.351563
11,4,80,5,26,0,1,0.28938,0.55126,0,3,0,0.5898438
11,4,80,5,27,0,1,0.2015,0.84493,1,1,1,0.2890625
11,4,80,5,28,1,1,0.11046,0.28397,1,3,1,1.152344
11,4,80,5,29,1,1,0.12654,0.66168,1,4,1,1.078125
11,4,80,5,30,0,0,0.58852,0.17982,0,3,1,0.7109375
11,4,80,5,31,0,1,0.45475,0.74251,1,1,1,0.5703125
11,4,80,5,32,0,0,0.74858,0.5009,0,2,1,0.7109375
11,4,80,5,33,0,1,0.41864,0.63627,1,2,1,0.53125
11,4,80,5,34,-1,0,0.96354,0.12203,0,5,1,0.4375
11,4,80,5,35,0,0,0.7601,0.52018,1,3,0,0.578125
11,4,80,5,36,0,0,0.50802,0.045744,1,2,0,0.421875
11,4,80,5,37,1,1,0.14928,0.51083,0,2,0,0.3515625
11,4,80,5,38,0,1,0.48068,0.58377,1,3,1,1.652344
11,4,80,5,39,-1,1,0.89761,0.91008,0,5,0,0.9921875
11,4,80,5,40,0,1,0.67673,0.87389,0,1,0,0.2890625
11,4,80,5,41,0,0,0.64011,0.60106,1,2,0,0.78125
11,4,80,5,42,1,0,0.040655,0.0058661,1,4,0,1.332031
11,4,80,5,43,0,1,0.54572,0.67152,1,1,1,0.921875
11,4,80,5,44,0,1,0.52563,0.69164,0,2,0,0.3398438
11,4,80,5,45,1,1,0.075614,0.75926,1,2,1,0.6210938
11,4,80,5,46,-1,1,0.9547,0.96279,0,4,0,1.300781
11,4,80,5,47,0,1,0.4859,0.9535,0,1,0,1.03125
11,4,80,5,48,0,0,0.50158,0.00577,1,3,0,10.55469
11,4,80,5,49,-1,0,0.9019,0.19166,0,5,1,0.9609375
11,4,80,5,50,0,1,0.66235,0.99577,0,2,0,1.160156
11,5,90,4,1,0,1,0.19952,0.82034,1,2,1,1.382813
11,5,90,4,2,0,0,0.57962,0.4508,0,2,1,0.8828125
11,5,90,4,3,0,0,0.5209,0.10598,1,2,0,0.4179688
11,5,90,4,4,0,1,0.20454,0.67196,0,1,0,0.296875
11,5,90,4,5,0,1,0.44449,0.615,1,1,1,0.421875
11,5,90,4,6,0,0,0.65753,0.12489,1,2,0,1.171875
11,5,90,4,7,1,1,0.02647,0.12011,1,3,1,0.28125
11,5,90,4,8,0,0,0.48589,0.28351,0,1,1,1.210938
11,5,90,4,9,-1,1,0.96036,0.98145,1,2,1,0.2890625
11,5,90,4,10,0,0,0.42709,0.025444,0,3,1,0.3398438
11,5,90,4,11,0,1,0.74063,0.9584,1,2,1,0.3515625
11,5,90,4,12,0,1,0.4271,0.74922,0,3,0,0.3632813
11,5,90,4,13,-1,0,0.97937,0.53632,1,3,0,0.5039063
11,5,90,4,14,0,1,0.54661,0.97627,1,1,1,0.3320313
11,5,90,4,15,0,1,0.62739,0.78422,0,2,0,1.542969
11,5,90,4,16,-1,0,0.99166,0.75474,0,4,1,1.535156
11,5,90,4,17,1,1,0.069783,0.78081,1,5,1,1.179688
11,5,90,4,18,0,0,0.58839,0.1253,0,2,1,0.8320313
11,5,90,4,19,0,0,0.61871,0.013467,1,1,0,0.9804688
11,5,90,4,20,0,0,0.89091,0.51474,0,1,1,0.9726563
11,5,90,4,21,1,0,0.090669,0.043805,1,5,0,1.195313
11,5,90,4,22,0,0,0.10764,0.038376,0,1,1,0.8320313
11,5,90,4,23,-1,0,0.91792,0.50143,0,3,1,1.890625
11,5,90,4,24,0,0,0.24163,0.016613,1,1,0,0.7890625
11,5,90,4,25,0,1,0.47766,0.95981,1,1,1,1.53125
11,5,90,4,26,0,1,0.47178,0.63395,1,1,1,1.671875
11,5,90,4,27,-1,0,0.93076,0.14341,0,4,1,0.3828125
11,5,90,4,28,0,1,0.45258,0.94108,1,2,1,1.332031
11,5,90,4,29,-1,0,0.99233,0.3246,0,4,1,0.2617188
11,5,90,4,30,0,0,0.55992,0.37562,1,1,0,1.902344
11,5,90,4,31,0,0,0.69703,0.47914,1,1,0,2.164063
11,5,90,4,32,0,0,0.62294,0.59521,0,1,1,0.4492188
11,5,90,4,33,-1,0,0.98802,0.79614,0,4,1,0.8515625
11,5,90,4,34,0,1,0.19919,0.35787,0,2,0,1.859375
11,5,90,4,35,0,0,0.75086,0.40478,1,2,0,0.9492188
11,5,90,4,36,0,0,0.24723,0.21415,0,1,1,1.050781
11,5,90,4,37,-1,1,0.98928,0.9923,0,5,0,1.117188
11,5,90,4,38,0,0,0.57654,0.22585,1,2,0,1.390625
11,5,90,4,39,0,1,0.34761,0.84873,0,1,0,0.3789063
11,5,90,4,40,1,1,0.04715,0.75934,1,3,1,1.089844
11,5,90,4,41,-1,0,0.95062,0.79723,0,2,1,1.105469
11,5,90,4,42,0,1,0.22544,0.36215,0,1,0,1.785156
11,5,90,4,43,0,1,0.27062,0.72837,1,1,1,0.5429688
11,5,90,4,44,0,0,0.79223,0.67795,0,1,1,1.101563
11,5,90,4,45,0,0,0.3634,0.13868,1,2,0,0.703125
11,5,90,4,46,0,1,0.2141,0.95953,0,3,0,1.339844
11,5,90,4,47,0,1,0.50235,0.54,1,1,1,0.3007813
11,5,90,4,48,-1,0,0.97597,0.63195,0,5,1,1.292969
11,5,90,4,49,0,1,0.72658,0.97933,1,1,1,0.6210938
11,5,90,4,50,0,1,0.41668,0.49776,0,3,0,0.9921875
11,6,100,1,1,0,0,0.76046,0.15133,1,1,0,6.460938
11,6,100,1,2,0,1,0.56594,0.87931,1,1,1,2.144531
11,6,100,1,3,0,1,0.33362,0.61031,0,1,0,2.042969
11,6,100,1,4,0,1,0.22723,0.55876,0,1,0,2.601563
11,6,100,1,5,0,0,0.90252,0.48323,1,1,0,0.640625
11,6,100,1,6,0,0,0.90992,0.33204,1,2,0,0.6328125
11,6,100,1,7,0,1,0.51982,0.6074,0,1,0,0.859375
11,6,100,1,8,0,1,0.076685,0.16437,1,1,1,1.304688
11,6,100,1,9,0,0,0.9746,0.16942,0,1,1,0.4140625
11,6,100,1,10,0,0,0.54202,0.15113,1,1,0,0.4101563
11,6,100,1,11,0,0,0.10998,0.098656,1,2,0,1.652344
11,6,100,1,12,0,0,0.9807,0.083854,1,2,0,0.3984375
11,6,100,1,13,0,0,0.60862,0.53241,0,1,1,0.5742188
11,6,100,1,14,0,1,0.29583,0.43511,0,1,0,0.3789063
11,6,100,1,15,0,1,0.22011,0.50847,1,2,1,0.3710938
11,6,100,1,16,0,0,0.74236,0.49598,1,2,0,0.4296875
11,6,100,1,17,0,1,0.75757,0.96957,0,1,0,0.4101563
11,6,100,1,18,0,1,0.87022,0.8749,1,1,1,0.4296875
11,6,100,1,19,0,1,0.1375,0.29006,1,3,1,0.6015625
11,6,100,1,20,0,0,0.85361,0.034917,1,2,0,0.6289063
11,6,100,1,21,0,1,0.39283,0.8833,0,2,0,3.234375
11,6,100,1,22,0,0,0.8826,0.13015,1,1,0,0.5117188
11,6,100,1,23,0,1,0.63431,0.87831,0,1,0,1.742188
11,6,100,1,24,0,0,0.87771,0.17648,0,1,1,0.421875
11,6,100,1,25,0,1,0.014745,0.62664,0,3,0,0.4101563
11,6,100,1,26,0,0,0.83411,0.16953,1,1,0,2.703125
11,6,100,1,27,0,1,0.59337,0.93738,0,2,0,1.183594
11,6,100,1,28,0,0,0.82841,0.49201,0,1,1,0.1992188
11,6,100,1,29,0,1,0.52841,0.56413,0,1,0,0.3789063
11,6,100,1,30,0,1,0.65555,0.71516,1,3,1,0.3085938
11,6,100,1,31,0,0,0.36329,0.08948,0,2,1,0.5703125
11,6,100,1,32,0,0,0.90322,0.30855,0,1,1,1.460938
11,6,100,1,33,0,0,0.78642,0.5822,0,2,1,2.453125
11,6,100,1,34,0,0,0.32285,0.00040086,1,3,0,1.46875
11,6,100,1,35,0,0,0.48822,0.16617,0,2,1,2.394531
11,6,100,1,36,0,0,0.83176,0.6599,0,2,1,0.6328125
11,6,100,1,37,0,0,0.64026,0.16086,1,3,0,1.121094
11,6,100,1,38,0,0,0.93551,0.12434,0,3,1,0.5
11,6,100,1,39,0,1,0.30419,0.6253,0,3,0,0.5546875
11,6,100,1,40,0,1,0.42411,0.87427,1,2,1,0.2304688
11,6,100,1,41,0,1,0.23483,0.82748,1,2,1,0.2929688
11,6,100,1,42,0,1,0.72395,0.79913,1,3,1,0.6210938
11,6,100,1,43,0,1,0.28568,0.4627,1,3,1,1.453125
11,6,100,1,44,0,0,0.27384,0.087126,1,3,0,0.4023438
11,6,100,1,45,0,1,0.43178,0.90623,0,4,0,0.5234375
11,6,100,1,46,0,0,0.97773,0.7004,1,2,0,2.441406
11,6,100,1,47,0,1,0.077893,0.26707,0,2,0,0.5703125
11,6,100,1,48,0,1,0.093818,0.68001,0,1,0,0.421875
11,6,100,1,49,0,1,0.16223,0.76403,1,1,1,1.339844
11,6,100,1,50,0,0,0.69719,0.37717,1,2,0,0.9179688
12,1,50,1,1,1,1,0.028632,0.74126,1,5,1,2.675781
12,1,50,1,2,-1,0,0.80794,0.68019,0,5,1,2.511719
12,1,50,1,3,1,1,0.14223,0.84246,1,5,1,2.191406
12,1,50,1,4,1,1,0.19948,0.64572,1,5,1,2.535156
12,1,50,1,5,-1,0,0.67963,0.42996,0,5,1,1.742188
12,1,50,1,6,-1,0,0.56478,0.25073,0,5,1,1.640625
12,1,50,1,7,1,1,0.32692,0.84195,1,5,1,1.671875
12,1,50,1,8,1,0,0.49194,0.30347,1,5,0,2.523438
12,1,50,1,9,-1,1,0.97965,0.99907,0,4,0,3.65625
12,1,50,1,10,1,1,0.021487,0.29436,0,2,0,6.367188
12,1,50,1,11,1,0,0.48454,0.12037,0,2,1,6.6875
12,1,50,1,12,-1,0,0.62936,0.010739,0,3,1,4.648438
12,1,50,1,13,-1,0,0.99492,0.42432,0,4,1,9.925781
12,1,50,1,14,1,0,0.4546,0.074817,1,4,0,1.414063
12,1,50,1,15,1,0,0.16634,0.0056937,1,3,0,2.996094
12,1,50,1,16,-1,0,0.81833,0.50465,1,3,0,4.425781
12,1,50,1,17,-1,0,0.50872,0.10321,0,4,1,2.0625
12,1,50,1,18,-1,0,0.89692,0.46219,0,4,1,1.851563
12,1,50,1,19,1,1,0.20052,0.31421,1,3,1,5.871094
12,1,50,1,20,1,1,0.20837,0.66857,1,4,1,1.84375
12,1,50,1,21,-1,0,0.85938,0.58502,0,4,1,5.066406
12,1,50,1,22,-1,0,0.9806,0.96591,0,4,1,1.964844
12,1,50,1,23,-1,0,0.66211,0.42267,0,4,1,1.894531
12,1,50,1,24,1,1,0.10478,0.75892,1,4,1,4.046875
12,1,50,1,25,1,1,0.00054201,0.50921,1,5,1,4.347656
12,1,50,1,26,1,1,0.49024,0.51162,1,5,1,1.132813
12,1,50,1,27,1,1,0.19051,0.84843,1,5,1,1.0625
12,1,50,1,28,-1,0,0.73793,0.21601,0,5,1,1.28125
12,1,50,1,29,-1,0,0.75926,0.44179,0,5,1,1.742188
12,1,50,1,30,-1,0,0.85742,0.656,0,5,1,1.179688
12,1,50,1,31,-1,0,0.98108,0.63615,0,5,1,1.261719
12,1,50,1,32,1,1,0.19653,0.39243,1,5,1,1.652344
12,1,50,1,33,-1,0,0.75347,0.084712,0,5,1,1.21875
12,1,50,1,34,-1,0,0.85097,0.18537,0,5,1,1.152344
12,1,50,1,35,-1,1,0.56254,0.93255,0,5,0,1.429688
12,1,50,1,36,1,1,0.38571,0.65338,1,4,1,1.742188
12,1,50,1,37,1,1,0.021375,0.13962,1,4,1,2.632813
12,1,50,1,38,-1,1,0.84329,0.97986,0,5,0,1.492188
12,1,50,1,39,-1,0,0.92826,0.80443,0,3,1,1.8125
12,1,50,1,40,1,0,0.34069,0.19612,1,4,0,1.351563
12,1,50,1,41,-1,0,0.90005,0.18565,0,4,1,3.082031
12,1,50,1,42,-1,0,0.6832,0.010515,0,4,1,2.144531
12,1,50,1,43,1,1,0.11356,0.96987,1,4,1,4.355469
12,1,50,1,44,1,1,0.4753,0.87953,1,4,1,1.792969
12,1,50,1,45,-1,1,0.67436,0.70381,0,3,0,1.695313
12,1,50,1,46,-1,1,0.71033,0.88675,0,3,0,2.492188
12,1,50,1,47,1,1,0.25217,0.94662,1,3,1,1.203125
12,1,50,1,48,-1,0,0.82047,0.77347,0,3,1,1.523438
12,1,50,1,49,1,1,0.42425,0.57541,1,3,1,1.84375
12,1,50,1,50,-1,0,0.83706,0.72114,1,2,0,4.847656
12,2,60,2,1,-1,1,0.62109,0.98168,0,3,0,2.140625
12,2,60,2,2,1,1,0.081853,0.68814,1,3,1,1.621094
12,2,60,2,3,1,1,0.3281,0.89038,1,3,1,1.910156
12,2,60,2,4,1,1,0.32418,0.59598,1,3,1,2.265625
12,2,60,2,5,1,1,0.32163,0.70274,1,4,1,1.703125
12,2,60,2,6,1,1,0.1657,0.6189,1,4,1,1.679688
12,2,60,2,7,1,1,0.075821,0.61426,1,4,1,1.300781
12,2,60,2,8,-1,1,0.73689,0.83601,0,4,0,1.902344
12,2,60,2,9,1,1,0.32389,0.87323,1,3,1,1.210938
12,2,60,2,10,1,1,0.39607,0.79044,1,3,1,1.359375
12,2,60,2,11,-1,0,0.64067,0.47414,0,4,1,1.542969
12,2,60,2,12,-1,0,0.8283,0.17815,0,4,1,1.320313
12,2,60,2,13,-1,0,0.95694,0.94621,0,4,1,1.308594
12,2,60,2,14,1,1,0.050915,0.55021,1,4,1,1.230469
12,2,60,2,15,-1,0,0.61226,0.57871,0,4,1,1.570313
12,2,60,2,16,0,1,0.4564,0.52459,1,2,1,6.367188
12,2,60,2,17,-1,1,0.61618,0.8617,0,3,0,1.582031
12,2,60,2,18,-1,0,0.99197,0.22375,0,3,1,1.320313
12,2,60,2,19,-1,0,0.71879,0.34336,0,4,1,3.535156
12,2,60,2,20,1,0,0.31363,0.05955,1,4,0,1.253906
12,2,60,2,21,0,0,0.58044,0.11697,0,1,1,7.0
12,2,60,2,22,-1,0,0.82442,0.2593,0,3,1,1.601563
12,2,60,2,23,-1,0,0.8397,0.53232,0,4,1,2.023438
12,2,60,2,24,-1,0,0.65523,0.33732,0,4,1,1.398438
12,2,60,2,25,1,1,0.038282,0.96749,1,3,1,1.492188
12,2,60,2,26,1,0,0.07802,0.077346,1,3,0,2.574219
12,2,60,2,27,1,0,0.29386,0.088346,1,4,0,2.050781
12,2,60,2,28,1,1,0.073549,0.12153,1,3,1,1.761719
12,2,60,2,29,-1,0,0.78455,0.68591,0,3,1,1.632813
12,2,60,2,30,-1,0,0.70868,0.088019,0,4,1,2.0625
12,2,60,2,31,0,1,0.42845,0.45254,1,1,1,5.609375
12,2,60,2,32,1,1,0.12144,0.68886,1,3,1,7.953125
12,2,60,2,33,-1,1,0.64867,0.96589,0,3,0,2.125
12,2,60,2,34,0,1,0.49904,0.82577,0,1,0,5.46875
12,2,60,2,35,-1,1,0.65315,0.78411,0,3,0,2.683594
12,2,60,2,36,1,1,0.1106,0.34617,1,2,1,1.914063
12,2,60,2,37,1,1,0.11023,0.45571,1,3,1,2.304688
12,2,60,2,38,-1,0,0.81937,0.087579,0,4,1,1.863281
12,2,60,2,39,1,1,0.15418,0.6854,1,4,1,1.523438
12,2,60,2,40,-1,0,0.87137,0.41988,0,4,1,1.269531
12,2,60,2,41,0,0,0.45982,0.20067,0,1,1,2.191406
12,2,60,2,42,1,0,0.29781,0.10028,1,3,0,1.53125
12,2,60,2,43,0,0,0.59075,0.3195,1,1,0,4.878906
12,2,60,2,44,-1,0,0.76115,0.60214,0,3,1,1.371094
12,2,60,2,45,-1,0,0.65227,0.52497,0,3,1,1.125
12,2,60,2,46,1,0,0.3716,0.025135,1,4,0,1.183594
12,2,60,2,47,-1,0,0.66682,0.35211,0,3,1,1.222656
12,2,60,2,48,1,1,0.12001,0.15779,1,3,1,1.53125
12,2,60,2,49,1,1,0.1544,0.38419,1,3,1,1.371094
12,2,60,2,50,1,1,0.24979,0.9239,1,3,1,1.292969
12,3,70,3,1,0,0,0.67939,0.17742,1,1,0,2.953125
12,3,70,3,2,0,0,0.35845,0.33331,0,1,1,2.964844
12,3,70,3,3,0,1,0.50065,0.76334,1,1,1,3.59375
12,3,70,3,4,1,1,0.24359,0.47962,1,2,1,1.683594
12,3,70,3,5,0,0,0.46492,0.14829,1,1,0,3.40625
12,3,70,3,6,1,1,0.0040374,0.44569,1,2,1,1.8125
12,3,70,3,7,-1,1,0.78189,0.81568,0,3,0,1.523438
12,3,70,3,8,1,1,0.097542,0.35925,0,2,0,2.671875
12,3,70,3,9,1,1,0.19206,0.59517,0,1,0,2.921875
12,3,70,3,10,1,1,0.088901,0.64191,1,2,1,3.9375
12,3,70,3,11,1,1,0.078802,0.4317,1,2,1,1.09375
12,3,70,3,12,-1,1,0.77427,0.87949,0,3,0,1.265625
12,3,70,3,13,0,0,0.46456,0.45846,1,2,0,4.683594
12,3,70,3,14,0,1,0.44709,0.90534,1,2,1,2.863281
12,3,70,3,15,1,1,0.27571,0.40179,1,3,1,1.550781
12,3,70,3,16,0,0,0.69886,0.65935,1,1,0,1.28125
12,3,70,3,17,-1,0,0.91277,0.092824,0,3,1,1.179688
12,3,70,3,18,-1,0,0.93694,0.78368,0,3,1,1.261719
12,3,70,3,19,-1,0,0.90456,0.45954,0,4,1,1.46875
12,3,70,3,20,-1,0,0.92481,0.24205,0,4,1,1.210938
12,3,70,3,21,-1,0,0.79082,0.27484,0,4,1,1.453125
12,3,70,3,22,0,1,0.67011,0.76194,1,2,1,3.476563
12,3,70,3,23,1,0,0.20245,0.13675,1,3,0,1.484375
12,3,70,3,24,0,1,0.44598,0.83322,0,2,0,2.574219
12,3,70,3,25,-1,1,0.78054,0.87499,0,2,0,2.265625
12,3,70,3,26,0,0,0.55158,0.039403,1,1,0,4.386719
12,3,70,3,27,-1,0,0.96872,0.77393,0,2,1,2.09375
12,3,70,3,28,-1,1,0.71786,0.78321,0,2,0,1.46875
12,3,70,3,29,1,1,0.13268,0.36494,1,2,1,1.109375
12,3,70,3,30,0,0,0.59903,0.40588,0,1,1,3.035156
12,3,70,3,31,0,0,0.5721,0.57,0,2,1,3.144531
12,3,70,3,32,1,0,0.24618,0.14898,1,3,0,1.84375
12,3,70,3,33,0,1,0.33808,0.45024,0,1,0,2.988281
12,3,70,3,34,0,0,0.5995,0.040572,1,2,0,1.78125
12,3,70,3,35,0,0,0.61796,0.55401,1,1,0,3.054688
12,3,70,3,36,0,1,0.31069,0.42172,1,1,1,1.410156
12,3,70,3,37,0,1,0.57949,0.99993,0,1,0,3.746094
12,3,70,3,38,-1,0,0.7347,0.23468,0,2,1,2.164063
12,3,70,3,39,0,0,0.45224,0.4355,0,1,1,4.308594
12,3,70,3,40,-1,1,0.87141,0.90101,0,2,0,1.359375
12,3,70,3,41,0,1,0.41519,0.57018,1,2,1,1.542969
12,3,70,3,42,1,1,0.11504,0.62674,1,2,1,1.972656
12,3,70,3,43,0,0,0.47274,0.27466,0,1,1,2.710938
12,3,70,3,44,0,0,0.60403,0.58622,1,2,0,2.019531
12,3,70,3,45,-1,0,0.84907,0.59965,0,3,1,1.503906
12,3,70,3,46,0,1,0.33361,0.99083,1,1,1,5.097656
12,3,70,3,47,-1,0,0.97522,0.90708,0,1,1,1.269531
12,3,70,3,48,1,1,0.13728,0.8142,1,2,1,1.359375
12,3,70,3,49,0,1,0.50093,0.64147,0,2,0,1.472656
12,3,70,3,50,0,1,0.4209,0.75851,0,1,0,2.464844
12,4,80,4,1,-1,0,0.92996,0.32912,0,2,1,20.07813
12,4,80,4,2,0,1,0.25195,0.68031,1,2,1,4.667969
12,4,80,4,3,0,1,0.35969,0.87606,1,2,1,2.070313
12,4,80,4,4,0,0,0.25831,0.1304,0,1,1,3.746094
12,4,80,4,5,0,0,0.44998,0.16934,1,2,0,3.652344
12,4,80,4,6,0,0,0.72036,0.49126,1,1,0,2.574219
12,4,80,4,7,0,1,0.20271,0.37864,1,1,1,1.402344
12,4,80,4,8,0,1,0.40551,0.78764,1,1,1,1.613281
12,4,80,4,9,0,1,0.29861,0.6034,0,1,0,2.183594
12,4,80,4,10,0,0,0.54292,0.48312,1,1,0,2.253906
12,4,80,4,11,0,0,0.60802,0.15809,1,1,0,1.980469
12,4,80,4,12,0,1,0.32807,0.90571,0,1,0,2.351563
12,4,80,4,13,0,1,0.65487,0.93415,1,1,1,2.363281
12,4,80,4,14,0,1,0.29918,0.52854,1,1,1,1.382813
12,4,80,4,15,0,0,0.7613,0.35639,1,1,0,2.253906
12,4,80,4,16,0,0,0.68813,0.53957,0,1,1,1.410156
12,4,80,4,17,-1,0,0.9045,0.1184,0,2,1,1.984375
12,4,80,4,18,1,1,0.10828,0.41981,1,2,1,1.738281
12,4,80,4,19,0,0,0.29686,0.069817,1,1,0,3.746094
12,4,80,4,20,0,1,0.56237,0.641,0,1,0,5.40625
12,4,80,4,21,-1,0,0.9604,0.56164,0,1,1,1.511719
12,4,80,4,22,-1,0,0.98732,0.15643,0,1,1,1.261719
12,4,80,4,23,-1,1,0.80346,0.80935,0,2,0,1.128906
12,4,80,4,24,0,0,0.55917,0.3804,0,2,1,2.824219
12,4,80,4,25,1,1,0.013727,0.93383,1,2,1,1.542969
12,4,80,4,26,1,1,0.060755,0.61725,1,2,1,2.242188
12,4,80,4,27,-1,0,0.82855,0.19802,0,3,1,1.449219
12,4,80,4,28,0,0,0.70346,0.54,0,1,1,1.703125
12,4,80,4,29,-1,0,0.81695,0.45962,0,3,1,1.53125
12,4,80,4,30,0,0,0.56164,0.098323,1,1,0,3.164063
12,4,80,4,31,0,1,0.29884,0.537,0,1,0,2.964844
12,4,80,4,32,-1,0,0.85671,0.50114,0,1,1,1.585938
12,4,80,4,33,0,0,0.6869,0.1407,0,1,1,2.09375
12,4,80,4,34,0,0,0.28102,0.17578,1,1,0,2.144531
12,4,80,4,35,1,1,0.1971,0.46041,1,2,1,1.539063
12,4,80,4,36,0,1,0.24799,0.80106,0,1,0,1.882813
12,4,80,4,37,-1,0,0.80698,0.13544,0,1,1,1.574219
12,4,80,4,38,0,0,0.70497,0.49255,1,1,0,8.535156
12,4,80,4,39,-1,0,0.95591,0.18783,0,1,1,3.632813
12,4,80,4,40,1,1,0.13241,0.63631,1,3,1,4.398438
12,4,80,4,41,0,0,0.62883,0.10733,1,2,0,4.195313
12,4,80,4,42,-1,0,0.99636,0.2343,0,2,1,1.3125
12,4,80,4,43,-1,0,0.93551,0.1796,0,2,1,1.171875
12,4,80,4,44,1,1,0.091937,0.89986,1,2,1,1.242188
12,4,80,4,45,0,1,0.28332,0.58342,1,1,1,8.09375
12,4,80,4,46,1,1,0.19653,0.9492,1,2,1,1.902344
12,4,80,4,47,1,0,0.19899,0.08152,1,3,0,1.453125
12,4,80,4,48,0,0,0.5175,0.24474,0,1,1,4.628906
12,4,80,4,49,0,0,0.30786,0.16464,0,1,1,1.769531
12,4,80,4,50,1,1,0.077292,0.52165,1,3,1,1.28125
12,5,90,6,1,0,0,0.17066,0.070537,1,1,0,1.121094
12,5,90,6,2,0,0,0.66426,0.32,0,1,1,1.023438
12,5,90,6,3,0,1,0.55534,0.65163,0,1,0,1.722656
12,5,90,6,4,-1,0,0.97049,0.7688,0,2,1,2.074219
12,5,90,6,5,1,1,0.024369,0.5042,1,2,1,1.632813
12,5,90,6,6,1,1,0.095361,0.40637,1,3,1,1.320313
12,5,90,6,7,0,1,0.43625,0.95838,0,2,0,2.183594
12,5,90,6,8,-1,0,0.93705,0.088906,0,2,1,1.664063
12,5,90,6,9,0,1,0.12793,0.91874,1,2,1,3.023438
12,5,90,6,10,-1,0,0.97559,0.71775,0,2,1,1.3125
12,5,90,6,11,0,1,0.40508,0.76416,0,2,0,3.085938
12,5,90,6,12,-1,0,0.97762,0.38277,0,3,1,3.074219
12,5,90,6,13,0,0,0.1823,0.090857,0,2,1,13.56641
12,5,90,6,14,0,1,0.50129,0.53953,0,1,0,29.35156
12,5,90,6,15,1,1,0.066829,0.56896,1,3,1,7.449219
12,5,90,6,16,1,0,0.091505,0.050123,1,3,0,1.191406
12,5,90,6,17,0,0,0.83212,0.46407,0,1,1,1.402344
12,5,90,6,18,0,0,0.51673,0.20546,0,1,1,2.292969
12,5,90,6,19,0,1,0.44993,0.67196,1,1,1,1.453125
12,5,90,6,20,0,0,0.67973,0.20245,1,1,0,4.65625
12,5,90,6,21,0,0,0.73634,0.5629,1,1,0,1.433594
12,5,90,6,22,-1,0,0.91142,0.27445,0,1,1,1.722656
12,5,90,6,23,0,1,0.76252,0.83797,0,2,0,4.894531
12,5,90,6,24,0,0,0.32874,0.24937,1,1,0,3.183594
12,5,90,6,25,0,0,0.61674,0.19849,1,1,0,3.902344
12,5,90,6,26,0,0,0.55481,0.26245,0,1,1,1.175781
12,5,90,6,27,0,0,0.89672,0.11225,1,1,0,1.414063
12,5,90,6,28,0,1,0.32358,0.54829,0,1,0,1.726563
12,5,90,6,29,0,1,0.16074,0.18951,1,1,1,1.363281
12,5,90,6,30,0,0,0.74318,0.45445,0,1,1,0.9414063
12,5,90,6,31,0,1,0.72571,0.8749,1,1,1,1.703125
12,5,90,6,32,0,0,0.89404,0.65497,0,1,1,2.152344
12,5,90,6,33,0,0,0.56276,0.39898,1,1,0,1.152344
12,5,90,6,34,0,1,0.13955,0.661,0,1,0,1.503906
12,5,90,6,35,0,0,0.64163,0.29431,1,1,0,0.6796875
12,5,90,6,36,0,0,0.60129,0.26655,0,1,1,1.472656
12,5,90,6,37,-1,0,0.94926,0.57075,0,2,1,1.972656
12,5,90,6,38,1,1,0.012731,0.36273,1,3,1,1.699219
12,5,90,6,39,0,0,0.2174,0.10799,1,2,0,5.617188
12,5,90,6,40,0,1,0.63402,0.76194,0,1,0,2.410156
12,5,90,6,41,0,0,0.52607,0.10103,1,1,0,1.441406
12,5,90,6,42,-1,0,0.94131,0.71719,0,3,1,1.230469
12,5,90,6,43,0,1,0.21904,0.64237,0,2,0,3.425781
12,5,90,6,44,0,0,0.23468,0.0016299,0,1,1,2.34375
12,5,90,6,45,0,1,0.50259,0.64993,0,1,0,1.3125
12,5,90,6,46,1,1,0.034705,0.13055,1,2,1,2.023438
12,5,90,6,47,0,0,0.35993,0.33861,0,1,1,2.300781
12,5,90,6,48,0,1,0.10628,0.38024,1,1,1,2.0625
12,5,90,6,49,0,1,0.50827,0.99614,1,1,1,6.53125
12,5,90,6,50,-1,1,0.926,0.9461,0,1,0,1.542969
12,6,100,5,1,0,1,0.22635,0.79398,0,1,0,2.335938
12,6,100,5,2,0,1,0.23288,0.34792,0,1,0,1.78125
12,6,100,5,3,0,1,0.41685,0.52904,0,1,0,1.453125
12,6,100,5,4,0,0,0.86732,0.019373,1,1,0,0.84375
12,6,100,5,5,0,0,0.85985,0.14853,0,1,1,1.601563
12,6,100,5,6,0,0,0.54851,0.32589,0,1,1,1.460938
12,6,100,5,7,0,1,0.29363,0.47735,0,1,0,1.660156
12,6,100,5,8,0,1,0.21509,0.72429,1,1,1,2.082031
12,6,100,5,9,0,0,0.73154,0.58611,1,1,0,1.773438
12,6,100,5,10,0,1,0.012548,0.76352,0,1,0,1.164063
12,6,100,5,11,0,0,0.77443,0.71089,1,1,0,1.511719
12,6,100,5,12,0,0,0.17897,0.0091457,1,1,0,1.183594
12,6,100,5,13,0,0,0.37675,0.36003,1,1,0,1.625
12,6,100,5,14,0,0,0.78857,0.31717,0,1,1,1.128906
12,6,100,5,15,0,0,0.38106,0.23819,1,1,0,1.242188
12,6,100,5,16,0,0,0.71614,0.19391,0,1,1,1.203125
12,6,100,5,17,0,1,0.74929,0.96039,1,1,1,0.9804688
12,6,100,5,18,0,1,0.50619,0.9975,1,1,1,1.257813
12,6,100,5,19,0,1,0.036273,0.98099,1,1,1,1.550781
12,6,100,5,20,0,0,0.66985,0.6222,1,1,0,1.394531
12,6,100,5,21,0,0,0.8214,0.49895,1,1,0,1.253906
12,6,100,5,22,0,1,0.54824,0.57501,1,1,1,1.371094
12,6,100,5,23,0,0,0.71729,0.050726,1,1,0,1.59375
12,6,100,5,24,0,1,0.33391,0.79624,0,1,0,1.820313
12,6,100,5,25,0,1,0.43265,0.97484,1,1,1,1.382813
12,6,100,5,26,0,0,0.93341,0.16597,1,1,0,1.976563
12,6,100,5,27,0,0,0.90859,0.39643,0,1,1,1.320313
12,6,100,5,28,0,1,0.60628,0.97742,1,1,1,2.574219
12,6,100,5,29,0,1,0.57282,0.70291,0,1,0,1.433594
12,6,100,5,30,0,1,0.5585,0.84301,1,1,1,1.109375
12,6,100,5,31,0,1,0.48569,0.67938,0,1,0,1.582031
12,6,100,5,32,0,0,0.91017,0.86446,1,1,0,1.292969
12,6,100,5,33,0,0,0.26958,0.14652,1,1,0,0.5585938
12,6,100,5,34,0,0,0.52599,0.47649,1,1,0,0.3984375
12,6,100,5,35,0,0,0.79017,0.66865,1,1,0,1.5
12,6,100,5,36,0,1,0.64235,0.96452,0,1,0,1.953125
12,6,100,5,37,0,0,0.46285,0.15191,1,1,0,1.035156
12,6,100,5,38,0,1,0.49643,0.92468,1,1,1,0.4921875
12,6,100,5,39,0,0,0.99099,0.24633,1,1,0,1.109375
12,6,100,5,40,0,1,0.48491,0.88619,0,1,0,1.035156
12,6,100,5,41,0,1,0.28012,0.71681,1,1,1,1.210938
12,6,100,5,42,0,0,0.5228,0.44024,1,1,0,2.742188
12,6,100,5,43,0,1,0.212,0.70588,0,1,0,2.316406
12,6,100,5,44,0,0,0.71195,0.22363,0,1,1,1.363281
12,6,100,5,45,0,0,0.9835,0.53751,1,1,0,0.640625
12,6,100,5,46,0,0,0.45279,0.071777,0,1,1,1.394531
12,6,100,5,47,0,0,0.92911,0.20278,0,1,1,2.175781
12,6,100,5,48,0,0,0.62247,0.18095,0,1,1,1.253906
12,6,100,5,49,0,1,0.25744,0.32853,0,1,0,0.8515625
12,6,100,5,50,0,0,0.34884,0.23033,1,1,0,0.5429688
13,1,50,3,1,-1,0,0.63822,0.12549,0,2,1,0.8320313
13,1,50,3,2,1,0,0.41,0.35539,1,2,0,0.8710938
13,1,50,3,3,-1,0,0.7286,0.18809,0,2,1,0.953125
13,1,50,3,4,1,0,0.34724,0.25554,1,2,0,1.03125
13,1,50,3,5,1,1,0.094035,0.81247,1,2,1,1.183594
13,1,50,3,6,-1,0,0.74298,0.59093,0,2,1,1.101563
13,1,50,3,7,1,1,0.058188,0.16054,1,3,1,0.9101563
13,1,50,3,8,-1,0,0.78692,0.055007,0,3,1,1.300781
13,1,50,3,9,1,1,0.22744,0.25718,1,3,1,0.5703125
13,1,50,3,10,-1,0,0.84238,0.485,0,4,1,0.6914063
13,1,50,3,11,-1,0,0.88648,0.034764,0,4,1,1.089844
13,1,50,3,12,1,1,0.065314,0.57708,1,4,1,0.7617188
13,1,50,3,13,1,1,0.25269,0.65943,1,4,1,1.082031
13,1,50,3,14,-1,0,0.84319,0.092123,0,4,1,1.0625
13,1,50,3,15,1,1,0.10298,0.88923,1,4,1,0.5390625
13,1,50,3,16,1,1,0.38787,0.77179,0,3,0,0.53125
13,1,50,3,17,-1,1,0.93323,0.99667,0,5,0,1.300781
13,1,50,3,18,1,1,0.095837,0.74548,1,5,1,0.9726563
13,1,50,3,19,-1,0,0.92488,0.92117,0,5,1,0.6796875
13,1,50,3,20,-1,0,0.98114,0.75815,0,5,1,1.03125
13,1,50,3,21,1,1,0.064693,0.6043,1,5,1,1.042969
13,1,50,3,22,-1,1,0.82401,0.96528,0,5,0,0.640625
13,1,50,3,23,1,1,0.04829,0.86082,1,5,1,0.5429688
13,1,50,3,24,-1,0,0.90734,0.37453,0,5,1,1.042969
13,1,50,3,25,1,0,0.45424,0.35143,1,5,0,1.082031
13,1,50,3,26,1,1,0.38291,0.5089,1,4,1,1.011719
13,1,50,3,27,-1,0,0.76457,0.74841,0,4,1,0.6640625
13,1,50,3,28,-1,1,0.51592,0.59025,0,4,0,1.0
13,1,50,3,29,1,0,0.39743,0.072313,1,4,0,1.144531
13,1,50,3,30,-1,0,0.95156,0.28244,0,3,1,0.8984375
13,1,50,3,31,-1,0,0.75046,0.11654,0,3,1,1.160156
13,1,50,3,32,1,1,0.47758,0.77368,1,3,1,0.8007813
13,1,50,3,33,-1,0,0.77288,0.56804,0,4,1,0.6679688
13,1,50,3,34,-1,0,0.84369,0.71556,0,4,1,1.023438
13,1,50,3,35,1,1,0.13128,0.60537,1,4,1,1.070313
13,1,50,3,36,1,1,0.093936,0.45586,1,4,1,1.402344
13,1,50,3,37,1,0,0.49387,0.39718,1,4,0,0.9101563
13,1,50,3,38,1,1,0.076917,0.1953,1,4,1,1.0
13,1,50,3,39,1,1,0.30623,0.73378,1,4,1,1.273438
13,1,50,3,40,-1,0,0.72229,0.06811,0,4,1,0.984375
13,1,50,3,41,1,1,0.0076119,0.50894,1,5,1,1.109375
13,1,50,3,42,-1,0,0.79696,0.35438,0,5,1,1.242188
13,1,50,3,43,1,1,0.058237,0.2566,1,5,1,0.9296875
13,1,50,3,44,1,0,0.31004,0.2928,1,5,0,0.9804688
13,1,50,3,45,1,1,0.24166,0.46835,1,4,1,0.9375
13,1,50,3,46,-1,0,0.64722,0.51367,0,4,1,0.828125
13,1,50,3,47,1,1,0.47675,0.85329,1,4,1,0.8789063
13,1,50,3,48,1,1,0.41099,0.58908,1,4,1,0.9101563
13,1,50,3,49,-1,0,0.82933,0.05163,0,4,1,1.011719
13,1,50,3,50,1,1,0.2919,0.5567,1,4,1,0.5117188
13,2,60,4,1,1,1,0.00022817,0.7683,1,2,1,0.9609375
13,2,60,4,2,-1,0,0.81689,0.44723,0,2,1,0.8007813
13,2,60,4,3,-1,0,0.9551,0.26986,0,3,1,1.433594
13,2,60,4,4,1,1,0.059477,0.72285,1,3,1,0.8085938
13,2,60,4,5,0,0,0.44995,0.21764,0,1,1,1.351563
13,2,60,4,6,-1,1,0.65083,0.89846,0,3,0,1.160156
13,2,60,4,7,0,0,0.54219,0.45332,0,1,1,1.039063
13,2,60,4,8,-1,1,0.65598,0.67559,0,1,0,0.859375
13,2,60,4,9,1,0,0.32788,0.32522,1,3,0,1.074219
13,2,60,4,10,1,1,0.18449,0.41129,1,2,1,1.023438
13,2,60,4,11,-1,0,0.76126,0.62232,0,2,1,0.9414063
13,2,60,4,12,1,0,0.37514,0.35885,1,2,0,1.09375
13,2,60,4,13,0,1,0.58489,0.92336,0,1,0,1.113281
13,2,60,4,14,-1,0,0.8062,0.6624,0,1,1,0.8710938
13,2,60,4,15,1,1,0.15832,0.55099,1,3,1,0.953125
13,2,60,4,16,1,1,0.030984,0.42441,1,3,1,1.203125
13,2,60,4,17,1,1,0.25938,0.29121,0,2,0,0.5703125
13,2,60,4,18,-1,1,0.637,0.76269,0,1,0,1.128906
13,2,60,4,19,-1,0,0.6295,0.46949,0,2,1,0.9492188
13,2,60,4,20,1,1,0.095958,0.51067,1,3,1,0.9453125
13,2,60,4,21,0,1,0.54481,0.59473,0,1,0,1.0625
13,2,60,4,22,1,1,0.13397,0.70102,1,4,1,0.9023438
13,2,60,4,23,1,1,0.38015,0.40314,1,4,1,0.9726563
13,2,60,4,24,-1,0,0.67016,0.4325,0,4,1,1.070313
13,2,60,4,25,1,1,0.038561,0.8495,1,4,1,1.042969
13,2,60,4,26,1,1,0.25279,0.53412,1,4,1,1.429688
13,2,60,4,27,1,0,0.37715,0.32301,1,4,0,0.9140625
13,2,60,4,28,1,1,0.090307,0.39693,1,4,1,0.9726563
13,2,60,4,29,-1,0,0.73155,0.6694,0,4,1,1.304688
13,2,60,4,30,1,1,0.26027,0.6295,1,4,1,1.351563
13,2,60,4,31,1,1,0.1262,0.65452,1,4,1,1.082031
13,2,60,4,32,1,1,0.1291,0.14458,1,4,1,0.9375
13,2,60,4,33,1,1,0.29727,0.33434,1,4,1,1.070313
13,2,60,4,34,-1,0,0.8815,0.35391,0,4,1,0.9726563
13,2,60,4,35,-1,0,0.72473,0.52761,0,4,1,0.9726563
13,2,60,4,36,-1,0,0.65005,0.23743,0,4,1,0.8398438
13,2,60,4,37,0,0,0.41754,0.14723,0,1,1,1.230469
13,2,60,4,38,-1,1,0.72092,0.73704,0,4,0,0.9804688
13,2,60,4,39,1,1,0.3707,0.9457,1,3,1,1.140625
13,2,60,4,40,-1,0,0.99487,0.73587,0,3,1,0.9921875
13,2,60,4,41,-1,0,0.65415,0.013585,0,4,1,1.21875
13,2,60,4,42,-1,1,0.64182,0.7453,0,4,0,1.109375
13,2,60,4,43,0,0,0.58759,0.0076004,0,1,1,1.5
13,2,60,4,44,-1,0,0.94408,0.41637,0,3,1,1.332031
13,2,60,4,45,-1,0,0.80981,0.1817,0,3,1,1.050781
13,2,60,4,46,0,0,0.46376,0.19582,0,1,1,1.441406
13,2,60,4,47,0,0,0.46877,0.3027,0,1,1,0.8398438
13,2,60,4,48,0,1,0.42479,0.6318,0,1,0,1.179688
13,2,60,4,49,-1,0,0.9706,0.15566,0,3,1,1.171875
13,2,60,4,50,-1,0,0.69188,0.57802,0,3,1,1.078125
13,3,70,6,1,1,1,0.2751,0.29369,1,2,1,1.09375
13,3,70,6,2,1,1,0.022555,0.84284,1,2,1,1.082031
13,3,70,6,3,-1,0,0.74231,0.69913,0,3,1,0.9023438
13,3,70,6,4,-1,0,0.95821,0.53318,0,3,1,0.921875
13,3,70,6,5,0,1,0.39162,0.56992,0,1,0,2.152344
13,3,70,6,6,-1,0,0.8328,0.30198,0,3,1,0.9921875
13,3,70,6,7,-1,0,0.86309,0.6009,0,3,1,0.953125
13,3,70,6,8,1,1,0.13124,0.19109,1,4,1,1.234375
13,3,70,6,9,0,1,0.31373,0.66184,0,1,0,1.195313
13,3,70,6,10,0,0,0.45224,0.24517,0,1,1,0.8984375
13,3,70,6,11,0,0,0.45741,0.29192,0,1,1,0.9609375
13,3,70,6,12,0,0,0.48402,0.086073,0,1,1,0.9882813
13,3,70,6,13,1,1,0.16342,0.8555,1,3,1,1.230469
13,3,70,6,14,0,1,0.60975,0.82899,0,1,0,0.9609375
13,3,70,6,15,0,1,0.56041,0.96164,0,1,0,1.421875
13,3,70,6,16,0,0,0.55856,0.10321,0,1,1,0.84375
13,3,70,6,17,1,0,0.049208,0.040432,1,4,0,0.9492188
13,3,70,6,18,1,1,0.066382,0.88073,0,2,0,1.183594
13,3,70,6,19,0,0,0.64167,0.49031,0,1,1,1.871094
13,3,70,6,20,0,0,0.54565,0.40455,0,1,1,1.511719
13,3,70,6,21,1,1,0.14532,0.84794,1,3,1,1.070313
13,3,70,6,22,0,1,0.51474,0.93314,0,1,0,0.7109375
13,3,70,6,23,0,1,0.40139,0.60352,0,1,0,1.074219
13,3,70,6,24,1,1,0.16298,0.98877,1,4,1,0.8515625
13,3,70,6,25,0,0,0.37231,0.35734,0,1,1,0.9609375
13,3,70,6,26,-1,0,0.9678,0.010826,0,4,1,1.675781
13,3,70,6,27,1,1,0.18343,0.59758,1,4,1,1.792969
13,3,70,6,28,1,1,0.0047122,0.59124,1,4,1,1.152344
13,3,70,6,29,-1,0,0.9785,0.22779,0,5,1,0.8398438
13,3,70,6,30,0,0,0.63633,0.58213,0,1,1,1.03125
13,3,70,6,31,0,0,0.37094,0.26662,0,1,1,0.921875
13,3,70,6,32,-1,0,0.9456,0.22181,0,1,1,0.8398438
13,3,70,6,33,0,0,0.6908,0.17059,0,1,1,0.9921875
13,3,70,6,34,-1,1,0.75569,0.88688,0,4,0,1.183594
13,3,70,6,35,1,0,0.1707,0.12099,1,4,0,1.050781
13,3,70,6,36,0,1,0.45771,0.7751,0,1,0,1.070313
13,3,70,6,37,1,1,0.28966,0.7687,1,3,1,1.511719
13,3,70,6,38,0,0,0.65794,0.35248,0,1,1,1.542969
13,3,70,6,39,1,1,0.16837,0.57846,1,3,1,1.074219
13,3,70,6,40,-1,0,0.73083,0.6557,0,4,1,1.320313
13,3,70,6,41,0,1,0.61327,0.86455,0,1,0,2.433594
13,3,70,6,42,0,1,0.5294,0.62036,0,1,0,0.8515625
13,3,70,6,43,1,1,0.18645,0.69218,1,4,1,1.132813
13,3,70,6,44,0,1,0.55512,0.71824,0,1,0,1.070313
13,3,70,6,45,1,1,0.1288,0.28305,1,4,1,1.214844
13,3,70,6,46,1,0,0.24172,0.16357,1,4,0,1.132813
13,3,70,6,47,1,1,0.23995,0.8109,1,4,1,1.113281
13,3,70,6,48,-1,0,0.88142,0.70699,0,4,1,1.261719
13,3,70,6,49,-1,0,0.99806,0.43737,0,4,1,1.171875
13,3,70,6,50,1,1,0.083478,0.97741,1,4,1,3.175781
13,4,80,2,1,1,1,0.16112,0.44312,1,2,1,1.265625
13,4,80,2,2,1,0,0.093896,0.084542,1,2,0,1.375
13,4,80,2,3,-1,0,0.84801,0.30202,0,2,1,0.890625
13,4,80,2,4,-1,0,0.88402,0.15673,0,3,1,1.152344
13,4,80,2,5,0,1,0.41635,0.62827,0,1,0,1.3125
13,4,80,2,6,0,0,0.35438,0.12941,0,1,1,1.039063
13,4,80,2,7,0,0,0.62987,0.23619,0,1,1,0.75
13,4,80,2,8,0,0,0.47226,0.27056,0,1,1,0.6132813
13,4,80,2,9,1,1,0.038333,0.47412,1,3,1,1.132813
13,4,80,2,10,0,0,0.43299,0.21264,0,1,1,0.8203125
13,4,80,2,11,0,1,0.38008,0.88536,0,1,0,0.953125
13,4,80,2,12,1,1,0.13408,0.45142,1,3,1,1.152344
13,4,80,2,13,0,0,0.34206,0.2273,0,1,1,1.023438
13,4,80,2,14,0,0,0.49606,0.12965,0,1,1,1.023438
13,4,80,2,15,0,0,0.6119,0.02846,0,1,1,0.9023438
13,4,80,2,16,0,0,0.78425,0.28357,0,1,1,0.8203125
13,4,80,2,17,1,1,0.087422,0.3858,1,4,1,1.121094
13,4,80,2,18,0,1,0.54635,0.64273,0,1,0,0.9414063
13,4,80,2,19,0,1,0.2491,0.7732,0,1,0,0.9335938
13,4,80,2,20,0,1,0.43503,0.61961,0,1,0,0.7929688
13,4,80,2,21,0,1,0.3708,0.37638,1,1,1,0.8125
13,4,80,2,22,1,1,0.068047,0.34942,1,4,1,1.269531
13,4,80,2,23,1,1,0.12049,0.69137,1,4,1,1.082031
13,4,80,2,24,0,1,0.37695,0.65694,0,1,0,1.3125
13,4,80,2,25,0,1,0.37407,0.65985,0,1,0,0.7617188
13,4,80,2,26,0,0,0.79523,0.45548,1,1,0,0.9921875
13,4,80,2,27,0,1,0.36833,0.65188,1,1,1,0.9804688
13,4,80,2,28,-1,0,0.91746,0.76783,0,4,1,0.9414063
13,4,80,2,29,-1,0,0.95687,0.56398,0,5,1,0.9023438
13,4,80,2,30,0,1,0.5933,0.82348,0,1,0,1.242188
13,4,80,2,31,0,1,0.48661,0.8311,0,1,0,0.6445313
13,4,80,2,32,-1,0,0.93582,0.74385,0,5,1,0.890625
13,4,80,2,33,0,1,0.32849,0.76336,0,1,0,1.121094
13,4,80,2,34,0,0,0.45774,0.042441,1,1,0,1.140625
13,4,80,2,35,0,1,0.40215,0.63903,1,1,1,0.671875
13,4,80,2,36,0,0,0.47916,0.1134,1,1,0,0.9414063
13,4,80,2,37,1,1,0.066487,0.68866,1,5,1,1.089844
13,4,80,2,38,1,1,0.096796,0.81089,1,5,1,0.859375
13,4,80,2,39,0,0,0.37424,0.076536,0,1,1,0.9804688
13,4,80,2,40,0,1,0.46623,0.59248,0,1,0,0.9921875
13,4,80,2,41,0,0,0.68134,0.29957,0,1,1,0.8515625
13,4,80,2,42,1,1,0.0031535,0.28681,1,5,1,0.921875
13,4,80,2,43,0,1,0.54805,0.59839,0,1,0,1.101563
13,4,80,2,44,1,1,0.074783,0.90161,1,5,1,1.582031
13,4,80,2,45,0,0,0.69156,0.060628,0,1,1,0.8515625
13,4,80,2,46,0,1,0.29724,0.74168,0,1,0,1.121094
13,4,80,2,47,0,1,0.33229,0.45266,0,1,0,0.9140625
13,4,80,2,48,-1,0,0.8652,0.21155,0,5,1,1.191406
13,4,80,2,49,0,1,0.3054,0.31979,0,1,0,1.152344
13,4,80,2,50,1,1,0.0062269,0.53434,1,5,1,1.03125
13,5,90,1,1,0,0,0.20766,0.1346,0,1,1,3.046875
13,5,90,1,2,1,0,0.044528,0.030251,1,3,0,2.230469
13,5,90,1,3,0,1,0.72718,0.90529,0,1,0,1.875
13,5,90,1,4,0,0,0.34497,0.24543,0,1,1,1.945313
13,5,90,1,5,0,0,0.15683,0.015867,0,2,1,1.453125
13,5,90,1,6,0,1,0.25278,0.49087,0,2,0,1.179688
13,5,90,1,7,0,1,0.46998,0.54417,0,2,0,1.980469
13,5,90,1,8,0,0,0.8552,0.58415,0,1,1,1.550781
13,5,90,1,9,0,1,0.49487,0.76586,0,1,0,1.464844
13,5,90,1,10,0,1,0.25168,0.5165,0,1,0,1.160156
13,5,90,1,11,0,0,0.32558,0.03961,0,2,1,1.410156
13,5,90,1,12,0,0,0.7992,0.18341,0,2,1,1.769531
13,5,90,1,13,-1,0,0.96946,0.44687,0,1,1,1.863281
13,5,90,1,14,0,1,0.4864,0.67774,0,3,0,3.597656
13,5,90,1,15,0,0,0.56573,0.13526,0,2,1,3.628906
13,5,90,1,16,0,1,0.26868,0.78,0,1,0,4.105469
13,5,90,1,17,0,1,0.2007,0.69445,0,1,0,3.152344
13,5,90,1,18,0,0,0.60616,0.054237,0,1,1,1.472656
13,5,90,1,19,0,0,0.37429,0.20522,0,1,1,0.6640625
13,5,90,1,20,0,0,0.79839,0.15505,0,1,1,1.804688
13,5,90,1,21,0,1,0.28434,0.99739,0,1,0,1.902344
13,5,90,1,22,0,1,0.17152,0.92141,0,1,0,1.1875
13,5,90,1,23,-1,0,0.96364,0.14378,0,2,1,1.804688
13,5,90,1,24,0,0,0.421,0.41115,0,1,1,1.253906
13,5,90,1,25,0,0,0.74865,0.58605,0,1,1,0.9804688
13,5,90,1,26,0,0,0.79278,0.53474,0,1,1,0.71875
13,5,90,1,27,0,1,0.47981,0.7082,0,1,0,0.6914063
13,5,90,1,28,0,1,0.36832,0.46283,0,1,0,1.03125
13,5,90,1,29,0,1,0.60312,0.89633,0,1,0,0.7421875
13,5,90,1,30,0,1,0.20379,0.52741,0,1,0,0.9101563
13,5,90,1,31,0,1,0.40096,0.82549,0,1,0,1.011719
13,5,90,1,32,0,0,0.6933,0.1334,0,1,1,0.921875
13,5,90,1,33,0,1,0.36774,0.45575,0,1,0,1.742188
13,5,90,1,34,0,1,0.26394,0.40073,0,1,0,1.152344
13,5,90,1,35,-1,0,0.97451,0.7982,0,2,1,1.441406
13,5,90,1,36,1,1,0.043029,0.42648,0,2,0,0.609375
13,5,90,1,37,0,0,0.53688,0.40196,0,1,1,0.9492188
13,5,90,1,38,0,1,0.75385,0.81831,0,1,0,0.9414063
13,5,90,1,39,0,0,0.81041,0.005938,0,1,1,1.683594
13,5,90,1,40,0,0,0.81372,0.32846,0,1,1,2.65625
13,5,90,1,41,0,0,0.64967,0.54966,0,1,1,1.390625
13,5,90,1,42,0,0,0.78293,0.087925,0,1,1,0.8945313
13,5,90,1,43,0,1,0.21874,0.62559,0,1,0,0.5703125
13,5,90,1,44,1,1,0.063911,0.73157,1,2,1,1.308594
13,5,90,1,45,-1,0,0.98853,0.12805,0,2,1,1.21875
13,5,90,1,46,0,1,0.68683,0.84248,0,1,0,0.8085938
13,5,90,1,47,0,1,0.66016,0.98115,0,1,0,1.101563
13,5,90,1,48,0,1,0.7172,0.79265,0,1,0,0.6445313
13,5,90,1,49,0,0,0.69859,0.43159,0,1,1,0.734375
13,5,90,1,50,0,0,0.44075,0.35723,0,1,1,0.890625
13,6,100,5,1,0,1,0.33563,0.53658,0,1,0,1.511719
13,6,100,5,2,0,1,0.87052,0.89015,0,1,0,0.9023438
13,6,100,5,3,0,1,0.65635,0.90468,0,1,0,0.9726563
13,6,100,5,4,0,1,0.71841,0.84895,0,1,0,0.8710938
13,6,100,5,5,0,0,0.86915,0.40544,1,1,0,0.9492188
13,6,100,5,6,0,0,0.93979,0.5943,1,1,0,0.9101563
13,6,100,5,7,0,1,0.45573,0.74134,0,1,0,0.9453125
13,6,100,5,8,0,1,3.989e-05,0.30808,0,1,0,1.121094
13,6,100,5,9,0,0,0.89947,0.084471,0,1,1,1.792969
13,6,100,5,10,0,0,0.50818,0.20878,0,1,1,0.671875
13,6,100,5,11,0,0,0.88377,0.50743,0,1,1,0.8007813
13,6,100,5,12,0,1,0.37352,0.73854,0,1,0,0.6132813
13,6,100,5,13,0,1,0.5237,0.52377,0,1,0,0.953125
13,6,100,5,14,0,0,0.85779,0.71089,0,1,1,1.089844
13,6,100,5,15,0,1,0.41365,0.66847,0,1,0,1.019531
13,6,100,5,16,0,0,0.5855,0.1503,0,1,1,1.109375
13,6,100,5,17,0,1,0.20417,0.88262,0,1,0,0.8515625
13,6,100,5,18,0,1,0.44295,0.7827,0,1,0,0.8515625
13,6,100,5,19,0,0,0.87831,0.50715,0,1,1,0.828125
13,6,100,5,20,0,1,0.52748,0.93835,0,1,0,1.199219
13,6,100,5,21,0,0,0.83638,0.37859,0,1,1,1.570313
13,6,100,5,22,0,0,0.88479,0.62008,0,1,1,0.9140625
13,6,100,5,23,0,1,0.41279,0.75138,0,1,0,0.84375
13,6,100,5,24,0,0,0.96184,0.10941,0,1,1,1.222656
13,6,100,5,25,0,0,0.56243,0.17852,0,1,1,1.0
13,6,100,5,26,0,1,0.34293,0.686,0,1,0,0.9296875
13,6,100,5,27,0,0,0.90031,0.68164,0,1,1,0.9414063
13,6,100,5,28,0,0,0.73531,0.19268,0,1,1,0.4375
13,6,100,5,29,0,1,0.68464,0.93418,0,1,0,0.53125
13,6,100,5,30,0,1,0.51468,0.51877,0,1,0,0.6835938
13,6,100,5,31,0,1,0.043062,0.91687,0,1,0,0.4414063
13,6,100,5,32,0,0,0.48383,0.16264,0,1,1,0.4492188
13,6,100,5,33,0,0,0.17785,0.15043,0,1,1,0.4179688
13,6,100,5,34,0,1,0.70002,0.7711,0,1,0,0.4023438
13,6,100,5,35,0,0,0.89952,0.22143,0,1,1,0.4414063
13,6,100,5,36,0,0,0.95228,0.66591,0,1,1,0.421875
13,6,100,5,37,0,1,0.29226,0.36764,0,1,0,0.4023438
13,6,100,5,38,0,0,0.76491,0.53418,0,1,1,0.859375
13,6,100,5,39,0,0,0.70675,0.59697,0,1,1,1.074219
13,6,100,5,40,0,1,0.3625,0.94015,0,1,0,0.4492188
13,6,100,5,41,0,0,0.94524,0.58036,0,1,1,0.4804688
13,6,100,5,42,0,1,0.17848,0.69372,0,1,0,0.4414063
13,6,100,5,43,0,1,0.4161,0.55414,0,1,0,0.4335938
13,6,100,5,44,0,0,0.98073,0.82182,0,1,1,0.4492188
13,6,100,5,45,0,0,0.93451,0.32371,0,1,1,0.6679688
13,6,100,5,46,0,0,0.92279,0.84952,0,1,1,0.4375
13,6,100,5,47,0,1,0.70593,0.99523,0,1,0,0.5976563
13,6,100,5,48,0,0,0.95429,0.83059,0,1,1,0.7695313
13,6,100,5,49,0,1,0.3001,0.95667,0,1,0,0.6289063
13,6,100,5,50,0,0,0.49285,0.074286,0,1,1,0.5
14,1,50,5,1,1,1,0.18786,0.73671,1,1,1,1.332031
14,1,50,5,2,1,1,0.31428,0.97751,1,2,1,1.421875
14,1,50,5,3,-1,1,0.50605,0.66908,0,2,0,1.292969
14,1,50,5,4,1,1,0.30769,0.62915,1,2,1,1.691406
14,1,50,5,5,1,1,0.30621,0.34828,1,2,1,1.25
14,1,50,5,6,-1,0,0.72406,0.63989,0,2,1,2.09375
14,1,50,5,7,1,1,0.47334,0.9594,1,2,1,1.363281
14,1,50,5,8,1,1,0.39391,0.56785,1,2,1,1.472656
14,1,50,5,9,1,1,0.087745,0.97121,1,3,1,1.121094
14,1,50,5,10,-1,0,0.94976,0.52865,0,3,1,1.261719
14,1,50,5,11,1,0,0.22191,0.061248,1,3,0,1.464844
14,1,50,5,12,1,1,0.44964,0.82418,1,2,1,1.210938
14,1,50,5,13,-1,0,0.89481,0.88154,0,2,1,1.5625
14,1,50,5,14,-1,0,0.70185,0.072615,0,3,1,1.332031
14,1,50,5,15,-1,0,0.56205,0.12308,0,2,1,1.191406
14,1,50,5,16,1,1,0.19984,0.72862,1,2,1,1.03125
14,1,50,5,17,-1,0,0.76992,0.33132,1,2,0,1.292969
14,1,50,5,18,1,1,0.2888,0.89861,1,2,1,1.308594
14,1,50,5,19,1,1,0.063128,0.54774,1,3,1,1.152344
14,1,50,5,20,-1,1,0.67275,0.79216,0,3,0,1.179688
14,1,50,5,21,1,1,0.014864,0.99271,1,2,1,1.210938
14,1,50,5,22,-1,0,0.62114,0.12953,0,2,1,1.121094
14,1,50,5,23,-1,1,0.65964,0.77075,0,3,0,1.261719
14,1,50,5,24,-1,1,0.63655,0.92492,0,2,0,1.191406
14,1,50,5,25,-1,0,0.87683,0.15739,0,2,1,1.253906
14,1,50,5,26,-1,1,0.67872,0.86774,0,2,0,1.121094
14,1,50,5,27,1,0,0.4582,0.22559,1,2,0,1.621094
14,1,50,5,28,1,0,0.3796,0.25475,1,2,0,1.171875
14,1,50,5,29,-1,1,0.50288,0.5764,1,1,1,1.320313
14,1,50,5,30,-1,0,0.90826,0.59649,0,2,1,1.480469
14,1,50,5,31,-1,1,0.75402,0.80883,0,2,0,1.109375
14,1,50,5,32,1,1,0.0356,0.50138,1,2,1,1.324219
14,1,50,5,33,1,0,0.22858,0.080287,1,2,0,1.332031
14,1,50,5,34,1,0,0.37333,0.12189,1,2,0,1.082031
14,1,50,5,35,-1,0,0.67365,0.37249,0,2,1,1.113281
14,1,50,5,36,1,1,0.023744,0.53691,0,2,0,1.53125
14,1,50,5,37,1,1,0.25067,0.73149,1,2,1,0.8710938
14,1,50,5,38,1,1,0.33508,0.74958,1,2,1,1.160156
14,1,50,5,39,-1,0,0.72579,0.56371,0,2,1,1.363281
14,1,50,5,40,1,1,0.24117,0.65031,1,2,1,0.9414063
14,1,50,5,41,1,1,0.13472,0.6898,1,2,1,1.644531
14,1,50,5,42,1,1,0.18033,0.85941,1,2,1,0.96875
14,1,50,5,43,1,1,0.012886,0.78166,1,2,1,0.9296875
14,1,50,5,44,-1,1,0.59436,0.98704,0,2,0,3.847656
14,1,50,5,45,-1,0,0.79183,0.50712,0,2,1,1.132813
14,1,50,5,46,-1,1,0.77209,0.78662,0,2,0,1.390625
14,1,50,5,47,1,1,0.0020256,0.44113,1,2,1,0.9414063
14,1,50,5,48,1,1,0.40751,0.632,1,2,1,1.191406
14,1,50,5,49,1,1,0.31106,0.386,1,2,1,0.84375
14,1,50,5,50,1,1,0.39979,0.74936,1,2,1,1.234375
14,2,60,2,1,-1,1,0.64001,0.72109,0,1,0,1.414063
14,2,60,2,2,0,1,0.46353,0.94459,1,1,1,1.582031
14,2,60,2,3,-1,1,0.62103,0.71036,0,1,0,1.664063
14,2,60,2,4,-1,0,0.94233,0.79424,1,1,0,1.375
14,2,60,2,5,1,1,0.39413,0.62993,0,1,0,2.523438
14,2,60,2,6,0,1,0.46676,0.82042,1,1,1,1.445313
14,2,60,2,7,-1,0,0.70847,0.58035,0,1,1,1.320313
14,2,60,2,8,-1,0,0.80452,0.10533,0,2,1,1.511719
14,2,60,2,9,0,0,0.56919,0.45059,1,1,0,2.335938
14,2,60,2,10,1,1,0.30253,0.76933,1,2,1,1.613281
14,2,60,2,11,0,1,0.59618,0.6365,0,1,0,2.453125
14,2,60,2,12,-1,0,0.9329,0.18822,0,2,1,1.5
14,2,60,2,13,1,1,0.35572,0.56188,1,2,1,1.195313
14,2,60,2,14,-1,0,0.93274,0.15439,0,3,1,0.96875
14,2,60,2,15,0,1,0.45509,0.78267,1,1,1,2.8125
14,2,60,2,16,-1,0,0.8678,0.1917,0,2,1,1.132813
14,2,60,2,17,1,1,0.12192,0.85521,1,2,1,1.261719
14,2,60,2,18,1,1,0.046636,0.29482,1,3,1,1.441406
14,2,60,2,19,1,1,0.065315,0.96652,1,3,1,1.160156
14,2,60,2,20,1,1,0.21199,0.49968,1,3,1,1.113281
14,2,60,2,21,-1,1,0.66612,0.89543,0,3,0,1.25
14,2,60,2,22,-1,0,0.98548,0.039909,0,2,1,1.234375
14,2,60,2,23,-1,0,0.82201,0.021054,0,2,1,1.339844
14,2,60,2,24,-1,0,0.60494,0.47832,0,2,1,1.722656
14,2,60,2,25,-1,0,0.62339,0.26083,0,2,1,3.527344
14,2,60,2,26,-1,0,0.77908,0.55551,0,2,1,1.304688
14,2,60,2,27,1,1,0.01193,0.15449,1,3,1,1.011719
14,2,60,2,28,0,1,0.50921,0.64137,1,1,1,2.511719
14,2,60,2,29,1,1,0.31393,0.48576,1,2,1,1.382813
14,2,60,2,30,-1,0,0.91756,0.60913,0,2,1,1.554688
14,2,60,2,31,-1,0,0.76267,0.54489,0,3,1,1.609375
14,2,60,2,32,1,1,0.27216,0.34138,1,3,1,1.292969
14,2,60,2,33,1,1,0.3402,0.39556,1,3,1,1.3125
14,2,60,2,34,-1,0,0.89118,0.54233,0,3,1,1.28125
14,2,60,2,35,0,1,0.50194,0.91568,1,1,1,2.066406
14,2,60,2,36,1,1,0.11122,0.22147,1,2,1,1.082031
14,2,60,2,37,0,0,0.51953,0.45512,0,1,1,2.144531
14,2,60,2,38,0,0,0.52162,0.069128,0,1,1,1.191406
14,2,60,2,39,1,0,0.14931,0.12681,1,2,0,1.191406
14,2,60,2,40,1,1,0.28528,0.7309,1,1,1,1.121094
14,2,60,2,41,1,1,0.22985,0.53402,1,2,1,0.9882813
14,2,60,2,42,1,1,0.11652,0.5405,1,2,1,1.230469
14,2,60,2,43,0,1,0.53652,0.60862,0,1,0,1.921875
14,2,60,2,44,1,1,0.25425,0.94378,1,1,1,1.984375
14,2,60,2,45,-1,0,0.86363,0.80667,0,2,1,1.492188
14,2,60,2,46,1,1,0.19186,0.27845,1,2,1,1.191406
14,2,60,2,47,0,0,0.48306,0.37563,1,1,0,2.222656
14,2,60,2,48,1,1,0.21323,0.92598,1,2,1,1.25
14,2,60,2,49,-1,0,0.94182,0.89742,0,2,1,1.222656
14,2,60,2,50,1,1,0.32272,0.95246,1,2,1,2.023438
14,3,70,1,1,-1,0,0.95169,0.43224,1,1,0,20.10938
14,3,70,1,2,0,0,0.40927,0.014094,0,1,1,3.484375
14,3,70,1,3,1,0,0.17502,0.051173,0,1,1,5.078125
14,3,70,1,4,0,1,0.54142,0.73109,0,1,0,3.855469
14,3,70,1,5,1,0,0.28594,0.22502,1,2,0,1.414063
14,3,70,1,6,0,1,0.44329,0.59039,1,1,1,2.242188
14,3,70,1,7,1,1,0.26182,0.85168,0,1,0,1.820313
14,3,70,1,8,0,0,0.45106,0.035779,0,1,1,3.597656
14,3,70,1,9,-1,0,0.71812,0.14831,0,2,1,4.375
14,3,70,1,10,0,1,0.3663,0.74016,1,1,1,2.621094
14,3,70,1,11,1,1,0.014233,0.75224,1,2,1,2.535156
14,3,70,1,12,0,0,0.52206,0.47869,0,1,1,3.996094
14,3,70,1,13,-1,0,0.96882,0.52551,1,1,0,2.125
14,3,70,1,14,1,1,0.2512,0.25411,1,1,1,1.792969
14,3,70,1,15,1,1,0.20927,0.22577,1,1,1,1.433594
14,3,70,1,16,0,1,0.3749,0.40966,1,1,1,3.734375
14,3,70,1,17,0,1,0.56671,0.798,0,1,0,2.082031
14,3,70,1,18,-1,0,0.82339,0.33356,0,1,1,2.464844
14,3,70,1,19,1,1,0.10159,0.24126,1,1,1,1.460938
14,3,70,1,20,-1,0,0.99953,0.010356,0,2,1,2.375
14,3,70,1,21,-1,0,0.76655,0.03624,0,2,1,1.320313
14,3,70,1,22,-1,0,0.81673,0.21354,0,2,1,1.78125
14,3,70,1,23,1,1,0.24403,0.26025,1,2,1,1.449219
14,3,70,1,24,0,0,0.60212,0.31053,1,1,0,2.515625
14,3,70,1,25,0,1,0.5396,0.58211,1,1,1,2.160156
14,3,70,1,26,0,1,0.3104,0.42917,0,1,0,2.746094
14,3,70,1,27,1,1,0.070669,0.65532,1,1,1,1.359375
14,3,70,1,28,0,1,0.58248,0.69027,0,1,0,1.910156
14,3,70,1,29,-1,0,0.77088,0.5908,0,1,1,1.453125
14,3,70,1,30,-1,0,0.82803,0.8253,0,2,1,1.25
14,3,70,1,31,1,0,0.12212,0.11551,1,2,0,1.28125
14,3,70,1,32,-1,1,0.88349,0.95018,0,1,0,1.21875
14,3,70,1,33,-1,0,0.85057,0.75253,1,1,0,1.320313
14,3,70,1,34,0,0,0.65662,0.092518,1,1,0,1.171875
14,3,70,1,35,1,1,0.18132,0.67999,1,1,1,1.53125
14,3,70,1,36,1,1,0.19187,0.7937,1,2,1,1.191406
14,3,70,1,37,1,1,0.026877,0.47389,1,2,1,1.273438
14,3,70,1,38,1,0,0.13719,0.029108,1,2,0,1.144531
14,3,70,1,39,0,0,0.47116,0.12481,1,1,0,2.5625
14,3,70,1,40,0,1,0.35842,0.88036,0,1,0,3.035156
14,3,70,1,41,0,0,0.6405,0.30495,0,1,1,2.894531
14,3,70,1,42,1,1,0.2622,0.67707,1,1,1,1.574219
14,3,70,1,43,-1,1,0.73393,0.98577,0,2,0,1.511719
14,3,70,1,44,-1,0,0.86602,0.49565,0,1,1,1.53125
14,3,70,1,45,0,0,0.65861,0.56636,1,1,0,2.433594
14,3,70,1,46,-1,1,0.83303,0.86606,0,2,0,1.53125
14,3,70,1,47,0,1,0.44159,0.8328,1,1,1,2.582031
14,3,70,1,48,0,1,0.51361,0.97692,1,1,1,1.984375
14,3,70,1,49,1,1,0.052693,0.38007,1,2,1,1.644531
14,3,70,1,50,-1,1,0.89665,0.96422,0,2,0,1.214844
14,4,80,6,1,0,0,0.49064,0.21036,1,1,0,2.214844
14,4,80,6,2,0,0,0.60838,0.0068542,1,1,0,2.234375
14,4,80,6,3,0,1,0.46478,0.52651,0,1,0,1.191406
14,4,80,6,4,0,0,0.41157,0.074058,1,1,0,1.351563
14,4,80,6,5,1,0,0.11216,0.062853,1,1,0,1.382813
14,4,80,6,6,0,1,0.28163,0.43182,0,1,0,2.171875
14,4,80,6,7,-1,1,0.90282,0.98492,0,1,0,2.082031
14,4,80,6,8,0,1,0.52076,0.97109,0,1,0,2.515625
14,4,80,6,9,0,1,0.44348,0.62443,1,1,1,2.152344
14,4,80,6,10,0,1,0.55794,0.89911,1,1,1,2.355469
14,4,80,6,11,0,1,0.70368,0.89905,1,1,1,1.320313
14,4,80,6,12,1,1,0.1722,0.40272,0,1,0,1.242188
14,4,80,6,13,0,1,0.28615,0.96966,1,1,1,2.773438
14,4,80,6,14,-1,0,0.84768,0.2204,0,1,1,2.5625
14,4,80,6,15,0,0,0.3193,0.13366,0,1,1,2.132813
14,4,80,6,16,1,0,0.049493,0.035312,1,1,0,2.011719
14,4,80,6,17,0,1,0.37506,0.70842,1,1,1,2.152344
14,4,80,6,18,-1,0,0.88883,0.5446,1,1,0,1.914063
14,4,80,6,19,0,1,0.26422,0.59895,0,1,0,2.011719
14,4,80,6,20,-1,0,0.95799,0.1014,0,1,1,3.042969
14,4,80,6,21,0,0,0.28819,0.0036467,0,1,1,2.875
14,4,80,6,22,0,0,0.56022,0.16686,0,1,1,2.566406
14,4,80,6,23,0,1,0.21406,0.66976,1,1,1,2.144531
14,4,80,6,24,1,1,0.17031,0.4599,1,2,1,1.589844
14,4,80,6,25,1,1,0.012891,0.43998,1,2,1,1.730469
14,4,80,6,26,1,1,0.074321,0.29726,1,2,1,1.421875
14,4,80,6,27,0,0,0.7032,0.64018,0,1,1,2.109375
14,4,80,6,28,0,1,0.27643,0.53665,0,2,0,1.921875
14,4,80,6,29,-1,0,0.9477,0.2739,0,1,1,3.15625
14,4,80,6,30,1,1,0.15638,0.87536,1,1,1,1.472656
14,4,80,6,31,0,0,0.66316,0.074462,0,1,1,3.929688
14,4,80,6,32,1,1,0.081164,0.84681,1,2,1,1.300781
14,4,80,6,33,-1,0,0.86204,0.32278,0,2,1,1.894531
14,4,80,6,34,0,0,0.53138,0.13063,1,1,0,2.671875
14,4,80,6,35,-1,0,0.95733,0.8646,0,1,1,1.929688
14,4,80,6,36,-1,0,0.87022,0.34659,0,2,1,1.261719
14,4,80,6,37,-1,0,0.93386,0.72654,0,2,1,1.269531
14,4,80,6,38,0,1,0.43736,0.86477,1,1,1,2.613281
14,4,80,6,39,0,1,0.3987,0.88896,1,1,1,1.273438
14,4,80,6,40,-1,0,0.97808,0.30996,0,2,1,2.042969
14,4,80,6,41,1,1,0.022493,0.99186,1,2,1,1.320313
14,4,80,6,42,1,1,0.032419,0.32481,1,2,1,1.289063
14,4,80,6,43,-1,0,0.88921,0.5456,0,2,1,1.214844
14,4,80,6,44,0,0,0.3311,0.067117,1,1,0,1.632813
14,4,80,6,45,1,0,0.15259,0.1432,1,1,0,1.300781
14,4,80,6,46,0,1,0.37982,0.55359,0,1,0,2.113281
14,4,80,6,47,0,0,0.79022,0.34024,1,1,0,1.5625
14,4,80,6,48,0,1,0.40776,0.46794,1,1,1,1.003906
14,4,80,6,49,1,0,0.16853,0.14934,1,2,0,1.25
14,4,80,6,50,0,1,0.50552,0.84141,0,1,0,1.816406
14,5,90,4,1,0,1,0.3527,0.7622,1,1,1,0.9804688
14,5,90,4,2,1,1,0.071168,0.27809,1,1,1,1.183594
14,5,90,4,3,0,1,0.58736,0.63008,0,1,0,2.09375
14,5,90,4,4,0,1,0.4018,0.85549,0,1,0,2.503906
14,5,90,4,5,0,0,0.72198,0.30213,1,1,0,0.8007813
14,5,90,4,6,0,1,0.66405,0.71717,1,1,1,2.089844
14,5,90,4,7,-1,0,0.98616,0.40321,0,2,1,1.210938
14,5,90,4,8,0,0,0.16627,0.0582,0,1,1,1.300781
14,5,90,4,9,0,0,0.44531,0.021445,1,1,0,2.464844
14,5,90,4,10,0,0,0.75948,0.39445,1,1,0,2.519531
14,5,90,4,11,-1,0,0.97709,0.16314,0,1,1,1.210938
14,5,90,4,12,0,1,0.22804,0.46968,0,1,0,1.472656
14,5,90,4,13,0,0,0.75534,0.56861,1,1,0,0.859375
14,5,90,4,14,-1,0,0.94082,0.60493,0,1,1,1.257813
14,5,90,4,15,0,0,0.85112,0.29998,1,1,0,1.714844
14,5,90,4,16,1,1,0.07369,0.15935,1,2,1,1.21875
14,5,90,4,17,0,1,0.11706,0.51976,0,1,0,1.761719
14,5,90,4,18,-1,1,0.94915,0.95367,0,2,0,1.710938
14,5,90,4,19,-1,0,0.9331,0.7495,1,1,0,0.8632813
14,5,90,4,20,0,0,0.29049,0.27839,1,1,0,1.238281
14,5,90,4,21,1,1,0.095413,0.60769,1,1,1,1.558594
14,5,90,4,22,0,0,0.81939,0.012452,0,1,1,1.949219
14,5,90,4,23,0,1,0.75363,0.93857,0,1,0,1.621094
14,5,90,4,24,0,1,0.18336,0.62094,1,1,1,1.269531
14,5,90,4,25,0,1,0.67735,0.86078,1,1,1,1.351563
14,5,90,4,26,-1,0,0.92668,0.80241,0,2,1,1.390625
14,5,90,4,27,0,0,0.51625,0.37774,0,1,1,1.414063
14,5,90,4,28,0,1,0.19324,0.32238,0,1,0,2.101563
14,5,90,4,29,-1,0,0.98657,0.39663,0,2,1,1.722656
14,5,90,4,30,0,0,0.81213,0.72349,1,1,0,1.441406
14,5,90,4,31,0,0,0.65164,0.62752,0,1,1,2.085938
14,5,90,4,32,0,1,0.21299,0.3701,0,1,0,1.683594
14,5,90,4,33,-1,0,0.91376,0.86061,0,2,1,1.453125
14,5,90,4,34,-1,0,0.99265,0.3724,0,2,1,1.371094
14,5,90,4,35,0,0,0.66043,0.48978,1,1,0,1.464844
14,5,90,4,36,-1,0,0.96917,0.83006,0,2,1,1.78125
14,5,90,4,37,0,0,0.71569,0.66708,0,1,1,1.554688
14,5,90,4,38,-1,0,0.94239,0.77674,0,2,1,1.164063
14,5,90,4,39,0,0,0.5325,0.2257,0,1,1,2.011719
14,5,90,4,40,0,0,0.62641,0.0023701,0,1,1,2.714844
14,5,90,4,41,0,0,0.66582,0.57035,1,1,0,2.214844
14,5,90,4,42,0,0,0.85293,0.63682,0,1,1,1.402344
14,5,90,4,43,0,1,0.36846,0.70237,0,1,0,1.039063
14,5,90,4,44,0,1,0.15926,0.37458,1,1,1,1.890625
14,5,90,4,45,-1,0,0.98048,0.4469,0,2,1,1.710938
14,5,90,4,46,0,0,0.669,0.63095,1,1,0,2.59375
14,5,90,4,47,0,1,0.176,0.91747,0,1,0,1.585938
14,5,90,4,48,0,1,0.15734,0.43574,0,1,0,2.011719
14,5,90,4,49,0,1,0.38437,0.98465,1,1,1,0.9492188
14,5,90,4,50,0,1,0.4109,0.71491,1,1,1,1.007813
14,6,100,3,1,0,1,0.24733,0.95009,0,1,0,1.703125
14,6,100,3,2,0,0,0.61094,0.55324,0,1,1,2.042969
14,6,100,3,3,0,0,0.24596,0.06446,1,1,0,1.792969
14,6,100,3,4,0,0,0.34176,0.33609,1,1,0,3.457031
14,6,100,3,5,0,0,0.50301,0.19204,0,1,1,1.621094
14,6,100,3,6,0,1,0.014669,0.33575,0,1,0,1.480469
14,6,100,3,7,0,0,0.78386,0.14101,1,1,0,1.253906
14,6,100,3,8,0,0,0.82886,0.36633,1,1,0,1.121094
14,6,100,3,9,0,0,0.46081,0.016456,1,1,0,0.9140625
14,6,100,3,10,0,0,0.85184,0.20621,0,1,1,1.25
14,6,100,3,11,0,0,0.81621,0.60148,0,1,1,0.9726563
14,6,100,3,12,0,0,0.71335,0.23541,0,2,1,1.023438
14,6,100,3,13,0,1,0.049047,0.52159,0,2,0,0.9140625
14,6,100,3,14,0,1,0.13098,0.48978,0,1,0,1.273438
14,6,100,3,15,0,1,0.081074,0.91595,1,1,1,0.921875
14,6,100,3,16,0,1,0.37218,0.57472,1,1,1,0.8515625
14,6,100,3,17,0,1,0.52211,0.90229,1,2,1,1.050781
14,6,100,3,18,0,0,0.59791,0.57365,1,2,0,0.6835938
14,6,100,3,19,0,1,0.2343,0.29897,0,2,0,0.9101563
14,6,100,3,20,0,1,0.49841,0.50363,1,1,1,0.8203125
14,6,100,3,21,0,1,0.13094,0.40561,1,1,1,1.933594
14,6,100,3,22,0,1,0.017363,0.13419,1,1,1,0.9804688
14,6,100,3,23,0,1,0.26321,0.88063,1,1,1,1.121094
14,6,100,3,24,0,1,0.6595,0.75117,1,1,1,1.089844
14,6,100,3,25,0,0,0.68589,0.35654,1,1,0,1.023438
14,6,100,3,26,0,1,0.3073,0.66428,0,1,0,0.8515625
14,6,100,3,27,0,0,0.22715,0.17425,1,1,0,0.921875
14,6,100,3,28,0,0,0.07429,0.0097121,1,1,0,0.8515625
14,6,100,3,29,0,0,0.63819,0.54937,0,1,1,0.8203125
14,6,100,3,30,0,1,0.11308,0.52343,0,1,0,1.105469
14,6,100,3,31,0,0,0.7218,0.40815,1,1,0,0.7617188
14,6,100,3,32,0,1,0.41943,0.68542,1,1,1,0.7109375
14,6,100,3,33,0,1,0.46615,0.63001,1,1,1,0.6796875
14,6,100,3,34,0,1,0.48814,0.86934,1,1,1,1.152344
14,6,100,3,35,0,0,0.42219,0.05644,1,1,0,0.9882813
14,6,100,3,36,0,0,0.56505,0.46353,0,1,1,0.75
14,6,100,3,37,0,0,0.19229,0.18172,0,1,1,0.8398438
14,6,100,3,38,0,0,0.8952,0.071825,0,1,1,0.9453125
14,6,100,3,39,0,1,0.13586,0.51085,0,1,0,0.9804688
14,6,100,3,40,0,0,0.86864,0.21227,1,1,0,0.6796875
14,6,100,3,41,0,1,0.68134,0.72175,1,1,1,0.890625
14,6,100,3,42,0,1,0.069318,0.35881,1,1,1,0.4023438
14,6,100,3,43,0,1,0.27603,0.84117,0,1,0,0.3789063
14,6,100,3,44,0,0,0.56948,0.33253,0,1,1,0.5703125
14,6,100,3,45,0,0,0.56762,0.28857,0,1,1,0.390625
14,6,100,3,46,0,1,0.63899,0.82296,0,1,0,0.4570313
14,6,100,3,47,0,0,0.60811,0.011063,1,1,0,0.6796875
14,6,100,3,48,0,1,0.10345,0.94806,0,1,0,0.7109375
14,6,100,3,49,0,1,0.14997,0.65518,0,1,0,0.7890625
14,6,100,3,50,0,0,0.734,0.72692,1,1,0,0.3789063
15,1,50,3,1,-1,0,0.6412,0.16033,0,4,1,1.910156
15,1,50,3,2,1,1,0.082613,0.2154,1,5,1,1.132813
15,1,50,3,3,-1,1,0.87535,0.92677,1,4,1,3.734375
15,1,50,3,4,-1,0,0.61591,0.0012936,1,4,0,1.59375
15,1,50,3,5,-1,1,0.51521,0.95644,0,4,0,1.855469
15,1,50,3,6,1,1,0.1302,0.66671,1,3,1,1.632813
15,1,50,3,7,1,0,0.45456,0.11025,1,4,0,1.371094
15,1,50,3,8,-1,0,0.92235,0.73892,0,4,1,1.683594
15,1,50,3,9,-1,1,0.54176,0.75677,0,1,0,3.785156
15,1,50,3,10,1,1,0.015521,0.51198,1,4,1,1.042969
15,1,50,3,11,1,1,0.33111,0.81148,1,4,1,2.050781
15,1,50,3,12,-1,0,0.80221,0.14164,0,4,1,1.402344
15,1,50,3,13,-1,0,0.94251,0.55651,1,4,0,1.820313
15,1,50,3,14,-1,1,0.62909,0.9629,0,4,0,1.0625
15,1,50,3,15,1,1,0.21878,0.28462,1,4,1,1.382813
15,1,50,3,16,1,1,0.22479,0.9258,1,4,1,1.222656
15,1,50,3,17,1,1,0.31343,0.58308,1,4,1,1.28125
15,1,50,3,18,1,0,0.34315,0.096971,1,4,0,2.363281
15,1,50,3,19,1,1,0.48559,0.63612,0,4,0,1.25
15,1,50,3,20,1,1,0.19301,0.42483,0,4,0,0.9414063
15,1,50,3,21,-1,0,0.81331,0.63075,1,3,0,1.28125
15,1,50,3,22,-1,0,0.59449,0.27254,0,4,1,1.054688
15,1,50,3,23,1,0,0.43965,0.057043,0,4,1,1.050781
15,1,50,3,24,1,1,0.29156,0.91707,0,4,0,1.371094
15,1,50,3,25,1,1,0.25843,0.84509,1,1,1,1.042969
15,1,50,3,26,-1,1,0.63757,0.96163,1,2,1,0.4804688
15,1,50,3,27,-1,0,0.93025,0.30834,1,3,0,0.7109375
15,1,50,3,28,1,1,0.21681,0.80286,0,4,0,1.054688
15,1,50,3,29,1,1,0.30663,0.52817,1,3,1,0.53125
15,1,50,3,30,1,1,0.16615,0.89353,1,4,1,0.453125
15,1,50,3,31,-1,1,0.7129,0.96655,0,4,0,1.863281
15,1,50,3,32,-1,1,0.58159,0.59219,0,5,0,1.160156
15,1,50,3,33,-1,0,0.9562,0.61362,1,4,0,0.7617188
15,1,50,3,34,1,1,0.28863,0.32633,0,3,0,0.921875
15,1,50,3,35,1,1,0.054969,0.83725,1,5,1,0.5703125
15,1,50,3,36,1,1,0.0074237,0.43253,1,5,1,0.7890625
15,1,50,3,37,-1,0,0.96845,0.32097,1,5,0,0.8515625
15,1,50,3,38,1,1,0.02719,0.20356,0,3,0,1.101563
15,1,50,3,39,1,1,0.31003,0.87684,1,3,1,1.3125
15,1,50,3,40,-1,0,0.92752,0.91953,0,1,1,1.914063
15,1,50,3,41,-1,1,0.84452,0.94866,0,3,0,1.835938
15,1,50,3,42,1,0,0.47963,0.10715,1,4,0,0.78125
15,1,50,3,43,-1,1,0.91709,0.99387,1,5,1,1.710938
15,1,50,3,44,-1,0,0.59377,0.36242,0,4,1,3.898438
15,1,50,3,45,-1,1,0.64987,0.97538,1,5,1,2.792969
15,1,50,3,46,1,1,0.23757,0.51181,1,3,1,1.199219
15,1,50,3,47,-1,1,0.54592,0.98111,0,2,0,1.773438
15,1,50,3,48,-1,0,0.97047,0.53889,0,4,1,1.671875
15,1,50,3,49,1,0,0.35802,0.27651,1,5,0,1.433594
15,1,50,3,50,1,0,0.22158,0.00089698,1,4,0,1.722656
15,2,60,4,1,1,1,0.016197,0.11532,1,5,1,1.902344
15,2,60,4,2,-1,0,0.82072,0.76681,0,4,1,1.511719
15,2,60,4,3,-1,0,0.83526,0.73982,1,4,0,3.074219
15,2,60,4,4,-1,0,0.6619,0.16468,0,4,1,1.691406
15,2,60,4,5,-1,0,0.60587,0.49051,0,4,1,1.433594
15,2,60,4,6,1,0,0.25435,0.12507,0,4,1,1.59375
15,2,60,4,7,-1,0,0.90495,0.074821,0,4,1,1.203125
15,2,60,4,8,0,0,0.5612,0.0024902,1,4,0,2.613281
15,2,60,4,9,1,1,0.0068578,0.94399,1,4,1,2.324219
15,2,60,4,10,-1,0,0.89085,0.88694,0,4,1,1.480469
15,2,60,4,11,0,1,0.50408,0.90308,1,3,1,1.421875
15,2,60,4,12,0,1,0.47101,0.74872,1,4,1,2.816406
15,2,60,4,13,-1,0,0.77015,0.12241,0,4,1,0.609375
15,2,60,4,14,-1,1,0.79261,0.89708,0,4,0,1.0625
15,2,60,4,15,1,1,0.10548,0.81059,1,4,1,0.9921875
15,2,60,4,16,-1,0,0.90887,0.57879,1,5,0,1.371094
15,2,60,4,17,1,0,0.23116,0.079207,0,5,1,2.394531
15,2,60,4,18,0,0,0.56296,0.35427,1,5,0,1.292969
15,2,60,4,19,-1,0,0.95222,0.58237,0,1,1,0.8789063
15,2,60,4,20,-1,0,0.9096,0.56367,0,4,1,1.191406
15,2,60,4,21,-1,0,0.92383,0.77961,0,3,1,0.5429688
15,2,60,4,22,-1,0,0.61549,0.17123,0,2,1,1.121094
15,2,60,4,23,-1,0,0.70102,0.49795,1,4,0,2.03125
15,2,60,4,24,1,1,0.097447,0.43722,0,4,0,0.9804688
15,2,60,4,25,1,1,0.042898,0.94083,1,4,1,0.9726563
15,2,60,4,26,1,1,0.25127,0.98578,1,3,1,0.4804688
15,2,60,4,27,1,1,0.30994,0.40004,1,1,1,1.222656
15,2,60,4,28,-1,0,0.65179,0.28115,1,4,0,0.9492188
15,2,60,4,29,-1,1,0.72068,0.8008,0,3,0,0.6601563
15,2,60,4,30,-1,0,0.91142,0.8264,0,5,1,1.148438
15,2,60,4,31,0,0,0.549,0.37678,0,4,1,0.8085938
15,2,60,4,32,-1,0,0.88015,0.33365,0,4,1,0.6015625
15,2,60,4,33,1,1,0.19623,0.24046,0,4,0,0.4492188
15,2,60,4,34,-1,0,0.97106,0.71236,1,5,0,0.609375
15,2,60,4,35,0,0,0.59984,0.58318,0,4,1,1.121094
15,2,60,4,36,-1,0,0.78878,0.7294,1,3,0,0.4804688
15,2,60,4,37,1,0,0.15567,0.1112,0,4,1,0.9179688
15,2,60,4,38,-1,0,0.79367,0.46063,0,4,1,0.5507813
15,2,60,4,39,1,1,0.13479,0.27793,0,4,0,0.9414063
15,2,60,4,40,1,1,0.3911,0.65376,1,5,1,1.859375
15,2,60,4,41,-1,1,0.87915,0.90789,0,5,0,1.570313
15,2,60,4,42,0,1,0.496,0.89297,1,5,1,0.4804688
15,2,60,4,43,1,1,0.12328,0.30902,1,5,1,1.023438
15,2,60,4,44,1,1,0.15669,0.40401,1,5,1,1.3125
15,2,60,4,45,1,1,0.085001,0.57001,1,4,1,0.6210938
15,2,60,4,46,1,1,0.19573,0.47984,1,1,1,2.285156
15,2,60,4,47,-1,0,0.84806,0.80332,0,5,1,0.9726563
15,2,60,4,48,0,0,0.48692,0.44979,0,4,1,0.8789063
15,2,60,4,49,-1,0,0.9382,0.87461,0,4,1,0.7734375
15,2,60,4,50,-1,0,0.72501,0.71583,0,5,1,1.101563
15,3,70,5,1,-1,0,0.83685,0.053066,0,5,1,2.957031
15,3,70,5,2,1,1,0.19302,0.59174,1,5,1,1.53125
15,3,70,5,3,0,1,0.3331,0.59547,1,4,1,1.550781
15,3,70,5,4,0,0,0.61663,0.11473,1,5,0,1.230469
15,3,70,5,5,-1,0,0.9667,0.62391,0,5,1,0.609375
15,3,70,5,6,-1,1,0.80303,0.91233,0,5,0,1.050781
15,3,70,5,7,1,0,0.28216,0.25716,1,5,0,1.019531
15,3,70,5,8,0,1,0.65232,0.81997,0,5,0,1.28125
15,3,70,5,9,0,0,0.45134,0.4248,1,4,0,0.7734375
15,3,70,5,10,-1,0,0.7617,0.60503,1,4,0,1.433594
15,3,70,5,11,0,0,0.56457,0.28059,0,5,1,0.671875
15,3,70,5,12,1,1,0.20276,0.75307,0,5,0,0.8203125
15,3,70,5,13,-1,1,0.7374,0.79772,1,1,1,0.4921875
15,3,70,5,14,0,1,0.44865,0.47977,1,4,1,0.5898438
15,3,70,5,15,1,1,0.14143,0.27736,1,5,1,0.9921875
15,3,70,5,16,1,1,0.0073288,0.12982,1,4,1,0.8320313
15,3,70,5,17,0,1,0.41606,0.52152,1,4,1,0.4804688
15,3,70,5,18,1,1,0.11889,0.26944,1,4,1,0.46875
15,3,70,5,19,1,1,0.23192,0.37586,1,5,1,1.253906
15,3,70,5,20,-1,0,0.9222,0.23324,1,5,0,0.953125
15,3,70,5,21,1,1,0.199,0.20025,0,5,0,0.6328125
15,3,70,5,22,1,1,0.0033741,0.95374,1,4,1,1.183594
15,3,70,5,23,0,0,0.60971,0.2937,1,3,0,1.339844
15,3,70,5,24,0,0,0.39745,0.32537,1,4,0,1.390625
15,3,70,5,25,1,1,0.0058848,0.60005,1,4,1,1.113281
15,3,70,5,26,1,1,0.14432,0.51846,1,5,1,0.921875
15,3,70,5,27,1,1,0.26882,0.86698,1,5,1,0.4492188
15,3,70,5,28,1,1,0.052776,0.95361,1,5,1,0.8203125
15,3,70,5,29,-1,0,0.95441,0.012527,1,4,0,1.054688
15,3,70,5,30,1,1,0.13626,0.74449,0,4,0,1.09375
15,3,70,5,31,-1,0,0.94135,0.70269,0,4,1,0.6601563
15,3,70,5,32,-1,0,0.74961,0.084092,1,5,0,1.292969
15,3,70,5,33,-1,0,0.77619,0.56773,0,4,1,0.5
15,3,70,5,34,-1,0,0.9505,0.26452,0,4,1,0.5820313
15,3,70,5,35,0,1,0.39315,0.62491,1,4,1,0.9609375
15,3,70,5,36,1,1,0.017788,0.93607,1,5,1,0.984375
15,3,70,5,37,1,1,0.16296,0.16752,1,5,1,0.8828125
15,3,70,5,38,-1,0,0.99923,0.53923,0,4,1,0.6523438
15,3,70,5,39,1,1,0.22333,0.36306,1,5,1,0.859375
15,3,70,5,40,0,1,0.51126,0.61343,0,4,0,1.171875
15,3,70,5,41,1,1,0.18699,0.25524,1,4,1,1.242188
15,3,70,5,42,1,1,0.28753,0.86618,1,4,1,0.8828125
15,3,70,5,43,1,1,0.013445,0.12156,1,5,1,0.6992188
15,3,70,5,44,0,1,0.31669,0.52974,1,4,1,1.636719
15,3,70,5,45,-1,0,0.76881,0.3812,1,4,0,0.921875
15,3,70,5,46,1,1,0.26321,0.87428,0,4,0,1.273438
15,3,70,5,47,-1,0,0.8021,0.72336,1,5,0,1.371094
15,3,70,5,48,-1,0,0.81747,0.016532,0,4,1,0.9921875
15,3,70,5,49,0,1,0.48767,0.85253,1,5,1,1.359375
15,3,70,5,50,1,1,0.068247,0.5832,1,5,1,1.480469
15,4,80,6,1,-1,0,0.80346,0.18877,0,5,1,1.351563
15,4,80,6,2,0,1,0.44535,0.79155,1,5,1,1.363281
15,4,80,6,3,-1,0,0.88071,0.20359,0,5,1,1.53125
15,4,80,6,4,0,0,0.68514,0.17239,1,4,0,1.03125
15,4,80,6,5,-1,0,0.82212,0.11913,1,3,0,0.8046875
15,4,80,6,6,0,0,0.66785,0.07795,0,1,1,0.8515625
15,4,80,6,7,1,1,0.065034,0.36649,0,1,0,0.4296875
15,4,80,6,8,0,0,0.77268,0.12165,1,4,0,0.8203125
15,4,80,6,9,1,1,0.19566,0.36297,0,3,0,0.7695313
15,4,80,6,10,-1,0,0.90704,0.24088,1,3,0,0.7109375
15,4,80,6,11,0,0,0.7672,0.29319,0,3,1,1.210938
15,4,80,6,12,0,1,0.57961,0.92638,1,1,1,1.269531
15,4,80,6,13,-1,0,0.86626,0.42552,1,1,0,0.5820313
15,4,80,6,14,0,0,0.52436,0.046288,0,5,1,1.652344
15,4,80,6,15,0,1,0.45697,0.95384,0,5,0,0.7734375
15,4,80,6,16,0,1,0.58874,0.63651,1,3,1,1.082031
15,4,80,6,17,0,0,0.2988,0.096198,1,3,0,0.703125
15,4,80,6,18,1,1,0.16902,0.64253,1,5,1,1.144531
15,4,80,6,19,0,1,0.47866,0.90921,1,4,1,1.394531
15,4,80,6,20,1,1,0.013266,0.33923,1,4,1,0.71875
15,4,80,6,21,0,1,0.67427,0.77765,1,4,1,0.53125
15,4,80,6,22,-1,0,0.98201,0.27029,0,5,1,1.542969
15,4,80,6,23,0,0,0.29989,0.061283,0,4,1,0.7617188
15,4,80,6,24,0,1,0.33331,0.57893,0,4,0,0.5703125
15,4,80,6,25,0,0,0.57442,0.055519,1,4,0,0.8007813
15,4,80,6,26,0,0,0.65155,0.59861,1,2,0,1.050781
15,4,80,6,27,0,0,0.53645,0.0087074,0,3,1,1.003906
15,4,80,6,28,0,0,0.22929,0.0023335,0,2,1,0.5390625
15,4,80,6,29,1,1,0.13114,0.29958,1,5,1,1.210938
15,4,80,6,30,0,0,0.617,0.19234,1,3,0,1.03125
15,4,80,6,31,0,1,0.32986,0.90925,0,4,0,0.6289063
15,4,80,6,32,0,1,0.37962,0.39536,1,5,1,1.222656
15,4,80,6,33,0,0,0.6133,0.49713,1,3,0,4.039063
15,4,80,6,34,0,1,0.22805,0.50368,0,5,0,1.011719
15,4,80,6,35,0,1,0.21537,0.46217,1,3,1,1.023438
15,4,80,6,36,-1,0,0.87794,0.026335,0,4,1,3.667969
15,4,80,6,37,0,1,0.3134,0.99468,1,4,1,1.410156
15,4,80,6,38,1,1,0.11024,0.86205,1,5,1,1.011719
15,4,80,6,39,0,1,0.39655,0.94588,1,5,1,3.351563
15,4,80,6,40,1,1,0.092896,0.18269,1,5,1,1.140625
15,4,80,6,41,-1,0,0.9913,0.9395,0,2,1,2.324219
15,4,80,6,42,1,0,0.060941,0.011081,0,4,1,1.480469
15,4,80,6,43,0,0,0.36969,0.12186,1,4,0,1.710938
15,4,80,6,44,0,1,0.2334,0.32117,0,4,0,2.09375
15,4,80,6,45,-1,1,0.9697,0.98612,1,5,1,1.164063
15,4,80,6,46,0,0,0.71379,0.20932,0,4,1,1.691406
15,4,80,6,47,0,1,0.66831,0.71054,1,2,1,1.613281
15,4,80,6,48,0,1,0.64157,0.74991,1,2,1,1.410156
15,4,80,6,49,1,0,0.09099,0.0036641,1,5,0,1.050781
15,4,80,6,50,-1,0,0.96412,0.25519,0,5,1,0.9921875
15,5,90,2,1,0,1,0.52475,0.93223,1,1,1,2.382813
15,5,90,2,2,0,0,0.46189,0.25094,1,4,0,3.894531
15,5,90,2,3,0,1,0.30874,0.92556,0,3,0,1.371094
15,5,90,2,4,0,0,0.56082,0.064858,0,3,1,2.125
15,5,90,2,5,0,1,0.71396,0.91301,1,4,1,1.703125
15,5,90,2,6,0,0,0.5877,0.033713,1,3,0,1.582031
15,5,90,2,7,0,1,0.56158,0.82655,0,4,0,1.28125
15,5,90,2,8,-1,0,0.98371,0.84554,0,4,1,3.585938
15,5,90,2,9,1,1,0.0010734,0.8348,1,4,1,1.761719
15,5,90,2,10,0,0,0.61856,0.53013,0,4,1,2.003906
15,5,90,2,11,0,0,0.38073,0.13038,1,3,0,1.765625
15,5,90,2,12,0,0,0.4841,0.17859,0,4,1,2.8125
15,5,90,2,13,0,1,0.67677,0.88971,1,3,1,1.574219
15,5,90,2,14,0,1,0.50393,0.56199,1,4,1,1.613281
15,5,90,2,15,0,1,0.13067,0.21025,1,3,1,1.964844
15,5,90,2,16,0,0,0.28106,0.15916,0,4,1,1.753906
15,5,90,2,17,0,0,0.65352,0.18012,1,3,0,1.59375
15,5,90,2,18,-1,0,0.93826,0.74913,0,4,1,1.550781
15,5,90,2,19,0,1,0.55681,0.58519,1,3,1,1.652344
15,5,90,2,20,0,0,0.79272,0.41233,1,3,0,1.542969
15,5,90,2,21,-1,0,0.94734,0.8437,1,4,0,2.425781
15,5,90,2,22,0,1,0.34382,0.75065,0,3,0,1.152344
15,5,90,2,23,0,0,0.69276,0.047104,1,1,0,2.472656
15,5,90,2,24,0,1,0.11207,0.15175,0,1,0,3.355469
15,5,90,2,25,0,1,0.83856,0.86816,1,3,1,1.832031
15,5,90,2,26,0,1,0.80683,0.88303,1,5,1,2.300781
15,5,90,2,27,0,0,0.81589,0.19752,1,4,0,2.691406
15,5,90,2,28,0,1,0.21099,0.29432,0,2,0,1.144531
15,5,90,2,29,0,1,0.31093,0.51443,0,2,0,1.453125
15,5,90,2,30,0,1,0.12523,0.6962,0,5,0,1.382813
15,5,90,2,31,0,1,0.22066,0.24318,1,4,1,4.808594
15,5,90,2,32,-1,0,0.94343,0.74112,0,4,1,1.824219
15,5,90,2,33,0,1,0.1628,0.97899,1,3,1,1.378906
15,5,90,2,34,1,1,0.031054,0.92129,1,4,1,1.511719
15,5,90,2,35,0,1,0.67986,0.76704,1,4,1,1.933594
15,5,90,2,36,1,1,0.076754,0.98468,1,2,1,1.441406
15,5,90,2,37,0,1,0.72214,0.7493,0,4,0,1.46875
15,5,90,2,38,0,0,0.35763,0.019906,0,3,1,2.214844
15,5,90,2,39,0,1,0.13257,0.40546,1,4,1,1.640625
15,5,90,2,40,0,0,0.24106,0.18764,1,4,0,1.3125
15,5,90,2,41,0,1,0.15953,0.83612,1,4,1,3.34375
15,5,90,2,42,0,0,0.87136,0.61082,0,3,1,3.59375
15,5,90,2,43,0,1,0.18626,0.64535,1,4,1,1.691406
15,5,90,2,44,0,0,0.88935,0.51663,1,4,0,2.253906
15,5,90,2,45,0,1,0.3969,0.91348,0,4,0,1.8125
15,5,90,2,46,0,0,0.78196,0.28093,1,4,0,2.84375
15,5,90,2,47,0,1,0.63712,0.7026,1,2,1,1.824219
15,5,90,2,48,0,0,0.82064,0.23276,1,4,0,1.699219
15,5,90,2,49,0,0,0.66093,0.23226,0,4,1,1.683594
15,5,90,2,50,0,1,0.51488,0.82746,0,4,0,2.800781
15,6,100,1,1,0,1,0.16931,0.72496,1,1,1,10.625
15,6,100,1,2,0,1,0.69778,0.86368,0,1,0,29.51172
15,6,100,1,3,0,1,0.012958,0.20788,1,1,1,3.703125
15,6,100,1,4,0,0,0.47969,0.24279,0,1,1,2.59375
15,6,100,1,5,0,1,0.51015,0.56464,0,1,0,2.492188
15,6,100,1,6,0,0,0.31775,0.044882,0,1,1,2.183594
15,6,100,1,7,0,1,0.013626,0.82083,1,1,1,1.53125
15,6,100,1,8,0,1,0.47659,0.49959,1,1,1,2.660156
15,6,100,1,9,0,1,0.10618,0.61455,1,3,1,2.03125
15,6,100,1,10,0,0,0.78714,0.016025,0,4,1,1.671875
15,6,100,1,11,0,0,0.75857,0.74025,1,4,0,1.863281
15,6,100,1,12,0,1,0.77987,0.8167,0,2,0,1.914063
15,6,100,1,13,0,1,0.6665,0.81605,0,4,0,2.332031
15,6,100,1,14,0,0,0.99095,0.46268,0,3,1,1.953125
15,6,100,1,15,0,1,0.17147,0.7652,0,3,0,1.964844
15,6,100,1,16,0,1,0.78813,0.90602,1,1,1,1.800781
15,6,100,1,17,0,1,0.54212,0.80715,1,4,1,1.601563
15,6,100,1,18,0,0,0.67244,0.49739,1,4,0,2.085938
15,6,100,1,19,0,1,0.2789,0.33869,0,4,0,0.828125
15,6,100,1,20,0,1,0.52652,0.8291,1,1,1,1.242188
15,6,100,1,21,0,1,0.76755,0.8711,0,4,0,2.214844
15,6,100,1,22,0,1,0.9271,0.99604,1,1,1,2.113281
15,6,100,1,23,0,0,0.89951,0.46578,1,4,0,2.105469
15,6,100,1,24,0,0,0.85604,0.21027,1,4,0,2.53125
15,6,100,1,25,0,0,0.94423,0.66215,1,4,0,0.9726563
15,6,100,1,26,0,1,0.7439,0.81146,1,4,1,1.453125
15,6,100,1,27,0,0,0.94609,0.33386,0,4,1,1.742188
15,6,100,1,28,0,1,0.16328,0.39598,1,4,1,0.4140625
15,6,100,1,29,0,0,0.66743,0.18367,1,4,0,1.230469
15,6,100,1,30,0,1,0.068277,0.60427,0,4,0,0.4609375
15,6,100,1,31,0,1,0.26898,0.63677,1,5,1,0.9296875
15,6,100,1,32,0,0,0.70449,0.118,1,4,0,0.8710938
15,6,100,1,33,0,0,0.72556,0.46988,0,1,1,0.4101563
15,6,100,1,34,0,1,0.16228,0.4056,1,3,1,3.105469
15,6,100,1,35,0,0,0.95853,0.84178,0,4,1,0.6796875
15,6,100,1,36,0,1,0.1824,0.53175,1,4,1,0.4609375
15,6,100,1,37,0,1,0.35254,0.44257,1,4,1,0.9609375
15,6,100,1,38,0,1,0.029382,0.71259,1,1,1,0.890625
15,6,100,1,39,0,1,0.6226,0.77374,0,4,0,0.5195313
15,6,100,1,40,0,1,0.13514,0.26428,0,2,0,1.492188
15,6,100,1,41,0,1,0.021699,0.76041,1,4,1,0.3632813
15,6,100,1,42,0,0,0.71203,0.24852,1,4,0,1.671875
15,6,100,1,43,0,0,0.26247,0.19683,0,3,1,1.003906
15,6,100,1,44,0,0,0.69864,0.58994,1,3,0,0.4023438
15,6,100,1,45,0,1,0.0084221,0.87121,0,4,0,1.410156
15,6,100,1,46,0,0,0.7148,0.62776,1,1,0,2.886719
15,6,100,1,47,0,0,0.9776,0.70444,0,3,1,2.632813
15,6,100,1,48,0,0,0.67098,0.38135,0,4,1,1.953125
15,6,100,1,49,0,1,0.30635,0.49751,0,4,0,1.023438
15,6,100,1,50,0,1,0.67383,0.68639,1,4,1,8.351563
16,1,50,4,1,1,1,0.15448,0.87677,1,4,1,1.421875
16,1,50,4,2,-1,0,0.79193,0.032735,0,4,1,1.191406
16,1,50,4,3,-1,0,0.51007,0.20802,0,4,1,1.101563
16,1,50,4,4,1,0,0.43295,0.18071,1,4,0,1.152344
16,1,50,4,5,1,0,0.43218,0.141,1,3,0,1.511719
16,1,50,4,6,1,1,0.48705,0.55621,1,2,1,1.273438
16,1,50,4,7,-1,1,0.84226,0.97333,0,3,0,1.121094
16,1,50,4,8,-1,0,0.78272,0.13721,0,2,1,1.214844
16,1,50,4,9,1,0,0.27764,0.18891,1,3,0,0.9414063
16,1,50,4,10,-1,0,0.72457,0.25069,0,2,1,1.082031
16,1,50,4,11,-1,0,0.8727,0.45996,0,2,1,1.460938
16,1,50,4,12,1,1,0.0012966,0.50404,1,3,1,0.9492188
16,1,50,4,13,-1,0,0.83987,0.77697,0,3,1,1.070313
16,1,50,4,14,-1,0,0.95127,0.8246,0,3,1,1.132813
16,1,50,4,15,-1,0,0.73842,0.0093891,0,3,1,1.132813
16,1,50,4,16,-1,0,0.6022,0.21107,0,3,1,1.179688
16,1,50,4,17,-1,0,0.51314,0.38672,0,4,1,3.144531
16,1,50,4,18,-1,0,0.80313,0.64283,0,4,1,1.171875
16,1,50,4,19,1,1,0.088625,0.76141,1,4,1,0.9179688
16,1,50,4,20,1,0,0.37902,0.006102,1,4,0,1.410156
16,1,50,4,21,-1,1,0.87504,0.90342,0,3,0,0.96875
16,1,50,4,22,-1,0,0.84786,0.017394,0,3,1,1.140625
16,1,50,4,23,-1,0,0.95373,0.68724,0,3,1,1.242188
16,1,50,4,24,-1,0,0.97009,0.046096,0,3,1,1.132813
16,1,50,4,25,-1,0,0.51222,0.15531,0,3,1,1.378906
16,1,50,4,26,1,0,0.48578,0.40688,1,3,0,1.109375
16,1,50,4,27,-1,0,0.59123,0.42297,0,3,1,0.921875
16,1,50,4,28,1,1,0.17605,0.62777,1,3,1,0.8515625
16,1,50,4,29,-1,0,0.71932,0.52186,0,4,1,2.03125
16,1,50,4,30,-1,1,0.59945,0.79657,0,3,0,1.421875
16,1,50,4,31,1,0,0.31734,0.015246,1,4,0,1.140625
16,1,50,4,32,-1,0,0.84588,0.45674,0,3,1,1.289063
16,1,50,4,33,-1,0,0.90203,0.34896,0,3,1,1.320313
16,1,50,4,34,-1,0,0.73141,0.42154,0,2,1,1.152344
16,1,50,4,35,-1,0,0.79568,0.054674,0,4,1,1.230469
16,1,50,4,36,1,1,0.2685,0.50778,1,4,1,1.761719
16,1,50,4,37,1,1,0.084391,0.40603,1,4,1,1.214844
16,1,50,4,38,1,1,0.30091,0.697,1,4,1,1.234375
16,1,50,4,39,-1,0,0.85887,0.28565,0,4,1,1.03125
16,1,50,4,40,-1,0,0.79585,0.18245,0,4,1,1.34375
16,1,50,4,41,1,1,0.43931,0.82515,1,4,1,0.8945313
16,1,50,4,42,1,1,0.15381,0.79885,1,4,1,1.273438
16,1,50,4,43,-1,1,0.7755,0.87092,0,4,0,2.132813
16,1,50,4,44,1,0,0.34571,0.19179,1,4,0,0.9726563
16,1,50,4,45,1,0,0.31184,0.088422,1,4,0,1.191406
16,1,50,4,46,-1,0,0.53626,0.28869,0,3,1,1.230469
16,1,50,4,47,-1,0,0.81576,0.60303,0,4,1,1.304688
16,1,50,4,48,-1,0,0.85109,0.67278,0,4,1,1.140625
16,1,50,4,49,1,0,0.49434,0.12872,1,4,0,1.308594
16,1,50,4,50,1,0,0.45926,0.11357,1,4,0,1.101563
16,2,60,2,1,1,1,0.19611,0.69652,1,3,1,1.339844
16,2,60,2,2,-1,0,0.86519,0.13035,0,4,1,0.9726563
16,2,60,2,3,1,0,0.33762,0.33006,1,4,0,0.9609375
16,2,60,2,4,0,0,0.46712,0.3093,0,1,1,1.242188
16,2,60,2,5,0,0,0.43146,0.23666,1,1,0,1.109375
16,2,60,2,6,1,1,0.18407,0.77783,1,2,1,1.152344
16,2,60,2,7,-1,1,0.82703,0.91425,0,2,0,1.273438
16,2,60,2,8,1,1,0.05951,0.060161,1,2,1,1.265625
16,2,60,2,9,-1,0,0.86049,0.2695,0,3,1,1.28125
16,2,60,2,10,1,1,0.054673,0.97198,1,3,1,0.953125
16,2,60,2,11,1,1,0.20625,0.88938,1,4,1,1.191406
16,2,60,2,12,0,0,0.421,0.26085,0,1,1,1.363281
16,2,60,2,13,-1,1,0.66817,0.93635,0,4,0,1.453125
16,2,60,2,14,0,1,0.55782,0.7801,1,1,1,2.363281
16,2,60,2,15,1,1,0.0070242,0.53883,1,3,1,1.625
16,2,60,2,16,1,1,0.25169,0.41431,1,4,1,1.160156
16,2,60,2,17,1,1,0.045527,0.66483,1,3,1,1.191406
16,2,60,2,18,0,0,0.49745,0.095038,0,1,1,1.152344
16,2,60,2,19,1,1,0.23811,0.82533,1,4,1,1.070313
16,2,60,2,20,-1,1,0.63148,0.8107,0,4,0,1.339844
16,2,60,2,21,0,0,0.53517,0.12191,1,1,0,1.429688
16,2,60,2,22,-1,0,0.62714,0.29574,0,3,1,0.9726563
16,2,60,2,23,-1,0,0.96173,0.22571,0,4,1,1.132813
16,2,60,2,24,1,1,0.17463,0.98103,1,4,1,1.011719
16,2,60,2,25,-1,0,0.67647,0.34823,0,4,1,1.0625
16,2,60,2,26,-1,0,0.86125,0.11418,0,4,1,1.375
16,2,60,2,27,0,1,0.52256,0.90147,1,1,1,1.734375
16,2,60,2,28,-1,0,0.99709,0.21417,0,4,1,1.0625
16,2,60,2,29,1,0,0.37617,0.093994,1,4,0,1.007813
16,2,60,2,30,-1,0,0.75628,0.33174,0,4,1,1.191406
16,2,60,2,31,1,1,0.069294,0.58213,1,4,1,1.070313
16,2,60,2,32,-1,1,0.71526,0.80881,0,4,0,1.261719
16,2,60,2,33,-1,0,0.76156,0.12777,0,4,1,1.210938
16,2,60,2,34,1,1,0.1562,0.63198,1,4,1,1.28125
16,2,60,2,35,0,1,0.48986,0.83245,0,1,0,1.554688
16,2,60,2,36,1,1,0.23155,0.43255,1,4,1,1.0
16,2,60,2,37,-1,0,0.9452,0.4949,0,4,1,1.214844
16,2,60,2,38,-1,0,0.89498,0.070377,0,4,1,1.269531
16,2,60,2,39,0,1,0.46898,0.92143,0,1,0,1.53125
16,2,60,2,40,1,1,0.022105,0.70365,1,4,1,1.160156
16,2,60,2,41,-1,0,0.68525,0.28165,0,4,1,1.25
16,2,60,2,42,0,0,0.43569,0.26646,1,1,0,1.121094
16,2,60,2,43,-1,1,0.69062,0.90928,0,4,0,1.28125
16,2,60,2,44,1,1,0.30651,0.66695,1,4,1,1.019531
16,2,60,2,45,-1,0,0.81275,0.35025,0,4,1,1.582031
16,2,60,2,46,1,1,0.099892,0.91991,1,4,1,1.160156
16,2,60,2,47,-1,0,0.70827,0.16081,0,4,1,1.339844
16,2,60,2,48,1,1,0.10312,0.51848,1,4,1,0.9921875
16,2,60,2,49,0,1,0.47419,0.86791,0,1,0,1.402344
16,2,60,2,50,-1,0,0.93499,0.55739,0,4,1,1.203125
16,3,70,1,1,0,0,0.40111,0.016386,1,2,0,24.27734
16,3,70,1,2,1,1,0.029342,0.45273,1,4,1,2.550781
16,3,70,1,3,-1,0,0.82595,0.3108,0,4,1,1.804688
16,3,70,1,4,-1,0,0.97921,0.75971,0,5,1,1.503906
16,3,70,1,5,0,1,0.36718,0.58917,1,2,1,2.832031
16,3,70,1,6,-1,0,0.99137,0.53616,0,4,1,1.261719
16,3,70,1,7,-1,0,0.96884,0.96066,0,5,1,1.199219
16,3,70,1,8,1,1,0.20545,0.67896,1,4,1,1.222656
16,3,70,1,9,0,0,0.49701,0.26422,0,2,1,2.292969
16,3,70,1,10,-1,1,0.80153,0.87041,0,4,0,1.191406
16,3,70,1,11,-1,0,0.90461,0.28119,0,2,1,1.152344
16,3,70,1,12,0,1,0.3476,0.926,1,2,1,2.0625
16,3,70,1,13,1,1,0.1563,0.42753,1,3,1,1.710938
16,3,70,1,14,0,0,0.49663,0.32463,1,2,0,2.171875
16,3,70,1,15,0,1,0.39989,0.82729,0,2,0,1.902344
16,3,70,1,16,0,0,0.46554,0.34515,0,1,1,1.78125
16,3,70,1,17,-1,0,0.97958,0.51268,0,2,1,1.492188
16,3,70,1,18,-1,0,0.75474,0.55984,0,3,1,1.378906
16,3,70,1,19,-1,0,0.86132,0.78063,0,3,1,1.734375
16,3,70,1,20,-1,0,0.9471,0.81207,0,4,1,1.132813
16,3,70,1,21,0,1,0.40484,0.66112,1,2,1,1.882813
16,3,70,1,22,0,1,0.3935,0.8392,0,2,0,1.203125
16,3,70,1,23,0,1,0.44665,0.87377,0,1,0,1.914063
16,3,70,1,24,-1,0,0.91001,0.62942,0,2,1,1.410156
16,3,70,1,25,-1,0,0.97846,0.088014,0,3,1,1.394531
16,3,70,1,26,0,1,0.48815,0.74761,1,1,1,1.824219
16,3,70,1,27,0,0,0.66291,0.23383,0,1,1,1.742188
16,3,70,1,28,0,1,0.33476,0.96109,1,1,1,1.152344
16,3,70,1,29,0,0,0.64924,0.04352,0,1,1,1.164063
16,3,70,1,30,-1,0,0.81893,0.46861,0,2,1,1.320313
16,3,70,1,31,0,1,0.30868,0.6827,1,1,1,1.472656
16,3,70,1,32,-1,1,0.87216,0.87326,0,3,0,1.140625
16,3,70,1,33,0,1,0.63992,0.79097,0,1,0,1.375
16,3,70,1,34,1,1,0.23974,0.81329,1,2,1,1.140625
16,3,70,1,35,0,0,0.63511,0.54773,0,1,1,1.261719
16,3,70,1,36,0,1,0.48217,0.51781,1,1,1,1.441406
16,3,70,1,37,0,0,0.61551,0.31349,0,1,1,0.9335938
16,3,70,1,38,0,0,0.59602,0.49012,0,1,1,1.320313
16,3,70,1,39,-1,0,0.9033,0.39965,0,2,1,1.402344
16,3,70,1,40,0,0,0.49445,0.46019,1,1,0,2.082031
16,3,70,1,41,0,1,0.55444,0.59176,0,1,0,1.160156
16,3,70,1,42,-1,0,0.99854,0.97614,0,2,1,1.480469
16,3,70,1,43,0,0,0.5441,0.53331,1,1,0,1.203125
16,3,70,1,44,1,1,0.019515,0.34084,1,3,1,1.421875
16,3,70,1,45,0,1,0.44283,0.70325,0,1,0,1.460938
16,3,70,1,46,-1,0,0.86399,0.58696,0,2,1,1.390625
16,3,70,1,47,-1,0,0.90498,0.076036,0,3,1,1.222656
16,3,70,1,48,0,0,0.30504,0.2516,1,1,0,1.269531
16,3,70,1,49,1,1,0.22747,0.59863,1,3,1,1.230469
16,3,70,1,50,0,1,0.40028,0.51617,1,1,1,1.363281
16,4,80,3,1,0,1,0.4142,0.61113,0,1,0,1.03125
16,4,80,3,2,1,1,0.19735,0.45989,1,1,1,1.101563
16,4,80,3,3,-1,0,0.80212,0.69898,0,3,1,1.300781
16,4,80,3,4,0,0,0.30192,0.22349,1,1,0,1.953125
16,4,80,3,5,0,0,0.55897,0.0095113,1,1,0,1.5625
16,4,80,3,6,1,1,0.12839,0.6596,1,3,1,1.199219
16,4,80,3,7,0,0,0.55865,0.083566,1,1,0,1.792969
16,4,80,3,8,0,1,0.25735,0.55473,0,1,0,1.5
16,4,80,3,9,1,1,0.19129,0.24039,1,3,1,1.339844
16,4,80,3,10,0,1,0.77267,0.9319,0,1,0,1.164063
16,4,80,3,11,0,0,0.6584,0.63403,1,1,0,1.171875
16,4,80,3,12,0,1,0.44368,0.58701,1,1,1,2.832031
16,4,80,3,13,-1,0,0.9613,0.17194,0,3,1,1.371094
16,4,80,3,14,0,1,0.31619,0.39184,1,1,1,1.351563
16,4,80,3,15,1,1,0.091912,0.37805,1,4,1,1.3125
16,4,80,3,16,1,1,0.085723,0.56136,1,4,1,0.953125
16,4,80,3,17,0,0,0.70074,0.29107,0,1,1,1.351563
16,4,80,3,18,-1,1,0.94308,0.96084,0,4,0,1.273438
16,4,80,3,19,0,0,0.26236,0.034446,1,3,0,1.390625
16,4,80,3,20,0,0,0.70196,0.037013,0,1,1,1.394531
16,4,80,3,21,0,1,0.38546,0.65294,0,1,0,1.183594
16,4,80,3,22,1,1,0.030121,0.94221,1,4,1,0.9804688
16,4,80,3,23,-1,0,0.83525,0.68232,0,4,1,1.082031
16,4,80,3,24,0,0,0.62316,0.49721,1,1,0,1.960938
16,4,80,3,25,1,1,0.014385,0.85389,1,4,1,1.171875
16,4,80,3,26,0,0,0.78205,0.63668,0,1,1,1.601563
16,4,80,3,27,0,1,0.34618,0.37318,1,1,1,1.582031
16,4,80,3,28,-1,0,0.95221,0.2004,0,4,1,1.011719
16,4,80,3,29,1,1,0.14783,0.22916,1,1,1,1.0
16,4,80,3,30,-1,0,0.95569,0.43285,0,4,1,1.023438
16,4,80,3,31,1,1,0.080948,0.39359,1,4,1,1.210938
16,4,80,3,32,0,1,0.66946,0.84768,0,1,0,1.371094
16,4,80,3,33,0,0,0.78317,0.23323,1,1,0,1.253906
16,4,80,3,34,0,0,0.4236,0.26422,0,1,1,0.9921875
16,4,80,3,35,0,0,0.61594,0.54625,1,1,0,1.121094
16,4,80,3,36,0,1,0.36074,0.83888,0,1,0,2.125
16,4,80,3,37,1,1,0.012538,0.30476,1,1,1,1.023438
16,4,80,3,38,0,1,0.71733,0.89836,0,1,0,1.269531
16,4,80,3,39,0,0,0.76041,0.42808,1,1,0,1.242188
16,4,80,3,40,-1,0,0.94463,0.12425,0,4,1,1.164063
16,4,80,3,41,1,1,0.18126,0.21857,1,4,1,1.171875
16,4,80,3,42,-1,0,0.96104,0.89092,0,4,1,1.050781
16,4,80,3,43,0,0,0.6727,0.36801,1,1,0,1.582031
16,4,80,3,44,-1,0,0.98281,0.95654,0,1,1,1.289063
16,4,80,3,45,-1,0,0.99262,0.8665,0,4,1,1.132813
16,4,80,3,46,-1,0,0.99824,0.43001,0,4,1,1.222656
16,4,80,3,47,0,1,0.21171,0.27833,1,1,1,1.242188
16,4,80,3,48,1,1,0.14474,0.19357,1,4,1,1.3125
16,4,80,3,49,0,1,0.51769,0.81808,0,1,0,1.273438
16,4,80,3,50,1,1,0.064571,0.49505,1,4,1,1.140625
16,5,90,5,1,0,0,0.8164,0.18107,0,1,1,1.429688
16,5,90,5,2,0,1,0.20989,0.59493,1,1,1,0.921875
16,5,90,5,3,0,1,0.24118,0.54744,0,1,0,0.9804688
16,5,90,5,4,0,0,0.69052,0.080736,1,1,0,0.9101563
16,5,90,5,5,0,1,0.39749,0.41898,0,1,0,1.03125
16,5,90,5,6,0,1,0.78947,0.92506,0,1,0,0.640625
16,5,90,5,7,0,0,0.14077,0.030549,0,1,1,0.609375
16,5,90,5,8,0,1,0.28817,0.44576,1,1,1,0.4414063
16,5,90,5,9,-1,0,0.97366,0.051629,0,4,1,0.9804688
16,5,90,5,10,0,1,0.80739,0.81282,0,1,0,0.6796875
16,5,90,5,11,-1,0,0.982,0.58619,0,4,1,1.535156
16,5,90,5,12,0,0,0.52952,0.23689,1,1,0,1.523438
16,5,90,5,13,0,0,0.73487,0.01394,0,1,1,1.378906
16,5,90,5,14,0,0,0.79034,0.41013,1,1,0,1.191406
16,5,90,5,15,0,1,0.83245,0.89807,0,1,0,0.9296875
16,5,90,5,16,0,0,0.71543,0.43991,1,1,0,1.742188
16,5,90,5,17,0,1,0.51667,0.69146,1,1,1,1.300781
16,5,90,5,18,0,1,0.54301,0.92394,0,1,0,1.445313
16,5,90,5,19,0,1,0.33732,0.68287,1,1,1,0.84375
16,5,90,5,20,-1,0,0.98625,0.89023,0,4,1,1.042969
16,5,90,5,21,0,1,0.52685,0.65877,1,1,1,1.070313
16,5,90,5,22,0,1,0.71438,0.86463,0,1,0,0.984375
16,5,90,5,23,0,1,0.13497,0.5865,1,1,1,0.921875
16,5,90,5,24,1,1,0.0034827,0.99579,1,4,1,1.140625
16,5,90,5,25,0,0,0.4164,0.33022,0,1,1,0.8476563
16,5,90,5,26,0,1,0.12639,0.61724,1,1,1,0.953125
16,5,90,5,27,1,1,0.067889,0.78263,1,1,1,1.191406
16,5,90,5,28,0,0,0.77934,0.13688,0,1,1,1.082031
16,5,90,5,29,0,0,0.89861,0.46801,1,1,0,0.7617188
16,5,90,5,30,1,1,0.0052012,0.48751,1,4,1,1.0625
16,5,90,5,31,0,0,0.71838,0.35193,0,1,1,1.140625
16,5,90,5,32,0,0,0.82146,0.20253,1,1,0,0.9335938
16,5,90,5,33,0,1,0.56473,0.73856,0,1,0,1.101563
16,5,90,5,34,0,0,0.76341,0.29844,1,1,0,1.144531
16,5,90,5,35,-1,0,0.99121,0.15264,0,1,1,1.007813
16,5,90,5,36,-1,0,0.94851,0.28547,0,4,1,1.261719
16,5,90,5,37,-1,0,0.96508,0.96424,0,4,1,1.152344
16,5,90,5,38,0,1,0.1856,0.7154,1,1,1,1.109375
16,5,90,5,39,0,0,0.31385,0.27363,0,1,1,1.171875
16,5,90,5,40,0,0,0.49743,0.23474,1,1,0,0.9609375
16,5,90,5,41,-1,0,0.93373,0.27477,0,4,1,0.7382813
16,5,90,5,42,1,1,0.00072413,0.95531,1,4,1,1.3125
16,5,90,5,43,-1,0,0.9806,0.53019,0,4,1,0.8828125
16,5,90,5,44,0,0,0.37891,0.24556,1,1,0,0.9101563
16,5,90,5,45,0,1,0.13455,0.37263,1,1,1,1.03125
16,5,90,5,46,0,0,0.78224,0.34266,0,1,1,1.191406
16,5,90,5,47,0,1,0.74297,0.99215,1,4,1,0.9609375
16,5,90,5,48,0,1,0.53012,0.85762,0,1,0,0.96875
16,5,90,5,49,0,0,0.77674,0.038318,1,1,0,0.9023438
16,5,90,5,50,0,1,0.12035,0.55536,1,1,1,1.433594
16,6,100,6,1,0,0,0.39532,0.36498,1,1,0,0.78125
16,6,100,6,2,0,1,0.57998,0.89706,0,1,0,1.082031
16,6,100,6,3,0,1,0.63462,0.98234,0,1,0,0.9609375
16,6,100,6,4,0,1,0.51229,0.83826,0,1,0,0.5234375
16,6,100,6,5,0,0,0.49285,0.32165,0,1,1,0.5390625
16,6,100,6,6,0,1,0.34483,0.51436,1,1,1,0.8007813
16,6,100,6,7,0,1,0.55765,0.97764,1,1,1,1.050781
16,6,100,6,8,0,0,0.73478,0.27862,0,1,1,0.8203125
16,6,100,6,9,0,1,0.70449,0.97118,1,1,1,1.882813
16,6,100,6,10,0,0,0.75663,0.65818,1,1,0,0.640625
16,6,100,6,11,0,0,0.41231,0.34028,0,1,1,0.7539063
16,6,100,6,12,0,1,0.25714,0.74271,0,1,0,0.53125
16,6,100,6,13,0,1,0.22256,0.47376,1,1,1,0.6132813
16,6,100,6,14,0,1,0.40028,0.4861,0,1,0,0.4609375
16,6,100,6,15,0,1,0.29348,0.86442,1,1,1,0.4804688
16,6,100,6,16,0,1,0.035436,0.41846,0,1,0,0.5507813
16,6,100,6,17,0,1,0.5027,0.75514,1,1,1,0.8984375
16,6,100,6,18,0,0,0.90345,0.76256,1,1,0,0.671875
16,6,100,6,19,0,0,0.31459,0.09844,1,1,0,0.453125
16,6,100,6,20,0,0,0.8853,0.68349,0,1,1,0.7929688
16,6,100,6,21,0,0,0.8074,0.69425,0,1,1,0.8007813
16,6,100,6,22,0,0,0.64655,0.36185,1,1,0,0.96875
16,6,100,6,23,0,1,0.25099,0.68002,0,1,0,1.101563
16,6,100,6,24,0,0,0.22689,0.22431,1,1,0,1.664063
16,6,100,6,25,0,0,0.7729,0.57309,1,1,0,1.414063
16,6,100,6,26,0,1,0.10972,0.79395,0,1,0,1.453125
16,6,100,6,27,0,1,0.3094,0.32696,1,1,1,1.148438
16,6,100,6,28,0,0,0.61766,0.45438,0,1,1,1.070313
16,6,100,6,29,0,1,0.17193,0.83459,0,1,0,1.082031
16,6,100,6,30,0,0,0.75994,0.26523,1,1,0,0.8203125
16,6,100,6,31,0,0,0.87039,0.2888,0,1,1,0.4414063
16,6,100,6,32,0,0,0.83266,0.49046,1,1,0,0.5703125
16,6,100,6,33,0,0,0.72335,0.13063,0,1,1,0.4296875
16,6,100,6,34,0,0,0.23889,0.041852,1,1,0,0.7382813
16,6,100,6,35,0,0,0.76032,0.7593,0,1,1,0.6679688
16,6,100,6,36,0,0,0.69083,0.10605,1,1,0,0.4609375
16,6,100,6,37,0,1,0.10209,0.61302,0,1,0,0.7617188
16,6,100,6,38,0,1,0.46237,0.78154,1,1,1,0.8125
16,6,100,6,39,0,1,0.23583,0.86402,0,1,0,0.7695313
16,6,100,6,40,0,1,0.098618,0.95859,1,1,1,0.7539063
16,6,100,6,41,0,1,0.13627,0.28868,0,1,0,1.214844
16,6,100,6,42,0,0,0.32547,0.04864,1,1,0,1.703125
16,6,100,6,43,0,0,0.35397,0.073453,0,1,1,0.7109375
16,6,100,6,44,0,1,0.74803,0.80488,1,1,1,1.0
16,6,100,6,45,0,1,0.1313,0.69563,0,1,0,0.6914063
16,6,100,6,46,0,0,0.76362,0.27193,1,1,0,1.3125
16,6,100,6,47,0,1,0.40507,0.47319,0,1,0,0.6796875
16,6,100,6,48,0,1,0.51024,0.52745,1,1,1,0.6796875
16,6,100,6,49,0,0,0.7338,0.6257,0,2,1,0.9726563
16,6,100,6,50,0,0,0.0,0.0,0,0,1,0.0
17,1,50,5,1,-1,0,0.87633,0.84054,0,2,1,1.460938
17,1,50,5,2,-1,0,0.86941,0.078859,0,2,1,1.140625
17,1,50,5,3,-1,0,0.78651,0.031369,0,3,1,1.1875
17,1,50,5,4,1,1,0.19099,0.43668,1,2,1,1.171875
17,1,50,5,5,-1,1,0.70962,0.97299,0,3,0,1.0625
17,1,50,5,6,1,1,0.054199,0.56244,1,2,1,1.117188
17,1,50,5,7,1,0,0.42448,0.16417,1,2,0,1.382813
17,1,50,5,8,-1,0,0.83604,0.4884,0,2,1,1.554688
17,1,50,5,9,1,1,0.013184,0.83336,1,2,1,1.179688
17,1,50,5,10,1,1,0.47621,0.66297,1,2,1,1.257813
17,1,50,5,11,1,0,0.25372,0.11705,1,2,0,1.21875
17,1,50,5,12,-1,1,0.55845,0.72798,0,2,0,1.445313
17,1,50,5,13,-1,0,0.96679,0.63566,0,2,1,1.710938
17,1,50,5,14,1,1,0.28202,0.69483,1,2,1,1.25
17,1,50,5,15,1,1,0.43963,0.53014,0,1,0,2.304688
17,1,50,5,16,1,1,0.31244,0.85929,1,2,1,1.085938
17,1,50,5,17,-1,1,0.6133,0.989,0,2,0,1.648438
17,1,50,5,18,-1,0,0.79946,0.50306,0,2,1,1.257813
17,1,50,5,19,-1,0,0.76994,0.2871,0,2,1,1.1875
17,1,50,5,20,1,1,0.01208,0.4174,1,1,1,1.296875
17,1,50,5,21,-1,0,0.81039,0.62638,0,1,1,1.226563
17,1,50,5,22,1,0,0.48154,0.050269,1,2,0,1.710938
17,1,50,5,23,-1,1,0.5534,0.89438,0,3,0,1.265625
17,1,50,5,24,1,0,0.49174,0.39303,1,1,0,1.257813
17,1,50,5,25,-1,0,0.81503,0.45626,1,1,0,1.148438
17,1,50,5,26,1,1,0.048377,0.80002,1,1,1,1.398438
17,1,50,5,27,1,1,0.31018,0.90978,1,1,1,1.257813
17,1,50,5,28,1,0,0.37408,0.14338,1,1,0,1.453125
17,1,50,5,29,-1,0,0.66229,0.33642,0,1,1,1.414063
17,1,50,5,30,-1,0,0.98779,0.90096,0,2,1,1.125
17,1,50,5,31,-1,0,0.55147,0.16438,0,1,1,1.296875
17,1,50,5,32,-1,1,0.71823,0.98869,0,2,0,1.6875
17,1,50,5,33,1,1,0.084758,0.36342,1,2,1,1.953125
17,1,50,5,34,1,0,0.28591,0.22091,1,1,0,1.078125
17,1,50,5,35,1,0,0.45807,0.096254,1,2,0,1.5
17,1,50,5,36,1,1,0.47978,0.78845,0,2,0,1.328125
17,1,50,5,37,1,0,0.14673,0.11866,1,2,0,1.28125
17,1,50,5,38,1,1,0.23196,0.43235,1,1,1,1.164063
17,1,50,5,39,-1,0,0.69438,0.65436,0,1,1,1.351563
17,1,50,5,40,-1,0,0.84621,0.47305,0,1,1,1.09375
17,1,50,5,41,-1,0,0.99428,0.99411,0,2,1,1.445313
17,1,50,5,42,1,1,0.42592,0.89242,1,1,1,1.539063
17,1,50,5,43,-1,0,0.75344,0.4353,0,1,1,1.25
17,1,50,5,44,-1,1,0.70177,0.95257,0,1,0,1.476563
17,1,50,5,45,-1,0,0.7249,0.12595,1,1,0,1.859375
17,1,50,5,46,-1,0,0.68028,0.23079,1,1,0,1.492188
17,1,50,5,47,1,1,0.17013,0.31409,1,1,1,1.054688
17,1,50,5,48,-1,0,0.96138,0.37889,0,1,1,1.492188
17,1,50,5,49,1,1,0.24346,0.79702,1,1,1,1.28125
17,1,50,5,50,-1,0,0.66897,0.36998,0,1,1,1.351563
17,2,60,6,1,0,0,0.42748,0.27873,0,1,1,2.453125
17,2,60,6,2,-1,0,0.79855,0.46783,0,1,1,1.382813
17,2,60,6,3,1,0,0.17215,0.11364,1,1,0,1.351563
17,2,60,6,4,-1,0,0.93482,0.58656,0,1,1,1.476563
17,2,60,6,5,1,1,0.074601,0.57808,1,1,1,1.460938
17,2,60,6,6,-1,1,0.73845,0.93972,0,1,0,1.164063
17,2,60,6,7,0,1,0.41592,0.72443,0,1,0,1.671875
17,2,60,6,8,-1,0,0.86809,0.23674,0,1,1,1.382813
17,2,60,6,9,1,1,0.37597,0.75067,1,1,1,1.335938
17,2,60,6,10,1,1,0.22598,0.84126,1,2,1,1.460938
17,2,60,6,11,1,0,0.14575,0.067152,1,2,0,1.578125
17,2,60,6,12,-1,1,0.66968,0.74637,0,1,0,1.453125
17,2,60,6,13,-1,0,0.90579,0.18928,0,1,1,1.882813
17,2,60,6,14,1,1,0.1879,0.83242,1,1,1,1.78125
17,2,60,6,15,1,0,0.1484,0.12076,1,1,0,1.351563
17,2,60,6,16,1,0,0.18174,0.01002,1,1,0,1.070313
17,2,60,6,17,1,0,0.33521,0.17202,1,1,0,1.015625
17,2,60,6,18,-1,0,0.89061,0.21704,0,1,1,1.289063
17,2,60,6,19,-1,0,0.72758,0.15899,0,1,1,1.335938
17,2,60,6,20,1,1,0.23831,0.63234,1,1,1,1.242188
17,2,60,6,21,-1,0,0.68225,0.069044,0,1,1,1.242188
17,2,60,6,22,0,0,0.40019,0.037928,0,1,1,1.9375
17,2,60,6,23,1,1,0.067749,0.91154,1,1,1,1.25
17,2,60,6,24,-1,1,0.69571,0.87644,0,1,0,2.320313
17,2,60,6,25,0,1,0.48906,0.77135,0,1,0,1.757813
17,2,60,6,26,0,1,0.50127,0.52687,1,1,1,1.453125
17,2,60,6,27,1,1,0.34001,0.89597,1,1,1,1.398438
17,2,60,6,28,1,1,0.19831,0.48535,1,1,1,1.625
17,2,60,6,29,0,1,0.54011,0.90303,0,1,0,2.617188
17,2,60,6,30,-1,0,0.8118,0.68118,0,1,1,1.5625
17,2,60,6,31,1,1,0.0065176,0.1102,1,1,1,2.273438
17,2,60,6,32,1,1,0.14041,0.19175,1,1,1,1.359375
17,2,60,6,33,1,0,0.2558,0.099527,1,2,0,1.171875
17,2,60,6,34,1,1,0.11197,0.91518,1,1,1,1.59375
17,2,60,6,35,1,1,0.24502,0.59784,1,1,1,1.265625
17,2,60,6,36,-1,1,0.60354,0.98263,0,1,0,1.21875
17,2,60,6,37,0,1,0.40512,0.42002,1,1,1,1.382813
17,2,60,6,38,1,0,0.39879,0.034322,1,1,0,1.359375
17,2,60,6,39,-1,1,0.61502,0.81362,0,1,0,1.523438
17,2,60,6,40,1,0,0.39708,0.32841,1,1,0,1.140625
17,2,60,6,41,-1,0,0.78106,0.67963,1,1,0,1.898438
17,2,60,6,42,0,1,0.59756,0.64166,1,1,1,1.34375
17,2,60,6,43,-1,0,0.95356,0.73513,0,1,1,1.4375
17,2,60,6,44,1,1,0.090737,0.40009,1,1,1,1.078125
17,2,60,6,45,1,0,0.38346,0.23141,1,1,0,0.8828125
17,2,60,6,46,-1,1,0.7369,0.8929,0,1,0,2.03125
17,2,60,6,47,1,1,0.27234,0.66151,1,1,1,1.335938
17,2,60,6,48,0,0,0.57656,0.50844,0,1,1,2.023438
17,2,60,6,49,-1,0,0.89883,0.16,0,1,1,1.5625
17,2,60,6,50,1,1,0.029612,0.75838,1,1,1,1.507813
17,3,70,4,1,0,0,0.63568,0.32163,0,1,1,1.453125
17,3,70,4,2,0,1,0.50831,0.77607,0,1,0,1.453125
17,3,70,4,3,1,1,0.21501,0.76103,1,2,1,1.484375
17,3,70,4,4,0,1,0.59658,0.93307,1,1,1,2.078125
17,3,70,4,5,0,1,0.30014,0.95587,1,1,1,1.726563
17,3,70,4,6,1,1,0.013974,0.99769,1,2,1,1.414063
17,3,70,4,7,0,0,0.51289,0.12993,0,1,1,2.234375
17,3,70,4,8,-1,0,0.91391,0.41578,0,2,1,1.3125
17,3,70,4,9,1,1,0.2243,0.73268,1,2,1,1.242188
17,3,70,4,10,0,1,0.32708,0.38415,0,1,0,1.640625
17,3,70,4,11,-1,0,0.89534,0.32941,0,2,1,1.53125
17,3,70,4,12,0,0,0.54424,0.43577,0,1,1,2.226563
17,3,70,4,13,-1,0,0.89766,0.86325,0,2,1,1.367188
17,3,70,4,14,1,1,0.029361,0.19031,1,2,1,1.476563
17,3,70,4,15,1,1,0.016762,0.050676,1,2,1,1.28125
17,3,70,4,16,0,0,0.52718,0.14803,1,1,0,1.632813
17,3,70,4,17,1,1,0.045309,0.26634,1,2,1,1.148438
17,3,70,4,18,0,1,0.41751,0.87554,0,1,0,1.453125
17,3,70,4,19,1,1,0.28273,0.30303,1,2,1,1.164063
17,3,70,4,20,0,0,0.59504,0.042316,0,1,1,2.328125
17,3,70,4,21,-1,0,0.76334,0.5582,0,2,1,1.476563
17,3,70,4,22,1,0,0.27505,0.11529,1,2,0,1.53125
17,3,70,4,23,-1,0,0.77749,0.1575,0,2,1,1.140625
17,3,70,4,24,-1,0,0.78003,0.12923,0,2,1,1.25
17,3,70,4,25,0,1,0.51589,0.88099,1,1,1,2.0625
17,3,70,4,26,1,1,0.010924,0.68249,1,1,1,1.3125
17,3,70,4,27,1,1,0.067283,0.92993,1,1,1,1.046875
17,3,70,4,28,0,1,0.61345,0.70388,1,1,1,1.882813
17,3,70,4,29,0,0,0.39442,0.33634,0,1,1,1.914063
17,3,70,4,30,1,1,0.0045619,0.69026,1,2,1,1.351563
17,3,70,4,31,1,1,0.09608,0.10172,1,2,1,1.070313
17,3,70,4,32,1,1,0.071402,0.59133,1,2,1,1.171875
17,3,70,4,33,0,0,0.34504,0.11047,1,1,0,1.890625
17,3,70,4,34,0,0,0.50274,0.041325,0,1,1,1.601563
17,3,70,4,35,-1,0,0.95669,0.75955,0,2,1,1.3125
17,3,70,4,36,-1,0,0.98756,0.10881,0,2,1,1.15625
17,3,70,4,37,0,0,0.66819,0.12194,0,1,1,1.796875
17,3,70,4,38,1,1,0.042432,0.34822,1,2,1,1.367188
17,3,70,4,39,-1,0,0.99665,0.41287,0,2,1,1.25
17,3,70,4,40,0,1,0.43743,0.856,1,1,1,1.578125
17,3,70,4,41,-1,0,0.80841,0.12915,0,2,1,1.40625
17,3,70,4,42,1,1,0.24084,0.56699,1,2,1,1.539063
17,3,70,4,43,0,0,0.69279,0.061112,0,1,1,2.070313
17,3,70,4,44,0,0,0.65751,0.62325,0,1,1,1.382813
17,3,70,4,45,0,0,0.30931,0.025741,0,1,1,1.546875
17,3,70,4,46,0,1,0.62456,0.66877,1,1,1,1.0625
17,3,70,4,47,0,0,0.63653,0.47815,1,1,0,1.414063
17,3,70,4,48,1,1,0.28606,0.38782,1,2,1,1.3125
17,3,70,4,49,1,1,0.22533,0.951,1,2,1,1.109375
17,3,70,4,50,-1,1,0.74177,0.86239,0,2,0,1.203125
17,4,80,3,1,1,1,0.072003,0.3907,1,2,1,1.609375
17,4,80,3,2,1,1,0.019065,0.15591,1,3,1,1.34375
17,4,80,3,3,0,0,0.71437,0.54767,0,1,1,2.40625
17,4,80,3,4,1,1,0.074527,0.75415,1,3,1,1.476563
17,4,80,3,5,-1,0,0.82975,0.068613,0,3,1,1.367188
17,4,80,3,6,-1,0,0.94491,0.22711,0,4,1,1.515625
17,4,80,3,7,0,1,0.46096,0.63719,0,1,0,2.023438
17,4,80,3,8,-1,0,0.82302,0.12468,0,4,1,1.523438
17,4,80,3,9,0,1,0.4361,0.63486,1,1,1,1.664063
17,4,80,3,10,0,1,0.28413,0.49653,0,1,0,1.78125
17,4,80,3,11,0,0,0.77893,0.14849,1,1,0,1.726563
17,4,80,3,12,1,1,0.033864,0.72501,1,1,1,1.429688
17,4,80,3,13,0,1,0.76598,0.92822,0,1,0,1.90625
17,4,80,3,14,-1,0,0.89799,0.58385,0,4,1,1.25
17,4,80,3,15,-1,0,0.99773,0.63708,0,3,1,1.359375
17,4,80,3,16,0,1,0.2806,0.76549,0,1,0,1.796875
17,4,80,3,17,0,0,0.72331,0.081923,0,1,1,2.117188
17,4,80,3,18,0,0,0.50127,0.29359,0,1,1,1.96875
17,4,80,3,19,-1,0,0.93064,0.71288,0,1,1,1.34375
17,4,80,3,20,-1,0,0.88894,0.47232,0,4,1,1.304688
17,4,80,3,21,-1,1,0.81323,0.88999,0,4,0,1.179688
17,4,80,3,22,0,0,0.20278,0.14624,1,1,0,2.28125
17,4,80,3,23,1,1,0.048453,0.29714,1,2,1,2.515625
17,4,80,3,24,0,0,0.46093,0.010635,0,1,1,1.789063
17,4,80,3,25,0,1,0.62199,0.72703,0,1,0,1.414063
17,4,80,3,26,-1,0,0.83441,0.51975,0,2,1,1.570313
17,4,80,3,27,0,0,0.79418,0.6117,1,1,0,1.648438
17,4,80,3,28,0,0,0.49382,0.31211,1,1,0,1.8125
17,4,80,3,29,-1,0,0.92178,0.049019,0,1,1,1.460938
17,4,80,3,30,1,1,0.013402,0.35249,1,2,1,1.390625
17,4,80,3,31,1,1,0.12377,0.76954,1,2,1,1.609375
17,4,80,3,32,0,0,0.76267,0.66023,1,1,0,1.984375
17,4,80,3,33,0,0,0.51035,0.064198,0,1,1,1.75
17,4,80,3,34,1,1,0.12047,0.87039,1,1,1,1.390625
17,4,80,3,35,0,1,0.27056,0.54678,0,1,0,1.46875
17,4,80,3,36,1,1,0.033219,0.9053,1,2,1,1.445313
17,4,80,3,37,0,1,0.2472,0.29554,0,1,0,1.65625
17,4,80,3,38,0,1,0.54993,0.73403,1,1,1,1.484375
17,4,80,3,39,1,1,0.051452,0.50036,1,2,1,1.132813
17,4,80,3,40,-1,0,0.97929,0.23701,0,2,1,1.585938
17,4,80,3,41,0,1,0.34566,0.53177,0,1,0,1.53125
17,4,80,3,42,0,1,0.27211,0.74818,1,1,1,1.5
17,4,80,3,43,1,1,0.025692,0.98752,1,2,1,1.328125
17,4,80,3,44,0,1,0.37534,0.63515,1,1,1,2.0625
17,4,80,3,45,-1,0,0.91024,0.28589,0,2,1,1.53125
17,4,80,3,46,0,0,0.265,0.15941,0,1,1,1.625
17,4,80,3,47,0,0,0.73831,0.62121,0,1,1,2.015625
17,4,80,3,48,0,0,0.66008,0.35896,1,1,0,1.976563
17,4,80,3,49,-1,0,0.86422,0.33548,0,2,1,1.421875
17,4,80,3,50,0,0,0.45956,0.072607,0,1,1,1.46875
17,5,90,2,1,1,1,0.056929,0.49976,1,1,1,3.242188
17,5,90,2,2,1,1,0.07019,0.36282,1,2,1,2.328125
17,5,90,2,3,0,1,0.19611,0.91405,0,1,0,3.304688
17,5,90,2,4,0,1,0.46447,0.69352,0,1,0,2.0625
17,5,90,2,5,0,1,0.46189,0.59566,0,1,0,1.84375
17,5,90,2,6,0,1,0.46891,0.7607,0,1,0,2.398438
17,5,90,2,7,-1,0,0.93097,0.37727,0,1,1,2.46875
17,5,90,2,8,0,0,0.85554,0.59583,1,1,0,2.328125
17,5,90,2,9,0,0,0.43193,0.21986,0,1,1,1.460938
17,5,90,2,10,0,0,0.28624,0.024319,0,1,1,2.4375
17,5,90,2,11,0,1,0.30646,0.41822,0,1,0,3.28125
17,5,90,2,12,0,1,0.73313,0.80885,1,1,1,2.390625
17,5,90,2,13,0,0,0.68591,0.66168,1,1,0,1.9375
17,5,90,2,14,-1,0,0.97849,0.31394,0,1,1,1.460938
17,5,90,2,15,0,1,0.20935,0.37361,0,1,0,1.75
17,5,90,2,16,0,0,0.75437,0.15077,0,1,1,1.617188
17,5,90,2,17,0,0,0.80951,0.50071,1,1,0,2.117188
17,5,90,2,18,-1,0,0.91318,0.44207,0,3,1,1.601563
17,5,90,2,19,0,0,0.38973,0.029496,0,1,1,1.6875
17,5,90,2,20,0,1,0.10612,0.79133,1,1,1,2.234375
17,5,90,2,21,0,0,0.88078,0.21865,0,1,1,1.710938
17,5,90,2,22,0,1,0.36808,0.99865,0,1,0,1.617188
17,5,90,2,23,0,1,0.32136,0.94998,0,1,0,1.703125
17,5,90,2,24,0,0,0.83611,0.42874,0,1,1,1.8125
17,5,90,2,25,0,0,0.35317,0.2717,1,1,0,2.039063
17,5,90,2,26,0,1,0.71057,0.80128,0,1,0,1.351563
17,5,90,2,27,1,1,0.013793,0.34012,1,3,1,1.546875
17,5,90,2,28,1,1,0.0043728,0.90019,1,3,1,1.453125
17,5,90,2,29,-1,0,0.98685,0.82503,0,3,1,1.554688
17,5,90,2,30,0,1,0.30533,0.45376,0,1,0,1.945313
17,5,90,2,31,-1,0,0.90329,0.14578,0,3,1,1.398438
17,5,90,2,32,1,1,0.05578,0.83771,1,2,1,1.625
17,5,90,2,33,0,1,0.47151,0.75034,1,1,1,1.679688
17,5,90,2,34,0,1,0.14053,0.173,0,1,0,3.273438
17,5,90,2,35,0,0,0.3779,0.32843,1,1,0,1.382813
17,5,90,2,36,0,0,0.30317,0.057961,0,1,1,1.859375
17,5,90,2,37,-1,0,0.97726,0.59722,0,3,1,1.21875
17,5,90,2,38,0,1,0.34425,0.58903,0,1,0,1.789063
17,5,90,2,39,0,1,0.44263,0.60637,1,1,1,1.6875
17,5,90,2,40,0,0,0.82974,0.70865,1,1,0,1.40625
17,5,90,2,41,0,0,0.89199,0.067612,0,1,1,1.523438
17,5,90,2,42,0,1,0.66061,0.96004,0,1,0,1.515625
17,5,90,2,43,0,1,0.76752,0.8296,1,1,1,1.609375
17,5,90,2,44,1,1,0.056156,0.6371,1,3,1,1.726563
17,5,90,2,45,0,1,0.53485,0.89367,0,1,0,1.703125
17,5,90,2,46,1,1,0.068438,0.76085,1,3,1,1.5625
17,5,90,2,47,0,0,0.61467,0.0060511,0,1,1,2.015625
17,5,90,2,48,0,1,0.40326,0.91325,1,1,1,1.265625
17,5,90,2,49,0,0,0.51392,0.17574,0,1,1,1.992188
17,5,90,2,50,-1,0,0.97514,0.80636,0,4,1,1.679688
17,6,100,1,1,0,0,0.60238,0.20103,0,1,1,15.13281
17,6,100,1,2,0,0,0.7084,0.27506,0,1,1,2.679688
17,6,100,1,3,0,0,0.79923,0.38769,1,1,0,2.898438
17,6,100,1,4,0,1,0.20615,0.41829,0,1,0,1.796875
17,6,100,1,5,0,1,0.30751,0.42056,1,1,1,2.445313
17,6,100,1,6,0,1,0.75022,0.88791,0,1,0,4.0625
17,6,100,1,7,0,0,0.63557,0.37538,0,1,1,1.859375
17,6,100,1,8,0,1,0.38823,0.51607,1,1,1,2.242188
17,6,100,1,9,0,0,0.77559,0.33912,1,1,0,2.273438
17,6,100,1,10,0,0,0.83856,0.42881,1,1,0,1.882813
17,6,100,1,11,0,0,0.96201,0.67395,0,1,1,2.226563
17,6,100,1,12,0,0,0.3415,0.039834,0,1,1,1.773438
17,6,100,1,13,0,1,0.58393,0.85518,0,1,0,3.0
17,6,100,1,14,0,1,0.17858,0.36625,1,1,1,2.46875
17,6,100,1,15,0,0,0.60875,0.17933,0,1,1,2.054688
17,6,100,1,16,0,1,0.62145,0.94313,0,1,0,2.148438
17,6,100,1,17,0,1,0.77925,0.97899,0,1,0,1.6875
17,6,100,1,18,0,1,0.58386,0.98941,1,1,1,2.34375
17,6,100,1,19,0,0,0.51335,0.26296,1,1,0,2.632813
17,6,100,1,20,0,0,0.91461,0.86425,0,1,1,1.75
17,6,100,1,21,0,1,0.12362,0.48987,0,1,0,2.242188
17,6,100,1,22,0,0,0.6248,0.35411,1,1,0,2.25
17,6,100,1,23,0,0,0.7023,0.2903,0,1,1,1.78125
17,6,100,1,24,0,0,0.49618,0.13945,0,1,1,1.890625
17,6,100,1,25,0,0,0.98506,0.2535,0,1,1,1.945313
17,6,100,1,26,0,1,0.73146,0.73289,1,1,1,1.992188
17,6,100,1,27,0,0,0.29169,0.23998,1,1,0,2.507813
17,6,100,1,28,0,0,0.81678,0.49132,0,1,1,1.765625
17,6,100,1,29,0,0,0.89507,0.0068845,0,1,1,2.085938
17,6,100,1,30,0,1,0.21108,0.99832,0,1,0,2.015625
17,6,100,1,31,0,0,0.77041,0.42755,1,1,0,2.59375
17,6,100,1,32,0,1,0.12569,0.99928,0,1,0,1.789063
17,6,100,1,33,0,0,0.6157,0.52577,0,1,1,1.679688
17,6,100,1,34,0,1,0.52557,0.90488,0,1,0,2.226563
17,6,100,1,35,0,1,0.50005,0.5235,1,1,1,1.960938
17,6,100,1,36,0,0,0.83046,0.81442,0,1,1,2.671875
17,6,100,1,37,0,0,0.51625,0.17672,0,1,1,2.34375
17,6,100,1,38,0,1,0.14205,0.30619,0,1,0,2.007813
17,6,100,1,39,0,1,0.12069,0.21585,1,1,1,1.804688
17,6,100,1,40,0,1,0.61715,0.98347,1,1,1,1.914063
17,6,100,1,41,0,0,0.42037,0.042886,0,1,1,1.890625
17,6,100,1,42,0,0,0.85181,0.33517,0,1,1,1.703125
17,6,100,1,43,0,1,0.42004,0.74526,0,1,0,3.429688
17,6,100,1,44,0,0,0.38732,0.11034,0,1,1,1.851563
17,6,100,1,45,0,0,0.94799,0.87907,1,1,0,1.921875
17,6,100,1,46,0,0,0.89887,0.8503,1,1,0,2.523438
17,6,100,1,47,0,0,0.93298,0.10087,0,1,1,2.007813
17,6,100,1,48,0,0,0.81245,0.72856,0,1,1,1.921875
17,6,100,1,49,0,0,0.96663,0.06269,0,1,1,1.828125
17,6,100,1,50,0,1,0.7092,0.71304,0,1,0,1.796875
18,1,50,6,1,-1,0,0.53047,0.40997,0,4,1,1.375
18,1,50,6,2,1,1,0.39223,0.49635,1,4,1,1.144531
18,1,50,6,3,-1,1,0.62641,0.93443,0,4,0,1.042969
18,1,50,6,4,-1,0,0.83199,0.49097,0,4,1,1.402344
18,1,50,6,5,-1,1,0.84164,0.98468,0,5,0,1.019531
18,1,50,6,6,-1,0,0.98722,0.89265,0,4,1,0.7929688
18,1,50,6,7,1,0,0.33431,0.0060963,1,4,0,1.140625
18,1,50,6,8,1,0,0.47289,0.4191,1,3,0,1.023438
18,1,50,6,9,-1,0,0.98314,0.74608,0,3,1,0.5703125
18,1,50,6,10,-1,0,0.5167,0.41859,0,3,1,1.5
18,1,50,6,11,-1,0,0.72934,0.71153,0,4,1,1.34375
18,1,50,6,12,-1,0,0.89632,0.11106,0,4,1,1.042969
18,1,50,6,13,1,1,0.42658,0.53855,1,3,1,1.179688
18,1,50,6,14,-1,0,0.56352,0.52187,0,3,1,1.25
18,1,50,6,15,-1,0,0.90914,0.70851,0,3,1,1.210938
18,1,50,6,16,-1,1,0.82347,0.89675,0,4,0,1.152344
18,1,50,6,17,-1,0,0.93222,0.38476,0,4,1,0.9335938
18,1,50,6,18,-1,0,0.91518,0.57148,0,4,1,1.410156
18,1,50,6,19,1,0,0.18298,0.063398,1,4,0,1.230469
18,1,50,6,20,-1,0,0.61412,0.030909,0,4,1,1.382813
18,1,50,6,21,1,1,0.33387,0.72652,1,4,1,1.101563
18,1,50,6,22,-1,0,0.89588,0.88281,0,4,1,1.363281
18,1,50,6,23,1,1,0.10067,0.2905,1,4,1,1.203125
18,1,50,6,24,1,1,0.30889,0.61908,1,4,1,1.042969
18,1,50,6,25,-1,0,0.85928,0.73956,0,4,1,1.089844
18,1,50,6,26,-1,0,0.73153,0.032901,0,4,1,0.9804688
18,1,50,6,27,-1,1,0.55337,0.62754,0,4,0,1.011719
18,1,50,6,28,-1,0,0.72174,0.3122,0,4,1,1.292969
18,1,50,6,29,-1,0,0.83419,0.073633,0,4,1,1.03125
18,1,50,6,30,1,0,0.42751,0.41989,1,4,0,1.0625
18,1,50,6,31,-1,0,0.92803,0.21666,0,4,1,0.75
18,1,50,6,32,-1,0,0.64527,0.061365,0,4,1,1.351563
18,1,50,6,33,1,1,0.14481,0.23235,1,4,1,1.199219
18,1,50,6,34,1,1,0.29835,0.48098,1,4,1,0.9414063
18,1,50,6,35,1,1,0.30326,0.35753,1,4,1,1.5625
18,1,50,6,36,-1,0,0.707,0.34451,0,4,1,1.421875
18,1,50,6,37,1,1,0.093975,0.72096,1,4,1,1.351563
18,1,50,6,38,1,1,0.28085,0.88211,1,4,1,1.171875
18,1,50,6,39,1,1,0.3644,0.44056,1,4,1,1.011719
18,1,50,6,40,-1,0,0.73655,0.052226,0,4,1,1.199219
18,1,50,6,41,1,1,0.015826,0.15023,1,4,1,1.023438
18,1,50,6,42,1,1,0.21072,0.71389,1,4,1,1.121094
18,1,50,6,43,1,1,0.20096,0.26005,1,4,1,1.152344
18,1,50,6,44,1,1,0.050676,0.83441,1,5,1,1.03125
18,1,50,6,45,1,1,0.33642,0.5429,1,5,1,1.558594
18,1,50,6,46,-1,0,0.5058,0.4797,0,5,1,1.203125
18,1,50,6,47,-1,0,0.86219,0.11863,0,5,1,1.050781
18,1,50,6,48,1,1,0.13403,0.4355,1,4,1,0.9609375
18,1,50,6,49,-1,0,0.64985,0.26191,0,4,1,1.082031
18,1,50,6,50,1,1,0.34904,0.56853,1,4,1,0.8242188
18,2,60,1,1,1,1,0.35036,0.57887,1,1,1,36.75391
18,2,60,1,2,-1,0,0.98926,0.43731,0,5,1,2.03125
18,2,60,1,3,1,1,0.027407,0.2064,1,5,1,1.652344
18,2,60,1,4,-1,0,0.73305,0.25519,0,5,1,1.53125
18,2,60,1,5,1,1,0.31521,0.84678,1,5,1,1.113281
18,2,60,1,6,-1,1,0.78346,0.94987,0,5,0,1.511719
18,2,60,1,7,-1,0,0.88721,0.65484,0,4,1,1.601563
18,2,60,1,8,0,0,0.40622,0.03721,1,2,0,5.527344
18,2,60,1,9,-1,0,0.96745,0.078123,0,4,1,1.253906
18,2,60,1,10,1,1,0.23927,0.69824,1,4,1,1.421875
18,2,60,1,11,1,1,0.14359,0.60414,1,4,1,3.414063
18,2,60,1,12,1,1,0.061305,0.079261,1,4,1,2.355469
18,2,60,1,13,1,1,0.20698,0.54412,1,4,1,1.152344
18,2,60,1,14,1,1,0.17417,0.8833,1,4,1,1.769531
18,2,60,1,15,0,0,0.48989,0.30563,1,1,0,3.828125
18,2,60,1,16,-1,0,0.66186,0.65305,0,4,1,1.664063
18,2,60,1,17,-1,0,0.84999,0.77509,0,4,1,1.441406
18,2,60,1,18,1,1,0.39334,0.87729,1,4,1,1.183594
18,2,60,1,19,-1,0,0.74164,0.65902,0,4,1,1.59375
18,2,60,1,20,0,0,0.50574,0.19995,1,1,0,1.542969
18,2,60,1,21,1,0,0.33914,0.27881,1,4,0,1.253906
18,2,60,1,22,1,0,0.26651,0.13873,1,4,0,1.28125
18,2,60,1,23,1,0,0.25528,0.24615,1,4,0,1.03125
18,2,60,1,24,0,1,0.46191,0.52123,0,2,0,2.25
18,2,60,1,25,0,1,0.4631,0.66492,0,1,0,3.023438
18,2,60,1,26,0,1,0.46698,0.51036,1,1,1,1.5
18,2,60,1,27,-1,0,0.95491,0.63812,0,4,1,1.300781
18,2,60,1,28,-1,1,0.78216,0.80223,0,4,0,1.5625
18,2,60,1,29,-1,0,0.88579,0.83083,0,4,1,1.125
18,2,60,1,30,-1,0,0.68665,0.27879,0,4,1,2.855469
18,2,60,1,31,1,1,0.16291,0.37061,1,4,1,1.320313
18,2,60,1,32,-1,1,0.72622,0.89092,0,4,0,1.152344
18,2,60,1,33,1,1,0.092747,0.31295,1,4,1,0.6523438
18,2,60,1,34,1,1,0.092795,0.3299,1,3,1,0.9804688
18,2,60,1,35,0,0,0.403,0.17191,0,1,1,1.441406
18,2,60,1,36,1,1,0.14794,0.3159,1,3,1,1.210938
18,2,60,1,37,1,1,0.39482,0.67511,1,4,1,1.089844
18,2,60,1,38,-1,0,0.95122,0.45867,0,4,1,1.433594
18,2,60,1,39,1,1,0.099765,0.92131,1,4,1,1.023438
18,2,60,1,40,0,1,0.50094,0.90967,0,1,0,1.652344
18,2,60,1,41,0,1,0.48773,0.62538,1,1,1,1.671875
18,2,60,1,42,-1,0,0.72773,0.12217,0,4,1,1.25
18,2,60,1,43,-1,0,0.73525,0.031698,0,4,1,1.347656
18,2,60,1,44,-1,1,0.64573,0.89964,0,4,0,1.238281
18,2,60,1,45,1,1,0.18272,0.5933,1,4,1,1.191406
18,2,60,1,46,-1,0,0.7235,0.28413,0,4,1,0.7304688
18,2,60,1,47,-1,0,0.81978,0.57295,0,4,1,1.230469
18,2,60,1,48,-1,0,0.9266,0.753,1,1,0,0.5039063
18,2,60,1,49,1,1,0.30196,0.9853,1,4,1,1.050781
18,2,60,1,50,-1,0,0.94637,0.5713,0,4,1,1.292969
18,3,70,3,1,1,1,0.060837,0.90745,1,3,1,1.144531
18,3,70,3,2,1,1,0.1807,0.57074,1,3,1,1.023438
18,3,70,3,3,-1,0,0.97635,0.79651,0,3,1,1.03125
18,3,70,3,4,0,0,0.41464,0.30746,0,1,1,1.683594
18,3,70,3,5,-1,0,0.7531,0.25332,0,4,1,1.460938
18,3,70,3,6,0,0,0.58611,0.1102,1,1,0,1.332031
18,3,70,3,7,1,0,0.24413,0.0115,1,4,0,1.203125
18,3,70,3,8,-1,0,0.89801,0.12689,0,3,1,1.191406
18,3,70,3,9,0,1,0.39708,0.7951,0,1,0,3.386719
18,3,70,3,10,1,1,0.035349,0.21464,1,3,1,1.0625
18,3,70,3,11,0,1,0.44745,0.98455,0,1,0,1.382813
18,3,70,3,12,-1,0,0.81464,0.13437,0,4,1,1.160156
18,3,70,3,13,1,1,0.23729,0.79842,1,4,1,0.9023438
18,3,70,3,14,0,1,0.67093,0.77189,1,1,1,2.140625
18,3,70,3,15,0,0,0.65115,0.41864,1,1,0,1.292969
18,3,70,3,16,0,1,0.45222,0.6441,1,1,1,1.050781
18,3,70,3,17,-1,0,0.81269,0.23199,0,4,1,1.324219
18,3,70,3,18,1,1,0.043803,0.070713,1,4,1,1.074219
18,3,70,3,19,1,1,0.23422,0.28045,1,4,1,0.8632813
18,3,70,3,20,1,1,0.13528,0.18496,1,4,1,1.171875
18,3,70,3,21,1,1,0.21738,0.58815,1,4,1,1.074219
18,3,70,3,22,0,1,0.4163,0.5086,0,1,0,2.265625
18,3,70,3,23,0,1,0.33676,0.67336,1,1,1,1.1875
18,3,70,3,24,0,1,0.30232,0.77968,1,1,1,1.683594
18,3,70,3,25,-1,1,0.76104,0.82295,0,4,0,0.6601563
18,3,70,3,26,1,1,0.065267,0.51596,1,4,1,0.953125
18,3,70,3,27,1,1,0.069403,0.82653,1,4,1,1.203125
18,3,70,3,28,0,0,0.63336,0.26229,0,1,1,1.800781
18,3,70,3,29,-1,0,0.92472,0.86609,0,4,1,1.222656
18,3,70,3,30,1,1,0.086161,0.69463,1,4,1,0.9921875
18,3,70,3,31,0,1,0.51917,0.68538,1,1,1,2.132813
18,3,70,3,32,0,1,0.4493,0.79293,0,1,0,1.621094
18,3,70,3,33,0,1,0.40397,0.98548,0,1,0,2.421875
18,3,70,3,34,0,0,0.68121,0.60847,0,1,1,1.792969
18,3,70,3,35,-1,0,0.7902,0.22982,0,4,1,1.199219
18,3,70,3,36,-1,0,0.7369,0.69857,0,4,1,1.210938
18,3,70,3,37,0,0,0.30433,0.1658,1,1,0,1.230469
18,3,70,3,38,-1,0,0.76057,0.37351,0,4,1,1.042969
18,3,70,3,39,-1,0,0.84144,0.77564,0,4,1,1.308594
18,3,70,3,40,1,0,0.23055,0.050732,1,4,0,1.355469
18,3,70,3,41,-1,0,0.97848,0.32038,0,4,1,1.402344
18,3,70,3,42,1,1,0.067949,0.31666,1,4,1,1.03125
18,3,70,3,43,-1,1,0.78946,0.85432,0,4,0,1.160156
18,3,70,3,44,0,1,0.50752,0.69425,1,1,1,2.070313
18,3,70,3,45,0,1,0.64761,0.67704,0,1,0,1.960938
18,3,70,3,46,0,1,0.51984,0.96442,0,1,0,1.394531
18,3,70,3,47,-1,0,0.7086,0.055242,0,5,1,1.203125
18,3,70,3,48,0,0,0.66572,0.36238,0,1,1,1.945313
18,3,70,3,49,0,0,0.50328,0.47273,1,1,0,1.742188
18,3,70,3,50,1,1,0.27117,0.43269,1,5,1,0.6640625
18,4,80,2,1,1,1,0.082066,0.60493,1,4,1,1.242188
18,4,80,2,2,0,0,0.30296,0.11474,0,1,1,2.089844
18,4,80,2,3,0,1,0.34148,0.68679,1,1,1,1.753906
18,4,80,2,4,1,1,0.14934,0.20454,1,3,1,1.253906
18,4,80,2,5,-1,0,0.89805,0.22473,0,3,1,1.125
18,4,80,2,6,-1,0,0.99783,0.28232,0,4,1,1.171875
18,4,80,2,7,1,1,0.18563,0.64529,1,4,1,0.9804688
18,4,80,2,8,0,1,0.62378,0.89277,0,1,0,1.773438
18,4,80,2,9,0,0,0.49876,0.4788,0,1,1,2.164063
18,4,80,2,10,0,1,0.46655,0.64615,1,1,1,1.953125
18,4,80,2,11,0,0,0.77698,0.25728,1,1,0,1.925781
18,4,80,2,12,1,1,0.11328,0.86297,1,5,1,1.253906
18,4,80,2,13,-1,0,0.87409,0.47435,0,5,1,1.078125
18,4,80,2,14,0,1,0.39737,0.51672,1,1,1,2.09375
18,4,80,2,15,1,1,0.15512,0.74692,1,5,1,1.230469
18,4,80,2,16,1,1,0.04964,0.1398,1,5,1,1.0625
18,4,80,2,17,-1,0,0.96423,0.52877,0,5,1,2.082031
18,4,80,2,18,1,1,0.062372,0.10581,1,5,1,0.9296875
18,4,80,2,19,0,1,0.20383,0.40079,0,1,0,1.824219
18,4,80,2,20,1,1,0.060985,0.15791,1,5,1,1.011719
18,4,80,2,21,0,1,0.68566,0.78021,0,1,0,3.738281
18,4,80,2,22,0,0,0.75499,0.62527,1,1,0,1.769531
18,4,80,2,23,0,1,0.52111,0.81112,1,1,1,2.574219
18,4,80,2,24,0,0,0.55636,0.092531,0,1,1,1.582031
18,4,80,2,25,1,0,0.13259,0.039945,1,5,0,1.183594
18,4,80,2,26,0,0,0.28623,0.22214,0,1,1,1.960938
18,4,80,2,27,0,1,0.36933,0.43335,0,1,0,2.144531
18,4,80,2,28,1,1,0.070177,0.59769,1,5,1,1.230469
18,4,80,2,29,-1,0,0.93719,0.59096,0,5,1,1.0625
18,4,80,2,30,0,0,0.5552,0.070262,0,1,1,2.78125
18,4,80,2,31,0,0,0.69349,0.073328,1,1,0,0.96875
18,4,80,2,32,1,1,0.095381,0.37314,1,5,1,1.125
18,4,80,2,33,0,1,0.77204,0.95119,1,1,1,3.042969
18,4,80,2,34,0,1,0.70272,0.72655,0,1,0,1.582031
18,4,80,2,35,1,0,0.15247,0.067226,1,4,0,1.183594
18,4,80,2,36,-1,0,0.96401,0.36705,0,4,1,1.253906
18,4,80,2,37,0,0,0.64219,0.38976,1,1,0,1.621094
18,4,80,2,38,0,1,0.61818,0.87705,1,1,1,1.652344
18,4,80,2,39,0,0,0.72157,0.53231,0,1,1,1.800781
18,4,80,2,40,0,1,0.3304,0.46942,1,1,1,2.050781
18,4,80,2,41,-1,0,0.98578,0.81215,0,4,1,1.113281
18,4,80,2,42,0,1,0.73376,0.83253,1,1,1,1.199219
18,4,80,2,43,0,0,0.57739,0.034115,0,1,1,1.492188
18,4,80,2,44,1,1,0.12388,0.5263,1,1,1,1.019531
18,4,80,2,45,0,0,0.50966,0.0038798,0,1,1,2.332031
18,4,80,2,46,1,1,0.11807,0.16619,1,4,1,1.042969
18,4,80,2,47,0,1,0.2987,0.89229,0,1,0,1.625
18,4,80,2,48,-1,0,0.93873,0.4758,0,4,1,1.253906
18,4,80,2,49,0,0,0.46033,0.23095,0,1,1,1.390625
18,4,80,2,50,0,0,0.46372,0.16511,1,1,0,1.378906
18,5,90,5,1,0,1,0.62783,0.73653,0,1,0,1.613281
18,5,90,5,2,0,1,0.46657,0.59051,0,1,0,1.101563
18,5,90,5,3,0,1,0.77064,0.94215,1,1,1,2.464844
18,5,90,5,4,0,0,0.88419,0.15147,0,1,1,0.953125
18,5,90,5,5,0,0,0.71541,0.67474,1,1,0,1.203125
18,5,90,5,6,0,0,0.37391,0.10704,1,1,0,1.191406
18,5,90,5,7,0,1,0.17382,0.21826,0,1,0,0.3515625
18,5,90,5,8,0,1,0.13154,0.89628,1,1,1,0.453125
18,5,90,5,9,0,0,0.76833,0.71228,0,1,1,0.453125
18,5,90,5,10,0,0,0.8497,0.72399,1,1,0,0.3398438
18,5,90,5,11,0,1,0.25658,0.36982,1,1,1,0.9023438
18,5,90,5,12,-1,0,0.90879,0.038425,1,1,0,0.3828125
18,5,90,5,13,-1,0,0.96012,0.093116,0,3,1,1.101563
18,5,90,5,14,0,0,0.38259,0.24849,1,1,0,1.402344
18,5,90,5,15,1,1,0.0036745,0.80757,1,4,1,1.890625
18,5,90,5,16,0,1,0.47068,0.82553,0,3,0,1.945313
18,5,90,5,17,0,1,0.20635,0.28474,1,3,1,0.5429688
18,5,90,5,18,0,0,0.81711,0.70778,0,3,1,1.160156
18,5,90,5,19,0,0,0.78775,0.61197,1,3,0,2.003906
18,5,90,5,20,0,1,0.86982,0.99071,1,3,1,1.140625
18,5,90,5,21,0,1,0.44222,0.64259,1,3,1,0.9101563
18,5,90,5,22,0,1,0.83658,0.98512,0,3,0,0.4804688
18,5,90,5,23,0,0,0.39485,0.34968,1,3,0,0.9414063
18,5,90,5,24,0,0,0.5243,0.26833,0,3,1,0.6523438
18,5,90,5,25,0,1,0.43113,0.74596,1,3,1,0.4804688
18,5,90,5,26,0,1,0.63026,0.63779,0,3,0,0.4375
18,5,90,5,27,0,1,0.29466,0.6933,1,3,1,0.46875
18,5,90,5,28,1,1,0.02423,0.82416,1,5,1,1.34375
18,5,90,5,29,0,1,0.37742,0.97251,0,3,0,0.7929688
18,5,90,5,30,0,0,0.67941,0.35408,1,3,0,1.464844
18,5,90,5,31,0,0,0.77844,0.29337,0,3,1,1.222656
18,5,90,5,32,-1,0,0.96894,0.9557,0,3,1,1.113281
18,5,90,5,33,0,1,0.22645,0.98723,1,3,1,0.890625
18,5,90,5,34,0,1,0.53235,0.67108,0,3,0,1.132813
18,5,90,5,35,0,0,0.49447,0.32658,1,3,0,0.6523438
18,5,90,5,36,0,0,0.89828,0.14619,0,3,1,0.4179688
18,5,90,5,37,0,0,0.88541,0.61534,1,3,0,0.4023438
18,5,90,5,38,0,0,0.57923,0.28912,0,3,1,0.3632813
18,5,90,5,39,0,1,0.54356,0.92522,1,3,1,0.7890625
18,5,90,5,40,1,0,0.047342,0.031326,1,5,0,1.503906
18,5,90,5,41,-1,0,0.92896,0.36701,0,5,1,1.304688
18,5,90,5,42,0,0,0.4533,0.2028,1,3,0,0.8945313
18,5,90,5,43,0,1,0.37578,0.80672,1,3,1,1.179688
18,5,90,5,44,1,1,0.029105,0.71257,1,5,1,2.132813
18,5,90,5,45,0,0,0.59918,0.40363,0,3,1,0.9921875
18,5,90,5,46,0,0,0.31335,0.10622,1,3,0,1.339844
18,5,90,5,47,0,0,0.65648,0.20482,0,3,1,1.082031
18,5,90,5,48,0,1,0.40453,0.43917,1,3,1,1.222656
18,5,90,5,49,-1,0,0.94428,0.12833,0,3,1,1.421875
18,5,90,5,50,0,0,0.18738,0.08923,1,3,0,0.9804688
18,6,100,4,1,0,0,0.76009,0.60629,0,1,1,2.644531
18,6,100,4,2,0,1,0.56925,0.97169,1,1,1,1.445313
18,6,100,4,3,0,1,0.57694,0.65943,0,1,0,1.234375
18,6,100,4,4,0,1,0.068985,0.83797,0,1,0,2.117188
18,6,100,4,5,0,0,0.15255,0.095771,0,1,1,1.972656
18,6,100,4,6,0,1,0.36078,0.81434,1,1,1,1.609375
18,6,100,4,7,0,1,0.24687,0.97077,0,1,0,1.421875
18,6,100,4,8,0,0,0.67917,0.021099,0,1,1,1.753906
18,6,100,4,9,0,0,0.98822,0.13895,1,1,0,1.570313
18,6,100,4,10,0,0,0.73715,0.43629,1,1,0,1.800781
18,6,100,4,11,0,0,0.16546,0.1452,1,1,0,1.035156
18,6,100,4,12,0,0,0.46152,0.25443,0,1,1,0.78125
18,6,100,4,13,0,0,0.6843,0.067648,0,1,1,0.7734375
18,6,100,4,14,0,0,0.48506,0.4323,0,2,1,0.921875
18,6,100,4,15,0,0,0.727,0.48432,0,2,1,0.9726563
18,6,100,4,16,0,1,0.16409,0.2365,0,3,0,0.6484375
18,6,100,4,17,0,1,0.26439,0.5772,1,1,1,0.8320313
18,6,100,4,18,0,1,0.0061398,0.36985,1,1,1,1.171875
18,6,100,4,19,0,0,0.89849,0.58708,0,1,1,0.4804688
18,6,100,4,20,0,1,0.022242,0.78259,1,1,1,0.5625
18,6,100,4,21,0,1,0.23143,0.777,1,1,1,0.5
18,6,100,4,22,0,0,0.95047,0.55639,0,1,1,0.6210938
18,6,100,4,23,0,0,0.65619,0.019807,1,1,0,0.7226563
18,6,100,4,24,0,1,0.63076,0.75867,1,1,1,0.5585938
18,6,100,4,25,0,1,0.13492,0.55929,0,1,0,0.6523438
18,6,100,4,26,0,1,0.65702,0.71601,0,1,0,0.5078125
18,6,100,4,27,0,0,0.86752,0.26686,0,1,1,0.5078125
18,6,100,4,28,0,0,0.041113,0.017115,1,1,0,0.4804688
18,6,100,4,29,0,1,0.75632,0.84276,0,1,0,0.4101563
18,6,100,4,30,0,0,0.55477,0.23814,0,1,1,0.53125
18,6,100,4,31,0,0,0.80055,0.64973,1,1,0,1.5625
18,6,100,4,32,0,0,0.97661,0.49747,1,1,0,1.324219
18,6,100,4,33,0,0,0.27971,0.03845,1,1,0,0.578125
18,6,100,4,34,0,0,0.45764,0.025689,0,1,1,0.5117188
18,6,100,4,35,0,1,0.19856,0.61834,1,1,1,1.863281
18,6,100,4,36,0,0,0.51875,0.0259,0,1,1,1.511719
18,6,100,4,37,0,1,0.084839,0.29719,1,1,1,0.6210938
18,6,100,4,38,0,1,0.62072,0.9704,1,1,1,0.5507813
18,6,100,4,39,0,0,0.82125,0.43134,0,1,1,0.7304688
18,6,100,4,40,0,0,0.60493,0.28201,1,1,0,0.5703125
18,6,100,4,41,0,1,0.1423,0.38058,0,1,0,0.5429688
18,6,100,4,42,0,0,0.79748,0.085219,0,1,1,0.5195313
18,6,100,4,43,0,1,0.082745,0.72441,0,1,0,0.5507813
18,6,100,4,44,0,1,0.10557,0.67134,0,1,0,1.152344
18,6,100,4,45,0,1,0.50959,0.74662,0,1,0,0.7304688
18,6,100,4,46,0,0,0.99517,0.4989,1,1,0,0.4609375
18,6,100,4,47,0,0,0.8695,0.51634,0,1,1,0.3515625
18,6,100,4,48,0,1,0.59773,0.95923,1,1,1,0.4101563
18,6,100,4,49,0,0,0.76294,0.33243,0,1,1,0.3398438
18,6,100,4,50,0,1,0.069388,0.28983,0,1,0,0.390625
19,1,50,6,1,1,0,0.39926,0.25862,1,1,0,1.09375
19,1,50,6,2,-1,0,0.98664,0.24022,0,1,1,0.7109375
19,1,50,6,3,-1,0,0.96465,0.69453,1,1,0,1.542969
19,1,50,6,4,-1,1,0.63068,0.66031,1,1,1,0.921875
19,1,50,6,5,1,1,0.4044,0.50176,1,1,1,0.8789063
19,1,50,6,6,1,1,0.054479,0.33911,1,1,1,0.7421875
19,1,50,6,7,-1,0,0.75648,0.70223,0,1,1,0.9726563
19,1,50,6,8,1,0,0.42129,0.3206,1,1,0,1.191406
19,1,50,6,9,-1,1,0.64512,0.96857,0,1,0,1.144531
19,1,50,6,10,1,1,0.23991,0.56238,1,1,1,0.9140625
19,1,50,6,11,-1,0,0.99613,0.3211,0,1,1,0.890625
19,1,50,6,12,-1,1,0.78948,0.79403,0,1,0,1.148438
19,1,50,6,13,-1,0,0.65652,0.050123,1,1,0,0.4101563
19,1,50,6,14,-1,0,0.78427,0.66026,0,1,1,1.042969
19,1,50,6,15,1,1,0.14057,0.65268,1,1,1,1.039063
19,1,50,6,16,1,1,0.25598,0.36067,1,1,1,0.8125
19,1,50,6,17,1,0,0.21965,0.17343,1,1,0,0.8320313
19,1,50,6,18,-1,1,0.67688,0.78406,0,1,0,1.242188
19,1,50,6,19,1,1,0.42145,0.50502,1,1,1,1.421875
19,1,50,6,20,-1,1,0.54558,0.56832,0,1,0,1.09375
19,1,50,6,21,1,1,0.26894,0.63495,1,1,1,1.25
19,1,50,6,22,-1,0,0.55951,0.0042413,0,1,1,1.253906
19,1,50,6,23,1,1,0.10809,0.83395,1,1,1,0.9726563
19,1,50,6,24,1,1,0.17377,0.94778,1,1,1,1.050781
19,1,50,6,25,-1,0,0.85615,0.18826,0,1,1,0.921875
19,1,50,6,26,-1,0,0.64182,0.23794,0,1,1,1.183594
19,1,50,6,27,-1,0,0.99191,0.54265,0,1,1,1.273438
19,1,50,6,28,-1,0,0.59745,0.46579,0,1,1,0.9921875
19,1,50,6,29,1,1,0.26024,0.3213,1,1,1,0.8632813
19,1,50,6,30,1,0,0.21984,0.020739,1,1,0,0.8710938
19,1,50,6,31,-1,1,0.9388,0.99809,0,1,0,1.441406
19,1,50,6,32,-1,0,0.82429,0.28723,0,1,1,1.183594
19,1,50,6,33,1,1,0.38545,0.39805,1,1,1,0.9414063
19,1,50,6,34,1,1,0.46584,0.66321,1,1,1,0.9609375
19,1,50,6,35,1,1,0.48908,0.94714,1,1,1,0.7617188
19,1,50,6,36,-1,0,0.68092,0.061499,0,1,1,0.7539063
19,1,50,6,37,1,1,0.33588,0.82403,1,1,1,1.011719
19,1,50,6,38,-1,0,0.71617,0.63239,0,1,1,1.152344
19,1,50,6,39,1,0,0.32898,0.015794,1,1,0,0.6914063
19,1,50,6,40,1,1,0.45465,0.55183,1,1,1,1.21875
19,1,50,6,41,1,1,0.40326,0.48157,1,1,1,0.78125
19,1,50,6,42,1,0,0.45788,0.26241,1,1,0,1.222656
19,1,50,6,43,-1,0,0.92952,0.65464,0,1,1,0.8554688
19,1,50,6,44,-1,0,0.72696,0.55017,0,1,1,0.78125
19,1,50,6,45,1,1,0.04551,0.86838,1,1,1,0.8398438
19,1,50,6,46,1,0,0.41844,0.17435,1,1,0,0.8789063
19,1,50,6,47,1,1,0.14917,0.59773,1,1,1,1.222656
19,1,50,6,48,-1,0,0.85751,0.54926,0,1,1,0.9804688
19,1,50,6,49,-1,0,0.92522,0.077168,0,1,1,1.371094
19,1,50,6,50,1,1,0.2015,0.98888,0,1,0,1.109375
19,2,60,3,1,-1,0,0.98753,0.077115,1,1,0,0.484375
19,2,60,3,2,0,0,0.56238,0.48014,1,1,0,0.5390625
19,2,60,3,3,0,1,0.42992,0.53489,1,1,1,0.6835938
19,2,60,3,4,-1,0,0.70539,0.026836,0,1,1,0.4726563
19,2,60,3,5,-1,0,0.64932,0.29591,1,1,0,0.3984375
19,2,60,3,6,1,1,0.31243,0.8445,0,1,0,0.53125
19,2,60,3,7,1,1,0.016556,0.12702,1,1,1,0.9804688
19,2,60,3,8,0,1,0.48794,0.51073,0,1,0,1.019531
19,2,60,3,9,0,0,0.4413,0.28426,1,1,0,1.082031
19,2,60,3,10,1,0,0.12597,0.089114,1,1,0,1.070313
19,2,60,3,11,0,0,0.47569,0.11168,0,1,1,0.7421875
19,2,60,3,12,1,0,0.36869,0.13456,1,1,0,0.7421875
19,2,60,3,13,-1,1,0.62884,0.80627,0,1,0,0.5820313
19,2,60,3,14,1,1,0.274,0.29755,1,1,1,0.4609375
19,2,60,3,15,0,0,0.51991,0.13011,1,1,0,0.421875
19,2,60,3,16,0,0,0.43345,0.0033938,1,1,0,0.5195313
19,2,60,3,17,0,0,0.59122,0.45652,1,1,0,1.109375
19,2,60,3,18,-1,1,0.90205,0.9553,0,1,0,0.5546875
19,2,60,3,19,0,1,0.4579,0.75209,1,1,1,1.011719
19,2,60,3,20,0,0,0.5429,0.0046057,1,2,0,0.8125
19,2,60,3,21,1,1,0.11619,0.35489,1,1,1,0.609375
19,2,60,3,22,0,1,0.42454,0.6688,1,1,1,0.421875
19,2,60,3,23,1,1,0.089561,0.4913,0,1,0,0.4804688
19,2,60,3,24,-1,1,0.70384,0.75313,1,1,1,0.9492188
19,2,60,3,25,1,1,0.38706,0.48131,1,1,1,1.414063
19,2,60,3,26,1,0,0.37595,0.2757,1,1,0,0.9609375
19,2,60,3,27,-1,0,0.80014,0.34961,0,1,1,0.7695313
19,2,60,3,28,1,1,0.31674,0.86839,1,1,1,0.78125
19,2,60,3,29,1,1,0.28033,0.49995,1,1,1,0.75
19,2,60,3,30,1,1,0.31647,0.64244,0,1,0,0.8710938
19,2,60,3,31,0,0,0.53758,0.38659,0,1,1,1.152344
19,2,60,3,32,0,1,0.55635,0.65111,1,1,1,1.050781
19,2,60,3,33,1,1,0.068288,0.82557,0,1,0,1.320313
19,2,60,3,34,1,1,0.085196,0.54342,1,1,1,0.6210938
19,2,60,3,35,0,1,0.51706,0.8755,1,1,1,0.609375
19,2,60,3,36,1,1,0.33482,0.95366,1,1,1,3.976563
19,2,60,3,37,1,1,0.05248,0.69061,0,1,0,1.113281
19,2,60,3,38,1,1,0.080958,0.27011,0,1,0,0.7734375
19,2,60,3,39,-1,0,0.78162,0.62538,0,1,1,1.171875
19,2,60,3,40,-1,0,0.89737,0.86683,0,1,1,0.8710938
19,2,60,3,41,-1,1,0.69898,0.82627,0,1,0,1.128906
19,2,60,3,42,1,1,0.33991,0.76506,1,1,1,1.625
19,2,60,3,43,-1,0,0.95692,0.17027,0,2,1,1.183594
19,2,60,3,44,-1,1,0.90488,0.92058,0,1,0,0.890625
19,2,60,3,45,1,0,0.36294,0.28849,1,1,0,0.8125
19,2,60,3,46,1,0,0.25647,0.19794,1,1,0,1.730469
19,2,60,3,47,1,0,0.10278,0.080256,1,1,0,1.363281
19,2,60,3,48,-1,0,0.72761,0.57392,0,1,1,3.035156
19,2,60,3,49,1,1,0.34013,0.48033,1,1,1,1.242188
19,2,60,3,50,-1,1,0.61255,0.89276,1,1,1,1.140625
19,3,70,2,1,1,1,0.013763,0.053957,0,1,0,2.515625
19,3,70,2,2,0,1,0.50588,0.6494,1,1,1,1.625
19,3,70,2,3,0,1,0.50095,0.67805,1,1,1,1.90625
19,3,70,2,4,0,1,0.51002,0.86243,1,1,1,1.082031
19,3,70,2,5,0,1,0.31079,0.68427,0,1,0,1.84375
19,3,70,2,6,1,1,0.15958,0.48243,1,1,1,1.121094
19,3,70,2,7,-1,1,0.72799,0.99065,0,1,0,1.570313
19,3,70,2,8,1,0,0.22743,0.1275,1,1,0,1.632813
19,3,70,2,9,0,0,0.69527,0.42679,0,1,1,0.6796875
19,3,70,2,10,1,0,0.21239,0.014686,0,1,1,1.324219
19,3,70,2,11,1,1,0.14834,0.61766,1,1,1,1.382813
19,3,70,2,12,-1,0,0.88576,0.54377,1,1,0,1.492188
19,3,70,2,13,0,0,0.42985,0.13485,0,2,1,1.683594
19,3,70,2,14,0,1,0.51341,0.98999,1,1,1,1.152344
19,3,70,2,15,-1,1,0.77329,0.83562,0,1,0,1.421875
19,3,70,2,16,-1,1,0.86128,0.87611,0,1,0,1.109375
19,3,70,2,17,1,1,0.22394,0.54135,1,1,1,1.054688
19,3,70,2,18,0,0,0.58706,0.0046079,1,2,0,0.8710938
19,3,70,2,19,0,0,0.62394,0.58476,1,1,0,1.332031
19,3,70,2,20,0,0,0.51861,0.28521,1,1,0,1.070313
19,3,70,2,21,0,1,0.48575,0.66977,1,1,1,0.6523438
19,3,70,2,22,1,0,0.13571,0.030507,1,1,0,1.203125
19,3,70,2,23,-1,0,0.99501,0.71053,0,1,1,1.210938
19,3,70,2,24,1,1,0.13305,0.54856,0,1,0,1.25
19,3,70,2,25,0,1,0.67035,0.82837,0,1,0,0.96875
19,3,70,2,26,0,1,0.39186,0.96424,1,2,1,0.953125
19,3,70,2,27,1,1,0.068882,0.11172,1,2,1,1.167969
19,3,70,2,28,0,1,0.34069,0.54789,1,1,1,1.089844
19,3,70,2,29,-1,0,0.97382,0.017834,1,1,0,1.230469
19,3,70,2,30,0,0,0.64474,0.52452,0,1,1,0.359375
19,3,70,2,31,1,0,0.12387,0.0018584,1,1,0,0.546875
19,3,70,2,32,0,0,0.58168,0.33163,1,1,0,0.4609375
19,3,70,2,33,0,1,0.34151,0.63391,0,1,0,0.6015625
19,3,70,2,34,-1,1,0.86961,0.92622,0,2,0,0.6210938
19,3,70,2,35,1,1,0.20815,0.75679,0,1,0,0.7109375
19,3,70,2,36,1,1,0.041755,0.24195,1,1,1,0.3828125
19,3,70,2,37,0,0,0.32085,0.12007,1,2,0,0.4101563
19,3,70,2,38,1,1,0.23814,0.72874,0,1,0,0.5703125
19,3,70,2,39,0,1,0.33133,0.60545,0,1,0,0.4101563
19,3,70,2,40,0,0,0.3884,0.014899,0,2,1,0.7304688
19,3,70,2,41,0,0,0.42318,0.077023,0,1,1,0.4609375
19,3,70,2,42,1,1,0.15243,0.70683,1,1,1,0.9492188
19,3,70,2,43,1,0,0.099562,0.045868,1,1,0,0.6796875
19,3,70,2,44,1,1,0.048975,0.52004,1,1,1,0.75
19,3,70,2,45,0,0,0.68578,0.24071,1,2,0,1.304688
19,3,70,2,46,0,1,0.30961,0.60181,0,2,0,0.8203125
19,3,70,2,47,-1,1,0.71406,0.82892,0,1,0,0.46875
19,3,70,2,48,1,1,0.23694,0.84186,1,1,1,0.53125
19,3,70,2,49,0,1,0.47598,0.69131,1,1,1,0.4609375
19,3,70,2,50,1,1,0.29564,0.94425,1,1,1,0.53125
19,4,80,1,1,-1,0,0.9143,0.58974,0,1,1,26.85938
19,4,80,1,2,0,0,0.78566,0.51469,1,2,0,7.894531
19,4,80,1,3,0,1,0.22432,0.78023,0,2,0,3.195313
19,4,80,1,4,1,1,0.065767,0.7819,0,3,0,4.226563
19,4,80,1,5,1,1,0.15315,0.52883,1,3,1,1.882813
19,4,80,1,6,0,0,0.79951,0.77642,0,2,1,3.855469
19,4,80,1,7,-1,0,0.86948,0.12062,0,2,1,2.945313
19,4,80,1,8,1,1,0.10375,0.10473,1,3,1,1.996094
19,4,80,1,9,-1,0,0.81327,0.14189,0,2,1,2.113281
19,4,80,1,10,1,1,0.14623,0.90363,1,3,1,1.375
19,4,80,1,11,1,1,0.022332,0.10271,1,3,1,1.140625
19,4,80,1,12,0,1,0.75732,0.93697,0,2,0,4.015625
19,4,80,1,13,0,1,0.20542,0.95052,0,2,0,2.3125
19,4,80,1,14,1,0,0.13232,0.033145,1,3,0,1.402344
19,4,80,1,15,1,1,0.14861,0.72825,1,2,1,1.441406
19,4,80,1,16,0,1,0.31592,0.59046,1,1,1,5.148438
19,4,80,1,17,0,0,0.28755,0.24662,1,1,0,2.152344
19,4,80,1,18,0,0,0.30124,0.14552,1,1,0,2.316406
19,4,80,1,19,-1,0,0.95292,0.34146,0,2,1,2.84375
19,4,80,1,20,-1,0,0.97579,0.7498,0,2,1,1.414063
19,4,80,1,21,-1,0,0.81515,0.46415,0,2,1,1.441406
19,4,80,1,22,0,0,0.55676,0.10965,0,1,1,6.265625
19,4,80,1,23,0,0,0.77136,0.29827,0,2,1,2.625
19,4,80,1,24,0,0,0.45676,0.072263,0,2,1,1.808594
19,4,80,1,25,1,1,0.1925,0.9618,1,2,1,1.660156
19,4,80,1,26,1,1,0.097098,0.48079,1,2,1,1.007813
19,4,80,1,27,0,1,0.20328,0.265,0,2,0,4.023438
19,4,80,1,28,0,1,0.40088,0.75158,1,1,1,2.914063
19,4,80,1,29,0,0,0.68524,0.6556,1,1,0,1.785156
19,4,80,1,30,0,1,0.37506,0.98733,1,1,1,1.742188
19,4,80,1,31,1,1,0.079438,0.36249,1,1,1,2.074219
19,4,80,1,32,1,1,0.0082237,0.11321,1,2,1,1.152344
19,4,80,1,33,0,0,0.52769,0.041456,0,1,1,2.304688
19,4,80,1,34,0,0,0.78625,0.23033,0,1,1,2.585938
19,4,80,1,35,0,1,0.59924,0.93422,0,1,0,2.664063
19,4,80,1,36,0,0,0.64964,0.55154,1,1,0,1.824219
19,4,80,1,37,1,1,0.027123,0.90463,1,1,1,1.453125
19,4,80,1,38,-1,0,0.89069,0.81626,0,2,1,1.613281
19,4,80,1,39,0,0,0.79026,0.47574,0,1,1,4.617188
19,4,80,1,40,0,1,0.26111,0.9723,0,1,0,2.441406
19,4,80,1,41,0,0,0.27236,0.048936,0,2,1,1.832031
19,4,80,1,42,0,0,0.6516,0.49458,0,1,1,2.34375
19,4,80,1,43,1,1,0.043558,0.58432,1,1,1,1.5625
19,4,80,1,44,0,0,0.42993,0.11725,1,1,0,2.835938
19,4,80,1,45,0,0,0.48863,0.46209,1,1,0,3.605469
19,4,80,1,46,-1,0,0.99136,0.74507,0,2,1,1.390625
19,4,80,1,47,0,1,0.41184,0.8868,0,1,0,1.804688
19,4,80,1,48,0,0,0.66088,0.34718,1,1,0,1.863281
19,4,80,1,49,-1,0,0.83341,0.63107,0,2,1,1.285156
19,4,80,1,50,0,0,0.27439,0.031797,1,1,0,2.5625
19,5,90,4,1,0,1,0.17402,0.84719,0,1,0,1.523438
19,5,90,4,2,0,1,0.70124,0.74163,1,4,1,0.8632813
19,5,90,4,3,0,1,0.516,0.59502,1,1,1,0.9492188
19,5,90,4,4,0,0,0.62491,0.5924,1,1,0,0.9726563
19,5,90,4,5,0,0,0.83558,0.15235,1,1,0,0.6992188
19,5,90,4,6,0,0,0.63108,0.082202,0,1,1,0.6640625
19,5,90,4,7,0,0,0.74409,0.43247,0,1,1,1.082031
19,5,90,4,8,0,0,0.87327,0.82408,0,1,1,2.472656
19,5,90,4,9,0,1,0.47069,0.96023,0,1,0,1.289063
19,5,90,4,10,0,1,0.5361,0.77451,1,1,1,0.8515625
19,5,90,4,11,0,0,0.87803,0.77103,1,1,0,0.9453125
19,5,90,4,12,0,1,0.71595,0.8929,1,1,1,1.011719
19,5,90,4,13,0,0,0.55935,0.4005,1,1,0,1.089844
19,5,90,4,14,0,1,0.58735,0.85277,1,1,1,0.8007813
19,5,90,4,15,0,0,0.58672,0.48278,0,1,1,0.4609375
19,5,90,4,16,1,1,0.05947,0.12439,0,1,0,0.671875
19,5,90,4,17,0,1,0.56433,0.66895,0,1,0,1.492188
19,5,90,4,18,0,0,0.52375,0.047491,1,1,0,0.8789063
19,5,90,4,19,0,0,0.64776,0.5925,0,1,1,0.9804688
19,5,90,4,20,0,1,0.37913,0.94082,0,1,0,1.039063
19,5,90,4,21,0,1,0.14343,0.69311,1,1,1,0.7109375
19,5,90,4,22,1,1,0.057633,0.28127,0,1,0,0.7421875
19,5,90,4,23,0,0,0.72133,0.44048,1,1,0,0.4492188
19,5,90,4,24,0,1,0.30627,0.57079,0,1,0,0.7109375
19,5,90,4,25,1,0,0.070268,0.057088,0,1,1,0.5195313
19,5,90,4,26,0,0,0.51552,0.36053,1,1,0,0.8828125
19,5,90,4,27,0,1,0.42306,0.62211,0,1,0,1.230469
19,5,90,4,28,0,0,0.36429,0.2989,1,1,0,0.8398438
19,5,90,4,29,0,1,0.17397,0.75627,1,1,1,0.828125
19,5,90,4,30,0,0,0.19242,0.098743,0,1,1,1.011719
19,5,90,4,31,0,1,0.68886,0.7427,0,1,0,1.082031
19,5,90,4,32,0,0,0.68938,0.20154,0,1,1,0.9921875
19,5,90,4,33,0,1,0.26404,0.97824,0,1,0,0.8828125
19,5,90,4,34,0,0,0.48371,0.2696,1,1,0,0.8085938
19,5,90,4,35,0,1,0.15801,0.26903,0,1,0,0.8242188
19,5,90,4,36,0,0,0.43336,0.3512,1,1,0,1.070313
19,5,90,4,37,0,0,0.36956,0.19272,0,1,1,1.3125
19,5,90,4,38,0,0,0.30149,0.15088,1,1,0,1.519531
19,5,90,4,39,0,0,0.77666,0.43103,0,1,1,1.050781
19,5,90,4,40,0,1,0.76678,0.98367,1,1,1,0.8398438
19,5,90,4,41,0,1,0.81743,0.87236,0,1,0,0.96875
19,5,90,4,42,1,1,0.019285,0.66939,1,1,1,0.609375
19,5,90,4,43,0,0,0.6088,0.23268,0,1,1,0.9414063
19,5,90,4,44,-1,0,0.97823,0.083563,0,1,1,0.9023438
19,5,90,4,45,0,0,0.401,0.23733,0,1,1,1.109375
19,5,90,4,46,0,1,0.6101,0.62259,0,1,0,1.351563
19,5,90,4,47,0,1,0.38017,0.49989,1,1,1,1.023438
19,5,90,4,48,0,1,0.25853,0.8746,0,1,0,0.8515625
19,5,90,4,49,0,0,0.54221,0.0096352,0,1,1,1.292969
19,5,90,4,50,0,0,0.89064,0.19468,1,1,0,0.8203125
19,6,100,5,1,0,1,0.40296,0.44994,0,1,0,0.984375
19,6,100,5,2,0,1,0.28537,0.94827,1,1,1,0.6601563
19,6,100,5,3,0,1,0.046858,0.13164,1,1,1,0.4492188
19,6,100,5,4,0,1,0.22749,0.32904,0,1,0,0.8085938
19,6,100,5,5,0,1,0.017703,0.14949,1,1,1,0.5039063
19,6,100,5,6,0,0,0.59102,0.39396,0,1,1,0.5820313
19,6,100,5,7,0,1,0.29168,0.45244,1,1,1,0.6601563
19,6,100,5,8,0,0,0.57908,0.5207,1,1,0,0.3984375
19,6,100,5,9,0,1,0.88142,0.89675,0,1,0,0.3789063
19,6,100,5,10,0,0,0.83986,0.48211,1,1,0,0.3828125
19,6,100,5,11,0,0,0.86321,0.020775,0,1,1,0.7421875
19,6,100,5,12,0,0,0.28571,0.14797,0,1,1,0.3828125
19,6,100,5,13,0,1,0.24634,0.97819,1,1,1,0.921875
19,6,100,5,14,0,0,0.26844,0.18925,0,1,1,1.441406
19,6,100,5,15,0,1,0.51898,0.69751,0,1,0,1.183594
19,6,100,5,16,0,0,0.88586,0.69064,1,1,0,0.578125
19,6,100,5,17,0,0,0.86595,0.33147,0,1,1,1.121094
19,6,100,5,18,0,0,0.66875,0.027339,1,1,0,0.8632813
19,6,100,5,19,0,0,0.97887,0.40288,0,1,1,1.042969
19,6,100,5,20,0,0,0.84917,0.38836,0,3,1,0.4296875
19,6,100,5,21,0,1,0.78469,0.90344,1,1,1,0.8125
19,6,100,5,22,0,0,0.79682,0.43056,0,1,1,0.8320313
19,6,100,5,23,0,0,0.99733,0.10941,0,1,1,0.6015625
19,6,100,5,24,0,0,0.06432,0.032048,1,1,0,0.6523438
19,6,100,5,25,0,0,0.68105,0.20335,1,1,0,0.5234375
19,6,100,5,26,0,0,0.89427,0.027357,1,1,0,0.9101563
19,6,100,5,27,0,0,0.89232,0.18967,0,1,1,1.34375
19,6,100,5,28,0,0,0.61573,0.48473,1,1,0,0.5117188
19,6,100,5,29,0,1,0.92191,0.93553,0,1,0,0.4375
19,6,100,5,30,0,1,0.23317,0.52677,1,1,1,0.6210938
19,6,100,5,31,0,1,0.72012,0.96973,1,1,1,1.042969
19,6,100,5,32,0,1,0.76095,0.78804,0,1,0,0.8710938
19,6,100,5,33,0,0,0.99417,0.72538,1,2,0,0.5390625
19,6,100,5,34,0,0,0.84455,0.18699,0,1,1,0.4414063
19,6,100,5,35,0,1,0.74438,0.85498,0,1,0,0.7109375
19,6,100,5,36,0,1,0.098591,0.94527,0,1,0,0.5898438
19,6,100,5,37,0,0,0.38388,0.020447,1,1,0,1.179688
19,6,100,5,38,0,0,0.18002,0.018853,0,1,1,0.8632813
19,6,100,5,39,0,0,0.10469,0.10206,0,1,1,0.9921875
19,6,100,5,40,0,1,0.24429,0.51202,0,1,0,0.9101563
19,6,100,5,41,0,0,0.82547,0.82307,1,1,0,0.6914063
19,6,100,5,42,0,0,0.76829,0.42714,1,1,0,1.191406
19,6,100,5,43,0,0,0.24675,0.11884,0,1,1,0.8515625
19,6,100,5,44,0,0,0.65778,0.22856,0,1,1,0.3828125
19,6,100,5,45,0,0,0.51435,0.053455,0,1,1,0.921875
19,6,100,5,46,0,0,0.44698,0.44256,0,1,1,1.03125
19,6,100,5,47,0,0,0.75245,0.0033625,1,1,0,0.9921875
19,6,100,5,48,0,0,0.46951,0.46503,1,1,0,0.7578125
19,6,100,5,49,0,1,0.5615,0.88712,1,1,1,1.183594
19,6,100,5,50,0,0,0.71445,0.2989,0,1,1,1.023438
20,1,50,2,1,-1,0,0.97759,0.94445,0,3,1,1.390625
20,1,50,2,2,1,0,0.026757,0.012205,1,3,0,1.589844
20,1,50,2,3,-1,0,0.96713,0.5677,0,1,1,1.152344
20,1,50,2,4,-1,0,0.98539,0.36301,0,1,1,1.242188
20,1,50,2,5,1,1,0.46044,0.52951,1,1,1,0.96875
20,1,50,2,6,-1,1,0.72037,0.97066,0,4,0,1.113281
20,1,50,2,7,-1,1,0.81932,0.89299,0,3,0,1.070313
20,1,50,2,8,1,0,0.091288,0.019708,1,3,0,1.050781
20,1,50,2,9,1,1,0.16903,0.72274,1,2,1,1.164063
20,1,50,2,10,1,1,0.11482,0.9214,1,3,1,1.0625
20,1,50,2,11,-1,0,0.58122,0.46445,0,3,1,1.019531
20,1,50,2,12,-1,0,0.7573,0.71018,0,3,1,1.300781
20,1,50,2,13,-1,0,0.86739,0.76352,0,3,1,1.210938
20,1,50,2,14,1,0,0.020314,0.015886,1,3,0,1.121094
20,1,50,2,15,-1,1,0.58618,0.94158,0,3,0,0.9804688
20,1,50,2,16,-1,0,0.6553,0.22579,0,4,1,1.25
20,1,50,2,17,1,1,0.46325,0.80694,1,4,1,1.0625
20,1,50,2,18,-1,0,0.90557,0.062951,0,3,1,1.304688
20,1,50,2,19,1,1,0.32425,0.52985,1,4,1,1.050781
20,1,50,2,20,-1,0,0.86236,0.29802,0,4,1,1.210938
20,1,50,2,21,1,1,0.13973,0.25343,1,4,1,0.8828125
20,1,50,2,22,1,1,0.2314,0.45885,1,4,1,2.03125
20,1,50,2,23,1,0,0.074965,0.024737,1,4,0,1.34375
20,1,50,2,24,1,0,0.25178,0.22656,1,3,0,1.074219
20,1,50,2,25,-1,0,0.99117,0.61749,0,3,1,1.484375
20,1,50,2,26,-1,1,0.57884,0.97317,0,3,0,1.351563
20,1,50,2,27,-1,1,0.61412,0.82831,0,3,0,1.171875
20,1,50,2,28,-1,1,0.5582,0.57735,0,2,0,1.191406
20,1,50,2,29,1,1,0.17238,0.43933,1,2,1,1.152344
20,1,50,2,30,-1,0,0.92418,0.67337,0,2,1,1.144531
20,1,50,2,31,-1,0,0.64331,0.40913,0,3,1,1.300781
20,1,50,2,32,-1,0,0.63444,0.25793,0,3,1,1.164063
20,1,50,2,33,-1,0,0.73875,0.48081,0,3,1,1.050781
20,1,50,2,34,-1,1,0.89455,0.97354,0,3,0,0.8945313
20,1,50,2,35,1,0,0.29305,0.15134,1,3,0,1.183594
20,1,50,2,36,-1,0,0.84489,0.30463,0,3,1,1.03125
20,1,50,2,37,-1,0,0.8678,0.63062,0,3,1,1.03125
20,1,50,2,38,-1,0,0.9657,0.1327,0,3,1,1.359375
20,1,50,2,39,-1,0,0.82817,0.0087139,0,3,1,1.210938
20,1,50,2,40,1,1,0.29866,0.38161,1,3,1,1.144531
20,1,50,2,41,1,1,0.40409,0.5912,1,3,1,1.210938
20,1,50,2,42,-1,0,0.67641,0.62878,0,3,1,1.0
20,1,50,2,43,-1,0,0.91936,0.57645,0,3,1,1.203125
20,1,50,2,44,-1,0,0.9343,0.44097,0,3,1,0.9726563
20,1,50,2,45,1,1,0.17667,0.98561,0,3,0,1.070313
20,1,50,2,46,1,1,0.31839,0.85887,1,3,1,0.9414063
20,1,50,2,47,-1,0,0.80185,0.76289,0,3,1,0.8242188
20,1,50,2,48,-1,0,0.67848,0.43587,0,3,1,0.9296875
20,1,50,2,49,1,1,0.1167,0.55255,1,3,1,1.164063
20,1,50,2,50,-1,0,0.94498,0.29743,0,3,1,1.050781
20,2,60,3,1,1,1,0.3662,0.75568,1,3,1,1.652344
20,2,60,3,2,1,1,0.10215,0.80583,1,3,1,1.101563
20,2,60,3,3,0,0,0.55034,0.21302,0,3,1,1.703125
20,2,60,3,4,1,1,0.20474,0.49357,1,3,1,1.140625
20,2,60,3,5,-1,0,0.79995,0.26686,0,3,1,1.242188
20,2,60,3,6,-1,1,0.73328,0.93671,0,4,0,1.441406
20,2,60,3,7,1,1,0.058435,0.32356,1,3,1,1.011719
20,2,60,3,8,0,0,0.50677,0.13746,0,3,1,1.8125
20,2,60,3,9,-1,0,0.82667,0.43653,0,3,1,1.28125
20,2,60,3,10,0,0,0.47341,0.2554,0,1,1,1.628906
20,2,60,3,11,0,0,0.56598,0.010604,0,1,1,1.542969
20,2,60,3,12,0,1,0.57516,0.98503,0,1,0,1.101563
20,2,60,3,13,-1,0,0.74181,0.22903,0,3,1,1.382813
20,2,60,3,14,-1,0,0.63679,0.29317,0,3,1,1.359375
20,2,60,3,15,1,1,0.06497,0.238,1,3,1,1.214844
20,2,60,3,16,-1,0,0.97148,0.72464,0,4,1,1.210938
20,2,60,3,17,1,1,0.33943,0.44497,1,4,1,1.0625
20,2,60,3,18,1,0,0.34977,0.055754,1,4,0,1.339844
20,2,60,3,19,0,1,0.5727,0.99417,0,1,0,1.152344
20,2,60,3,20,-1,0,0.85708,0.40768,0,3,1,1.28125
20,2,60,3,21,1,1,0.1613,0.41661,1,3,1,1.332031
20,2,60,3,22,0,0,0.44973,0.10095,0,1,1,1.421875
20,2,60,3,23,-1,0,0.76659,0.31966,0,3,1,1.3125
20,2,60,3,24,1,1,0.39652,0.61633,1,3,1,1.070313
20,2,60,3,25,1,1,0.35922,0.83688,1,4,1,1.296875
20,2,60,3,26,-1,0,0.82284,0.73898,0,4,1,1.261719
20,2,60,3,27,-1,0,0.94407,0.2718,0,4,1,1.332031
20,2,60,3,28,-1,0,0.63676,0.033936,0,4,1,1.191406
20,2,60,3,29,1,1,0.036983,0.58429,1,4,1,1.179688
20,2,60,3,30,1,1,0.33005,0.58239,1,4,1,1.058594
20,2,60,3,31,-1,0,0.78257,0.5249,0,4,1,1.113281
20,2,60,3,32,-1,0,0.65978,0.49296,0,4,1,1.320313
20,2,60,3,33,0,1,0.43773,0.76335,0,1,0,1.445313
20,2,60,3,34,-1,0,0.96359,0.78096,0,4,1,1.125
20,2,60,3,35,-1,1,0.67871,0.87572,0,4,0,1.121094
20,2,60,3,36,1,0,0.23273,0.018662,1,4,0,1.074219
20,2,60,3,37,1,1,0.32927,0.93508,1,4,1,1.082031
20,2,60,3,38,-1,0,0.94852,0.52443,0,4,1,1.0625
20,2,60,3,39,-1,0,0.6434,0.41912,0,4,1,1.121094
20,2,60,3,40,1,1,0.18122,0.66181,1,4,1,1.3125
20,2,60,3,41,1,0,0.30196,0.11119,1,4,0,1.164063
20,2,60,3,42,-1,0,0.82291,0.63745,0,4,1,1.371094
20,2,60,3,43,0,1,0.44191,0.97604,0,1,0,1.332031
20,2,60,3,44,-1,0,0.89861,0.48121,0,4,1,1.191406
20,2,60,3,45,-1,1,0.61677,0.95898,0,4,0,1.121094
20,2,60,3,46,0,1,0.59598,0.62934,0,1,0,1.160156
20,2,60,3,47,-1,0,0.9177,0.12444,0,4,1,1.242188
20,2,60,3,48,-1,0,0.64103,0.064596,0,4,1,1.097656
20,2,60,3,49,0,0,0.59868,0.37151,0,1,1,1.742188
20,2,60,3,50,1,1,0.0058708,0.65812,1,4,1,1.472656
20,3,70,6,1,0,1,0.64064,0.78962,0,1,0,1.332031
20,3,70,6,2,0,1,0.58266,0.73734,0,1,0,1.273438
20,3,70,6,3,-1,0,0.98859,0.77621,0,1,1,1.371094
20,3,70,6,4,0,0,0.46232,0.20978,0,1,1,0.9609375
20,3,70,6,5,1,1,0.25928,0.81976,1,2,1,1.039063
20,3,70,6,6,1,1,0.15238,0.42769,1,2,1,1.101563
20,3,70,6,7,0,1,0.59948,0.88716,0,1,0,1.613281
20,3,70,6,8,1,1,0.046392,0.79751,1,3,1,1.0625
20,3,70,6,9,1,1,0.11412,0.25157,1,4,1,0.9453125
20,3,70,6,10,0,0,0.46408,0.027881,0,1,1,1.332031
20,3,70,6,11,1,1,0.015954,0.82726,1,4,1,1.054688
20,3,70,6,12,0,1,0.51217,0.51318,0,1,0,1.441406
20,3,70,6,13,0,1,0.48581,0.50069,0,1,0,1.074219
20,3,70,6,14,1,1,0.28567,0.49049,1,5,1,1.390625
20,3,70,6,15,-1,0,0.89148,0.53264,0,5,1,1.042969
20,3,70,6,16,-1,1,0.75521,0.83802,0,5,0,1.121094
20,3,70,6,17,1,1,0.24682,0.25499,1,4,1,1.144531
20,3,70,6,18,1,0,0.24053,0.095361,1,5,0,1.25
20,3,70,6,19,1,1,0.11176,0.21935,1,5,1,1.324219
20,3,70,6,20,-1,0,0.89759,0.31025,0,5,1,0.984375
20,3,70,6,21,0,0,0.60132,0.52393,0,1,1,1.351563
20,3,70,6,22,0,0,0.46801,0.40371,0,1,1,1.582031
20,3,70,6,23,-1,0,0.7772,0.53462,0,4,1,1.140625
20,3,70,6,24,0,1,0.6248,0.73987,0,1,0,1.332031
20,3,70,6,25,0,1,0.50876,0.81113,0,1,0,1.351563
20,3,70,6,26,0,1,0.42323,0.90129,0,1,0,1.082031
20,3,70,6,27,0,0,0.68964,0.1887,0,1,1,1.171875
20,3,70,6,28,1,1,0.11483,0.61375,1,4,1,1.089844
20,3,70,6,29,1,1,0.23464,0.32105,1,4,1,1.171875
20,3,70,6,30,-1,0,0.97571,0.6002,0,4,1,1.222656
20,3,70,6,31,0,1,0.31788,0.97685,0,1,0,1.152344
20,3,70,6,32,-1,1,0.78051,0.94579,0,4,0,1.421875
20,3,70,6,33,0,0,0.31917,0.25257,0,1,1,1.101563
20,3,70,6,34,0,0,0.40302,0.3922,0,1,1,1.273438
20,3,70,6,35,-1,1,0.82088,0.92331,0,4,0,1.109375
20,3,70,6,36,0,0,0.57523,0.18576,0,1,1,1.222656
20,3,70,6,37,1,0,0.26054,0.12006,1,4,0,1.140625
20,3,70,6,38,1,1,0.0077595,0.2197,1,4,1,1.082031
20,3,70,6,39,0,1,0.35544,0.38848,0,1,0,1.304688
20,3,70,6,40,0,0,0.62494,0.16301,0,1,1,1.023438
20,3,70,6,41,1,1,0.0032583,0.96903,1,4,1,1.542969
20,3,70,6,42,0,1,0.55204,0.61426,0,1,0,1.402344
20,3,70,6,43,1,1,0.013462,0.28129,1,4,1,0.9921875
20,3,70,6,44,-1,0,0.9391,0.69997,0,4,1,1.023438
20,3,70,6,45,-1,0,0.77331,0.33858,0,4,1,1.238281
20,3,70,6,46,-1,0,0.85698,0.67759,0,4,1,0.9101563
20,3,70,6,47,1,1,0.088058,0.43371,1,4,1,1.039063
20,3,70,6,48,0,1,0.43005,0.66002,0,1,0,1.210938
20,3,70,6,49,0,1,0.30115,0.95074,0,1,0,1.464844
20,3,70,6,50,-1,0,0.98098,0.87432,0,4,1,1.222656
20,4,80,4,1,1,1,0.13943,0.74778,1,1,1,1.332031
20,4,80,4,2,-1,0,0.89333,0.31245,0,1,1,1.105469
20,4,80,4,3,0,0,0.7772,0.23021,0,1,1,1.273438
20,4,80,4,4,-1,0,0.91248,0.78952,0,2,1,1.261719
20,4,80,4,5,0,0,0.28943,0.0246,0,1,1,1.203125
20,4,80,4,6,0,0,0.62233,0.050719,0,1,1,1.179688
20,4,80,4,7,0,0,0.53851,0.45951,0,1,1,1.113281
20,4,80,4,8,-1,0,0.88413,0.41767,0,3,1,1.402344
20,4,80,4,9,0,1,0.61138,0.82608,0,1,0,1.324219
20,4,80,4,10,0,0,0.68318,0.041653,0,1,1,1.300781
20,4,80,4,11,0,1,0.25526,0.45323,0,1,0,0.9804688
20,4,80,4,12,0,0,0.40809,0.0084386,0,1,1,0.9414063
20,4,80,4,13,-1,0,0.99483,0.57759,0,3,1,1.242188
20,4,80,4,14,-1,0,0.94406,0.0056042,0,4,1,1.0625
20,4,80,4,15,-1,1,0.87921,0.98964,0,4,0,1.273438
20,4,80,4,16,1,1,0.17114,0.41608,1,4,1,1.152344
20,4,80,4,17,1,1,0.0096218,0.81551,1,4,1,1.144531
20,4,80,4,18,0,1,0.27812,0.47691,0,1,0,1.441406
20,4,80,4,19,1,1,0.18507,0.69418,1,4,1,1.050781
20,4,80,4,20,-1,1,0.81936,0.83608,0,4,0,0.8203125
20,4,80,4,21,-1,1,0.88315,0.90775,0,4,0,1.210938
20,4,80,4,22,0,0,0.6431,0.11185,0,1,1,2.164063
20,4,80,4,23,1,1,0.045367,0.86973,1,4,1,1.332031
20,4,80,4,24,0,0,0.48069,0.035957,0,1,1,1.371094
20,4,80,4,25,0,1,0.27599,0.9877,0,1,0,1.363281
20,4,80,4,26,-1,0,0.94145,0.67311,0,4,1,1.011719
20,4,80,4,27,-1,0,0.91208,0.58767,0,4,1,0.9609375
20,4,80,4,28,0,0,0.76908,0.52716,0,1,1,1.101563
20,4,80,4,29,0,1,0.31255,0.46136,0,1,0,2.0
20,4,80,4,30,0,1,0.20554,0.7474,0,1,0,2.210938
20,4,80,4,31,0,0,0.46648,0.043941,0,1,1,1.109375
20,4,80,4,32,0,1,0.53758,0.72944,0,1,0,1.171875
20,4,80,4,33,0,1,0.5918,0.87505,0,1,0,0.9609375
20,4,80,4,34,1,1,0.020063,0.18454,1,4,1,1.03125
20,4,80,4,35,-1,0,0.97979,0.12246,0,4,1,1.03125
20,4,80,4,36,1,1,0.067155,0.30075,1,4,1,1.042969
20,4,80,4,37,0,0,0.488,0.24858,0,1,1,1.359375
20,4,80,4,38,0,1,0.45172,0.92968,0,1,0,1.304688
20,4,80,4,39,0,1,0.32228,0.82062,0,1,0,1.253906
20,4,80,4,40,0,0,0.41519,0.38351,0,1,1,1.0625
20,4,80,4,41,1,1,0.15232,0.17947,1,4,1,1.140625
20,4,80,4,42,0,0,0.75585,0.6396,0,1,1,1.375
20,4,80,4,43,1,1,0.044802,0.72876,1,4,1,1.535156
20,4,80,4,44,0,0,0.61799,0.16021,0,1,1,1.0625
20,4,80,4,45,0,1,0.51838,0.97211,0,1,0,1.394531
20,4,80,4,46,0,0,0.78182,0.55144,0,1,1,1.640625
20,4,80,4,47,0,1,0.38811,0.61074,0,1,0,1.660156
20,4,80,4,48,-1,0,0.99591,0.59284,0,4,1,1.261719
20,4,80,4,49,0,0,0.22122,0.14246,0,1,1,1.070313
20,4,80,4,50,-1,0,0.8166,0.49285,0,4,1,1.101563
20,5,90,5,1,1,1,0.014756,0.28305,1,1,1,1.121094
20,5,90,5,2,0,0,0.76388,0.72432,0,1,1,1.3125
20,5,90,5,3,0,1,0.61035,0.89407,0,1,0,1.269531
20,5,90,5,4,0,0,0.66555,0.1517,0,1,1,1.363281
20,5,90,5,5,0,0,0.6951,0.11797,0,1,1,1.242188
20,5,90,5,6,-1,0,0.98978,0.21662,0,3,1,1.179688
20,5,90,5,7,0,1,0.19015,0.38785,0,1,0,1.140625
20,5,90,5,8,0,0,0.61557,0.55121,0,1,1,1.671875
20,5,90,5,9,0,1,0.8473,0.91093,0,1,0,1.472656
20,5,90,5,10,0,1,0.1333,0.73027,0,1,0,1.042969
20,5,90,5,11,0,1,0.23849,0.92163,0,1,0,1.042969
20,5,90,5,12,0,1,0.19571,0.56206,0,1,0,0.9921875
20,5,90,5,13,0,0,0.86675,0.19301,0,1,1,1.011719
20,5,90,5,14,1,1,0.04078,0.7926,1,4,1,1.140625
20,5,90,5,15,0,1,0.48791,0.95641,0,1,0,1.144531
20,5,90,5,16,0,1,0.13597,0.28938,0,1,0,1.25
20,5,90,5,17,0,0,0.3338,0.0077786,0,1,1,0.9023438
20,5,90,5,18,1,1,0.092924,0.31503,1,4,1,1.34375
20,5,90,5,19,0,0,0.73791,0.43506,0,1,1,1.203125
20,5,90,5,20,0,0,0.2457,0.13506,0,1,1,0.9804688
20,5,90,5,21,-1,0,0.97859,0.84417,0,4,1,1.351563
20,5,90,5,22,0,0,0.24522,0.013061,0,1,1,1.539063
20,5,90,5,23,0,1,0.16511,0.50547,0,1,0,1.519531
20,5,90,5,24,0,1,0.50929,0.78082,0,1,0,1.703125
20,5,90,5,25,0,0,0.67812,0.4741,0,1,1,0.9335938
20,5,90,5,26,0,0,0.44432,0.056158,0,1,1,0.9179688
20,5,90,5,27,0,0,0.81498,0.45899,0,1,1,1.082031
20,5,90,5,28,1,1,0.054031,0.92632,1,4,1,1.082031
20,5,90,5,29,0,0,0.81728,0.34454,0,1,1,1.722656
20,5,90,5,30,0,0,0.36449,0.31661,0,1,1,1.472656
20,5,90,5,31,0,1,0.23228,0.95938,0,1,0,0.9296875
20,5,90,5,32,-1,0,0.91922,0.37975,0,4,1,1.179688
20,5,90,5,33,0,1,0.11451,0.1741,0,1,0,1.414063
20,5,90,5,34,0,1,0.11065,0.62505,0,1,0,1.152344
20,5,90,5,35,0,1,0.39943,0.68347,0,1,0,1.050781
20,5,90,5,36,0,1,0.33145,0.42573,0,1,0,0.9140625
20,5,90,5,37,0,0,0.43154,0.25713,0,1,1,1.503906
20,5,90,5,38,0,1,0.33169,0.84275,0,1,0,1.0625
20,5,90,5,39,1,1,0.02637,0.39893,1,4,1,1.132813
20,5,90,5,40,0,0,0.86734,0.34082,0,1,1,1.535156
20,5,90,5,41,0,1,0.30917,0.89871,0,1,0,1.414063
20,5,90,5,42,0,0,0.16264,0.08839,0,1,1,2.664063
20,5,90,5,43,-1,0,0.96458,0.8264,0,4,1,1.171875
20,5,90,5,44,0,1,0.69992,0.94388,0,1,0,1.171875
20,5,90,5,45,0,0,0.36449,0.0081208,0,1,1,1.320313
20,5,90,5,46,1,1,0.033592,0.93817,1,4,1,1.128906
20,5,90,5,47,0,0,0.47198,0.077784,0,1,1,1.101563
20,5,90,5,48,0,0,0.49954,0.3456,0,1,1,1.34375
20,5,90,5,49,0,1,0.39868,0.69059,0,1,0,1.339844
20,5,90,5,50,0,0,0.69089,0.53107,0,1,1,1.484375
20,6,100,1,1,0,0,0.19579,0.15573,0,1,1,2.921875
20,6,100,1,2,0,1,0.73772,0.86974,0,1,0,2.425781
20,6,100,1,3,0,1,0.68543,0.86124,0,1,0,2.914063
20,6,100,1,4,0,1,0.048262,0.98586,0,1,0,1.652344
20,6,100,1,5,0,1,0.048333,0.66278,0,1,0,3.054688
20,6,100,1,6,0,0,0.71323,0.22404,0,1,1,1.703125
20,6,100,1,7,0,1,0.20332,0.4808,0,1,0,1.722656
20,6,100,1,8,0,0,0.29226,0.01791,1,1,0,1.453125
20,6,100,1,9,0,0,0.95192,0.39444,1,1,0,1.234375
20,6,100,1,10,0,0,0.64922,0.0025538,0,1,1,1.511719
20,6,100,1,11,0,1,0.07125,0.27626,0,1,0,1.683594
20,6,100,1,12,0,1,0.38474,0.59769,1,1,1,1.914063
20,6,100,1,13,0,0,0.71335,0.050154,1,1,0,1.101563
20,6,100,1,14,0,0,0.90331,0.60096,0,1,1,1.484375
20,6,100,1,15,0,0,0.67725,0.0095094,0,1,1,1.484375
20,6,100,1,16,0,0,0.76229,0.5279,0,1,1,1.390625
20,6,100,1,17,0,1,0.31322,0.71968,0,1,0,1.210938
20,6,100,1,18,0,0,0.99406,0.79281,1,1,0,0.9414063
20,6,100,1,19,0,0,0.90165,0.63312,0,1,1,1.339844
20,6,100,1,20,0,0,0.38375,0.034236,0,1,1,1.5
20,6,100,1,21,0,1,0.60412,0.92343,0,1,0,1.332031
20,6,100,1,22,0,1,0.36181,0.44362,0,1,0,1.480469
20,6,100,1,23,0,0,0.49743,0.12874,1,1,0,1.242188
20,6,100,1,24,0,1,0.20835,0.71529,0,1,0,1.101563
20,6,100,1,25,0,0,0.62555,0.45903,0,1,1,0.8320313
20,6,100,1,26,0,0,0.27686,0.20282,0,1,1,1.0625
20,6,100,1,27,0,0,0.9962,0.32127,0,1,1,1.132813
20,6,100,1,28,0,1,0.30865,0.98995,0,1,0,1.121094
20,6,100,1,29,0,0,0.84599,0.39213,0,1,1,0.9804688
20,6,100,1,30,0,1,0.58744,0.98411,0,1,0,1.082031
20,6,100,1,31,0,1,0.71689,0.80718,0,1,0,2.324219
20,6,100,1,32,0,1,0.78879,0.92926,0,1,0,1.300781
20,6,100,1,33,0,1,0.32671,0.99521,0,1,0,1.203125
20,6,100,1,34,0,0,0.62185,0.43065,0,1,1,1.09375
20,6,100,1,35,0,1,0.097195,0.40139,0,1,0,1.269531
20,6,100,1,36,0,1,0.13162,0.44861,0,1,0,1.003906
20,6,100,1,37,0,1,0.13682,0.52456,0,1,0,0.9335938
20,6,100,1,38,0,0,0.983,0.93515,0,1,1,1.195313
20,6,100,1,39,0,1,0.16584,0.30745,0,1,0,1.007813
20,6,100,1,40,0,0,0.74388,0.58095,0,1,1,1.089844
20,6,100,1,41,0,1,0.055202,0.72144,0,1,0,0.8203125
20,6,100,1,42,0,0,0.43741,0.362,0,1,1,1.242188
20,6,100,1,43,0,0,0.52509,0.075807,0,1,1,1.183594
20,6,100,1,44,0,1,0.55202,0.76876,0,1,0,0.9101563
20,6,100,1,45,0,1,0.45208,0.97783,0,1,0,0.9296875
20,6,100,1,46,0,0,0.82828,0.28877,0,1,1,1.292969
20,6,100,1,47,0,1,0.68261,0.86279,0,1,0,1.273438
20,6,100,1,48,0,0,0.92511,0.73637,0,1,1,1.460938
20,6,100,1,49,0,0,0.82917,0.57788,0,1,1,1.101563
20,6,100,1,50,0,0,0.63354,0.5009,0,1,1,0.96875
21,1,50,2,1,-1,0,0.73803,0.41907,0,2,1,1.25
21,1,50,2,2,-1,0,0.95489,0.76907,0,2,1,1.242188
21,1,50,2,3,-1,0,0.60263,0.048367,0,2,1,1.179688
21,1,50,2,4,-1,1,0.65212,0.73008,0,2,0,1.164063
21,1,50,2,5,-1,0,0.87454,0.86072,0,2,1,1.300781
21,1,50,2,6,-1,0,0.56432,0.044066,0,2,1,1.230469
21,1,50,2,7,-1,1,0.5403,0.55112,0,2,0,1.203125
21,1,50,2,8,-1,1,0.87539,0.91178,1,2,1,1.039063
21,1,50,2,9,1,0,0.34517,0.022131,1,2,0,1.972656
21,1,50,2,10,1,0,0.1546,0.08311,1,2,0,2.210938
21,1,50,2,11,1,1,0.44064,0.96003,1,2,1,1.28125
21,1,50,2,12,1,1,0.33772,0.47054,1,3,1,1.089844
21,1,50,2,13,1,1,0.22348,0.54277,1,2,1,1.089844
21,1,50,2,14,1,1,0.13425,0.2763,1,1,1,1.121094
21,1,50,2,15,-1,0,0.89956,0.48381,0,2,1,1.453125
21,1,50,2,16,-1,0,0.97763,0.22662,0,3,1,1.292969
21,1,50,2,17,1,0,0.21433,0.027031,0,2,1,1.363281
21,1,50,2,18,-1,0,0.50666,0.011925,0,2,1,1.042969
21,1,50,2,19,-1,0,0.93525,0.57352,1,3,0,1.652344
21,1,50,2,20,1,1,0.38885,0.54702,1,2,1,1.300781
21,1,50,2,21,1,1,0.44573,0.50392,1,2,1,1.050781
21,1,50,2,22,1,1,0.010358,0.011959,1,2,1,1.171875
21,1,50,2,23,1,1,0.30879,0.43534,1,2,1,1.035156
21,1,50,2,24,-1,0,0.80997,0.53443,0,1,1,1.089844
21,1,50,2,25,1,1,0.44771,0.76558,1,1,1,1.042969
21,1,50,2,26,1,1,0.20653,0.46252,1,2,1,1.0
21,1,50,2,27,1,1,0.34273,0.39593,1,2,1,1.191406
21,1,50,2,28,1,1,0.33917,0.62505,1,3,1,1.195313
21,1,50,2,29,-1,1,0.77502,0.93468,0,3,0,1.179688
21,1,50,2,30,1,0,0.23306,0.21705,1,1,0,1.082031
21,1,50,2,31,-1,0,0.97758,0.084384,1,1,0,1.894531
21,1,50,2,32,1,1,0.16277,0.66599,1,1,1,1.308594
21,1,50,2,33,-1,0,0.87099,0.049355,0,1,1,1.011719
21,1,50,2,34,-1,1,0.51183,0.59142,0,3,0,0.9921875
21,1,50,2,35,-1,0,0.86797,0.40073,0,2,1,1.222656
21,1,50,2,36,1,1,0.46747,0.88883,1,1,1,1.050781
21,1,50,2,37,1,1,0.42584,0.92235,0,2,0,0.7421875
21,1,50,2,38,-1,0,0.55491,0.39031,0,2,1,1.292969
21,1,50,2,39,-1,1,0.51028,0.81344,0,3,0,1.160156
21,1,50,2,40,-1,0,0.58065,0.29021,0,1,1,1.339844
21,1,50,2,41,-1,0,0.83975,0.14399,0,3,1,4.707031
21,1,50,2,42,-1,0,0.94972,0.36715,0,2,1,1.28125
21,1,50,2,43,1,1,0.29811,0.75156,1,1,1,1.179688
21,1,50,2,44,-1,1,0.63681,0.64452,0,3,0,1.304688
21,1,50,2,45,1,0,0.4593,0.41198,1,3,0,0.9140625
21,1,50,2,46,1,1,0.46354,0.59076,1,1,1,1.382813
21,1,50,2,47,1,1,0.24792,0.26147,1,3,1,1.222656
21,1,50,2,48,1,1,0.20505,0.44089,1,3,1,1.039063
21,1,50,2,49,-1,1,0.60983,0.97442,0,3,0,1.242188
21,1,50,2,50,-1,0,0.6232,0.28261,1,1,0,0.5390625
21,2,60,1,1,1,1,0.10817,0.57838,1,2,1,4.277344
21,2,60,1,2,-1,1,0.62167,0.88793,0,3,0,1.582031
21,2,60,1,3,0,0,0.58446,0.2066,1,1,0,2.113281
21,2,60,1,4,1,1,0.0981,0.99069,1,3,1,0.9609375
21,2,60,1,5,1,0,0.1027,0.018352,1,4,0,1.144531
21,2,60,1,6,-1,0,0.98858,0.25618,0,4,1,1.375
21,2,60,1,7,1,0,0.17768,0.17237,1,3,0,1.015625
21,2,60,1,8,-1,0,0.68314,0.27508,0,2,1,1.332031
21,2,60,1,9,-1,0,0.76072,0.4355,0,5,1,1.300781
21,2,60,1,10,1,0,0.29875,0.28883,1,2,0,1.113281
21,2,60,1,11,1,1,0.17132,0.34271,1,3,1,1.460938
21,2,60,1,12,-1,0,0.61301,0.39641,0,3,1,1.53125
21,2,60,1,13,-1,0,0.94919,0.72057,0,1,1,1.34375
21,2,60,1,14,-1,0,0.91554,0.59947,0,2,1,1.78125
21,2,60,1,15,-1,0,0.78953,0.59098,0,3,1,1.28125
21,2,60,1,16,1,1,0.39898,0.52161,1,3,1,1.464844
21,2,60,1,17,-1,0,0.97862,0.34748,0,3,1,1.320313
21,2,60,1,18,0,0,0.43569,0.35746,0,3,1,2.085938
21,2,60,1,19,1,0,0.27019,0.19472,1,2,0,0.8476563
21,2,60,1,20,0,0,0.59821,0.49361,1,1,0,2.050781
21,2,60,1,21,1,1,0.38781,0.40072,1,4,1,1.460938
21,2,60,1,22,-1,0,0.70134,0.13959,0,1,1,1.402344
21,2,60,1,23,0,0,0.43651,0.24081,1,4,0,2.503906
21,2,60,1,24,-1,0,0.89701,0.099407,0,5,1,1.042969
21,2,60,1,25,-1,0,0.76252,0.64209,0,2,1,1.382813
21,2,60,1,26,1,1,0.15162,0.32963,1,2,1,1.363281
21,2,60,1,27,0,1,0.48648,0.86952,1,4,1,2.253906
21,2,60,1,28,1,1,0.32907,0.69356,1,2,1,1.191406
21,2,60,1,29,-1,1,0.91435,0.97689,0,2,0,1.0625
21,2,60,1,30,-1,0,0.63693,0.49262,1,2,0,1.492188
21,2,60,1,31,1,1,0.19953,0.36394,1,3,1,1.152344
21,2,60,1,32,-1,0,0.77815,0.43133,0,2,1,1.203125
21,2,60,1,33,-1,0,0.68729,0.064034,0,1,1,1.640625
21,2,60,1,34,1,0,0.3162,0.043687,1,3,0,1.191406
21,2,60,1,35,-1,0,0.87156,0.016678,0,2,1,1.363281
21,2,60,1,36,1,1,0.18223,0.48068,1,3,1,1.3125
21,2,60,1,37,1,1,0.33004,0.60818,1,3,1,1.269531
21,2,60,1,38,1,1,0.083678,0.31253,1,2,1,1.28125
21,2,60,1,39,1,1,0.26482,0.94514,1,3,1,1.34375
21,2,60,1,40,1,0,0.20308,0.046368,1,3,0,1.253906
21,2,60,1,41,1,1,0.16356,0.2561,1,2,1,1.3125
21,2,60,1,42,1,1,0.14624,0.61296,1,3,1,1.703125
21,2,60,1,43,1,1,0.34663,0.5165,1,3,1,0.734375
21,2,60,1,44,1,0,0.38195,0.31274,1,2,0,1.140625
21,2,60,1,45,-1,0,0.97782,0.6598,0,2,1,1.039063
21,2,60,1,46,-1,0,0.98039,0.53038,0,2,1,1.25
21,2,60,1,47,1,0,0.07064,0.029154,1,1,0,0.8710938
21,2,60,1,48,1,1,0.13401,0.89888,1,2,1,1.429688
21,2,60,1,49,-1,0,0.87356,0.43105,1,2,0,1.582031
21,2,60,1,50,-1,0,0.61937,0.26871,0,2,1,1.210938
21,3,70,3,1,-1,0,0.76202,0.094214,1,3,0,1.382813
21,3,70,3,2,1,1,0.29541,0.35302,0,4,0,0.9296875
21,3,70,3,3,0,0,0.48815,0.26289,1,3,0,1.3125
21,3,70,3,4,0,0,0.60597,0.2265,0,3,1,1.429688
21,3,70,3,5,1,1,0.060756,0.64683,1,3,1,1.382813
21,3,70,3,6,1,0,0.22053,0.17476,1,3,0,1.152344
21,3,70,3,7,0,1,0.47218,0.51422,1,3,1,1.339844
21,3,70,3,8,0,0,0.50769,0.39024,0,3,1,0.8710938
21,3,70,3,9,0,1,0.44755,0.71368,0,3,0,1.074219
21,3,70,3,10,-1,0,0.93574,0.65497,1,4,0,2.222656
21,3,70,3,11,-1,0,0.75244,0.51909,1,3,0,0.9335938
21,3,70,3,12,0,1,0.63599,0.86641,0,3,0,0.8789063
21,3,70,3,13,-1,0,0.99464,0.10272,0,3,1,1.214844
21,3,70,3,14,-1,0,0.96807,0.11358,0,3,1,1.160156
21,3,70,3,15,1,1,0.0021782,0.70127,1,3,1,1.070313
21,3,70,3,16,0,1,0.30371,0.40629,0,3,0,1.183594
21,3,70,3,17,1,1,0.13579,0.2733,1,3,1,1.199219
21,3,70,3,18,0,0,0.49472,0.44435,1,3,0,1.21875
21,3,70,3,19,1,0,0.22075,0.1545,0,5,1,1.082031
21,3,70,3,20,-1,0,0.93584,0.067169,0,4,1,1.28125
21,3,70,3,21,1,1,0.0091715,0.70742,0,4,0,1.042969
21,3,70,3,22,1,1,0.237,0.70998,1,3,1,1.121094
21,3,70,3,23,-1,0,0.82426,0.78541,0,2,1,1.3125
21,3,70,3,24,0,0,0.38913,0.30767,1,2,0,1.242188
21,3,70,3,25,0,0,0.64298,0.5853,1,1,0,1.121094
21,3,70,3,26,-1,0,0.91416,0.084154,0,1,1,1.070313
21,3,70,3,27,0,1,0.41865,0.73773,0,2,0,0.8710938
21,3,70,3,28,-1,0,0.80188,0.24313,1,2,0,0.9101563
21,3,70,3,29,0,0,0.42989,0.11555,0,2,1,1.152344
21,3,70,3,30,-1,0,0.7845,0.53217,1,2,0,0.859375
21,3,70,3,31,0,0,0.62307,0.28093,0,1,1,1.292969
21,3,70,3,32,1,1,0.026206,0.11928,1,2,1,1.445313
21,3,70,3,33,0,1,0.68098,0.9644,1,1,1,1.144531
21,3,70,3,34,0,0,0.4461,0.15764,1,1,0,1.601563
21,3,70,3,35,0,1,0.5298,0.88576,0,1,0,1.089844
21,3,70,3,36,0,0,0.61342,0.1266,1,1,0,1.210938
21,3,70,3,37,1,1,0.14626,0.36365,0,1,0,1.101563
21,3,70,3,38,1,1,0.017825,0.47812,1,1,1,1.128906
21,3,70,3,39,0,1,0.45551,0.73254,0,1,0,1.023438
21,3,70,3,40,0,0,0.5977,0.50779,0,1,1,1.109375
21,3,70,3,41,-1,0,0.99632,0.25799,0,1,1,1.363281
21,3,70,3,42,-1,0,0.74198,0.0033294,0,1,1,1.101563
21,3,70,3,43,1,1,0.040179,0.054858,1,1,1,1.191406
21,3,70,3,44,-1,0,0.78035,0.60961,0,1,1,1.21875
21,3,70,3,45,-1,0,0.87414,0.046974,0,1,1,1.230469
21,3,70,3,46,0,1,0.34449,0.66618,1,1,1,1.382813
21,3,70,3,47,1,1,0.019858,0.46345,1,3,1,1.3125
21,3,70,3,48,1,1,0.16415,0.53304,1,1,1,1.082031
21,3,70,3,49,-1,0,0.93884,0.47273,0,2,1,1.453125
21,3,70,3,50,-1,0,0.80835,0.72837,0,2,1,1.664063
21,4,80,4,1,0,1,0.27898,0.31559,1,1,1,0.8789063
21,4,80,4,2,0,1,0.63182,0.95186,0,1,0,1.222656
21,4,80,4,3,-1,0,0.94265,0.5409,1,1,0,0.9492188
21,4,80,4,4,-1,0,0.81108,0.64233,0,1,1,1.300781
21,4,80,4,5,-1,0,0.84724,0.073648,0,1,1,1.03125
21,4,80,4,6,-1,0,0.87751,0.094671,0,1,1,1.089844
21,4,80,4,7,0,1,0.73239,0.79999,0,2,0,1.953125
21,4,80,4,8,0,0,0.46789,0.36198,1,1,0,1.109375
21,4,80,4,9,0,1,0.51579,0.85625,0,3,0,0.9140625
21,4,80,4,10,0,0,0.67386,0.02721,0,2,1,1.09375
21,4,80,4,11,0,0,0.6155,0.60971,1,1,0,1.152344
21,4,80,4,12,0,1,0.5166,0.55085,1,1,1,1.304688
21,4,80,4,13,-1,0,0.87741,0.3854,0,1,1,0.9804688
21,4,80,4,14,0,0,0.61991,0.15319,0,1,1,1.128906
21,4,80,4,15,0,0,0.51634,0.038766,1,1,0,1.210938
21,4,80,4,16,0,1,0.56676,0.73932,1,1,1,1.3125
21,4,80,4,17,1,1,0.052663,0.094063,1,2,1,0.890625
21,4,80,4,18,1,1,0.094209,0.17815,1,2,1,1.441406
21,4,80,4,19,1,1,0.18962,0.22277,1,2,1,1.183594
21,4,80,4,20,-1,0,0.82694,0.46888,0,1,1,1.101563
21,4,80,4,21,0,1,0.28019,0.73518,1,1,1,1.25
21,4,80,4,22,0,0,0.40148,0.039832,0,1,1,1.121094
21,4,80,4,23,0,1,0.68749,0.82059,0,2,0,1.234375
21,4,80,4,24,0,1,0.479,0.66669,0,2,0,1.199219
21,4,80,4,25,0,0,0.28058,0.18068,0,1,1,1.441406
21,4,80,4,26,0,0,0.58261,0.4986,1,1,0,1.441406
21,4,80,4,27,1,0,0.11871,0.10814,1,1,0,1.378906
21,4,80,4,28,1,1,0.1597,0.36104,1,3,1,0.9921875
21,4,80,4,29,0,1,0.25916,0.37635,0,2,0,1.242188
21,4,80,4,30,1,1,0.0034049,0.059695,1,2,1,0.9023438
21,4,80,4,31,1,1,0.055216,0.51154,1,1,1,1.003906
21,4,80,4,32,-1,0,0.85135,0.28767,0,4,1,1.632813
21,4,80,4,33,1,1,0.1392,0.81457,1,1,1,1.191406
21,4,80,4,34,0,1,0.52018,0.98732,0,1,0,1.472656
21,4,80,4,35,-1,0,0.95931,0.28265,0,1,1,1.292969
21,4,80,4,36,1,1,0.13965,0.27969,1,2,1,1.320313
21,4,80,4,37,0,0,0.54573,0.4057,0,1,1,1.394531
21,4,80,4,38,0,0,0.6441,0.30048,1,2,0,1.25
21,4,80,4,39,-1,0,0.81037,0.32723,0,3,1,0.984375
21,4,80,4,40,0,0,0.65657,0.17405,0,2,1,1.089844
21,4,80,4,41,0,1,0.66014,0.95806,0,1,0,1.0625
21,4,80,4,42,-1,0,0.87261,0.85412,0,1,1,0.9492188
21,4,80,4,43,0,1,0.3816,0.85855,0,1,0,1.070313
21,4,80,4,44,0,1,0.42787,0.79273,0,1,0,1.121094
21,4,80,4,45,1,1,0.15209,0.98298,1,2,1,1.0625
21,4,80,4,46,0,1,0.20945,0.58307,1,1,1,1.230469
21,4,80,4,47,-1,0,0.99686,0.67207,0,1,1,1.3125
21,4,80,4,48,0,0,0.77705,0.48949,0,2,1,1.582031
21,4,80,4,49,0,1,0.28557,0.74506,0,2,0,0.9101563
21,4,80,4,50,0,1,0.31786,0.80462,0,1,0,1.023438
21,5,90,5,1,0,0,0.84522,0.83838,0,1,1,0.9921875
21,5,90,5,2,0,1,0.53129,0.59939,0,1,0,1.003906
21,5,90,5,3,0,0,0.34653,0.13635,0,1,1,1.050781
21,5,90,5,4,0,1,0.46176,0.78964,0,1,0,1.222656
21,5,90,5,5,0,1,0.45411,0.57554,0,1,0,0.921875
21,5,90,5,6,0,0,0.72756,0.12988,1,1,0,1.152344
21,5,90,5,7,-1,0,0.9806,0.71024,0,1,1,3.597656
21,5,90,5,8,0,1,0.24484,0.33449,0,1,0,1.441406
21,5,90,5,9,0,0,0.15734,0.12013,0,1,1,1.09375
21,5,90,5,10,0,0,0.42791,0.24918,0,1,1,0.8710938
21,5,90,5,11,0,0,0.25417,0.18425,0,1,1,1.058594
21,5,90,5,12,0,0,0.51954,0.34004,0,1,1,1.160156
21,5,90,5,13,0,0,0.62595,0.22344,0,1,1,1.082031
21,5,90,5,14,0,0,0.64077,0.1846,0,1,1,0.921875
21,5,90,5,15,0,0,0.62443,0.35965,1,1,0,1.152344
21,5,90,5,16,0,1,0.21612,0.86533,0,1,0,1.242188
21,5,90,5,17,0,1,0.26464,0.73926,1,1,1,0.9804688
21,5,90,5,18,-1,0,0.97121,0.59306,0,1,1,1.074219
21,5,90,5,19,0,1,0.2806,0.44693,0,1,0,1.121094
21,5,90,5,20,1,1,0.051275,0.40522,1,1,1,1.089844
21,5,90,5,21,0,1,0.29202,0.32158,1,1,1,1.113281
21,5,90,5,22,1,1,0.087691,0.43901,1,1,1,1.101563
21,5,90,5,23,0,1,0.53041,0.67527,0,1,0,1.230469
21,5,90,5,24,0,1,0.6074,0.83511,1,1,1,1.542969
21,5,90,5,25,0,1,0.44329,0.98738,1,1,1,2.511719
21,5,90,5,26,0,1,0.6933,0.71611,1,1,1,1.222656
21,5,90,5,27,0,0,0.51857,0.29151,1,1,0,1.023438
21,5,90,5,28,0,0,0.15924,0.030561,0,1,1,1.320313
21,5,90,5,29,0,0,0.62239,0.45401,0,1,1,0.921875
21,5,90,5,30,0,1,0.79741,0.98006,0,1,0,1.152344
21,5,90,5,31,0,1,0.1423,0.79084,1,1,1,1.203125
21,5,90,5,32,0,1,0.25293,0.54627,1,1,1,0.5
21,5,90,5,33,0,0,0.57699,0.19825,1,1,0,0.703125
21,5,90,5,34,0,1,0.36603,0.7781,0,1,0,1.0625
21,5,90,5,35,0,0,0.59102,0.10122,1,1,0,1.070313
21,5,90,5,36,0,1,0.21177,0.92539,0,1,0,1.003906
21,5,90,5,37,1,0,0.091978,0.055799,1,4,0,1.230469
21,5,90,5,38,0,0,0.39226,0.14807,0,1,1,1.484375
21,5,90,5,39,0,1,0.46732,0.59436,0,2,0,1.421875
21,5,90,5,40,0,1,0.58148,0.92487,0,2,0,1.140625
21,5,90,5,41,0,0,0.12325,0.11783,0,2,1,0.7734375
21,5,90,5,42,0,0,0.16459,0.12131,0,2,1,0.921875
21,5,90,5,43,0,1,0.13193,0.15985,0,2,0,0.921875
21,5,90,5,44,0,1,0.17125,0.56514,0,3,0,1.113281
21,5,90,5,45,0,0,0.44245,0.0436,0,3,1,0.9804688
21,5,90,5,46,0,1,0.31622,0.45837,0,2,0,0.5195313
21,5,90,5,47,0,1,0.10013,0.10891,0,2,0,0.6523438
21,5,90,5,48,0,1,0.56014,0.97431,0,1,0,0.921875
21,5,90,5,49,0,0,0.7649,0.59954,0,2,1,0.6523438
21,5,90,5,50,0,1,0.34858,0.92033,0,1,0,0.640625
21,6,100,6,1,0,0,0.62439,0.013545,1,1,0,2.054688
21,6,100,6,2,0,0,0.87117,0.78588,1,1,0,0.7109375
21,6,100,6,3,0,1,0.19969,0.82835,0,1,0,1.414063
21,6,100,6,4,0,1,0.09372,0.18444,0,1,0,1.167969
21,6,100,6,5,0,1,0.24818,0.63971,0,1,0,1.109375
21,6,100,6,6,0,0,0.85308,0.78166,0,1,1,1.042969
21,6,100,6,7,0,0,0.66682,0.33566,0,1,1,1.117188
21,6,100,6,8,0,1,0.56603,0.9204,0,1,0,1.089844
21,6,100,6,9,0,0,0.98088,0.34329,1,1,0,0.6601563
21,6,100,6,10,0,0,0.83281,0.61198,1,2,0,0.4101563
21,6,100,6,11,0,1,0.35041,0.96918,1,1,1,0.8320313
21,6,100,6,12,0,0,0.62645,0.065165,1,2,0,0.6523438
21,6,100,6,13,0,0,0.21188,0.027414,1,2,0,0.8632813
21,6,100,6,14,0,1,0.013569,0.2328,1,2,1,0.7617188
21,6,100,6,15,0,0,0.26519,0.18416,1,1,0,0.9882813
21,6,100,6,16,0,1,0.13541,0.91328,1,2,1,0.921875
21,6,100,6,17,0,0,0.75732,0.19864,1,2,0,0.953125
21,6,100,6,18,0,1,0.4249,0.97906,1,1,1,0.6289063
21,6,100,6,19,0,1,0.67406,0.89828,1,2,1,0.7304688
21,6,100,6,20,0,0,0.8277,0.20009,1,1,0,0.8398438
21,6,100,6,21,0,0,0.42989,0.15793,1,2,0,1.601563
21,6,100,6,22,0,0,0.88355,0.63459,1,2,0,0.5976563
21,6,100,6,23,0,1,0.17759,0.78013,1,1,1,0.5195313
21,6,100,6,24,0,1,0.6519,0.96571,0,1,0,0.5195313
21,6,100,6,25,0,1,0.2482,0.30472,0,1,0,0.4804688
21,6,100,6,26,0,0,0.85649,0.53075,1,1,0,0.46875
21,6,100,6,27,0,0,0.97158,0.73642,1,1,0,0.3867188
21,6,100,6,28,0,1,0.16366,0.26107,1,1,1,0.6132813
21,6,100,6,29,0,0,0.98525,0.67256,0,1,1,0.5703125
21,6,100,6,30,0,1,0.20765,0.34069,1,1,1,0.6171875
21,6,100,6,31,0,0,0.40784,0.018397,1,1,0,1.210938
21,6,100,6,32,0,0,0.39516,0.24399,1,1,0,1.074219
21,6,100,6,33,0,0,0.68441,0.5849,1,1,0,1.023438
21,6,100,6,34,0,1,0.65231,0.86285,1,1,1,0.5507813
21,6,100,6,35,0,1,0.023313,0.85581,1,2,1,0.5195313
21,6,100,6,36,0,0,0.99007,0.37083,1,2,0,0.8515625
21,6,100,6,37,0,1,0.43496,0.58197,1,2,1,0.6875
21,6,100,6,38,0,0,0.32664,0.18869,1,1,0,0.7421875
21,6,100,6,39,0,0,0.51851,0.24865,1,1,0,0.5507813
21,6,100,6,40,0,0,0.76385,0.0016282,1,1,0,0.5117188
21,6,100,6,41,0,1,0.58714,0.77087,1,1,1,0.6914063
21,6,100,6,42,0,1,0.47378,0.63803,1,1,1,0.453125
21,6,100,6,43,0,1,0.14299,0.15338,0,1,0,0.609375
21,6,100,6,44,0,1,0.36669,0.72926,0,1,0,0.5625
21,6,100,6,45,0,0,0.92079,0.73364,0,2,1,0.3984375
21,6,100,6,46,0,0,0.89784,0.80301,0,2,1,0.5078125
21,6,100,6,47,0,0,0.91886,0.6707,0,3,1,0.5429688
21,6,100,6,48,0,0,0.66511,0.19805,0,2,1,0.5507813
21,6,100,6,49,0,1,0.14933,0.96036,0,2,0,0.5429688
21,6,100,6,50,0,1,0.25357,0.36812,0,3,0,0.5078125
22,1,50,5,1,-1,0,0.70373,0.48598,0,3,1,0.9101563
22,1,50,5,2,1,1,0.14014,0.5923,1,3,1,1.03125
22,1,50,5,3,-1,0,0.96368,0.60658,0,3,1,0.8984375
22,1,50,5,4,1,0,0.36395,0.35586,1,3,0,1.132813
22,1,50,5,5,1,1,0.16101,0.31667,1,3,1,1.152344
22,1,50,5,6,-1,0,0.67994,0.058161,0,3,1,1.511719
22,1,50,5,7,-1,0,0.61739,0.60857,0,3,1,1.242188
22,1,50,5,8,-1,0,0.65699,0.33242,0,3,1,1.078125
22,1,50,5,9,1,1,0.45125,0.83867,1,3,1,1.785156
22,1,50,5,10,1,0,0.42255,0.12547,1,3,0,1.28125
22,1,50,5,11,1,1,0.36787,0.89164,1,3,1,1.289063
22,1,50,5,12,-1,0,0.78166,0.69851,0,3,1,0.8828125
22,1,50,5,13,-1,0,0.64027,0.53406,0,3,1,1.210938
22,1,50,5,14,1,1,0.25556,0.56553,1,3,1,1.121094
22,1,50,5,15,1,1,0.039419,0.039796,1,3,1,1.410156
22,1,50,5,16,1,0,0.40044,0.11095,1,3,0,1.082031
22,1,50,5,17,1,1,0.08845,0.90153,1,3,1,1.339844
22,1,50,5,18,-1,0,0.99398,0.8975,0,3,1,1.121094
22,1,50,5,19,-1,1,0.62936,0.98138,0,3,0,0.9609375
22,1,50,5,20,-1,1,0.55892,0.71808,0,3,0,1.003906
22,1,50,5,21,-1,0,0.80476,0.18194,0,2,1,1.042969
22,1,50,5,22,1,1,0.09468,0.75196,1,3,1,1.300781
22,1,50,5,23,1,1,0.28211,0.3602,1,3,1,0.984375
22,1,50,5,24,-1,0,0.8188,0.60003,0,3,1,0.9609375
22,1,50,5,25,1,1,0.45876,0.64181,1,3,1,1.09375
22,1,50,5,26,1,0,0.403,0.31896,1,3,0,1.351563
22,1,50,5,27,1,1,0.48689,0.69993,1,3,1,1.242188
22,1,50,5,28,-1,1,0.50449,0.78214,0,3,0,1.082031
22,1,50,5,29,-1,0,0.95498,0.030093,0,3,1,1.082031
22,1,50,5,30,-1,0,0.81777,0.030128,0,3,1,1.273438
22,1,50,5,31,1,0,0.20306,0.13876,1,3,0,1.179688
22,1,50,5,32,1,1,0.37204,0.88003,1,3,1,1.195313
22,1,50,5,33,1,1,0.3261,0.69485,1,3,1,1.3125
22,1,50,5,34,1,0,0.40558,0.23994,1,3,0,1.082031
22,1,50,5,35,1,1,0.0033753,0.13746,1,3,1,1.382813
22,1,50,5,36,-1,0,0.58335,0.20499,0,3,1,1.242188
22,1,50,5,37,1,0,0.38938,0.054028,1,3,0,1.050781
22,1,50,5,38,-1,0,0.71043,0.10988,0,3,1,0.9726563
22,1,50,5,39,1,1,0.28773,0.50607,1,3,1,1.132813
22,1,50,5,40,-1,0,0.75121,0.18805,0,3,1,0.9921875
22,1,50,5,41,-1,0,0.67699,0.56899,0,3,1,3.503906
22,1,50,5,42,-1,0,0.61446,0.28205,0,3,1,1.183594
22,1,50,5,43,-1,0,0.62754,0.41142,0,3,1,0.9609375
22,1,50,5,44,1,1,0.18778,0.78952,1,3,1,1.011719
22,1,50,5,45,1,1,0.34706,0.41367,1,3,1,0.9492188
22,1,50,5,46,1,0,0.030409,0.0037089,1,3,0,1.230469
22,1,50,5,47,-1,1,0.7097,0.75795,0,3,0,1.09375
22,1,50,5,48,1,0,0.46215,0.28012,1,3,0,1.191406
22,1,50,5,49,1,1,0.15394,0.94968,1,3,1,1.222656
22,1,50,5,50,1,0,0.45211,0.20584,1,3,0,0.6289063
22,2,60,2,1,-1,0,0.70349,0.48447,0,2,1,1.753906
22,2,60,2,2,0,0,0.52363,0.19869,0,1,1,1.675781
22,2,60,2,3,-1,1,0.86073,0.91875,0,3,0,1.351563
22,2,60,2,4,0,1,0.53768,0.76793,1,1,1,3.976563
22,2,60,2,5,1,1,0.19451,0.5745,1,2,1,1.332031
22,2,60,2,6,0,0,0.40709,0.20937,0,1,1,2.015625
22,2,60,2,7,-1,0,0.88086,0.16067,0,2,1,1.21875
22,2,60,2,8,-1,0,0.92794,0.59712,0,2,1,1.351563
22,2,60,2,9,0,1,0.52394,0.64283,1,1,1,1.992188
22,2,60,2,10,0,0,0.40113,0.14212,0,1,1,1.5
22,2,60,2,11,-1,1,0.60526,0.75565,0,2,0,1.34375
22,2,60,2,12,-1,0,0.98245,0.39332,0,2,1,1.242188
22,2,60,2,13,-1,0,0.83153,0.31186,0,2,1,1.0625
22,2,60,2,14,-1,0,0.96166,0.76398,0,2,1,1.144531
22,2,60,2,15,-1,0,0.77644,0.1684,0,2,1,1.652344
22,2,60,2,16,0,1,0.49506,0.75812,1,1,1,2.144531
22,2,60,2,17,-1,0,0.89141,0.30854,0,2,1,1.390625
22,2,60,2,18,0,1,0.4619,0.65179,1,1,1,1.601563
22,2,60,2,19,1,1,0.32716,0.5503,1,2,1,1.984375
22,2,60,2,20,1,1,0.26595,0.86646,1,3,1,1.652344
22,2,60,2,21,-1,0,0.69988,0.5934,0,2,1,1.3125
22,2,60,2,22,1,1,0.28508,0.4527,1,3,1,1.542969
22,2,60,2,23,1,0,0.23344,0.13283,1,3,0,1.460938
22,2,60,2,24,-1,0,0.98239,0.76933,0,2,1,1.222656
22,2,60,2,25,-1,1,0.7223,0.80236,0,2,0,1.183594
22,2,60,2,26,-1,0,0.81015,0.59881,0,2,1,1.300781
22,2,60,2,27,-1,0,0.82995,0.67823,0,2,1,1.222656
22,2,60,2,28,0,0,0.44412,0.32792,1,1,0,1.765625
22,2,60,2,29,-1,0,0.79974,0.15577,0,2,1,1.324219
22,2,60,2,30,0,1,0.55921,0.66449,1,1,1,1.484375
22,2,60,2,31,0,1,0.43212,0.61282,1,1,1,3.066406
22,2,60,2,32,-1,0,0.68558,0.035979,0,3,1,1.222656
22,2,60,2,33,-1,0,0.90304,0.16481,0,2,1,1.191406
22,2,60,2,34,-1,0,0.64223,0.023611,0,3,1,1.101563
22,2,60,2,35,-1,0,0.76461,0.09813,0,3,1,1.054688
22,2,60,2,36,-1,1,0.81924,0.87175,0,3,0,1.144531
22,2,60,2,37,-1,0,0.99746,0.42003,0,3,1,1.160156
22,2,60,2,38,1,1,0.32762,0.80257,1,2,1,3.476563
22,2,60,2,39,1,1,0.13809,0.17951,1,3,1,1.21875
22,2,60,2,40,1,1,0.38541,0.64116,1,4,1,2.464844
22,2,60,2,41,1,0,0.33853,0.026485,1,4,0,1.28125
22,2,60,2,42,1,1,0.11936,0.73929,1,3,1,1.722656
22,2,60,2,43,0,1,0.54587,0.78754,0,1,0,1.625
22,2,60,2,44,-1,0,0.76333,0.53936,0,3,1,1.230469
22,2,60,2,45,-1,0,0.76619,0.57595,0,3,1,1.070313
22,2,60,2,46,0,0,0.5585,0.066067,1,1,0,1.503906
22,2,60,2,47,1,1,0.047635,0.41178,1,3,1,1.382813
22,2,60,2,48,1,1,0.096192,0.58901,1,3,1,1.414063
22,2,60,2,49,-1,1,0.89467,0.93848,0,3,0,1.261719
22,2,60,2,50,-1,0,0.88928,0.19078,0,2,1,1.050781
22,3,70,3,1,-1,0,0.70623,0.47047,0,3,1,1.492188
22,3,70,3,2,0,1,0.64955,0.78477,1,1,1,1.371094
22,3,70,3,3,0,0,0.65161,0.1999,1,1,0,1.273438
22,3,70,3,4,-1,0,0.81317,0.024782,0,3,1,1.121094
22,3,70,3,5,0,1,0.55038,0.99055,0,1,0,1.882813
22,3,70,3,6,-1,1,0.83227,0.85443,0,3,0,1.242188
22,3,70,3,7,0,0,0.42238,0.15215,1,1,0,1.78125
22,3,70,3,8,1,1,0.019109,0.42901,1,3,1,1.441406
22,3,70,3,9,0,0,0.62293,0.29525,1,1,0,2.984375
22,3,70,3,10,1,1,0.19073,0.55512,1,3,1,2.203125
22,3,70,3,11,1,1,0.081816,0.16236,1,3,1,1.160156
22,3,70,3,12,0,0,0.48578,0.15413,0,1,1,1.144531
22,3,70,3,13,1,1,0.097953,0.24692,1,3,1,1.308594
22,3,70,3,14,0,1,0.6664,0.77378,0,1,0,1.550781
22,3,70,3,15,-1,1,0.70798,0.91738,0,3,0,1.523438
22,3,70,3,16,1,1,0.030064,0.10669,1,2,1,1.261719
22,3,70,3,17,0,1,0.40779,0.59133,1,1,1,1.859375
22,3,70,3,18,0,1,0.56147,0.66347,1,1,1,1.5
22,3,70,3,19,1,1,0.12288,0.41325,1,2,1,1.304688
22,3,70,3,20,1,1,0.0036219,0.69196,1,3,1,1.289063
22,3,70,3,21,1,0,0.23378,0.19157,1,3,0,1.359375
22,3,70,3,22,1,1,0.17079,0.22674,1,2,1,1.351563
22,3,70,3,23,1,1,0.11262,0.52619,1,3,1,1.128906
22,3,70,3,24,-1,0,0.95518,0.020718,0,3,1,1.101563
22,3,70,3,25,1,0,0.10441,0.077246,1,3,0,1.160156
22,3,70,3,26,1,1,0.049807,0.53779,1,3,1,1.210938
22,3,70,3,27,1,1,0.069325,0.26032,1,3,1,1.3125
22,3,70,3,28,1,1,0.20851,0.40678,1,3,1,1.089844
22,3,70,3,29,1,1,0.038283,0.86014,1,3,1,1.160156
22,3,70,3,30,-1,0,0.7286,0.3453,0,3,1,1.484375
22,3,70,3,31,1,1,0.14046,0.34501,1,3,1,1.511719
22,3,70,3,32,-1,0,0.83105,0.75344,0,3,1,1.058594
22,3,70,3,33,1,1,0.23446,0.75335,1,3,1,1.292969
22,3,70,3,34,1,1,0.29107,0.82373,1,3,1,1.285156
22,3,70,3,35,0,1,0.44123,0.68264,0,1,0,1.683594
22,3,70,3,36,1,1,0.14836,0.76906,1,3,1,1.21875
22,3,70,3,37,-1,0,0.82384,0.25365,0,4,1,1.28125
22,3,70,3,38,-1,1,0.78529,0.8235,0,4,0,1.199219
22,3,70,3,39,0,0,0.32398,0.0027505,1,1,0,1.59375
22,3,70,3,40,-1,0,0.93275,0.02221,0,3,1,1.390625
22,3,70,3,41,1,1,0.23974,0.86258,1,3,1,0.9335938
22,3,70,3,42,-1,0,0.85372,0.37554,0,3,1,1.128906
22,3,70,3,43,0,1,0.40756,0.82406,0,1,0,1.890625
22,3,70,3,44,-1,0,0.70136,0.69242,0,3,1,1.289063
22,3,70,3,45,-1,0,0.91398,0.33054,0,3,1,1.210938
22,3,70,3,46,0,0,0.60621,0.19393,1,1,0,2.054688
22,3,70,3,47,1,1,0.114,0.51823,1,3,1,1.460938
22,3,70,3,48,0,1,0.69359,0.77927,0,1,0,1.234375
22,3,70,3,49,-1,0,0.96599,0.13719,0,3,1,0.9882813
22,3,70,3,50,0,1,0.31828,0.51716,0,1,0,1.273438
22,4,80,4,1,1,1,0.15062,0.61144,1,3,1,1.03125
22,4,80,4,2,0,1,0.23338,0.62399,0,1,0,1.570313
22,4,80,4,3,-1,0,0.87414,0.7574,0,3,1,1.152344
22,4,80,4,4,0,0,0.2425,0.2,1,1,0,1.773438
22,4,80,4,5,1,1,0.018382,0.050702,1,3,1,1.273438
22,4,80,4,6,1,1,0.1927,0.45934,1,3,1,1.382813
22,4,80,4,7,0,1,0.45568,0.79295,1,1,1,1.28125
22,4,80,4,8,0,1,0.38123,0.82442,0,2,0,1.542969
22,4,80,4,9,1,1,0.13945,0.43466,1,3,1,1.285156
22,4,80,4,10,-1,0,0.81661,0.77744,0,3,1,1.035156
22,4,80,4,11,1,1,0.13041,0.75321,1,3,1,1.132813
22,4,80,4,12,1,1,0.00039022,0.7602,1,3,1,1.140625
22,4,80,4,13,0,1,0.37384,0.78684,0,1,0,1.011719
22,4,80,4,14,1,1,0.086493,0.31273,1,3,1,0.8125
22,4,80,4,15,0,0,0.60292,0.57069,0,2,1,2.042969
22,4,80,4,16,0,0,0.64795,0.23824,0,1,1,1.664063
22,4,80,4,17,0,1,0.37683,0.41587,0,1,0,1.109375
22,4,80,4,18,0,0,0.49339,0.41318,1,1,0,1.0625
22,4,80,4,19,0,1,0.74593,0.93428,1,1,1,1.261719
22,4,80,4,20,1,1,0.11576,0.40296,1,3,1,1.152344
22,4,80,4,21,0,0,0.5295,0.052955,0,1,1,1.089844
22,4,80,4,22,0,1,0.20323,0.24298,1,1,1,1.113281
22,4,80,4,23,0,1,0.43348,0.87082,1,1,1,1.429688
22,4,80,4,24,-1,0,0.98439,0.94218,0,3,1,1.300781
22,4,80,4,25,-1,0,0.9354,0.32242,0,3,1,1.050781
22,4,80,4,26,0,0,0.61615,0.11714,1,1,0,1.382813
22,4,80,4,27,0,1,0.23251,0.59738,1,1,1,1.050781
22,4,80,4,28,-1,0,0.80784,0.19225,0,3,1,1.144531
22,4,80,4,29,0,0,0.73192,0.081913,1,1,0,1.273438
22,4,80,4,30,0,1,0.30467,0.40692,1,1,1,1.179688
22,4,80,4,31,0,1,0.57542,0.89976,1,1,1,1.304688
22,4,80,4,32,0,1,0.28437,0.95436,1,1,1,1.59375
22,4,80,4,33,0,1,0.40382,0.69816,1,1,1,1.25
22,4,80,4,34,-1,0,0.96594,0.10201,0,3,1,1.25
22,4,80,4,35,1,1,0.094862,0.45423,1,3,1,1.132813
22,4,80,4,36,0,1,0.63627,0.64081,0,1,0,1.160156
22,4,80,4,37,0,0,0.76838,0.42035,0,1,1,0.8125
22,4,80,4,38,0,1,0.43527,0.60142,0,1,0,1.300781
22,4,80,4,39,0,1,0.78888,0.96861,0,1,0,0.9414063
22,4,80,4,40,-1,0,0.98351,0.23056,0,3,1,1.542969
22,4,80,4,41,0,1,0.53426,0.74092,1,1,1,1.242188
22,4,80,4,42,1,1,0.16792,0.27493,1,3,1,0.9804688
22,4,80,4,43,0,0,0.21248,0.15997,0,1,1,1.550781
22,4,80,4,44,-1,0,0.81795,0.062142,0,1,1,1.152344
22,4,80,4,45,0,1,0.23086,0.32259,0,1,0,1.441406
22,4,80,4,46,0,0,0.45009,0.0067774,1,1,0,0.9023438
22,4,80,4,47,0,1,0.30955,0.54691,0,1,0,0.6210938
22,4,80,4,48,0,1,0.27506,0.77386,1,1,1,1.109375
22,4,80,4,49,1,1,0.19458,0.82299,1,3,1,1.394531
22,4,80,4,50,0,0,0.45165,0.034693,0,1,1,0.8398438
22,5,90,1,1,-1,0,0.9215,0.50932,0,1,1,35.0625
22,5,90,1,2,1,1,0.052523,0.89014,1,3,1,7.640625
22,5,90,1,3,0,0,0.87417,0.088991,0,3,1,3.285156
22,5,90,1,4,0,0,0.88633,0.60398,0,3,1,3.035156
22,5,90,1,5,0,1,0.19708,0.31308,0,3,0,4.265625
22,5,90,1,6,0,1,0.42811,0.88639,1,3,1,2.203125
22,5,90,1,7,1,1,0.046194,0.58587,1,1,1,2.113281
22,5,90,1,8,-1,0,0.99599,0.33863,0,1,1,1.671875
22,5,90,1,9,0,1,0.61153,0.73639,1,1,1,2.042969
22,5,90,1,10,-1,0,0.90893,0.18046,0,1,1,4.554688
22,5,90,1,11,0,0,0.71609,0.24419,1,1,0,1.480469
22,5,90,1,12,0,0,0.74019,0.16219,0,1,1,4.117188
22,5,90,1,13,0,0,0.29589,0.27483,1,1,0,3.46875
22,5,90,1,14,0,1,0.31938,0.67971,0,1,0,1.640625
22,5,90,1,15,0,1,0.27729,0.61965,0,1,0,1.804688
22,5,90,1,16,0,0,0.22974,0.076343,1,1,0,1.953125
22,5,90,1,17,0,1,0.38386,0.62071,1,1,1,1.984375
22,5,90,1,18,-1,0,0.9217,0.080449,0,2,1,2.226563
22,5,90,1,19,0,1,0.25952,0.29314,0,1,0,2.8125
22,5,90,1,20,0,0,0.46377,0.29006,1,1,0,1.363281
22,5,90,1,21,-1,0,0.90121,0.19133,0,2,1,1.441406
22,5,90,1,22,1,1,0.00041075,0.70023,1,2,1,1.511719
22,5,90,1,23,0,1,0.39336,0.72729,1,1,1,1.863281
22,5,90,1,24,1,1,0.034811,0.50548,1,2,1,4.535156
22,5,90,1,25,0,1,0.29208,0.31956,0,1,0,1.804688
22,5,90,1,26,0,1,0.41397,0.56925,0,1,0,1.390625
22,5,90,1,27,0,0,0.23144,0.15271,0,1,1,1.152344
22,5,90,1,28,1,1,0.067938,0.31578,1,2,1,1.5625
22,5,90,1,29,0,1,0.22239,0.41986,1,1,1,1.625
22,5,90,1,30,0,1,0.32747,0.51139,0,1,0,1.421875
22,5,90,1,31,0,0,0.48641,0.21053,0,1,1,1.8125
22,5,90,1,32,0,1,0.20397,0.29853,1,1,1,2.351563
22,5,90,1,33,0,0,0.33792,0.020052,1,1,0,1.695313
22,5,90,1,34,0,0,0.28037,0.19605,1,1,0,1.550781
22,5,90,1,35,1,1,0.02401,0.70246,1,2,1,1.402344
22,5,90,1,36,0,0,0.78775,0.32532,0,1,1,1.671875
22,5,90,1,37,0,1,0.70551,0.78681,0,1,0,2.070313
22,5,90,1,38,0,1,0.42945,0.61476,0,1,0,1.582031
22,5,90,1,39,0,1,0.70726,0.98992,0,1,0,1.300781
22,5,90,1,40,0,1,0.21478,0.39389,1,1,1,2.410156
22,5,90,1,41,1,1,0.055626,0.59098,1,3,1,1.582031
22,5,90,1,42,0,0,0.66288,0.028068,0,1,1,1.941406
22,5,90,1,43,0,0,0.76937,0.26015,0,1,1,1.53125
22,5,90,1,44,0,0,0.76269,0.28136,0,1,1,1.191406
22,5,90,1,45,0,0,0.21162,0.1317,0,1,1,1.121094
22,5,90,1,46,1,1,0.016884,0.80326,1,3,1,2.703125
22,5,90,1,47,1,1,0.041022,0.88731,1,3,1,1.703125
22,5,90,1,48,0,0,0.51246,0.27734,0,1,1,1.953125
22,5,90,1,49,1,1,0.03745,0.56429,1,4,1,2.132813
22,5,90,1,50,0,0,0.55475,0.059463,0,1,1,1.429688
22,6,100,6,1,0,1,0.073794,0.429,0,1,0,1.652344
22,6,100,6,2,0,1,0.23759,0.66804,1,1,1,0.9804688
22,6,100,6,3,0,0,0.94656,0.071215,0,1,1,1.121094
22,6,100,6,4,0,0,0.67754,0.55313,0,1,1,1.191406
22,6,100,6,5,0,1,0.53517,0.55836,1,1,1,0.6171875
22,6,100,6,6,0,0,0.91832,0.11564,1,1,0,0.71875
22,6,100,6,7,0,1,0.74271,0.84924,0,1,0,0.7929688
22,6,100,6,8,0,1,0.028219,0.056334,0,1,0,0.5429688
22,6,100,6,9,0,1,0.40917,0.69604,0,1,0,0.8789063
22,6,100,6,10,0,1,0.38579,0.47523,0,1,0,0.6132813
22,6,100,6,11,0,0,0.56006,0.34719,0,1,1,0.6914063
22,6,100,6,12,0,0,0.34717,0.038688,1,1,0,0.8515625
22,6,100,6,13,0,1,0.034076,0.16388,1,1,1,0.640625
22,6,100,6,14,0,1,0.14274,0.29762,1,1,1,0.6835938
22,6,100,6,15,0,0,0.84568,0.60412,1,1,0,0.609375
22,6,100,6,16,0,0,0.76751,0.084927,1,1,0,0.7304688
22,6,100,6,17,0,0,0.98258,0.50086,1,1,0,0.6210938
22,6,100,6,18,0,1,0.025676,0.685,1,1,1,0.9335938
22,6,100,6,19,0,0,0.19659,0.16878,1,1,0,0.890625
22,6,100,6,20,0,0,0.89227,0.82301,1,1,0,0.4101563
22,6,100,6,21,0,0,0.69982,0.53227,1,1,0,0.5703125
22,6,100,6,22,0,1,0.038673,0.55389,1,1,1,0.6914063
22,6,100,6,23,0,0,0.85469,0.17535,1,1,0,1.742188
22,6,100,6,24,0,1,0.043289,0.76412,1,1,1,0.78125
22,6,100,6,25,0,0,0.98714,0.0092088,1,1,0,0.4921875
22,6,100,6,26,0,0,0.60172,0.4999,0,1,1,0.8320313
22,6,100,6,27,0,0,0.9496,0.34207,0,1,1,0.75
22,6,100,6,28,0,0,0.76843,0.49041,1,1,0,1.910156
22,6,100,6,29,0,1,0.33302,0.39743,1,1,1,1.171875
22,6,100,6,30,0,0,0.8114,0.51954,1,1,0,0.8085938
22,6,100,6,31,0,1,0.41763,0.50593,1,1,1,0.6289063
22,6,100,6,32,0,1,0.55678,0.90121,0,1,0,0.6523438
22,6,100,6,33,0,0,0.39518,0.015364,1,1,0,0.5820313
22,6,100,6,34,0,1,0.20978,0.39394,1,1,1,0.6015625
22,6,100,6,35,0,1,0.21351,0.98893,1,1,1,0.5585938
22,6,100,6,36,0,1,0.20607,0.35363,1,1,1,0.4804688
22,6,100,6,37,0,1,0.0042247,0.60335,1,1,1,0.6210938
22,6,100,6,38,0,0,0.95076,0.90211,1,1,0,0.4414063
22,6,100,6,39,0,0,0.79781,0.75944,1,1,0,0.453125
22,6,100,6,40,0,0,0.61969,0.23965,1,1,0,0.4804688
22,6,100,6,41,0,1,0.21996,0.29438,1,1,1,0.4140625
22,6,100,6,42,0,1,0.63658,0.80795,1,1,1,0.4179688
22,6,100,6,43,0,0,0.83186,0.28499,1,1,0,0.5117188
22,6,100,6,44,0,1,0.1969,0.59482,1,1,1,0.3789063
22,6,100,6,45,0,1,0.69893,0.8744,1,1,1,0.6015625
22,6,100,6,46,0,0,0.98917,0.33995,1,1,0,0.5195313
22,6,100,6,47,0,1,0.12329,0.13174,1,1,1,0.4101563
22,6,100,6,48,0,0,0.64315,0.52875,1,1,0,0.46875
22,6,100,6,49,0,1,0.21779,0.56662,1,1,1,0.3984375
22,6,100,6,50,0,1,0.58876,0.98428,1,1,1,0.5195313
23,1,50,5,1,-1,0,0.75038,0.38421,0,5,1,2.0625
23,1,50,5,2,1,0,0.37399,0.22627,1,5,0,1.96875
23,1,50,5,3,-1,0,0.61373,0.54871,0,1,1,1.585938
23,1,50,5,4,-1,0,0.57335,0.38598,0,1,1,1.203125
23,1,50,5,5,-1,0,0.67456,0.046143,0,1,1,1.539063
23,1,50,5,6,1,0,0.21518,0.21249,1,1,0,1.625
23,1,50,5,7,1,1,0.11749,0.45498,1,5,1,0.984375
23,1,50,5,8,1,1,0.34481,0.36685,1,1,1,1.53125
23,1,50,5,9,-1,0,0.75212,0.44952,0,5,1,2.054688
23,1,50,5,10,1,1,0.097979,0.84022,1,3,1,1.609375
23,1,50,5,11,-1,1,0.7525,0.77405,0,3,0,1.679688
23,1,50,5,12,-1,1,0.56675,0.91763,1,3,1,2.203125
23,1,50,5,13,-1,0,0.56702,0.11891,1,3,0,2.460938
23,1,50,5,14,1,1,0.29385,0.58334,1,5,1,1.890625
23,1,50,5,15,-1,1,0.52779,0.93318,0,5,0,1.75
23,1,50,5,16,1,1,0.079287,0.70193,0,5,0,2.601563
23,1,50,5,17,1,0,0.25401,0.036894,0,5,1,2.304688
23,1,50,5,18,-1,0,0.74367,0.35195,0,5,1,1.734375
23,1,50,5,19,-1,1,0.69653,0.76351,0,1,0,1.492188
23,1,50,5,20,-1,1,0.81009,0.96793,1,5,1,1.984375
23,1,50,5,21,1,1,0.06749,0.34654,1,5,1,2.234375
23,1,50,5,22,-1,0,0.65085,0.53786,0,5,1,1.632813
23,1,50,5,23,-1,0,0.87279,0.46965,0,3,1,2.90625
23,1,50,5,24,-1,0,0.51413,0.02188,1,1,0,1.90625
23,1,50,5,25,-1,0,0.68946,0.17539,1,5,0,2.742188
23,1,50,5,26,-1,0,0.64128,0.24243,1,5,0,1.828125
23,1,50,5,27,-1,0,0.70704,0.32597,1,5,0,1.453125
23,1,50,5,28,-1,0,0.51694,0.31421,1,5,0,1.523438
23,1,50,5,29,1,1,0.060566,0.43953,1,5,1,1.84375
23,1,50,5,30,-1,0,0.58047,0.52556,0,5,1,1.921875
23,1,50,5,31,1,1,0.057628,0.10926,1,3,1,1.429688
23,1,50,5,32,-1,1,0.71067,0.79436,0,1,0,2.78125
23,1,50,5,33,-1,0,0.75696,0.69339,0,5,1,1.554688
23,1,50,5,34,-1,1,0.57764,0.99625,0,3,0,1.617188
23,1,50,5,35,1,1,0.46163,0.95052,1,5,1,1.257813
23,1,50,5,36,1,1,0.31015,0.63807,1,2,1,1.359375
23,1,50,5,37,-1,0,0.91804,0.13742,0,5,1,1.671875
23,1,50,5,38,-1,0,0.79175,0.71978,0,1,1,1.710938
23,1,50,5,39,-1,0,0.76313,0.40977,0,3,1,1.617188
23,1,50,5,40,1,1,0.047363,0.29815,1,1,1,1.367188
23,1,50,5,41,-1,0,0.57069,0.12577,0,3,1,1.515625
23,1,50,5,42,1,0,0.32856,0.099962,1,2,0,1.429688
23,1,50,5,43,1,0,0.27236,0.26723,1,5,0,1.179688
23,1,50,5,44,-1,0,0.9323,0.62392,0,5,1,1.664063
23,1,50,5,45,-1,0,0.81334,0.71301,0,3,1,1.75
23,1,50,5,46,1,1,0.43693,0.44301,1,2,1,1.351563
23,1,50,5,47,1,1,0.18796,0.86394,1,1,1,1.367188
23,1,50,5,48,-1,0,0.63212,0.27647,0,4,1,1.554688
23,1,50,5,49,-1,0,0.9491,0.19619,0,2,1,2.265625
23,1,50,5,50,-1,1,0.73813,0.89839,0,3,0,1.296875
23,2,60,3,1,1,1,0.32701,0.46321,1,5,1,1.726563
23,2,60,3,2,1,1,0.37149,0.67615,1,5,1,1.570313
23,2,60,3,3,1,0,0.2942,0.20645,1,3,0,1.460938
23,2,60,3,4,1,1,0.32953,0.4954,1,5,1,1.5625
23,2,60,3,5,-1,0,0.75434,0.28981,0,3,1,2.25
23,2,60,3,6,-1,0,0.82178,0.6229,0,3,1,1.75
23,2,60,3,7,0,0,0.48289,0.29178,1,2,0,1.984375
23,2,60,3,8,1,1,0.12424,0.72056,1,5,1,1.703125
23,2,60,3,9,1,1,0.1196,0.4315,1,3,1,1.664063
23,2,60,3,10,-1,0,0.62196,0.051476,0,3,1,1.539063
23,2,60,3,11,1,1,0.061655,0.37751,1,1,1,1.476563
23,2,60,3,12,-1,0,0.74122,0.38945,0,3,1,1.820313
23,2,60,3,13,1,1,0.32872,0.6391,1,1,1,1.398438
23,2,60,3,14,-1,0,0.87867,0.063359,0,5,1,1.757813
23,2,60,3,15,1,0,0.28686,0.081147,1,1,0,1.742188
23,2,60,3,16,1,0,0.19027,0.043902,1,5,0,1.71875
23,2,60,3,17,1,1,0.26654,0.40177,1,1,1,1.382813
23,2,60,3,18,0,0,0.56936,0.46318,1,1,0,2.492188
23,2,60,3,19,0,1,0.46713,0.86384,0,5,0,1.625
23,2,60,3,20,1,1,0.18562,0.19585,1,5,1,1.601563
23,2,60,3,21,1,0,0.37228,0.16987,1,1,0,1.257813
23,2,60,3,22,-1,0,0.75676,0.57282,0,5,1,1.71875
23,2,60,3,23,1,1,0.23055,0.69366,0,1,0,4.257813
23,2,60,3,24,1,1,0.24378,0.34945,1,5,1,1.53125
23,2,60,3,25,1,1,0.14913,0.90378,1,5,1,1.351563
23,2,60,3,26,0,0,0.50699,0.46165,0,5,1,2.492188
23,2,60,3,27,-1,0,0.93536,0.54518,0,3,1,1.65625
23,2,60,3,28,0,0,0.58191,0.51635,1,1,0,1.820313
23,2,60,3,29,-1,0,0.74261,0.1988,0,5,1,1.546875
23,2,60,3,30,1,1,0.1672,0.52103,1,5,1,1.382813
23,2,60,3,31,1,0,0.37066,0.36282,1,1,0,2.179688
23,2,60,3,32,-1,0,0.73365,0.19207,0,5,1,1.703125
23,2,60,3,33,1,1,0.39635,0.65723,1,3,1,1.632813
23,2,60,3,34,1,1,0.37341,0.95483,1,1,1,1.304688
23,2,60,3,35,1,1,0.13198,0.73013,1,5,1,1.5625
23,2,60,3,36,-1,1,0.78679,0.82926,0,1,0,1.4375
23,2,60,3,37,-1,0,0.62679,0.40034,0,5,1,1.546875
23,2,60,3,38,-1,0,0.98771,0.037125,1,1,0,2.375
23,2,60,3,39,1,1,0.22794,0.85009,1,5,1,1.765625
23,2,60,3,40,1,1,0.3012,0.66173,1,5,1,1.453125
23,2,60,3,41,1,0,0.35785,0.0163,1,1,0,1.445313
23,2,60,3,42,1,0,0.39178,0.23352,1,5,0,1.515625
23,2,60,3,43,1,1,0.027646,0.090878,1,5,1,1.96875
23,2,60,3,44,-1,0,0.81534,0.4843,0,5,1,1.5625
23,2,60,3,45,0,1,0.45157,0.8077,0,1,0,2.515625
23,2,60,3,46,-1,1,0.67955,0.7584,0,5,0,1.953125
23,2,60,3,47,-1,1,0.70231,0.83746,0,5,0,1.585938
23,2,60,3,48,-1,1,0.66697,0.88517,0,5,0,2.765625
23,2,60,3,49,1,0,0.3377,0.13204,0,5,1,2.351563
23,2,60,3,50,-1,0,0.89048,0.73153,0,5,1,3.59375
23,3,70,6,1,-1,0,0.74977,0.35028,0,3,1,1.546875
23,3,70,6,2,0,0,0.45285,0.1661,1,5,0,2.320313
23,3,70,6,3,-1,0,0.98548,0.077944,0,2,1,1.210938
23,3,70,6,4,0,1,0.39792,0.5965,0,1,0,2.0
23,3,70,6,5,1,1,0.19034,0.55447,1,3,1,1.3125
23,3,70,6,6,1,0,0.082594,0.048244,1,2,0,3.25
23,3,70,6,7,0,0,0.66581,0.51721,1,3,0,2.242188
23,3,70,6,8,-1,0,0.74088,0.55224,0,5,1,1.710938
23,3,70,6,9,1,1,0.11042,0.44973,1,3,1,1.414063
23,3,70,6,10,-1,0,0.81083,0.6261,0,3,1,2.257813
23,3,70,6,11,-1,0,0.97663,0.044928,0,5,1,1.148438
23,3,70,6,12,0,1,0.67256,0.84227,1,4,1,1.921875
23,3,70,6,13,-1,1,0.88725,0.95201,0,5,0,1.515625
23,3,70,6,14,1,1,0.01414,0.68335,1,5,1,1.679688
23,3,70,6,15,0,0,0.35297,0.24808,0,5,1,1.429688
23,3,70,6,16,1,1,0.045295,0.39293,1,3,1,1.460938
23,3,70,6,17,1,1,0.15925,0.46653,1,3,1,1.21875
23,3,70,6,18,1,1,0.21378,0.48945,1,2,1,2.445313
23,3,70,6,19,-1,0,0.97877,0.31707,0,3,1,1.914063
23,3,70,6,20,1,1,0.01367,0.42411,1,5,1,1.453125
23,3,70,6,21,1,0,0.27696,0.057469,1,3,0,1.554688
23,3,70,6,22,0,1,0.41104,0.90681,0,5,0,1.476563
23,3,70,6,23,-1,0,0.97814,0.49601,0,3,1,1.484375
23,3,70,6,24,1,1,0.15413,0.64423,1,2,1,1.71875
23,3,70,6,25,-1,0,0.92312,0.26855,0,3,1,3.398438
23,3,70,6,26,1,1,0.14487,0.585,1,3,1,2.125
23,3,70,6,27,0,1,0.32309,0.36641,1,1,1,3.328125
23,3,70,6,28,1,1,0.029128,0.35901,1,5,1,1.460938
23,3,70,6,29,0,1,0.49092,0.51405,0,3,0,1.78125
23,3,70,6,30,0,0,0.43184,0.19428,1,5,0,1.539063
23,3,70,6,31,-1,0,0.94249,0.75138,0,5,1,2.382813
23,3,70,6,32,0,0,0.518,0.42159,1,4,0,1.859375
23,3,70,6,33,-1,0,0.99799,0.76134,0,2,1,1.273438
23,3,70,6,34,0,1,0.41285,0.5772,1,1,1,1.484375
23,3,70,6,35,0,0,0.44901,0.43551,1,5,0,1.585938
23,3,70,6,36,-1,0,0.8613,0.6642,0,3,1,1.960938
23,3,70,6,37,-1,0,0.978,0.37433,0,5,1,1.546875
23,3,70,6,38,0,1,0.35596,0.56377,1,3,1,2.117188
23,3,70,6,39,-1,0,0.97512,0.73953,0,3,1,2.210938
23,3,70,6,40,-1,0,0.86867,0.16373,0,3,1,1.375
23,3,70,6,41,1,1,0.1764,0.81192,1,2,1,1.359375
23,3,70,6,42,0,0,0.64785,0.12702,1,1,0,1.515625
23,3,70,6,43,-1,1,0.71295,0.82181,0,5,0,1.421875
23,3,70,6,44,0,0,0.47511,0.41832,0,2,1,2.953125
23,3,70,6,45,-1,0,0.74261,0.67571,0,5,1,1.414063
23,3,70,6,46,-1,0,0.76309,0.17897,0,1,1,1.4375
23,3,70,6,47,0,1,0.58255,0.8391,1,3,1,1.960938
23,3,70,6,48,1,1,0.11203,0.68111,1,5,1,1.273438
23,3,70,6,49,1,0,0.20328,0.052026,1,1,0,1.289063
23,3,70,6,50,-1,1,0.79059,0.93309,0,3,0,1.773438
23,4,80,2,1,1,1,0.085583,0.70905,1,5,1,2.070313
23,4,80,2,2,0,0,0.77114,0.17678,1,1,0,1.773438
23,4,80,2,3,0,1,0.55557,0.78196,1,5,1,2.1875
23,4,80,2,4,-1,0,0.87993,0.72613,0,1,1,1.859375
23,4,80,2,5,0,1,0.27811,0.75367,0,1,0,2.320313
23,4,80,2,6,0,1,0.24513,0.83724,0,1,0,1.398438
23,4,80,2,7,-1,0,0.976,0.85692,0,5,1,2.804688
23,4,80,2,8,0,0,0.41436,0.07919,0,1,1,1.859375
23,4,80,2,9,1,1,0.1116,0.45273,1,1,1,1.664063
23,4,80,2,10,0,0,0.43143,0.059236,1,1,0,1.632813
23,4,80,2,11,-1,0,0.86237,0.24547,0,1,1,1.820313
23,4,80,2,12,0,1,0.3585,0.78019,1,1,1,1.976563
23,4,80,2,13,0,1,0.70983,0.72905,1,1,1,1.429688
23,4,80,2,14,0,0,0.58578,0.37776,1,1,0,1.898438
23,4,80,2,15,0,0,0.38185,0.1407,0,5,1,1.851563
23,4,80,2,16,-1,0,0.93843,0.67481,0,5,1,2.054688
23,4,80,2,17,-1,0,0.84393,0.65849,0,1,1,1.9375
23,4,80,2,18,-1,0,0.80465,0.64949,0,5,1,1.726563
23,4,80,2,19,0,1,0.31929,0.71331,1,1,1,1.859375
23,4,80,2,20,1,1,0.16982,0.64251,1,1,1,1.71875
23,4,80,2,21,1,0,0.17427,0.13712,1,5,0,1.46875
23,4,80,2,22,0,0,0.71988,0.5155,1,1,0,2.640625
23,4,80,2,23,0,0,0.73083,0.55905,1,1,0,1.820313
23,4,80,2,24,1,1,0.097372,0.5832,1,3,1,4.25
23,4,80,2,25,0,0,0.79312,0.11215,1,1,0,1.664063
23,4,80,2,26,-1,0,0.98747,0.85446,0,5,1,2.921875
23,4,80,2,27,0,0,0.77703,0.27811,0,1,1,2.15625
23,4,80,2,28,0,0,0.23584,0.12567,0,5,1,2.382813
23,4,80,2,29,0,0,0.48793,0.24786,0,1,1,1.632813
23,4,80,2,30,-1,0,0.8582,0.049984,0,5,1,1.609375
23,4,80,2,31,0,1,0.31013,0.83049,0,1,0,4.0625
23,4,80,2,32,-1,0,0.88451,0.77694,0,5,1,1.898438
23,4,80,2,33,-1,1,0.89321,0.90131,0,5,0,1.617188
23,4,80,2,34,0,0,0.68762,0.35732,1,1,0,1.96875
23,4,80,2,35,0,1,0.78584,0.85124,1,1,1,1.703125
23,4,80,2,36,0,0,0.69695,0.13278,1,1,0,1.835938
23,4,80,2,37,1,1,0.12978,0.24009,1,5,1,1.53125
23,4,80,2,38,0,0,0.76196,0.27582,1,1,0,1.953125
23,4,80,2,39,1,1,0.12827,0.65013,1,5,1,2.117188
23,4,80,2,40,0,1,0.33028,0.67983,1,1,1,1.773438
23,4,80,2,41,-1,0,0.83089,0.59367,0,5,1,1.796875
23,4,80,2,42,0,0,0.71422,0.49164,0,1,1,2.164063
23,4,80,2,43,0,0,0.35517,0.019018,0,1,1,1.546875
23,4,80,2,44,0,1,0.65937,0.752,1,1,1,1.421875
23,4,80,2,45,1,1,0.18385,0.89428,1,5,1,1.515625
23,4,80,2,46,-1,0,0.97746,0.94916,0,5,1,3.117188
23,4,80,2,47,0,0,0.50741,0.41213,1,1,0,2.25
23,4,80,2,48,0,1,0.25443,0.48436,1,5,1,1.578125
23,4,80,2,49,1,1,0.091888,0.99306,1,5,1,1.570313
23,4,80,2,50,0,0,0.72919,0.49222,1,1,0,2.023438
23,5,90,1,1,0,1,0.3119,0.84087,1,1,1,7.429688
23,5,90,1,2,0,0,0.20331,0.035483,1,1,0,3.054688
23,5,90,1,3,0,1,0.37841,0.99748,0,3,0,2.445313
23,5,90,1,4,0,0,0.42978,0.24548,0,1,1,2.242188
23,5,90,1,5,0,0,0.14697,0.13205,0,2,1,1.75
23,5,90,1,6,1,1,0.097685,0.6999,0,1,0,2.578125
23,5,90,1,7,0,1,0.16241,0.29196,0,1,0,2.367188
23,5,90,1,8,0,0,0.81602,0.28171,0,1,1,1.65625
23,5,90,1,9,0,1,0.35217,0.36773,0,1,0,2.304688
23,5,90,1,10,-1,0,0.95402,0.56027,0,1,1,1.953125
23,5,90,1,11,0,0,0.7958,0.35103,1,5,0,2.914063
23,5,90,1,12,0,1,0.10518,0.49018,1,1,1,2.054688
23,5,90,1,13,0,0,0.81951,0.41283,1,5,0,1.859375
23,5,90,1,14,0,1,0.7389,0.80683,1,1,1,2.742188
23,5,90,1,15,0,0,0.80229,0.31447,1,1,0,2.0
23,5,90,1,16,0,1,0.45106,0.90306,1,1,1,1.984375
23,5,90,1,17,0,1,0.48538,0.58851,1,1,1,1.882813
23,5,90,1,18,0,1,0.33075,0.48707,1,1,1,1.539063
23,5,90,1,19,0,1,0.816,0.98497,1,1,1,1.789063
23,5,90,1,20,0,0,0.32464,0.1184,1,1,0,1.742188
23,5,90,1,21,0,1,0.32592,0.38198,1,1,1,2.03125
23,5,90,1,22,0,0,0.40988,0.28879,1,1,0,1.789063
23,5,90,1,23,0,1,0.72111,0.99682,0,1,0,1.554688
23,5,90,1,24,-1,1,0.93556,0.95212,0,1,0,1.414063
23,5,90,1,25,0,1,0.5186,0.74122,0,3,0,1.421875
23,5,90,1,26,0,0,0.58325,0.056997,0,3,1,1.8125
23,5,90,1,27,-1,0,0.99274,0.28024,0,3,1,1.773438
23,5,90,1,28,0,0,0.60449,0.057373,0,1,1,2.140625
23,5,90,1,29,0,0,0.51367,0.022439,0,1,1,1.34375
23,5,90,1,30,0,0,0.5231,0.25892,0,1,1,1.320313
23,5,90,1,31,0,1,0.4173,0.6683,0,1,0,1.351563
23,5,90,1,32,0,1,0.52709,0.75382,1,1,1,2.0
23,5,90,1,33,0,1,0.72298,0.98767,1,1,1,1.648438
23,5,90,1,34,0,1,0.28185,0.80437,1,1,1,1.75
23,5,90,1,35,1,1,0.058892,0.96167,1,1,1,2.6875
23,5,90,1,36,-1,0,0.92225,0.14099,0,1,1,2.75
23,5,90,1,37,0,0,0.77948,0.68275,0,1,1,1.992188
23,5,90,1,38,0,1,0.28926,0.75333,0,1,0,1.445313
23,5,90,1,39,0,1,0.70864,0.80923,1,1,1,1.851563
23,5,90,1,40,0,0,0.43966,0.39715,1,1,0,1.453125
23,5,90,1,41,0,1,0.41653,0.93989,1,1,1,1.851563
23,5,90,1,42,0,1,0.57498,0.95581,1,1,1,1.523438
23,5,90,1,43,0,1,0.18972,0.43837,1,1,1,1.703125
23,5,90,1,44,-1,0,0.97849,0.27904,0,5,1,1.617188
23,5,90,1,45,0,1,0.10354,0.49522,0,1,0,1.765625
23,5,90,1,46,0,1,0.33104,0.55777,0,1,0,1.984375
23,5,90,1,47,0,1,0.25196,0.56913,0,1,0,1.3125
23,5,90,1,48,0,0,0.82325,0.095715,0,5,1,1.5625
23,5,90,1,49,0,1,0.79135,0.92295,0,1,0,1.398438
23,5,90,1,50,0,0,0.65286,0.16343,1,5,0,1.46875
23,6,100,4,1,0,1,0.1833,0.44651,1,1,1,1.75
23,6,100,4,2,0,1,0.81914,0.82395,1,1,1,1.289063
23,6,100,4,3,0,0,0.47039,0.15674,1,1,0,1.554688
23,6,100,4,4,0,0,0.95364,0.071937,0,5,1,1.3125
23,6,100,4,5,0,1,0.50507,0.51732,0,1,0,1.921875
23,6,100,4,6,0,0,0.39747,0.039338,1,5,0,1.515625
23,6,100,4,7,0,0,0.95256,0.91485,1,5,0,2.0625
23,6,100,4,8,0,1,0.16042,0.85341,1,5,1,1.546875
23,6,100,4,9,0,0,0.71504,0.48797,1,1,0,1.859375
23,6,100,4,10,0,1,0.10749,0.19496,0,5,0,1.898438
23,6,100,4,11,0,1,0.42499,0.87288,1,5,1,6.242188
23,6,100,4,12,0,1,0.35037,0.66171,1,1,1,1.09375
23,6,100,4,13,0,0,0.62022,0.52111,0,5,1,3.460938
23,6,100,4,14,0,0,0.56343,0.50998,0,1,1,1.421875
23,6,100,4,15,0,0,0.99134,0.22397,0,1,1,1.71875
23,6,100,4,16,0,0,0.36741,0.34907,1,1,0,2.210938
23,6,100,4,17,0,1,0.21776,0.59493,1,5,1,1.289063
23,6,100,4,18,0,1,0.69059,0.81113,0,1,0,1.015625
23,6,100,4,19,0,0,0.34096,0.30671,1,1,0,1.398438
23,6,100,4,20,0,1,0.8185,0.94822,1,5,1,1.75
23,6,100,4,21,0,1,0.011824,0.56112,1,1,1,1.46875
23,6,100,4,22,0,1,0.15916,0.82912,0,1,0,1.34375
23,6,100,4,23,0,1,0.18479,0.85093,1,5,1,1.148438
23,6,100,4,24,0,0,0.97118,0.30477,1,1,0,1.882813
23,6,100,4,25,0,1,0.50343,0.52527,0,5,0,1.585938
23,6,100,4,26,0,0,0.79663,0.11308,1,3,0,1.101563
23,6,100,4,27,0,1,0.15561,0.90423,1,1,1,1.28125
23,6,100,4,28,0,0,0.85814,0.17553,1,1,0,1.046875
23,6,100,4,29,0,1,0.48017,0.5835,1,1,1,1.015625
23,6,100,4,30,0,0,0.50273,0.14277,1,5,0,1.429688
23,6,100,4,31,0,0,0.50787,0.37117,1,1,0,0.9375
23,6,100,4,32,0,1,0.086605,0.1054,1,5,1,0.9375
23,6,100,4,33,0,0,0.87035,0.3754,1,3,0,1.398438
23,6,100,4,34,0,1,0.1263,0.85529,1,1,1,1.109375
23,6,100,4,35,0,1,0.07097,0.41881,1,1,1,0.7734375
23,6,100,4,36,0,0,0.26492,0.045104,1,1,0,1.304688
23,6,100,4,37,0,1,0.43059,0.70892,1,1,1,1.1875
23,6,100,4,38,0,1,0.087001,0.36214,1,1,1,1.460938
23,6,100,4,39,0,0,0.39258,0.11312,1,1,0,0.7578125
23,6,100,4,40,0,1,0.16299,0.18534,1,1,1,1.164063
23,6,100,4,41,0,1,0.44584,0.51479,1,1,1,1.25
23,6,100,4,42,0,0,0.82855,0.25633,1,1,0,2.117188
23,6,100,4,43,0,1,0.64206,0.76117,1,1,1,1.507813
23,6,100,4,44,0,0,0.72967,0.10614,1,2,0,1.5625
23,6,100,4,45,0,1,0.14475,0.59289,1,1,1,0.7421875
23,6,100,4,46,0,0,0.77677,0.69075,1,1,0,1.101563
23,6,100,4,47,0,1,0.013961,0.40349,1,5,1,0.9453125
23,6,100,4,48,0,0,0.63104,0.13864,0,1,1,1.3125
23,6,100,4,49,0,0,0.84776,0.13791,0,5,1,0.71875
23,6,100,4,50,0,0,0.3328,0.3235,1,1,0,1.375
24,1,50,1,1,1,0,0.06974,0.064751,1,1,0,2.242188
24,1,50,1,2,1,1,0.29648,0.96653,1,1,1,1.542969
24,1,50,1,3,1,0,0.44371,0.22444,1,1,0,1.511719
24,1,50,1,4,1,1,0.24191,0.98796,1,1,1,2.351563
24,1,50,1,5,-1,0,0.87823,0.55669,0,1,1,1.554688
24,1,50,1,6,-1,0,0.75374,0.40625,0,1,1,1.308594
24,1,50,1,7,-1,1,0.6265,0.85506,0,2,0,1.300781
24,1,50,1,8,-1,1,0.82222,0.959,0,1,0,1.300781
24,1,50,1,9,1,1,0.17374,0.56965,1,1,1,1.503906
24,1,50,1,10,1,1,0.14783,0.28866,1,1,1,2.214844
24,1,50,1,11,1,1,0.16325,0.23394,1,1,1,1.414063
24,1,50,1,12,-1,0,0.72636,0.18226,0,2,1,1.902344
24,1,50,1,13,1,1,0.40974,0.44221,1,2,1,1.183594
24,1,50,1,14,1,1,0.37761,0.7368,1,2,1,1.074219
24,1,50,1,15,1,1,0.3048,0.53652,1,2,1,1.121094
24,1,50,1,16,1,0,0.43033,0.080034,1,3,0,1.121094
24,1,50,1,17,1,0,0.066725,0.037459,1,3,0,1.332031
24,1,50,1,18,-1,0,0.53213,0.15649,0,2,1,1.300781
24,1,50,1,19,-1,1,0.64471,0.71014,0,2,0,1.238281
24,1,50,1,20,-1,0,0.85064,0.29287,0,2,1,1.753906
24,1,50,1,21,-1,1,0.53975,0.58647,0,2,0,1.28125
24,1,50,1,22,-1,0,0.8366,0.025994,0,2,1,1.261719
24,1,50,1,23,-1,0,0.61959,0.23504,0,2,1,1.242188
24,1,50,1,24,1,1,0.092391,0.29239,1,3,1,1.402344
24,1,50,1,25,1,1,0.15616,0.54346,1,3,1,1.472656
24,1,50,1,26,1,1,0.37958,0.59108,1,3,1,1.132813
24,1,50,1,27,1,1,0.057388,0.97188,1,3,1,0.96875
24,1,50,1,28,-1,0,0.72283,0.19019,0,3,1,1.832031
24,1,50,1,29,-1,1,0.57571,0.76809,0,3,0,1.273438
24,1,50,1,30,-1,0,0.99402,0.79665,0,3,1,2.234375
24,1,50,1,31,-1,0,0.95053,0.24059,0,3,1,1.429688
24,1,50,1,32,1,1,0.40248,0.78062,1,3,1,1.652344
24,1,50,1,33,1,1,0.25499,0.99403,1,3,1,2.105469
24,1,50,1,34,1,1,0.36076,0.95675,1,3,1,1.113281
24,1,50,1,35,-1,0,0.97107,0.94419,0,3,1,1.144531
24,1,50,1,36,1,0,0.36588,0.028987,1,4,0,1.03125
24,1,50,1,37,1,0,0.4242,0.34034,1,3,0,1.019531
24,1,50,1,38,1,1,0.1501,0.35034,1,3,1,1.0625
24,1,50,1,39,-1,0,0.70614,0.23463,0,3,1,1.132813
24,1,50,1,40,-1,0,0.8856,0.50192,0,3,1,1.148438
24,1,50,1,41,-1,1,0.93682,0.94439,0,3,0,1.058594
24,1,50,1,42,1,0,0.32163,0.054159,1,3,0,1.042969
24,1,50,1,43,1,0,0.38677,0.23264,1,3,0,1.0625
24,1,50,1,44,-1,0,0.95666,0.65741,0,3,1,1.050781
24,1,50,1,45,1,1,0.057402,0.66214,1,3,1,1.382813
24,1,50,1,46,1,0,0.22362,0.072249,1,3,0,1.183594
24,1,50,1,47,-1,0,0.82603,0.13214,0,3,1,1.203125
24,1,50,1,48,-1,1,0.66549,0.71529,0,3,0,2.042969
24,1,50,1,49,1,1,0.27357,0.78879,1,3,1,3.546875
24,1,50,1,50,1,1,0.18155,0.95436,1,3,1,1.082031
24,2,60,5,1,1,0,0.26084,0.02497,1,1,0,1.152344
24,2,60,5,2,-1,0,0.74098,0.068864,0,1,1,1.132813
24,2,60,5,3,1,1,0.20872,0.27291,1,1,1,1.363281
24,2,60,5,4,0,1,0.4115,0.51361,1,1,1,1.511719
24,2,60,5,5,1,1,0.066916,0.66348,1,1,1,1.167969
24,2,60,5,6,0,0,0.48508,0.36893,0,1,1,1.929688
24,2,60,5,7,1,1,0.27,0.33696,1,1,1,1.25
24,2,60,5,8,1,1,0.37914,0.71604,1,2,1,1.753906
24,2,60,5,9,1,1,0.34215,0.7139,1,2,1,1.945313
24,2,60,5,10,-1,0,0.92879,0.653,0,2,1,1.113281
24,2,60,5,11,1,0,0.2313,0.039762,1,2,0,1.179688
24,2,60,5,12,-1,0,0.96708,0.77531,0,2,1,1.222656
24,2,60,5,13,0,0,0.50419,0.13609,0,1,1,1.359375
24,2,60,5,14,1,1,0.3888,0.6921,1,3,1,1.25
24,2,60,5,15,1,1,0.081799,0.64757,1,3,1,1.582031
24,2,60,5,16,1,0,0.38787,0.20672,1,3,0,1.132813
24,2,60,5,17,1,1,0.16436,0.54881,1,3,1,1.3125
24,2,60,5,18,-1,0,0.80473,0.40939,0,3,1,1.03125
24,2,60,5,19,1,1,0.14468,0.21247,1,4,1,1.171875
24,2,60,5,20,1,1,0.34896,0.90188,1,4,1,1.089844
24,2,60,5,21,-1,1,0.69835,0.8743,0,4,0,1.3125
24,2,60,5,22,1,1,0.37416,0.57952,1,4,1,1.089844
24,2,60,5,23,-1,0,0.8231,0.32247,0,4,1,1.292969
24,2,60,5,24,-1,1,0.73317,0.80532,0,4,0,1.53125
24,2,60,5,25,-1,1,0.68911,0.73705,0,4,0,1.359375
24,2,60,5,26,1,1,0.01776,0.81407,1,3,1,3.335938
24,2,60,5,27,1,1,0.057579,0.8381,1,3,1,1.039063
24,2,60,5,28,-1,0,0.62539,0.066659,0,3,1,1.59375
24,2,60,5,29,1,0,0.29248,0.26461,1,3,0,1.121094
24,2,60,5,30,-1,0,0.95873,0.1005,0,3,1,1.402344
24,2,60,5,31,1,1,0.33277,0.73996,1,3,1,0.9023438
24,2,60,5,32,0,0,0.56593,0.25293,1,1,0,1.503906
24,2,60,5,33,1,1,0.003776,0.29427,1,3,1,1.363281
24,2,60,5,34,-1,0,0.93551,0.27733,0,3,1,1.464844
24,2,60,5,35,-1,0,0.8626,0.82849,0,3,1,1.3125
24,2,60,5,36,-1,0,0.81553,0.62782,0,3,1,1.199219
24,2,60,5,37,0,0,0.56007,0.35296,1,1,0,1.324219
24,2,60,5,38,1,0,0.17664,0.0070053,1,3,0,1.171875
24,2,60,5,39,-1,0,0.8372,0.82345,0,3,1,1.203125
24,2,60,5,40,1,1,0.068135,0.3514,1,3,1,1.140625
24,2,60,5,41,-1,0,0.82954,0.60847,0,3,1,1.238281
24,2,60,5,42,-1,0,0.92831,0.15518,0,3,1,1.242188
24,2,60,5,43,-1,0,0.79503,0.28971,0,3,1,1.109375
24,2,60,5,44,0,1,0.48251,0.95951,1,1,1,1.550781
24,2,60,5,45,1,1,0.040273,0.4364,1,3,1,1.070313
24,2,60,5,46,0,1,0.52509,0.80545,0,1,0,1.292969
24,2,60,5,47,0,0,0.55149,0.36758,0,1,1,1.28125
24,2,60,5,48,-1,0,0.68839,0.38377,0,3,1,1.492188
24,2,60,5,49,0,1,0.41262,0.61405,1,1,1,2.15625
24,2,60,5,50,-1,0,0.92328,0.1817,0,3,1,0.9335938
24,3,70,2,1,1,1,0.044955,0.75258,1,1,1,1.410156
24,3,70,2,2,1,1,0.082291,0.4214,1,1,1,1.324219
24,3,70,2,3,0,0,0.59248,0.2249,0,1,1,3.734375
24,3,70,2,4,-1,1,0.72053,0.81513,0,1,0,1.234375
24,3,70,2,5,1,1,0.021756,0.78538,1,1,1,0.9648438
24,3,70,2,6,-1,1,0.76966,0.95179,0,1,0,1.0
24,3,70,2,7,1,1,0.077783,0.6788,1,1,1,1.121094
24,3,70,2,8,0,0,0.4115,0.37888,1,1,0,2.03125
24,3,70,2,9,-1,1,0.7858,0.81845,0,1,0,1.511719
24,3,70,2,10,1,1,0.14824,0.82506,1,1,1,2.09375
24,3,70,2,11,1,1,0.27634,0.36059,1,1,1,1.332031
24,3,70,2,12,0,0,0.69469,0.30179,0,1,1,2.746094
24,3,70,2,13,-1,1,0.95737,0.99691,0,1,0,1.269531
24,3,70,2,14,0,1,0.51972,0.56207,0,1,0,2.0
24,3,70,2,15,-1,0,0.81384,0.61198,0,1,1,1.503906
24,3,70,2,16,0,1,0.34546,0.62294,0,1,0,2.484375
24,3,70,2,17,0,1,0.31673,0.34553,1,1,1,2.785156
24,3,70,2,18,-1,0,0.7624,0.62567,0,1,1,1.398438
24,3,70,2,19,1,1,0.11235,0.81595,1,1,1,1.382813
24,3,70,2,20,-1,1,0.71311,0.72781,0,1,0,1.210938
24,3,70,2,21,-1,0,0.92333,0.2618,0,1,1,1.71875
24,3,70,2,22,-1,1,0.88942,0.93813,0,1,0,1.421875
24,3,70,2,23,0,1,0.67004,0.7733,1,1,1,1.894531
24,3,70,2,24,1,1,0.29528,0.94638,1,1,1,1.242188
24,3,70,2,25,-1,0,0.92507,0.36566,0,1,1,1.5625
24,3,70,2,26,-1,0,0.90319,0.0048947,0,1,1,1.101563
24,3,70,2,27,1,1,0.090128,0.98759,1,2,1,1.101563
24,3,70,2,28,1,1,0.033708,0.96586,1,2,1,1.652344
24,3,70,2,29,1,1,0.28724,0.81598,1,2,1,1.167969
24,3,70,2,30,1,1,0.067816,0.8848,1,2,1,1.320313
24,3,70,2,31,0,1,0.31822,0.8598,1,2,1,1.675781
24,3,70,2,32,1,1,0.034112,0.68847,1,2,1,1.117188
24,3,70,2,33,0,0,0.59181,0.49901,1,2,0,1.671875
24,3,70,2,34,-1,0,0.99403,0.56281,1,2,0,1.371094
24,3,70,2,35,-1,0,0.95767,0.29733,1,1,0,1.332031
24,3,70,2,36,1,1,0.093821,0.68914,1,2,1,1.011719
24,3,70,2,37,1,0,0.033802,0.030848,1,2,0,1.101563
24,3,70,2,38,1,1,0.064363,0.13082,1,2,1,1.113281
24,3,70,2,39,0,1,0.42979,0.63242,1,2,1,1.972656
24,3,70,2,40,-1,0,0.96291,0.31069,1,2,0,1.902344
24,3,70,2,41,0,0,0.51106,0.0064901,0,2,1,3.222656
24,3,70,2,42,-1,0,0.81791,0.17922,0,2,1,1.195313
24,3,70,2,43,0,0,0.48601,0.0015189,1,2,0,1.902344
24,3,70,2,44,-1,0,0.85492,0.19553,0,2,1,2.113281
24,3,70,2,45,1,1,0.29097,0.76373,1,2,1,1.179688
24,3,70,2,46,-1,0,0.9997,0.3752,0,2,1,1.464844
24,3,70,2,47,1,1,0.28846,0.34199,1,2,1,1.101563
24,3,70,2,48,0,1,0.30886,0.84675,0,1,0,2.753906
24,3,70,2,49,-1,0,0.92633,0.88321,0,2,1,1.371094
24,3,70,2,50,0,1,0.40323,0.51437,1,1,1,1.851563
24,4,80,6,1,0,0,0.70401,0.57965,1,1,0,1.871094
24,4,80,6,2,1,1,0.12507,0.59058,1,1,1,1.230469
24,4,80,6,3,0,0,0.67373,0.37195,1,1,0,0.9101563
24,4,80,6,4,1,0,0.14974,0.06724,1,1,0,1.410156
24,4,80,6,5,0,1,0.63267,0.93842,0,1,0,1.492188
24,4,80,6,6,0,1,0.44122,0.75463,1,1,1,1.761719
24,4,80,6,7,0,1,0.29168,0.62218,1,1,1,0.9492188
24,4,80,6,8,0,0,0.6389,0.36223,1,1,0,1.363281
24,4,80,6,9,0,0,0.77418,0.64394,1,1,0,1.171875
24,4,80,6,10,0,1,0.48514,0.87272,0,1,0,1.089844
24,4,80,6,11,-1,1,0.84526,0.9708,0,1,0,1.472656
24,4,80,6,12,0,0,0.78354,0.10616,0,1,1,1.773438
24,4,80,6,13,0,1,0.48341,0.95944,1,1,1,1.101563
24,4,80,6,14,1,1,0.046143,0.31266,1,1,1,1.179688
24,4,80,6,15,0,1,0.49483,0.74952,0,1,0,0.9296875
24,4,80,6,16,-1,0,0.96722,0.49162,0,2,1,1.28125
24,4,80,6,17,1,1,0.093948,0.76439,1,2,1,1.210938
24,4,80,6,18,1,1,0.0091712,0.49601,1,2,1,1.253906
24,4,80,6,19,0,1,0.20748,0.85376,1,1,1,1.472656
24,4,80,6,20,1,1,0.16255,0.43123,1,2,1,1.121094
24,4,80,6,21,1,1,0.0020544,0.96803,1,2,1,1.28125
24,4,80,6,22,-1,0,0.96748,0.50696,0,2,1,1.160156
24,4,80,6,23,0,1,0.54211,0.85505,1,1,1,1.410156
24,4,80,6,24,0,0,0.54889,0.18656,1,1,0,1.339844
24,4,80,6,25,0,1,0.40097,0.53612,1,1,1,1.101563
24,4,80,6,26,-1,0,0.81995,0.30106,0,2,1,1.371094
24,4,80,6,27,1,1,0.063358,0.79328,1,3,1,0.9609375
24,4,80,6,28,0,0,0.51329,0.12939,0,1,1,1.273438
24,4,80,6,29,-1,0,0.8219,0.47615,0,3,1,1.324219
24,4,80,6,30,0,1,0.56316,0.6944,1,1,1,1.492188
24,4,80,6,31,0,1,0.29242,0.57566,1,1,1,1.082031
24,4,80,6,32,-1,1,0.87009,0.96983,0,3,0,1.230469
24,4,80,6,33,0,1,0.32582,0.38293,1,1,1,0.9609375
24,4,80,6,34,0,0,0.49683,0.44889,0,1,1,1.09375
24,4,80,6,35,1,1,0.030909,0.9273,1,3,1,0.9921875
24,4,80,6,36,1,1,0.02501,0.69806,1,3,1,1.152344
24,4,80,6,37,0,1,0.42481,0.75238,0,1,0,1.53125
24,4,80,6,38,0,1,0.40792,0.91582,1,1,1,1.441406
24,4,80,6,39,-1,0,0.88829,0.31439,0,3,1,1.261719
24,4,80,6,40,1,1,0.1089,0.93067,1,3,1,1.324219
24,4,80,6,41,1,1,0.14247,0.80491,1,3,1,1.199219
24,4,80,6,42,1,1,0.16677,0.77725,1,3,1,1.167969
24,4,80,6,43,1,1,0.019377,0.63648,1,3,1,1.140625
24,4,80,6,44,0,0,0.32461,0.30157,1,1,0,1.941406
24,4,80,6,45,-1,0,0.82162,0.41123,0,3,1,1.371094
24,4,80,6,46,0,1,0.56067,0.71392,1,1,1,1.351563
24,4,80,6,47,0,1,0.21534,0.90471,1,1,1,2.5625
24,4,80,6,48,1,1,0.19287,0.52655,1,3,1,1.441406
24,4,80,6,49,0,0,0.63472,0.60072,0,1,1,1.363281
24,4,80,6,50,0,0,0.75713,0.22796,0,1,1,1.242188
24,5,90,4,1,0,0,0.81912,0.37742,1,1,0,1.933594
24,5,90,4,2,1,1,0.077452,0.64002,1,1,1,1.171875
24,5,90,4,3,0,0,0.53273,0.28209,1,1,0,1.589844
24,5,90,4,4,0,0,0.39404,0.15746,0,1,1,2.003906
24,5,90,4,5,0,0,0.63262,0.43887,0,1,1,1.800781
24,5,90,4,6,0,0,0.54333,0.49743,0,1,1,1.394531
24,5,90,4,7,0,0,0.2091,0.1415,0,1,1,1.171875
24,5,90,4,8,-1,0,0.92021,0.69586,0,1,1,1.664063
24,5,90,4,9,0,0,0.77694,0.43575,0,1,1,1.324219
24,5,90,4,10,1,1,0.093373,0.56305,1,1,1,1.160156
24,5,90,4,11,1,1,0.02322,0.8504,1,2,1,1.121094
24,5,90,4,12,0,1,0.47984,0.77177,0,2,0,1.8125
24,5,90,4,13,0,1,0.52934,0.90736,0,1,0,1.644531
24,5,90,4,14,0,1,0.20863,0.49993,0,1,0,2.242188
24,5,90,4,15,0,0,0.88244,0.67711,1,1,0,1.714844
24,5,90,4,16,0,1,0.16017,0.17599,0,1,0,1.433594
24,5,90,4,17,0,1,0.1158,0.25816,0,1,0,1.320313
24,5,90,4,18,0,0,0.83553,0.37329,1,1,0,0.8320313
24,5,90,4,19,-1,0,0.90929,0.81649,0,2,1,1.3125
24,5,90,4,20,0,0,0.8187,0.40832,0,1,1,1.140625
24,5,90,4,21,0,0,0.54013,0.33855,1,1,0,1.53125
24,5,90,4,22,1,1,0.09842,0.18775,1,2,1,1.382813
24,5,90,4,23,0,1,0.83804,0.98282,1,1,1,2.054688
24,5,90,4,24,0,1,0.18284,0.94324,1,1,1,1.570313
24,5,90,4,25,1,1,0.0084486,0.21718,1,3,1,1.3125
24,5,90,4,26,0,1,0.47398,0.89495,1,1,1,2.070313
24,5,90,4,27,0,0,0.14715,0.11926,1,1,0,1.222656
24,5,90,4,28,0,1,0.22118,0.45681,1,1,1,1.800781
24,5,90,4,29,1,1,0.092593,0.23239,1,3,1,1.324219
24,5,90,4,30,-1,0,0.92279,0.33775,0,4,1,1.210938
24,5,90,4,31,1,1,0.061084,0.66014,1,4,1,1.234375
24,5,90,4,32,0,0,0.21962,0.20382,0,1,1,1.191406
24,5,90,4,33,0,1,0.12915,0.67291,0,1,0,1.273438
24,5,90,4,34,0,0,0.43414,0.18432,1,1,0,1.304688
24,5,90,4,35,0,1,0.64796,0.74153,1,1,1,1.3125
24,5,90,4,36,1,1,0.0073275,0.37292,1,5,1,1.339844
24,5,90,4,37,0,1,0.32796,0.63479,0,1,0,1.992188
24,5,90,4,38,0,1,0.62901,0.85384,1,1,1,2.011719
24,5,90,4,39,0,0,0.59099,0.24097,1,1,0,1.535156
24,5,90,4,40,0,1,0.36794,0.95812,1,1,1,1.804688
24,5,90,4,41,0,1,0.42111,0.57926,1,1,1,1.054688
24,5,90,4,42,1,1,0.079951,0.41786,1,5,1,1.289063
24,5,90,4,43,0,1,0.40571,0.63343,1,1,1,1.421875
24,5,90,4,44,0,1,0.2507,0.58403,0,1,0,3.144531
24,5,90,4,45,-1,1,0.95215,0.96318,0,5,0,1.414063
24,5,90,4,46,0,1,0.23028,0.92687,0,1,0,1.691406
24,5,90,4,47,0,1,0.24025,0.38139,0,1,0,1.644531
24,5,90,4,48,0,1,0.5058,0.51862,1,1,1,1.511719
24,5,90,4,49,0,1,0.12798,0.7483,1,1,1,1.300781
24,5,90,4,50,0,1,0.32589,0.52469,1,1,1,1.3125
24,6,100,3,1,0,1,0.73995,0.97603,0,1,0,2.125
24,6,100,3,2,0,0,0.87538,0.46521,0,1,1,1.542969
24,6,100,3,3,0,1,0.63635,0.67658,1,1,1,1.511719
24,6,100,3,4,0,1,0.39996,0.4492,0,1,0,1.773438
24,6,100,3,5,0,0,0.92383,0.80949,0,1,1,1.875
24,6,100,3,6,0,1,0.80804,0.94147,0,1,0,2.132813
24,6,100,3,7,0,0,0.54406,0.103,1,1,0,1.304688
24,6,100,3,8,0,0,0.52696,0.27687,0,1,1,2.269531
24,6,100,3,9,0,1,0.36563,0.57411,0,1,0,2.015625
24,6,100,3,10,0,1,0.63905,0.69633,0,1,0,1.039063
24,6,100,3,11,0,1,0.13097,0.1957,0,1,0,1.371094
24,6,100,3,12,0,1,0.38311,0.89774,1,1,1,1.414063
24,6,100,3,13,0,1,0.19698,0.95596,0,1,0,1.703125
24,6,100,3,14,0,0,0.81577,0.692,1,1,0,2.644531
24,6,100,3,15,0,0,0.68209,0.24145,0,1,1,1.101563
24,6,100,3,16,0,0,0.91366,0.24105,0,1,1,1.421875
24,6,100,3,17,0,0,0.12672,0.062991,1,1,0,1.902344
24,6,100,3,18,0,0,0.4175,0.3714,1,1,0,1.703125
24,6,100,3,19,0,1,0.2157,0.82781,1,1,1,1.980469
24,6,100,3,20,0,1,0.080425,0.75525,0,1,0,1.179688
24,6,100,3,21,0,0,0.43712,0.15149,0,1,1,1.128906
24,6,100,3,22,0,1,0.019751,0.69775,1,1,1,1.410156
24,6,100,3,23,0,1,0.45617,0.86294,1,1,1,1.160156
24,6,100,3,24,0,0,0.60224,0.24493,1,1,0,1.089844
24,6,100,3,25,0,1,0.20216,0.44436,0,1,0,1.222656
24,6,100,3,26,0,0,0.94335,0.76809,0,1,1,2.191406
24,6,100,3,27,0,1,0.69665,0.83808,1,1,1,2.042969
24,6,100,3,28,0,1,0.69572,0.77309,1,1,1,1.511719
24,6,100,3,29,0,0,0.89268,0.48737,1,1,0,1.492188
24,6,100,3,30,0,0,0.97309,0.43468,0,1,1,0.6484375
24,6,100,3,31,0,1,0.2659,0.99863,1,1,1,1.472656
24,6,100,3,32,0,1,0.28747,0.38022,1,1,1,1.082031
24,6,100,3,33,0,1,0.52269,0.84829,0,1,0,1.632813
24,6,100,3,34,0,0,0.93996,0.068748,0,1,1,2.753906
24,6,100,3,35,0,0,0.72073,0.4976,0,1,1,0.7421875
24,6,100,3,36,0,0,0.33465,0.26214,0,1,1,1.863281
24,6,100,3,37,0,0,0.6767,0.57313,0,1,1,0.78125
24,6,100,3,38,0,1,0.61644,0.73087,1,1,1,2.03125
24,6,100,3,39,0,0,0.21093,0.17304,1,1,0,1.535156
24,6,100,3,40,0,0,0.76963,0.46053,1,1,0,2.234375
24,6,100,3,41,0,1,0.21128,0.45256,0,1,0,1.871094
24,6,100,3,42,0,1,0.29338,0.95759,1,1,1,1.332031
24,6,100,3,43,0,0,0.81087,0.40721,1,1,0,3.242188
24,6,100,3,44,0,0,0.98631,0.1612,0,1,1,3.035156
24,6,100,3,45,0,1,0.67608,0.82731,0,1,0,1.773438
24,6,100,3,46,0,1,0.26053,0.49077,0,1,0,1.503906
24,6,100,3,47,0,0,0.25271,0.13258,0,1,1,1.773438
24,6,100,3,48,0,1,0.46978,0.5241,0,1,0,2.023438
24,6,100,3,49,0,1,0.23474,0.57087,1,1,1,2.675781
24,6,100,3,50,0,1,0.68876,0.76888,1,1,1,2.402344
25,1,50,2,1,-1,0,0.90676,0.47363,0,1,1,1.480469
25,1,50,2,2,-1,0,0.93186,0.48989,0,1,1,1.835938
25,1,50,2,3,-1,1,0.85421,0.91466,0,2,0,1.191406
25,1,50,2,4,-1,0,0.95063,0.072023,0,2,1,1.390625
25,1,50,2,5,-1,0,0.97891,0.17581,0,2,1,1.445313
25,1,50,2,6,1,1,0.17698,0.81804,1,3,1,1.261719
25,1,50,2,7,-1,0,0.79887,0.60592,0,3,1,1.449219
25,1,50,2,8,-1,1,0.50001,0.54755,0,4,0,1.300781
25,1,50,2,9,-1,0,0.92014,0.20579,0,4,1,1.28125
25,1,50,2,10,1,1,0.056471,0.36504,1,4,1,1.453125
25,1,50,2,11,-1,0,0.94387,0.85921,0,4,1,1.390625
25,1,50,2,12,1,1,0.44658,0.75064,1,4,1,1.253906
25,1,50,2,13,-1,0,0.78183,0.54375,0,4,1,1.011719
25,1,50,2,14,-1,0,0.91498,0.3217,0,4,1,1.3125
25,1,50,2,15,1,0,0.32476,0.2767,1,4,0,1.304688
25,1,50,2,16,-1,0,0.589,0.52529,0,4,1,1.34375
25,1,50,2,17,-1,0,0.68828,0.58966,0,4,1,1.148438
25,1,50,2,18,-1,0,0.98343,0.81755,0,4,1,1.242188
25,1,50,2,19,-1,0,0.51673,0.37661,0,4,1,3.355469
25,1,50,2,20,1,1,0.047953,0.14637,1,4,1,1.410156
25,1,50,2,21,1,1,0.21914,0.6701,1,4,1,2.632813
25,1,50,2,22,1,0,0.30975,0.20726,1,4,0,1.273438
25,1,50,2,23,1,1,0.45992,0.97741,1,4,1,1.339844
25,1,50,2,24,1,1,0.13754,0.6563,1,4,1,2.574219
25,1,50,2,25,1,1,0.28753,0.86718,1,4,1,1.472656
25,1,50,2,26,1,1,0.26428,0.95859,1,4,1,1.183594
25,1,50,2,27,1,1,0.010192,0.71671,1,4,1,1.421875
25,1,50,2,28,1,0,0.37358,0.18975,1,4,0,1.363281
25,1,50,2,29,-1,0,0.52653,0.22835,0,4,1,1.472656
25,1,50,2,30,-1,0,0.74619,0.48424,0,4,1,1.683594
25,1,50,2,31,-1,0,0.73625,0.6847,0,4,1,1.503906
25,1,50,2,32,1,0,0.43348,0.17955,1,4,0,1.355469
25,1,50,2,33,-1,0,0.71637,0.53346,0,4,1,1.582031
25,1,50,2,34,1,1,0.40246,0.92545,1,4,1,1.574219
25,1,50,2,35,-1,1,0.59166,0.66062,0,4,0,1.371094
25,1,50,2,36,-1,0,0.53535,0.24441,0,4,1,1.550781
25,1,50,2,37,-1,1,0.69772,0.79146,0,4,0,1.492188
25,1,50,2,38,1,1,0.30551,0.59161,1,4,1,1.265625
25,1,50,2,39,-1,0,0.72194,0.1753,0,4,1,1.203125
25,1,50,2,40,-1,0,0.9841,0.23446,0,4,1,1.242188
25,1,50,2,41,-1,1,0.68214,0.71471,0,4,0,1.230469
25,1,50,2,42,1,1,0.052272,0.27232,1,4,1,1.28125
25,1,50,2,43,1,1,0.093927,0.30711,1,4,1,1.359375
25,1,50,2,44,1,1,0.04409,0.17601,1,4,1,4.507813
25,1,50,2,45,-1,0,0.88834,0.8256,0,4,1,1.589844
25,1,50,2,46,-1,1,0.7429,0.93836,0,4,0,1.613281
25,1,50,2,47,1,1,0.1412,0.94238,1,4,1,1.371094
25,1,50,2,48,1,1,0.26052,0.8891,1,4,1,1.613281
25,1,50,2,49,1,1,0.054284,0.18581,1,4,1,1.261719
25,1,50,2,50,1,0,0.38877,0.30233,1,4,0,1.523438
25,2,60,3,1,1,1,0.095895,0.82363,1,1,1,1.542969
25,2,60,3,2,-1,0,0.82719,0.14401,0,1,1,1.359375
25,2,60,3,3,1,1,0.0050314,0.18647,1,2,1,1.179688
25,2,60,3,4,1,1,0.18404,0.86033,1,2,1,1.332031
25,2,60,3,5,1,1,0.17345,0.46553,1,3,1,1.242188
25,2,60,3,6,-1,0,0.98519,0.45519,0,3,1,1.332031
25,2,60,3,7,0,1,0.42564,0.63246,1,1,1,2.253906
25,2,60,3,8,1,1,0.084124,0.87246,1,3,1,1.484375
25,2,60,3,9,1,1,0.17995,0.60676,1,4,1,1.222656
25,2,60,3,10,1,1,0.39535,0.50924,1,4,1,1.289063
25,2,60,3,11,-1,0,0.98952,0.27105,0,4,1,1.429688
25,2,60,3,12,-1,0,0.77227,0.41521,0,4,1,1.542969
25,2,60,3,13,-1,0,0.67569,0.26597,0,4,1,1.410156
25,2,60,3,14,1,1,0.22103,0.99547,1,5,1,1.28125
25,2,60,3,15,1,1,0.17403,0.54337,1,5,1,1.351563
25,2,60,3,16,0,0,0.56517,0.3459,0,1,1,2.382813
25,2,60,3,17,-1,0,0.81063,0.7228,0,5,1,1.664063
25,2,60,3,18,1,1,0.0010587,0.97084,1,5,1,1.542969
25,2,60,3,19,1,1,0.0084716,0.696,1,5,1,1.359375
25,2,60,3,20,0,0,0.58306,0.211,1,1,0,2.011719
25,2,60,3,21,0,1,0.52361,0.92826,0,1,0,1.484375
25,2,60,3,22,1,1,0.014322,0.079932,1,5,1,1.371094
25,2,60,3,23,-1,0,0.76244,0.0070504,0,5,1,3.253906
25,2,60,3,24,1,1,0.26231,0.53433,1,5,1,1.171875
25,2,60,3,25,-1,0,0.86635,0.85391,0,5,1,1.070313
25,2,60,3,26,-1,0,0.95093,0.75961,0,5,1,1.25
25,2,60,3,27,0,1,0.45376,0.5242,1,1,1,1.703125
25,2,60,3,28,1,1,0.22442,0.5794,1,5,1,1.445313
25,2,60,3,29,1,1,0.099994,0.11589,1,5,1,1.378906
25,2,60,3,30,0,1,0.43781,0.52038,0,1,0,2.734375
25,2,60,3,31,-1,1,0.6551,0.73792,0,5,0,3.035156
25,2,60,3,32,1,1,0.053279,0.41892,1,5,1,2.222656
25,2,60,3,33,-1,1,0.74523,0.78967,0,5,0,1.394531
25,2,60,3,34,0,1,0.45909,0.99954,1,1,1,1.472656
25,2,60,3,35,-1,0,0.92537,0.85805,0,4,1,1.464844
25,2,60,3,36,1,1,0.23955,0.53011,1,4,1,1.554688
25,2,60,3,37,-1,0,0.9398,0.53008,0,4,1,1.644531
25,2,60,3,38,1,1,0.21564,0.66896,1,4,1,1.480469
25,2,60,3,39,1,0,0.23013,0.038795,1,4,0,1.273438
25,2,60,3,40,-1,0,0.9791,0.3892,0,4,1,1.113281
25,2,60,3,41,-1,1,0.64488,0.79377,0,4,0,1.511719
25,2,60,3,42,0,1,0.55386,0.61141,1,3,1,1.921875
25,2,60,3,43,0,1,0.45643,0.66966,0,3,0,1.75
25,2,60,3,44,1,0,0.02061,0.014005,1,4,0,1.269531
25,2,60,3,45,1,1,0.2092,0.89797,1,3,1,1.492188
25,2,60,3,46,1,1,0.37765,0.86667,1,3,1,1.460938
25,2,60,3,47,0,0,0.4069,0.16369,0,1,1,1.589844
25,2,60,3,48,-1,0,0.92854,0.86981,0,3,1,1.59375
25,2,60,3,49,1,1,0.27973,0.76314,1,3,1,1.191406
25,2,60,3,50,-1,0,0.73135,0.25388,0,3,1,1.285156
25,3,70,4,1,1,1,0.27428,0.95495,1,1,1,2.484375
25,3,70,4,2,1,1,0.011,0.74491,1,1,1,1.332031
25,3,70,4,3,0,0,0.45169,0.0074889,0,1,1,1.550781
25,3,70,4,4,-1,0,0.79861,0.78988,0,1,1,1.421875
25,3,70,4,5,1,1,0.23848,0.26597,1,2,1,1.34375
25,3,70,4,6,-1,0,0.95744,0.16889,0,2,1,1.171875
25,3,70,4,7,-1,1,0.90835,0.93254,0,3,0,1.441406
25,3,70,4,8,1,1,0.15403,0.76868,1,3,1,1.300781
25,3,70,4,9,0,0,0.47919,0.46423,1,1,0,1.84375
25,3,70,4,10,-1,0,0.95643,0.71945,0,3,1,1.25
25,3,70,4,11,0,0,0.59469,0.034377,1,1,0,1.53125
25,3,70,4,12,1,1,0.17098,0.45086,1,3,1,1.191406
25,3,70,4,13,0,1,0.30211,0.56565,0,1,0,2.382813
25,3,70,4,14,0,1,0.52592,0.70166,1,1,1,1.8125
25,3,70,4,15,0,0,0.6193,0.13465,0,1,1,1.792969
25,3,70,4,16,0,0,0.59777,0.26289,1,1,0,3.054688
25,3,70,4,17,0,0,0.67651,0.42717,0,1,1,1.441406
25,3,70,4,18,0,0,0.53459,0.11329,1,1,0,1.257813
25,3,70,4,19,1,1,0.24368,0.6987,0,1,0,1.132813
25,3,70,4,20,0,1,0.34875,0.64483,1,1,1,0.96875
25,3,70,4,21,0,0,0.52821,0.22153,0,1,1,1.964844
25,3,70,4,22,0,0,0.3867,0.17684,1,1,0,1.203125
25,3,70,4,23,0,1,0.5249,0.99858,1,1,1,1.21875
25,3,70,4,24,1,1,0.063805,0.79466,1,1,1,2.152344
25,3,70,4,25,0,0,0.56455,0.51733,1,1,0,1.332031
25,3,70,4,26,0,1,0.62627,0.69543,1,1,1,1.3125
25,3,70,4,27,0,0,0.65478,0.64677,0,1,1,1.984375
25,3,70,4,28,0,0,0.42136,0.16603,1,1,0,3.585938
25,3,70,4,29,-1,0,0.93609,0.29544,1,5,0,8.542969
25,3,70,4,30,0,1,0.55114,0.76234,0,1,0,1.210938
25,3,70,4,31,1,1,0.12803,0.37765,1,3,1,1.3125
25,3,70,4,32,1,1,0.20146,0.56339,1,3,1,1.183594
25,3,70,4,33,-1,0,0.94299,0.19072,0,3,1,1.324219
25,3,70,4,34,-1,1,0.85215,0.94129,0,3,0,1.613281
25,3,70,4,35,1,1,0.067622,0.25729,1,3,1,1.53125
25,3,70,4,36,-1,0,0.82961,0.75902,0,4,1,1.191406
25,3,70,4,37,-1,0,0.84904,0.61233,1,4,0,4.777344
25,3,70,4,38,0,0,0.43905,0.1158,1,3,0,2.464844
25,3,70,4,39,1,1,0.023544,0.064732,1,3,1,1.703125
25,3,70,4,40,0,1,0.45853,0.95399,0,1,0,1.414063
25,3,70,4,41,-1,0,0.84341,0.67798,0,3,1,1.570313
25,3,70,4,42,1,1,0.20923,0.81197,1,3,1,2.554688
25,3,70,4,43,-1,0,0.7605,0.50638,0,3,1,1.210938
25,3,70,4,44,1,1,0.15835,0.25435,1,3,1,2.589844
25,3,70,4,45,-1,0,0.93923,0.73811,0,3,1,2.644531
25,3,70,4,46,0,1,0.50174,0.5842,1,1,1,1.644531
25,3,70,4,47,0,0,0.58932,0.33937,0,2,1,1.601563
25,3,70,4,48,0,1,0.33872,0.74158,1,2,1,1.652344
25,3,70,4,49,-1,0,0.73647,0.69503,0,3,1,1.414063
25,3,70,4,50,-1,1,0.81133,0.8783,0,3,0,2.433594
25,4,80,1,1,0,1,0.4324,0.5863,0,1,0,6.488281
25,4,80,1,2,1,1,0.097473,0.50838,1,2,1,2.414063
25,4,80,1,3,1,1,0.15861,0.83284,1,2,1,1.464844
25,4,80,1,4,-1,0,0.99661,0.84725,0,2,1,1.492188
25,4,80,1,5,0,0,0.40777,0.16709,1,1,0,2.8125
25,4,80,1,6,1,1,0.16741,0.63997,1,2,1,1.542969
25,4,80,1,7,0,0,0.3345,0.29939,1,1,0,2.976563
25,4,80,1,8,-1,1,0.87621,0.92203,0,2,0,1.683594
25,4,80,1,9,0,1,0.61968,0.78805,0,1,0,2.042969
25,4,80,1,10,-1,0,0.81523,0.38404,0,2,1,1.5
25,4,80,1,11,0,0,0.57505,0.27368,1,1,0,2.324219
25,4,80,1,12,0,1,0.52832,0.79364,1,1,1,2.28125
25,4,80,1,13,0,1,0.76961,0.95003,0,1,0,1.542969
25,4,80,1,14,0,1,0.34298,0.49995,1,1,1,1.542969
25,4,80,1,15,-1,1,0.8807,0.8963,0,3,0,2.042969
25,4,80,1,16,0,0,0.48256,0.13456,1,1,0,1.558594
25,4,80,1,17,0,1,0.30847,0.44043,0,1,0,1.351563
25,4,80,1,18,-1,0,0.96128,0.57609,0,3,1,1.582031
25,4,80,1,19,0,0,0.70155,0.27603,1,1,0,1.992188
25,4,80,1,20,0,1,0.47103,0.50625,0,1,0,1.730469
25,4,80,1,21,0,0,0.64155,0.072765,0,1,1,1.953125
25,4,80,1,22,0,0,0.34048,0.10948,1,1,0,2.363281
25,4,80,1,23,0,0,0.2778,0.043988,0,1,1,1.792969
25,4,80,1,24,0,0,0.45776,0.3546,1,1,0,1.972656
25,4,80,1,25,0,0,0.53141,0.22393,0,1,1,1.730469
25,4,80,1,26,0,0,0.6728,0.17115,0,1,1,1.421875
25,4,80,1,27,0,1,0.3459,0.7547,0,1,0,1.683594
25,4,80,1,28,0,0,0.58639,0.3476,1,1,0,1.742188
25,4,80,1,29,0,1,0.34983,0.36729,0,1,0,1.53125
25,4,80,1,30,0,1,0.63572,0.7213,0,1,0,1.679688
25,4,80,1,31,-1,1,0.82829,0.84356,0,3,0,1.695313
25,4,80,1,32,0,0,0.54814,0.11529,1,1,0,1.964844
25,4,80,1,33,0,1,0.40047,0.87953,0,1,0,1.140625
25,4,80,1,34,0,1,0.2865,0.60875,1,1,1,1.464844
25,4,80,1,35,-1,1,0.84644,0.97123,0,3,0,1.261719
25,4,80,1,36,1,1,0.020084,0.20701,1,3,1,2.742188
25,4,80,1,37,0,0,0.29058,0.12994,0,1,1,1.414063
25,4,80,1,38,1,1,0.15985,0.7284,1,3,1,1.421875
25,4,80,1,39,-1,0,0.98339,0.35389,0,3,1,1.273438
25,4,80,1,40,1,1,0.12338,0.90218,1,3,1,1.210938
25,4,80,1,41,0,1,0.23929,0.93933,0,1,0,1.519531
25,4,80,1,42,0,1,0.4616,0.66697,1,1,1,2.035156
25,4,80,1,43,0,0,0.75722,0.71466,1,1,0,2.28125
25,4,80,1,44,0,1,0.37661,0.52778,0,1,0,1.300781
25,4,80,1,45,0,1,0.25344,0.55262,1,1,1,1.101563
25,4,80,1,46,0,1,0.5146,0.95927,0,1,0,1.25
25,4,80,1,47,0,1,0.22151,0.58128,0,1,0,1.320313
25,4,80,1,48,-1,0,0.93734,0.18718,0,3,1,1.371094
25,4,80,1,49,1,1,0.10188,0.46817,1,3,1,1.523438
25,4,80,1,50,1,1,0.080708,0.132,1,3,1,1.363281
25,5,90,6,1,0,1,0.28513,0.3865,1,1,1,2.636719
25,5,90,6,2,-1,0,0.97961,0.85782,0,2,1,2.523438
25,5,90,6,3,0,1,0.65492,0.68036,1,1,1,3.613281
25,5,90,6,4,0,1,0.10371,0.97159,0,1,0,1.503906
25,5,90,6,5,0,0,0.84318,0.68286,1,1,0,1.722656
25,5,90,6,6,0,1,0.25031,0.70463,0,1,0,0.7617188
25,5,90,6,7,0,0,0.77863,0.69383,0,1,1,0.640625
25,5,90,6,8,0,1,0.16824,0.88964,0,1,0,0.8125
25,5,90,6,9,0,0,0.4885,0.46986,0,1,1,0.5585938
25,5,90,6,10,0,1,0.37106,0.93295,0,1,0,0.609375
25,5,90,6,11,0,1,0.17788,0.73457,1,1,1,1.5625
25,5,90,6,12,0,1,0.31265,0.78752,1,1,1,2.855469
25,5,90,6,13,0,1,0.6621,0.69086,1,1,1,1.070313
25,5,90,6,14,0,0,0.848,0.11115,1,1,0,1.03125
25,5,90,6,15,0,1,0.18199,0.29979,0,1,0,1.023438
25,5,90,6,16,0,1,0.2684,0.69267,1,1,1,0.7382813
25,5,90,6,17,0,0,0.79878,0.064465,1,1,0,1.054688
25,5,90,6,18,0,1,0.11061,0.92466,1,1,1,1.121094
25,5,90,6,19,0,0,0.89173,0.47252,1,1,0,0.890625
25,5,90,6,20,0,1,0.1231,0.31371,1,1,1,0.6015625
25,5,90,6,21,0,0,0.67072,0.66404,1,1,0,0.8398438
25,5,90,6,22,1,1,0.062834,0.90671,1,1,1,0.8515625
25,5,90,6,23,0,0,0.79992,0.11389,1,1,0,1.160156
25,5,90,6,24,0,1,0.48918,0.76213,1,1,1,2.300781
25,5,90,6,25,0,0,0.65068,0.29255,1,1,0,1.050781
25,5,90,6,26,0,1,0.42212,0.98216,1,1,1,1.003906
25,5,90,6,27,0,1,0.16089,0.45485,1,1,1,1.078125
25,5,90,6,28,0,1,0.8421,0.89202,1,1,1,2.582031
25,5,90,6,29,0,1,0.51252,0.91068,1,1,1,1.339844
25,5,90,6,30,1,1,0.071213,0.68838,1,1,1,2.984375
25,5,90,6,31,0,0,0.21442,0.00071369,1,1,0,2.015625
25,5,90,6,32,-1,0,0.98696,0.19881,0,1,1,1.511719
25,5,90,6,33,1,1,0.037878,0.52927,1,1,1,1.464844
25,5,90,6,34,-1,0,0.97256,0.86134,0,1,1,2.78125
25,5,90,6,35,0,0,0.47803,0.27237,1,1,0,5.988281
25,5,90,6,36,0,0,0.53268,0.263,1,1,0,1.632813
25,5,90,6,37,0,1,0.41497,0.55161,0,1,0,1.140625
25,5,90,6,38,0,1,0.48322,0.58897,1,1,1,0.7890625
25,5,90,6,39,0,0,0.57805,0.52357,1,1,0,0.8554688
25,5,90,6,40,1,1,0.029874,0.1629,1,1,1,1.082031
25,5,90,6,41,0,0,0.85632,0.16097,1,1,0,2.5625
25,5,90,6,42,0,1,0.51084,0.83631,1,1,1,1.171875
25,5,90,6,43,0,0,0.56778,0.099977,1,1,0,1.21875
25,5,90,6,44,0,0,0.7634,0.2124,1,1,0,1.039063
25,5,90,6,45,1,1,0.0064921,0.46953,1,1,1,0.8007813
25,5,90,6,46,0,1,0.32316,0.4793,1,1,1,1.492188
25,5,90,6,47,0,0,0.74919,0.46329,1,1,0,0.9101563
25,5,90,6,48,0,0,0.488,0.4614,1,1,0,1.019531
25,5,90,6,49,0,1,0.60888,0.80836,1,1,1,1.242188
25,5,90,6,50,0,1,0.58001,0.97266,1,1,1,1.011719
25,6,100,5,1,0,1,0.26753,0.29606,0,1,0,1.261719
25,6,100,5,2,0,0,0.77481,0.28478,1,1,0,1.359375
25,6,100,5,3,0,1,0.65991,0.81552,0,1,0,1.390625
25,6,100,5,4,0,1,0.0081384,0.82738,0,1,0,2.945313
25,6,100,5,5,0,0,0.84419,0.32656,0,1,1,0.609375
25,6,100,5,6,0,0,0.40802,0.19926,1,1,0,1.472656
25,6,100,5,7,0,1,0.88544,0.99746,0,1,0,1.09375
25,6,100,5,8,0,0,0.61433,0.15859,0,1,1,1.171875
25,6,100,5,9,0,0,0.80266,0.33531,0,1,1,1.039063
25,6,100,5,10,0,0,0.4806,0.45605,1,1,0,1.359375
25,6,100,5,11,0,0,0.94817,0.70597,0,1,1,0.8007813
25,6,100,5,12,0,0,0.93542,0.70536,1,1,0,1.300781
25,6,100,5,13,0,1,0.096084,0.68255,0,1,0,0.8476563
25,6,100,5,14,0,0,0.99253,0.43126,1,1,0,1.074219
25,6,100,5,15,0,0,0.78193,0.7288,0,1,1,1.53125
25,6,100,5,16,0,1,0.33148,0.59629,0,1,0,1.351563
25,6,100,5,17,0,1,0.83455,0.89557,0,1,0,1.003906
25,6,100,5,18,0,0,0.62825,0.48264,1,1,0,4.046875
25,6,100,5,19,0,1,0.21515,0.77922,0,1,0,1.210938
25,6,100,5,20,0,1,0.045125,0.70899,1,1,1,1.519531
25,6,100,5,21,0,0,0.79338,0.52334,0,1,1,2.523438
25,6,100,5,22,0,1,0.48547,0.68671,1,1,1,1.582031
25,6,100,5,23,0,1,0.06802,0.82741,1,1,1,1.351563
25,6,100,5,24,0,1,0.34807,0.83808,1,1,1,1.972656
25,6,100,5,25,0,0,0.89273,0.57348,0,1,1,0.9921875
25,6,100,5,26,0,0,0.70304,0.45363,1,1,0,1.011719
25,6,100,5,27,0,0,0.33178,0.17109,0,1,1,0.8085938
25,6,100,5,28,0,1,0.72575,0.90021,0,1,0,0.9726563
25,6,100,5,29,0,0,0.72813,0.44732,1,1,0,0.578125
25,6,100,5,30,0,0,0.43713,0.18994,1,1,0,2.511719
25,6,100,5,31,0,0,0.75079,0.72791,0,1,1,0.84375
25,6,100,5,32,0,0,0.87843,0.76675,1,1,0,0.6679688
25,6,100,5,33,0,1,0.21457,0.27882,0,1,0,4.003906
25,6,100,5,34,0,1,0.14309,0.91512,1,1,1,3.695313
25,6,100,5,35,0,1,0.50325,0.98634,1,1,1,1.773438
25,6,100,5,36,0,0,0.75334,0.46774,0,1,1,1.019531
25,6,100,5,37,0,0,0.74124,0.70885,0,1,1,0.9921875
25,6,100,5,38,0,0,0.73947,0.50403,1,1,0,1.109375
25,6,100,5,39,0,0,0.75383,0.082199,0,1,1,2.246094
25,6,100,5,40,0,1,0.073706,0.35377,1,1,1,3.304688
25,6,100,5,41,0,1,0.19738,0.34893,1,1,1,1.25
25,6,100,5,42,0,0,0.80621,0.42437,0,1,1,1.511719
25,6,100,5,43,0,0,0.84725,0.22576,1,1,0,1.339844
25,6,100,5,44,0,1,0.24548,0.41004,0,1,0,0.7421875
25,6,100,5,45,0,0,0.6996,0.43382,1,1,0,1.792969
25,6,100,5,46,0,0,0.095253,0.058042,0,1,1,0.6171875
25,6,100,5,47,0,0,0.59492,0.097845,1,1,0,0.6679688
25,6,100,5,48,0,1,0.069136,0.59393,0,1,0,0.8085938
25,6,100,5,49,0,0,0.60693,0.081517,0,1,1,0.921875
25,6,100,5,50,0,1,0.22908,0.62526,0,1,0,3.117188
26,1,50,2,1,-1,0,0.6446,0.39442,0,2,1,1.8125
26,1,50,2,2,-1,0,0.57302,0.31468,0,2,1,1.109375
26,1,50,2,3,1,1,0.30565,0.36428,1,2,1,1.019531
26,1,50,2,4,-1,0,0.82528,0.063825,0,2,1,0.96875
26,1,50,2,5,-1,1,0.70368,0.9576,1,2,1,0.96875
26,1,50,2,6,1,1,0.31243,0.50984,1,2,1,1.140625
26,1,50,2,7,-1,0,0.6292,0.49148,0,2,1,1.308594
26,1,50,2,8,1,1,0.32439,0.76522,0,2,0,2.882813
26,1,50,2,9,-1,0,0.64128,0.28317,1,2,0,2.285156
26,1,50,2,10,1,1,0.12514,0.32844,0,2,0,1.910156
26,1,50,2,11,-1,0,0.70881,0.52446,0,2,1,1.351563
26,1,50,2,12,1,1,0.26648,0.35273,1,2,1,1.414063
26,1,50,2,13,-1,0,0.5167,0.39946,0,2,1,0.9648438
26,1,50,2,14,-1,0,0.77906,0.398,0,2,1,1.214844
26,1,50,2,15,1,1,0.11581,0.87262,1,2,1,1.011719
26,1,50,2,16,-1,0,0.82859,0.44341,0,2,1,0.9882813
26,1,50,2,17,-1,0,0.57765,0.056669,0,2,1,2.03125
26,1,50,2,18,1,1,0.32452,0.57214,1,2,1,0.9414063
26,1,50,2,19,-1,0,0.64371,0.56023,0,2,1,1.03125
26,1,50,2,20,1,1,0.0085586,0.22988,1,2,1,0.9101563
26,1,50,2,21,1,1,0.20611,0.56716,0,2,0,2.113281
26,1,50,2,22,1,0,0.47245,0.021988,1,2,0,0.921875
26,1,50,2,23,1,1,0.22966,0.79638,1,2,1,1.160156
26,1,50,2,24,-1,1,0.59079,0.87032,0,2,0,1.171875
26,1,50,2,25,-1,1,0.59241,0.6372,0,2,0,1.339844
26,1,50,2,26,1,1,0.13205,0.3205,1,2,1,1.128906
26,1,50,2,27,-1,0,0.6894,0.42272,0,2,1,1.363281
26,1,50,2,28,1,1,0.16328,0.78504,1,2,1,1.550781
26,1,50,2,29,-1,0,0.87071,0.21581,0,2,1,1.402344
26,1,50,2,30,-1,1,0.92983,0.97355,0,2,0,1.089844
26,1,50,2,31,1,0,0.24802,0.23164,1,2,0,0.9492188
26,1,50,2,32,1,1,0.043267,0.70729,0,2,0,1.660156
26,1,50,2,33,1,1,0.4846,0.81796,1,2,1,1.070313
26,1,50,2,34,1,1,0.49924,0.92963,0,2,0,0.8828125
26,1,50,2,35,-1,1,0.83197,0.96372,0,2,0,1.304688
26,1,50,2,36,1,1,0.43356,0.97754,1,2,1,0.8789063
26,1,50,2,37,1,0,0.41776,0.061164,1,2,0,1.113281
26,1,50,2,38,1,1,0.26552,0.6599,0,2,0,1.503906
26,1,50,2,39,-1,0,0.51709,0.21743,0,2,1,1.261719
26,1,50,2,40,1,1,0.38715,0.42352,1,2,1,1.132813
26,1,50,2,41,-1,0,0.82913,0.19147,0,2,1,1.3125
26,1,50,2,42,-1,1,0.78386,0.90384,0,2,0,1.253906
26,1,50,2,43,1,1,0.40806,0.67094,1,2,1,0.9882813
26,1,50,2,44,-1,0,0.69028,0.46521,0,2,1,1.03125
26,1,50,2,45,1,1,0.31926,0.74083,0,2,0,1.03125
26,1,50,2,46,1,0,0.49313,0.39635,1,2,0,1.011719
26,1,50,2,47,-1,0,0.91267,0.84316,0,2,1,1.234375
26,1,50,2,48,1,0,0.48983,0.41959,1,2,0,2.242188
26,1,50,2,49,-1,0,0.90702,0.24754,0,2,1,0.9101563
26,1,50,2,50,1,1,0.091199,0.51597,1,2,1,1.273438
26,2,60,1,1,-1,0,0.88524,0.86659,0,2,1,16.05078
26,2,60,1,2,-1,1,0.9354,0.9627,1,2,1,2.222656
26,2,60,1,3,1,1,0.2783,0.6759,1,2,1,2.0625
26,2,60,1,4,-1,1,0.65662,0.79196,0,2,0,3.503906
26,2,60,1,5,-1,0,0.6779,0.23721,0,2,1,1.492188
26,2,60,1,6,-1,0,0.7535,0.26642,1,2,0,1.304688
26,2,60,1,7,1,1,0.21443,0.4073,1,2,1,1.453125
26,2,60,1,8,1,1,0.30569,0.79693,1,2,1,2.265625
26,2,60,1,9,1,1,0.26825,0.71289,0,2,0,1.191406
26,2,60,1,10,-1,0,0.85049,0.31532,0,2,1,1.449219
26,2,60,1,11,1,1,0.18125,0.65335,1,2,1,2.023438
26,2,60,1,12,1,0,0.35576,0.32354,1,2,0,0.9804688
26,2,60,1,13,-1,1,0.86464,0.92461,1,2,1,2.023438
26,2,60,1,14,-1,0,0.94458,0.67153,0,2,1,1.351563
26,2,60,1,15,0,0,0.41578,0.095635,0,2,1,1.582031
26,2,60,1,16,-1,0,0.93388,0.41859,1,2,0,0.8125
26,2,60,1,17,1,1,0.14786,0.43998,1,2,1,1.402344
26,2,60,1,18,-1,0,0.83422,0.58464,0,2,1,1.558594
26,2,60,1,19,-1,1,0.79176,0.92937,0,2,0,0.9804688
26,2,60,1,20,-1,0,0.62422,0.38362,0,2,1,0.9375
26,2,60,1,21,0,1,0.46531,0.7212,1,2,1,1.582031
26,2,60,1,22,1,1,0.021601,0.61088,1,2,1,2.050781
26,2,60,1,23,1,1,0.10086,0.44243,0,2,0,2.050781
26,2,60,1,24,-1,0,0.87797,0.029127,0,2,1,1.582031
26,2,60,1,25,1,0,0.32909,0.30434,1,2,0,0.953125
26,2,60,1,26,-1,1,0.65081,0.77167,0,2,0,1.933594
26,2,60,1,27,0,0,0.54474,0.010286,1,2,0,2.203125
26,2,60,1,28,1,1,0.10876,0.19877,1,2,1,1.132813
26,2,60,1,29,1,0,0.36278,0.11868,0,2,1,1.101563
26,2,60,1,30,1,1,0.038187,0.26162,0,2,0,0.953125
26,2,60,1,31,0,1,0.50235,0.53169,0,2,0,1.640625
26,2,60,1,32,1,1,0.086196,0.138,0,2,0,0.7734375
26,2,60,1,33,1,1,0.054754,0.73049,0,2,0,0.9023438
26,2,60,1,34,1,0,0.3829,0.20324,0,2,1,1.632813
26,2,60,1,35,-1,0,0.69745,0.69317,0,2,1,1.582031
26,2,60,1,36,-1,0,0.65334,0.15373,0,2,1,1.242188
26,2,60,1,37,-1,0,0.93838,0.41187,1,2,0,1.035156
26,2,60,1,38,1,1,0.18191,0.38596,1,2,1,1.351563
26,2,60,1,39,-1,0,0.86217,0.47533,0,2,1,1.644531
26,2,60,1,40,0,0,0.51771,0.19237,0,2,1,1.761719
26,2,60,1,41,-1,0,0.9865,0.53652,0,2,1,1.554688
26,2,60,1,42,1,1,0.23186,0.88041,1,2,1,1.144531
26,2,60,1,43,1,1,0.088389,0.77276,0,2,0,1.363281
26,2,60,1,44,-1,1,0.74498,0.84253,0,2,0,1.289063
26,2,60,1,45,1,1,0.082905,0.46141,1,2,1,1.441406
26,2,60,1,46,-1,0,0.81907,0.79217,0,2,1,1.929688
26,2,60,1,47,1,1,0.332,0.48515,1,2,1,1.671875
26,2,60,1,48,1,0,0.12977,0.018321,0,2,1,1.523438
26,2,60,1,49,0,1,0.43384,0.48855,0,2,0,1.621094
26,2,60,1,50,1,1,0.29895,0.5649,1,2,1,1.832031
26,3,70,6,1,0,1,0.31435,0.81835,0,2,0,1.613281
26,3,70,6,2,0,1,0.52843,0.86511,1,2,1,0.5625
26,3,70,6,3,-1,0,0.98033,0.80767,0,2,1,0.4492188
26,3,70,6,4,0,0,0.59115,0.49724,0,2,1,1.453125
26,3,70,6,5,0,0,0.36683,0.024907,0,2,1,1.09375
26,3,70,6,6,0,1,0.62039,0.78846,1,2,1,0.6210938
26,3,70,6,7,0,1,0.57074,0.73929,0,2,0,1.140625
26,3,70,6,8,-1,0,0.81857,0.66049,0,2,1,0.8710938
26,3,70,6,9,-1,0,0.82763,0.76582,0,2,1,0.9101563
26,3,70,6,10,-1,0,0.77896,0.22223,0,2,1,1.121094
26,3,70,6,11,0,0,0.61641,0.0038457,0,2,1,1.71875
26,3,70,6,12,1,1,0.04827,0.77216,1,2,1,0.96875
26,3,70,6,13,0,1,0.68677,0.94867,0,2,0,0.859375
26,3,70,6,14,-1,0,0.83806,0.1547,0,2,1,1.441406
26,3,70,6,15,0,1,0.37824,0.46232,1,2,1,0.9101563
26,3,70,6,16,1,1,0.29578,0.38377,1,2,1,1.300781
26,3,70,6,17,-1,0,0.74841,0.52894,0,2,1,1.0625
26,3,70,6,18,0,0,0.68357,0.51338,0,2,1,1.28125
26,3,70,6,19,-1,0,0.79485,0.087171,0,2,1,1.050781
26,3,70,6,20,-1,1,0.73424,0.92304,0,2,0,1.011719
26,3,70,6,21,1,1,0.14019,0.48478,1,2,1,0.9609375
26,3,70,6,22,1,1,0.055539,0.64336,1,2,1,1.023438
26,3,70,6,23,1,1,0.2223,0.85982,0,2,0,0.8085938
26,3,70,6,24,-1,0,0.85941,0.59359,0,2,1,0.96875
26,3,70,6,25,-1,0,0.79626,0.19257,0,2,1,1.019531
26,3,70,6,26,0,0,0.64275,0.20352,0,2,1,1.0
26,3,70,6,27,0,1,0.58189,0.6671,0,2,0,1.0
26,3,70,6,28,-1,0,0.87011,0.602,0,2,1,1.0
26,3,70,6,29,0,1,0.4892,0.69466,1,2,1,0.9804688
26,3,70,6,30,0,1,0.47809,0.89851,0,2,0,1.011719
26,3,70,6,31,1,1,0.2921,0.88422,0,2,0,0.8476563
26,3,70,6,32,0,0,0.59999,0.56631,0,2,1,1.039063
26,3,70,6,33,-1,1,0.75896,0.79859,0,2,0,1.089844
26,3,70,6,34,1,1,0.17536,0.53522,1,2,1,1.242188
26,3,70,6,35,1,1,0.090373,0.62638,1,2,1,1.363281
26,3,70,6,36,-1,1,0.74032,0.75733,0,2,0,1.039063
26,3,70,6,37,0,1,0.47346,0.95955,0,2,0,1.171875
26,3,70,6,38,0,1,0.67261,0.92176,0,2,0,1.101563
26,3,70,6,39,0,0,0.67834,0.078046,1,2,0,1.453125
26,3,70,6,40,0,1,0.37147,0.61115,0,2,0,1.039063
26,3,70,6,41,1,1,0.25547,0.8291,1,2,1,2.363281
26,3,70,6,42,-1,0,0.72347,0.19317,0,2,1,1.058594
26,3,70,6,43,1,1,0.10808,0.27447,1,2,1,1.421875
26,3,70,6,44,1,1,0.14775,0.93087,1,2,1,1.160156
26,3,70,6,45,0,0,0.5481,0.4485,0,2,1,1.023438
26,3,70,6,46,0,1,0.65748,0.67818,0,2,0,1.070313
26,3,70,6,47,1,1,0.23183,0.83422,1,2,1,1.183594
26,3,70,6,48,0,1,0.47327,0.65166,0,2,0,0.9648438
26,3,70,6,49,1,1,0.082048,0.35458,1,2,1,1.210938
26,3,70,6,50,0,0,0.47513,0.14032,0,2,1,0.9296875
26,4,80,3,1,1,1,0.19447,0.8576,1,2,1,1.222656
26,4,80,3,2,0,1,0.22227,0.96574,0,2,0,3.613281
26,4,80,3,3,0,0,0.63413,0.39994,1,2,0,1.023438
26,4,80,3,4,-1,0,0.88778,0.16986,0,2,1,1.105469
26,4,80,3,5,-1,0,0.88693,0.10089,0,2,1,1.230469
26,4,80,3,6,0,1,0.35553,0.4188,1,2,1,3.242188
26,4,80,3,7,0,0,0.67663,0.61304,0,2,1,1.261719
26,4,80,3,8,0,1,0.54806,0.90145,0,2,0,1.164063
26,4,80,3,9,1,1,0.096992,0.20909,1,2,1,1.03125
26,4,80,3,10,0,1,0.22658,0.53909,0,2,0,1.058594
26,4,80,3,11,-1,0,0.9902,0.4666,0,2,1,1.160156
26,4,80,3,12,0,1,0.61843,0.92903,1,2,1,2.332031
26,4,80,3,13,-1,0,0.94307,0.86977,0,2,1,1.089844
26,4,80,3,14,0,0,0.6634,0.47356,0,2,1,3.894531
26,4,80,3,15,0,1,0.7054,0.71866,0,2,0,1.070313
26,4,80,3,16,0,0,0.51795,0.27977,1,2,0,1.070313
26,4,80,3,17,0,1,0.61405,0.95375,0,2,0,1.03125
26,4,80,3,18,-1,0,0.96681,0.52443,0,2,1,1.152344
26,4,80,3,19,0,1,0.7225,0.74867,1,2,1,1.164063
26,4,80,3,20,-1,0,0.91646,0.24636,0,2,1,0.8984375
26,4,80,3,21,0,0,0.72287,0.29086,0,2,1,0.9335938
26,4,80,3,22,0,1,0.75213,0.84683,1,2,1,0.9609375
26,4,80,3,23,1,1,0.055007,0.97035,1,2,1,1.492188
26,4,80,3,24,0,0,0.78763,0.43314,0,2,1,1.0625
26,4,80,3,25,1,1,0.10564,0.80816,1,2,1,0.9492188
26,4,80,3,26,-1,0,0.84276,0.22039,0,2,1,0.9648438
26,4,80,3,27,1,1,0.046899,0.90665,1,2,1,1.074219
26,4,80,3,28,0,1,0.45775,0.96548,0,2,0,1.0
26,4,80,3,29,0,0,0.50062,0.24894,1,2,0,1.128906
26,4,80,3,30,0,0,0.65873,0.25953,0,2,1,1.089844
26,4,80,3,31,-1,0,0.98141,0.71905,0,2,1,1.191406
26,4,80,3,32,0,1,0.34288,0.66993,1,2,1,1.273438
26,4,80,3,33,-1,0,0.97797,0.11563,0,2,1,0.9609375
26,4,80,3,34,0,1,0.6489,0.70942,1,2,1,1.542969
26,4,80,3,35,0,1,0.33656,0.78065,0,2,0,0.8203125
26,4,80,3,36,0,0,0.50855,0.22952,0,2,1,1.5
26,4,80,3,37,0,1,0.47269,0.62398,0,2,0,1.433594
26,4,80,3,38,0,0,0.61819,0.33755,0,2,1,1.421875
26,4,80,3,39,0,0,0.27117,0.036331,1,2,0,1.113281
26,4,80,3,40,0,1,0.50587,0.56418,0,2,0,0.9921875
26,4,80,3,41,0,0,0.29195,0.24472,0,2,1,1.941406
26,4,80,3,42,0,0,0.45736,0.059011,0,2,1,1.234375
26,4,80,3,43,0,1,0.41308,0.46655,0,2,0,1.152344
26,4,80,3,44,0,1,0.48424,0.59434,1,2,1,1.671875
26,4,80,3,45,1,1,0.021364,0.90279,1,2,1,1.3125
26,4,80,3,46,1,1,0.067375,0.3068,0,2,0,1.082031
26,4,80,3,47,1,1,0.15944,0.49918,1,2,1,1.121094
26,4,80,3,48,1,1,0.016868,0.8613,1,2,1,1.101563
26,4,80,3,49,1,1,0.060062,0.80706,1,2,1,1.109375
26,4,80,3,50,0,1,0.31579,0.501,1,2,1,1.191406
26,5,90,4,1,0,1,0.23623,0.41363,0,2,0,1.238281
26,5,90,4,2,0,1,0.45022,0.95069,0,2,0,1.351563
26,5,90,4,3,0,1,0.48168,0.96508,1,2,1,1.210938
26,5,90,4,4,0,0,0.81611,0.60257,0,2,1,1.101563
26,5,90,4,5,0,1,0.74476,0.87465,0,2,0,1.261719
26,5,90,4,6,0,1,0.24084,0.71587,1,2,1,1.0625
26,5,90,4,7,0,1,0.20587,0.98186,0,2,0,1.292969
26,5,90,4,8,0,0,0.27936,0.15414,1,2,0,0.890625
26,5,90,4,9,0,1,0.6855,0.72714,0,2,0,1.371094
26,5,90,4,10,0,1,0.64218,0.93106,0,2,0,1.242188
26,5,90,4,11,0,1,0.39681,0.42576,1,2,1,0.5742188
26,5,90,4,12,0,1,0.18825,0.75471,1,2,1,1.523438
26,5,90,4,13,0,0,0.51084,0.2765,1,2,0,0.921875
26,5,90,4,14,0,0,0.70527,0.34837,0,2,1,0.9101563
26,5,90,4,15,0,0,0.88487,0.27519,0,2,1,1.089844
26,5,90,4,16,0,0,0.13611,0.010984,0,2,1,1.191406
26,5,90,4,17,0,1,0.86803,0.91881,0,2,0,0.8984375
26,5,90,4,18,0,1,0.27434,0.35304,1,2,1,0.9140625
26,5,90,4,19,0,1,0.38278,0.62379,0,2,0,0.8710938
26,5,90,4,20,0,0,0.62484,0.077304,0,2,1,0.8203125
26,5,90,4,21,1,1,0.090838,0.38473,1,2,1,1.164063
26,5,90,4,22,0,1,0.31501,0.44168,0,2,0,1.21875
26,5,90,4,23,0,1,0.4265,0.76518,1,2,1,1.351563
26,5,90,4,24,0,1,0.59053,0.90089,0,2,0,1.832031
26,5,90,4,25,1,1,0.032796,0.74227,1,2,1,1.453125
26,5,90,4,26,0,0,0.88598,0.32267,0,2,1,0.9921875
26,5,90,4,27,0,0,0.50166,0.4033,1,2,0,3.894531
26,5,90,4,28,-1,0,0.9315,0.26505,0,2,1,1.589844
26,5,90,4,29,-1,0,0.96029,0.80306,0,2,1,1.050781
26,5,90,4,30,0,1,0.17627,0.71702,1,2,1,1.292969
26,5,90,4,31,0,1,0.5832,0.66184,0,2,0,1.441406
26,5,90,4,32,1,1,0.083449,0.44583,1,2,1,0.9609375
26,5,90,4,33,0,1,0.43027,0.89675,0,2,0,1.585938
26,5,90,4,34,1,0,0.088622,0.016198,1,2,0,1.183594
26,5,90,4,35,0,0,0.79935,0.12162,0,2,1,0.9804688
26,5,90,4,36,0,1,0.54207,0.66057,1,2,1,1.433594
26,5,90,4,37,0,1,0.30834,0.95492,0,2,0,1.054688
26,5,90,4,38,-1,0,0.97057,0.72417,0,2,1,1.277344
26,5,90,4,39,0,1,0.53413,0.87891,0,2,0,1.191406
26,5,90,4,40,0,0,0.8258,0.47033,1,2,0,0.96875
26,5,90,4,41,1,1,0.0155,0.19976,1,2,1,1.113281
26,5,90,4,42,0,0,0.71469,0.21475,0,2,1,0.9804688
26,5,90,4,43,0,1,0.41892,0.84029,0,2,0,1.121094
26,5,90,4,44,1,1,0.027335,0.89859,1,2,1,1.019531
26,5,90,4,45,0,0,0.78753,0.23829,1,2,0,1.25
26,5,90,4,46,0,0,0.62528,0.49369,0,2,1,1.054688
26,5,90,4,47,0,0,0.67787,0.27599,0,2,1,1.203125
26,5,90,4,48,0,1,0.26107,0.38556,0,2,0,0.9921875
26,5,90,4,49,0,0,0.86262,0.56199,1,2,0,1.5625
26,5,90,4,50,0,1,0.51836,0.94172,0,2,0,0.9101563
26,6,100,5,1,0,1,0.14008,0.47121,1,2,1,1.09375
26,6,100,5,2,0,0,0.55378,0.54231,0,2,1,1.082031
26,6,100,5,3,0,1,0.067956,0.63342,0,2,0,0.7421875
26,6,100,5,4,0,1,0.31895,0.79001,1,2,1,0.921875
26,6,100,5,5,0,1,0.13357,0.66285,0,2,0,0.7929688
26,6,100,5,6,0,0,0.60885,0.33573,1,2,0,1.023438
26,6,100,5,7,0,0,0.90033,0.022845,0,2,1,0.7890625
26,6,100,5,8,0,1,0.17507,0.3678,0,2,0,0.8203125
26,6,100,5,9,0,0,0.67836,0.11645,1,2,0,0.9804688
26,6,100,5,10,0,1,0.88491,0.97445,0,2,0,0.6328125
26,6,100,5,11,0,0,0.79159,0.64521,0,2,1,0.859375
26,6,100,5,12,0,1,0.44018,0.86159,0,2,0,0.9335938
26,6,100,5,13,0,1,0.22014,0.81672,1,2,1,0.9804688
26,6,100,5,14,0,1,0.029785,0.48981,1,2,1,0.890625
26,6,100,5,15,0,1,0.36349,0.64423,1,2,1,0.8710938
26,6,100,5,16,0,0,0.9335,0.85329,0,2,1,0.9921875
26,6,100,5,17,0,0,0.67928,0.22491,0,2,1,0.8789063
26,6,100,5,18,0,1,0.029197,0.80335,0,2,0,0.4335938
26,6,100,5,19,0,0,0.66935,0.3729,1,2,0,13.14063
26,6,100,5,20,0,1,0.251,0.43944,0,2,0,0.671875
26,6,100,5,21,0,0,0.73678,0.33121,0,2,1,2.132813
26,6,100,5,22,0,1,0.039181,0.4094,0,2,0,1.070313
26,6,100,5,23,0,0,0.83228,0.7432,0,2,1,2.824219
26,6,100,5,24,0,1,0.028497,0.10674,0,2,0,1.148438
26,6,100,5,25,0,1,0.56002,0.92305,1,2,1,1.03125
26,6,100,5,26,0,0,0.97145,0.084889,0,2,1,1.914063
26,6,100,5,27,0,1,0.48923,0.98279,0,2,0,1.320313
26,6,100,5,28,0,0,0.70371,0.48919,1,2,0,1.199219
26,6,100,5,29,0,0,0.95949,0.22841,0,2,1,0.9023438
26,6,100,5,30,0,0,0.64525,0.21729,0,2,1,4.257813
26,6,100,5,31,0,1,0.75583,0.91305,1,2,1,3.574219
26,6,100,5,32,0,1,0.28285,0.59022,0,2,0,1.050781
26,6,100,5,33,0,1,0.23655,0.86176,0,2,0,2.222656
26,6,100,5,34,0,0,0.93843,0.74058,1,2,0,0.8710938
26,6,100,5,35,0,1,0.028653,0.41364,0,2,0,0.6601563
26,6,100,5,36,0,0,0.61993,0.046462,0,2,1,1.042969
26,6,100,5,37,0,0,0.94056,0.55208,0,2,1,1.414063
26,6,100,5,38,0,1,0.30149,0.65037,0,2,0,1.070313
26,6,100,5,39,0,0,0.52966,0.23681,1,2,0,1.101563
26,6,100,5,40,0,1,0.67693,0.84723,0,2,0,1.011719
26,6,100,5,41,0,0,0.76049,0.21088,0,2,1,1.59375
26,6,100,5,42,0,1,0.68236,0.90223,0,2,0,1.015625
26,6,100,5,43,0,1,0.60363,0.96809,1,2,1,2.515625
26,6,100,5,44,0,1,0.21576,0.6106,0,2,0,0.859375
26,6,100,5,45,0,1,0.20654,0.70036,1,2,1,0.8515625
26,6,100,5,46,0,1,0.6685,0.75537,0,2,0,1.726563
26,6,100,5,47,0,0,0.78632,0.17971,0,2,1,0.9101563
26,6,100,5,48,0,0,0.80077,0.46271,1,2,0,1.324219
26,6,100,5,49,0,0,0.43014,0.32051,0,2,1,0.9414063
26,6,100,5,50,0,0,0.73585,0.10593,0,2,1,0.9296875
27,1,50,2,1,-1,0,0.97369,0.20891,0,3,1,2.078125
27,1,50,2,2,1,0,0.39857,0.30958,1,3,0,1.085938
27,1,50,2,3,1,1,0.092723,0.99592,1,3,1,1.210938
27,1,50,2,4,1,1,0.10166,0.51511,1,3,1,2.46875
27,1,50,2,5,-1,1,0.54591,0.5627,0,3,0,1.039063
27,1,50,2,6,-1,0,0.85698,0.73256,0,2,1,1.210938
27,1,50,2,7,-1,1,0.51152,0.85572,0,2,0,1.15625
27,1,50,2,8,-1,0,0.77962,0.35241,0,2,1,2.15625
27,1,50,2,9,-1,0,0.96023,0.2925,0,2,1,1.03125
27,1,50,2,10,1,1,0.23174,0.7382,1,2,1,1.882813
27,1,50,2,11,1,0,0.21272,0.0231,1,3,0,1.0
27,1,50,2,12,-1,1,0.57574,0.83418,0,2,0,0.859375
27,1,50,2,13,-1,1,0.83723,0.9504,0,2,0,1.085938
27,1,50,2,14,1,1,0.14442,0.64751,1,2,1,1.507813
27,1,50,2,15,-1,0,0.73802,0.49949,0,2,1,2.117188
27,1,50,2,16,1,0,0.42275,0.072069,1,2,0,1.476563
27,1,50,2,17,-1,0,0.61637,0.45863,0,2,1,0.953125
27,1,50,2,18,1,1,0.056314,0.56973,1,2,1,3.976563
27,1,50,2,19,1,1,0.22242,0.3809,1,2,1,1.226563
27,1,50,2,20,-1,1,0.64183,0.85663,0,2,0,1.179688
27,1,50,2,21,1,1,0.47793,0.8434,1,2,1,1.296875
27,1,50,2,22,-1,0,0.82033,0.24749,1,1,0,2.210938
27,1,50,2,23,-1,0,0.51473,0.34257,0,2,1,3.023438
27,1,50,2,24,1,1,0.040977,0.82517,1,2,1,0.9921875
27,1,50,2,25,1,0,0.24228,0.072054,1,2,0,1.039063
27,1,50,2,26,-1,1,0.8935,0.90182,0,2,0,1.828125
27,1,50,2,27,-1,0,0.8361,0.1472,0,2,1,2.679688
27,1,50,2,28,1,1,0.36216,0.7705,1,2,1,1.40625
27,1,50,2,29,1,1,0.27176,0.32216,1,2,1,1.046875
27,1,50,2,30,1,0,0.27711,0.16211,1,2,0,1.0
27,1,50,2,31,1,1,0.40933,0.60226,1,2,1,1.164063
27,1,50,2,32,1,1,0.03831,0.50573,1,2,1,3.632813
27,1,50,2,33,-1,0,0.63502,0.61374,0,2,1,1.476563
27,1,50,2,34,-1,1,0.50287,0.56133,0,2,0,1.484375
27,1,50,2,35,1,0,0.35958,0.1542,1,2,0,0.953125
27,1,50,2,36,1,1,0.358,0.70773,1,2,1,1.101563
27,1,50,2,37,1,1,0.38,0.54836,1,2,1,1.085938
27,1,50,2,38,1,0,0.2664,0.17403,1,2,0,1.078125
27,1,50,2,39,-1,1,0.79978,0.90195,0,2,0,1.046875
27,1,50,2,40,-1,0,0.68257,0.18938,0,2,1,1.257813
27,1,50,2,41,-1,0,0.79176,0.25035,0,2,1,1.3125
27,1,50,2,42,-1,0,0.96017,0.93792,0,2,1,17.36719
27,1,50,2,43,-1,0,0.77184,0.63425,0,2,1,1.851563
27,1,50,2,44,-1,1,0.71916,0.78356,0,2,0,1.46875
27,1,50,2,45,-1,0,0.83395,0.19709,0,2,1,1.257813
27,1,50,2,46,-1,0,0.71582,0.33114,0,2,1,1.382813
27,1,50,2,47,-1,0,0.83363,0.56839,0,2,1,1.859375
27,1,50,2,48,1,1,0.23777,0.35075,1,2,1,2.0625
27,1,50,2,49,-1,0,0.6552,0.45418,0,2,1,2.046875
27,1,50,2,50,1,1,0.34048,0.82185,1,2,1,2.15625
27,2,60,3,1,0,1,0.58482,0.95869,0,1,0,2.46875
27,2,60,3,2,1,1,0.17857,0.33211,1,2,1,0.9765625
27,2,60,3,3,1,0,0.39419,0.097916,1,2,0,1.007813
27,2,60,3,4,-1,0,0.9594,0.52225,0,2,1,1.03125
27,2,60,3,5,0,0,0.50453,0.30607,1,1,0,2.117188
27,2,60,3,6,-1,0,0.81295,0.3492,0,2,1,2.53125
27,2,60,3,7,1,1,0.067872,0.40409,1,2,1,1.09375
27,2,60,3,8,-1,0,0.67949,0.5815,0,2,1,1.070313
27,2,60,3,9,-1,0,0.96944,0.20402,0,2,1,1.085938
27,2,60,3,10,1,0,0.17251,0.10033,1,3,0,1.773438
27,2,60,3,11,0,1,0.52344,0.93047,0,1,0,1.648438
27,2,60,3,12,1,1,0.11074,0.46452,1,2,1,1.234375
27,2,60,3,13,1,1,0.34768,0.38117,1,2,1,1.140625
27,2,60,3,14,0,1,0.57796,0.69691,1,1,1,1.320313
27,2,60,3,15,-1,0,0.89453,0.63633,0,3,1,1.109375
27,2,60,3,16,-1,1,0.80972,0.94821,0,3,0,1.007813
27,2,60,3,17,-1,0,0.99053,0.02637,0,3,1,0.9921875
27,2,60,3,18,1,1,0.17535,0.52368,1,3,1,1.03125
27,2,60,3,19,1,1,0.052395,0.27392,1,3,1,1.023438
27,2,60,3,20,-1,0,0.84351,0.05797,0,3,1,1.085938
27,2,60,3,21,0,1,0.48124,0.97797,1,1,1,2.070313
27,2,60,3,22,0,0,0.48727,0.040272,1,1,0,0.859375
27,2,60,3,23,0,0,0.46829,0.27486,1,1,0,1.382813
27,2,60,3,24,1,1,0.11072,0.8269,1,3,1,1.039063
27,2,60,3,25,1,1,0.17306,0.2697,1,3,1,1.03125
27,2,60,3,26,-1,0,0.90543,0.8771,0,3,1,1.078125
27,2,60,3,27,1,1,0.0031789,0.6723,1,3,1,0.625
27,2,60,3,28,0,1,0.53869,0.86924,1,1,1,1.703125
27,2,60,3,29,1,1,0.26998,0.39906,1,3,1,1.59375
27,2,60,3,30,-1,0,0.9203,0.55279,0,3,1,1.0625
27,2,60,3,31,1,1,0.30525,0.61723,1,3,1,0.9765625
27,2,60,3,32,1,1,0.1596,0.43148,1,3,1,1.054688
27,2,60,3,33,1,1,0.26544,0.39518,1,3,1,0.640625
27,2,60,3,34,-1,0,0.78646,0.098793,0,3,1,0.9765625
27,2,60,3,35,1,1,0.016711,0.37001,1,3,1,1.421875
27,2,60,3,36,1,1,0.17523,0.53658,1,3,1,0.890625
27,2,60,3,37,0,0,0.52848,0.2209,1,1,0,4.890625
27,2,60,3,38,1,1,0.17736,0.51618,1,3,1,1.117188
27,2,60,3,39,0,1,0.57127,0.64965,0,1,0,1.367188
27,2,60,3,40,-1,0,0.81346,0.25809,0,3,1,0.9453125
27,2,60,3,41,1,1,0.26848,0.89884,1,3,1,0.875
27,2,60,3,42,0,1,0.53237,0.68519,1,1,1,1.328125
27,2,60,3,43,-1,0,0.9345,0.22608,0,3,1,1.039063
27,2,60,3,44,-1,0,0.7589,0.18457,0,3,1,0.96875
27,2,60,3,45,1,0,0.24739,0.046788,1,4,0,0.921875
27,2,60,3,46,1,1,0.19993,0.65907,1,3,1,1.03125
27,2,60,3,47,1,1,0.00095485,0.54584,1,4,1,0.9765625
27,2,60,3,48,-1,1,0.93735,0.96105,0,4,0,0.671875
27,2,60,3,49,0,0,0.42462,0.29895,1,1,0,1.351563
27,2,60,3,50,0,0,0.59407,0.43276,0,1,1,1.84375
27,3,70,4,1,0,0,0.60105,0.42084,1,1,0,2.09375
27,3,70,4,2,1,1,0.13126,0.67869,1,3,1,0.953125
27,3,70,4,3,-1,0,0.98269,0.72488,0,3,1,1.054688
27,3,70,4,4,0,0,0.42678,0.23034,0,1,1,3.960938
27,3,70,4,5,0,1,0.62732,0.89495,0,1,0,1.226563
27,3,70,4,6,-1,0,0.95274,0.76323,0,3,1,1.140625
27,3,70,4,7,0,0,0.42142,0.38129,0,1,1,3.570313
27,3,70,4,8,0,0,0.59696,0.38733,1,1,0,1.203125
27,3,70,4,9,1,1,0.17245,0.18443,1,4,1,1.070313
27,3,70,4,10,0,0,0.44691,0.23382,0,1,1,2.085938
27,3,70,4,11,1,0,0.14237,0.095881,1,4,0,0.78125
27,3,70,4,12,0,1,0.56278,0.61125,1,1,1,1.398438
27,3,70,4,13,-1,0,0.81903,0.14847,0,4,1,0.8515625
27,3,70,4,14,0,0,0.62442,0.30008,1,1,0,1.34375
27,3,70,4,15,1,1,0.039311,0.60527,1,4,1,0.9765625
27,3,70,4,16,-1,0,0.94372,0.015838,0,4,1,0.9140625
27,3,70,4,17,1,0,0.088782,0.038489,1,4,0,0.8984375
27,3,70,4,18,0,1,0.44104,0.68219,0,1,0,2.492188
27,3,70,4,19,0,0,0.64269,0.3294,1,1,0,1.382813
27,3,70,4,20,0,0,0.54707,0.092253,0,1,1,1.054688
27,3,70,4,21,-1,0,0.92138,0.39087,0,4,1,0.890625
27,3,70,4,22,0,1,0.33454,0.46683,0,1,0,1.953125
27,3,70,4,23,0,1,0.43851,0.91416,1,1,1,0.984375
27,3,70,4,24,0,1,0.56496,0.712,1,1,1,0.828125
27,3,70,4,25,-1,0,0.98169,0.1093,0,4,1,0.90625
27,3,70,4,26,1,1,0.24054,0.97992,1,4,1,1.132813
27,3,70,4,27,-1,0,0.76421,0.28743,0,4,1,1.671875
27,3,70,4,28,1,1,0.21524,0.8406,1,4,1,1.015625
27,3,70,4,29,0,1,0.40426,0.59024,0,1,0,1.742188
27,3,70,4,30,-1,0,0.97153,0.96675,0,4,1,0.984375
27,3,70,4,31,0,0,0.60394,0.58926,0,1,1,2.414063
27,3,70,4,32,0,0,0.62686,0.20812,1,1,0,2.242188
27,3,70,4,33,0,0,0.31029,0.048666,1,1,0,2.15625
27,3,70,4,34,-1,0,0.87622,0.083521,0,4,1,0.921875
27,3,70,4,35,1,1,0.26736,0.3682,1,4,1,1.015625
27,3,70,4,36,0,0,0.39431,0.38393,0,1,1,1.78125
27,3,70,4,37,-1,0,0.87534,0.20561,0,4,1,1.015625
27,3,70,4,38,0,1,0.32047,0.5654,1,1,1,1.515625
27,3,70,4,39,-1,0,0.72117,0.28607,0,1,1,0.8828125
27,3,70,4,40,0,0,0.55066,0.36053,0,1,1,2.507813
27,3,70,4,41,0,0,0.58172,0.023477,1,1,0,1.28125
27,3,70,4,42,0,0,0.52938,0.47021,0,1,1,2.1875
27,3,70,4,43,0,1,0.56022,0.72706,1,1,1,2.820313
27,3,70,4,44,-1,0,0.94117,0.63337,0,4,1,0.953125
27,3,70,4,45,-1,0,0.77298,0.72558,0,4,1,1.171875
27,3,70,4,46,-1,0,0.71379,0.10197,0,4,1,1.460938
27,3,70,4,47,0,1,0.33651,0.49225,0,1,0,2.648438
27,3,70,4,48,-1,0,0.77738,0.015612,0,4,1,1.132813
27,3,70,4,49,0,0,0.68376,0.4988,1,1,0,2.117188
27,3,70,4,50,-1,0,0.92306,0.8207,0,4,1,1.109375
27,4,80,1,1,1,1,0.11852,0.70669,1,3,1,11.73438
27,4,80,1,2,0,1,0.57439,0.88613,0,1,0,5.226563
27,4,80,1,3,1,1,0.18365,0.58605,1,2,1,5.492188
27,4,80,1,4,1,1,0.16634,0.414,1,2,1,3.96875
27,4,80,1,5,1,0,0.1255,0.1172,1,2,0,2.429688
27,4,80,1,6,0,0,0.4958,0.03935,0,1,1,4.679688
27,4,80,1,7,0,0,0.75626,0.21095,1,1,0,3.867188
27,4,80,1,8,0,0,0.6152,0.37764,0,1,1,2.140625
27,4,80,1,9,0,0,0.70467,0.60196,0,1,1,2.085938
27,4,80,1,10,1,1,0.11119,0.98201,1,2,1,4.125
27,4,80,1,11,-1,0,0.91594,0.24297,0,1,1,6.429688
27,4,80,1,12,0,0,0.72026,0.19193,0,1,1,2.015625
27,4,80,1,13,-1,0,0.85474,0.7871,0,2,1,5.203125
27,4,80,1,14,-1,0,0.85921,0.017183,0,2,1,1.710938
27,4,80,1,15,0,1,0.5595,0.93483,0,2,0,1.9375
27,4,80,1,16,0,1,0.38072,0.82088,0,1,0,2.3125
27,4,80,1,17,0,1,0.64716,0.86768,0,1,0,5.507813
27,4,80,1,18,-1,0,0.96347,0.61631,0,2,1,1.734375
27,4,80,1,19,0,1,0.34958,0.81199,1,1,1,11.82813
27,4,80,1,20,0,1,0.50762,0.61081,1,1,1,11.73438
27,4,80,1,21,0,1,0.25076,0.83574,1,1,1,10.28906
27,4,80,1,22,0,1,0.60048,0.76155,1,1,1,1.796875
27,4,80,1,23,0,1,0.23096,0.7824,1,1,1,1.492188
27,4,80,1,24,-1,0,0.95834,0.36553,0,2,1,1.976563
27,4,80,1,25,0,1,0.24309,0.61475,1,1,1,3.195313
27,4,80,1,26,0,0,0.31755,0.0030058,1,1,0,2.710938
27,4,80,1,27,0,0,0.67767,0.18038,0,1,1,2.023438
27,4,80,1,28,0,0,0.77731,0.34614,0,1,1,1.78125
27,4,80,1,29,1,1,0.18796,0.79134,1,2,1,1.179688
27,4,80,1,30,1,1,0.085878,0.1254,1,2,1,1.132813
27,4,80,1,31,1,1,0.0094547,0.89831,1,2,1,1.195313
27,4,80,1,32,0,1,0.31971,0.83708,0,2,0,1.765625
27,4,80,1,33,0,0,0.52284,0.24758,1,1,0,2.882813
27,4,80,1,34,-1,0,0.80922,0.58506,0,2,1,1.382813
27,4,80,1,35,0,0,0.74477,0.69775,1,1,0,2.9375
27,4,80,1,36,0,0,0.39621,0.19315,0,1,1,3.367188
27,4,80,1,37,-1,0,0.89618,0.32907,0,3,1,2.492188
27,4,80,1,38,0,0,0.2184,0.063382,0,1,1,3.5
27,4,80,1,39,1,1,0.14015,0.41104,1,3,1,1.109375
27,4,80,1,40,-1,1,0.88747,0.93848,0,3,0,1.085938
27,4,80,1,41,0,1,0.5037,0.78719,0,1,0,1.984375
27,4,80,1,42,0,1,0.38135,0.87354,1,1,1,2.578125
27,4,80,1,43,0,1,0.25626,0.42567,1,1,1,1.671875
27,4,80,1,44,0,0,0.74406,0.063032,1,1,0,2.023438
27,4,80,1,45,0,1,0.33531,0.76612,0,1,0,2.203125
27,4,80,1,46,1,1,0.042015,0.073585,1,3,1,0.96875
27,4,80,1,47,0,1,0.54541,0.8253,0,1,0,4.304688
27,4,80,1,48,0,0,0.79165,0.4389,1,1,0,2.445313
27,4,80,1,49,-1,0,0.91329,0.89822,0,3,1,6.265625
27,4,80,1,50,0,0,0.77706,0.57848,1,1,0,1.546875
27,5,90,5,1,0,1,0.31541,0.73066,0,1,0,3.570313
27,5,90,5,2,0,0,0.16218,0.026316,1,1,0,1.375
27,5,90,5,3,0,1,0.22797,0.75597,1,1,1,0.8203125
27,5,90,5,4,0,1,0.59061,0.78673,0,1,0,0.6796875
27,5,90,5,5,0,0,0.36609,0.26994,1,1,0,0.625
27,5,90,5,6,0,0,0.71177,0.17162,1,1,0,0.96875
27,5,90,5,7,0,1,0.26425,0.2993,1,1,1,0.8828125
27,5,90,5,8,0,1,0.25669,0.3943,0,1,0,0.84375
27,5,90,5,9,0,1,0.83312,0.91954,1,1,1,0.953125
27,5,90,5,10,0,0,0.83573,0.39859,0,1,1,0.8125
27,5,90,5,11,0,1,0.87762,0.98161,1,1,1,0.640625
27,5,90,5,12,0,1,0.52718,0.78421,0,1,0,0.6875
27,5,90,5,13,0,1,0.15512,0.62715,1,1,1,0.8125
27,5,90,5,14,0,0,0.89377,0.012914,0,1,1,0.6875
27,5,90,5,15,1,1,0.063536,0.51339,1,1,1,0.5703125
27,5,90,5,16,0,0,0.58485,0.32611,0,1,1,1.179688
27,5,90,5,17,0,1,0.28246,0.74915,1,1,1,1.265625
27,5,90,5,18,0,0,0.75793,0.41039,0,1,1,0.4921875
27,5,90,5,19,0,0,0.45392,0.38111,1,1,0,1.21875
27,5,90,5,20,0,0,0.49592,0.25153,0,1,1,0.8125
27,5,90,5,21,0,0,0.41617,0.039428,1,1,0,0.625
27,5,90,5,22,0,1,0.43188,0.89731,0,1,0,0.9296875
27,5,90,5,23,0,1,0.21116,0.75433,1,1,1,0.9921875
27,5,90,5,24,0,1,0.39307,0.65461,0,1,0,2.359375
27,5,90,5,25,0,1,0.63691,0.87585,1,1,1,0.703125
27,5,90,5,26,0,1,0.75295,0.9942,0,1,0,0.5
27,5,90,5,27,0,1,0.26218,0.32108,1,1,1,0.8515625
27,5,90,5,28,-1,0,0.91548,0.050289,0,1,1,0.78125
27,5,90,5,29,0,0,0.22027,0.14309,1,1,0,0.90625
27,5,90,5,30,0,0,0.48486,0.36111,0,1,1,1.28125
27,5,90,5,31,0,1,0.38308,0.52784,1,1,1,2.585938
27,5,90,5,32,0,0,0.85032,0.46852,0,1,1,0.84375
27,5,90,5,33,1,1,0.086016,0.78109,1,1,1,1.0625
27,5,90,5,34,0,0,0.30336,0.2285,0,1,1,0.96875
27,5,90,5,35,-1,0,0.98952,0.70336,0,1,1,1.320313
27,5,90,5,36,0,0,0.43937,0.19868,1,1,0,0.6328125
27,5,90,5,37,1,1,0.045699,0.40823,1,3,1,1.203125
27,5,90,5,38,-1,0,0.99511,0.29686,0,3,1,0.7421875
27,5,90,5,39,-1,0,0.91066,0.16069,0,3,1,0.8828125
27,5,90,5,40,0,1,0.21215,0.73932,1,1,1,2.945313
27,5,90,5,41,0,1,0.32805,0.42187,0,1,0,0.8125
27,5,90,5,42,-1,0,0.97074,0.42317,0,3,1,1.3125
27,5,90,5,43,0,1,0.41351,0.91113,1,1,1,1.640625
27,5,90,5,44,1,1,0.066357,0.39346,1,3,1,1.351563
27,5,90,5,45,0,1,0.73332,0.84302,0,1,0,0.78125
27,5,90,5,46,0,0,0.33905,0.26487,1,1,0,1.765625
27,5,90,5,47,0,1,0.83513,0.98064,0,1,0,0.890625
27,5,90,5,48,-1,0,0.96245,0.66473,0,4,1,1.070313
27,5,90,5,49,1,1,0.02647,0.82534,1,4,1,1.085938
27,5,90,5,50,0,0,0.62291,0.36366,0,1,1,2.234375
27,6,100,6,1,0,0,0.61998,0.23701,1,1,0,2.242188
27,6,100,6,2,0,0,0.96764,0.54423,0,1,1,0.9140625
27,6,100,6,3,0,1,0.22358,0.30206,1,1,1,0.5546875
27,6,100,6,4,0,0,0.19363,0.074487,0,1,1,0.8828125
27,6,100,6,5,0,1,0.8298,0.91745,1,1,1,0.8203125
27,6,100,6,6,0,1,0.054069,0.71165,0,1,0,0.8359375
27,6,100,6,7,0,1,0.055728,0.66514,1,1,1,0.8671875
27,6,100,6,8,0,0,0.26772,0.097654,0,1,1,0.75
27,6,100,6,9,0,1,0.35663,0.84193,1,1,1,0.84375
27,6,100,6,10,0,0,0.90014,0.56968,0,1,1,4.484375
27,6,100,6,11,0,0,0.20268,0.19933,1,1,0,0.8125
27,6,100,6,12,0,0,0.71416,0.70585,0,1,1,0.8515625
27,6,100,6,13,0,0,0.26481,0.048358,1,1,0,0.4609375
27,6,100,6,14,0,0,0.82225,0.61988,0,1,1,0.4140625
27,6,100,6,15,0,0,0.63638,0.37745,1,1,0,0.546875
27,6,100,6,16,0,0,0.75987,0.44218,0,1,1,0.46875
27,6,100,6,17,0,1,0.1866,0.70228,1,1,1,0.5
27,6,100,6,18,0,0,0.92876,0.6536,0,1,1,0.578125
27,6,100,6,19,0,0,0.41101,0.21636,1,1,0,0.5
27,6,100,6,20,0,0,0.26317,0.044281,0,1,1,0.65625
27,6,100,6,21,0,0,0.60592,0.139,1,1,0,0.3828125
27,6,100,6,22,0,1,0.21373,0.52393,0,1,0,0.4296875
27,6,100,6,23,0,0,0.8579,0.58816,1,1,0,0.6171875
27,6,100,6,24,0,0,0.72315,0.43492,1,1,0,0.609375
27,6,100,6,25,0,1,0.22243,0.89952,0,1,0,0.453125
27,6,100,6,26,0,1,0.050311,0.32195,1,1,1,0.484375
27,6,100,6,27,0,0,0.82541,0.51022,0,1,1,0.3359375
27,6,100,6,28,0,1,0.57524,0.96829,1,1,1,0.359375
27,6,100,6,29,0,0,0.27932,0.20031,0,1,1,0.4375
27,6,100,6,30,0,1,0.48401,0.68879,1,1,1,0.796875
27,6,100,6,31,0,1,0.27952,0.48283,0,1,0,0.390625
27,6,100,6,32,0,0,0.45503,0.17676,1,1,0,0.3671875
27,6,100,6,33,0,0,0.90122,0.1078,0,1,1,0.4296875
27,6,100,6,34,0,0,0.76358,0.457,1,1,0,0.4375
27,6,100,6,35,0,0,0.93172,0.13117,0,1,1,0.5234375
27,6,100,6,36,0,1,0.41788,0.7275,1,1,1,0.390625
27,6,100,6,37,0,1,0.042142,0.74077,0,1,0,0.296875
27,6,100,6,38,0,0,0.93827,0.72212,1,1,0,0.390625
27,6,100,6,39,0,1,0.028496,0.44203,0,1,0,0.609375
27,6,100,6,40,0,0,0.26165,0.081179,1,1,0,0.515625
27,6,100,6,41,0,0,0.42372,0.24213,0,1,1,0.59375
27,6,100,6,42,0,1,0.24289,0.57259,1,1,1,0.46875
27,6,100,6,43,0,0,0.96851,0.34673,0,1,1,0.4140625
27,6,100,6,44,0,0,0.97536,0.1126,1,1,0,0.453125
27,6,100,6,45,0,1,0.11629,0.45647,0,1,0,0.359375
27,6,100,6,46,0,0,0.6441,0.40102,1,1,0,2.195313
27,6,100,6,47,0,0,0.48139,0.17879,0,1,1,2.984375
27,6,100,6,48,0,1,0.22405,0.34485,1,2,1,0.78125
27,6,100,6,49,0,1,0.098981,0.125,0,2,0,0.8515625
27,6,100,6,50,0,1,0.096147,0.40557,1,2,1,0.5703125
28,1,50,3,1,-1,1,0.85643,0.87087,0,3,0,1.21875
28,1,50,3,2,1,1,0.1952,0.21646,1,3,1,1.152344
28,1,50,3,3,1,1,0.30072,0.60259,1,3,1,1.140625
28,1,50,3,4,1,1,0.05591,0.12211,1,3,1,0.9609375
28,1,50,3,5,1,0,0.36952,0.14099,1,3,0,1.164063
28,1,50,3,6,-1,1,0.76189,0.95853,0,3,0,0.859375
28,1,50,3,7,-1,0,0.74808,0.36211,0,3,1,0.9023438
28,1,50,3,8,1,0,0.46596,0.38973,1,3,0,0.9804688
28,1,50,3,9,-1,1,0.72747,0.86918,0,3,0,1.234375
28,1,50,3,10,1,1,0.22267,0.3634,1,3,1,0.9921875
28,1,50,3,11,1,1,0.10478,0.94986,1,3,1,0.8632813
28,1,50,3,12,1,1,0.36689,0.60187,0,3,0,0.453125
28,1,50,3,13,1,0,0.44707,0.44383,0,3,1,1.132813
28,1,50,3,14,-1,0,0.81889,0.78272,0,3,1,0.8007813
28,1,50,3,15,-1,0,0.95611,0.83068,1,3,0,1.210938
28,1,50,3,16,1,0,0.28979,0.056684,1,3,0,1.003906
28,1,50,3,17,1,1,0.030666,0.25127,1,3,1,0.9726563
28,1,50,3,18,-1,0,0.89824,0.33498,1,3,0,1.09375
28,1,50,3,19,-1,0,0.89529,0.37809,0,3,1,1.171875
28,1,50,3,20,-1,0,0.77432,0.063543,1,3,0,1.273438
28,1,50,3,21,-1,0,0.88335,0.32707,1,3,0,1.152344
28,1,50,3,22,1,0,0.4665,0.32529,0,3,1,1.144531
28,1,50,3,23,1,1,0.082033,0.14782,0,3,0,1.351563
28,1,50,3,24,-1,0,0.82049,0.012735,0,3,1,1.082031
28,1,50,3,25,-1,0,0.96698,0.0014618,0,3,1,1.195313
28,1,50,3,26,-1,0,0.51331,0.048742,1,3,0,0.9609375
28,1,50,3,27,-1,0,0.8121,0.082699,0,3,1,0.8710938
28,1,50,3,28,-1,0,0.87345,0.31146,1,3,0,0.9101563
28,1,50,3,29,1,0,0.35946,0.30807,1,3,0,0.8632813
28,1,50,3,30,1,0,0.37164,0.20721,0,3,1,1.011719
28,1,50,3,31,1,1,0.3064,0.87044,0,3,0,1.242188
28,1,50,3,32,1,0,0.44274,0.19596,1,3,0,0.4101563
28,1,50,3,33,1,1,0.1135,0.4625,0,3,0,0.6796875
28,1,50,3,34,-1,0,0.7148,0.066586,1,3,0,0.9296875
28,1,50,3,35,1,1,0.31938,0.6978,1,3,1,0.953125
28,1,50,3,36,-1,0,0.73474,0.22806,0,3,1,1.765625
28,1,50,3,37,1,1,0.36853,0.89722,0,3,0,1.304688
28,1,50,3,38,1,1,0.20726,0.82657,1,3,1,0.6992188
28,1,50,3,39,-1,0,0.67279,0.10057,1,3,0,1.0625
28,1,50,3,40,1,1,0.053947,0.82328,0,3,0,1.09375
28,1,50,3,41,1,1,0.34016,0.79772,1,3,1,0.9882813
28,1,50,3,42,-1,0,0.83387,0.36982,1,3,0,1.285156
28,1,50,3,43,-1,0,0.56591,0.11992,0,3,1,1.402344
28,1,50,3,44,1,1,0.31872,0.71796,1,3,1,1.0
28,1,50,3,45,1,1,0.14966,0.93676,1,3,1,0.859375
28,1,50,3,46,1,1,0.047775,0.78434,1,3,1,0.8515625
28,1,50,3,47,-1,0,0.95142,0.035274,1,3,0,1.140625
28,1,50,3,48,1,0,0.39602,0.20648,0,3,1,1.621094
28,1,50,3,49,1,0,0.35828,0.11166,0,3,1,1.164063
28,1,50,3,50,1,0,0.46453,0.0044602,1,3,0,1.0
28,2,60,1,1,1,1,0.16715,0.95594,1,3,1,2.011719
28,2,60,1,2,0,0,0.44813,0.27058,1,3,0,3.734375
28,2,60,1,3,1,1,0.25206,0.81175,1,3,1,1.304688
28,2,60,1,4,-1,0,0.72364,0.24541,0,3,1,1.972656
28,2,60,1,5,-1,0,0.90993,0.77747,0,3,1,1.820313
28,2,60,1,6,1,0,0.39916,0.25589,1,3,0,1.351563
28,2,60,1,7,1,1,0.13764,0.36468,1,3,1,1.121094
28,2,60,1,8,-1,1,0.65022,0.80444,0,3,0,1.222656
28,2,60,1,9,-1,0,0.64093,0.36202,0,3,1,1.324219
28,2,60,1,10,-1,1,0.69085,0.99069,0,3,0,1.253906
28,2,60,1,11,-1,0,0.65217,0.12422,0,3,1,1.183594
28,2,60,1,12,-1,0,0.65401,0.34296,0,3,1,0.9414063
28,2,60,1,13,-1,1,0.89641,0.91096,0,3,0,1.171875
28,2,60,1,14,-1,1,0.82387,0.99204,0,3,0,1.0625
28,2,60,1,15,0,0,0.5772,0.038432,1,3,0,3.046875
28,2,60,1,16,0,1,0.48535,0.92825,1,3,1,1.894531
28,2,60,1,17,1,1,0.30744,0.57376,1,3,1,0.8984375
28,2,60,1,18,1,1,0.10133,0.24123,1,3,1,0.9140625
28,2,60,1,19,0,0,0.5734,0.13815,1,3,0,1.242188
28,2,60,1,20,1,1,0.27363,0.518,1,3,1,0.78125
28,2,60,1,21,-1,0,0.98709,0.90223,0,3,1,1.121094
28,2,60,1,22,-1,0,0.72607,0.67022,0,3,1,1.289063
28,2,60,1,23,1,1,0.37227,0.46575,1,3,1,1.019531
28,2,60,1,24,1,1,0.29029,0.34927,1,3,1,0.9726563
28,2,60,1,25,-1,0,0.9396,0.69133,0,3,1,1.160156
28,2,60,1,26,-1,1,0.93251,0.96587,0,3,0,1.152344
28,2,60,1,27,-1,0,0.62799,0.16002,0,3,1,1.210938
28,2,60,1,28,0,1,0.49688,0.73631,1,3,1,2.164063
28,2,60,1,29,1,0,0.36252,0.31486,1,3,0,1.230469
28,2,60,1,30,0,1,0.59642,0.7971,1,3,1,1.929688
28,2,60,1,31,0,0,0.57998,0.26786,1,3,0,1.25
28,2,60,1,32,-1,0,0.92227,0.45954,0,3,1,1.191406
28,2,60,1,33,1,1,0.060943,0.77671,1,3,1,1.351563
28,2,60,1,34,1,1,0.14816,0.49049,0,3,0,1.054688
28,2,60,1,35,1,1,0.091639,0.53771,1,3,1,1.023438
28,2,60,1,36,-1,0,0.69959,0.30989,0,3,1,1.242188
28,2,60,1,37,-1,0,0.86094,0.43079,0,3,1,1.234375
28,2,60,1,38,0,1,0.48262,0.94067,1,3,1,1.683594
28,2,60,1,39,-1,0,0.94776,0.034037,0,3,1,1.300781
28,2,60,1,40,0,0,0.516,0.35678,1,3,0,1.613281
28,2,60,1,41,-1,1,0.84045,0.97917,1,3,1,1.34375
28,2,60,1,42,1,1,0.35174,0.56084,1,3,1,0.9609375
28,2,60,1,43,0,0,0.57982,0.22957,1,3,0,1.132813
28,2,60,1,44,1,1,0.031487,0.70461,1,3,1,1.109375
28,2,60,1,45,1,1,0.23667,0.76396,1,3,1,0.8710938
28,2,60,1,46,1,1,0.21791,0.42084,1,3,1,0.8476563
28,2,60,1,47,1,0,0.3232,0.092829,1,3,0,0.6796875
28,2,60,1,48,-1,0,0.94527,0.72487,0,3,1,1.414063
28,2,60,1,49,1,1,0.37476,0.65452,1,3,1,0.9804688
28,2,60,1,50,1,1,0.24063,0.38631,1,3,1,1.253906
28,3,70,6,1,1,1,0.10242,0.92952,1,3,1,1.222656
28,3,70,6,2,1,1,0.29589,0.83732,1,3,1,0.8671875
28,3,70,6,3,0,0,0.58977,0.082193,0,3,1,1.742188
28,3,70,6,4,-1,0,0.7846,0.55116,0,3,1,1.152344
28,3,70,6,5,1,0,0.081966,0.076268,1,3,0,0.9375
28,3,70,6,6,-1,0,0.9301,0.45999,0,3,1,1.222656
28,3,70,6,7,0,0,0.65702,0.39532,1,3,0,1.824219
28,3,70,6,8,0,0,0.54207,0.27167,1,3,0,1.230469
28,3,70,6,9,1,0,0.26003,0.16151,1,3,0,1.21875
28,3,70,6,10,-1,1,0.83583,0.89574,0,3,0,1.152344
28,3,70,6,11,0,1,0.66959,0.89282,1,3,1,0.9375
28,3,70,6,12,0,0,0.69846,0.28214,1,3,0,0.953125
28,3,70,6,13,-1,1,0.80837,0.8833,0,3,0,0.9609375
28,3,70,6,14,0,1,0.40126,0.93977,1,3,1,0.7109375
28,3,70,6,15,-1,0,0.72913,0.15377,0,3,1,1.550781
28,3,70,6,16,-1,1,0.88604,0.90436,1,3,1,1.234375
28,3,70,6,17,0,1,0.45383,0.95147,1,3,1,1.113281
28,3,70,6,18,-1,0,0.75773,0.23118,1,3,0,1.273438
28,3,70,6,19,0,0,0.6278,0.34984,0,3,1,1.449219
28,3,70,6,20,0,0,0.56422,0.20747,1,3,0,0.9023438
28,3,70,6,21,-1,1,0.96106,0.97533,0,3,0,1.3125
28,3,70,6,22,1,1,0.0119,0.97366,1,3,1,0.9804688
28,3,70,6,23,1,1,0.10481,0.61269,1,3,1,1.011719
28,3,70,6,24,1,1,0.20264,0.65983,1,3,1,1.09375
28,3,70,6,25,1,0,0.22621,0.13923,1,3,0,1.101563
28,3,70,6,26,-1,0,0.80068,0.61168,0,3,1,2.734375
28,3,70,6,27,1,0,0.063931,0.032542,1,3,0,0.8398438
28,3,70,6,28,0,1,0.31909,0.99386,1,3,1,1.300781
28,3,70,6,29,0,0,0.67974,0.05093,1,3,0,1.09375
28,3,70,6,30,-1,0,0.99565,0.38428,0,3,1,1.691406
28,3,70,6,31,0,1,0.68394,0.77925,0,3,0,1.824219
28,3,70,6,32,1,1,0.10955,0.72238,1,3,1,1.222656
28,3,70,6,33,0,0,0.65897,0.55209,1,3,0,0.7929688
28,3,70,6,34,-1,1,0.73184,0.81358,0,3,0,1.089844
28,3,70,6,35,1,1,0.17859,0.96606,1,3,1,1.167969
28,3,70,6,36,0,1,0.40483,0.50266,0,3,0,1.300781
28,3,70,6,37,1,1,0.077676,0.81212,1,3,1,0.9140625
28,3,70,6,38,-1,0,0.86091,0.2985,0,3,1,1.371094
28,3,70,6,39,-1,0,0.95346,0.91852,1,3,0,1.265625
28,3,70,6,40,-1,0,0.82377,0.39164,0,3,1,1.28125
28,3,70,6,41,1,1,0.29054,0.98652,1,3,1,0.9101563
28,3,70,6,42,0,1,0.46631,0.6349,0,3,0,1.019531
28,3,70,6,43,-1,0,0.97755,0.84077,1,3,0,1.414063
28,3,70,6,44,0,1,0.46979,0.77948,0,3,0,1.140625
28,3,70,6,45,1,0,0.15105,0.13834,1,3,0,0.9921875
28,3,70,6,46,0,1,0.44439,0.93132,1,3,1,0.859375
28,3,70,6,47,0,0,0.47372,0.071078,1,3,0,1.132813
28,3,70,6,48,1,1,0.050789,0.11933,1,3,1,1.089844
28,3,70,6,49,1,1,0.061254,0.3466,1,3,1,1.183594
28,3,70,6,50,1,1,0.0026158,0.43629,1,3,1,0.984375
28,4,80,4,1,1,1,0.12611,0.86812,1,3,1,1.171875
28,4,80,4,2,0,1,0.25549,0.76735,1,3,1,1.964844
28,4,80,4,3,0,1,0.38831,0.90645,0,3,0,1.613281
28,4,80,4,4,-1,0,0.85796,0.59668,0,3,1,1.378906
28,4,80,4,5,1,0,0.14555,0.027914,1,3,0,1.324219
28,4,80,4,6,1,1,0.092827,0.37301,1,3,1,1.164063
28,4,80,4,7,0,0,0.54143,0.24263,1,3,0,1.621094
28,4,80,4,8,0,0,0.63304,0.15555,1,3,0,1.210938
28,4,80,4,9,0,0,0.37819,0.27887,1,3,0,1.0625
28,4,80,4,10,0,1,0.40201,0.68435,1,3,1,0.9492188
28,4,80,4,11,1,1,0.063152,0.071612,1,3,1,1.925781
28,4,80,4,12,0,0,0.27154,0.13435,0,3,1,1.332031
28,4,80,4,13,0,1,0.31411,0.7738,0,3,0,0.953125
28,4,80,4,14,0,1,0.53843,0.96275,1,3,1,1.03125
28,4,80,4,15,-1,0,0.90003,0.50459,0,3,1,1.0
28,4,80,4,16,0,0,0.68633,0.4014,1,3,0,0.9804688
28,4,80,4,17,-1,0,0.96385,0.51687,1,3,0,0.8125
28,4,80,4,18,0,0,0.40247,0.386,1,3,0,1.039063
28,4,80,4,19,1,1,0.1186,0.50448,1,3,1,1.320313
28,4,80,4,20,0,1,0.50228,0.74162,0,3,0,1.449219
28,4,80,4,21,-1,1,0.87459,0.95214,0,3,0,1.730469
28,4,80,4,22,-1,0,0.94389,0.47972,0,3,1,1.410156
28,4,80,4,23,0,1,0.31094,0.65453,0,3,0,1.761719
28,4,80,4,24,0,1,0.30741,0.71654,0,3,0,1.644531
28,4,80,4,25,0,1,0.63561,0.94702,1,3,1,0.7226563
28,4,80,4,26,0,1,0.54175,0.94092,1,3,1,0.8476563
28,4,80,4,27,1,1,0.096782,0.51308,1,3,1,0.5078125
28,4,80,4,28,0,1,0.76119,0.86601,1,3,1,3.214844
28,4,80,4,29,0,0,0.3157,0.0082663,0,3,1,2.34375
28,4,80,4,30,0,0,0.72346,0.10274,1,3,0,1.132813
28,4,80,4,31,-1,0,0.93628,0.8887,0,3,1,1.363281
28,4,80,4,32,0,0,0.76408,0.23192,0,3,1,2.480469
28,4,80,4,33,1,1,0.080255,0.85909,1,3,1,1.398438
28,4,80,4,34,0,0,0.77656,0.26333,1,3,0,2.023438
28,4,80,4,35,-1,0,0.80156,0.3716,0,3,1,1.261719
28,4,80,4,36,0,0,0.23813,0.12348,0,3,1,1.53125
28,4,80,4,37,-1,1,0.94093,0.98884,0,3,0,1.210938
28,4,80,4,38,0,0,0.60495,0.56867,1,3,0,0.84375
28,4,80,4,39,0,1,0.3079,0.71231,1,3,1,1.253906
28,4,80,4,40,0,0,0.4206,0.31583,1,3,0,0.984375
28,4,80,4,41,0,1,0.61028,0.73178,0,3,0,1.402344
28,4,80,4,42,0,1,0.74248,0.79673,0,3,0,1.742188
28,4,80,4,43,1,1,0.17813,0.32012,1,3,1,0.9375
28,4,80,4,44,-1,0,0.84706,0.13022,0,3,1,1.34375
28,4,80,4,45,-1,0,0.93946,0.33354,0,3,1,1.023438
28,4,80,4,46,0,0,0.53004,0.48685,1,3,0,1.382813
28,4,80,4,47,1,1,0.18,0.45848,1,3,1,1.042969
28,4,80,4,48,0,0,0.72111,0.43405,0,3,1,1.238281
28,4,80,4,49,1,1,0.02558,0.56484,1,4,1,0.9414063
28,4,80,4,50,0,1,0.25337,0.89999,1,4,1,1.511719
28,5,90,5,1,1,1,0.023018,0.83957,1,3,1,0.8710938
28,5,90,5,2,0,1,0.55036,0.66738,0,3,0,1.851563
28,5,90,5,3,0,1,0.13452,0.86626,0,3,0,1.792969
28,5,90,5,4,0,0,0.46014,0.085374,0,3,1,1.195313
28,5,90,5,5,0,0,0.6455,0.51783,0,3,1,0.9414063
28,5,90,5,6,0,1,0.84867,0.9621,1,3,1,1.03125
28,5,90,5,7,0,0,0.6295,0.36091,1,3,0,1.140625
28,5,90,5,8,0,1,0.18423,0.26033,1,3,1,1.140625
28,5,90,5,9,0,1,0.75641,0.93902,1,3,1,0.8789063
28,5,90,5,10,0,1,0.82469,0.96467,0,3,0,0.9140625
28,5,90,5,11,0,0,0.8117,0.56543,1,3,0,0.703125
28,5,90,5,12,0,1,0.36966,0.81867,1,3,1,0.890625
28,5,90,5,13,0,0,0.87263,0.10959,0,3,1,1.042969
28,5,90,5,14,-1,0,0.90788,0.025166,0,3,1,0.9804688
28,5,90,5,15,0,0,0.40893,0.30336,1,3,0,1.152344
28,5,90,5,16,0,1,0.6563,0.6772,0,3,0,1.382813
28,5,90,5,17,0,1,0.35878,0.61604,0,3,0,0.9609375
28,5,90,5,18,0,0,0.73738,0.57107,1,3,0,1.019531
28,5,90,5,19,-1,0,0.90651,0.55841,0,3,1,1.222656
28,5,90,5,20,1,1,0.054367,0.86039,1,3,1,2.132813
28,5,90,5,21,0,1,0.61779,0.62714,1,3,1,1.0625
28,5,90,5,22,1,1,0.094327,0.33634,1,3,1,1.179688
28,5,90,5,23,0,1,0.25575,0.30855,0,3,0,1.582031
28,5,90,5,24,0,0,0.77146,0.4776,0,3,1,1.621094
28,5,90,5,25,0,0,0.42523,0.10844,1,3,0,1.222656
28,5,90,5,26,0,0,0.21433,0.037964,1,3,0,0.9804688
28,5,90,5,27,0,1,0.19217,0.42143,0,3,0,1.019531
28,5,90,5,28,0,1,0.68341,0.78328,1,3,1,0.9453125
28,5,90,5,29,0,0,0.89696,0.46598,1,3,0,0.984375
28,5,90,5,30,0,0,0.24513,0.10562,1,3,0,1.0
28,5,90,5,31,0,0,0.75961,0.099792,1,3,0,1.0625
28,5,90,5,32,-1,0,0.99522,0.53556,0,5,1,1.023438
28,5,90,5,33,0,0,0.19021,0.067629,0,3,1,1.269531
28,5,90,5,34,0,0,0.85857,0.80787,0,3,1,1.402344
28,5,90,5,35,0,0,0.67825,0.23583,1,3,0,0.9414063
28,5,90,5,36,0,1,0.54331,0.56398,0,3,0,1.03125
28,5,90,5,37,0,1,0.24209,0.76622,1,3,1,0.9296875
28,5,90,5,38,0,1,0.11669,0.36113,1,3,1,0.9921875
28,5,90,5,39,0,0,0.88434,0.52817,0,3,1,0.84375
28,5,90,5,40,1,1,0.0017715,0.24006,1,3,1,0.8125
28,5,90,5,41,0,1,0.6034,0.82836,0,3,0,1.441406
28,5,90,5,42,0,1,0.24233,0.85346,1,3,1,0.9296875
28,5,90,5,43,0,1,0.62872,0.96523,0,3,0,2.121094
28,5,90,5,44,1,1,0.047148,0.68027,1,5,1,1.0
28,5,90,5,45,-1,0,0.91709,0.1177,0,5,1,1.113281
28,5,90,5,46,1,1,0.082384,0.513,1,5,1,0.9140625
28,5,90,5,47,0,1,0.86614,0.93008,1,3,1,1.648438
28,5,90,5,48,0,1,0.87112,0.967,0,3,0,1.0625
28,5,90,5,49,1,1,0.049546,0.65751,1,5,1,0.8789063
28,5,90,5,50,0,1,0.40728,0.68541,0,3,0,1.882813
28,6,100,2,1,0,1,0.38205,0.56905,1,3,1,3.535156
28,6,100,2,2,0,0,0.75665,0.17532,1,3,0,1.070313
28,6,100,2,3,0,0,0.90632,0.23481,1,3,0,1.753906
28,6,100,2,4,0,1,0.54916,0.55095,1,3,1,1.082031
28,6,100,2,5,0,0,0.68237,0.58255,1,3,0,1.191406
28,6,100,2,6,0,1,0.50598,0.8609,1,3,1,0.8789063
28,6,100,2,7,0,1,0.33207,0.8603,1,3,1,0.7695313
28,6,100,2,8,0,0,0.29993,0.11995,1,3,0,0.4921875
28,6,100,2,9,0,1,0.52024,0.8194,1,3,1,0.609375
28,6,100,2,10,0,0,0.81226,0.49606,1,3,0,0.7109375
28,6,100,2,11,0,1,0.12982,0.9312,1,3,1,0.4023438
28,6,100,2,12,0,0,0.56777,0.067374,1,3,0,0.4882813
28,6,100,2,13,0,1,0.1125,0.34378,1,3,1,0.4335938
28,6,100,2,14,0,1,0.064314,0.38515,1,3,1,0.6015625
28,6,100,2,15,0,1,0.48323,0.94116,1,3,1,0.46875
28,6,100,2,16,0,1,0.56021,0.78123,1,3,1,0.4101563
28,6,100,2,17,0,1,0.093165,0.25864,1,3,1,0.359375
28,6,100,2,18,0,0,0.95664,0.49485,1,3,0,0.4492188
28,6,100,2,19,0,0,0.88907,0.28722,1,3,0,0.5078125
28,6,100,2,20,0,0,0.68924,0.12695,1,3,0,0.4375
28,6,100,2,21,0,0,0.50154,0.44356,1,3,0,0.4414063
28,6,100,2,22,0,1,0.29166,0.42893,1,3,1,0.4414063
28,6,100,2,23,0,1,0.3542,0.85474,1,3,1,0.4296875
28,6,100,2,24,0,0,0.4985,0.33937,1,3,0,1.023438
28,6,100,2,25,0,1,0.21072,0.76656,0,3,0,0.7617188
28,6,100,2,26,0,0,0.74258,0.70025,0,3,1,0.4296875
28,6,100,2,27,0,1,0.09068,0.44296,0,3,0,0.4804688
28,6,100,2,28,0,0,0.46187,0.2214,0,3,1,0.4335938
28,6,100,2,29,0,0,0.86764,0.83903,0,3,1,0.5
28,6,100,2,30,0,0,0.88239,0.12501,0,3,1,0.4101563
28,6,100,2,31,0,1,0.42732,0.58069,1,3,1,0.6601563
28,6,100,2,32,0,1,0.96795,0.97664,1,3,1,0.53125
28,6,100,2,33,0,0,0.69963,0.21751,1,3,0,0.4609375
28,6,100,2,34,0,0,0.66542,0.49933,0,3,1,0.640625
28,6,100,2,35,0,0,0.348,0.22872,0,3,1,0.5117188
28,6,100,2,36,0,1,0.11,0.44849,1,3,1,0.4492188
28,6,100,2,37,0,0,0.89973,0.25503,0,3,1,0.421875
28,6,100,2,38,0,0,0.71538,0.1441,0,3,1,0.4101563
28,6,100,2,39,0,1,0.50936,0.74764,0,3,0,0.3515625
28,6,100,2,40,0,1,0.083152,0.51266,1,3,1,0.3710938
28,6,100,2,41,0,1,0.014281,0.93651,1,3,1,0.4414063
28,6,100,2,42,0,0,0.78844,0.032204,0,3,1,0.4296875
28,6,100,2,43,0,0,0.64059,0.35412,1,3,0,0.3984375
28,6,100,2,44,0,0,0.36708,0.14933,1,3,0,0.5273438
28,6,100,2,45,0,0,0.82776,0.23154,1,3,0,0.5390625
28,6,100,2,46,0,1,0.40889,0.91722,1,3,1,0.3984375
28,6,100,2,47,0,0,0.68785,0.39308,1,3,0,0.4101563
28,6,100,2,48,0,1,0.46602,0.98088,1,3,1,0.6601563
28,6,100,2,49,0,0,0.89622,0.30743,0,3,1,0.3789063
28,6,100,2,50,0,1,0.33598,0.81598,0,3,0,0.421875
29,1,50,3,1,1,1,0.090371,0.39637,0,2,0,1.773438
29,1,50,3,2,1,1,0.029404,0.75688,1,2,1,0.609375
29,1,50,3,3,1,1,0.0049121,0.13156,1,2,1,1.117188
29,1,50,3,4,-1,0,0.90572,0.78965,0,2,1,1.0625
29,1,50,3,5,1,1,0.0059617,0.96978,1,2,1,1.390625
29,1,50,3,6,-1,0,0.81808,0.25135,0,2,1,1.226563
29,1,50,3,7,1,1,0.32413,0.87556,1,2,1,1.507813
29,1,50,3,8,1,1,0.054612,0.138,1,2,1,1.5
29,1,50,3,9,1,1,0.39516,0.80229,0,2,0,1.859375
29,1,50,3,10,1,0,0.4377,0.32417,0,2,1,1.578125
29,1,50,3,11,1,1,0.17906,0.33212,0,2,0,1.234375
29,1,50,3,12,-1,1,0.5395,0.64975,0,2,0,1.109375
29,1,50,3,13,-1,1,0.68783,0.98399,0,2,0,1.109375
29,1,50,3,14,1,1,0.043111,0.050982,1,2,1,1.179688
29,1,50,3,15,-1,1,0.56367,0.60408,0,2,0,1.21875
29,1,50,3,16,-1,0,0.80121,0.12842,1,2,0,1.867188
29,1,50,3,17,1,1,0.12551,0.78831,1,2,1,1.34375
29,1,50,3,18,1,0,0.036884,0.0069994,1,2,0,1.101563
29,1,50,3,19,1,1,0.24111,0.71193,1,2,1,1.117188
29,1,50,3,20,1,1,0.26043,0.26425,1,2,1,1.132813
29,1,50,3,21,-1,0,0.86103,0.50209,0,2,1,1.15625
29,1,50,3,22,-1,0,0.53524,0.47105,0,2,1,1.304688
29,1,50,3,23,-1,0,0.77899,0.7777,0,2,1,1.34375
29,1,50,3,24,1,0,0.30842,0.17681,1,2,0,1.265625
29,1,50,3,25,1,0,0.26715,0.057575,0,2,1,1.09375
29,1,50,3,26,1,1,0.28759,0.68219,1,2,1,1.21875
29,1,50,3,27,1,1,0.23796,0.42014,1,2,1,1.171875
29,1,50,3,28,-1,0,0.83698,0.60581,0,2,1,1.296875
29,1,50,3,29,1,1,0.3502,0.61848,1,2,1,1.164063
29,1,50,3,30,-1,0,0.78375,0.6696,0,2,1,1.078125
29,1,50,3,31,-1,1,0.50335,0.8226,0,2,0,1.21875
29,1,50,3,32,-1,0,0.62934,0.52857,1,2,0,0.9765625
29,1,50,3,33,-1,1,0.5267,0.9639,1,2,1,1.703125
29,1,50,3,34,1,1,0.39882,0.72392,1,2,1,1.554688
29,1,50,3,35,1,1,0.032625,0.73002,1,2,1,1.515625
29,1,50,3,36,1,1,0.085049,0.62361,1,2,1,1.09375
29,1,50,3,37,-1,0,0.90829,0.14517,0,2,1,1.273438
29,1,50,3,38,1,1,0.071221,0.5344,1,2,1,1.25
29,1,50,3,39,-1,1,0.60233,0.90006,0,2,0,1.179688
29,1,50,3,40,-1,0,0.68294,0.42918,1,2,0,1.054688
29,1,50,3,41,1,1,0.039483,0.63922,1,2,1,1.140625
29,1,50,3,42,-1,1,0.81346,0.92603,0,2,0,2.148438
29,1,50,3,43,-1,0,0.90616,0.6858,0,3,1,1.296875
29,1,50,3,44,1,0,0.23695,0.22427,1,2,0,1.414063
29,1,50,3,45,-1,0,0.55866,0.15201,0,2,1,1.0625
29,1,50,3,46,-1,1,0.71779,0.7484,0,2,0,1.179688
29,1,50,3,47,-1,1,0.89842,0.95116,0,2,0,1.171875
29,1,50,3,48,-1,1,0.53683,0.81766,0,2,0,1.109375
29,1,50,3,49,-1,0,0.59011,0.0025461,0,2,1,0.921875
29,1,50,3,50,1,1,0.052813,0.089322,1,2,1,1.203125
29,2,60,2,1,-1,0,0.92685,0.40202,0,1,1,2.421875
29,2,60,2,2,1,1,0.25707,0.93786,1,1,1,1.726563
29,2,60,2,3,-1,1,0.69576,0.77235,1,3,1,1.570313
29,2,60,2,4,0,1,0.48425,0.49629,1,1,1,1.304688
29,2,60,2,5,1,1,0.33044,0.99159,1,2,1,1.351563
29,2,60,2,6,1,0,0.17782,0.13456,0,1,1,2.40625
29,2,60,2,7,0,1,0.41145,0.45062,1,1,1,1.398438
29,2,60,2,8,-1,0,0.69442,0.13766,0,2,1,1.671875
29,2,60,2,9,-1,0,0.68756,0.0087316,1,1,0,2.359375
29,2,60,2,10,0,1,0.52204,0.90965,0,2,0,1.4375
29,2,60,2,11,-1,0,0.73349,0.29303,0,2,1,2.59375
29,2,60,2,12,-1,0,0.83902,0.6624,0,2,1,1.914063
29,2,60,2,13,1,1,0.16645,0.4332,0,1,0,2.546875
29,2,60,2,14,1,0,0.38906,0.27213,1,2,0,1.71875
29,2,60,2,15,-1,0,0.61848,0.29235,0,1,1,1.3125
29,2,60,2,16,1,1,0.26411,0.98182,1,2,1,2.195313
29,2,60,2,17,-1,0,0.86739,0.70701,1,2,0,1.65625
29,2,60,2,18,1,1,0.044307,0.99244,1,2,1,1.351563
29,2,60,2,19,1,1,0.070569,0.68129,1,2,1,3.671875
29,2,60,2,20,0,1,0.50262,0.9862,0,1,0,1.320313
29,2,60,2,21,1,1,0.15168,0.47754,1,1,1,1.414063
29,2,60,2,22,1,1,0.2082,0.61201,1,1,1,1.25
29,2,60,2,23,-1,0,0.98303,0.27611,0,1,1,1.328125
29,2,60,2,24,-1,0,0.75071,0.25157,0,1,1,1.085938
29,2,60,2,25,-1,0,0.74013,0.23912,0,1,1,1.015625
29,2,60,2,26,-1,0,0.95985,0.93878,0,2,1,1.21875
29,2,60,2,27,-1,1,0.68068,0.88367,1,2,1,1.1875
29,2,60,2,28,1,0,0.19576,0.012935,1,2,0,1.109375
29,2,60,2,29,1,0,0.20588,0.021982,1,2,0,0.9921875
29,2,60,2,30,-1,1,0.65459,0.92901,0,2,0,1.359375
29,2,60,2,31,-1,0,0.89124,6.2129e-05,0,2,1,1.585938
29,2,60,2,32,1,1,0.11144,0.68578,1,2,1,1.679688
29,2,60,2,33,1,1,0.19418,0.49576,1,2,1,1.28125
29,2,60,2,34,1,1,0.083608,0.89812,1,2,1,1.28125
29,2,60,2,35,1,1,0.16699,0.89538,1,2,1,1.15625
29,2,60,2,36,0,1,0.55527,0.90183,1,1,1,1.578125
29,2,60,2,37,1,1,0.38043,0.91268,1,1,1,1.570313
29,2,60,2,38,1,1,0.36779,0.87346,1,2,1,1.734375
29,2,60,2,39,1,1,0.34133,0.61941,0,2,0,1.507813
29,2,60,2,40,1,1,0.069156,0.56746,1,2,1,1.320313
29,2,60,2,41,1,1,0.28611,0.62888,1,2,1,1.28125
29,2,60,2,42,-1,0,0.73786,0.48412,1,2,0,1.1875
29,2,60,2,43,-1,0,0.84688,0.2124,0,2,1,1.179688
29,2,60,2,44,-1,0,0.89182,0.41421,0,2,1,1.34375
29,2,60,2,45,1,0,0.2583,0.2058,1,2,0,1.085938
29,2,60,2,46,1,0,0.25061,0.024363,1,2,0,1.140625
29,2,60,2,47,0,0,0.53327,0.14963,0,1,1,1.3125
29,2,60,2,48,1,1,0.12943,0.26924,1,2,1,1.3125
29,2,60,2,49,1,0,0.14183,0.020993,1,1,0,1.054688
29,2,60,2,50,-1,0,0.7814,0.37349,0,2,1,1.265625
29,3,70,1,1,0,1,0.59909,0.85581,1,1,1,4.921875
29,3,70,1,2,1,1,0.059784,0.19865,1,2,1,4.882813
29,3,70,1,3,1,0,0.23558,0.13652,1,2,0,2.148438
29,3,70,1,4,1,1,0.0067596,0.80515,0,2,0,3.523438
29,3,70,1,5,-1,0,0.80828,0.23951,0,2,1,2.5625
29,3,70,1,6,1,0,0.24747,0.20181,1,2,0,2.171875
29,3,70,1,7,0,0,0.37636,0.11551,0,1,1,1.773438
29,3,70,1,8,-1,1,0.7935,0.84944,0,2,0,2.21875
29,3,70,1,9,0,1,0.39141,0.72578,1,2,1,1.273438
29,3,70,1,10,0,1,0.6399,0.82353,1,3,1,1.382813
29,3,70,1,11,1,1,0.076577,0.20552,0,2,0,1.992188
29,3,70,1,12,-1,0,0.91458,0.68582,0,2,1,1.46875
29,3,70,1,13,-1,0,0.78669,0.39582,1,1,0,1.585938
29,3,70,1,14,0,0,0.58118,0.1243,0,1,1,1.78125
29,3,70,1,15,-1,1,0.80817,0.81254,1,1,1,1.601563
29,3,70,1,16,-1,0,0.70886,0.2504,1,3,0,1.4375
29,3,70,1,17,0,0,0.65405,0.076953,0,1,1,1.5
29,3,70,1,18,0,0,0.58338,0.29297,0,1,1,1.8125
29,3,70,1,19,0,0,0.50802,0.0056329,1,1,0,2.21875
29,3,70,1,20,1,1,0.08758,0.46525,1,1,1,6.015625
29,3,70,1,21,-1,0,0.92793,0.7377,0,1,1,2.992188
29,3,70,1,22,1,1,0.14734,0.72973,1,1,1,3.625
29,3,70,1,23,1,1,0.041263,0.35622,1,1,1,3.09375
29,3,70,1,24,0,0,0.47472,0.32778,0,1,1,1.742188
29,3,70,1,25,1,1,0.0027981,0.52248,1,2,1,3.023438
29,3,70,1,26,1,1,0.15037,0.54119,1,2,1,2.921875
29,3,70,1,27,-1,0,0.95385,0.25779,0,3,1,3.773438
29,3,70,1,28,-1,0,0.98197,0.381,0,3,1,2.960938
29,3,70,1,29,0,0,0.55628,0.33073,1,3,0,1.679688
29,3,70,1,30,-1,0,0.80136,0.37333,0,3,1,3.695313
29,3,70,1,31,1,1,0.054186,0.16027,1,3,1,3.039063
29,3,70,1,32,1,1,0.069597,0.17932,1,3,1,2.734375
29,3,70,1,33,-1,0,0.9282,0.40914,0,3,1,2.78125
29,3,70,1,34,0,1,0.30167,0.32601,1,3,1,1.460938
29,3,70,1,35,1,0,0.21896,0.16073,1,3,0,3.0625
29,3,70,1,36,-1,0,0.79662,0.028425,1,3,0,3.65625
29,3,70,1,37,0,0,0.43006,0.33986,1,3,0,1.453125
29,3,70,1,38,-1,1,0.84295,0.91064,0,3,0,2.59375
29,3,70,1,39,0,0,0.40386,0.16641,1,3,0,1.382813
29,3,70,1,40,0,1,0.51218,0.65253,1,3,1,1.359375
29,3,70,1,41,-1,1,0.83233,0.83739,0,3,0,4.882813
29,3,70,1,42,1,1,0.074616,0.22029,1,3,1,2.203125
29,3,70,1,43,0,0,0.6921,0.26115,1,3,0,1.320313
29,3,70,1,44,-1,0,0.85494,0.82686,0,2,1,2.210938
29,3,70,1,45,-1,0,0.94046,0.76753,0,3,1,2.523438
29,3,70,1,46,1,1,0.029229,0.87551,1,2,1,2.523438
29,3,70,1,47,0,1,0.36497,0.97379,0,1,0,1.40625
29,3,70,1,48,0,0,0.69294,0.5173,0,1,1,1.3125
29,3,70,1,49,0,1,0.40447,0.6291,1,1,1,1.507813
29,3,70,1,50,0,1,0.60313,0.6761,1,1,1,1.257813
29,4,80,5,1,1,1,0.1633,0.31764,1,1,1,1.414063
29,4,80,5,2,1,1,0.021035,0.16245,1,2,1,0.71875
29,4,80,5,3,0,1,0.34225,0.84124,1,1,1,1.109375
29,4,80,5,4,0,0,0.65712,0.38176,1,1,0,1.351563
29,4,80,5,5,0,0,0.74498,0.55782,0,1,1,1.398438
29,4,80,5,6,1,1,0.074115,0.90445,1,1,1,1.25
29,4,80,5,7,0,0,0.5642,0.56269,0,1,1,1.632813
29,4,80,5,8,0,0,0.59239,0.094321,1,1,0,1.414063
29,4,80,5,9,0,0,0.55817,0.4369,1,1,0,1.34375
29,4,80,5,10,0,1,0.46605,0.65853,0,1,0,1.171875
29,4,80,5,11,1,1,0.098381,0.70664,1,1,1,1.132813
29,4,80,5,12,0,1,0.76757,0.95623,0,1,0,1.0
29,4,80,5,13,0,1,0.40863,0.5647,1,1,1,0.828125
29,4,80,5,14,-1,0,0.82507,0.064187,0,2,1,1.296875
29,4,80,5,15,0,1,0.2778,0.41751,1,2,1,1.210938
29,4,80,5,16,0,0,0.75792,0.30302,0,2,1,1.046875
29,4,80,5,17,0,1,0.45569,0.95722,0,1,0,1.015625
29,4,80,5,18,0,1,0.38699,0.91528,1,1,1,1.09375
29,4,80,5,19,0,0,0.72793,0.35601,1,1,0,1.1875
29,4,80,5,20,1,1,0.076831,0.26594,1,2,1,1.664063
29,4,80,5,21,-1,0,0.87802,0.54628,0,2,1,1.109375
29,4,80,5,22,1,1,0.031581,0.3241,1,2,1,1.0
29,4,80,5,23,0,1,0.54055,0.91029,0,2,0,1.453125
29,4,80,5,24,0,1,0.28301,0.64803,1,1,1,1.132813
29,4,80,5,25,0,0,0.4854,0.25826,0,1,1,1.148438
29,4,80,5,26,0,0,0.35736,0.025321,0,1,1,1.03125
29,4,80,5,27,0,1,0.68465,0.90153,0,1,0,1.070313
29,4,80,5,28,-1,0,0.94959,0.54144,1,2,0,0.75
29,4,80,5,29,-1,0,0.82009,0.7761,0,2,1,0.9609375
29,4,80,5,30,0,0,0.72006,0.68931,1,1,0,1.3125
29,4,80,5,31,0,1,0.25603,0.66377,0,1,0,1.25
29,4,80,5,32,-1,0,0.96882,0.66494,0,2,1,0.9765625
29,4,80,5,33,1,1,0.16998,0.6013,1,2,1,0.8046875
29,4,80,5,34,1,1,0.020585,0.20706,0,2,0,1.0625
29,4,80,5,35,0,1,0.48032,0.56183,1,2,1,1.210938
29,4,80,5,36,-1,0,0.99815,0.55433,0,2,1,0.4375
29,4,80,5,37,0,1,0.24151,0.52824,1,2,1,1.390625
29,4,80,5,38,-1,0,0.97195,0.59541,0,2,1,1.46875
29,4,80,5,39,1,1,0.027698,0.031371,1,2,1,1.039063
29,4,80,5,40,0,1,0.23708,0.61457,1,2,1,1.195313
29,4,80,5,41,0,0,0.71911,0.45822,1,3,0,1.0
29,4,80,5,42,-1,0,0.89165,0.05874,0,2,1,0.7109375
29,4,80,5,43,1,1,0.11284,0.8565,1,2,1,1.25
29,4,80,5,44,-1,0,0.85002,0.10501,0,2,1,0.9296875
29,4,80,5,45,-1,0,0.85123,0.77474,0,2,1,0.921875
29,4,80,5,46,0,0,0.62193,0.50304,1,2,0,1.203125
29,4,80,5,47,1,1,0.0054919,0.92068,1,2,1,1.484375
29,4,80,5,48,0,0,0.56648,0.26945,0,1,1,1.179688
29,4,80,5,49,-1,0,0.94502,0.32337,0,1,1,1.210938
29,4,80,5,50,0,0,0.72366,0.48914,1,1,0,1.421875
29,5,90,6,1,0,1,0.20857,0.46808,0,1,0,1.148438
29,5,90,6,2,0,0,0.54632,0.24647,1,1,0,0.9375
29,5,90,6,3,0,0,0.81433,0.18803,0,1,1,1.1875
29,5,90,6,4,0,1,0.13436,0.15032,1,1,1,1.054688
29,5,90,6,5,0,1,0.55593,0.81275,0,1,0,0.46875
29,5,90,6,6,0,1,0.21164,0.23744,0,1,0,0.984375
29,5,90,6,7,0,1,0.52834,0.67667,1,1,1,0.5
29,5,90,6,8,0,1,0.22967,0.89728,0,1,0,1.164063
29,5,90,6,9,0,1,0.57627,0.86668,1,1,1,0.390625
29,5,90,6,10,0,0,0.47936,0.18449,1,1,0,0.4609375
29,5,90,6,11,0,1,0.19145,0.70407,1,1,1,0.4453125
29,5,90,6,12,0,0,0.30842,0.11928,1,1,0,0.7265625
29,5,90,6,13,0,0,0.71455,0.15173,1,1,0,0.3984375
29,5,90,6,14,0,1,0.69934,0.86193,1,1,1,0.390625
29,5,90,6,15,-1,0,0.958,0.57692,1,1,0,0.515625
29,5,90,6,16,0,0,0.37269,0.026083,0,1,1,1.429688
29,5,90,6,17,0,0,0.82272,0.72767,1,1,0,1.164063
29,5,90,6,18,0,1,0.24422,0.85941,0,1,0,0.4375
29,5,90,6,19,0,0,0.15628,0.13933,1,1,0,0.7421875
29,5,90,6,20,0,1,0.28143,0.53691,1,1,1,0.421875
29,5,90,6,21,0,0,0.67675,0.64764,1,1,0,0.390625
29,5,90,6,22,0,1,0.29055,0.93602,1,1,1,0.4453125
29,5,90,6,23,0,1,0.66694,0.96998,1,1,1,0.421875
29,5,90,6,24,-1,0,0.92988,0.36729,1,1,0,0.359375
29,5,90,6,25,0,0,0.64189,0.56493,0,1,1,1.171875
29,5,90,6,26,0,0,0.35706,0.045953,0,1,1,1.210938
29,5,90,6,27,0,0,0.86825,0.12573,1,1,0,0.65625
29,5,90,6,28,0,1,0.10745,0.53698,1,1,1,0.5078125
29,5,90,6,29,0,0,0.41301,0.078946,0,1,1,0.53125
29,5,90,6,30,-1,0,0.91027,0.23256,0,1,1,1.28125
29,5,90,6,31,0,1,0.33494,0.81054,0,1,0,0.921875
29,5,90,6,32,0,1,0.18306,0.43048,1,1,1,0.5859375
29,5,90,6,33,1,1,0.0027183,0.04549,1,1,1,0.3828125
29,5,90,6,34,0,1,0.2718,0.55204,0,1,0,1.046875
29,5,90,6,35,0,1,0.18601,0.49899,1,1,1,1.234375
29,5,90,6,36,0,0,0.87057,0.056316,0,1,1,0.75
29,5,90,6,37,0,0,0.49131,0.36999,1,1,0,0.5546875
29,5,90,6,38,0,1,0.1344,0.70097,0,1,0,1.09375
29,5,90,6,39,0,1,0.38185,0.64429,1,1,1,1.375
29,5,90,6,40,1,1,0.074724,0.69175,1,1,1,1.898438
29,5,90,6,41,0,1,0.44672,0.97993,1,1,1,2.242188
29,5,90,6,42,1,1,0.024013,0.16861,1,1,1,0.640625
29,5,90,6,43,0,0,0.64165,0.0050211,1,1,0,0.890625
29,5,90,6,44,1,1,0.09926,0.87864,1,1,1,0.46875
29,5,90,6,45,0,1,0.59576,0.82745,1,1,1,1.046875
29,5,90,6,46,0,0,0.62917,0.016504,1,1,0,0.921875
29,5,90,6,47,0,0,0.87917,0.54731,0,1,1,0.390625
29,5,90,6,48,0,1,0.47339,0.99441,0,1,0,1.148438
29,5,90,6,49,0,1,0.13188,0.3851,1,1,1,0.359375
29,5,90,6,50,0,0,0.66376,0.45703,0,1,1,0.734375
29,6,100,4,1,0,0,0.72646,0.33349,0,1,1,1.28125
29,6,100,4,2,0,0,0.25336,0.041533,1,1,0,1.5
29,6,100,4,3,0,1,0.25,0.80318,1,1,1,1.585938
29,6,100,4,4,0,1,0.18685,0.63261,1,1,1,1.039063
29,6,100,4,5,0,0,0.76713,0.0091168,0,1,1,1.6875
29,6,100,4,6,0,1,0.17457,0.42281,0,1,0,1.59375
29,6,100,4,7,0,1,0.47098,0.84491,0,1,0,1.34375
29,6,100,4,8,0,1,0.21289,0.76175,0,1,0,1.109375
29,6,100,4,9,0,1,0.68079,0.91831,1,1,1,1.40625
29,6,100,4,10,0,0,0.68544,0.36997,0,1,1,0.96875
29,6,100,4,11,0,1,0.24449,0.83204,0,1,0,1.296875
29,6,100,4,12,0,1,0.13977,0.8412,1,1,1,1.367188
29,6,100,4,13,0,0,0.81634,0.085734,0,1,1,1.140625
29,6,100,4,14,0,0,0.19181,0.078636,1,1,0,1.351563
29,6,100,4,15,0,0,0.85774,0.55225,0,1,1,0.859375
29,6,100,4,16,0,0,0.8118,0.32513,0,1,1,0.890625
29,6,100,4,17,0,0,0.84815,0.84152,1,1,0,0.5078125
29,6,100,4,18,0,0,0.53336,0.20704,1,1,0,0.53125
29,6,100,4,19,0,1,0.73136,0.88614,1,1,1,0.6171875
29,6,100,4,20,0,1,0.038635,0.52604,1,1,1,0.5546875
29,6,100,4,21,0,1,0.22367,0.47855,0,1,0,0.8203125
29,6,100,4,22,0,1,0.18641,0.37978,0,1,0,0.4140625
29,6,100,4,23,0,0,0.90642,0.40299,0,1,1,0.328125
29,6,100,4,24,0,1,0.018652,0.65291,0,1,0,0.375
29,6,100,4,25,0,0,0.95884,0.7763,1,1,0,0.375
29,6,100,4,26,0,0,0.73254,0.07271,1,1,0,0.3359375
29,6,100,4,27,0,0,0.93101,0.26467,1,1,0,0.59375
29,6,100,4,28,0,1,0.36836,0.76279,1,1,1,0.4375
29,6,100,4,29,0,0,0.87496,0.50299,1,1,0,0.359375
29,6,100,4,30,0,0,0.31317,0.072602,0,1,1,0.3671875
29,6,100,4,31,0,0,0.68581,0.4824,0,1,1,0.3828125
29,6,100,4,32,0,1,0.86416,0.89186,0,1,0,0.3515625
29,6,100,4,33,0,1,0.0072156,0.19542,0,1,0,0.375
29,6,100,4,34,0,0,0.69051,0.41952,1,1,0,0.4921875
29,6,100,4,35,0,0,0.81159,0.014954,0,1,1,0.3828125
29,6,100,4,36,0,0,0.59578,0.18341,0,1,1,0.4140625
29,6,100,4,37,0,1,0.4225,0.61757,0,1,0,0.421875
29,6,100,4,38,0,0,0.57107,0.53144,1,1,0,0.7578125
29,6,100,4,39,0,1,0.21786,0.40346,0,1,0,0.65625
29,6,100,4,40,0,1,0.052717,0.58557,0,1,0,0.484375
29,6,100,4,41,0,0,0.81054,0.04068,0,1,1,0.4453125
29,6,100,4,42,0,0,0.70984,0.61223,0,1,1,0.390625
29,6,100,4,43,0,1,0.25587,0.65631,0,1,0,0.2109375
29,6,100,4,44,0,1,0.57879,0.80109,0,1,0,0.453125
29,6,100,4,45,0,0,0.98996,0.78795,0,1,1,0.328125
29,6,100,4,46,0,0,0.80572,0.66513,0,1,1,0.3359375
29,6,100,4,47,0,0,0.68629,0.68138,0,1,1,0.3828125
29,6,100,4,48,0,1,0.02402,0.1747,1,1,1,0.40625
29,6,100,4,49,0,1,0.056413,0.07399,1,1,1,0.359375
29,6,100,4,50,0,1,0.6439,0.84736,1,1,1,0.484375
30,1,50,6,1,1,1,0.27473,0.46312,1,4,1,0.9804688
30,1,50,6,2,-1,0,0.95406,0.92753,0,4,1,1.242188
30,1,50,6,3,-1,0,0.67564,0.30705,0,4,1,1.164063
30,1,50,6,4,-1,1,0.7204,0.81314,0,5,0,1.082031
30,1,50,6,5,-1,0,0.63253,0.40567,0,3,1,1.121094
30,1,50,6,6,1,0,0.42427,0.15573,1,4,0,1.394531
30,1,50,6,7,-1,0,0.68963,0.26556,0,3,1,1.351563
30,1,50,6,8,-1,0,0.9449,0.52778,0,3,1,6.492188
30,1,50,6,9,-1,1,0.8348,0.958,0,3,0,1.359375
30,1,50,6,10,1,1,0.064853,0.27868,1,3,1,1.101563
30,1,50,6,11,1,1,0.068139,0.90631,1,3,1,1.140625
30,1,50,6,12,1,0,0.42091,0.10786,1,4,0,1.191406
30,1,50,6,13,1,1,0.010445,0.29439,1,3,1,0.921875
30,1,50,6,14,1,0,0.48894,0.38548,1,3,0,0.9101563
30,1,50,6,15,1,1,0.31705,0.46522,1,3,1,1.234375
30,1,50,6,16,1,0,0.27997,0.011299,1,3,0,1.082031
30,1,50,6,17,1,0,0.34136,0.24893,1,2,0,1.019531
30,1,50,6,18,-1,0,0.69234,0.44356,0,3,1,1.128906
30,1,50,6,19,1,0,0.46299,0.44477,1,2,0,1.011719
30,1,50,6,20,-1,0,0.81062,0.28759,0,3,1,0.9140625
30,1,50,6,21,-1,1,0.5284,0.70481,0,2,0,1.242188
30,1,50,6,22,1,1,0.13518,0.9514,1,3,1,0.953125
30,1,50,6,23,-1,0,0.54952,0.16635,0,3,1,1.203125
30,1,50,6,24,1,1,0.41171,0.9493,1,2,1,1.203125
30,1,50,6,25,-1,1,0.56815,0.71336,0,2,0,1.0625
30,1,50,6,26,-1,0,0.82539,0.74348,0,3,1,1.511719
30,1,50,6,27,1,1,0.31198,0.70768,1,3,1,1.023438
30,1,50,6,28,-1,0,0.70882,0.50912,0,2,1,0.953125
30,1,50,6,29,-1,0,0.79162,0.092739,0,3,1,0.9726563
30,1,50,6,30,1,1,0.31943,0.85661,1,3,1,0.7773438
30,1,50,6,31,-1,0,0.84672,0.39538,0,3,1,0.9296875
30,1,50,6,32,-1,0,0.98408,0.65694,0,4,1,0.9492188
30,1,50,6,33,-1,0,0.66716,0.57143,0,3,1,1.191406
30,1,50,6,34,-1,0,0.79664,0.39394,0,2,1,1.121094
30,1,50,6,35,1,1,0.27597,0.47156,1,3,1,0.8828125
30,1,50,6,36,-1,0,0.78396,0.55566,0,3,1,1.171875
30,1,50,6,37,-1,0,0.90608,0.19277,0,4,1,2.753906
30,1,50,6,38,1,1,0.040858,0.32199,1,4,1,1.042969
30,1,50,6,39,-1,1,0.56717,0.6607,0,4,0,1.113281
30,1,50,6,40,-1,0,0.71827,0.1727,0,3,1,1.304688
30,1,50,6,41,-1,0,0.775,0.17211,0,4,1,1.160156
30,1,50,6,42,1,1,0.12145,0.51433,1,3,1,0.8007813
30,1,50,6,43,-1,0,0.56614,0.11224,0,3,1,1.140625
30,1,50,6,44,-1,0,0.93824,0.34879,0,4,1,1.84375
30,1,50,6,45,1,1,0.050141,0.93803,1,4,1,1.371094
30,1,50,6,46,1,1,0.321,0.40447,1,3,1,1.070313
30,1,50,6,47,1,1,0.14701,0.84378,1,4,1,0.9609375
30,1,50,6,48,-1,0,0.81955,0.1296,0,3,1,1.261719
30,1,50,6,49,1,1,0.13123,0.67796,1,4,1,0.8828125
30,1,50,6,50,-1,0,0.64195,0.11442,0,4,1,1.3125
30,2,60,1,1,1,1,0.32285,0.86749,1,4,1,5.484375
30,2,60,1,2,0,0,0.50105,0.15347,0,3,1,9.113281
30,2,60,1,3,1,1,0.36029,0.9675,1,4,1,2.765625
30,2,60,1,4,0,0,0.52343,0.021494,1,4,0,2.664063
30,2,60,1,5,1,1,0.26113,0.39378,1,4,1,2.894531
30,2,60,1,6,-1,0,0.9553,0.56413,0,4,1,2.625
30,2,60,1,7,1,1,0.073422,0.56736,1,4,1,1.90625
30,2,60,1,8,-1,0,0.95429,0.058627,0,4,1,3.835938
30,2,60,1,9,1,1,0.34224,0.79432,1,4,1,1.515625
30,2,60,1,10,-1,0,0.61207,0.28543,0,5,1,1.382813
30,2,60,1,11,1,1,0.35595,0.52527,1,5,1,1.3125
30,2,60,1,12,-1,1,0.72034,0.84975,0,5,0,1.511719
30,2,60,1,13,1,1,0.044408,0.50364,1,3,1,1.230469
30,2,60,1,14,0,1,0.59278,0.78485,0,3,0,1.984375
30,2,60,1,15,-1,1,0.82747,0.99771,0,4,0,1.414063
30,2,60,1,16,-1,0,0.95575,0.50783,0,3,1,2.023438
30,2,60,1,17,-1,1,0.73921,0.88471,0,3,0,1.632813
30,2,60,1,18,0,0,0.41145,0.27551,1,1,0,1.78125
30,2,60,1,19,1,1,0.099311,0.77531,1,3,1,1.273438
30,2,60,1,20,1,1,0.3998,0.55657,1,4,1,1.25
30,2,60,1,21,-1,0,0.93853,0.87267,0,3,1,1.421875
30,2,60,1,22,1,1,0.25817,0.71704,1,3,1,1.320313
30,2,60,1,23,1,1,0.069962,0.62435,1,3,1,1.191406
30,2,60,1,24,1,1,0.19495,0.70251,1,3,1,1.191406
30,2,60,1,25,1,1,0.23365,0.34986,1,3,1,1.121094
30,2,60,1,26,-1,0,0.73114,0.1466,0,4,1,1.613281
30,2,60,1,27,0,0,0.58906,0.33988,0,1,1,2.042969
30,2,60,1,28,-1,1,0.66151,0.71184,0,3,0,1.28125
30,2,60,1,29,-1,0,0.91238,0.11221,0,3,1,1.351563
30,2,60,1,30,1,1,0.22255,0.22268,1,3,1,0.859375
30,2,60,1,31,1,1,0.24315,0.63335,1,3,1,1.0625
30,2,60,1,32,-1,0,0.75432,0.16035,0,4,1,1.164063
30,2,60,1,33,-1,1,0.85798,0.92643,0,4,0,1.171875
30,2,60,1,34,-1,0,0.78334,0.27805,0,3,1,1.128906
30,2,60,1,35,1,1,0.18877,0.84886,1,3,1,1.605469
30,2,60,1,36,0,0,0.4858,0.2255,1,1,0,2.351563
30,2,60,1,37,1,1,0.073957,0.93023,1,4,1,1.453125
30,2,60,1,38,-1,0,0.64797,0.075458,0,3,1,1.382813
30,2,60,1,39,1,0,0.28322,0.082626,1,4,0,1.089844
30,2,60,1,40,-1,0,0.98268,0.33094,0,3,1,1.222656
30,2,60,1,41,0,0,0.46398,0.3293,0,1,1,2.101563
30,2,60,1,42,1,1,0.23142,0.47797,1,3,1,1.371094
30,2,60,1,43,1,1,0.048692,0.29978,1,3,1,1.683594
30,2,60,1,44,-1,0,0.9624,0.13879,0,3,1,1.441406
30,2,60,1,45,1,0,0.3873,0.31991,1,4,0,1.171875
30,2,60,1,46,1,1,0.35393,0.95641,1,4,1,1.121094
30,2,60,1,47,1,1,0.28115,0.40042,1,4,1,1.210938
30,2,60,1,48,1,1,0.30759,0.92545,1,3,1,1.042969
30,2,60,1,49,0,0,0.42224,0.019287,0,2,1,5.210938
30,2,60,1,50,0,1,0.51516,0.9748,0,1,0,4.476563
30,3,70,5,1,0,0,0.62375,0.44383,1,1,0,2.394531
30,3,70,5,2,0,0,0.32631,0.20573,1,1,0,0.859375
30,3,70,5,3,-1,0,0.72205,0.35744,0,4,1,1.414063
30,3,70,5,4,-1,1,0.8352,0.94892,0,4,0,1.230469
30,3,70,5,5,1,0,0.073094,0.027201,1,3,0,1.152344
30,3,70,5,6,0,1,0.43267,0.85327,0,1,0,1.363281
30,3,70,5,7,-1,0,0.99939,0.18253,0,3,1,1.273438
30,3,70,5,8,0,0,0.3653,0.29107,1,1,0,1.574219
30,3,70,5,9,-1,0,0.89687,0.50201,0,3,1,1.523438
30,3,70,5,10,1,1,0.10967,0.44407,1,3,1,0.9492188
30,3,70,5,11,-1,1,0.75542,0.75814,0,4,0,1.714844
30,3,70,5,12,0,1,0.39106,0.90377,1,1,1,1.050781
30,3,70,5,13,1,1,0.15488,0.17111,1,3,1,1.203125
30,3,70,5,14,0,1,0.60629,0.95483,0,1,0,1.441406
30,3,70,5,15,-1,0,0.99921,0.65921,0,3,1,2.546875
30,3,70,5,16,0,0,0.54544,0.48715,1,1,0,1.371094
30,3,70,5,17,0,0,0.41979,0.25464,0,1,1,0.890625
30,3,70,5,18,1,1,0.29537,0.98823,1,3,1,1.039063
30,3,70,5,19,0,1,0.31966,0.74756,0,1,0,0.8789063
30,3,70,5,20,0,1,0.56976,0.95332,1,1,1,1.027344
30,3,70,5,21,0,0,0.52581,0.44094,1,1,0,1.570313
30,3,70,5,22,0,0,0.35265,0.21118,0,2,1,0.9804688
30,3,70,5,23,-1,0,0.82822,0.65578,0,3,1,1.300781
30,3,70,5,24,-1,0,0.96721,0.11461,0,3,1,1.179688
30,3,70,5,25,1,1,0.032278,0.82395,1,4,1,0.7226563
30,3,70,5,26,1,1,0.23334,0.46777,1,3,1,0.8984375
30,3,70,5,27,0,0,0.6029,0.22477,0,1,1,1.242188
30,3,70,5,28,0,0,0.40677,0.23382,1,1,0,1.570313
30,3,70,5,29,-1,0,0.80847,0.34378,0,3,1,1.019531
30,3,70,5,30,1,1,0.040618,0.37902,1,4,1,1.082031
30,3,70,5,31,0,1,0.49889,0.59772,0,1,0,2.152344
30,3,70,5,32,-1,0,0.98826,0.4596,1,1,0,0.5117188
30,3,70,5,33,-1,0,0.85682,0.23803,0,3,1,1.320313
30,3,70,5,34,0,0,0.36458,0.074963,0,1,1,2.472656
30,3,70,5,35,1,1,0.0055755,0.10645,1,4,1,0.9414063
30,3,70,5,36,0,1,0.5003,0.75658,0,1,0,1.945313
30,3,70,5,37,0,0,0.54194,0.17893,1,1,0,1.222656
30,3,70,5,38,-1,0,0.86334,0.052533,0,4,1,0.859375
30,3,70,5,39,1,1,0.25768,0.92,1,4,1,1.460938
30,3,70,5,40,0,0,0.48947,0.020526,1,1,0,3.183594
30,3,70,5,41,0,1,0.58583,0.80291,0,1,0,1.695313
30,3,70,5,42,-1,0,0.84074,0.22833,0,4,1,1.25
30,3,70,5,43,-1,0,0.89111,0.60693,0,4,1,1.054688
30,3,70,5,44,-1,0,0.75599,0.6293,0,4,1,1.019531
30,3,70,5,45,1,1,0.070378,0.34055,1,4,1,1.007813
30,3,70,5,46,0,0,0.55107,0.0050917,0,1,1,1.484375
30,3,70,5,47,0,1,0.30888,0.49061,1,1,1,1.441406
30,3,70,5,48,0,0,0.50055,0.22361,0,1,1,1.28125
30,3,70,5,49,-1,0,0.92258,0.24991,0,4,1,1.179688
30,3,70,5,50,0,1,0.51566,0.61418,1,1,1,1.074219
30,4,80,4,1,-1,0,0.83495,0.2814,0,2,1,1.414063
30,4,80,4,2,0,1,0.2853,0.84532,1,1,1,1.523438
30,4,80,4,3,0,1,0.37077,0.58495,1,2,1,1.152344
30,4,80,4,4,-1,0,0.8417,0.56185,0,3,1,1.472656
30,4,80,4,5,-1,0,0.93758,0.88254,0,3,1,1.644531
30,4,80,4,6,0,1,0.67972,0.99015,1,2,1,1.441406
30,4,80,4,7,0,1,0.4036,0.71329,0,2,0,2.59375
30,4,80,4,8,0,1,0.32546,0.94549,1,2,1,1.421875
30,4,80,4,9,0,0,0.70212,0.5286,1,1,0,1.0625
30,4,80,4,10,0,0,0.47034,0.19498,0,1,1,1.203125
30,4,80,4,11,-1,0,0.80566,0.091781,0,3,1,1.152344
30,4,80,4,12,0,0,0.59502,0.076803,1,1,0,1.0
30,4,80,4,13,0,1,0.28463,0.87071,0,3,0,1.171875
30,4,80,4,14,0,1,0.55886,0.56358,1,1,1,1.0
30,4,80,4,15,1,1,0.02202,0.98877,1,4,1,1.972656
30,4,80,4,16,0,0,0.4192,0.15232,0,1,1,1.878906
30,4,80,4,17,0,1,0.65027,0.80052,0,1,0,2.765625
30,4,80,4,18,-1,0,0.86078,0.24117,0,4,1,1.351563
30,4,80,4,19,0,0,0.39212,0.073771,1,1,0,1.078125
30,4,80,4,20,0,0,0.59418,0.27656,0,1,1,1.941406
30,4,80,4,21,0,0,0.49771,0.44264,0,1,1,8.671875
30,4,80,4,22,0,1,0.49764,0.83445,1,1,1,1.28125
30,4,80,4,23,0,1,0.22115,0.39337,1,2,1,1.75
30,4,80,4,24,1,1,0.023798,0.33255,1,5,1,1.542969
30,4,80,4,25,0,1,0.39295,0.64778,0,1,0,1.882813
30,4,80,4,26,-1,0,0.90113,0.86143,0,5,1,1.582031
30,4,80,4,27,0,0,0.48897,0.0064899,1,1,0,4.015625
30,4,80,4,28,0,1,0.4921,0.703,0,1,0,1.191406
30,4,80,4,29,1,1,0.11225,0.68067,1,5,1,1.652344
30,4,80,4,30,0,1,0.50511,0.97373,0,1,0,3.964844
30,4,80,4,31,0,0,0.45495,0.13884,1,1,0,1.992188
30,4,80,4,32,1,1,0.02502,0.56158,1,5,1,2.3125
30,4,80,4,33,0,0,0.69843,0.23926,0,1,1,1.410156
30,4,80,4,34,-1,0,0.83125,0.73847,0,5,1,1.339844
30,4,80,4,35,0,1,0.28328,0.96344,1,1,1,3.285156
30,4,80,4,36,-1,0,0.92948,0.77826,0,5,1,1.191406
30,4,80,4,37,0,0,0.71581,0.045555,1,1,0,1.480469
30,4,80,4,38,1,1,0.12945,0.13622,1,5,1,1.332031
30,4,80,4,39,0,0,0.40326,0.2217,0,1,1,1.394531
30,4,80,4,40,0,1,0.50096,0.79294,0,2,0,1.539063
30,4,80,4,41,0,1,0.31527,0.47761,1,1,1,0.8710938
30,4,80,4,42,0,1,0.5062,0.78917,1,2,1,1.285156
30,4,80,4,43,1,1,0.030296,0.21216,1,5,1,1.011719
30,4,80,4,44,1,1,0.19607,0.41041,1,5,1,1.519531
30,4,80,4,45,0,1,0.6265,0.88028,0,1,0,1.753906
30,4,80,4,46,1,1,0.0048019,0.56881,1,5,1,0.9921875
30,4,80,4,47,0,1,0.67693,0.78155,1,1,1,1.453125
30,4,80,4,48,0,1,0.47563,0.91282,0,2,0,1.460938
30,4,80,4,49,0,0,0.37064,0.19445,0,1,1,1.421875
30,4,80,4,50,-1,0,0.87852,0.59617,0,5,1,1.429688
30,5,90,2,1,0,1,0.32272,0.49469,1,1,1,1.535156
30,5,90,2,2,0,1,0.73378,0.73703,1,1,1,2.375
30,5,90,2,3,-1,0,0.93885,0.64008,0,3,1,2.023438
30,5,90,2,4,1,1,0.0013006,0.44539,1,3,1,1.113281
30,5,90,2,5,1,1,0.013074,0.4727,1,4,1,1.0
30,5,90,2,6,0,0,0.16774,0.073371,0,1,1,2.445313
30,5,90,2,7,0,0,0.83856,0.24455,0,1,1,1.964844
30,5,90,2,8,0,1,0.64597,0.86487,1,2,1,1.453125
30,5,90,2,9,0,0,0.68245,0.58385,1,1,0,4.15625
30,5,90,2,10,0,1,0.50444,0.89377,0,1,0,1.621094
30,5,90,2,11,0,1,0.32683,0.75991,0,1,0,1.574219
30,5,90,2,12,1,1,0.015308,0.6048,1,2,1,1.082031
30,5,90,2,13,0,0,0.20264,0.15517,0,1,1,2.675781
30,5,90,2,14,0,1,0.78206,0.94739,1,1,1,2.613281
30,5,90,2,15,1,1,0.077372,0.85798,1,3,1,1.070313
30,5,90,2,16,0,1,0.65432,0.75432,0,1,0,1.992188
30,5,90,2,17,0,0,0.76969,0.41703,1,1,0,1.710938
30,5,90,2,18,0,1,0.41649,0.77915,1,1,1,1.070313
30,5,90,2,19,-1,0,0.9964,0.34272,0,4,1,1.191406
30,5,90,2,20,0,0,0.54045,0.11512,0,1,1,1.933594
30,5,90,2,21,0,0,0.67688,0.19839,1,2,0,1.621094
30,5,90,2,22,0,1,0.38939,0.65749,1,2,1,1.980469
30,5,90,2,23,0,1,0.28853,0.58087,0,1,0,2.484375
30,5,90,2,24,0,0,0.65638,0.21778,1,1,0,1.128906
30,5,90,2,25,-1,0,0.95985,0.5638,0,4,1,1.121094
30,5,90,2,26,0,1,0.15612,0.92344,0,1,0,1.511719
30,5,90,2,27,0,1,0.40973,0.92058,1,1,1,0.9609375
30,5,90,2,28,0,1,0.37536,0.72115,1,1,1,0.8125
30,5,90,2,29,0,0,0.84978,0.58959,0,1,1,0.9492188
30,5,90,2,30,0,0,0.47569,0.26021,0,1,1,2.351563
30,5,90,2,31,0,0,0.76497,0.17271,1,1,0,1.832031
30,5,90,2,32,0,0,0.74008,0.19135,1,1,0,1.941406
30,5,90,2,33,0,1,0.41725,0.8013,1,1,1,2.660156
30,5,90,2,34,0,1,0.61071,0.82654,1,1,1,1.832031
30,5,90,2,35,0,1,0.46671,0.87662,1,1,1,1.0625
30,5,90,2,36,0,0,0.40885,0.041737,1,1,0,0.9101563
30,5,90,2,37,0,0,0.5403,0.10494,0,1,1,0.7695313
30,5,90,2,38,-1,0,0.9535,0.8279,0,5,1,1.011719
30,5,90,2,39,0,0,0.23525,0.05862,0,2,1,1.582031
30,5,90,2,40,0,1,0.68785,0.85088,0,2,0,1.101563
30,5,90,2,41,0,0,0.81995,0.14603,1,1,0,1.851563
30,5,90,2,42,0,1,0.10088,0.62955,1,1,1,1.199219
30,5,90,2,43,-1,0,0.91489,0.081069,0,5,1,1.300781
30,5,90,2,44,0,1,0.79441,0.98319,1,1,1,2.496094
30,5,90,2,45,0,0,0.32195,0.089954,0,1,1,1.382813
30,5,90,2,46,-1,0,0.9828,0.33544,0,5,1,1.882813
30,5,90,2,47,0,1,0.61316,0.74142,1,1,1,0.8632813
30,5,90,2,48,0,1,0.31619,0.85048,1,1,1,1.269531
30,5,90,2,49,0,1,0.23966,0.4208,1,1,1,1.394531
30,5,90,2,50,0,1,0.20623,0.32365,1,2,1,1.519531
30,6,100,3,1,0,1,0.10248,0.54548,0,1,0,1.734375
30,6,100,3,2,0,1,0.068327,0.53917,0,1,0,1.460938
30,6,100,3,3,0,0,0.68779,0.066968,1,1,0,3.914063
30,6,100,3,4,0,0,0.85484,0.21517,1,1,0,2.023438
30,6,100,3,5,0,1,0.24673,0.62822,0,1,0,1.390625
30,6,100,3,6,0,1,0.3614,0.80874,1,1,1,1.082031
30,6,100,3,7,0,1,0.72854,0.99258,1,1,1,1.140625
30,6,100,3,8,0,0,0.84681,0.14171,0,2,1,1.222656
30,6,100,3,9,0,1,0.034477,0.46655,0,2,0,1.058594
30,6,100,3,10,0,1,0.0083349,0.70714,1,1,1,1.125
30,6,100,3,11,0,0,0.97206,0.20345,1,2,0,1.285156
30,6,100,3,12,0,1,0.070815,0.34609,0,1,0,1.511719
30,6,100,3,13,0,1,0.058138,0.14812,0,1,0,1.191406
30,6,100,3,14,0,1,0.32633,0.82828,0,1,0,1.84375
30,6,100,3,15,0,1,0.54041,0.93895,1,1,1,0.859375
30,6,100,3,16,0,1,0.33861,0.86657,1,1,1,0.6484375
30,6,100,3,17,0,0,0.97845,0.73709,1,1,0,0.671875
30,6,100,3,18,0,1,0.3319,0.85446,0,2,0,1.011719
30,6,100,3,19,0,1,0.41904,0.41992,1,1,1,0.84375
30,6,100,3,20,0,0,0.78221,0.19299,1,1,0,0.9921875
30,6,100,3,21,0,0,0.81,0.47448,0,1,1,0.53125
30,6,100,3,22,0,0,0.65491,0.03609,0,1,1,0.9726563
30,6,100,3,23,0,0,0.091052,0.052128,0,1,1,1.070313
30,6,100,3,24,0,1,0.1247,0.65948,1,2,1,1.03125
30,6,100,3,25,0,1,0.73781,0.81571,1,2,1,0.78125
30,6,100,3,26,0,0,0.34818,0.1777,1,1,0,1.082031
30,6,100,3,27,0,1,0.47931,0.66444,0,2,0,0.8515625
30,6,100,3,28,0,0,0.98874,0.018939,1,1,0,1.191406
30,6,100,3,29,0,1,0.0072864,0.55881,0,1,0,1.007813
30,6,100,3,30,0,1,0.21526,0.2938,1,1,1,1.414063
30,6,100,3,31,0,1,0.19185,0.24582,1,1,1,1.234375
30,6,100,3,32,0,1,0.54165,0.6371,0,1,0,1.820313
30,6,100,3,33,0,0,0.3391,0.14867,0,1,1,1.371094
30,6,100,3,34,0,0,0.98478,0.56506,0,2,1,1.007813
30,6,100,3,35,0,1,5.0499e-05,0.30781,0,1,0,3.523438
30,6,100,3,36,0,0,0.35815,0.070731,0,1,1,1.074219
30,6,100,3,37,0,1,0.48188,0.66838,1,1,1,2.160156
30,6,100,3,38,0,0,0.66998,0.50488,1,1,0,1.253906
30,6,100,3,39,0,0,0.85747,0.10976,0,2,1,1.140625
30,6,100,3,40,0,0,0.35229,0.21277,0,3,1,0.71875
30,6,100,3,41,0,0,0.9576,0.49467,1,1,0,0.9804688
30,6,100,3,42,0,0,0.39483,0.028382,1,1,0,0.8203125
30,6,100,3,43,0,0,0.55468,0.51217,1,1,0,0.890625
30,6,100,3,44,0,0,0.8834,0.34953,0,1,1,1.152344
30,6,100,3,45,0,1,0.039619,0.69695,0,1,0,0.9023438
30,6,100,3,46,0,0,0.98768,0.070415,1,1,0,0.8632813
30,6,100,3,47,0,0,0.67983,0.19553,0,1,1,0.4804688
30,6,100,3,48,0,0,0.8063,0.61888,0,2,1,0.46875
30,6,100,3,49,0,1,0.21249,0.75544,0,1,0,1.171875
30,6,100,3,50,0,0,0.69176,0.20504,1,1,0,0.7304688
