participant,question,questionText,truth,estimate
1,1,What percentage of the world's freshwater is in permanent ice/snow?,68.7,95.0
2,1,What percentage of the world's freshwater is in permanent ice/snow?,68.7,25.0
3,1,What percentage of the world's freshwater is in permanent ice/snow?,68.7,20.0
4,1,What percentage of the world's freshwater is in permanent ice/snow?,68.7,90.0
5,1,What percentage of the world's freshwater is in permanent ice/snow?,68.7,20.0
6,1,What percentage of the world's freshwater is in permanent ice/snow?,68.7,60.0
7,1,What percentage of the world's freshwater is in permanent ice/snow?,68.7,15.0
8,1,What percentage of the world's freshwater is in permanent ice/snow?,68.7,60.0
9,1,What percentage of the world's freshwater is in permanent ice/snow?,68.7,15.0
10,1,What percentage of the world's freshwater is in permanent ice/snow?,68.7,20.0
11,1,What percentage of the world's freshwater is in permanent ice/snow?,68.7,60.0
12,1,What percentage of the world's freshwater is in permanent ice/snow?,68.7,95.0
13,1,What percentage of the world's freshwater is in permanent ice/snow?,68.7,47.0
14,1,What percentage of the world's freshwater is in permanent ice/snow?,68.7,40.0
15,1,What percentage of the world's freshwater is in permanent ice/snow?,68.7,50.0
16,1,What percentage of the world's freshwater is in permanent ice/snow?,68.7,72.0
17,1,What percentage of the world's freshwater is in permanent ice/snow?,68.7,60.0
18,1,What percentage of the world's freshwater is in permanent ice/snow?,68.7,60.0
19,1,What percentage of the world's freshwater is in permanent ice/snow?,68.7,15.0
20,1,What percentage of the world's freshwater is in permanent ice/snow?,68.7,15.0
21,1,What percentage of the world's freshwater is in permanent ice/snow?,68.7,10.0
22,1,What percentage of the world's freshwater is in permanent ice/snow?,68.7,60.0
23,1,What percentage of the world's freshwater is in permanent ice/snow?,68.7,17.0
24,1,What percentage of the world's freshwater is in permanent ice/snow?,68.7,70.0
25,1,What percentage of the world's freshwater is in permanent ice/snow?,68.7,70.0
26,1,What percentage of the world's freshwater is in permanent ice/snow?,68.7,80.0
27,1,What percentage of the world's freshwater is in permanent ice/snow?,68.7,35.0
28,1,What percentage of the world's freshwater is in permanent ice/snow?,68.7,20.0
29,1,What percentage of the world's freshwater is in permanent ice/snow?,68.7,98.0
30,1,What percentage of the world's freshwater is in permanent ice/snow?,68.7,90.0
31,1,What percentage of the world's freshwater is in permanent ice/snow?,68.7,40.0
32,1,What percentage of the world's freshwater is in permanent ice/snow?,68.7,35.0
33,1,What percentage of the world's freshwater is in permanent ice/snow?,68.7,90.0
34,1,What percentage of the world's freshwater is in permanent ice/snow?,68.7,30.0
35,1,What percentage of the world's freshwater is in permanent ice/snow?,68.7,20.0
36,1,What percentage of the world's freshwater is in permanent ice/snow?,68.7,40.0
37,1,What percentage of the world's freshwater is in permanent ice/snow?,68.7,20.0
38,1,What percentage of the world's freshwater is in permanent ice/snow?,68.7,65.0
39,1,What percentage of the world's freshwater is in permanent ice/snow?,68.7,65.0
40,1,What percentage of the world's freshwater is in permanent ice/snow?,68.7,70.0
41,1,What percentage of the world's freshwater is in permanent ice/snow?,68.7,85.0
42,1,What percentage of the world's freshwater is in permanent ice/snow?,68.7,25.0
43,1,What percentage of the world's freshwater is in permanent ice/snow?,68.7,69.0
44,1,What percentage of the world's freshwater is in permanent ice/snow?,68.7,51.0
45,1,What percentage of the world's freshwater is in permanent ice/snow?,68.7,2.0
46,1,What percentage of the world's freshwater is in permanent ice/snow?,68.7,35.0
47,1,What percentage of the world's freshwater is in permanent ice/snow?,68.7,80.0
48,1,What percentage of the world's freshwater is in permanent ice/snow?,68.7,70.0
49,1,What percentage of the world's freshwater is in permanent ice/snow?,68.7,60.0
50,1,What percentage of the world's freshwater is in permanent ice/snow?,68.7,60.0
51,1,What percentage of the world's freshwater is in permanent ice/snow?,68.7,65.0
52,1,What percentage of the world's freshwater is in permanent ice/snow?,68.7,50.0
53,1,What percentage of the world's freshwater is in permanent ice/snow?,68.7,70.0
54,1,What percentage of the world's freshwater is in permanent ice/snow?,68.7,50.0
55,1,What percentage of the world's freshwater is in permanent ice/snow?,68.7,35.0
56,1,What percentage of the world's freshwater is in permanent ice/snow?,68.7,30.0
57,1,What percentage of the world's freshwater is in permanent ice/snow?,68.7,12.0
58,1,What percentage of the world's freshwater is in permanent ice/snow?,68.7,20.0
59,1,What percentage of the world's freshwater is in permanent ice/snow?,68.7,10.0
60,1,What percentage of the world's freshwater is in permanent ice/snow?,68.7,35.0
61,1,What percentage of the world's freshwater is in permanent ice/snow?,68.7,20.0
62,1,What percentage of the world's freshwater is in permanent ice/snow?,68.7,10.0
63,1,What percentage of the world's freshwater is in permanent ice/snow?,68.7,58.0
64,1,What percentage of the world's freshwater is in permanent ice/snow?,68.7,25.0
65,1,What percentage of the world's freshwater is in permanent ice/snow?,68.7,60.0
66,1,What percentage of the world's freshwater is in permanent ice/snow?,68.7,70.0
67,1,What percentage of the world's freshwater is in permanent ice/snow?,68.7,10.0
68,1,What percentage of the world's freshwater is in permanent ice/snow?,68.7,8.0
69,1,What percentage of the world's freshwater is in permanent ice/snow?,68.7,3.0
70,1,What percentage of the world's freshwater is in permanent ice/snow?,68.7,10.0
71,1,What percentage of the world's freshwater is in permanent ice/snow?,68.7,70.0
72,1,What percentage of the world's freshwater is in permanent ice/snow?,68.7,2.0
73,1,What percentage of the world's freshwater is in permanent ice/snow?,68.7,25.0
74,1,What percentage of the world's freshwater is in permanent ice/snow?,68.7,70.0
75,1,What percentage of the world's freshwater is in permanent ice/snow?,68.7,25.0
76,1,What percentage of the world's freshwater is in permanent ice/snow?,68.7,60.0
77,1,What percentage of the world's freshwater is in permanent ice/snow?,68.7,35.0
78,1,What percentage of the world's freshwater is in permanent ice/snow?,68.7,70.0
79,1,What percentage of the world's freshwater is in permanent ice/snow?,68.7,7.0
80,1,What percentage of the world's freshwater is in permanent ice/snow?,68.7,20.0
81,1,What percentage of the world's freshwater is in permanent ice/snow?,68.7,20.0
82,1,What percentage of the world's freshwater is in permanent ice/snow?,68.7,10.0
83,1,What percentage of the world's freshwater is in permanent ice/snow?,68.7,45.0
84,1,What percentage of the world's freshwater is in permanent ice/snow?,68.7,2.0
85,1,What percentage of the world's freshwater is in permanent ice/snow?,68.7,2.0
86,1,What percentage of the world's freshwater is in permanent ice/snow?,68.7,10.0
87,1,What percentage of the world's freshwater is in permanent ice/snow?,68.7,60.0
88,1,What percentage of the world's freshwater is in permanent ice/snow?,68.7,20.0
89,1,What percentage of the world's freshwater is in permanent ice/snow?,68.7,30.0
90,1,What percentage of the world's freshwater is in permanent ice/snow?,68.7,40.0
91,1,What percentage of the world's freshwater is in permanent ice/snow?,68.7,20.0
92,1,What percentage of the world's freshwater is in permanent ice/snow?,68.7,62.0
93,1,What percentage of the world's freshwater is in permanent ice/snow?,68.7,40.0
94,1,What percentage of the world's freshwater is in permanent ice/snow?,68.7,25.0
95,1,What percentage of the world's freshwater is in permanent ice/snow?,68.7,30.0
96,1,What percentage of the world's freshwater is in permanent ice/snow?,68.7,25.0
97,1,What percentage of the world's freshwater is in permanent ice/snow?,68.7,20.0
98,1,What percentage of the world's freshwater is in permanent ice/snow?,68.7,70.0
99,1,What percentage of the world's freshwater is in permanent ice/snow?,68.7,10.0
100,1,What percentage of the world's freshwater is in permanent ice/snow?,68.7,12.0
101,1,What percentage of the world's freshwater is in permanent ice/snow?,68.7,30.0
102,1,What percentage of the world's freshwater is in permanent ice/snow?,68.7,35.0
103,1,What percentage of the world's freshwater is in permanent ice/snow?,68.7,90.0
104,1,What percentage of the world's freshwater is in permanent ice/snow?,68.7,76.0
105,1,What percentage of the world's freshwater is in permanent ice/snow?,68.7,80.0
106,1,What percentage of the world's freshwater is in permanent ice/snow?,68.7,50.0
107,1,What percentage of the world's freshwater is in permanent ice/snow?,68.7,27.0
108,1,What percentage of the world's freshwater is in permanent ice/snow?,68.7,40.0
109,1,What percentage of the world's freshwater is in permanent ice/snow?,68.7,10.0
110,1,What percentage of the world's freshwater is in permanent ice/snow?,68.7,80.0
111,1,What percentage of the world's freshwater is in permanent ice/snow?,68.7,67.0
112,1,What percentage of the world's freshwater is in permanent ice/snow?,68.7,75.0
113,1,What percentage of the world's freshwater is in permanent ice/snow?,68.7,20.0
114,1,What percentage of the world's freshwater is in permanent ice/snow?,68.7,25.0
115,1,What percentage of the world's freshwater is in permanent ice/snow?,68.7,60.0
116,1,What percentage of the world's freshwater is in permanent ice/snow?,68.7,10.0
117,1,What percentage of the world's freshwater is in permanent ice/snow?,68.7,15.0
118,1,What percentage of the world's freshwater is in permanent ice/snow?,68.7,80.0
119,1,What percentage of the world's freshwater is in permanent ice/snow?,68.7,50.0
120,1,What percentage of the world's freshwater is in permanent ice/snow?,68.7,15.0
121,1,What percentage of the world's freshwater is in permanent ice/snow?,68.7,60.0
122,1,What percentage of the world's freshwater is in permanent ice/snow?,68.7,5.0
123,1,What percentage of the world's freshwater is in permanent ice/snow?,68.7,85.0
124,1,What percentage of the world's freshwater is in permanent ice/snow?,68.7,40.0
125,1,What percentage of the world's freshwater is in permanent ice/snow?,68.7,20.0
126,1,What percentage of the world's freshwater is in permanent ice/snow?,68.7,90.0
127,1,What percentage of the world's freshwater is in permanent ice/snow?,68.7,34.0
128,1,What percentage of the world's freshwater is in permanent ice/snow?,68.7,5.0
129,1,What percentage of the world's freshwater is in permanent ice/snow?,68.7,75.0
130,1,What percentage of the world's freshwater is in permanent ice/snow?,68.7,20.0
131,1,What percentage of the world's freshwater is in permanent ice/snow?,68.7,45.0
132,1,What percentage of the world's freshwater is in permanent ice/snow?,68.7,90.0
133,1,What percentage of the world's freshwater is in permanent ice/snow?,68.7,40.0
134,1,What percentage of the world's freshwater is in permanent ice/snow?,68.7,90.0
135,1,What percentage of the world's freshwater is in permanent ice/snow?,68.7,29.0
136,1,What percentage of the world's freshwater is in permanent ice/snow?,68.7,35.0
137,1,What percentage of the world's freshwater is in permanent ice/snow?,68.7,40.0
138,1,What percentage of the world's freshwater is in permanent ice/snow?,68.7,30.0
139,1,What percentage of the world's freshwater is in permanent ice/snow?,68.7,50.0
140,1,What percentage of the world's freshwater is in permanent ice/snow?,68.7,30.0
141,1,What percentage of the world's freshwater is in permanent ice/snow?,68.7,21.0
142,1,What percentage of the world's freshwater is in permanent ice/snow?,68.7,30.0
143,1,What percentage of the world's freshwater is in permanent ice/snow?,68.7,70.0
144,1,What percentage of the world's freshwater is in permanent ice/snow?,68.7,5.0
145,1,What percentage of the world's freshwater is in permanent ice/snow?,68.7,15.0
1,2,What percentage of the United States land is covered by forest?,33.1,30.0
2,2,What percentage of the United States land is covered by forest?,33.1,20.0
3,2,What percentage of the United States land is covered by forest?,33.1,20.0
4,2,What percentage of the United States land is covered by forest?,33.1,50.0
5,2,What percentage of the United States land is covered by forest?,33.1,40.0
6,2,What percentage of the United States land is covered by forest?,33.1,20.0
7,2,What percentage of the United States land is covered by forest?,33.1,29.0
8,2,What percentage of the United States land is covered by forest?,33.1,20.0
9,2,What percentage of the United States land is covered by forest?,33.1,12.0
10,2,What percentage of the United States land is covered by forest?,33.1,20.0
11,2,What percentage of the United States land is covered by forest?,33.1,20.0
12,2,What percentage of the United States land is covered by forest?,33.1,20.0
13,2,What percentage of the United States land is covered by forest?,33.1,14.0
14,2,What percentage of the United States land is covered by forest?,33.1,20.0
15,2,What percentage of the United States land is covered by forest?,33.1,24.0
16,2,What percentage of the United States land is covered by forest?,33.1,69.0
17,2,What percentage of the United States land is covered by forest?,33.1,20.0
18,2,What percentage of the United States land is covered by forest?,33.1,40.0
19,2,What percentage of the United States land is covered by forest?,33.1,45.0
20,2,What percentage of the United States land is covered by forest?,33.1,40.0
21,2,What percentage of the United States land is covered by forest?,33.1,35.0
22,2,What percentage of the United States land is covered by forest?,33.1,20.0
23,2,What percentage of the United States land is covered by forest?,33.1,20.0
24,2,What percentage of the United States land is covered by forest?,33.1,11.0
25,2,What percentage of the United States land is covered by forest?,33.1,10.0
26,2,What percentage of the United States land is covered by forest?,33.1,10.0
27,2,What percentage of the United States land is covered by forest?,33.1,15.0
28,2,What percentage of the United States land is covered by forest?,33.1,30.0
29,2,What percentage of the United States land is covered by forest?,33.1,9.0
30,2,What percentage of the United States land is covered by forest?,33.1,30.0
31,2,What percentage of the United States land is covered by forest?,33.1,15.0
32,2,What percentage of the United States land is covered by forest?,33.1,20.0
33,2,What percentage of the United States land is covered by forest?,33.1,40.0
34,2,What percentage of the United States land is covered by forest?,33.1,45.0
35,2,What percentage of the United States land is covered by forest?,33.1,30.0
36,2,What percentage of the United States land is covered by forest?,33.1,7.0
37,2,What percentage of the United States land is covered by forest?,33.1,33.0
38,2,What percentage of the United States land is covered by forest?,33.1,35.0
39,2,What percentage of the United States land is covered by forest?,33.1,60.0
40,2,What percentage of the United States land is covered by forest?,33.1,5.0
41,2,What percentage of the United States land is covered by forest?,33.1,40.0
42,2,What percentage of the United States land is covered by forest?,33.1,40.0
43,2,What percentage of the United States land is covered by forest?,33.1,30.0
44,2,What percentage of the United States land is covered by forest?,33.1,11.0
45,2,What percentage of the United States land is covered by forest?,33.1,12.0
46,2,What percentage of the United States land is covered by forest?,33.1,40.0
47,2,What percentage of the United States land is covered by forest?,33.1,60.0
48,2,What percentage of the United States land is covered by forest?,33.1,20.0
49,2,What percentage of the United States land is covered by forest?,33.1,25.0
50,2,What percentage of the United States land is covered by forest?,33.1,30.0
51,2,What percentage of the United States land is covered by forest?,33.1,35.0
52,2,What percentage of the United States land is covered by forest?,33.1,40.0
53,2,What percentage of the United States land is covered by forest?,33.1,21.0
54,2,What percentage of the United States land is covered by forest?,33.1,20.0
55,2,What percentage of the United States land is covered by forest?,33.1,20.0
56,2,What percentage of the United States land is covered by forest?,33.1,20.0
57,2,What percentage of the United States land is covered by forest?,33.1,32.0
58,2,What percentage of the United States land is covered by forest?,33.1,30.0
59,2,What percentage of the United States land is covered by forest?,33.1,20.0
60,2,What percentage of the United States land is covered by forest?,33.1,35.0
61,2,What percentage of the United States land is covered by forest?,33.1,40.0
62,2,What percentage of the United States land is covered by forest?,33.1,30.0
63,2,What percentage of the United States land is covered by forest?,33.1,57.0
64,2,What percentage of the United States land is covered by forest?,33.1,35.0
65,2,What percentage of the United States land is covered by forest?,33.1,35.0
66,2,What percentage of the United States land is covered by forest?,33.1,20.0
67,2,What percentage of the United States land is covered by forest?,33.1,35.0
68,2,What percentage of the United States land is covered by forest?,33.1,26.0
69,2,What percentage of the United States land is covered by forest?,33.1,2.0
70,2,What percentage of the United States land is covered by forest?,33.1,30.0
71,2,What percentage of the United States land is covered by forest?,33.1,40.0
72,2,What percentage of the United States land is covered by forest?,33.1,12.0
73,2,What percentage of the United States land is covered by forest?,33.1,15.0
74,2,What percentage of the United States land is covered by forest?,33.1,20.0
75,2,What percentage of the United States land is covered by forest?,33.1,55.0
76,2,What percentage of the United States land is covered by forest?,33.1,30.0
77,2,What percentage of the United States land is covered by forest?,33.1,10.0
78,2,What percentage of the United States land is covered by forest?,33.1,30.0
79,2,What percentage of the United States land is covered by forest?,33.1,12.0
80,2,What percentage of the United States land is covered by forest?,33.1,40.0
81,2,What percentage of the United States land is covered by forest?,33.1,10.0
82,2,What percentage of the United States land is covered by forest?,33.1,20.0
83,2,What percentage of the United States land is covered by forest?,33.1,10.0
84,2,What percentage of the United States land is covered by forest?,33.1,15.0
85,2,What percentage of the United States land is covered by forest?,33.1,20.0
86,2,What percentage of the United States land is covered by forest?,33.1,18.0
87,2,What percentage of the United States land is covered by forest?,33.1,30.0
88,2,What percentage of the United States land is covered by forest?,33.1,20.0
89,2,What percentage of the United States land is covered by forest?,33.1,20.0
90,2,What percentage of the United States land is covered by forest?,33.1,40.0
91,2,What percentage of the United States land is covered by forest?,33.1,15.0
92,2,What percentage of the United States land is covered by forest?,33.1,56.0
93,2,What percentage of the United States land is covered by forest?,33.1,35.0
94,2,What percentage of the United States land is covered by forest?,33.1,25.0
95,2,What percentage of the United States land is covered by forest?,33.1,20.0
96,2,What percentage of the United States land is covered by forest?,33.1,42.0
97,2,What percentage of the United States land is covered by forest?,33.1,45.0
98,2,What percentage of the United States land is covered by forest?,33.1,40.0
99,2,What percentage of the United States land is covered by forest?,33.1,10.0
100,2,What percentage of the United States land is covered by forest?,33.1,42.0
101,2,What percentage of the United States land is covered by forest?,33.1,40.0
102,2,What percentage of the United States land is covered by forest?,33.1,20.0
103,2,What percentage of the United States land is covered by forest?,33.1,80.0
104,2,What percentage of the United States land is covered by forest?,33.1,31.0
105,2,What percentage of the United States land is covered by forest?,33.1,5.0
106,2,What percentage of the United States land is covered by forest?,33.1,15.0
107,2,What percentage of the United States land is covered by forest?,33.1,12.0
108,2,What percentage of the United States land is covered by forest?,33.1,10.0
109,2,What percentage of the United States land is covered by forest?,33.1,80.0
110,2,What percentage of the United States land is covered by forest?,33.1,23.0
111,2,What percentage of the United States land is covered by forest?,33.1,40.0
112,2,What percentage of the United States land is covered by forest?,33.1,11.0
113,2,What percentage of the United States land is covered by forest?,33.1,40.0
114,2,What percentage of the United States land is covered by forest?,33.1,40.0
115,2,What percentage of the United States land is covered by forest?,33.1,45.0
116,2,What percentage of the United States land is covered by forest?,33.1,40.0
117,2,What percentage of the United States land is covered by forest?,33.1,15.0
118,2,What percentage of the United States land is covered by forest?,33.1,12.0
119,2,What percentage of the United States land is covered by forest?,33.1,10.0
120,2,What percentage of the United States land is covered by forest?,33.1,80.0
121,2,What percentage of the United States land is covered by forest?,33.1,25.0
122,2,What percentage of the United States land is covered by forest?,33.1,40.0
123,2,What percentage of the United States land is covered by forest?,33.1,25.0
124,2,What percentage of the United States land is covered by forest?,33.1,10.0
125,2,What percentage of the United States land is covered by forest?,33.1,18.0
126,2,What percentage of the United States land is covered by forest?,33.1,35.0
127,2,What percentage of the United States land is covered by forest?,33.1,62.0
128,2,What percentage of the United States land is covered by forest?,33.1,30.0
129,2,What percentage of the United States land is covered by forest?,33.1,25.0
130,2,What percentage of the United States land is covered by forest?,33.1,6.0
131,2,What percentage of the United States land is covered by forest?,33.1,15.0
132,2,What percentage of the United States land is covered by forest?,33.1,7.0
133,2,What percentage of the United States land is covered by forest?,33.1,3.0
134,2,What percentage of the United States land is covered by forest?,33.1,10.0
135,2,What percentage of the United States land is covered by forest?,33.1,20.0
136,2,What percentage of the United States land is covered by forest?,33.1,40.0
137,2,What percentage of the United States land is covered by forest?,33.1,60.0
138,2,What percentage of the United States land is covered by forest?,33.1,30.0
139,2,What percentage of the United States land is covered by forest?,33.1,35.0
140,2,What percentage of the United States land is covered by forest?,33.1,25.0
141,2,What percentage of the United States land is covered by forest?,33.1,25.0
142,2,What percentage of the United States land is covered by forest?,33.1,20.0
143,2,What percentage of the United States land is covered by forest?,33.1,40.0
144,2,What percentage of the United States land is covered by forest?,33.1,35.0
145,2,What percentage of the United States land is covered by forest?,33.1,30.0
1,3,What percentage of the world's population lives in urban areas?,50.5,40.0
2,3,What percentage of the world's population lives in urban areas?,50.5,10.0
3,3,What percentage of the world's population lives in urban areas?,50.5,60.0
4,3,What percentage of the world's population lives in urban areas?,50.5,65.0
5,3,What percentage of the world's population lives in urban areas?,50.5,66.0
6,3,What percentage of the world's population lives in urban areas?,50.5,75.0
7,3,What percentage of the world's population lives in urban areas?,50.5,60.0
8,3,What percentage of the world's population lives in urban areas?,50.5,80.0
9,3,What percentage of the world's population lives in urban areas?,50.5,70.0
10,3,What percentage of the world's population lives in urban areas?,50.5,75.0
11,3,What percentage of the world's population lives in urban areas?,50.5,80.0
12,3,What percentage of the world's population lives in urban areas?,50.5,55.0
13,3,What percentage of the world's population lives in urban areas?,50.5,40.0
14,3,What percentage of the world's population lives in urban areas?,50.5,50.0
15,3,What percentage of the world's population lives in urban areas?,50.5,50.0
16,3,What percentage of the world's population lives in urban areas?,50.5,55.0
17,3,What percentage of the world's population lives in urban areas?,50.5,25.0
18,3,What percentage of the world's population lives in urban areas?,50.5,76.0
19,3,What percentage of the world's population lives in urban areas?,50.5,60.0
20,3,What percentage of the world's population lives in urban areas?,50.5,20.0
21,3,What percentage of the world's population lives in urban areas?,50.5,50.0
22,3,What percentage of the world's population lives in urban areas?,50.5,70.0
23,3,What percentage of the world's population lives in urban areas?,50.5,21.0
24,3,What percentage of the world's population lives in urban areas?,50.5,48.0
25,3,What percentage of the world's population lives in urban areas?,50.5,90.0
26,3,What percentage of the world's population lives in urban areas?,50.5,50.0
27,3,What percentage of the world's population lives in urban areas?,50.5,75.0
28,3,What percentage of the world's population lives in urban areas?,50.5,50.0
29,3,What percentage of the world's population lives in urban areas?,50.5,15.0
30,3,What percentage of the world's population lives in urban areas?,50.5,5.0
31,3,What percentage of the world's population lives in urban areas?,50.5,65.0
32,3,What percentage of the world's population lives in urban areas?,50.5,25.0
33,3,What percentage of the world's population lives in urban areas?,50.5,25.0
34,3,What percentage of the world's population lives in urban areas?,50.5,50.0
35,3,What percentage of the world's population lives in urban areas?,50.5,30.0
36,3,What percentage of the world's population lives in urban areas?,50.5,65.0
37,3,What percentage of the world's population lives in urban areas?,50.5,33.0
38,3,What percentage of the world's population lives in urban areas?,50.5,35.0
39,3,What percentage of the world's population lives in urban areas?,50.5,50.0
40,3,What percentage of the world's population lives in urban areas?,50.5,20.0
41,3,What percentage of the world's population lives in urban areas?,50.5,87.0
42,3,What percentage of the world's population lives in urban areas?,50.5,85.0
43,3,What percentage of the world's population lives in urban areas?,50.5,3.0
44,3,What percentage of the world's population lives in urban areas?,50.5,84.0
45,3,What percentage of the world's population lives in urban areas?,50.5,60.0
46,3,What percentage of the world's population lives in urban areas?,50.5,68.0
47,3,What percentage of the world's population lives in urban areas?,50.5,80.0
48,3,What percentage of the world's population lives in urban areas?,50.5,60.0
49,3,What percentage of the world's population lives in urban areas?,50.5,60.0
50,3,What percentage of the world's population lives in urban areas?,50.5,85.0
51,3,What percentage of the world's population lives in urban areas?,50.5,15.0
52,3,What percentage of the world's population lives in urban areas?,50.5,50.0
53,3,What percentage of the world's population lives in urban areas?,50.5,32.0
54,3,What percentage of the world's population lives in urban areas?,50.5,80.0
55,3,What percentage of the world's population lives in urban areas?,50.5,5.0
56,3,What percentage of the world's population lives in urban areas?,50.5,70.0
57,3,What percentage of the world's population lives in urban areas?,50.5,57.0
58,3,What percentage of the world's population lives in urban areas?,50.5,60.0
59,3,What percentage of the world's population lives in urban areas?,50.5,40.0
60,3,What percentage of the world's population lives in urban areas?,50.5,40.0
61,3,What percentage of the world's population lives in urban areas?,50.5,35.0
62,3,What percentage of the world's population lives in urban areas?,50.5,40.0
63,3,What percentage of the world's population lives in urban areas?,50.5,67.0
64,3,What percentage of the world's population lives in urban areas?,50.5,45.0
65,3,What percentage of the world's population lives in urban areas?,50.5,60.0
66,3,What percentage of the world's population lives in urban areas?,50.5,35.0
67,3,What percentage of the world's population lives in urban areas?,50.5,30.0
68,3,What percentage of the world's population lives in urban areas?,50.5,78.0
69,3,What percentage of the world's population lives in urban areas?,50.5,60.0
70,3,What percentage of the world's population lives in urban areas?,50.5,35.0
71,3,What percentage of the world's population lives in urban areas?,50.5,60.0
72,3,What percentage of the world's population lives in urban areas?,50.5,60.0
73,3,What percentage of the world's population lives in urban areas?,50.5,39.0
74,3,What percentage of the world's population lives in urban areas?,50.5,70.0
75,3,What percentage of the world's population lives in urban areas?,50.5,35.0
76,3,What percentage of the world's population lives in urban areas?,50.5,80.0
77,3,What percentage of the world's population lives in urban areas?,50.5,50.0
78,3,What percentage of the world's population lives in urban areas?,50.5,40.0
79,3,What percentage of the world's population lives in urban areas?,50.5,40.0
80,3,What percentage of the world's population lives in urban areas?,50.5,30.0
81,3,What percentage of the world's population lives in urban areas?,50.5,60.0
82,3,What percentage of the world's population lives in urban areas?,50.5,30.0
83,3,What percentage of the world's population lives in urban areas?,50.5,30.0
84,3,What percentage of the world's population lives in urban areas?,50.5,55.0
85,3,What percentage of the world's population lives in urban areas?,50.5,50.0
86,3,What percentage of the world's population lives in urban areas?,50.5,15.0
87,3,What percentage of the world's population lives in urban areas?,50.5,70.0
88,3,What percentage of the world's population lives in urban areas?,50.5,15.0
89,3,What percentage of the world's population lives in urban areas?,50.5,30.0
90,3,What percentage of the world's population lives in urban areas?,50.5,50.0
91,3,What percentage of the world's population lives in urban areas?,50.5,15.0
92,3,What percentage of the world's population lives in urban areas?,50.5,33.0
93,3,What percentage of the world's population lives in urban areas?,50.5,80.0
94,3,What percentage of the world's population lives in urban areas?,50.5,80.0
95,3,What percentage of the world's population lives in urban areas?,50.5,50.0
96,3,What percentage of the world's population lives in urban areas?,50.5,76.0
97,3,What percentage of the world's population lives in urban areas?,50.5,60.0
98,3,What percentage of the world's population lives in urban areas?,50.5,67.0
99,3,What percentage of the world's population lives in urban areas?,50.5,65.0
100,3,What percentage of the world's population lives in urban areas?,50.5,70.0
101,3,What percentage of the world's population lives in urban areas?,50.5,40.0
102,3,What percentage of the world's population lives in urban areas?,50.5,90.0
103,3,What percentage of the world's population lives in urban areas?,50.5,40.0
104,3,What percentage of the world's population lives in urban areas?,50.5,44.0
105,3,What percentage of the world's population lives in urban areas?,50.5,40.0
106,3,What percentage of the world's population lives in urban areas?,50.5,60.0
107,3,What percentage of the world's population lives in urban areas?,50.5,65.0
108,3,What percentage of the world's population lives in urban areas?,50.5,50.0
109,3,What percentage of the world's population lives in urban areas?,50.5,15.0
110,3,What percentage of the world's population lives in urban areas?,50.5,83.0
111,3,What percentage of the world's population lives in urban areas?,50.5,75.0
112,3,What percentage of the world's population lives in urban areas?,50.5,70.0
113,3,What percentage of the world's population lives in urban areas?,50.5,70.0
114,3,What percentage of the world's population lives in urban areas?,50.5,60.0
115,3,What percentage of the world's population lives in urban areas?,50.5,60.0
116,3,What percentage of the world's population lives in urban areas?,50.5,25.0
117,3,What percentage of the world's population lives in urban areas?,50.5,30.0
118,3,What percentage of the world's population lives in urban areas?,50.5,51.0
119,3,What percentage of the world's population lives in urban areas?,50.5,70.0
120,3,What percentage of the world's population lives in urban areas?,50.5,30.0
121,3,What percentage of the world's population lives in urban areas?,50.5,30.0
122,3,What percentage of the world's population lives in urban areas?,50.5,70.0
123,3,What percentage of the world's population lives in urban areas?,50.5,70.0
124,3,What percentage of the world's population lives in urban areas?,50.5,48.0
125,3,What percentage of the world's population lives in urban areas?,50.5,80.0
126,3,What percentage of the world's population lives in urban areas?,50.5,65.0
127,3,What percentage of the world's population lives in urban areas?,50.5,64.0
128,3,What percentage of the world's population lives in urban areas?,50.5,33.0
129,3,What percentage of the world's population lives in urban areas?,50.5,80.0
130,3,What percentage of the world's population lives in urban areas?,50.5,70.0
131,3,What percentage of the world's population lives in urban areas?,50.5,25.0
132,3,What percentage of the world's population lives in urban areas?,50.5,20.0
133,3,What percentage of the world's population lives in urban areas?,50.5,50.0
134,3,What percentage of the world's population lives in urban areas?,50.5,60.0
135,3,What percentage of the world's population lives in urban areas?,50.5,30.0
136,3,What percentage of the world's population lives in urban areas?,50.5,55.0
137,3,What percentage of the world's population lives in urban areas?,50.5,50.0
138,3,What percentage of the world's population lives in urban areas?,50.5,50.0
139,3,What percentage of the world's population lives in urban areas?,50.5,50.0
140,3,What percentage of the world's population lives in urban areas?,50.5,30.0
141,3,What percentage of the world's population lives in urban areas?,50.5,30.0
142,3,What percentage of the world's population lives in urban areas?,50.5,60.0
143,3,What percentage of the world's population lives in urban areas?,50.5,80.0
144,3,What percentage of the world's population lives in urban areas?,50.5,66.0
145,3,What percentage of the world's population lives in urban areas?,50.5,25.0
1,4,What percentage of the United States population is between 0 and 64 years of age?,86.2,75.0
2,4,What percentage of the United States population is between 0 and 64 years of age?,86.2,60.0
3,4,What percentage of the United States population is between 0 and 64 years of age?,86.2,70.0
4,4,What percentage of the United States population is between 0 and 64 years of age?,86.2,85.0
5,4,What percentage of the United States population is between 0 and 64 years of age?,86.2,80.0
6,4,What percentage of the United States population is between 0 and 64 years of age?,86.2,80.0
7,4,What percentage of the United States population is between 0 and 64 years of age?,86.2,23.0
8,4,What percentage of the United States population is between 0 and 64 years of age?,86.2,70.0
9,4,What percentage of the United States population is between 0 and 64 years of age?,86.2,70.0
10,4,What percentage of the United States population is between 0 and 64 years of age?,86.2,85.0
11,4,What percentage of the United States population is between 0 and 64 years of age?,86.2,85.0
12,4,What percentage of the United States population is between 0 and 64 years of age?,86.2,70.0
13,4,What percentage of the United States population is between 0 and 64 years of age?,86.2,92.0
14,4,What percentage of the United States population is between 0 and 64 years of age?,86.2,60.0
15,4,What percentage of the United States population is between 0 and 64 years of age?,86.2,78.0
16,4,What percentage of the United States population is between 0 and 64 years of age?,86.2,80.0
17,4,What percentage of the United States population is between 0 and 64 years of age?,86.2,70.0
18,4,What percentage of the United States population is between 0 and 64 years of age?,86.2,75.0
19,4,What percentage of the United States population is between 0 and 64 years of age?,86.2,80.0
20,4,What percentage of the United States population is between 0 and 64 years of age?,86.2,50.0
21,4,What percentage of the United States population is between 0 and 64 years of age?,86.2,70.0
22,4,What percentage of the United States population is between 0 and 64 years of age?,86.2,85.0
23,4,What percentage of the United States population is between 0 and 64 years of age?,86.2,70.0
24,4,What percentage of the United States population is between 0 and 64 years of age?,86.2,78.0
25,4,What percentage of the United States population is between 0 and 64 years of age?,86.2,99.0
26,4,What percentage of the United States population is between 0 and 64 years of age?,86.2,75.0
27,4,What percentage of the United States population is between 0 and 64 years of age?,86.2,80.0
28,4,What percentage of the United States population is between 0 and 64 years of age?,86.2,60.0
29,4,What percentage of the United States population is between 0 and 64 years of age?,86.2,90.0
30,4,What percentage of the United States population is between 0 and 64 years of age?,86.2,75.0
31,4,What percentage of the United States population is between 0 and 64 years of age?,86.2,70.0
32,4,What percentage of the United States population is between 0 and 64 years of age?,86.2,85.0
33,4,What percentage of the United States population is between 0 and 64 years of age?,86.2,85.0
34,4,What percentage of the United States population is between 0 and 64 years of age?,86.2,60.0
35,4,What percentage of the United States population is between 0 and 64 years of age?,86.2,80.0
36,4,What percentage of the United States population is between 0 and 64 years of age?,86.2,80.0
37,4,What percentage of the United States population is between 0 and 64 years of age?,86.2,70.0
38,4,What percentage of the United States population is between 0 and 64 years of age?,86.2,30.0
39,4,What percentage of the United States population is between 0 and 64 years of age?,86.2,40.0
40,4,What percentage of the United States population is between 0 and 64 years of age?,86.2,75.0
41,4,What percentage of the United States population is between 0 and 64 years of age?,86.2,87.0
42,4,What percentage of the United States population is between 0 and 64 years of age?,86.2,85.0
43,4,What percentage of the United States population is between 0 and 64 years of age?,86.2,69.0
44,4,What percentage of the United States population is between 0 and 64 years of age?,86.2,68.0
45,4,What percentage of the United States population is between 0 and 64 years of age?,86.2,88.0
46,4,What percentage of the United States population is between 0 and 64 years of age?,86.2,78.0
47,4,What percentage of the United States population is between 0 and 64 years of age?,86.2,85.0
48,4,What percentage of the United States population is between 0 and 64 years of age?,86.2,90.0
49,4,What percentage of the United States population is between 0 and 64 years of age?,86.2,60.0
50,4,What percentage of the United States population is between 0 and 64 years of age?,86.2,79.0
51,4,What percentage of the United States population is between 0 and 64 years of age?,86.2,70.0
52,4,What percentage of the United States population is between 0 and 64 years of age?,86.2,50.0
53,4,What percentage of the United States population is between 0 and 64 years of age?,86.2,87.0
54,4,What percentage of the United States population is between 0 and 64 years of age?,86.2,65.0
55,4,What percentage of the United States population is between 0 and 64 years of age?,86.2,70.0
56,4,What percentage of the United States population is between 0 and 64 years of age?,86.2,90.0
57,4,What percentage of the United States population is between 0 and 64 years of age?,86.2,73.0
58,4,What percentage of the United States population is between 0 and 64 years of age?,86.2,70.0
59,4,What percentage of the United States population is between 0 and 64 years of age?,86.2,40.0
60,4,What percentage of the United States population is between 0 and 64 years of age?,86.2,85.0
61,4,What percentage of the United States population is between 0 and 64 years of age?,86.2,10.0
62,4,What percentage of the United States population is between 0 and 64 years of age?,86.2,75.0
63,4,What percentage of the United States population is between 0 and 64 years of age?,86.2,40.0
64,4,What percentage of the United States population is between 0 and 64 years of age?,86.2,90.0
65,4,What percentage of the United States population is between 0 and 64 years of age?,86.2,70.0
66,4,What percentage of the United States population is between 0 and 64 years of age?,86.2,75.0
67,4,What percentage of the United States population is between 0 and 64 years of age?,86.2,80.0
68,4,What percentage of the United States population is between 0 and 64 years of age?,86.2,77.0
69,4,What percentage of the United States population is between 0 and 64 years of age?,86.2,30.0
70,4,What percentage of the United States population is between 0 and 64 years of age?,86.2,23.0
71,4,What percentage of the United States population is between 0 and 64 years of age?,86.2,90.0
72,4,What percentage of the United States population is between 0 and 64 years of age?,86.2,90.0
73,4,What percentage of the United States population is between 0 and 64 years of age?,86.2,63.0
74,4,What percentage of the United States population is between 0 and 64 years of age?,86.2,75.0
75,4,What percentage of the United States population is between 0 and 64 years of age?,86.2,89.0
76,4,What percentage of the United States population is between 0 and 64 years of age?,86.2,70.0
77,4,What percentage of the United States population is between 0 and 64 years of age?,86.2,85.0
78,4,What percentage of the United States population is between 0 and 64 years of age?,86.2,65.0
79,4,What percentage of the United States population is between 0 and 64 years of age?,86.2,57.0
80,4,What percentage of the United States population is between 0 and 64 years of age?,86.2,30.0
81,4,What percentage of the United States population is between 0 and 64 years of age?,86.2,74.0
82,4,What percentage of the United States population is between 0 and 64 years of age?,86.2,40.0
83,4,What percentage of the United States population is between 0 and 64 years of age?,86.2,86.0
84,4,What percentage of the United States population is between 0 and 64 years of age?,86.2,80.0
85,4,What percentage of the United States population is between 0 and 64 years of age?,86.2,80.0
86,4,What percentage of the United States population is between 0 and 64 years of age?,86.2,75.0
87,4,What percentage of the United States population is between 0 and 64 years of age?,86.2,75.0
88,4,What percentage of the United States population is between 0 and 64 years of age?,86.2,25.0
89,4,What percentage of the United States population is between 0 and 64 years of age?,86.2,30.0
90,4,What percentage of the United States population is between 0 and 64 years of age?,86.2,75.0
91,4,What percentage of the United States population is between 0 and 64 years of age?,86.2,80.0
92,4,What percentage of the United States population is between 0 and 64 years of age?,86.2,75.0
93,4,What percentage of the United States population is between 0 and 64 years of age?,86.2,90.0
94,4,What percentage of the United States population is between 0 and 64 years of age?,86.2,75.0
95,4,What percentage of the United States population is between 0 and 64 years of age?,86.2,85.0
96,4,What percentage of the United States population is between 0 and 64 years of age?,86.2,70.0
97,4,What percentage of the United States population is between 0 and 64 years of age?,86.2,60.0
98,4,What percentage of the United States population is between 0 and 64 years of age?,86.2,75.0
99,4,What percentage of the United States population is between 0 and 64 years of age?,86.2,85.0
100,4,What percentage of the United States population is between 0 and 64 years of age?,86.2,55.0
101,4,What percentage of the United States population is between 0 and 64 years of age?,86.2,60.0
102,4,What percentage of the United States population is between 0 and 64 years of age?,86.2,80.0
103,4,What percentage of the United States population is between 0 and 64 years of age?,86.2,85.0
104,4,What percentage of the United States population is between 0 and 64 years of age?,86.2,64.0
105,4,What percentage of the United States population is between 0 and 64 years of age?,86.2,65.0
106,4,What percentage of the United States population is between 0 and 64 years of age?,86.2,80.0
107,4,What percentage of the United States population is between 0 and 64 years of age?,86.2,82.0
108,4,What percentage of the United States population is between 0 and 64 years of age?,86.2,75.0
109,4,What percentage of the United States population is between 0 and 64 years of age?,86.2,85.0
110,4,What percentage of the United States population is between 0 and 64 years of age?,86.2,65.0
111,4,What percentage of the United States population is between 0 and 64 years of age?,86.2,65.0
112,4,What percentage of the United States population is between 0 and 64 years of age?,86.2,65.0
113,4,What percentage of the United States population is between 0 and 64 years of age?,86.2,45.0
114,4,What percentage of the United States population is between 0 and 64 years of age?,86.2,89.0
115,4,What percentage of the United States population is between 0 and 64 years of age?,86.2,90.0
116,4,What percentage of the United States population is between 0 and 64 years of age?,86.2,80.0
117,4,What percentage of the United States population is between 0 and 64 years of age?,86.2,85.0
118,4,What percentage of the United States population is between 0 and 64 years of age?,86.2,74.0
119,4,What percentage of the United States population is between 0 and 64 years of age?,86.2,70.0
120,4,What percentage of the United States population is between 0 and 64 years of age?,86.2,90.0
121,4,What percentage of the United States population is between 0 and 64 years of age?,86.2,85.0
122,4,What percentage of the United States population is between 0 and 64 years of age?,86.2,80.0
123,4,What percentage of the United States population is between 0 and 64 years of age?,86.2,95.0
124,4,What percentage of the United States population is between 0 and 64 years of age?,86.2,55.0
125,4,What percentage of the United States population is between 0 and 64 years of age?,86.2,85.0
126,4,What percentage of the United States population is between 0 and 64 years of age?,86.2,80.0
127,4,What percentage of the United States population is between 0 and 64 years of age?,86.2,89.0
128,4,What percentage of the United States population is between 0 and 64 years of age?,86.2,60.0
129,4,What percentage of the United States population is between 0 and 64 years of age?,86.2,40.0
130,4,What percentage of the United States population is between 0 and 64 years of age?,86.2,80.0
131,4,What percentage of the United States population is between 0 and 64 years of age?,86.2,50.0
132,4,What percentage of the United States population is between 0 and 64 years of age?,86.2,60.0
133,4,What percentage of the United States population is between 0 and 64 years of age?,86.2,73.0
134,4,What percentage of the United States population is between 0 and 64 years of age?,86.2,70.0
135,4,What percentage of the United States population is between 0 and 64 years of age?,86.2,40.0
136,4,What percentage of the United States population is between 0 and 64 years of age?,86.2,50.0
137,4,What percentage of the United States population is between 0 and 64 years of age?,86.2,85.0
138,4,What percentage of the United States population is between 0 and 64 years of age?,86.2,80.0
139,4,What percentage of the United States population is between 0 and 64 years of age?,86.2,85.0
140,4,What percentage of the United States population is between 0 and 64 years of age?,86.2,80.0
141,4,What percentage of the United States population is between 0 and 64 years of age?,86.2,83.0
142,4,What percentage of the United States population is between 0 and 64 years of age?,86.2,40.0
143,4,What percentage of the United States population is between 0 and 64 years of age?,86.2,60.0
144,4,What percentage of the United States population is between 0 and 64 years of age?,86.2,32.0
145,4,What percentage of the United States population is between 0 and 64 years of age?,86.2,25.0
1,5,What percentage of the world's population speaks English as a first language?,4.83,8.0
2,5,What percentage of the world's population speaks English as a first language?,4.83,60.0
3,5,What percentage of the world's population speaks English as a first language?,4.83,40.0
4,5,What percentage of the world's population speaks English as a first language?,4.83,15.0
5,5,What percentage of the world's population speaks English as a first language?,4.83,97.0
6,5,What percentage of the world's population speaks English as a first language?,4.83,20.0
7,5,What percentage of the world's population speaks English as a first language?,4.83,80.0
8,5,What percentage of the world's population speaks English as a first language?,4.83,30.0
9,5,What percentage of the world's population speaks English as a first language?,4.83,30.0
10,5,What percentage of the world's population speaks English as a first language?,4.83,10.0
11,5,What percentage of the world's population speaks English as a first language?,4.83,5.0
12,5,What percentage of the world's population speaks English as a first language?,4.83,10.0
13,5,What percentage of the world's population speaks English as a first language?,4.83,10.0
14,5,What percentage of the world's population speaks English as a first language?,4.83,40.0
15,5,What percentage of the world's population speaks English as a first language?,4.83,15.0
16,5,What percentage of the world's population speaks English as a first language?,4.83,45.0
17,5,What percentage of the world's population speaks English as a first language?,4.83,15.0
18,5,What percentage of the world's population speaks English as a first language?,4.83,50.0
19,5,What percentage of the world's population speaks English as a first language?,4.83,20.0
20,5,What percentage of the world's population speaks English as a first language?,4.83,40.0
21,5,What percentage of the world's population speaks English as a first language?,4.83,50.0
22,5,What percentage of the world's population speaks English as a first language?,4.83,70.0
23,5,What percentage of the world's population speaks English as a first language?,4.83,40.0
24,5,What percentage of the world's population speaks English as a first language?,4.83,36.0
25,5,What percentage of the world's population speaks English as a first language?,4.83,45.0
26,5,What percentage of the world's population speaks English as a first language?,4.83,15.0
27,5,What percentage of the world's population speaks English as a first language?,4.83,60.0
28,5,What percentage of the world's population speaks English as a first language?,4.83,40.0
29,5,What percentage of the world's population speaks English as a first language?,4.83,30.0
30,5,What percentage of the world's population speaks English as a first language?,4.83,10.0
31,5,What percentage of the world's population speaks English as a first language?,4.83,70.0
32,5,What percentage of the world's population speaks English as a first language?,4.83,30.0
33,5,What percentage of the world's population speaks English as a first language?,4.83,10.0
34,5,What percentage of the world's population speaks English as a first language?,4.83,70.0
35,5,What percentage of the world's population speaks English as a first language?,4.83,40.0
36,5,What percentage of the world's population speaks English as a first language?,4.83,40.0
37,5,What percentage of the world's population speaks English as a first language?,4.83,60.0
38,5,What percentage of the world's population speaks English as a first language?,4.83,60.0
39,5,What percentage of the world's population speaks English as a first language?,4.83,75.0
40,5,What percentage of the world's population speaks English as a first language?,4.83,15.0
41,5,What percentage of the world's population speaks English as a first language?,4.83,40.0
42,5,What percentage of the world's population speaks English as a first language?,4.83,20.0
43,5,What percentage of the world's population speaks English as a first language?,4.83,27.0
44,5,What percentage of the world's population speaks English as a first language?,4.83,41.0
45,5,What percentage of the world's population speaks English as a first language?,4.83,25.0
46,5,What percentage of the world's population speaks English as a first language?,4.83,40.0
47,5,What percentage of the world's population speaks English as a first language?,4.83,20.0
48,5,What percentage of the world's population speaks English as a first language?,4.83,40.0
49,5,What percentage of the world's population speaks English as a first language?,4.83,20.0
50,5,What percentage of the world's population speaks English as a first language?,4.83,10.0
51,5,What percentage of the world's population speaks English as a first language?,4.83,20.0
52,5,What percentage of the world's population speaks English as a first language?,4.83,60.0
53,5,What percentage of the world's population speaks English as a first language?,4.83,66.0
54,5,What percentage of the world's population speaks English as a first language?,4.83,30.0
55,5,What percentage of the world's population speaks English as a first language?,4.83,45.0
56,5,What percentage of the world's population speaks English as a first language?,4.83,30.0
57,5,What percentage of the world's population speaks English as a first language?,4.83,50.0
58,5,What percentage of the world's population speaks English as a first language?,4.83,10.0
59,5,What percentage of the world's population speaks English as a first language?,4.83,20.0
60,5,What percentage of the world's population speaks English as a first language?,4.83,25.0
61,5,What percentage of the world's population speaks English as a first language?,4.83,40.0
62,5,What percentage of the world's population speaks English as a first language?,4.83,35.0
63,5,What percentage of the world's population speaks English as a first language?,4.83,36.0
64,5,What percentage of the world's population speaks English as a first language?,4.83,35.0
65,5,What percentage of the world's population speaks English as a first language?,4.83,25.0
66,5,What percentage of the world's population speaks English as a first language?,4.83,1.0
67,5,What percentage of the world's population speaks English as a first language?,4.83,25.0
68,5,What percentage of the world's population speaks English as a first language?,4.83,27.0
69,5,What percentage of the world's population speaks English as a first language?,4.83,20.0
70,5,What percentage of the world's population speaks English as a first language?,4.83,40.0
71,5,What percentage of the world's population speaks English as a first language?,4.83,16.0
72,5,What percentage of the world's population speaks English as a first language?,4.83,15.0
73,5,What percentage of the world's population speaks English as a first language?,4.83,8.0
74,5,What percentage of the world's population speaks English as a first language?,4.83,45.0
75,5,What percentage of the world's population speaks English as a first language?,4.83,16.0
76,5,What percentage of the world's population speaks English as a first language?,4.83,35.0
77,5,What percentage of the world's population speaks English as a first language?,4.83,10.0
78,5,What percentage of the world's population speaks English as a first language?,4.83,15.0
79,5,What percentage of the world's population speaks English as a first language?,4.83,33.0
80,5,What percentage of the world's population speaks English as a first language?,4.83,35.0
81,5,What percentage of the world's population speaks English as a first language?,4.83,26.0
82,5,What percentage of the world's population speaks English as a first language?,4.83,40.0
83,5,What percentage of the world's population speaks English as a first language?,4.83,12.0
84,5,What percentage of the world's population speaks English as a first language?,4.83,50.0
85,5,What percentage of the world's population speaks English as a first language?,4.83,45.0
86,5,What percentage of the world's population speaks English as a first language?,4.83,10.0
87,5,What percentage of the world's population speaks English as a first language?,4.83,40.0
88,5,What percentage of the world's population speaks English as a first language?,4.83,40.0
89,5,What percentage of the world's population speaks English as a first language?,4.83,20.0
90,5,What percentage of the world's population speaks English as a first language?,4.83,30.0
91,5,What percentage of the world's population speaks English as a first language?,4.83,70.0
92,5,What percentage of the world's population speaks English as a first language?,4.83,61.0
93,5,What percentage of the world's population speaks English as a first language?,4.83,50.0
94,5,What percentage of the world's population speaks English as a first language?,4.83,25.0
95,5,What percentage of the world's population speaks English as a first language?,4.83,30.0
96,5,What percentage of the world's population speaks English as a first language?,4.83,25.0
97,5,What percentage of the world's population speaks English as a first language?,4.83,30.0
98,5,What percentage of the world's population speaks English as a first language?,4.83,20.0
99,5,What percentage of the world's population speaks English as a first language?,4.83,30.0
100,5,What percentage of the world's population speaks English as a first language?,4.83,40.0
101,5,What percentage of the world's population speaks English as a first language?,4.83,40.0
102,5,What percentage of the world's population speaks English as a first language?,4.83,35.0
103,5,What percentage of the world's population speaks English as a first language?,4.83,15.0
104,5,What percentage of the world's population speaks English as a first language?,4.83,6.0
105,5,What percentage of the world's population speaks English as a first language?,4.83,15.0
106,5,What percentage of the world's population speaks English as a first language?,4.83,25.0
107,5,What percentage of the world's population speaks English as a first language?,4.83,8.0
108,5,What percentage of the world's population speaks English as a first language?,4.83,20.0
109,5,What percentage of the world's population speaks English as a first language?,4.83,95.0
110,5,What percentage of the world's population speaks English as a first language?,4.83,40.0
111,5,What percentage of the world's population speaks English as a first language?,4.83,20.0
112,5,What percentage of the world's population speaks English as a first language?,4.83,25.0
113,5,What percentage of the world's population speaks English as a first language?,4.83,90.0
114,5,What percentage of the world's population speaks English as a first language?,4.83,35.0
115,5,What percentage of the world's population speaks English as a first language?,4.83,16.0
116,5,What percentage of the world's population speaks English as a first language?,4.83,40.0
117,5,What percentage of the world's population speaks English as a first language?,4.83,80.0
118,5,What percentage of the world's population speaks English as a first language?,4.83,30.0
119,5,What percentage of the world's population speaks English as a first language?,4.83,8.0
120,5,What percentage of the world's population speaks English as a first language?,4.83,30.0
121,5,What percentage of the world's population speaks English as a first language?,4.83,35.0
122,5,What percentage of the world's population speaks English as a first language?,4.83,50.0
123,5,What percentage of the world's population speaks English as a first language?,4.83,20.0
124,5,What percentage of the world's population speaks English as a first language?,4.83,60.0
125,5,What percentage of the world's population speaks English as a first language?,4.83,35.0
126,5,What percentage of the world's population speaks English as a first language?,4.83,75.0
127,5,What percentage of the world's population speaks English as a first language?,4.83,30.0
128,5,What percentage of the world's population speaks English as a first language?,4.83,58.0
129,5,What percentage of the world's population speaks English as a first language?,4.83,10.0
130,5,What percentage of the world's population speaks English as a first language?,4.83,30.0
131,5,What percentage of the world's population speaks English as a first language?,4.83,41.0
132,5,What percentage of the world's population speaks English as a first language?,4.83,8.0
133,5,What percentage of the world's population speaks English as a first language?,4.83,8.0
134,5,What percentage of the world's population speaks English as a first language?,4.83,20.0
135,5,What percentage of the world's population speaks English as a first language?,4.83,50.0
136,5,What percentage of the world's population speaks English as a first language?,4.83,35.0
137,5,What percentage of the world's population speaks English as a first language?,4.83,60.0
138,5,What percentage of the world's population speaks English as a first language?,4.83,20.0
139,5,What percentage of the world's population speaks English as a first language?,4.83,40.0
140,5,What percentage of the world's population speaks English as a first language?,4.83,30.0
141,5,What percentage of the world's population speaks English as a first language?,4.83,25.0
142,5,What percentage of the world's population speaks English as a first language?,4.83,50.0
143,5,What percentage of the world's population speaks English as a first language?,4.83,20.0
144,5,What percentage of the world's population speaks English as a first language?,4.83,89.0
145,5,What percentage of the world's population speaks English as a first language?,4.83,80.0
1,6,What percentage of the world's population is between 0 and 24 years of age?,42.8,40.0
2,6,What percentage of the world's population is between 0 and 24 years of age?,42.8,55.0
3,6,What percentage of the world's population is between 0 and 24 years of age?,42.8,40.0
4,6,What percentage of the world's population is between 0 and 24 years of age?,42.8,35.0
5,6,What percentage of the world's population is between 0 and 24 years of age?,42.8,55.0
6,6,What percentage of the world's population is between 0 and 24 years of age?,42.8,45.0
7,6,What percentage of the world's population is between 0 and 24 years of age?,42.8,38.0
8,6,What percentage of the world's population is between 0 and 24 years of age?,42.8,40.0
9,6,What percentage of the world's population is between 0 and 24 years of age?,42.8,40.0
10,6,What percentage of the world's population is between 0 and 24 years of age?,42.8,45.0
11,6,What percentage of the world's population is between 0 and 24 years of age?,42.8,60.0
12,6,What percentage of the world's population is between 0 and 24 years of age?,42.8,60.0
13,6,What percentage of the world's population is between 0 and 24 years of age?,42.8,35.0
14,6,What percentage of the world's population is between 0 and 24 years of age?,42.8,30.0
15,6,What percentage of the world's population is between 0 and 24 years of age?,42.8,35.0
16,6,What percentage of the world's population is between 0 and 24 years of age?,42.8,30.0
17,6,What percentage of the world's population is between 0 and 24 years of age?,42.8,35.0
18,6,What percentage of the world's population is between 0 and 24 years of age?,42.8,35.0
19,6,What percentage of the world's population is between 0 and 24 years of age?,42.8,40.0
20,6,What percentage of the world's population is between 0 and 24 years of age?,42.8,40.0
21,6,What percentage of the world's population is between 0 and 24 years of age?,42.8,30.0
22,6,What percentage of the world's population is between 0 and 24 years of age?,42.8,30.0
23,6,What percentage of the world's population is between 0 and 24 years of age?,42.8,45.0
24,6,What percentage of the world's population is between 0 and 24 years of age?,42.8,22.0
25,6,What percentage of the world's population is between 0 and 24 years of age?,42.8,70.0
26,6,What percentage of the world's population is between 0 and 24 years of age?,42.8,20.0
27,6,What percentage of the world's population is between 0 and 24 years of age?,42.8,40.0
28,6,What percentage of the world's population is between 0 and 24 years of age?,42.8,38.0
29,6,What percentage of the world's population is between 0 and 24 years of age?,42.8,30.0
30,6,What percentage of the world's population is between 0 and 24 years of age?,42.8,60.0
31,6,What percentage of the world's population is between 0 and 24 years of age?,42.8,30.0
32,6,What percentage of the world's population is between 0 and 24 years of age?,42.8,40.0
33,6,What percentage of the world's population is between 0 and 24 years of age?,42.8,45.0
34,6,What percentage of the world's population is between 0 and 24 years of age?,42.8,35.0
35,6,What percentage of the world's population is between 0 and 24 years of age?,42.8,35.0
36,6,What percentage of the world's population is between 0 and 24 years of age?,42.8,40.0
37,6,What percentage of the world's population is between 0 and 24 years of age?,42.8,40.0
38,6,What percentage of the world's population is between 0 and 24 years of age?,42.8,20.0
39,6,What percentage of the world's population is between 0 and 24 years of age?,42.8,25.0
40,6,What percentage of the world's population is between 0 and 24 years of age?,42.8,30.0
41,6,What percentage of the world's population is between 0 and 24 years of age?,42.8,50.0
42,6,What percentage of the world's population is between 0 and 24 years of age?,42.8,65.0
43,6,What percentage of the world's population is between 0 and 24 years of age?,42.8,60.0
44,6,What percentage of the world's population is between 0 and 24 years of age?,42.8,34.0
45,6,What percentage of the world's population is between 0 and 24 years of age?,42.8,36.0
46,6,What percentage of the world's population is between 0 and 24 years of age?,42.8,25.0
47,6,What percentage of the world's population is between 0 and 24 years of age?,42.8,20.0
48,6,What percentage of the world's population is between 0 and 24 years of age?,42.8,40.0
49,6,What percentage of the world's population is between 0 and 24 years of age?,42.8,50.0
50,6,What percentage of the world's population is between 0 and 24 years of age?,42.8,25.0
51,6,What percentage of the world's population is between 0 and 24 years of age?,42.8,50.0
52,6,What percentage of the world's population is between 0 and 24 years of age?,42.8,30.0
53,6,What percentage of the world's population is between 0 and 24 years of age?,42.8,43.0
54,6,What percentage of the world's population is between 0 and 24 years of age?,42.8,60.0
55,6,What percentage of the world's population is between 0 and 24 years of age?,42.8,20.0
56,6,What percentage of the world's population is between 0 and 24 years of age?,42.8,30.0
57,6,What percentage of the world's population is between 0 and 24 years of age?,42.8,38.0
58,6,What percentage of the world's population is between 0 and 24 years of age?,42.8,20.0
59,6,What percentage of the world's population is between 0 and 24 years of age?,42.8,20.0
60,6,What percentage of the world's population is between 0 and 24 years of age?,42.8,35.0
61,6,What percentage of the world's population is between 0 and 24 years of age?,42.8,30.0
62,6,What percentage of the world's population is between 0 and 24 years of age?,42.8,20.0
63,6,What percentage of the world's population is between 0 and 24 years of age?,42.8,15.0
64,6,What percentage of the world's population is between 0 and 24 years of age?,42.8,40.0
65,6,What percentage of the world's population is between 0 and 24 years of age?,42.8,35.0
66,6,What percentage of the world's population is between 0 and 24 years of age?,42.8,30.0
67,6,What percentage of the world's population is between 0 and 24 years of age?,42.8,30.0
68,6,What percentage of the world's population is between 0 and 24 years of age?,42.8,41.0
69,6,What percentage of the world's population is between 0 and 24 years of age?,42.8,40.0
70,6,What percentage of the world's population is between 0 and 24 years of age?,42.8,30.0
71,6,What percentage of the world's population is between 0 and 24 years of age?,42.8,15.0
72,6,What percentage of the world's population is between 0 and 24 years of age?,42.8,25.0
73,6,What percentage of the world's population is between 0 and 24 years of age?,42.8,40.0
74,6,What percentage of the world's population is between 0 and 24 years of age?,42.8,30.0
75,6,What percentage of the world's population is between 0 and 24 years of age?,42.8,32.0
76,6,What percentage of the world's population is between 0 and 24 years of age?,42.8,40.0
77,6,What percentage of the world's population is between 0 and 24 years of age?,42.8,75.0
78,6,What percentage of the world's population is between 0 and 24 years of age?,42.8,35.0
79,6,What percentage of the world's population is between 0 and 24 years of age?,42.8,19.0
80,6,What percentage of the world's population is between 0 and 24 years of age?,42.8,35.0
81,6,What percentage of the world's population is between 0 and 24 years of age?,42.8,37.0
82,6,What percentage of the world's population is between 0 and 24 years of age?,42.8,30.0
83,6,What percentage of the world's population is between 0 and 24 years of age?,42.8,40.0
84,6,What percentage of the world's population is between 0 and 24 years of age?,42.8,30.0
85,6,What percentage of the world's population is between 0 and 24 years of age?,42.8,25.0
86,6,What percentage of the world's population is between 0 and 24 years of age?,42.8,35.0
87,6,What percentage of the world's population is between 0 and 24 years of age?,42.8,35.0
88,6,What percentage of the world's population is between 0 and 24 years of age?,42.8,20.0
89,6,What percentage of the world's population is between 0 and 24 years of age?,42.8,40.0
90,6,What percentage of the world's population is between 0 and 24 years of age?,42.8,50.0
91,6,What percentage of the world's population is between 0 and 24 years of age?,42.8,20.0
92,6,What percentage of the world's population is between 0 and 24 years of age?,42.8,33.0
93,6,What percentage of the world's population is between 0 and 24 years of age?,42.8,75.0
94,6,What percentage of the world's population is between 0 and 24 years of age?,42.8,25.0
95,6,What percentage of the world's population is between 0 and 24 years of age?,42.8,30.0
96,6,What percentage of the world's population is between 0 and 24 years of age?,42.8,55.0
97,6,What percentage of the world's population is between 0 and 24 years of age?,42.8,45.0
98,6,What percentage of the world's population is between 0 and 24 years of age?,42.8,40.0
99,6,What percentage of the world's population is between 0 and 24 years of age?,42.8,60.0
100,6,What percentage of the world's population is between 0 and 24 years of age?,42.8,25.0
101,6,What percentage of the world's population is between 0 and 24 years of age?,42.8,30.0
102,6,What percentage of the world's population is between 0 and 24 years of age?,42.8,55.0
103,6,What percentage of the world's population is between 0 and 24 years of age?,42.8,30.0
104,6,What percentage of the world's population is between 0 and 24 years of age?,42.8,48.0
105,6,What percentage of the world's population is between 0 and 24 years of age?,42.8,20.0
106,6,What percentage of the world's population is between 0 and 24 years of age?,42.8,30.0
107,6,What percentage of the world's population is between 0 and 24 years of age?,42.8,28.0
108,6,What percentage of the world's population is between 0 and 24 years of age?,42.8,34.0
109,6,What percentage of the world's population is between 0 and 24 years of age?,42.8,45.0
110,6,What percentage of the world's population is between 0 and 24 years of age?,42.8,27.0
111,6,What percentage of the world's population is between 0 and 24 years of age?,42.8,25.0
112,6,What percentage of the world's population is between 0 and 24 years of age?,42.8,20.0
113,6,What percentage of the world's population is between 0 and 24 years of age?,42.8,60.0
114,6,What percentage of the world's population is between 0 and 24 years of age?,42.8,30.0
115,6,What percentage of the world's population is between 0 and 24 years of age?,42.8,50.0
116,6,What percentage of the world's population is between 0 and 24 years of age?,42.8,24.0
117,6,What percentage of the world's population is between 0 and 24 years of age?,42.8,30.0
118,6,What percentage of the world's population is between 0 and 24 years of age?,42.8,35.0
119,6,What percentage of the world's population is between 0 and 24 years of age?,42.8,30.0
120,6,What percentage of the world's population is between 0 and 24 years of age?,42.8,43.0
121,6,What percentage of the world's population is between 0 and 24 years of age?,42.8,30.0
122,6,What percentage of the world's population is between 0 and 24 years of age?,42.8,30.0
123,6,What percentage of the world's population is between 0 and 24 years of age?,42.8,40.0
124,6,What percentage of the world's population is between 0 and 24 years of age?,42.8,30.0
125,6,What percentage of the world's population is between 0 and 24 years of age?,42.8,34.0
126,6,What percentage of the world's population is between 0 and 24 years of age?,42.8,35.0
127,6,What percentage of the world's population is between 0 and 24 years of age?,42.8,45.0
128,6,What percentage of the world's population is between 0 and 24 years of age?,42.8,45.0
129,6,What percentage of the world's population is between 0 and 24 years of age?,42.8,40.0
130,6,What percentage of the world's population is between 0 and 24 years of age?,42.8,60.0
131,6,What percentage of the world's population is between 0 and 24 years of age?,42.8,25.0
132,6,What percentage of the world's population is between 0 and 24 years of age?,42.8,14.0
133,6,What percentage of the world's population is between 0 and 24 years of age?,42.8,23.0
134,6,What percentage of the world's population is between 0 and 24 years of age?,42.8,40.0
135,6,What percentage of the world's population is between 0 and 24 years of age?,42.8,42.0
136,6,What percentage of the world's population is between 0 and 24 years of age?,42.8,30.0
137,6,What percentage of the world's population is between 0 and 24 years of age?,42.8,25.0
138,6,What percentage of the world's population is between 0 and 24 years of age?,42.8,50.0
139,6,What percentage of the world's population is between 0 and 24 years of age?,42.8,40.0
140,6,What percentage of the world's population is between 0 and 24 years of age?,42.8,40.0
141,6,What percentage of the world's population is between 0 and 24 years of age?,42.8,67.0
142,6,What percentage of the world's population is between 0 and 24 years of age?,42.8,40.0
143,6,What percentage of the world's population is between 0 and 24 years of age?,42.8,20.0
144,6,What percentage of the world's population is between 0 and 24 years of age?,42.8,52.0
145,6,What percentage of the world's population is between 0 and 24 years of age?,42.8,20.0
1,7,What percentage of the world's electricity does not come from fossil fuels?,33.3,25.0
2,7,What percentage of the world's electricity does not come from fossil fuels?,33.3,5.0
3,7,What percentage of the world's electricity does not come from fossil fuels?,33.3,30.0
4,7,What percentage of the world's electricity does not come from fossil fuels?,33.3,25.0
5,7,What percentage of the world's electricity does not come from fossil fuels?,33.3,33.0
6,7,What percentage of the world's electricity does not come from fossil fuels?,33.3,30.0
7,7,What percentage of the world's electricity does not come from fossil fuels?,33.3,4.0
8,7,What percentage of the world's electricity does not come from fossil fuels?,33.3,8.0
9,7,What percentage of the world's electricity does not come from fossil fuels?,33.3,35.0
10,7,What percentage of the world's electricity does not come from fossil fuels?,33.3,30.0
11,7,What percentage of the world's electricity does not come from fossil fuels?,33.3,10.0
12,7,What percentage of the world's electricity does not come from fossil fuels?,33.3,10.0
13,7,What percentage of the world's electricity does not come from fossil fuels?,33.3,15.0
14,7,What percentage of the world's electricity does not come from fossil fuels?,33.3,20.0
15,7,What percentage of the world's electricity does not come from fossil fuels?,33.3,16.0
16,7,What percentage of the world's electricity does not come from fossil fuels?,33.3,5.0
17,7,What percentage of the world's electricity does not come from fossil fuels?,33.3,25.0
18,7,What percentage of the world's electricity does not come from fossil fuels?,33.3,10.0
19,7,What percentage of the world's electricity does not come from fossil fuels?,33.3,15.0
20,7,What percentage of the world's electricity does not come from fossil fuels?,33.3,15.0
21,7,What percentage of the world's electricity does not come from fossil fuels?,33.3,30.0
22,7,What percentage of the world's electricity does not come from fossil fuels?,33.3,30.0
23,7,What percentage of the world's electricity does not come from fossil fuels?,33.3,7.0
24,7,What percentage of the world's electricity does not come from fossil fuels?,33.3,29.0
25,7,What percentage of the world's electricity does not come from fossil fuels?,33.3,15.0
26,7,What percentage of the world's electricity does not come from fossil fuels?,33.3,10.0
27,7,What percentage of the world's electricity does not come from fossil fuels?,33.3,40.0
28,7,What percentage of the world's electricity does not come from fossil fuels?,33.3,40.0
29,7,What percentage of the world's electricity does not come from fossil fuels?,33.3,20.0
30,7,What percentage of the world's electricity does not come from fossil fuels?,33.3,90.0
31,7,What percentage of the world's electricity does not come from fossil fuels?,33.3,25.0
32,7,What percentage of the world's electricity does not come from fossil fuels?,33.3,20.0
33,7,What percentage of the world's electricity does not come from fossil fuels?,33.3,25.0
34,7,What percentage of the world's electricity does not come from fossil fuels?,33.3,25.0
35,7,What percentage of the world's electricity does not come from fossil fuels?,33.3,30.0
36,7,What percentage of the world's electricity does not come from fossil fuels?,33.3,10.0
37,7,What percentage of the world's electricity does not come from fossil fuels?,33.3,30.0
38,7,What percentage of the world's electricity does not come from fossil fuels?,33.3,55.0
39,7,What percentage of the world's electricity does not come from fossil fuels?,33.3,50.0
40,7,What percentage of the world's electricity does not come from fossil fuels?,33.3,15.0
41,7,What percentage of the world's electricity does not come from fossil fuels?,33.3,12.0
42,7,What percentage of the world's electricity does not come from fossil fuels?,33.3,15.0
43,7,What percentage of the world's electricity does not come from fossil fuels?,33.3,80.0
44,7,What percentage of the world's electricity does not come from fossil fuels?,33.3,12.0
45,7,What percentage of the world's electricity does not come from fossil fuels?,33.3,35.0
46,7,What percentage of the world's electricity does not come from fossil fuels?,33.3,10.0
47,7,What percentage of the world's electricity does not come from fossil fuels?,33.3,20.0
48,7,What percentage of the world's electricity does not come from fossil fuels?,33.3,20.0
49,7,What percentage of the world's electricity does not come from fossil fuels?,33.3,25.0
50,7,What percentage of the world's electricity does not come from fossil fuels?,33.3,2.0
51,7,What percentage of the world's electricity does not come from fossil fuels?,33.3,40.0
52,7,What percentage of the world's electricity does not come from fossil fuels?,33.3,20.0
53,7,What percentage of the world's electricity does not come from fossil fuels?,33.3,32.0
54,7,What percentage of the world's electricity does not come from fossil fuels?,33.3,20.0
55,7,What percentage of the world's electricity does not come from fossil fuels?,33.3,10.0
56,7,What percentage of the world's electricity does not come from fossil fuels?,33.3,15.0
57,7,What percentage of the world's electricity does not come from fossil fuels?,33.3,50.0
58,7,What percentage of the world's electricity does not come from fossil fuels?,33.3,20.0
59,7,What percentage of the world's electricity does not come from fossil fuels?,33.3,40.0
60,7,What percentage of the world's electricity does not come from fossil fuels?,33.3,50.0
61,7,What percentage of the world's electricity does not come from fossil fuels?,33.3,20.0
62,7,What percentage of the world's electricity does not come from fossil fuels?,33.3,30.0
63,7,What percentage of the world's electricity does not come from fossil fuels?,33.3,29.0
64,7,What percentage of the world's electricity does not come from fossil fuels?,33.3,30.0
65,7,What percentage of the world's electricity does not come from fossil fuels?,33.3,20.0
66,7,What percentage of the world's electricity does not come from fossil fuels?,33.3,10.0
67,7,What percentage of the world's electricity does not come from fossil fuels?,33.3,15.0
68,7,What percentage of the world's electricity does not come from fossil fuels?,33.3,22.0
69,7,What percentage of the world's electricity does not come from fossil fuels?,33.3,25.0
70,7,What percentage of the world's electricity does not come from fossil fuels?,33.3,30.0
71,7,What percentage of the world's electricity does not come from fossil fuels?,33.3,5.0
72,7,What percentage of the world's electricity does not come from fossil fuels?,33.3,70.0
73,7,What percentage of the world's electricity does not come from fossil fuels?,33.3,10.0
74,7,What percentage of the world's electricity does not come from fossil fuels?,33.3,35.0
75,7,What percentage of the world's electricity does not come from fossil fuels?,33.3,30.0
76,7,What percentage of the world's electricity does not come from fossil fuels?,33.3,30.0
77,7,What percentage of the world's electricity does not come from fossil fuels?,33.3,15.0
78,7,What percentage of the world's electricity does not come from fossil fuels?,33.3,30.0
79,7,What percentage of the world's electricity does not come from fossil fuels?,33.3,15.0
80,7,What percentage of the world's electricity does not come from fossil fuels?,33.3,20.0
81,7,What percentage of the world's electricity does not come from fossil fuels?,33.3,78.0
82,7,What percentage of the world's electricity does not come from fossil fuels?,33.3,30.0
83,7,What percentage of the world's electricity does not come from fossil fuels?,33.3,15.0
84,7,What percentage of the world's electricity does not come from fossil fuels?,33.3,20.0
85,7,What percentage of the world's electricity does not come from fossil fuels?,33.3,5.0
86,7,What percentage of the world's electricity does not come from fossil fuels?,33.3,20.0
87,7,What percentage of the world's electricity does not come from fossil fuels?,33.3,15.0
88,7,What percentage of the world's electricity does not come from fossil fuels?,33.3,20.0
89,7,What percentage of the world's electricity does not come from fossil fuels?,33.3,15.0
90,7,What percentage of the world's electricity does not come from fossil fuels?,33.3,40.0
91,7,What percentage of the world's electricity does not come from fossil fuels?,33.3,20.0
92,7,What percentage of the world's electricity does not come from fossil fuels?,33.3,39.0
93,7,What percentage of the world's electricity does not come from fossil fuels?,33.3,25.0
94,7,What percentage of the world's electricity does not come from fossil fuels?,33.3,15.0
95,7,What percentage of the world's electricity does not come from fossil fuels?,33.3,20.0
96,7,What percentage of the world's electricity does not come from fossil fuels?,33.3,20.0
97,7,What percentage of the world's electricity does not come from fossil fuels?,33.3,20.0
98,7,What percentage of the world's electricity does not come from fossil fuels?,33.3,20.0
99,7,What percentage of the world's electricity does not come from fossil fuels?,33.3,30.0
100,7,What percentage of the world's electricity does not come from fossil fuels?,33.3,10.0
101,7,What percentage of the world's electricity does not come from fossil fuels?,33.3,20.0
102,7,What percentage of the world's electricity does not come from fossil fuels?,33.3,42.0
103,7,What percentage of the world's electricity does not come from fossil fuels?,33.3,6.0
104,7,What percentage of the world's electricity does not come from fossil fuels?,33.3,20.0
105,7,What percentage of the world's electricity does not come from fossil fuels?,33.3,30.0
106,7,What percentage of the world's electricity does not come from fossil fuels?,33.3,15.0
107,7,What percentage of the world's electricity does not come from fossil fuels?,33.3,18.0
108,7,What percentage of the world's electricity does not come from fossil fuels?,33.3,10.0
109,7,What percentage of the world's electricity does not come from fossil fuels?,33.3,90.0
110,7,What percentage of the world's electricity does not come from fossil fuels?,33.3,25.0
111,7,What percentage of the world's electricity does not come from fossil fuels?,33.3,50.0
112,7,What percentage of the world's electricity does not come from fossil fuels?,33.3,20.0
113,7,What percentage of the world's electricity does not come from fossil fuels?,33.3,25.0
114,7,What percentage of the world's electricity does not come from fossil fuels?,33.3,40.0
115,7,What percentage of the world's electricity does not come from fossil fuels?,33.3,30.0
116,7,What percentage of the world's electricity does not come from fossil fuels?,33.3,18.0
117,7,What percentage of the world's electricity does not come from fossil fuels?,33.3,35.0
118,7,What percentage of the world's electricity does not come from fossil fuels?,33.3,40.0
119,7,What percentage of the world's electricity does not come from fossil fuels?,33.3,20.0
120,7,What percentage of the world's electricity does not come from fossil fuels?,33.3,40.0
121,7,What percentage of the world's electricity does not come from fossil fuels?,33.3,15.0
122,7,What percentage of the world's electricity does not come from fossil fuels?,33.3,20.0
123,7,What percentage of the world's electricity does not come from fossil fuels?,33.3,30.0
124,7,What percentage of the world's electricity does not come from fossil fuels?,33.3,20.0
125,7,What percentage of the world's electricity does not come from fossil fuels?,33.3,30.0
126,7,What percentage of the world's electricity does not come from fossil fuels?,33.3,35.0
127,7,What percentage of the world's electricity does not come from fossil fuels?,33.3,25.0
128,7,What percentage of the world's electricity does not come from fossil fuels?,33.3,20.0
129,7,What percentage of the world's electricity does not come from fossil fuels?,33.3,5.0
130,7,What percentage of the world's electricity does not come from fossil fuels?,33.3,10.0
131,7,What percentage of the world's electricity does not come from fossil fuels?,33.3,18.0
132,7,What percentage of the world's electricity does not come from fossil fuels?,33.3,10.0
133,7,What percentage of the world's electricity does not come from fossil fuels?,33.3,6.0
134,7,What percentage of the world's electricity does not come from fossil fuels?,33.3,20.0
135,7,What percentage of the world's electricity does not come from fossil fuels?,33.3,20.0
136,7,What percentage of the world's electricity does not come from fossil fuels?,33.3,30.0
137,7,What percentage of the world's electricity does not come from fossil fuels?,33.3,60.0
138,7,What percentage of the world's electricity does not come from fossil fuels?,33.3,70.0
139,7,What percentage of the world's electricity does not come from fossil fuels?,33.3,40.0
140,7,What percentage of the world's electricity does not come from fossil fuels?,33.3,20.0
141,7,What percentage of the world's electricity does not come from fossil fuels?,33.3,10.0
142,7,What percentage of the world's electricity does not come from fossil fuels?,33.3,40.0
143,7,What percentage of the world's electricity does not come from fossil fuels?,33.3,20.0
144,7,What percentage of the world's electricity does not come from fossil fuels?,33.3,10.0
145,7,What percentage of the world's electricity does not come from fossil fuels?,33.3,25.0
1,8,What percentage of the world's water is not freshwater?,97.5,98.0
2,8,What percentage of the world's water is not freshwater?,97.5,40.0
3,8,What percentage of the world's water is not freshwater?,97.5,60.0
4,8,What percentage of the world's water is not freshwater?,97.5,90.0
5,8,What percentage of the world's water is not freshwater?,97.5,75.0
6,8,What percentage of the world's water is not freshwater?,97.5,78.0
7,8,What percentage of the world's water is not freshwater?,97.5,40.0
8,8,What percentage of the world's water is not freshwater?,97.5,90.0
9,8,What percentage of the world's water is not freshwater?,97.5,50.0
10,8,What percentage of the world's water is not freshwater?,97.5,80.0
11,8,What percentage of the world's water is not freshwater?,97.5,80.0
12,8,What percentage of the world's water is not freshwater?,97.5,98.0
13,8,What percentage of the world's water is not freshwater?,97.5,80.0
14,8,What percentage of the world's water is not freshwater?,97.5,45.0
15,8,What percentage of the world's water is not freshwater?,97.5,91.0
16,8,What percentage of the world's water is not freshwater?,97.5,88.0
17,8,What percentage of the world's water is not freshwater?,97.5,75.0
18,8,What percentage of the world's water is not freshwater?,97.5,80.0
19,8,What percentage of the world's water is not freshwater?,97.5,65.0
20,8,What percentage of the world's water is not freshwater?,97.5,70.0
21,8,What percentage of the world's water is not freshwater?,97.5,40.0
22,8,What percentage of the world's water is not freshwater?,97.5,80.0
23,8,What percentage of the world's water is not freshwater?,97.5,90.0
24,8,What percentage of the world's water is not freshwater?,97.5,90.0
25,8,What percentage of the world's water is not freshwater?,97.5,90.0
26,8,What percentage of the world's water is not freshwater?,97.5,90.0
27,8,What percentage of the world's water is not freshwater?,97.5,90.0
28,8,What percentage of the world's water is not freshwater?,97.5,30.0
29,8,What percentage of the world's water is not freshwater?,97.5,98.0
30,8,What percentage of the world's water is not freshwater?,97.5,95.0
31,8,What percentage of the world's water is not freshwater?,97.5,60.0
32,8,What percentage of the world's water is not freshwater?,97.5,75.0
33,8,What percentage of the world's water is not freshwater?,97.5,90.0
34,8,What percentage of the world's water is not freshwater?,97.5,80.0
35,8,What percentage of the world's water is not freshwater?,97.5,75.0
36,8,What percentage of the world's water is not freshwater?,97.5,30.0
37,8,What percentage of the world's water is not freshwater?,97.5,70.0
38,8,What percentage of the world's water is not freshwater?,97.5,70.0
39,8,What percentage of the world's water is not freshwater?,97.5,75.0
40,8,What percentage of the world's water is not freshwater?,97.5,70.0
41,8,What percentage of the world's water is not freshwater?,97.5,97.0
42,8,What percentage of the world's water is not freshwater?,97.5,90.0
43,8,What percentage of the world's water is not freshwater?,97.5,60.0
44,8,What percentage of the world's water is not freshwater?,97.5,91.0
45,8,What percentage of the world's water is not freshwater?,97.5,90.0
46,8,What percentage of the world's water is not freshwater?,97.5,70.0
47,8,What percentage of the world's water is not freshwater?,97.5,75.0
48,8,What percentage of the world's water is not freshwater?,97.5,80.0
49,8,What percentage of the world's water is not freshwater?,97.5,95.0
50,8,What percentage of the world's water is not freshwater?,97.5,95.0
51,8,What percentage of the world's water is not freshwater?,97.5,80.0
52,8,What percentage of the world's water is not freshwater?,97.5,50.0
53,8,What percentage of the world's water is not freshwater?,97.5,99.0
54,8,What percentage of the world's water is not freshwater?,97.5,90.0
55,8,What percentage of the world's water is not freshwater?,97.5,60.0
56,8,What percentage of the world's water is not freshwater?,97.5,80.0
57,8,What percentage of the world's water is not freshwater?,97.5,30.0
58,8,What percentage of the world's water is not freshwater?,97.5,70.0
59,8,What percentage of the world's water is not freshwater?,97.5,80.0
60,8,What percentage of the world's water is not freshwater?,97.5,50.0
61,8,What percentage of the world's water is not freshwater?,97.5,15.0
62,8,What percentage of the world's water is not freshwater?,97.5,50.0
63,8,What percentage of the world's water is not freshwater?,97.5,80.0
64,8,What percentage of the world's water is not freshwater?,97.5,75.0
65,8,What percentage of the world's water is not freshwater?,97.5,80.0
66,8,What percentage of the world's water is not freshwater?,97.5,80.0
67,8,What percentage of the world's water is not freshwater?,97.5,45.0
68,8,What percentage of the world's water is not freshwater?,97.5,65.0
69,8,What percentage of the world's water is not freshwater?,97.5,70.0
70,8,What percentage of the world's water is not freshwater?,97.5,40.0
71,8,What percentage of the world's water is not freshwater?,97.5,90.0
72,8,What percentage of the world's water is not freshwater?,97.5,97.0
73,8,What percentage of the world's water is not freshwater?,97.5,65.0
74,8,What percentage of the world's water is not freshwater?,97.5,75.0
75,8,What percentage of the world's water is not freshwater?,97.5,65.0
76,8,What percentage of the world's water is not freshwater?,97.5,70.0
77,8,What percentage of the world's water is not freshwater?,97.5,60.0
78,8,What percentage of the world's water is not freshwater?,97.5,85.0
79,8,What percentage of the world's water is not freshwater?,97.5,74.0
80,8,What percentage of the world's water is not freshwater?,97.5,25.0
81,8,What percentage of the world's water is not freshwater?,97.5,70.0
82,8,What percentage of the world's water is not freshwater?,97.5,30.0
83,8,What percentage of the world's water is not freshwater?,97.5,80.0
84,8,What percentage of the world's water is not freshwater?,97.5,70.0
85,8,What percentage of the world's water is not freshwater?,97.5,98.0
86,8,What percentage of the world's water is not freshwater?,97.5,50.0
87,8,What percentage of the world's water is not freshwater?,97.5,70.0
88,8,What percentage of the world's water is not freshwater?,97.5,30.0
89,8,What percentage of the world's water is not freshwater?,97.5,10.0
90,8,What percentage of the world's water is not freshwater?,97.5,50.0
91,8,What percentage of the world's water is not freshwater?,97.5,80.0
92,8,What percentage of the world's water is not freshwater?,97.5,22.0
93,8,What percentage of the world's water is not freshwater?,97.5,85.0
94,8,What percentage of the world's water is not freshwater?,97.5,60.0
95,8,What percentage of the world's water is not freshwater?,97.5,30.0
96,8,What percentage of the world's water is not freshwater?,97.5,67.0
97,8,What percentage of the world's water is not freshwater?,97.5,35.0
98,8,What percentage of the world's water is not freshwater?,97.5,35.0
99,8,What percentage of the world's water is not freshwater?,97.5,40.0
100,8,What percentage of the world's water is not freshwater?,97.5,75.0
101,8,What percentage of the world's water is not freshwater?,97.5,30.0
102,8,What percentage of the world's water is not freshwater?,97.5,90.0
103,8,What percentage of the world's water is not freshwater?,97.5,90.0
104,8,What percentage of the world's water is not freshwater?,97.5,95.0
105,8,What percentage of the world's water is not freshwater?,97.5,85.0
106,8,What percentage of the world's water is not freshwater?,97.5,60.0
107,8,What percentage of the world's water is not freshwater?,97.5,76.0
108,8,What percentage of the world's water is not freshwater?,97.5,90.0
109,8,What percentage of the world's water is not freshwater?,97.5,10.0
110,8,What percentage of the world's water is not freshwater?,97.5,89.0
111,8,What percentage of the world's water is not freshwater?,97.5,90.0
112,8,What percentage of the world's water is not freshwater?,97.5,99.0
113,8,What percentage of the world's water is not freshwater?,97.5,50.0
114,8,What percentage of the world's water is not freshwater?,97.5,65.0
115,8,What percentage of the world's water is not freshwater?,97.5,80.0
116,8,What percentage of the world's water is not freshwater?,97.5,80.0
117,8,What percentage of the world's water is not freshwater?,97.5,45.0
118,8,What percentage of the world's water is not freshwater?,97.5,95.0
119,8,What percentage of the world's water is not freshwater?,97.5,80.0
120,8,What percentage of the world's water is not freshwater?,97.5,40.0
121,8,What percentage of the world's water is not freshwater?,97.5,90.0
122,8,What percentage of the world's water is not freshwater?,97.5,99.0
123,8,What percentage of the world's water is not freshwater?,97.5,99.0
124,8,What percentage of the world's water is not freshwater?,97.5,65.0
125,8,What percentage of the world's water is not freshwater?,97.5,75.0
126,8,What percentage of the world's water is not freshwater?,97.5,98.0
127,8,What percentage of the world's water is not freshwater?,97.5,76.0
128,8,What percentage of the world's water is not freshwater?,97.5,50.0
129,8,What percentage of the world's water is not freshwater?,97.5,95.0
130,8,What percentage of the world's water is not freshwater?,97.5,60.0
131,8,What percentage of the world's water is not freshwater?,97.5,70.0
132,8,What percentage of the world's water is not freshwater?,97.5,99.0
133,8,What percentage of the world's water is not freshwater?,97.5,98.0
134,8,What percentage of the world's water is not freshwater?,97.5,70.0
135,8,What percentage of the world's water is not freshwater?,97.5,75.0
136,8,What percentage of the world's water is not freshwater?,97.5,35.0
137,8,What percentage of the world's water is not freshwater?,97.5,60.0
138,8,What percentage of the world's water is not freshwater?,97.5,20.0
139,8,What percentage of the world's water is not freshwater?,97.5,50.0
140,8,What percentage of the world's water is not freshwater?,97.5,20.0
141,8,What percentage of the world's water is not freshwater?,97.5,80.0
142,8,What percentage of the world's water is not freshwater?,97.5,60.0
143,8,What percentage of the world's water is not freshwater?,97.5,95.0
144,8,What percentage of the world's water is not freshwater?,97.5,72.0
145,8,What percentage of the world's water is not freshwater?,97.5,80.0
1,9,What percentage of the human body mass is nitrogen?,3.0,1.0
2,9,What percentage of the human body mass is nitrogen?,3.0,1.0
3,9,What percentage of the human body mass is nitrogen?,3.0,10.0
4,9,What percentage of the human body mass is nitrogen?,3.0,5.0
5,9,What percentage of the human body mass is nitrogen?,3.0,8.0
6,9,What percentage of the human body mass is nitrogen?,3.0,20.0
7,9,What percentage of the human body mass is nitrogen?,3.0,10.0
8,9,What percentage of the human body mass is nitrogen?,3.0,18.0
9,9,What percentage of the human body mass is nitrogen?,3.0,10.0
10,9,What percentage of the human body mass is nitrogen?,3.0,5.0
11,9,What percentage of the human body mass is nitrogen?,3.0,4.0
12,9,What percentage of the human body mass is nitrogen?,3.0,80.0
13,9,What percentage of the human body mass is nitrogen?,3.0,3.0
14,9,What percentage of the human body mass is nitrogen?,3.0,6.0
15,9,What percentage of the human body mass is nitrogen?,3.0,1.0
16,9,What percentage of the human body mass is nitrogen?,3.0,15.0
17,9,What percentage of the human body mass is nitrogen?,3.0,1.0
18,9,What percentage of the human body mass is nitrogen?,3.0,5.0
19,9,What percentage of the human body mass is nitrogen?,3.0,20.0
20,9,What percentage of the human body mass is nitrogen?,3.0,15.0
21,9,What percentage of the human body mass is nitrogen?,3.0,10.0
22,9,What percentage of the human body mass is nitrogen?,3.0,10.0
23,9,What percentage of the human body mass is nitrogen?,3.0,70.0
24,9,What percentage of the human body mass is nitrogen?,3.0,16.0
25,9,What percentage of the human body mass is nitrogen?,3.0,30.0
26,9,What percentage of the human body mass is nitrogen?,3.0,1.0
27,9,What percentage of the human body mass is nitrogen?,3.0,20.0
28,9,What percentage of the human body mass is nitrogen?,3.0,60.0
29,9,What percentage of the human body mass is nitrogen?,3.0,1.0
30,9,What percentage of the human body mass is nitrogen?,3.0,10.0
31,9,What percentage of the human body mass is nitrogen?,3.0,5.0
32,9,What percentage of the human body mass is nitrogen?,3.0,10.0
33,9,What percentage of the human body mass is nitrogen?,3.0,15.0
34,9,What percentage of the human body mass is nitrogen?,3.0,20.0
35,9,What percentage of the human body mass is nitrogen?,3.0,5.0
36,9,What percentage of the human body mass is nitrogen?,3.0,1.0
37,9,What percentage of the human body mass is nitrogen?,3.0,5.0
38,9,What percentage of the human body mass is nitrogen?,3.0,15.0
39,9,What percentage of the human body mass is nitrogen?,3.0,35.0
40,9,What percentage of the human body mass is nitrogen?,3.0,4.0
41,9,What percentage of the human body mass is nitrogen?,3.0,3.0
42,9,What percentage of the human body mass is nitrogen?,3.0,5.0
43,9,What percentage of the human body mass is nitrogen?,3.0,3.0
44,9,What percentage of the human body mass is nitrogen?,3.0,6.0
45,9,What percentage of the human body mass is nitrogen?,3.0,5.0
46,9,What percentage of the human body mass is nitrogen?,3.0,17.0
47,9,What percentage of the human body mass is nitrogen?,3.0,5.0
48,9,What percentage of the human body mass is nitrogen?,3.0,10.0
49,9,What percentage of the human body mass is nitrogen?,3.0,10.0
50,9,What percentage of the human body mass is nitrogen?,3.0,11.0
51,9,What percentage of the human body mass is nitrogen?,3.0,16.0
52,9,What percentage of the human body mass is nitrogen?,3.0,10.0
53,9,What percentage of the human body mass is nitrogen?,3.0,2.0
54,9,What percentage of the human body mass is nitrogen?,3.0,42.0
55,9,What percentage of the human body mass is nitrogen?,3.0,8.0
56,9,What percentage of the human body mass is nitrogen?,3.0,15.0
57,9,What percentage of the human body mass is nitrogen?,3.0,3.0
58,9,What percentage of the human body mass is nitrogen?,3.0,10.0
59,9,What percentage of the human body mass is nitrogen?,3.0,20.0
60,9,What percentage of the human body mass is nitrogen?,3.0,10.0
61,9,What percentage of the human body mass is nitrogen?,3.0,5.0
62,9,What percentage of the human body mass is nitrogen?,3.0,4.0
63,9,What percentage of the human body mass is nitrogen?,3.0,10.0
64,9,What percentage of the human body mass is nitrogen?,3.0,1.0
65,9,What percentage of the human body mass is nitrogen?,3.0,2.0
66,9,What percentage of the human body mass is nitrogen?,3.0,1.0
67,9,What percentage of the human body mass is nitrogen?,3.0,10.0
68,9,What percentage of the human body mass is nitrogen?,3.0,11.0
69,9,What percentage of the human body mass is nitrogen?,3.0,3.0
70,9,What percentage of the human body mass is nitrogen?,3.0,3.0
71,9,What percentage of the human body mass is nitrogen?,3.0,10.0
72,9,What percentage of the human body mass is nitrogen?,3.0,12.0
73,9,What percentage of the human body mass is nitrogen?,3.0,15.0
74,9,What percentage of the human body mass is nitrogen?,3.0,60.0
75,9,What percentage of the human body mass is nitrogen?,3.0,5.0
76,9,What percentage of the human body mass is nitrogen?,3.0,10.0
77,9,What percentage of the human body mass is nitrogen?,3.0,18.0
78,9,What percentage of the human body mass is nitrogen?,3.0,1.0
79,9,What percentage of the human body mass is nitrogen?,3.0,3.0
80,9,What percentage of the human body mass is nitrogen?,3.0,35.0
81,9,What percentage of the human body mass is nitrogen?,3.0,5.0
82,9,What percentage of the human body mass is nitrogen?,3.0,2.0
83,9,What percentage of the human body mass is nitrogen?,3.0,5.0
84,9,What percentage of the human body mass is nitrogen?,3.0,30.0
85,9,What percentage of the human body mass is nitrogen?,3.0,25.0
86,9,What percentage of the human body mass is nitrogen?,3.0,20.0
87,9,What percentage of the human body mass is nitrogen?,3.0,5.0
88,9,What percentage of the human body mass is nitrogen?,3.0,40.0
89,9,What percentage of the human body mass is nitrogen?,3.0,10.0
90,9,What percentage of the human body mass is nitrogen?,3.0,25.0
91,9,What percentage of the human body mass is nitrogen?,3.0,20.0
92,9,What percentage of the human body mass is nitrogen?,3.0,60.0
93,9,What percentage of the human body mass is nitrogen?,3.0,75.0
94,9,What percentage of the human body mass is nitrogen?,3.0,25.0
95,9,What percentage of the human body mass is nitrogen?,3.0,30.0
96,9,What percentage of the human body mass is nitrogen?,3.0,10.0
97,9,What percentage of the human body mass is nitrogen?,3.0,35.0
98,9,What percentage of the human body mass is nitrogen?,3.0,1.0
99,9,What percentage of the human body mass is nitrogen?,3.0,20.0
100,9,What percentage of the human body mass is nitrogen?,3.0,10.0
101,9,What percentage of the human body mass is nitrogen?,3.0,10.0
102,9,What percentage of the human body mass is nitrogen?,3.0,4.0
103,9,What percentage of the human body mass is nitrogen?,3.0,40.0
104,9,What percentage of the human body mass is nitrogen?,3.0,2.0
105,9,What percentage of the human body mass is nitrogen?,3.0,1.0
106,9,What percentage of the human body mass is nitrogen?,3.0,5.0
107,9,What percentage of the human body mass is nitrogen?,3.0,1.0
108,9,What percentage of the human body mass is nitrogen?,3.0,15.0
109,9,What percentage of the human body mass is nitrogen?,3.0,2.0
110,9,What percentage of the human body mass is nitrogen?,3.0,85.0
111,9,What percentage of the human body mass is nitrogen?,3.0,10.0
112,9,What percentage of the human body mass is nitrogen?,3.0,4.0
113,9,What percentage of the human body mass is nitrogen?,3.0,15.0
114,9,What percentage of the human body mass is nitrogen?,3.0,80.0
115,9,What percentage of the human body mass is nitrogen?,3.0,5.0
116,9,What percentage of the human body mass is nitrogen?,3.0,75.0
117,9,What percentage of the human body mass is nitrogen?,3.0,5.0
118,9,What percentage of the human body mass is nitrogen?,3.0,60.0
119,9,What percentage of the human body mass is nitrogen?,3.0,50.0
120,9,What percentage of the human body mass is nitrogen?,3.0,40.0
121,9,What percentage of the human body mass is nitrogen?,3.0,5.0
122,9,What percentage of the human body mass is nitrogen?,3.0,5.0
123,9,What percentage of the human body mass is nitrogen?,3.0,15.0
124,9,What percentage of the human body mass is nitrogen?,3.0,35.0
125,9,What percentage of the human body mass is nitrogen?,3.0,17.0
126,9,What percentage of the human body mass is nitrogen?,3.0,3.0
127,9,What percentage of the human body mass is nitrogen?,3.0,38.0
128,9,What percentage of the human body mass is nitrogen?,3.0,10.0
129,9,What percentage of the human body mass is nitrogen?,3.0,10.0
130,9,What percentage of the human body mass is nitrogen?,3.0,10.0
131,9,What percentage of the human body mass is nitrogen?,3.0,18.0
132,9,What percentage of the human body mass is nitrogen?,3.0,1.0
133,9,What percentage of the human body mass is nitrogen?,3.0,14.0
134,9,What percentage of the human body mass is nitrogen?,3.0,70.0
135,9,What percentage of the human body mass is nitrogen?,3.0,1.0
136,9,What percentage of the human body mass is nitrogen?,3.0,30.0
137,9,What percentage of the human body mass is nitrogen?,3.0,20.0
138,9,What percentage of the human body mass is nitrogen?,3.0,5.0
139,9,What percentage of the human body mass is nitrogen?,3.0,30.0
140,9,What percentage of the human body mass is nitrogen?,3.0,10.0
141,9,What percentage of the human body mass is nitrogen?,3.0,25.0
142,9,What percentage of the human body mass is nitrogen?,3.0,40.0
143,9,What percentage of the human body mass is nitrogen?,3.0,1.0
144,9,What percentage of the human body mass is nitrogen?,3.0,43.0
145,9,What percentage of the human body mass is nitrogen?,3.0,30.0
1,10,What percentage of adult human skeleton bones are found in the hands?,26.2,20.0
2,10,What percentage of adult human skeleton bones are found in the hands?,26.2,8.0
3,10,What percentage of adult human skeleton bones are found in the hands?,26.2,15.0
4,10,What percentage of adult human skeleton bones are found in the hands?,26.2,15.0
5,10,What percentage of adult human skeleton bones are found in the hands?,26.2,12.0
6,10,What percentage of adult human skeleton bones are found in the hands?,26.2,15.0
7,10,What percentage of adult human skeleton bones are found in the hands?,26.2,13.0
8,10,What percentage of adult human skeleton bones are found in the hands?,26.2,30.0
9,10,What percentage of adult human skeleton bones are found in the hands?,26.2,7.0
10,10,What percentage of adult human skeleton bones are found in the hands?,26.2,30.0
11,10,What percentage of adult human skeleton bones are found in the hands?,26.2,10.0
12,10,What percentage of adult human skeleton bones are found in the hands?,26.2,20.0
13,10,What percentage of adult human skeleton bones are found in the hands?,26.2,25.0
14,10,What percentage of adult human skeleton bones are found in the hands?,26.2,40.0
15,10,What percentage of adult human skeleton bones are found in the hands?,26.2,20.0
16,10,What percentage of adult human skeleton bones are found in the hands?,26.2,45.0
17,10,What percentage of adult human skeleton bones are found in the hands?,26.2,20.0
18,10,What percentage of adult human skeleton bones are found in the hands?,26.2,18.0
19,10,What percentage of adult human skeleton bones are found in the hands?,26.2,15.0
20,10,What percentage of adult human skeleton bones are found in the hands?,26.2,15.0
21,10,What percentage of adult human skeleton bones are found in the hands?,26.2,5.0
22,10,What percentage of adult human skeleton bones are found in the hands?,26.2,30.0
23,10,What percentage of adult human skeleton bones are found in the hands?,26.2,10.0
24,10,What percentage of adult human skeleton bones are found in the hands?,26.2,8.0
25,10,What percentage of adult human skeleton bones are found in the hands?,26.2,10.0
26,10,What percentage of adult human skeleton bones are found in the hands?,26.2,10.0
27,10,What percentage of adult human skeleton bones are found in the hands?,26.2,5.0
28,10,What percentage of adult human skeleton bones are found in the hands?,26.2,12.0
29,10,What percentage of adult human skeleton bones are found in the hands?,26.2,10.0
30,10,What percentage of adult human skeleton bones are found in the hands?,26.2,15.0
31,10,What percentage of adult human skeleton bones are found in the hands?,26.2,20.0
32,10,What percentage of adult human skeleton bones are found in the hands?,26.2,30.0
33,10,What percentage of adult human skeleton bones are found in the hands?,26.2,75.0
34,10,What percentage of adult human skeleton bones are found in the hands?,26.2,30.0
35,10,What percentage of adult human skeleton bones are found in the hands?,26.2,15.0
36,10,What percentage of adult human skeleton bones are found in the hands?,26.2,10.0
37,10,What percentage of adult human skeleton bones are found in the hands?,26.2,5.0
38,10,What percentage of adult human skeleton bones are found in the hands?,26.2,15.0
39,10,What percentage of adult human skeleton bones are found in the hands?,26.2,15.0
40,10,What percentage of adult human skeleton bones are found in the hands?,26.2,30.0
41,10,What percentage of adult human skeleton bones are found in the hands?,26.2,60.0
42,10,What percentage of adult human skeleton bones are found in the hands?,26.2,10.0
43,10,What percentage of adult human skeleton bones are found in the hands?,26.2,26.0
44,10,What percentage of adult human skeleton bones are found in the hands?,26.2,22.0
45,10,What percentage of adult human skeleton bones are found in the hands?,26.2,7.0
46,10,What percentage of adult human skeleton bones are found in the hands?,26.2,30.0
47,10,What percentage of adult human skeleton bones are found in the hands?,26.2,15.0
48,10,What percentage of adult human skeleton bones are found in the hands?,26.2,20.0
49,10,What percentage of adult human skeleton bones are found in the hands?,26.2,25.0
50,10,What percentage of adult human skeleton bones are found in the hands?,26.2,40.0
51,10,What percentage of adult human skeleton bones are found in the hands?,26.2,25.0
52,10,What percentage of adult human skeleton bones are found in the hands?,26.2,50.0
53,10,What percentage of adult human skeleton bones are found in the hands?,26.2,32.0
54,10,What percentage of adult human skeleton bones are found in the hands?,26.2,45.0
55,10,What percentage of adult human skeleton bones are found in the hands?,26.2,1.0
56,10,What percentage of adult human skeleton bones are found in the hands?,26.2,10.0
57,10,What percentage of adult human skeleton bones are found in the hands?,26.2,18.0
58,10,What percentage of adult human skeleton bones are found in the hands?,26.2,10.0
59,10,What percentage of adult human skeleton bones are found in the hands?,26.2,10.0
60,10,What percentage of adult human skeleton bones are found in the hands?,26.2,25.0
61,10,What percentage of adult human skeleton bones are found in the hands?,26.2,10.0
62,10,What percentage of adult human skeleton bones are found in the hands?,26.2,25.0
63,10,What percentage of adult human skeleton bones are found in the hands?,26.2,1.0
64,10,What percentage of adult human skeleton bones are found in the hands?,26.2,30.0
65,10,What percentage of adult human skeleton bones are found in the hands?,26.2,20.0
66,10,What percentage of adult human skeleton bones are found in the hands?,26.2,5.0
67,10,What percentage of adult human skeleton bones are found in the hands?,26.2,5.0
68,10,What percentage of adult human skeleton bones are found in the hands?,26.2,10.0
69,10,What percentage of adult human skeleton bones are found in the hands?,26.2,10.0
70,10,What percentage of adult human skeleton bones are found in the hands?,26.2,20.0
71,10,What percentage of adult human skeleton bones are found in the hands?,26.2,10.0
72,10,What percentage of adult human skeleton bones are found in the hands?,26.2,10.0
73,10,What percentage of adult human skeleton bones are found in the hands?,26.2,6.0
74,10,What percentage of adult human skeleton bones are found in the hands?,26.2,10.0
75,10,What percentage of adult human skeleton bones are found in the hands?,26.2,18.0
76,10,What percentage of adult human skeleton bones are found in the hands?,26.2,15.0
77,10,What percentage of adult human skeleton bones are found in the hands?,26.2,10.0
78,10,What percentage of adult human skeleton bones are found in the hands?,26.2,30.0
79,10,What percentage of adult human skeleton bones are found in the hands?,26.2,22.0
80,10,What percentage of adult human skeleton bones are found in the hands?,26.2,15.0
81,10,What percentage of adult human skeleton bones are found in the hands?,26.2,15.0
82,10,What percentage of adult human skeleton bones are found in the hands?,26.2,4.0
83,10,What percentage of adult human skeleton bones are found in the hands?,26.2,23.0
84,10,What percentage of adult human skeleton bones are found in the hands?,26.2,30.0
85,10,What percentage of adult human skeleton bones are found in the hands?,26.2,20.0
86,10,What percentage of adult human skeleton bones are found in the hands?,26.2,30.0
87,10,What percentage of adult human skeleton bones are found in the hands?,26.2,3.0
88,10,What percentage of adult human skeleton bones are found in the hands?,26.2,5.0
89,10,What percentage of adult human skeleton bones are found in the hands?,26.2,5.0
90,10,What percentage of adult human skeleton bones are found in the hands?,26.2,5.0
91,10,What percentage of adult human skeleton bones are found in the hands?,26.2,10.0
92,10,What percentage of adult human skeleton bones are found in the hands?,26.2,40.0
93,10,What percentage of adult human skeleton bones are found in the hands?,26.2,25.0
94,10,What percentage of adult human skeleton bones are found in the hands?,26.2,25.0
95,10,What percentage of adult human skeleton bones are found in the hands?,26.2,25.0
96,10,What percentage of adult human skeleton bones are found in the hands?,26.2,5.0
97,10,What percentage of adult human skeleton bones are found in the hands?,26.2,12.0
98,10,What percentage of adult human skeleton bones are found in the hands?,26.2,10.0
99,10,What percentage of adult human skeleton bones are found in the hands?,26.2,10.0
100,10,What percentage of adult human skeleton bones are found in the hands?,26.2,5.0
101,10,What percentage of adult human skeleton bones are found in the hands?,26.2,20.0
102,10,What percentage of adult human skeleton bones are found in the hands?,26.2,33.0
103,10,What percentage of adult human skeleton bones are found in the hands?,26.2,25.0
104,10,What percentage of adult human skeleton bones are found in the hands?,26.2,22.0
105,10,What percentage of adult human skeleton bones are found in the hands?,26.2,40.0
106,10,What percentage of adult human skeleton bones are found in the hands?,26.2,15.0
107,10,What percentage of adult human skeleton bones are found in the hands?,26.2,17.0
108,10,What percentage of adult human skeleton bones are found in the hands?,26.2,20.0
109,10,What percentage of adult human skeleton bones are found in the hands?,26.2,60.0
110,10,What percentage of adult human skeleton bones are found in the hands?,26.2,14.0
111,10,What percentage of adult human skeleton bones are found in the hands?,26.2,30.0
112,10,What percentage of adult human skeleton bones are found in the hands?,26.2,20.0
113,10,What percentage of adult human skeleton bones are found in the hands?,26.2,50.0
114,10,What percentage of adult human skeleton bones are found in the hands?,26.2,20.0
115,10,What percentage of adult human skeleton bones are found in the hands?,26.2,40.0
116,10,What percentage of adult human skeleton bones are found in the hands?,26.2,15.0
117,10,What percentage of adult human skeleton bones are found in the hands?,26.2,5.0
118,10,What percentage of adult human skeleton bones are found in the hands?,26.2,50.0
119,10,What percentage of adult human skeleton bones are found in the hands?,26.2,30.0
120,10,What percentage of adult human skeleton bones are found in the hands?,26.2,30.0
121,10,What percentage of adult human skeleton bones are found in the hands?,26.2,10.0
122,10,What percentage of adult human skeleton bones are found in the hands?,26.2,5.0
123,10,What percentage of adult human skeleton bones are found in the hands?,26.2,20.0
124,10,What percentage of adult human skeleton bones are found in the hands?,26.2,25.0
125,10,What percentage of adult human skeleton bones are found in the hands?,26.2,25.0
126,10,What percentage of adult human skeleton bones are found in the hands?,26.2,25.0
127,10,What percentage of adult human skeleton bones are found in the hands?,26.2,3.0
128,10,What percentage of adult human skeleton bones are found in the hands?,26.2,5.0
129,10,What percentage of adult human skeleton bones are found in the hands?,26.2,25.0
130,10,What percentage of adult human skeleton bones are found in the hands?,26.2,5.0
131,10,What percentage of adult human skeleton bones are found in the hands?,26.2,36.0
132,10,What percentage of adult human skeleton bones are found in the hands?,26.2,15.0
133,10,What percentage of adult human skeleton bones are found in the hands?,26.2,10.0
134,10,What percentage of adult human skeleton bones are found in the hands?,26.2,10.0
135,10,What percentage of adult human skeleton bones are found in the hands?,26.2,33.0
136,10,What percentage of adult human skeleton bones are found in the hands?,26.2,5.0
137,10,What percentage of adult human skeleton bones are found in the hands?,26.2,40.0
138,10,What percentage of adult human skeleton bones are found in the hands?,26.2,10.0
139,10,What percentage of adult human skeleton bones are found in the hands?,26.2,15.0
140,10,What percentage of adult human skeleton bones are found in the hands?,26.2,15.0
141,10,What percentage of adult human skeleton bones are found in the hands?,26.2,32.0
142,10,What percentage of adult human skeleton bones are found in the hands?,26.2,10.0
143,10,What percentage of adult human skeleton bones are found in the hands?,26.2,7.0
144,10,What percentage of adult human skeleton bones are found in the hands?,26.2,7.0
145,10,What percentage of adult human skeleton bones are found in the hands?,26.2,7.0
1,11,What percentage of the United States population has blood type O+?,38.0,4.0
2,11,What percentage of the United States population has blood type O+?,38.0,2.0
3,11,What percentage of the United States population has blood type O+?,38.0,15.0
4,11,What percentage of the United States population has blood type O+?,38.0,5.0
5,11,What percentage of the United States population has blood type O+?,38.0,55.0
6,11,What percentage of the United States population has blood type O+?,38.0,2.0
7,11,What percentage of the United States population has blood type O+?,38.0,10.0
8,11,What percentage of the United States population has blood type O+?,38.0,15.0
9,11,What percentage of the United States population has blood type O+?,38.0,25.0
10,11,What percentage of the United States population has blood type O+?,38.0,70.0
11,11,What percentage of the United States population has blood type O+?,38.0,20.0
12,11,What percentage of the United States population has blood type O+?,38.0,5.0
13,11,What percentage of the United States population has blood type O+?,38.0,20.0
14,11,What percentage of the United States population has blood type O+?,38.0,10.0
15,11,What percentage of the United States population has blood type O+?,38.0,12.0
16,11,What percentage of the United States population has blood type O+?,38.0,6.0
17,11,What percentage of the United States population has blood type O+?,38.0,33.0
18,11,What percentage of the United States population has blood type O+?,38.0,2.0
19,11,What percentage of the United States population has blood type O+?,38.0,40.0
20,11,What percentage of the United States population has blood type O+?,38.0,20.0
21,11,What percentage of the United States population has blood type O+?,38.0,30.0
22,11,What percentage of the United States population has blood type O+?,38.0,33.0
23,11,What percentage of the United States population has blood type O+?,38.0,70.0
24,11,What percentage of the United States population has blood type O+?,38.0,14.0
25,11,What percentage of the United States population has blood type O+?,38.0,20.0
26,11,What percentage of the United States population has blood type O+?,38.0,40.0
27,11,What percentage of the United States population has blood type O+?,38.0,20.0
28,11,What percentage of the United States population has blood type O+?,38.0,20.0
29,11,What percentage of the United States population has blood type O+?,38.0,1.0
30,11,What percentage of the United States population has blood type O+?,38.0,15.0
31,11,What percentage of the United States population has blood type O+?,38.0,10.0
32,11,What percentage of the United States population has blood type O+?,38.0,65.0
33,11,What percentage of the United States population has blood type O+?,38.0,5.0
34,11,What percentage of the United States population has blood type O+?,38.0,15.0
35,11,What percentage of the United States population has blood type O+?,38.0,10.0
36,11,What percentage of the United States population has blood type O+?,38.0,20.0
37,11,What percentage of the United States population has blood type O+?,38.0,33.0
38,11,What percentage of the United States population has blood type O+?,38.0,15.0
39,11,What percentage of the United States population has blood type O+?,38.0,35.0
40,11,What percentage of the United States population has blood type O+?,38.0,10.0
41,11,What percentage of the United States population has blood type O+?,38.0,4.0
42,11,What percentage of the United States population has blood type O+?,38.0,50.0
43,11,What percentage of the United States population has blood type O+?,38.0,40.0
44,11,What percentage of the United States population has blood type O+?,38.0,27.0
45,11,What percentage of the United States population has blood type O+?,38.0,70.0
46,11,What percentage of the United States population has blood type O+?,38.0,20.0
47,11,What percentage of the United States population has blood type O+?,38.0,30.0
48,11,What percentage of the United States population has blood type O+?,38.0,80.0
49,11,What percentage of the United States population has blood type O+?,38.0,40.0
50,11,What percentage of the United States population has blood type O+?,38.0,30.0
51,11,What percentage of the United States population has blood type O+?,38.0,16.0
52,11,What percentage of the United States population has blood type O+?,38.0,10.0
53,11,What percentage of the United States population has blood type O+?,38.0,11.0
54,11,What percentage of the United States population has blood type O+?,38.0,32.0
55,11,What percentage of the United States population has blood type O+?,38.0,25.0
56,11,What percentage of the United States population has blood type O+?,38.0,10.0
57,11,What percentage of the United States population has blood type O+?,38.0,34.0
58,11,What percentage of the United States population has blood type O+?,38.0,10.0
59,11,What percentage of the United States population has blood type O+?,38.0,75.0
60,11,What percentage of the United States population has blood type O+?,38.0,65.0
61,11,What percentage of the United States population has blood type O+?,38.0,15.0
62,11,What percentage of the United States population has blood type O+?,38.0,50.0
63,11,What percentage of the United States population has blood type O+?,38.0,82.0
64,11,What percentage of the United States population has blood type O+?,38.0,15.0
65,11,What percentage of the United States population has blood type O+?,38.0,5.0
66,11,What percentage of the United States population has blood type O+?,38.0,10.0
67,11,What percentage of the United States population has blood type O+?,38.0,1.0
68,11,What percentage of the United States population has blood type O+?,38.0,33.0
69,11,What percentage of the United States population has blood type O+?,38.0,1.0
70,11,What percentage of the United States population has blood type O+?,38.0,10.0
71,11,What percentage of the United States population has blood type O+?,38.0,5.0
72,11,What percentage of the United States population has blood type O+?,38.0,17.0
73,11,What percentage of the United States population has blood type O+?,38.0,40.0
74,11,What percentage of the United States population has blood type O+?,38.0,5.0
75,11,What percentage of the United States population has blood type O+?,38.0,10.0
76,11,What percentage of the United States population has blood type O+?,38.0,20.0
77,11,What percentage of the United States population has blood type O+?,38.0,10.0
78,11,What percentage of the United States population has blood type O+?,38.0,10.0
79,11,What percentage of the United States population has blood type O+?,38.0,9.0
80,11,What percentage of the United States population has blood type O+?,38.0,20.0
81,11,What percentage of the United States population has blood type O+?,38.0,12.0
82,11,What percentage of the United States population has blood type O+?,38.0,40.0
83,11,What percentage of the United States population has blood type O+?,38.0,40.0
84,11,What percentage of the United States population has blood type O+?,38.0,10.0
85,11,What percentage of the United States population has blood type O+?,38.0,10.0
86,11,What percentage of the United States population has blood type O+?,38.0,10.0
87,11,What percentage of the United States population has blood type O+?,38.0,60.0
88,11,What percentage of the United States population has blood type O+?,38.0,50.0
89,11,What percentage of the United States population has blood type O+?,38.0,15.0
90,11,What percentage of the United States population has blood type O+?,38.0,10.0
91,11,What percentage of the United States population has blood type O+?,38.0,25.0
92,11,What percentage of the United States population has blood type O+?,38.0,35.0
93,11,What percentage of the United States population has blood type O+?,38.0,5.0
94,11,What percentage of the United States population has blood type O+?,38.0,25.0
95,11,What percentage of the United States population has blood type O+?,38.0,6.0
96,11,What percentage of the United States population has blood type O+?,38.0,5.0
97,11,What percentage of the United States population has blood type O+?,38.0,75.0
98,11,What percentage of the United States population has blood type O+?,38.0,20.0
99,11,What percentage of the United States population has blood type O+?,38.0,30.0
100,11,What percentage of the United States population has blood type O+?,38.0,40.0
101,11,What percentage of the United States population has blood type O+?,38.0,30.0
102,11,What percentage of the United States population has blood type O+?,38.0,85.0
103,11,What percentage of the United States population has blood type O+?,38.0,20.0
104,11,What percentage of the United States population has blood type O+?,38.0,20.0
105,11,What percentage of the United States population has blood type O+?,38.0,40.0
106,11,What percentage of the United States population has blood type O+?,38.0,25.0
107,11,What percentage of the United States population has blood type O+?,38.0,15.0
108,11,What percentage of the United States population has blood type O+?,38.0,10.0
109,11,What percentage of the United States population has blood type O+?,38.0,5.0
110,11,What percentage of the United States population has blood type O+?,38.0,5.0
111,11,What percentage of the United States population has blood type O+?,38.0,20.0
112,11,What percentage of the United States population has blood type O+?,38.0,5.0
113,11,What percentage of the United States population has blood type O+?,38.0,30.0
114,11,What percentage of the United States population has blood type O+?,38.0,10.0
115,11,What percentage of the United States population has blood type O+?,38.0,50.0
116,11,What percentage of the United States population has blood type O+?,38.0,20.0
117,11,What percentage of the United States population has blood type O+?,38.0,5.0
118,11,What percentage of the United States population has blood type O+?,38.0,7.0
119,11,What percentage of the United States population has blood type O+?,38.0,20.0
120,11,What percentage of the United States population has blood type O+?,38.0,10.0
121,11,What percentage of the United States population has blood type O+?,38.0,50.0
122,11,What percentage of the United States population has blood type O+?,38.0,40.0
123,11,What percentage of the United States population has blood type O+?,38.0,80.0
124,11,What percentage of the United States population has blood type O+?,38.0,21.0
125,11,What percentage of the United States population has blood type O+?,38.0,30.0
126,11,What percentage of the United States population has blood type O+?,38.0,33.0
127,11,What percentage of the United States population has blood type O+?,38.0,10.0
128,11,What percentage of the United States population has blood type O+?,38.0,6.0
129,11,What percentage of the United States population has blood type O+?,38.0,30.0
130,11,What percentage of the United States population has blood type O+?,38.0,2.0
131,11,What percentage of the United States population has blood type O+?,38.0,44.0
132,11,What percentage of the United States population has blood type O+?,38.0,15.0
133,11,What percentage of the United States population has blood type O+?,38.0,80.0
134,11,What percentage of the United States population has blood type O+?,38.0,25.0
135,11,What percentage of the United States population has blood type O+?,38.0,40.0
136,11,What percentage of the United States population has blood type O+?,38.0,40.0
137,11,What percentage of the United States population has blood type O+?,38.0,50.0
138,11,What percentage of the United States population has blood type O+?,38.0,30.0
139,11,What percentage of the United States population has blood type O+?,38.0,30.0
140,11,What percentage of the United States population has blood type O+?,38.0,30.0
141,11,What percentage of the United States population has blood type O+?,38.0,27.0
142,11,What percentage of the United States population has blood type O+?,38.0,10.0
143,11,What percentage of the United States population has blood type O+?,38.0,10.0
144,11,What percentage of the United States population has blood type O+?,38.0,40.0
145,11,What percentage of the United States population has blood type O+?,38.0,40.0
1,12,What percentage of the United States population is of Native American descent?,0.97,1.0
2,12,What percentage of the United States population is of Native American descent?,0.97,15.0
3,12,What percentage of the United States population is of Native American descent?,0.97,15.0
4,12,What percentage of the United States population is of Native American descent?,0.97,1.0
5,12,What percentage of the United States population is of Native American descent?,0.97,2.0
6,12,What percentage of the United States population is of Native American descent?,0.97,20.0
7,12,What percentage of the United States population is of Native American descent?,0.97,10.0
8,12,What percentage of the United States population is of Native American descent?,0.97,5.0
9,12,What percentage of the United States population is of Native American descent?,0.97,10.0
10,12,What percentage of the United States population is of Native American descent?,0.97,5.0
11,12,What percentage of the United States population is of Native American descent?,0.97,10.0
12,12,What percentage of the United States population is of Native American descent?,0.97,2.0
13,12,What percentage of the United States population is of Native American descent?,0.97,5.0
14,12,What percentage of the United States population is of Native American descent?,0.97,10.0
15,12,What percentage of the United States population is of Native American descent?,0.97,7.0
16,12,What percentage of the United States population is of Native American descent?,0.97,22.0
17,12,What percentage of the United States population is of Native American descent?,0.97,20.0
18,12,What percentage of the United States population is of Native American descent?,0.97,54.0
19,12,What percentage of the United States population is of Native American descent?,0.97,3.0
20,12,What percentage of the United States population is of Native American descent?,0.97,10.0
21,12,What percentage of the United States population is of Native American descent?,0.97,25.0
22,12,What percentage of the United States population is of Native American descent?,0.97,1.0
23,12,What percentage of the United States population is of Native American descent?,0.97,5.0
24,12,What percentage of the United States population is of Native American descent?,0.97,2.0
25,12,What percentage of the United States population is of Native American descent?,0.97,1.0
26,12,What percentage of the United States population is of Native American descent?,0.97,1.0
27,12,What percentage of the United States population is of Native American descent?,0.97,10.0
28,12,What percentage of the United States population is of Native American descent?,0.97,5.0
29,12,What percentage of the United States population is of Native American descent?,0.97,2.0
30,12,What percentage of the United States population is of Native American descent?,0.97,2.0
31,12,What percentage of the United States population is of Native American descent?,0.97,5.0
32,12,What percentage of the United States population is of Native American descent?,0.97,5.0
33,12,What percentage of the United States population is of Native American descent?,0.97,15.0
34,12,What percentage of the United States population is of Native American descent?,0.97,10.0
35,12,What percentage of the United States population is of Native American descent?,0.97,8.0
36,12,What percentage of the United States population is of Native American descent?,0.97,70.0
37,12,What percentage of the United States population is of Native American descent?,0.97,15.0
38,12,What percentage of the United States population is of Native American descent?,0.97,15.0
39,12,What percentage of the United States population is of Native American descent?,0.97,10.0
40,12,What percentage of the United States population is of Native American descent?,0.97,10.0
41,12,What percentage of the United States population is of Native American descent?,0.97,2.0
42,12,What percentage of the United States population is of Native American descent?,0.97,20.0
43,12,What percentage of the United States population is of Native American descent?,0.97,28.0
44,12,What percentage of the United States population is of Native American descent?,0.97,2.0
45,12,What percentage of the United States population is of Native American descent?,0.97,2.0
46,12,What percentage of the United States population is of Native American descent?,0.97,5.0
47,12,What percentage of the United States population is of Native American descent?,0.97,12.0
48,12,What percentage of the United States population is of Native American descent?,0.97,20.0
49,12,What percentage of the United States population is of Native American descent?,0.97,5.0
50,12,What percentage of the United States population is of Native American descent?,0.97,1.0
51,12,What percentage of the United States population is of Native American descent?,0.97,19.0
52,12,What percentage of the United States population is of Native American descent?,0.97,20.0
53,12,What percentage of the United States population is of Native American descent?,0.97,12.0
54,12,What percentage of the United States population is of Native American descent?,0.97,15.0
55,12,What percentage of the United States population is of Native American descent?,0.97,2.0
56,12,What percentage of the United States population is of Native American descent?,0.97,15.0
57,12,What percentage of the United States population is of Native American descent?,0.97,14.0
58,12,What percentage of the United States population is of Native American descent?,0.97,5.0
59,12,What percentage of the United States population is of Native American descent?,0.97,5.0
60,12,What percentage of the United States population is of Native American descent?,0.97,10.0
61,12,What percentage of the United States population is of Native American descent?,0.97,5.0
62,12,What percentage of the United States population is of Native American descent?,0.97,7.0
63,12,What percentage of the United States population is of Native American descent?,0.97,12.0
64,12,What percentage of the United States population is of Native American descent?,0.97,8.0
65,12,What percentage of the United States population is of Native American descent?,0.97,5.0
66,12,What percentage of the United States population is of Native American descent?,0.97,5.0
67,12,What percentage of the United States population is of Native American descent?,0.97,5.0
68,12,What percentage of the United States population is of Native American descent?,0.97,3.0
69,12,What percentage of the United States population is of Native American descent?,0.97,12.0
70,12,What percentage of the United States population is of Native American descent?,0.97,10.0
71,12,What percentage of the United States population is of Native American descent?,0.97,60.0
72,12,What percentage of the United States population is of Native American descent?,0.97,5.0
73,12,What percentage of the United States population is of Native American descent?,0.97,5.0
74,12,What percentage of the United States population is of Native American descent?,0.97,5.0
75,12,What percentage of the United States population is of Native American descent?,0.97,12.0
76,12,What percentage of the United States population is of Native American descent?,0.97,10.0
77,12,What percentage of the United States population is of Native American descent?,0.97,7.0
78,12,What percentage of the United States population is of Native American descent?,0.97,5.0
79,12,What percentage of the United States population is of Native American descent?,0.97,14.0
80,12,What percentage of the United States population is of Native American descent?,0.97,15.0
81,12,What percentage of the United States population is of Native American descent?,0.97,2.0
82,12,What percentage of the United States population is of Native American descent?,0.97,7.0
83,12,What percentage of the United States population is of Native American descent?,0.97,1.0
84,12,What percentage of the United States population is of Native American descent?,0.97,12.0
85,12,What percentage of the United States population is of Native American descent?,0.97,10.0
86,12,What percentage of the United States population is of Native American descent?,0.97,10.0
87,12,What percentage of the United States population is of Native American descent?,0.97,5.0
88,12,What percentage of the United States population is of Native American descent?,0.97,10.0
89,12,What percentage of the United States population is of Native American descent?,0.97,25.0
90,12,What percentage of the United States population is of Native American descent?,0.97,10.0
91,12,What percentage of the United States population is of Native American descent?,0.97,10.0
92,12,What percentage of the United States population is of Native American descent?,0.97,27.0
93,12,What percentage of the United States population is of Native American descent?,0.97,10.0
94,12,What percentage of the United States population is of Native American descent?,0.97,10.0
95,12,What percentage of the United States population is of Native American descent?,0.97,5.0
96,12,What percentage of the United States population is of Native American descent?,0.97,35.0
97,12,What percentage of the United States population is of Native American descent?,0.97,25.0
98,12,What percentage of the United States population is of Native American descent?,0.97,42.0
99,12,What percentage of the United States population is of Native American descent?,0.97,70.0
100,12,What percentage of the United States population is of Native American descent?,0.97,27.0
101,12,What percentage of the United States population is of Native American descent?,0.97,20.0
102,12,What percentage of the United States population is of Native American descent?,0.97,18.0
103,12,What percentage of the United States population is of Native American descent?,0.97,16.0
104,12,What percentage of the United States population is of Native American descent?,0.97,1.0
105,12,What percentage of the United States population is of Native American descent?,0.97,2.0
106,12,What percentage of the United States population is of Native American descent?,0.97,5.0
107,12,What percentage of the United States population is of Native American descent?,0.97,8.0
108,12,What percentage of the United States population is of Native American descent?,0.97,5.0
109,12,What percentage of the United States population is of Native American descent?,0.97,30.0
110,12,What percentage of the United States population is of Native American descent?,0.97,20.0
111,12,What percentage of the United States population is of Native American descent?,0.97,5.0
112,12,What percentage of the United States population is of Native American descent?,0.97,3.0
113,12,What percentage of the United States population is of Native American descent?,0.97,85.0
114,12,What percentage of the United States population is of Native American descent?,0.97,38.0
115,12,What percentage of the United States population is of Native American descent?,0.97,5.0
116,12,What percentage of the United States population is of Native American descent?,0.97,4.0
117,12,What percentage of the United States population is of Native American descent?,0.97,10.0
118,12,What percentage of the United States population is of Native American descent?,0.97,3.0
119,12,What percentage of the United States population is of Native American descent?,0.97,1.0
120,12,What percentage of the United States population is of Native American descent?,0.97,30.0
121,12,What percentage of the United States population is of Native American descent?,0.97,20.0
122,12,What percentage of the United States population is of Native American descent?,0.97,3.0
123,12,What percentage of the United States population is of Native American descent?,0.97,5.0
124,12,What percentage of the United States population is of Native American descent?,0.97,5.0
125,12,What percentage of the United States population is of Native American descent?,0.97,8.0
126,12,What percentage of the United States population is of Native American descent?,0.97,15.0
127,12,What percentage of the United States population is of Native American descent?,0.97,50.0
128,12,What percentage of the United States population is of Native American descent?,0.97,20.0
129,12,What percentage of the United States population is of Native American descent?,0.97,15.0
130,12,What percentage of the United States population is of Native American descent?,0.97,6.0
131,12,What percentage of the United States population is of Native American descent?,0.97,4.0
132,12,What percentage of the United States population is of Native American descent?,0.97,2.0
133,12,What percentage of the United States population is of Native American descent?,0.97,4.0
134,12,What percentage of the United States population is of Native American descent?,0.97,3.0
135,12,What percentage of the United States population is of Native American descent?,0.97,8.0
136,12,What percentage of the United States population is of Native American descent?,0.97,7.0
137,12,What percentage of the United States population is of Native American descent?,0.97,5.0
138,12,What percentage of the United States population is of Native American descent?,0.97,5.0
139,12,What percentage of the United States population is of Native American descent?,0.97,18.0
140,12,What percentage of the United States population is of Native American descent?,0.97,25.0
141,12,What percentage of the United States population is of Native American descent?,0.97,2.0
142,12,What percentage of the United States population is of Native American descent?,0.97,30.0
143,12,What percentage of the United States population is of Native American descent?,0.97,10.0
144,12,What percentage of the United States population is of Native American descent?,0.97,3.0
145,12,What percentage of the United States population is of Native American descent?,0.97,30.0
1,13,What percentage of the 2013 congress is women?,18.7,35.0
2,13,What percentage of the 2013 congress is women?,18.7,30.0
3,13,What percentage of the 2013 congress is women?,18.7,20.0
4,13,What percentage of the 2013 congress is women?,18.7,15.0
5,13,What percentage of the 2013 congress is women?,18.7,16.0
6,13,What percentage of the 2013 congress is women?,18.7,20.0
7,13,What percentage of the 2013 congress is women?,18.7,35.0
8,13,What percentage of the 2013 congress is women?,18.7,10.0
9,13,What percentage of the 2013 congress is women?,18.7,30.0
10,13,What percentage of the 2013 congress is women?,18.7,23.0
11,13,What percentage of the 2013 congress is women?,18.7,15.0
12,13,What percentage of the 2013 congress is women?,18.7,20.0
13,13,What percentage of the 2013 congress is women?,18.7,30.0
14,13,What percentage of the 2013 congress is women?,18.7,40.0
15,13,What percentage of the 2013 congress is women?,18.7,2.0
16,13,What percentage of the 2013 congress is women?,18.7,10.0
17,13,What percentage of the 2013 congress is women?,18.7,15.0
18,13,What percentage of the 2013 congress is women?,18.7,12.0
19,13,What percentage of the 2013 congress is women?,18.7,35.0
20,13,What percentage of the 2013 congress is women?,18.7,20.0
21,13,What percentage of the 2013 congress is women?,18.7,50.0
22,13,What percentage of the 2013 congress is women?,18.7,15.0
23,13,What percentage of the 2013 congress is women?,18.7,34.0
24,13,What percentage of the 2013 congress is women?,18.7,12.0
25,13,What percentage of the 2013 congress is women?,18.7,10.0
26,13,What percentage of the 2013 congress is women?,18.7,40.0
27,13,What percentage of the 2013 congress is women?,18.7,5.0
28,13,What percentage of the 2013 congress is women?,18.7,8.0
29,13,What percentage of the 2013 congress is women?,18.7,5.0
30,13,What percentage of the 2013 congress is women?,18.7,65.0
31,13,What percentage of the 2013 congress is women?,18.7,30.0
32,13,What percentage of the 2013 congress is women?,18.7,10.0
33,13,What percentage of the 2013 congress is women?,18.7,15.0
34,13,What percentage of the 2013 congress is women?,18.7,10.0
35,13,What percentage of the 2013 congress is women?,18.7,20.0
36,13,What percentage of the 2013 congress is women?,18.7,20.0
37,13,What percentage of the 2013 congress is women?,18.7,12.0
38,13,What percentage of the 2013 congress is women?,18.7,5.0
39,13,What percentage of the 2013 congress is women?,18.7,15.0
40,13,What percentage of the 2013 congress is women?,18.7,30.0
41,13,What percentage of the 2013 congress is women?,18.7,20.0
42,13,What percentage of the 2013 congress is women?,18.7,40.0
43,13,What percentage of the 2013 congress is women?,18.7,30.0
44,13,What percentage of the 2013 congress is women?,18.7,18.0
45,13,What percentage of the 2013 congress is women?,18.7,18.0
46,13,What percentage of the 2013 congress is women?,18.7,5.0
47,13,What percentage of the 2013 congress is women?,18.7,15.0
48,13,What percentage of the 2013 congress is women?,18.7,30.0
49,13,What percentage of the 2013 congress is women?,18.7,20.0
50,13,What percentage of the 2013 congress is women?,18.7,20.0
51,13,What percentage of the 2013 congress is women?,18.7,1.0
52,13,What percentage of the 2013 congress is women?,18.7,10.0
53,13,What percentage of the 2013 congress is women?,18.7,4.0
54,13,What percentage of the 2013 congress is women?,18.7,15.0
55,13,What percentage of the 2013 congress is women?,18.7,15.0
56,13,What percentage of the 2013 congress is women?,18.7,15.0
57,13,What percentage of the 2013 congress is women?,18.7,15.0
58,13,What percentage of the 2013 congress is women?,18.7,13.0
59,13,What percentage of the 2013 congress is women?,18.7,30.0
60,13,What percentage of the 2013 congress is women?,18.7,15.0
61,13,What percentage of the 2013 congress is women?,18.7,2.0
62,13,What percentage of the 2013 congress is women?,18.7,30.0
63,13,What percentage of the 2013 congress is women?,18.7,6.0
64,13,What percentage of the 2013 congress is women?,18.7,33.0
65,13,What percentage of the 2013 congress is women?,18.7,25.0
66,13,What percentage of the 2013 congress is women?,18.7,1.0
67,13,What percentage of the 2013 congress is women?,18.7,15.0
68,13,What percentage of the 2013 congress is women?,18.7,39.0
69,13,What percentage of the 2013 congress is women?,18.7,5.0
70,13,What percentage of the 2013 congress is women?,18.7,2.0
71,13,What percentage of the 2013 congress is women?,18.7,20.0
72,13,What percentage of the 2013 congress is women?,18.7,30.0
73,13,What percentage of the 2013 congress is women?,18.7,20.0
74,13,What percentage of the 2013 congress is women?,18.7,5.0
75,13,What percentage of the 2013 congress is women?,18.7,20.0
76,13,What percentage of the 2013 congress is women?,18.7,10.0
77,13,What percentage of the 2013 congress is women?,18.7,15.0
78,13,What percentage of the 2013 congress is women?,18.7,35.0
79,13,What percentage of the 2013 congress is women?,18.7,9.0
80,13,What percentage of the 2013 congress is women?,18.7,5.0
81,13,What percentage of the 2013 congress is women?,18.7,22.0
82,13,What percentage of the 2013 congress is women?,18.7,2.0
83,13,What percentage of the 2013 congress is women?,18.7,6.0
84,13,What percentage of the 2013 congress is women?,18.7,20.0
85,13,What percentage of the 2013 congress is women?,18.7,20.0
86,13,What percentage of the 2013 congress is women?,18.7,5.0
87,13,What percentage of the 2013 congress is women?,18.7,15.0
88,13,What percentage of the 2013 congress is women?,18.7,40.0
89,13,What percentage of the 2013 congress is women?,18.7,15.0
90,13,What percentage of the 2013 congress is women?,18.7,30.0
91,13,What percentage of the 2013 congress is women?,18.7,20.0
92,13,What percentage of the 2013 congress is women?,18.7,47.0
93,13,What percentage of the 2013 congress is women?,18.7,40.0
94,13,What percentage of the 2013 congress is women?,18.7,25.0
95,13,What percentage of the 2013 congress is women?,18.7,10.0
96,13,What percentage of the 2013 congress is women?,18.7,10.0
97,13,What percentage of the 2013 congress is women?,18.7,35.0
98,13,What percentage of the 2013 congress is women?,18.7,10.0
99,13,What percentage of the 2013 congress is women?,18.7,30.0
100,13,What percentage of the 2013 congress is women?,18.7,35.0
101,13,What percentage of the 2013 congress is women?,18.7,10.0
102,13,What percentage of the 2013 congress is women?,18.7,5.0
103,13,What percentage of the 2013 congress is women?,18.7,12.0
104,13,What percentage of the 2013 congress is women?,18.7,16.0
105,13,What percentage of the 2013 congress is women?,18.7,20.0
106,13,What percentage of the 2013 congress is women?,18.7,15.0
107,13,What percentage of the 2013 congress is women?,18.7,16.0
108,13,What percentage of the 2013 congress is women?,18.7,18.0
109,13,What percentage of the 2013 congress is women?,18.7,35.0
110,13,What percentage of the 2013 congress is women?,18.7,20.0
111,13,What percentage of the 2013 congress is women?,18.7,25.0
112,13,What percentage of the 2013 congress is women?,18.7,35.0
113,13,What percentage of the 2013 congress is women?,18.7,25.0
114,13,What percentage of the 2013 congress is women?,18.7,35.0
115,13,What percentage of the 2013 congress is women?,18.7,15.0
116,13,What percentage of the 2013 congress is women?,18.7,28.0
117,13,What percentage of the 2013 congress is women?,18.7,25.0
118,13,What percentage of the 2013 congress is women?,18.7,30.0
119,13,What percentage of the 2013 congress is women?,18.7,5.0
120,13,What percentage of the 2013 congress is women?,18.7,30.0
121,13,What percentage of the 2013 congress is women?,18.7,52.0
122,13,What percentage of the 2013 congress is women?,18.7,1.0
123,13,What percentage of the 2013 congress is women?,18.7,20.0
124,13,What percentage of the 2013 congress is women?,18.7,25.0
125,13,What percentage of the 2013 congress is women?,18.7,19.0
126,13,What percentage of the 2013 congress is women?,18.7,30.0
127,13,What percentage of the 2013 congress is women?,18.7,6.0
128,13,What percentage of the 2013 congress is women?,18.7,25.0
129,13,What percentage of the 2013 congress is women?,18.7,15.0
130,13,What percentage of the 2013 congress is women?,18.7,31.0
131,13,What percentage of the 2013 congress is women?,18.7,55.0
132,13,What percentage of the 2013 congress is women?,18.7,5.0
133,13,What percentage of the 2013 congress is women?,18.7,17.0
134,13,What percentage of the 2013 congress is women?,18.7,30.0
135,13,What percentage of the 2013 congress is women?,18.7,50.0
136,13,What percentage of the 2013 congress is women?,18.7,30.0
137,13,What percentage of the 2013 congress is women?,18.7,10.0
138,13,What percentage of the 2013 congress is women?,18.7,35.0
139,13,What percentage of the 2013 congress is women?,18.7,25.0
140,13,What percentage of the 2013 congress is women?,18.7,30.0
141,13,What percentage of the 2013 congress is women?,18.7,15.0
142,13,What percentage of the 2013 congress is women?,18.7,30.0
143,13,What percentage of the 2013 congress is women?,18.7,20.0
144,13,What percentage of the 2013 congress is women?,18.7,15.0
145,13,What percentage of the 2013 congress is women?,18.7,5.0
1,14,What percentage of the United States working population work from home?,9.4,15.0
2,14,What percentage of the United States working population work from home?,9.4,20.0
3,14,What percentage of the United States working population work from home?,9.4,20.0
4,14,What percentage of the United States working population work from home?,9.4,10.0
5,14,What percentage of the United States working population work from home?,9.4,15.0
6,14,What percentage of the United States working population work from home?,9.4,15.0
7,14,What percentage of the United States working population work from home?,9.4,10.0
8,14,What percentage of the United States working population work from home?,9.4,15.0
9,14,What percentage of the United States working population work from home?,9.4,25.0
10,14,What percentage of the United States working population work from home?,9.4,12.0
11,14,What percentage of the United States working population work from home?,9.4,10.0
12,14,What percentage of the United States working population work from home?,9.4,30.0
13,14,What percentage of the United States working population work from home?,9.4,5.0
14,14,What percentage of the United States working population work from home?,9.4,25.0
15,14,What percentage of the United States working population work from home?,9.4,2.0
16,14,What percentage of the United States working population work from home?,9.4,26.0
17,14,What percentage of the United States working population work from home?,9.4,10.0
18,14,What percentage of the United States working population work from home?,9.4,20.0
19,14,What percentage of the United States working population work from home?,9.4,5.0
20,14,What percentage of the United States working population work from home?,9.4,30.0
21,14,What percentage of the United States working population work from home?,9.4,20.0
22,14,What percentage of the United States working population work from home?,9.4,10.0
23,14,What percentage of the United States working population work from home?,9.4,10.0
24,14,What percentage of the United States working population work from home?,9.4,7.0
25,14,What percentage of the United States working population work from home?,9.4,20.0
26,14,What percentage of the United States working population work from home?,9.4,10.0
27,14,What percentage of the United States working population work from home?,9.4,20.0
28,14,What percentage of the United States working population work from home?,9.4,15.0
29,14,What percentage of the United States working population work from home?,9.4,5.0
30,14,What percentage of the United States working population work from home?,9.4,20.0
31,14,What percentage of the United States working population work from home?,9.4,10.0
32,14,What percentage of the United States working population work from home?,9.4,10.0
33,14,What percentage of the United States working population work from home?,9.4,15.0
34,14,What percentage of the United States working population work from home?,9.4,60.0
35,14,What percentage of the United States working population work from home?,9.4,10.0
36,14,What percentage of the United States working population work from home?,9.4,10.0
37,14,What percentage of the United States working population work from home?,9.4,30.0
38,14,What percentage of the United States working population work from home?,9.4,10.0
39,14,What percentage of the United States working population work from home?,9.4,15.0
40,14,What percentage of the United States working population work from home?,9.4,20.0
41,14,What percentage of the United States working population work from home?,9.4,6.0
42,14,What percentage of the United States working population work from home?,9.4,5.0
43,14,What percentage of the United States working population work from home?,9.4,10.0
44,14,What percentage of the United States working population work from home?,9.4,9.0
45,14,What percentage of the United States working population work from home?,9.4,2.0
46,14,What percentage of the United States working population work from home?,9.4,25.0
47,14,What percentage of the United States working population work from home?,9.4,10.0
48,14,What percentage of the United States working population work from home?,9.4,20.0
49,14,What percentage of the United States working population work from home?,9.4,10.0
50,14,What percentage of the United States working population work from home?,9.4,15.0
51,14,What percentage of the United States working population work from home?,9.4,10.0
52,14,What percentage of the United States working population work from home?,9.4,40.0
53,14,What percentage of the United States working population work from home?,9.4,21.0
54,14,What percentage of the United States working population work from home?,9.4,12.0
55,14,What percentage of the United States working population work from home?,9.4,10.0
56,14,What percentage of the United States working population work from home?,9.4,15.0
57,14,What percentage of the United States working population work from home?,9.4,28.0
58,14,What percentage of the United States working population work from home?,9.4,15.0
59,14,What percentage of the United States working population work from home?,9.4,30.0
60,14,What percentage of the United States working population work from home?,9.4,10.0
61,14,What percentage of the United States working population work from home?,9.4,15.0
62,14,What percentage of the United States working population work from home?,9.4,20.0
63,14,What percentage of the United States working population work from home?,9.4,23.0
64,14,What percentage of the United States working population work from home?,9.4,20.0
65,14,What percentage of the United States working population work from home?,9.4,5.0
66,14,What percentage of the United States working population work from home?,9.4,10.0
67,14,What percentage of the United States working population work from home?,9.4,10.0
68,14,What percentage of the United States working population work from home?,9.4,8.0
69,14,What percentage of the United States working population work from home?,9.4,2.0
70,14,What percentage of the United States working population work from home?,9.4,13.0
71,14,What percentage of the United States working population work from home?,9.4,5.0
72,14,What percentage of the United States working population work from home?,9.4,10.0
73,14,What percentage of the United States working population work from home?,9.4,7.0
74,14,What percentage of the United States working population work from home?,9.4,7.0
75,14,What percentage of the United States working population work from home?,9.4,33.0
76,14,What percentage of the United States working population work from home?,9.4,15.0
77,14,What percentage of the United States working population work from home?,9.4,10.0
78,14,What percentage of the United States working population work from home?,9.4,15.0
79,14,What percentage of the United States working population work from home?,9.4,15.0
80,14,What percentage of the United States working population work from home?,9.4,15.0
81,14,What percentage of the United States working population work from home?,9.4,10.0
82,14,What percentage of the United States working population work from home?,9.4,3.0
83,14,What percentage of the United States working population work from home?,9.4,7.0
84,14,What percentage of the United States working population work from home?,9.4,30.0
85,14,What percentage of the United States working population work from home?,9.4,30.0
86,14,What percentage of the United States working population work from home?,9.4,5.0
87,14,What percentage of the United States working population work from home?,9.4,15.0
88,14,What percentage of the United States working population work from home?,9.4,10.0
89,14,What percentage of the United States working population work from home?,9.4,20.0
90,14,What percentage of the United States working population work from home?,9.4,10.0
91,14,What percentage of the United States working population work from home?,9.4,5.0
92,14,What percentage of the United States working population work from home?,9.4,19.0
93,14,What percentage of the United States working population work from home?,9.4,20.0
94,14,What percentage of the United States working population work from home?,9.4,10.0
95,14,What percentage of the United States working population work from home?,9.4,10.0
96,14,What percentage of the United States working population work from home?,9.4,5.0
97,14,What percentage of the United States working population work from home?,9.4,25.0
98,14,What percentage of the United States working population work from home?,9.4,20.0
99,14,What percentage of the United States working population work from home?,9.4,20.0
100,14,What percentage of the United States working population work from home?,9.4,18.0
101,14,What percentage of the United States working population work from home?,9.4,30.0
102,14,What percentage of the United States working population work from home?,9.4,7.0
103,14,What percentage of the United States working population work from home?,9.4,7.0
104,14,What percentage of the United States working population work from home?,9.4,7.0
105,14,What percentage of the United States working population work from home?,9.4,10.0
106,14,What percentage of the United States working population work from home?,9.4,15.0
107,14,What percentage of the United States working population work from home?,9.4,10.0
108,14,What percentage of the United States working population work from home?,9.4,15.0
109,14,What percentage of the United States working population work from home?,9.4,15.0
110,14,What percentage of the United States working population work from home?,9.4,39.0
111,14,What percentage of the United States working population work from home?,9.4,10.0
112,14,What percentage of the United States working population work from home?,9.4,20.0
113,14,What percentage of the United States working population work from home?,9.4,40.0
114,14,What percentage of the United States working population work from home?,9.4,25.0
115,14,What percentage of the United States working population work from home?,9.4,20.0
116,14,What percentage of the United States working population work from home?,9.4,15.0
117,14,What percentage of the United States working population work from home?,9.4,35.0
118,14,What percentage of the United States working population work from home?,9.4,8.0
119,14,What percentage of the United States working population work from home?,9.4,10.0
120,14,What percentage of the United States working population work from home?,9.4,14.0
121,14,What percentage of the United States working population work from home?,9.4,2.0
122,14,What percentage of the United States working population work from home?,9.4,15.0
123,14,What percentage of the United States working population work from home?,9.4,15.0
124,14,What percentage of the United States working population work from home?,9.4,15.0
125,14,What percentage of the United States working population work from home?,9.4,10.0
126,14,What percentage of the United States working population work from home?,9.4,5.0
127,14,What percentage of the United States working population work from home?,9.4,40.0
128,14,What percentage of the United States working population work from home?,9.4,25.0
129,14,What percentage of the United States working population work from home?,9.4,15.0
130,14,What percentage of the United States working population work from home?,9.4,20.0
131,14,What percentage of the United States working population work from home?,9.4,30.0
132,14,What percentage of the United States working population work from home?,9.4,10.0
133,14,What percentage of the United States working population work from home?,9.4,2.0
134,14,What percentage of the United States working population work from home?,9.4,10.0
135,14,What percentage of the United States working population work from home?,9.4,30.0
136,14,What percentage of the United States working population work from home?,9.4,16.0
137,14,What percentage of the United States working population work from home?,9.4,5.0
138,14,What percentage of the United States working population work from home?,9.4,5.0
139,14,What percentage of the United States working population work from home?,9.4,25.0
140,14,What percentage of the United States working population work from home?,9.4,40.0
141,14,What percentage of the United States working population work from home?,9.4,9.0
142,14,What percentage of the United States working population work from home?,9.4,30.0
143,14,What percentage of the United States working population work from home?,9.4,5.0
144,14,What percentage of the United States working population work from home?,9.4,20.0
145,14,What percentage of the United States working population work from home?,9.4,10.0
1,15,What percentage of the United States population between the ages 18 and 44 voted in the 2012 presidential election?,52.7,55.0
2,15,What percentage of the United States population between the ages 18 and 44 voted in the 2012 presidential election?,52.7,20.0
3,15,What percentage of the United States population between the ages 18 and 44 voted in the 2012 presidential election?,52.7,40.0
4,15,What percentage of the United States population between the ages 18 and 44 voted in the 2012 presidential election?,52.7,38.0
5,15,What percentage of the United States population between the ages 18 and 44 voted in the 2012 presidential election?,52.7,60.0
6,15,What percentage of the United States population between the ages 18 and 44 voted in the 2012 presidential election?,52.7,65.0
7,15,What percentage of the United States population between the ages 18 and 44 voted in the 2012 presidential election?,52.7,30.0
8,15,What percentage of the United States population between the ages 18 and 44 voted in the 2012 presidential election?,52.7,74.0
9,15,What percentage of the United States population between the ages 18 and 44 voted in the 2012 presidential election?,52.7,45.0
10,15,What percentage of the United States population between the ages 18 and 44 voted in the 2012 presidential election?,52.7,40.0
11,15,What percentage of the United States population between the ages 18 and 44 voted in the 2012 presidential election?,52.7,45.0
12,15,What percentage of the United States population between the ages 18 and 44 voted in the 2012 presidential election?,52.7,60.0
13,15,What percentage of the United States population between the ages 18 and 44 voted in the 2012 presidential election?,52.7,42.0
14,15,What percentage of the United States population between the ages 18 and 44 voted in the 2012 presidential election?,52.7,30.0
15,15,What percentage of the United States population between the ages 18 and 44 voted in the 2012 presidential election?,52.7,23.0
16,15,What percentage of the United States population between the ages 18 and 44 voted in the 2012 presidential election?,52.7,33.0
17,15,What percentage of the United States population between the ages 18 and 44 voted in the 2012 presidential election?,52.7,50.0
18,15,What percentage of the United States population between the ages 18 and 44 voted in the 2012 presidential election?,52.7,40.0
19,15,What percentage of the United States population between the ages 18 and 44 voted in the 2012 presidential election?,52.7,50.0
20,15,What percentage of the United States population between the ages 18 and 44 voted in the 2012 presidential election?,52.7,70.0
21,15,What percentage of the United States population between the ages 18 and 44 voted in the 2012 presidential election?,52.7,80.0
22,15,What percentage of the United States population between the ages 18 and 44 voted in the 2012 presidential election?,52.7,45.0
23,15,What percentage of the United States population between the ages 18 and 44 voted in the 2012 presidential election?,52.7,68.0
24,15,What percentage of the United States population between the ages 18 and 44 voted in the 2012 presidential election?,52.7,41.0
25,15,What percentage of the United States population between the ages 18 and 44 voted in the 2012 presidential election?,52.7,30.0
26,15,What percentage of the United States population between the ages 18 and 44 voted in the 2012 presidential election?,52.7,80.0
27,15,What percentage of the United States population between the ages 18 and 44 voted in the 2012 presidential election?,52.7,44.0
28,15,What percentage of the United States population between the ages 18 and 44 voted in the 2012 presidential election?,52.7,40.0
29,15,What percentage of the United States population between the ages 18 and 44 voted in the 2012 presidential election?,52.7,30.0
30,15,What percentage of the United States population between the ages 18 and 44 voted in the 2012 presidential election?,52.7,33.0
31,15,What percentage of the United States population between the ages 18 and 44 voted in the 2012 presidential election?,52.7,75.0
32,15,What percentage of the United States population between the ages 18 and 44 voted in the 2012 presidential election?,52.7,20.0
33,15,What percentage of the United States population between the ages 18 and 44 voted in the 2012 presidential election?,52.7,75.0
34,15,What percentage of the United States population between the ages 18 and 44 voted in the 2012 presidential election?,52.7,20.0
35,15,What percentage of the United States population between the ages 18 and 44 voted in the 2012 presidential election?,52.7,50.0
36,15,What percentage of the United States population between the ages 18 and 44 voted in the 2012 presidential election?,52.7,60.0
37,15,What percentage of the United States population between the ages 18 and 44 voted in the 2012 presidential election?,52.7,45.0
38,15,What percentage of the United States population between the ages 18 and 44 voted in the 2012 presidential election?,52.7,60.0
39,15,What percentage of the United States population between the ages 18 and 44 voted in the 2012 presidential election?,52.7,70.0
40,15,What percentage of the United States population between the ages 18 and 44 voted in the 2012 presidential election?,52.7,50.0
41,15,What percentage of the United States population between the ages 18 and 44 voted in the 2012 presidential election?,52.7,89.0
42,15,What percentage of the United States population between the ages 18 and 44 voted in the 2012 presidential election?,52.7,75.0
43,15,What percentage of the United States population between the ages 18 and 44 voted in the 2012 presidential election?,52.7,23.0
44,15,What percentage of the United States population between the ages 18 and 44 voted in the 2012 presidential election?,52.7,4.0
45,15,What percentage of the United States population between the ages 18 and 44 voted in the 2012 presidential election?,52.7,52.0
46,15,What percentage of the United States population between the ages 18 and 44 voted in the 2012 presidential election?,52.7,60.0
47,15,What percentage of the United States population between the ages 18 and 44 voted in the 2012 presidential election?,52.7,50.0
48,15,What percentage of the United States population between the ages 18 and 44 voted in the 2012 presidential election?,52.7,30.0
49,15,What percentage of the United States population between the ages 18 and 44 voted in the 2012 presidential election?,52.7,45.0
50,15,What percentage of the United States population between the ages 18 and 44 voted in the 2012 presidential election?,52.7,45.0
51,15,What percentage of the United States population between the ages 18 and 44 voted in the 2012 presidential election?,52.7,19.0
52,15,What percentage of the United States population between the ages 18 and 44 voted in the 2012 presidential election?,52.7,60.0
53,15,What percentage of the United States population between the ages 18 and 44 voted in the 2012 presidential election?,52.7,64.0
54,15,What percentage of the United States population between the ages 18 and 44 voted in the 2012 presidential election?,52.7,40.0
55,15,What percentage of the United States population between the ages 18 and 44 voted in the 2012 presidential election?,52.7,60.0
56,15,What percentage of the United States population between the ages 18 and 44 voted in the 2012 presidential election?,52.7,25.0
57,15,What percentage of the United States population between the ages 18 and 44 voted in the 2012 presidential election?,52.7,44.0
58,15,What percentage of the United States population between the ages 18 and 44 voted in the 2012 presidential election?,52.7,40.0
59,15,What percentage of the United States population between the ages 18 and 44 voted in the 2012 presidential election?,52.7,30.0
60,15,What percentage of the United States population between the ages 18 and 44 voted in the 2012 presidential election?,52.7,50.0
61,15,What percentage of the United States population between the ages 18 and 44 voted in the 2012 presidential election?,52.7,40.0
62,15,What percentage of the United States population between the ages 18 and 44 voted in the 2012 presidential election?,52.7,50.0
63,15,What percentage of the United States population between the ages 18 and 44 voted in the 2012 presidential election?,52.7,78.0
64,15,What percentage of the United States population between the ages 18 and 44 voted in the 2012 presidential election?,52.7,48.0
65,15,What percentage of the United States population between the ages 18 and 44 voted in the 2012 presidential election?,52.7,40.0
66,15,What percentage of the United States population between the ages 18 and 44 voted in the 2012 presidential election?,52.7,55.0
67,15,What percentage of the United States population between the ages 18 and 44 voted in the 2012 presidential election?,52.7,60.0
68,15,What percentage of the United States population between the ages 18 and 44 voted in the 2012 presidential election?,52.7,31.0
69,15,What percentage of the United States population between the ages 18 and 44 voted in the 2012 presidential election?,52.7,50.0
70,15,What percentage of the United States population between the ages 18 and 44 voted in the 2012 presidential election?,52.7,55.0
71,15,What percentage of the United States population between the ages 18 and 44 voted in the 2012 presidential election?,52.7,55.0
72,15,What percentage of the United States population between the ages 18 and 44 voted in the 2012 presidential election?,52.7,40.0
73,15,What percentage of the United States population between the ages 18 and 44 voted in the 2012 presidential election?,52.7,20.0
74,15,What percentage of the United States population between the ages 18 and 44 voted in the 2012 presidential election?,52.7,75.0
75,15,What percentage of the United States population between the ages 18 and 44 voted in the 2012 presidential election?,52.7,65.0
76,15,What percentage of the United States population between the ages 18 and 44 voted in the 2012 presidential election?,52.7,65.0
77,15,What percentage of the United States population between the ages 18 and 44 voted in the 2012 presidential election?,52.7,30.0
78,15,What percentage of the United States population between the ages 18 and 44 voted in the 2012 presidential election?,52.7,70.0
79,15,What percentage of the United States population between the ages 18 and 44 voted in the 2012 presidential election?,52.7,68.0
80,15,What percentage of the United States population between the ages 18 and 44 voted in the 2012 presidential election?,52.7,60.0
81,15,What percentage of the United States population between the ages 18 and 44 voted in the 2012 presidential election?,52.7,58.0
82,15,What percentage of the United States population between the ages 18 and 44 voted in the 2012 presidential election?,52.7,70.0
83,15,What percentage of the United States population between the ages 18 and 44 voted in the 2012 presidential election?,52.7,40.0
84,15,What percentage of the United States population between the ages 18 and 44 voted in the 2012 presidential election?,52.7,49.0
85,15,What percentage of the United States population between the ages 18 and 44 voted in the 2012 presidential election?,52.7,50.0
86,15,What percentage of the United States population between the ages 18 and 44 voted in the 2012 presidential election?,52.7,45.0
87,15,What percentage of the United States population between the ages 18 and 44 voted in the 2012 presidential election?,52.7,60.0
88,15,What percentage of the United States population between the ages 18 and 44 voted in the 2012 presidential election?,52.7,30.0
89,15,What percentage of the United States population between the ages 18 and 44 voted in the 2012 presidential election?,52.7,20.0
90,15,What percentage of the United States population between the ages 18 and 44 voted in the 2012 presidential election?,52.7,35.0
91,15,What percentage of the United States population between the ages 18 and 44 voted in the 2012 presidential election?,52.7,50.0
92,15,What percentage of the United States population between the ages 18 and 44 voted in the 2012 presidential election?,52.7,47.0
93,15,What percentage of the United States population between the ages 18 and 44 voted in the 2012 presidential election?,52.7,65.0
94,15,What percentage of the United States population between the ages 18 and 44 voted in the 2012 presidential election?,52.7,50.0
95,15,What percentage of the United States population between the ages 18 and 44 voted in the 2012 presidential election?,52.7,67.0
96,15,What percentage of the United States population between the ages 18 and 44 voted in the 2012 presidential election?,52.7,25.0
97,15,What percentage of the United States population between the ages 18 and 44 voted in the 2012 presidential election?,52.7,85.0
98,15,What percentage of the United States population between the ages 18 and 44 voted in the 2012 presidential election?,52.7,55.0
99,15,What percentage of the United States population between the ages 18 and 44 voted in the 2012 presidential election?,52.7,40.0
100,15,What percentage of the United States population between the ages 18 and 44 voted in the 2012 presidential election?,52.7,65.0
101,15,What percentage of the United States population between the ages 18 and 44 voted in the 2012 presidential election?,52.7,40.0
102,15,What percentage of the United States population between the ages 18 and 44 voted in the 2012 presidential election?,52.7,22.0
103,15,What percentage of the United States population between the ages 18 and 44 voted in the 2012 presidential election?,52.7,68.0
104,15,What percentage of the United States population between the ages 18 and 44 voted in the 2012 presidential election?,52.7,45.0
105,15,What percentage of the United States population between the ages 18 and 44 voted in the 2012 presidential election?,52.7,20.0
106,15,What percentage of the United States population between the ages 18 and 44 voted in the 2012 presidential election?,52.7,45.0
107,15,What percentage of the United States population between the ages 18 and 44 voted in the 2012 presidential election?,52.7,25.0
108,15,What percentage of the United States population between the ages 18 and 44 voted in the 2012 presidential election?,52.7,70.0
109,15,What percentage of the United States population between the ages 18 and 44 voted in the 2012 presidential election?,52.7,90.0
110,15,What percentage of the United States population between the ages 18 and 44 voted in the 2012 presidential election?,52.7,38.0
111,15,What percentage of the United States population between the ages 18 and 44 voted in the 2012 presidential election?,52.7,32.0
112,15,What percentage of the United States population between the ages 18 and 44 voted in the 2012 presidential election?,52.7,44.0
113,15,What percentage of the United States population between the ages 18 and 44 voted in the 2012 presidential election?,52.7,65.0
114,15,What percentage of the United States population between the ages 18 and 44 voted in the 2012 presidential election?,52.7,60.0
115,15,What percentage of the United States population between the ages 18 and 44 voted in the 2012 presidential election?,52.7,65.0
116,15,What percentage of the United States population between the ages 18 and 44 voted in the 2012 presidential election?,52.7,35.0
117,15,What percentage of the United States population between the ages 18 and 44 voted in the 2012 presidential election?,52.7,40.0
118,15,What percentage of the United States population between the ages 18 and 44 voted in the 2012 presidential election?,52.7,50.0
119,15,What percentage of the United States population between the ages 18 and 44 voted in the 2012 presidential election?,52.7,50.0
120,15,What percentage of the United States population between the ages 18 and 44 voted in the 2012 presidential election?,52.7,40.0
121,15,What percentage of the United States population between the ages 18 and 44 voted in the 2012 presidential election?,52.7,45.0
122,15,What percentage of the United States population between the ages 18 and 44 voted in the 2012 presidential election?,52.7,30.0
123,15,What percentage of the United States population between the ages 18 and 44 voted in the 2012 presidential election?,52.7,15.0
124,15,What percentage of the United States population between the ages 18 and 44 voted in the 2012 presidential election?,52.7,53.0
125,15,What percentage of the United States population between the ages 18 and 44 voted in the 2012 presidential election?,52.7,26.0
126,15,What percentage of the United States population between the ages 18 and 44 voted in the 2012 presidential election?,52.7,56.0
127,15,What percentage of the United States population between the ages 18 and 44 voted in the 2012 presidential election?,52.7,79.0
128,15,What percentage of the United States population between the ages 18 and 44 voted in the 2012 presidential election?,52.7,65.0
129,15,What percentage of the United States population between the ages 18 and 44 voted in the 2012 presidential election?,52.7,10.0
130,15,What percentage of the United States population between the ages 18 and 44 voted in the 2012 presidential election?,52.7,3.0
131,15,What percentage of the United States population between the ages 18 and 44 voted in the 2012 presidential election?,52.7,40.0
132,15,What percentage of the United States population between the ages 18 and 44 voted in the 2012 presidential election?,52.7,15.0
133,15,What percentage of the United States population between the ages 18 and 44 voted in the 2012 presidential election?,52.7,62.0
134,15,What percentage of the United States population between the ages 18 and 44 voted in the 2012 presidential election?,52.7,70.0
135,15,What percentage of the United States population between the ages 18 and 44 voted in the 2012 presidential election?,52.7,68.0
136,15,What percentage of the United States population between the ages 18 and 44 voted in the 2012 presidential election?,52.7,25.0
137,15,What percentage of the United States population between the ages 18 and 44 voted in the 2012 presidential election?,52.7,25.0
138,15,What percentage of the United States population between the ages 18 and 44 voted in the 2012 presidential election?,52.7,30.0
139,15,What percentage of the United States population between the ages 18 and 44 voted in the 2012 presidential election?,52.7,40.0
140,15,What percentage of the United States population between the ages 18 and 44 voted in the 2012 presidential election?,52.7,60.0
141,15,What percentage of the United States population between the ages 18 and 44 voted in the 2012 presidential election?,52.7,55.0
142,15,What percentage of the United States population between the ages 18 and 44 voted in the 2012 presidential election?,52.7,40.0
143,15,What percentage of the United States population between the ages 18 and 44 voted in the 2012 presidential election?,52.7,30.0
144,15,What percentage of the United States population between the ages 18 and 44 voted in the 2012 presidential election?,52.7,17.0
145,15,What percentage of the United States population between the ages 18 and 44 voted in the 2012 presidential election?,52.7,38.0
1,16,What percentage of the United States population is not foreign-born?,87.1,85.0
2,16,What percentage of the United States population is not foreign-born?,87.1,75.0
3,16,What percentage of the United States population is not foreign-born?,87.1,80.0
4,16,What percentage of the United States population is not foreign-born?,87.1,85.0
5,16,What percentage of the United States population is not foreign-born?,87.1,80.0
6,16,What percentage of the United States population is not foreign-born?,87.1,65.0
7,16,What percentage of the United States population is not foreign-born?,87.1,87.0
8,16,What percentage of the United States population is not foreign-born?,87.1,80.0
9,16,What percentage of the United States population is not foreign-born?,87.1,50.0
10,16,What percentage of the United States population is not foreign-born?,87.1,65.0
11,16,What percentage of the United States population is not foreign-born?,87.1,70.0
12,16,What percentage of the United States population is not foreign-born?,87.1,90.0
13,16,What percentage of the United States population is not foreign-born?,87.1,68.0
14,16,What percentage of the United States population is not foreign-born?,87.1,30.0
15,16,What percentage of the United States population is not foreign-born?,87.1,87.0
16,16,What percentage of the United States population is not foreign-born?,87.1,74.0
17,16,What percentage of the United States population is not foreign-born?,87.1,15.0
18,16,What percentage of the United States population is not foreign-born?,87.1,75.0
19,16,What percentage of the United States population is not foreign-born?,87.1,75.0
20,16,What percentage of the United States population is not foreign-born?,87.1,15.0
21,16,What percentage of the United States population is not foreign-born?,87.1,80.0
22,16,What percentage of the United States population is not foreign-born?,87.1,60.0
23,16,What percentage of the United States population is not foreign-born?,87.1,70.0
24,16,What percentage of the United States population is not foreign-born?,87.1,74.0
25,16,What percentage of the United States population is not foreign-born?,87.1,75.0
26,16,What percentage of the United States population is not foreign-born?,87.1,80.0
27,16,What percentage of the United States population is not foreign-born?,87.1,0.0
28,16,What percentage of the United States population is not foreign-born?,87.1,70.0
29,16,What percentage of the United States population is not foreign-born?,87.1,23.0
30,16,What percentage of the United States population is not foreign-born?,87.1,70.0
31,16,What percentage of the United States population is not foreign-born?,87.1,70.0
32,16,What percentage of the United States population is not foreign-born?,87.1,60.0
33,16,What percentage of the United States population is not foreign-born?,87.1,70.0
34,16,What percentage of the United States population is not foreign-born?,87.1,50.0
35,16,What percentage of the United States population is not foreign-born?,87.1,89.0
36,16,What percentage of the United States population is not foreign-born?,87.1,85.0
37,16,What percentage of the United States population is not foreign-born?,87.1,70.0
38,16,What percentage of the United States population is not foreign-born?,87.1,65.0
39,16,What percentage of the United States population is not foreign-born?,87.1,70.0
40,16,What percentage of the United States population is not foreign-born?,87.1,70.0
41,16,What percentage of the United States population is not foreign-born?,87.1,75.0
42,16,What percentage of the United States population is not foreign-born?,87.1,60.0
43,16,What percentage of the United States population is not foreign-born?,87.1,13.0
44,16,What percentage of the United States population is not foreign-born?,87.1,78.0
45,16,What percentage of the United States population is not foreign-born?,87.1,80.0
46,16,What percentage of the United States population is not foreign-born?,87.1,85.0
47,16,What percentage of the United States population is not foreign-born?,87.1,75.0
48,16,What percentage of the United States population is not foreign-born?,87.1,80.0
49,16,What percentage of the United States population is not foreign-born?,87.1,75.0
50,16,What percentage of the United States population is not foreign-born?,87.1,75.0
51,16,What percentage of the United States population is not foreign-born?,87.1,10.0
52,16,What percentage of the United States population is not foreign-born?,87.1,50.0
53,16,What percentage of the United States population is not foreign-born?,87.1,65.0
54,16,What percentage of the United States population is not foreign-born?,87.1,85.0
55,16,What percentage of the United States population is not foreign-born?,87.1,55.0
56,16,What percentage of the United States population is not foreign-born?,87.1,40.0
57,16,What percentage of the United States population is not foreign-born?,87.1,20.0
58,16,What percentage of the United States population is not foreign-born?,87.1,90.0
59,16,What percentage of the United States population is not foreign-born?,87.1,30.0
60,16,What percentage of the United States population is not foreign-born?,87.1,20.0
61,16,What percentage of the United States population is not foreign-born?,87.1,10.0
62,16,What percentage of the United States population is not foreign-born?,87.1,70.0
63,16,What percentage of the United States population is not foreign-born?,87.1,58.0
64,16,What percentage of the United States population is not foreign-born?,87.1,90.0
65,16,What percentage of the United States population is not foreign-born?,87.1,30.0
66,16,What percentage of the United States population is not foreign-born?,87.1,90.0
67,16,What percentage of the United States population is not foreign-born?,87.1,25.0
68,16,What percentage of the United States population is not foreign-born?,87.1,67.0
69,16,What percentage of the United States population is not foreign-born?,87.1,40.0
70,16,What percentage of the United States population is not foreign-born?,87.1,39.0
71,16,What percentage of the United States population is not foreign-born?,87.1,85.0
72,16,What percentage of the United States population is not foreign-born?,87.1,90.0
73,16,What percentage of the United States population is not foreign-born?,87.1,43.0
74,16,What percentage of the United States population is not foreign-born?,87.1,65.0
75,16,What percentage of the United States population is not foreign-born?,87.1,35.0
76,16,What percentage of the United States population is not foreign-born?,87.1,70.0
77,16,What percentage of the United States population is not foreign-born?,87.1,80.0
78,16,What percentage of the United States population is not foreign-born?,87.1,90.0
79,16,What percentage of the United States population is not foreign-born?,87.1,70.0
80,16,What percentage of the United States population is not foreign-born?,87.1,80.0
81,16,What percentage of the United States population is not foreign-born?,87.1,67.0
82,16,What percentage of the United States population is not foreign-born?,87.1,70.0
83,16,What percentage of the United States population is not foreign-born?,87.1,80.0
84,16,What percentage of the United States population is not foreign-born?,87.1,85.0
85,16,What percentage of the United States population is not foreign-born?,87.1,80.0
86,16,What percentage of the United States population is not foreign-born?,87.1,35.0
87,16,What percentage of the United States population is not foreign-born?,87.1,65.0
88,16,What percentage of the United States population is not foreign-born?,87.1,10.0
89,16,What percentage of the United States population is not foreign-born?,87.1,15.0
90,16,What percentage of the United States population is not foreign-born?,87.1,75.0
91,16,What percentage of the United States population is not foreign-born?,87.1,60.0
92,16,What percentage of the United States population is not foreign-born?,87.1,60.0
93,16,What percentage of the United States population is not foreign-born?,87.1,50.0
94,16,What percentage of the United States population is not foreign-born?,87.1,25.0
95,16,What percentage of the United States population is not foreign-born?,87.1,75.0
96,16,What percentage of the United States population is not foreign-born?,87.1,50.0
97,16,What percentage of the United States population is not foreign-born?,87.1,80.0
98,16,What percentage of the United States population is not foreign-born?,87.1,80.0
99,16,What percentage of the United States population is not foreign-born?,87.1,75.0
100,16,What percentage of the United States population is not foreign-born?,87.1,70.0
101,16,What percentage of the United States population is not foreign-born?,87.1,20.0
102,16,What percentage of the United States population is not foreign-born?,87.1,90.0
103,16,What percentage of the United States population is not foreign-born?,87.1,80.0
104,16,What percentage of the United States population is not foreign-born?,87.1,79.0
105,16,What percentage of the United States population is not foreign-born?,87.1,95.0
106,16,What percentage of the United States population is not foreign-born?,87.1,80.0
107,16,What percentage of the United States population is not foreign-born?,87.1,76.0
108,16,What percentage of the United States population is not foreign-born?,87.1,90.0
109,16,What percentage of the United States population is not foreign-born?,87.1,80.0
110,16,What percentage of the United States population is not foreign-born?,87.1,40.0
111,16,What percentage of the United States population is not foreign-born?,87.1,95.0
112,16,What percentage of the United States population is not foreign-born?,87.1,80.0
113,16,What percentage of the United States population is not foreign-born?,87.1,60.0
114,16,What percentage of the United States population is not foreign-born?,87.1,25.0
115,16,What percentage of the United States population is not foreign-born?,87.1,60.0
116,16,What percentage of the United States population is not foreign-born?,87.1,80.0
117,16,What percentage of the United States population is not foreign-born?,87.1,12.0
118,16,What percentage of the United States population is not foreign-born?,87.1,70.0
119,16,What percentage of the United States population is not foreign-born?,87.1,90.0
120,16,What percentage of the United States population is not foreign-born?,87.1,20.0
121,16,What percentage of the United States population is not foreign-born?,87.1,80.0
122,16,What percentage of the United States population is not foreign-born?,87.1,70.0
123,16,What percentage of the United States population is not foreign-born?,87.1,85.0
124,16,What percentage of the United States population is not foreign-born?,87.1,85.0
125,16,What percentage of the United States population is not foreign-born?,87.1,70.0
126,16,What percentage of the United States population is not foreign-born?,87.1,85.0
127,16,What percentage of the United States population is not foreign-born?,87.1,69.0
128,16,What percentage of the United States population is not foreign-born?,87.1,28.0
129,16,What percentage of the United States population is not foreign-born?,87.1,65.0
130,16,What percentage of the United States population is not foreign-born?,87.1,75.0
131,16,What percentage of the United States population is not foreign-born?,87.1,40.0
132,16,What percentage of the United States population is not foreign-born?,87.1,99.0
133,16,What percentage of the United States population is not foreign-born?,87.1,98.0
134,16,What percentage of the United States population is not foreign-born?,87.1,80.0
135,16,What percentage of the United States population is not foreign-born?,87.1,65.0
136,16,What percentage of the United States population is not foreign-born?,87.1,60.0
137,16,What percentage of the United States population is not foreign-born?,87.1,60.0
138,16,What percentage of the United States population is not foreign-born?,87.1,80.0
139,16,What percentage of the United States population is not foreign-born?,87.1,67.0
140,16,What percentage of the United States population is not foreign-born?,87.1,50.0
141,16,What percentage of the United States population is not foreign-born?,87.1,88.0
142,16,What percentage of the United States population is not foreign-born?,87.1,80.0
143,16,What percentage of the United States population is not foreign-born?,87.1,60.0
144,16,What percentage of the United States population is not foreign-born?,87.1,38.0
145,16,What percentage of the United States population is not foreign-born?,87.1,40.0
1,17,What percentage of the world's population over 65 years of age is women?,55.6,54.0
2,17,What percentage of the world's population over 65 years of age is women?,55.6,30.0
3,17,What percentage of the world's population over 65 years of age is women?,55.6,60.0
4,17,What percentage of the world's population over 65 years of age is women?,55.6,55.0
5,17,What percentage of the world's population over 65 years of age is women?,55.6,52.0
6,17,What percentage of the world's population over 65 years of age is women?,55.6,89.0
7,17,What percentage of the world's population over 65 years of age is women?,55.6,18.0
8,17,What percentage of the world's population over 65 years of age is women?,55.6,60.0
9,17,What percentage of the world's population over 65 years of age is women?,55.6,50.0
10,17,What percentage of the world's population over 65 years of age is women?,55.6,75.0
11,17,What percentage of the world's population over 65 years of age is women?,55.6,70.0
12,17,What percentage of the world's population over 65 years of age is women?,55.6,65.0
13,17,What percentage of the world's population over 65 years of age is women?,55.6,70.0
14,17,What percentage of the world's population over 65 years of age is women?,55.6,60.0
15,17,What percentage of the world's population over 65 years of age is women?,55.6,67.0
16,17,What percentage of the world's population over 65 years of age is women?,55.6,13.0
17,17,What percentage of the world's population over 65 years of age is women?,55.6,15.0
18,17,What percentage of the world's population over 65 years of age is women?,55.6,65.0
19,17,What percentage of the world's population over 65 years of age is women?,55.6,70.0
20,17,What percentage of the world's population over 65 years of age is women?,55.6,75.0
21,17,What percentage of the world's population over 65 years of age is women?,55.6,50.0
22,17,What percentage of the world's population over 65 years of age is women?,55.6,60.0
23,17,What percentage of the world's population over 65 years of age is women?,55.6,68.0
24,17,What percentage of the world's population over 65 years of age is women?,55.6,65.0
25,17,What percentage of the world's population over 65 years of age is women?,55.6,3.0
26,17,What percentage of the world's population over 65 years of age is women?,55.6,12.0
27,17,What percentage of the world's population over 65 years of age is women?,55.6,13.0
28,17,What percentage of the world's population over 65 years of age is women?,55.6,18.0
29,17,What percentage of the world's population over 65 years of age is women?,55.6,80.0
30,17,What percentage of the world's population over 65 years of age is women?,55.6,50.0
31,17,What percentage of the world's population over 65 years of age is women?,55.6,50.0
32,17,What percentage of the world's population over 65 years of age is women?,55.6,70.0
33,17,What percentage of the world's population over 65 years of age is women?,55.6,60.0
34,17,What percentage of the world's population over 65 years of age is women?,55.6,15.0
35,17,What percentage of the world's population over 65 years of age is women?,55.6,65.0
36,17,What percentage of the world's population over 65 years of age is women?,55.6,60.0
37,17,What percentage of the world's population over 65 years of age is women?,55.6,60.0
38,17,What percentage of the world's population over 65 years of age is women?,55.6,35.0
39,17,What percentage of the world's population over 65 years of age is women?,55.6,35.0
40,17,What percentage of the world's population over 65 years of age is women?,55.6,60.0
41,17,What percentage of the world's population over 65 years of age is women?,55.6,80.0
42,17,What percentage of the world's population over 65 years of age is women?,55.6,70.0
43,17,What percentage of the world's population over 65 years of age is women?,55.6,52.0
44,17,What percentage of the world's population over 65 years of age is women?,55.6,63.0
45,17,What percentage of the world's population over 65 years of age is women?,55.6,65.0
46,17,What percentage of the world's population over 65 years of age is women?,55.6,24.0
47,17,What percentage of the world's population over 65 years of age is women?,55.6,70.0
48,17,What percentage of the world's population over 65 years of age is women?,55.6,15.0
49,17,What percentage of the world's population over 65 years of age is women?,55.6,60.0
50,17,What percentage of the world's population over 65 years of age is women?,55.6,80.0
51,17,What percentage of the world's population over 65 years of age is women?,55.6,7.0
52,17,What percentage of the world's population over 65 years of age is women?,55.6,30.0
53,17,What percentage of the world's population over 65 years of age is women?,55.6,21.0
54,17,What percentage of the world's population over 65 years of age is women?,55.6,55.0
55,17,What percentage of the world's population over 65 years of age is women?,55.6,60.0
56,17,What percentage of the world's population over 65 years of age is women?,55.6,70.0
57,17,What percentage of the world's population over 65 years of age is women?,55.6,17.0
58,17,What percentage of the world's population over 65 years of age is women?,55.6,70.0
59,17,What percentage of the world's population over 65 years of age is women?,55.6,80.0
60,17,What percentage of the world's population over 65 years of age is women?,55.6,10.0
61,17,What percentage of the world's population over 65 years of age is women?,55.6,20.0
62,17,What percentage of the world's population over 65 years of age is women?,55.6,80.0
63,17,What percentage of the world's population over 65 years of age is women?,55.6,15.0
64,17,What percentage of the world's population over 65 years of age is women?,55.6,65.0
65,17,What percentage of the world's population over 65 years of age is women?,55.6,60.0
66,17,What percentage of the world's population over 65 years of age is women?,55.6,70.0
67,17,What percentage of the world's population over 65 years of age is women?,55.6,5.0
68,17,What percentage of the world's population over 65 years of age is women?,55.6,60.0
69,17,What percentage of the world's population over 65 years of age is women?,55.6,15.0
70,17,What percentage of the world's population over 65 years of age is women?,55.6,20.0
71,17,What percentage of the world's population over 65 years of age is women?,55.6,65.0
72,17,What percentage of the world's population over 65 years of age is women?,55.6,60.0
73,17,What percentage of the world's population over 65 years of age is women?,55.6,60.0
74,17,What percentage of the world's population over 65 years of age is women?,55.6,30.0
75,17,What percentage of the world's population over 65 years of age is women?,55.6,35.0
76,17,What percentage of the world's population over 65 years of age is women?,55.6,60.0
77,17,What percentage of the world's population over 65 years of age is women?,55.6,60.0
78,17,What percentage of the world's population over 65 years of age is women?,55.6,65.0
79,17,What percentage of the world's population over 65 years of age is women?,55.6,80.0
80,17,What percentage of the world's population over 65 years of age is women?,55.6,18.0
81,17,What percentage of the world's population over 65 years of age is women?,55.6,65.0
82,17,What percentage of the world's population over 65 years of age is women?,55.6,70.0
83,17,What percentage of the world's population over 65 years of age is women?,55.6,70.0
84,17,What percentage of the world's population over 65 years of age is women?,55.6,30.0
85,17,What percentage of the world's population over 65 years of age is women?,55.6,50.0
86,17,What percentage of the world's population over 65 years of age is women?,55.6,6.0
87,17,What percentage of the world's population over 65 years of age is women?,55.6,65.0
88,17,What percentage of the world's population over 65 years of age is women?,55.6,15.0
89,17,What percentage of the world's population over 65 years of age is women?,55.6,20.0
90,17,What percentage of the world's population over 65 years of age is women?,55.6,50.0
91,17,What percentage of the world's population over 65 years of age is women?,55.6,20.0
92,17,What percentage of the world's population over 65 years of age is women?,55.6,39.0
93,17,What percentage of the world's population over 65 years of age is women?,55.6,50.0
94,17,What percentage of the world's population over 65 years of age is women?,55.6,70.0
95,17,What percentage of the world's population over 65 years of age is women?,55.6,70.0
96,17,What percentage of the world's population over 65 years of age is women?,55.6,45.0
97,17,What percentage of the world's population over 65 years of age is women?,55.6,25.0
98,17,What percentage of the world's population over 65 years of age is women?,55.6,7.0
99,17,What percentage of the world's population over 65 years of age is women?,55.6,5.0
100,17,What percentage of the world's population over 65 years of age is women?,55.6,60.0
101,17,What percentage of the world's population over 65 years of age is women?,55.6,60.0
102,17,What percentage of the world's population over 65 years of age is women?,55.6,75.0
103,17,What percentage of the world's population over 65 years of age is women?,55.6,60.0
104,17,What percentage of the world's population over 65 years of age is women?,55.6,62.0
105,17,What percentage of the world's population over 65 years of age is women?,55.6,70.0
106,17,What percentage of the world's population over 65 years of age is women?,55.6,80.0
107,17,What percentage of the world's population over 65 years of age is women?,55.6,56.0
108,17,What percentage of the world's population over 65 years of age is women?,55.6,75.0
109,17,What percentage of the world's population over 65 years of age is women?,55.6,30.0
110,17,What percentage of the world's population over 65 years of age is women?,55.6,78.0
111,17,What percentage of the world's population over 65 years of age is women?,55.6,60.0
112,17,What percentage of the world's population over 65 years of age is women?,55.6,60.0
113,17,What percentage of the world's population over 65 years of age is women?,55.6,40.0
114,17,What percentage of the world's population over 65 years of age is women?,55.6,10.0
115,17,What percentage of the world's population over 65 years of age is women?,55.6,60.0
116,17,What percentage of the world's population over 65 years of age is women?,55.6,70.0
117,17,What percentage of the world's population over 65 years of age is women?,55.6,20.0
118,17,What percentage of the world's population over 65 years of age is women?,55.6,65.0
119,17,What percentage of the world's population over 65 years of age is women?,55.6,51.0
120,17,What percentage of the world's population over 65 years of age is women?,55.6,9.0
121,17,What percentage of the world's population over 65 years of age is women?,55.6,68.0
122,17,What percentage of the world's population over 65 years of age is women?,55.6,75.0
123,17,What percentage of the world's population over 65 years of age is women?,55.6,75.0
124,17,What percentage of the world's population over 65 years of age is women?,55.6,85.0
125,17,What percentage of the world's population over 65 years of age is women?,55.6,57.0
126,17,What percentage of the world's population over 65 years of age is women?,55.6,70.0
127,17,What percentage of the world's population over 65 years of age is women?,55.6,14.0
128,17,What percentage of the world's population over 65 years of age is women?,55.6,62.0
129,17,What percentage of the world's population over 65 years of age is women?,55.6,70.0
130,17,What percentage of the world's population over 65 years of age is women?,55.6,10.0
131,17,What percentage of the world's population over 65 years of age is women?,55.6,70.0
132,17,What percentage of the world's population over 65 years of age is women?,55.6,50.0
133,17,What percentage of the world's population over 65 years of age is women?,55.6,75.0
134,17,What percentage of the world's population over 65 years of age is women?,55.6,65.0
135,17,What percentage of the world's population over 65 years of age is women?,55.6,68.0
136,17,What percentage of the world's population over 65 years of age is women?,55.6,15.0
137,17,What percentage of the world's population over 65 years of age is women?,55.6,60.0
138,17,What percentage of the world's population over 65 years of age is women?,55.6,70.0
139,17,What percentage of the world's population over 65 years of age is women?,55.6,25.0
140,17,What percentage of the world's population over 65 years of age is women?,55.6,30.0
141,17,What percentage of the world's population over 65 years of age is women?,55.6,66.0
142,17,What percentage of the world's population over 65 years of age is women?,55.6,30.0
143,17,What percentage of the world's population over 65 years of age is women?,55.6,62.0
144,17,What percentage of the world's population over 65 years of age is women?,55.6,20.0
145,17,What percentage of the world's population over 65 years of age is women?,55.6,15.0
1,18,What percentage of United States households own a pet?,62.0,55.0
2,18,What percentage of United States households own a pet?,62.0,30.0
3,18,What percentage of United States households own a pet?,62.0,70.0
4,18,What percentage of United States households own a pet?,62.0,35.0
5,18,What percentage of United States households own a pet?,62.0,65.0
6,18,What percentage of United States households own a pet?,62.0,65.0
7,18,What percentage of United States households own a pet?,62.0,40.0
8,18,What percentage of United States households own a pet?,62.0,76.0
9,18,What percentage of United States households own a pet?,62.0,25.0
10,18,What percentage of United States households own a pet?,62.0,60.0
11,18,What percentage of United States households own a pet?,62.0,70.0
12,18,What percentage of United States households own a pet?,62.0,20.0
13,18,What percentage of United States households own a pet?,62.0,40.0
14,18,What percentage of United States households own a pet?,62.0,70.0
15,18,What percentage of United States households own a pet?,62.0,65.0
16,18,What percentage of United States households own a pet?,62.0,87.0
17,18,What percentage of United States households own a pet?,62.0,50.0
18,18,What percentage of United States households own a pet?,62.0,68.0
19,18,What percentage of United States households own a pet?,62.0,60.0
20,18,What percentage of United States households own a pet?,62.0,50.0
21,18,What percentage of United States households own a pet?,62.0,70.0
22,18,What percentage of United States households own a pet?,62.0,80.0
23,18,What percentage of United States households own a pet?,62.0,40.0
24,18,What percentage of United States households own a pet?,62.0,44.0
25,18,What percentage of United States households own a pet?,62.0,25.0
26,18,What percentage of United States households own a pet?,62.0,10.0
27,18,What percentage of United States households own a pet?,62.0,80.0
28,18,What percentage of United States households own a pet?,62.0,30.0
29,18,What percentage of United States households own a pet?,62.0,60.0
30,18,What percentage of United States households own a pet?,62.0,50.0
31,18,What percentage of United States households own a pet?,62.0,60.0
32,18,What percentage of United States households own a pet?,62.0,85.0
33,18,What percentage of United States households own a pet?,62.0,65.0
34,18,What percentage of United States households own a pet?,62.0,25.0
35,18,What percentage of United States households own a pet?,62.0,60.0
36,18,What percentage of United States households own a pet?,62.0,50.0
37,18,What percentage of United States households own a pet?,62.0,60.0
38,18,What percentage of United States households own a pet?,62.0,60.0
39,18,What percentage of United States households own a pet?,62.0,60.0
40,18,What percentage of United States households own a pet?,62.0,20.0
41,18,What percentage of United States households own a pet?,62.0,65.0
42,18,What percentage of United States households own a pet?,62.0,60.0
43,18,What percentage of United States households own a pet?,62.0,62.0
44,18,What percentage of United States households own a pet?,62.0,39.0
45,18,What percentage of United States households own a pet?,62.0,58.0
46,18,What percentage of United States households own a pet?,62.0,45.0
47,18,What percentage of United States households own a pet?,62.0,60.0
48,18,What percentage of United States households own a pet?,62.0,50.0
49,18,What percentage of United States households own a pet?,62.0,85.0
50,18,What percentage of United States households own a pet?,62.0,35.0
51,18,What percentage of United States households own a pet?,62.0,60.0
52,18,What percentage of United States households own a pet?,62.0,75.0
53,18,What percentage of United States households own a pet?,62.0,77.0
54,18,What percentage of United States households own a pet?,62.0,50.0
55,18,What percentage of United States households own a pet?,62.0,60.0
56,18,What percentage of United States households own a pet?,62.0,25.0
57,18,What percentage of United States households own a pet?,62.0,43.0
58,18,What percentage of United States households own a pet?,62.0,70.0
59,18,What percentage of United States households own a pet?,62.0,60.0
60,18,What percentage of United States households own a pet?,62.0,40.0
61,18,What percentage of United States households own a pet?,62.0,20.0
62,18,What percentage of United States households own a pet?,62.0,79.0
63,18,What percentage of United States households own a pet?,62.0,50.0
64,18,What percentage of United States households own a pet?,62.0,80.0
65,18,What percentage of United States households own a pet?,62.0,85.0
66,18,What percentage of United States households own a pet?,62.0,40.0
67,18,What percentage of United States households own a pet?,62.0,45.0
68,18,What percentage of United States households own a pet?,62.0,62.0
69,18,What percentage of United States households own a pet?,62.0,80.0
70,18,What percentage of United States households own a pet?,62.0,30.0
71,18,What percentage of United States households own a pet?,62.0,45.0
72,18,What percentage of United States households own a pet?,62.0,80.0
73,18,What percentage of United States households own a pet?,62.0,40.0
74,18,What percentage of United States households own a pet?,62.0,65.0
75,18,What percentage of United States households own a pet?,62.0,40.0
76,18,What percentage of United States households own a pet?,62.0,65.0
77,18,What percentage of United States households own a pet?,62.0,65.0
78,18,What percentage of United States households own a pet?,62.0,65.0
79,18,What percentage of United States households own a pet?,62.0,60.0
80,18,What percentage of United States households own a pet?,62.0,45.0
81,18,What percentage of United States households own a pet?,62.0,74.0
82,18,What percentage of United States households own a pet?,62.0,20.0
83,18,What percentage of United States households own a pet?,62.0,40.0
84,18,What percentage of United States households own a pet?,62.0,70.0
85,18,What percentage of United States households own a pet?,62.0,60.0
86,18,What percentage of United States households own a pet?,62.0,60.0
87,18,What percentage of United States households own a pet?,62.0,35.0
88,18,What percentage of United States households own a pet?,62.0,10.0
89,18,What percentage of United States households own a pet?,62.0,15.0
90,18,What percentage of United States households own a pet?,62.0,40.0
91,18,What percentage of United States households own a pet?,62.0,45.0
92,18,What percentage of United States households own a pet?,62.0,65.0
93,18,What percentage of United States households own a pet?,62.0,80.0
94,18,What percentage of United States households own a pet?,62.0,70.0
95,18,What percentage of United States households own a pet?,62.0,70.0
96,18,What percentage of United States households own a pet?,62.0,65.0
97,18,What percentage of United States households own a pet?,62.0,70.0
98,18,What percentage of United States households own a pet?,62.0,50.0
99,18,What percentage of United States households own a pet?,62.0,60.0
100,18,What percentage of United States households own a pet?,62.0,42.0
101,18,What percentage of United States households own a pet?,62.0,60.0
102,18,What percentage of United States households own a pet?,62.0,75.0
103,18,What percentage of United States households own a pet?,62.0,72.0
104,18,What percentage of United States households own a pet?,62.0,50.0
105,18,What percentage of United States households own a pet?,62.0,20.0
106,18,What percentage of United States households own a pet?,62.0,60.0
107,18,What percentage of United States households own a pet?,62.0,44.0
108,18,What percentage of United States households own a pet?,62.0,80.0
109,18,What percentage of United States households own a pet?,62.0,95.0
110,18,What percentage of United States households own a pet?,62.0,85.0
111,18,What percentage of United States households own a pet?,62.0,70.0
112,18,What percentage of United States households own a pet?,62.0,60.0
113,18,What percentage of United States households own a pet?,62.0,80.0
114,18,What percentage of United States households own a pet?,62.0,60.0
115,18,What percentage of United States households own a pet?,62.0,35.0
116,18,What percentage of United States households own a pet?,62.0,60.0
117,18,What percentage of United States households own a pet?,62.0,75.0
118,18,What percentage of United States households own a pet?,62.0,80.0
119,18,What percentage of United States households own a pet?,62.0,55.0
120,18,What percentage of United States households own a pet?,62.0,68.0
121,18,What percentage of United States households own a pet?,62.0,50.0
122,18,What percentage of United States households own a pet?,62.0,56.0
123,18,What percentage of United States households own a pet?,62.0,60.0
124,18,What percentage of United States households own a pet?,62.0,65.0
125,18,What percentage of United States households own a pet?,62.0,40.0
126,18,What percentage of United States households own a pet?,62.0,90.0
127,18,What percentage of United States households own a pet?,62.0,85.0
128,18,What percentage of United States households own a pet?,62.0,88.0
129,18,What percentage of United States households own a pet?,62.0,50.0
130,18,What percentage of United States households own a pet?,62.0,50.0
131,18,What percentage of United States households own a pet?,62.0,60.0
132,18,What percentage of United States households own a pet?,62.0,70.0
133,18,What percentage of United States households own a pet?,62.0,50.0
134,18,What percentage of United States households own a pet?,62.0,60.0
135,18,What percentage of United States households own a pet?,62.0,50.0
136,18,What percentage of United States households own a pet?,62.0,50.0
137,18,What percentage of United States households own a pet?,62.0,40.0
138,18,What percentage of United States households own a pet?,62.0,60.0
139,18,What percentage of United States households own a pet?,62.0,50.0
140,18,What percentage of United States households own a pet?,62.0,50.0
141,18,What percentage of United States households own a pet?,62.0,69.0
142,18,What percentage of United States households own a pet?,62.0,70.0
143,18,What percentage of United States households own a pet?,62.0,80.0
144,18,What percentage of United States households own a pet?,62.0,85.0
145,18,What percentage of United States households own a pet?,62.0,75.0
1,19,What percentage of the world's countries are located in North America?,11.9,3.0
2,19,What percentage of the world's countries are located in North America?,11.9,10.0
3,19,What percentage of the world's countries are located in North America?,11.9,2.0
4,19,What percentage of the world's countries are located in North America?,11.9,1.0
5,19,What percentage of the world's countries are located in North America?,11.9,5.0
6,19,What percentage of the world's countries are located in North America?,11.9,40.0
7,19,What percentage of the world's countries are located in North America?,11.9,5.0
8,19,What percentage of the world's countries are located in North America?,11.9,2.0
9,19,What percentage of the world's countries are located in North America?,11.9,25.0
10,19,What percentage of the world's countries are located in North America?,11.9,1.0
11,19,What percentage of the world's countries are located in North America?,11.9,2.0
12,19,What percentage of the world's countries are located in North America?,11.9,5.0
13,19,What percentage of the world's countries are located in North America?,11.9,3.0
14,19,What percentage of the world's countries are located in North America?,11.9,1.0
15,19,What percentage of the world's countries are located in North America?,11.9,9.0
16,19,What percentage of the world's countries are located in North America?,11.9,4.0
17,19,What percentage of the world's countries are located in North America?,11.9,2.0
18,19,What percentage of the world's countries are located in North America?,11.9,7.0
19,19,What percentage of the world's countries are located in North America?,11.9,3.0
20,19,What percentage of the world's countries are located in North America?,11.9,20.0
21,19,What percentage of the world's countries are located in North America?,11.9,30.0
22,19,What percentage of the world's countries are located in North America?,11.9,1.0
23,19,What percentage of the world's countries are located in North America?,11.9,1.0
24,19,What percentage of the world's countries are located in North America?,11.9,9.0
25,19,What percentage of the world's countries are located in North America?,11.9,1.0
26,19,What percentage of the world's countries are located in North America?,11.9,5.0
27,19,What percentage of the world's countries are located in North America?,11.9,2.0
28,19,What percentage of the world's countries are located in North America?,11.9,6.0
29,19,What percentage of the world's countries are located in North America?,11.9,8.0
30,19,What percentage of the world's countries are located in North America?,11.9,1.0
31,19,What percentage of the world's countries are located in North America?,11.9,25.0
32,19,What percentage of the world's countries are located in North America?,11.9,30.0
33,19,What percentage of the world's countries are located in North America?,11.9,30.0
34,19,What percentage of the world's countries are located in North America?,11.9,3.0
35,19,What percentage of the world's countries are located in North America?,11.9,2.0
36,19,What percentage of the world's countries are located in North America?,11.9,1.0
37,19,What percentage of the world's countries are located in North America?,11.9,5.0
38,19,What percentage of the world's countries are located in North America?,11.9,1.0
39,19,What percentage of the world's countries are located in North America?,11.9,1.0
40,19,What percentage of the world's countries are located in North America?,11.9,2.0
41,19,What percentage of the world's countries are located in North America?,11.9,3.0
42,19,What percentage of the world's countries are located in North America?,11.9,2.0
43,19,What percentage of the world's countries are located in North America?,11.9,12.0
44,19,What percentage of the world's countries are located in North America?,11.9,1.0
45,19,What percentage of the world's countries are located in North America?,11.9,1.0
46,19,What percentage of the world's countries are located in North America?,11.9,3.0
47,19,What percentage of the world's countries are located in North America?,11.9,2.0
48,19,What percentage of the world's countries are located in North America?,11.9,5.0
49,19,What percentage of the world's countries are located in North America?,11.9,3.0
50,19,What percentage of the world's countries are located in North America?,11.9,5.0
51,19,What percentage of the world's countries are located in North America?,11.9,42.0
52,19,What percentage of the world's countries are located in North America?,11.9,20.0
53,19,What percentage of the world's countries are located in North America?,11.9,17.0
54,19,What percentage of the world's countries are located in North America?,11.9,1.0
55,19,What percentage of the world's countries are located in North America?,11.9,30.0
56,19,What percentage of the world's countries are located in North America?,11.9,2.0
57,19,What percentage of the world's countries are located in North America?,11.9,40.0
58,19,What percentage of the world's countries are located in North America?,11.9,5.0
59,19,What percentage of the world's countries are located in North America?,11.9,5.0
60,19,What percentage of the world's countries are located in North America?,11.9,15.0
61,19,What percentage of the world's countries are located in North America?,11.9,10.0
62,19,What percentage of the world's countries are located in North America?,11.9,12.0
63,19,What percentage of the world's countries are located in North America?,11.9,2.0
64,19,What percentage of the world's countries are located in North America?,11.9,12.0
65,19,What percentage of the world's countries are located in North America?,11.9,1.0
66,19,What percentage of the world's countries are located in North America?,11.9,1.0
67,19,What percentage of the world's countries are located in North America?,11.9,5.0
68,19,What percentage of the world's countries are located in North America?,11.9,2.0
69,19,What percentage of the world's countries are located in North America?,11.9,1.0
70,19,What percentage of the world's countries are located in North America?,11.9,35.0
71,19,What percentage of the world's countries are located in North America?,11.9,3.0
72,19,What percentage of the world's countries are located in North America?,11.9,10.0
73,19,What percentage of the world's countries are located in North America?,11.9,2.0
74,19,What percentage of the world's countries are located in North America?,11.9,2.0
75,19,What percentage of the world's countries are located in North America?,11.9,25.0
76,19,What percentage of the world's countries are located in North America?,11.9,30.0
77,19,What percentage of the world's countries are located in North America?,11.9,10.0
78,19,What percentage of the world's countries are located in North America?,11.9,3.0
79,19,What percentage of the world's countries are located in North America?,11.9,4.0
80,19,What percentage of the world's countries are located in North America?,11.9,2.0
81,19,What percentage of the world's countries are located in North America?,11.9,3.0
82,19,What percentage of the world's countries are located in North America?,11.9,2.0
83,19,What percentage of the world's countries are located in North America?,11.9,2.0
84,19,What percentage of the world's countries are located in North America?,11.9,15.0
85,19,What percentage of the world's countries are located in North America?,11.9,12.0
86,19,What percentage of the world's countries are located in North America?,11.9,1.0
87,19,What percentage of the world's countries are located in North America?,11.9,1.0
88,19,What percentage of the world's countries are located in North America?,11.9,20.0
89,19,What percentage of the world's countries are located in North America?,11.9,15.0
90,19,What percentage of the world's countries are located in North America?,11.9,20.0
91,19,What percentage of the world's countries are located in North America?,11.9,20.0
92,19,What percentage of the world's countries are located in North America?,11.9,12.0
93,19,What percentage of the world's countries are located in North America?,11.9,3.0
94,19,What percentage of the world's countries are located in North America?,11.9,1.0
95,19,What percentage of the world's countries are located in North America?,11.9,10.0
96,19,What percentage of the world's countries are located in North America?,11.9,5.0
97,19,What percentage of the world's countries are located in North America?,11.9,30.0
98,19,What percentage of the world's countries are located in North America?,11.9,15.0
99,19,What percentage of the world's countries are located in North America?,11.9,50.0
100,19,What percentage of the world's countries are located in North America?,11.9,55.0
101,19,What percentage of the world's countries are located in North America?,11.9,20.0
102,19,What percentage of the world's countries are located in North America?,11.9,5.0
103,19,What percentage of the world's countries are located in North America?,11.9,8.0
104,19,What percentage of the world's countries are located in North America?,11.9,2.0
105,19,What percentage of the world's countries are located in North America?,11.9,3.0
106,19,What percentage of the world's countries are located in North America?,11.9,1.0
107,19,What percentage of the world's countries are located in North America?,11.9,1.0
108,19,What percentage of the world's countries are located in North America?,11.9,5.0
109,19,What percentage of the world's countries are located in North America?,11.9,25.0
110,19,What percentage of the world's countries are located in North America?,11.9,25.0
111,19,What percentage of the world's countries are located in North America?,11.9,1.0
112,19,What percentage of the world's countries are located in North America?,11.9,5.0
113,19,What percentage of the world's countries are located in North America?,11.9,25.0
114,19,What percentage of the world's countries are located in North America?,11.9,15.0
115,19,What percentage of the world's countries are located in North America?,11.9,5.0
116,19,What percentage of the world's countries are located in North America?,11.9,20.0
117,19,What percentage of the world's countries are located in North America?,11.9,2.0
118,19,What percentage of the world's countries are located in North America?,11.9,1.0
119,19,What percentage of the world's countries are located in North America?,11.9,1.0
120,19,What percentage of the world's countries are located in North America?,11.9,40.0
121,19,What percentage of the world's countries are located in North America?,11.9,3.0
122,19,What percentage of the world's countries are located in North America?,11.9,1.0
123,19,What percentage of the world's countries are located in North America?,11.9,1.0
124,19,What percentage of the world's countries are located in North America?,11.9,1.0
125,19,What percentage of the world's countries are located in North America?,11.9,2.0
126,19,What percentage of the world's countries are located in North America?,11.9,3.0
127,19,What percentage of the world's countries are located in North America?,11.9,2.0
128,19,What percentage of the world's countries are located in North America?,11.9,45.0
129,19,What percentage of the world's countries are located in North America?,11.9,2.0
130,19,What percentage of the world's countries are located in North America?,11.9,2.0
131,19,What percentage of the world's countries are located in North America?,11.9,5.0
132,19,What percentage of the world's countries are located in North America?,11.9,8.0
133,19,What percentage of the world's countries are located in North America?,11.9,2.0
134,19,What percentage of the world's countries are located in North America?,11.9,2.0
135,19,What percentage of the world's countries are located in North America?,11.9,2.0
136,19,What percentage of the world's countries are located in North America?,11.9,2.0
137,19,What percentage of the world's countries are located in North America?,11.9,5.0
138,19,What percentage of the world's countries are located in North America?,11.9,1.0
139,19,What percentage of the world's countries are located in North America?,11.9,30.0
140,19,What percentage of the world's countries are located in North America?,11.9,15.0
141,19,What percentage of the world's countries are located in North America?,11.9,9.0
142,19,What percentage of the world's countries are located in North America?,11.9,10.0
143,19,What percentage of the world's countries are located in North America?,11.9,10.0
144,19,What percentage of the world's countries are located in North America?,11.9,25.0
145,19,What percentage of the world's countries are located in North America?,11.9,20.0
1,20,What percentage of coffee beans in the world are produced by Brazil?,30.0,25.0
2,20,What percentage of coffee beans in the world are produced by Brazil?,30.0,20.0
3,20,What percentage of coffee beans in the world are produced by Brazil?,30.0,60.0
4,20,What percentage of coffee beans in the world are produced by Brazil?,30.0,30.0
5,20,What percentage of coffee beans in the world are produced by Brazil?,30.0,8.0
6,20,What percentage of coffee beans in the world are produced by Brazil?,30.0,80.0
7,20,What percentage of coffee beans in the world are produced by Brazil?,30.0,80.0
8,20,What percentage of coffee beans in the world are produced by Brazil?,30.0,65.0
9,20,What percentage of coffee beans in the world are produced by Brazil?,30.0,15.0
10,20,What percentage of coffee beans in the world are produced by Brazil?,30.0,15.0
11,20,What percentage of coffee beans in the world are produced by Brazil?,30.0,60.0
12,20,What percentage of coffee beans in the world are produced by Brazil?,30.0,15.0
13,20,What percentage of coffee beans in the world are produced by Brazil?,30.0,60.0
14,20,What percentage of coffee beans in the world are produced by Brazil?,30.0,45.0
15,20,What percentage of coffee beans in the world are produced by Brazil?,30.0,25.0
16,20,What percentage of coffee beans in the world are produced by Brazil?,30.0,47.0
17,20,What percentage of coffee beans in the world are produced by Brazil?,30.0,50.0
18,20,What percentage of coffee beans in the world are produced by Brazil?,30.0,80.0
19,20,What percentage of coffee beans in the world are produced by Brazil?,30.0,30.0
20,20,What percentage of coffee beans in the world are produced by Brazil?,30.0,30.0
21,20,What percentage of coffee beans in the world are produced by Brazil?,30.0,70.0
22,20,What percentage of coffee beans in the world are produced by Brazil?,30.0,30.0
23,20,What percentage of coffee beans in the world are produced by Brazil?,30.0,85.0
24,20,What percentage of coffee beans in the world are produced by Brazil?,30.0,26.0
25,20,What percentage of coffee beans in the world are produced by Brazil?,30.0,85.0
26,20,What percentage of coffee beans in the world are produced by Brazil?,30.0,50.0
27,20,What percentage of coffee beans in the world are produced by Brazil?,30.0,45.0
28,20,What percentage of coffee beans in the world are produced by Brazil?,30.0,60.0
29,20,What percentage of coffee beans in the world are produced by Brazil?,30.0,95.0
30,20,What percentage of coffee beans in the world are produced by Brazil?,30.0,50.0
31,20,What percentage of coffee beans in the world are produced by Brazil?,30.0,90.0
32,20,What percentage of coffee beans in the world are produced by Brazil?,30.0,45.0
33,20,What percentage of coffee beans in the world are produced by Brazil?,30.0,90.0
34,20,What percentage of coffee beans in the world are produced by Brazil?,30.0,40.0
35,20,What percentage of coffee beans in the world are produced by Brazil?,30.0,20.0
36,20,What percentage of coffee beans in the world are produced by Brazil?,30.0,65.0
37,20,What percentage of coffee beans in the world are produced by Brazil?,30.0,40.0
38,20,What percentage of coffee beans in the world are produced by Brazil?,30.0,65.0
39,20,What percentage of coffee beans in the world are produced by Brazil?,30.0,80.0
40,20,What percentage of coffee beans in the world are produced by Brazil?,30.0,30.0
41,20,What percentage of coffee beans in the world are produced by Brazil?,30.0,75.0
42,20,What percentage of coffee beans in the world are produced by Brazil?,30.0,50.0
43,20,What percentage of coffee beans in the world are produced by Brazil?,30.0,65.0
44,20,What percentage of coffee beans in the world are produced by Brazil?,30.0,84.0
45,20,What percentage of coffee beans in the world are produced by Brazil?,30.0,60.0
46,20,What percentage of coffee beans in the world are produced by Brazil?,30.0,65.0
47,20,What percentage of coffee beans in the world are produced by Brazil?,30.0,20.0
48,20,What percentage of coffee beans in the world are produced by Brazil?,30.0,30.0
49,20,What percentage of coffee beans in the world are produced by Brazil?,30.0,25.0
50,20,What percentage of coffee beans in the world are produced by Brazil?,30.0,35.0
51,20,What percentage of coffee beans in the world are produced by Brazil?,30.0,30.0
52,20,What percentage of coffee beans in the world are produced by Brazil?,30.0,70.0
53,20,What percentage of coffee beans in the world are produced by Brazil?,30.0,77.0
54,20,What percentage of coffee beans in the world are produced by Brazil?,30.0,45.0
55,20,What percentage of coffee beans in the world are produced by Brazil?,30.0,30.0
56,20,What percentage of coffee beans in the world are produced by Brazil?,30.0,40.0
57,20,What percentage of coffee beans in the world are produced by Brazil?,30.0,34.0
58,20,What percentage of coffee beans in the world are produced by Brazil?,30.0,50.0
59,20,What percentage of coffee beans in the world are produced by Brazil?,30.0,60.0
60,20,What percentage of coffee beans in the world are produced by Brazil?,30.0,25.0
61,20,What percentage of coffee beans in the world are produced by Brazil?,30.0,40.0
62,20,What percentage of coffee beans in the world are produced by Brazil?,30.0,70.0
63,20,What percentage of coffee beans in the world are produced by Brazil?,30.0,6.0
64,20,What percentage of coffee beans in the world are produced by Brazil?,30.0,65.0
65,20,What percentage of coffee beans in the world are produced by Brazil?,30.0,75.0
66,20,What percentage of coffee beans in the world are produced by Brazil?,30.0,40.0
67,20,What percentage of coffee beans in the world are produced by Brazil?,30.0,30.0
68,20,What percentage of coffee beans in the world are produced by Brazil?,30.0,62.0
69,20,What percentage of coffee beans in the world are produced by Brazil?,30.0,50.0
70,20,What percentage of coffee beans in the world are produced by Brazil?,30.0,80.0
71,20,What percentage of coffee beans in the world are produced by Brazil?,30.0,40.0
72,20,What percentage of coffee beans in the world are produced by Brazil?,30.0,40.0
73,20,What percentage of coffee beans in the world are produced by Brazil?,30.0,57.0
74,20,What percentage of coffee beans in the world are produced by Brazil?,30.0,10.0
75,20,What percentage of coffee beans in the world are produced by Brazil?,30.0,30.0
76,20,What percentage of coffee beans in the world are produced by Brazil?,30.0,50.0
77,20,What percentage of coffee beans in the world are produced by Brazil?,30.0,80.0
78,20,What percentage of coffee beans in the world are produced by Brazil?,30.0,50.0
79,20,What percentage of coffee beans in the world are produced by Brazil?,30.0,70.0
80,20,What percentage of coffee beans in the world are produced by Brazil?,30.0,60.0
81,20,What percentage of coffee beans in the world are produced by Brazil?,30.0,88.0
82,20,What percentage of coffee beans in the world are produced by Brazil?,30.0,20.0
83,20,What percentage of coffee beans in the world are produced by Brazil?,30.0,23.0
84,20,What percentage of coffee beans in the world are produced by Brazil?,30.0,70.0
85,20,What percentage of coffee beans in the world are produced by Brazil?,30.0,50.0
86,20,What percentage of coffee beans in the world are produced by Brazil?,30.0,20.0
87,20,What percentage of coffee beans in the world are produced by Brazil?,30.0,50.0
88,20,What percentage of coffee beans in the world are produced by Brazil?,30.0,40.0
89,20,What percentage of coffee beans in the world are produced by Brazil?,30.0,20.0
90,20,What percentage of coffee beans in the world are produced by Brazil?,30.0,40.0
91,20,What percentage of coffee beans in the world are produced by Brazil?,30.0,80.0
92,20,What percentage of coffee beans in the world are produced by Brazil?,30.0,39.0
93,20,What percentage of coffee beans in the world are produced by Brazil?,30.0,85.0
94,20,What percentage of coffee beans in the world are produced by Brazil?,30.0,75.0
95,20,What percentage of coffee beans in the world are produced by Brazil?,30.0,25.0
96,20,What percentage of coffee beans in the world are produced by Brazil?,30.0,25.0
97,20,What percentage of coffee beans in the world are produced by Brazil?,30.0,95.0
98,20,What percentage of coffee beans in the world are produced by Brazil?,30.0,28.0
99,20,What percentage of coffee beans in the world are produced by Brazil?,30.0,40.0
100,20,What percentage of coffee beans in the world are produced by Brazil?,30.0,42.0
101,20,What percentage of coffee beans in the world are produced by Brazil?,30.0,60.0
102,20,What percentage of coffee beans in the world are produced by Brazil?,30.0,85.0
103,20,What percentage of coffee beans in the world are produced by Brazil?,30.0,40.0
104,20,What percentage of coffee beans in the world are produced by Brazil?,30.0,18.0
105,20,What percentage of coffee beans in the world are produced by Brazil?,30.0,50.0
106,20,What percentage of coffee beans in the world are produced by Brazil?,30.0,45.0
107,20,What percentage of coffee beans in the world are produced by Brazil?,30.0,23.0
108,20,What percentage of coffee beans in the world are produced by Brazil?,30.0,30.0
109,20,What percentage of coffee beans in the world are produced by Brazil?,30.0,56.0
110,20,What percentage of coffee beans in the world are produced by Brazil?,30.0,80.0
111,20,What percentage of coffee beans in the world are produced by Brazil?,30.0,80.0
112,20,What percentage of coffee beans in the world are produced by Brazil?,30.0,40.0
113,20,What percentage of coffee beans in the world are produced by Brazil?,30.0,70.0
114,20,What percentage of coffee beans in the world are produced by Brazil?,30.0,50.0
115,20,What percentage of coffee beans in the world are produced by Brazil?,30.0,30.0
116,20,What percentage of coffee beans in the world are produced by Brazil?,30.0,45.0
117,20,What percentage of coffee beans in the world are produced by Brazil?,30.0,75.0
118,20,What percentage of coffee beans in the world are produced by Brazil?,30.0,50.0
119,20,What percentage of coffee beans in the world are produced by Brazil?,30.0,50.0
120,20,What percentage of coffee beans in the world are produced by Brazil?,30.0,28.0
121,20,What percentage of coffee beans in the world are produced by Brazil?,30.0,20.0
122,20,What percentage of coffee beans in the world are produced by Brazil?,30.0,60.0
123,20,What percentage of coffee beans in the world are produced by Brazil?,30.0,65.0
124,20,What percentage of coffee beans in the world are produced by Brazil?,30.0,41.0
125,20,What percentage of coffee beans in the world are produced by Brazil?,30.0,35.0
126,20,What percentage of coffee beans in the world are produced by Brazil?,30.0,65.0
127,20,What percentage of coffee beans in the world are produced by Brazil?,30.0,43.0
128,20,What percentage of coffee beans in the world are produced by Brazil?,30.0,15.0
129,20,What percentage of coffee beans in the world are produced by Brazil?,30.0,45.0
130,20,What percentage of coffee beans in the world are produced by Brazil?,30.0,30.0
131,20,What percentage of coffee beans in the world are produced by Brazil?,30.0,10.0
132,20,What percentage of coffee beans in the world are produced by Brazil?,30.0,70.0
133,20,What percentage of coffee beans in the world are produced by Brazil?,30.0,50.0
134,20,What percentage of coffee beans in the world are produced by Brazil?,30.0,50.0
135,20,What percentage of coffee beans in the world are produced by Brazil?,30.0,40.0
136,20,What percentage of coffee beans in the world are produced by Brazil?,30.0,70.0
137,20,What percentage of coffee beans in the world are produced by Brazil?,30.0,30.0
138,20,What percentage of coffee beans in the world are produced by Brazil?,30.0,70.0
139,20,What percentage of coffee beans in the world are produced by Brazil?,30.0,40.0
140,20,What percentage of coffee beans in the world are produced by Brazil?,30.0,60.0
141,20,What percentage of coffee beans in the world are produced by Brazil?,30.0,65.0
142,20,What percentage of coffee beans in the world are produced by Brazil?,30.0,50.0
143,20,What percentage of coffee beans in the world are produced by Brazil?,30.0,85.0
144,20,What percentage of coffee beans in the world are produced by Brazil?,30.0,37.0
145,20,What percentage of coffee beans in the world are produced by Brazil?,30.0,60.0
1,21,Exports make up what percentage of the United States's GDP?,13.1,30.0
2,21,Exports make up what percentage of the United States's GDP?,13.1,50.0
3,21,Exports make up what percentage of the United States's GDP?,13.1,40.0
4,21,Exports make up what percentage of the United States's GDP?,13.1,30.0
5,21,Exports make up what percentage of the United States's GDP?,13.1,40.0
6,21,Exports make up what percentage of the United States's GDP?,13.1,45.0
7,21,Exports make up what percentage of the United States's GDP?,13.1,20.0
8,21,Exports make up what percentage of the United States's GDP?,13.1,70.0
9,21,Exports make up what percentage of the United States's GDP?,13.1,20.0
10,21,Exports make up what percentage of the United States's GDP?,13.1,15.0
11,21,Exports make up what percentage of the United States's GDP?,13.1,45.0
12,21,Exports make up what percentage of the United States's GDP?,13.1,40.0
13,21,Exports make up what percentage of the United States's GDP?,13.1,40.0
14,21,Exports make up what percentage of the United States's GDP?,13.1,40.0
15,21,Exports make up what percentage of the United States's GDP?,13.1,70.0
16,21,Exports make up what percentage of the United States's GDP?,13.1,25.0
17,21,Exports make up what percentage of the United States's GDP?,13.1,30.0
18,21,Exports make up what percentage of the United States's GDP?,13.1,60.0
19,21,Exports make up what percentage of the United States's GDP?,13.1,40.0
20,21,Exports make up what percentage of the United States's GDP?,13.1,20.0
21,21,Exports make up what percentage of the United States's GDP?,13.1,60.0
22,21,Exports make up what percentage of the United States's GDP?,13.1,55.0
23,21,Exports make up what percentage of the United States's GDP?,13.1,60.0
24,21,Exports make up what percentage of the United States's GDP?,13.1,33.0
25,21,Exports make up what percentage of the United States's GDP?,13.1,45.0
26,21,Exports make up what percentage of the United States's GDP?,13.1,40.0
27,21,Exports make up what percentage of the United States's GDP?,13.1,70.0
28,21,Exports make up what percentage of the United States's GDP?,13.1,40.0
29,21,Exports make up what percentage of the United States's GDP?,13.1,20.0
30,21,Exports make up what percentage of the United States's GDP?,13.1,5.0
31,21,Exports make up what percentage of the United States's GDP?,13.1,10.0
32,21,Exports make up what percentage of the United States's GDP?,13.1,65.0
33,21,Exports make up what percentage of the United States's GDP?,13.1,80.0
34,21,Exports make up what percentage of the United States's GDP?,13.1,50.0
35,21,Exports make up what percentage of the United States's GDP?,13.1,25.0
36,21,Exports make up what percentage of the United States's GDP?,13.1,40.0
37,21,Exports make up what percentage of the United States's GDP?,13.1,40.0
38,21,Exports make up what percentage of the United States's GDP?,13.1,75.0
39,21,Exports make up what percentage of the United States's GDP?,13.1,70.0
40,21,Exports make up what percentage of the United States's GDP?,13.1,30.0
41,21,Exports make up what percentage of the United States's GDP?,13.1,62.0
42,21,Exports make up what percentage of the United States's GDP?,13.1,30.0
43,21,Exports make up what percentage of the United States's GDP?,13.1,2.0
44,21,Exports make up what percentage of the United States's GDP?,13.1,37.0
45,21,Exports make up what percentage of the United States's GDP?,13.1,35.0
46,21,Exports make up what percentage of the United States's GDP?,13.1,50.0
47,21,Exports make up what percentage of the United States's GDP?,13.1,40.0
48,21,Exports make up what percentage of the United States's GDP?,13.1,40.0
49,21,Exports make up what percentage of the United States's GDP?,13.1,15.0
50,21,Exports make up what percentage of the United States's GDP?,13.1,40.0
51,21,Exports make up what percentage of the United States's GDP?,13.1,66.0
52,21,Exports make up what percentage of the United States's GDP?,13.1,20.0
53,21,Exports make up what percentage of the United States's GDP?,13.1,14.0
54,21,Exports make up what percentage of the United States's GDP?,13.1,65.0
55,21,Exports make up what percentage of the United States's GDP?,13.1,15.0
56,21,Exports make up what percentage of the United States's GDP?,13.1,20.0
57,21,Exports make up what percentage of the United States's GDP?,13.1,22.0
58,21,Exports make up what percentage of the United States's GDP?,13.1,50.0
59,21,Exports make up what percentage of the United States's GDP?,13.1,40.0
60,21,Exports make up what percentage of the United States's GDP?,13.1,20.0
61,21,Exports make up what percentage of the United States's GDP?,13.1,25.0
62,21,Exports make up what percentage of the United States's GDP?,13.1,50.0
63,21,Exports make up what percentage of the United States's GDP?,13.1,78.0
64,21,Exports make up what percentage of the United States's GDP?,13.1,20.0
65,21,Exports make up what percentage of the United States's GDP?,13.1,65.0
66,21,Exports make up what percentage of the United States's GDP?,13.1,10.0
67,21,Exports make up what percentage of the United States's GDP?,13.1,45.0
68,21,Exports make up what percentage of the United States's GDP?,13.1,68.0
69,21,Exports make up what percentage of the United States's GDP?,13.1,20.0
70,21,Exports make up what percentage of the United States's GDP?,13.1,17.0
71,21,Exports make up what percentage of the United States's GDP?,13.1,10.0
72,21,Exports make up what percentage of the United States's GDP?,13.1,33.0
73,21,Exports make up what percentage of the United States's GDP?,13.1,35.0
74,21,Exports make up what percentage of the United States's GDP?,13.1,1.0
75,21,Exports make up what percentage of the United States's GDP?,13.1,35.0
76,21,Exports make up what percentage of the United States's GDP?,13.1,70.0
77,21,Exports make up what percentage of the United States's GDP?,13.1,35.0
78,21,Exports make up what percentage of the United States's GDP?,13.1,30.0
79,21,Exports make up what percentage of the United States's GDP?,13.1,11.0
80,21,Exports make up what percentage of the United States's GDP?,13.1,55.0
81,21,Exports make up what percentage of the United States's GDP?,13.1,7.0
82,21,Exports make up what percentage of the United States's GDP?,13.1,10.0
83,21,Exports make up what percentage of the United States's GDP?,13.1,14.0
84,21,Exports make up what percentage of the United States's GDP?,13.1,40.0
85,21,Exports make up what percentage of the United States's GDP?,13.1,50.0
86,21,Exports make up what percentage of the United States's GDP?,13.1,30.0
87,21,Exports make up what percentage of the United States's GDP?,13.1,60.0
88,21,Exports make up what percentage of the United States's GDP?,13.1,20.0
89,21,Exports make up what percentage of the United States's GDP?,13.1,15.0
90,21,Exports make up what percentage of the United States's GDP?,13.1,35.0
91,21,Exports make up what percentage of the United States's GDP?,13.1,50.0
92,21,Exports make up what percentage of the United States's GDP?,13.1,47.0
93,21,Exports make up what percentage of the United States's GDP?,13.1,70.0
94,21,Exports make up what percentage of the United States's GDP?,13.1,25.0
95,21,Exports make up what percentage of the United States's GDP?,13.1,60.0
96,21,Exports make up what percentage of the United States's GDP?,13.1,34.0
97,21,Exports make up what percentage of the United States's GDP?,13.1,50.0
98,21,Exports make up what percentage of the United States's GDP?,13.1,22.0
99,21,Exports make up what percentage of the United States's GDP?,13.1,30.0
100,21,Exports make up what percentage of the United States's GDP?,13.1,65.0
101,21,Exports make up what percentage of the United States's GDP?,13.1,40.0
102,21,Exports make up what percentage of the United States's GDP?,13.1,45.0
103,21,Exports make up what percentage of the United States's GDP?,13.1,30.0
104,21,Exports make up what percentage of the United States's GDP?,13.1,14.0
105,21,Exports make up what percentage of the United States's GDP?,13.1,30.0
106,21,Exports make up what percentage of the United States's GDP?,13.1,30.0
107,21,Exports make up what percentage of the United States's GDP?,13.1,41.0
108,21,Exports make up what percentage of the United States's GDP?,13.1,30.0
109,21,Exports make up what percentage of the United States's GDP?,13.1,80.0
110,21,Exports make up what percentage of the United States's GDP?,13.1,23.0
111,21,Exports make up what percentage of the United States's GDP?,13.1,25.0
112,21,Exports make up what percentage of the United States's GDP?,13.1,35.0
113,21,Exports make up what percentage of the United States's GDP?,13.1,25.0
114,21,Exports make up what percentage of the United States's GDP?,13.1,37.0
115,21,Exports make up what percentage of the United States's GDP?,13.1,45.0
116,21,Exports make up what percentage of the United States's GDP?,13.1,20.0
117,21,Exports make up what percentage of the United States's GDP?,13.1,60.0
118,21,Exports make up what percentage of the United States's GDP?,13.1,60.0
119,21,Exports make up what percentage of the United States's GDP?,13.1,50.0
120,21,Exports make up what percentage of the United States's GDP?,13.1,40.0
121,21,Exports make up what percentage of the United States's GDP?,13.1,20.0
122,21,Exports make up what percentage of the United States's GDP?,13.1,10.0
123,21,Exports make up what percentage of the United States's GDP?,13.1,40.0
124,21,Exports make up what percentage of the United States's GDP?,13.1,50.0
125,21,Exports make up what percentage of the United States's GDP?,13.1,38.0
126,21,Exports make up what percentage of the United States's GDP?,13.1,25.0
127,21,Exports make up what percentage of the United States's GDP?,13.1,70.0
128,21,Exports make up what percentage of the United States's GDP?,13.1,45.0
129,21,Exports make up what percentage of the United States's GDP?,13.1,45.0
130,21,Exports make up what percentage of the United States's GDP?,13.1,55.0
131,21,Exports make up what percentage of the United States's GDP?,13.1,50.0
132,21,Exports make up what percentage of the United States's GDP?,13.1,60.0
133,21,Exports make up what percentage of the United States's GDP?,13.1,15.0
134,21,Exports make up what percentage of the United States's GDP?,13.1,20.0
135,21,Exports make up what percentage of the United States's GDP?,13.1,45.0
136,21,Exports make up what percentage of the United States's GDP?,13.1,20.0
137,21,Exports make up what percentage of the United States's GDP?,13.1,25.0
138,21,Exports make up what percentage of the United States's GDP?,13.1,30.0
139,21,Exports make up what percentage of the United States's GDP?,13.1,40.0
140,21,Exports make up what percentage of the United States's GDP?,13.1,30.0
141,21,Exports make up what percentage of the United States's GDP?,13.1,70.0
142,21,Exports make up what percentage of the United States's GDP?,13.1,30.0
143,21,Exports make up what percentage of the United States's GDP?,13.1,10.0
144,21,Exports make up what percentage of the United States's GDP?,13.1,35.0
145,21,Exports make up what percentage of the United States's GDP?,13.1,20.0
1,22,What percentage of London 2012 Olympic medals were won by European countries?,45.7,30.0
2,22,What percentage of London 2012 Olympic medals were won by European countries?,45.7,40.0
3,22,What percentage of London 2012 Olympic medals were won by European countries?,45.7,45.0
4,22,What percentage of London 2012 Olympic medals were won by European countries?,45.7,10.0
5,22,What percentage of London 2012 Olympic medals were won by European countries?,45.7,40.0
6,22,What percentage of London 2012 Olympic medals were won by European countries?,45.7,37.0
7,22,What percentage of London 2012 Olympic medals were won by European countries?,45.7,38.0
8,22,What percentage of London 2012 Olympic medals were won by European countries?,45.7,30.0
9,22,What percentage of London 2012 Olympic medals were won by European countries?,45.7,10.0
10,22,What percentage of London 2012 Olympic medals were won by European countries?,45.7,18.0
11,22,What percentage of London 2012 Olympic medals were won by European countries?,45.7,30.0
12,22,What percentage of London 2012 Olympic medals were won by European countries?,45.7,55.0
13,22,What percentage of London 2012 Olympic medals were won by European countries?,45.7,35.0
14,22,What percentage of London 2012 Olympic medals were won by European countries?,45.7,40.0
15,22,What percentage of London 2012 Olympic medals were won by European countries?,45.7,40.0
16,22,What percentage of London 2012 Olympic medals were won by European countries?,45.7,18.0
17,22,What percentage of London 2012 Olympic medals were won by European countries?,45.7,20.0
18,22,What percentage of London 2012 Olympic medals were won by European countries?,45.7,35.0
19,22,What percentage of London 2012 Olympic medals were won by European countries?,45.7,20.0
20,22,What percentage of London 2012 Olympic medals were won by European countries?,45.7,10.0
21,22,What percentage of London 2012 Olympic medals were won by European countries?,45.7,25.0
22,22,What percentage of London 2012 Olympic medals were won by European countries?,45.7,20.0
23,22,What percentage of London 2012 Olympic medals were won by European countries?,45.7,45.0
24,22,What percentage of London 2012 Olympic medals were won by European countries?,45.7,68.0
25,22,What percentage of London 2012 Olympic medals were won by European countries?,45.7,20.0
26,22,What percentage of London 2012 Olympic medals were won by European countries?,45.7,50.0
27,22,What percentage of London 2012 Olympic medals were won by European countries?,45.7,15.0
28,22,What percentage of London 2012 Olympic medals were won by European countries?,45.7,30.0
29,22,What percentage of London 2012 Olympic medals were won by European countries?,45.7,15.0
30,22,What percentage of London 2012 Olympic medals were won by European countries?,45.7,50.0
31,22,What percentage of London 2012 Olympic medals were won by European countries?,45.7,40.0
32,22,What percentage of London 2012 Olympic medals were won by European countries?,45.7,65.0
33,22,What percentage of London 2012 Olympic medals were won by European countries?,45.7,80.0
34,22,What percentage of London 2012 Olympic medals were won by European countries?,45.7,30.0
35,22,What percentage of London 2012 Olympic medals were won by European countries?,45.7,60.0
36,22,What percentage of London 2012 Olympic medals were won by European countries?,45.7,40.0
37,22,What percentage of London 2012 Olympic medals were won by European countries?,45.7,40.0
38,22,What percentage of London 2012 Olympic medals were won by European countries?,45.7,30.0
39,22,What percentage of London 2012 Olympic medals were won by European countries?,45.7,25.0
40,22,What percentage of London 2012 Olympic medals were won by European countries?,45.7,40.0
41,22,What percentage of London 2012 Olympic medals were won by European countries?,45.7,15.0
42,22,What percentage of London 2012 Olympic medals were won by European countries?,45.7,50.0
43,22,What percentage of London 2012 Olympic medals were won by European countries?,45.7,42.0
44,22,What percentage of London 2012 Olympic medals were won by European countries?,45.7,18.0
45,22,What percentage of London 2012 Olympic medals were won by European countries?,45.7,39.0
46,22,What percentage of London 2012 Olympic medals were won by European countries?,45.7,20.0
47,22,What percentage of London 2012 Olympic medals were won by European countries?,45.7,15.0
48,22,What percentage of London 2012 Olympic medals were won by European countries?,45.7,50.0
49,22,What percentage of London 2012 Olympic medals were won by European countries?,45.7,25.0
50,22,What percentage of London 2012 Olympic medals were won by European countries?,45.7,20.0
51,22,What percentage of London 2012 Olympic medals were won by European countries?,45.7,40.0
52,22,What percentage of London 2012 Olympic medals were won by European countries?,45.7,60.0
53,22,What percentage of London 2012 Olympic medals were won by European countries?,45.7,23.0
54,22,What percentage of London 2012 Olympic medals were won by European countries?,45.7,14.0
55,22,What percentage of London 2012 Olympic medals were won by European countries?,45.7,40.0
56,22,What percentage of London 2012 Olympic medals were won by European countries?,45.7,20.0
57,22,What percentage of London 2012 Olympic medals were won by European countries?,45.7,42.0
58,22,What percentage of London 2012 Olympic medals were won by European countries?,45.7,60.0
59,22,What percentage of London 2012 Olympic medals were won by European countries?,45.7,40.0
60,22,What percentage of London 2012 Olympic medals were won by European countries?,45.7,15.0
61,22,What percentage of London 2012 Olympic medals were won by European countries?,45.7,10.0
62,22,What percentage of London 2012 Olympic medals were won by European countries?,45.7,30.0
63,22,What percentage of London 2012 Olympic medals were won by European countries?,45.7,60.0
64,22,What percentage of London 2012 Olympic medals were won by European countries?,45.7,60.0
65,22,What percentage of London 2012 Olympic medals were won by European countries?,45.7,45.0
66,22,What percentage of London 2012 Olympic medals were won by European countries?,45.7,38.0
67,22,What percentage of London 2012 Olympic medals were won by European countries?,45.7,20.0
68,22,What percentage of London 2012 Olympic medals were won by European countries?,45.7,42.0
69,22,What percentage of London 2012 Olympic medals were won by European countries?,45.7,12.0
70,22,What percentage of London 2012 Olympic medals were won by European countries?,45.7,25.0
71,22,What percentage of London 2012 Olympic medals were won by European countries?,45.7,40.0
72,22,What percentage of London 2012 Olympic medals were won by European countries?,45.7,55.0
73,22,What percentage of London 2012 Olympic medals were won by European countries?,45.7,60.0
74,22,What percentage of London 2012 Olympic medals were won by European countries?,45.7,25.0
75,22,What percentage of London 2012 Olympic medals were won by European countries?,45.7,45.0
76,22,What percentage of London 2012 Olympic medals were won by European countries?,45.7,60.0
77,22,What percentage of London 2012 Olympic medals were won by European countries?,45.7,40.0
78,22,What percentage of London 2012 Olympic medals were won by European countries?,45.7,20.0
79,22,What percentage of London 2012 Olympic medals were won by European countries?,45.7,53.0
80,22,What percentage of London 2012 Olympic medals were won by European countries?,45.7,25.0
81,22,What percentage of London 2012 Olympic medals were won by European countries?,45.7,17.0
82,22,What percentage of London 2012 Olympic medals were won by European countries?,45.7,50.0
83,22,What percentage of London 2012 Olympic medals were won by European countries?,45.7,30.0
84,22,What percentage of London 2012 Olympic medals were won by European countries?,45.7,40.0
85,22,What percentage of London 2012 Olympic medals were won by European countries?,45.7,50.0
86,22,What percentage of London 2012 Olympic medals were won by European countries?,45.7,35.0
87,22,What percentage of London 2012 Olympic medals were won by European countries?,45.7,30.0
88,22,What percentage of London 2012 Olympic medals were won by European countries?,45.7,15.0
89,22,What percentage of London 2012 Olympic medals were won by European countries?,45.7,40.0
90,22,What percentage of London 2012 Olympic medals were won by European countries?,45.7,50.0
91,22,What percentage of London 2012 Olympic medals were won by European countries?,45.7,10.0
92,22,What percentage of London 2012 Olympic medals were won by European countries?,45.7,59.0
93,22,What percentage of London 2012 Olympic medals were won by European countries?,45.7,90.0
94,22,What percentage of London 2012 Olympic medals were won by European countries?,45.7,50.0
95,22,What percentage of London 2012 Olympic medals were won by European countries?,45.7,50.0
96,22,What percentage of London 2012 Olympic medals were won by European countries?,45.7,15.0
97,22,What percentage of London 2012 Olympic medals were won by European countries?,45.7,30.0
98,22,What percentage of London 2012 Olympic medals were won by European countries?,45.7,30.0
99,22,What percentage of London 2012 Olympic medals were won by European countries?,45.7,30.0
100,22,What percentage of London 2012 Olympic medals were won by European countries?,45.7,38.0
101,22,What percentage of London 2012 Olympic medals were won by European countries?,45.7,50.0
102,22,What percentage of London 2012 Olympic medals were won by European countries?,45.7,63.0
103,22,What percentage of London 2012 Olympic medals were won by European countries?,45.7,50.0
104,22,What percentage of London 2012 Olympic medals were won by European countries?,45.7,30.0
105,22,What percentage of London 2012 Olympic medals were won by European countries?,45.7,30.0
106,22,What percentage of London 2012 Olympic medals were won by European countries?,45.7,25.0
107,22,What percentage of London 2012 Olympic medals were won by European countries?,45.7,45.0
108,22,What percentage of London 2012 Olympic medals were won by European countries?,45.7,20.0
109,22,What percentage of London 2012 Olympic medals were won by European countries?,45.7,2.0
110,22,What percentage of London 2012 Olympic medals were won by European countries?,45.7,49.0
111,22,What percentage of London 2012 Olympic medals were won by European countries?,45.7,10.0
112,22,What percentage of London 2012 Olympic medals were won by European countries?,45.7,40.0
113,22,What percentage of London 2012 Olympic medals were won by European countries?,45.7,10.0
114,22,What percentage of London 2012 Olympic medals were won by European countries?,45.7,50.0
115,22,What percentage of London 2012 Olympic medals were won by European countries?,45.7,30.0
116,22,What percentage of London 2012 Olympic medals were won by European countries?,45.7,28.0
117,22,What percentage of London 2012 Olympic medals were won by European countries?,45.7,20.0
118,22,What percentage of London 2012 Olympic medals were won by European countries?,45.7,45.0
119,22,What percentage of London 2012 Olympic medals were won by European countries?,45.7,20.0
120,22,What percentage of London 2012 Olympic medals were won by European countries?,45.7,25.0
121,22,What percentage of London 2012 Olympic medals were won by European countries?,45.7,15.0
122,22,What percentage of London 2012 Olympic medals were won by European countries?,45.7,50.0
123,22,What percentage of London 2012 Olympic medals were won by European countries?,45.7,5.0
124,22,What percentage of London 2012 Olympic medals were won by European countries?,45.7,35.0
125,22,What percentage of London 2012 Olympic medals were won by European countries?,45.7,26.0
126,22,What percentage of London 2012 Olympic medals were won by European countries?,45.7,20.0
127,22,What percentage of London 2012 Olympic medals were won by European countries?,45.7,40.0
128,22,What percentage of London 2012 Olympic medals were won by European countries?,45.7,65.0
129,22,What percentage of London 2012 Olympic medals were won by European countries?,45.7,30.0
130,22,What percentage of London 2012 Olympic medals were won by European countries?,45.7,25.0
131,22,What percentage of London 2012 Olympic medals were won by European countries?,45.7,73.0
132,22,What percentage of London 2012 Olympic medals were won by European countries?,45.7,39.0
133,22,What percentage of London 2012 Olympic medals were won by European countries?,45.7,26.0
134,22,What percentage of London 2012 Olympic medals were won by European countries?,45.7,60.0
135,22,What percentage of London 2012 Olympic medals were won by European countries?,45.7,60.0
136,22,What percentage of London 2012 Olympic medals were won by European countries?,45.7,35.0
137,22,What percentage of London 2012 Olympic medals were won by European countries?,45.7,15.0
138,22,What percentage of London 2012 Olympic medals were won by European countries?,45.7,30.0
139,22,What percentage of London 2012 Olympic medals were won by European countries?,45.7,50.0
140,22,What percentage of London 2012 Olympic medals were won by European countries?,45.7,5.0
141,22,What percentage of London 2012 Olympic medals were won by European countries?,45.7,18.0
142,22,What percentage of London 2012 Olympic medals were won by European countries?,45.7,30.0
143,22,What percentage of London 2012 Olympic medals were won by European countries?,45.7,70.0
144,22,What percentage of London 2012 Olympic medals were won by European countries?,45.7,20.0
145,22,What percentage of London 2012 Olympic medals were won by European countries?,45.7,15.0
1,23,What percentage of the United States population wears glasses (not contacts)?,64.0,20.0
2,23,What percentage of the United States population wears glasses (not contacts)?,64.0,30.0
3,23,What percentage of the United States population wears glasses (not contacts)?,64.0,30.0
4,23,What percentage of the United States population wears glasses (not contacts)?,64.0,30.0
5,23,What percentage of the United States population wears glasses (not contacts)?,64.0,33.0
6,23,What percentage of the United States population wears glasses (not contacts)?,64.0,36.0
7,23,What percentage of the United States population wears glasses (not contacts)?,64.0,23.0
8,23,What percentage of the United States population wears glasses (not contacts)?,64.0,30.0
9,23,What percentage of the United States population wears glasses (not contacts)?,64.0,15.0
10,23,What percentage of the United States population wears glasses (not contacts)?,64.0,30.0
11,23,What percentage of the United States population wears glasses (not contacts)?,64.0,25.0
12,23,What percentage of the United States population wears glasses (not contacts)?,64.0,5.0
13,23,What percentage of the United States population wears glasses (not contacts)?,64.0,40.0
14,23,What percentage of the United States population wears glasses (not contacts)?,64.0,25.0
15,23,What percentage of the United States population wears glasses (not contacts)?,64.0,25.0
16,23,What percentage of the United States population wears glasses (not contacts)?,64.0,53.0
17,23,What percentage of the United States population wears glasses (not contacts)?,64.0,33.0
18,23,What percentage of the United States population wears glasses (not contacts)?,64.0,40.0
19,23,What percentage of the United States population wears glasses (not contacts)?,64.0,40.0
20,23,What percentage of the United States population wears glasses (not contacts)?,64.0,60.0
21,23,What percentage of the United States population wears glasses (not contacts)?,64.0,30.0
22,23,What percentage of the United States population wears glasses (not contacts)?,64.0,55.0
23,23,What percentage of the United States population wears glasses (not contacts)?,64.0,20.0
24,23,What percentage of the United States population wears glasses (not contacts)?,64.0,16.0
25,23,What percentage of the United States population wears glasses (not contacts)?,64.0,25.0
26,23,What percentage of the United States population wears glasses (not contacts)?,64.0,10.0
27,23,What percentage of the United States population wears glasses (not contacts)?,64.0,70.0
28,23,What percentage of the United States population wears glasses (not contacts)?,64.0,20.0
29,23,What percentage of the United States population wears glasses (not contacts)?,64.0,5.0
30,23,What percentage of the United States population wears glasses (not contacts)?,64.0,20.0
31,23,What percentage of the United States population wears glasses (not contacts)?,64.0,30.0
32,23,What percentage of the United States population wears glasses (not contacts)?,64.0,55.0
33,23,What percentage of the United States population wears glasses (not contacts)?,64.0,15.0
34,23,What percentage of the United States population wears glasses (not contacts)?,64.0,30.0
35,23,What percentage of the United States population wears glasses (not contacts)?,64.0,30.0
36,23,What percentage of the United States population wears glasses (not contacts)?,64.0,40.0
37,23,What percentage of the United States population wears glasses (not contacts)?,64.0,40.0
38,23,What percentage of the United States population wears glasses (not contacts)?,64.0,35.0
39,23,What percentage of the United States population wears glasses (not contacts)?,64.0,25.0
40,23,What percentage of the United States population wears glasses (not contacts)?,64.0,5.0
41,23,What percentage of the United States population wears glasses (not contacts)?,64.0,42.0
42,23,What percentage of the United States population wears glasses (not contacts)?,64.0,20.0
43,23,What percentage of the United States population wears glasses (not contacts)?,64.0,64.0
44,23,What percentage of the United States population wears glasses (not contacts)?,64.0,18.0
45,23,What percentage of the United States population wears glasses (not contacts)?,64.0,39.0
46,23,What percentage of the United States population wears glasses (not contacts)?,64.0,40.0
47,23,What percentage of the United States population wears glasses (not contacts)?,64.0,65.0
48,23,What percentage of the United States population wears glasses (not contacts)?,64.0,45.0
49,23,What percentage of the United States population wears glasses (not contacts)?,64.0,15.0
50,23,What percentage of the United States population wears glasses (not contacts)?,64.0,25.0
51,23,What percentage of the United States population wears glasses (not contacts)?,64.0,20.0
52,23,What percentage of the United States population wears glasses (not contacts)?,64.0,60.0
53,23,What percentage of the United States population wears glasses (not contacts)?,64.0,43.0
54,23,What percentage of the United States population wears glasses (not contacts)?,64.0,33.0
55,23,What percentage of the United States population wears glasses (not contacts)?,64.0,5.0
56,23,What percentage of the United States population wears glasses (not contacts)?,64.0,20.0
57,23,What percentage of the United States population wears glasses (not contacts)?,64.0,8.0
58,23,What percentage of the United States population wears glasses (not contacts)?,64.0,30.0
59,23,What percentage of the United States population wears glasses (not contacts)?,64.0,30.0
60,23,What percentage of the United States population wears glasses (not contacts)?,64.0,30.0
61,23,What percentage of the United States population wears glasses (not contacts)?,64.0,30.0
62,23,What percentage of the United States population wears glasses (not contacts)?,64.0,35.0
63,23,What percentage of the United States population wears glasses (not contacts)?,64.0,48.0
64,23,What percentage of the United States population wears glasses (not contacts)?,64.0,17.0
65,23,What percentage of the United States population wears glasses (not contacts)?,64.0,10.0
66,23,What percentage of the United States population wears glasses (not contacts)?,64.0,15.0
67,23,What percentage of the United States population wears glasses (not contacts)?,64.0,35.0
68,23,What percentage of the United States population wears glasses (not contacts)?,64.0,57.0
69,23,What percentage of the United States population wears glasses (not contacts)?,64.0,30.0
70,23,What percentage of the United States population wears glasses (not contacts)?,64.0,25.0
71,23,What percentage of the United States population wears glasses (not contacts)?,64.0,10.0
72,23,What percentage of the United States population wears glasses (not contacts)?,64.0,15.0
73,23,What percentage of the United States population wears glasses (not contacts)?,64.0,37.0
74,23,What percentage of the United States population wears glasses (not contacts)?,64.0,25.0
75,23,What percentage of the United States population wears glasses (not contacts)?,64.0,15.0
76,23,What percentage of the United States population wears glasses (not contacts)?,64.0,30.0
77,23,What percentage of the United States population wears glasses (not contacts)?,64.0,30.0
78,23,What percentage of the United States population wears glasses (not contacts)?,64.0,30.0
79,23,What percentage of the United States population wears glasses (not contacts)?,64.0,48.0
80,23,What percentage of the United States population wears glasses (not contacts)?,64.0,40.0
81,23,What percentage of the United States population wears glasses (not contacts)?,64.0,24.0
82,23,What percentage of the United States population wears glasses (not contacts)?,64.0,10.0
83,23,What percentage of the United States population wears glasses (not contacts)?,64.0,27.0
84,23,What percentage of the United States population wears glasses (not contacts)?,64.0,25.0
85,23,What percentage of the United States population wears glasses (not contacts)?,64.0,30.0
86,23,What percentage of the United States population wears glasses (not contacts)?,64.0,28.0
87,23,What percentage of the United States population wears glasses (not contacts)?,64.0,35.0
88,23,What percentage of the United States population wears glasses (not contacts)?,64.0,30.0
89,23,What percentage of the United States population wears glasses (not contacts)?,64.0,15.0
90,23,What percentage of the United States population wears glasses (not contacts)?,64.0,25.0
91,23,What percentage of the United States population wears glasses (not contacts)?,64.0,30.0
92,23,What percentage of the United States population wears glasses (not contacts)?,64.0,49.0
93,23,What percentage of the United States population wears glasses (not contacts)?,64.0,20.0
94,23,What percentage of the United States population wears glasses (not contacts)?,64.0,10.0
95,23,What percentage of the United States population wears glasses (not contacts)?,64.0,25.0
96,23,What percentage of the United States population wears glasses (not contacts)?,64.0,35.0
97,23,What percentage of the United States population wears glasses (not contacts)?,64.0,30.0
98,23,What percentage of the United States population wears glasses (not contacts)?,64.0,30.0
99,23,What percentage of the United States population wears glasses (not contacts)?,64.0,20.0
100,23,What percentage of the United States population wears glasses (not contacts)?,64.0,20.0
101,23,What percentage of the United States population wears glasses (not contacts)?,64.0,70.0
102,23,What percentage of the United States population wears glasses (not contacts)?,64.0,20.0
103,23,What percentage of the United States population wears glasses (not contacts)?,64.0,12.0
104,23,What percentage of the United States population wears glasses (not contacts)?,64.0,10.0
105,23,What percentage of the United States population wears glasses (not contacts)?,64.0,20.0
106,23,What percentage of the United States population wears glasses (not contacts)?,64.0,30.0
107,23,What percentage of the United States population wears glasses (not contacts)?,64.0,23.0
108,23,What percentage of the United States population wears glasses (not contacts)?,64.0,40.0
109,23,What percentage of the United States population wears glasses (not contacts)?,64.0,40.0
110,23,What percentage of the United States population wears glasses (not contacts)?,64.0,35.0
111,23,What percentage of the United States population wears glasses (not contacts)?,64.0,25.0
112,23,What percentage of the United States population wears glasses (not contacts)?,64.0,20.0
113,23,What percentage of the United States population wears glasses (not contacts)?,64.0,50.0
114,23,What percentage of the United States population wears glasses (not contacts)?,64.0,30.0
115,23,What percentage of the United States population wears glasses (not contacts)?,64.0,25.0
116,23,What percentage of the United States population wears glasses (not contacts)?,64.0,22.0
117,23,What percentage of the United States population wears glasses (not contacts)?,64.0,20.0
118,23,What percentage of the United States population wears glasses (not contacts)?,64.0,8.0
119,23,What percentage of the United States population wears glasses (not contacts)?,64.0,30.0
120,23,What percentage of the United States population wears glasses (not contacts)?,64.0,40.0
121,23,What percentage of the United States population wears glasses (not contacts)?,64.0,35.0
122,23,What percentage of the United States population wears glasses (not contacts)?,64.0,60.0
123,23,What percentage of the United States population wears glasses (not contacts)?,64.0,30.0
124,23,What percentage of the United States population wears glasses (not contacts)?,64.0,25.0
125,23,What percentage of the United States population wears glasses (not contacts)?,64.0,30.0
126,23,What percentage of the United States population wears glasses (not contacts)?,64.0,25.0
127,23,What percentage of the United States population wears glasses (not contacts)?,64.0,76.0
128,23,What percentage of the United States population wears glasses (not contacts)?,64.0,65.0
129,23,What percentage of the United States population wears glasses (not contacts)?,64.0,10.0
130,23,What percentage of the United States population wears glasses (not contacts)?,64.0,35.0
131,23,What percentage of the United States population wears glasses (not contacts)?,64.0,45.0
132,23,What percentage of the United States population wears glasses (not contacts)?,64.0,10.0
133,23,What percentage of the United States population wears glasses (not contacts)?,64.0,50.0
134,23,What percentage of the United States population wears glasses (not contacts)?,64.0,30.0
135,23,What percentage of the United States population wears glasses (not contacts)?,64.0,35.0
136,23,What percentage of the United States population wears glasses (not contacts)?,64.0,35.0
137,23,What percentage of the United States population wears glasses (not contacts)?,64.0,15.0
138,23,What percentage of the United States population wears glasses (not contacts)?,64.0,30.0
139,23,What percentage of the United States population wears glasses (not contacts)?,64.0,25.0
140,23,What percentage of the United States population wears glasses (not contacts)?,64.0,30.0
141,23,What percentage of the United States population wears glasses (not contacts)?,64.0,19.0
142,23,What percentage of the United States population wears glasses (not contacts)?,64.0,30.0
143,23,What percentage of the United States population wears glasses (not contacts)?,64.0,5.0
144,23,What percentage of the United States population wears glasses (not contacts)?,64.0,72.0
145,23,What percentage of the United States population wears glasses (not contacts)?,64.0,70.0
1,24,"What percentage of world languages are spoken by more than 100,000 people?",20.0,30.0
2,24,"What percentage of world languages are spoken by more than 100,000 people?",20.0,10.0
3,24,"What percentage of world languages are spoken by more than 100,000 people?",20.0,70.0
4,24,"What percentage of world languages are spoken by more than 100,000 people?",20.0,50.0
5,24,"What percentage of world languages are spoken by more than 100,000 people?",20.0,5.0
6,24,"What percentage of world languages are spoken by more than 100,000 people?",20.0,40.0
7,24,"What percentage of world languages are spoken by more than 100,000 people?",20.0,30.0
8,24,"What percentage of world languages are spoken by more than 100,000 people?",20.0,79.0
9,24,"What percentage of world languages are spoken by more than 100,000 people?",20.0,10.0
10,24,"What percentage of world languages are spoken by more than 100,000 people?",20.0,25.0
11,24,"What percentage of world languages are spoken by more than 100,000 people?",20.0,60.0
12,24,"What percentage of world languages are spoken by more than 100,000 people?",20.0,10.0
13,24,"What percentage of world languages are spoken by more than 100,000 people?",20.0,80.0
14,24,"What percentage of world languages are spoken by more than 100,000 people?",20.0,20.0
15,24,"What percentage of world languages are spoken by more than 100,000 people?",20.0,5.0
16,24,"What percentage of world languages are spoken by more than 100,000 people?",20.0,94.0
17,24,"What percentage of world languages are spoken by more than 100,000 people?",20.0,60.0
18,24,"What percentage of world languages are spoken by more than 100,000 people?",20.0,65.0
19,24,"What percentage of world languages are spoken by more than 100,000 people?",20.0,80.0
20,24,"What percentage of world languages are spoken by more than 100,000 people?",20.0,40.0
21,24,"What percentage of world languages are spoken by more than 100,000 people?",20.0,50.0
22,24,"What percentage of world languages are spoken by more than 100,000 people?",20.0,5.0
23,24,"What percentage of world languages are spoken by more than 100,000 people?",20.0,10.0
24,24,"What percentage of world languages are spoken by more than 100,000 people?",20.0,95.0
25,24,"What percentage of world languages are spoken by more than 100,000 people?",20.0,60.0
26,24,"What percentage of world languages are spoken by more than 100,000 people?",20.0,90.0
27,24,"What percentage of world languages are spoken by more than 100,000 people?",20.0,60.0
28,24,"What percentage of world languages are spoken by more than 100,000 people?",20.0,20.0
29,24,"What percentage of world languages are spoken by more than 100,000 people?",20.0,99.0
30,24,"What percentage of world languages are spoken by more than 100,000 people?",20.0,2.0
31,24,"What percentage of world languages are spoken by more than 100,000 people?",20.0,100.0
32,24,"What percentage of world languages are spoken by more than 100,000 people?",20.0,20.0
33,24,"What percentage of world languages are spoken by more than 100,000 people?",20.0,40.0
34,24,"What percentage of world languages are spoken by more than 100,000 people?",20.0,25.0
35,24,"What percentage of world languages are spoken by more than 100,000 people?",20.0,3.0
36,24,"What percentage of world languages are spoken by more than 100,000 people?",20.0,75.0
37,24,"What percentage of world languages are spoken by more than 100,000 people?",20.0,65.0
38,24,"What percentage of world languages are spoken by more than 100,000 people?",20.0,10.0
39,24,"What percentage of world languages are spoken by more than 100,000 people?",20.0,55.0
40,24,"What percentage of world languages are spoken by more than 100,000 people?",20.0,30.0
41,24,"What percentage of world languages are spoken by more than 100,000 people?",20.0,87.0
42,24,"What percentage of world languages are spoken by more than 100,000 people?",20.0,95.0
43,24,"What percentage of world languages are spoken by more than 100,000 people?",20.0,70.0
44,24,"What percentage of world languages are spoken by more than 100,000 people?",20.0,47.0
45,24,"What percentage of world languages are spoken by more than 100,000 people?",20.0,85.0
46,24,"What percentage of world languages are spoken by more than 100,000 people?",20.0,90.0
47,24,"What percentage of world languages are spoken by more than 100,000 people?",20.0,20.0
48,24,"What percentage of world languages are spoken by more than 100,000 people?",20.0,30.0
49,24,"What percentage of world languages are spoken by more than 100,000 people?",20.0,60.0
50,24,"What percentage of world languages are spoken by more than 100,000 people?",20.0,75.0
51,24,"What percentage of world languages are spoken by more than 100,000 people?",20.0,65.0
52,24,"What percentage of world languages are spoken by more than 100,000 people?",20.0,20.0
53,24,"What percentage of world languages are spoken by more than 100,000 people?",20.0,22.0
54,24,"What percentage of world languages are spoken by more than 100,000 people?",20.0,85.0
55,24,"What percentage of world languages are spoken by more than 100,000 people?",20.0,100.0
56,24,"What percentage of world languages are spoken by more than 100,000 people?",20.0,40.0
57,24,"What percentage of world languages are spoken by more than 100,000 people?",20.0,76.0
58,24,"What percentage of world languages are spoken by more than 100,000 people?",20.0,90.0
59,24,"What percentage of world languages are spoken by more than 100,000 people?",20.0,20.0
60,24,"What percentage of world languages are spoken by more than 100,000 people?",20.0,80.0
61,24,"What percentage of world languages are spoken by more than 100,000 people?",20.0,40.0
62,24,"What percentage of world languages are spoken by more than 100,000 people?",20.0,8.0
63,24,"What percentage of world languages are spoken by more than 100,000 people?",20.0,100.0
64,24,"What percentage of world languages are spoken by more than 100,000 people?",20.0,33.0
65,24,"What percentage of world languages are spoken by more than 100,000 people?",20.0,65.0
66,24,"What percentage of world languages are spoken by more than 100,000 people?",20.0,60.0
67,24,"What percentage of world languages are spoken by more than 100,000 people?",20.0,90.0
68,24,"What percentage of world languages are spoken by more than 100,000 people?",20.0,92.0
69,24,"What percentage of world languages are spoken by more than 100,000 people?",20.0,70.0
70,24,"What percentage of world languages are spoken by more than 100,000 people?",20.0,100.0
71,24,"What percentage of world languages are spoken by more than 100,000 people?",20.0,15.0
72,24,"What percentage of world languages are spoken by more than 100,000 people?",20.0,75.0
73,24,"What percentage of world languages are spoken by more than 100,000 people?",20.0,15.0
74,24,"What percentage of world languages are spoken by more than 100,000 people?",20.0,90.0
75,24,"What percentage of world languages are spoken by more than 100,000 people?",20.0,25.0
76,24,"What percentage of world languages are spoken by more than 100,000 people?",20.0,60.0
77,24,"What percentage of world languages are spoken by more than 100,000 people?",20.0,90.0
78,24,"What percentage of world languages are spoken by more than 100,000 people?",20.0,95.0
79,24,"What percentage of world languages are spoken by more than 100,000 people?",20.0,45.0
80,24,"What percentage of world languages are spoken by more than 100,000 people?",20.0,10.0
81,24,"What percentage of world languages are spoken by more than 100,000 people?",20.0,90.0
82,24,"What percentage of world languages are spoken by more than 100,000 people?",20.0,4.0
83,24,"What percentage of world languages are spoken by more than 100,000 people?",20.0,40.0
84,24,"What percentage of world languages are spoken by more than 100,000 people?",20.0,30.0
85,24,"What percentage of world languages are spoken by more than 100,000 people?",20.0,80.0
86,24,"What percentage of world languages are spoken by more than 100,000 people?",20.0,80.0
87,24,"What percentage of world languages are spoken by more than 100,000 people?",20.0,10.0
88,24,"What percentage of world languages are spoken by more than 100,000 people?",20.0,70.0
89,24,"What percentage of world languages are spoken by more than 100,000 people?",20.0,10.0
90,24,"What percentage of world languages are spoken by more than 100,000 people?",20.0,50.0
91,24,"What percentage of world languages are spoken by more than 100,000 people?",20.0,50.0
92,24,"What percentage of world languages are spoken by more than 100,000 people?",20.0,80.0
93,24,"What percentage of world languages are spoken by more than 100,000 people?",20.0,90.0
94,24,"What percentage of world languages are spoken by more than 100,000 people?",20.0,50.0
95,24,"What percentage of world languages are spoken by more than 100,000 people?",20.0,90.0
96,24,"What percentage of world languages are spoken by more than 100,000 people?",20.0,23.0
97,24,"What percentage of world languages are spoken by more than 100,000 people?",20.0,15.0
98,24,"What percentage of world languages are spoken by more than 100,000 people?",20.0,50.0
99,24,"What percentage of world languages are spoken by more than 100,000 people?",20.0,5.0
100,24,"What percentage of world languages are spoken by more than 100,000 people?",20.0,50.0
101,24,"What percentage of world languages are spoken by more than 100,000 people?",20.0,50.0
102,24,"What percentage of world languages are spoken by more than 100,000 people?",20.0,33.0
103,24,"What percentage of world languages are spoken by more than 100,000 people?",20.0,11.0
104,24,"What percentage of world languages are spoken by more than 100,000 people?",20.0,25.0
105,24,"What percentage of world languages are spoken by more than 100,000 people?",20.0,90.0
106,24,"What percentage of world languages are spoken by more than 100,000 people?",20.0,10.0
107,24,"What percentage of world languages are spoken by more than 100,000 people?",20.0,83.0
108,24,"What percentage of world languages are spoken by more than 100,000 people?",20.0,75.0
109,24,"What percentage of world languages are spoken by more than 100,000 people?",20.0,70.0
110,24,"What percentage of world languages are spoken by more than 100,000 people?",20.0,99.0
111,24,"What percentage of world languages are spoken by more than 100,000 people?",20.0,95.0
112,24,"What percentage of world languages are spoken by more than 100,000 people?",20.0,75.0
113,24,"What percentage of world languages are spoken by more than 100,000 people?",20.0,60.0
114,24,"What percentage of world languages are spoken by more than 100,000 people?",20.0,16.0
115,24,"What percentage of world languages are spoken by more than 100,000 people?",20.0,15.0
116,24,"What percentage of world languages are spoken by more than 100,000 people?",20.0,70.0
117,24,"What percentage of world languages are spoken by more than 100,000 people?",20.0,99.0
118,24,"What percentage of world languages are spoken by more than 100,000 people?",20.0,70.0
119,24,"What percentage of world languages are spoken by more than 100,000 people?",20.0,90.0
120,24,"What percentage of world languages are spoken by more than 100,000 people?",20.0,12.0
121,24,"What percentage of world languages are spoken by more than 100,000 people?",20.0,65.0
122,24,"What percentage of world languages are spoken by more than 100,000 people?",20.0,98.0
123,24,"What percentage of world languages are spoken by more than 100,000 people?",20.0,5.0
124,24,"What percentage of world languages are spoken by more than 100,000 people?",20.0,15.0
125,24,"What percentage of world languages are spoken by more than 100,000 people?",20.0,50.0
126,24,"What percentage of world languages are spoken by more than 100,000 people?",20.0,98.0
127,24,"What percentage of world languages are spoken by more than 100,000 people?",20.0,70.0
128,24,"What percentage of world languages are spoken by more than 100,000 people?",20.0,55.0
129,24,"What percentage of world languages are spoken by more than 100,000 people?",20.0,15.0
130,24,"What percentage of world languages are spoken by more than 100,000 people?",20.0,97.0
131,24,"What percentage of world languages are spoken by more than 100,000 people?",20.0,20.0
132,24,"What percentage of world languages are spoken by more than 100,000 people?",20.0,40.0
133,24,"What percentage of world languages are spoken by more than 100,000 people?",20.0,77.0
134,24,"What percentage of world languages are spoken by more than 100,000 people?",20.0,4.0
135,24,"What percentage of world languages are spoken by more than 100,000 people?",20.0,20.0
136,24,"What percentage of world languages are spoken by more than 100,000 people?",20.0,15.0
137,24,"What percentage of world languages are spoken by more than 100,000 people?",20.0,10.0
138,24,"What percentage of world languages are spoken by more than 100,000 people?",20.0,80.0
139,24,"What percentage of world languages are spoken by more than 100,000 people?",20.0,40.0
140,24,"What percentage of world languages are spoken by more than 100,000 people?",20.0,20.0
141,24,"What percentage of world languages are spoken by more than 100,000 people?",20.0,7.0
142,24,"What percentage of world languages are spoken by more than 100,000 people?",20.0,20.0
143,24,"What percentage of world languages are spoken by more than 100,000 people?",20.0,60.0
144,24,"What percentage of world languages are spoken by more than 100,000 people?",20.0,15.0
145,24,"What percentage of world languages are spoken by more than 100,000 people?",20.0,60.0
1,25,What percentage of FIFA world cups have been won by South American countries?,47.4,40.0
2,25,What percentage of FIFA world cups have been won by South American countries?,47.4,60.0
3,25,What percentage of FIFA world cups have been won by South American countries?,47.4,60.0
4,25,What percentage of FIFA world cups have been won by South American countries?,47.4,60.0
5,25,What percentage of FIFA world cups have been won by South American countries?,47.4,80.0
6,25,What percentage of FIFA world cups have been won by South American countries?,47.4,85.0
7,25,What percentage of FIFA world cups have been won by South American countries?,47.4,75.0
8,25,What percentage of FIFA world cups have been won by South American countries?,47.4,80.0
9,25,What percentage of FIFA world cups have been won by South American countries?,47.4,5.0
10,25,What percentage of FIFA world cups have been won by South American countries?,47.4,40.0
11,25,What percentage of FIFA world cups have been won by South American countries?,47.4,35.0
12,25,What percentage of FIFA world cups have been won by South American countries?,47.4,60.0
13,25,What percentage of FIFA world cups have been won by South American countries?,47.4,60.0
14,25,What percentage of FIFA world cups have been won by South American countries?,47.4,70.0
15,25,What percentage of FIFA world cups have been won by South American countries?,47.4,42.0
16,25,What percentage of FIFA world cups have been won by South American countries?,47.4,35.0
17,25,What percentage of FIFA world cups have been won by South American countries?,47.4,20.0
18,25,What percentage of FIFA world cups have been won by South American countries?,47.4,25.0
19,25,What percentage of FIFA world cups have been won by South American countries?,47.4,60.0
20,25,What percentage of FIFA world cups have been won by South American countries?,47.4,10.0
21,25,What percentage of FIFA world cups have been won by South American countries?,47.4,70.0
22,25,What percentage of FIFA world cups have been won by South American countries?,47.4,60.0
23,25,What percentage of FIFA world cups have been won by South American countries?,47.4,85.0
24,25,What percentage of FIFA world cups have been won by South American countries?,47.4,40.0
25,25,What percentage of FIFA world cups have been won by South American countries?,47.4,70.0
26,25,What percentage of FIFA world cups have been won by South American countries?,47.4,90.0
27,25,What percentage of FIFA world cups have been won by South American countries?,47.4,35.0
28,25,What percentage of FIFA world cups have been won by South American countries?,47.4,70.0
29,25,What percentage of FIFA world cups have been won by South American countries?,47.4,20.0
30,25,What percentage of FIFA world cups have been won by South American countries?,47.4,10.0
31,25,What percentage of FIFA world cups have been won by South American countries?,47.4,60.0
32,25,What percentage of FIFA world cups have been won by South American countries?,47.4,45.0
33,25,What percentage of FIFA world cups have been won by South American countries?,47.4,90.0
34,25,What percentage of FIFA world cups have been won by South American countries?,47.4,80.0
35,25,What percentage of FIFA world cups have been won by South American countries?,47.4,40.0
36,25,What percentage of FIFA world cups have been won by South American countries?,47.4,45.0
37,25,What percentage of FIFA world cups have been won by South American countries?,47.4,40.0
38,25,What percentage of FIFA world cups have been won by South American countries?,47.4,5.0
39,25,What percentage of FIFA world cups have been won by South American countries?,47.4,60.0
40,25,What percentage of FIFA world cups have been won by South American countries?,47.4,70.0
41,25,What percentage of FIFA world cups have been won by South American countries?,47.4,78.0
42,25,What percentage of FIFA world cups have been won by South American countries?,47.4,30.0
43,25,What percentage of FIFA world cups have been won by South American countries?,47.4,20.0
44,25,What percentage of FIFA world cups have been won by South American countries?,47.4,57.0
45,25,What percentage of FIFA world cups have been won by South American countries?,47.4,75.0
46,25,What percentage of FIFA world cups have been won by South American countries?,47.4,12.0
47,25,What percentage of FIFA world cups have been won by South American countries?,47.4,20.0
48,25,What percentage of FIFA world cups have been won by South American countries?,47.4,50.0
49,25,What percentage of FIFA world cups have been won by South American countries?,47.4,50.0
50,25,What percentage of FIFA world cups have been won by South American countries?,47.4,25.0
51,25,What percentage of FIFA world cups have been won by South American countries?,47.4,80.0
52,25,What percentage of FIFA world cups have been won by South American countries?,47.4,20.0
53,25,What percentage of FIFA world cups have been won by South American countries?,47.4,32.0
54,25,What percentage of FIFA world cups have been won by South American countries?,47.4,25.0
55,25,What percentage of FIFA world cups have been won by South American countries?,47.4,30.0
56,25,What percentage of FIFA world cups have been won by South American countries?,47.4,50.0
57,25,What percentage of FIFA world cups have been won by South American countries?,47.4,65.0
58,25,What percentage of FIFA world cups have been won by South American countries?,47.4,25.0
59,25,What percentage of FIFA world cups have been won by South American countries?,47.4,75.0
60,25,What percentage of FIFA world cups have been won by South American countries?,47.4,75.0
61,25,What percentage of FIFA world cups have been won by South American countries?,47.4,50.0
62,25,What percentage of FIFA world cups have been won by South American countries?,47.4,30.0
63,25,What percentage of FIFA world cups have been won by South American countries?,47.4,18.0
64,25,What percentage of FIFA world cups have been won by South American countries?,47.4,33.0
65,25,What percentage of FIFA world cups have been won by South American countries?,47.4,70.0
66,25,What percentage of FIFA world cups have been won by South American countries?,47.4,40.0
67,25,What percentage of FIFA world cups have been won by South American countries?,47.4,10.0
68,25,What percentage of FIFA world cups have been won by South American countries?,47.4,45.0
69,25,What percentage of FIFA world cups have been won by South American countries?,47.4,20.0
70,25,What percentage of FIFA world cups have been won by South American countries?,47.4,30.0
71,25,What percentage of FIFA world cups have been won by South American countries?,47.4,50.0
72,25,What percentage of FIFA world cups have been won by South American countries?,47.4,45.0
73,25,What percentage of FIFA world cups have been won by South American countries?,47.4,60.0
74,25,What percentage of FIFA world cups have been won by South American countries?,47.4,60.0
75,25,What percentage of FIFA world cups have been won by South American countries?,47.4,55.0
76,25,What percentage of FIFA world cups have been won by South American countries?,47.4,50.0
77,25,What percentage of FIFA world cups have been won by South American countries?,47.4,25.0
78,25,What percentage of FIFA world cups have been won by South American countries?,47.4,75.0
79,25,What percentage of FIFA world cups have been won by South American countries?,47.4,10.0
80,25,What percentage of FIFA world cups have been won by South American countries?,47.4,40.0
81,25,What percentage of FIFA world cups have been won by South American countries?,47.4,28.0
82,25,What percentage of FIFA world cups have been won by South American countries?,47.4,2.0
83,25,What percentage of FIFA world cups have been won by South American countries?,47.4,25.0
84,25,What percentage of FIFA world cups have been won by South American countries?,47.4,80.0
85,25,What percentage of FIFA world cups have been won by South American countries?,47.4,70.0
86,25,What percentage of FIFA world cups have been won by South American countries?,47.4,65.0
87,25,What percentage of FIFA world cups have been won by South American countries?,47.4,70.0
88,25,What percentage of FIFA world cups have been won by South American countries?,47.4,55.0
89,25,What percentage of FIFA world cups have been won by South American countries?,47.4,15.0
90,25,What percentage of FIFA world cups have been won by South American countries?,47.4,50.0
91,25,What percentage of FIFA world cups have been won by South American countries?,47.4,80.0
92,25,What percentage of FIFA world cups have been won by South American countries?,47.4,85.0
93,25,What percentage of FIFA world cups have been won by South American countries?,47.4,95.0
94,25,What percentage of FIFA world cups have been won by South American countries?,47.4,75.0
95,25,What percentage of FIFA world cups have been won by South American countries?,47.4,50.0
96,25,What percentage of FIFA world cups have been won by South American countries?,47.4,10.0
97,25,What percentage of FIFA world cups have been won by South American countries?,47.4,20.0
98,25,What percentage of FIFA world cups have been won by South American countries?,47.4,33.0
99,25,What percentage of FIFA world cups have been won by South American countries?,47.4,60.0
100,25,What percentage of FIFA world cups have been won by South American countries?,47.4,50.0
101,25,What percentage of FIFA world cups have been won by South American countries?,47.4,80.0
102,25,What percentage of FIFA world cups have been won by South American countries?,47.4,70.0
103,25,What percentage of FIFA world cups have been won by South American countries?,47.4,60.0
104,25,What percentage of FIFA world cups have been won by South American countries?,47.4,35.0
105,25,What percentage of FIFA world cups have been won by South American countries?,47.4,20.0
106,25,What percentage of FIFA world cups have been won by South American countries?,47.4,50.0
107,25,What percentage of FIFA world cups have been won by South American countries?,47.4,0.0
108,25,What percentage of FIFA world cups have been won by South American countries?,47.4,30.0
109,25,What percentage of FIFA world cups have been won by South American countries?,47.4,70.0
110,25,What percentage of FIFA world cups have been won by South American countries?,47.4,70.0
111,25,What percentage of FIFA world cups have been won by South American countries?,47.4,65.0
112,25,What percentage of FIFA world cups have been won by South American countries?,47.4,60.0
113,25,What percentage of FIFA world cups have been won by South American countries?,47.4,15.0
114,25,What percentage of FIFA world cups have been won by South American countries?,47.4,70.0
115,25,What percentage of FIFA world cups have been won by South American countries?,47.4,25.0
116,25,What percentage of FIFA world cups have been won by South American countries?,47.4,75.0
117,25,What percentage of FIFA world cups have been won by South American countries?,47.4,76.0
118,25,What percentage of FIFA world cups have been won by South American countries?,47.4,20.0
119,25,What percentage of FIFA world cups have been won by South American countries?,47.4,75.0
120,25,What percentage of FIFA world cups have been won by South American countries?,47.4,65.0
121,25,What percentage of FIFA world cups have been won by South American countries?,47.4,40.0
122,25,What percentage of FIFA world cups have been won by South American countries?,47.4,50.0
123,25,What percentage of FIFA world cups have been won by South American countries?,47.4,40.0
124,25,What percentage of FIFA world cups have been won by South American countries?,47.4,55.0
125,25,What percentage of FIFA world cups have been won by South American countries?,47.4,50.0
126,25,What percentage of FIFA world cups have been won by South American countries?,47.4,90.0
127,25,What percentage of FIFA world cups have been won by South American countries?,47.4,70.0
128,25,What percentage of FIFA world cups have been won by South American countries?,47.4,62.0
129,25,What percentage of FIFA world cups have been won by South American countries?,47.4,75.0
130,25,What percentage of FIFA world cups have been won by South American countries?,47.4,40.0
131,25,What percentage of FIFA world cups have been won by South American countries?,47.4,80.0
132,25,What percentage of FIFA world cups have been won by South American countries?,47.4,35.0
133,25,What percentage of FIFA world cups have been won by South American countries?,47.4,62.0
134,25,What percentage of FIFA world cups have been won by South American countries?,47.4,50.0
135,25,What percentage of FIFA world cups have been won by South American countries?,47.4,70.0
136,25,What percentage of FIFA world cups have been won by South American countries?,47.4,50.0
137,25,What percentage of FIFA world cups have been won by South American countries?,47.4,45.0
138,25,What percentage of FIFA world cups have been won by South American countries?,47.4,40.0
139,25,What percentage of FIFA world cups have been won by South American countries?,47.4,60.0
140,25,What percentage of FIFA world cups have been won by South American countries?,47.4,40.0
141,25,What percentage of FIFA world cups have been won by South American countries?,47.4,70.0
142,25,What percentage of FIFA world cups have been won by South American countries?,47.4,20.0
143,25,What percentage of FIFA world cups have been won by South American countries?,47.4,80.0
144,25,What percentage of FIFA world cups have been won by South American countries?,47.4,5.0
145,25,What percentage of FIFA world cups have been won by South American countries?,47.4,10.0
1,26,What percentage of the world population lives on the continent of Asia?,58.8,60.0
2,26,What percentage of the world population lives on the continent of Asia?,58.8,30.0
3,26,What percentage of the world population lives on the continent of Asia?,58.8,40.0
4,26,What percentage of the world population lives on the continent of Asia?,58.8,40.0
5,26,What percentage of the world population lives on the continent of Asia?,58.8,45.0
6,26,What percentage of the world population lives on the continent of Asia?,58.8,75.0
7,26,What percentage of the world population lives on the continent of Asia?,58.8,60.0
8,26,What percentage of the world population lives on the continent of Asia?,58.8,80.0
9,26,What percentage of the world population lives on the continent of Asia?,58.8,33.0
10,26,What percentage of the world population lives on the continent of Asia?,58.8,35.0
11,26,What percentage of the world population lives on the continent of Asia?,58.8,40.0
12,26,What percentage of the world population lives on the continent of Asia?,58.8,70.0
13,26,What percentage of the world population lives on the continent of Asia?,58.8,45.0
14,26,What percentage of the world population lives on the continent of Asia?,58.8,40.0
15,26,What percentage of the world population lives on the continent of Asia?,58.8,45.0
16,26,What percentage of the world population lives on the continent of Asia?,58.8,76.0
17,26,What percentage of the world population lives on the continent of Asia?,58.8,75.0
18,26,What percentage of the world population lives on the continent of Asia?,58.8,50.0
19,26,What percentage of the world population lives on the continent of Asia?,58.8,60.0
20,26,What percentage of the world population lives on the continent of Asia?,58.8,20.0
21,26,What percentage of the world population lives on the continent of Asia?,58.8,65.0
22,26,What percentage of the world population lives on the continent of Asia?,58.8,35.0
23,26,What percentage of the world population lives on the continent of Asia?,58.8,50.0
24,26,What percentage of the world population lives on the continent of Asia?,58.8,60.0
25,26,What percentage of the world population lives on the continent of Asia?,58.8,75.0
26,26,What percentage of the world population lives on the continent of Asia?,58.8,50.0
27,26,What percentage of the world population lives on the continent of Asia?,58.8,50.0
28,26,What percentage of the world population lives on the continent of Asia?,58.8,45.0
29,26,What percentage of the world population lives on the continent of Asia?,58.8,40.0
30,26,What percentage of the world population lives on the continent of Asia?,58.8,55.0
31,26,What percentage of the world population lives on the continent of Asia?,58.8,30.0
32,26,What percentage of the world population lives on the continent of Asia?,58.8,40.0
33,26,What percentage of the world population lives on the continent of Asia?,58.8,95.0
34,26,What percentage of the world population lives on the continent of Asia?,58.8,40.0
35,26,What percentage of the world population lives on the continent of Asia?,58.8,75.0
36,26,What percentage of the world population lives on the continent of Asia?,58.8,48.0
37,26,What percentage of the world population lives on the continent of Asia?,58.8,15.0
38,26,What percentage of the world population lives on the continent of Asia?,58.8,42.0
39,26,What percentage of the world population lives on the continent of Asia?,58.8,40.0
40,26,What percentage of the world population lives on the continent of Asia?,58.8,15.0
41,26,What percentage of the world population lives on the continent of Asia?,58.8,68.0
42,26,What percentage of the world population lives on the continent of Asia?,58.8,80.0
43,26,What percentage of the world population lives on the continent of Asia?,58.8,60.0
44,26,What percentage of the world population lives on the continent of Asia?,58.8,70.0
45,26,What percentage of the world population lives on the continent of Asia?,58.8,70.0
46,26,What percentage of the world population lives on the continent of Asia?,58.8,75.0
47,26,What percentage of the world population lives on the continent of Asia?,58.8,65.0
48,26,What percentage of the world population lives on the continent of Asia?,58.8,70.0
49,26,What percentage of the world population lives on the continent of Asia?,58.8,50.0
50,26,What percentage of the world population lives on the continent of Asia?,58.8,80.0
51,26,What percentage of the world population lives on the continent of Asia?,58.8,70.0
52,26,What percentage of the world population lives on the continent of Asia?,58.8,30.0
53,26,What percentage of the world population lives on the continent of Asia?,58.8,77.0
54,26,What percentage of the world population lives on the continent of Asia?,58.8,70.0
55,26,What percentage of the world population lives on the continent of Asia?,58.8,45.0
56,26,What percentage of the world population lives on the continent of Asia?,58.8,40.0
57,26,What percentage of the world population lives on the continent of Asia?,58.8,68.0
58,26,What percentage of the world population lives on the continent of Asia?,58.8,60.0
59,26,What percentage of the world population lives on the continent of Asia?,58.8,25.0
60,26,What percentage of the world population lives on the continent of Asia?,58.8,35.0
61,26,What percentage of the world population lives on the continent of Asia?,58.8,30.0
62,26,What percentage of the world population lives on the continent of Asia?,58.8,25.0
63,26,What percentage of the world population lives on the continent of Asia?,58.8,20.0
64,26,What percentage of the world population lives on the continent of Asia?,58.8,50.0
65,26,What percentage of the world population lives on the continent of Asia?,58.8,65.0
66,26,What percentage of the world population lives on the continent of Asia?,58.8,65.0
67,26,What percentage of the world population lives on the continent of Asia?,58.8,30.0
68,26,What percentage of the world population lives on the continent of Asia?,58.8,36.0
69,26,What percentage of the world population lives on the continent of Asia?,58.8,60.0
70,26,What percentage of the world population lives on the continent of Asia?,58.8,30.0
71,26,What percentage of the world population lives on the continent of Asia?,58.8,60.0
72,26,What percentage of the world population lives on the continent of Asia?,58.8,35.0
73,26,What percentage of the world population lives on the continent of Asia?,58.8,50.0
74,26,What percentage of the world population lives on the continent of Asia?,58.8,65.0
75,26,What percentage of the world population lives on the continent of Asia?,58.8,40.0
76,26,What percentage of the world population lives on the continent of Asia?,58.8,60.0
77,26,What percentage of the world population lives on the continent of Asia?,58.8,40.0
78,26,What percentage of the world population lives on the continent of Asia?,58.8,70.0
79,26,What percentage of the world population lives on the continent of Asia?,58.8,27.0
80,26,What percentage of the world population lives on the continent of Asia?,58.8,70.0
81,26,What percentage of the world population lives on the continent of Asia?,58.8,25.0
82,26,What percentage of the world population lives on the continent of Asia?,58.8,20.0
83,26,What percentage of the world population lives on the continent of Asia?,58.8,50.0
84,26,What percentage of the world population lives on the continent of Asia?,58.8,60.0
85,26,What percentage of the world population lives on the continent of Asia?,58.8,60.0
86,26,What percentage of the world population lives on the continent of Asia?,58.8,40.0
87,26,What percentage of the world population lives on the continent of Asia?,58.8,30.0
88,26,What percentage of the world population lives on the continent of Asia?,58.8,30.0
89,26,What percentage of the world population lives on the continent of Asia?,58.8,15.0
90,26,What percentage of the world population lives on the continent of Asia?,58.8,50.0
91,26,What percentage of the world population lives on the continent of Asia?,58.8,50.0
92,26,What percentage of the world population lives on the continent of Asia?,58.8,60.0
93,26,What percentage of the world population lives on the continent of Asia?,58.8,85.0
94,26,What percentage of the world population lives on the continent of Asia?,58.8,60.0
95,26,What percentage of the world population lives on the continent of Asia?,58.8,40.0
96,26,What percentage of the world population lives on the continent of Asia?,58.8,40.0
97,26,What percentage of the world population lives on the continent of Asia?,58.8,35.0
98,26,What percentage of the world population lives on the continent of Asia?,58.8,35.0
99,26,What percentage of the world population lives on the continent of Asia?,58.8,10.0
100,26,What percentage of the world population lives on the continent of Asia?,58.8,60.0
101,26,What percentage of the world population lives on the continent of Asia?,58.8,60.0
102,26,What percentage of the world population lives on the continent of Asia?,58.8,50.0
103,26,What percentage of the world population lives on the continent of Asia?,58.8,40.0
104,26,What percentage of the world population lives on the continent of Asia?,58.8,25.0
105,26,What percentage of the world population lives on the continent of Asia?,58.8,50.0
106,26,What percentage of the world population lives on the continent of Asia?,58.8,40.0
107,26,What percentage of the world population lives on the continent of Asia?,58.8,51.0
108,26,What percentage of the world population lives on the continent of Asia?,58.8,60.0
109,26,What percentage of the world population lives on the continent of Asia?,58.8,23.0
110,26,What percentage of the world population lives on the continent of Asia?,58.8,80.0
111,26,What percentage of the world population lives on the continent of Asia?,58.8,75.0
112,26,What percentage of the world population lives on the continent of Asia?,58.8,65.0
113,26,What percentage of the world population lives on the continent of Asia?,58.8,35.0
114,26,What percentage of the world population lives on the continent of Asia?,58.8,60.0
115,26,What percentage of the world population lives on the continent of Asia?,58.8,60.0
116,26,What percentage of the world population lives on the continent of Asia?,58.8,18.0
117,26,What percentage of the world population lives on the continent of Asia?,58.8,47.0
118,26,What percentage of the world population lives on the continent of Asia?,58.8,65.0
119,26,What percentage of the world population lives on the continent of Asia?,58.8,65.0
120,26,What percentage of the world population lives on the continent of Asia?,58.8,70.0
121,26,What percentage of the world population lives on the continent of Asia?,58.8,50.0
122,26,What percentage of the world population lives on the continent of Asia?,58.8,50.0
123,26,What percentage of the world population lives on the continent of Asia?,58.8,85.0
124,26,What percentage of the world population lives on the continent of Asia?,58.8,60.0
125,26,What percentage of the world population lives on the continent of Asia?,58.8,40.0
126,26,What percentage of the world population lives on the continent of Asia?,58.8,55.0
127,26,What percentage of the world population lives on the continent of Asia?,58.8,34.0
128,26,What percentage of the world population lives on the continent of Asia?,58.8,65.0
129,26,What percentage of the world population lives on the continent of Asia?,58.8,20.0
130,26,What percentage of the world population lives on the continent of Asia?,58.8,52.0
131,26,What percentage of the world population lives on the continent of Asia?,58.8,60.0
132,26,What percentage of the world population lives on the continent of Asia?,58.8,67.0
133,26,What percentage of the world population lives on the continent of Asia?,58.8,35.0
134,26,What percentage of the world population lives on the continent of Asia?,58.8,70.0
135,26,What percentage of the world population lives on the continent of Asia?,58.8,40.0
136,26,What percentage of the world population lives on the continent of Asia?,58.8,20.0
137,26,What percentage of the world population lives on the continent of Asia?,58.8,60.0
138,26,What percentage of the world population lives on the continent of Asia?,58.8,60.0
139,26,What percentage of the world population lives on the continent of Asia?,58.8,40.0
140,26,What percentage of the world population lives on the continent of Asia?,58.8,30.0
141,26,What percentage of the world population lives on the continent of Asia?,58.8,65.0
142,26,What percentage of the world population lives on the continent of Asia?,58.8,30.0
143,26,What percentage of the world population lives on the continent of Asia?,58.8,70.0
144,26,What percentage of the world population lives on the continent of Asia?,58.8,25.0
145,26,What percentage of the world population lives on the continent of Asia?,58.8,35.0
1,27,What percentage of NFL teams make it to the playoffs every year?,25.0,15.0
2,27,What percentage of NFL teams make it to the playoffs every year?,25.0,60.0
3,27,What percentage of NFL teams make it to the playoffs every year?,25.0,38.0
4,27,What percentage of NFL teams make it to the playoffs every year?,25.0,25.0
5,27,What percentage of NFL teams make it to the playoffs every year?,25.0,9.0
6,27,What percentage of NFL teams make it to the playoffs every year?,25.0,7.0
7,27,What percentage of NFL teams make it to the playoffs every year?,25.0,40.0
8,27,What percentage of NFL teams make it to the playoffs every year?,25.0,30.0
9,27,What percentage of NFL teams make it to the playoffs every year?,25.0,10.0
10,27,What percentage of NFL teams make it to the playoffs every year?,25.0,25.0
11,27,What percentage of NFL teams make it to the playoffs every year?,25.0,5.0
12,27,What percentage of NFL teams make it to the playoffs every year?,25.0,20.0
13,27,What percentage of NFL teams make it to the playoffs every year?,25.0,33.0
14,27,What percentage of NFL teams make it to the playoffs every year?,25.0,8.0
15,27,What percentage of NFL teams make it to the playoffs every year?,25.0,8.0
16,27,What percentage of NFL teams make it to the playoffs every year?,25.0,1.0
17,27,What percentage of NFL teams make it to the playoffs every year?,25.0,50.0
18,27,What percentage of NFL teams make it to the playoffs every year?,25.0,20.0
19,27,What percentage of NFL teams make it to the playoffs every year?,25.0,35.0
20,27,What percentage of NFL teams make it to the playoffs every year?,25.0,20.0
21,27,What percentage of NFL teams make it to the playoffs every year?,25.0,33.0
22,27,What percentage of NFL teams make it to the playoffs every year?,25.0,40.0
23,27,What percentage of NFL teams make it to the playoffs every year?,25.0,37.0
24,27,What percentage of NFL teams make it to the playoffs every year?,25.0,35.0
25,27,What percentage of NFL teams make it to the playoffs every year?,25.0,1.0
26,27,What percentage of NFL teams make it to the playoffs every year?,25.0,10.0
27,27,What percentage of NFL teams make it to the playoffs every year?,25.0,2.0
28,27,What percentage of NFL teams make it to the playoffs every year?,25.0,16.0
29,27,What percentage of NFL teams make it to the playoffs every year?,25.0,10.0
30,27,What percentage of NFL teams make it to the playoffs every year?,25.0,33.0
31,27,What percentage of NFL teams make it to the playoffs every year?,25.0,20.0
32,27,What percentage of NFL teams make it to the playoffs every year?,25.0,10.0
33,27,What percentage of NFL teams make it to the playoffs every year?,25.0,1.0
34,27,What percentage of NFL teams make it to the playoffs every year?,25.0,50.0
35,27,What percentage of NFL teams make it to the playoffs every year?,25.0,25.0
36,27,What percentage of NFL teams make it to the playoffs every year?,25.0,33.0
37,27,What percentage of NFL teams make it to the playoffs every year?,25.0,10.0
38,27,What percentage of NFL teams make it to the playoffs every year?,25.0,20.0
39,27,What percentage of NFL teams make it to the playoffs every year?,25.0,2.0
40,27,What percentage of NFL teams make it to the playoffs every year?,25.0,10.0
41,27,What percentage of NFL teams make it to the playoffs every year?,25.0,25.0
42,27,What percentage of NFL teams make it to the playoffs every year?,25.0,40.0
43,27,What percentage of NFL teams make it to the playoffs every year?,25.0,75.0
44,27,What percentage of NFL teams make it to the playoffs every year?,25.0,8.0
45,27,What percentage of NFL teams make it to the playoffs every year?,25.0,40.0
46,27,What percentage of NFL teams make it to the playoffs every year?,25.0,30.0
47,27,What percentage of NFL teams make it to the playoffs every year?,25.0,40.0
48,27,What percentage of NFL teams make it to the playoffs every year?,25.0,1.0
49,27,What percentage of NFL teams make it to the playoffs every year?,25.0,20.0
50,27,What percentage of NFL teams make it to the playoffs every year?,25.0,25.0
51,27,What percentage of NFL teams make it to the playoffs every year?,25.0,2.0
52,27,What percentage of NFL teams make it to the playoffs every year?,25.0,50.0
53,27,What percentage of NFL teams make it to the playoffs every year?,25.0,23.0
54,27,What percentage of NFL teams make it to the playoffs every year?,25.0,5.0
55,27,What percentage of NFL teams make it to the playoffs every year?,25.0,50.0
56,27,What percentage of NFL teams make it to the playoffs every year?,25.0,50.0
57,27,What percentage of NFL teams make it to the playoffs every year?,25.0,10.0
58,27,What percentage of NFL teams make it to the playoffs every year?,25.0,10.0
59,27,What percentage of NFL teams make it to the playoffs every year?,25.0,30.0
60,27,What percentage of NFL teams make it to the playoffs every year?,25.0,5.0
61,27,What percentage of NFL teams make it to the playoffs every year?,25.0,2.0
62,27,What percentage of NFL teams make it to the playoffs every year?,25.0,10.0
63,27,What percentage of NFL teams make it to the playoffs every year?,25.0,2.0
64,27,What percentage of NFL teams make it to the playoffs every year?,25.0,35.0
65,27,What percentage of NFL teams make it to the playoffs every year?,25.0,5.0
66,27,What percentage of NFL teams make it to the playoffs every year?,25.0,25.0
67,27,What percentage of NFL teams make it to the playoffs every year?,25.0,1.0
68,27,What percentage of NFL teams make it to the playoffs every year?,25.0,25.0
69,27,What percentage of NFL teams make it to the playoffs every year?,25.0,5.0
70,27,What percentage of NFL teams make it to the playoffs every year?,25.0,10.0
71,27,What percentage of NFL teams make it to the playoffs every year?,25.0,30.0
72,27,What percentage of NFL teams make it to the playoffs every year?,25.0,33.0
73,27,What percentage of NFL teams make it to the playoffs every year?,25.0,65.0
74,27,What percentage of NFL teams make it to the playoffs every year?,25.0,25.0
75,27,What percentage of NFL teams make it to the playoffs every year?,25.0,20.0
76,27,What percentage of NFL teams make it to the playoffs every year?,25.0,15.0
77,27,What percentage of NFL teams make it to the playoffs every year?,25.0,37.0
78,27,What percentage of NFL teams make it to the playoffs every year?,25.0,12.0
79,27,What percentage of NFL teams make it to the playoffs every year?,25.0,4.0
80,27,What percentage of NFL teams make it to the playoffs every year?,25.0,15.0
81,27,What percentage of NFL teams make it to the playoffs every year?,25.0,10.0
82,27,What percentage of NFL teams make it to the playoffs every year?,25.0,1.0
83,27,What percentage of NFL teams make it to the playoffs every year?,25.0,25.0
84,27,What percentage of NFL teams make it to the playoffs every year?,25.0,20.0
85,27,What percentage of NFL teams make it to the playoffs every year?,25.0,25.0
86,27,What percentage of NFL teams make it to the playoffs every year?,25.0,12.0
87,27,What percentage of NFL teams make it to the playoffs every year?,25.0,10.0
88,27,What percentage of NFL teams make it to the playoffs every year?,25.0,50.0
89,27,What percentage of NFL teams make it to the playoffs every year?,25.0,15.0
90,27,What percentage of NFL teams make it to the playoffs every year?,25.0,15.0
91,27,What percentage of NFL teams make it to the playoffs every year?,25.0,40.0
92,27,What percentage of NFL teams make it to the playoffs every year?,25.0,45.0
93,27,What percentage of NFL teams make it to the playoffs every year?,25.0,5.0
94,27,What percentage of NFL teams make it to the playoffs every year?,25.0,38.0
95,27,What percentage of NFL teams make it to the playoffs every year?,25.0,33.0
96,27,What percentage of NFL teams make it to the playoffs every year?,25.0,5.0
97,27,What percentage of NFL teams make it to the playoffs every year?,25.0,12.0
98,27,What percentage of NFL teams make it to the playoffs every year?,25.0,25.0
99,27,What percentage of NFL teams make it to the playoffs every year?,25.0,20.0
100,27,What percentage of NFL teams make it to the playoffs every year?,25.0,10.0
101,27,What percentage of NFL teams make it to the playoffs every year?,25.0,30.0
102,27,What percentage of NFL teams make it to the playoffs every year?,25.0,1.0
103,27,What percentage of NFL teams make it to the playoffs every year?,25.0,2.0
104,27,What percentage of NFL teams make it to the playoffs every year?,25.0,33.0
105,27,What percentage of NFL teams make it to the playoffs every year?,25.0,35.0
106,27,What percentage of NFL teams make it to the playoffs every year?,25.0,10.0
107,27,What percentage of NFL teams make it to the playoffs every year?,25.0,38.0
108,27,What percentage of NFL teams make it to the playoffs every year?,25.0,25.0
109,27,What percentage of NFL teams make it to the playoffs every year?,25.0,20.0
110,27,What percentage of NFL teams make it to the playoffs every year?,25.0,20.0
111,27,What percentage of NFL teams make it to the playoffs every year?,25.0,38.0
112,27,What percentage of NFL teams make it to the playoffs every year?,25.0,30.0
113,27,What percentage of NFL teams make it to the playoffs every year?,25.0,85.0
114,27,What percentage of NFL teams make it to the playoffs every year?,25.0,25.0
115,27,What percentage of NFL teams make it to the playoffs every year?,25.0,10.0
116,27,What percentage of NFL teams make it to the playoffs every year?,25.0,6.0
117,27,What percentage of NFL teams make it to the playoffs every year?,25.0,5.0
118,27,What percentage of NFL teams make it to the playoffs every year?,25.0,10.0
119,27,What percentage of NFL teams make it to the playoffs every year?,25.0,2.0
120,27,What percentage of NFL teams make it to the playoffs every year?,25.0,25.0
121,27,What percentage of NFL teams make it to the playoffs every year?,25.0,20.0
122,27,What percentage of NFL teams make it to the playoffs every year?,25.0,2.0
123,27,What percentage of NFL teams make it to the playoffs every year?,25.0,30.0
124,27,What percentage of NFL teams make it to the playoffs every year?,25.0,15.0
125,27,What percentage of NFL teams make it to the playoffs every year?,25.0,40.0
126,27,What percentage of NFL teams make it to the playoffs every year?,25.0,10.0
127,27,What percentage of NFL teams make it to the playoffs every year?,25.0,30.0
128,27,What percentage of NFL teams make it to the playoffs every year?,25.0,50.0
129,27,What percentage of NFL teams make it to the playoffs every year?,25.0,10.0
130,27,What percentage of NFL teams make it to the playoffs every year?,25.0,50.0
131,27,What percentage of NFL teams make it to the playoffs every year?,25.0,35.0
132,27,What percentage of NFL teams make it to the playoffs every year?,25.0,40.0
133,27,What percentage of NFL teams make it to the playoffs every year?,25.0,33.0
134,27,What percentage of NFL teams make it to the playoffs every year?,25.0,5.0
135,27,What percentage of NFL teams make it to the playoffs every year?,25.0,5.0
136,27,What percentage of NFL teams make it to the playoffs every year?,25.0,10.0
137,27,What percentage of NFL teams make it to the playoffs every year?,25.0,5.0
138,27,What percentage of NFL teams make it to the playoffs every year?,25.0,5.0
139,27,What percentage of NFL teams make it to the playoffs every year?,25.0,25.0
140,27,What percentage of NFL teams make it to the playoffs every year?,25.0,2.0
141,27,What percentage of NFL teams make it to the playoffs every year?,25.0,10.0
142,27,What percentage of NFL teams make it to the playoffs every year?,25.0,10.0
143,27,What percentage of NFL teams make it to the playoffs every year?,25.0,25.0
144,27,What percentage of NFL teams make it to the playoffs every year?,25.0,12.0
145,27,What percentage of NFL teams make it to the playoffs every year?,25.0,10.0
1,28,What percentage of the world's airports are in the United States?,34.3,10.0
2,28,What percentage of the world's airports are in the United States?,34.3,10.0
3,28,What percentage of the world's airports are in the United States?,34.3,10.0
4,28,What percentage of the world's airports are in the United States?,34.3,10.0
5,28,What percentage of the world's airports are in the United States?,34.3,50.0
6,28,What percentage of the world's airports are in the United States?,34.3,30.0
7,28,What percentage of the world's airports are in the United States?,34.3,68.0
8,28,What percentage of the world's airports are in the United States?,34.3,16.0
9,28,What percentage of the world's airports are in the United States?,34.3,30.0
10,28,What percentage of the world's airports are in the United States?,34.3,7.0
11,28,What percentage of the world's airports are in the United States?,34.3,5.0
12,28,What percentage of the world's airports are in the United States?,34.3,70.0
13,28,What percentage of the world's airports are in the United States?,34.3,40.0
14,28,What percentage of the world's airports are in the United States?,34.3,70.0
15,28,What percentage of the world's airports are in the United States?,34.3,35.0
16,28,What percentage of the world's airports are in the United States?,34.3,60.0
17,28,What percentage of the world's airports are in the United States?,34.3,30.0
18,28,What percentage of the world's airports are in the United States?,34.3,30.0
19,28,What percentage of the world's airports are in the United States?,34.3,15.0
20,28,What percentage of the world's airports are in the United States?,34.3,30.0
21,28,What percentage of the world's airports are in the United States?,34.3,40.0
22,28,What percentage of the world's airports are in the United States?,34.3,5.0
23,28,What percentage of the world's airports are in the United States?,34.3,35.0
24,28,What percentage of the world's airports are in the United States?,34.3,38.0
25,28,What percentage of the world's airports are in the United States?,34.3,40.0
26,28,What percentage of the world's airports are in the United States?,34.3,50.0
27,28,What percentage of the world's airports are in the United States?,34.3,22.0
28,28,What percentage of the world's airports are in the United States?,34.3,5.0
29,28,What percentage of the world's airports are in the United States?,34.3,30.0
30,28,What percentage of the world's airports are in the United States?,34.3,25.0
31,28,What percentage of the world's airports are in the United States?,34.3,20.0
32,28,What percentage of the world's airports are in the United States?,34.3,25.0
33,28,What percentage of the world's airports are in the United States?,34.3,10.0
34,28,What percentage of the world's airports are in the United States?,34.3,25.0
35,28,What percentage of the world's airports are in the United States?,34.3,10.0
36,28,What percentage of the world's airports are in the United States?,34.3,30.0
37,28,What percentage of the world's airports are in the United States?,34.3,30.0
38,28,What percentage of the world's airports are in the United States?,34.3,15.0
39,28,What percentage of the world's airports are in the United States?,34.3,25.0
40,28,What percentage of the world's airports are in the United States?,34.3,20.0
41,28,What percentage of the world's airports are in the United States?,34.3,50.0
42,28,What percentage of the world's airports are in the United States?,34.3,30.0
43,28,What percentage of the world's airports are in the United States?,34.3,33.0
44,28,What percentage of the world's airports are in the United States?,34.3,18.0
45,28,What percentage of the world's airports are in the United States?,34.3,20.0
46,28,What percentage of the world's airports are in the United States?,34.3,30.0
47,28,What percentage of the world's airports are in the United States?,34.3,20.0
48,28,What percentage of the world's airports are in the United States?,34.3,25.0
49,28,What percentage of the world's airports are in the United States?,34.3,20.0
50,28,What percentage of the world's airports are in the United States?,34.3,35.0
51,28,What percentage of the world's airports are in the United States?,34.3,33.0
52,28,What percentage of the world's airports are in the United States?,34.3,20.0
53,28,What percentage of the world's airports are in the United States?,34.3,35.0
54,28,What percentage of the world's airports are in the United States?,34.3,45.0
55,28,What percentage of the world's airports are in the United States?,34.3,50.0
56,28,What percentage of the world's airports are in the United States?,34.3,60.0
57,28,What percentage of the world's airports are in the United States?,34.3,30.0
58,28,What percentage of the world's airports are in the United States?,34.3,30.0
59,28,What percentage of the world's airports are in the United States?,34.3,10.0
60,28,What percentage of the world's airports are in the United States?,34.3,35.0
61,28,What percentage of the world's airports are in the United States?,34.3,30.0
62,28,What percentage of the world's airports are in the United States?,34.3,5.0
63,28,What percentage of the world's airports are in the United States?,34.3,67.0
64,28,What percentage of the world's airports are in the United States?,34.3,10.0
65,28,What percentage of the world's airports are in the United States?,34.3,60.0
66,28,What percentage of the world's airports are in the United States?,34.3,20.0
67,28,What percentage of the world's airports are in the United States?,34.3,40.0
68,28,What percentage of the world's airports are in the United States?,34.3,11.0
69,28,What percentage of the world's airports are in the United States?,34.3,5.0
70,28,What percentage of the world's airports are in the United States?,34.3,25.0
71,28,What percentage of the world's airports are in the United States?,34.3,14.0
72,28,What percentage of the world's airports are in the United States?,34.3,8.0
73,28,What percentage of the world's airports are in the United States?,34.3,40.0
74,28,What percentage of the world's airports are in the United States?,34.3,15.0
75,28,What percentage of the world's airports are in the United States?,34.3,15.0
76,28,What percentage of the world's airports are in the United States?,34.3,40.0
77,28,What percentage of the world's airports are in the United States?,34.3,16.0
78,28,What percentage of the world's airports are in the United States?,34.3,65.0
79,28,What percentage of the world's airports are in the United States?,34.3,3.0
80,28,What percentage of the world's airports are in the United States?,34.3,35.0
81,28,What percentage of the world's airports are in the United States?,34.3,10.0
82,28,What percentage of the world's airports are in the United States?,34.3,10.0
83,28,What percentage of the world's airports are in the United States?,34.3,12.0
84,28,What percentage of the world's airports are in the United States?,34.3,30.0
85,28,What percentage of the world's airports are in the United States?,34.3,10.0
86,28,What percentage of the world's airports are in the United States?,34.3,15.0
87,28,What percentage of the world's airports are in the United States?,34.3,10.0
88,28,What percentage of the world's airports are in the United States?,34.3,20.0
89,28,What percentage of the world's airports are in the United States?,34.3,15.0
90,28,What percentage of the world's airports are in the United States?,34.3,20.0
91,28,What percentage of the world's airports are in the United States?,34.3,15.0
92,28,What percentage of the world's airports are in the United States?,34.3,39.0
93,28,What percentage of the world's airports are in the United States?,34.3,20.0
94,28,What percentage of the world's airports are in the United States?,34.3,25.0
95,28,What percentage of the world's airports are in the United States?,34.3,15.0
96,28,What percentage of the world's airports are in the United States?,34.3,4.0
97,28,What percentage of the world's airports are in the United States?,34.3,20.0
98,28,What percentage of the world's airports are in the United States?,34.3,10.0
99,28,What percentage of the world's airports are in the United States?,34.3,40.0
100,28,What percentage of the world's airports are in the United States?,34.3,40.0
101,28,What percentage of the world's airports are in the United States?,34.3,20.0
102,28,What percentage of the world's airports are in the United States?,34.3,10.0
103,28,What percentage of the world's airports are in the United States?,34.3,42.0
104,28,What percentage of the world's airports are in the United States?,34.3,8.0
105,28,What percentage of the world's airports are in the United States?,34.3,15.0
106,28,What percentage of the world's airports are in the United States?,34.3,25.0
107,28,What percentage of the world's airports are in the United States?,34.3,24.0
108,28,What percentage of the world's airports are in the United States?,34.3,40.0
109,28,What percentage of the world's airports are in the United States?,34.3,40.0
110,28,What percentage of the world's airports are in the United States?,34.3,70.0
111,28,What percentage of the world's airports are in the United States?,34.3,5.0
112,28,What percentage of the world's airports are in the United States?,34.3,30.0
113,28,What percentage of the world's airports are in the United States?,34.3,50.0
114,28,What percentage of the world's airports are in the United States?,34.3,21.0
115,28,What percentage of the world's airports are in the United States?,34.3,15.0
116,28,What percentage of the world's airports are in the United States?,34.3,20.0
117,28,What percentage of the world's airports are in the United States?,34.3,50.0
118,28,What percentage of the world's airports are in the United States?,34.3,30.0
119,28,What percentage of the world's airports are in the United States?,34.3,40.0
120,28,What percentage of the world's airports are in the United States?,34.3,35.0
121,28,What percentage of the world's airports are in the United States?,34.3,10.0
122,28,What percentage of the world's airports are in the United States?,34.3,60.0
123,28,What percentage of the world's airports are in the United States?,34.3,60.0
124,28,What percentage of the world's airports are in the United States?,34.3,25.0
125,28,What percentage of the world's airports are in the United States?,34.3,30.0
126,28,What percentage of the world's airports are in the United States?,34.3,60.0
127,28,What percentage of the world's airports are in the United States?,34.3,32.0
128,28,What percentage of the world's airports are in the United States?,34.3,30.0
129,28,What percentage of the world's airports are in the United States?,34.3,55.0
130,28,What percentage of the world's airports are in the United States?,34.3,35.0
131,28,What percentage of the world's airports are in the United States?,34.3,50.0
132,28,What percentage of the world's airports are in the United States?,34.3,20.0
133,28,What percentage of the world's airports are in the United States?,34.3,4.0
134,28,What percentage of the world's airports are in the United States?,34.3,20.0
135,28,What percentage of the world's airports are in the United States?,34.3,45.0
136,28,What percentage of the world's airports are in the United States?,34.3,15.0
137,28,What percentage of the world's airports are in the United States?,34.3,50.0
138,28,What percentage of the world's airports are in the United States?,34.3,30.0
139,28,What percentage of the world's airports are in the United States?,34.3,35.0
140,28,What percentage of the world's airports are in the United States?,34.3,40.0
141,28,What percentage of the world's airports are in the United States?,34.3,21.0
142,28,What percentage of the world's airports are in the United States?,34.3,50.0
143,28,What percentage of the world's airports are in the United States?,34.3,40.0
144,28,What percentage of the world's airports are in the United States?,34.3,11.0
145,28,What percentage of the world's airports are in the United States?,34.3,5.0
1,29,What percentage of the world's landmass is within the United States?,7.2,7.0
2,29,What percentage of the world's landmass is within the United States?,7.2,24.0
3,29,What percentage of the world's landmass is within the United States?,7.2,10.0
4,29,What percentage of the world's landmass is within the United States?,7.2,15.0
5,29,What percentage of the world's landmass is within the United States?,7.2,16.0
6,29,What percentage of the world's landmass is within the United States?,7.2,12.0
7,29,What percentage of the world's landmass is within the United States?,7.2,28.0
8,29,What percentage of the world's landmass is within the United States?,7.2,15.0
9,29,What percentage of the world's landmass is within the United States?,7.2,25.0
10,29,What percentage of the world's landmass is within the United States?,7.2,9.0
11,29,What percentage of the world's landmass is within the United States?,7.2,7.0
12,29,What percentage of the world's landmass is within the United States?,7.2,10.0
13,29,What percentage of the world's landmass is within the United States?,7.2,10.0
14,29,What percentage of the world's landmass is within the United States?,7.2,30.0
15,29,What percentage of the world's landmass is within the United States?,7.2,18.0
16,29,What percentage of the world's landmass is within the United States?,7.2,33.0
17,29,What percentage of the world's landmass is within the United States?,7.2,60.0
18,29,What percentage of the world's landmass is within the United States?,7.2,40.0
19,29,What percentage of the world's landmass is within the United States?,7.2,15.0
20,29,What percentage of the world's landmass is within the United States?,7.2,30.0
21,29,What percentage of the world's landmass is within the United States?,7.2,30.0
22,29,What percentage of the world's landmass is within the United States?,7.2,3.0
23,29,What percentage of the world's landmass is within the United States?,7.2,10.0
24,29,What percentage of the world's landmass is within the United States?,7.2,6.0
25,29,What percentage of the world's landmass is within the United States?,7.2,5.0
26,29,What percentage of the world's landmass is within the United States?,7.2,25.0
27,29,What percentage of the world's landmass is within the United States?,7.2,20.0
28,29,What percentage of the world's landmass is within the United States?,7.2,18.0
29,29,What percentage of the world's landmass is within the United States?,7.2,22.0
30,29,What percentage of the world's landmass is within the United States?,7.2,5.0
31,29,What percentage of the world's landmass is within the United States?,7.2,10.0
32,29,What percentage of the world's landmass is within the United States?,7.2,20.0
33,29,What percentage of the world's landmass is within the United States?,7.2,60.0
34,29,What percentage of the world's landmass is within the United States?,7.2,10.0
35,29,What percentage of the world's landmass is within the United States?,7.2,10.0
36,29,What percentage of the world's landmass is within the United States?,7.2,10.0
37,29,What percentage of the world's landmass is within the United States?,7.2,6.0
38,29,What percentage of the world's landmass is within the United States?,7.2,10.0
39,29,What percentage of the world's landmass is within the United States?,7.2,5.0
40,29,What percentage of the world's landmass is within the United States?,7.2,10.0
41,29,What percentage of the world's landmass is within the United States?,7.2,24.0
42,29,What percentage of the world's landmass is within the United States?,7.2,20.0
43,29,What percentage of the world's landmass is within the United States?,7.2,13.0
44,29,What percentage of the world's landmass is within the United States?,7.2,4.0
45,29,What percentage of the world's landmass is within the United States?,7.2,12.0
46,29,What percentage of the world's landmass is within the United States?,7.2,37.0
47,29,What percentage of the world's landmass is within the United States?,7.2,20.0
48,29,What percentage of the world's landmass is within the United States?,7.2,30.0
49,29,What percentage of the world's landmass is within the United States?,7.2,10.0
50,29,What percentage of the world's landmass is within the United States?,7.2,10.0
51,29,What percentage of the world's landmass is within the United States?,7.2,19.0
52,29,What percentage of the world's landmass is within the United States?,7.2,10.0
53,29,What percentage of the world's landmass is within the United States?,7.2,21.0
54,29,What percentage of the world's landmass is within the United States?,7.2,20.0
55,29,What percentage of the world's landmass is within the United States?,7.2,10.0
56,29,What percentage of the world's landmass is within the United States?,7.2,10.0
57,29,What percentage of the world's landmass is within the United States?,7.2,15.0
58,29,What percentage of the world's landmass is within the United States?,7.2,15.0
59,29,What percentage of the world's landmass is within the United States?,7.2,5.0
60,29,What percentage of the world's landmass is within the United States?,7.2,15.0
61,29,What percentage of the world's landmass is within the United States?,7.2,5.0
62,29,What percentage of the world's landmass is within the United States?,7.2,15.0
63,29,What percentage of the world's landmass is within the United States?,7.2,20.0
64,29,What percentage of the world's landmass is within the United States?,7.2,6.0
65,29,What percentage of the world's landmass is within the United States?,7.2,25.0
66,29,What percentage of the world's landmass is within the United States?,7.2,2.0
67,29,What percentage of the world's landmass is within the United States?,7.2,20.0
68,29,What percentage of the world's landmass is within the United States?,7.2,9.0
69,29,What percentage of the world's landmass is within the United States?,7.2,15.0
70,29,What percentage of the world's landmass is within the United States?,7.2,30.0
71,29,What percentage of the world's landmass is within the United States?,7.2,7.0
72,29,What percentage of the world's landmass is within the United States?,7.2,5.0
73,29,What percentage of the world's landmass is within the United States?,7.2,17.0
74,29,What percentage of the world's landmass is within the United States?,7.2,7.0
75,29,What percentage of the world's landmass is within the United States?,7.2,21.0
76,29,What percentage of the world's landmass is within the United States?,7.2,20.0
77,29,What percentage of the world's landmass is within the United States?,7.2,15.0
78,29,What percentage of the world's landmass is within the United States?,7.2,15.0
79,29,What percentage of the world's landmass is within the United States?,7.2,7.0
80,29,What percentage of the world's landmass is within the United States?,7.2,25.0
81,29,What percentage of the world's landmass is within the United States?,7.2,3.0
82,29,What percentage of the world's landmass is within the United States?,7.2,20.0
83,29,What percentage of the world's landmass is within the United States?,7.2,5.0
84,29,What percentage of the world's landmass is within the United States?,7.2,20.0
85,29,What percentage of the world's landmass is within the United States?,7.2,20.0
86,29,What percentage of the world's landmass is within the United States?,7.2,7.0
87,29,What percentage of the world's landmass is within the United States?,7.2,25.0
88,29,What percentage of the world's landmass is within the United States?,7.2,20.0
89,29,What percentage of the world's landmass is within the United States?,7.2,20.0
90,29,What percentage of the world's landmass is within the United States?,7.2,10.0
91,29,What percentage of the world's landmass is within the United States?,7.2,15.0
92,29,What percentage of the world's landmass is within the United States?,7.2,33.0
93,29,What percentage of the world's landmass is within the United States?,7.2,15.0
94,29,What percentage of the world's landmass is within the United States?,7.2,35.0
95,29,What percentage of the world's landmass is within the United States?,7.2,5.0
96,29,What percentage of the world's landmass is within the United States?,7.2,20.0
97,29,What percentage of the world's landmass is within the United States?,7.2,25.0
98,29,What percentage of the world's landmass is within the United States?,7.2,75.0
99,29,What percentage of the world's landmass is within the United States?,7.2,20.0
100,29,What percentage of the world's landmass is within the United States?,7.2,15.0
101,29,What percentage of the world's landmass is within the United States?,7.2,10.0
102,29,What percentage of the world's landmass is within the United States?,7.2,12.0
103,29,What percentage of the world's landmass is within the United States?,7.2,12.0
104,29,What percentage of the world's landmass is within the United States?,7.2,2.0
105,29,What percentage of the world's landmass is within the United States?,7.2,3.0
106,29,What percentage of the world's landmass is within the United States?,7.2,10.0
107,29,What percentage of the world's landmass is within the United States?,7.2,17.0
108,29,What percentage of the world's landmass is within the United States?,7.2,10.0
109,29,What percentage of the world's landmass is within the United States?,7.2,60.0
110,29,What percentage of the world's landmass is within the United States?,7.2,17.0
111,29,What percentage of the world's landmass is within the United States?,7.2,10.0
112,29,What percentage of the world's landmass is within the United States?,7.2,10.0
113,29,What percentage of the world's landmass is within the United States?,7.2,80.0
114,29,What percentage of the world's landmass is within the United States?,7.2,5.0
115,29,What percentage of the world's landmass is within the United States?,7.2,20.0
116,29,What percentage of the world's landmass is within the United States?,7.2,12.0
117,29,What percentage of the world's landmass is within the United States?,7.2,30.0
118,29,What percentage of the world's landmass is within the United States?,7.2,5.0
119,29,What percentage of the world's landmass is within the United States?,7.2,10.0
120,29,What percentage of the world's landmass is within the United States?,7.2,10.0
121,29,What percentage of the world's landmass is within the United States?,7.2,10.0
122,29,What percentage of the world's landmass is within the United States?,7.2,30.0
123,29,What percentage of the world's landmass is within the United States?,7.2,20.0
124,29,What percentage of the world's landmass is within the United States?,7.2,5.0
125,29,What percentage of the world's landmass is within the United States?,7.2,7.0
126,29,What percentage of the world's landmass is within the United States?,7.2,7.0
127,29,What percentage of the world's landmass is within the United States?,7.2,5.0
128,29,What percentage of the world's landmass is within the United States?,7.2,25.0
129,29,What percentage of the world's landmass is within the United States?,7.2,10.0
130,29,What percentage of the world's landmass is within the United States?,7.2,10.0
131,29,What percentage of the world's landmass is within the United States?,7.2,35.0
132,29,What percentage of the world's landmass is within the United States?,7.2,4.0
133,29,What percentage of the world's landmass is within the United States?,7.2,8.0
134,29,What percentage of the world's landmass is within the United States?,7.2,10.0
135,29,What percentage of the world's landmass is within the United States?,7.2,26.0
136,29,What percentage of the world's landmass is within the United States?,7.2,3.0
137,29,What percentage of the world's landmass is within the United States?,7.2,15.0
138,29,What percentage of the world's landmass is within the United States?,7.2,20.0
139,29,What percentage of the world's landmass is within the United States?,7.2,40.0
140,29,What percentage of the world's landmass is within the United States?,7.2,15.0
141,29,What percentage of the world's landmass is within the United States?,7.2,15.0
142,29,What percentage of the world's landmass is within the United States?,7.2,30.0
143,29,What percentage of the world's landmass is within the United States?,7.2,5.0
144,29,What percentage of the world's landmass is within the United States?,7.2,26.0
145,29,What percentage of the world's landmass is within the United States?,7.2,30.0
1,30,What is America's percentage of world GDP? (2009 - nominal),24.72,25.0
2,30,What is America's percentage of world GDP? (2009 - nominal),24.72,44.0
3,30,What is America's percentage of world GDP? (2009 - nominal),24.72,15.0
4,30,What is America's percentage of world GDP? (2009 - nominal),24.72,20.0
5,30,What is America's percentage of world GDP? (2009 - nominal),24.72,8.0
6,30,What is America's percentage of world GDP? (2009 - nominal),24.72,40.0
7,30,What is America's percentage of world GDP? (2009 - nominal),24.72,65.0
8,30,What is America's percentage of world GDP? (2009 - nominal),24.72,20.0
9,30,What is America's percentage of world GDP? (2009 - nominal),24.72,20.0
10,30,What is America's percentage of world GDP? (2009 - nominal),24.72,10.0
11,30,What is America's percentage of world GDP? (2009 - nominal),24.72,40.0
12,30,What is America's percentage of world GDP? (2009 - nominal),24.72,30.0
13,30,What is America's percentage of world GDP? (2009 - nominal),24.72,25.0
14,30,What is America's percentage of world GDP? (2009 - nominal),24.72,60.0
15,30,What is America's percentage of world GDP? (2009 - nominal),24.72,46.0
16,30,What is America's percentage of world GDP? (2009 - nominal),24.72,40.0
17,30,What is America's percentage of world GDP? (2009 - nominal),24.72,25.0
18,30,What is America's percentage of world GDP? (2009 - nominal),24.72,40.0
19,30,What is America's percentage of world GDP? (2009 - nominal),24.72,25.0
20,30,What is America's percentage of world GDP? (2009 - nominal),24.72,15.0
21,30,What is America's percentage of world GDP? (2009 - nominal),24.72,30.0
22,30,What is America's percentage of world GDP? (2009 - nominal),24.72,20.0
23,30,What is America's percentage of world GDP? (2009 - nominal),24.72,35.0
24,30,What is America's percentage of world GDP? (2009 - nominal),24.72,28.0
25,30,What is America's percentage of world GDP? (2009 - nominal),24.72,60.0
26,30,What is America's percentage of world GDP? (2009 - nominal),24.72,10.0
27,30,What is America's percentage of world GDP? (2009 - nominal),24.72,30.0
28,30,What is America's percentage of world GDP? (2009 - nominal),24.72,30.0
29,30,What is America's percentage of world GDP? (2009 - nominal),24.72,30.0
30,30,What is America's percentage of world GDP? (2009 - nominal),24.72,25.0
31,30,What is America's percentage of world GDP? (2009 - nominal),24.72,30.0
32,30,What is America's percentage of world GDP? (2009 - nominal),24.72,35.0
33,30,What is America's percentage of world GDP? (2009 - nominal),24.72,65.0
34,30,What is America's percentage of world GDP? (2009 - nominal),24.72,40.0
35,30,What is America's percentage of world GDP? (2009 - nominal),24.72,15.0
36,30,What is America's percentage of world GDP? (2009 - nominal),24.72,18.0
37,30,What is America's percentage of world GDP? (2009 - nominal),24.72,40.0
38,30,What is America's percentage of world GDP? (2009 - nominal),24.72,25.0
39,30,What is America's percentage of world GDP? (2009 - nominal),24.72,20.0
40,30,What is America's percentage of world GDP? (2009 - nominal),24.72,30.0
41,30,What is America's percentage of world GDP? (2009 - nominal),24.72,45.0
42,30,What is America's percentage of world GDP? (2009 - nominal),24.72,30.0
43,30,What is America's percentage of world GDP? (2009 - nominal),24.72,3.0
44,30,What is America's percentage of world GDP? (2009 - nominal),24.72,38.0
45,30,What is America's percentage of world GDP? (2009 - nominal),24.72,20.0
46,30,What is America's percentage of world GDP? (2009 - nominal),24.72,34.0
47,30,What is America's percentage of world GDP? (2009 - nominal),24.72,30.0
48,30,What is America's percentage of world GDP? (2009 - nominal),24.72,40.0
49,30,What is America's percentage of world GDP? (2009 - nominal),24.72,20.0
50,30,What is America's percentage of world GDP? (2009 - nominal),24.72,35.0
51,30,What is America's percentage of world GDP? (2009 - nominal),24.72,70.0
52,30,What is America's percentage of world GDP? (2009 - nominal),24.72,20.0
53,30,What is America's percentage of world GDP? (2009 - nominal),24.72,55.0
54,30,What is America's percentage of world GDP? (2009 - nominal),24.72,60.0
55,30,What is America's percentage of world GDP? (2009 - nominal),24.72,40.0
56,30,What is America's percentage of world GDP? (2009 - nominal),24.72,65.0
57,30,What is America's percentage of world GDP? (2009 - nominal),24.72,22.0
58,30,What is America's percentage of world GDP? (2009 - nominal),24.72,15.0
59,30,What is America's percentage of world GDP? (2009 - nominal),24.72,15.0
60,30,What is America's percentage of world GDP? (2009 - nominal),24.72,20.0
61,30,What is America's percentage of world GDP? (2009 - nominal),24.72,20.0
62,30,What is America's percentage of world GDP? (2009 - nominal),24.72,50.0
63,30,What is America's percentage of world GDP? (2009 - nominal),24.72,20.0
64,30,What is America's percentage of world GDP? (2009 - nominal),24.72,25.0
65,30,What is America's percentage of world GDP? (2009 - nominal),24.72,65.0
66,30,What is America's percentage of world GDP? (2009 - nominal),24.72,30.0
67,30,What is America's percentage of world GDP? (2009 - nominal),24.72,15.0
68,30,What is America's percentage of world GDP? (2009 - nominal),24.72,14.0
69,30,What is America's percentage of world GDP? (2009 - nominal),24.72,30.0
70,30,What is America's percentage of world GDP? (2009 - nominal),24.72,34.0
71,30,What is America's percentage of world GDP? (2009 - nominal),24.72,33.0
72,30,What is America's percentage of world GDP? (2009 - nominal),24.72,40.0
73,30,What is America's percentage of world GDP? (2009 - nominal),24.72,12.0
74,30,What is America's percentage of world GDP? (2009 - nominal),24.72,4.0
75,30,What is America's percentage of world GDP? (2009 - nominal),24.72,15.0
76,30,What is America's percentage of world GDP? (2009 - nominal),24.72,40.0
77,30,What is America's percentage of world GDP? (2009 - nominal),24.72,35.0
78,30,What is America's percentage of world GDP? (2009 - nominal),24.72,40.0
79,30,What is America's percentage of world GDP? (2009 - nominal),24.72,63.0
80,30,What is America's percentage of world GDP? (2009 - nominal),24.72,35.0
81,30,What is America's percentage of world GDP? (2009 - nominal),24.72,25.0
82,30,What is America's percentage of world GDP? (2009 - nominal),24.72,20.0
83,30,What is America's percentage of world GDP? (2009 - nominal),24.72,23.0
84,30,What is America's percentage of world GDP? (2009 - nominal),24.72,30.0
85,30,What is America's percentage of world GDP? (2009 - nominal),24.72,25.0
86,30,What is America's percentage of world GDP? (2009 - nominal),24.72,9.0
87,30,What is America's percentage of world GDP? (2009 - nominal),24.72,3.0
88,30,What is America's percentage of world GDP? (2009 - nominal),24.72,20.0
89,30,What is America's percentage of world GDP? (2009 - nominal),24.72,20.0
90,30,What is America's percentage of world GDP? (2009 - nominal),24.72,35.0
91,30,What is America's percentage of world GDP? (2009 - nominal),24.72,50.0
92,30,What is America's percentage of world GDP? (2009 - nominal),24.72,67.0
93,30,What is America's percentage of world GDP? (2009 - nominal),24.72,60.0
94,30,What is America's percentage of world GDP? (2009 - nominal),24.72,40.0
95,30,What is America's percentage of world GDP? (2009 - nominal),24.72,25.0
96,30,What is America's percentage of world GDP? (2009 - nominal),24.72,35.0
97,30,What is America's percentage of world GDP? (2009 - nominal),24.72,30.0
98,30,What is America's percentage of world GDP? (2009 - nominal),24.72,40.0
99,30,What is America's percentage of world GDP? (2009 - nominal),24.72,20.0
100,30,What is America's percentage of world GDP? (2009 - nominal),24.72,65.0
101,30,What is America's percentage of world GDP? (2009 - nominal),24.72,50.0
102,30,What is America's percentage of world GDP? (2009 - nominal),24.72,8.0
103,30,What is America's percentage of world GDP? (2009 - nominal),24.72,20.0
104,30,What is America's percentage of world GDP? (2009 - nominal),24.72,24.0
105,30,What is America's percentage of world GDP? (2009 - nominal),24.72,20.0
106,30,What is America's percentage of world GDP? (2009 - nominal),24.72,30.0
107,30,What is America's percentage of world GDP? (2009 - nominal),24.72,27.0
108,30,What is America's percentage of world GDP? (2009 - nominal),24.72,20.0
109,30,What is America's percentage of world GDP? (2009 - nominal),24.72,15.0
110,30,What is America's percentage of world GDP? (2009 - nominal),24.72,85.0
111,30,What is America's percentage of world GDP? (2009 - nominal),24.72,50.0
112,30,What is America's percentage of world GDP? (2009 - nominal),24.72,40.0
113,30,What is America's percentage of world GDP? (2009 - nominal),24.72,25.0
114,30,What is America's percentage of world GDP? (2009 - nominal),24.72,24.0
115,30,What is America's percentage of world GDP? (2009 - nominal),24.72,35.0
116,30,What is America's percentage of world GDP? (2009 - nominal),24.72,20.0
117,30,What is America's percentage of world GDP? (2009 - nominal),24.72,5.0
118,30,What is America's percentage of world GDP? (2009 - nominal),24.72,11.0
119,30,What is America's percentage of world GDP? (2009 - nominal),24.72,33.0
120,30,What is America's percentage of world GDP? (2009 - nominal),24.72,20.0
121,30,What is America's percentage of world GDP? (2009 - nominal),24.72,30.0
122,30,What is America's percentage of world GDP? (2009 - nominal),24.72,40.0
123,30,What is America's percentage of world GDP? (2009 - nominal),24.72,40.0
124,30,What is America's percentage of world GDP? (2009 - nominal),24.72,20.0
125,30,What is America's percentage of world GDP? (2009 - nominal),24.72,35.0
126,30,What is America's percentage of world GDP? (2009 - nominal),24.72,35.0
127,30,What is America's percentage of world GDP? (2009 - nominal),24.72,56.0
128,30,What is America's percentage of world GDP? (2009 - nominal),24.72,22.0
129,30,What is America's percentage of world GDP? (2009 - nominal),24.72,45.0
130,30,What is America's percentage of world GDP? (2009 - nominal),24.72,35.0
131,30,What is America's percentage of world GDP? (2009 - nominal),24.72,60.0
132,30,What is America's percentage of world GDP? (2009 - nominal),24.72,20.0
133,30,What is America's percentage of world GDP? (2009 - nominal),24.72,10.0
134,30,What is America's percentage of world GDP? (2009 - nominal),24.72,30.0
135,30,What is America's percentage of world GDP? (2009 - nominal),24.72,70.0
136,30,What is America's percentage of world GDP? (2009 - nominal),24.72,20.0
137,30,What is America's percentage of world GDP? (2009 - nominal),24.72,50.0
138,30,What is America's percentage of world GDP? (2009 - nominal),24.72,30.0
139,30,What is America's percentage of world GDP? (2009 - nominal),24.72,40.0
140,30,What is America's percentage of world GDP? (2009 - nominal),24.72,40.0
141,30,What is America's percentage of world GDP? (2009 - nominal),24.72,23.0
142,30,What is America's percentage of world GDP? (2009 - nominal),24.72,30.0
143,30,What is America's percentage of world GDP? (2009 - nominal),24.72,5.0
144,30,What is America's percentage of world GDP? (2009 - nominal),24.72,20.0
145,30,What is America's percentage of world GDP? (2009 - nominal),24.72,30.0
1,31,What percentage of words in the Oxford English dictionary are verbs?,14.28,20.0
2,31,What percentage of words in the Oxford English dictionary are verbs?,14.28,50.0
3,31,What percentage of words in the Oxford English dictionary are verbs?,14.28,45.0
4,31,What percentage of words in the Oxford English dictionary are verbs?,14.28,15.0
5,31,What percentage of words in the Oxford English dictionary are verbs?,14.28,60.0
6,31,What percentage of words in the Oxford English dictionary are verbs?,14.28,35.0
7,31,What percentage of words in the Oxford English dictionary are verbs?,14.28,45.0
8,31,What percentage of words in the Oxford English dictionary are verbs?,14.28,48.0
9,31,What percentage of words in the Oxford English dictionary are verbs?,14.28,40.0
10,31,What percentage of words in the Oxford English dictionary are verbs?,14.28,12.0
11,31,What percentage of words in the Oxford English dictionary are verbs?,14.28,35.0
12,31,What percentage of words in the Oxford English dictionary are verbs?,14.28,30.0
13,31,What percentage of words in the Oxford English dictionary are verbs?,14.28,30.0
14,31,What percentage of words in the Oxford English dictionary are verbs?,14.28,40.0
15,31,What percentage of words in the Oxford English dictionary are verbs?,14.28,18.0
16,31,What percentage of words in the Oxford English dictionary are verbs?,14.28,50.0
17,31,What percentage of words in the Oxford English dictionary are verbs?,14.28,33.0
18,31,What percentage of words in the Oxford English dictionary are verbs?,14.28,55.0
19,31,What percentage of words in the Oxford English dictionary are verbs?,14.28,30.0
20,31,What percentage of words in the Oxford English dictionary are verbs?,14.28,30.0
21,31,What percentage of words in the Oxford English dictionary are verbs?,14.28,35.0
22,31,What percentage of words in the Oxford English dictionary are verbs?,14.28,30.0
23,31,What percentage of words in the Oxford English dictionary are verbs?,14.28,15.0
24,31,What percentage of words in the Oxford English dictionary are verbs?,14.28,22.0
25,31,What percentage of words in the Oxford English dictionary are verbs?,14.28,73.0
26,31,What percentage of words in the Oxford English dictionary are verbs?,14.28,10.0
27,31,What percentage of words in the Oxford English dictionary are verbs?,14.28,70.0
28,31,What percentage of words in the Oxford English dictionary are verbs?,14.28,40.0
29,31,What percentage of words in the Oxford English dictionary are verbs?,14.28,60.0
30,31,What percentage of words in the Oxford English dictionary are verbs?,14.28,50.0
31,31,What percentage of words in the Oxford English dictionary are verbs?,14.28,40.0
32,31,What percentage of words in the Oxford English dictionary are verbs?,14.28,35.0
33,31,What percentage of words in the Oxford English dictionary are verbs?,14.28,70.0
34,31,What percentage of words in the Oxford English dictionary are verbs?,14.28,60.0
35,31,What percentage of words in the Oxford English dictionary are verbs?,14.28,30.0
36,31,What percentage of words in the Oxford English dictionary are verbs?,14.28,45.0
37,31,What percentage of words in the Oxford English dictionary are verbs?,14.28,40.0
38,31,What percentage of words in the Oxford English dictionary are verbs?,14.28,50.0
39,31,What percentage of words in the Oxford English dictionary are verbs?,14.28,30.0
40,31,What percentage of words in the Oxford English dictionary are verbs?,14.28,15.0
41,31,What percentage of words in the Oxford English dictionary are verbs?,14.28,50.0
42,31,What percentage of words in the Oxford English dictionary are verbs?,14.28,30.0
43,31,What percentage of words in the Oxford English dictionary are verbs?,14.28,6.0
44,31,What percentage of words in the Oxford English dictionary are verbs?,14.28,31.0
45,31,What percentage of words in the Oxford English dictionary are verbs?,14.28,40.0
46,31,What percentage of words in the Oxford English dictionary are verbs?,14.28,46.0
47,31,What percentage of words in the Oxford English dictionary are verbs?,14.28,25.0
48,31,What percentage of words in the Oxford English dictionary are verbs?,14.28,40.0
49,31,What percentage of words in the Oxford English dictionary are verbs?,14.28,20.0
50,31,What percentage of words in the Oxford English dictionary are verbs?,14.28,35.0
51,31,What percentage of words in the Oxford English dictionary are verbs?,14.28,38.0
52,31,What percentage of words in the Oxford English dictionary are verbs?,14.28,50.0
53,31,What percentage of words in the Oxford English dictionary are verbs?,14.28,45.0
54,31,What percentage of words in the Oxford English dictionary are verbs?,14.28,85.0
55,31,What percentage of words in the Oxford English dictionary are verbs?,14.28,30.0
56,31,What percentage of words in the Oxford English dictionary are verbs?,14.28,20.0
57,31,What percentage of words in the Oxford English dictionary are verbs?,14.28,32.0
58,31,What percentage of words in the Oxford English dictionary are verbs?,14.28,30.0
59,31,What percentage of words in the Oxford English dictionary are verbs?,14.28,60.0
60,31,What percentage of words in the Oxford English dictionary are verbs?,14.28,50.0
61,31,What percentage of words in the Oxford English dictionary are verbs?,14.28,40.0
62,31,What percentage of words in the Oxford English dictionary are verbs?,14.28,20.0
63,31,What percentage of words in the Oxford English dictionary are verbs?,14.28,30.0
64,31,What percentage of words in the Oxford English dictionary are verbs?,14.28,15.0
65,31,What percentage of words in the Oxford English dictionary are verbs?,14.28,40.0
66,31,What percentage of words in the Oxford English dictionary are verbs?,14.28,20.0
67,31,What percentage of words in the Oxford English dictionary are verbs?,14.28,40.0
68,31,What percentage of words in the Oxford English dictionary are verbs?,14.28,33.0
69,31,What percentage of words in the Oxford English dictionary are verbs?,14.28,60.0
70,31,What percentage of words in the Oxford English dictionary are verbs?,14.28,30.0
71,31,What percentage of words in the Oxford English dictionary are verbs?,14.28,14.0
72,31,What percentage of words in the Oxford English dictionary are verbs?,14.28,35.0
73,31,What percentage of words in the Oxford English dictionary are verbs?,14.28,30.0
74,31,What percentage of words in the Oxford English dictionary are verbs?,14.28,35.0
75,31,What percentage of words in the Oxford English dictionary are verbs?,14.28,20.0
76,31,What percentage of words in the Oxford English dictionary are verbs?,14.28,35.0
77,31,What percentage of words in the Oxford English dictionary are verbs?,14.28,20.0
78,31,What percentage of words in the Oxford English dictionary are verbs?,14.28,10.0
79,31,What percentage of words in the Oxford English dictionary are verbs?,14.28,37.0
80,31,What percentage of words in the Oxford English dictionary are verbs?,14.28,45.0
81,31,What percentage of words in the Oxford English dictionary are verbs?,14.28,29.0
82,31,What percentage of words in the Oxford English dictionary are verbs?,14.28,40.0
83,31,What percentage of words in the Oxford English dictionary are verbs?,14.28,17.0
84,31,What percentage of words in the Oxford English dictionary are verbs?,14.28,60.0
85,31,What percentage of words in the Oxford English dictionary are verbs?,14.28,50.0
86,31,What percentage of words in the Oxford English dictionary are verbs?,14.28,30.0
87,31,What percentage of words in the Oxford English dictionary are verbs?,14.28,35.0
88,31,What percentage of words in the Oxford English dictionary are verbs?,14.28,35.0
89,31,What percentage of words in the Oxford English dictionary are verbs?,14.28,20.0
90,31,What percentage of words in the Oxford English dictionary are verbs?,14.28,35.0
91,31,What percentage of words in the Oxford English dictionary are verbs?,14.28,20.0
92,31,What percentage of words in the Oxford English dictionary are verbs?,14.28,43.0
93,31,What percentage of words in the Oxford English dictionary are verbs?,14.28,25.0
94,31,What percentage of words in the Oxford English dictionary are verbs?,14.28,75.0
95,31,What percentage of words in the Oxford English dictionary are verbs?,14.28,40.0
96,31,What percentage of words in the Oxford English dictionary are verbs?,14.28,45.0
97,31,What percentage of words in the Oxford English dictionary are verbs?,14.28,30.0
98,31,What percentage of words in the Oxford English dictionary are verbs?,14.28,30.0
99,31,What percentage of words in the Oxford English dictionary are verbs?,14.28,40.0
100,31,What percentage of words in the Oxford English dictionary are verbs?,14.28,45.0
101,31,What percentage of words in the Oxford English dictionary are verbs?,14.28,40.0
102,31,What percentage of words in the Oxford English dictionary are verbs?,14.28,25.0
103,31,What percentage of words in the Oxford English dictionary are verbs?,14.28,30.0
104,31,What percentage of words in the Oxford English dictionary are verbs?,14.28,31.0
105,31,What percentage of words in the Oxford English dictionary are verbs?,14.28,30.0
106,31,What percentage of words in the Oxford English dictionary are verbs?,14.28,20.0
107,31,What percentage of words in the Oxford English dictionary are verbs?,14.28,24.0
108,31,What percentage of words in the Oxford English dictionary are verbs?,14.28,25.0
109,31,What percentage of words in the Oxford English dictionary are verbs?,14.28,40.0
110,31,What percentage of words in the Oxford English dictionary are verbs?,14.28,55.0
111,31,What percentage of words in the Oxford English dictionary are verbs?,14.28,50.0
112,31,What percentage of words in the Oxford English dictionary are verbs?,14.28,40.0
113,31,What percentage of words in the Oxford English dictionary are verbs?,14.28,80.0
114,31,What percentage of words in the Oxford English dictionary are verbs?,14.28,70.0
115,31,What percentage of words in the Oxford English dictionary are verbs?,14.28,20.0
116,31,What percentage of words in the Oxford English dictionary are verbs?,14.28,25.0
117,31,What percentage of words in the Oxford English dictionary are verbs?,14.28,45.0
118,31,What percentage of words in the Oxford English dictionary are verbs?,14.28,40.0
119,31,What percentage of words in the Oxford English dictionary are verbs?,14.28,35.0
120,31,What percentage of words in the Oxford English dictionary are verbs?,14.28,60.0
121,31,What percentage of words in the Oxford English dictionary are verbs?,14.28,15.0
122,31,What percentage of words in the Oxford English dictionary are verbs?,14.28,60.0
123,31,What percentage of words in the Oxford English dictionary are verbs?,14.28,20.0
124,31,What percentage of words in the Oxford English dictionary are verbs?,14.28,70.0
125,31,What percentage of words in the Oxford English dictionary are verbs?,14.28,30.0
126,31,What percentage of words in the Oxford English dictionary are verbs?,14.28,35.0
127,31,What percentage of words in the Oxford English dictionary are verbs?,14.28,60.0
128,31,What percentage of words in the Oxford English dictionary are verbs?,14.28,58.0
129,31,What percentage of words in the Oxford English dictionary are verbs?,14.28,40.0
130,31,What percentage of words in the Oxford English dictionary are verbs?,14.28,30.0
131,31,What percentage of words in the Oxford English dictionary are verbs?,14.28,50.0
132,31,What percentage of words in the Oxford English dictionary are verbs?,14.28,50.0
133,31,What percentage of words in the Oxford English dictionary are verbs?,14.28,20.0
134,31,What percentage of words in the Oxford English dictionary are verbs?,14.28,20.0
135,31,What percentage of words in the Oxford English dictionary are verbs?,14.28,30.0
136,31,What percentage of words in the Oxford English dictionary are verbs?,14.28,60.0
137,31,What percentage of words in the Oxford English dictionary are verbs?,14.28,20.0
138,31,What percentage of words in the Oxford English dictionary are verbs?,14.28,30.0
139,31,What percentage of words in the Oxford English dictionary are verbs?,14.28,35.0
140,31,What percentage of words in the Oxford English dictionary are verbs?,14.28,70.0
141,31,What percentage of words in the Oxford English dictionary are verbs?,14.28,33.0
142,31,What percentage of words in the Oxford English dictionary are verbs?,14.28,10.0
143,31,What percentage of words in the Oxford English dictionary are verbs?,14.28,20.0
144,31,What percentage of words in the Oxford English dictionary are verbs?,14.28,27.0
145,31,What percentage of words in the Oxford English dictionary are verbs?,14.28,40.0
1,32,What percentage of California land is considered desert?,24.0,30.0
2,32,What percentage of California land is considered desert?,24.0,20.0
3,32,What percentage of California land is considered desert?,24.0,40.0
4,32,What percentage of California land is considered desert?,24.0,10.0
5,32,What percentage of California land is considered desert?,24.0,20.0
6,32,What percentage of California land is considered desert?,24.0,15.0
7,32,What percentage of California land is considered desert?,24.0,15.0
8,32,What percentage of California land is considered desert?,24.0,20.0
9,32,What percentage of California land is considered desert?,24.0,70.0
10,32,What percentage of California land is considered desert?,24.0,20.0
11,32,What percentage of California land is considered desert?,24.0,30.0
12,32,What percentage of California land is considered desert?,24.0,25.0
13,32,What percentage of California land is considered desert?,24.0,20.0
14,32,What percentage of California land is considered desert?,24.0,40.0
15,32,What percentage of California land is considered desert?,24.0,23.0
16,32,What percentage of California land is considered desert?,24.0,3.0
17,32,What percentage of California land is considered desert?,24.0,10.0
18,32,What percentage of California land is considered desert?,24.0,20.0
19,32,What percentage of California land is considered desert?,24.0,15.0
20,32,What percentage of California land is considered desert?,24.0,10.0
21,32,What percentage of California land is considered desert?,24.0,30.0
22,32,What percentage of California land is considered desert?,24.0,70.0
23,32,What percentage of California land is considered desert?,24.0,32.0
24,32,What percentage of California land is considered desert?,24.0,15.0
25,32,What percentage of California land is considered desert?,24.0,75.0
26,32,What percentage of California land is considered desert?,24.0,30.0
27,32,What percentage of California land is considered desert?,24.0,40.0
28,32,What percentage of California land is considered desert?,24.0,5.0
29,32,What percentage of California land is considered desert?,24.0,20.0
30,32,What percentage of California land is considered desert?,24.0,75.0
31,32,What percentage of California land is considered desert?,24.0,10.0
32,32,What percentage of California land is considered desert?,24.0,30.0
33,32,What percentage of California land is considered desert?,24.0,80.0
34,32,What percentage of California land is considered desert?,24.0,35.0
35,32,What percentage of California land is considered desert?,24.0,30.0
36,32,What percentage of California land is considered desert?,24.0,20.0
37,32,What percentage of California land is considered desert?,24.0,35.0
38,32,What percentage of California land is considered desert?,24.0,35.0
39,32,What percentage of California land is considered desert?,24.0,20.0
40,32,What percentage of California land is considered desert?,24.0,10.0
41,32,What percentage of California land is considered desert?,24.0,22.0
42,32,What percentage of California land is considered desert?,24.0,80.0
43,32,What percentage of California land is considered desert?,24.0,15.0
44,32,What percentage of California land is considered desert?,24.0,24.0
45,32,What percentage of California land is considered desert?,24.0,3.0
46,32,What percentage of California land is considered desert?,24.0,30.0
47,32,What percentage of California land is considered desert?,24.0,35.0
48,32,What percentage of California land is considered desert?,24.0,40.0
49,32,What percentage of California land is considered desert?,24.0,5.0
50,32,What percentage of California land is considered desert?,24.0,5.0
51,32,What percentage of California land is considered desert?,24.0,13.0
52,32,What percentage of California land is considered desert?,24.0,30.0
53,32,What percentage of California land is considered desert?,24.0,21.0
54,32,What percentage of California land is considered desert?,24.0,40.0
55,32,What percentage of California land is considered desert?,24.0,5.0
56,32,What percentage of California land is considered desert?,24.0,60.0
57,32,What percentage of California land is considered desert?,24.0,21.0
58,32,What percentage of California land is considered desert?,24.0,20.0
59,32,What percentage of California land is considered desert?,24.0,10.0
60,32,What percentage of California land is considered desert?,24.0,10.0
61,32,What percentage of California land is considered desert?,24.0,20.0
62,32,What percentage of California land is considered desert?,24.0,1.0
63,32,What percentage of California land is considered desert?,24.0,40.0
64,32,What percentage of California land is considered desert?,24.0,25.0
65,32,What percentage of California land is considered desert?,24.0,3.0
66,32,What percentage of California land is considered desert?,24.0,20.0
67,32,What percentage of California land is considered desert?,24.0,25.0
68,32,What percentage of California land is considered desert?,24.0,12.0
69,32,What percentage of California land is considered desert?,24.0,15.0
70,32,What percentage of California land is considered desert?,24.0,30.0
71,32,What percentage of California land is considered desert?,24.0,15.0
72,32,What percentage of California land is considered desert?,24.0,15.0
73,32,What percentage of California land is considered desert?,24.0,8.0
74,32,What percentage of California land is considered desert?,24.0,20.0
75,32,What percentage of California land is considered desert?,24.0,75.0
76,32,What percentage of California land is considered desert?,24.0,40.0
77,32,What percentage of California land is considered desert?,24.0,5.0
78,32,What percentage of California land is considered desert?,24.0,7.0
79,32,What percentage of California land is considered desert?,24.0,8.0
80,32,What percentage of California land is considered desert?,24.0,45.0
81,32,What percentage of California land is considered desert?,24.0,7.0
82,32,What percentage of California land is considered desert?,24.0,30.0
83,32,What percentage of California land is considered desert?,24.0,35.0
84,32,What percentage of California land is considered desert?,24.0,30.0
85,32,What percentage of California land is considered desert?,24.0,20.0
86,32,What percentage of California land is considered desert?,24.0,20.0
87,32,What percentage of California land is considered desert?,24.0,50.0
88,32,What percentage of California land is considered desert?,24.0,5.0
89,32,What percentage of California land is considered desert?,24.0,20.0
90,32,What percentage of California land is considered desert?,24.0,25.0
91,32,What percentage of California land is considered desert?,24.0,15.0
92,32,What percentage of California land is considered desert?,24.0,10.0
93,32,What percentage of California land is considered desert?,24.0,35.0
94,32,What percentage of California land is considered desert?,24.0,40.0
95,32,What percentage of California land is considered desert?,24.0,10.0
96,32,What percentage of California land is considered desert?,24.0,40.0
97,32,What percentage of California land is considered desert?,24.0,40.0
98,32,What percentage of California land is considered desert?,24.0,45.0
99,32,What percentage of California land is considered desert?,24.0,25.0
100,32,What percentage of California land is considered desert?,24.0,55.0
101,32,What percentage of California land is considered desert?,24.0,40.0
102,32,What percentage of California land is considered desert?,24.0,17.0
103,32,What percentage of California land is considered desert?,24.0,40.0
104,32,What percentage of California land is considered desert?,24.0,40.0
105,32,What percentage of California land is considered desert?,24.0,50.0
106,32,What percentage of California land is considered desert?,24.0,20.0
107,32,What percentage of California land is considered desert?,24.0,19.0
108,32,What percentage of California land is considered desert?,24.0,75.0
109,32,What percentage of California land is considered desert?,24.0,45.0
110,32,What percentage of California land is considered desert?,24.0,85.0
111,32,What percentage of California land is considered desert?,24.0,10.0
112,32,What percentage of California land is considered desert?,24.0,5.0
113,32,What percentage of California land is considered desert?,24.0,40.0
114,32,What percentage of California land is considered desert?,24.0,40.0
115,32,What percentage of California land is considered desert?,24.0,80.0
116,32,What percentage of California land is considered desert?,24.0,35.0
117,32,What percentage of California land is considered desert?,24.0,15.0
118,32,What percentage of California land is considered desert?,24.0,38.0
119,32,What percentage of California land is considered desert?,24.0,60.0
120,32,What percentage of California land is considered desert?,24.0,30.0
121,32,What percentage of California land is considered desert?,24.0,25.0
122,32,What percentage of California land is considered desert?,24.0,20.0
123,32,What percentage of California land is considered desert?,24.0,40.0
124,32,What percentage of California land is considered desert?,24.0,60.0
125,32,What percentage of California land is considered desert?,24.0,15.0
126,32,What percentage of California land is considered desert?,24.0,15.0
127,32,What percentage of California land is considered desert?,24.0,100.0
128,32,What percentage of California land is considered desert?,24.0,15.0
129,32,What percentage of California land is considered desert?,24.0,65.0
130,32,What percentage of California land is considered desert?,24.0,12.0
131,32,What percentage of California land is considered desert?,24.0,20.0
132,32,What percentage of California land is considered desert?,24.0,10.0
133,32,What percentage of California land is considered desert?,24.0,30.0
134,32,What percentage of California land is considered desert?,24.0,80.0
135,32,What percentage of California land is considered desert?,24.0,33.0
136,32,What percentage of California land is considered desert?,24.0,40.0
137,32,What percentage of California land is considered desert?,24.0,30.0
138,32,What percentage of California land is considered desert?,24.0,10.0
139,32,What percentage of California land is considered desert?,24.0,35.0
140,32,What percentage of California land is considered desert?,24.0,20.0
141,32,What percentage of California land is considered desert?,24.0,35.0
142,32,What percentage of California land is considered desert?,24.0,30.0
143,32,What percentage of California land is considered desert?,24.0,30.0
144,32,What percentage of California land is considered desert?,24.0,30.0
145,32,What percentage of California land is considered desert?,24.0,5.0
1,33,What percentage of American artificial Christmas trees are imported from China?,80.0,40.0
2,33,What percentage of American artificial Christmas trees are imported from China?,80.0,30.0
3,33,What percentage of American artificial Christmas trees are imported from China?,80.0,30.0
4,33,What percentage of American artificial Christmas trees are imported from China?,80.0,20.0
5,33,What percentage of American artificial Christmas trees are imported from China?,80.0,25.0
6,33,What percentage of American artificial Christmas trees are imported from China?,80.0,80.0
7,33,What percentage of American artificial Christmas trees are imported from China?,80.0,16.0
8,33,What percentage of American artificial Christmas trees are imported from China?,80.0,80.0
9,33,What percentage of American artificial Christmas trees are imported from China?,80.0,60.0
10,33,What percentage of American artificial Christmas trees are imported from China?,80.0,75.0
11,33,What percentage of American artificial Christmas trees are imported from China?,80.0,45.0
12,33,What percentage of American artificial Christmas trees are imported from China?,80.0,20.0
13,33,What percentage of American artificial Christmas trees are imported from China?,80.0,80.0
14,33,What percentage of American artificial Christmas trees are imported from China?,80.0,30.0
15,33,What percentage of American artificial Christmas trees are imported from China?,80.0,67.0
16,33,What percentage of American artificial Christmas trees are imported from China?,80.0,86.0
17,33,What percentage of American artificial Christmas trees are imported from China?,80.0,35.0
18,33,What percentage of American artificial Christmas trees are imported from China?,80.0,80.0
19,33,What percentage of American artificial Christmas trees are imported from China?,80.0,5.0
20,33,What percentage of American artificial Christmas trees are imported from China?,80.0,10.0
21,33,What percentage of American artificial Christmas trees are imported from China?,80.0,5.0
22,33,What percentage of American artificial Christmas trees are imported from China?,80.0,75.0
23,33,What percentage of American artificial Christmas trees are imported from China?,80.0,45.0
24,33,What percentage of American artificial Christmas trees are imported from China?,80.0,84.0
25,33,What percentage of American artificial Christmas trees are imported from China?,80.0,5.0
26,33,What percentage of American artificial Christmas trees are imported from China?,80.0,30.0
27,33,What percentage of American artificial Christmas trees are imported from China?,80.0,60.0
28,33,What percentage of American artificial Christmas trees are imported from China?,80.0,50.0
29,33,What percentage of American artificial Christmas trees are imported from China?,80.0,3.0
30,33,What percentage of American artificial Christmas trees are imported from China?,80.0,75.0
31,33,What percentage of American artificial Christmas trees are imported from China?,80.0,80.0
32,33,What percentage of American artificial Christmas trees are imported from China?,80.0,90.0
33,33,What percentage of American artificial Christmas trees are imported from China?,80.0,40.0
34,33,What percentage of American artificial Christmas trees are imported from China?,80.0,30.0
35,33,What percentage of American artificial Christmas trees are imported from China?,80.0,80.0
36,33,What percentage of American artificial Christmas trees are imported from China?,80.0,60.0
37,33,What percentage of American artificial Christmas trees are imported from China?,80.0,45.0
38,33,What percentage of American artificial Christmas trees are imported from China?,80.0,90.0
39,33,What percentage of American artificial Christmas trees are imported from China?,80.0,85.0
40,33,What percentage of American artificial Christmas trees are imported from China?,80.0,5.0
41,33,What percentage of American artificial Christmas trees are imported from China?,80.0,36.0
42,33,What percentage of American artificial Christmas trees are imported from China?,80.0,75.0
43,33,What percentage of American artificial Christmas trees are imported from China?,80.0,85.0
44,33,What percentage of American artificial Christmas trees are imported from China?,80.0,0.0
45,33,What percentage of American artificial Christmas trees are imported from China?,80.0,10.0
46,33,What percentage of American artificial Christmas trees are imported from China?,80.0,90.0
47,33,What percentage of American artificial Christmas trees are imported from China?,80.0,75.0
48,33,What percentage of American artificial Christmas trees are imported from China?,80.0,70.0
49,33,What percentage of American artificial Christmas trees are imported from China?,80.0,90.0
50,33,What percentage of American artificial Christmas trees are imported from China?,80.0,90.0
51,33,What percentage of American artificial Christmas trees are imported from China?,80.0,15.0
52,33,What percentage of American artificial Christmas trees are imported from China?,80.0,90.0
53,33,What percentage of American artificial Christmas trees are imported from China?,80.0,32.0
54,33,What percentage of American artificial Christmas trees are imported from China?,80.0,90.0
55,33,What percentage of American artificial Christmas trees are imported from China?,80.0,40.0
56,33,What percentage of American artificial Christmas trees are imported from China?,80.0,50.0
57,33,What percentage of American artificial Christmas trees are imported from China?,80.0,72.0
58,33,What percentage of American artificial Christmas trees are imported from China?,80.0,50.0
59,33,What percentage of American artificial Christmas trees are imported from China?,80.0,80.0
60,33,What percentage of American artificial Christmas trees are imported from China?,80.0,0.0
61,33,What percentage of American artificial Christmas trees are imported from China?,80.0,25.0
62,33,What percentage of American artificial Christmas trees are imported from China?,80.0,90.0
63,33,What percentage of American artificial Christmas trees are imported from China?,80.0,89.0
64,33,What percentage of American artificial Christmas trees are imported from China?,80.0,40.0
65,33,What percentage of American artificial Christmas trees are imported from China?,80.0,85.0
66,33,What percentage of American artificial Christmas trees are imported from China?,80.0,99.0
67,33,What percentage of American artificial Christmas trees are imported from China?,80.0,5.0
68,33,What percentage of American artificial Christmas trees are imported from China?,80.0,68.0
69,33,What percentage of American artificial Christmas trees are imported from China?,80.0,60.0
70,33,What percentage of American artificial Christmas trees are imported from China?,80.0,100.0
71,33,What percentage of American artificial Christmas trees are imported from China?,80.0,70.0
72,33,What percentage of American artificial Christmas trees are imported from China?,80.0,90.0
73,33,What percentage of American artificial Christmas trees are imported from China?,80.0,80.0
74,33,What percentage of American artificial Christmas trees are imported from China?,80.0,75.0
75,33,What percentage of American artificial Christmas trees are imported from China?,80.0,50.0
76,33,What percentage of American artificial Christmas trees are imported from China?,80.0,85.0
77,33,What percentage of American artificial Christmas trees are imported from China?,80.0,2.0
78,33,What percentage of American artificial Christmas trees are imported from China?,80.0,98.0
79,33,What percentage of American artificial Christmas trees are imported from China?,80.0,100.0
80,33,What percentage of American artificial Christmas trees are imported from China?,80.0,15.0
81,33,What percentage of American artificial Christmas trees are imported from China?,80.0,70.0
82,33,What percentage of American artificial Christmas trees are imported from China?,80.0,20.0
83,33,What percentage of American artificial Christmas trees are imported from China?,80.0,70.0
84,33,What percentage of American artificial Christmas trees are imported from China?,80.0,70.0
85,33,What percentage of American artificial Christmas trees are imported from China?,80.0,80.0
86,33,What percentage of American artificial Christmas trees are imported from China?,80.0,60.0
87,33,What percentage of American artificial Christmas trees are imported from China?,80.0,35.0
88,33,What percentage of American artificial Christmas trees are imported from China?,80.0,50.0
89,33,What percentage of American artificial Christmas trees are imported from China?,80.0,35.0
90,33,What percentage of American artificial Christmas trees are imported from China?,80.0,25.0
91,33,What percentage of American artificial Christmas trees are imported from China?,80.0,80.0
92,33,What percentage of American artificial Christmas trees are imported from China?,80.0,80.0
93,33,What percentage of American artificial Christmas trees are imported from China?,80.0,20.0
94,33,What percentage of American artificial Christmas trees are imported from China?,80.0,90.0
95,33,What percentage of American artificial Christmas trees are imported from China?,80.0,50.0
96,33,What percentage of American artificial Christmas trees are imported from China?,80.0,15.0
97,33,What percentage of American artificial Christmas trees are imported from China?,80.0,20.0
98,33,What percentage of American artificial Christmas trees are imported from China?,80.0,75.0
99,33,What percentage of American artificial Christmas trees are imported from China?,80.0,20.0
100,33,What percentage of American artificial Christmas trees are imported from China?,80.0,85.0
101,33,What percentage of American artificial Christmas trees are imported from China?,80.0,90.0
102,33,What percentage of American artificial Christmas trees are imported from China?,80.0,0.0
103,33,What percentage of American artificial Christmas trees are imported from China?,80.0,75.0
104,33,What percentage of American artificial Christmas trees are imported from China?,80.0,80.0
105,33,What percentage of American artificial Christmas trees are imported from China?,80.0,60.0
106,33,What percentage of American artificial Christmas trees are imported from China?,80.0,25.0
107,33,What percentage of American artificial Christmas trees are imported from China?,80.0,42.0
108,33,What percentage of American artificial Christmas trees are imported from China?,80.0,20.0
109,33,What percentage of American artificial Christmas trees are imported from China?,80.0,80.0
110,33,What percentage of American artificial Christmas trees are imported from China?,80.0,90.0
111,33,What percentage of American artificial Christmas trees are imported from China?,80.0,100.0
112,33,What percentage of American artificial Christmas trees are imported from China?,80.0,80.0
113,33,What percentage of American artificial Christmas trees are imported from China?,80.0,20.0
114,33,What percentage of American artificial Christmas trees are imported from China?,80.0,90.0
115,33,What percentage of American artificial Christmas trees are imported from China?,80.0,60.0
116,33,What percentage of American artificial Christmas trees are imported from China?,80.0,50.0
117,33,What percentage of American artificial Christmas trees are imported from China?,80.0,20.0
118,33,What percentage of American artificial Christmas trees are imported from China?,80.0,55.0
119,33,What percentage of American artificial Christmas trees are imported from China?,80.0,75.0
120,33,What percentage of American artificial Christmas trees are imported from China?,80.0,95.0
121,33,What percentage of American artificial Christmas trees are imported from China?,80.0,70.0
122,33,What percentage of American artificial Christmas trees are imported from China?,80.0,90.0
123,33,What percentage of American artificial Christmas trees are imported from China?,80.0,85.0
124,33,What percentage of American artificial Christmas trees are imported from China?,80.0,34.0
125,33,What percentage of American artificial Christmas trees are imported from China?,80.0,75.0
126,33,What percentage of American artificial Christmas trees are imported from China?,80.0,90.0
127,33,What percentage of American artificial Christmas trees are imported from China?,80.0,87.0
128,33,What percentage of American artificial Christmas trees are imported from China?,80.0,45.0
129,33,What percentage of American artificial Christmas trees are imported from China?,80.0,60.0
130,33,What percentage of American artificial Christmas trees are imported from China?,80.0,20.0
131,33,What percentage of American artificial Christmas trees are imported from China?,80.0,75.0
132,33,What percentage of American artificial Christmas trees are imported from China?,80.0,95.0
133,33,What percentage of American artificial Christmas trees are imported from China?,80.0,100.0
134,33,What percentage of American artificial Christmas trees are imported from China?,80.0,60.0
135,33,What percentage of American artificial Christmas trees are imported from China?,80.0,90.0
136,33,What percentage of American artificial Christmas trees are imported from China?,80.0,70.0
137,33,What percentage of American artificial Christmas trees are imported from China?,80.0,70.0
138,33,What percentage of American artificial Christmas trees are imported from China?,80.0,80.0
139,33,What percentage of American artificial Christmas trees are imported from China?,80.0,30.0
140,33,What percentage of American artificial Christmas trees are imported from China?,80.0,100.0
141,33,What percentage of American artificial Christmas trees are imported from China?,80.0,88.0
142,33,What percentage of American artificial Christmas trees are imported from China?,80.0,50.0
143,33,What percentage of American artificial Christmas trees are imported from China?,80.0,92.0
144,33,What percentage of American artificial Christmas trees are imported from China?,80.0,5.0
145,33,What percentage of American artificial Christmas trees are imported from China?,80.0,5.0
1,34,What percentage of the world's species live in the oceans?,50.0,60.0
2,34,What percentage of the world's species live in the oceans?,50.0,15.0
3,34,What percentage of the world's species live in the oceans?,50.0,60.0
4,34,What percentage of the world's species live in the oceans?,50.0,35.0
5,34,What percentage of the world's species live in the oceans?,50.0,80.0
6,34,What percentage of the world's species live in the oceans?,50.0,70.0
7,34,What percentage of the world's species live in the oceans?,50.0,65.0
8,34,What percentage of the world's species live in the oceans?,50.0,85.0
9,34,What percentage of the world's species live in the oceans?,50.0,50.0
10,34,What percentage of the world's species live in the oceans?,50.0,15.0
11,34,What percentage of the world's species live in the oceans?,50.0,65.0
12,34,What percentage of the world's species live in the oceans?,50.0,70.0
13,34,What percentage of the world's species live in the oceans?,50.0,80.0
14,34,What percentage of the world's species live in the oceans?,50.0,60.0
15,34,What percentage of the world's species live in the oceans?,50.0,20.0
16,34,What percentage of the world's species live in the oceans?,50.0,82.0
17,34,What percentage of the world's species live in the oceans?,50.0,90.0
18,34,What percentage of the world's species live in the oceans?,50.0,22.0
19,34,What percentage of the world's species live in the oceans?,50.0,50.0
20,34,What percentage of the world's species live in the oceans?,50.0,30.0
21,34,What percentage of the world's species live in the oceans?,50.0,65.0
22,34,What percentage of the world's species live in the oceans?,50.0,50.0
23,34,What percentage of the world's species live in the oceans?,50.0,90.0
24,34,What percentage of the world's species live in the oceans?,50.0,58.0
25,34,What percentage of the world's species live in the oceans?,50.0,85.0
26,34,What percentage of the world's species live in the oceans?,50.0,90.0
27,34,What percentage of the world's species live in the oceans?,50.0,50.0
28,34,What percentage of the world's species live in the oceans?,50.0,50.0
29,34,What percentage of the world's species live in the oceans?,50.0,98.0
30,34,What percentage of the world's species live in the oceans?,50.0,65.0
31,34,What percentage of the world's species live in the oceans?,50.0,70.0
32,34,What percentage of the world's species live in the oceans?,50.0,30.0
33,34,What percentage of the world's species live in the oceans?,50.0,95.0
34,34,What percentage of the world's species live in the oceans?,50.0,70.0
35,34,What percentage of the world's species live in the oceans?,50.0,50.0
36,34,What percentage of the world's species live in the oceans?,50.0,80.0
37,34,What percentage of the world's species live in the oceans?,50.0,45.0
38,34,What percentage of the world's species live in the oceans?,50.0,50.0
39,34,What percentage of the world's species live in the oceans?,50.0,60.0
40,34,What percentage of the world's species live in the oceans?,50.0,60.0
41,34,What percentage of the world's species live in the oceans?,50.0,87.0
42,34,What percentage of the world's species live in the oceans?,50.0,60.0
43,34,What percentage of the world's species live in the oceans?,50.0,50.0
44,34,What percentage of the world's species live in the oceans?,50.0,87.0
45,34,What percentage of the world's species live in the oceans?,50.0,35.0
46,34,What percentage of the world's species live in the oceans?,50.0,80.0
47,34,What percentage of the world's species live in the oceans?,50.0,65.0
48,34,What percentage of the world's species live in the oceans?,50.0,70.0
49,34,What percentage of the world's species live in the oceans?,50.0,50.0
50,34,What percentage of the world's species live in the oceans?,50.0,75.0
51,34,What percentage of the world's species live in the oceans?,50.0,73.0
52,34,What percentage of the world's species live in the oceans?,50.0,50.0
53,34,What percentage of the world's species live in the oceans?,50.0,78.0
54,34,What percentage of the world's species live in the oceans?,50.0,75.0
55,34,What percentage of the world's species live in the oceans?,50.0,70.0
56,34,What percentage of the world's species live in the oceans?,50.0,30.0
57,34,What percentage of the world's species live in the oceans?,50.0,66.0
58,34,What percentage of the world's species live in the oceans?,50.0,70.0
59,34,What percentage of the world's species live in the oceans?,50.0,70.0
60,34,What percentage of the world's species live in the oceans?,50.0,75.0
61,34,What percentage of the world's species live in the oceans?,50.0,50.0
62,34,What percentage of the world's species live in the oceans?,50.0,90.0
63,34,What percentage of the world's species live in the oceans?,50.0,39.0
64,34,What percentage of the world's species live in the oceans?,50.0,40.0
65,34,What percentage of the world's species live in the oceans?,50.0,55.0
66,34,What percentage of the world's species live in the oceans?,50.0,70.0
67,34,What percentage of the world's species live in the oceans?,50.0,20.0
68,34,What percentage of the world's species live in the oceans?,50.0,58.0
69,34,What percentage of the world's species live in the oceans?,50.0,70.0
70,34,What percentage of the world's species live in the oceans?,50.0,29.0
71,34,What percentage of the world's species live in the oceans?,50.0,80.0
72,34,What percentage of the world's species live in the oceans?,50.0,70.0
73,34,What percentage of the world's species live in the oceans?,50.0,30.0
74,34,What percentage of the world's species live in the oceans?,50.0,70.0
75,34,What percentage of the world's species live in the oceans?,50.0,33.0
76,34,What percentage of the world's species live in the oceans?,50.0,75.0
77,34,What percentage of the world's species live in the oceans?,50.0,56.0
78,34,What percentage of the world's species live in the oceans?,50.0,60.0
79,34,What percentage of the world's species live in the oceans?,50.0,65.0
80,34,What percentage of the world's species live in the oceans?,50.0,30.0
81,34,What percentage of the world's species live in the oceans?,50.0,17.0
82,34,What percentage of the world's species live in the oceans?,50.0,10.0
83,34,What percentage of the world's species live in the oceans?,50.0,45.0
84,34,What percentage of the world's species live in the oceans?,50.0,80.0
85,34,What percentage of the world's species live in the oceans?,50.0,80.0
86,34,What percentage of the world's species live in the oceans?,50.0,75.0
87,34,What percentage of the world's species live in the oceans?,50.0,25.0
88,34,What percentage of the world's species live in the oceans?,50.0,70.0
89,34,What percentage of the world's species live in the oceans?,50.0,30.0
90,34,What percentage of the world's species live in the oceans?,50.0,40.0
91,34,What percentage of the world's species live in the oceans?,50.0,60.0
92,34,What percentage of the world's species live in the oceans?,50.0,80.0
93,34,What percentage of the world's species live in the oceans?,50.0,65.0
94,34,What percentage of the world's species live in the oceans?,50.0,80.0
95,34,What percentage of the world's species live in the oceans?,50.0,50.0
96,34,What percentage of the world's species live in the oceans?,50.0,45.0
97,34,What percentage of the world's species live in the oceans?,50.0,30.0
98,34,What percentage of the world's species live in the oceans?,50.0,75.0
99,34,What percentage of the world's species live in the oceans?,50.0,30.0
100,34,What percentage of the world's species live in the oceans?,50.0,65.0
101,34,What percentage of the world's species live in the oceans?,50.0,40.0
102,34,What percentage of the world's species live in the oceans?,50.0,99.0
103,34,What percentage of the world's species live in the oceans?,50.0,40.0
104,34,What percentage of the world's species live in the oceans?,50.0,70.0
105,34,What percentage of the world's species live in the oceans?,50.0,85.0
106,34,What percentage of the world's species live in the oceans?,50.0,60.0
107,34,What percentage of the world's species live in the oceans?,50.0,65.0
108,34,What percentage of the world's species live in the oceans?,50.0,50.0
109,34,What percentage of the world's species live in the oceans?,50.0,50.0
110,34,What percentage of the world's species live in the oceans?,50.0,95.0
111,34,What percentage of the world's species live in the oceans?,50.0,65.0
112,34,What percentage of the world's species live in the oceans?,50.0,60.0
113,34,What percentage of the world's species live in the oceans?,50.0,75.0
114,34,What percentage of the world's species live in the oceans?,50.0,60.0
115,34,What percentage of the world's species live in the oceans?,50.0,40.0
116,34,What percentage of the world's species live in the oceans?,50.0,30.0
117,34,What percentage of the world's species live in the oceans?,50.0,75.0
118,34,What percentage of the world's species live in the oceans?,50.0,55.0
119,34,What percentage of the world's species live in the oceans?,50.0,80.0
120,34,What percentage of the world's species live in the oceans?,50.0,50.0
121,34,What percentage of the world's species live in the oceans?,50.0,60.0
122,34,What percentage of the world's species live in the oceans?,50.0,30.0
123,34,What percentage of the world's species live in the oceans?,50.0,70.0
124,34,What percentage of the world's species live in the oceans?,50.0,68.0
125,34,What percentage of the world's species live in the oceans?,50.0,85.0
126,34,What percentage of the world's species live in the oceans?,50.0,75.0
127,34,What percentage of the world's species live in the oceans?,50.0,40.0
128,34,What percentage of the world's species live in the oceans?,50.0,48.0
129,34,What percentage of the world's species live in the oceans?,50.0,70.0
130,34,What percentage of the world's species live in the oceans?,50.0,70.0
131,34,What percentage of the world's species live in the oceans?,50.0,80.0
132,34,What percentage of the world's species live in the oceans?,50.0,95.0
133,34,What percentage of the world's species live in the oceans?,50.0,50.0
134,34,What percentage of the world's species live in the oceans?,50.0,80.0
135,34,What percentage of the world's species live in the oceans?,50.0,65.0
136,34,What percentage of the world's species live in the oceans?,50.0,15.0
137,34,What percentage of the world's species live in the oceans?,50.0,60.0
138,34,What percentage of the world's species live in the oceans?,50.0,60.0
139,34,What percentage of the world's species live in the oceans?,50.0,40.0
140,34,What percentage of the world's species live in the oceans?,50.0,45.0
141,34,What percentage of the world's species live in the oceans?,50.0,66.0
142,34,What percentage of the world's species live in the oceans?,50.0,30.0
143,34,What percentage of the world's species live in the oceans?,50.0,70.0
144,34,What percentage of the world's species live in the oceans?,50.0,50.0
145,34,What percentage of the world's species live in the oceans?,50.0,60.0
1,35,What percentage of the world's protein supply is located in the oceans?,20.0,40.0
2,35,What percentage of the world's protein supply is located in the oceans?,20.0,10.0
3,35,What percentage of the world's protein supply is located in the oceans?,20.0,65.0
4,35,What percentage of the world's protein supply is located in the oceans?,20.0,50.0
5,35,What percentage of the world's protein supply is located in the oceans?,20.0,70.0
6,35,What percentage of the world's protein supply is located in the oceans?,20.0,45.0
7,35,What percentage of the world's protein supply is located in the oceans?,20.0,50.0
8,35,What percentage of the world's protein supply is located in the oceans?,20.0,70.0
9,35,What percentage of the world's protein supply is located in the oceans?,20.0,30.0
10,35,What percentage of the world's protein supply is located in the oceans?,20.0,30.0
11,35,What percentage of the world's protein supply is located in the oceans?,20.0,80.0
12,35,What percentage of the world's protein supply is located in the oceans?,20.0,80.0
13,35,What percentage of the world's protein supply is located in the oceans?,20.0,75.0
14,35,What percentage of the world's protein supply is located in the oceans?,20.0,39.0
15,35,What percentage of the world's protein supply is located in the oceans?,20.0,50.0
16,35,What percentage of the world's protein supply is located in the oceans?,20.0,66.0
17,35,What percentage of the world's protein supply is located in the oceans?,20.0,60.0
18,35,What percentage of the world's protein supply is located in the oceans?,20.0,40.0
19,35,What percentage of the world's protein supply is located in the oceans?,20.0,30.0
20,35,What percentage of the world's protein supply is located in the oceans?,20.0,30.0
21,35,What percentage of the world's protein supply is located in the oceans?,20.0,30.0
22,35,What percentage of the world's protein supply is located in the oceans?,20.0,30.0
23,35,What percentage of the world's protein supply is located in the oceans?,20.0,40.0
24,35,What percentage of the world's protein supply is located in the oceans?,20.0,85.0
25,35,What percentage of the world's protein supply is located in the oceans?,20.0,65.0
26,35,What percentage of the world's protein supply is located in the oceans?,20.0,90.0
27,35,What percentage of the world's protein supply is located in the oceans?,20.0,40.0
28,35,What percentage of the world's protein supply is located in the oceans?,20.0,50.0
29,35,What percentage of the world's protein supply is located in the oceans?,20.0,15.0
30,35,What percentage of the world's protein supply is located in the oceans?,20.0,20.0
31,35,What percentage of the world's protein supply is located in the oceans?,20.0,30.0
32,35,What percentage of the world's protein supply is located in the oceans?,20.0,85.0
33,35,What percentage of the world's protein supply is located in the oceans?,20.0,60.0
34,35,What percentage of the world's protein supply is located in the oceans?,20.0,20.0
35,35,What percentage of the world's protein supply is located in the oceans?,20.0,65.0
36,35,What percentage of the world's protein supply is located in the oceans?,20.0,70.0
37,35,What percentage of the world's protein supply is located in the oceans?,20.0,30.0
38,35,What percentage of the world's protein supply is located in the oceans?,20.0,30.0
39,35,What percentage of the world's protein supply is located in the oceans?,20.0,60.0
40,35,What percentage of the world's protein supply is located in the oceans?,20.0,20.0
41,35,What percentage of the world's protein supply is located in the oceans?,20.0,97.0
42,35,What percentage of the world's protein supply is located in the oceans?,20.0,25.0
43,35,What percentage of the world's protein supply is located in the oceans?,20.0,20.0
44,35,What percentage of the world's protein supply is located in the oceans?,20.0,87.0
45,35,What percentage of the world's protein supply is located in the oceans?,20.0,25.0
46,35,What percentage of the world's protein supply is located in the oceans?,20.0,50.0
47,35,What percentage of the world's protein supply is located in the oceans?,20.0,75.0
48,35,What percentage of the world's protein supply is located in the oceans?,20.0,50.0
49,35,What percentage of the world's protein supply is located in the oceans?,20.0,60.0
50,35,What percentage of the world's protein supply is located in the oceans?,20.0,60.0
51,35,What percentage of the world's protein supply is located in the oceans?,20.0,25.0
52,35,What percentage of the world's protein supply is located in the oceans?,20.0,20.0
53,35,What percentage of the world's protein supply is located in the oceans?,20.0,12.0
54,35,What percentage of the world's protein supply is located in the oceans?,20.0,80.0
55,35,What percentage of the world's protein supply is located in the oceans?,20.0,40.0
56,35,What percentage of the world's protein supply is located in the oceans?,20.0,30.0
57,35,What percentage of the world's protein supply is located in the oceans?,20.0,35.0
58,35,What percentage of the world's protein supply is located in the oceans?,20.0,60.0
59,35,What percentage of the world's protein supply is located in the oceans?,20.0,60.0
60,35,What percentage of the world's protein supply is located in the oceans?,20.0,50.0
61,35,What percentage of the world's protein supply is located in the oceans?,20.0,20.0
62,35,What percentage of the world's protein supply is located in the oceans?,20.0,60.0
63,35,What percentage of the world's protein supply is located in the oceans?,20.0,68.0
64,35,What percentage of the world's protein supply is located in the oceans?,20.0,20.0
65,35,What percentage of the world's protein supply is located in the oceans?,20.0,15.0
66,35,What percentage of the world's protein supply is located in the oceans?,20.0,85.0
67,35,What percentage of the world's protein supply is located in the oceans?,20.0,25.0
68,35,What percentage of the world's protein supply is located in the oceans?,20.0,52.0
69,35,What percentage of the world's protein supply is located in the oceans?,20.0,40.0
70,35,What percentage of the world's protein supply is located in the oceans?,20.0,25.0
71,35,What percentage of the world's protein supply is located in the oceans?,20.0,60.0
72,35,What percentage of the world's protein supply is located in the oceans?,20.0,55.0
73,35,What percentage of the world's protein supply is located in the oceans?,20.0,33.0
74,35,What percentage of the world's protein supply is located in the oceans?,20.0,50.0
75,35,What percentage of the world's protein supply is located in the oceans?,20.0,25.0
76,35,What percentage of the world's protein supply is located in the oceans?,20.0,60.0
77,35,What percentage of the world's protein supply is located in the oceans?,20.0,25.0
78,35,What percentage of the world's protein supply is located in the oceans?,20.0,50.0
79,35,What percentage of the world's protein supply is located in the oceans?,20.0,40.0
80,35,What percentage of the world's protein supply is located in the oceans?,20.0,20.0
81,35,What percentage of the world's protein supply is located in the oceans?,20.0,15.0
82,35,What percentage of the world's protein supply is located in the oceans?,20.0,10.0
83,35,What percentage of the world's protein supply is located in the oceans?,20.0,60.0
84,35,What percentage of the world's protein supply is located in the oceans?,20.0,70.0
85,35,What percentage of the world's protein supply is located in the oceans?,20.0,80.0
86,35,What percentage of the world's protein supply is located in the oceans?,20.0,40.0
87,35,What percentage of the world's protein supply is located in the oceans?,20.0,35.0
88,35,What percentage of the world's protein supply is located in the oceans?,20.0,40.0
89,35,What percentage of the world's protein supply is located in the oceans?,20.0,50.0
90,35,What percentage of the world's protein supply is located in the oceans?,20.0,25.0
91,35,What percentage of the world's protein supply is located in the oceans?,20.0,5.0
92,35,What percentage of the world's protein supply is located in the oceans?,20.0,60.0
93,35,What percentage of the world's protein supply is located in the oceans?,20.0,70.0
94,35,What percentage of the world's protein supply is located in the oceans?,20.0,75.0
95,35,What percentage of the world's protein supply is located in the oceans?,20.0,30.0
96,35,What percentage of the world's protein supply is located in the oceans?,20.0,45.0
97,35,What percentage of the world's protein supply is located in the oceans?,20.0,25.0
98,35,What percentage of the world's protein supply is located in the oceans?,20.0,40.0
99,35,What percentage of the world's protein supply is located in the oceans?,20.0,20.0
100,35,What percentage of the world's protein supply is located in the oceans?,20.0,50.0
101,35,What percentage of the world's protein supply is located in the oceans?,20.0,40.0
102,35,What percentage of the world's protein supply is located in the oceans?,20.0,80.0
103,35,What percentage of the world's protein supply is located in the oceans?,20.0,40.0
104,35,What percentage of the world's protein supply is located in the oceans?,20.0,69.0
105,35,What percentage of the world's protein supply is located in the oceans?,20.0,80.0
106,35,What percentage of the world's protein supply is located in the oceans?,20.0,20.0
107,35,What percentage of the world's protein supply is located in the oceans?,20.0,60.0
108,35,What percentage of the world's protein supply is located in the oceans?,20.0,90.0
109,35,What percentage of the world's protein supply is located in the oceans?,20.0,25.0
110,35,What percentage of the world's protein supply is located in the oceans?,20.0,67.0
111,35,What percentage of the world's protein supply is located in the oceans?,20.0,99.0
112,35,What percentage of the world's protein supply is located in the oceans?,20.0,80.0
113,35,What percentage of the world's protein supply is located in the oceans?,20.0,40.0
114,35,What percentage of the world's protein supply is located in the oceans?,20.0,45.0
115,35,What percentage of the world's protein supply is located in the oceans?,20.0,30.0
116,35,What percentage of the world's protein supply is located in the oceans?,20.0,40.0
117,35,What percentage of the world's protein supply is located in the oceans?,20.0,36.0
118,35,What percentage of the world's protein supply is located in the oceans?,20.0,30.0
119,35,What percentage of the world's protein supply is located in the oceans?,20.0,70.0
120,35,What percentage of the world's protein supply is located in the oceans?,20.0,50.0
121,35,What percentage of the world's protein supply is located in the oceans?,20.0,10.0
122,35,What percentage of the world's protein supply is located in the oceans?,20.0,20.0
123,35,What percentage of the world's protein supply is located in the oceans?,20.0,99.0
124,35,What percentage of the world's protein supply is located in the oceans?,20.0,30.0
125,35,What percentage of the world's protein supply is located in the oceans?,20.0,78.0
126,35,What percentage of the world's protein supply is located in the oceans?,20.0,80.0
127,35,What percentage of the world's protein supply is located in the oceans?,20.0,29.0
128,35,What percentage of the world's protein supply is located in the oceans?,20.0,19.0
129,35,What percentage of the world's protein supply is located in the oceans?,20.0,75.0
130,35,What percentage of the world's protein supply is located in the oceans?,20.0,70.0
131,35,What percentage of the world's protein supply is located in the oceans?,20.0,59.0
132,35,What percentage of the world's protein supply is located in the oceans?,20.0,90.0
133,35,What percentage of the world's protein supply is located in the oceans?,20.0,36.0
134,35,What percentage of the world's protein supply is located in the oceans?,20.0,70.0
135,35,What percentage of the world's protein supply is located in the oceans?,20.0,62.0
136,35,What percentage of the world's protein supply is located in the oceans?,20.0,20.0
137,35,What percentage of the world's protein supply is located in the oceans?,20.0,5.0
138,35,What percentage of the world's protein supply is located in the oceans?,20.0,20.0
139,35,What percentage of the world's protein supply is located in the oceans?,20.0,30.0
140,35,What percentage of the world's protein supply is located in the oceans?,20.0,40.0
141,35,What percentage of the world's protein supply is located in the oceans?,20.0,43.0
142,35,What percentage of the world's protein supply is located in the oceans?,20.0,50.0
143,35,What percentage of the world's protein supply is located in the oceans?,20.0,80.0
144,35,What percentage of the world's protein supply is located in the oceans?,20.0,40.0
145,35,What percentage of the world's protein supply is located in the oceans?,20.0,30.0
1,36,What percentage of the world's energy supply is consumed by Americans?,26.0,25.0
2,36,What percentage of the world's energy supply is consumed by Americans?,26.0,35.0
3,36,What percentage of the world's energy supply is consumed by Americans?,26.0,25.0
4,36,What percentage of the world's energy supply is consumed by Americans?,26.0,50.0
5,36,What percentage of the world's energy supply is consumed by Americans?,26.0,33.0
6,36,What percentage of the world's energy supply is consumed by Americans?,26.0,45.0
7,36,What percentage of the world's energy supply is consumed by Americans?,26.0,90.0
8,36,What percentage of the world's energy supply is consumed by Americans?,26.0,30.0
9,36,What percentage of the world's energy supply is consumed by Americans?,26.0,20.0
10,36,What percentage of the world's energy supply is consumed by Americans?,26.0,20.0
11,36,What percentage of the world's energy supply is consumed by Americans?,26.0,15.0
12,36,What percentage of the world's energy supply is consumed by Americans?,26.0,30.0
13,36,What percentage of the world's energy supply is consumed by Americans?,26.0,25.0
14,36,What percentage of the world's energy supply is consumed by Americans?,26.0,60.0
15,36,What percentage of the world's energy supply is consumed by Americans?,26.0,43.0
16,36,What percentage of the world's energy supply is consumed by Americans?,26.0,67.0
17,36,What percentage of the world's energy supply is consumed by Americans?,26.0,25.0
18,36,What percentage of the world's energy supply is consumed by Americans?,26.0,20.0
19,36,What percentage of the world's energy supply is consumed by Americans?,26.0,20.0
20,36,What percentage of the world's energy supply is consumed by Americans?,26.0,20.0
21,36,What percentage of the world's energy supply is consumed by Americans?,26.0,25.0
22,36,What percentage of the world's energy supply is consumed by Americans?,26.0,70.0
23,36,What percentage of the world's energy supply is consumed by Americans?,26.0,24.0
24,36,What percentage of the world's energy supply is consumed by Americans?,26.0,40.0
25,36,What percentage of the world's energy supply is consumed by Americans?,26.0,80.0
26,36,What percentage of the world's energy supply is consumed by Americans?,26.0,20.0
27,36,What percentage of the world's energy supply is consumed by Americans?,26.0,90.0
28,36,What percentage of the world's energy supply is consumed by Americans?,26.0,40.0
29,36,What percentage of the world's energy supply is consumed by Americans?,26.0,87.0
30,36,What percentage of the world's energy supply is consumed by Americans?,26.0,70.0
31,36,What percentage of the world's energy supply is consumed by Americans?,26.0,30.0
32,36,What percentage of the world's energy supply is consumed by Americans?,26.0,40.0
33,36,What percentage of the world's energy supply is consumed by Americans?,26.0,75.0
34,36,What percentage of the world's energy supply is consumed by Americans?,26.0,45.0
35,36,What percentage of the world's energy supply is consumed by Americans?,26.0,35.0
36,36,What percentage of the world's energy supply is consumed by Americans?,26.0,45.0
37,36,What percentage of the world's energy supply is consumed by Americans?,26.0,40.0
38,36,What percentage of the world's energy supply is consumed by Americans?,26.0,15.0
39,36,What percentage of the world's energy supply is consumed by Americans?,26.0,20.0
40,36,What percentage of the world's energy supply is consumed by Americans?,26.0,25.0
41,36,What percentage of the world's energy supply is consumed by Americans?,26.0,33.0
42,36,What percentage of the world's energy supply is consumed by Americans?,26.0,35.0
43,36,What percentage of the world's energy supply is consumed by Americans?,26.0,25.0
44,36,What percentage of the world's energy supply is consumed by Americans?,26.0,63.0
45,36,What percentage of the world's energy supply is consumed by Americans?,26.0,29.0
46,36,What percentage of the world's energy supply is consumed by Americans?,26.0,60.0
47,36,What percentage of the world's energy supply is consumed by Americans?,26.0,30.0
48,36,What percentage of the world's energy supply is consumed by Americans?,26.0,70.0
49,36,What percentage of the world's energy supply is consumed by Americans?,26.0,20.0
50,36,What percentage of the world's energy supply is consumed by Americans?,26.0,35.0
51,36,What percentage of the world's energy supply is consumed by Americans?,26.0,65.0
52,36,What percentage of the world's energy supply is consumed by Americans?,26.0,30.0
53,36,What percentage of the world's energy supply is consumed by Americans?,26.0,87.0
54,36,What percentage of the world's energy supply is consumed by Americans?,26.0,75.0
55,36,What percentage of the world's energy supply is consumed by Americans?,26.0,70.0
56,36,What percentage of the world's energy supply is consumed by Americans?,26.0,60.0
57,36,What percentage of the world's energy supply is consumed by Americans?,26.0,70.0
58,36,What percentage of the world's energy supply is consumed by Americans?,26.0,40.0
59,36,What percentage of the world's energy supply is consumed by Americans?,26.0,60.0
60,36,What percentage of the world's energy supply is consumed by Americans?,26.0,25.0
61,36,What percentage of the world's energy supply is consumed by Americans?,26.0,100.0
62,36,What percentage of the world's energy supply is consumed by Americans?,26.0,30.0
63,36,What percentage of the world's energy supply is consumed by Americans?,26.0,23.0
64,36,What percentage of the world's energy supply is consumed by Americans?,26.0,55.0
65,36,What percentage of the world's energy supply is consumed by Americans?,26.0,65.0
66,36,What percentage of the world's energy supply is consumed by Americans?,26.0,40.0
67,36,What percentage of the world's energy supply is consumed by Americans?,26.0,20.0
68,36,What percentage of the world's energy supply is consumed by Americans?,26.0,18.0
69,36,What percentage of the world's energy supply is consumed by Americans?,26.0,25.0
70,36,What percentage of the world's energy supply is consumed by Americans?,26.0,27.0
71,36,What percentage of the world's energy supply is consumed by Americans?,26.0,20.0
72,36,What percentage of the world's energy supply is consumed by Americans?,26.0,20.0
73,36,What percentage of the world's energy supply is consumed by Americans?,26.0,41.0
74,36,What percentage of the world's energy supply is consumed by Americans?,26.0,35.0
75,36,What percentage of the world's energy supply is consumed by Americans?,26.0,28.0
76,36,What percentage of the world's energy supply is consumed by Americans?,26.0,60.0
77,36,What percentage of the world's energy supply is consumed by Americans?,26.0,20.0
78,36,What percentage of the world's energy supply is consumed by Americans?,26.0,40.0
79,36,What percentage of the world's energy supply is consumed by Americans?,26.0,40.0
80,36,What percentage of the world's energy supply is consumed by Americans?,26.0,28.0
81,36,What percentage of the world's energy supply is consumed by Americans?,26.0,21.0
82,36,What percentage of the world's energy supply is consumed by Americans?,26.0,40.0
83,36,What percentage of the world's energy supply is consumed by Americans?,26.0,25.0
84,36,What percentage of the world's energy supply is consumed by Americans?,26.0,20.0
85,36,What percentage of the world's energy supply is consumed by Americans?,26.0,30.0
86,36,What percentage of the world's energy supply is consumed by Americans?,26.0,20.0
87,36,What percentage of the world's energy supply is consumed by Americans?,26.0,40.0
88,36,What percentage of the world's energy supply is consumed by Americans?,26.0,20.0
89,36,What percentage of the world's energy supply is consumed by Americans?,26.0,60.0
90,36,What percentage of the world's energy supply is consumed by Americans?,26.0,20.0
91,36,What percentage of the world's energy supply is consumed by Americans?,26.0,10.0
92,36,What percentage of the world's energy supply is consumed by Americans?,26.0,69.0
93,36,What percentage of the world's energy supply is consumed by Americans?,26.0,50.0
94,36,What percentage of the world's energy supply is consumed by Americans?,26.0,50.0
95,36,What percentage of the world's energy supply is consumed by Americans?,26.0,40.0
96,36,What percentage of the world's energy supply is consumed by Americans?,26.0,60.0
97,36,What percentage of the world's energy supply is consumed by Americans?,26.0,90.0
98,36,What percentage of the world's energy supply is consumed by Americans?,26.0,30.0
99,36,What percentage of the world's energy supply is consumed by Americans?,26.0,40.0
100,36,What percentage of the world's energy supply is consumed by Americans?,26.0,60.0
101,36,What percentage of the world's energy supply is consumed by Americans?,26.0,55.0
102,36,What percentage of the world's energy supply is consumed by Americans?,26.0,15.0
103,36,What percentage of the world's energy supply is consumed by Americans?,26.0,40.0
104,36,What percentage of the world's energy supply is consumed by Americans?,26.0,30.0
105,36,What percentage of the world's energy supply is consumed by Americans?,26.0,10.0
106,36,What percentage of the world's energy supply is consumed by Americans?,26.0,30.0
107,36,What percentage of the world's energy supply is consumed by Americans?,26.0,32.0
108,36,What percentage of the world's energy supply is consumed by Americans?,26.0,30.0
109,36,What percentage of the world's energy supply is consumed by Americans?,26.0,80.0
110,36,What percentage of the world's energy supply is consumed by Americans?,26.0,65.0
111,36,What percentage of the world's energy supply is consumed by Americans?,26.0,75.0
112,36,What percentage of the world's energy supply is consumed by Americans?,26.0,30.0
113,36,What percentage of the world's energy supply is consumed by Americans?,26.0,100.0
114,36,What percentage of the world's energy supply is consumed by Americans?,26.0,50.0
115,36,What percentage of the world's energy supply is consumed by Americans?,26.0,50.0
116,36,What percentage of the world's energy supply is consumed by Americans?,26.0,50.0
117,36,What percentage of the world's energy supply is consumed by Americans?,26.0,95.0
118,36,What percentage of the world's energy supply is consumed by Americans?,26.0,10.0
119,36,What percentage of the world's energy supply is consumed by Americans?,26.0,50.0
120,36,What percentage of the world's energy supply is consumed by Americans?,26.0,60.0
121,36,What percentage of the world's energy supply is consumed by Americans?,26.0,30.0
122,36,What percentage of the world's energy supply is consumed by Americans?,26.0,75.0
123,36,What percentage of the world's energy supply is consumed by Americans?,26.0,60.0
124,36,What percentage of the world's energy supply is consumed by Americans?,26.0,75.0
125,36,What percentage of the world's energy supply is consumed by Americans?,26.0,35.0
126,36,What percentage of the world's energy supply is consumed by Americans?,26.0,23.0
127,36,What percentage of the world's energy supply is consumed by Americans?,26.0,45.0
128,36,What percentage of the world's energy supply is consumed by Americans?,26.0,25.0
129,36,What percentage of the world's energy supply is consumed by Americans?,26.0,60.0
130,36,What percentage of the world's energy supply is consumed by Americans?,26.0,35.0
131,36,What percentage of the world's energy supply is consumed by Americans?,26.0,60.0
132,36,What percentage of the world's energy supply is consumed by Americans?,26.0,65.0
133,36,What percentage of the world's energy supply is consumed by Americans?,26.0,20.0
134,36,What percentage of the world's energy supply is consumed by Americans?,26.0,30.0
135,36,What percentage of the world's energy supply is consumed by Americans?,26.0,42.0
136,36,What percentage of the world's energy supply is consumed by Americans?,26.0,30.0
137,36,What percentage of the world's energy supply is consumed by Americans?,26.0,60.0
138,36,What percentage of the world's energy supply is consumed by Americans?,26.0,40.0
139,36,What percentage of the world's energy supply is consumed by Americans?,26.0,35.0
140,36,What percentage of the world's energy supply is consumed by Americans?,26.0,50.0
141,36,What percentage of the world's energy supply is consumed by Americans?,26.0,29.0
142,36,What percentage of the world's energy supply is consumed by Americans?,26.0,40.0
143,36,What percentage of the world's energy supply is consumed by Americans?,26.0,70.0
144,36,What percentage of the world's energy supply is consumed by Americans?,26.0,15.0
145,36,What percentage of the world's energy supply is consumed by Americans?,26.0,40.0
1,37,What percentage of the world's annual petroleum supply is produced by the United States?,6.0,10.0
2,37,What percentage of the world's annual petroleum supply is produced by the United States?,6.0,10.0
3,37,What percentage of the world's annual petroleum supply is produced by the United States?,6.0,30.0
4,37,What percentage of the world's annual petroleum supply is produced by the United States?,6.0,6.0
5,37,What percentage of the world's annual petroleum supply is produced by the United States?,6.0,5.0
6,37,What percentage of the world's annual petroleum supply is produced by the United States?,6.0,30.0
7,37,What percentage of the world's annual petroleum supply is produced by the United States?,6.0,10.0
8,37,What percentage of the world's annual petroleum supply is produced by the United States?,6.0,20.0
9,37,What percentage of the world's annual petroleum supply is produced by the United States?,6.0,25.0
10,37,What percentage of the world's annual petroleum supply is produced by the United States?,6.0,12.0
11,37,What percentage of the world's annual petroleum supply is produced by the United States?,6.0,10.0
12,37,What percentage of the world's annual petroleum supply is produced by the United States?,6.0,35.0
13,37,What percentage of the world's annual petroleum supply is produced by the United States?,6.0,25.0
14,37,What percentage of the world's annual petroleum supply is produced by the United States?,6.0,20.0
15,37,What percentage of the world's annual petroleum supply is produced by the United States?,6.0,33.0
16,37,What percentage of the world's annual petroleum supply is produced by the United States?,6.0,30.0
17,37,What percentage of the world's annual petroleum supply is produced by the United States?,6.0,30.0
18,37,What percentage of the world's annual petroleum supply is produced by the United States?,6.0,15.0
19,37,What percentage of the world's annual petroleum supply is produced by the United States?,6.0,10.0
20,37,What percentage of the world's annual petroleum supply is produced by the United States?,6.0,40.0
21,37,What percentage of the world's annual petroleum supply is produced by the United States?,6.0,30.0
22,37,What percentage of the world's annual petroleum supply is produced by the United States?,6.0,5.0
23,37,What percentage of the world's annual petroleum supply is produced by the United States?,6.0,14.0
24,37,What percentage of the world's annual petroleum supply is produced by the United States?,6.0,24.0
25,37,What percentage of the world's annual petroleum supply is produced by the United States?,6.0,25.0
26,37,What percentage of the world's annual petroleum supply is produced by the United States?,6.0,5.0
27,37,What percentage of the world's annual petroleum supply is produced by the United States?,6.0,5.0
28,37,What percentage of the world's annual petroleum supply is produced by the United States?,6.0,50.0
29,37,What percentage of the world's annual petroleum supply is produced by the United States?,6.0,60.0
30,37,What percentage of the world's annual petroleum supply is produced by the United States?,6.0,1.0
31,37,What percentage of the world's annual petroleum supply is produced by the United States?,6.0,15.0
32,37,What percentage of the world's annual petroleum supply is produced by the United States?,6.0,15.0
33,37,What percentage of the world's annual petroleum supply is produced by the United States?,6.0,15.0
34,37,What percentage of the world's annual petroleum supply is produced by the United States?,6.0,15.0
35,37,What percentage of the world's annual petroleum supply is produced by the United States?,6.0,20.0
36,37,What percentage of the world's annual petroleum supply is produced by the United States?,6.0,20.0
37,37,What percentage of the world's annual petroleum supply is produced by the United States?,6.0,30.0
38,37,What percentage of the world's annual petroleum supply is produced by the United States?,6.0,50.0
39,37,What percentage of the world's annual petroleum supply is produced by the United States?,6.0,10.0
40,37,What percentage of the world's annual petroleum supply is produced by the United States?,6.0,5.0
41,37,What percentage of the world's annual petroleum supply is produced by the United States?,6.0,15.0
42,37,What percentage of the world's annual petroleum supply is produced by the United States?,6.0,10.0
43,37,What percentage of the world's annual petroleum supply is produced by the United States?,6.0,25.0
44,37,What percentage of the world's annual petroleum supply is produced by the United States?,6.0,11.0
45,37,What percentage of the world's annual petroleum supply is produced by the United States?,6.0,12.0
46,37,What percentage of the world's annual petroleum supply is produced by the United States?,6.0,20.0
47,37,What percentage of the world's annual petroleum supply is produced by the United States?,6.0,15.0
48,37,What percentage of the world's annual petroleum supply is produced by the United States?,6.0,10.0
49,37,What percentage of the world's annual petroleum supply is produced by the United States?,6.0,15.0
50,37,What percentage of the world's annual petroleum supply is produced by the United States?,6.0,30.0
51,37,What percentage of the world's annual petroleum supply is produced by the United States?,6.0,50.0
52,37,What percentage of the world's annual petroleum supply is produced by the United States?,6.0,30.0
53,37,What percentage of the world's annual petroleum supply is produced by the United States?,6.0,22.0
54,37,What percentage of the world's annual petroleum supply is produced by the United States?,6.0,33.0
55,37,What percentage of the world's annual petroleum supply is produced by the United States?,6.0,35.0
56,37,What percentage of the world's annual petroleum supply is produced by the United States?,6.0,20.0
57,37,What percentage of the world's annual petroleum supply is produced by the United States?,6.0,5.0
58,37,What percentage of the world's annual petroleum supply is produced by the United States?,6.0,15.0
59,37,What percentage of the world's annual petroleum supply is produced by the United States?,6.0,30.0
60,37,What percentage of the world's annual petroleum supply is produced by the United States?,6.0,25.0
61,37,What percentage of the world's annual petroleum supply is produced by the United States?,6.0,5.0
62,37,What percentage of the world's annual petroleum supply is produced by the United States?,6.0,50.0
63,37,What percentage of the world's annual petroleum supply is produced by the United States?,6.0,60.0
64,37,What percentage of the world's annual petroleum supply is produced by the United States?,6.0,25.0
65,37,What percentage of the world's annual petroleum supply is produced by the United States?,6.0,15.0
66,37,What percentage of the world's annual petroleum supply is produced by the United States?,6.0,10.0
67,37,What percentage of the world's annual petroleum supply is produced by the United States?,6.0,25.0
68,37,What percentage of the world's annual petroleum supply is produced by the United States?,6.0,17.0
69,37,What percentage of the world's annual petroleum supply is produced by the United States?,6.0,9.0
70,37,What percentage of the world's annual petroleum supply is produced by the United States?,6.0,24.0
71,37,What percentage of the world's annual petroleum supply is produced by the United States?,6.0,0.0
72,37,What percentage of the world's annual petroleum supply is produced by the United States?,6.0,10.0
73,37,What percentage of the world's annual petroleum supply is produced by the United States?,6.0,4.0
74,37,What percentage of the world's annual petroleum supply is produced by the United States?,6.0,40.0
75,37,What percentage of the world's annual petroleum supply is produced by the United States?,6.0,30.0
76,37,What percentage of the world's annual petroleum supply is produced by the United States?,6.0,25.0
77,37,What percentage of the world's annual petroleum supply is produced by the United States?,6.0,7.0
78,37,What percentage of the world's annual petroleum supply is produced by the United States?,6.0,10.0
79,37,What percentage of the world's annual petroleum supply is produced by the United States?,6.0,12.0
80,37,What percentage of the world's annual petroleum supply is produced by the United States?,6.0,30.0
81,37,What percentage of the world's annual petroleum supply is produced by the United States?,6.0,12.0
82,37,What percentage of the world's annual petroleum supply is produced by the United States?,6.0,20.0
83,37,What percentage of the world's annual petroleum supply is produced by the United States?,6.0,7.0
84,37,What percentage of the world's annual petroleum supply is produced by the United States?,6.0,10.0
85,37,What percentage of the world's annual petroleum supply is produced by the United States?,6.0,20.0
86,37,What percentage of the world's annual petroleum supply is produced by the United States?,6.0,10.0
87,37,What percentage of the world's annual petroleum supply is produced by the United States?,6.0,30.0
88,37,What percentage of the world's annual petroleum supply is produced by the United States?,6.0,30.0
89,37,What percentage of the world's annual petroleum supply is produced by the United States?,6.0,15.0
90,37,What percentage of the world's annual petroleum supply is produced by the United States?,6.0,20.0
91,37,What percentage of the world's annual petroleum supply is produced by the United States?,6.0,20.0
92,37,What percentage of the world's annual petroleum supply is produced by the United States?,6.0,15.0
93,37,What percentage of the world's annual petroleum supply is produced by the United States?,6.0,30.0
94,37,What percentage of the world's annual petroleum supply is produced by the United States?,6.0,10.0
95,37,What percentage of the world's annual petroleum supply is produced by the United States?,6.0,10.0
96,37,What percentage of the world's annual petroleum supply is produced by the United States?,6.0,23.0
97,37,What percentage of the world's annual petroleum supply is produced by the United States?,6.0,40.0
98,37,What percentage of the world's annual petroleum supply is produced by the United States?,6.0,20.0
99,37,What percentage of the world's annual petroleum supply is produced by the United States?,6.0,60.0
100,37,What percentage of the world's annual petroleum supply is produced by the United States?,6.0,35.0
101,37,What percentage of the world's annual petroleum supply is produced by the United States?,6.0,10.0
102,37,What percentage of the world's annual petroleum supply is produced by the United States?,6.0,0.0
103,37,What percentage of the world's annual petroleum supply is produced by the United States?,6.0,10.0
104,37,What percentage of the world's annual petroleum supply is produced by the United States?,6.0,15.0
105,37,What percentage of the world's annual petroleum supply is produced by the United States?,6.0,20.0
106,37,What percentage of the world's annual petroleum supply is produced by the United States?,6.0,15.0
107,37,What percentage of the world's annual petroleum supply is produced by the United States?,6.0,28.0
108,37,What percentage of the world's annual petroleum supply is produced by the United States?,6.0,20.0
109,37,What percentage of the world's annual petroleum supply is produced by the United States?,6.0,80.0
110,37,What percentage of the world's annual petroleum supply is produced by the United States?,6.0,65.0
111,37,What percentage of the world's annual petroleum supply is produced by the United States?,6.0,20.0
112,37,What percentage of the world's annual petroleum supply is produced by the United States?,6.0,2.0
113,37,What percentage of the world's annual petroleum supply is produced by the United States?,6.0,65.0
114,37,What percentage of the world's annual petroleum supply is produced by the United States?,6.0,24.0
115,37,What percentage of the world's annual petroleum supply is produced by the United States?,6.0,8.0
116,37,What percentage of the world's annual petroleum supply is produced by the United States?,6.0,25.0
117,37,What percentage of the world's annual petroleum supply is produced by the United States?,6.0,0.0
118,37,What percentage of the world's annual petroleum supply is produced by the United States?,6.0,10.0
119,37,What percentage of the world's annual petroleum supply is produced by the United States?,6.0,33.0
120,37,What percentage of the world's annual petroleum supply is produced by the United States?,6.0,80.0
121,37,What percentage of the world's annual petroleum supply is produced by the United States?,6.0,10.0
122,37,What percentage of the world's annual petroleum supply is produced by the United States?,6.0,40.0
123,37,What percentage of the world's annual petroleum supply is produced by the United States?,6.0,5.0
124,37,What percentage of the world's annual petroleum supply is produced by the United States?,6.0,30.0
125,37,What percentage of the world's annual petroleum supply is produced by the United States?,6.0,8.0
126,37,What percentage of the world's annual petroleum supply is produced by the United States?,6.0,55.0
127,37,What percentage of the world's annual petroleum supply is produced by the United States?,6.0,45.0
128,37,What percentage of the world's annual petroleum supply is produced by the United States?,6.0,25.0
129,37,What percentage of the world's annual petroleum supply is produced by the United States?,6.0,30.0
130,37,What percentage of the world's annual petroleum supply is produced by the United States?,6.0,20.0
131,37,What percentage of the world's annual petroleum supply is produced by the United States?,6.0,40.0
132,37,What percentage of the world's annual petroleum supply is produced by the United States?,6.0,20.0
133,37,What percentage of the world's annual petroleum supply is produced by the United States?,6.0,1.0
134,37,What percentage of the world's annual petroleum supply is produced by the United States?,6.0,10.0
135,37,What percentage of the world's annual petroleum supply is produced by the United States?,6.0,28.0
136,37,What percentage of the world's annual petroleum supply is produced by the United States?,6.0,30.0
137,37,What percentage of the world's annual petroleum supply is produced by the United States?,6.0,30.0
138,37,What percentage of the world's annual petroleum supply is produced by the United States?,6.0,10.0
139,37,What percentage of the world's annual petroleum supply is produced by the United States?,6.0,45.0
140,37,What percentage of the world's annual petroleum supply is produced by the United States?,6.0,30.0
141,37,What percentage of the world's annual petroleum supply is produced by the United States?,6.0,15.0
142,37,What percentage of the world's annual petroleum supply is produced by the United States?,6.0,20.0
143,37,What percentage of the world's annual petroleum supply is produced by the United States?,6.0,30.0
144,37,What percentage of the world's annual petroleum supply is produced by the United States?,6.0,13.0
145,37,What percentage of the world's annual petroleum supply is produced by the United States?,6.0,40.0
1,38,What percentage of the United States population lives in counties located directly on the shoreline?,39.0,40.0
2,38,What percentage of the United States population lives in counties located directly on the shoreline?,39.0,50.0
3,38,What percentage of the United States population lives in counties located directly on the shoreline?,39.0,30.0
4,38,What percentage of the United States population lives in counties located directly on the shoreline?,39.0,20.0
5,38,What percentage of the United States population lives in counties located directly on the shoreline?,39.0,66.0
6,38,What percentage of the United States population lives in counties located directly on the shoreline?,39.0,35.0
7,38,What percentage of the United States population lives in counties located directly on the shoreline?,39.0,40.0
8,38,What percentage of the United States population lives in counties located directly on the shoreline?,39.0,20.0
9,38,What percentage of the United States population lives in counties located directly on the shoreline?,39.0,15.0
10,38,What percentage of the United States population lives in counties located directly on the shoreline?,39.0,20.0
11,38,What percentage of the United States population lives in counties located directly on the shoreline?,39.0,15.0
12,38,What percentage of the United States population lives in counties located directly on the shoreline?,39.0,80.0
13,38,What percentage of the United States population lives in counties located directly on the shoreline?,39.0,2.0
14,38,What percentage of the United States population lives in counties located directly on the shoreline?,39.0,30.0
15,38,What percentage of the United States population lives in counties located directly on the shoreline?,39.0,56.0
16,38,What percentage of the United States population lives in counties located directly on the shoreline?,39.0,60.0
17,38,What percentage of the United States population lives in counties located directly on the shoreline?,39.0,25.0
18,38,What percentage of the United States population lives in counties located directly on the shoreline?,39.0,15.0
19,38,What percentage of the United States population lives in counties located directly on the shoreline?,39.0,30.0
20,38,What percentage of the United States population lives in counties located directly on the shoreline?,39.0,15.0
21,38,What percentage of the United States population lives in counties located directly on the shoreline?,39.0,20.0
22,38,What percentage of the United States population lives in counties located directly on the shoreline?,39.0,15.0
23,38,What percentage of the United States population lives in counties located directly on the shoreline?,39.0,2.0
24,38,What percentage of the United States population lives in counties located directly on the shoreline?,39.0,8.0
25,38,What percentage of the United States population lives in counties located directly on the shoreline?,39.0,10.0
26,38,What percentage of the United States population lives in counties located directly on the shoreline?,39.0,10.0
27,38,What percentage of the United States population lives in counties located directly on the shoreline?,39.0,30.0
28,38,What percentage of the United States population lives in counties located directly on the shoreline?,39.0,10.0
29,38,What percentage of the United States population lives in counties located directly on the shoreline?,39.0,15.0
30,38,What percentage of the United States population lives in counties located directly on the shoreline?,39.0,30.0
31,38,What percentage of the United States population lives in counties located directly on the shoreline?,39.0,25.0
32,38,What percentage of the United States population lives in counties located directly on the shoreline?,39.0,20.0
33,38,What percentage of the United States population lives in counties located directly on the shoreline?,39.0,45.0
34,38,What percentage of the United States population lives in counties located directly on the shoreline?,39.0,20.0
35,38,What percentage of the United States population lives in counties located directly on the shoreline?,39.0,50.0
36,38,What percentage of the United States population lives in counties located directly on the shoreline?,39.0,15.0
37,38,What percentage of the United States population lives in counties located directly on the shoreline?,39.0,33.0
38,38,What percentage of the United States population lives in counties located directly on the shoreline?,39.0,10.0
39,38,What percentage of the United States population lives in counties located directly on the shoreline?,39.0,20.0
40,38,What percentage of the United States population lives in counties located directly on the shoreline?,39.0,30.0
41,38,What percentage of the United States population lives in counties located directly on the shoreline?,39.0,75.0
42,38,What percentage of the United States population lives in counties located directly on the shoreline?,39.0,70.0
43,38,What percentage of the United States population lives in counties located directly on the shoreline?,39.0,39.0
44,38,What percentage of the United States population lives in counties located directly on the shoreline?,39.0,48.0
45,38,What percentage of the United States population lives in counties located directly on the shoreline?,39.0,5.0
46,38,What percentage of the United States population lives in counties located directly on the shoreline?,39.0,60.0
47,38,What percentage of the United States population lives in counties located directly on the shoreline?,39.0,40.0
48,38,What percentage of the United States population lives in counties located directly on the shoreline?,39.0,30.0
49,38,What percentage of the United States population lives in counties located directly on the shoreline?,39.0,20.0
50,38,What percentage of the United States population lives in counties located directly on the shoreline?,39.0,45.0
51,38,What percentage of the United States population lives in counties located directly on the shoreline?,39.0,60.0
52,38,What percentage of the United States population lives in counties located directly on the shoreline?,39.0,20.0
53,38,What percentage of the United States population lives in counties located directly on the shoreline?,39.0,33.0
54,38,What percentage of the United States population lives in counties located directly on the shoreline?,39.0,50.0
55,38,What percentage of the United States population lives in counties located directly on the shoreline?,39.0,5.0
56,38,What percentage of the United States population lives in counties located directly on the shoreline?,39.0,30.0
57,38,What percentage of the United States population lives in counties located directly on the shoreline?,39.0,42.0
58,38,What percentage of the United States population lives in counties located directly on the shoreline?,39.0,10.0
59,38,What percentage of the United States population lives in counties located directly on the shoreline?,39.0,20.0
60,38,What percentage of the United States population lives in counties located directly on the shoreline?,39.0,20.0
61,38,What percentage of the United States population lives in counties located directly on the shoreline?,39.0,40.0
62,38,What percentage of the United States population lives in counties located directly on the shoreline?,39.0,30.0
63,38,What percentage of the United States population lives in counties located directly on the shoreline?,39.0,60.0
64,38,What percentage of the United States population lives in counties located directly on the shoreline?,39.0,25.0
65,38,What percentage of the United States population lives in counties located directly on the shoreline?,39.0,20.0
66,38,What percentage of the United States population lives in counties located directly on the shoreline?,39.0,70.0
67,38,What percentage of the United States population lives in counties located directly on the shoreline?,39.0,5.0
68,38,What percentage of the United States population lives in counties located directly on the shoreline?,39.0,12.0
69,38,What percentage of the United States population lives in counties located directly on the shoreline?,39.0,20.0
70,38,What percentage of the United States population lives in counties located directly on the shoreline?,39.0,25.0
71,38,What percentage of the United States population lives in counties located directly on the shoreline?,39.0,5.0
72,38,What percentage of the United States population lives in counties located directly on the shoreline?,39.0,65.0
73,38,What percentage of the United States population lives in counties located directly on the shoreline?,39.0,45.0
74,38,What percentage of the United States population lives in counties located directly on the shoreline?,39.0,2.0
75,38,What percentage of the United States population lives in counties located directly on the shoreline?,39.0,38.0
76,38,What percentage of the United States population lives in counties located directly on the shoreline?,39.0,20.0
77,38,What percentage of the United States population lives in counties located directly on the shoreline?,39.0,16.0
78,38,What percentage of the United States population lives in counties located directly on the shoreline?,39.0,20.0
79,38,What percentage of the United States population lives in counties located directly on the shoreline?,39.0,4.0
80,38,What percentage of the United States population lives in counties located directly on the shoreline?,39.0,15.0
81,38,What percentage of the United States population lives in counties located directly on the shoreline?,39.0,20.0
82,38,What percentage of the United States population lives in counties located directly on the shoreline?,39.0,4.0
83,38,What percentage of the United States population lives in counties located directly on the shoreline?,39.0,20.0
84,38,What percentage of the United States population lives in counties located directly on the shoreline?,39.0,30.0
85,38,What percentage of the United States population lives in counties located directly on the shoreline?,39.0,30.0
86,38,What percentage of the United States population lives in counties located directly on the shoreline?,39.0,8.0
87,38,What percentage of the United States population lives in counties located directly on the shoreline?,39.0,50.0
88,38,What percentage of the United States population lives in counties located directly on the shoreline?,39.0,10.0
89,38,What percentage of the United States population lives in counties located directly on the shoreline?,39.0,12.0
90,38,What percentage of the United States population lives in counties located directly on the shoreline?,39.0,25.0
91,38,What percentage of the United States population lives in counties located directly on the shoreline?,39.0,20.0
92,38,What percentage of the United States population lives in counties located directly on the shoreline?,39.0,22.0
93,38,What percentage of the United States population lives in counties located directly on the shoreline?,39.0,40.0
94,38,What percentage of the United States population lives in counties located directly on the shoreline?,39.0,40.0
95,38,What percentage of the United States population lives in counties located directly on the shoreline?,39.0,35.0
96,38,What percentage of the United States population lives in counties located directly on the shoreline?,39.0,4.0
97,38,What percentage of the United States population lives in counties located directly on the shoreline?,39.0,10.0
98,38,What percentage of the United States population lives in counties located directly on the shoreline?,39.0,70.0
99,38,What percentage of the United States population lives in counties located directly on the shoreline?,39.0,20.0
100,38,What percentage of the United States population lives in counties located directly on the shoreline?,39.0,44.0
101,38,What percentage of the United States population lives in counties located directly on the shoreline?,39.0,30.0
102,38,What percentage of the United States population lives in counties located directly on the shoreline?,39.0,50.0
103,38,What percentage of the United States population lives in counties located directly on the shoreline?,39.0,16.0
104,38,What percentage of the United States population lives in counties located directly on the shoreline?,39.0,40.0
105,38,What percentage of the United States population lives in counties located directly on the shoreline?,39.0,18.0
106,38,What percentage of the United States population lives in counties located directly on the shoreline?,39.0,50.0
107,38,What percentage of the United States population lives in counties located directly on the shoreline?,39.0,37.0
108,38,What percentage of the United States population lives in counties located directly on the shoreline?,39.0,50.0
109,38,What percentage of the United States population lives in counties located directly on the shoreline?,39.0,10.0
110,38,What percentage of the United States population lives in counties located directly on the shoreline?,39.0,30.0
111,38,What percentage of the United States population lives in counties located directly on the shoreline?,39.0,25.0
112,38,What percentage of the United States population lives in counties located directly on the shoreline?,39.0,60.0
113,38,What percentage of the United States population lives in counties located directly on the shoreline?,39.0,35.0
114,38,What percentage of the United States population lives in counties located directly on the shoreline?,39.0,25.0
115,38,What percentage of the United States population lives in counties located directly on the shoreline?,39.0,21.0
116,38,What percentage of the United States population lives in counties located directly on the shoreline?,39.0,20.0
117,38,What percentage of the United States population lives in counties located directly on the shoreline?,39.0,30.0
118,38,What percentage of the United States population lives in counties located directly on the shoreline?,39.0,30.0
119,38,What percentage of the United States population lives in counties located directly on the shoreline?,39.0,40.0
120,38,What percentage of the United States population lives in counties located directly on the shoreline?,39.0,20.0
121,38,What percentage of the United States population lives in counties located directly on the shoreline?,39.0,10.0
122,38,What percentage of the United States population lives in counties located directly on the shoreline?,39.0,60.0
123,38,What percentage of the United States population lives in counties located directly on the shoreline?,39.0,40.0
124,38,What percentage of the United States population lives in counties located directly on the shoreline?,39.0,40.0
125,38,What percentage of the United States population lives in counties located directly on the shoreline?,39.0,25.0
126,38,What percentage of the United States population lives in counties located directly on the shoreline?,39.0,5.0
127,38,What percentage of the United States population lives in counties located directly on the shoreline?,39.0,34.0
128,38,What percentage of the United States population lives in counties located directly on the shoreline?,39.0,25.0
129,38,What percentage of the United States population lives in counties located directly on the shoreline?,39.0,30.0
130,38,What percentage of the United States population lives in counties located directly on the shoreline?,39.0,80.0
131,38,What percentage of the United States population lives in counties located directly on the shoreline?,39.0,80.0
132,38,What percentage of the United States population lives in counties located directly on the shoreline?,39.0,10.0
133,38,What percentage of the United States population lives in counties located directly on the shoreline?,39.0,18.0
134,38,What percentage of the United States population lives in counties located directly on the shoreline?,39.0,60.0
135,38,What percentage of the United States population lives in counties located directly on the shoreline?,39.0,20.0
136,38,What percentage of the United States population lives in counties located directly on the shoreline?,39.0,18.0
137,38,What percentage of the United States population lives in counties located directly on the shoreline?,39.0,9.0
138,38,What percentage of the United States population lives in counties located directly on the shoreline?,39.0,20.0
139,38,What percentage of the United States population lives in counties located directly on the shoreline?,39.0,35.0
140,38,What percentage of the United States population lives in counties located directly on the shoreline?,39.0,10.0
141,38,What percentage of the United States population lives in counties located directly on the shoreline?,39.0,16.0
142,38,What percentage of the United States population lives in counties located directly on the shoreline?,39.0,30.0
143,38,What percentage of the United States population lives in counties located directly on the shoreline?,39.0,10.0
144,38,What percentage of the United States population lives in counties located directly on the shoreline?,39.0,38.0
145,38,What percentage of the United States population lives in counties located directly on the shoreline?,39.0,10.0
1,39,What percentage of coal consumed in the United States is used to generate electricity?,90.0,75.0
2,39,What percentage of coal consumed in the United States is used to generate electricity?,90.0,40.0
3,39,What percentage of coal consumed in the United States is used to generate electricity?,90.0,20.0
4,39,What percentage of coal consumed in the United States is used to generate electricity?,90.0,50.0
5,39,What percentage of coal consumed in the United States is used to generate electricity?,90.0,88.0
6,39,What percentage of coal consumed in the United States is used to generate electricity?,90.0,55.0
7,39,What percentage of coal consumed in the United States is used to generate electricity?,90.0,86.0
8,39,What percentage of coal consumed in the United States is used to generate electricity?,90.0,70.0
9,39,What percentage of coal consumed in the United States is used to generate electricity?,90.0,25.0
10,39,What percentage of coal consumed in the United States is used to generate electricity?,90.0,80.0
11,39,What percentage of coal consumed in the United States is used to generate electricity?,90.0,80.0
12,39,What percentage of coal consumed in the United States is used to generate electricity?,90.0,60.0
13,39,What percentage of coal consumed in the United States is used to generate electricity?,90.0,85.0
14,39,What percentage of coal consumed in the United States is used to generate electricity?,90.0,40.0
15,39,What percentage of coal consumed in the United States is used to generate electricity?,90.0,70.0
16,39,What percentage of coal consumed in the United States is used to generate electricity?,90.0,70.0
17,39,What percentage of coal consumed in the United States is used to generate electricity?,90.0,75.0
18,39,What percentage of coal consumed in the United States is used to generate electricity?,90.0,90.0
19,39,What percentage of coal consumed in the United States is used to generate electricity?,90.0,60.0
20,39,What percentage of coal consumed in the United States is used to generate electricity?,90.0,20.0
21,39,What percentage of coal consumed in the United States is used to generate electricity?,90.0,20.0
22,39,What percentage of coal consumed in the United States is used to generate electricity?,90.0,60.0
23,39,What percentage of coal consumed in the United States is used to generate electricity?,90.0,80.0
24,39,What percentage of coal consumed in the United States is used to generate electricity?,90.0,75.0
25,39,What percentage of coal consumed in the United States is used to generate electricity?,90.0,80.0
26,39,What percentage of coal consumed in the United States is used to generate electricity?,90.0,90.0
27,39,What percentage of coal consumed in the United States is used to generate electricity?,90.0,60.0
28,39,What percentage of coal consumed in the United States is used to generate electricity?,90.0,20.0
29,39,What percentage of coal consumed in the United States is used to generate electricity?,90.0,32.0
30,39,What percentage of coal consumed in the United States is used to generate electricity?,90.0,50.0
31,39,What percentage of coal consumed in the United States is used to generate electricity?,90.0,10.0
32,39,What percentage of coal consumed in the United States is used to generate electricity?,90.0,60.0
33,39,What percentage of coal consumed in the United States is used to generate electricity?,90.0,90.0
34,39,What percentage of coal consumed in the United States is used to generate electricity?,90.0,60.0
35,39,What percentage of coal consumed in the United States is used to generate electricity?,90.0,95.0
36,39,What percentage of coal consumed in the United States is used to generate electricity?,90.0,80.0
37,39,What percentage of coal consumed in the United States is used to generate electricity?,90.0,40.0
38,39,What percentage of coal consumed in the United States is used to generate electricity?,90.0,55.0
39,39,What percentage of coal consumed in the United States is used to generate electricity?,90.0,79.0
40,39,What percentage of coal consumed in the United States is used to generate electricity?,90.0,60.0
41,39,What percentage of coal consumed in the United States is used to generate electricity?,90.0,80.0
42,39,What percentage of coal consumed in the United States is used to generate electricity?,90.0,50.0
43,39,What percentage of coal consumed in the United States is used to generate electricity?,90.0,90.0
44,39,What percentage of coal consumed in the United States is used to generate electricity?,90.0,97.0
45,39,What percentage of coal consumed in the United States is used to generate electricity?,90.0,70.0
46,39,What percentage of coal consumed in the United States is used to generate electricity?,90.0,95.0
47,39,What percentage of coal consumed in the United States is used to generate electricity?,90.0,85.0
48,39,What percentage of coal consumed in the United States is used to generate electricity?,90.0,50.0
49,39,What percentage of coal consumed in the United States is used to generate electricity?,90.0,50.0
50,39,What percentage of coal consumed in the United States is used to generate electricity?,90.0,75.0
51,39,What percentage of coal consumed in the United States is used to generate electricity?,90.0,65.0
52,39,What percentage of coal consumed in the United States is used to generate electricity?,90.0,40.0
53,39,What percentage of coal consumed in the United States is used to generate electricity?,90.0,66.0
54,39,What percentage of coal consumed in the United States is used to generate electricity?,90.0,90.0
55,39,What percentage of coal consumed in the United States is used to generate electricity?,90.0,80.0
56,39,What percentage of coal consumed in the United States is used to generate electricity?,90.0,50.0
57,39,What percentage of coal consumed in the United States is used to generate electricity?,90.0,56.0
58,39,What percentage of coal consumed in the United States is used to generate electricity?,90.0,90.0
59,39,What percentage of coal consumed in the United States is used to generate electricity?,90.0,90.0
60,39,What percentage of coal consumed in the United States is used to generate electricity?,90.0,50.0
61,39,What percentage of coal consumed in the United States is used to generate electricity?,90.0,30.0
62,39,What percentage of coal consumed in the United States is used to generate electricity?,90.0,80.0
63,39,What percentage of coal consumed in the United States is used to generate electricity?,90.0,50.0
64,39,What percentage of coal consumed in the United States is used to generate electricity?,90.0,75.0
65,39,What percentage of coal consumed in the United States is used to generate electricity?,90.0,70.0
66,39,What percentage of coal consumed in the United States is used to generate electricity?,90.0,75.0
67,39,What percentage of coal consumed in the United States is used to generate electricity?,90.0,5.0
68,39,What percentage of coal consumed in the United States is used to generate electricity?,90.0,94.0
69,39,What percentage of coal consumed in the United States is used to generate electricity?,90.0,30.0
70,39,What percentage of coal consumed in the United States is used to generate electricity?,90.0,80.0
71,39,What percentage of coal consumed in the United States is used to generate electricity?,90.0,80.0
72,39,What percentage of coal consumed in the United States is used to generate electricity?,90.0,50.0
73,39,What percentage of coal consumed in the United States is used to generate electricity?,90.0,72.0
74,39,What percentage of coal consumed in the United States is used to generate electricity?,90.0,75.0
75,39,What percentage of coal consumed in the United States is used to generate electricity?,90.0,12.0
76,39,What percentage of coal consumed in the United States is used to generate electricity?,90.0,35.0
77,39,What percentage of coal consumed in the United States is used to generate electricity?,90.0,70.0
78,39,What percentage of coal consumed in the United States is used to generate electricity?,90.0,90.0
79,39,What percentage of coal consumed in the United States is used to generate electricity?,90.0,79.0
80,39,What percentage of coal consumed in the United States is used to generate electricity?,90.0,60.0
81,39,What percentage of coal consumed in the United States is used to generate electricity?,90.0,80.0
82,39,What percentage of coal consumed in the United States is used to generate electricity?,90.0,40.0
83,39,What percentage of coal consumed in the United States is used to generate electricity?,90.0,80.0
84,39,What percentage of coal consumed in the United States is used to generate electricity?,90.0,100.0
85,39,What percentage of coal consumed in the United States is used to generate electricity?,90.0,30.0
86,39,What percentage of coal consumed in the United States is used to generate electricity?,90.0,75.0
87,39,What percentage of coal consumed in the United States is used to generate electricity?,90.0,80.0
88,39,What percentage of coal consumed in the United States is used to generate electricity?,90.0,15.0
89,39,What percentage of coal consumed in the United States is used to generate electricity?,90.0,15.0
90,39,What percentage of coal consumed in the United States is used to generate electricity?,90.0,20.0
91,39,What percentage of coal consumed in the United States is used to generate electricity?,90.0,10.0
92,39,What percentage of coal consumed in the United States is used to generate electricity?,90.0,50.0
93,39,What percentage of coal consumed in the United States is used to generate electricity?,90.0,30.0
94,39,What percentage of coal consumed in the United States is used to generate electricity?,90.0,50.0
95,39,What percentage of coal consumed in the United States is used to generate electricity?,90.0,25.0
96,39,What percentage of coal consumed in the United States is used to generate electricity?,90.0,56.0
97,39,What percentage of coal consumed in the United States is used to generate electricity?,90.0,45.0
98,39,What percentage of coal consumed in the United States is used to generate electricity?,90.0,30.0
99,39,What percentage of coal consumed in the United States is used to generate electricity?,90.0,70.0
100,39,What percentage of coal consumed in the United States is used to generate electricity?,90.0,95.0
101,39,What percentage of coal consumed in the United States is used to generate electricity?,90.0,100.0
102,39,What percentage of coal consumed in the United States is used to generate electricity?,90.0,99.0
103,39,What percentage of coal consumed in the United States is used to generate electricity?,90.0,80.0
104,39,What percentage of coal consumed in the United States is used to generate electricity?,90.0,85.0
105,39,What percentage of coal consumed in the United States is used to generate electricity?,90.0,80.0
106,39,What percentage of coal consumed in the United States is used to generate electricity?,90.0,75.0
107,39,What percentage of coal consumed in the United States is used to generate electricity?,90.0,31.0
108,39,What percentage of coal consumed in the United States is used to generate electricity?,90.0,80.0
109,39,What percentage of coal consumed in the United States is used to generate electricity?,90.0,10.0
110,39,What percentage of coal consumed in the United States is used to generate electricity?,90.0,73.0
111,39,What percentage of coal consumed in the United States is used to generate electricity?,90.0,80.0
112,39,What percentage of coal consumed in the United States is used to generate electricity?,90.0,60.0
113,39,What percentage of coal consumed in the United States is used to generate electricity?,90.0,85.0
114,39,What percentage of coal consumed in the United States is used to generate electricity?,90.0,50.0
115,39,What percentage of coal consumed in the United States is used to generate electricity?,90.0,60.0
116,39,What percentage of coal consumed in the United States is used to generate electricity?,90.0,25.0
117,39,What percentage of coal consumed in the United States is used to generate electricity?,90.0,20.0
118,39,What percentage of coal consumed in the United States is used to generate electricity?,90.0,70.0
119,39,What percentage of coal consumed in the United States is used to generate electricity?,90.0,99.0
120,39,What percentage of coal consumed in the United States is used to generate electricity?,90.0,15.0
121,39,What percentage of coal consumed in the United States is used to generate electricity?,90.0,80.0
122,39,What percentage of coal consumed in the United States is used to generate electricity?,90.0,78.0
123,39,What percentage of coal consumed in the United States is used to generate electricity?,90.0,90.0
124,39,What percentage of coal consumed in the United States is used to generate electricity?,90.0,86.0
125,39,What percentage of coal consumed in the United States is used to generate electricity?,90.0,90.0
126,39,What percentage of coal consumed in the United States is used to generate electricity?,90.0,90.0
127,39,What percentage of coal consumed in the United States is used to generate electricity?,90.0,70.0
128,39,What percentage of coal consumed in the United States is used to generate electricity?,90.0,14.0
129,39,What percentage of coal consumed in the United States is used to generate electricity?,90.0,75.0
130,39,What percentage of coal consumed in the United States is used to generate electricity?,90.0,40.0
131,39,What percentage of coal consumed in the United States is used to generate electricity?,90.0,90.0
132,39,What percentage of coal consumed in the United States is used to generate electricity?,90.0,90.0
133,39,What percentage of coal consumed in the United States is used to generate electricity?,90.0,80.0
134,39,What percentage of coal consumed in the United States is used to generate electricity?,90.0,80.0
135,39,What percentage of coal consumed in the United States is used to generate electricity?,90.0,95.0
136,39,What percentage of coal consumed in the United States is used to generate electricity?,90.0,60.0
137,39,What percentage of coal consumed in the United States is used to generate electricity?,90.0,50.0
138,39,What percentage of coal consumed in the United States is used to generate electricity?,90.0,60.0
139,39,What percentage of coal consumed in the United States is used to generate electricity?,90.0,40.0
140,39,What percentage of coal consumed in the United States is used to generate electricity?,90.0,20.0
141,39,What percentage of coal consumed in the United States is used to generate electricity?,90.0,90.0
142,39,What percentage of coal consumed in the United States is used to generate electricity?,90.0,30.0
143,39,What percentage of coal consumed in the United States is used to generate electricity?,90.0,80.0
144,39,What percentage of coal consumed in the United States is used to generate electricity?,90.0,22.0
145,39,What percentage of coal consumed in the United States is used to generate electricity?,90.0,5.0
1,40,What percentage of the United States' electricity is generated by wind turbines?,2.3,5.0
2,40,What percentage of the United States' electricity is generated by wind turbines?,2.3,20.0
3,40,What percentage of the United States' electricity is generated by wind turbines?,2.3,15.0
4,40,What percentage of the United States' electricity is generated by wind turbines?,2.3,10.0
5,40,What percentage of the United States' electricity is generated by wind turbines?,2.3,23.0
6,40,What percentage of the United States' electricity is generated by wind turbines?,2.3,10.0
7,40,What percentage of the United States' electricity is generated by wind turbines?,2.3,35.0
8,40,What percentage of the United States' electricity is generated by wind turbines?,2.3,8.0
9,40,What percentage of the United States' electricity is generated by wind turbines?,2.3,10.0
10,40,What percentage of the United States' electricity is generated by wind turbines?,2.3,5.0
11,40,What percentage of the United States' electricity is generated by wind turbines?,2.3,5.0
12,40,What percentage of the United States' electricity is generated by wind turbines?,2.3,5.0
13,40,What percentage of the United States' electricity is generated by wind turbines?,2.3,3.0
14,40,What percentage of the United States' electricity is generated by wind turbines?,2.3,30.0
15,40,What percentage of the United States' electricity is generated by wind turbines?,2.3,4.0
16,40,What percentage of the United States' electricity is generated by wind turbines?,2.3,2.0
17,40,What percentage of the United States' electricity is generated by wind turbines?,2.3,5.0
18,40,What percentage of the United States' electricity is generated by wind turbines?,2.3,5.0
19,40,What percentage of the United States' electricity is generated by wind turbines?,2.3,5.0
20,40,What percentage of the United States' electricity is generated by wind turbines?,2.3,15.0
21,40,What percentage of the United States' electricity is generated by wind turbines?,2.3,10.0
22,40,What percentage of the United States' electricity is generated by wind turbines?,2.3,5.0
23,40,What percentage of the United States' electricity is generated by wind turbines?,2.3,3.0
24,40,What percentage of the United States' electricity is generated by wind turbines?,2.3,0.0
25,40,What percentage of the United States' electricity is generated by wind turbines?,2.3,5.0
26,40,What percentage of the United States' electricity is generated by wind turbines?,2.3,10.0
27,40,What percentage of the United States' electricity is generated by wind turbines?,2.3,10.0
28,40,What percentage of the United States' electricity is generated by wind turbines?,2.3,10.0
29,40,What percentage of the United States' electricity is generated by wind turbines?,2.3,5.0
30,40,What percentage of the United States' electricity is generated by wind turbines?,2.3,1.0
31,40,What percentage of the United States' electricity is generated by wind turbines?,2.3,5.0
32,40,What percentage of the United States' electricity is generated by wind turbines?,2.3,5.0
33,40,What percentage of the United States' electricity is generated by wind turbines?,2.3,30.0
34,40,What percentage of the United States' electricity is generated by wind turbines?,2.3,10.0
35,40,What percentage of the United States' electricity is generated by wind turbines?,2.3,15.0
36,40,What percentage of the United States' electricity is generated by wind turbines?,2.3,5.0
37,40,What percentage of the United States' electricity is generated by wind turbines?,2.3,30.0
38,40,What percentage of the United States' electricity is generated by wind turbines?,2.3,10.0
39,40,What percentage of the United States' electricity is generated by wind turbines?,2.3,35.0
40,40,What percentage of the United States' electricity is generated by wind turbines?,2.3,5.0
41,40,What percentage of the United States' electricity is generated by wind turbines?,2.3,36.0
42,40,What percentage of the United States' electricity is generated by wind turbines?,2.3,5.0
43,40,What percentage of the United States' electricity is generated by wind turbines?,2.3,19.0
44,40,What percentage of the United States' electricity is generated by wind turbines?,2.3,3.0
45,40,What percentage of the United States' electricity is generated by wind turbines?,2.3,3.0
46,40,What percentage of the United States' electricity is generated by wind turbines?,2.3,2.0
47,40,What percentage of the United States' electricity is generated by wind turbines?,2.3,15.0
48,40,What percentage of the United States' electricity is generated by wind turbines?,2.3,10.0
49,40,What percentage of the United States' electricity is generated by wind turbines?,2.3,5.0
50,40,What percentage of the United States' electricity is generated by wind turbines?,2.3,2.0
51,40,What percentage of the United States' electricity is generated by wind turbines?,2.3,15.0
52,40,What percentage of the United States' electricity is generated by wind turbines?,2.3,20.0
53,40,What percentage of the United States' electricity is generated by wind turbines?,2.3,8.0
54,40,What percentage of the United States' electricity is generated by wind turbines?,2.3,15.0
55,40,What percentage of the United States' electricity is generated by wind turbines?,2.3,2.0
56,40,What percentage of the United States' electricity is generated by wind turbines?,2.3,15.0
57,40,What percentage of the United States' electricity is generated by wind turbines?,2.3,21.0
58,40,What percentage of the United States' electricity is generated by wind turbines?,2.3,8.0
59,40,What percentage of the United States' electricity is generated by wind turbines?,2.3,5.0
60,40,What percentage of the United States' electricity is generated by wind turbines?,2.3,35.0
61,40,What percentage of the United States' electricity is generated by wind turbines?,2.3,20.0
62,40,What percentage of the United States' electricity is generated by wind turbines?,2.3,2.0
63,40,What percentage of the United States' electricity is generated by wind turbines?,2.3,16.0
64,40,What percentage of the United States' electricity is generated by wind turbines?,2.3,5.0
65,40,What percentage of the United States' electricity is generated by wind turbines?,2.3,2.0
66,40,What percentage of the United States' electricity is generated by wind turbines?,2.3,1.0
67,40,What percentage of the United States' electricity is generated by wind turbines?,2.3,15.0
68,40,What percentage of the United States' electricity is generated by wind turbines?,2.3,1.0
69,40,What percentage of the United States' electricity is generated by wind turbines?,2.3,3.0
70,40,What percentage of the United States' electricity is generated by wind turbines?,2.3,10.0
71,40,What percentage of the United States' electricity is generated by wind turbines?,2.3,3.0
72,40,What percentage of the United States' electricity is generated by wind turbines?,2.3,5.0
73,40,What percentage of the United States' electricity is generated by wind turbines?,2.3,3.0
74,40,What percentage of the United States' electricity is generated by wind turbines?,2.3,10.0
75,40,What percentage of the United States' electricity is generated by wind turbines?,2.3,35.0
76,40,What percentage of the United States' electricity is generated by wind turbines?,2.3,20.0
77,40,What percentage of the United States' electricity is generated by wind turbines?,2.3,15.0
78,40,What percentage of the United States' electricity is generated by wind turbines?,2.3,2.0
79,40,What percentage of the United States' electricity is generated by wind turbines?,2.3,7.0
80,40,What percentage of the United States' electricity is generated by wind turbines?,2.3,35.0
81,40,What percentage of the United States' electricity is generated by wind turbines?,2.3,10.0
82,40,What percentage of the United States' electricity is generated by wind turbines?,2.3,5.0
83,40,What percentage of the United States' electricity is generated by wind turbines?,2.3,2.0
84,40,What percentage of the United States' electricity is generated by wind turbines?,2.3,5.0
85,40,What percentage of the United States' electricity is generated by wind turbines?,2.3,2.0
86,40,What percentage of the United States' electricity is generated by wind turbines?,2.3,15.0
87,40,What percentage of the United States' electricity is generated by wind turbines?,2.3,5.0
88,40,What percentage of the United States' electricity is generated by wind turbines?,2.3,15.0
89,40,What percentage of the United States' electricity is generated by wind turbines?,2.3,10.0
90,40,What percentage of the United States' electricity is generated by wind turbines?,2.3,25.0
91,40,What percentage of the United States' electricity is generated by wind turbines?,2.3,10.0
92,40,What percentage of the United States' electricity is generated by wind turbines?,2.3,17.0
93,40,What percentage of the United States' electricity is generated by wind turbines?,2.3,25.0
94,40,What percentage of the United States' electricity is generated by wind turbines?,2.3,10.0
95,40,What percentage of the United States' electricity is generated by wind turbines?,2.3,10.0
96,40,What percentage of the United States' electricity is generated by wind turbines?,2.3,35.0
97,40,What percentage of the United States' electricity is generated by wind turbines?,2.3,20.0
98,40,What percentage of the United States' electricity is generated by wind turbines?,2.3,10.0
99,40,What percentage of the United States' electricity is generated by wind turbines?,2.3,20.0
100,40,What percentage of the United States' electricity is generated by wind turbines?,2.3,15.0
101,40,What percentage of the United States' electricity is generated by wind turbines?,2.3,10.0
102,40,What percentage of the United States' electricity is generated by wind turbines?,2.3,3.0
103,40,What percentage of the United States' electricity is generated by wind turbines?,2.3,3.0
104,40,What percentage of the United States' electricity is generated by wind turbines?,2.3,1.0
105,40,What percentage of the United States' electricity is generated by wind turbines?,2.3,2.0
106,40,What percentage of the United States' electricity is generated by wind turbines?,2.3,10.0
107,40,What percentage of the United States' electricity is generated by wind turbines?,2.3,18.0
108,40,What percentage of the United States' electricity is generated by wind turbines?,2.3,5.0
109,40,What percentage of the United States' electricity is generated by wind turbines?,2.3,20.0
110,40,What percentage of the United States' electricity is generated by wind turbines?,2.3,5.0
111,40,What percentage of the United States' electricity is generated by wind turbines?,2.3,15.0
112,40,What percentage of the United States' electricity is generated by wind turbines?,2.3,5.0
113,40,What percentage of the United States' electricity is generated by wind turbines?,2.3,20.0
114,40,What percentage of the United States' electricity is generated by wind turbines?,2.3,15.0
115,40,What percentage of the United States' electricity is generated by wind turbines?,2.3,10.0
116,40,What percentage of the United States' electricity is generated by wind turbines?,2.3,15.0
117,40,What percentage of the United States' electricity is generated by wind turbines?,2.3,20.0
118,40,What percentage of the United States' electricity is generated by wind turbines?,2.3,6.0
119,40,What percentage of the United States' electricity is generated by wind turbines?,2.3,2.0
120,40,What percentage of the United States' electricity is generated by wind turbines?,2.3,20.0
121,40,What percentage of the United States' electricity is generated by wind turbines?,2.3,4.0
122,40,What percentage of the United States' electricity is generated by wind turbines?,2.3,4.0
123,40,What percentage of the United States' electricity is generated by wind turbines?,2.3,2.0
124,40,What percentage of the United States' electricity is generated by wind turbines?,2.3,10.0
125,40,What percentage of the United States' electricity is generated by wind turbines?,2.3,13.0
126,40,What percentage of the United States' electricity is generated by wind turbines?,2.3,10.0
127,40,What percentage of the United States' electricity is generated by wind turbines?,2.3,67.0
128,40,What percentage of the United States' electricity is generated by wind turbines?,2.3,4.0
129,40,What percentage of the United States' electricity is generated by wind turbines?,2.3,5.0
130,40,What percentage of the United States' electricity is generated by wind turbines?,2.3,1.0
131,40,What percentage of the United States' electricity is generated by wind turbines?,2.3,5.0
132,40,What percentage of the United States' electricity is generated by wind turbines?,2.3,5.0
133,40,What percentage of the United States' electricity is generated by wind turbines?,2.3,2.0
134,40,What percentage of the United States' electricity is generated by wind turbines?,2.3,5.0
135,40,What percentage of the United States' electricity is generated by wind turbines?,2.3,30.0
136,40,What percentage of the United States' electricity is generated by wind turbines?,2.3,25.0
137,40,What percentage of the United States' electricity is generated by wind turbines?,2.3,10.0
138,40,What percentage of the United States' electricity is generated by wind turbines?,2.3,15.0
139,40,What percentage of the United States' electricity is generated by wind turbines?,2.3,30.0
140,40,What percentage of the United States' electricity is generated by wind turbines?,2.3,30.0
141,40,What percentage of the United States' electricity is generated by wind turbines?,2.3,7.0
142,40,What percentage of the United States' electricity is generated by wind turbines?,2.3,40.0
143,40,What percentage of the United States' electricity is generated by wind turbines?,2.3,8.0
144,40,What percentage of the United States' electricity is generated by wind turbines?,2.3,25.0
145,40,What percentage of the United States' electricity is generated by wind turbines?,2.3,10.0
